-23.146,12.0845,86.5697,-25.1129,-11.7536,93.7551,0.689016,0.787165,3.55237,-0.325892,-3.1111,12.5915
-52.0477,25.5517,186.727,-54.0562,-25.687,194.507,-30.8003,27.5084,156.826,-35.8856,-31.3287,182.618
-83.2873,40.1176,293.65,-85.4306,-40.5745,302.549,-70.2401,59.3257,345.233,-75.4777,-62.0631,373.854
-106.803,48.5146,372.257,-112.794,-62.7245,413.867,-111.443,92.2345,545.807,-115.386,-94.5335,570.509
-110.547,72.639,455.934,-108.156,-73.7421,451.126,-136.875,135.134,773.338,-140.037,-137.358,799.186
-93.7065,41.5284,289.955,-90.9444,-40.039,279.534,-109.663,83.9717,490.066,-111.97,-83.6765,503.746
-86.9971,37.8449,258.037,-84.8026,-36.9159,250.374,-96.1586,70.2076,397.159,-97.5617,-69.5418,404.615
-81.6352,34.8149,231.537,-79.881,-34.3131,226.061,-82.5143,58.3945,322.755,-83.3768,-57.8135,326.608
-78.1522,32.6363,211.546,-76.6852,-32.4222,207.567,-71.1639,49.9411,274.038,-71.5903,-49.552,276.192
-67.6698,28.9175,199.103,-66.2432,-27.4852,194.494,-61.4447,40.6875,235.977,-61.2555,-39.5388,234.926
-71.2811,29.4862,216.117,-69.8943,-28.577,212.124,-68.3037,43.019,265.117,-67.552,-42.5038,266.373
-66.2823,26.479,207.303,-65.286,-25.9613,205.018,-64.336,38.7196,247.059,-64.1908,-38.2564,247.455
-71.5428,27.6055,218.336,-70.6362,-27.5374,216.623,-69.2715,40.0598,252.524,-69.3221,-40.0853,253.413
-67.5928,25.7918,207.888,-66.6944,-25.7855,206.366,-65.4299,37.0366,235.737,-65.4633,-37.2362,236.568
-72.3827,27.0166,216.192,-71.4201,-27.21,214.754,-70.6838,38.4802,241.168,-70.5178,-38.8972,241.592
-73.3023,26.9585,213.056,-72.317,-27.2325,211.702,-72.5714,38.2481,235.383,-72.254,-38.8378,235.499
-77.0036,27.825,221.327,-75.9844,-28.2127,220.067,-77.4466,39.3803,241.721,-77.0928,-40.2537,241.856
-74.4828,26.6566,213.889,-73.4953,-27.0394,212.768,-76.2712,37.7456,231.829,-75.947,-38.8102,232.1
-75.1051,26.5867,213.639,-74.1528,-27.0123,212.643,-78.3819,37.6449,229.984,-78.0779,-38.9789,230.398
-75.7963,26.5781,213.871,-74.8395,-27.0155,212.947,-80.561,37.5965,228.7,-80.2722,-39.1889,229.226
-74.9565,26.0271,210.989,-74.0359,-26.4916,210.19,-81.3132,36.8195,224.012,-81.0646,-38.65,224.681
-77.3507,26.6075,215.056,-76.4362,-27.1421,214.33,-84.8035,37.5923,227.092,-84.5706,-39.6588,227.861
-78.2054,26.7051,213.036,-77.3076,-27.2627,212.374,-86.7844,37.6785,224.135,-86.5706,-39.9501,224.985
-78.7078,26.6468,217.064,-77.8244,-27.1919,216.469,-88.2161,37.5096,226.89,-88.0162,-39.9354,227.815
-79.3733,26.728,218.311,-78.4786,-27.2135,217.687,-89.6176,37.4926,227.064,-89.4079,-40.0276,227.979
-79.6612,26.8306,221.274,-78.7624,-27.262,220.592,-90.3791,37.4575,228.07,-90.1695,-40.0173,228.931
-79.6146,26.8866,225.113,-78.7283,-27.3524,224.45,-90.4018,37.3871,229.355,-90.2053,-39.9747,230.237
-78.0245,26.4764,225.759,-77.1609,-26.9838,225.157,-88.4787,36.6998,227.775,-88.2968,-39.2589,228.701
-77.3045,26.4375,229.127,-76.4641,-27.0211,228.612,-87.1878,36.5287,228.209,-87.0268,-39.0564,229.217
-78.7472,26.9745,235.153,-77.9215,-27.6482,234.71,-88.0143,37.1001,231.81,-87.8698,-39.6041,232.887
-78.3279,26.9413,238.024,-77.5329,-27.69,237.667,-86.6568,36.8943,232.231,-86.5379,-39.2896,233.377
-77.8165,26.8057,237.255,-77.0552,-27.62,236.955,-85.092,36.5381,229.551,-85.0002,-38.7881,230.731
-73.7194,25.6008,236.642,-73.0151,-26.4318,236.46,-79.6652,34.7226,226.237,-79.6165,-36.7157,227.5
-76.9485,26.9509,248.355,-76.2556,-27.8966,248.241,-81.9352,36.4312,235.632,-81.9016,-38.3308,236.974
-76.4416,27.027,252.22,-75.7835,-28.021,252.178,-80.2941,36.37,237.387,-80.2893,-38.0676,238.785
-75.7697,26.9963,252.479,-75.1466,-28.0213,252.468,-78.5465,36.1285,236.19,-78.5681,-37.6168,237.602
-80.3359,29.0385,274.369,-79.7242,-30.1794,274.44,-82.0208,38.6401,255.529,-82.0545,-39.9493,257.027
-75.1687,27.862,268.221,-74.597,-28.946,268.335,-76.0021,36.9159,247.634,-76.0713,-37.9848,249.185
-74.9629,28.3878,271.219,-74.41,-29.4845,271.324,-74.9962,37.4421,249.421,-75.0853,-38.3099,250.984
-74.3753,28.9509,281.37,-73.8378,-30.0411,281.516,-73.6659,37.7485,257.625,-73.7737,-38.416,259.248
-74.532,30.3117,291.409,-73.9936,-31.3975,291.515,-73.1977,39.1667,266.411,-73.2946,-39.5811,267.982
-75.4495,31.8849,298.655,-74.8927,-32.9598,298.652,-74.1929,41.1886,274.72,-74.2405,-41.403,276.097
-75.8158,33.3871,303.284,-75.2305,-34.4279,303.089,-75.2194,43.1275,283.094,-75.2805,-43.1352,284.378
-86.7354,40.7697,343.529,-86.0196,-41.9022,342.959,-87.0519,53.0153,335.263,-86.9432,-52.4511,335.872
-4.92338,-2.02508,6.87917,-4.66069,1.81384,6.47598,-1.08133,-0.688457,1.76932,-0.918253,0.557717,1.51105
-15.6555,13.5392,56.7972,-15.6379,-14.33,57.3579,-8.05461,16.6733,42.6787,-7.4251,-15.631,39.4932
-0.0165879,0.0125498,0.384305,-0.0165898,-0.014125,0.381639,-0.00673541,0.00500988,0.235322,-0.00669354,-0.00620478,0.235556
-0.000642738,0.00158332,0.210853,-0.000605856,-0.00209652,0.209896,-0.000557437,0.000973559,0.149113,-0.000492072,-0.00158368,0.148965
0.00299652,0.000604834,0.144073,0.00304681,-0.000778726,0.143587,0.00105374,0.000337359,0.10708,0.00116015,-0.000739512,0.107123
-11.017,23.7005,113.57,-10.8557,-17.7985,109.512,6.26543,30.4859,46.4958,17.5488,-17.3667,34.5004
7.69455,12.7288,28.0185,11.2735,1.14247,16.6832,-32.6702,40.5482,228.562,-23.8585,-35.6547,204.426
10.2633,5.82365,17.7383,10.4111,-0.9461,14.2967,6.02043,5.25609,34.3963,5.15988,-7.77496,43.32
4.79642,-0.0620657,7.26152,9.59963,-12.7458,34.1533,4.3287,0.0896238,11.3611,3.86896,-1.79993,8.95377
1.90458,17.345,87.6024,-17.6869,-34.5716,135.957,-8.75365,22.3256,117.669,-7.21186,-27.8261,116.792
-5.67103,-0.849822,8.05511,-3.16999,-0.416262,4.67806,-0.35464,-0.054236,0.785362,-0.489875,0.0609268,0.954432
-0.123934,-0.0611447,0.654164,-0.133298,-0.0174862,0.562925,-0.0344686,-0.00909255,0.190787,-0.0436241,0.0115465,0.204689
0.044311,-0.0233719,0.339003,0.0197856,0.00747859,0.293762,-0.00231361,-0.00404612,0.0922816,-0.00410562,0.00590327,0.0970714
0.0342465,-0.00810505,0.182051,0.0255656,0.0104292,0.169137,0.00259985,-0.00227132,0.054598,0.00230484,0.00365056,0.0576076
0.0107115,-0.00289466,0.0919841,0.00983776,0.00732609,0.0925936,0.00194889,-0.00115152,0.0338349,0.00200894,0.00217087,0.0362404
0.00148664,-0.000272761,0.0488554,0.00200604,0.00293953,0.0522943,0.00102017,-0.000286421,0.0211076,0.00122557,0.00108347,0.0232931
-0.00162351,0.000747626,0.0278707,-0.00136897,0.000322933,0.0313721,0.000306958,0.000467127,0.0133198,0.000475989,0.000177491,0.0150587
-0.00224781,0.000760669,0.0177282,-0.00233482,-0.000433814,0.0211528,-5.23768e-05,0.000777214,0.00885725,1.18639e-05,-0.000386994,0.0101473
-0.00220033,0.000417507,0.0128826,-0.00272855,-0.000202321,0.0163879,-0.000103706,0.000604857,0.00651668,-0.00020752,-0.000451855,0.00746158
-0.00196566,7.36756e-05,0.0109357,-0.00306993,0.000352008,0.0144704,-2.90898e-05,0.000198288,0.00606637,-0.000225601,-0.000261584,0.00620253
-0.00145885,-0.000405217,0.0126009,-0.00304923,0.000789175,0.0140876,-8.50127e-05,-0.00138339,0.00998784,-0.000142341,9.54365e-05,0.00632549
44.8861,-0.398906,56.1374,-0.00169508,0.000789013,0.0150182,99235.2,-197591,276388,0.000100169,0.000794731,0.00779069
183.405,114.4,1948.07,0.00571247,-0.000673231,0.0231758,275409,-728015,972959,0.000846791,0.000450396,0.0103891
320.14,-210.276,480.268,365.686,-51.7459,461.682,-278.901,10.1313,349.625,0.00381907,2.7266e-05,0.016035
123.887,-346.925,462.968,635510,77479.1,800270,-259.83,208.934,417.109,-0.00415334,0.00407051,0.0314841
-117.564,-177.317,452.549,32.6146,59.0539,84.4568,-168.421,233.972,360.825,-0.00807363,0.000831025,0.024018
-236.404,-36.8521,300.917,-0.0166542,0.040237,0.143386,-15707.2,43836,58206.5,-0.000492504,-0.000165806,0.0124285
-103.102,97.6393,178.441,-0.000272245,0.00042131,0.0445055,-280.155,465.258,679.124,0.00115206,0.000277545,0.0113854
53.7472,51.2075,150.381,0.000683413,-0.000420077,0.0200317,-124.464,250.641,409.567,0.00285295,0.000740093,0.0148973
93.1091,-128.927,198.943,0.000130805,0.000522314,0.0114303,-71.2557,34.1178,192.317,0.0056725,-0.00534149,0.0233405
25.7025,-24.8265,44.744,6.00425e-05,0.000842582,0.00861287,-0.511362,-0.254215,0.815636,0.00145273,-0.00390514,0.0131492
0.0114945,-0.016086,0.0678965,0.000132166,0.000735162,0.00749102,-0.0377552,-0.0238982,0.0905463,0.000101221,-0.00132612,0.00880596
-0.0038104,-0.00230983,0.0322724,0.000112097,0.000499315,0.0068299,-0.0215974,-0.0206585,0.0563092,-0.00085865,-1.82773e-06,0.0094865
-0.00969604,-0.00170742,0.0294116,4.14085e-05,0.00023591,0.00634602,-31.9844,-46.5191,70.5852,-0.00269452,0.00242192,0.0140453
-0.034413,-0.0160829,0.0625924,-8.45209e-05,2.20484e-05,0.00593445,-1.3402e+06,-1.52445e+06,2.53725e+06,-0.00219149,0.00753543,0.0190168
-84.2859,-102.161,165.571,-0.000276719,-0.000165117,0.00567232,-159014,-115403,245597,-0.000529554,0.00388121,0.0110272
-61161.2,-178846,236268,-0.000406493,-0.000448186,0.00581163,-154.741,-58.7254,206.933,-0.00124064,0.00147325,0.00878363
0.0587814,-0.119576,0.186674,-0.000481707,-0.00104895,0.00697396,-293473,-157391,416267,-0.00107178,-0.00306104,0.0126417
-17.0914,17.929,100.131,-17.9882,-14.8038,101.654,4.21098,14.2177,21.9197,8.77218,-10.2017,22.7158
-22.9531,19.6894,106.698,-19.7909,-10.8915,99.2443,-33.3887,36.0974,199.059,-30.3214,-32.8006,193.335
-37.5582,23.0008,151.352,-37.7403,-20.2045,153.498,-31.8299,31.5858,183.617,-34.8296,-34.0542,201.55
-51.0783,22.7556,182.525,-60.7802,-39.2304,233.268,-53.3784,44.9408,268.126,-54.7104,-47.3147,277.209
-64.2817,49.6382,286.138,-64.084,-52.0721,291.651,-76.4394,79.603,442.873,-77.4065,-82.738,456.568
-51.0069,19.4965,139.868,-50.6843,-20.5007,138.511,-56.1139,36.7045,216.968,-57.3678,-37.0819,224.024
-49.0887,18.4324,127.513,-49.2883,-19.5857,127.922,-50.0886,31.8887,180.727,-50.7949,-31.8344,184.933
-46.0105,17.2044,114.596,-46.6028,-18.4554,116.228,-41.9143,26.8976,150.355,-42.4881,-26.9243,153.371
-44.1565,16.6526,106.209,-44.934,-17.8249,108.454,-35.3863,23.7166,134.599,-35.7869,-23.9649,137.304
-37.4301,15.3041,110.303,-37.8182,-14.675,110.943,-31.6792,20.1813,129.812,-31.5887,-19.8175,130.258
-38.6558,15.6387,123.775,-38.7265,-14.8945,124.362,-34.6912,20.7303,147.691,-34.2972,-21.3363,151.042
-36.248,14.3035,125.434,-36.1735,-13.3873,126.505,-34.0896,19.8749,149.876,-33.5157,-19.9944,150.872
-38.6926,14.9362,131.903,-38.4792,-14.1439,132.956,-36.8562,21.0081,155.286,-36.4386,-21.5378,156.93
-37.4668,14.4079,128.908,-36.9371,-13.3365,129.592,-35.8168,20.0125,149.303,-35.2743,-20.7186,150.837
-39.9719,15.1141,133.18,-39.2143,-14.1229,133.589,-39.0918,21.2026,153.865,-38.4082,-22.0849,155.272
-41.325,15.5128,132.089,-40.3113,-14.451,132.165,-40.7109,21.5531,151.237,-39.8524,-22.5514,152.414
-43.3818,15.9757,137.8,-42.1222,-14.9562,137.619,-43.701,22.4239,156.48,-42.7016,-23.5424,157.594
-42.4268,15.4327,135.078,-40.9782,-14.4715,134.645,-43.7697,21.9463,152.413,-42.6774,-23.131,153.452
-42.6358,15.3135,135.245,-41.0775,-14.6109,134.67,-45.1976,22.1597,151.95,-44.0665,-23.4794,153.011
-43.092,15.2466,136.166,-41.4167,-14.8699,135.473,-46.6872,22.3211,151.747,-45.4901,-23.8009,152.812
-42.4183,14.7528,135.412,-40.6998,-14.8144,134.707,-47.2575,22.003,149.664,-46.0301,-23.6587,150.791
-43.5262,14.8991,137.816,-41.7541,-15.4609,137.136,-49.2001,22.3599,151.049,-47.9337,-24.2536,152.273
-43.8664,14.8494,135.985,-42.0758,-15.9246,135.353,-50.3987,22.3673,148.316,-49.1025,-24.4671,149.619
-43.2999,14.262,139.544,-41.5151,-15.8356,139.039,-50.8902,21.8397,150.794,-49.528,-24.1008,152.208
-43.2135,13.9409,140.336,-41.4187,-15.9389,139.899,-51.5605,21.428,150.555,-50.1319,-23.8485,152.022
-42.7094,13.5424,142.787,-40.9379,-15.9493,142.419,-51.7435,20.8726,150.995,-50.249,-23.3612,152.481
-41.8065,13.0206,145.923,-40.069,-15.8396,145.714,-51.4652,20.2012,151.669,-49.9038,-22.7466,153.251
-39.9849,12.2132,146.992,-38.2933,-15.3184,146.967,-50.1175,19.1256,150.726,-48.4791,-21.6019,152.392
-38.8033,11.6577,149.773,-37.1283,-15.0096,149.955,-49.2357,18.399,150.904,-47.5189,-20.8317,152.704
-39.0336,11.4916,153.085,-37.3463,-14.9768,153.44,-49.5265,18.0114,151.99,-47.7319,-20.3762,153.918
-38.178,11.0085,154.918,-36.4789,-14.5063,155.424,-48.6556,17.1593,151.588,-46.7432,-19.2464,153.562
-37.4073,10.6175,152.914,-35.7285,-13.9605,153.524,-47.5962,16.3131,147.859,-45.6435,-18.0993,149.845
-34.4188,9.3979,154.422,-32.7199,-12.5733,155.151,-44.5683,14.5165,147.072,-42.4642,-15.8579,149.021
-35.7832,9.92822,160.524,-34.0433,-12.9577,161.355,-45.6182,15.0278,151.061,-43.4814,-16.2827,153.161
-35.1713,9.67848,162.883,-33.3502,-12.5348,163.744,-44.7223,14.3419,151.319,-42.4233,-15.2728,153.369
-34.3062,9.45953,161,-32.4822,-12.0503,161.861,-43.3617,13.664,148.004,-41.0384,-14.3457,150.001
-36.0557,10.0503,173.397,-34.0953,-12.5413,174.337,-44.9415,14.1426,157.799,-42.4428,-14.6818,159.924
-32.9754,9.32398,171.184,-30.9333,-11.6247,172.085,-41.8743,12.9206,154.11,-39.1885,-13.1361,156.042
-32.4961,9.57177,170.61,-30.4611,-11.6804,171.477,-40.7347,12.9653,151.879,-38.1204,-13.1528,153.86
-31.3771,9.43321,176.596,-29.2247,-11.4741,177.44,-39.5381,12.3205,155.733,-36.7712,-12.4719,157.688
-31.1132,9.89346,180.319,-28.8582,-11.9134,181.071,-39.0698,12.5487,157.646,-36.2022,-12.7406,159.586
-31.1826,10.7333,182.407,-28.8472,-12.7628,182.999,-39.3288,13.4269,159.491,-36.3349,-13.6748,161.253
-31.0069,11.3113,180.277,-28.637,-13.347,180.616,-39.2623,13.7584,157.715,-36.2919,-14.1753,159.463
-35.9194,14.4648,192.368,-33.3511,-16.6999,192.316,-45.189,17.4155,173.354,-41.8782,-17.9383,174.773
-0.047885,-0.0253453,0.214752,-0.0515877,0.026991,0.221152,-0.0318785,-0.029499,0.180119,-0.0364697,0.0244899,0.182912
-0.00233325,0.00123192,0.146408,-0.00232613,-0.000839597,0.151188,0.00203218,0.00163167,0.128451,0.000483163,-0.0032068,0.129381
0.00099505,0.0029517,0.106748,0.00085545,-0.00266025,0.109411,0.00227203,0.0027175,0.0882251,0.00171304,-0.00235024,0.0882762
0.00166348,0.00195832,0.0906663,0.00155821,-0.00174653,0.0922577,0.00187035,0.0016294,0.0766132,0.0016106,-0.00111805,0.0764027
0.0013579,0.000756856,0.0773976,0.00135074,-0.000722739,0.0783384,0.000796874,0.00016754,0.0659993,0.000759205,2.99869e-06,0.0658735
-15.5512,19.6975,114.739,-16.8077,-17.4219,120.831,11.2713,4.22481,17.5811,11.5227,-3.80264,20.497
1.4548,8.09906,34.7004,4.10296,-4.13363,26.5007,-29.7637,34.4307,198.675,-28.4079,-30.2245,187.53
4.36924,5.67955,23.2168,5.16281,-3.42118,21.5376,0.970334,6.56169,36.3086,2.55764,-5.19056,29.7802
4.64675,0.839289,15.571,-6.23132,-17.6386,68.1941,3.25633,1.36385,14.7927,3.84463,-3.19686,11.8038
-12.0612,29.5122,134.369,-14.3396,-32.8482,146.016,-10.3121,28.9955,141.716,-8.91538,-31.5652,140.719
-5.99723,2.92926,17.0752,-4.88135,-1.99722,14.3691,-0.586131,-0.0849587,1.63193,-0.663032,0.0719759,1.7734
-5.11967,2.50466,13.0814,-4.42338,-1.82655,11.3357,-0.130925,-0.0128542,0.545081,-0.145733,0.010488,0.581536
-4.90047,2.69287,13.486,-4.40202,-2.07394,12.0304,-0.0396222,-0.00673799,0.311421,-0.0444489,0.00654566,0.33029
-4.45223,2.74613,14.2433,-4.13154,-2.22792,13.1699,-0.00416342,-0.00800075,0.244501,-0.00479978,0.0091835,0.260785
-2.2097,2.53256,29.884,-1.8451,-0.848769,27.4896,0.0397993,-0.0285298,0.298912,0.0456682,0.0369466,0.327217
-2.9556,1.37024,39.7738,-2.56828,-0.0383825,37.771,2.54417,-1.59288,4.13381,3.89557,2.65225,6.32639
-4.94197,0.398111,45.4882,-4.63112,0.859879,44.2041,9.4646,-11.0353,54.901,5.87711,9.88894,58.843
-3.36236,-0.495345,47.561,-3.0034,1.26342,46.5796,-17.3072,5.88438,92.4135,-15.3973,-4.6324,86.9569
-1.80861,-0.704975,49.1017,-1.43273,1.16353,48.2502,-3.41202,-0.184059,58.9197,-3.35719,0.108371,58.7382
-0.690642,-0.841714,50.5653,-0.283567,1.09803,49.8452,-3.31069,-0.266947,61.2773,-3.28149,-0.0357076,61.3329
0.125655,-0.752631,49.7448,0.557402,0.879489,49.1077,-3.28275,-0.138781,60.9578,-3.25383,-0.29081,61.1356
1.17442,-0.94151,53.1859,1.66089,1.04338,52.6309,-3.0731,-0.475208,64.3279,-3.01471,-0.0426558,64.5662
1.93565,-0.980518,54.0106,2.44225,1.06621,53.5496,-3.00207,-0.583066,65.0276,-2.927,0.0418167,65.3276
2.57371,-1.03409,54.9081,3.11738,1.14702,54.4969,-2.97592,-0.743604,65.6136,-2.89,0.186319,65.9719
2.94931,-1.04128,56.0354,3.5191,1.22151,55.6632,-3.08494,-0.889071,66.1592,-2.99464,0.350407,66.5555
3.19978,-1.07599,57.1067,3.75097,1.28411,56.8292,-3.26263,-1.01488,66.4647,-3.19901,0.532223,66.9331
3.2969,-1.06501,57.9634,3.82354,1.32906,57.7658,-3.49411,-1.12337,66.6071,-3.46403,0.725206,67.1289
3.15966,-0.95456,55.911,3.6176,1.25931,55.8054,-3.84305,-0.959615,64.1465,-3.86485,0.706152,64.7078
3.31935,-1.12794,59.4212,3.73299,1.57553,59.4155,-4.09092,-1.33383,67.039,-4.17183,1.24712,67.6493
3.01843,-1.07254,60.1209,3.38653,1.66111,60.1424,-4.53825,-1.36218,67.1011,-4.66248,1.45779,67.6835
2.7453,-0.975309,62.5734,3.06733,1.74803,62.5828,-4.75548,-1.41994,67.7943,-4.92961,1.74095,68.3
2.65401,-0.904306,65.7968,2.92208,1.79672,65.8584,-4.74349,-1.45979,68.8344,-4.9819,1.95842,69.3374
2.70983,-0.859614,68.1162,2.92984,1.84616,68.2453,-4.58487,-1.48614,69.5362,-4.87754,2.12989,70.0584
2.6899,-0.642064,71.5083,2.88318,1.7129,71.7092,-4.37336,-1.31706,70.6686,-4.71328,2.04895,71.2434
2.70666,-0.483023,73.1829,2.87732,1.59574,73.4356,-3.99803,-1.2127,70.479,-4.36836,1.99328,71.0966
2.71322,-0.309994,74.8825,2.86677,1.4356,75.1853,-3.56869,-1.10933,70.3775,-3.96188,1.89317,71.0502
2.85089,-0.195602,72.7656,2.98063,1.22518,73.0983,-2.87726,-0.963551,66.9165,-3.27857,1.68468,67.6318
2.81112,-0.0545357,77.6744,2.97188,1.14217,78.0335,-2.52659,-1.07229,69.9534,-2.92629,1.73128,70.7513
2.4457,0.398045,80.2106,2.63867,0.678938,80.5699,-2.38869,-0.632647,70.7095,-2.77931,1.18351,71.5895
2.29367,0.670257,81.7175,2.51329,0.369425,82.0724,-2.04654,-0.412954,70.7055,-2.42368,0.847189,71.6675
2.41661,0.781501,79.1258,2.64938,0.141134,79.4523,-1.3932,-0.290492,67.1323,-1.7498,0.58396,68.1527
2.30591,0.994285,84.302,2.59676,-0.011686,84.5981,-1.10894,-0.26736,70.3452,-1.44436,0.462852,71.4819
1.69104,1.61216,87.2142,2.01753,-0.622249,87.4529,-1.34588,0.388831,72.0749,-1.66733,-0.275539,73.3003
1.55426,1.90334,85.0415,1.90066,-0.980631,85.1893,-1.05273,0.787943,68.9898,-1.3567,-0.776442,70.2861
1.91474,2.00775,88.8206,2.30948,-1.01569,88.8773,-0.348332,0.56917,71.0843,-0.630413,-0.624093,72.4992
1.96149,2.30178,88.5483,2.38491,-1.30987,88.4531,0.0795955,0.83048,69.5391,-0.200731,-0.969425,71.0947
1.69141,2.98447,87.8493,2.12993,-1.98998,87.5539,0.195187,1.49676,67.9294,-0.106332,-1.71032,69.6713
2.88497,2.57396,78.1683,3.29862,-1.71104,77.6745,1.82598,0.848873,57.4223,1.50338,-1.24384,59.368
3.64536,2.60745,65.8495,3.97083,-1.98843,65.1637,2.64821,0.984716,45.5991,2.27417,-1.55038,47.4015
-0.0256897,-0.0103184,0.134447,-0.0252028,0.00855571,0.133551,-0.0237556,-0.0116739,0.123189,-0.0230286,0.00922088,0.12194
-0.00346914,-0.00035312,0.0700425,-0.00343704,-0.000149255,0.0701826,-0.00257913,-0.000254292,0.0637209,-0.00257652,-0.000140613,0.0635303
-0.00095175,0.000124861,0.0513647,-0.000951732,-0.000380811,0.0516084,-0.000725214,0.000164493,0.0460513,-0.00071832,-0.000304413,0.0459524
-0.000148226,8.14191e-05,0.042246,-0.000146243,-0.000240066,0.0424769,-0.000147633,6.9258e-05,0.0374602,-0.000137978,-0.000121633,0.0374208
0.000294635,3.40764e-05,0.0371973,0.000299904,-0.000136277,0.0373573,0.000163608,-3.90851e-07,0.0329478,0.000176083,-1.9007e-05,0.0329474
-24.5705,15.6643,104.701,-26.1395,-14.8283,110.684,2.10839,1.50021,5.33045,1.35725,-4.59333,16.4372
-5.65609,5.1935,26.0354,-3.2171,-2.16919,18.1009,-33.0155,30.6482,172.823,-35.3093,-28.9689,175.935
-1.1211,3.14095,14.5047,-0.607149,-1.4326,13.0725,-3.77604,6.07131,30.5462,-0.878573,-3.28082,17.8597
0.639005,-0.6584,9.19186,-10.8547,-16.139,61.3867,-0.436402,1.79982,14.9279,0.0298288,-4.02536,13.4826
-14.7617,28.5268,130.992,-17.68,-33.0076,144.625,-14.1641,30.1315,144.128,-14.1438,-33.0942,146.455
-5.88131,4.11676,19.9358,-4.41585,-2.82442,16.7402,-0.000950159,0.0634948,1.45073,-0.0300302,-0.06285,1.40081
-4.36952,4.08474,17.2227,-3.55181,-3.14332,15.77,0.0372263,0.0345803,0.601165,0.0258884,-0.0272679,0.569943
-4.58581,4.2793,18.2411,-3.8731,-3.39142,16.9655,0.0646917,0.0214858,0.421227,0.0503068,-0.014811,0.38829
-4.53376,4.07477,18.2032,-3.80549,-3.21985,16.727,0.148084,0.0169336,0.461577,0.108253,-0.00901041,0.395162
-2.54441,4.14922,34.1821,-1.61118,-2.17986,31.1216,4.42537,-0.132589,5.87802,2.05207,0.178765,2.87965
-2.55674,4.16446,45.7681,-1.6909,-2.40252,43.0385,21.2924,-1.45193,28.0246,20.933,3.60474,27.4823
-1.59641,2.69558,52.8476,-0.750491,-1.69706,50.9149,0.688573,4.46553,72.2694,5.17458,-1.80422,66.1019
-0.520494,1.98551,54.2052,0.225765,-1.0833,52.483,-2.22075,3.72823,69.1576,-3.54555,-4.27012,72.8549
0.0417713,1.57476,54.6878,0.687736,-0.809823,53.3564,1.28087,2.12047,61.4636,1.52076,-1.65303,61.0818
0.462184,1.27994,55.4126,1.03254,-0.648383,54.3309,1.27059,2.11246,62.8132,1.44904,-1.67939,62.7153
0.711398,1.1725,53.9161,1.22714,-0.655755,53.0122,1.05681,2.24504,61.8039,1.18034,-1.85193,61.9043
1.08485,0.799035,56.8192,1.56376,-0.396432,56.0898,1.16533,2.06637,64.6732,1.28707,-1.66253,64.8565
1.34393,0.560916,57.1637,1.78203,-0.27261,56.5953,1.0419,2.03365,65.0519,1.15758,-1.63335,65.316
1.56762,0.33271,57.7006,1.98869,-0.135381,57.2453,0.93424,1.96161,65.4256,1.04327,-1.57965,65.7662
1.59698,0.1669,58.5588,2.01022,-0.0350677,58.1842,0.737187,1.90528,65.8432,0.84599,-1.54209,66.2337
1.56758,-0.00843304,59.4364,1.95052,0.0332742,59.1733,0.496124,1.85175,66.0917,0.589674,-1.51214,66.5613
1.42318,-0.122572,60.1414,1.79013,0.0805653,59.9578,0.188943,1.82149,66.2476,0.271872,-1.49303,66.7756
1.26901,-0.0950967,58.0211,1.62002,0.0265985,57.8917,-0.287258,1.93307,63.8797,-0.218325,-1.62218,64.4515
1.19727,-0.337822,61.5616,1.55098,0.248897,61.4925,-0.351089,1.70146,66.8189,-0.27851,-1.36756,67.4332
0.835308,-0.339419,62.2922,1.22305,0.290283,62.1925,-0.765735,1.68507,66.9959,-0.672169,-1.35172,67.5821
0.456921,-0.296554,64.8136,0.877086,0.298444,64.6469,-0.888437,1.64585,67.7916,-0.777071,-1.27345,68.3088
0.269148,-0.278344,68.1116,0.700598,0.253221,67.9518,-0.760755,1.61828,68.9152,-0.645298,-1.25587,69.4411
0.29527,-0.279497,70.4855,0.734106,0.23292,70.3559,-0.532576,1.56801,69.6908,-0.412652,-1.233,70.2506
0.232374,-0.131504,73.8969,0.674363,0.0348532,73.8244,-0.264597,1.72822,70.853,-0.144395,-1.44589,71.4853
0.297336,-0.0380133,75.535,0.734034,-0.0862002,75.509,0.0441207,1.73961,70.6893,0.160273,-1.50723,71.3819
0.370124,0.0646933,77.1554,0.799575,-0.21204,77.175,0.367024,1.73948,70.5859,0.478321,-1.55932,71.3416
0.714832,0.143991,74.9025,1.12668,-0.287558,74.9372,0.741824,1.63628,67.1322,0.840132,-1.5134,67.9214
0.717787,0.168026,79.6604,1.12609,-0.343567,79.7605,1.15198,1.51063,70.0394,1.2517,-1.43553,70.9157
0.521909,0.51272,82.0032,0.925105,-0.722285,82.1476,1.21776,1.84816,70.6541,1.31197,-1.8407,71.6157
0.603001,0.693702,83.2932,0.997042,-0.921257,83.4716,1.47685,1.90888,70.478,1.56365,-1.95986,71.5123
1.05819,0.756385,80.4545,1.43546,-0.975552,80.6267,1.88765,1.74216,66.7415,1.95985,-1.85118,67.8094
1.19507,0.838925,85.3937,1.57259,-1.0956,85.6257,2.3424,1.6747,69.6383,2.41255,-1.84682,70.8269
0.891209,1.34289,88.0432,1.27207,-1.6253,88.2894,2.1848,2.1986,71.0353,2.25127,-2.41982,72.3148
1.10311,1.57498,85.6079,1.48103,-1.85484,85.8115,2.30707,2.34336,67.7187,2.35948,-2.61683,69.0524
1.77088,1.58113,89.1557,2.15603,-1.87106,89.3726,3.12745,1.99332,69.491,3.17703,-2.32841,70.9478
2.11635,1.81452,88.6794,2.51846,-2.09952,88.8049,3.43758,2.0801,67.7547,3.4704,-2.48267,69.3334
2.09147,2.46074,87.8957,2.52585,-2.72475,87.8366,3.36788,2.6438,66.1287,3.37878,-3.10372,67.8504
3.44706,2.10612,78.142,3.90837,-2.2817,77.7296,4.35039,1.75388,55.8811,4.32892,-2.29271,57.6605
4.7462,1.73163,63.3134,5.26486,-1.79003,62.1943,4.90185,0.921354,40.7752,4.86278,-1.51134,42.0926
-0.0271462,-0.00968459,0.135113,-0.0277962,0.00937594,0.136012,-0.0280718,-0.014268,0.127762,-0.0279856,0.0120727,0.127221
-0.00386573,-0.000182966,0.0699899,-0.00397748,0.000126053,0.0702452,-0.00351318,-0.000597146,0.065186,-0.00361673,0.000323633,0.0650221
-0.00117952,0.00020579,0.0512923,-0.00122708,-0.00020638,0.0513975,-0.0011737,6.38288e-05,0.0474291,-0.00121407,-9.94734e-05,0.0472412
-0.000332162,0.00014692,0.0421369,-0.000350752,-0.000141168,0.0421794,-0.000404279,8.26815e-05,0.0386488,-0.000420952,-6.67568e-05,0.0384944
0.000118489,9.47329e-05,0.0370299,0.000118671,-9.26992e-05,0.0370564,3.96621e-07,6.51369e-05,0.033805,1.75441e-06,-3.75046e-05,0.0337084
-24.4943,15.5505,104.734,-25.9958,-14.768,110.231,2.02091,1.48324,5.07354,0.618202,-5.43276,19.466
-5.51204,5.20524,26.1662,-3.03813,-2.256,18.3362,-32.1532,30.1601,169.48,-35.4603,-29.0195,176.434
-0.961227,3.26256,14.959,-0.449135,-1.48724,13.4115,-3.84289,6.18123,31.0388,-0.573482,-3.03855,17.0322
0.90532,-0.34095,9.91824,-10.7717,-16.1222,61.5585,0.0963502,1.65121,14.1314,1.04386,-3.04661,10.5235
-14.7376,28.6872,131.416,-17.5321,-32.9357,144.541,-13.812,30.0782,143.302,-13.1819,-32.6728,143.582
-5.95717,4.0865,19.6467,-4.56743,-2.77102,16.2924,0.0517651,0.0837493,1.40287,0.0605135,-0.0702794,1.45747
-4.62035,4.01154,16.7109,-3.8371,-2.97428,14.7671,0.0518202,0.0398794,0.592563,0.0579741,-0.0303652,0.613821
-4.79061,4.22497,17.8319,-4.10057,-3.25727,16.1706,0.0743333,0.0254756,0.423414,0.0824787,-0.017962,0.442606
-4.66112,4.03113,18.0449,-3.95807,-3.14161,16.414,0.168271,0.0231873,0.483902,0.201298,-0.0142823,0.534556
-2.6515,4.1887,34.3551,-1.75248,-2.26196,31.1188,5.29916,-0.0173276,6.97429,6.20574,0.252005,8.13356
-2.69503,3.9976,45.6203,-1.8129,-2.38132,42.8203,21.3141,-0.971298,28.2249,21.319,1.69091,28.5318
-1.69554,2.64347,52.3513,-0.917877,-1.29939,50.3631,-0.844114,5.29128,74.6025,-1.48113,-4.46095,73.8611
-0.627755,1.95046,53.7667,0.0721484,-0.856635,52.1372,-1.66319,3.90468,67.9326,-1.20215,-2.99144,66.144
-0.0758704,1.53602,54.401,0.555879,-0.634394,53.0462,1.35805,2.35236,61.5272,1.3238,-1.81321,61.2234
0.34063,1.237,55.1755,0.91175,-0.500963,54.0587,1.35431,2.34576,62.9205,1.24743,-1.88759,62.8758
0.586832,1.13256,53.7204,1.11182,-0.527387,52.7753,1.14157,2.4813,61.9411,0.99032,-2.07865,62.0578
0.970595,0.767681,56.6605,1.46383,-0.281261,55.8845,1.27846,2.32482,64.8354,1.10133,-1.9191,65.0273
1.23752,0.539883,57.0358,1.69393,-0.16672,56.4165,1.17151,2.30604,65.2325,0.976668,-1.90455,65.4962
1.47161,0.322292,57.5983,1.91438,-0.0364557,57.0882,1.08416,2.24576,65.6166,0.869793,-1.86307,65.9507
1.51428,0.167132,58.4778,1.95244,0.0594376,58.0447,0.910187,2.19906,66.0387,0.681454,-1.83518,66.4183
1.49933,0.00234579,59.3732,1.91079,0.124821,59.0483,0.693395,2.15244,66.2869,0.435721,-1.81395,66.7437
1.36942,-0.101683,60.0932,1.76837,0.169962,59.8456,0.411088,2.12382,66.4378,0.129219,-1.80079,66.9536
1.2227,-0.0653125,57.9844,1.60811,0.114545,57.7903,-0.0614964,2.22214,64.0632,-0.353464,-1.92091,64.6233
1.17169,-0.298418,61.5365,1.5632,0.335295,61.4031,-0.0759975,1.99584,66.9873,-0.396779,-1.68371,67.6002
0.825652,-0.293432,62.2752,1.25225,0.37409,62.1143,-0.467029,1.96741,67.1493,-0.777913,-1.67031,67.7436
0.471471,-0.245824,64.8006,0.930253,0.379975,64.5785,-0.562144,1.9171,67.926,-0.869774,-1.59755,68.4654
0.312352,-0.224582,68.0989,0.780679,0.332213,67.8921,-0.405906,1.87705,69.0265,-0.723708,-1.58574,69.5922
0.366487,-0.224453,70.4693,0.838721,0.308798,70.3032,-0.154644,1.81066,69.7778,-0.476371,-1.56357,70.3956
0.336406,-0.0758928,73.8753,0.806909,0.108259,73.7785,0.136444,1.95726,70.914,-0.192247,-1.77581,71.6226
0.430721,0.0166805,75.5052,0.889449,-0.0155896,75.4682,0.453881,1.94836,70.7258,0.127463,-1.82468,71.5107
0.533501,0.118348,77.1165,0.977988,-0.143631,77.1383,0.783432,1.93028,70.5988,0.461802,-1.86082,71.4608
0.896314,0.193757,74.8525,1.31571,-0.223167,74.9022,1.13566,1.79483,67.1255,0.835286,-1.78216,68.0308
0.936129,0.220197,79.6043,1.34703,-0.278624,79.7294,1.57375,1.67001,70.01,1.27131,-1.69677,71.0133
0.770026,0.565798,81.9411,1.17056,-0.656732,82.1199,1.64603,2.00139,70.6055,1.35217,-2.08338,71.6993
0.876499,0.747963,83.225,1.2635,-0.855021,83.4449,1.90567,2.05402,70.4117,1.62417,-2.17957,71.5816
1.3417,0.808746,80.3791,1.70829,-0.911314,80.5985,2.29065,1.866,66.6617,2.03299,-2.03712,67.8656
1.51143,0.897949,85.3178,1.87633,-1.02674,85.5988,2.76847,1.80722,69.5398,2.513,-2.01985,70.8655
1.23417,1.40591,87.9665,1.59978,-1.55242,88.2636,2.61995,2.33526,70.9199,2.3734,-2.57522,72.3336
1.45438,1.63653,85.5248,1.81396,-1.78245,85.7829,2.7197,2.4658,67.5884,2.49123,-2.74423,69.0533
2.15097,1.64669,89.0652,2.51492,-1.79424,89.3389,3.55411,2.11696,69.3327,3.33188,-2.43838,70.9215
2.51235,1.87765,88.5739,2.8878,-2.02199,88.7655,3.85317,2.19281,67.5672,3.63521,-2.57083,69.2803
2.50619,2.51621,87.761,2.90389,-2.64794,87.7912,3.77396,2.74279,65.8934,3.5507,-3.17215,67.7589
3.85322,2.13263,77.9144,4.26179,-2.21486,77.6467,4.70358,1.80017,55.5573,4.48927,-2.32709,57.5056
5.20066,1.66043,62.6005,5.6314,-1.70451,61.7564,5.11747,0.940767,40.6309,4.92374,-1.57586,42.201
-0.0278682,-0.00986527,0.135858,-0.0284287,0.00936011,0.13666,-0.0287613,-0.014684,0.128588,-0.0281987,0.0121701,0.127492
-0.00401928,-0.000213518,0.0701216,-0.00411667,0.000110798,0.0704117,-0.00365405,-0.000654628,0.0654306,-0.003674,0.000329365,0.0652108
-0.00125315,0.000191535,0.0513472,-0.00129572,-0.000213429,0.0515013,-0.00124662,4.3285e-05,0.0476299,-0.00125054,-0.00010159,0.0474316
-0.000375871,0.000139113,0.0421673,-0.000392617,-0.000145148,0.0422579,-0.0004485,7.30376e-05,0.0388189,-0.000448367,-6.97149e-05,0.0386683
9.10464e-05,9.07066e-05,0.037056,9.13009e-05,-9.49336e-05,0.0371217,-2.76516e-05,6.01021e-05,0.0339379,-2.14984e-05,-4.0691e-05,0.0338475
-24.5028,15.5396,104.774,-25.9701,-14.7454,110.115,1.98634,1.44628,4.9788,0.504342,-5.52447,19.9209
-5.50507,5.21525,26.1817,-3.01271,-2.22574,18.2343,-31.9361,29.995,168.55,-35.4615,-29.0116,176.365
-0.98003,3.23704,14.9253,-0.444229,-1.46907,13.2963,-3.86203,6.12563,31.0166,-0.669209,-3.1847,17.7161
0.837361,-0.452455,9.81353,-10.7686,-16.1291,61.4219,0.0530007,1.55765,14.0948,0.711267,-3.55293,12.4531
-14.7355,28.644,131.375,-17.5229,-32.9245,144.501,-13.7787,29.9827,143.108,-13.6459,-32.8068,144.96
-5.94584,4.08942,19.688,-4.51953,-2.7503,16.2919,0.0548094,0.0879211,1.39524,0.0461972,-0.064378,1.39501
-4.58759,4.00732,16.7528,-3.76487,-2.95298,14.7997,0.0522855,0.0408204,0.589758,0.0504949,-0.0279533,0.58891
-4.76202,4.21519,17.8495,-4.03634,-3.23008,16.1612,0.0740907,0.0259311,0.421231,0.072755,-0.0162275,0.420673
-4.63729,4.0163,18.0295,-3.90008,-3.10913,16.3421,0.166165,0.0235351,0.479649,0.168181,-0.0118992,0.483887
-2.61248,4.1449,34.2794,-1.67093,-2.19775,30.997,5.20314,-0.00373861,6.85091,5.09215,0.267195,6.72394
-2.70907,3.98271,45.5878,-1.80247,-2.3624,42.7495,21.3481,-0.911395,28.2198,21.5978,1.89359,28.6648
-1.71092,2.66407,52.325,-0.932665,-1.27471,50.3356,-0.613434,5.31451,74.4065,-0.669925,-4.2012,73.328
-0.644672,1.95585,53.7462,0.0668437,-0.825058,52.0902,-1.72815,3.95735,68.168,-1.54323,-3.13388,67.135
-0.0943783,1.53825,54.3808,0.553265,-0.609944,53.0094,1.37972,2.37772,61.5334,1.39221,-1.74246,61.1385
0.317517,1.23622,55.1596,0.908176,-0.48126,54.025,1.37507,2.36617,62.9295,1.31787,-1.8226,62.8054
0.561043,1.12968,53.7073,1.10704,-0.511224,52.7446,1.16033,2.49768,61.952,1.05885,-2.01913,61.9999
0.94023,0.762422,56.6501,1.45744,-0.26892,55.8573,1.29755,2.33774,64.8473,1.17444,-1.86198,64.975
1.2044,0.532862,57.0272,1.68591,-0.157507,56.3925,1.19004,2.31589,65.2447,1.05171,-1.8497,65.449
1.43594,0.313654,57.5913,1.90481,-0.0301022,57.0671,1.10227,2.25285,65.629,0.946893,-1.80992,65.9078
1.47625,0.156966,58.4722,1.94145,0.0631652,58.0265,0.928037,2.20364,66.0512,0.760652,-1.78337,66.3792
1.45917,-0.00917668,59.3687,1.89854,0.126181,59.0327,0.711131,2.15487,66.2994,0.51679,-1.76337,66.7081
1.32766,-0.114382,60.0896,1.75516,0.169243,59.8323,0.428647,2.12422,66.4503,0.211903,-1.75117,66.9211
1.18177,-0.0783284,57.9813,1.59458,0.112669,57.7788,-0.0452464,2.22093,64.0755,-0.272597,-1.87265,64.5939
1.12771,-0.312892,61.5344,1.54882,0.331021,61.3937,-0.0586854,1.99272,66.9998,-0.311259,-1.63552,67.573
0.781223,-0.308425,62.2736,1.23777,0.368519,62.1066,-0.44978,1.96295,67.1617,-0.691838,-1.62307,67.719
0.425601,-0.261644,64.7997,0.915735,0.372969,64.5725,-0.54446,1.91151,67.9383,-0.782723,-1.55133,68.4429
0.264864,-0.241177,68.0989,0.766197,0.323784,67.8877,-0.387574,1.87042,69.0385,-0.635737,-1.54059,69.5714
0.318432,-0.241339,70.47,0.824573,0.299265,70.3001,-0.135795,1.80321,69.7894,-0.388507,-1.51983,70.3763
0.287625,-0.0931637,73.8767,0.793251,0.0977408,73.7767,0.156107,1.94905,70.9252,-0.10461,-1.73359,71.6048
0.382948,-0.000310267,75.5072,0.876777,-0.0266057,75.4675,0.473678,1.93976,70.7366,0.212595,-1.78469,71.4944
0.487159,0.10178,77.119,0.96651,-0.154993,77.1385,0.803414,1.92147,70.6092,0.544075,-1.82335,71.4461
0.854167,0.17854,74.8551,1.30599,-0.234105,74.903,1.15422,1.78624,67.1352,0.910422,-1.74816,68.0176
0.893995,0.204935,79.6077,1.33842,-0.290269,79.7313,1.59385,1.66121,70.0195,1.34674,-1.66488,71.0013
0.729959,0.551039,81.9448,1.16349,-0.668289,82.1226,1.66672,1.99265,70.6149,1.42475,-2.05412,71.689
0.839154,0.733943,83.229,1.2581,-0.866404,83.4483,1.92651,2.04546,70.4207,1.69319,-2.15309,71.5726
1.30903,0.796096,80.383,1.70473,-0.922026,80.602,2.31005,1.85789,66.67,2.09513,-2.01391,67.8575
1.47974,0.885447,85.3224,1.87425,-1.03775,85.6033,2.78932,1.79909,69.5477,2.57512,-1.99853,70.858
1.20486,1.39394,87.9715,1.59928,-1.56311,88.2688,2.6418,2.32728,70.9275,2.43385,-2.55579,72.3269
1.42916,1.62571,85.5301,1.81501,-1.79241,85.7883,2.74065,2.45816,67.5948,2.54625,-2.72715,69.0465
2.1273,1.63623,89.0716,2.51739,-1.80443,89.3454,3.576,2.10903,69.3374,3.38646,-2.42266,70.9131
2.49157,1.86812,88.5816,2.89161,-2.03177,88.7726,3.87496,2.18479,67.5694,3.68664,-2.55652,69.2697
2.48813,2.50779,87.7711,2.90887,-2.65715,87.7992,3.79629,2.73432,65.8911,3.59957,-3.15863,67.7442
3.83955,2.12614,77.9272,4.26804,-2.22309,77.6538,4.72496,1.78997,55.5419,4.53116,-2.31445,57.4805
5.18818,1.65914,62.6277,5.63678,-1.71154,61.7651,5.12936,0.934637,40.6222,4.95442,-1.56326,42.1661
-0.0278626,-0.00984434,0.135855,-0.0284566,0.00937937,0.1367,-0.0288194,-0.0146742,0.128645,-0.0282864,0.0121825,0.127586
-0.00401805,-0.000209903,0.0701242,-0.00412319,0.00011373,0.0704211,-0.00366476,-0.000650724,0.065445,-0.00369189,0.000327844,0.0652332
-0.00125292,0.000192816,0.0513495,-0.00129899,-0.000212401,0.0515068,-0.00125161,4.51e-05,0.0476401,-0.00125881,-0.000102574,0.0474467
-0.000376126,0.000139664,0.04217,-0.000394538,-0.000144844,0.0422624,-0.000451164,7.38069e-05,0.0388275,-0.000452555,-7.01802e-05,0.0386805
9.05079e-05,9.0927e-05,0.0370598,9.02203e-05,-9.51071e-05,0.0371268,-2.89136e-05,6.0189e-05,0.0339458,-2.32218e-05,-4.07438e-05,0.0338581
-24.5123,15.5303,104.795,-25.9825,-14.7697,110.154,1.98905,1.44047,4.98078,0.450804,-5.60683,20.286
-5.50945,5.20721,26.1842,-3.02317,-2.2444,18.2767,-31.959,29.9972,168.679,-35.5139,-29.0674,176.66
-0.968448,3.24536,14.9042,-0.446578,-1.47823,13.3676,-3.88825,6.2013,31.2136,-0.570964,-3.04804,17.0648
0.86585,-0.405612,9.79233,-10.7701,-16.1166,61.5333,0.0235612,1.71147,14.398,0.922524,-3.19796,11.0137
-14.7177,28.6531,131.347,-17.5236,-32.9351,144.535,-13.8231,30.0534,143.318,-13.3236,-32.7205,143.989
-5.94835,4.09415,19.6887,-4.53053,-2.76357,16.3207,0.0544944,0.0866979,1.39403,0.051813,-0.0679362,1.42007
-4.58804,4.00919,16.7438,-3.77811,-2.96682,14.825,0.0521218,0.0403718,0.589567,0.0527002,-0.0290382,0.597236
-4.7622,4.21687,17.8445,-4.04802,-3.24478,16.191,0.0740335,0.0256542,0.421311,0.0752908,-0.0168921,0.426906
-4.63885,4.01806,18.0314,-3.91127,-3.12468,16.3771,0.166484,0.0232374,0.480315,0.175925,-0.0127322,0.496178
-2.61976,4.15191,34.2963,-1.69047,-2.22108,31.0391,5.23064,-0.0115898,6.88619,5.36492,0.258056,7.06913
-2.70901,3.97938,45.593,-1.81246,-2.37785,42.7768,21.352,-0.942187,28.2441,21.5379,1.79332,28.6437
-1.70695,2.6561,52.3275,-0.936096,-1.28402,50.3507,-0.731437,5.32671,74.5665,-0.94749,-4.31654,73.5807
-0.640099,1.95276,53.7487,0.0619388,-0.836963,52.1102,-1.70495,3.9425,68.0926,-1.44722,-3.10456,66.8549
-0.0893162,1.53633,54.3839,0.548259,-0.619353,53.0257,1.36734,2.37591,61.5515,1.36524,-1.77641,61.1808
0.324266,1.23535,55.1618,0.904063,-0.488868,54.0396,1.36344,2.3652,62.9447,1.29071,-1.85514,62.8415
0.568864,1.12956,53.7089,1.10373,-0.517446,52.7577,1.14975,2.49743,61.9646,1.0327,-2.04979,62.0304
0.950168,0.763344,56.6509,1.45528,-0.27342,55.8687,1.28778,2.33813,64.8578,1.14752,-1.89214,65.0022
1.21574,0.534543,57.0275,1.68477,-0.160633,56.4025,1.18108,2.3169,65.2536,1.02465,-1.87899,65.4733
1.44868,0.316054,57.5911,1.90467,-0.0319497,57.0757,1.09409,2.25444,65.6365,0.91963,-1.83849,65.9296
1.49035,0.160066,58.4716,1.94228,0.062498,58.0339,0.920591,2.20574,66.0575,0.73315,-1.8113,66.3989
1.47452,-0.00542674,59.3678,1.90027,0.126585,59.039,0.704384,2.15742,66.3046,0.489097,-1.79069,66.7257
1.34406,-0.110074,60.0885,1.7577,0.170574,59.8376,0.422538,2.12717,66.4545,0.184047,-1.77788,66.937
1.19813,-0.0738891,57.9801,1.59757,0.114437,57.7832,-0.0508486,2.22409,64.0791,-0.299764,-1.89823,64.6082
1.14581,-0.307714,61.5329,1.55275,0.333919,61.3972,-0.0636505,1.99627,67.0024,-0.339399,-1.66113,67.586
0.799879,-0.302947,62.272,1.24221,0.371989,62.1094,-0.454286,1.96667,67.1637,-0.719913,-1.64797,67.7307
0.445254,-0.255677,64.7981,0.9207,0.377109,64.5746,-0.548496,1.9154,67.9395,-0.810806,-1.57558,68.4534
0.285594,-0.23471,68.0971,0.771671,0.328612,67.8892,-0.391147,1.87448,69.0391,-0.663779,-1.5642,69.5809
0.339769,-0.234582,70.4681,0.830382,0.304622,70.3011,-0.138949,1.80739,69.7894,-0.416199,-1.54261,70.3848
0.309683,-0.0860467,73.8747,0.799371,0.103612,73.7773,0.153293,1.95342,70.9248,-0.131897,-1.75555,71.6124
0.404956,0.00686192,75.5051,0.882934,-0.0204785,75.4677,0.471182,1.94413,70.7357,0.186362,-1.80535,71.5011
0.508956,0.10895,77.1168,0.97262,-0.148676,77.1383,0.801216,1.92581,70.6079,0.519032,-1.84261,71.4519
0.874473,0.185234,74.853,1.31168,-0.228034,74.9026,1.15231,1.79028,67.1338,0.88775,-1.7653,68.0225
0.914805,0.211882,79.6054,1.34422,-0.283778,79.7305,1.59226,1.66537,70.0175,1.32447,-1.68116,71.0054
0.750353,0.557933,81.9425,1.16915,-0.661782,82.1215,1.66531,1.99679,70.6125,1.40375,-2.06912,71.6922
0.858822,0.740657,83.2267,1.26353,-0.859955,83.447,1.92534,2.04948,70.418,1.67366,-2.16667,71.5749
1.32697,0.802264,80.3808,1.70968,-0.915964,80.6006,2.30915,1.86155,66.6672,2.07794,-2.02559,67.8591
1.49781,0.891749,85.3202,1.8792,-1.03146,85.6015,2.78865,1.8028,69.5443,2.55849,-2.00943,70.8588
1.2224,1.40014,87.9693,1.6041,-1.55692,88.2668,2.64121,2.33091,70.9236,2.41821,-2.56578,72.3268
1.44517,1.63145,85.528,1.81942,-1.78664,85.7863,2.74021,2.46146,67.5907,2.53255,-2.73567,69.0456
2.14309,1.642,89.0695,2.52172,-1.79854,89.3431,3.57579,2.11231,69.3328,3.37345,-2.43037,70.9117
2.50635,1.87362,88.5795,2.89565,-2.02612,88.7703,3.87486,2.18785,67.5644,3.67497,-2.56312,69.2676
2.50192,2.51302,87.7691,2.91264,-2.65186,87.7971,3.7962,2.73715,65.8856,3.58917,-3.16424,67.7411
3.85123,2.13067,77.9251,4.27107,-2.21849,77.6524,4.72521,1.7922,55.5361,4.52335,-2.3181,57.4765
5.19762,1.66233,62.6239,5.63871,-1.70806,61.7653,5.12919,0.936599,40.6183,4.94856,-1.56571,42.1643
-0.0278784,-0.00985603,0.135869,-0.0284563,0.00937105,0.136693,-0.0288111,-0.0146813,0.128637,-0.0282645,0.0121807,0.127562
-0.00402154,-0.000212014,0.0701243,-0.00412311,0.000112279,0.0704184,-0.00366366,-0.000652148,0.0654432,-0.00368749,0.000328556,0.065228
-0.00125447,0.000191982,0.0513482,-0.00129897,-0.000212948,0.0515047,-0.00125124,4.45178e-05,0.0476391,-0.0012569,-0.000102197,0.0474436
-0.000376891,0.000139289,0.0421681,-0.000394571,-0.000145054,0.0422604,-0.000451061,7.35543e-05,0.0388266,-0.000451726,-7.0029e-05,0.0386781
9.01932e-05,9.08022e-05,0.0370575,9.01214e-05,-9.51088e-05,0.0371245,-2.89866e-05,6.0118e-05,0.0339446,-2.30703e-05,-4.07664e-05,0.0338557
-24.5106,15.535,104.789,-25.9754,-14.7521,110.113,1.98707,1.44286,4.97748,0.460286,-5.57156,20.1619
-5.50827,5.21365,26.1847,-3.0165,-2.22951,18.242,-31.9401,29.994,168.58,-35.4886,-29.0302,176.489
-0.977692,3.24132,14.9271,-0.445655,-1.46991,13.3097,-3.86915,6.14367,31.055,-0.643369,-3.14878,17.5464
0.8503,-0.433155,9.827,-10.767,-16.1268,61.4426,0.0660767,1.55984,14.043,0.780047,-3.45299,12.0593
-14.7354,28.6507,131.38,-17.5248,-32.9257,144.506,-13.7749,29.9912,143.11,-13.567,-32.7832,144.718
-5.9483,4.0914,19.684,-4.52698,-2.75286,16.2921,0.0549589,0.0880387,1.39555,0.0493957,-0.0656159,1.40305
-4.59086,4.00963,16.7472,-3.77338,-2.95409,14.7933,0.0522882,0.0408221,0.589861,0.0515375,-0.0283151,0.591797
-4.76458,4.21798,17.8465,-4.04348,-3.23181,16.1612,0.0741037,0.0259369,0.421322,0.0738317,-0.0164624,0.422972
-4.63972,4.0194,18.0301,-3.90679,-3.11159,16.3502,0.166281,0.0235705,0.479878,0.171311,-0.0122278,0.488641
-2.61718,4.14981,34.2859,-1.68126,-2.20354,31.0101,5.20966,-0.00293695,6.85926,5.20286,0.261987,6.86351
-2.71123,3.98299,45.5898,-1.80828,-2.36549,42.7564,21.3496,-0.904951,28.2254,21.5741,1.84738,28.6461
-1.71166,2.66254,52.3257,-0.935704,-1.2762,50.338,-0.644273,5.32855,74.4535,-0.720261,-4.22772,73.347
-0.645294,1.95532,53.747,0.0635329,-0.827134,52.0933,-1.72486,3.95962,68.1555,-1.51605,-3.12827,67.0655
-0.0947915,1.53797,54.3816,0.549978,-0.611484,53.0117,1.37462,2.38281,61.5424,1.38824,-1.75296,61.1504
0.317601,1.23608,55.1601,0.905133,-0.482461,54.027,1.37019,2.37152,62.9374,1.31428,-1.83305,62.8156
0.561485,1.12964,53.7075,1.10427,-0.512146,52.7463,1.15577,2.50312,61.9589,1.05564,-2.02931,62.0086
0.941246,0.762436,56.65,1.4549,-0.269628,55.8586,1.29329,2.34348,64.8533,1.17154,-1.87253,64.9829
1.20583,0.532922,57.027,1.68363,-0.158025,56.3936,1.18606,2.32181,65.25,1.04907,-1.86037,65.4561
1.43777,0.313745,57.5909,1.90278,-0.0304652,57.0679,1.09856,2.25894,65.6337,0.944503,-1.82074,65.9143
1.47846,0.157081,58.4716,1.93964,0.0629209,58.0271,0.924612,2.20991,66.0553,0.758512,-1.79436,66.3852
1.46173,-0.00904017,59.368,1.89693,0.126029,59.0331,0.707985,2.16129,66.303,0.514909,-1.77451,66.7135
1.3305,-0.114231,60.0888,1.75373,0.169162,59.8326,0.425765,2.13078,66.4534,0.210258,-1.76243,66.9261
1.18466,-0.0781666,57.9805,1.59334,0.11265,57.7789,-0.0479131,2.22738,64.0783,-0.274123,-1.88365,64.5984
1.13101,-0.312729,61.5335,1.5477,0.331049,61.3938,-0.0610653,1.99951,67.0021,-0.31247,-1.64698,67.5772
0.784687,-0.30826,62.2727,1.23677,0.368578,62.1066,-0.451932,1.96979,67.1638,-0.692861,-1.63449,67.7229
0.429311,-0.261448,64.7988,0.914812,0.373043,64.5724,-0.546378,1.91843,67.94,-0.783541,-1.56271,68.4464
0.268843,-0.240938,68.0979,0.765325,0.32388,67.8875,-0.389263,1.87742,69.04,-0.636347,-1.55188,69.5746
0.322595,-0.241055,70.469,0.823752,0.299402,70.2999,-0.137272,1.81021,69.7906,-0.388934,-1.53089,70.3793
0.291996,-0.0928107,73.8757,0.792462,0.097913,73.7765,0.154816,1.95606,70.9262,-0.104856,-1.74439,71.6074
0.387382,0.000104179,75.5062,0.876036,-0.026381,75.4673,0.472558,1.94659,70.7373,0.212464,-1.79494,71.4968
0.491629,0.102258,77.1179,0.965816,-0.154712,77.1383,0.802458,1.92807,70.6098,0.544055,-1.83299,71.4482
0.858424,0.179054,74.8541,1.30539,-0.233761,74.9027,1.1534,1.79228,67.1357,0.910396,-1.75675,68.0194
0.898432,0.205517,79.6066,1.33784,-0.289877,79.731,1.59321,1.66724,70.0197,1.34691,-1.6732,71.0028
0.734384,0.551673,81.9437,1.16297,-0.667871,82.1222,1.66621,1.99843,70.615,1.42506,-2.06189,71.6903
0.843508,0.734611,83.2279,1.25765,-0.865955,83.4479,1.92614,2.05092,70.4207,1.69361,-2.16023,71.5736
1.3131,0.796761,80.3819,1.70439,-0.921551,80.6016,2.3098,1.86275,66.6699,2.09554,-2.02011,67.8584
1.48391,0.886152,85.3213,1.87396,-1.03725,85.6029,2.78922,1.80388,69.5474,2.57573,-2.00447,70.8586
1.20898,1.39466,87.9704,1.59909,-1.56262,88.2684,2.6418,2.33183,70.9271,2.4346,-2.56138,72.3273
1.43302,1.62641,85.529,1.81494,-1.79194,85.7879,2.74074,2.4622,67.5943,2.54704,-2.73202,69.0467
2.13119,1.63695,89.0705,2.5174,-1.80394,89.3449,3.57622,2.11292,69.3367,3.38738,-2.42723,70.9131
2.4953,1.86883,88.5805,2.89172,-2.03129,88.7722,3.87527,2.18832,67.5685,3.68762,-2.56059,69.2695
2.49168,2.50849,87.7701,2.90909,-2.65672,87.7989,3.79667,2.7375,65.89,3.60065,-3.16223,67.7437
3.84265,2.12682,77.9263,4.26834,-2.22267,77.6536,4.72555,1.79237,55.5403,4.5323,-2.31694,57.4793
5.19078,1.65958,62.6263,5.63707,-1.71114,61.765,5.12956,0.93649,40.6216,4.95453,-1.56539,42.1673
-0.027866,-0.00984687,0.135858,-0.0284563,0.009378,0.136698,-0.0288193,-0.0146793,0.128646,-0.0282891,0.0121856,0.127589
-0.00401886,-0.000210306,0.0701242,-0.00412309,0.00011363,0.0704202,-0.00366478,-0.000651724,0.0654452,-0.00369228,0.000328509,0.0652334
-0.0012533,0.000192682,0.0513493,-0.00129896,-0.000212395,0.051506,-0.00125166,4.46799e-05,0.0476402,-0.00125899,-0.000102288,0.0474467
-0.00037634,0.00013962,0.0421695,-0.000394552,-0.000144818,0.0422617,-0.000451217,7.3627e-05,0.0388275,-0.000452661,-7.00564e-05,0.0386805
9.0392e-05,9.09298e-05,0.0370592,9.01681e-05,-9.50752e-05,0.037126,-2.89777e-05,6.01548e-05,0.0339457,-2.32957e-05,-4.07287e-05,0.0338579
-24.5124,15.5302,104.794,-25.9804,-14.7655,110.14,1.9872,1.43883,4.97623,0.447459,-5.6039,20.2848
-5.50896,5.20844,26.1838,-3.02115,-2.24092,18.2676,-31.9482,29.9897,168.627,-35.5097,-29.0599,176.625
-0.970577,3.24376,14.9075,-0.446183,-1.47624,13.3539,-3.88587,6.18952,31.1869,-0.586957,-3.0705,17.1737
0.860322,-0.413743,9.79532,-10.7707,-16.118,61.5126,0.024754,1.692,14.3717,0.888108,-3.25798,11.2633
-14.7216,28.651,131.351,-17.5239,-32.9326,144.527,-13.8181,30.0416,143.288,-13.3874,-32.7358,144.176
-5.94832,4.09317,19.6877,-4.5288,-2.76038,16.3135,0.0545067,0.0869296,1.39379,0.0508558,-0.0673021,1.41505
-4.58821,4.00865,16.7438,-3.77593,-2.96329,14.8175,0.0521138,0.0404459,0.589422,0.0522799,-0.0288371,0.595552
-4.76228,4.21646,17.8437,-4.04614,-3.24115,16.1832,0.0739864,0.0256984,0.42114,0.0747839,-0.0167703,0.425623
-4.63863,4.0177,18.0297,-3.90953,-3.12099,16.3692,0.166223,0.0232832,0.479854,0.174315,-0.0125878,0.493592
-2.61832,4.15015,34.2915,-1.68715,-2.21576,31.0297,5.21689,-0.00995598,6.86863,5.30823,0.258703,6.99718
-2.70941,3.97983,45.591,-1.81128,-2.37447,42.7707,21.3528,-0.934899,28.2383,21.5505,1.80748,28.6442
-1.70825,2.65774,52.3263,-0.936235,-1.28209,50.347,-0.693562,5.32226,74.5201,-0.872414,-4.29003,73.505
-0.641471,1.95308,53.7474,0.0622021,-0.834173,52.1051,-1.71448,3.94854,68.1226,-1.47174,-3.11405,66.9276
-0.0907398,1.53647,54.3826,0.548569,-0.617105,53.0215,1.37056,2.37661,61.5477,1.37157,-1.77016,61.1724
0.322472,1.2353,55.1607,0.904138,-0.487,54.0358,1.36655,2.36578,62.9416,1.29715,-1.84923,62.8345
0.566844,1.12938,53.7079,1.10362,-0.515861,52.7543,1.15263,2.49788,61.9621,1.0389,-2.04429,62.0246
0.94767,0.762957,56.6502,1.45485,-0.272212,55.8657,1.2906,2.33849,64.8557,1.15397,-1.88683,64.997
1.21293,0.534016,57.0269,1.68409,-0.159721,56.3999,1.18378,2.31715,65.2518,1.03118,-1.87391,65.4687
1.44556,0.315392,57.5907,1.90374,-0.0313167,57.0734,1.09669,2.25459,65.635,0.92625,-1.83361,65.9256
1.48692,0.15927,58.4712,1.9411,0.0628701,58.0319,0.923105,2.20581,66.0562,0.739873,-1.80659,66.3953
1.4708,-0.00634867,59.3676,1.89886,0.126716,59.0373,0.706817,2.15742,66.3036,0.49592,-1.78615,66.7226
1.3401,-0.111103,60.0883,1.75609,0.170497,59.8361,0.424901,2.12711,66.4537,0.190959,-1.77351,66.9342
1.19418,-0.0749311,57.98,1.59589,0.114263,57.7819,-0.0485952,2.22397,64.0784,-0.293024,-1.89406,64.6057
1.14144,-0.308904,61.5329,1.55079,0.333482,61.3962,-0.061405,1.99612,67.0019,-0.332323,-1.65704,67.5838
0.79538,-0.304191,62.2721,1.24012,0.371416,62.1086,-0.452088,1.9665,67.1633,-0.712809,-1.64404,67.7287
0.440513,-0.257017,64.7982,0.918453,0.376376,64.574,-0.546339,1.91522,67.9393,-0.803642,-1.5718,68.4516
0.280594,-0.236146,68.0973,0.769261,0.327713,67.8887,-0.389036,1.87429,69.039,-0.656563,-1.56055,69.5793
0.334623,-0.236066,70.4683,0.827872,0.303595,70.3008,-0.136897,1.80718,69.7894,-0.40902,-1.53912,70.3835
0.304366,-0.0875929,73.875,0.796757,0.10246,73.777,0.155297,1.95318,70.9249,-0.124765,-1.7522,71.6112
0.39966,0.00532101,75.5054,0.880323,-0.0216952,75.4675,0.473095,1.94389,70.7359,0.193253,-1.80221,71.5001
0.503721,0.107427,77.1172,0.970039,-0.149942,77.1383,0.803033,1.92556,70.6082,0.525646,-1.83969,71.451
0.869613,0.183829,74.8533,1.30929,-0.229252,74.9026,1.15395,1.79004,67.1341,0.893732,-1.76269,68.0218
0.909835,0.210437,79.6058,1.34178,-0.285099,79.7306,1.59385,1.66512,70.0179,1.33041,-1.67872,71.0049
0.745496,0.556509,81.9429,1.16678,-0.663114,82.1217,1.66682,1.99653,70.613,1.4094,-2.06689,71.6918
0.854157,0.739282,83.2271,1.26126,-0.861283,83.4472,1.92674,2.04923,70.4186,1.67896,-2.16467,71.5747
1.32274,0.801013,80.3812,1.70763,-0.917214,80.6009,2.31037,1.86131,66.6678,2.08261,-2.02388,67.859
1.49356,0.890477,85.3206,1.87715,-1.03277,85.6019,2.78984,1.80256,69.5451,2.56307,-2.00786,70.8589
1.2183,1.39889,87.9697,1.60213,-1.55822,88.2673,2.64235,2.33068,70.9245,2.42258,-2.56437,72.3271
1.44145,1.6303,85.5284,1.81765,-1.78786,85.7868,2.74122,2.46124,67.5917,2.53641,-2.73448,69.0461
2.13944,1.64085,89.0699,2.52,-1.79979,89.3436,3.57674,2.11209,69.3339,3.37717,-2.42933,70.9122
2.50296,1.87253,88.5799,2.89407,-2.02732,88.7709,3.87572,2.18765,67.5655,3.67835,-2.56226,69.2682
2.49878,2.51199,87.7695,2.91119,-2.65299,87.7976,3.79701,2.73696,65.8868,3.59224,-3.16353,67.742
3.8486,2.12979,77.9256,4.26992,-2.21948,77.6528,4.72583,1.79204,55.5373,4.52576,-2.31765,57.4774
5.19554,1.66172,62.6247,5.63795,-1.7088,61.7654,5.12964,0.936416,40.6193,4.95018,-1.5655,42.1651
-0.0278748,-0.00985368,0.135866,-0.0284557,0.00937261,0.136694,-0.0288148,-0.0146809,0.128641,-0.0282715,0.0121818,0.12757
-0.00402076,-0.000211581,0.0701243,-0.00412298,0.000112586,0.0704189,-0.00366425,-0.000651991,0.065444,-0.00368884,0.000328499,0.0652295
-0.00125413,0.000192157,0.0513485,-0.00129891,-0.000212822,0.0515051,-0.00125148,4.45861e-05,0.0476395,-0.00125749,-0.000102241,0.0474445
-0.000376729,0.000139371,0.0421685,-0.000394539,-0.000145002,0.0422608,-0.000451159,7.35851e-05,0.0388269,-0.000451987,-7.00459e-05,0.0386788
9.02537e-05,9.0835e-05,0.037058,9.01448e-05,-9.51047e-05,0.037125,-2.89969e-05,6.0129e-05,0.033945,-2.31301e-05,-4.07596e-05,0.0338564
-24.5114,15.5341,104.792,-25.9769,-14.7555,110.12,1.98752,1.44216,4.97803,0.455708,-5.58076,20.1999
-5.50863,5.2126,26.1852,-3.01779,-2.23222,18.2485,-31.9437,29.9945,168.6,-35.4946,-29.0378,176.527
-0.975961,3.2423,14.9232,-0.445822,-1.47135,13.3206,-3.87266,6.15452,31.0838,-0.629161,-3.12936,17.4533
0.853478,-0.427976,9.82107,-10.7673,-16.125,61.4592,0.0603779,1.5837,14.0941,0.80816,-3.40618,11.8616
-14.7324,28.6512,131.374,-17.5246,-32.9273,144.511,-13.7822,30.0012,143.142,-13.5252,-32.7728,144.592
-5.94834,4.09195,19.6849,-4.52754,-2.7547,16.2971,0.0548837,0.0878318,1.39536,0.0498029,-0.0660242,1.40596
-4.59034,4.00962,16.7467,-3.77408,-2.95624,14.7988,0.0522591,0.0407513,0.589828,0.0517262,-0.0284398,0.592716
-4.76416,4.21787,17.8462,-4.0442,-3.23399,16.1663,0.0740922,0.0258927,0.421329,0.0740687,-0.016536,0.423625
-4.63959,4.01926,18.0304,-3.90756,-3.11379,16.3548,0.16632,0.0235201,0.479961,0.172056,-0.0123145,0.489865
-2.61768,4.15022,34.2876,-1.6829,-2.20649,31.0151,5.21339,-0.00421302,6.86404,5.22928,0.261202,6.89701
-2.71094,3.98242,45.5904,-1.8091,-2.3676,42.7598,21.35,-0.910315,28.2286,21.5683,1.83743,28.6454
-1.7109,2.66146,52.326,-0.935845,-1.27752,50.3401,-0.659485,5.32888,74.4734,-0.756814,-4.24268,73.3846
-0.644443,1.95487,53.7473,0.0632184,-0.82876,52.0961,-1.72168,3.9569,68.1451,-1.50534,-3.12496,67.0323
-0.0938737,1.53767,54.382,0.549655,-0.612783,53.014,1.37311,2.38192,61.5444,1.38418,-1.75719,61.1559
0.318734,1.23593,55.1603,0.90493,-0.483512,54.029,1.36877,2.37072,62.939,1.31013,-1.83706,62.8204
0.562754,1.1296,53.7077,1.10417,-0.513007,52.7481,1.15449,2.50243,61.9602,1.05161,-2.03304,62.0127
0.942793,0.762552,56.6501,1.45497,-0.270236,55.8602,1.29209,2.34285,64.8543,1.16734,-1.87613,64.9865
1.20756,0.533153,57.027,1.68385,-0.158433,56.395,1.18496,2.32124,65.2509,1.04482,-1.8638,65.4593
1.43968,0.314085,57.5909,1.90313,-0.0306846,57.0692,1.09756,2.25844,65.6344,0.940183,-1.82403,65.9172
1.48055,0.157531,58.4715,1.94012,0.0628787,58.0282,0.923687,2.20946,66.0559,0.754122,-1.79752,66.3877
1.46398,-0.00848971,59.3679,1.89754,0.126149,59.034,0.707138,2.1609,66.3035,0.510456,-1.77754,66.7158
1.33289,-0.113593,60.0887,1.75446,0.169424,59.8333,0.42499,2.13042,66.4538,0.20575,-1.76534,66.9281
1.18704,-0.0775073,57.9803,1.59412,0.112975,57.7795,-0.0486291,2.22707,64.0785,-0.278527,-1.8864,64.6002
1.13363,-0.311953,61.5333,1.54862,0.331552,61.3943,-0.0617158,1.99922,67.0023,-0.317073,-1.64967,67.5789
0.787372,-0.307435,62.2725,1.23776,0.369169,62.107,-0.452534,1.96952,67.1639,-0.697474,-1.63706,67.7243
0.432127,-0.260548,64.7986,0.91588,0.37374,64.5727,-0.546931,1.91817,67.94,-0.788177,-1.56517,68.4477
0.2718,-0.239962,68.0977,0.766471,0.324684,67.8877,-0.389768,1.87717,69.0399,-0.640999,-1.55425,69.5758
0.325623,-0.240038,70.4688,0.824944,0.300286,70.3001,-0.137732,1.80998,69.7904,-0.393547,-1.53315,70.3803
0.295111,-0.0917448,73.8755,0.7937,0.0988741,73.7766,0.154391,1.95585,70.926,-0.109421,-1.74654,71.6084
0.390476,0.0011717,75.5059,0.877268,-0.0253866,75.4673,0.472169,1.9464,70.7371,0.208063,-1.79695,71.4976
0.494678,0.103318,77.1177,0.967028,-0.153696,77.1382,0.802102,1.9279,70.6095,0.539841,-1.83485,71.4489
0.861248,0.180035,74.8538,1.30651,-0.232795,74.9026,1.15309,1.79214,67.1354,0.906582,-1.7584,68.0199
0.901309,0.206529,79.6063,1.33897,-0.28885,79.7309,1.59293,1.66712,70.0194,1.34314,-1.67475,71.0033
0.737188,0.55267,81.9434,1.16406,-0.666847,82.122,1.66594,1.99834,70.6146,1.42148,-2.0633,71.6907
0.846197,0.735576,83.2276,1.25868,-0.864946,83.4477,1.9259,2.05085,70.4202,1.69026,-2.16149,71.5739
1.31554,0.79764,80.3817,1.70533,-0.920609,80.6014,2.3096,1.8627,66.6694,2.09259,-2.02118,67.8585
1.48635,0.887047,85.3211,1.87488,-1.03628,85.6026,2.78904,1.80384,69.5469,2.57285,-2.00545,70.8587
1.21134,1.39554,87.9701,1.59996,-1.56167,88.2681,2.64162,2.33182,70.9265,2.43187,-2.56225,72.3272
1.43515,1.62722,85.5287,1.81572,-1.79106,85.7876,2.74058,2.4622,67.5936,2.54462,-2.73275,69.0465
2.13327,1.63776,89.0703,2.51816,-1.80304,89.3446,3.57608,2.11294,69.336,3.38506,-2.42787,70.9129
2.49723,1.8696,88.5802,2.89241,-2.03043,88.7718,3.87514,2.18835,67.5678,3.68551,-2.56112,69.2692
2.49348,2.50922,87.7698,2.90971,-2.65591,87.7985,3.79654,2.73754,65.8892,3.59874,-3.16266,67.7433
3.84416,2.12743,77.926,4.26882,-2.22198,77.6534,4.72546,1.79242,55.5395,4.53082,-2.3172,57.4788
5.19199,1.66001,62.6258,5.63737,-1.71063,61.765,5.12948,0.936559,40.621,4.95354,-1.56548,42.1667
-0.0278681,-0.00984842,0.13586,-0.0284562,0.00937684,0.136697,-0.0288178,-0.0146798,0.128645,-0.028285,0.0121849,0.127585
-0.0040193,-0.000210595,0.0701242,-0.00412308,0.000113409,0.0704198,-0.00366457,-0.000651829,0.0654449,-0.00369148,0.00032854,0.0652325
-0.0012535,0.000192565,0.0513491,-0.00129896,-0.000212484,0.0515057,-0.00125158,4.46371e-05,0.04764,-0.00125864,-0.000102262,0.0474462
-0.000376432,0.000139566,0.0421693,-0.000394553,-0.000144855,0.0422614,-0.000451187,7.3608e-05,0.0388273,-0.000452506,-7.00469e-05,0.03868
9.0358e-05,9.09093e-05,0.0370589,9.01605e-05,-9.50789e-05,0.0371257,-2.89782e-05,6.01476e-05,0.0339455,-2.32583e-05,-4.07338e-05,0.0338575
-24.5121,15.5309,104.794,-25.9795,-14.7631,110.135,1.9871,1.43936,4.97619,0.449149,-5.59876,20.2661
-5.50883,5.20935,26.184,-3.02033,-2.23893,18.2631,-31.9464,29.9899,168.617,-35.5062,-29.0547,176.602
-0.971812,3.2433,14.9108,-0.446111,-1.47512,13.3461,-3.88306,6.18157,31.1644,-0.596736,-3.08417,17.239
0.858461,-0.417243,9.80072,-10.7701,-16.1195,61.5003,0.0313936,1.6698,14.3182,0.86973,-3.29209,11.4031
-14.7241,28.6508,131.356,-17.5241,-32.9313,144.523,-13.8111,30.0328,143.258,-13.4214,-32.7446,144.278
-5.94836,4.09277,19.6869,-4.52847,-2.75895,16.3094,0.0545684,0.0871164,1.39404,0.0505935,-0.0669979,1.41279
-4.5887,4.00873,16.7442,-3.77546,-2.96155,14.8129,0.0521368,0.040509,0.589473,0.052141,-0.0287422,0.594843
-4.7627,4.21665,17.844,-4.04565,-3.23939,16.179,0.0739976,0.0257381,0.421149,0.0746035,-0.0167143,0.42512
-4.63882,4.01793,18.0296,-3.90904,-3.11923,16.3656,0.166202,0.0233303,0.479809,0.17374,-0.0125225,0.492644
-2.61807,4.14995,34.2902,-1.68605,-2.21346,31.0259,5.21432,-0.00875785,6.86534,5.28814,0.259232,6.97169
-2.70975,3.98033,45.5906,-1.81077,-2.37281,42.7679,21.3523,-0.929755,28.2358,21.555,1.81448,28.6444
-1.7089,2.65859,52.3261,-0.936203,-1.28103,50.3453,-0.682674,5.3228,74.5057,-0.84273,-4.27829,73.474
-0.64219,1.95343,53.7472,0.0623862,-0.832858,52.1029,-1.717,3.95081,68.1303,-1.4804,-3.11696,66.9544
-0.0914971,1.5367,54.3823,0.548768,-0.616052,53.0196,1.37142,2.37763,61.5466,1.37474,-1.767,61.1683
0.321559,1.23539,55.1605,0.904252,-0.486145,54.0341,1.36734,2.36672,62.9406,1.30041,-1.84625,62.8309
0.565837,1.12939,53.7077,1.10367,-0.515156,52.7528,1.15332,2.49873,61.9614,1.04208,-2.04153,62.0216
0.946462,0.762827,56.65,1.45478,-0.271715,55.8644,1.29121,2.3393,64.8551,1.15731,-1.8842,64.9944
1.21159,0.533786,57.0268,1.68392,-0.159386,56.3987,1.18432,2.31791,65.2514,1.03458,-1.87141,65.4664
1.44409,0.315065,57.5906,1.90347,-0.0311362,57.0724,1.09715,2.2553,65.6347,0.929717,-1.83123,65.9235
1.48532,0.158848,58.4712,1.94072,0.0629042,58.031,0.923505,2.20647,66.056,0.743414,-1.80433,66.3934
1.46909,-0.00685945,59.3676,1.89839,0.126615,59.0365,0.707158,2.15805,66.3034,0.499528,-1.784,66.7209
1.33828,-0.11169,60.0884,1.75553,0.170277,59.8354,0.425188,2.1277,66.4535,0.194626,-1.77146,66.9327
1.19238,-0.0755355,57.98,1.5953,0.113993,57.7814,-0.0483431,2.22451,64.0783,-0.289432,-1.89213,64.6043
1.13947,-0.309613,61.533,1.55009,0.333061,61.3957,-0.0612081,1.99666,67.0019,-0.328548,-1.65518,67.5826
0.793354,-0.304942,62.2722,1.23937,0.370921,62.1082,-0.451923,1.96703,67.1633,-0.709015,-1.64227,67.7276
0.43839,-0.257832,64.7983,0.917642,0.37579,64.5737,-0.546207,1.91574,67.9393,-0.799818,-1.57011,68.4507
0.278367,-0.237025,68.0973,0.76839,0.327035,67.8885,-0.388937,1.8748,69.0391,-0.652715,-1.55895,69.5785
0.332343,-0.236978,70.4684,0.826963,0.30285,70.3006,-0.136824,1.80767,69.7896,-0.405195,-1.53759,70.3827
0.30202,-0.0885453,73.8751,0.795812,0.10165,73.7769,0.15535,1.95365,70.9251,-0.120972,-1.75074,71.6105
0.39733,0.00437021,75.5056,0.879381,-0.0225321,75.4675,0.473133,1.94432,70.7361,0.196915,-1.80085,71.4994
0.501427,0.106486,77.1173,0.969111,-0.150796,77.1383,0.803059,1.92596,70.6084,0.529155,-1.83844,71.4505
0.86749,0.182961,74.8535,1.30843,-0.23006,74.9026,1.15397,1.7904,67.1344,0.896909,-1.76159,68.0213
0.907671,0.209544,79.6059,1.34091,-0.285958,79.7307,1.59385,1.66546,70.0182,1.33356,-1.67769,71.0045
0.743388,0.555631,81.9431,1.16594,-0.66397,82.1218,1.66682,1.99684,70.6133,1.41239,-2.06596,71.6915
0.852136,0.738435,83.2273,1.26046,-0.862125,83.4473,1.92674,2.0495,70.4189,1.68176,-2.16384,71.5745
1.32091,0.800242,80.3814,1.70692,-0.917996,80.601,2.31036,1.86154,66.6682,2.08508,-2.02317,67.8589
1.49173,0.889695,85.3207,1.87645,-1.03358,85.6021,2.78982,1.80277,69.5455,2.56549,-2.00723,70.8589
1.21653,1.39813,87.9699,1.60145,-1.55901,88.2675,2.64234,2.33086,70.925,2.42488,-2.56381,72.3271
1.43985,1.6296,85.5285,1.81705,-1.7886,85.787,2.74121,2.4614,67.5921,2.53844,-2.73402,69.0462
2.13788,1.64015,89.07,2.51942,-1.80054,89.3439,3.57672,2.11222,69.3344,3.37912,-2.42894,70.9124
2.50151,1.87186,88.58,2.89354,-2.02804,88.7711,3.87571,2.18775,67.5661,3.68012,-2.56195,69.2685
2.49743,2.51135,87.7696,2.91072,-2.65367,87.7979,3.79701,2.73704,65.8874,3.59386,-3.16329,67.7423
3.84748,2.12926,77.9257,4.26956,-2.22006,77.653,4.72583,1.79209,55.5379,4.52702,-2.31752,57.4777
5.19464,1.66134,62.625,5.63774,-1.70922,61.7653,5.12966,0.936422,40.6197,4.95102,-1.56547,42.1655
-0.0278732,-0.00985244,0.135864,-0.0284557,0.00937357,0.136695,-0.0288158,-0.0146806,0.128642,-0.0282749,0.0121825,0.127574
-0.00402041,-0.000211349,0.0701243,-0.00412298,0.000112773,0.0704192,-0.00366438,-0.000651942,0.0654442,-0.00368951,0.0003285,0.0652303
-0.00125398,0.000192253,0.0513487,-0.00129891,-0.000212745,0.0515053,-0.00125153,4.46042e-05,0.0476396,-0.00125778,-0.00010225,0.0474449
-0.000376657,0.000139417,0.0421687,-0.000394538,-0.000144969,0.042261,-0.000451176,7.35935e-05,0.038827,-0.000452118,-7.00481e-05,0.0386791
9.02793e-05,9.08529e-05,0.0370583,9.01502e-05,-9.50994e-05,0.0371252,-2.89949e-05,6.01341e-05,0.0339451,-2.31621e-05,-4.07538e-05,0.0338567
-24.5116,15.5334,104.793,-25.9776,-14.7573,110.124,1.98753,1.44159,4.97783,0.454015,-5.5852,20.2166
-5.50872,5.21188,26.1851,-3.01843,-2.23381,18.2521,-31.9448,29.9938,168.606,-35.4975,-29.0419,176.546
-0.974961,3.24263,14.9204,-0.445892,-1.47223,13.3268,-3.87499,6.16091,31.1023,-0.62129,-3.11847,17.4015
0.854816,-0.425354,9.81654,-10.7678,-16.1238,61.4689,0.0544761,1.6023,14.141,0.82327,-3.37926,11.7514
-14.7305,28.6512,131.37,-17.5245,-32.9283,144.513,-13.7883,30.0082,143.167,-13.5012,-32.7664,144.52
-5.94835,4.09217,19.6854,-4.52776,-2.75571,16.3,0.0548185,0.0876746,1.3951,0.0499926,-0.066253,1.40756
-4.58997,4.00946,16.7462,-3.7744,-2.95749,14.8021,0.0522337,0.040698,0.589761,0.0518235,-0.0285105,0.593214
-4.76384,4.21763,17.8458,-4.04455,-3.23526,16.1693,0.0740743,0.0258589,0.421299,0.0741939,-0.0165776,0.423975
-4.63944,4.01899,18.0303,-3.90792,-3.11506,16.3574,0.166306,0.0234791,0.479949,0.17245,-0.012363,0.490517
-2.61782,4.15022,34.2883,-1.68367,-2.20814,31.0177,5.21415,-0.00520636,6.86503,5.24319,0.260751,6.91465
-2.71069,3.98196,45.5905,-1.80951,-2.36882,42.7617,21.3504,-0.914566,28.2303,21.5652,1.83202,28.6452
-1.71043,2.66079,52.326,-0.935924,-1.27832,50.3414,-0.665851,5.32783,74.482,-0.777249,-4.25113,73.406
-0.643917,1.95455,53.7473,0.0630324,-0.829712,52.0977,-1.72036,3.95539,68.1409,-1.49944,-3.12309,67.0139
-0.0933173,1.53746,54.3821,0.549458,-0.613543,53.0153,1.3726,2.38101,61.5451,1.38193,-1.75952,61.1589
0.319402,1.23581,55.1604,0.904789,-0.484124,54.0302,1.36832,2.36988,62.9395,1.30781,-1.83925,62.8229
0.563486,1.12955,53.7077,1.10407,-0.513506,52.7492,1.1541,2.50166,61.9606,1.04934,-2.03507,62.0148
0.943669,0.762614,56.6501,1.45495,-0.27058,55.8612,1.29176,2.34211,64.8546,1.16496,-1.87806,64.9884
1.20853,0.533295,57.027,1.6839,-0.158655,56.3958,1.18469,2.32055,65.2511,1.04239,-1.86563,65.461
1.44074,0.314305,57.5908,1.90325,-0.0307908,57.0699,1.09734,2.2578,65.6345,0.937701,-1.82577,65.9187
1.4817,0.157826,58.4714,1.94031,0.0628824,58.0288,0.923522,2.20885,66.0559,0.751587,-1.79916,66.3891
1.46521,-0.00812461,59.3678,1.89779,0.126254,59.0346,0.70702,2.16032,66.3035,0.507872,-1.7791,66.717
1.3342,-0.113167,60.0886,1.75476,0.169618,59.8338,0.424912,2.12987,66.4538,0.20311,-1.76683,66.9292
1.18834,-0.0770657,57.9803,1.59445,0.113207,57.7799,-0.0486821,2.22655,64.0785,-0.281101,-1.88779,64.6012
1.13504,-0.311429,61.5332,1.54902,0.331897,61.3946,-0.0617208,1.9987,67.0022,-0.319777,-1.65101,67.5798
0.788823,-0.306877,62.2724,1.2382,0.36957,62.1072,-0.452514,1.96902,67.1638,-0.700191,-1.63833,67.7251
0.433646,-0.259939,64.7985,0.916355,0.374208,64.5729,-0.546884,1.91768,67.9399,-0.790915,-1.56638,68.4484
0.273392,-0.239304,68.0976,0.766985,0.325221,67.8879,-0.389695,1.8767,69.0398,-0.643753,-1.5554,69.5764
0.327254,-0.239352,70.4687,0.825483,0.300872,70.3002,-0.13764,1.80952,69.7903,-0.396284,-1.53424,70.3809
0.296789,-0.0910267,73.8754,0.794262,0.0995086,73.7766,0.154497,1.95541,70.9258,-0.112134,-1.74757,71.6089
0.39214,0.00188987,75.5058,0.877829,-0.0247336,75.4673,0.472281,1.94599,70.7369,0.205446,-1.79791,71.498
0.496317,0.104029,77.1176,0.967581,-0.153032,77.1382,0.802218,1.92752,70.6092,0.537333,-1.83574,71.4492
0.862765,0.180692,74.8537,1.30702,-0.232167,74.9026,1.15319,1.79179,67.1352,0.904312,-1.75918,68.0203
0.902856,0.207206,79.6062,1.33949,-0.288187,79.7308,1.59305,1.66679,70.0191,1.34089,-1.67547,71.0036
0.738695,0.553336,81.9433,1.16456,-0.666187,82.122,1.66606,1.99804,70.6143,1.41935,-2.06396,71.6909
0.847641,0.736219,83.2275,1.25916,-0.864298,83.4476,1.92601,2.05058,70.4199,1.68827,-2.16207,71.574
1.31685,0.798225,80.3816,1.70575,-0.920008,80.6013,2.3097,1.86248,66.6691,2.09083,-2.02168,67.8586
1.48766,0.887643,85.321,1.8753,-1.03566,85.6025,2.78915,1.80364,69.5466,2.57112,-2.0059,70.8587
1.2126,1.39612,87.97,1.60036,-1.56106,88.2679,2.64172,2.33163,70.9261,2.43023,-2.56264,72.3272
1.43629,1.62775,85.5287,1.81608,-1.79049,85.7874,2.74066,2.46205,67.5933,2.54317,-2.73307,69.0464
2.13439,1.6383,89.0702,2.5185,-1.80246,89.3444,3.57618,2.11281,69.3356,3.38367,-2.42814,70.9127
2.49827,1.87011,88.5802,2.89272,-2.02988,88.7717,3.87522,2.18824,67.5674,3.68425,-2.56133,69.269
2.49444,2.5097,87.7698,2.90998,-2.6554,87.7984,3.79661,2.73745,65.8888,3.5976,-3.16283,67.743
3.84496,2.12784,77.9259,4.26902,-2.22154,77.6533,4.72551,1.79236,55.5391,4.52993,-2.31729,57.4785
5.19263,1.66031,62.6256,5.63748,-1.71031,61.7651,5.1295,0.93654,40.6207,4.95295,-1.56549,42.1664
-0.0278693,-0.00984936,0.135861,-0.0284562,0.00937609,0.136697,-0.0288172,-0.01468,0.128644,-0.0282826,0.0121844,0.127582
-0.00401957,-0.000210771,0.0701242,-0.00412307,0.000113264,0.0704197,-0.0036645,-0.000651863,0.0654447,-0.00369102,0.000328536,0.065232
-0.00125361,0.000192493,0.051349,-0.00129895,-0.000212543,0.0515056,-0.00125156,4.46258e-05,0.0476399,-0.00125844,-0.000102257,0.0474459
-0.000376486,0.000139531,0.0421691,-0.000394551,-0.000144881,0.0422613,-0.00045118,7.36029e-05,0.0388272,-0.000452414,-7.00461e-05,0.0386798
9.03389e-05,9.08963e-05,0.0370588,9.01574e-05,-9.50832e-05,0.0371256,-2.89813e-05,6.01442e-05,0.0339454,-2.3236e-05,-4.07381e-05,0.0338573
-24.512,15.5314,104.793,-25.9791,-14.7618,110.132,1.98717,1.43983,4.9765,0.450259,-5.59564,20.2547
-5.50879,5.20993,26.1842,-3.01988,-2.23775,18.2605,-31.9459,29.9907,168.614,-35.5041,-29.0518,176.589
-0.972538,3.24312,14.913,-0.446065,-1.47446,13.3416,-3.88122,6.17679,31.1502,-0.602434,-3.09215,17.2768
0.857565,-0.419167,9.8043,-10.7696,-16.1205,61.493,0.0364643,1.65463,14.2791,0.859045,-3.31228,11.4842
-14.7256,28.6508,131.359,-17.5242,-32.9306,144.52,-13.8061,30.0272,143.238,-13.4405,-32.7498,144.336
-5.94837,4.0926,19.6865,-4.5283,-2.75817,16.3071,0.0546207,0.0872413,1.39426,0.0504519,-0.066823,1.41153
-4.589,4.00887,16.7446,-3.77521,-2.96058,14.8103,0.0521569,0.0405513,0.589531,0.0520651,-0.0286877,0.594452
-4.76296,4.21684,17.8443,-4.04539,-3.23841,16.1767,0.0740125,0.0257651,0.421177,0.0745051,-0.0166821,0.424845
-4.63896,4.01815,18.0297,-3.90877,-3.11824,16.3636,0.166217,0.0233632,0.479826,0.173429,-0.0124849,0.492131
-2.61799,4.14997,34.2897,-1.68547,-2.21218,31.0239,5.2139,-0.00796166,6.86478,5.2773,0.259575,6.95794
-2.70996,3.98069,45.5906,-1.81048,-2.37186,42.7664,21.3519,-0.926347,28.2345,21.5575,1.81857,28.6445
-1.70926,2.6591,52.326,-0.936153,-1.28039,50.3444,-0.678142,5.32376,74.4995,-0.826857,-4.2718,73.4575
-0.6426,1.95367,53.7472,0.0625235,-0.832112,52.1016,-1.71796,3.95194,68.1333,-1.48501,-3.11847,66.9688
-0.0919286,1.53686,54.3822,0.548916,-0.615456,53.0186,1.37175,2.37837,61.5461,1.37647,-1.76522,61.166
0.321046,1.23548,55.1604,0.90436,-0.485663,54.0332,1.36762,2.36741,62.9403,1.30219,-1.84458,62.829
0.565277,1.12941,53.7077,1.10374,-0.514762,52.7519,1.15355,2.49937,61.9611,1.04383,-2.03999,62.0199
0.945794,0.762768,56.65,1.45479,-0.271442,55.8636,1.29139,2.33991,64.855,1.15915,-1.88274,64.9929
1.21086,0.533663,57.0269,1.68388,-0.159208,56.398,1.18446,2.31848,65.2513,1.03646,-1.87003,65.4651
1.44329,0.314881,57.5907,1.90338,-0.0310485,57.0718,1.09725,2.25584,65.6346,0.931636,-1.82992,65.9223
1.48445,0.158604,58.4713,1.94059,0.0629058,58.0304,0.92356,2.20699,66.0559,0.745377,-1.80309,66.3924
1.46816,-0.00715905,59.3676,1.89821,0.126537,59.036,0.707177,2.15853,66.3034,0.501532,-1.78282,66.7199
1.3373,-0.112038,60.0884,1.75531,0.170129,59.835,0.425175,2.12816,66.4536,0.196666,-1.77034,66.9318
1.19141,-0.0758954,57.9801,1.59506,0.113815,57.781,-0.0483723,2.22495,64.0783,-0.287433,-1.89109,64.6036
1.1384,-0.310038,61.533,1.54979,0.332795,61.3955,-0.061276,1.9971,67.0019,-0.326444,-1.65417,67.5819
0.792263,-0.305394,62.2722,1.23905,0.370611,62.108,-0.452009,1.96746,67.1634,-0.706898,-1.64132,67.727
0.437248,-0.258324,64.7983,0.917293,0.375426,64.5735,-0.546313,1.91615,67.9394,-0.797682,-1.56921,68.4501
0.27717,-0.237557,68.0974,0.768012,0.326616,67.8883,-0.389062,1.87521,69.0393,-0.650565,-1.55809,69.578
0.331117,-0.237531,70.4685,0.826566,0.302393,70.3005,-0.136964,1.80807,69.7897,-0.403058,-1.53678,70.3822
0.30076,-0.0891234,73.8752,0.795397,0.101154,73.7769,0.155201,1.95403,70.9252,-0.118852,-1.74997,71.6101
0.39608,0.00379271,75.5056,0.878966,-0.0230421,75.4674,0.472983,1.94468,70.7363,0.198961,-1.80014,71.4991
0.500196,0.105914,77.1174,0.968702,-0.151314,77.1383,0.802909,1.9263,70.6086,0.531117,-1.83779,71.4502
0.866352,0.182433,74.8535,1.30806,-0.230549,74.9026,1.15383,1.7907,67.1345,0.898685,-1.761,68.0211
0.906512,0.209,79.606,1.34053,-0.286476,79.7307,1.59371,1.66575,70.0184,1.33532,-1.67715,71.0043
0.742258,0.555097,81.9431,1.16557,-0.664486,82.1218,1.66669,1.99709,70.6135,1.41406,-2.06547,71.6914
0.851054,0.73792,83.2273,1.26012,-0.862631,83.4474,1.92661,2.04973,70.4192,1.68332,-2.16341,71.5744
1.31993,0.799773,80.3814,1.70661,-0.918465,80.6011,2.31024,1.86174,66.6684,2.08646,-2.02281,67.8588
1.49075,0.889218,85.3208,1.87614,-1.03406,85.6022,2.78969,1.80295,69.5458,2.56684,-2.0069,70.8588
1.21558,1.39766,87.9699,1.60116,-1.55949,88.2676,2.64223,2.33102,70.9252,2.42616,-2.56352,72.3272
1.43899,1.62917,85.5285,1.81679,-1.78904,85.7871,2.74111,2.46153,67.5924,2.53958,-2.73379,69.0463
2.13704,1.63972,89.0701,2.51917,-1.80099,89.344,3.57662,2.11235,69.3347,3.38021,-2.42874,70.9125
2.50073,1.87146,88.5801,2.89332,-2.02847,88.7713,3.87562,2.18785,67.5664,3.68112,-2.56179,69.2686
2.49671,2.51097,87.7697,2.91052,-2.65407,87.798,3.79694,2.73712,65.8878,3.59476,-3.16317,67.7425
3.84687,2.12893,77.9258,4.26942,-2.22041,77.653,4.72577,1.79214,55.5382,4.52772,-2.31746,57.4779
5.19416,1.6611,62.6252,5.63766,-1.70948,61.7652,5.12963,0.936444,40.6199,4.95148,-1.56547,42.1657
-0.0278723,-0.00985172,0.135864,-0.0284558,0.00937415,0.136695,-0.0288162,-0.0146805,0.128642,-0.0282768,0.012183,0.127576
-0.00402021,-0.000211213,0.0701243,-0.004123,0.000112887,0.0704193,-0.00366442,-0.000651921,0.0654444,-0.00368987,0.000328507,0.0652307
-0.00125389,0.000192309,0.0513488,-0.00129892,-0.000212698,0.0515054,-0.00125154,4.46106e-05,0.0476397,-0.00125794,-0.000102253,0.0474452
-0.000376617,0.000139443,0.0421688,-0.00039454,-0.000144948,0.0422611,-0.000451179,7.35963e-05,0.0388271,-0.00045219,-7.0048e-05,0.0386793
9.02933e-05,9.08632e-05,0.0370584,9.01522e-05,-9.50958e-05,0.0371253,-2.89923e-05,6.01367e-05,0.0339452,-2.318e-05,-4.07502e-05,0.0338568
-24.5117,15.533,104.793,-25.978,-14.7584,110.126,1.98747,1.44119,4.97758,0.453096,-5.58769,20.2258
-5.50874,5.21143,26.1849,-3.01878,-2.23474,18.2541,-31.9452,29.9932,168.609,-35.4991,-29.0442,176.556
-0.974385,3.24277,14.9187,-0.445933,-1.47276,13.3303,-3.87643,6.16465,31.1134,-0.616796,-3.11222,17.3719
0.855499,-0.423881,9.81372,-10.7682,-16.1231,61.4746,0.0504614,1.6142,14.172,0.831848,-3.36351,11.6881
-14.7293,28.6511,131.367,-17.5244,-32.9288,144.515,-13.7924,30.0125,143.184,-13.4871,-32.7626,144.477
-5.94836,4.09227,19.6857,-4.52789,-2.75629,16.3017,0.0547739,0.0875752,1.39491,0.0501009,-0.0663865,1.40848
-4.58975,4.00933,16.7458,-3.77459,-2.95821,14.804,0.0522164,0.0406644,0.589711,0.0518798,-0.0285519,0.593503
-4.76364,4.21745,17.8455,-4.04474,-3.23599,16.171,0.0740606,0.0258374,0.421273,0.0742664,-0.0166019,0.424178
-4.63933,4.0188,18.0301,-3.90812,-3.11581,16.3588,0.166288,0.0234526,0.479925,0.172678,-0.0123914,0.490893
-2.61787,4.15017,34.2887,-1.6841,-2.20908,31.0191,5.21419,-0.00583694,6.86511,5.25116,0.260478,6.92477
-2.71052,3.98167,45.5906,-1.80974,-2.36953,42.7628,21.3508,-0.917263,28.2313,21.5634,1.82886,28.6451
-1.71016,2.6604,52.326,-0.935977,-1.2788,50.3421,-0.66892,5.32696,74.4863,-0.788894,-4.25599,73.4181
-0.64361,1.95435,53.7473,0.0629146,-0.830271,52.0986,-1.71975,3.95456,68.1389,-1.49607,-3.12201,67.0034
-0.0929917,1.53732,54.3821,0.549334,-0.613988,53.0161,1.37237,2.38042,61.5453,1.38064,-1.76086,61.1606
0.319788,1.23573,55.1604,0.904691,-0.484482,54.0309,1.36813,2.36932,62.9397,1.30649,-1.8405,62.8243
0.563906,1.12952,53.7077,1.104,-0.513798,52.7498,1.15394,2.50114,61.9607,1.04804,-2.03623,62.016
0.94417,0.762648,56.6501,1.45492,-0.27078,55.8617,1.29165,2.34161,64.8547,1.16359,-1.87916,64.9894
1.20908,0.533379,57.0269,1.6839,-0.158783,56.3963,1.18461,2.32009,65.2511,1.04099,-1.86667,65.462
1.44134,0.314436,57.5908,1.90329,-0.0308502,57.0703,1.09729,2.25736,65.6346,0.936278,-1.82675,65.9195
1.48235,0.158004,58.4714,1.94038,0.0628883,58.0292,0.923504,2.20843,66.056,0.75013,-1.80009,66.3899
1.46591,-0.00790346,59.3678,1.8979,0.126321,59.0349,0.70703,2.15992,66.3035,0.506386,-1.77998,66.7177
1.33493,-0.112908,60.0886,1.7549,0.169737,59.8341,0.424947,2.12949,66.4537,0.20161,-1.76766,66.9298
1.18906,-0.0767973,57.9802,1.5946,0.113349,57.7802,-0.0486357,2.2262,64.0785,-0.282584,-1.88857,64.6018
1.13584,-0.31111,61.5332,1.54922,0.332106,61.3948,-0.0616437,1.99835,67.0022,-0.321338,-1.65176,67.5803
0.789638,-0.306537,62.2723,1.23841,0.369812,62.1074,-0.452423,1.96867,67.1637,-0.701761,-1.63904,67.7256
0.4345,-0.259568,64.7985,0.916587,0.374491,64.573,-0.546778,1.91734,67.9398,-0.792499,-1.56705,68.4488
0.274288,-0.238902,68.0975,0.767238,0.325545,67.888,-0.389574,1.87636,69.0396,-0.645346,-1.55604,69.5768
0.328171,-0.238934,70.4686,0.825749,0.301225,70.3002,-0.137508,1.8092,69.7901,-0.397868,-1.53484,70.3812
0.297731,-0.090589,73.8753,0.79454,0.0998907,73.7767,0.154636,1.95511,70.9257,-0.113704,-1.74814,71.6092
0.393075,0.00232754,75.5058,0.878108,-0.0243408,75.4673,0.47242,1.9457,70.7367,0.20393,-1.79844,71.4983
0.497238,0.104463,77.1175,0.967856,-0.152633,77.1382,0.802356,1.92725,70.6091,0.535881,-1.83622,71.4495
0.863616,0.181093,74.8537,1.30727,-0.231791,74.9026,1.15332,1.79155,67.135,0.902997,-1.75962,68.0205
0.903723,0.207619,79.6061,1.33974,-0.287789,79.7308,1.59318,1.66656,70.019,1.33959,-1.67587,71.0037
0.739541,0.553742,81.9432,1.16481,-0.665792,82.1219,1.66619,1.99783,70.6141,1.41811,-2.06432,71.691
0.848451,0.736611,83.2275,1.25939,-0.863911,83.4475,1.92613,2.05039,70.4197,1.68711,-2.16239,71.5741
1.31758,0.798582,80.3815,1.70596,-0.919649,80.6012,2.30981,1.86231,66.669,2.08981,-2.02195,67.8587
1.48839,0.888006,85.3209,1.87551,-1.03529,85.6024,2.78926,1.80349,69.5464,2.57012,-2.00614,70.8587
1.21331,1.39647,87.97,1.60056,-1.56069,88.2678,2.64182,2.3315,70.9259,2.42928,-2.56285,72.3272
1.43694,1.62808,85.5286,1.81625,-1.79015,85.7873,2.74075,2.46194,67.5931,2.54234,-2.73324,69.0464
2.13502,1.63863,89.0702,2.51866,-1.80212,89.3443,3.57627,2.1127,69.3354,3.38286,-2.42829,70.9127
2.49886,1.87042,88.5801,2.89287,-2.02955,88.7716,3.8753,2.18816,67.5672,3.68352,-2.56144,69.2689
2.49498,2.50999,87.7697,2.91012,-2.65509,87.7983,3.79668,2.73738,65.8886,3.59694,-3.16291,67.7429
3.84542,2.12809,77.9259,4.26912,-2.22128,77.6532,4.72556,1.79231,55.5389,4.52941,-2.31733,57.4784
5.193,1.66049,62.6255,5.63753,-1.71011,61.7651,5.12953,0.936521,40.6205,4.95261,-1.56548,42.1663
-0.02787,-0.00984991,0.135861,-0.0284561,0.00937564,0.136696,-0.0288169,-0.0146801,0.128643,-0.0282813,0.0121841,0.127581
-0.00401972,-0.000210874,0.0701242,-0.00412305,0.000113177,0.0704196,-0.00366448,-0.000651878,0.0654446,-0.00369075,0.00032853,0.0652317
-0.00125368,0.00019245,0.0513489,-0.00129894,-0.000212579,0.0515055,-0.00125155,4.46215e-05,0.0476398,-0.00125832,-0.000102256,0.0474457
-0.000376517,0.000139511,0.0421691,-0.000394549,-0.000144896,0.0422612,-0.000451179,7.3601e-05,0.0388272,-0.000452362,-7.00463e-05,0.0386797
9.03281e-05,9.08886e-05,0.0370587,9.0156e-05,-9.50861e-05,0.0371255,-2.89838e-05,6.01424e-05,0.0339453,-2.3223e-05,-4.07409e-05,0.0338572
-24.5119,15.5318,104.793,-25.9788,-14.761,110.131,1.98723,1.44014,4.97674,0.450919,-5.5938,20.248
-5.50878,5.21028,26.1844,-3.01962,-2.23705,18.259,-31.9457,29.9913,168.613,-35.503,-29.05,176.581
-0.972967,3.24304,14.9143,-0.446036,-1.47406,13.339,-3.88011,6.17397,31.1417,-0.605772,-3.09682,17.299
0.857076,-0.420274,9.80648,-10.7693,-16.1211,61.4888,0.0396773,1.64529,14.2545,0.852758,-3.3242,11.5317
-14.7265,28.6509,131.361,-17.5242,-32.9302,144.519,-13.8029,30.0238,143.225,-13.4516,-32.7528,144.369
-5.94837,4.09252,19.6863,-4.52821,-2.75773,16.3059,0.0546551,0.0873182,1.39441,0.0503696,-0.0667207,1.41081
-4.58917,4.00897,16.7448,-3.77506,-2.96002,14.8088,0.0521702,0.0405773,0.589571,0.0520214,-0.0286558,0.594227
-4.76312,4.21698,17.8446,-4.04524,-3.23784,16.1753,0.074023,0.0257817,0.421197,0.0744485,-0.0166633,0.424687
-4.63905,4.01829,18.0298,-3.90862,-3.11767,16.3625,0.166231,0.0233837,0.479846,0.173251,-0.012463,0.491837
-2.61796,4.15,34.2894,-1.68515,-2.21145,31.0228,5.21388,-0.00747233,6.86475,5.27111,0.259783,6.95007
-2.71009,3.98091,45.5906,-1.81031,-2.37132,42.7656,21.3517,-0.924255,28.2337,21.5589,1.82097,28.6446
-1.70947,2.6594,52.326,-0.936116,-1.28002,50.3438,-0.675851,5.32446,74.4962,-0.817836,-4.26807,73.4481
-0.642838,1.95383,53.7472,0.0626114,-0.831678,52.1009,-1.71842,3.95257,68.1347,-1.48764,-3.11931,66.977
-0.0921786,1.53696,54.3822,0.54901,-0.61511,53.018,1.37191,2.37884,61.5459,1.37746,-1.76419,61.1647
0.32075,1.23554,55.1604,0.904434,-0.485384,54.0327,1.36775,2.36785,62.9401,1.30321,-1.84362,62.8279
0.564954,1.12944,53.7077,1.1038,-0.514534,52.7514,1.15365,2.49978,61.961,1.04483,-2.03911,62.019
0.945411,0.762737,56.65,1.45482,-0.271285,55.8632,1.29146,2.3403,64.8549,1.16021,-1.88189,64.9921
1.21044,0.533594,57.0269,1.68388,-0.159107,56.3976,1.1845,2.31885,65.2512,1.03753,-1.86924,65.4643
1.44283,0.314775,57.5907,1.90335,-0.0310003,57.0714,1.09727,2.25618,65.6346,0.932736,-1.82917,65.9217
1.48396,0.158462,58.4713,1.94053,0.0629034,58.0301,0.923557,2.20732,66.0559,0.746503,-1.80238,66.3918
1.46763,-0.00733463,59.3676,1.89813,0.126488,59.0358,0.707153,2.15885,66.3034,0.502681,-1.78215,66.7194
1.33674,-0.112243,60.0885,1.7552,0.170039,59.8348,0.425132,2.12847,66.4536,0.197836,-1.76971,66.9314
1.19085,-0.0761074,57.9801,1.59494,0.113708,57.7808,-0.0484238,2.22523,64.0783,-0.286286,-1.89049,64.6031
1.1378,-0.31029,61.533,1.54965,0.332635,61.3953,-0.0613516,1.99738,67.002,-0.325235,-1.6536,67.5815
0.791642,-0.305662,62.2722,1.23889,0.370425,62.1078,-0.452096,1.96774,67.1635,-0.705682,-1.64078,67.7267
0.436598,-0.258616,64.7984,0.917117,0.375208,64.5734,-0.546412,1.91642,67.9395,-0.796455,-1.5687,68.4498
0.276487,-0.237872,68.0974,0.767818,0.326367,67.8883,-0.389171,1.87547,69.0393,-0.64933,-1.5576,69.5777
0.33042,-0.23786,70.4685,0.826363,0.302121,70.3004,-0.13708,1.80833,69.7898,-0.401829,-1.53632,70.382
0.300043,-0.0894664,73.8752,0.795185,0.10086,73.7768,0.155079,1.95427,70.9253,-0.117633,-1.74954,71.6099
0.395369,0.00344984,75.5057,0.878753,-0.023345,75.4674,0.472861,1.94491,70.7364,0.200137,-1.79973,71.4989
0.499496,0.105575,77.1174,0.968492,-0.151622,77.1383,0.80279,1.92651,70.6087,0.532245,-1.83741,71.45
0.865705,0.18212,74.8536,1.30786,-0.230839,74.9026,1.15372,1.79089,67.1346,0.899706,-1.76067,68.0209
0.905852,0.208677,79.606,1.34034,-0.286782,79.7307,1.59359,1.66593,70.0186,1.33633,-1.67685,71.0041
0.741615,0.55478,81.9431,1.16538,-0.664791,82.1219,1.66658,1.99726,70.6137,1.41502,-2.06519,71.6913
0.850438,0.737613,83.2274,1.25994,-0.86293,83.4474,1.9265,2.04988,70.4193,1.68422,-2.16317,71.5743
1.31938,0.799495,80.3815,1.70645,-0.918742,80.6011,2.31015,1.86187,66.6685,2.08725,-2.0226,67.8588
1.4902,0.888934,85.3208,1.87598,-1.03435,85.6022,2.7896,1.80307,69.5459,2.56762,-2.00672,70.8588
1.21505,1.39738,87.9699,1.60101,-1.55977,88.2676,2.64214,2.33113,70.9254,2.4269,-2.56336,72.3272
1.43851,1.62891,85.5286,1.81665,-1.7893,85.7871,2.74103,2.46162,67.5926,2.54023,-2.73366,69.0463
2.13656,1.63946,89.0701,2.51905,-1.80125,89.3441,3.57654,2.11243,69.3348,3.38084,-2.42863,70.9125
2.50029,1.87121,88.5801,2.89321,-2.02873,88.7713,3.87555,2.18792,67.5666,3.68169,-2.56171,69.2687
2.4963,2.51074,87.7697,2.91042,-2.65431,87.7981,3.79688,2.73718,65.8879,3.59527,-3.16311,67.7426
3.84653,2.12873,77.9258,4.26934,-2.22061,77.6531,4.72573,1.79218,55.5383,4.52812,-2.31743,57.478
5.19389,1.66096,62.6252,5.63763,-1.70962,61.7652,5.12961,0.93646,40.6201,4.95175,-1.56547,42.1658
-0.0278717,-0.0098513,0.135863,-0.0284559,0.0093745,0.136695,-0.0288164,-0.0146804,0.128643,-0.0282778,0.0121832,0.127577
-0.0040201,-0.000211134,0.0701243,-0.00412301,0.000112954,0.0704194,-0.00366444,-0.00065191,0.0654444,-0.00369008,0.000328512,0.0652309
-0.00125384,0.000192342,0.0513488,-0.00129892,-0.000212671,0.0515054,-0.00125154,4.46134e-05,0.0476397,-0.00125803,-0.000102254,0.0474453
-0.000376593,0.000139459,0.0421689,-0.000394542,-0.000144936,0.0422611,-0.00045118,7.35976e-05,0.0388271,-0.000452231,-7.00477e-05,0.0386794
9.03015e-05,9.08692e-05,0.0370585,9.01531e-05,-9.50935e-05,0.0371254,-2.89904e-05,6.01381e-05,0.0339452,-2.31902e-05,-4.0748e-05,0.0338569
-24.5118,15.5327,104.793,-25.9782,-14.759,110.127,1.98742,1.44095,4.9774,0.452575,-5.58913,20.2311
-5.50875,5.21116,26.1848,-3.01898,-2.23528,18.2553,-31.9453,29.9928,168.61,-35.5,-29.0456,176.562
-0.97405,3.24284,14.9177,-0.445958,-1.47306,13.3324,-3.87728,6.16684,31.12,-0.614192,-3.10859,17.3547
0.855878,-0.423031,9.81204,-10.7685,-16.1226,61.4779,0.0479849,1.6214,14.1911,0.836805,-3.35429,11.6513
-14.7287,28.651,131.366,-17.5244,-32.9291,144.516,-13.7948,30.0151,143.193,-13.4789,-32.7603,144.452
-5.94836,4.09233,19.6858,-4.52797,-2.75663,16.3026,0.0547464,0.0875155,1.3948,0.0501639,-0.0664647,1.40903
-4.58961,4.00924,16.7456,-3.7747,-2.95864,14.8051,0.0522057,0.0406441,0.589679,0.0519128,-0.0285761,0.593672
-4.76352,4.21734,17.8453,-4.04486,-3.23642,16.172,0.074052,0.0258244,0.421256,0.0743088,-0.0166163,0.424297
-4.63927,4.01869,18.0301,-3.90824,-3.11624,16.3597,0.166275,0.0234366,0.479907,0.172812,-0.0124081,0.491113
-2.61789,4.15013,34.2888,-1.68435,-2.20964,31.02,5.21414,-0.00621678,6.86505,5.25582,0.260315,6.93068
-2.71043,3.98149,45.5906,-1.80987,-2.36995,42.7635,21.351,-0.918887,28.2318,21.5624,1.82701,28.645
-1.71,2.66016,52.326,-0.93601,-1.27909,50.3425,-0.670577,5.32639,74.4887,-0.79566,-4.25881,73.4251
-0.643429,1.95423,53.7473,0.0628436,-0.830599,52.0991,-1.71943,3.95409,68.1379,-1.4941,-3.12139,66.9972
-0.0928017,1.53723,54.3821,0.549258,-0.614249,53.0165,1.37226,2.38005,61.5455,1.3799,-1.76164,61.1616
0.320013,1.23569,55.1604,0.904632,-0.484692,54.0313,1.36803,2.36898,62.9398,1.30573,-1.84123,62.8252
0.564153,1.1295,53.7077,1.10395,-0.513969,52.7502,1.15387,2.50082,61.9608,1.04729,-2.0369,62.0167
0.944461,0.762668,56.6501,1.4549,-0.270897,55.8621,1.2916,2.34131,64.8548,1.1628,-1.8798,64.9901
1.2094,0.533428,57.0269,1.6839,-0.158858,56.3966,1.18458,2.3198,65.2511,1.04018,-1.86727,65.4625
1.44169,0.314514,57.5908,1.9033,-0.0308848,57.0706,1.09728,2.25709,65.6346,0.93545,-1.82732,65.92
1.48273,0.158109,58.4714,1.94042,0.0628923,58.0294,0.923511,2.20818,66.0559,0.749282,-1.80063,66.3903
1.46631,-0.00777187,59.3677,1.89795,0.12636,59.0351,0.707053,2.15967,66.3035,0.50552,-1.78049,66.7181
1.33536,-0.112754,60.0885,1.75497,0.169808,59.8342,0.424985,2.12925,66.4537,0.200728,-1.76814,66.9302
1.18948,-0.0766375,57.9802,1.59468,0.113433,57.7803,-0.0485919,2.22597,64.0785,-0.283449,-1.88902,64.6021
1.1363,-0.31092,61.5331,1.54932,0.332229,61.3949,-0.0615813,1.99812,67.0021,-0.322248,-1.65219,67.5806
0.790109,-0.306334,62.2723,1.23852,0.369955,62.1075,-0.452352,1.96846,67.1637,-0.702677,-1.63945,67.7258
0.434993,-0.259347,64.7984,0.916713,0.374659,64.5731,-0.546698,1.91713,67.9397,-0.793423,-1.56744,68.4491
0.274806,-0.238663,68.0975,0.767376,0.325737,67.8881,-0.389486,1.87616,69.0396,-0.646276,-1.55641,69.577
0.328699,-0.238684,70.4686,0.825895,0.301434,70.3003,-0.137413,1.809,69.7901,-0.398792,-1.53519,70.3814
0.298274,-0.0903285,73.8753,0.794693,0.100117,73.7767,0.154734,1.95491,70.9256,-0.114621,-1.74847,71.6093
0.393615,0.00258806,75.5057,0.878261,-0.0241084,75.4673,0.472518,1.94552,70.7367,0.203045,-1.79874,71.4984
0.497769,0.104721,77.1175,0.968007,-0.152397,77.1382,0.802452,1.92708,70.609,0.535032,-1.8365,71.4496
0.864108,0.181331,74.8536,1.30741,-0.231569,74.9026,1.15341,1.7914,67.1349,0.902229,-1.75986,68.0206
0.904224,0.207865,79.6061,1.33988,-0.287554,79.7308,1.59327,1.66642,70.0189,1.33883,-1.6761,71.0038
0.740029,0.553983,81.9432,1.16494,-0.665558,82.1219,1.66627,1.9977,70.614,1.41739,-2.06452,71.6911
0.848918,0.736844,83.2274,1.25952,-0.863682,83.4475,1.92621,2.05028,70.4196,1.68644,-2.16257,71.5741
1.31799,0.798795,80.3815,1.70607,-0.919441,80.6012,2.30989,1.86221,66.6689,2.08921,-2.0221,67.8587
1.48882,0.888221,85.3209,1.87562,-1.03507,85.6024,2.78933,1.80339,69.5463,2.56954,-2.00627,70.8588
1.21372,1.39669,87.97,1.60067,-1.56048,88.2678,2.64189,2.33141,70.9258,2.42873,-2.56297,72.3272
1.43731,1.62827,85.5286,1.81635,-1.78995,85.7873,2.74082,2.46186,67.593,2.54185,-2.73334,69.0464
2.13538,1.63882,89.0701,2.51876,-1.80192,89.3443,3.57633,2.11264,69.3353,3.38239,-2.42837,70.9126
2.49919,1.8706,88.5801,2.89295,-2.02936,88.7715,3.87536,2.1881,67.567,3.68309,-2.5615,69.2689
2.49529,2.51017,87.7697,2.91019,-2.65491,87.7982,3.79672,2.73733,65.8884,3.59655,-3.16296,67.7428
3.84568,2.12824,77.9259,4.26918,-2.22112,77.6532,4.7256,1.79228,55.5388,4.52911,-2.31735,57.4783
5.19321,1.6606,62.6254,5.63755,-1.71,61.7651,5.12955,0.936507,40.6204,4.95241,-1.56548,42.1662
-0.0278704,-0.00985024,0.135862,-0.028456,0.00937537,0.136696,-0.0288168,-0.0146802,0.128643,-0.0282805,0.0121839,0.12758
-0.00401981,-0.000210935,0.0701243,-0.00412304,0.000113125,0.0704195,-0.00366447,-0.000651886,0.0654446,-0.00369059,0.000328526,0.0652315
-0.00125372,0.000192425,0.0513489,-0.00129894,-0.000212601,0.0515055,-0.00125155,4.46194e-05,0.0476398,-0.00125825,-0.000102255,0.0474456
-0.000376535,0.000139499,0.042169,-0.000394548,-0.000144906,0.0422612,-0.000451179,7.36001e-05,0.0388272,-0.000452331,-7.00466e-05,0.0386796
9.03218e-05,9.08841e-05,0.0370586,9.01553e-05,-9.50878e-05,0.0371255,-2.89853e-05,6.01414e-05,0.0339453,-2.32154e-05,-4.07425e-05,0.0338571
-24.5119,15.532,104.793,-25.9787,-14.7605,110.13,1.98728,1.44033,4.97689,0.451298,-5.59271,20.2441
-5.50877,5.21049,26.1845,-3.01947,-2.23664,18.2581,-31.9456,29.9916,168.612,-35.5023,-29.049,176.577
-0.973219,3.24299,14.9151,-0.446018,-1.47383,13.3375,-3.87945,6.17231,31.1366,-0.607733,-3.09957,17.312
0.856795,-0.42092,9.80778,-10.7691,-16.1214,61.4862,0.0416105,1.63972,14.2398,0.849054,-3.33122,11.5596
-14.727,28.6509,131.362,-17.5243,-32.9299,144.518,-13.8011,30.0218,143.218,-13.458,-32.7546,144.389
-5.94837,4.09247,19.6862,-4.52815,-2.75747,16.3051,0.0546761,0.087364,1.3945,0.0503215,-0.0666608,1.41039
-4.58928,4.00903,16.745,-3.77498,-2.9597,14.808,0.0521784,0.0405928,0.589596,0.0519958,-0.0286371,0.594096
-4.76322,4.21706,17.8447,-4.04515,-3.23751,16.1746,0.0740296,0.0257916,0.421211,0.0744156,-0.0166522,0.424595
-4.6391,4.01838,18.0298,-3.90853,-3.11733,16.3618,0.166241,0.023396,0.479859,0.173147,-0.0124501,0.491666
-2.61794,4.15003,34.2893,-1.68496,-2.21102,31.0221,5.21392,-0.00718032,6.86479,5.26751,0.259907,6.9455
-2.71017,3.98105,45.5905,-1.8102,-2.37099,42.7651,21.3515,-0.923006,28.2333,21.5597,1.82238,28.6447
-1.7096,2.65958,52.326,-0.936092,-1.2798,50.3435,-0.674585,5.3249,74.4944,-0.812609,-4.2659,73.4427
-0.642977,1.95392,53.7472,0.0626647,-0.831424,52.1005,-1.71866,3.95293,68.1355,-1.48916,-3.11981,66.9818
-0.0923246,1.53703,54.3822,0.549067,-0.614908,53.0177,1.37199,2.37912,61.5458,1.37804,-1.76359,61.164
0.320577,1.23557,55.1604,0.904479,-0.485222,54.0323,1.36782,2.36811,62.9401,1.3038,-1.84306,62.8272
0.564766,1.12945,53.7077,1.10383,-0.514401,52.7511,1.15371,2.50002,61.9609,1.04541,-2.03859,62.0185
0.945188,0.76272,56.6501,1.45483,-0.271194,55.8629,1.29149,2.34053,64.8549,1.16082,-1.8814,64.9916
1.21019,0.533555,57.0269,1.68388,-0.159048,56.3974,1.18452,2.31907,65.2512,1.03816,-1.86877,65.4639
1.44256,0.314713,57.5907,1.90334,-0.0309727,57.0712,1.09727,2.25639,65.6346,0.933374,-1.82874,65.9213
1.48367,0.158379,58.4713,1.94051,0.0629013,58.03,0.923548,2.20751,66.0559,0.747157,-1.80197,66.3914
1.46732,-0.00743745,59.3677,1.89809,0.126459,59.0356,0.707131,2.15904,66.3034,0.503349,-1.78176,66.7191
1.33642,-0.112363,60.0885,1.75515,0.169986,59.8347,0.4251,2.12865,66.4536,0.198517,-1.76934,66.9311
1.19053,-0.0762319,57.9801,1.59488,0.113644,57.7807,-0.0484612,2.22541,64.0784,-0.285618,-1.89015,64.6029
1.13745,-0.310438,61.5331,1.54957,0.33254,61.3952,-0.0614032,1.99756,67.002,-0.324533,-1.65327,67.5813
0.791282,-0.30582,62.2723,1.2388,0.370316,62.1077,-0.452154,1.9679,67.1635,-0.704975,-1.64047,67.7265
0.436221,-0.258787,64.7984,0.91702,0.37508,64.5733,-0.546477,1.91659,67.9396,-0.795742,-1.5684,68.4496
0.276092,-0.238057,68.0974,0.767712,0.32622,67.8882,-0.389243,1.87563,69.0394,-0.648611,-1.55732,69.5775
0.330016,-0.238053,70.4685,0.82625,0.30196,70.3004,-0.137156,1.80848,69.7899,-0.401115,-1.53605,70.3819
0.299628,-0.0896684,73.8752,0.795066,0.100686,73.7768,0.155001,1.95442,70.9254,-0.116925,-1.74929,71.6097
0.394957,0.00324797,75.5057,0.878635,-0.0235235,75.4674,0.472783,1.94505,70.7364,0.200821,-1.7995,71.4988
0.499089,0.105375,77.1174,0.968375,-0.151802,77.1383,0.802713,1.92664,70.6088,0.532901,-1.8372,71.4499
0.865329,0.181935,74.8536,1.30775,-0.23101,74.9026,1.15365,1.79101,67.1347,0.900299,-1.76048,68.0209
0.905469,0.208487,79.6061,1.34023,-0.286963,79.7307,1.59352,1.66604,70.0186,1.33692,-1.67667,71.0041
0.741242,0.554594,81.9432,1.16528,-0.66497,82.1219,1.66651,1.99736,70.6138,1.41558,-2.06504,71.6912
0.850081,0.737433,83.2274,1.25984,-0.863106,83.4475,1.92644,2.04997,70.4194,1.68474,-2.16303,71.5743
1.31905,0.799331,80.3815,1.70636,-0.918904,80.6011,2.31009,1.86195,66.6686,2.08772,-2.02248,67.8588
1.48987,0.888767,85.3208,1.8759,-1.03452,85.6023,2.78954,1.80315,69.546,2.56807,-2.00661,70.8588
1.21473,1.39722,87.9699,1.60093,-1.55994,88.2677,2.64208,2.3312,70.9255,2.42733,-2.56327,72.3272
1.43823,1.62876,85.5286,1.81658,-1.78945,85.7872,2.74098,2.46168,67.5927,2.54061,-2.73358,69.0463
2.13629,1.63931,89.0701,2.51898,-1.80141,89.3441,3.57649,2.11248,69.3349,3.38121,-2.42857,70.9126
2.50003,1.87107,88.5801,2.89315,-2.02887,88.7714,3.87551,2.18796,67.5667,3.68202,-2.56166,69.2687
2.49607,2.51061,87.7697,2.91037,-2.65445,87.7981,3.79685,2.73722,65.8881,3.59557,-3.16307,67.7426
3.84633,2.12862,77.9258,4.2693,-2.22073,77.6531,4.7257,1.79221,55.5384,4.52835,-2.31741,57.4781
5.19373,1.66087,62.6253,5.63761,-1.70971,61.7652,5.1296,0.936471,40.6202,4.9519,-1.56548,42.1659
-0.0278714,-0.00985105,0.135863,-0.0284559,0.0093747,0.136696,-0.0288165,-0.0146803,0.128643,-0.0282785,0.0121834,0.127578
-0.00402003,-0.000211087,0.0701243,-0.00412302,0.000112994,0.0704194,-0.00366444,-0.000651904,0.0654445,-0.0036902,0.000328515,0.0652311
-0.00125381,0.000192361,0.0513488,-0.00129893,-0.000212654,0.0515054,-0.00125154,4.46149e-05,0.0476398,-0.00125808,-0.000102254,0.0474454
-0.00037658,0.000139469,0.0421689,-0.000394543,-0.000144929,0.0422611,-0.00045118,7.35982e-05,0.0388271,-0.000452254,-7.00474e-05,0.0386794
9.03062e-05,9.08727e-05,0.0370585,9.01536e-05,-9.50922e-05,0.0371254,-2.89893e-05,6.01389e-05,0.0339452,-2.31962e-05,-4.07467e-05,0.033857
-24.5118,15.5325,104.793,-25.9783,-14.7594,110.128,1.98739,1.44081,4.97728,0.452273,-5.58998,20.2342
-5.50876,5.21101,26.1847,-3.0191,-2.2356,18.2559,-31.9454,29.9925,168.61,-35.5006,-29.0464,176.566
-0.973855,3.24287,14.9171,-0.445972,-1.47324,13.3336,-3.87779,6.16813,31.1239,-0.612673,-3.10647,17.3446
0.856095,-0.422535,9.81104,-10.7686,-16.1223,61.4799,0.0465048,1.62567,14.2024,0.839692,-3.34888,11.6298
-14.7283,28.651,131.365,-17.5243,-32.9293,144.517,-13.7963,30.0167,143.199,-13.474,-32.759,144.437
-5.94836,4.09236,19.6859,-4.52801,-2.75682,16.3032,0.05473,0.0874801,1.39473,0.0502009,-0.0665106,1.40934
-4.58954,4.00919,16.7455,-3.77477,-2.95888,14.8058,0.0521993,0.0406322,0.589659,0.0519322,-0.0285904,0.593771
-4.76345,4.21728,17.8451,-4.04493,-3.23668,16.1726,0.0740468,0.0258168,0.421245,0.0743337,-0.0166247,0.424366
-4.63923,4.01862,18.03,-3.90831,-3.1165,16.3602,0.166267,0.0234271,0.479896,0.17289,-0.012418,0.491242
-2.6179,4.15011,34.2889,-1.68449,-2.20996,31.0205,5.21409,-0.00644169,6.86499,5.25855,0.26022,6.93414
-2.71037,3.98139,45.5906,-1.80995,-2.37019,42.7639,21.3511,-0.919848,28.2322,21.5618,1.82593,28.6449
-1.70991,2.66003,52.326,-0.936029,-1.27925,50.3427,-0.671521,5.32604,74.49,-0.799619,-4.26047,73.4292
-0.643324,1.95415,53.7473,0.0628016,-0.830792,52.0994,-1.71925,3.95382,68.1374,-1.49295,-3.12102,66.9936
-0.0926902,1.53719,54.3821,0.549213,-0.614403,53.0168,1.37219,2.37983,61.5456,1.37946,-1.7621,61.1621
0.320145,1.23566,55.1604,0.904596,-0.484815,54.0316,1.36798,2.36878,62.9399,1.30528,-1.84166,62.8256
0.564296,1.12949,53.7077,1.10393,-0.51407,52.7504,1.15383,2.50064,61.9608,1.04685,-2.0373,62.0171
0.944631,0.76268,56.6501,1.45488,-0.270966,55.8623,1.29157,2.34113,64.8548,1.16234,-1.88018,64.9904
1.20958,0.533457,57.0269,1.68389,-0.158903,56.3968,1.18456,2.31963,65.2512,1.03971,-1.86762,65.4629
1.44189,0.31456,57.5907,1.90331,-0.0309052,57.0707,1.09728,2.25692,65.6346,0.934965,-1.82765,65.9203
1.48295,0.158172,58.4714,1.94044,0.0628945,58.0295,0.923518,2.20802,66.0559,0.748786,-1.80094,66.3906
1.46655,-0.00769411,59.3677,1.89798,0.126383,59.0352,0.70707,2.15952,66.3035,0.505012,-1.78079,66.7183
1.3356,-0.112663,60.0885,1.75501,0.16985,59.8343,0.42501,2.12911,66.4537,0.200212,-1.76842,66.9304
1.18973,-0.0765431,57.9802,1.59473,0.113482,57.7804,-0.0485627,2.22584,64.0784,-0.283956,-1.88929,64.6023
1.13657,-0.310807,61.5331,1.54938,0.332302,61.395,-0.061541,1.99799,67.0021,-0.322782,-1.65245,67.5807
0.790384,-0.306214,62.2723,1.23859,0.370039,62.1075,-0.452307,1.96833,67.1636,-0.703214,-1.63969,67.726
0.435281,-0.259217,64.7984,0.916785,0.374757,64.5732,-0.546648,1.917,67.9397,-0.793964,-1.56767,68.4492
0.275108,-0.238522,68.0975,0.767455,0.325849,67.8881,-0.38943,1.87604,69.0395,-0.646822,-1.55662,69.5771
0.329008,-0.238537,70.4686,0.825978,0.301557,70.3003,-0.137355,1.80888,69.79,-0.399335,-1.53539,70.3815
0.298591,-0.0901746,73.8753,0.794781,0.10025,73.7767,0.154795,1.9548,70.9256,-0.115159,-1.74866,71.6094
0.393929,0.00274188,75.5057,0.878349,-0.0239717,75.4674,0.472579,1.94541,70.7366,0.202526,-1.79892,71.4985
0.498079,0.104873,77.1175,0.968093,-0.152258,77.1382,0.802512,1.92698,70.609,0.534534,-1.83667,71.4497
0.864394,0.181472,74.8536,1.30749,-0.231438,74.9026,1.15346,1.79131,67.1349,0.901778,-1.76001,68.0206
0.904516,0.20801,79.6061,1.33996,-0.287416,79.7308,1.59333,1.66633,70.0188,1.33838,-1.67623,71.0039
0.740313,0.554125,81.9432,1.16502,-0.665421,82.1219,1.66633,1.99762,70.6139,1.41697,-2.06464,71.6911
0.849191,0.736981,83.2274,1.2596,-0.863547,83.4475,1.92627,2.05021,70.4196,1.68604,-2.16268,71.5742
1.31824,0.798919,80.3815,1.70614,-0.919314,80.6012,2.30993,1.86215,66.6688,2.08886,-2.02219,67.8587
1.48907,0.888349,85.3209,1.87569,-1.03494,85.6023,2.78938,1.80334,69.5462,2.5692,-2.00635,70.8588
1.21396,1.39681,87.97,1.60073,-1.56035,88.2678,2.64194,2.33136,70.9257,2.4284,-2.56304,72.3272
1.43752,1.62839,85.5286,1.8164,-1.78984,85.7872,2.74085,2.46182,67.5929,2.54156,-2.7334,69.0463
2.1356,1.63894,89.0701,2.51881,-1.8018,89.3442,3.57637,2.1126,69.3352,3.38212,-2.42841,70.9126
2.49939,1.87071,88.5801,2.89299,-2.02925,88.7715,3.87539,2.18807,67.567,3.68284,-2.56154,69.2688
2.49547,2.51027,87.7697,2.91023,-2.6548,87.7982,3.79675,2.73731,65.8883,3.59632,-3.16299,67.7428
3.84583,2.12833,77.9258,4.26921,-2.22103,77.6531,4.72562,1.79227,55.5387,4.52893,-2.31737,57.4783
5.19333,1.66066,62.6254,5.63757,-1.70993,61.7651,5.12956,0.936499,40.6203,4.95229,-1.56548,42.1661
-0.0278706,-0.00985043,0.135862,-0.028456,0.00937522,0.136696,-0.0288167,-0.0146802,0.128643,-0.02828,0.0121837,0.127579
-0.00401986,-0.000210971,0.0701243,-0.00412303,0.000113094,0.0704195,-0.00366446,-0.00065189,0.0654445,-0.0036905,0.000328523,0.0652314
-0.00125374,0.00019241,0.0513489,-0.00129894,-0.000212613,0.0515055,-0.00125155,4.46183e-05,0.0476398,-0.00125821,-0.000102255,0.0474456
-0.000376545,0.000139492,0.042169,-0.000394547,-0.000144911,0.0422612,-0.000451179,7.35997e-05,0.0388272,-0.000452313,-7.00468e-05,0.0386796
9.03181e-05,9.08814e-05,0.0370586,9.01549e-05,-9.50888e-05,0.0371255,-2.89862e-05,6.01408e-05,0.0339453,-2.32109e-05,-4.07435e-05,0.0338571
-24.5119,15.5321,104.793,-25.9786,-14.7603,110.129,1.9873,1.44044,4.97699,0.451525,-5.59207,20.2418
-5.50877,5.21061,26.1845,-3.01938,-2.2364,18.2576,-31.9456,29.9918,168.612,-35.5019,-29.0484,176.574
-0.973367,3.24296,14.9156,-0.446007,-1.47369,13.3365,-3.87906,6.17133,31.1337,-0.608885,-3.10118,17.3196
0.856632,-0.421297,9.80854,-10.769,-16.1216,61.4848,0.0427542,1.63644,14.231,0.846874,-3.33534,11.576
-14.7273,28.6509,131.363,-17.5243,-32.9298,144.518,-13.8,30.0206,143.214,-13.4618,-32.7556,144.4
-5.94837,4.09245,19.6861,-4.52812,-2.75732,16.3047,0.0546886,0.0873911,1.39455,0.0502933,-0.0666256,1.41014
-4.58934,4.00907,16.7451,-3.77493,-2.9595,14.8074,0.0521832,0.040602,0.589611,0.0519809,-0.0286262,0.59402
-4.76327,4.21711,17.8448,-4.0451,-3.23731,16.1741,0.0740336,0.0257975,0.421219,0.0743964,-0.0166458,0.424541
-4.63913,4.01844,18.0299,-3.90848,-3.11713,16.3614,0.166247,0.0234032,0.479868,0.173087,-0.0124426,0.491567
-2.61793,4.15005,34.2892,-1.68485,-2.21077,31.0217,5.21395,-0.00700791,6.86483,5.2654,0.25998,6.94283
-2.71022,3.98113,45.5905,-1.81015,-2.37081,42.7648,21.3514,-0.922269,28.233,21.5602,1.82321,28.6448
-1.70967,2.65968,52.326,-0.936078,-1.27967,50.3433,-0.673861,5.32516,74.4934,-0.809559,-4.26462,73.4395
-0.643058,1.95397,53.7472,0.0626965,-0.831276,52.1002,-1.7188,3.95314,68.136,-1.49005,-3.12009,66.9846
-0.0924103,1.53706,54.3822,0.549101,-0.614789,53.0175,1.37204,2.37929,61.5457,1.37837,-1.76324,61.1635
0.320476,1.23559,55.1604,0.904506,-0.485126,54.0322,1.36786,2.36827,62.94,1.30415,-1.84273,62.8269
0.564656,1.12946,53.7077,1.10385,-0.514323,52.751,1.15374,2.50016,61.9609,1.04575,-2.03829,62.0182
0.945057,0.762711,56.6501,1.45484,-0.27114,55.8628,1.29151,2.34067,64.8548,1.16117,-1.88111,64.9914
1.21005,0.533532,57.0269,1.68388,-0.159014,56.3972,1.18453,2.3192,65.2512,1.03852,-1.8685,65.4637
1.4424,0.314677,57.5907,1.90333,-0.0309568,57.0711,1.09727,2.25652,65.6346,0.933747,-1.82848,65.9211
1.4835,0.15833,58.4713,1.94049,0.0628999,58.0299,0.923542,2.20763,66.0559,0.747539,-1.80173,66.3912
1.46714,-0.00749771,59.3677,1.89806,0.126441,59.0355,0.707117,2.15915,66.3034,0.503739,-1.78153,66.7189
1.33623,-0.112433,60.0885,1.75512,0.169954,59.8346,0.425079,2.12876,66.4536,0.198914,-1.76912,66.9309
1.19034,-0.0763049,57.9801,1.59485,0.113606,57.7806,-0.0484844,2.22551,64.0784,-0.285228,-1.88995,64.6027
1.13724,-0.310524,61.5331,1.54952,0.332485,61.3952,-0.061435,1.99766,67.002,-0.324122,-1.65308,67.5812
0.791072,-0.305912,62.2723,1.23875,0.370251,62.1077,-0.452189,1.968,67.1635,-0.704562,-1.64028,67.7264
0.436,-0.258888,64.7984,0.916964,0.375005,64.5733,-0.546516,1.91668,67.9396,-0.795325,-1.56823,68.4495
0.275861,-0.238166,68.0975,0.767651,0.326133,67.8882,-0.389286,1.87572,69.0394,-0.648191,-1.55715,69.5774
0.329779,-0.238166,70.4685,0.826186,0.301866,70.3004,-0.137202,1.80857,69.7899,-0.400697,-1.5359,70.3818
0.299385,-0.089787,73.8752,0.794999,0.100584,73.7768,0.154953,1.95451,70.9254,-0.11651,-1.74914,71.6097
0.394716,0.00312942,75.5057,0.878567,-0.0236284,75.4674,0.472736,1.94513,70.7365,0.201221,-1.79937,71.4987
0.498853,0.105257,77.1174,0.968309,-0.15191,77.1382,0.802666,1.92672,70.6088,0.533284,-1.83707,71.4499
0.86511,0.181826,74.8536,1.30769,-0.23111,74.9026,1.15361,1.79108,67.1347,0.900647,-1.76037,68.0208
0.905246,0.208375,79.6061,1.34017,-0.287069,79.7308,1.59348,1.66611,70.0187,1.33726,-1.67657,71.004
0.741024,0.554484,81.9432,1.16522,-0.665076,82.1219,1.66647,1.99743,70.6138,1.4159,-2.06494,71.6912
0.849873,0.737327,83.2274,1.25978,-0.863209,83.4475,1.9264,2.05003,70.4194,1.68504,-2.16294,71.5742
1.31884,0.799236,80.3815,1.70628,-0.919009,80.6012,2.31005,1.862,66.6687,2.08799,-2.02241,67.8588
1.48968,0.888669,85.3208,1.87585,-1.03462,85.6023,2.7895,1.80319,69.546,2.56834,-2.00655,70.8588
1.21455,1.39712,87.9699,1.60088,-1.56003,88.2677,2.64205,2.33123,70.9255,2.42758,-2.56322,72.3272
1.43806,1.62868,85.5286,1.81654,-1.78954,85.7872,2.74095,2.46171,67.5927,2.54083,-2.73354,69.0463
2.13612,1.63923,89.0701,2.51894,-1.8015,89.3441,3.57646,2.11251,69.335,3.38142,-2.42853,70.9126
2.49988,1.87099,88.5801,2.89311,-2.02896,88.7714,3.87548,2.18799,67.5668,3.68221,-2.56163,69.2688
2.49593,2.51053,87.7697,2.91033,-2.65453,87.7981,3.79682,2.73724,65.8881,3.59575,-3.16305,67.7427
3.84621,2.12855,77.9258,4.26928,-2.2208,77.6531,4.72568,1.79222,55.5385,4.52849,-2.3174,57.4781
5.19363,1.66082,62.6253,5.6376,-1.70976,61.7652,5.12959,0.936477,40.6202,4.952,-1.56548,42.166
-0.0278712,-0.0098509,0.135863,-0.0284559,0.00937482,0.136696,-0.0288165,-0.0146803,0.128643,-0.0282788,0.0121835,0.127578
-0.00401999,-0.00021106,0.0701243,-0.00412302,0.000113018,0.0704194,-0.00366445,-0.000651901,0.0654445,-0.00369027,0.000328517,0.0652311
-0.00125379,0.000192373,0.0513488,-0.00129893,-0.000212645,0.0515054,-0.00125154,4.46157e-05,0.0476398,-0.00125811,-0.000102254,0.0474454
-0.000376572,0.000139474,0.0421689,-0.000394544,-0.000144925,0.0422611,-0.00045118,7.35985e-05,0.0388271,-0.000452268,-7.00473e-05,0.0386795
9.0309e-05,9.08747e-05,0.0370585,9.01539e-05,-9.50914e-05,0.0371254,-2.89886e-05,6.01393e-05,0.0339452,-2.31996e-05,-4.0746e-05,0.033857
-24.5118,15.5324,104.793,-25.9783,-14.7596,110.128,1.98737,1.44072,4.97721,0.452097,-5.59047,20.236
-5.50876,5.21091,26.1847,-3.01916,-2.23579,18.2563,-31.9454,29.9923,168.611,-35.5009,-29.0468,176.568
-0.973741,3.2429,14.9167,-0.44598,-1.47335,13.3343,-3.87809,6.16888,31.1262,-0.611784,-3.10523,17.3388
0.856221,-0.422245,9.81046,-10.7687,-16.1222,61.481,0.0456301,1.62818,14.2091,0.84138,-3.34571,11.6172
-14.7281,28.651,131.364,-17.5243,-32.9294,144.517,-13.7971,30.0176,143.202,-13.4712,-32.7582,144.429
-5.94836,4.09238,19.6859,-4.52804,-2.75694,16.3036,0.0547203,0.0874593,1.39468,0.0502225,-0.0665375,1.40953
-4.58949,4.00916,16.7454,-3.7748,-2.95903,14.8062,0.0521955,0.0406251,0.589648,0.0519436,-0.0285988,0.593829
-4.76341,4.21724,17.8451,-4.04497,-3.23683,16.173,0.0740437,0.0258123,0.421239,0.0743484,-0.0166296,0.424407
-4.6392,4.01857,18.03,-3.90835,-3.11664,16.3605,0.166262,0.0234215,0.479889,0.172936,-0.0124237,0.491318
-2.61791,4.15009,34.289,-1.68457,-2.21015,31.0208,5.21406,-0.00657408,6.86495,5.26015,0.260164,6.93617
-2.71033,3.98133,45.5905,-1.81,-2.37034,42.7641,21.3512,-0.920414,28.2324,21.5614,1.82529,28.6449
-1.70985,2.65995,52.326,-0.936041,-1.27935,50.3428,-0.672069,5.32584,74.4908,-0.801942,-4.26144,73.4316
-0.643262,1.95411,53.7472,0.062777,-0.830905,52.0996,-1.71914,3.95366,68.137,-1.49227,-3.1208,66.9915
-0.0926252,1.53716,54.3821,0.549186,-0.614493,53.0169,1.37216,2.37971,61.5456,1.37921,-1.76236,61.1625
0.320222,1.23564,55.1604,0.904574,-0.484888,54.0317,1.36795,2.36866,62.9399,1.30501,-1.84191,62.8259
0.56438,1.12948,53.7077,1.10391,-0.514129,52.7506,1.15381,2.50053,61.9608,1.04659,-2.03753,62.0174
0.944731,0.762687,56.6501,1.45487,-0.271007,55.8624,1.29156,2.34102,64.8548,1.16207,-1.8804,64.9907
1.20969,0.533475,57.0269,1.68389,-0.158928,56.3969,1.18456,2.31953,65.2512,1.03943,-1.86783,65.463
1.44201,0.314588,57.5907,1.90332,-0.0309172,57.0708,1.09728,2.25683,65.6346,0.93468,-1.82784,65.9205
1.48308,0.158209,58.4713,1.94045,0.0628959,58.0296,0.923523,2.20793,66.0559,0.748494,-1.80113,66.3907
1.46669,-0.00764831,59.3677,1.898,0.126397,59.0353,0.707081,2.15944,66.3034,0.504715,-1.78096,66.7185
1.33575,-0.112609,60.0885,1.75504,0.169874,59.8344,0.425026,2.12903,66.4537,0.199908,-1.76858,66.9305
1.18987,-0.0764875,57.9802,1.59476,0.113511,57.7805,-0.0485446,2.22576,64.0784,-0.284253,-1.88944,64.6024
1.13673,-0.310741,61.5331,1.54941,0.332345,61.395,-0.0615165,1.99791,67.0021,-0.323095,-1.65259,67.5808
0.790545,-0.306144,62.2723,1.23863,0.370089,62.1076,-0.45228,1.96825,67.1636,-0.703529,-1.63983,67.7261
0.435449,-0.25914,64.7984,0.916827,0.374815,64.5732,-0.546617,1.91693,67.9397,-0.794282,-1.5678,68.4493
0.275283,-0.238439,68.0975,0.767501,0.325916,67.8881,-0.389397,1.87596,69.0395,-0.647142,-1.55674,69.5772
0.329188,-0.238451,70.4686,0.826027,0.30163,70.3003,-0.137319,1.80881,69.79,-0.399653,-1.53551,70.3816
0.298777,-0.0900841,73.8753,0.794832,0.100328,73.7767,0.154832,1.95473,70.9255,-0.115475,-1.74877,71.6095
0.394113,0.00283237,75.5057,0.8784,-0.0238914,75.4674,0.472615,1.94534,70.7366,0.202221,-1.79903,71.4985
0.498259,0.104964,77.1175,0.968143,-0.152176,77.1382,0.802548,1.92692,70.6089,0.534242,-1.83676,71.4497
0.864562,0.181555,74.8536,1.30754,-0.231362,74.9026,1.1535,1.79126,67.1348,0.901514,-1.76009,68.0207
0.904687,0.208095,79.6061,1.34001,-0.287335,79.7308,1.59336,1.66628,70.0188,1.33812,-1.67631,71.0039
0.74048,0.554209,81.9432,1.16507,-0.66534,82.1219,1.66636,1.99758,70.6139,1.41672,-2.06471,71.6911
0.849351,0.737062,83.2274,1.25964,-0.863468,83.4475,1.9263,2.05016,70.4195,1.68581,-2.16274,71.5742
1.31839,0.798993,80.3815,1.70618,-0.91924,80.6012,2.30996,1.86212,66.6688,2.08866,-2.02224,67.8587
1.48921,0.888424,85.3209,1.87572,-1.03487,85.6023,2.78941,1.8033,69.5462,2.569,-2.0064,70.8588
1.2141,1.39688,87.97,1.60076,-1.56028,88.2677,2.64196,2.33133,70.9257,2.42821,-2.56308,72.3272
1.43765,1.62846,85.5286,1.81643,-1.78977,85.7872,2.74088,2.4618,67.5928,2.54139,-2.73343,69.0463
2.13572,1.639,89.0701,2.51884,-1.80173,89.3442,3.57639,2.11258,69.3352,3.38195,-2.42844,70.9126
2.49951,1.87078,88.5801,2.89302,-2.02918,88.7715,3.87541,2.18805,67.5669,3.68269,-2.56156,69.2688
2.49558,2.51033,87.7697,2.91026,-2.65474,87.7982,3.79677,2.73729,65.8883,3.59619,-3.163,67.7427
3.84592,2.12838,77.9258,4.26922,-2.22098,77.6531,4.72564,1.79226,55.5387,4.52883,-2.31737,57.4782
5.1934,1.6607,62.6254,5.63757,-1.70989,61.7652,5.12956,0.936494,40.6203,4.95222,-1.56548,42.1661
-0.0278708,-0.00985054,0.135862,-0.028456,0.00937512,0.136696,-0.0288167,-0.0146802,0.128643,-0.0282797,0.0121837,0.127579
-0.00401989,-0.000210991,0.0701243,-0.00412303,0.000113077,0.0704195,-0.00366446,-0.000651893,0.0654445,-0.00369045,0.000328522,0.0652313
-0.00125375,0.000192401,0.0513489,-0.00129893,-0.00021262,0.0515055,-0.00125155,4.46177e-05,0.0476398,-0.00125819,-0.000102255,0.0474455
-0.000376552,0.000139488,0.042169,-0.000394546,-0.000144914,0.0422612,-0.000451179,7.35994e-05,0.0388272,-0.000452303,-7.00469e-05,0.0386795
9.0316e-05,9.08799e-05,0.0370586,9.01546e-05,-9.50894e-05,0.0371254,-2.89868e-05,6.01404e-05,0.0339453,-2.32083e-05,-4.07441e-05,0.0338571
-24.5119,15.5322,104.793,-25.9785,-14.7601,110.129,1.98732,1.44051,4.97704,0.451661,-5.5917,20.2404
-5.50877,5.21068,26.1846,-3.01933,-2.23625,18.2573,-31.9455,29.9919,168.611,-35.5016,-29.048,176.573
-0.973454,3.24295,14.9158,-0.446001,-1.47361,13.336,-3.87883,6.17076,31.1319,-0.609562,-3.10213,17.3241
0.856536,-0.421519,9.80899,-10.7689,-16.1218,61.4839,0.0434271,1.63451,14.2259,0.845592,-3.33776,11.5856
-14.7275,28.6509,131.363,-17.5243,-32.9297,144.518,-13.7993,30.0199,143.211,-13.464,-32.7562,144.407
-5.94837,4.09243,19.6861,-4.5281,-2.75723,16.3044,0.054696,0.0874071,1.39458,0.0502767,-0.066605,1.41
-4.58937,4.00909,16.7452,-3.7749,-2.95939,14.8072,0.0521861,0.0406074,0.589619,0.0519722,-0.0286198,0.593975
-4.7633,4.21714,17.8449,-4.04507,-3.2372,16.1738,0.0740359,0.0258009,0.421223,0.0743852,-0.016642,0.42451
-4.63915,4.01847,18.0299,-3.90845,-3.11702,16.3612,0.166251,0.0234075,0.479873,0.173051,-0.0124382,0.491508
-2.61793,4.15006,34.2892,-1.68478,-2.21063,31.0215,5.21398,-0.0069065,6.86486,5.26417,0.260023,6.94127
-2.71024,3.98117,45.5905,-1.81011,-2.3707,42.7646,21.3514,-0.921835,28.2329,21.5605,1.8237,28.6448
-1.70971,2.65974,52.326,-0.936069,-1.2796,50.3432,-0.673439,5.32532,74.4928,-0.807773,-4.26388,73.4377
-0.643106,1.95401,53.7472,0.0627152,-0.831189,52.1001,-1.71888,3.95326,68.1362,-1.49057,-3.12026,66.9862
-0.0924604,1.53708,54.3822,0.549121,-0.61472,53.0173,1.37207,2.37938,61.5457,1.37857,-1.76304,61.1633
0.320416,1.2356,55.1604,0.904522,-0.485071,54.0321,1.36788,2.36836,62.94,1.30435,-1.84254,62.8266
0.56459,1.12946,53.7077,1.10387,-0.514278,52.7509,1.15375,2.50025,61.9609,1.04594,-2.03811,62.018
0.94498,0.762705,56.6501,1.45485,-0.271109,55.8627,1.29152,2.34076,64.8548,1.16138,-1.88095,64.9912
1.20997,0.533518,57.0269,1.68389,-0.158994,56.3972,1.18454,2.31928,65.2512,1.03873,-1.86835,65.4635
1.44231,0.314656,57.5907,1.90333,-0.0309474,57.0711,1.09727,2.25659,65.6346,0.933966,-1.82833,65.9209
1.4834,0.158302,58.4713,1.94048,0.062899,58.0298,0.923537,2.2077,66.0559,0.747763,-1.80159,66.3911
1.46703,-0.00753302,59.3677,1.89805,0.126431,59.0355,0.707109,2.15922,66.3034,0.503968,-1.7814,66.7188
1.33611,-0.112475,60.0885,1.7551,0.169935,59.8345,0.425067,2.12882,66.4536,0.199147,-1.769,66.9308
1.19023,-0.0763477,57.9801,1.59482,0.113584,57.7806,-0.0484987,2.22557,64.0784,-0.285,-1.88983,64.6027
1.13712,-0.310575,61.5331,1.5495,0.332452,61.3951,-0.0614541,1.99772,67.002,-0.323881,-1.65296,67.5811
0.790948,-0.305966,62.2723,1.23872,0.370213,62.1077,-0.45221,1.96806,67.1636,-0.70432,-1.64018,67.7263
0.435871,-0.258947,64.7984,0.916932,0.37496,64.5733,-0.546539,1.91674,67.9396,-0.79508,-1.56813,68.4495
0.275725,-0.23823,68.0975,0.767616,0.326082,67.8882,-0.389312,1.87578,69.0395,-0.647945,-1.55706,69.5774
0.329641,-0.238233,70.4685,0.826148,0.301811,70.3004,-0.13723,1.80863,69.7899,-0.400452,-1.53581,70.3817
0.299242,-0.0898566,73.8752,0.79496,0.100524,73.7768,0.154925,1.95456,70.9255,-0.116268,-1.74905,71.6096
0.394575,0.00305986,75.5057,0.878528,-0.0236899,75.4674,0.472708,1.94518,70.7365,0.201456,-1.79929,71.4987
0.498714,0.105189,77.1174,0.96827,-0.151972,77.1382,0.802638,1.92677,70.6088,0.533509,-1.837,71.4498
0.864982,0.181763,74.8536,1.30766,-0.231169,74.9026,1.15358,1.79112,67.1348,0.90085,-1.76031,68.0208
0.905115,0.20831,79.6061,1.34013,-0.287131,79.7308,1.59345,1.66615,70.0187,1.33746,-1.67651,71.004
0.740897,0.55442,81.9432,1.16518,-0.665137,82.1219,1.66644,1.99746,70.6138,1.41609,-2.06489,71.6912
0.84975,0.737265,83.2274,1.25975,-0.86327,83.4475,1.92637,2.05006,70.4194,1.68522,-2.1629,71.5742
1.31875,0.799178,80.3815,1.70628,-0.919056,80.6012,2.31003,1.86202,66.6687,2.08814,-2.02237,67.8587
1.48957,0.888612,85.3209,1.87582,-1.03468,85.6023,2.78948,1.80322,69.5461,2.56849,-2.00652,70.8588
1.21444,1.39707,87.97,1.60085,-1.56009,88.2677,2.64203,2.33126,70.9256,2.42773,-2.56319,72.3272
1.43796,1.62862,85.5286,1.81651,-1.78959,85.7872,2.74093,2.46173,67.5927,2.54096,-2.73351,69.0463
2.13603,1.63917,89.0701,2.51891,-1.80156,89.3442,3.57645,2.11252,69.335,3.38155,-2.42851,70.9126
2.49979,1.87094,88.5801,2.89309,-2.02901,88.7714,3.87546,2.188,67.5668,3.68232,-2.56162,69.2688
2.49585,2.51048,87.7697,2.91032,-2.65458,87.7981,3.79681,2.73725,65.8882,3.59585,-3.16304,67.7427
3.84615,2.12851,77.9258,4.26927,-2.22084,77.6531,4.72567,1.79223,55.5385,4.52857,-2.31739,57.4782
5.19358,1.6608,62.6253,5.63759,-1.70979,61.7652,5.12958,0.936481,40.6202,4.95205,-1.56548,42.166
-0.0278711,-0.00985082,0.135862,-0.0284559,0.00937489,0.136696,-0.0288166,-0.0146803,0.128643,-0.028279,0.0121835,0.127578
-0.00401996,-0.000211044,0.0701243,-0.00412302,0.000113031,0.0704194,-0.00366445,-0.000651899,0.0654445,-0.00369031,0.000328518,0.0652312
-0.00125378,0.000192379,0.0513488,-0.00129893,-0.000212639,0.0515055,-0.00125154,4.46162e-05,0.0476398,-0.00125813,-0.000102254,0.0474454
-0.000376567,0.000139477,0.0421689,-0.000394545,-0.000144922,0.0422611,-0.000451179,7.35988e-05,0.0388271,-0.000452276,-7.00472e-05,0.0386795
9.03106e-05,9.08759e-05,0.0370585,9.01541e-05,-9.50909e-05,0.0371254,-2.89881e-05,6.01396e-05,0.0339453,-2.32017e-05,-4.07455e-05,0.033857
-24.5119,15.5322,104.793,-25.9785,-14.7601,110.129,1.98732,1.44051,4.97704,0.451661,-5.5917,20.2404
-5.50877,5.21068,26.1846,-3.01933,-2.23625,18.2573,-31.9455,29.9919,168.611,-35.5016,-29.048,176.573
-0.973454,3.24295,14.9158,-0.446001,-1.47361,13.336,-3.87883,6.17076,31.1319,-0.609562,-3.10213,17.3241
0.856536,-0.421519,9.80899,-10.7689,-16.1218,61.4839,0.0434271,1.63451,14.2259,0.845592,-3.33776,11.5856
-14.7275,28.6509,131.363,-17.5243,-32.9297,144.518,-13.7993,30.0199,143.211,-13.464,-32.7562,144.407
-5.94837,4.09243,19.6861,-4.5281,-2.75723,16.3044,0.054696,0.0874071,1.39458,0.0502767,-0.066605,1.41
-4.58937,4.00909,16.7452,-3.7749,-2.95939,14.8072,0.0521861,0.0406074,0.589619,0.0519722,-0.0286198,0.593975
-4.7633,4.21714,17.8449,-4.04507,-3.2372,16.1738,0.0740359,0.0258009,0.421223,0.0743852,-0.016642,0.42451
-4.63915,4.01847,18.0299,-3.90845,-3.11702,16.3612,0.166251,0.0234075,0.479873,0.173051,-0.0124382,0.491508
-2.61793,4.15006,34.2892,-1.68478,-2.21063,31.0215,5.21398,-0.0069065,6.86486,5.26417,0.260023,6.94127
-2.71024,3.98117,45.5905,-1.81011,-2.3707,42.7646,21.3514,-0.921835,28.2329,21.5605,1.8237,28.6448
-1.70971,2.65974,52.326,-0.936069,-1.2796,50.3432,-0.673439,5.32532,74.4928,-0.807773,-4.26388,73.4377
-0.643106,1.95401,53.7472,0.0627152,-0.831189,52.1001,-1.71888,3.95326,68.1362,-1.49057,-3.12026,66.9862
-0.0924604,1.53708,54.3822,0.549121,-0.61472,53.0173,1.37207,2.37938,61.5457,1.37857,-1.76304,61.1633
0.320416,1.2356,55.1604,0.904522,-0.485071,54.0321,1.36788,2.36836,62.94,1.30435,-1.84254,62.8266
0.56459,1.12946,53.7077,1.10387,-0.514278,52.7509,1.15375,2.50025,61.9609,1.04594,-2.03811,62.018
0.94498,0.762705,56.6501,1.45485,-0.271109,55.8627,1.29152,2.34076,64.8548,1.16138,-1.88095,64.9912
1.20997,0.533518,57.0269,1.68389,-0.158994,56.3972,1.18454,2.31928,65.2512,1.03873,-1.86835,65.4635
1.44231,0.314656,57.5907,1.90333,-0.0309474,57.0711,1.09727,2.25659,65.6346,0.933966,-1.82833,65.9209
1.4834,0.158302,58.4713,1.94048,0.062899,58.0298,0.923537,2.2077,66.0559,0.747763,-1.80159,66.3911
1.46703,-0.00753302,59.3677,1.89805,0.126431,59.0355,0.707109,2.15922,66.3034,0.503968,-1.7814,66.7188
1.33611,-0.112475,60.0885,1.7551,0.169935,59.8345,0.425067,2.12882,66.4536,0.199147,-1.769,66.9308
1.19023,-0.0763477,57.9801,1.59482,0.113584,57.7806,-0.0484987,2.22557,64.0784,-0.285,-1.88983,64.6027
1.13712,-0.310575,61.5331,1.5495,0.332452,61.3951,-0.0614541,1.99772,67.002,-0.323881,-1.65296,67.5811
0.790948,-0.305966,62.2723,1.23872,0.370213,62.1077,-0.45221,1.96806,67.1636,-0.70432,-1.64018,67.7263
0.435871,-0.258947,64.7984,0.916932,0.37496,64.5733,-0.546539,1.91674,67.9396,-0.79508,-1.56813,68.4495
0.275725,-0.23823,68.0975,0.767616,0.326082,67.8882,-0.389312,1.87578,69.0395,-0.647945,-1.55706,69.5774
0.329641,-0.238233,70.4685,0.826148,0.301811,70.3004,-0.13723,1.80863,69.7899,-0.400452,-1.53581,70.3817
0.299242,-0.0898566,73.8752,0.79496,0.100524,73.7768,0.154925,1.95456,70.9255,-0.116268,-1.74905,71.6096
0.394575,0.00305986,75.5057,0.878528,-0.0236899,75.4674,0.472708,1.94518,70.7365,0.201456,-1.79929,71.4987
0.498714,0.105189,77.1174,0.96827,-0.151972,77.1382,0.802638,1.92677,70.6088,0.533509,-1.837,71.4498
0.864982,0.181763,74.8536,1.30766,-0.231169,74.9026,1.15358,1.79112,67.1348,0.90085,-1.76031,68.0208
0.905115,0.20831,79.6061,1.34013,-0.287131,79.7308,1.59345,1.66615,70.0187,1.33746,-1.67651,71.004
0.740897,0.55442,81.9432,1.16518,-0.665137,82.1219,1.66644,1.99746,70.6138,1.41609,-2.06489,71.6912
0.84975,0.737265,83.2274,1.25975,-0.86327,83.4475,1.92637,2.05006,70.4194,1.68522,-2.1629,71.5742
1.31875,0.799178,80.3815,1.70628,-0.919056,80.6012,2.31003,1.86202,66.6687,2.08814,-2.02237,67.8587
1.48957,0.888612,85.3209,1.87582,-1.03468,85.6023,2.78948,1.80322,69.5461,2.56849,-2.00652,70.8588
1.21444,1.39707,87.97,1.60085,-1.56009,88.2677,2.64203,2.33126,70.9256,2.42773,-2.56319,72.3272
1.43796,1.62862,85.5286,1.81651,-1.78959,85.7872,2.74093,2.46173,67.5927,2.54096,-2.73351,69.0463
2.13603,1.63917,89.0701,2.51891,-1.80156,89.3442,3.57645,2.11252,69.335,3.38155,-2.42851,70.9126
2.49979,1.87094,88.5801,2.89309,-2.02901,88.7714,3.87546,2.188,67.5668,3.68232,-2.56162,69.2688
2.49585,2.51048,87.7697,2.91032,-2.65458,87.7981,3.79681,2.73725,65.8882,3.59585,-3.16304,67.7427
3.84615,2.12851,77.9258,4.26927,-2.22084,77.6531,4.72567,1.79223,55.5385,4.52857,-2.31739,57.4782
5.19358,1.6608,62.6253,5.63759,-1.70979,61.7652,5.12958,0.936481,40.6202,4.95205,-1.56548,42.166
-0.0278711,-0.00985082,0.135862,-0.0284559,0.00937489,0.136696,-0.0288166,-0.0146803,0.128643,-0.028279,0.0121835,0.127578
-0.00401996,-0.000211044,0.0701243,-0.00412302,0.000113031,0.0704194,-0.00366445,-0.000651899,0.0654445,-0.00369031,0.000328518,0.0652312
-0.00125378,0.000192379,0.0513488,-0.00129893,-0.000212639,0.0515055,-0.00125154,4.46162e-05,0.0476398,-0.00125813,-0.000102254,0.0474454
-0.000376567,0.000139477,0.0421689,-0.000394545,-0.000144922,0.0422611,-0.000451179,7.35988e-05,0.0388271,-0.000452276,-7.00472e-05,0.0386795
9.03106e-05,9.08759e-05,0.0370585,9.01541e-05,-9.50909e-05,0.0371254,-2.89881e-05,6.01396e-05,0.0339453,-2.32017e-05,-4.07455e-05,0.033857
