1.02148,5.08799,30.5595,4.72868,4.06519,69.9573,8.17254,5.15777,108.099,-1.13777,-0.459368,2.41595
0.0308316,4.15984,29.9084,4.02994,2.37164,71.9697,8.81148,7.59473,109.558,-0.564855,-0.226406,1.42885
-0.605514,3.76795,28.2611,3.99978,2.24692,71.8837,8.81396,7.45819,110.591,-0.336685,-0.133293,1.05707
-3.1595,1.58533,20.906,3.3686,-0.312831,77.0896,8.49966,8.25432,111.899,-0.229341,-0.0890057,0.838523
-3.63707,1.28428,19.6809,3.23532,-0.503921,77.8273,8.58413,8.23802,112.941,-0.164568,-0.061921,0.709256
-6.28019,-1.39359,11.7125,3.46629,-2.63882,86.4156,7.92468,7.55314,116.884,-0.13373,-0.0501188,0.636706
-6.35349,-1.27495,11.6692,3.27544,-2.67679,87.8083,8.07029,7.61268,117.892,-0.106611,-0.0386851,0.576237
-10.0771,-3.21639,14.6664,3.85636,-3.62889,98.0877,6.66092,6.23457,122.802,-0.0967728,-0.0349701,0.55928
-11.8359,-3.84777,17.0878,3.55926,-3.50041,100.113,6.82985,6.3842,123.522,-0.0843512,-0.0294967,0.527697
-12.6426,-4.44879,17.7538,4.005,-3.41532,108.817,4.62179,4.69981,127.705,-0.0834154,-0.028246,0.545421
-10.2265,-3.54913,14.5179,3.94484,-3.40029,110.466,4.85531,4.81569,128.4,-0.0777121,-0.0254836,0.532213
-7.96208,-2.70176,11.3306,4.13628,-2.3655,111.541,2.48216,3.49777,132.27,-0.0828804,-0.0241222,0.586863
-4.01917,-1.36663,6.08494,4.29841,-2.45425,112.727,2.74606,3.67955,132.839,-0.0829533,-0.0224176,0.595255
-2.59241,-0.851039,4.13154,4.53506,-1.45147,109.297,0.378335,2.71283,134.405,-0.101069,-0.0200516,0.714662
-1.36596,-0.458695,2.49117,4.87625,-1.39995,109.787,0.720514,3.04837,134.982,-0.112748,-0.020679,0.771305
-1.08965,-0.354557,2.14212,4.89851,-1.1029,104.753,-1.18666,2.38337,134.207,-0.160698,-0.0167742,1.01318
-0.794852,-0.262676,1.74287,5.33654,-1.04148,104.765,-0.78068,2.76291,134.881,-0.225611,-0.0173812,1.26027
-0.968563,-0.323987,2.13894,5.48472,-1.58212,99.0572,-1.75422,3.01542,132.256,-0.475248,0.0247577,2.13158
-0.89831,-0.299341,2.05671,5.94794,-1.59754,99.1438,-1.29435,3.41815,133.18,-1.19558,0.0455562,3.77343
-2.38328,-0.828476,4.61683,6.27302,-2.27466,91.3098,-1.34179,3.86527,122.213,-7.29273,-0.00850813,15.9447
-4.73964,-1.5941,7.99709,6.69694,-2.32782,91.6665,-0.688892,3.94958,122.82,-11.7327,-3.90309,32.0472
-19.9591,-6.8358,33.0167,5.97621,-3.32509,77.8323,-2.34434,2.94729,92.3119,-8.96187,-8.01177,55.4171
-21.5809,-5.7044,43.9295,6.27953,-2.9337,77.2512,-1.56215,3.20959,90.7167,-8.06899,-8.99234,59.4201
-10.0866,-0.455252,60.2896,4.41282,-3.90811,54.132,-6.24825,0.796593,38.8569,-5.31152,-10.056,88.3102
-6.43516,1.48521,61.105,4.85751,-3.2382,49.9473,-5.25786,1.28076,36.9787,-4.63334,-9.83313,88.3182
1.47177,1.77442,68.2316,3.07201,-4.27791,34.3814,-3.28242,-0.645958,5.7883,-2.1465,-9.37469,124.336
2.50482,2.02697,66.141,3.07817,-4.08922,31.6485,-2.61277,-0.434104,4.78066,-2.31199,-9.18845,125.511
6.33663,1.8951,72.7897,2.15985,-3.6472,27.231,-0.852357,-0.174688,1.80047,1.18504,-7.33355,134.53
6.4236,1.92487,72.0913,1.74955,-3.5245,25.449,-0.442901,-0.0819671,1.20675,0.905943,-7.11973,135.98
8.01922,2.75745,79.5036,0.227195,-2.38099,21.3431,-0.235232,-0.0447506,0.786196,2.88727,-5.11979,130.045
7.87367,2.74453,79.7146,-0.250981,-2.28758,20.0036,-0.14246,-0.0254509,0.605574,3.02479,-4.95289,130.846
8.40977,3.77937,85.3181,-1.74791,-1.90223,16.5909,-0.0936286,-0.0168178,0.481711,3.75699,-3.89451,126.786
8.32351,3.7749,85.6716,-2.12735,-1.8642,15.573,-0.062889,-0.0114662,0.41165,4.12182,-3.72728,127.124
8.34585,4.49598,91.0161,-3.66975,-1.88813,12.5411,-0.0455102,-0.00880945,0.364316,4.60396,-3.28488,128.827
8.3432,4.45528,91.4616,-3.96597,-1.92531,12.158,-0.0335381,-0.00689879,0.330806,5.06235,-3.17822,128.831
7.9587,4.5906,97.4018,-5.04327,-1.96681,9.64967,-0.0266968,-0.00627941,0.314126,5.73932,-2.53028,133.849
8.04111,4.46034,97.732,-6.80263,-2.61578,11.8547,-0.0216776,-0.00561985,0.297221,6.21279,-2.43037,133.648
7.6253,3.54262,103.772,-9.52439,-3.2308,13.9611,-0.0196153,-0.00617613,0.296987,5.77712,-1.00928,135.635
7.64277,3.45421,104.575,-10.5367,-3.65407,15.3297,-0.0178059,-0.00598103,0.289024,6.18604,-0.815668,135.398
7.66625,2.25135,106.84,-8.40222,-2.81211,12.0155,-0.0175516,-0.0071449,0.298175,4.41547,0.291596,135.267
7.72385,2.29619,107.469,-4.68629,-1.55281,7.01775,-0.0174272,-0.00761627,0.299737,4.83869,0.47664,135.115
7.53362,1.14516,103.662,-1.80075,-0.593855,3.06007,-0.0184528,-0.0100876,0.323173,3.11664,0.344832,135.088
7.77011,1.26039,103.656,-0.833683,-0.27233,1.72424,-0.0197937,-0.0110006,0.336062,3.64744,0.406956,135.076
7.42615,0.614571,96.8385,-0.507688,-0.168126,1.23475,-0.0228585,-0.0168283,0.392224,2.61081,-0.717731,134.468
7.68983,0.831447,96.8086,-0.320126,-0.104476,0.948311,-0.0269216,-0.0180612,0.421228,3.20318,-0.786603,134.712
6.80438,0.714706,89.374,-0.257964,-0.0838518,0.864147,-0.0340271,-0.0322101,0.544973,2.07074,-2.09321,132.098
7.05195,0.980017,89.5072,-0.196108,-0.0620673,0.756938,-0.0460731,-0.0387836,0.631909,2.71914,-2.27644,132.778
6.32962,1.50894,85.975,-0.190146,-0.0563958,0.806112,-0.0645327,-0.0719669,0.884226,1.59906,-3.08323,134.676
6.54894,1.69537,86.1357,-0.174211,-0.0486702,0.795531,-0.108005,-0.124445,1.23361,2.23552,-3.30638,135.705
7.04298,3.49955,86.5154,-0.243548,-0.0521377,1.09436,-0.16413,-0.442736,2.54169,1.17575,-3.4752,135.523
7.26975,3.59814,86.6835,-0.294134,-0.0560667,1.24409,-1.0754,-2.47564,7.76694,1.88973,-3.68846,136.83
7.68467,5.79123,87.0366,-0.939086,-0.054189,2.93403,-7.55636,-7.33047,35.2218,0.706073,-3.31742,129.179
7.60086,5.85447,86.9594,-4.34115,-0.202245,8.37127,-13.5959,-5.32623,59.7857,0.758043,-2.23613,127.057
6.54305,7.55182,78.2495,-21.1016,-4.41522,48.5059,-11.5657,-3.13624,70.2543,-0.922601,-0.640134,101.215
7.09945,6.72198,73.4045,-14.9684,-9.44027,62.7288,-10.6058,-2.50833,70.1955,0.207972,-0.213972,98.0726
4.53304,6.14672,52.3033,-5.96774,-5.31072,71.3099,-3.95458,-0.95772,80.0018,-3.85992,-0.90849,51.4335
4.47735,5.94816,46.9281,-3.55948,-4.98258,69.8856,-3.0135,-0.748803,78.7005,-2.89895,-0.490213,47.4745
2.9479,5.68112,35.9403,2.60608,1.51253,69.7326,4.10923,2.31463,98.4476,-5.22104,-1.86083,9.71926
2.53298,5.60985,32.7894,3.50378,1.99683,67.5096,4.24421,2.229,98.9663,-5.75166,-2.08745,9.81473
1.56782,5.47251,32.0519,4.88138,4.61379,66.5972,8.31442,5.33994,106.956,-2.23811,-0.892074,3.98016
0.985277,5.16359,30.38,4.89861,4.46071,66.4389,8.2021,5.00923,107.981,-1.14709,-0.472333,2.43055
0.24271,4.33969,30.5895,3.88941,2.69056,68.7414,8.79467,7.6007,109.754,-0.563587,-0.229261,1.42458
-0.388085,3.93573,29.0239,3.76603,2.48516,69.0139,8.77637,7.46231,110.891,-0.334632,-0.134241,1.05099
-2.88915,1.79499,21.8223,3.04612,-0.158737,74.2195,8.45883,8.29469,112.282,-0.227666,-0.0891712,0.832862
-3.38049,1.49663,20.6061,2.85738,-0.391201,75.1627,8.52728,8.2855,113.408,-0.163322,-0.061773,0.704276
-6.22939,-1.3045,11.9865,3.04776,-2.58289,83.6062,7.90439,7.65383,117.054,-0.132596,-0.0497924,0.631222
-6.33243,-1.19358,11.962,2.81467,-2.67466,85.184,8.03368,7.71198,118.15,-0.105656,-0.0383186,0.571308
-9.44219,-2.99692,13.8745,3.54877,-3.64708,95.4808,6.65434,6.45488,124.043,-0.095766,-0.0344623,0.554127
-11.4886,-3.71097,16.664,3.22175,-3.55365,97.6385,6.80727,6.60621,124.816,-0.0834941,-0.0289656,0.522801
-12.6705,-4.47792,17.8069,3.7034,-3.49882,106.722,4.54891,4.93451,129.069,-0.0826006,-0.0279864,0.539475
-10.5603,-3.68319,14.9806,3.59395,-3.47939,108.444,4.78103,5.06003,129.799,-0.0768799,-0.0253481,0.526037
-8.47077,-2.90359,12.021,3.90582,-2.41027,109.978,2.41339,3.65614,133.264,-0.0818064,-0.0240265,0.578354
-4.46568,-1.53286,6.68839,4.03054,-2.52583,111.343,2.67307,3.83825,133.842,-0.081671,-0.0222974,0.585577
-2.90874,-0.964078,4.55629,4.37093,-1.51153,108.504,0.293548,2.79724,135.167,-0.0989638,-0.0201411,0.700214
-1.50006,-0.508278,2.67502,4.68212,-1.48672,109.121,0.63576,3.1294,135.741,-0.10968,-0.0206822,0.753098
-1.29085,-0.425289,2.42357,4.79597,-1.07734,104.414,-1.33373,2.45827,135.277,-0.163496,-0.014141,1.02314
-0.894353,-0.300125,1.88094,5.21793,-1.05525,104.584,-0.924744,2.8576,135.989,-0.221352,-0.0183225,1.23321
-1.10882,-0.376504,2.33976,5.4179,-1.53242,98.9952,-1.93824,3.01097,133.402,-0.463474,0.0205276,2.08342
-1.01033,-0.342346,2.22048,5.86224,-1.57127,99.1896,-1.48518,3.4082,134.304,-1.11375,0.0354025,3.59378
-2.87605,-1.01713,5.31905,6.32975,-2.32038,91.375,-1.63311,3.89284,123.23,-6.58834,0.0896121,14.603
-5.73619,-1.96898,9.38839,6.75031,-2.35944,91.7735,-0.984271,4.01161,123.848,-11.032,-3.53608,29.9065
-21.3401,-7.4732,35.5273,6.09973,-3.2771,78.2055,-2.5455,3.00538,93.6073,-8.39582,-7.57244,53.045
-19.7049,-4.81006,44.0778,6.42322,-2.66248,76.6812,-1.65676,3.34083,92.0448,-7.50231,-8.50571,57.3817
-8.09622,-0.0364045,56.5153,4.64895,-3.90864,53.4328,-6.12381,0.908781,39.5959,-4.79485,-9.52701,87.7224
-4.94074,1.61978,56.9379,5.08713,-3.31348,49.4184,-5.14772,1.36572,37.6053,-4.20337,-9.37709,87.8444
2.56546,1.91067,64.8527,3.22071,-4.40438,34.2174,-3.34164,-0.663749,5.88521,-1.6753,-8.99478,122.463
3.31489,2.11044,63.5867,3.2259,-4.22113,31.75,-2.67395,-0.451779,4.87537,-1.90136,-8.86105,123.797
6.87783,2.05733,71.264,2.26546,-3.68845,27.5549,-0.868636,-0.180006,1.82568,1.50715,-7.07764,131.886
6.82449,2.07907,70.9994,1.85771,-3.54166,25.7738,-0.450913,-0.0843781,1.2212,1.19785,-6.87822,133.515
8.40555,3.0154,78.7316,0.287351,-2.37693,21.6109,-0.237371,-0.0448872,0.777725,3.15212,-4.96517,127.73
8.2014,3.01829,79.122,-0.171819,-2.28802,20.2967,-0.141023,-0.0254377,0.604156,3.19399,-4.80014,128.811
8.80355,4.13875,84.8713,-1.62741,-1.96157,16.9598,-0.0923267,-0.0168019,0.478991,3.97174,-3.82325,125.302
8.67258,4.12969,85.4526,-2.01448,-1.92691,15.9569,-0.0620609,-0.0114542,0.410001,4.28762,-3.67825,125.697
8.81267,4.91236,90.9309,-3.58024,-1.96983,12.8716,-0.0449635,-0.00873052,0.362394,4.87994,-3.18472,127.265
8.79269,4.87654,91.4785,-3.87271,-1.99849,12.4525,-0.0331049,-0.00678721,0.329248,5.31033,-3.0897,127.4
8.47539,4.97083,97.441,-5.06045,-2.03078,9.80715,-0.0263533,-0.0061244,0.312129,5.96211,-2.41002,132.421
8.54871,4.84285,97.8555,-6.93064,-2.73794,12.1688,-0.0213595,-0.00545946,0.295244,6.40953,-2.32133,132.332
8.12833,3.96896,104.174,-9.90061,-3.42664,14.5123,-0.0193107,-0.00598107,0.29447,5.98868,-0.861676,134.736
8.13676,3.87786,105.063,-11.1437,-3.9517,16.2025,-0.0174888,-0.0057887,0.286377,6.36927,-0.677031,134.581
8.10528,2.57099,107.379,-8.75287,-2.97761,12.4565,-0.0174988,-0.00740731,0.298323,4.50472,0.43854,134.729
8.1708,2.63577,107.922,-4.77085,-1.6157,7.1487,-0.0173635,-0.00753252,0.297368,4.92637,0.610548,134.693
7.97181,1.43674,104.282,-1.79263,-0.602118,3.05288,-0.0183114,-0.00991791,0.32027,3.25734,0.473102,135.004
8.19556,1.55484,104.381,-0.83677,-0.278109,1.73068,-0.0194761,-0.0107759,0.332276,3.75655,0.532922,135.04
7.6887,0.843067,97.7311,-0.499814,-0.167009,1.22898,-0.0219697,-0.0153413,0.377993,2.65829,-0.618435,134.599
7.94673,1.0507,97.6381,-0.320706,-0.105986,0.952237,-0.0254222,-0.0174369,0.410454,3.21143,-0.66518,134.816
7.04032,0.981556,89.9911,-0.260389,-0.0858408,0.869277,-0.0318357,-0.0303883,0.524283,2.1783,-1.96123,132.095
7.29057,1.25709,90.1385,-0.198862,-0.063879,0.762291,-0.0426066,-0.036222,0.604556,2.8181,-2.13905,132.77
6.49552,1.76418,86.1366,-0.203947,-0.0608825,0.841841,-0.0580967,-0.0714405,0.863738,1.55815,-2.98757,134.381
6.71802,1.96335,86.4156,-0.183784,-0.0527172,0.812129,-0.0972717,-0.113633,1.1629,2.2062,-3.23265,135.377
7.11351,3.64972,87.0198,-0.262909,-0.0584293,1.13145,-0.139647,-0.386792,2.32462,0.983571,-3.53175,135.909
7.32824,3.75376,87.1678,-0.316234,-0.0630594,1.28523,-0.739539,-1.93049,6.40849,1.68955,-3.74903,137.221
7.70441,5.86477,87.2396,-0.856801,-0.0944949,2.68176,-8.62756,-9.40704,38.2942,0.499661,-3.39454,130.547
7.69588,5.91028,87.1433,-4.18713,-0.267949,8.1311,-13.6411,-5.89543,58.4098,0.689099,-2.4913,129.033
6.54723,7.56694,78.8885,-20.4273,-4.09124,43.1938,-12.2202,-3.65607,71.2302,-0.917968,-0.979835,104.815
7.07917,6.7808,74.5082,-16.7314,-9.72751,63.7729,-11.3171,-2.81793,71.2115,0.100567,-0.454368,101.202
4.68131,6.18525,54.0111,-7.51078,-6.26695,75.415,-4.68005,-1.20634,79.9942,-3.67374,-1.00943,56.3767
4.62318,5.92862,48.3775,-4.77433,-5.9586,74.0535,-3.58124,-0.979878,78.295,-2.66068,-0.589355,52.3116
2.85511,5.61239,36.3153,1.9076,0.844708,73.6883,3.67076,2.09514,98.6149,-6.07127,-2.20788,10.6844
2.43939,5.54806,33.2655,2.88166,1.37994,71.2104,3.8833,2.05072,98.663,-5.94547,-2.15053,10.2238
1.15819,5.27568,31.073,4.74901,4.08164,70.2166,8.16742,5.23852,106.288,-2.26758,-0.91498,4.04219
0.569458,4.95759,29.2394,4.89829,4.01604,69.6159,8.11273,4.9072,107.199,-1.20898,-0.503928,2.53483
-0.395344,4.03804,28.7494,4.13097,2.38541,71.7881,8.78134,7.3543,108.719,-0.591183,-0.245071,1.47252
-1.03001,3.62828,27.117,4.0731,2.22422,71.8692,8.78398,7.21306,109.775,-0.350245,-0.143729,1.08169
-3.50262,1.42462,20.1703,3.36698,-0.414634,77.2282,8.46088,8.09633,111.451,-0.238548,-0.0957707,0.850664
-3.93087,1.15088,19.1154,3.24913,-0.589563,77.9552,8.54581,8.06054,112.541,-0.168468,-0.065369,0.71647
-6.43212,-1.48432,11.8212,3.33483,-2.72171,86.4136,7.8332,7.41646,116.58,-0.135357,-0.0519153,0.640567
-6.50092,-1.35576,11.7805,3.14756,-2.75108,87.7895,7.97113,7.48354,117.643,-0.107242,-0.0396294,0.578711
-11.3263,-3.73707,16.3709,3.58679,-3.74293,98.1018,6.50297,6.08804,122.035,-0.0969713,-0.0356688,0.560548
-13.1889,-4.44747,18.977,3.27899,-3.62081,100.186,6.66262,6.24033,122.809,-0.0842506,-0.0299866,0.528605
-14.1471,-5.1503,19.8552,3.55721,-3.37208,108.792,4.36538,4.51368,127.87,-0.0829047,-0.0286194,0.545577
-11.8042,-4.24843,16.7073,3.49986,-3.3605,110.394,4.59557,4.62481,128.605,-0.0769663,-0.025826,0.532057
-9.57948,-3.38124,13.5491,3.6512,-2.24667,111.488,2.21159,3.32579,133.113,-0.0819002,-0.0243098,0.585591
-5.15154,-1.82017,7.6357,3.81753,-2.37347,112.701,2.46694,3.48234,133.712,-0.0818831,-0.0225697,0.593515
-3.29866,-1.1256,5.10005,4.05773,-1.45057,109.391,0.201518,2.53017,135.471,-0.0995086,-0.020522,0.709665
-1.63332,-0.568733,2.87263,4.4006,-1.42485,109.878,0.544338,2.84418,136.064,-0.110792,-0.0210938,0.763998
-1.3911,-0.469291,2.57423,4.52727,-1.21549,105.031,-1.39364,2.21405,135.486,-0.165711,-0.0137415,1.03905
-0.942915,-0.323243,1.96055,4.97241,-1.17088,105.049,-0.973741,2.60888,136.198,-0.225592,-0.0170048,1.25339
-1.0399,-0.361082,2.22968,5.1672,-1.67099,99.5442,-1.98374,2.79531,133.663,-0.444735,0.00996566,2.01784
-0.969696,-0.336101,2.17595,5.62736,-1.65286,99.4419,-1.50827,3.18196,134.443,-1.09304,0.0435387,3.56444
-2.63833,-0.954805,5.01394,6.15372,-2.35601,91.0634,-1.61094,3.75168,123.131,-6.20322,0.223129,13.9153
-5.27322,-1.83721,8.78594,6.59256,-2.40078,91.4028,-0.958474,3.88053,123.726,-10.674,-3.20267,28.7695
-20.8264,-7.37479,34.9265,6.04591,-3.32512,77.7977,-2.56227,2.82979,93.3992,-8.17882,-7.32155,52.0843
-22.1528,-6.00803,46.281,6.34237,-2.90279,77.1256,-1.76209,3.09444,91.77,-7.3517,-8.39947,56.423
-10.605,-0.672134,62.8657,4.61523,-3.74699,54.3195,-6.335,0.758955,40.6118,-4.53989,-9.41476,85.0162
-6.77957,1.39257,63.4332,5.04063,-3.02415,49.7311,-5.33116,1.23601,38.183,-3.96776,-9.28143,85.5582
1.3159,1.75785,70.5721,3.16014,-4.0295,33.9125,-3.41011,-0.703039,5.98724,-1.57407,-8.8928,121.833
2.44209,2.03496,68.1324,3.16564,-3.83772,31.1384,-2.76031,-0.489563,4.99791,-1.80008,-8.75586,123.22
6.34934,1.94766,74.9576,2.11232,-3.36996,26.4278,-0.879256,-0.189222,1.84147,1.56581,-6.94535,132.479
6.49619,1.98559,74.038,1.70265,-3.24851,24.6143,-0.455325,-0.0887664,1.22807,1.24025,-6.75986,134.082
-0.50872,4.46855,28.7853,2.50547,3.62164,70.9337,5.61705,4.48412,110.594,-1.18868,-0.492457,2.53346
-1.12535,4.54923,39.3538,2.6778,2.27997,73.6092,9.07174,7.73431,106.374,-0.585739,-0.242808,1.49846
-1.53738,3.91336,36.5407,2.41918,1.83427,75.2923,9.09153,7.65775,107.877,-0.326245,-0.134699,1.04519
-4.08229,1.74205,26.6109,1.87621,-0.854143,81.015,9.05367,8.49152,108.619,-0.225358,-0.0917824,0.829006
-4.38361,1.59932,24.2557,1.98361,-0.957807,81.6226,9.47126,8.59193,108.966,-0.160722,-0.0642625,0.691466
-7.70538,-1.37557,15.3467,2.63036,-2.84152,89.4456,9.16811,8.04081,112.199,-0.12837,-0.0510974,0.610968
-5.74803,-0.861537,11.3461,2.83554,-2.77473,90.1135,9.61781,8.16783,112.564,-0.103276,-0.0403976,0.549345
-6.0788,-1.77361,9.62105,3.96309,-3.54013,99.1795,8.5674,6.84391,116.728,-0.0905758,-0.035069,0.517201
-2.18468,-0.648705,4.14443,4.18796,-3.3622,100.077,9.04613,6.98391,116.751,-0.0799711,-0.0302325,0.487479
-1.6194,-0.525069,3.0115,5.28223,-2.93541,107.136,7.2526,5.43799,120.097,-0.0752977,-0.0272314,0.480749
-0.813002,-0.272339,1.82437,5.76427,-2.55186,107.282,7.88005,5.70731,120.015,-0.071782,-0.0251258,0.473665
-0.606161,-0.20677,1.43622,6.42921,-1.12033,106.972,5.93314,4.62757,123.086,-0.0741799,-0.0226181,0.496514
-0.425426,-0.148635,1.13504,7.0271,-0.806228,106.785,6.56581,4.99734,123.054,-0.0788932,-0.0226008,0.51907
-0.369054,-0.125222,1.00363,7.62256,0.60005,101.943,4.61302,4.30766,124.04,-0.0944005,-0.0214148,0.586373
-0.313255,-0.103249,0.890269,8.31376,0.946968,101.454,5.34952,4.83471,124.044,-0.116677,-0.0244214,0.662789
-0.291196,-0.0911033,0.846982,8.44147,1.2715,96.3043,3.75094,4.28052,122.707,-0.173895,-0.0264692,0.841522
-0.276038,-0.0833805,0.811942,9.02055,1.31483,96.6073,4.46678,4.75032,122.937,-0.295407,-0.0409065,1.13955
-0.281524,-0.0818536,0.849274,9.11101,0.610522,91.6393,3.68361,5.05025,120.049,-0.751051,-0.0717141,2.0237
-0.319724,-0.0896534,0.919221,9.68954,0.549464,92.3279,4.42379,5.49896,120.734,-4.22928,-0.522798,6.95186
-0.44069,-0.119892,1.18854,9.83829,-0.358398,85.4889,4.29149,5.76133,109.739,-19.1852,-4.38806,27.4992
-0.869583,-0.222218,1.8726,10.5185,-0.582386,86.906,5.1102,5.99851,111.099,-16.2516,-6.34041,26.9656
-4.64179,-1.10326,7.10564,9.49097,-2.54264,75.3237,2.38111,4.38005,82.5241,-17.3828,-11.2827,48.0961
-27.5892,-6.02341,37.5049,10.0902,-1.79196,75.1467,3.36848,4.70621,82.4469,-14.6018,-13.045,63.2653
-29.3044,-4.78969,61.6338,7.46916,-3.02641,54.463,-3.55764,1.73623,34.4681,-12.7131,-13.2788,87.3059
-15.7511,1.88946,82.212,7.67876,-2.01441,50.8347,-2.71919,2.39752,33.2413,-11.9934,-12.6646,87.8722
-0.975625,2.48112,67.7275,5.18958,-4.08604,38.8085,-5.00802,-0.997293,8.73333,-12.6866,-13.261,122.714
0.0472427,2.58696,65.7649,5.28535,-4.19364,36.7037,-1.43569,-0.243363,3.34413,-11.8032,-12.6829,122.223
2.90616,2.38627,74.4028,4.21936,-4.02514,34.3198,-0.770206,-0.15654,1.78465,-7.94168,-10.4149,128.777
2.78941,2.32637,74.9853,3.78951,-4.03613,33.6358,-0.334586,-0.0636401,1.04438,-7.33017,-9.7954,128.253
4.00552,3.22662,82.7267,1.99373,-3.02135,30.4697,-0.20782,-0.0392697,0.734306,-4.15849,-7.17435,121.025
4.00897,3.24788,82.9226,1.41124,-2.94494,29.2411,-0.125878,-0.0227644,0.557148,-3.72909,-6.87931,121.103
4.52792,4.40782,88.0519,-0.712387,-2.66042,25.2763,-0.0868952,-0.0153372,0.452023,-2.52801,-5.63171,116.944
4.65467,4.49859,88.0569,-1.58228,-2.56659,22.4809,-0.0599604,-0.0104157,0.383884,-2.11706,-5.49358,117.305
4.72909,5.37203,92.8318,-4.28348,-2.67619,17.3782,-0.0442881,-0.00785329,0.33973,-1.71757,-5.13247,119.137
5.01107,5.44013,92.6931,-4.54889,-2.54341,14.7006,-0.0334202,-0.00614901,0.307931,-1.10655,-5.00719,119.095
4.81657,5.69303,97.6908,-6.23347,-2.67011,12.0583,-0.0264421,-0.00540664,0.288222,-0.5871,-4.48419,123.9
5.20962,5.71747,97.2588,-4.19554,-1.8226,8.31252,-0.0217201,-0.00481695,0.272266,0.167612,-4.26805,123.29
5.02632,4.96243,102.104,-3.73986,-1.41928,6.39316,-0.0188092,-0.0049969,0.26497,-0.122696,-2.81726,124.686
5.39103,5.02344,101.914,-1.53697,-0.577387,3.15143,-0.0169644,-0.00494459,0.258492,0.553636,-2.50761,123.986
5.83698,3.84444,102.899,-1.07266,-0.372027,2.19272,-0.0160605,-0.00592797,0.261482,-0.907352,-1.36652,123.262
6.3256,3.90269,102.301,-0.572677,-0.193118,1.40352,-0.0160672,-0.00645723,0.264603,-0.194681,-1.18299,122.858
6.85827,2.63795,96.6573,-0.416693,-0.138317,1.08246,-0.0167593,-0.0084021,0.279936,-1.52578,-1.39744,122.501
7.28453,2.76471,96.1682,-0.286874,-0.0936,0.851343,-0.0185894,-0.00965118,0.295886,-0.780576,-1.33208,122.248
7.11168,2.04927,89.6551,-0.224556,-0.072762,0.725526,-0.0214447,-0.0135494,0.331672,-1.61562,-2.43026,121.246
7.30219,2.28625,90.1449,-0.174587,-0.0547515,0.629635,-0.0265342,-0.0163742,0.370001,-0.939484,-2.48632,121.265
6.45296,2.08147,83.6198,-0.148439,-0.044978,0.583578,-0.034574,-0.0258992,0.45076,-1.82415,-3.7106,118.371
6.58506,2.3565,84.5429,-0.130033,-0.0372155,0.54582,-0.0510568,-0.0368779,0.556926,-1.17235,-3.92606,118.967
5.79664,2.85201,81.9885,-0.124205,-0.0316516,0.55954,-0.081616,-0.0687678,0.770131,-2.40376,-4.79264,120.665
5.94635,3.04072,82.8645,-0.133602,-0.0306299,0.592165,-0.172336,-0.145431,1.18202,-1.70609,-5.03302,121.414
6.35063,4.86625,83.9315,-0.175773,-0.0293966,0.736184,-0.61494,-0.639266,2.7648,-2.70599,-5.12899,120.798
6.61113,4.92935,84.2411,-0.293625,-0.0423782,1.00026,-10.3903,-7.91708,20.5512,-1.99389,-5.19337,121.597
6.97598,7.05816,84.8635,-0.999752,-0.0662705,2.26089,-17.8464,-8.10997,41.4869,-2.74178,-4.77463,113.864
7.1442,6.93289,84.3173,-17.0431,-2.173,23.358,-14.7273,-3.66918,54.3635,-2.40262,-4.0643,112.511
5.91698,8.82731,76.4629,-29.4038,-6.80835,44.4993,-11.1641,-2.17719,61.3939,-3.19097,-1.92481,88.271
6.44767,8.03284,72.5367,-17.2653,-10.8329,61.6045,-11.393,-2.29188,64.4448,-2.48778,-1.51699,86.8872
4.01027,7.24967,53.0264,-3.89734,-4.19766,65.0781,-6.75174,-1.35479,77.8715,-4.56192,-1.19109,42.7558
3.95256,7.10102,48.6753,-2.06969,-3.16338,62.3581,-6.4971,-1.34864,78.785,-3.96315,-1.06758,41.7294
2.53755,6.56281,39.8613,2.47779,2.52142,66.2208,-0.558069,1.18997,99.2508,-5.26004,-2.11644,10.809
2.24807,6.554,37.443,2.39175,2.43366,67.3919,-0.248477,1.2952,99.6941,-2.00611,-0.779999,4.96654
1.3381,6.45532,38.3683,3.18204,4.67204,68.5164,3.97629,4.38596,106.558,-0.998428,-0.421467,2.45848
0.78593,6.16564,38.1446,2.87245,4.40833,69.642,4.32193,4.25281,106.466,-0.431495,-0.189803,1.41611
0.0727653,5.38253,38.9232,1.59458,2.46907,72.9,5.27659,6.89004,107.172,-0.265885,-0.116442,0.994293
-0.497114,4.9649,37.7714,1.39331,2.17564,73.735,5.53067,6.87026,107.477,-0.168211,-0.0730976,0.769841
-3.07352,2.69488,29.6212,0.600138,-0.523,79.1611,5.39019,7.74544,108.22,-0.125621,-0.0532947,0.643071
-3.45928,2.44124,27.5651,0.540112,-0.710206,79.9458,5.62589,7.8249,108.738,-0.0949358,-0.0390984,0.558799
-7.41261,-1.21116,16.1871,0.846128,-2.7645,87.7395,5.05649,7.2523,111.734,-0.0793682,-0.0322896,0.506643
-5.80868,-0.780395,12.4027,0.893645,-2.79256,88.5569,5.33168,7.35449,112.243,-0.0662697,-0.0262679,0.466511
-6.60051,-2.0348,10.571,1.82902,-3.5992,97.6466,3.92641,6.10244,117.363,-0.0599165,-0.0233083,0.446719
-2.44189,-0.768612,4.65598,1.87645,-3.54738,98.7262,4.24771,6.20366,117.459,-0.054565,-0.0205128,0.428576
-1.86979,-0.653742,3.43448,2.68024,-3.23092,106.173,2.08852,4.59846,120.765,-0.0525606,-0.0188392,0.428217
-0.8991,-0.327473,2.00681,2.99896,-2.91825,106.324,2.55652,4.83183,120.753,-0.0513241,-0.0176364,0.42784
-0.666706,-0.247878,1.56816,3.65631,-1.50638,106.392,0.310421,3.59527,123.322,-0.0533971,-0.0155575,0.452868
-0.457569,-0.175208,1.22402,4.05328,-1.31114,106.479,0.754313,3.90802,123.323,-0.0576475,-0.0154447,0.479118
-0.394624,-0.147028,1.07863,4.7003,0.0317811,102.338,-1.47059,3.05777,123.99,-0.068711,-0.0134154,0.546603
-0.332639,-0.12069,0.954238,5.21997,0.311041,101.906,-0.955548,3.52692,124.07,-0.0864795,-0.0148834,0.627117
-0.309971,-0.106908,0.910716,5.4321,0.725424,97.0774,-2.76791,2.94886,122.977,-0.128482,-0.0118671,0.807162
-0.293718,-0.0979606,0.87292,5.84294,0.712858,97.3403,-2.29101,3.38727,123.252,-0.218558,-0.016684,1.09385
-0.297433,-0.0954559,0.916554,6.02015,0.0613993,92.348,-3.17189,3.56765,120.309,-0.531867,-0.00505041,1.88856
-0.343692,-0.106234,1.00542,6.37777,-0.057621,92.9988,-2.74272,3.96845,120.983,-2.78862,-0.104979,5.54073
-0.486929,-0.14528,1.3414,6.77236,-1.06498,86.1098,-2.52897,4.3362,109.864,-16.6026,-3.05071,26.1155
-1.10325,-0.306895,2.32466,7.06269,-1.35334,87.3653,-2.16755,4.41004,111.111,-13.5981,-6.70005,30.5418
-7.70229,-1.97364,11.4563,6.36464,-3.12522,75.8041,-3.15954,3.21227,82.6878,-9.29145,-9.43654,48.2165
-31.2299,-7.07418,45.3777,6.73466,-1.89969,74.4054,-2.39442,3.86113,82.7899,-8.64833,-10.01,56.1964
-18.5648,-0.415553,76.5322,4.82712,-2.90926,52.9122,-5.56991,1.46018,33.8007,-7.96732,-11.3329,86.6411
-7.01461,2.82661,66.245,5.19456,-2.91044,50.5842,-4.99608,1.76986,32.8226,-7.99506,-11.3817,88.4465
2.21333,3.09917,65.2197,3.17573,-4.64967,38.5838,-3.80844,-0.706114,7.23407,-6.94903,-11.3766,121.449
2.29491,3.05675,65.9411,3.27564,-4.68299,36.5641,-1.12094,-0.1781,2.95797,-6.39909,-10.8888,121.027
5.30718,3.00089,74.8418,2.26422,-4.47057,34.4612,-0.545088,-0.106878,1.49403,-2.527,-8.63948,126.523
5.16034,2.92089,75.1625,1.82135,-4.47394,33.7389,-0.240295,-0.0441542,0.90994,-2.19734,-8.08558,126.164
6.6819,3.97647,82.6129,0.170421,-3.44622,30.3782,-0.147089,-0.0266225,0.640939,0.394792,-5.71066,119.075
6.60074,3.98959,82.6988,-0.357571,-3.34811,28.9766,-0.0885939,-0.0152505,0.495508,0.581899,-5.44466,119.39
7.29857,5.24115,87.7286,-2.05084,-3.1211,25.4917,-0.0616027,-0.0103297,0.406652,1.50111,-4.35649,115.725
7.34392,5.28041,87.7115,-2.58296,-3.081,23.7132,-0.0426655,-0.007065,0.349316,1.77214,-4.2394,116.051
7.63948,6.1937,92.3328,-4.68027,-3.25697,19.7661,-0.0316935,-0.005412,0.311371,2.21271,-3.82295,117.733
7.84803,6.21411,92.0581,-4.86465,-3.23311,18.1717,-0.0238901,-0.00430024,0.284153,2.65163,-3.73601,117.798
7.74921,6.45173,96.9792,-6.83146,-3.32045,14.321,-0.019017,-0.00393747,0.267304,3.13689,-3.15032,122.576
7.98789,6.45602,96.6616,-5.06532,-2.52504,10.8189,-0.0156284,-0.00358983,0.253832,3.68389,-2.98493,122.078
7.74301,5.7955,102.006,-4.4724,-1.86578,7.83887,-0.0137328,-0.00393246,0.248005,3.24693,-1.5222,123.949
7.91522,5.8527,102.138,-1.83775,-0.756954,3.85226,-0.0124782,-0.00398366,0.243034,3.70842,-1.26485,123.365
8.20556,4.60284,103.337,-1.23352,-0.463345,2.54955,-0.0120729,-0.00502068,0.246555,1.99104,-0.164403,123.005
8.58084,4.66298,102.757,-0.622213,-0.226768,1.57268,-0.0121054,-0.0054171,0.249241,2.56679,-0.0140672,122.732
8.94891,3.32266,97.2845,-0.445652,-0.158912,1.18695,-0.0126232,-0.00716143,0.26252,1.20022,-0.269347,122.774
9.2981,3.44277,96.8923,-0.29965,-0.104811,0.915993,-0.0137444,-0.00815054,0.276048,1.83386,-0.210877,122.534
8.83686,2.62503,90.4013,-0.231114,-0.0801745,0.769859,-0.0155692,-0.0115333,0.306979,0.856093,-1.3712,121.695
8.98533,2.84407,90.8431,-0.177971,-0.0600175,0.661815,-0.018833,-0.0141296,0.342495,1.43582,-1.40516,121.661
7.97132,2.64608,84.1234,-0.151437,-0.049579,0.610393,-0.023886,-0.0224756,0.415847,0.555615,-2.65114,118.676
8.08421,2.92556,85.0944,-0.132104,-0.0411957,0.567934,-0.0343064,-0.0317475,0.512381,1.14978,-2.85669,119.259
7.14979,3.35822,82.1773,-0.127095,-0.0356582,0.581894,-0.0509048,-0.0587438,0.70378,-0.188921,-3.75826,120.673
7.29214,3.55648,83.1848,-0.134512,-0.0346776,0.607487,-0.0995819,-0.117517,1.04857,0.477644,-4.02173,121.402
7.58249,5.26762,84.4875,-0.173065,-0.0338522,0.744233,-0.260406,-0.44701,2.20317,-0.749058,-4.28138,121.507
7.81182,5.36324,84.8651,-0.273861,-0.0476419,0.980947,-4.67094,-5.86119,13.6059,-0.0377669,-4.41021,122.38
8.14953,7.41031,85.1122,-0.810981,-0.0756169,2.01031,-17.5358,-9.93923,45.9998,-0.960476,-3.92763,115.191
8.3278,7.32952,84.7586,-13.013,-1.7405,18.2833,-13.5667,-3.55707,52.5412,-0.556137,-3.40284,114.384
7.07255,8.99891,76.6757,-30.6131,-7.67257,46.698,-9.92024,-2.30393,59.1407,-1.49904,-1.57886,91.244
7.39416,8.40321,73.5635,-16.3555,-10.7422,58.6738,-10.8697,-2.50595,63.732,-1.04487,-1.04506,89.46
4.80353,7.59479,54.7975,-4.14603,-4.26708,63.9811,-6.3172,-1.55447,76.6616,-3.72722,-1.01036,47.1808
4.71836,7.34965,50.1721,-2.84385,-3.62637,63.3821,-6.03525,-1.55181,77.6203,-3.09511,-0.850664,46.0256
2.96933,6.63941,40.2928,1.80411,2.16185,67.8132,0.191276,1.03921,98.6234,-5.53436,-2.27082,11.3982
2.6466,6.65541,37.8655,1.62423,2.03293,69.2396,0.506057,1.19213,98.8793,-2.19126,-0.852467,5.46543
1.44447,6.4028,37.3764,2.75622,4.27525,70.6981,4.96097,4.39322,105.503,-1.20418,-0.520495,2.81109
0.884125,6.12581,36.7887,2.49015,4.01914,71.6985,5.30279,4.26402,105.486,-0.509622,-0.229884,1.56968
-0.0368679,5.26069,37.0332,1.38682,2.17352,74.9921,6.28733,6.77186,106.071,-0.310994,-0.140438,1.08401
-0.650814,4.83995,35.8865,1.20867,1.90402,75.7724,6.53868,6.76191,106.401,-0.193432,-0.0869106,0.825412
-3.38121,2.44665,28.0231,0.398471,-0.787909,81.3474,6.37264,7.68306,107.485,-0.142558,-0.0626537,0.68255
-3.81497,2.16385,25.798,0.384951,-0.959158,82.0226,6.62334,7.73876,108.025,-0.106072,-0.0452923,0.588633
-7.64717,-1.47929,15.6071,0.516941,-3.00155,89.9166,5.99353,7.14495,111.446,-0.0875659,-0.0367464,0.531967
-5.67868,-0.902331,11.524,0.603833,-2.98875,90.6201,6.29233,7.25605,111.952,-0.0726042,-0.0295141,0.488694
-5.91797,-1.9165,9.55109,1.17147,-3.91473,99.8311,4.90365,5.82342,115.65,-0.0651439,-0.0260217,0.467245
-2.09948,-0.692417,4.11412,1.25528,-3.80807,100.834,5.23455,5.93346,115.833,-0.0590087,-0.0228013,0.447646
-1.5821,-0.57044,3.02271,1.82035,-3.27268,107.814,3.0738,4.27288,120.044,-0.0562361,-0.0205887,0.447249
-0.798966,-0.298766,1.85334,2.20304,-2.93078,107.893,3.57447,4.51831,120.031,-0.0547122,-0.0191464,0.447156
-0.603769,-0.230844,1.47544,2.68959,-1.45207,107.642,1.36711,3.39471,123.603,-0.0564658,-0.0166055,0.474346
-0.421419,-0.166649,1.17168,3.12476,-1.26325,107.807,1.87754,3.71852,123.501,-0.0609211,-0.0163848,0.503197
-0.36475,-0.141541,1.03732,3.72497,-0.0115086,103.444,-0.142476,2.9702,124.524,-0.071774,-0.0134239,0.576069
-0.309938,-0.117522,0.922289,4.34123,0.315587,102.95,0.475246,3.47606,124.532,-0.0899226,-0.0139482,0.66352
-0.288559,-0.104049,0.878811,4.63142,0.553147,98.0536,-1.25083,2.94732,123.299,-0.131738,-0.00640132,0.861177
-0.272791,-0.0950763,0.839819,5.09686,0.583507,98.2334,-0.705361,3.41129,123.546,-0.226366,-0.00347019,1.18181
-0.270336,-0.0905817,0.871497,5.35788,-0.0680241,93.2764,-1.56915,3.61848,120.611,-0.569116,0.0482343,2.11344
-0.308964,-0.0999121,0.952447,5.76034,-0.129392,93.7447,-1.0458,4.0169,121.163,-3.63746,0.198698,7.15832
-0.42519,-0.132952,1.25412,6.29614,-1.09504,86.388,-0.876802,4.42709,109.789,-16.4683,-2.43728,29.0276
-0.928843,-0.271996,2.09614,6.63532,-1.43359,87.79,-0.434085,4.52426,111.045,-9.33579,-5.7786,29.6732
-6.03868,-1.61871,9.35753,6.18727,-3.2911,76.4147,-1.84427,3.25903,82.7116,-4.95447,-7.40994,44.5386
-27.3747,-6.64009,40.0349,6.44916,-2.39485,75.6814,-1.26659,3.66295,82.9122,-5.91731,-8.74028,54.4752
-16.5519,-0.533906,72.6808,4.67472,-3.11588,54.5931,-5.41302,1.17504,35.2663,-4.38721,-9.8127,84.8214
-5.93614,3.22281,68.9711,5.05442,-2.76934,51.5839,-4.78159,1.54968,33.8793,-4.39202,-9.81252,87.1889
4.00722,3.71107,67.0833,3.12114,-4.40594,38.9286,-4.21839,-0.887009,7.73864,-1.8909,-9.07518,121.708
4.33295,3.72519,67.3252,3.23918,-4.40636,37.1085,-1.29137,-0.239553,3.16031,-1.23651,-8.51299,121.229
7.81463,3.72996,76.2652,2.13969,-4.22505,34.8415,-0.676604,-0.145059,1.66415,3.1112,-5.95161,127.372
7.48086,3.69306,77.3116,1.18471,-3.96855,31.4686,-0.317277,-0.0638394,1.02113,3.32696,-5.51112,127.552
-0.626751,4.4689,28.9292,2.41319,3.48257,71.0986,5.59798,4.29687,110.449,-1.19289,-0.494052,2.53768
-1.18832,4.52737,39.5894,2.64324,2.23835,73.615,9.06777,7.6306,106.285,-0.586577,-0.24327,1.49824
-1.56912,3.94548,36.9414,2.43549,1.82558,75.2116,9.11248,7.56307,107.796,-0.326341,-0.134666,1.04377
-4.19808,1.75673,26.5798,1.94157,-0.848999,80.879,9.09485,8.40412,108.58,-0.22515,-0.0916986,0.827243
-4.76915,1.40362,22.7217,2.04332,-1.06685,81.6644,9.50108,8.45698,108.974,-0.160534,-0.064289,0.689699
-7.51132,-1.51895,14.1101,2.67983,-2.93819,89.5394,9.19557,7.92372,112.248,-0.128185,-0.0511683,0.609186
-5.20072,-0.976069,9.78444,2.91431,-2.74528,90.0031,9.6709,8.11673,112.573,-0.103154,-0.0403831,0.547602
-5.5849,-1.66501,8.78219,4.12351,-3.26349,98.5926,8.68014,6.92981,116.699,-0.0904612,-0.0349123,0.515502
-2.49732,-0.745524,4.44008,4.42429,-2.88989,99.0774,9.21502,7.18249,116.688,-0.0798864,-0.029867,0.486022
-2.2381,-0.712154,3.77899,5.54916,-2.42584,105.981,7.44463,5.66678,120.046,-0.0752966,-0.0267592,0.479698
-1.23583,-0.397925,2.35848,6.00694,-2.09222,106.183,8.06093,5.9221,119.946,-0.0719883,-0.0245627,0.473289
-1.01558,-0.328592,1.96958,6.67359,-0.752075,105.912,6.13221,4.79655,122.976,-0.0747384,-0.0220546,0.497143
-0.726823,-0.238395,1.54375,7.22843,-0.543874,106.067,6.79524,5.15657,122.729,-0.0797596,-0.0220498,0.521287
-0.629182,-0.202969,1.37256,7.70071,0.559615,102.117,4.82421,4.34634,123.539,-0.0958274,-0.0207125,0.591936
-0.502897,-0.16137,1.17769,8.28193,0.675945,102.406,5.51273,4.79877,123.451,-0.119335,-0.0235639,0.674655
-0.454216,-0.141569,1.10783,8.39021,0.931606,97.4835,3.90083,4.23979,122.132,-0.181889,-0.0248892,0.871064
-0.414049,-0.127178,1.04491,8.9827,0.95963,97.8369,4.61169,4.72667,122.39,-0.32555,-0.0393775,1.21972
-0.434266,-0.131076,1.11524,9.10423,0.294005,92.7714,3.84264,5.06284,119.516,-0.973092,-0.0737759,2.4154
-0.512116,-0.152023,1.24976,9.73089,0.2453,93.3199,4.62873,5.46919,120.151,-8.00238,-1.06625,12.0076
-0.882747,-0.261922,1.89542,9.91129,-0.614328,86.3041,4.50795,5.75282,109.124,-21.0683,-5.5355,30.9444
-3.09631,-0.875552,4.97252,10.5397,-0.77919,87.4754,5.22661,6.16657,110.653,-13.5877,-5.96546,25.147
-19.0621,-5.10197,26.2463,9.45692,-2.08659,74.7503,2.53437,4.83525,81.9749,-13.9299,-10.1834,46.6579
-24.5206,-5.7655,34.624,9.9804,-1.91466,75.0231,3.26516,4.83629,82.1584,-13.3527,-12.1431,61.3474
-21.6898,-3.25292,54.9096,7.10474,-3.20059,54.0686,-3.87482,1.58025,34.1187,-12.4876,-13.1003,87.7566
-13.5534,1.52671,72.1249,7.41631,-2.2291,50.3401,-2.99086,2.27044,33.116,-11.7863,-12.6119,88.7569
-2.21529,1.73073,66.7764,4.88173,-4.09399,38.0432,-5.08061,-1.04166,8.86486,-12.0924,-12.801,123.403
-1.5023,1.83725,65.8169,4.99537,-4.18317,35.903,-1.50504,-0.261021,3.45595,-11.2099,-12.1038,122.771
1.29003,1.55768,74.3077,3.9735,-4.00878,33.5392,-0.803646,-0.168026,1.83728,-7.24958,-9.75131,129.254
1.16467,1.56979,74.9274,3.57962,-4.04106,32.8767,-0.345847,-0.0679692,1.06524,-6.6445,-9.0209,128.616
2.33639,2.38785,82.5949,1.83112,-2.9811,29.604,-0.213639,-0.0417087,0.745843,-3.44113,-6.4358,121.316
2.37694,2.44354,82.7958,1.32958,-2.92188,28.5828,-0.128798,-0.0240915,0.563865,-2.97811,-6.07959,121.345
2.91213,3.53323,87.8086,-0.605345,-2.65617,25.2355,-0.0885322,-0.0161479,0.456348,-1.72524,-4.85692,117.171
3.06519,3.64593,87.8431,-1.41872,-2.57139,22.5638,-0.0608603,-0.010921,0.386797,-1.28992,-4.68624,117.528
3.03339,4.48824,92.7092,-4.23982,-2.57514,16.6271,-0.044806,-0.00818748,0.341807,-0.864054,-4.30796,119.37
3.31193,4.56464,92.6189,-4.42955,-2.30829,13.3341,-0.033708,-0.00638396,0.309438,-0.247038,-4.18049,119.314
3.10301,4.71145,97.3556,-5.78076,-2.38988,11.0971,-0.0265816,-0.00557439,0.289351,0.359881,-3.61608,124.055
3.62183,4.68403,96.6286,-4.22339,-1.77029,8.26197,-0.0217419,-0.00495449,0.273105,1.17622,-3.42052,123.407
3.44432,3.81323,101.114,-4.60979,-1.71853,7.60685,-0.0187281,-0.00508926,0.265635,0.954799,-1.97785,124.815
3.83325,3.85349,100.843,-2.41857,-0.903025,4.42447,-0.016795,-0.00501723,0.259049,1.63488,-1.70842,124.168
4.20066,2.66399,101.844,-2.0832,-0.724197,3.60556,-0.0158137,-0.00596044,0.262029,0.127305,-0.596374,123.525
4.57079,2.73914,101.571,-1.07883,-0.367009,2.14312,-0.015747,-0.00648971,0.265194,0.765715,-0.419847,123.111
4.82341,1.59534,97.0929,-0.736892,-0.245916,1.56388,-0.0163053,-0.00844139,0.280704,-0.787203,-0.578401,122.673
5.11354,1.73598,97.0245,-0.454542,-0.148858,1.12377,-0.0179991,-0.00974405,0.296946,-0.134251,-0.519342,122.415
5.03411,1.11221,90.5833,-0.327889,-0.106832,0.90507,-0.0205984,-0.0137251,0.33336,-1.03125,-1.62081,121.441
5.20745,1.32214,91.0391,-0.235556,-0.0746868,0.746264,-0.0254386,-0.0167294,0.372677,-0.37455,-1.70606,121.475
4.49725,1.19244,84.4589,-0.189223,-0.0584712,0.669078,-0.0328367,-0.0266789,0.455835,-1.30229,-2.96041,118.599
4.60811,1.42793,85.3096,-0.156723,-0.0461226,0.607523,-0.0487125,-0.0386005,0.566797,-0.659889,-3.20195,119.196
3.88485,1.92586,82.674,-0.144382,-0.0384877,0.611853,-0.0778952,-0.0739407,0.794514,-1.88883,-4.09707,120.892
4.00171,2.09355,83.4788,-0.149836,-0.0362791,0.637635,-0.171883,-0.165661,1.2573,-1.21398,-4.33691,121.612
4.3975,3.88841,84.4737,-0.193467,-0.0352196,0.788568,-0.732605,-0.899435,3.35594,-2.21587,-4.46347,120.956
4.63347,3.97392,84.6099,-0.316927,-0.0491457,1.06548,-13.6703,-10.46,27.4316,-1.58616,-4.36149,121.601
4.94914,6.17411,85.473,-1.08931,-0.0795885,2.44497,-14.8837,-5.76497,40.8555,-2.35593,-4.02531,113.847
5.11845,6.07876,84.7637,-17.0153,-2.32494,23.5334,-11.8123,-2.77269,49.979,-2.01004,-3.38542,112.614
4.17614,8.07311,76.8152,-26.9045,-6.6637,42.5517,-9.77125,-1.88313,60.1238,-2.79388,-1.41667,88.4146
4.8099,7.24597,72.6329,-15.2423,-10.5266,59.9641,-10.4832,-2.04344,64.4385,-2.09096,-1.06698,87.0541
2.88917,6.78102,53.2844,-3.11883,-3.96817,63.2726,-5.69077,-1.11194,77.7331,-4.29285,-0.966637,42.913
2.93856,6.6596,48.9832,-1.74831,-3.26027,61.9352,-5.45343,-1.12128,78.6541,-3.65505,-0.799106,41.7133
1.72175,6.29497,40.2087,2.60652,2.35153,66.1014,0.603295,1.4807,99.0175,-4.88173,-1.9773,10.0986
1.4355,6.29883,37.876,2.42515,2.19459,67.3419,0.858851,1.5087,99.3602,-1.76829,-0.690776,4.51114
0.44119,6.17034,38.8103,3.13806,4.4216,68.4956,5.097,4.59001,106.144,-0.897629,-0.382409,2.28069
-0.138118,5.88862,38.6361,2.76418,4.084,69.7067,5.38463,4.36496,106.057,-0.398507,-0.175877,1.34414
-0.894941,5.06397,39.4263,1.473,2.16982,72.8755,6.29593,6.99578,106.845,-0.247797,-0.108864,0.95303
-1.44349,4.69059,38.4043,1.25167,1.87831,73.6793,6.5127,6.91898,107.185,-0.157813,-0.0685796,0.743087
-3.79698,2.5308,30.0602,0.431469,-0.820939,79.0185,6.33969,7.75545,107.992,-0.118171,-0.050125,0.623313
-4.2916,2.2184,27.1485,0.33478,-1.06494,79.859,6.52841,7.76053,108.558,-0.0895151,-0.0368414,0.543524
-7.53305,-1.26268,15.4544,0.540673,-3.19303,87.7246,5.91482,7.11978,111.637,-0.0749521,-0.0304734,0.493964
-5.6841,-0.850003,11.408,0.54567,-3.15814,88.4689,6.15006,7.21845,112.17,-0.0626775,-0.0247615,0.455871
-6.06135,-1.80726,9.6681,1.41973,-3.86281,97.2828,4.75359,5.9984,117.303,-0.056732,-0.0218502,0.437241
-2.602,-0.784243,4.75687,1.46559,-3.65234,98.0715,5.0713,6.16126,117.378,-0.0517009,-0.0190567,0.420288
-2.16846,-0.716546,3.7794,2.18524,-3.3555,105.411,2.89515,4.53123,120.706,-0.0498421,-0.0172789,0.42066
-1.13311,-0.383151,2.29015,2.42703,-3.07518,105.623,3.31194,4.73061,120.675,-0.0487319,-0.0159927,0.421201
-0.893098,-0.305908,1.85635,3.03325,-1.76113,105.76,1.03635,3.40236,123.229,-0.0507616,-0.0137055,0.446736
-0.627641,-0.220167,1.45393,3.359,-1.63022,106.042,1.47902,3.69911,123.067,-0.0547184,-0.0133968,0.473879
-0.540414,-0.187369,1.29149,3.89959,-0.525724,102.606,-0.781587,2.72646,123.58,-0.064788,-0.010627,0.542391
-0.43554,-0.151451,1.12384,4.25377,-0.477367,102.912,-0.338935,3.10153,123.563,-0.0808903,-0.0110607,0.625444
-0.400144,-0.136048,1.07451,4.45395,-0.129923,98.3178,-2.21513,2.47651,122.512,-0.119269,-0.00470626,0.811792
-0.369176,-0.124695,1.02546,4.82438,-0.187596,98.6842,-1.78596,2.8893,122.825,-0.204316,-0.00302331,1.11588
-0.389209,-0.130046,1.11,5.05631,-0.789609,93.6187,-2.70487,3.08449,119.93,-0.515794,0.0406589,1.99275
-0.473193,-0.15562,1.27018,5.41596,-0.937125,94.2126,-2.28957,3.43853,120.631,-3.1893,0.119298,6.48375
-0.855851,-0.281847,2.00444,5.92286,-1.8725,87.1615,-2.07643,3.8039,109.469,-16.7676,-2.9877,29.0712
-3.72802,-1.15929,6.09984,6.21716,-2.12724,88.3222,-1.69837,3.91057,110.71,-10.1237,-6.30465,30.525
-20.9363,-6.02763,29.873,5.73006,-3.18353,75.7902,-2.64235,3.26414,82.3384,-5.8302,-7.71258,44.7681
-24.4107,-4.88678,44.2677,6.00736,-2.51515,74.8252,-2.12186,3.52848,82.6203,-6.98367,-8.91188,54.2726
-10.7756,1.56446,66.085,4.4187,-3.67799,53.5865,-5.40435,1.25168,33.6281,-6.56197,-10.4138,86.4195
-5.18728,2.77295,57.3879,4.82431,-3.62923,51.185,-4.78068,1.57028,32.9025,-6.62772,-10.4679,88.3296
1.17215,2.59005,64.5878,2.93153,-5.05971,38.8416,-3.75759,-0.6791,7.1632,-5.13355,-10.0564,121.174
0.855344,2.49702,66.21,3.00645,-5.05307,36.8314,-1.12115,-0.170409,2.95611,-4.7015,-9.51686,120.701
3.6707,2.33159,74.9435,1.99651,-4.79956,34.7165,-0.543284,-0.101615,1.49162,-0.803715,-7.23083,126.186
3.44679,2.30064,75.3385,1.53854,-4.81415,34.0511,-0.2393,-0.0417281,0.909179,-0.568311,-6.61993,125.789
4.80799,3.24506,82.7723,-0.0682517,-3.70416,30.6213,-0.146226,-0.0249581,0.64037,1.96378,-4.35179,118.696
4.70159,3.26988,82.8895,-0.569077,-3.61905,29.3975,-0.0879229,-0.0141717,0.495207,2.1153,-4.05874,119
5.31034,4.42806,87.859,-2.19384,-3.34931,26.0642,-0.0610286,-0.00950534,0.40647,3.0107,-3.04343,115.36
5.33248,4.46321,87.8782,-2.74909,-3.28754,24.1074,-0.0421824,-0.00643782,0.349263,3.2499,-2.93143,115.708
5.45607,5.30864,92.6035,-4.8962,-3.31355,19.284,-0.0312786,-0.00490085,0.311422,3.66825,-2.53306,117.441
5.60776,5.32205,92.4723,-5.09426,-3.13668,16.7195,-0.0235314,-0.00387105,0.284296,4.04955,-2.48231,117.566
5.34667,5.44135,97.3809,-6.46194,-3.00955,12.9725,-0.0186897,-0.00356713,0.267524,4.54263,-1.88124,122.378
5.62748,5.38522,96.9305,-4.73613,-2.22221,9.65896,-0.0153156,-0.00325799,0.254117,5.07302,-1.76361,121.887
5.27118,4.57541,101.983,-4.18194,-1.69291,7.25906,-0.0134073,-0.0036265,0.248362,4.65343,-0.306966,123.759
5.47352,4.56505,101.928,-1.98046,-0.793507,3.94936,-0.0121293,-0.00368456,0.243478,5.10454,-0.103336,123.179
5.67906,3.25971,103.02,-1.39962,-0.51772,2.73969,-0.0116752,-0.00472096,0.247134,3.33645,0.968113,122.847
5.9584,3.29143,102.68,-0.727057,-0.261703,1.70328,-0.0116627,-0.00510834,0.249998,3.83879,1.08838,122.52
6.07241,2.05981,98.3623,-0.495137,-0.17359,1.25702,-0.0120819,-0.00685239,0.263583,2.22137,0.875462,122.473
6.28007,2.16557,98.3609,-0.315648,-0.10778,0.946157,-0.0131245,-0.00782681,0.277526,2.74667,0.89545,122.246
5.95825,1.44213,91.8955,-0.232806,-0.0785221,0.781805,-0.0147307,-0.011188,0.30921,1.6872,-0.294658,121.472
6.0791,1.61614,92.2675,-0.172773,-0.0564109,0.664472,-0.0177816,-0.0137464,0.345838,2.23491,-0.385899,121.484
5.26961,1.50575,85.4419,-0.14364,-0.0453498,0.609458,-0.0221691,-0.0220597,0.421637,1.29626,-1.69535,118.56
5.34416,1.7285,86.3067,-0.122704,-0.0366852,0.5651,-0.0318505,-0.0313365,0.522607,1.8715,-1.95312,119.181
4.50972,2.17182,83.2591,-0.117255,-0.030958,0.580465,-0.0460594,-0.0589537,0.726017,0.52642,-2.90789,120.636
4.59767,2.33372,84.1601,-0.123273,-0.0293397,0.60764,-0.0915871,-0.121643,1.10507,1.15682,-3.19505,121.376
4.86298,3.99647,85.3523,-0.159721,-0.0263509,0.752487,-0.238103,-0.519527,2.49221,-0.0753364,-3.50891,121.488
5.04533,4.10539,85.5694,-0.257762,-0.0347517,1.00708,-5.86165,-7.29869,17.6332,0.551188,-3.54298,122.292
5.32901,6.19806,85.9769,-0.843654,-0.0255024,2.19823,-15.5819,-6.99043,46.8414,-0.458333,-3.08115,115.005
5.5472,6.0892,85.3134,-15.7754,-1.60576,22.3747,-10.6483,-2.44779,47.8228,0.00504785,-2.69922,114.383
4.67657,7.85958,76.9534,-26.5937,-7.89125,49.4702,-8.38926,-1.709,57.776,-0.987655,-0.996976,91.2655
5.0435,7.37509,73.9356,-10.8081,-9.52429,55.7573,-9.74074,-2.00795,63.5757,-0.550932,-0.515059,89.5568
3.12348,6.98539,55.4406,-1.85291,-3.00068,58.936,-5.03143,-1.04283,76.3493,-3.39275,-0.71329,47.2932
3.22172,6.70916,50.7171,-1.99961,-3.39658,62.6281,-4.75041,-1.0298,77.2554,-2.73441,-0.543096,45.9952
1.81998,6.23552,40.8152,2.35736,2.23959,67.7307,1.63427,1.66897,98.1572,-5.25814,-2.13817,10.8341
1.52429,6.27164,38.4799,2.11188,2.06254,69.1294,1.87913,1.72985,98.3484,-2.00528,-0.770152,5.07975
0.277202,6.01525,37.9904,3.17447,4.29838,70.6039,6.33269,4.91791,104.923,-1.11274,-0.478525,2.64904
-0.299054,5.75049,37.4302,2.84359,3.96933,71.689,6.60517,4.68493,104.921,-0.481501,-0.215308,1.50764
-1.26372,4.8459,37.6519,1.72738,2.15847,74.9107,7.53724,7.17542,105.593,-0.295535,-0.132545,1.04885
-1.84551,4.47198,36.566,1.52423,1.88368,75.6734,7.74256,7.09825,105.963,-0.184605,-0.0823305,0.802843
-4.2766,2.2185,28.4466,0.698666,-0.789885,81.1639,7.53897,7.97772,107.111,-0.136151,-0.0595416,0.665763
-4.74597,1.90218,25.6297,0.648494,-0.988698,81.8525,7.73956,7.96792,107.689,-0.10137,-0.0431681,0.575492
-7.73659,-1.50254,15.146,0.711209,-3.05251,89.8081,7.06486,7.33327,111.218,-0.0836815,-0.0351059,0.520818
-5.6241,-0.976064,10.984,0.755179,-2.95565,90.4238,7.31891,7.45215,111.754,-0.06939,-0.0281913,0.479092
-5.55427,-1.76123,8.96108,1.29961,-3.74464,99.3609,5.92006,6.0736,115.489,-0.0622525,-0.0247581,0.458451
-2.3288,-0.748756,4.36541,1.35874,-3.49437,100.134,6.22449,6.23699,115.666,-0.056363,-0.0215312,0.439721
-1.91631,-0.664021,3.44625,1.84663,-2.98607,107.098,4.02349,4.54658,119.933,-0.053714,-0.0192499,0.439778
-1.03693,-0.368471,2.16429,2.13387,-2.70032,107.296,4.45231,4.74371,119.93,-0.0522858,-0.0177127,0.4403
-0.824894,-0.297075,1.77105,2.57643,-1.32807,107.11,2.20999,3.53517,123.53,-0.0540158,-0.0150098,0.467635
-0.585838,-0.216589,1.40316,2.9589,-1.1685,107.289,2.69539,3.84132,123.328,-0.058308,-0.0146564,0.49698
-0.504172,-0.184805,1.24818,3.42451,-0.136912,103.453,0.604273,2.98182,124.24,-0.0687548,-0.0114766,0.570304
-0.406118,-0.149698,1.08842,3.8262,-0.0550371,103.696,1.09925,3.37443,124.188,-0.0864688,-0.01198,0.659516
-0.369267,-0.133345,1.03504,4.06319,0.0930769,99.0507,-0.705822,2.80497,123.023,-0.12764,-0.00371978,0.861486
-0.336125,-0.120538,0.980346,4.48046,0.08647,99.3304,-0.218608,3.24812,123.338,-0.223595,0.000331071,1.19622
-0.341702,-0.121753,1.04139,4.7623,-0.521334,94.2949,-1.12339,3.48315,120.466,-0.591797,0.0622826,2.20854
-0.406629,-0.142815,1.17905,5.16827,-0.580145,94.6574,-0.617788,3.8495,121.078,-4.44607,0.23102,8.45896
-0.690687,-0.24532,1.78908,5.76197,-1.48525,87.1209,-0.467952,4.21869,109.66,-16.9823,-3.43601,31.9081
-2.64973,-0.88588,4.71503,6.09137,-1.75415,88.3692,-0.0597017,4.42048,111.047,-7.84026,-5.66659,28.897
-19.0596,-5.96464,27.7935,5.72976,-2.89025,75.9093,-1.4723,3.57488,82.694,-3.84196,-6.70284,42.7364
-21.8218,-4.91598,40.6683,5.98088,-2.52503,75.8198,-1.01265,3.66166,82.9667,-5.60958,-8.36361,54.0399
-8.48657,1.63639,62.8132,4.40711,-3.53067,55.1002,-5.30135,1.09872,35.2213,-4.30749,-9.53442,84.9082
-4.00903,3.06106,58.6562,4.80684,-3.1833,52.0393,-4.67298,1.47787,34.0568,-4.31541,-9.54319,87.2407
2.75511,2.97609,66.4078,2.9272,-4.53659,38.9475,-4.29031,-0.900338,7.83897,-1.85066,-8.6248,121.751
2.64141,2.93373,67.6786,3.02147,-4.48576,36.8739,-1.34729,-0.245792,3.23362,-1.30907,-8.01412,121.244
5.92685,2.79317,76.3116,1.93597,-4.29441,34.6493,-0.687287,-0.145072,1.67953,2.9552,-5.48056,127.436
5.54505,2.80491,77.2376,1.15137,-4.08345,32.3076,-0.317078,-0.0626792,1.02235,3.11755,-4.93173,127.43
-0.633323,4.45847,28.9978,2.37963,3.46519,71.1774,5.61278,4.31128,110.347,-1.19436,-0.494024,2.53952
-1.19078,4.51119,39.7271,2.60952,2.20737,73.712,9.09049,7.6308,106.162,-0.587817,-0.243455,1.50005
-1.5674,3.92905,37.0472,2.40825,1.79844,75.2962,9.13391,7.56726,107.684,-0.327278,-0.134811,1.04534
-4.21311,1.72934,26.6083,1.91669,-0.884507,80.9722,9.11435,8.40377,108.474,-0.225975,-0.0918343,0.828766
-4.81748,1.3363,22.599,2.01973,-1.11396,81.7748,9.51649,8.45004,108.879,-0.161244,-0.0644028,0.691156
-7.49233,-1.56524,14.0191,2.66098,-2.97979,89.6483,9.209,7.91932,112.17,-0.128852,-0.0512505,0.610639
-5.12356,-1.0084,9.58864,2.9106,-2.79467,90.1052,9.68633,8.10496,112.52,-0.103756,-0.0404478,0.549029
-5.32829,-1.60532,8.39926,4.13238,-3.33212,98.7047,8.69594,6.90725,116.671,-0.0910647,-0.0349805,0.517001
-2.2301,-0.675311,4.04439,4.4425,-2.96426,99.172,9.23316,7.14923,116.665,-0.0804881,-0.0299435,0.487564
-1.8682,-0.599027,3.26159,5.58012,-2.4747,106.006,7.46919,5.64979,120.009,-0.0759625,-0.0268401,0.481423
-1.04526,-0.338154,2.07837,6.05419,-2.10471,106.116,8.09795,5.92227,119.896,-0.0727057,-0.024663,0.475225
-0.85097,-0.275621,1.72821,6.72149,-0.741443,105.805,6.16904,4.81742,122.917,-0.0756583,-0.0221613,0.499656
-0.618728,-0.202827,1.37886,7.27572,-0.530883,105.948,6.83452,5.17463,122.663,-0.0809454,-0.0222103,0.52458
-0.538692,-0.173587,1.23394,7.74452,0.581618,101.989,4.8607,4.37672,123.474,-0.0977453,-0.0209094,0.597096
-0.438349,-0.140562,1.07595,8.32636,0.69091,102.277,5.5512,4.82428,123.389,-0.122515,-0.0239386,0.682881
-0.401358,-0.125229,1.02345,8.43568,0.945825,97.3501,3.93966,4.272,122.081,-0.189344,-0.0255159,0.888305
-0.37315,-0.114802,0.979163,9.02874,0.965937,97.7056,4.6521,4.76043,122.347,-0.347873,-0.0414762,1.2635
-0.399676,-0.121168,1.05942,9.14818,0.300745,92.641,3.88268,5.10859,119.482,-1.13264,-0.0854787,2.65759
-0.486267,-0.144994,1.21005,9.77478,0.251408,93.1669,4.68523,5.48636,120.075,-10.2918,-1.51764,15.0188
-0.895094,-0.267202,1.91435,9.94533,-0.621541,86.2059,4.54654,5.80088,109.081,-20.8929,-5.84808,31.0579
-3.97111,-1.12181,6.13824,10.5708,-0.751289,87.3273,5.26409,6.25074,110.637,-12.6588,-5.8066,24.2872
-23.3184,-6.16312,31.8683,9.46174,-1.88548,74.3872,2.58146,4.98941,81.9305,-13.1731,-9.90721,45.9943
-24.8585,-5.66432,35.5256,9.95558,-1.91937,75.0258,3.2541,4.84289,82.0353,-13.1261,-12.0271,60.8822
-20.0588,-2.44911,56.1522,7.0603,-3.20456,54.0816,-3.90352,1.55762,33.9803,-12.4259,-13.0292,87.6109
-12.5476,1.60442,69.4802,7.40191,-2.35105,50.4761,-3.02261,2.2292,33.0527,-11.7799,-12.5652,88.702
-2.18217,1.67445,66.4132,4.85751,-4.11408,38.0159,-5.08277,-1.04664,8.86803,-12.0447,-12.7046,123.391
-1.62107,1.75448,65.9192,4.96873,-4.17439,35.8069,-1.50262,-0.262308,3.45328,-11.1563,-12.0109,122.77
1.16728,1.45846,74.3882,3.9494,-4.00274,33.4472,-0.802569,-0.168655,1.83624,-7.18641,-9.65177,129.236
1.05054,1.4692,74.9856,3.55291,-4.03067,32.7887,-0.345443,-0.0682514,1.065,-6.57996,-8.92245,128.594
2.20542,2.27886,82.6742,1.80532,-2.97742,29.5582,-0.213464,-0.0418777,0.745856,-3.38077,-6.33445,121.27
2.2495,2.33497,82.8712,1.30523,-2.91588,28.5689,-0.128713,-0.0241841,0.56399,-2.918,-5.97735,121.299
2.77489,3.41834,87.8979,-0.622963,-2.65455,25.2641,-0.0884933,-0.016205,0.456529,-1.66957,-4.75443,117.116
2.9223,3.53148,87.9471,-1.44723,-2.56843,22.5654,-0.0608446,-0.0109486,0.387012,-1.24068,-4.58293,117.472
2.86787,4.36779,92.8574,-4.30434,-2.5692,16.5164,-0.0448079,-0.0081927,0.342046,-0.824569,-4.20326,119.311
3.14418,4.44869,92.7795,-4.46548,-2.29601,13.1209,-0.0337199,-0.00637246,0.30969,-0.212369,-4.07644,119.261
2.92708,4.59834,97.53,-5.65928,-2.34712,10.798,-0.0265989,-0.0055526,0.289611,0.391182,-3.50652,124.018
3.43117,4.58693,96.8441,-3.91299,-1.64618,7.67667,-0.0217671,-0.00493195,0.273364,1.19446,-3.30993,123.384
3.22962,3.71851,101.366,-3.88177,-1.45338,6.5474,-0.0187625,-0.0050745,0.26589,0.956972,-1.85854,124.784
3.64362,3.74968,101.022,-1.93531,-0.723087,3.70249,-0.0168349,-0.00501478,0.25929,1.64656,-1.58643,124.12
4.03945,2.54792,101.938,-1.58985,-0.553882,2.90793,-0.0158525,-0.00596987,0.262267,0.153692,-0.472601,123.454
4.43089,2.6116,101.612,-0.871766,-0.297443,1.83546,-0.0157803,-0.00651152,0.265435,0.805297,-0.29587,123.025
4.69146,1.46969,97.1267,-0.611284,-0.204599,1.37443,-0.0163326,-0.00847624,0.280981,-0.747062,-0.457161,122.583
4.98017,1.60698,97.0631,-0.390669,-0.128215,1.021,-0.0180236,-0.0097986,0.297281,-0.0942808,-0.400058,122.326
4.91006,0.992801,90.6164,-0.2878,-0.093854,0.837554,-0.0206195,-0.0138107,0.333833,-0.990382,-1.50582,121.361
5.08051,1.20042,91.0792,-0.210889,-0.066819,0.701987,-0.0254658,-0.016866,0.373358,-0.333443,-1.59308,121.399
4.37825,1.0811,84.4988,-0.171763,-0.0529163,0.635994,-0.0328685,-0.0269344,0.457025,-1.25989,-2.85313,118.531
4.48523,1.31388,85.358,-0.144144,-0.0421976,0.582804,-0.0488177,-0.0391056,0.568957,-0.616769,-3.09616,119.133
3.76523,1.81337,82.7256,-0.134095,-0.0353616,0.590568,-0.0782202,-0.0752992,0.799507,-1.84116,-3.99624,120.834
3.8796,1.97672,83.5378,-0.140335,-0.0334484,0.618444,-0.174042,-0.170542,1.27202,-1.16409,-4.23908,121.557
4.27236,3.77133,84.5416,-0.182187,-0.0320853,0.766576,-0.768066,-0.960782,3.47888,-2.16449,-4.3679,120.903
4.5066,3.85576,84.6727,-0.299807,-0.0442618,1.0371,-14.1659,-10.836,28.4356,-1.53937,-4.25074,121.532
4.81958,6.04903,85.5533,-1.03009,-0.0646401,2.36596,-14.4528,-5.56421,40.3914,-2.29871,-3.96417,113.822
4.98423,5.96618,84.8603,-17.0188,-2.18853,23.5481,-11.5383,-2.73968,49.4267,-1.96172,-3.31203,112.586
4.05891,7.95715,76.8781,-27.528,-6.87656,43.9999,-9.67536,-1.86766,59.9864,-2.76252,-1.34327,88.3466
4.68105,7.15263,72.7398,-15.0096,-10.6493,60.5835,-10.422,-2.04572,64.3829,-2.07887,-0.981726,86.9814
2.77951,6.73542,53.3951,-3.04756,-3.85359,62.7216,-5.62587,-1.11628,77.7018,-4.29944,-0.931345,42.8803
2.84636,6.60715,49.0454,-1.84021,-3.25858,61.8682,-5.38507,-1.12265,78.6438,-3.65682,-0.769791,41.7113
1.64468,6.24208,40.2506,2.46382,2.32754,66.1487,0.689985,1.48503,99.0002,-4.90255,-1.99301,10.144
1.36599,6.24383,37.8991,2.28796,2.1709,67.3825,0.947833,1.51766,99.3486,-1.78176,-0.69838,4.53929
0.376237,6.10394,38.8224,3.00667,4.39218,68.5329,5.19792,4.59343,106.124,-0.905453,-0.387304,2.29499
-0.200215,5.82501,38.6359,2.63094,4.06089,69.7407,5.48564,4.38168,106.035,-0.40141,-0.177874,1.35056
-0.957957,4.99851,39.4458,1.33257,2.13724,72.9171,6.39905,7.00821,106.806,-0.249475,-0.110063,0.957039
-1.50464,4.62715,38.4423,1.10915,1.8498,73.7155,6.61399,6.93723,107.145,-0.158786,-0.0693021,0.745843
-3.85074,2.47803,30.1277,0.276482,-0.855609,79.0638,6.43778,7.77243,107.955,-0.118856,-0.0506277,0.625459
-4.37072,2.14097,27.1073,0.172006,-1.11485,79.9381,6.61973,7.77065,108.534,-0.0899921,-0.037194,0.545265
-7.53665,-1.32349,15.3677,0.363251,-3.24481,87.8042,6.0085,7.1308,111.607,-0.0753248,-0.0307315,0.495468
-5.6232,-0.902711,11.222,0.374366,-3.2092,88.536,6.24605,7.22689,112.14,-0.0629585,-0.0249485,0.457187
-5.8813,-1.77064,9.39677,1.2389,-3.92457,97.3436,4.85561,6.00014,117.278,-0.056963,-0.0219978,0.438479
-2.44466,-0.744885,4.51799,1.29514,-3.71564,98.0982,5.1742,6.15566,117.363,-0.0518984,-0.0191788,0.421457
-1.96384,-0.652129,3.48934,2.00358,-3.40864,105.397,3.00047,4.53129,120.685,-0.0500274,-0.0173846,0.421857
-1.03396,-0.351016,2.14071,2.25259,-3.10697,105.547,3.42017,4.73786,120.649,-0.0489113,-0.0160976,0.422445
-0.810164,-0.278116,1.73151,2.85173,-1.7746,105.658,1.14126,3.42367,123.196,-0.0509575,-0.0137959,0.448204
-0.573291,-0.201533,1.36825,3.17154,-1.64319,105.928,1.58123,3.71416,123.024,-0.0549554,-0.0135037,0.475654
-0.494415,-0.171837,1.2189,3.71079,-0.528635,102.483,-0.686197,2.74993,123.535,-0.0651328,-0.0107156,0.544931
-0.401845,-0.140195,1.06944,4.06037,-0.487451,102.786,-0.24641,3.11626,123.517,-0.081468,-0.0111867,0.629226
-0.372099,-0.127138,1.02937,4.26709,-0.136005,98.1843,-2.129,2.4993,122.472,-0.120581,-0.00472499,0.819071
-0.348147,-0.118196,0.992514,4.63351,-0.200818,98.5469,-1.70299,2.90855,122.788,-0.208321,-0.00299266,1.13204
-0.374573,-0.1261,1.08921,4.8718,-0.798312,93.4771,-2.6305,3.11601,119.899,-0.539396,0.0434332,2.05471
-0.472138,-0.156214,1.2753,5.22254,-0.946233,94.0635,-2.218,3.4683,120.592,-3.61101,0.113592,7.12938
-0.941342,-0.312141,2.14982,5.73188,-1.87461,87.0117,-2.01337,3.82678,109.403,-17.1847,-3.43418,30.4061
-5.74245,-1.78056,8.84824,6.01437,-2.0359,88.0196,-1.64478,3.99635,110.695,-9.38578,-6.20075,29.9824
-24.9868,-7.03606,35.8557,5.53051,-2.95403,75.3321,-2.60647,3.40477,82.3056,-5.36376,-7.45449,43.963
-22.089,-3.44512,47.0054,5.71179,-2.45078,74.6399,-2.16468,3.49631,82.4648,-6.91668,-8.87582,54.1043
-8.42647,2.06899,62.5739,4.16891,-3.82444,53.6337,-5.51693,1.13239,33.5753,-6.60691,-10.4849,86.5169
-4.49397,2.80773,55.5047,4.59505,-3.70186,51.0874,-4.88459,1.50031,32.917,-6.64495,-10.5089,88.4514
1.32492,2.5646,64.4795,2.74988,-5.05057,38.6257,-3.78124,-0.684981,7.19551,-5.07186,-10.0501,121.295
0.957937,2.45158,66.2557,2.82903,-5.03212,36.5844,-1.12503,-0.171472,2.96326,-4.63473,-9.51133,120.817
3.82148,2.28442,74.9194,1.82713,-4.79028,34.498,-0.544184,-0.101949,1.49366,-0.722557,-7.21883,126.272
3.6026,2.25645,75.2991,1.36631,-4.80044,33.8386,-0.239439,-0.0417799,0.909985,-0.486922,-6.60489,125.863
4.97794,3.2033,82.749,-0.22873,-3.69969,30.4447,-0.146235,-0.0249513,0.640784,2.0361,-4.33153,118.738
4.8681,3.23272,82.8678,-0.731014,-3.60843,29.2213,-0.0878912,-0.0141373,0.49548,2.18685,-4.03436,119.033
5.48209,4.3937,87.8525,-2.34216,-3.34296,25.9081,-0.0609942,-0.00946502,0.406671,3.07568,-3.0158,115.374
5.49832,4.43182,87.8793,-2.89834,-3.27994,23.9373,-0.0421515,-0.00639451,0.34943,3.31284,-2.90247,115.714
5.63018,5.27778,92.6136,-5.00577,-3.30974,19.1609,-0.0312542,-0.00485704,0.311569,3.73215,-2.50226,117.439
5.78675,5.29206,92.4668,-5.1701,-3.13493,16.6496,-0.0235113,-0.00382885,0.284429,4.11768,-2.45213,117.56
5.54942,5.41349,97.3508,-6.47694,-3.01714,12.9755,-0.0186729,-0.00352905,0.26765,4.62322,-1.84969,122.373
5.83518,5.36284,96.8866,-4.75484,-2.23537,9.67541,-0.0152999,-0.00322593,0.254238,5.15926,-1.73629,121.894
5.48868,4.56255,101.949,-4.12174,-1.67637,7.17237,-0.0133949,-0.00360233,0.248486,4.73973,-0.277865,123.775
5.68987,4.55631,101.883,-1.91953,-0.772087,3.85893,-0.0121197,-0.00367022,0.243605,5.18998,-0.0740843,123.195
5.89625,3.25384,102.968,-1.3364,-0.49646,2.64979,-0.0116713,-0.00471631,0.247276,3.41802,1.00198,122.852
6.17343,3.2844,102.62,-0.696526,-0.251798,1.65705,-0.0116627,-0.00511357,0.250155,3.91945,1.12332,122.515
6.27527,2.05294,98.3004,-0.474233,-0.166988,1.22471,-0.0120911,-0.00686975,0.263778,2.29961,0.91033,122.461
6.47857,2.15892,98.3043,-0.303212,-0.10399,0.925567,-0.0131423,-0.00785903,0.277768,2.82307,0.930656,122.226
6.14095,1.43704,91.8378,-0.223987,-0.0758674,0.766508,-0.0147681,-0.0112479,0.309557,1.76352,-0.261424,121.452
6.25845,1.61146,92.2206,-0.166578,-0.054625,0.653117,-0.0178438,-0.0138468,0.346343,2.3102,-0.352432,121.457
5.43048,1.50337,85.4022,-0.138728,-0.0439643,0.600072,-0.0222935,-0.0222643,0.422532,1.36973,-1.66324,118.53
5.50386,1.72503,86.2802,-0.118746,-0.0356358,0.557459,-0.0321015,-0.0317375,0.524252,1.94551,-1.92169,119.143
4.66217,2.16601,83.2401,-0.113683,-0.0300607,0.573471,-0.0466738,-0.0600323,0.729869,0.605282,-2.88094,120.594
4.75166,2.32387,84.1522,-0.119764,-0.0285042,0.601366,-0.0937536,-0.125121,1.11598,1.23878,-3.17118,121.326
5.01771,3.98662,85.3537,-0.155534,-0.0253835,0.746122,-0.253658,-0.550974,2.56104,0.00858188,-3.48561,121.433
5.20288,4.0939,85.5572,-0.252335,-0.0332106,1.00213,-6.47236,-7.78714,18.7662,0.632076,-3.50156,122.214
5.48547,6.18034,85.9794,-0.842344,-0.0198418,2.21422,-15.5054,-6.81212,46.5778,-0.370904,-3.07694,114.957
5.71846,6.06451,85.2815,-16.4834,-1.68344,23.4104,-10.4796,-2.4286,47.2646,0.100865,-2.69068,114.333
4.81211,7.82558,76.9224,-26.0784,-8.28229,50.9508,-8.42104,-1.71162,57.6457,-0.950271,-0.9503,91.1505
5.1139,7.36391,73.9987,-10.271,-9.35588,55.2466,-9.8764,-2.04806,63.5837,-0.563651,-0.482536,89.4378
3.16346,6.97178,55.4476,-1.72177,-2.85452,58.4065,-5.16376,-1.09063,76.3804,-3.42328,-0.705974,47.2217
3.27324,6.68778,50.6613,-2.00001,-3.36192,62.5984,-4.8662,-1.07688,77.308,-2.74983,-0.542728,45.972
1.85237,6.2008,40.7413,2.3445,2.26053,67.7508,1.51581,1.61336,98.2075,-5.30028,-2.16319,10.9099
1.558,6.23654,38.3916,2.11224,2.08865,69.1355,1.76771,1.68608,98.4002,-2.02986,-0.782017,5.12531
0.319552,5.97241,37.9004,3.18818,4.31848,70.6088,6.23102,4.86735,104.97,-1.12816,-0.486016,2.67394
-0.253584,5.71006,37.3386,2.86227,3.99665,71.6933,6.50866,4.6497,104.962,-0.487031,-0.218089,1.51791
-1.21201,4.80642,37.5919,1.75155,2.17944,74.9293,7.45101,7.13765,105.612,-0.298722,-0.134135,1.05508
-1.79314,4.43395,36.5507,1.55173,1.90956,75.692,7.66003,7.06846,105.978,-0.186473,-0.0832531,0.80699
-4.25126,2.18255,28.4783,0.733637,-0.76883,81.2121,7.46016,7.94715,107.13,-0.137488,-0.0601704,0.668957
-4.78312,1.81804,25.402,0.677336,-1.00148,81.9787,7.65628,7.92499,107.73,-0.102339,-0.0436104,0.578062
-7.7015,-1.55805,14.9508,0.751082,-3.05684,89.9211,6.98505,7.28866,111.229,-0.0844704,-0.0354425,0.523041
-5.49152,-1.0088,10.6494,0.809771,-2.95554,90.5135,7.2477,7.40538,111.753,-0.0700317,-0.0284499,0.481036
-5.31244,-1.69339,8.59049,1.37902,-3.74405,99.4346,5.85511,6.02025,115.48,-0.0628243,-0.0249854,0.460272
-2.16069,-0.699829,4.10214,1.46471,-3.48516,100.152,6.17159,6.18198,115.661,-0.056886,-0.0217289,0.441412
-1.72748,-0.600481,3.17113,1.97619,-2.95157,107.057,3.97546,4.5027,119.913,-0.0542279,-0.0194354,0.441465
-0.946123,-0.336958,2.02222,2.27745,-2.64366,107.194,4.41402,4.70847,119.9,-0.0527994,-0.0178967,0.441984
-0.751998,-0.271065,1.65713,2.71982,-1.2536,106.98,2.16895,3.51305,123.486,-0.0545915,-0.0151991,0.469529
-0.539271,-0.199564,1.32632,3.10276,-1.09437,107.152,2.65839,3.81226,123.272,-0.058984,-0.014882,0.499143
-0.466279,-0.171163,1.18544,3.56231,-0.0556133,103.304,0.565201,2.96093,124.176,-0.069699,-0.011753,0.573229
-0.379472,-0.140209,1.04293,3.96667,0.0180794,103.546,1.06475,3.34403,124.119,-0.0878791,-0.0123882,0.663643
-0.348278,-0.126245,0.999139,4.20162,0.16453,98.8934,-0.738572,2.78305,122.955,-0.130466,-0.00432217,0.869163
-0.321781,-0.115829,0.95632,4.62336,0.149011,99.1722,-0.246337,3.22264,123.268,-0.230733,-0.000844574,1.21319
-0.333794,-0.119617,1.02963,4.89994,-0.461937,94.1357,-1.14842,3.46778,120.396,-0.628585,0.0611443,2.27851
-0.411202,-0.145064,1.19142,5.30693,-0.520992,94.4917,-0.636541,3.83089,120.993,-5.06071,0.177349,9.31865
-0.762692,-0.272346,1.91628,5.88304,-1.4304,86.9662,-0.479883,4.20008,109.554,-17.231,-3.88917,32.8025
-4.07884,-1.36025,6.71087,6.22298,-1.63027,88.111,-0.0654186,4.44652,110.975,-7.39428,-5.5613,28.2464
-23.8958,-7.348,35.0288,5.82216,-2.56306,75.403,-1.45376,3.70294,82.585,-3.58401,-6.57758,42.19
-19.4105,-3.40605,43.4472,6.01434,-2.41465,75.7513,-1.05057,3.61724,82.7677,-5.58911,-8.39277,53.9113
-5.93422,2.26903,59.2668,4.43543,-3.65857,55.3533,-5.3532,0.998045,35.1054,-4.33175,-9.6581,84.8128
-3.06889,3.15769,56.5716,4.85846,-3.2486,52.1233,-4.70323,1.40922,33.9911,-4.30294,-9.6452,87.1557
3.16962,2.99194,66.2108,2.97489,-4.51714,38.8292,-4.29725,-0.900755,7.85187,-1.79625,-8.73914,121.683
3.0149,2.92263,67.6243,3.07661,-4.45472,36.738,-1.35348,-0.24681,3.24573,-1.24041,-8.13385,121.179
6.36094,2.78408,76.218,1.99591,-4.27023,34.5535,-0.690901,-0.145575,1.68565,3.04275,-5.60504,127.348
6.13188,2.76458,76.7083,1.22454,-4.09564,32.205,-0.318741,-0.0628748,1.02514,3.24023,-5.09805,127.336
-0.631636,4.45089,28.9594,2.39414,3.46534,71.1403,5.62491,4.31004,110.321,-1.19441,-0.494064,2.5396
-1.18738,4.50417,39.6662,2.6258,2.21199,73.668,9.10222,7.63262,106.139,-0.587871,-0.243512,1.50015
-1.56657,3.92247,36.9926,2.42344,1.80142,75.2557,9.14507,7.56767,107.663,-0.32734,-0.134866,1.04546
-4.21902,1.71617,26.5141,1.93121,-0.88477,80.9367,9.12445,8.40235,108.456,-0.226044,-0.0918952,0.828893
-4.8255,1.3113,22.4598,2.03344,-1.11689,81.7438,9.52574,8.44759,108.864,-0.161316,-0.0644642,0.691287
-7.46817,-1.57596,13.9819,2.67654,-2.9688,89.5972,9.22003,7.92408,112.154,-0.128927,-0.0513023,0.610781
-5.14617,-1.0241,9.63955,2.93256,-2.76446,90.0172,9.70188,8.12036,112.502,-0.103829,-0.0404833,0.549187
-5.48531,-1.65846,8.62214,4.16439,-3.2809,98.5708,8.71788,6.93616,116.655,-0.0911381,-0.0350026,0.517203
-2.37965,-0.72059,4.25568,4.48024,-2.90938,99.0233,9.25813,7.18365,116.656,-0.0805637,-0.0299553,0.487836
-2.05759,-0.659468,3.52134,5.60908,-2.4348,105.894,7.48926,5.67831,120.006,-0.0760599,-0.0268512,0.481819
-1.13939,-0.368689,2.21237,6.06964,-2.08841,106.06,8.10989,5.93859,119.895,-0.0728429,-0.0246808,0.475773
-0.928267,-0.300939,1.83849,6.73006,-0.736084,105.777,6.17737,4.82846,122.915,-0.0758679,-0.0221857,0.500468
-0.668064,-0.219274,1.45159,7.28068,-0.531402,105.933,6.8401,5.183,122.662,-0.0812648,-0.0222516,0.525738
-0.578535,-0.18667,1.29308,7.74713,0.57762,101.983,4.86489,4.38335,123.472,-0.0983076,-0.0209657,0.598978
-0.466247,-0.149662,1.11847,8.32804,0.6859,102.272,5.55414,4.83092,123.387,-0.123538,-0.0240529,0.685934
-0.424457,-0.132501,1.05911,8.43642,0.940498,97.3454,3.9418,4.27863,122.078,-0.191856,-0.0257219,0.894673
-0.392045,-0.120593,1.00863,9.02906,0.960733,97.6984,4.65334,4.76764,122.344,-0.355831,-0.0422306,1.27965
-0.41935,-0.126967,1.09015,9.14797,0.296624,92.6306,3.88351,5.11567,119.475,-1.19443,-0.0903856,2.75095
-0.510209,-0.151856,1.24638,9.77492,0.248527,93.1434,4.69107,5.48106,120.05,-11.0787,-1.69241,16.0597
-0.95569,-0.284281,2.00089,9.9439,-0.626569,86.191,4.54608,5.8054,109.068,-20.717,-5.91869,30.9463
-4.47257,-1.25688,6.79918,10.5685,-0.73408,87.2741,5.26458,6.27065,110.628,-12.3549,-5.75132,24.0007
-23.7676,-6.23472,32.4591,9.45898,-1.86354,74.3243,2.58234,5.00853,81.9226,-12.934,-9.8378,45.7863
-24.3844,-5.49288,34.9462,9.95583,-1.94158,75.0166,3.24765,4.84129,82.035,-13.0505,-11.9894,60.7753
-19.7696,-2.33411,55.8623,7.05888,-3.21501,54.06,-3.90498,1.5557,33.9724,-12.3774,-13.0134,87.6036
-12.4603,1.61163,69.2172,7.39997,-2.35709,50.446,-3.02381,2.23187,33.0531,-11.7352,-12.5538,88.7086
-2.18393,1.66977,66.3751,4.85469,-4.11785,37.9883,-5.08092,-1.04692,8.86572,-11.9811,-12.6834,123.389
-1.63286,1.74834,65.906,4.96513,-4.17955,35.7819,-1.50231,-0.262401,3.45271,-11.095,-11.989,122.765
1.1542,1.45103,74.3708,3.94511,-4.00768,33.4231,-0.802254,-0.168682,1.83575,-7.12235,-9.62874,129.229
1.03464,1.46211,74.9713,3.54827,-4.03767,32.7692,-0.345321,-0.0682677,1.06473,-6.51768,-8.89877,128.586
2.1905,2.27011,82.653,1.80102,-2.98242,29.5463,-0.213371,-0.0418804,0.745632,-3.32105,-6.31274,121.263
2.23456,2.32624,82.8486,1.30246,-2.92248,28.5722,-0.128653,-0.0241841,0.563804,-2.85839,-5.95519,121.292
2.75845,3.40985,87.8744,-0.630633,-2.65744,25.2369,-0.0884485,-0.0162023,0.456362,-1.61243,-4.73338,117.111
2.89737,3.52736,87.9415,-1.4811,-2.56052,22.3994,-0.0608154,-0.0109462,0.386857,-1.18767,-4.56146,117.471
2.83728,4.36484,92.8618,-4.3331,-2.54245,16.2697,-0.044788,-0.00819124,0.341895,-0.772576,-4.18273,119.314
3.12511,4.44114,92.7559,-4.45577,-2.26038,12.9243,-0.0337039,-0.00637413,0.309538,-0.154305,-4.05677,119.263
2.92962,4.58001,97.4496,-5.66666,-2.33778,10.7933,-0.0265815,-0.00555749,0.289455,0.464632,-3.48856,124.017
3.4583,4.56014,96.7067,-4.06599,-1.70341,7.91474,-0.0217432,-0.00493882,0.273207,1.2828,-3.29618,123.386
3.26942,3.6872,101.195,-4.23868,-1.58468,7.05081,-0.0187308,-0.00507929,0.265736,1.0563,-1.84858,124.795
3.66714,3.72438,100.89,-2.16524,-0.809072,4.03632,-0.0167971,-0.00501766,0.259147,1.73736,-1.57574,124.136
4.03709,2.5268,101.868,-1.81081,-0.630766,3.21736,-0.015812,-0.00596915,0.262136,0.22981,-0.460712,123.473
4.40298,2.59619,101.605,-0.963183,-0.328318,1.96968,-0.0157386,-0.00650917,0.26532,0.864939,-0.280057,123.041
4.65627,1.45657,97.1394,-0.664039,-0.221953,1.45362,-0.0162889,-0.00847098,0.280879,-0.693632,-0.439607,122.597
4.94163,1.59483,97.0812,-0.41648,-0.136489,1.0626,-0.017976,-0.00979204,0.297198,-0.0445402,-0.381448,122.339
4.87205,0.981733,90.6368,-0.303247,-0.0987759,0.863902,-0.0205635,-0.0138006,0.333772,-0.943317,-1.48667,121.373
5.04197,1.18904,91.0971,-0.219953,-0.0696424,0.718731,-0.0253993,-0.0168556,0.373339,-0.28791,-1.57388,121.41
4.34171,1.07032,84.515,-0.177927,-0.0548181,0.648205,-0.032777,-0.026921,0.457084,-1.21686,-2.8343,118.54
4.44855,1.30236,85.3699,-0.148373,-0.0434726,0.591714,-0.048696,-0.0391003,0.569183,-0.574499,-3.07758,119.141
3.72954,1.80164,82.7338,-0.137492,-0.0363428,0.598249,-0.0780299,-0.0753428,0.800212,-1.79898,-3.97776,120.842
3.84361,1.96436,83.5417,-0.143387,-0.0343005,0.62541,-0.173875,-0.170936,1.2744,-1.12269,-4.22081,121.563
4.23628,3.75846,84.5403,-0.185976,-0.0329908,0.775086,-0.771479,-0.969137,3.49944,-2.1238,-4.35009,120.908
4.47001,3.84234,84.6666,-0.306045,-0.0456194,1.04936,-14.235,-10.8779,28.6096,-1.50066,-4.23018,121.532
4.78158,6.03549,85.5473,-1.06246,-0.0688044,2.41521,-14.3617,-5.49122,40.3561,-2.26224,-3.94812,113.822
4.95358,5.94617,84.8271,-17.32,-2.28656,23.9559,-11.459,-2.71278,49.2974,-1.91997,-3.30005,112.589
4.02117,7.95085,76.8697,-27.1733,-6.86196,43.6149,-9.6475,-1.85837,59.9555,-2.73828,-1.32902,88.3498
4.64679,7.14462,72.7254,-14.8665,-10.5919,60.2975,-10.4061,-2.03572,64.3864,-2.05216,-0.971444,86.988
2.7566,6.72763,53.3777,-3.02003,-3.84249,62.6457,-5.60523,-1.10503,77.7001,-4.28578,-0.925739,42.8822
2.82534,6.59848,49.0266,-1.83162,-3.26154,61.8558,-5.36415,-1.11224,78.6394,-3.64298,-0.765033,41.7119
1.62779,6.23546,40.2333,2.47335,2.32495,66.1332,0.714819,1.49601,98.9947,-4.90478,-1.99324,10.1466
1.34863,6.23786,37.8856,2.29617,2.16626,67.368,0.97177,1.52613,99.3409,-1.78292,-0.698574,4.54079
0.357448,6.09719,38.8092,3.01386,4.38765,68.5187,5.22215,4.60234,106.115,-0.906464,-0.387665,2.29641
-0.220456,5.81906,38.627,2.63631,4.05351,69.7301,5.50911,4.38793,106.024,-0.401864,-0.178039,1.35127
-0.978922,4.99138,39.4341,1.33817,2.13175,72.9025,6.42165,7.01563,106.797,-0.249774,-0.110179,0.957549
-1.52596,4.62061,38.4305,1.11403,1.84351,73.7012,6.63605,6.94326,107.135,-0.158983,-0.0693787,0.746225
-3.8688,2.47073,30.104,0.281146,-0.862582,79.0481,6.4591,7.77772,107.946,-0.11901,-0.0506893,0.625786
-4.39063,2.12787,27.0565,0.175724,-1.12363,79.9246,6.64016,7.77452,108.526,-0.0901136,-0.0372439,0.545552
-7.53044,-1.33489,15.3453,0.365855,-3.2511,87.7868,6.02898,7.13591,111.599,-0.0754317,-0.0307734,0.49574
-5.62513,-0.914897,11.2284,0.378384,-3.20712,88.5044,6.26777,7.23624,112.129,-0.0630523,-0.02498,0.457449
-5.92946,-1.7909,9.46711,1.24604,-3.91387,97.292,4.88025,6.01518,117.267,-0.0570499,-0.0220217,0.438754
-2.50301,-0.76406,4.60082,1.30437,-3.70179,98.0374,5.19986,6.17335,117.354,-0.0519796,-0.019196,0.421754
-2.03124,-0.675116,3.58238,2.00747,-3.40277,105.351,3.02385,4.54548,120.678,-0.0501115,-0.0173991,0.42221
-1.06436,-0.361727,2.18461,2.24981,-3.11111,105.523,3.43963,4.74643,120.641,-0.0490059,-0.0161128,0.422866
-0.832927,-0.286242,1.76463,2.8452,-1.78452,105.645,1.15898,3.42886,123.188,-0.051076,-0.013809,0.448762
-0.587024,-0.206577,1.38909,3.16333,-1.65536,105.918,1.59741,3.71836,123.017,-0.0551142,-0.0135205,0.476393
-0.505049,-0.175686,1.23521,3.70138,-0.542984,102.478,-0.671063,2.7525,123.527,-0.0653793,-0.010725,0.546064
-0.409176,-0.142835,1.08111,4.05047,-0.502388,102.779,-0.2322,3.11897,123.509,-0.0818875,-0.0112029,0.630992
-0.378354,-0.129306,1.03955,4.25682,-0.151231,98.1772,-2.11576,2.50159,122.464,-0.121515,-0.00468898,0.822565
-0.353551,-0.119996,1.00159,4.62293,-0.216518,98.5374,-1.6905,2.91103,122.779,-0.210952,-0.00291819,1.1399
-0.381228,-0.128227,1.10067,4.86135,-0.813042,93.4657,-2.61898,3.11874,119.889,-0.553529,0.0446952,2.08549
-0.482999,-0.159531,1.29358,5.21245,-0.961684,94.0464,-2.2052,3.46699,120.577,-3.84328,0.106084,7.46531
-0.986298,-0.325993,2.219,5.72057,-1.88852,86.9929,-1.99961,3.81874,109.375,-17.3697,-3.62585,30.9197
-6.42222,-1.97828,9.76184,6.00446,-2.01673,87.9522,-1.63249,4.01981,110.684,-9.10836,-6.13743,29.6561
-25.4531,-7.07308,36.6206,5.52372,-2.93093,75.263,-2.59658,3.4291,82.3,-5.21924,-7.37747,43.6556
-21.4614,-3.08276,47.2713,5.70187,-2.44988,74.5954,-2.15881,3.50044,82.4555,-6.89009,-8.86105,54.0794
-8.00159,2.1603,61.7347,4.1598,-3.8594,53.6376,-5.52533,1.11886,33.581,-6.6045,-10.493,86.5459
-4.39412,2.82248,55.2242,4.58349,-3.71925,51.0706,-4.8886,1.49545,32.9257,-6.63261,-10.5113,88.4593
1.33973,2.5698,64.4608,2.74001,-5.05894,38.6018,-3.78136,-0.685615,7.19603,-5.04998,-10.047,121.296
0.965092,2.45435,66.2533,2.81872,-5.0412,36.5629,-1.12496,-0.171649,2.96338,-4.61445,-9.50766,120.815
3.83404,2.28756,74.906,1.81648,-4.79885,34.4796,-0.544146,-0.102009,1.4937,-0.701214,-7.21501,126.268
3.61253,2.26005,75.2902,1.3551,-4.81107,33.8257,-0.239418,-0.0418106,0.910016,-0.467327,-6.60031,125.857
4.99111,3.20654,82.7372,-0.239656,-3.70751,30.4325,-0.146221,-0.0249654,0.640805,2.05476,-4.3281,118.733
4.87953,3.23621,82.8593,-0.741814,-3.61704,29.2123,-0.0878822,-0.0141462,0.4955,2.20447,-4.0304,119.027
5.49525,4.39702,87.8424,-2.353,-3.34907,25.8945,-0.060988,-0.00946994,0.406689,3.09267,-3.0126,115.368
5.50986,4.43558,87.873,-2.91241,-3.28452,23.9084,-0.0421473,-0.006398,0.349449,3.32879,-2.89909,115.709
5.64249,5.28157,92.6077,-5.01719,-3.31042,19.1262,-0.0312515,-0.00485976,0.311589,3.74806,-2.49906,117.434
5.79909,5.29525,92.4607,-5.17712,-3.13339,16.6173,-0.0235094,-0.00383139,0.28445,4.13342,-2.44891,117.555
5.56348,5.41533,97.3432,-6.47578,-3.01414,12.965,-0.0186715,-0.00353178,0.267674,4.64,-1.84651,122.366
5.84986,5.36318,96.8778,-4.76239,-2.23626,9.68347,-0.0152988,-0.00322867,0.254264,5.17638,-1.73349,121.886
5.50536,4.56219,101.938,-4.13816,-1.68159,7.19496,-0.0133941,-0.00360499,0.248515,4.75757,-0.275494,123.766
5.70507,4.55602,101.877,-1.93089,-0.775929,3.87528,-0.0121193,-0.00367236,0.243638,5.20681,-0.0717617,123.186
5.9099,3.25409,102.967,-1.34381,-0.49877,2.66033,-0.0116717,-0.00471828,0.247315,3.43339,1.00401,122.844
6.18566,3.28492,102.621,-0.699276,-0.252518,1.66126,-0.0116644,-0.00511493,0.250202,3.9338,1.12534,122.507
6.28604,2.05389,98.304,-0.47552,-0.167262,1.22678,-0.0120944,-0.0068716,0.263836,2.31333,0.912316,122.453
6.48955,2.15987,98.3073,-0.303738,-0.104049,0.926526,-0.0131483,-0.0078609,0.277842,2.83681,0.932422,122.218
6.15061,1.43817,91.8416,-0.224222,-0.0758617,0.767003,-0.0147782,-0.0112518,0.309659,1.77697,-0.259715,121.444
6.26874,1.61246,92.2229,-0.166665,-0.0545907,0.653364,-0.0178617,-0.0138527,0.346486,2.32397,-0.351012,121.449
5.43987,1.50426,85.404,-0.138758,-0.0439228,0.600214,-0.0223271,-0.0222791,0.42277,1.38326,-1.66201,118.523
5.51412,1.72571,86.28,-0.118741,-0.0355923,0.557543,-0.0321727,-0.0317685,0.524664,1.95956,-1.92069,119.136
4.67245,2.16632,83.2385,-0.11368,-0.0300154,0.573575,-0.0468447,-0.060135,0.730766,0.620031,-2.88037,120.588
4.76258,2.32418,84.149,-0.119764,-0.0284586,0.60153,-0.0943239,-0.12553,1.11837,1.25383,-3.17048,121.32
5.02955,3.98657,85.3475,-0.155613,-0.0253194,0.746573,-0.2575,-0.55582,2.57523,0.0243711,-3.48531,121.427
5.2153,4.09364,85.547,-0.252716,-0.0331187,1.00343,-6.60681,-7.86025,18.9949,0.646832,-3.49725,122.204
5.49653,6.18078,85.9752,-0.847843,-0.0193954,2.22452,-15.4891,-6.74095,46.5434,-0.356218,-3.07642,114.95
5.73448,6.06153,85.2616,-16.6504,-1.71401,23.6428,-10.4335,-2.41263,47.1417,0.12056,-2.69372,114.331
4.82646,7.82304,76.8961,-25.95,-8.31845,51.0185,-8.4189,-1.70504,57.6298,-0.935896,-0.94987,91.1493
5.12541,7.36464,73.9794,-10.1843,-9.31785,55.1033,-9.88578,-2.04357,63.595,-0.550014,-0.48427,89.4405
3.17154,6.97122,55.431,-1.70001,-2.83763,58.3357,-5.17119,-1.08582,76.3853,-3.41651,-0.70698,47.2223
3.28165,6.6855,50.6413,-1.99574,-3.3582,62.5854,-4.87222,-1.07193,77.311,-2.74202,-0.54419,45.9727
1.85885,6.19841,40.7216,2.34833,2.26304,67.7396,1.5093,1.61861,98.2111,-5.30186,-2.16295,10.9112
1.56342,6.23454,38.3749,2.11592,2.08919,69.1251,1.76185,1.6892,98.4014,-2.03079,-0.781939,5.1262
0.325016,5.96996,37.8842,3.19199,4.31922,70.5978,6.22541,4.87117,104.97,-1.12905,-0.486252,2.67509
-0.249113,5.70851,37.3278,2.8655,3.99479,71.6851,6.50373,4.65117,104.96,-0.487461,-0.218209,1.51852
-1.20658,4.80416,37.5795,1.75635,2.18001,74.9171,7.44661,7.14084,105.612,-0.299013,-0.13423,1.05553
-1.78851,4.43194,36.5356,1.55692,1.90911,75.6801,7.65627,7.07043,105.976,-0.186672,-0.0833202,0.80733
-4.25018,2.17705,28.4422,0.740013,-0.769991,81.1999,7.45674,7.94859,107.13,-0.137648,-0.0602285,0.669252
-4.78396,1.80469,25.3388,0.683916,-1.00416,81.9683,7.65314,7.92558,107.73,-0.10247,-0.043659,0.578324
-7.68978,-1.57071,14.935,0.758999,-3.05268,89.9017,6.98314,7.29272,111.228,-0.0845885,-0.0354823,0.523292
-5.50239,-1.02401,10.6788,0.821321,-2.94152,90.4763,7.24852,7.41484,111.75,-0.0701376,-0.028478,0.481282
-5.39091,-1.72543,8.70413,1.39674,-3.72012,99.3752,5.8595,6.03601,115.477,-0.0629237,-0.0250058,0.460534
-2.22356,-0.721884,4.19301,1.48469,-3.46175,100.089,6.17732,6.1986,115.66,-0.056981,-0.0217437,0.441701
-1.79739,-0.625586,3.26901,1.99223,-2.93594,107.009,3.97938,4.51562,119.913,-0.054329,-0.0194488,0.441811
-0.97985,-0.349376,2.07168,2.28852,-2.63733,107.166,4.41545,4.71636,119.899,-0.0529144,-0.0179119,0.442402
-0.778695,-0.28095,1.69647,2.7285,-1.25228,106.961,2.16961,3.51807,123.484,-0.0547381,-0.0152141,0.470087
-0.556528,-0.206069,1.3528,3.11095,-1.09493,107.134,2.65871,3.81659,123.271,-0.0591808,-0.0149025,0.499885
-0.480563,-0.176437,1.20756,3.56963,-0.0584408,103.289,0.565463,2.96376,124.174,-0.0700065,-0.0117704,0.574368
-0.390131,-0.144088,1.05998,3.9743,0.0147792,103.53,1.06505,3.34711,124.116,-0.0883976,-0.012419,0.665424
-0.357895,-0.129591,1.01481,4.20875,0.160444,98.8772,-0.738251,2.78562,122.952,-0.131612,-0.00431109,0.872718
-0.330507,-0.118745,0.970828,4.63073,0.144563,99.1539,-0.246003,3.22552,123.264,-0.233927,-0.000812121,1.22135
-0.344017,-0.12288,1.04706,4.90699,-0.466004,94.1156,-1.14806,3.47074,120.392,-0.646289,0.0625173,2.31285
-0.426788,-0.149872,1.21736,5.31485,-0.525276,94.4657,-0.633908,3.82939,120.983,-5.35669,0.160409,9.73232
-0.814303,-0.2885,1.99674,5.8885,-1.43498,86.9419,-0.476812,4.19499,109.537,-17.2822,-4.03793,33.0964
-4.7728,-1.57335,7.65153,6.23011,-1.59985,88.0364,-0.0619517,4.4715,110.97,-7.20415,-5.49556,27.9358
-24.6618,-7.44366,36.2317,5.82815,-2.51367,75.3001,-1.4482,3.73222,82.5792,-3.49459,-6.52717,41.9769
-18.6402,-2.98598,43.3613,6.02168,-2.41761,75.7155,-1.0507,3.61399,82.7618,-5.5865,-8.39053,53.9174
-5.46998,2.38502,58.2724,4.4445,-3.69367,55.3709,-5.35662,0.983661,35.1085,-4.33877,-9.66937,84.8305
-2.94931,3.18966,56.2918,4.86422,-3.25923,52.1092,-4.70307,1.40553,33.9935,-4.29885,-9.65028,87.1542
3.20851,3.01501,66.1963,2.97948,-4.51982,38.8058,-4.29351,-0.900901,7.84724,-1.79135,-8.74214,121.678
3.05008,2.94382,67.6136,3.08057,-4.45859,36.7198,-1.35232,-0.246902,3.24422,-1.23645,-8.13581,121.172
6.4029,2.80862,76.1975,1.99883,-4.27377,34.5369,-0.690402,-0.145593,1.68498,3.04718,-5.60689,127.34
6.1803,2.78974,76.6648,1.22784,-4.10121,32.1752,-0.318565,-0.0629098,1.02484,3.24517,-5.09671,127.317
-0.631444,4.4525,28.9796,2.38855,3.46362,71.1569,5.6237,4.31095,110.32,-1.19446,-0.493964,2.53968
-1.18736,4.50514,39.6992,2.61965,2.20888,73.6869,9.1011,7.63243,106.137,-0.587991,-0.243461,1.50037
-1.56562,3.92355,37.0216,2.41786,1.79901,75.273,9.14394,7.56793,107.662,-0.327454,-0.134834,1.04571
-4.21847,1.71805,26.5465,1.92577,-0.88692,80.9537,9.12331,8.40274,108.454,-0.22616,-0.0918747,0.829171
-4.82914,1.31238,22.4847,2.02778,-1.1202,81.7629,9.52424,8.44738,108.862,-0.161426,-0.0644501,0.691582
-7.47212,-1.57443,13.9763,2.66968,-2.97809,89.6259,9.21745,7.92068,112.153,-0.12904,-0.0512993,0.611101
-5.12073,-1.01778,9.58409,2.9228,-2.78283,90.0627,9.69707,8.1119,112.502,-0.103943,-0.0404909,0.549523
-5.38416,-1.62638,8.47761,4.15005,-3.3087,98.6364,8.71008,6.92163,116.654,-0.0912633,-0.0350224,0.517566
-2.29621,-0.695892,4.13624,4.46398,-2.93627,99.0906,9.24941,7.16814,116.652,-0.0806965,-0.0299834,0.488208
-1.95562,-0.627096,3.38063,5.59795,-2.45337,105.94,7.48345,5.66668,119.998,-0.0762056,-0.0268846,0.482218
-1.09054,-0.352891,2.14214,6.06474,-2.09566,106.079,8.108,5.93331,119.886,-0.0729959,-0.0247183,0.476193
-0.888867,-0.288036,1.7818,6.72799,-0.739464,105.785,6.17699,4.82547,122.907,-0.0760494,-0.0222264,0.500966
-0.64342,-0.211046,1.4149,7.27993,-0.533085,105.937,6.84076,5.1813,122.654,-0.0814838,-0.022303,0.526328
-0.558923,-0.18021,1.26371,7.74728,0.576536,101.985,4.86608,4.38246,123.465,-0.0986284,-0.0210296,0.599806
-0.452783,-0.145242,1.09777,8.32864,0.684556,102.275,5.55579,4.83041,123.381,-0.124026,-0.0241525,0.687118
-0.413637,-0.129063,1.04227,8.43745,0.938914,97.3482,3.9438,4.27854,122.072,-0.192895,-0.025888,0.896914
-0.383572,-0.11795,0.995344,9.03045,0.958554,97.7023,4.65575,4.76778,122.339,-0.358706,-0.0426716,1.28491
-0.411293,-0.124538,1.07752,9.14974,0.294055,92.6353,3.88639,5.11588,119.471,-1.21477,-0.0926936,2.78045
-0.501686,-0.149359,1.2335,9.7772,0.245793,93.1466,4.69602,5.47783,120.043,-11.3057,-1.74981,16.3587
-0.939872,-0.279736,1.97845,9.94603,-0.631622,86.2006,4.54905,5.80509,109.067,-20.6499,-5.93732,30.8816
-4.40759,-1.23891,6.71383,10.5712,-0.742214,87.2892,5.26706,6.27035,110.629,-12.281,-5.73654,23.9051
-23.8995,-6.26811,32.632,9.46066,-1.86238,74.3286,2.58525,5.01224,81.9224,-12.9048,-9.8269,45.7193
-24.5206,-5.51812,35.1458,9.95741,-1.93891,75.0195,3.25107,4.84429,82.0331,-13.0518,-11.9901,60.7756
-19.7478,-2.30472,56.0262,7.05979,-3.21429,54.0666,-3.90416,1.55603,33.9701,-12.3812,-13.0114,87.6035
-12.4254,1.61606,69.1156,7.40275,-2.36596,50.466,-3.02357,2.22909,33.0529,-11.7392,-12.552,88.7038
-2.18874,1.66764,66.3632,4.85633,-4.12149,38.0014,-5.08172,-1.04759,8.867,-11.9846,-12.6815,123.386
-1.64454,1.74506,65.9168,4.96674,-4.18123,35.7919,-1.50236,-0.262586,3.45295,-11.0981,-11.9871,122.763
1.14148,1.4474,74.3816,3.94688,-4.00935,33.4326,-0.80234,-0.168785,1.83595,-7.12594,-9.6262,129.227
1.0233,1.45819,74.98,3.55013,-4.03867,32.7782,-0.345347,-0.0683115,1.06484,-6.52117,-8.89638,128.585
2.17726,2.26576,82.6645,1.80304,-2.98429,29.5583,-0.213394,-0.0419101,0.745729,-3.32502,-6.30994,121.261
2.22171,2.32139,82.8603,1.30463,-2.92434,28.5867,-0.128668,-0.0242029,0.563889,-2.86247,-5.95252,121.29
2.74375,3.40454,87.8897,-0.630123,-2.65961,25.2487,-0.0884613,-0.0162162,0.456442,-1.61722,-4.73052,117.109
2.88152,3.52183,87.9606,-1.48763,-2.56228,22.3956,-0.0608254,-0.0109559,0.386936,-1.19323,-4.55886,117.468
2.81961,4.35866,92.8849,-4.34374,-2.54512,16.2592,-0.0447968,-0.00819801,0.341974,-0.779082,-4.18013,119.311
3.10578,4.43597,92.7827,-4.45908,-2.26407,12.9024,-0.0337119,-0.00637812,0.309619,-0.162467,-4.05324,119.259
2.90229,4.57763,97.4937,-5.63824,-2.33102,10.7336,-0.0265903,-0.00555919,0.28954,0.451155,-3.48327,124.013
3.41967,4.56102,96.7771,-3.97823,-1.66925,7.76406,-0.0217552,-0.00493921,0.273293,1.26194,-3.28913,123.38
3.22368,3.68879,101.28,-4.04852,-1.51475,6.77876,-0.0187465,-0.00508046,0.265822,1.03024,-1.8397,124.785
3.63029,3.72215,100.954,-2.04944,-0.765754,3.86568,-0.0168155,-0.00501959,0.259229,1.716,-1.56765,124.123
4.01081,2.52217,101.906,-1.6997,-0.592147,3.06084,-0.0158312,-0.00597262,0.262216,0.21442,-0.453384,123.458
4.38593,2.58879,101.622,-0.917534,-0.312853,1.90214,-0.0157582,-0.00651352,0.265397,0.855632,-0.274393,123.027
4.64261,1.4489,97.1507,-0.637196,-0.213049,1.41315,-0.0163091,-0.00847694,0.280958,-0.700908,-0.434908,122.584
4.92932,1.58665,97.0908,-0.403081,-0.132117,1.04098,-0.0179984,-0.00979919,0.297279,-0.0503926,-0.377434,122.326
4.86137,0.974107,90.6447,-0.294997,-0.0960776,0.849908,-0.0205897,-0.0138106,0.333863,-0.948022,-1.48324,121.362
5.03178,1.18134,91.105,-0.214956,-0.0680254,0.709645,-0.0254328,-0.0168679,0.373439,-0.291718,-1.57076,121.4
4.33281,1.06329,84.5221,-0.174433,-0.0536848,0.641465,-0.0328245,-0.0269408,0.457214,-1.21958,-2.83164,118.532
4.43988,1.29538,85.3773,-0.14589,-0.0426755,0.586715,-0.0487726,-0.0391303,0.569356,-0.576504,-3.07502,119.134
3.72163,1.79493,82.7411,-0.135471,-0.0357048,0.593949,-0.0781791,-0.0754058,0.800498,-1.80001,-3.97563,120.836
3.83592,1.95778,83.5492,-0.141539,-0.0337234,0.621544,-0.174273,-0.171106,1.27501,-1.12308,-4.21865,121.558
4.22881,3.752,84.5483,-0.183763,-0.032347,0.770609,-0.774347,-0.970774,3.50335,-2.12344,-4.34813,120.904
4.46288,3.83602,84.6742,-0.302648,-0.044644,1.0435,-14.2604,-10.8823,28.6336,-1.49982,-4.22778,121.529
4.77476,6.02944,85.5556,-1.04946,-0.0657238,2.39723,-14.3585,-5.49024,40.3265,-2.26055,-3.94697,113.821
4.94616,5.94103,84.8391,-17.2892,-2.25039,23.9155,-11.4626,-2.71551,49.2944,-1.91866,-3.29844,112.588
4.01893,7.9409,76.8683,-27.3007,-6.89309,43.8845,-9.64891,-1.85874,59.9569,-2.73439,-1.32829,88.3471
4.64255,7.13771,72.7309,-14.8326,-10.6133,60.4189,-10.4065,-2.03805,64.3831,-2.05058,-0.968897,86.9842
2.75125,6.72604,53.391,-3.00125,-3.82327,62.5645,-5.60688,-1.10765,77.6978,-4.28604,-0.92508,42.8804
2.8214,6.59576,49.0361,-1.83813,-3.25923,61.8469,-5.36497,-1.11393,78.6375,-3.64261,-0.764358,41.7103
1.62494,6.23263,40.2403,2.46044,2.32408,66.1407,0.714145,1.49527,98.9924,-4.90584,-1.99376,10.1483
1.34633,6.23488,37.8913,2.28409,2.16634,67.3728,0.97136,1.52599,99.3394,-1.78347,-0.698734,4.54176
0.355264,6.094,38.8144,3.00201,4.38792,68.5223,5.22176,4.6024,106.114,-0.906824,-0.38781,2.29702
-0.222079,5.81547,38.63,2.62498,4.0546,69.7321,5.50893,4.38875,106.023,-0.40202,-0.178098,1.35161
-0.980587,4.9878,39.4379,1.32641,2.13176,72.9054,6.42142,7.01587,106.795,-0.249884,-0.11022,0.957802
-1.52727,4.61687,38.4349,1.10245,1.84376,73.7034,6.63596,6.94388,107.134,-0.159059,-0.0694041,0.746434
-3.86969,2.46774,30.1109,0.26898,-0.862709,79.0505,6.45904,7.7783,107.945,-0.119074,-0.050709,0.62598
-4.39238,2.12441,27.0607,0.16342,-1.12428,79.9276,6.64006,7.77504,108.524,-0.0901682,-0.0372586,0.545737
-7.53117,-1.3367,15.3404,0.352308,-3.25339,87.7921,6.0287,7.1357,111.598,-0.0754834,-0.0307877,0.495927
-5.61834,-0.915173,11.208,0.364379,-3.21194,88.5131,6.26707,7.23476,112.129,-0.0631011,-0.024994,0.45764
-5.90137,-1.78212,9.42547,1.23001,-3.92131,97.3049,4.87916,6.01184,117.267,-0.057101,-0.0220374,0.438958
-2.47918,-0.757008,4.56566,1.28788,-3.70911,98.0502,5.1986,6.16984,117.352,-0.0520335,-0.0192128,0.421969
-2.00454,-0.666319,3.54487,1.99149,-3.40786,105.358,3.02363,4.5428,120.676,-0.0501713,-0.0174169,0.42245
-1.05271,-0.357763,2.16728,2.23544,-3.1133,105.523,3.44041,4.74551,120.639,-0.0490725,-0.0161319,0.423135
-0.824141,-0.283186,1.75151,2.83136,-1.78566,105.642,1.16018,3.42832,123.186,-0.0511573,-0.0138278,0.449097
-0.581701,-0.204667,1.38077,3.1494,-1.65651,105.915,1.59868,3.71788,123.014,-0.0552185,-0.0135431,0.476812
-0.500873,-0.174201,1.22865,3.68792,-0.543868,102.473,-0.669747,2.75197,123.524,-0.0655348,-0.0107469,0.546672
-0.406303,-0.141805,1.07646,4.0367,-0.503658,102.775,-0.230993,3.11827,123.506,-0.0821375,-0.0112349,0.631899
-0.376045,-0.128497,1.03579,4.24362,-0.15246,98.1734,-2.11462,2.50079,122.461,-0.122045,-0.00471056,0.824288
-0.351805,-0.119381,0.998753,4.60944,-0.218035,98.534,-1.68952,2.91012,122.777,-0.212354,-0.0029596,1.14366
-0.379765,-0.127713,1.09835,4.84857,-0.814559,93.4623,-2.61812,3.11772,119.887,-0.560683,0.0450513,2.09999
-0.481889,-0.15912,1.29203,5.1997,-0.963154,94.0414,-2.20359,3.46422,120.573,-3.95585,0.100315,7.62454
-0.987164,-0.326149,2.22083,5.70787,-1.89052,86.9894,-1.9975,3.81316,109.366,-17.4495,-3.71068,31.1262
-6.49259,-1.99771,9.8568,5.99167,-2.01505,87.9456,-1.63268,4.02206,110.684,-8.99832,-6.11051,29.5027
-25.5598,-7.086,36.7872,5.51234,-2.92672,75.2548,-2.59674,3.43205,82.2982,-5.16945,-7.35055,43.5315
-21.3913,-3.02813,47.3926,5.68929,-2.44906,74.5924,-2.15904,3.49828,82.4495,-6.88445,-8.8588,54.0738
-7.93539,2.17418,61.6124,4.15182,-3.8666,53.6456,-5.52642,1.11444,33.5787,-6.60274,-10.4934,86.5506
-4.37786,2.82439,55.1791,4.57546,-3.72346,51.0749,-4.88934,1.49237,32.923,-6.62768,-10.5098,88.4566
1.34176,2.56965,64.4607,2.73411,-5.06023,38.6021,-3.78093,-0.685853,7.19551,-5.04239,-10.0447,121.293
0.966721,2.45379,66.2541,2.81293,-5.04151,36.5617,-1.12482,-0.171702,2.96321,-4.60716,-9.5054,120.813
3.83642,2.28752,74.9049,1.81107,-4.79962,34.4786,-0.544069,-0.102028,1.49361,-0.694253,-7.21205,126.266
3.6158,2.2599,75.2871,1.34968,-4.81103,33.8233,-0.239385,-0.0418158,0.909977,-0.460438,-6.59757,125.856
4.99372,3.20678,82.7354,-0.244516,-3.70836,30.431,-0.146201,-0.024969,0.640783,2.06044,-4.32499,118.732
4.88241,3.23626,82.8566,-0.746661,-3.61748,29.21,-0.0878704,-0.0141476,0.495487,2.2101,-4.02752,119.026
5.49745,4.39725,87.8409,-2.3573,-3.35004,25.8923,-0.0609801,-0.00947107,0.406682,3.09749,-3.0096,115.367
5.512,4.4356,87.8713,-2.91666,-3.28537,23.9057,-0.0421418,-0.00639851,0.349445,3.3335,-2.89631,115.708
5.64441,5.28146,92.6061,-5.01979,-3.31161,19.1261,-0.0312474,-0.00485999,0.311588,3.75252,-2.49628,117.432
5.80101,5.29501,92.4587,-5.17888,-3.13474,16.6192,-0.0235064,-0.00383134,0.284451,4.13774,-2.44625,117.553
5.56519,5.41526,97.3414,-6.47536,-3.01501,12.9645,-0.0186691,-0.00353162,0.267676,4.64403,-1.8437,122.365
5.85123,5.36332,96.8765,-4.7598,-2.23577,9.67926,-0.0152969,-0.00322848,0.254267,5.18004,-1.73077,121.885
5.50641,4.56254,101.937,-4.13069,-1.67915,7.1846,-0.0133926,-0.00360502,0.248519,4.7606,-0.2726,123.766
5.70636,4.55615,101.875,-1.92678,-0.774501,3.86936,-0.0121181,-0.00367265,0.243644,5.2099,-0.0690913,123.185
5.91127,3.25416,102.965,-1.34047,-0.497685,2.65567,-0.0116707,-0.00471901,0.247323,3.43618,1.0066,122.843
6.18699,3.28474,102.62,-0.697823,-0.252067,1.65914,-0.0116635,-0.00511607,0.250212,3.9366,1.12773,122.506
6.28746,2.05357,98.3018,-0.474599,-0.166986,1.22541,-0.0120936,-0.00687324,0.263849,2.31607,0.914456,122.452
6.49077,2.1594,98.3054,-0.303221,-0.1039,0.925718,-0.0131478,-0.00786308,0.277858,2.83943,0.934462,122.217
6.15187,1.4376,91.8393,-0.223875,-0.0757619,0.76644,-0.0147778,-0.011255,0.309683,1.77966,-0.257912,121.443
6.26976,1.61181,92.221,-0.166432,-0.0545255,0.652972,-0.017862,-0.0138571,0.34652,2.32654,-0.349264,121.449
5.44076,1.50356,85.4021,-0.138583,-0.0438732,0.59991,-0.0223283,-0.022287,0.422827,1.38584,-1.66049,118.522
5.51474,1.72497,86.2787,-0.118606,-0.0355552,0.55731,-0.0321787,-0.0317829,0.524763,1.96203,-1.91921,119.135
4.67285,2.1655,83.2376,-0.113566,-0.029983,0.573378,-0.046862,-0.060173,0.730983,0.622575,-2.87915,120.586
4.7628,2.32334,84.1484,-0.119657,-0.0284285,0.601368,-0.0944035,-0.125658,1.11894,1.25629,-3.16927,121.319
5.02937,3.98583,85.3476,-0.155497,-0.0252818,0.746433,-0.258122,-0.557118,2.57859,0.0266486,-3.48416,121.425
5.21515,4.09286,85.546,-0.25258,-0.0330601,1.00336,-6.63272,-7.8787,19.0449,0.648809,-3.49525,122.202
5.49619,6.17985,85.9747,-0.847947,-0.0191432,2.22524,-15.4804,-6.72719,46.5316,-0.354135,-3.07563,114.948
5.73444,6.06022,85.2607,-16.6692,-1.71487,23.6706,-10.4218,-2.41034,47.1131,0.122734,-2.69326,114.33
4.82554,7.82173,76.8974,-25.9318,-8.32607,51.0482,-8.41669,-1.70613,57.6235,-0.935347,-0.948642,91.1462
5.12339,7.36443,73.9854,-10.1689,-9.31334,55.0855,-9.88571,-2.04619,63.5932,-0.550372,-0.482942,89.4367
3.16998,6.97087,55.4348,-1.69677,-2.83406,58.3248,-5.17069,-1.08703,76.3829,-3.41669,-0.706699,47.2194
3.28028,6.68502,50.6445,-1.9963,-3.35736,62.5867,-4.87155,-1.07294,77.3083,-2.74223,-0.543799,45.9701
1.85759,6.19764,40.7245,2.34638,2.26443,67.742,1.50981,1.61883,98.2078,-5.30205,-2.16345,10.9121
1.56247,6.23344,38.3767,2.11451,2.09131,69.1259,1.76227,1.69006,98.3989,-2.03103,-0.782095,5.12695
0.324149,5.96867,37.8857,3.19041,4.32132,70.5985,6.22552,4.87252,104.968,-1.12928,-0.486413,2.6756
-0.249553,5.7067,37.3275,2.86435,3.99762,71.6846,6.50377,4.65333,104.958,-0.487562,-0.218277,1.51881
-1.20707,4.80236,37.5802,1.75506,2.18172,74.9178,7.44632,7.14252,105.609,-0.299092,-0.134277,1.05576
-1.78867,4.42987,36.5376,1.55571,1.91104,75.6804,7.65592,7.07258,105.974,-0.186729,-0.0833501,0.807527
-4.24994,2.17527,28.4476,0.738877,-0.768416,81.2007,7.45621,7.95073,107.127,-0.1377,-0.060252,0.669437
-4.78468,1.80217,25.3403,0.682564,-1.00325,81.9701,7.65239,7.92767,107.728,-0.102516,-0.043677,0.578503
-7.68888,-1.572,14.9277,0.757367,-3.05367,89.9064,6.98203,7.29392,111.226,-0.0846338,-0.0354999,0.523475
-5.49151,-1.02331,10.6534,0.819008,-2.94539,90.4852,7.24677,7.41464,111.749,-0.0701823,-0.0284955,0.481468
-5.3569,-1.71483,8.65476,1.3934,-3.72641,99.3885,5.85719,6.03403,115.475,-0.0629726,-0.0250256,0.460733
-2.20046,-0.714885,4.15886,1.4815,-3.46672,100.099,6.17511,6.19721,115.657,-0.0570337,-0.0217646,0.441909
-1.77345,-0.617559,3.23511,1.99106,-2.93791,107.012,3.97841,4.51555,119.909,-0.0543881,-0.0194708,0.442044
-0.969292,-0.345731,2.05581,2.28911,-2.63641,107.161,4.41549,4.71817,119.896,-0.0529807,-0.0179354,0.44266
-0.771051,-0.278249,1.68493,2.72975,-1.25029,106.954,2.17014,3.52041,123.481,-0.05482,-0.015238,0.470407
-0.552153,-0.204476,1.34586,3.11227,-1.09302,107.126,2.65937,3.8191,123.267,-0.0592867,-0.0149315,0.500285
-0.477469,-0.175318,1.20261,3.57104,-0.0563557,103.281,0.566298,2.96635,124.171,-0.070166,-0.0118016,0.57495
-0.388315,-0.143425,1.05697,3.97557,0.0163767,103.522,1.06587,3.34965,124.113,-0.0886555,-0.012465,0.66629
-0.356816,-0.129205,1.013,4.21006,0.161909,98.8693,-0.737344,2.7881,122.949,-0.132162,-0.00435597,0.874375
-0.330122,-0.118598,0.970193,4.63193,0.145645,99.1465,-0.245141,3.22803,123.262,-0.235405,-0.000896614,1.22502
-0.3444,-0.122991,1.04775,4.90822,-0.4651,94.1086,-1.14718,3.47312,120.389,-0.654277,0.0628045,2.32798
-0.428614,-0.150444,1.22047,5.31636,-0.524188,94.4568,-0.632047,3.83013,120.979,-5.48571,0.149656,9.91139
-0.824362,-0.291752,2.01239,5.88905,-1.43445,86.9355,-0.475116,4.19437,109.531,-17.2958,-4.10276,33.2018
-4.94929,-1.62822,7.8901,6.23083,-1.58989,88.0186,-0.0610309,4.48045,110.969,-7.12813,-5.47081,27.8046
-24.8634,-7.47686,36.5474,5.82786,-2.50176,75.2814,-1.4473,3.73931,82.5761,-3.46222,-6.50919,41.89
-18.4811,-2.89922,43.3616,6.02093,-2.41895,75.716,-1.05124,3.61207,82.7564,-5.58645,-8.39138,53.9189
-5.37374,2.40762,58.0485,4.44524,-3.70315,55.3825,-5.35757,0.978337,35.1061,-4.34112,-9.67164,84.8331
-2.93102,3.19469,56.2363,4.86438,-3.26269,52.1126,-4.70337,1.40258,33.9905,-4.29766,-9.65024,87.1499
3.20884,3.0174,66.1981,2.97962,-4.51974,38.804,-4.2933,-0.901552,7.84713,-1.78929,-8.74162,121.674
3.05082,2.94587,67.6132,3.0807,-4.45754,36.7173,-1.35223,-0.247083,3.24416,-1.23451,-8.13517,121.169
6.40422,2.81183,76.1951,1.99907,-4.27305,34.535,-0.690335,-0.145682,1.68492,3.04851,-5.60532,127.337
6.18282,2.7928,76.6592,1.22756,-4.09973,32.1688,-0.318529,-0.0629443,1.0248,3.24652,-5.09526,127.314
-0.631265,4.4508,28.9679,2.392,3.46439,71.1469,5.62539,4.31072,110.318,-1.19446,-0.493995,2.53969
-1.18702,4.50383,39.6812,2.62335,2.21018,73.6759,9.10272,7.63259,106.135,-0.587984,-0.243485,1.50036
-1.56587,3.92218,37.0055,2.42126,1.79998,75.2629,9.1455,7.56791,107.66,-0.327449,-0.134854,1.04569
-4.21941,1.7156,26.5245,1.929,-0.886522,80.9444,9.12473,8.40248,108.453,-0.226154,-0.091892,0.829153
-4.82887,1.30876,22.4603,2.03098,-1.11966,81.7535,9.52567,8.44729,108.861,-0.161421,-0.0644654,0.69156
-7.46824,-1.57643,13.9745,2.67354,-2.97383,89.6108,9.21947,7.92257,112.152,-0.129034,-0.0513103,0.611076
-5.13269,-1.02206,9.60968,2.92852,-2.77327,90.0374,9.70039,8.11678,112.5,-0.103936,-0.0404965,0.549496
-5.43685,-1.6435,8.5525,4.15854,-3.29387,98.5994,8.71513,6.9299,116.653,-0.0912545,-0.0350231,0.517543
-2.34002,-0.708992,4.19858,4.47364,-2.92184,99.0522,9.25499,7.17705,116.653,-0.0806865,-0.0299808,0.488195
-2.00885,-0.644033,3.4539,5.60485,-2.44352,105.913,7.48746,5.67349,120.001,-0.0761972,-0.026881,0.482221
-1.11608,-0.361161,2.17873,6.0681,-2.09208,106.067,8.10984,5.93667,119.889,-0.072993,-0.0247151,0.476217
-0.909417,-0.294764,1.81129,6.72972,-0.738068,105.779,6.17796,4.82764,122.91,-0.0760534,-0.0222236,0.50102
-0.656296,-0.21534,1.43401,7.28084,-0.532793,105.934,6.8411,5.18276,122.657,-0.0814989,-0.022301,0.526419
-0.569185,-0.183583,1.27904,7.74764,0.57647,101.983,4.86608,4.38358,123.467,-0.0986637,-0.0210276,0.599968
-0.459864,-0.147559,1.10863,8.32872,0.684492,102.273,5.55548,4.83139,123.383,-0.124103,-0.0241531,0.687394
-0.419389,-0.130881,1.05121,8.43725,0.938971,97.3464,3.94325,4.27941,122.074,-0.193102,-0.0258907,0.897501
-0.388156,-0.119367,1.00253,9.03002,0.958842,97.7,4.65492,4.76863,122.34,-0.359409,-0.0427083,1.28641
-0.415821,-0.125887,1.08462,9.14908,0.294597,92.6324,3.88535,5.11662,119.472,-1.22057,-0.0930401,2.7893
-0.506782,-0.150839,1.24123,9.77637,0.246675,93.1423,4.69522,5.47746,120.041,-11.3753,-1.7647,16.4511
-0.950935,-0.282885,1.99419,9.94498,-0.630738,86.1965,4.54766,5.80556,109.066,-20.6309,-5.9401,30.8677
-4.47777,-1.25795,6.80617,10.5698,-0.738073,87.2796,5.26579,6.27254,110.628,-12.2535,-5.73015,23.8809
-23.8896,-6.26176,32.6192,9.45961,-1.86152,74.323,2.58387,5.01264,81.922,-12.8811,-9.8197,45.7024
-24.4311,-5.49438,35.0248,9.95659,-1.94239,75.0195,3.24899,4.84279,82.0332,-13.0428,-11.986,60.7636
-19.7308,-2.3054,55.9439,7.05921,-3.21612,54.0645,-3.90457,1.55546,33.9699,-12.3742,-13.0101,87.6026
-12.4307,1.61503,69.1306,7.4015,-2.36415,50.4589,-3.02383,2.22988,33.0522,-11.7322,-12.5506,88.7045
-2.18745,1.66779,66.3655,4.85547,-4.12087,37.9962,-5.08101,-1.04734,8.866,-11.9756,-12.6792,123.386
-1.64151,1.74547,65.9129,4.96584,-4.18122,35.7876,-1.50221,-0.262522,3.45269,-11.0895,-11.9848,122.762
1.14471,1.44782,74.3774,3.94589,-4.00934,33.4283,-0.802223,-0.168743,1.83576,-7.11693,-9.62393,129.226
1.026,1.45868,74.9765,3.54908,-4.03894,32.7746,-0.345304,-0.0682945,1.06475,-6.51237,-8.89408,128.584
2.18058,2.2662,82.6596,1.80215,-2.98434,29.5562,-0.213364,-0.0418983,0.745659,-3.3165,-6.30794,121.261
2.22501,2.3219,82.855,1.30394,-2.92461,28.5869,-0.12865,-0.0241954,0.563834,-2.85392,-5.95049,121.29
2.74693,3.40539,87.8845,-0.631989,-2.65917,25.2411,-0.088448,-0.0162106,0.456394,-1.60906,-4.72864,117.108
2.88295,3.52364,87.9588,-1.49479,-2.55966,22.3591,-0.0608167,-0.0109519,0.386892,-1.18586,-4.55694,117.469
2.82054,4.3608,92.8843,-4.34813,-2.53918,16.2112,-0.0447907,-0.00819511,0.341933,-0.771747,-4.17844,119.312
3.10952,4.43701,92.7752,-4.45645,-2.25698,12.8697,-0.033707,-0.00637651,0.309578,-0.15354,-4.05183,119.26
2.91146,4.57649,97.4731,-5.64544,-2.33121,10.7446,-0.0265853,-0.00555871,0.289497,0.463579,-3.48252,124.014
3.43482,4.55806,96.7426,-4.02129,-1.68586,7.83327,-0.0217486,-0.00493937,0.273251,1.27809,-3.2894,123.382
3.24196,3.6853,101.239,-4.14274,-1.54957,6.91224,-0.0187381,-0.00508025,0.26578,1.04883,-1.84085,124.789
3.64384,3.72048,100.923,-2.10702,-0.787333,3.94976,-0.0168058,-0.00501906,0.25919,1.73203,-1.56846,124.128
4.01846,2.52168,101.89,-1.75406,-0.611069,3.13718,-0.0158211,-0.00597139,0.262179,0.227052,-0.453795,123.464
4.38836,2.58966,101.618,-0.939727,-0.320366,1.93487,-0.0157479,-0.00651196,0.265362,0.864838,-0.273948,123.032
4.64336,1.45007,97.1501,-0.650014,-0.217286,1.43246,-0.0162984,-0.00847472,0.280924,-0.692912,-0.434027,122.589
4.92936,1.58804,97.091,-0.409377,-0.134156,1.05116,-0.0179867,-0.00979656,0.297247,-0.0431711,-0.376267,122.331
4.86101,0.97543,90.6454,-0.298801,-0.0973078,0.856401,-0.0205761,-0.0138069,0.33383,-0.941384,-1.48188,121.366
5.03121,1.18266,91.1054,-0.217215,-0.0687451,0.713805,-0.0254159,-0.0168635,0.373407,-0.285501,-1.56931,121.404
4.33205,1.06447,84.5224,-0.175987,-0.0541789,0.644521,-0.0328008,-0.026934,0.45718,-1.21392,-2.83011,118.535
4.43901,1.2965,85.3771,-0.146973,-0.043015,0.58896,-0.0487369,-0.0391212,0.569325,-0.571144,-3.07348,119.136
3.72063,1.79596,82.7405,-0.136346,-0.0359719,0.595882,-0.0781141,-0.0753913,0.800476,-1.79492,-3.97398,120.838
3.83481,1.95872,83.5481,-0.14233,-0.033961,0.623291,-0.174131,-0.17109,1.27504,-1.11826,-4.21702,121.56
4.22761,3.7529,84.5466,-0.184729,-0.0326077,0.772693,-0.773732,-0.971004,3.50395,-2.11892,-4.34646,120.905
4.46154,3.83683,84.6721,-0.30419,-0.0450398,1.04638,-14.258,-10.8843,28.6407,-1.49561,-4.22603,121.529
4.77325,6.03016,85.5531,-1.05658,-0.066969,2.40774,-14.3511,-5.48413,40.3319,-2.25684,-3.94526,113.821
4.94572,5.94064,84.8324,-17.3375,-2.27219,23.9809,-11.4542,-2.71218,49.2836,-1.91423,-3.29726,112.589
4.01615,7.94328,76.8682,-27.2253,-6.88628,43.7795,-9.64566,-1.85778,59.9531,-2.73274,-1.32652,88.3476
4.6404,7.13931,72.7294,-14.8177,-10.6017,60.3572,-10.4047,-2.03678,64.3836,-2.04823,-0.967973,86.9851
2.75038,6.7263,53.3874,-3.00018,-3.82529,62.5689,-5.60425,-1.10616,77.6976,-4.28458,-0.924442,42.8805
2.82047,6.59604,49.0329,-1.83521,-3.26019,61.8473,-5.36247,-1.11265,78.6369,-3.64125,-0.763812,41.7106
1.62414,6.23296,40.2377,2.46472,2.32367,66.1378,0.71709,1.49632,98.9917,-4.90608,-1.99372,10.1488
1.34539,6.23529,37.8892,2.28813,2.16564,67.3703,0.974131,1.52674,99.3384,-1.78366,-0.698756,4.54215
0.354172,6.0944,38.8125,3.00596,4.3872,68.5201,5.2246,4.60312,106.113,-0.906983,-0.387855,2.29729
-0.223409,5.81603,38.6288,2.62866,4.05352,69.7305,5.51163,4.38916,106.022,-0.402094,-0.178119,1.35175
-0.981998,4.98829,39.4364,1.33018,2.13102,72.9034,6.42405,7.01649,106.794,-0.249933,-0.110235,0.957907
-1.52879,4.61744,38.4332,1.1061,1.84292,73.7016,6.63849,6.94433,107.133,-0.159093,-0.0694142,0.746518
-3.87102,2.46804,30.1078,0.27274,-0.863555,79.0485,6.46149,7.77871,107.944,-0.119102,-0.0507174,0.626054
-4.39358,2.12435,27.0565,0.167128,-1.1251,79.9257,6.64244,7.77538,108.523,-0.0901916,-0.0372656,0.545806
-7.53064,-1.3372,15.3402,0.356233,-3.25365,87.7894,6.0311,7.13633,111.597,-0.0755052,-0.0307938,0.495995
-5.62014,-0.916174,11.2134,0.368477,-3.21107,88.5087,6.26962,7.23597,112.128,-0.0631213,-0.0249988,0.457706
-5.91097,-1.7856,9.43963,1.2348,-3.9194,97.2983,4.88198,6.01382,117.265,-0.0571212,-0.0220414,0.43903
-2.48805,-0.759818,4.57856,1.29287,-3.70713,98.0433,5.20148,6.17195,117.352,-0.0520538,-0.0192163,0.422046
-2.01439,-0.66965,3.55863,1.99604,-3.40695,105.353,3.02609,4.54448,120.675,-0.0501937,-0.0174203,0.422541
-1.05702,-0.359273,2.17363,2.23926,-3.1136,105.521,3.44241,4.74647,120.638,-0.049098,-0.0161358,0.42324
-0.827374,-0.284335,1.7563,2.83485,-1.78648,105.641,1.16196,3.42905,123.185,-0.0511895,-0.0138315,0.449232
-0.583663,-0.205386,1.38381,3.15284,-1.65744,105.914,1.60035,3.71854,123.014,-0.055261,-0.0135479,0.476986
-0.502418,-0.17476,1.23106,3.69116,-0.54494,102.473,-0.668204,2.75258,123.524,-0.0655997,-0.0107508,0.54693
-0.407384,-0.142196,1.07821,4.03998,-0.504682,102.775,-0.229495,3.11895,123.506,-0.0822444,-0.0112411,0.632289
-0.376958,-0.128818,1.03728,4.24669,-0.153477,98.1732,-2.11323,2.50151,122.461,-0.122275,-0.0047085,0.825039
-0.352562,-0.119641,1,4.61255,-0.219032,98.5336,-1.68816,2.91089,122.776,-0.212971,-0.00295547,1.14531
-0.380571,-0.127981,1.09969,4.85146,-0.815481,93.4619,-2.61683,3.1185,119.886,-0.563867,0.0452708,2.10641
-0.482939,-0.15946,1.29371,5.20276,-0.9641,94.0402,-2.20191,3.46422,120.572,-4.00631,0.0980926,7.69568
-0.990301,-0.327164,2.22548,5.7103,-1.89169,86.9887,-1.99565,3.81191,109.363,-17.4831,-3.74507,31.213
-6.52522,-2.00739,9.90036,5.99447,-2.01475,87.9429,-1.63165,4.02439,110.684,-8.95156,-6.09728,29.4347
-25.5604,-7.08324,36.791,5.51479,-2.92679,75.2527,-2.59624,3.43424,82.299,-5.14941,-7.33927,43.4793
-21.3687,-3.0189,47.3714,5.69179,-2.45009,74.5911,-2.15832,3.49915,82.4495,-6.88286,-8.85871,54.0738
-7.92667,2.17591,61.5887,4.15361,-3.86766,53.6449,-5.52613,1.11475,33.5788,-6.60226,-10.4936,86.5541
-4.37682,2.82459,55.1748,4.57713,-3.72402,51.0735,-4.88896,1.49299,32.9233,-6.62606,-10.509,88.4563
1.34136,2.56967,64.4599,2.73532,-5.06082,38.6011,-3.78102,-0.685814,7.19564,-5.04024,-10.0433,121.292
0.966038,2.45374,66.2537,2.81408,-5.04237,36.5613,-1.12486,-0.171697,2.96327,-4.60514,-9.50409,120.812
3.83567,2.28726,74.9044,1.81208,-4.80033,34.4783,-0.544093,-0.102027,1.49364,-0.69203,-7.21085,126.265
3.61465,2.25966,75.2873,1.35064,-4.81204,33.8237,-0.239395,-0.0418165,0.909996,-0.458362,-6.59632,125.855
4.99274,3.20635,82.7352,-0.243705,-3.70895,30.4312,-0.146208,-0.0249692,0.640795,2.06259,-4.32398,118.73
4.88125,3.23586,82.8568,-0.745865,-3.61821,29.2106,-0.0878744,-0.014148,0.495496,2.21216,-4.02644,119.024
5.49644,4.39672,87.8408,-2.35666,-3.35046,25.8926,-0.0609829,-0.00947125,0.406689,3.0996,-3.00865,115.365
5.5109,4.43511,87.8714,-2.91624,-3.28575,23.9054,-0.0421439,-0.00639873,0.34945,3.33554,-2.89532,115.706
5.64331,5.28093,92.6062,-5.01972,-3.31163,19.1246,-0.031249,-0.00486022,0.311592,3.75461,-2.49531,117.431
5.79989,5.29444,92.459,-5.1788,-3.13455,16.6172,-0.0235076,-0.00383162,0.284455,4.13981,-2.44527,117.552
5.56407,5.4145,97.3417,-6.47524,-3.01463,12.9638,-0.0186702,-0.00353193,0.26768,4.64626,-1.84273,122.363
5.85019,5.3624,96.8767,-4.7604,-2.23576,9.67984,-0.0152978,-0.00322879,0.254271,5.18232,-1.72983,121.884
5.50541,4.56144,101.937,-4.13244,-1.67961,7.18689,-0.0133934,-0.00360529,0.248523,4.76305,-0.271718,123.764
5.70525,4.55503,101.875,-1.92778,-0.774771,3.87071,-0.0121189,-0.00367285,0.243648,5.21226,-0.0681894,123.184
5.9101,3.25302,102.965,-1.3412,-0.497863,2.65665,-0.0116715,-0.00471913,0.247327,3.43854,1.00749,122.842
6.18584,3.28364,102.62,-0.698123,-0.252123,1.65955,-0.0116645,-0.00511608,0.250216,3.93891,1.12865,122.504
6.2863,2.05255,98.3025,-0.474774,-0.167011,1.22566,-0.0120947,-0.00687324,0.263854,2.31837,0.915411,122.451
6.4897,2.15839,98.306,-0.303314,-0.103908,0.925854,-0.0131491,-0.007863,0.277864,2.84175,0.935413,122.216
6.15084,1.43668,91.84,-0.223934,-0.0757645,0.76653,-0.0147796,-0.0112549,0.30969,1.78194,-0.256939,121.442
6.26883,1.61087,92.2215,-0.166471,-0.054525,0.653032,-0.0178645,-0.013857,0.346529,2.32886,-0.348306,121.448
5.43992,1.5027,85.4026,-0.138612,-0.0438718,0.599956,-0.0223324,-0.0222872,0.42284,1.3881,-1.65954,118.521
5.51401,1.72407,86.2789,-0.118628,-0.035553,0.557346,-0.0321858,-0.0317834,0.524784,1.96436,-1.91827,119.134
4.67224,2.16463,83.2376,-0.113586,-0.0299802,0.573411,-0.0468771,-0.0601755,0.731026,0.624965,-2.87818,120.586
4.76227,2.32243,84.1483,-0.119677,-0.028425,0.6014,-0.0944449,-0.12567,1.11905,1.25875,-3.16831,121.318
5.02899,3.98485,85.3472,-0.155527,-0.0252759,0.746478,-0.258362,-0.557283,2.57918,0.0292051,-3.48321,121.425
5.21482,4.09184,85.5455,-0.252634,-0.0330497,1.00344,-6.63928,-7.88097,19.0544,0.65138,-3.49417,122.202
5.49581,6.1789,85.9747,-0.84827,-0.0191015,2.22568,-15.4803,-6.72358,46.5296,-0.351654,-3.07472,114.948
5.73431,6.05917,85.2598,-16.6749,-1.71512,23.6777,-10.4201,-2.40937,47.108,0.125528,-2.69256,114.33
4.82561,7.82087,76.8959,-25.9296,-8.32427,51.0433,-8.41688,-1.70528,57.623,-0.932962,-0.948059,91.1465
5.12367,7.36349,73.9831,-10.1682,-9.31201,55.0818,-9.88621,-2.04507,63.5938,-0.547781,-0.482453,89.4373
3.17024,6.97017,55.4331,-1.69656,-2.83376,58.3238,-5.1711,-1.08616,76.383,-3.41535,-0.70635,47.2197
3.28057,6.6843,50.6427,-1.99602,-3.35704,62.5856,-4.87189,-1.07214,77.3084,-2.7408,-0.543497,45.9704
1.85792,6.19706,40.7228,2.34703,2.26455,67.7406,1.50954,1.61937,98.208,-5.30229,-2.16333,10.9124
1.5627,6.23297,38.3754,2.11506,2.09115,69.1248,1.76209,1.69032,98.3988,-2.03122,-0.782064,5.12723
0.324385,5.96818,37.8845,3.19105,4.32116,70.5974,6.22548,4.87272,104.968,-1.12948,-0.486452,2.67588
-0.249461,5.70639,37.3269,2.86487,3.99716,71.6839,6.50381,4.65324,104.958,-0.487657,-0.218297,1.51896
-1.20691,4.80198,37.5793,1.75573,2.18166,74.9166,7.4465,7.14267,105.609,-0.299157,-0.134293,1.05587
-1.78861,4.42959,36.5363,1.55641,1.91088,75.6792,7.65617,7.07258,105.974,-0.186774,-0.083361,0.807612
-4.25011,2.17485,28.4442,0.739666,-0.768541,81.1993,7.45655,7.95071,107.127,-0.137736,-0.0602614,0.669512
-4.78479,1.80138,25.3356,0.683435,-1.00338,81.9686,7.65282,7.92761,107.727,-0.102545,-0.0436848,0.57857
-7.68822,-1.5727,14.9276,0.75839,-3.05303,89.9039,6.98263,7.29425,111.225,-0.0846605,-0.0355067,0.52354
-5.49403,-1.02457,10.6594,0.82043,-2.94354,90.4806,7.24771,7.41563,111.748,-0.0702065,-0.0285009,0.481533
-5.36796,-1.7188,8.67075,1.39547,-3.72342,99.3815,5.85851,6.03582,115.474,-0.062996,-0.0250302,0.460802
-2.20865,-0.717586,4.1708,1.48372,-3.464,100.093,6.17653,6.19897,115.657,-0.0570568,-0.0217687,0.441983
-1.78228,-0.620639,3.24754,1.99273,-2.93619,107.008,3.97954,4.51689,119.909,-0.0544129,-0.0194749,0.442129
-0.973457,-0.347226,2.06199,2.29027,-2.63573,107.159,4.41635,4.71892,119.896,-0.0530084,-0.01794,0.442759
-0.774326,-0.279439,1.68981,2.73072,-1.25007,106.953,2.17093,3.52097,123.481,-0.0548542,-0.0152425,0.470534
-0.554266,-0.205261,1.34915,3.1133,-1.09289,107.125,2.66017,3.81964,123.267,-0.0593313,-0.0149374,0.500447
-0.47923,-0.175961,1.20538,3.57202,-0.056415,103.28,0.567098,2.96684,124.171,-0.0702332,-0.0118071,0.57519
-0.389636,-0.143903,1.05912,3.97665,0.0163518,103.521,1.06672,3.35021,124.114,-0.0887655,-0.012474,0.666652
-0.358011,-0.12962,1.01497,4.21108,0.161827,98.8681,-0.736504,2.7887,122.949,-0.132397,-0.00435861,0.875075
-0.331199,-0.118959,0.971986,4.63301,0.145572,99.1451,-0.244264,3.22869,123.262,-0.236042,-0.000900051,1.22659
-0.345623,-0.123386,1.04981,4.90925,-0.465148,94.1071,-1.1463,3.4738,120.389,-0.657746,0.0630271,2.3345
-0.430383,-0.150998,1.22335,5.31755,-0.524205,94.4544,-0.630702,3.82999,120.978,-5.54185,0.14572,9.98911
-0.829833,-0.293481,2.02068,5.8898,-1.43485,86.9339,-0.473851,4.19362,109.529,-17.3015,-4.12736,33.2445
-5.01627,-1.64869,7.98008,6.23188,-1.58686,88.0122,-0.0600038,4.48352,110.969,-7.09714,-5.45922,27.7488
-24.8998,-7.47752,36.6055,5.82871,-2.49891,75.2753,-1.44662,3.74191,82.5767,-3.44965,-6.50196,41.855
-18.4255,-2.87491,43.3103,6.02197,-2.42054,75.7154,-1.05086,3.61181,82.7567,-5.5869,-8.39224,53.9219
-5.34913,2.41297,57.9845,4.4462,-3.70519,55.3829,-5.35743,0.977917,35.1066,-4.34198,-9.67264,84.8364
-2.92632,3.19595,56.226,4.8651,-3.2629,52.1105,-4.70305,1.40294,33.991,-4.29722,-9.65033,87.1499
3.21027,3.01817,66.1977,2.98018,-4.51988,38.802,-4.29333,-0.901506,7.84718,-1.7889,-8.74148,121.673
3.05219,2.94657,67.6122,3.08124,-4.45801,36.7159,-1.35225,-0.247076,3.24421,-1.23424,-8.13503,121.169
6.40582,2.81248,76.1937,1.99951,-4.27344,34.5339,-0.690349,-0.145678,1.68494,3.04885,-5.60536,127.336
6.1842,2.7936,76.6581,1.22783,-4.10029,32.167,-0.318532,-0.0629438,1.0248,3.24673,-5.09517,127.313
-0.63131,4.45154,28.9739,2.39032,3.46394,71.1518,5.62478,4.31083,110.318,-1.19446,-0.493971,2.5397
-1.18713,4.50437,39.6906,2.62154,2.20948,73.6813,9.10214,7.63252,106.136,-0.588003,-0.243471,1.50039
-1.56569,3.92276,37.0138,2.41961,1.79945,75.2679,9.14493,7.56793,107.66,-0.327467,-0.134844,1.04573
-4.21907,1.71662,26.535,1.92743,-0.886827,80.9491,9.12421,8.40258,108.453,-0.226173,-0.0918846,0.8292
-4.8294,1.31006,22.4706,2.0294,-1.12014,81.7584,9.52511,8.44727,108.861,-0.161439,-0.0644595,0.691611
-7.46985,-1.57553,13.9743,2.67162,-2.97619,89.6186,9.21859,7.92154,112.152,-0.129053,-0.0513073,0.611133
-5.12583,-1.01988,9.59498,2.92562,-2.77838,90.0505,9.69883,8.11421,112.501,-0.103956,-0.0404966,0.549557
-5.4084,-1.63432,8.512,4.15418,-3.30171,98.6186,8.71266,6.92559,116.653,-0.0912764,-0.0350262,0.517607
-2.31676,-0.70205,4.1654,4.46868,-2.92938,99.0719,9.25226,7.17247,116.652,-0.08071,-0.029986,0.488258
-1.98068,-0.635069,3.41509,5.60132,-2.44867,105.927,7.48555,5.67003,119.999,-0.0762224,-0.0268873,0.482285
-1.10263,-0.356804,2.15943,6.06637,-2.09401,106.074,8.10904,5.93501,119.887,-0.0730182,-0.0247219,0.47628
-0.898613,-0.291224,1.79577,6.7288,-0.738913,105.782,6.17759,4.82659,122.908,-0.0760815,-0.0222308,0.501088
-0.649545,-0.213087,1.42398,7.28035,-0.533097,105.936,6.84105,5.1821,122.655,-0.0815303,-0.0223096,0.526493
-0.563814,-0.181816,1.27101,7.74743,0.576328,101.984,4.86619,4.3831,123.466,-0.0987064,-0.0210381,0.600063
-0.456169,-0.146349,1.10296,8.32867,0.684341,102.274,5.55574,4.83102,123.381,-0.124162,-0.0241685,0.687519
-0.416402,-0.129936,1.04657,8.43734,0.938761,97.3476,3.94363,4.27913,122.073,-0.193217,-0.0259159,0.897718
-0.385792,-0.118634,0.998826,9.03025,0.95851,97.7015,4.65544,4.76839,122.339,-0.359694,-0.042768,1.28688
-0.413519,-0.1252,1.08101,9.14943,0.294153,92.6341,3.88599,5.11642,119.471,-1.22238,-0.0933181,2.79181
-0.504247,-0.150103,1.23739,9.77685,0.246127,93.144,4.69612,5.477,120.04,-11.3932,-1.76991,16.4745
-0.945698,-0.281396,1.98676,9.9455,-0.63165,86.1991,4.54839,5.80534,109.066,-20.6244,-5.94175,30.8598
-4.44805,-1.24988,6.7671,10.5705,-0.740367,87.2846,5.26642,6.27184,110.629,-12.2489,-5.72921,23.8718
-23.9061,-6.26732,32.6408,9.46013,-1.86169,74.3253,2.58459,5.01301,81.9223,-12.8828,-9.81976,45.6962
-24.4738,-5.50472,35.0842,9.95704,-1.94101,75.0198,3.25003,4.84365,82.0331,-13.0453,-11.9871,60.7672
-19.734,-2.30227,55.9869,7.05952,-3.21545,54.0658,-3.90434,1.55572,33.9698,-12.3764,-13.01,87.6031
-12.4254,1.61578,69.1152,7.40221,-2.36561,50.4631,-3.02371,2.22942,33.0526,-11.7344,-12.5506,88.7038
-2.18839,1.66749,66.3636,4.85595,-4.12146,37.9992,-5.08133,-1.04749,8.86646,-11.9781,-12.6793,123.385
-1.64375,1.74495,65.9153,4.96633,-4.18145,35.7901,-1.50226,-0.262563,3.4528,-11.0919,-11.9849,122.762
1.14227,1.44724,74.38,3.94641,-4.00956,33.4307,-0.802268,-0.168768,1.83584,-7.11947,-9.62399,129.226
1.02385,1.45803,74.9787,3.54964,-4.03903,32.7769,-0.345319,-0.0683049,1.06479,-6.51483,-8.89417,128.584
2.17809,2.26549,82.6624,1.80271,-2.9846,29.5589,-0.213376,-0.0419054,0.745689,-3.31893,-6.30793,121.261
2.22259,2.3211,82.8579,1.30451,-2.92485,28.5897,-0.128657,-0.0241999,0.563859,-2.85636,-5.9505,121.29
2.74421,3.40449,87.8881,-0.631675,-2.65951,25.244,-0.0884532,-0.0162139,0.456416,-1.61154,-4.72859,117.108
2.88022,3.52261,87.9628,-1.49535,-2.56015,22.3619,-0.0608204,-0.0109543,0.386913,-1.18838,-4.55693,117.468
2.81766,4.35963,92.8887,-4.34956,-2.54029,16.2149,-0.0447936,-0.00819678,0.341954,-0.774395,-4.17839,119.311
3.10602,4.43618,92.781,-4.45725,-2.25852,12.8698,-0.0337095,-0.00637752,0.309599,-0.156663,-4.05154,119.259
2.90577,4.57646,97.484,-5.63925,-2.32993,10.7323,-0.0265878,-0.00555916,0.289519,0.459009,-3.48182,124.013
3.42619,4.55885,96.7603,-3.99946,-1.67737,7.79658,-0.0217519,-0.00493949,0.273272,1.27167,-3.28824,123.381
3.23164,3.68629,101.26,-4.09556,-1.53217,6.84498,-0.0187423,-0.00508054,0.265802,1.04115,-1.83925,124.787
3.63583,3.72054,100.939,-2.07846,-0.776638,3.90781,-0.0168107,-0.0050195,0.25921,1.7256,-1.56704,124.125
4.01321,2.52116,101.899,-1.72692,-0.601631,3.09899,-0.0158261,-0.00597218,0.262198,0.222205,-0.452576,123.461
4.38552,2.58849,101.622,-0.928616,-0.316603,1.91844,-0.015753,-0.0065129,0.26538,0.861583,-0.27314,123.029
4.64135,1.44881,97.1522,-0.643528,-0.215138,1.42268,-0.0163038,-0.008476,0.280942,-0.695611,-0.433443,122.586
4.92772,1.58668,97.0927,-0.406159,-0.133109,1.04596,-0.0179926,-0.00979805,0.297264,-0.0454871,-0.375834,122.328
4.85969,0.974168,90.6467,-0.296833,-0.0966672,0.853053,-0.020583,-0.013809,0.333849,-0.943395,-1.48157,121.364
5.03003,1.1814,91.1067,-0.216031,-0.0683644,0.711641,-0.0254246,-0.0168659,0.373427,-0.287275,-1.56905,121.402
4.3311,1.06334,84.5236,-0.175163,-0.0539142,0.64292,-0.0328131,-0.0269378,0.457203,-1.21541,-2.82994,118.533
4.43815,1.29539,85.3784,-0.146391,-0.0428303,0.587776,-0.0487559,-0.0391264,0.569351,-0.572443,-3.07332,119.135
3.71992,1.79492,82.7418,-0.135874,-0.0358251,0.594863,-0.0781496,-0.0754006,0.800508,-1.796,-3.97388,120.837
3.83419,1.95772,83.5495,-0.1419,-0.0338292,0.622373,-0.174215,-0.171107,1.27508,-1.11918,-4.21691,121.558
4.22706,3.75193,84.5482,-0.18421,-0.032462,0.771619,-0.774192,-0.971033,3.50405,-2.11964,-4.34638,120.904
4.46109,3.83591,84.6736,-0.303382,-0.0448196,1.04495,-14.261,-10.8837,28.6401,-1.49615,-4.22594,121.529
4.77291,6.0293,85.5547,-1.05326,-0.0662788,2.40303,-14.3535,-5.48607,40.3275,-2.25717,-3.94529,113.821
4.94512,5.94013,84.8353,-17.324,-2.26282,23.9628,-11.4573,-2.71347,49.287,-1.91472,-3.29709,112.588
4.01677,7.94151,76.8677,-27.2588,-6.89271,43.8405,-9.64684,-1.85808,59.9544,-2.73231,-1.32664,88.3471
4.64059,7.13815,72.7302,-14.8153,-10.6072,60.3869,-10.4053,-2.03738,64.383,-2.04826,-0.967666,86.9845
2.75006,6.72614,53.3898,-2.99759,-3.82207,62.5555,-5.60528,-1.1069,77.6974,-4.28481,-0.924414,42.8803
2.82036,6.59569,49.0346,-1.83684,-3.25977,61.8458,-5.36334,-1.11322,78.6368,-3.64135,-0.763761,41.7104
1.62414,6.23257,40.2389,2.46193,2.3235,66.1393,0.716148,1.49589,98.9916,-4.90622,-1.99379,10.149
1.34549,6.23487,37.8901,2.28552,2.16565,67.3713,0.973288,1.52644,99.3384,-1.78374,-0.698777,4.54228
0.35433,6.09397,38.8133,3.00341,4.38726,68.5209,5.22377,4.60286,106.113,-0.907036,-0.387876,2.29738
-0.223131,5.81552,38.6292,2.62625,4.05376,69.7309,5.51087,4.38906,106.022,-0.402118,-0.178129,1.3518
-0.981696,4.98781,39.437,1.3277,2.13107,72.9039,6.42333,7.0163,106.794,-0.249952,-0.110241,0.95795
-1.52843,4.61693,38.4338,1.10369,1.84303,73.702,6.63783,6.94423,107.133,-0.159106,-0.0694187,0.746555
-3.87069,2.46766,30.1089,0.270229,-0.863493,79.049,6.46088,7.77862,107.944,-0.119114,-0.0507211,0.626089
-4.39335,2.12403,27.0576,0.164637,-1.12508,79.9261,6.64186,7.77532,108.523,-0.0902018,-0.0372685,0.54584
-7.53075,-1.33723,15.3398,0.353556,-3.25388,87.7901,6.03053,7.13617,111.597,-0.075515,-0.0307967,0.49603
-5.61923,-0.915959,11.2107,0.365749,-3.2117,88.51,6.26902,7.23562,112.128,-0.0631307,-0.0250017,0.457743
-5.90704,-1.78425,9.43382,1.23171,-3.92044,97.3003,4.88132,6.01316,117.265,-0.0571312,-0.0220446,0.439069
-2.48464,-0.75876,4.57356,1.28971,-3.70817,98.0453,5.20081,6.17129,117.352,-0.0520644,-0.0192197,0.422088
-2.01063,-0.668387,3.55336,1.99292,-3.40764,105.354,3.02559,4.54394,120.675,-0.0502055,-0.017424,0.422588
-1.05539,-0.358705,2.17122,2.2364,-3.11384,105.521,3.44208,4.7462,120.638,-0.0491114,-0.0161397,0.423293
-0.826154,-0.283904,1.75449,2.83208,-1.78653,105.641,1.16171,3.42885,123.185,-0.051206,-0.0138353,0.449299
-0.582929,-0.205118,1.38266,3.15007,-1.65747,105.914,1.60012,3.71837,123.013,-0.0552822,-0.0135525,0.477069
-0.501846,-0.174554,1.23016,3.68849,-0.544888,102.473,-0.668402,2.75241,123.524,-0.0656315,-0.0107553,0.547052
-0.40699,-0.142054,1.07757,4.03727,-0.504655,102.775,-0.229697,3.11877,123.506,-0.0822955,-0.0112476,0.63247
-0.376636,-0.128704,1.03676,4.24411,-0.153425,98.1728,-2.11342,2.50131,122.461,-0.122383,-0.00471306,0.825382
-0.352309,-0.119553,0.99959,4.60992,-0.218988,98.5333,-1.68837,2.91069,122.776,-0.213256,-0.00296404,1.14606
-0.380329,-0.127898,1.09929,4.84896,-0.815441,93.4616,-2.61705,3.11826,119.886,-0.565319,0.04534,2.1093
-0.482675,-0.159373,1.2933,5.20028,-0.96401,94.0395,-2.20197,3.46364,120.571,-4.02904,0.0968581,7.72761
-0.989757,-0.326995,2.22471,5.70782,-1.89177,86.9884,-1.99561,3.81081,109.361,-17.4978,-3.7609,31.2507
-6.52307,-2.00673,9.89756,5.99198,-2.01488,87.9432,-1.63216,4.02444,110.684,-8.93122,-6.09187,29.4044
-25.566,-7.08451,36.7993,5.5126,-2.92665,75.2528,-2.59667,3.4344,82.299,-5.14079,-7.33453,43.4564
-21.3691,-3.01777,47.3817,5.68946,-2.45007,74.5913,-2.15863,3.49872,82.4488,-6.88219,-8.85867,54.0736
-7.92477,2.17622,61.5866,4.15204,-3.86802,53.6455,-5.52629,1.11429,33.5783,-6.602,-10.4936,86.5553
-4.37619,2.82456,55.1733,4.57558,-3.72428,51.074,-4.88914,1.49257,32.9229,-6.6253,-10.5087,88.456
1.34158,2.56953,64.4601,2.73421,-5.06084,38.6013,-3.78093,-0.685838,7.19552,-5.03907,-10.0429,121.292
0.966336,2.45359,66.2537,2.81299,-5.04224,36.5612,-1.12483,-0.171701,2.96323,-4.60401,-9.50371,120.811
3.836,2.28718,74.9043,1.81107,-4.80027,34.4782,-0.544075,-0.102028,1.49362,-0.690951,-7.21035,126.265
3.61516,2.25955,75.2869,1.34964,-4.81183,33.8232,-0.239387,-0.0418164,0.909985,-0.45727,-6.59587,125.855
4.9931,3.20631,82.735,-0.2446,-3.70893,30.4308,-0.146203,-0.0249693,0.640788,2.06347,-4.32345,118.73
4.88167,3.23578,82.8564,-0.746757,-3.61811,29.21,-0.0878714,-0.0141479,0.495491,2.21305,-4.02597,119.024
5.49673,4.39668,87.8405,-2.35743,-3.35048,25.8921,-0.0609808,-0.00947123,0.406685,3.10035,-3.00815,115.365
5.51121,4.43504,87.871,-2.91692,-3.28577,23.905,-0.0421424,-0.00639868,0.349448,3.33629,-2.89485,115.706
5.64358,5.28084,92.6059,-5.02005,-3.31177,19.1249,-0.0312479,-0.00486016,0.31159,3.75533,-2.49482,117.431
5.80017,5.29434,92.4585,-5.17903,-3.13478,16.6181,-0.0235067,-0.00383153,0.284453,4.14051,-2.44481,117.552
5.56432,5.41442,97.3411,-6.47536,-3.01491,12.9643,-0.0186694,-0.00353184,0.267678,4.64692,-1.84223,122.363
5.85039,5.36237,96.8762,-4.76041,-2.23594,9.68014,-0.0152972,-0.0032287,0.25427,5.18292,-1.72935,121.884
5.50553,4.56144,101.937,-4.13191,-1.67953,7.18628,-0.0133929,-0.00360522,0.248522,4.76355,-0.271203,123.764
5.70535,4.55503,101.875,-1.92745,-0.774701,3.87031,-0.0121184,-0.00367281,0.243647,5.21274,-0.0677063,123.184
5.91017,3.25302,102.965,-1.3409,-0.497792,2.65626,-0.011671,-0.00471915,0.247326,3.43895,1.00797,122.842
6.18587,3.2836,102.62,-0.697982,-0.252094,1.65937,-0.011664,-0.00511615,0.250216,3.93931,1.1291,122.504
6.28635,2.05248,98.3021,-0.474681,-0.166993,1.22554,-0.0120942,-0.00687335,0.263854,2.31875,0.915819,122.451
6.48971,2.15831,98.3056,-0.303259,-0.103898,0.925781,-0.0131485,-0.00786316,0.277864,2.8421,0.93581,122.216
6.15086,1.43657,91.8395,-0.223896,-0.0757583,0.766478,-0.0147789,-0.0112551,0.30969,1.7823,-0.256584,121.442
6.2688,1.61076,92.2212,-0.166445,-0.0545212,0.652996,-0.0178636,-0.0138573,0.34653,2.32919,-0.347956,121.448
5.43989,1.50258,85.4022,-0.138592,-0.043869,0.599927,-0.0223312,-0.0222877,0.422843,1.38842,-1.65923,118.521
5.51392,1.72395,86.2786,-0.118612,-0.0355511,0.557323,-0.032184,-0.0317843,0.524789,1.96465,-1.91796,119.134
4.67211,2.16449,83.2374,-0.113572,-0.0299785,0.573392,-0.0468739,-0.0601779,0.731036,0.625245,-2.87791,120.586
4.76209,2.3223,84.1481,-0.119663,-0.0284236,0.601382,-0.0944398,-0.125678,1.11907,1.259,-3.16803,121.318
5.02873,3.98474,85.3472,-0.155508,-0.0252742,0.746459,-0.25835,-0.55736,2.57936,0.0294068,-3.48293,121.425
5.21455,4.09172,85.5454,-0.252605,-0.0330469,1.00342,-6.6399,-7.88203,19.0566,0.651553,-3.49386,122.201
5.49553,6.17874,85.9745,-0.84816,-0.0190867,2.22559,-15.4793,-6.723,46.5288,-0.35149,-3.07451,114.948
5.73397,6.05903,85.2599,-16.6739,-1.71486,23.6768,-10.4193,-2.40934,47.1063,0.125599,-2.69233,114.33
4.82519,7.82071,76.8963,-25.9284,-8.32518,51.0468,-8.41651,-1.70555,57.6224,-0.933052,-0.947794,91.146
5.1231,7.36346,73.9841,-10.167,-9.31196,55.0811,-9.88597,-2.04555,63.5934,-0.548012,-0.482146,89.4367
3.16981,6.97012,55.4337,-1.69624,-2.8335,58.323,-5.17082,-1.08642,76.3826,-3.41547,-0.70625,47.2192
3.28017,6.68426,50.6433,-1.99602,-3.35702,62.5858,-4.87161,-1.07237,77.308,-2.74095,-0.543379,45.97
1.85758,6.19698,40.7232,2.34684,2.2647,67.7409,1.50984,1.61936,98.2075,-5.30232,-2.16341,10.9125
1.56243,6.23283,38.3757,2.11496,2.09143,69.1249,1.76236,1.69042,98.3984,-2.03125,-0.782092,5.12736
0.324121,5.96803,37.8847,3.19092,4.32146,70.5974,6.2257,4.87291,104.967,-1.12952,-0.486478,2.67596
-0.249646,5.70614,37.3267,2.86483,3.99761,71.6837,6.504,4.65358,104.958,-0.487671,-0.218308,1.51901
-1.20713,4.80175,37.5793,1.75565,2.1819,74.9166,7.44663,7.14291,105.609,-0.299168,-0.134301,1.05591
-1.78877,4.42931,36.5364,1.55634,1.91117,75.6791,7.65628,7.0729,105.974,-0.186782,-0.083366,0.807645
-4.25016,2.17464,28.4449,0.739597,-0.768312,81.1994,7.45663,7.95104,107.126,-0.137744,-0.0602654,0.669543
-4.78489,1.80116,25.3363,0.683342,-1.00319,81.9687,7.65286,7.92796,107.727,-0.102552,-0.0436879,0.578601
-7.68819,-1.57275,14.927,0.758274,-3.05309,89.9043,6.98262,7.2945,111.225,-0.0846677,-0.0355098,0.523572
-5.49278,-1.02438,10.6565,0.820203,-2.94401,90.4816,7.2476,7.4157,111.748,-0.0702138,-0.028504,0.481565
-5.36367,-1.71742,8.66456,1.39508,-3.72427,99.3832,5.8583,6.03561,115.474,-0.0630041,-0.0250336,0.460837
-2.20568,-0.71667,4.16645,1.48332,-3.46471,100.094,6.17632,6.19882,115.657,-0.0570657,-0.0217723,0.44202
-1.77917,-0.61959,3.24316,1.99257,-2.93655,107.008,3.97947,4.51689,119.909,-0.054423,-0.0194786,0.442172
-0.972062,-0.346742,2.05992,2.29031,-2.63572,107.159,4.4164,4.71916,119.895,-0.05302,-0.0179441,0.442806
-0.773297,-0.279076,1.68828,2.73084,-1.24988,106.952,2.17103,3.52128,123.481,-0.0548687,-0.0152466,0.470593
-0.55366,-0.205041,1.34821,3.11341,-1.0927,107.124,2.66028,3.81998,123.267,-0.0593503,-0.0149423,0.500521
-0.478783,-0.175801,1.20468,3.57214,-0.0561552,103.279,0.567212,2.96719,124.17,-0.070262,-0.0118123,0.575298
-0.389355,-0.143802,1.05866,3.97673,0.016569,103.52,1.06681,3.35056,124.113,-0.0888125,-0.0124816,0.666812
-0.357816,-0.129553,1.01465,4.21116,0.162051,98.8672,-0.73641,2.78903,122.949,-0.132498,-0.00436544,0.875381
-0.331084,-0.118921,0.971801,4.63306,0.145771,99.1444,-0.244193,3.22902,123.262,-0.236313,-0.000912796,1.22726
-0.345575,-0.123371,1.04974,4.9093,-0.464968,94.1064,-1.14623,3.47409,120.389,-0.659217,0.0630878,2.33728
-0.430438,-0.151019,1.22346,5.31764,-0.523964,94.4534,-0.630474,3.82998,120.978,-5.56538,0.143735,10.0217
-0.830424,-0.293687,2.02162,5.88972,-1.43476,86.9334,-0.473679,4.19337,109.528,-17.303,-4.13836,33.2615
-5.02836,-1.65252,7.99644,6.23181,-1.58605,88.0111,-0.0601118,4.48449,110.969,-7.08405,-5.45476,27.7251
-24.914,-7.4803,36.6278,5.82854,-2.49811,75.2744,-1.44672,3.74251,82.5764,-3.44444,-6.49898,41.8397
-18.4153,-2.86939,43.3113,6.02173,-2.42068,75.7158,-1.051,3.61159,82.7559,-5.58696,-8.39251,53.9226
-5.34286,2.41443,57.9696,4.44612,-3.70593,55.384,-5.35753,0.977374,35.1061,-4.3423,-9.67284,84.837
-2.92537,3.19627,56.2226,4.86498,-3.26321,52.1111,-4.70311,1.40256,33.9904,-4.29707,-9.65019,87.1492
3.21007,3.0183,66.1981,2.9801,-4.51982,38.802,-4.29323,-0.90158,7.84708,-1.78864,-8.74129,121.673
3.05212,2.94668,67.6122,3.08115,-4.45778,36.7157,-1.35222,-0.247096,3.24416,-1.23398,-8.13485,121.168
6.40575,2.81273,76.1936,1.99944,-4.27327,34.5337,-0.69033,-0.145688,1.68492,3.049,-5.60503,127.336
6.18433,2.7938,76.6575,1.22776,-4.09998,32.1664,-0.318524,-0.0629473,1.02479,3.24693,-5.09488,127.313
-0.631252,4.45109,28.9707,2.39126,3.46417,71.1491,5.62518,4.31078,110.318,-1.19446,-0.493981,2.5397
-1.18703,4.50403,39.6856,2.62254,2.20982,73.6784,9.10252,7.63255,106.135,-0.587998,-0.243478,1.50039
-1.56575,3.9224,37.0094,2.42053,1.79971,75.2652,9.14531,7.56792,107.66,-0.327462,-0.134849,1.04572
-4.21927,1.716,26.5292,1.9283,-0.886712,80.9466,9.12455,8.40252,108.453,-0.226168,-0.091889,0.829187
-4.82919,1.30922,22.4645,2.03027,-1.11996,81.7558,9.52546,8.44727,108.861,-0.161434,-0.0644632,0.691596
-7.4689,-1.57606,13.9741,2.67266,-2.975,89.6145,9.21911,7.92208,112.152,-0.129048,-0.0513097,0.611116
-5.12933,-1.02106,9.60248,2.92719,-2.77572,90.0436,9.69971,8.11557,112.5,-0.10395,-0.0404974,0.549539
-5.42327,-1.63914,8.53315,4.15653,-3.2976,98.6084,8.71402,6.92788,116.653,-0.09127,-0.0350256,0.517588
-2.32897,-0.705697,4.1828,4.47135,-2.92542,99.0614,9.25376,7.17491,116.652,-0.0807031,-0.0299844,0.488242
-1.99547,-0.639773,3.43545,5.60323,-2.44598,105.919,7.48662,5.67187,120,-0.0762153,-0.0268853,0.482271
-1.1097,-0.359093,2.16957,6.06731,-2.09303,106.07,8.10952,5.9359,119.888,-0.0730119,-0.0247198,0.476269
-0.90429,-0.293083,1.80392,6.72931,-0.738518,105.781,6.17783,4.82716,122.909,-0.0760756,-0.0222287,0.50108
-0.653094,-0.21427,1.42925,7.28063,-0.532999,105.935,6.84112,5.18247,122.656,-0.0815254,-0.0223073,0.52649
-0.566638,-0.182745,1.27523,7.74756,0.576341,101.983,4.86617,4.38338,123.467,-0.098702,-0.0210354,0.600066
-0.458114,-0.146985,1.10594,8.32871,0.684355,102.274,5.55564,4.83124,123.382,-0.12416,-0.024165,0.687532
-0.417976,-0.130433,1.04902,8.4373,0.93881,97.347,3.94346,4.27932,122.074,-0.193222,-0.0259104,0.897757
-0.387041,-0.119021,1.00078,9.03014,0.958622,97.7008,4.65519,4.76856,122.34,-0.359735,-0.0427597,1.287
-0.414742,-0.125564,1.08293,9.14926,0.294329,92.6333,3.88569,5.11656,119.472,-1.22284,-0.0933058,2.79257
-0.505606,-0.150497,1.23945,9.77661,0.246383,93.143,4.69578,5.47703,120.041,-11.3995,-1.77094,16.483
-0.948563,-0.282211,1.99083,9.94522,-0.631311,86.1979,4.54801,5.80545,109.066,-20.623,-5.94175,30.8595
-4.46513,-1.25452,6.78957,10.5702,-0.739231,87.2821,5.26607,6.2723,110.629,-12.2459,-5.72846,23.8703
-23.8998,-6.26487,32.6326,9.45985,-1.86159,74.3241,2.5842,5.01293,81.9222,-12.879,-9.81869,45.6951
-24.4506,-5.49886,35.0523,9.9568,-1.94188,75.0199,3.24946,4.84319,82.0331,-13.0434,-11.9863,60.7646
-19.7309,-2.30325,55.9647,7.05935,-3.2159,54.0653,-3.90446,1.55555,33.9698,-12.3749,-13.0099,87.6029
-12.4275,1.61545,69.1216,7.40185,-2.36502,50.4612,-3.02379,2.22961,33.0523,-11.7329,-12.5504,88.7041
-2.1879,1.6676,66.3645,4.8557,-4.12124,37.9978,-5.08114,-1.04742,8.8662,-11.9762,-12.679,123.385
-1.64267,1.74516,65.9142,4.96607,-4.18139,35.789,-1.50222,-0.262544,3.45273,-11.0901,-11.9846,122.762
1.14344,1.44747,74.3789,3.94613,-4.0095,33.4297,-0.802238,-0.168756,1.83579,-7.11759,-9.62367,129.226
1.02488,1.45828,74.9778,3.54935,-4.03904,32.776,-0.345308,-0.0682999,1.06476,-6.513,-8.89384,128.584
2.1793,2.26575,82.6612,1.80245,-2.98455,29.5582,-0.213368,-0.041902,0.745672,-3.31715,-6.30766,121.26
2.22379,2.32139,82.8565,1.30429,-2.92484,28.5894,-0.128652,-0.0241977,0.563845,-2.85458,-5.95022,121.29
2.74543,3.40486,87.8867,-0.6321,-2.65936,25.2421,-0.0884499,-0.0162124,0.456404,-1.60982,-4.72835,117.108
2.88111,3.52319,87.962,-1.49667,-2.55957,22.3546,-0.0608182,-0.0109531,0.386902,-1.1868,-4.55667,117.468
2.8185,4.36028,92.888,-4.35018,-2.53903,16.2056,-0.044792,-0.00819597,0.341943,-0.772805,-4.17818,119.312
3.10747,4.43658,92.7788,-4.45666,-2.25703,12.864,-0.0337082,-0.00637705,0.309588,-0.154711,-4.05141,119.26
2.90851,4.57637,97.4788,-5.64149,-2.33018,10.7361,-0.0265865,-0.00555898,0.289508,0.461787,-3.48187,124.013
3.4304,4.55833,96.7516,-4.01033,-1.68158,7.81429,-0.0217502,-0.00493948,0.273262,1.27537,-3.28853,123.381
3.23665,3.68568,101.25,-4.1191,-1.54087,6.8784,-0.0187402,-0.00508044,0.265791,1.04545,-1.83976,124.788
3.63966,3.72039,100.932,-2.09273,-0.781987,3.92869,-0.0168082,-0.00501932,0.259201,1.72926,-1.56746,124.127
4.01562,2.52131,101.895,-1.74039,-0.606318,3.11792,-0.0158236,-0.00597184,0.262189,0.225045,-0.452893,123.462
4.38669,2.58897,101.62,-0.934109,-0.318464,1.92655,-0.0157505,-0.00651249,0.265372,0.863607,-0.27325,123.03
4.6421,1.44934,97.1517,-0.646709,-0.216191,1.42747,-0.0163012,-0.00847543,0.280933,-0.693874,-0.433443,122.588
4.92829,1.58727,97.0925,-0.407726,-0.133618,1.0485,-0.0179898,-0.00979738,0.297256,-0.0439369,-0.375761,122.329
4.86012,0.974721,90.6466,-0.297783,-0.0969757,0.854675,-0.0205797,-0.013808,0.33384,-0.94199,-1.48144,121.365
5.03041,1.18196,91.1065,-0.216598,-0.0685459,0.712683,-0.0254204,-0.0168648,0.373417,-0.285976,-1.5689,121.403
4.33139,1.06384,84.5234,-0.175555,-0.0540394,0.643687,-0.0328073,-0.0269361,0.457192,-1.21425,-2.82975,118.534
4.43841,1.29588,85.3782,-0.146665,-0.0429169,0.588341,-0.048747,-0.0391241,0.569339,-0.571361,-3.07313,119.135
3.72012,1.79538,82.7415,-0.136095,-0.0358936,0.59535,-0.0781332,-0.0753965,0.800495,-1.795,-3.97366,120.837
3.83436,1.95817,83.5491,-0.142101,-0.0338904,0.622812,-0.174177,-0.1711,1.27507,-1.11824,-4.21669,121.559
4.22722,3.75237,84.5476,-0.184454,-0.0325294,0.772139,-0.773994,-0.971036,3.50405,-2.11879,-4.34615,120.905
4.4612,3.83633,84.6731,-0.303769,-0.0449221,1.04566,-14.2598,-10.884,28.6407,-1.49537,-4.22569,121.529
4.77299,6.0297,85.554,-1.05497,-0.0666017,2.40552,-14.3523,-5.48506,40.3293,-2.2565,-3.94502,113.821
4.94541,5.94029,84.8337,-17.3339,-2.26797,23.9763,-11.4558,-2.71282,49.2852,-1.91392,-3.29692,112.588
4.01646,7.94232,76.8678,-27.241,-6.89055,43.8131,-9.64627,-1.85793,59.9537,-2.73212,-1.32633,88.3473
4.64044,7.13873,72.7299,-14.8134,-10.6044,60.372,-10.405,-2.03713,64.3832,-2.04787,-0.967567,86.9847
2.75014,6.72629,53.3888,-2.99793,-3.82298,62.5586,-5.60481,-1.1066,77.6973,-4.28454,-0.924312,42.8804
2.82038,6.59588,49.0338,-1.83612,-3.26001,61.8462,-5.36291,-1.11298,78.6367,-3.64111,-0.763677,41.7104
1.62413,6.23275,40.2383,2.46307,2.32345,66.1386,0.716632,1.49605,98.9915,-4.90625,-1.99377,10.1491
1.34544,6.23506,37.8897,2.28659,2.16553,67.3708,0.973731,1.52653,99.3383,-1.78377,-0.698777,4.54236
0.354252,6.09417,38.8129,3.00446,4.38712,68.5205,5.22422,4.60293,106.112,-0.907066,-0.387882,2.29743
-0.223264,5.81576,38.629,2.62723,4.05354,69.7307,5.51129,4.38906,106.022,-0.402132,-0.178132,1.35183
-0.981841,4.98804,39.4367,1.32871,2.13093,72.9036,6.42374,7.01634,106.794,-0.249961,-0.110244,0.957971
-1.5286,4.61718,38.4335,1.10467,1.84288,73.7017,6.63822,6.94423,107.133,-0.159113,-0.0694202,0.746572
-3.87085,2.46784,30.1084,0.271241,-0.86363,79.0487,6.46124,7.77862,107.944,-0.119119,-0.0507224,0.626104
-4.39347,2.12417,27.057,0.165639,-1.1252,79.9258,6.64221,7.77531,108.523,-0.0902065,-0.0372695,0.545854
-7.53069,-1.33724,15.3399,0.354622,-3.25391,87.7897,6.03088,7.13619,111.596,-0.0755194,-0.0307976,0.496044
-5.61954,-0.916068,11.2116,0.366825,-3.21157,88.5094,6.26938,7.23572,112.127,-0.0631349,-0.0250025,0.457757
-5.90851,-1.78477,9.43599,1.23292,-3.92015,97.2994,4.8817,6.01339,117.265,-0.0571354,-0.0220453,0.439084
-2.48594,-0.759171,4.57546,1.29093,-3.70787,98.0444,5.20119,6.17152,117.351,-0.0520686,-0.0192204,0.422104
-2.01206,-0.668874,3.55537,1.99413,-3.40747,105.354,3.0259,4.54413,120.675,-0.0502103,-0.0174246,0.422607
-1.05602,-0.358926,2.17214,2.23751,-3.11383,105.521,3.44232,4.74629,120.638,-0.0491168,-0.0161405,0.423314
-0.826624,-0.284072,1.75518,2.83315,-1.78659,105.641,1.16191,3.42891,123.185,-0.0512127,-0.0138361,0.449326
-0.583214,-0.205224,1.38311,3.15115,-1.65753,105.914,1.60032,3.71843,123.013,-0.0552911,-0.0135535,0.477104
-0.50207,-0.174636,1.23052,3.68953,-0.544981,102.473,-0.66823,2.75247,123.523,-0.0656448,-0.0107561,0.547103
-0.407146,-0.142111,1.07782,4.03833,-0.50473,102.775,-0.229526,3.11884,123.506,-0.0823173,-0.011249,0.632547
-0.376767,-0.128751,1.03697,4.24511,-0.153504,98.1728,-2.11327,2.5014,122.461,-0.122429,-0.00471302,0.825528
-0.352415,-0.119591,0.999764,4.61094,-0.219059,98.5333,-1.68822,2.9108,122.776,-0.213379,-0.00296403,1.14638
-0.380437,-0.127936,1.09947,4.84993,-0.815506,93.4616,-2.61689,3.11838,119.886,-0.56595,0.0453796,2.11055
-0.482805,-0.159418,1.29351,5.20129,-0.964081,94.0394,-2.20173,3.4636,120.571,-4.03896,0.0963859,7.74152
-0.990092,-0.327113,2.2252,5.70868,-1.89191,86.9884,-1.99533,3.81055,109.36,-17.5042,-3.76745,31.267
-6.52573,-2.00759,9.90111,5.99291,-2.01492,87.9431,-1.63206,4.02478,110.684,-8.92254,-6.08929,29.3911
-25.5646,-7.0842,36.7975,5.51342,-2.92668,75.2526,-2.59662,3.43479,82.2992,-5.13724,-7.33249,43.4466
-21.3676,-3.01762,47.3774,5.69031,-2.45016,74.5911,-2.15852,3.49894,82.4489,-6.88205,-8.85874,54.0738
-7.92479,2.17622,61.5856,4.15261,-3.86801,53.6452,-5.52623,1.11445,33.5784,-6.60208,-10.4936,86.556
-4.37632,2.82457,55.1734,4.57614,-3.72427,51.0737,-4.88907,1.49275,32.923,-6.62517,-10.5086,88.4559
1.34146,2.56954,64.4599,2.73461,-5.06091,38.6011,-3.78095,-0.685819,7.19555,-5.03891,-10.0427,121.291
0.966164,2.45359,66.2537,2.81338,-5.04237,36.5612,-1.12484,-0.171697,2.96324,-4.60386,-9.50351,120.811
3.8358,2.28714,74.9043,1.81143,-4.80037,34.4782,-0.544081,-0.102027,1.49363,-0.690753,-7.21018,126.265
3.61488,2.25952,75.287,1.34998,-4.812,33.8234,-0.23939,-0.041816,0.909989,-0.457095,-6.59568,125.854
4.99287,3.20623,82.735,-0.244297,-3.709,30.4309,-0.146205,-0.024969,0.640791,2.06369,-4.32332,118.73
4.88141,3.23572,82.8565,-0.746455,-3.61821,29.2102,-0.0878725,-0.0141478,0.495493,2.21326,-4.02582,119.024
5.49652,4.39659,87.8406,-2.35718,-3.35052,25.8923,-0.0609816,-0.00947114,0.406687,3.1006,-3.00802,115.365
5.51098,4.43496,87.8711,-2.91671,-3.28581,23.9051,-0.0421429,-0.00639864,0.349449,3.33653,-2.89471,115.706
5.64337,5.28075,92.606,-5.01996,-3.31174,19.1248,-0.0312483,-0.00486014,0.311591,3.75558,-2.49469,117.431
5.79995,5.29425,92.4586,-5.17898,-3.13471,16.6176,-0.0235071,-0.00383154,0.284454,4.14076,-2.44467,117.552
5.56409,5.41431,97.3414,-6.47528,-3.01477,12.964,-0.0186697,-0.00353187,0.267679,4.6472,-1.84209,122.363
5.85017,5.36224,96.8764,-4.76033,-2.23582,9.67985,-0.0152975,-0.00322874,0.25427,5.18322,-1.72921,121.883
5.50533,4.56128,101.937,-4.13199,-1.6795,7.18632,-0.0133931,-0.00360525,0.248523,4.76389,-0.271072,123.764
5.70516,4.55486,101.875,-1.92752,-0.774698,3.87037,-0.0121186,-0.00367283,0.243648,5.21309,-0.0675675,123.184
5.91,3.25284,102.965,-1.34097,-0.497798,2.65634,-0.0116713,-0.00471915,0.247327,3.43932,1.00811,122.841
6.18572,3.28343,102.62,-0.698019,-0.252095,1.65941,-0.0116643,-0.00511614,0.250216,3.93968,1.12925,122.504
6.2862,2.05233,98.3023,-0.474705,-0.166994,1.22556,-0.0120945,-0.00687333,0.263854,2.31913,0.915982,122.451
6.48958,2.15816,98.3058,-0.303274,-0.103898,0.925797,-0.0131489,-0.00786312,0.277864,2.8425,0.935974,122.216
6.15073,1.43645,91.8397,-0.223907,-0.0757578,0.766489,-0.0147794,-0.0112551,0.309691,1.78268,-0.256408,121.442
6.2687,1.61063,92.2213,-0.166452,-0.0545206,0.653004,-0.0178643,-0.0138573,0.346531,2.32959,-0.34778,121.448
5.4398,1.50247,85.4024,-0.138597,-0.0438684,0.599933,-0.0223322,-0.0222876,0.422843,1.38882,-1.65905,118.521
5.51387,1.72384,86.2787,-0.118617,-0.0355505,0.557328,-0.0321856,-0.0317842,0.524789,1.96507,-1.91778,119.134
4.67208,2.16439,83.2375,-0.113576,-0.0299779,0.573396,-0.0468771,-0.0601776,0.731037,0.625682,-2.87771,120.586
4.76209,2.32219,84.1482,-0.119667,-0.0284228,0.601386,-0.0944471,-0.125677,1.11908,1.25946,-3.16783,121.318
5.02877,3.98462,85.3471,-0.155514,-0.0252732,0.746463,-0.258386,-0.557353,2.57936,0.0298958,-3.48273,121.425
5.2146,4.0916,85.5454,-0.252615,-0.0330451,1.00343,-6.64044,-7.88193,19.0568,0.652061,-3.49365,122.201
5.49559,6.17864,85.9746,-0.848206,-0.0190818,2.22563,-15.4797,-6.72292,46.5287,-0.350997,-3.0743,114.948
5.73407,6.05892,85.2598,-16.6746,-1.71482,23.6775,-10.4195,-2.40929,47.1064,0.126148,-2.69214,114.33
4.82534,7.82063,76.896,-25.9289,-8.32468,51.0455,-8.41673,-1.70542,57.6225,-0.932547,-0.947666,91.1461
5.12333,7.36333,73.9836,-10.1675,-9.3119,55.0812,-9.88617,-2.04532,63.5935,-0.547444,-0.482037,89.4369
3.16998,6.97004,55.4334,-1.69641,-2.83354,58.3232,-5.17103,-1.08628,76.3827,-3.41518,-0.706165,47.2193
3.28034,6.68417,50.643,-1.99608,-3.35699,62.5857,-4.8718,-1.07224,77.308,-2.74064,-0.543303,45.9701
1.85773,6.19692,40.723,2.34688,2.26468,67.7407,1.50964,1.61938,98.2076,-5.30239,-2.16337,10.9126
1.56256,6.23279,38.3755,2.11497,2.09135,69.1248,1.76219,1.69038,98.3984,-2.0313,-0.782082,5.12742
0.324253,5.96799,37.8845,3.19095,4.32137,70.5973,6.22556,4.87284,104.967,-1.12956,-0.486485,2.67603
-0.249548,5.70615,37.3267,2.86482,3.99745,71.6837,6.50388,4.65345,104.958,-0.487692,-0.218311,1.51904
-1.20701,4.80175,37.5792,1.75567,2.18184,74.9165,7.44655,7.14283,105.609,-0.299183,-0.134303,1.05594
-1.78868,4.42934,36.5363,1.55636,1.91109,75.679,7.65622,7.07278,105.974,-0.186792,-0.0833679,0.807663
-4.25012,2.17465,28.4445,0.739625,-0.768363,81.1992,7.45659,7.95092,107.126,-0.137752,-0.060267,0.669559
-4.78486,1.80114,25.3357,0.683386,-1.00324,81.9686,7.65284,7.92783,107.727,-0.102559,-0.0436892,0.578615
-7.68813,-1.57279,14.927,0.758328,-3.05304,89.904,6.98263,7.29441,111.225,-0.0846735,-0.035511,0.523586
-5.49313,-1.0245,10.6573,0.820306,-2.9438,90.4811,7.24765,7.41568,111.748,-0.070219,-0.0285049,0.481579
-5.36514,-1.71791,8.66667,1.39525,-3.72389,99.3824,5.85841,6.03571,115.474,-0.0630092,-0.0250344,0.460852
-2.20675,-0.717008,4.16801,1.48351,-3.46437,100.093,6.17644,6.19892,115.657,-0.0570706,-0.0217731,0.442036
-1.78033,-0.619982,3.24477,1.99269,-2.93631,107.008,3.97955,4.51695,119.909,-0.0544283,-0.0194794,0.442189
-0.972602,-0.346931,2.06072,2.29038,-2.6356,107.159,4.41645,4.71915,119.895,-0.0530258,-0.017945,0.442826
-0.773718,-0.279224,1.6889,2.73089,-1.24984,106.952,2.17107,3.52125,123.48,-0.0548757,-0.0152475,0.470618
-0.553927,-0.205138,1.34862,3.11348,-1.09265,107.124,2.66033,3.81995,123.267,-0.0593592,-0.0149435,0.500552
-0.479002,-0.175878,1.20502,3.57222,-0.056142,103.279,0.567268,2.96717,124.17,-0.0702752,-0.0118135,0.575343
-0.389515,-0.143859,1.05892,3.97684,0.0165993,103.52,1.06689,3.35055,124.113,-0.0888337,-0.0124834,0.666879
-0.357956,-0.1296,1.01488,4.21127,0.162071,98.8672,-0.736335,2.78903,122.949,-0.132542,-0.0043663,0.875509
-0.331205,-0.11896,0.972001,4.63318,0.145798,99.1443,-0.244103,3.22904,123.262,-0.236432,-0.000914305,1.22755
-0.345706,-0.123412,1.04996,4.90942,-0.464938,94.1063,-1.14613,3.47413,120.389,-0.659854,0.0631241,2.33846
-0.430615,-0.151074,1.22374,5.31779,-0.523931,94.4531,-0.630282,3.82986,120.977,-5.57554,0.142977,10.0357
-0.830928,-0.293844,2.02237,5.88981,-1.43483,86.9334,-0.473496,4.19315,109.527,-17.304,-4.14266,33.2687
-5.034,-1.65423,8.00399,6.23196,-1.58583,88.0106,-0.060005,4.48479,110.97,-7.07881,-5.45271,27.7151
-24.916,-7.47999,36.6311,5.82867,-2.49785,75.2738,-1.44665,3.74285,82.5766,-3.44243,-6.4978,41.8337
-18.4108,-2.86759,43.3055,6.0219,-2.42078,75.7156,-1.05092,3.61163,82.756,-5.58709,-8.3927,53.9233
-5.34112,2.4148,57.9648,4.44625,-3.706,55.3838,-5.35749,0.977442,35.1062,-4.34248,-9.67298,84.8377
-2.92498,3.19637,56.222,4.86509,-3.26315,52.1107,-4.70306,1.40269,33.9905,-4.29705,-9.65018,87.1493
3.21027,3.01837,66.1979,2.98018,-4.51983,38.8018,-4.29327,-0.901556,7.84712,-1.78865,-8.74125,121.673
3.05228,2.94675,67.6121,3.08122,-4.45787,36.7156,-1.35223,-0.24709,3.24418,-1.23401,-8.1348,121.168
6.40594,2.81276,76.1934,1.9995,-4.27335,34.5337,-0.690337,-0.145685,1.68493,3.04901,-5.60504,127.336
6.18445,2.79386,76.6575,1.22779,-4.1001,32.1663,-0.318526,-0.0629463,1.0248,3.24691,-5.09486,127.313
-0.631282,4.45132,28.9724,2.39077,3.46405,71.1505,5.62499,4.3108,110.318,-1.19446,-0.493975,2.5397
-1.18708,4.5042,39.6883,2.62203,2.20965,73.6799,9.10234,7.63253,106.135,-0.588001,-0.243474,1.50039
-1.56571,3.92258,37.0117,2.42005,1.79958,75.2666,9.14513,7.56792,107.66,-0.327465,-0.134846,1.04573
-4.21918,1.71631,26.5322,1.92785,-0.886776,80.9479,9.12438,8.40254,108.453,-0.226172,-0.0918868,0.829197
-4.82932,1.30963,22.4676,2.02982,-1.12007,81.7572,9.52529,8.44726,108.861,-0.161438,-0.0644614,0.691608
-7.46938,-1.57579,13.9741,2.67212,-2.97563,89.6166,9.21885,7.92179,112.152,-0.129052,-0.0513086,0.611128
-5.12746,-1.02045,9.59846,2.92637,-2.77712,90.0472,9.69926,8.11485,112.5,-0.103954,-0.0404972,0.549552
-5.41541,-1.63659,8.52196,4.1553,-3.29977,98.6137,8.71332,6.92667,116.653,-0.0912748,-0.0350262,0.517602
-2.32253,-0.703775,4.17363,4.46995,-2.9275,99.0669,9.25299,7.17363,116.652,-0.0807082,-0.0299855,0.488255
-1.98768,-0.637295,3.42472,5.60223,-2.44739,105.923,7.48607,5.6709,119.999,-0.0762207,-0.0268867,0.482284
-1.10598,-0.357888,2.16423,6.06682,-2.09355,106.072,8.10928,5.93544,119.888,-0.0730172,-0.0247213,0.476281
-0.901303,-0.292105,1.79963,6.72904,-0.738732,105.782,6.17772,4.82686,122.909,-0.0760812,-0.0222303,0.501092
-0.651227,-0.213648,1.42648,7.28048,-0.533058,105.936,6.84109,5.18227,122.656,-0.0815313,-0.0223091,0.526502
-0.565153,-0.182256,1.27301,7.74748,0.576325,101.984,4.86618,4.38323,123.466,-0.0987095,-0.0210376,0.60008
-0.457092,-0.14665,1.10438,8.32868,0.684339,102.274,5.5557,4.83113,123.382,-0.12417,-0.0241681,0.687548
-0.417149,-0.130172,1.04773,8.43732,0.938776,97.3473,3.94355,4.27923,122.073,-0.193238,-0.0259154,0.897781
-0.386386,-0.118818,0.999757,9.0302,0.958555,97.7012,4.65533,4.76848,122.34,-0.359768,-0.0427705,1.28705
-0.414102,-0.125373,1.08193,9.14935,0.294231,92.6337,3.88585,5.11649,119.471,-1.22301,-0.0933499,2.79277
-0.504897,-0.150292,1.23838,9.77674,0.24625,93.1435,4.696,5.47695,120.04,-11.4007,-1.77148,16.4845
-0.947082,-0.28179,1.98873,9.94537,-0.63152,86.1986,4.54821,5.80538,109.066,-20.6223,-5.94198,30.8584
-4.45648,-1.25217,6.7782,10.5704,-0.739843,87.2834,5.26625,6.27208,110.629,-12.2459,-5.72848,23.8693
-23.9036,-6.26628,32.6377,9.45999,-1.86163,74.3247,2.5844,5.01301,81.9222,-12.8801,-9.81892,45.6944
-24.4626,-5.50185,35.0689,9.95693,-1.94145,75.0198,3.24975,4.84343,82.0331,-13.0442,-11.9866,60.7658
-19.7322,-2.30259,55.9764,7.05944,-3.21568,54.0656,-3.9044,1.55564,33.9698,-12.3755,-13.0099,87.603
-12.4262,1.61563,69.1178,7.40204,-2.36536,50.4623,-3.02375,2.22951,33.0524,-11.7335,-12.5505,88.7039
-2.18816,1.66753,66.364,4.85584,-4.12138,37.9986,-5.08124,-1.04746,8.86633,-11.977,-12.679,123.385
-1.64326,1.74502,65.9148,4.96621,-4.18144,35.7896,-1.50224,-0.262554,3.45276,-11.0908,-11.9846,122.762
1.14279,1.44732,74.3795,3.94628,-4.00955,33.4302,-0.802252,-0.168762,1.83582,-7.11834,-9.62372,129.226
1.02431,1.45812,74.9783,3.5495,-4.03905,32.7765,-0.345313,-0.0683025,1.06478,-6.51373,-8.89389,128.584
2.17864,2.26558,82.6619,1.80261,-2.9846,29.5588,-0.213372,-0.0419038,0.74568,-3.31787,-6.30768,121.26
2.22314,2.32119,82.8573,1.30444,-2.92488,28.5899,-0.128654,-0.0241989,0.563852,-2.85529,-5.95025,121.29
2.74473,3.40463,87.8875,-0.631976,-2.65944,25.2429,-0.0884515,-0.0162132,0.45641,-1.61053,-4.72836,117.108
2.88045,3.52291,87.9628,-1.49659,-2.55973,22.3561,-0.0608193,-0.0109537,0.386908,-1.1875,-4.5567,117.468
2.81782,4.35997,92.8889,-4.35035,-2.5394,16.2075,-0.0447929,-0.00819638,0.341948,-0.773518,-4.1782,119.312
3.1066,4.43636,92.7802,-4.45688,-2.2575,12.8648,-0.0337089,-0.0063773,0.309594,-0.155556,-4.05137,119.259
2.90707,4.57636,97.4814,-5.64008,-2.32991,10.7334,-0.0265872,-0.00555909,0.289513,0.46057,-3.48173,124.013
3.42823,4.55853,96.756,-4.00492,-1.67948,7.80528,-0.0217511,-0.0049395,0.273267,1.27369,-3.28827,123.381
3.23407,3.68592,101.255,-4.10741,-1.53655,6.86176,-0.0187413,-0.00508051,0.265796,1.04348,-1.83939,124.787
3.63765,3.7204,100.936,-2.08565,-0.779337,3.91831,-0.0168095,-0.00501943,0.259206,1.7276,-1.56714,124.126
4.01431,2.52118,101.897,-1.73369,-0.603986,3.10849,-0.0158249,-0.00597202,0.262193,0.223781,-0.45262,123.461
4.38598,2.58868,101.621,-0.931368,-0.317535,1.9225,-0.0157518,-0.00651271,0.265376,0.862743,-0.273079,123.029
4.6416,1.44903,97.1521,-0.645114,-0.215663,1.42507,-0.0163025,-0.00847573,0.280938,-0.694597,-0.433327,122.587
4.92789,1.58693,97.0928,-0.406936,-0.133361,1.04722,-0.0179912,-0.00979773,0.29726,-0.044564,-0.375681,122.329
4.85979,0.974407,90.6468,-0.297302,-0.0968191,0.853855,-0.0205814,-0.0138085,0.333845,-0.942541,-1.48139,121.364
5.03012,1.18164,91.1068,-0.216309,-0.0684532,0.712154,-0.0254226,-0.0168654,0.373422,-0.28647,-1.56886,121.402
4.33115,1.06356,84.5236,-0.175355,-0.0539751,0.643297,-0.0328103,-0.0269369,0.457198,-1.21467,-2.82973,118.534
4.43819,1.29561,85.3784,-0.146524,-0.0428722,0.588053,-0.0487517,-0.0391253,0.569345,-0.571738,-3.07311,119.135
3.71994,1.79512,82.7417,-0.135981,-0.0358582,0.595101,-0.0781419,-0.0753985,0.800502,-1.79533,-3.97366,120.837
3.8342,1.95792,83.5494,-0.141997,-0.0338586,0.622588,-0.174197,-0.171103,1.27507,-1.11853,-4.21669,121.559
4.22707,3.75213,84.548,-0.184328,-0.0324944,0.771876,-0.7741,-0.971032,3.50405,-2.11903,-4.34615,120.904
4.46108,3.8361,84.6734,-0.303572,-0.0448691,1.0453,-14.2604,-10.8838,28.6403,-1.49557,-4.2257,121.529
4.77289,6.02948,85.5544,-1.05414,-0.0664357,2.40433,-14.3529,-5.48559,40.3283,-2.25665,-3.94504,113.821
4.94523,5.94017,84.8345,-17.33,-2.26558,23.971,-11.4566,-2.71315,49.2861,-1.91412,-3.2969,112.588
4.01659,7.94188,76.8677,-27.2495,-6.89199,43.8277,-9.64658,-1.858,59.954,-2.73206,-1.32639,88.3472
4.64048,7.13844,72.73,-14.8134,-10.6058,60.3793,-10.4052,-2.03727,64.383,-2.04792,-0.967515,86.9845
2.75006,6.72623,53.3893,-2.99746,-3.82232,62.5559,-5.60506,-1.10677,77.6973,-4.28461,-0.924315,42.8803
2.82035,6.59579,49.0342,-1.83651,-3.25991,61.8459,-5.36314,-1.11311,78.6367,-3.64116,-0.763674,41.7104
1.62412,6.23266,40.2386,2.46243,2.32342,66.1389,0.716387,1.49595,98.9915,-4.90628,-1.99378,10.1491
1.34545,6.23495,37.8899,2.28599,2.16554,67.3711,0.973511,1.52647,99.3383,-1.78379,-0.698782,4.54238
0.354282,6.09406,38.813,3.00388,4.38714,68.5207,5.224,4.60288,106.112,-0.907075,-0.387886,2.29745
-0.223206,5.81563,38.629,2.62668,4.05361,69.7308,5.5111,4.38904,106.022,-0.402136,-0.178133,1.35184
-0.981778,4.98792,39.4368,1.32815,2.13095,72.9037,6.42355,7.01631,106.794,-0.249964,-0.110245,0.957979
-1.52852,4.61705,38.4336,1.10412,1.84291,73.7018,6.63804,6.94422,107.133,-0.159115,-0.0694211,0.746578
-3.87078,2.46775,30.1086,0.270674,-0.863612,79.0487,6.46108,7.77861,107.944,-0.119121,-0.0507231,0.62611
-4.39342,2.12408,27.0572,0.165079,-1.12519,79.9259,6.64206,7.7753,108.523,-0.0902082,-0.0372701,0.54586
-7.5307,-1.33725,15.3398,0.354026,-3.25394,87.7898,6.03073,7.13618,111.597,-0.0755211,-0.0307982,0.49605
-5.61941,-0.916031,11.2112,0.36623,-3.21166,88.5095,6.26923,7.23568,112.128,-0.0631365,-0.0250031,0.457763
-5.90793,-1.78457,9.43514,1.23226,-3.9203,97.2997,4.88155,6.0133,117.265,-0.0571371,-0.0220459,0.439091
-2.48544,-0.759012,4.57473,1.29027,-3.70802,98.0447,5.20105,6.17143,117.351,-0.0520705,-0.019221,0.422112
-2.01151,-0.668687,3.5546,1.99346,-3.40758,105.354,3.02578,4.54405,120.675,-0.0502124,-0.0174253,0.422616
-1.05578,-0.358841,2.17179,2.23687,-3.11388,105.521,3.44223,4.74625,120.638,-0.0491192,-0.0161412,0.423324
-0.826445,-0.284008,1.75492,2.83253,-1.7866,105.641,1.16183,3.42888,123.185,-0.0512157,-0.0138368,0.449339
-0.583106,-0.205184,1.38294,3.15052,-1.65754,105.914,1.60024,3.7184,123.013,-0.055295,-0.0135544,0.47712
-0.501986,-0.174605,1.23038,3.68892,-0.544972,102.473,-0.668303,2.75245,123.523,-0.0656508,-0.0107569,0.547127
-0.407088,-0.142089,1.07773,4.03771,-0.504726,102.775,-0.229601,3.11881,123.506,-0.082327,-0.0112502,0.632582
-0.376719,-0.128734,1.03689,4.24452,-0.153493,98.1727,-2.11334,2.50136,122.461,-0.12245,-0.00471379,0.825595
-0.352377,-0.119577,0.999702,4.61034,-0.219047,98.5332,-1.6883,2.91076,122.776,-0.213434,-0.00296543,1.14652
-0.380399,-0.127922,1.09941,4.84935,-0.815493,93.4615,-2.61698,3.11833,119.886,-0.566231,0.045394,2.11111
-0.482761,-0.159403,1.29344,5.20072,-0.964055,94.0393,-2.20179,3.46349,120.571,-4.04339,0.0961506,7.74774
-0.989987,-0.327079,2.22505,5.70811,-1.89191,86.9884,-1.99537,3.81034,109.36,-17.507,-3.77049,31.2742
-6.52501,-2.00737,9.90015,5.99233,-2.01495,87.9431,-1.63221,4.02478,110.684,-8.91858,-6.08824,29.3853
-25.5652,-7.08432,36.7983,5.51291,-2.92669,75.2527,-2.59675,3.43479,82.2992,-5.13556,-7.33156,43.4422
-21.368,-3.01757,47.379,5.68977,-2.45018,74.5912,-2.15862,3.49883,82.4488,-6.88191,-8.85874,54.0738
-7.92465,2.17623,61.5857,4.15224,-3.86807,53.6453,-5.52628,1.11435,33.5783,-6.602,-10.4936,86.5563
-4.37625,2.82455,55.1733,4.57578,-3.72432,51.0738,-4.88912,1.49265,32.9228,-6.625,-10.5085,88.4559
1.34152,2.56952,64.46,2.73435,-5.06091,38.6012,-3.78093,-0.685823,7.19552,-5.03866,-10.0426,121.291
0.966248,2.45357,66.2536,2.81312,-5.04233,36.5611,-1.12483,-0.171698,2.96323,-4.60361,-9.50344,120.811
3.83589,2.28714,74.9042,1.81119,-4.80035,34.4781,-0.544076,-0.102027,1.49362,-0.690517,-7.21008,126.265
3.61501,2.2595,75.2869,1.34975,-4.81194,33.8232,-0.239388,-0.0418159,0.909986,-0.456856,-6.5956,125.854
4.99297,3.20623,82.7349,-0.244508,-3.709,30.4308,-0.146203,-0.0249689,0.640789,2.06389,-4.32322,118.73
4.88152,3.23571,82.8564,-0.746666,-3.61819,29.2101,-0.0878716,-0.0141477,0.495492,2.21345,-4.02573,119.024
5.4966,4.3966,87.8405,-2.35736,-3.35052,25.8922,-0.060981,-0.00947111,0.406686,3.10076,-3.00793,115.365
5.51106,4.43496,87.871,-2.91687,-3.28581,23.905,-0.0421425,-0.0063986,0.349448,3.33669,-2.89462,115.706
5.64344,5.28075,92.6059,-5.02004,-3.31177,19.1248,-0.031248,-0.00486011,0.311591,3.75573,-2.4946,117.431
5.80002,5.29424,92.4585,-5.17903,-3.13476,16.6179,-0.0235068,-0.00383151,0.284454,4.14091,-2.44458,117.552
5.56416,5.41431,97.3412,-6.47534,-3.01485,12.9642,-0.0186695,-0.00353183,0.267679,4.64734,-1.842,122.363
5.85024,5.36224,96.8763,-4.7604,-2.2359,9.68006,-0.0152973,-0.0032287,0.25427,5.18334,-1.72912,121.883
5.50538,4.5613,101.937,-4.13198,-1.67953,7.18635,-0.013393,-0.00360523,0.248523,4.764,-0.270976,123.764
5.70519,4.55488,101.875,-1.9275,-0.774705,3.87037,-0.0121185,-0.00367281,0.243648,5.21318,-0.067478,123.184
5.91002,3.25286,102.965,-1.34094,-0.497796,2.65631,-0.0116711,-0.00471914,0.247327,3.4394,1.0082,122.841
6.18572,3.28345,102.62,-0.698,-0.252094,1.65939,-0.0116641,-0.00511614,0.250216,3.93975,1.12933,122.504
6.28621,2.05234,98.3022,-0.474692,-0.166993,1.22555,-0.0120943,-0.00687333,0.263854,2.31919,0.916056,122.451
6.48957,2.15817,98.3057,-0.303265,-0.103897,0.925788,-0.0131487,-0.00786314,0.277864,2.84255,0.936045,122.216
6.15073,1.43645,91.8396,-0.2239,-0.0757575,0.766483,-0.0147791,-0.0112551,0.309691,1.78274,-0.256345,121.442
6.26869,1.61063,92.2212,-0.166448,-0.0545204,0.652999,-0.017864,-0.0138573,0.34653,2.32964,-0.347718,121.448
5.43978,1.50246,85.4023,-0.138594,-0.0438683,0.599929,-0.0223317,-0.0222877,0.422843,1.38886,-1.659,118.521
5.51383,1.72383,86.2787,-0.118614,-0.0355504,0.557325,-0.0321849,-0.0317843,0.52479,1.9651,-1.91772,119.134
4.67204,2.16438,83.2375,-0.113573,-0.0299779,0.573393,-0.0468758,-0.0601778,0.731038,0.625708,-2.87766,120.586
4.76203,2.32218,84.1481,-0.119665,-0.0284229,0.601383,-0.0944441,-0.125678,1.11908,1.25947,-3.16779,121.318
5.02869,3.98461,85.3471,-0.155511,-0.0252733,0.74646,-0.258372,-0.557361,2.57937,0.0298986,-3.48269,121.425
5.21452,4.0916,85.5454,-0.252609,-0.0330453,1.00342,-6.6403,-7.88204,19.0569,0.652056,-3.49361,122.201
5.49551,6.17862,85.9745,-0.848179,-0.0190816,2.2256,-15.4795,-6.72288,46.5286,-0.351005,-3.07427,114.948
5.73397,6.05891,85.2598,-16.6742,-1.7148,23.6771,-10.4194,-2.4093,47.1062,0.126113,-2.6921,114.329
4.82522,7.82062,76.8961,-25.9286,-8.32492,51.0463,-8.41662,-1.70547,57.6224,-0.932609,-0.947618,91.146
5.12317,7.36335,73.9838,-10.1672,-9.31191,55.0811,-9.88608,-2.04542,63.5934,-0.54754,-0.481979,89.4367
3.16986,6.97004,55.4335,-1.69631,-2.83351,58.323,-5.17093,-1.08633,76.3826,-3.41523,-0.706147,47.2192
3.28023,6.68418,50.6431,-1.99605,-3.357,62.5857,-4.87171,-1.07229,77.3079,-2.7407,-0.543282,45.97
1.85764,6.19691,40.7231,2.34687,2.2647,67.7408,1.50974,1.61938,98.2075,-5.30239,-2.16339,10.9126
1.56248,6.23277,38.3755,2.11498,2.0914,69.1248,1.76228,1.69041,98.3983,-2.0313,-0.782089,5.12744
0.324174,5.96797,37.8846,3.19095,4.32142,70.5973,6.22564,4.87289,104.967,-1.12957,-0.48649,2.67604
-0.249608,5.70611,37.3267,2.86485,3.99754,71.6836,6.50396,4.65353,104.958,-0.487694,-0.218313,1.51905
-1.20708,4.80172,37.5792,1.75568,2.18188,74.9165,7.44661,7.14289,105.609,-0.299184,-0.134305,1.05594
-1.78874,4.42929,36.5363,1.55638,1.91114,75.679,7.65628,7.07286,105.974,-0.186793,-0.0833688,0.807668
-4.25015,2.17461,28.4446,0.739641,-0.768329,81.1992,7.45664,7.951,107.126,-0.137753,-0.0602678,0.669564
-4.78488,1.8011,25.3359,0.683398,-1.0032,81.9686,7.65288,7.92792,107.727,-0.10256,-0.0436898,0.57862
-7.68813,-1.5728,14.927,0.758341,-3.05304,89.9041,6.98266,7.29449,111.225,-0.0846745,-0.0355115,0.523591
-5.49298,-1.02447,10.657,0.820307,-2.94385,90.4812,7.24767,7.41574,111.748,-0.0702201,-0.0285055,0.481584
-5.36458,-1.71774,8.66587,1.39524,-3.72401,99.3826,5.85841,6.03572,115.474,-0.0630104,-0.025035,0.460858
-2.20635,-0.716888,4.16743,1.48349,-3.46447,100.093,6.17644,6.19894,115.657,-0.057072,-0.0217737,0.442042
-1.77991,-0.619842,3.24419,1.9927,-2.93637,107.008,3.97957,4.51698,119.909,-0.0544299,-0.0194801,0.442196
-0.972411,-0.346865,2.06043,2.29041,-2.63562,107.158,4.41648,4.71921,119.895,-0.0530277,-0.0179457,0.442834
-0.773574,-0.279174,1.68869,2.73093,-1.24982,106.952,2.17111,3.52132,123.48,-0.0548781,-0.0152482,0.470628
-0.55384,-0.205107,1.34849,3.11351,-1.09264,107.124,2.66036,3.82002,123.267,-0.0593624,-0.0149443,0.500565
-0.478935,-0.175855,1.20492,3.57224,-0.0561119,103.279,0.567295,2.96724,124.17,-0.0702801,-0.0118143,0.575362
-0.38947,-0.143843,1.05885,3.97685,0.0166226,103.52,1.06691,3.35062,124.113,-0.0888419,-0.0124847,0.666908
-0.357922,-0.129589,1.01483,4.21128,0.162101,98.8671,-0.736318,2.7891,122.949,-0.13256,-0.00436734,0.875564
-0.331181,-0.118953,0.971962,4.63319,0.145826,99.1442,-0.244094,3.22911,123.262,-0.23648,-0.000916205,1.22767
-0.345687,-0.123406,1.04993,4.90942,-0.46491,94.1062,-1.14613,3.47418,120.389,-0.660117,0.0631364,2.33896
-0.430601,-0.15107,1.22372,5.3178,-0.523888,94.453,-0.630251,3.82985,120.977,-5.57976,0.14263,10.0416
-0.830931,-0.293849,2.02238,5.88978,-1.43481,86.9333,-0.473478,4.1931,109.527,-17.3043,-4.14459,33.2716
-5.03456,-1.65442,8.00476,6.23193,-1.58576,88.0105,-0.0600512,4.48492,110.97,-7.07647,-5.45191,27.7109
-24.9171,-7.48031,36.6329,5.82863,-2.49781,75.2738,-1.44669,3.7429,82.5766,-3.44152,-6.49727,41.8309
-18.4103,-2.86724,43.3063,6.02183,-2.4208,75.7157,-1.05096,3.61159,82.7559,-5.5871,-8.39275,53.9234
-5.3407,2.41491,57.9639,4.44621,-3.70608,55.384,-5.3575,0.977355,35.1061,-4.34252,-9.673,84.8378
-2.92495,3.1964,56.2217,4.86505,-3.2632,52.1109,-4.70308,1.40262,33.9904,-4.29702,-9.65015,87.1491
3.21021,3.01838,66.198,2.98015,-4.51982,38.8018,-4.29324,-0.901569,7.84709,-1.78859,-8.7412,121.672
3.05225,2.94676,67.6121,3.08119,-4.45782,36.7156,-1.35222,-0.247093,3.24417,-1.23396,-8.13476,121.168
6.4059,2.8128,76.1934,1.99948,-4.27331,34.5336,-0.690332,-0.145687,1.68492,3.04904,-5.60497,127.336
6.18446,2.79388,76.6574,1.22778,-4.10003,32.1662,-0.318524,-0.0629468,1.02479,3.24695,-5.0948,127.313
-0.63126,4.45119,28.9715,2.39104,3.46411,71.1498,5.6251,4.31079,110.318,-1.19446,-0.493978,2.5397
-1.18705,4.5041,39.6869,2.62231,2.20973,73.6791,9.10245,7.63254,106.135,-0.588,-0.243476,1.50039
-1.56573,3.92248,37.0105,2.42031,1.79964,75.2658,9.14523,7.56792,107.66,-0.327464,-0.134848,1.04573
-4.21923,1.71614,26.5306,1.92809,-0.886748,80.9472,9.12448,8.40253,108.453,-0.22617,-0.0918879,0.829192
-4.82926,1.3094,22.4659,2.03006,-1.12002,81.7564,9.52539,8.44726,108.861,-0.161436,-0.0644624,0.691603
-7.46912,-1.57593,13.9741,2.67241,-2.9753,89.6155,9.219,7.92194,112.152,-0.12905,-0.0513092,0.611123
-5.12844,-1.02077,9.60055,2.92681,-2.77639,90.0453,9.6995,8.11523,112.5,-0.103953,-0.0404974,0.549546
-5.41954,-1.63793,8.52784,4.15595,-3.29863,98.6109,8.7137,6.9273,116.653,-0.0912727,-0.0350259,0.517596
-2.32592,-0.704786,4.17845,4.47069,-2.92641,99.064,9.2534,7.1743,116.652,-0.080706,-0.029985,0.488249
-1.99177,-0.638597,3.43036,5.60276,-2.44665,105.921,7.48637,5.67142,120,-0.0762184,-0.026886,0.482279
-1.10794,-0.358521,2.16704,6.06708,-2.09328,106.071,8.10941,5.93568,119.888,-0.073015,-0.0247207,0.476277
-0.902874,-0.292619,1.80188,6.72919,-0.738626,105.781,6.17778,4.82702,122.909,-0.076079,-0.0222296,0.501088
-0.652209,-0.213975,1.42794,7.28056,-0.533034,105.935,6.84111,5.18237,122.656,-0.0815292,-0.0223083,0.526499
-0.565934,-0.182513,1.27418,7.74753,0.576326,101.984,4.86618,4.3833,123.466,-0.098707,-0.0210366,0.600077
-0.457629,-0.146826,1.1052,8.3287,0.68434,102.274,5.55567,4.83119,123.382,-0.124167,-0.0241669,0.687546
-0.417584,-0.130309,1.04841,8.43731,0.938786,97.3472,3.94351,4.27927,122.073,-0.193235,-0.0259134,0.897781
-0.386731,-0.118925,1.0003,9.03017,0.958583,97.701,4.65526,4.76853,122.34,-0.359766,-0.0427667,1.28705
-0.41444,-0.125474,1.08246,9.14931,0.294276,92.6335,3.88577,5.11653,119.472,-1.22304,-0.0933376,2.79284
-0.505271,-0.1504,1.23895,9.77668,0.246315,93.1433,4.6959,5.47697,120.04,-11.4014,-1.7715,16.4854
-0.947867,-0.282013,1.98984,9.94529,-0.631424,86.1983,4.5481,5.80541,109.066,-20.6223,-5.94192,30.8586
-4.46112,-1.25343,6.78429,10.5703,-0.739532,87.2827,5.26616,6.2722,110.629,-12.2454,-5.72836,23.8693
-23.9017,-6.26557,32.6352,9.45992,-1.86162,74.3244,2.5843,5.01297,81.9222,-12.8793,-9.81871,45.6944
-24.4562,-5.50026,35.0602,9.95687,-1.94169,75.0199,3.2496,4.8433,82.0331,-13.0438,-11.9864,60.7651
-19.7315,-2.3029,55.9703,7.05939,-3.21581,54.0655,-3.90443,1.55559,33.9698,-12.3752,-13.0099,87.6029
-12.4268,1.61553,69.1197,7.40194,-2.36519,50.4618,-3.02377,2.22956,33.0524,-11.7332,-12.5504,88.704
-2.18802,1.66756,66.3643,4.85577,-4.12131,37.9982,-5.08118,-1.04744,8.86626,-11.9765,-12.679,123.385
-1.64296,1.74509,65.9145,4.96614,-4.18142,35.7893,-1.50223,-0.262549,3.45275,-11.0904,-11.9846,122.762
1.14312,1.44739,74.3792,3.9462,-4.00953,33.43,-0.802244,-0.168759,1.8358,-7.11789,-9.62366,129.226
1.0246,1.45819,74.978,3.54942,-4.03905,32.7763,-0.34531,-0.0683012,1.06477,-6.51329,-8.89383,128.584
2.17898,2.26566,82.6615,1.80253,-2.98459,29.5586,-0.21337,-0.0419029,0.745676,-3.31744,-6.30764,121.26
2.22348,2.32128,82.8569,1.30437,-2.92488,28.5898,-0.128653,-0.0241983,0.563848,-2.85486,-5.9502,121.29
2.74508,3.40474,87.8871,-0.632076,-2.6594,25.2424,-0.0884506,-0.0162128,0.456407,-1.61012,-4.72832,117.108
2.88073,3.52306,87.9626,-1.49684,-2.5596,22.3546,-0.0608187,-0.0109534,0.386905,-1.18711,-4.55666,117.468
2.8181,4.36014,92.8887,-4.35043,-2.53912,16.2055,-0.0447924,-0.00819618,0.341946,-0.77313,-4.17816,119.312
3.10701,4.43647,92.7796,-4.45675,-2.25717,12.8637,-0.0337085,-0.00637718,0.309591,-0.155085,-4.05136,119.26
2.9078,4.57636,97.4801,-5.64068,-2.33,10.7345,-0.0265868,-0.00555904,0.289511,0.46124,-3.48177,124.013
3.42932,4.55842,96.7538,-4.00762,-1.68053,7.80971,-0.0217507,-0.00493949,0.273264,1.27459,-3.28837,123.381
3.23536,3.68579,101.252,-4.11325,-1.53871,6.87005,-0.0187408,-0.00508048,0.265794,1.04452,-1.83954,124.787
3.63865,3.72039,100.934,-2.08919,-0.780661,3.92349,-0.0168089,-0.00501938,0.259203,1.72848,-1.56726,124.126
4.01496,2.52124,101.896,-1.73702,-0.605147,3.11318,-0.0158243,-0.00597194,0.262191,0.224466,-0.452721,123.462
4.38633,2.58881,101.621,-0.932729,-0.317996,1.92451,-0.0157512,-0.00651261,0.265374,0.863227,-0.273129,123.03
4.64184,1.44918,97.152,-0.645903,-0.215924,1.42626,-0.0163018,-0.00847559,0.280936,-0.694183,-0.433349,122.587
4.92808,1.5871,97.0927,-0.407325,-0.133488,1.04785,-0.0179905,-0.00979756,0.297258,-0.044197,-0.375685,122.329
4.85995,0.974562,90.6468,-0.297538,-0.0968959,0.854258,-0.0205806,-0.0138083,0.333842,-0.942211,-1.48138,121.365
5.03026,1.1818,91.1067,-0.21645,-0.0684985,0.712413,-0.0254216,-0.0168651,0.37342,-0.286166,-1.56884,121.402
4.33127,1.0637,84.5236,-0.175452,-0.0540064,0.643488,-0.0328089,-0.0269365,0.457195,-1.2144,-2.82971,118.534
4.4383,1.29575,85.3783,-0.146593,-0.0428939,0.588194,-0.0487495,-0.0391247,0.569342,-0.57149,-3.07309,119.135
3.72004,1.79525,82.7416,-0.136036,-0.0358753,0.595223,-0.0781378,-0.0753976,0.800498,-1.7951,-3.97362,120.837
3.83428,1.95805,83.5493,-0.142047,-0.033874,0.622697,-0.174188,-0.171102,1.27507,-1.11832,-4.21665,121.559
4.22715,3.75225,84.5478,-0.184389,-0.0325114,0.772005,-0.77405,-0.971032,3.50404,-2.11884,-4.34612,120.904
4.46115,3.83622,84.6732,-0.303668,-0.0448948,1.04548,-14.2601,-10.8839,28.6405,-1.4954,-4.22566,121.529
4.77295,6.02959,85.5542,-1.05456,-0.0665166,2.40494,-14.3526,-5.48536,40.3287,-2.25651,-3.94499,113.821
4.94534,5.94023,84.8341,-17.3322,-2.26682,23.9741,-11.4562,-2.713,49.2857,-1.91394,-3.29687,112.588
4.01654,7.9421,76.8677,-27.2452,-6.8914,43.8208,-9.64645,-1.85797,59.9539,-2.73203,-1.32633,88.3472
4.64047,7.13859,72.7299,-14.8131,-10.6051,60.3757,-10.4051,-2.03721,64.3831,-2.04784,-0.967507,86.9846
2.75011,6.72628,53.3891,-2.9976,-3.82258,62.5569,-5.60496,-1.1067,77.6973,-4.28455,-0.924297,42.8803
2.82038,6.59584,49.034,-1.83633,-3.25997,61.846,-5.36305,-1.11306,78.6367,-3.64111,-0.76366,41.7104
1.62414,6.23271,40.2384,2.46272,2.32341,66.1388,0.716489,1.49598,98.9914,-4.90628,-1.99377,10.1491
1.34546,6.23501,37.8898,2.28626,2.16551,67.3709,0.973603,1.52648,99.3382,-1.78379,-0.698781,4.5424
0.35428,6.09411,38.8129,3.00414,4.38711,68.5206,5.2241,4.60289,106.112,-0.90708,-0.387887,2.29746
-0.223222,5.8157,38.629,2.62693,4.05356,69.7307,5.51118,4.38903,106.022,-0.402139,-0.178134,1.35185
-0.981796,4.98798,39.4367,1.3284,2.13093,72.9037,6.42364,7.01631,106.794,-0.249966,-0.110245,0.957983
-1.52855,4.61712,38.4336,1.10437,1.84288,73.7018,6.63812,6.94421,107.133,-0.159117,-0.0694213,0.746581
-3.8708,2.4678,30.1085,0.270928,-0.863636,79.0487,6.46115,7.7786,107.944,-0.119122,-0.0507233,0.626113
-4.39344,2.12413,27.0571,0.16533,-1.12521,79.9259,6.64213,7.77529,108.523,-0.0902092,-0.0372703,0.545863
-7.5307,-1.33725,15.3398,0.354292,-3.25394,87.7897,6.03079,7.13617,111.596,-0.075522,-0.0307984,0.496053
-5.61946,-0.916045,11.2114,0.366495,-3.21163,88.5094,6.2693,7.23568,112.127,-0.0631374,-0.0250032,0.457766
-5.90816,-1.78465,9.43547,1.23255,-3.92025,97.2996,4.88161,6.01332,117.265,-0.057138,-0.0220461,0.439094
-2.48563,-0.759074,4.57501,1.29056,-3.70797,98.0445,5.20111,6.17145,117.351,-0.0520714,-0.0192211,0.422115
-2.01173,-0.66876,3.5549,1.99375,-3.40754,105.354,3.02583,4.54407,120.675,-0.0502134,-0.0174254,0.422619
-1.05587,-0.358875,2.17193,2.23715,-3.11386,105.521,3.44227,4.74626,120.638,-0.0491203,-0.0161414,0.423329
-0.826516,-0.284034,1.75502,2.83281,-1.7866,105.641,1.16187,3.42888,123.185,-0.0512171,-0.0138369,0.449344
-0.583149,-0.2052,1.38301,3.1508,-1.65754,105.914,1.60027,3.7184,123.013,-0.0552968,-0.0135546,0.477127
-0.50202,-0.174617,1.23044,3.68919,-0.544978,102.473,-0.668276,2.75245,123.523,-0.0656535,-0.0107571,0.547137
-0.407112,-0.142098,1.07777,4.03799,-0.504728,102.775,-0.229574,3.11882,123.506,-0.0823313,-0.0112505,0.632596
-0.376739,-0.128741,1.03692,4.24479,-0.153497,98.1728,-2.11332,2.50138,122.461,-0.122459,-0.00471381,0.825623
-0.352393,-0.119583,0.999729,4.61061,-0.21905,98.5332,-1.68827,2.91077,122.776,-0.213458,-0.0029655,1.14659
-0.380416,-0.127928,1.09944,4.84961,-0.815496,93.4615,-2.61695,3.11835,119.886,-0.566354,0.0454013,2.11135
-0.482781,-0.159411,1.29347,5.20098,-0.96406,94.0393,-2.20174,3.46348,120.571,-4.04531,0.0960561,7.75043
-0.990036,-0.327098,2.22513,5.70834,-1.89193,86.9884,-1.99531,3.81028,109.36,-17.5082,-3.77175,31.2773
-6.52538,-2.0075,9.90066,5.99259,-2.01495,87.9431,-1.63219,4.02484,110.684,-8.91694,-6.08774,29.3827
-25.5649,-7.0843,36.7979,5.51313,-2.92668,75.2526,-2.59674,3.43488,82.2993,-5.1349,-7.33118,43.4403
-21.3678,-3.01759,47.3782,5.69,-2.45017,74.5911,-2.15859,3.49889,82.4488,-6.8819,-8.85876,54.0738
-7.9247,2.17622,61.5856,4.1524,-3.86805,53.6453,-5.52626,1.11439,33.5783,-6.60204,-10.4937,86.5564
-4.37628,2.82456,55.1734,4.57593,-3.72431,51.0738,-4.88911,1.4927,32.9229,-6.625,-10.5085,88.4559
1.34149,2.56953,64.4599,2.73446,-5.06092,38.6011,-3.78093,-0.685818,7.19553,-5.03866,-10.0426,121.291
0.966207,2.45357,66.2536,2.81323,-5.04236,36.5611,-1.12483,-0.171697,2.96323,-4.60362,-9.5034,120.811
3.83585,2.28713,74.9042,1.81128,-4.80037,34.4782,-0.544078,-0.102026,1.49362,-0.690509,-7.21006,126.265
3.61494,2.2595,75.2869,1.34984,-4.81198,33.8233,-0.239388,-0.0418158,0.909987,-0.456852,-6.59557,125.854
4.99292,3.20622,82.735,-0.244423,-3.70901,30.4309,-0.146204,-0.0249688,0.64079,2.06391,-4.3232,118.73
4.88146,3.2357,82.8565,-0.746581,-3.61821,29.2102,-0.0878719,-0.0141477,0.495492,2.21347,-4.0257,119.024
5.49655,4.39658,87.8405,-2.35729,-3.35053,25.8922,-0.0609812,-0.00947108,0.406686,3.10079,-3.00791,115.365
5.51102,4.43495,87.8711,-2.91681,-3.28582,23.9051,-0.0421427,-0.00639859,0.349449,3.33672,-2.8946,115.706
5.6434,5.28074,92.6059,-5.02001,-3.31176,19.1248,-0.0312481,-0.00486011,0.311591,3.75576,-2.49458,117.431
5.79998,5.29423,92.4586,-5.17901,-3.13474,16.6178,-0.0235069,-0.00383151,0.284454,4.14094,-2.44456,117.552
5.56412,5.4143,97.3413,-6.47531,-3.01481,12.9641,-0.0186696,-0.00353184,0.267679,4.64738,-1.84198,122.363
5.85019,5.36222,96.8763,-4.76036,-2.23585,9.67995,-0.0152974,-0.00322871,0.25427,5.18338,-1.7291,121.883
5.50534,4.56127,101.937,-4.13197,-1.6795,7.18631,-0.013393,-0.00360524,0.248523,4.76405,-0.270957,123.764
5.70516,4.55485,101.875,-1.9275,-0.774698,3.87036,-0.0121185,-0.00367282,0.243648,5.21324,-0.0674569,123.184
5.90999,3.25283,102.965,-1.34095,-0.497794,2.65632,-0.0116712,-0.00471915,0.247327,3.43946,1.00822,122.841
6.1857,3.28342,102.62,-0.698006,-0.252093,1.6594,-0.0116642,-0.00511614,0.250216,3.93982,1.12935,122.504
6.28618,2.05232,98.3022,-0.474696,-0.166992,1.22555,-0.0120944,-0.00687333,0.263854,2.31926,0.916084,122.451
6.48956,2.15814,98.3058,-0.303268,-0.103897,0.92579,-0.0131488,-0.00786313,0.277864,2.84263,0.936074,122.216
6.15072,1.43643,91.8396,-0.223903,-0.0757572,0.766484,-0.0147792,-0.0112551,0.309691,1.78281,-0.256314,121.442
6.26868,1.61061,92.2213,-0.166449,-0.0545202,0.653,-0.0178641,-0.0138573,0.346531,2.32971,-0.347687,121.448
5.43978,1.50245,85.4023,-0.138595,-0.0438682,0.59993,-0.022332,-0.0222876,0.422843,1.38893,-1.65896,118.521
5.51384,1.72382,86.2787,-0.118615,-0.0355503,0.557325,-0.0321853,-0.0317842,0.52479,1.96518,-1.91769,119.134
4.67205,2.16437,83.2375,-0.113574,-0.0299778,0.573393,-0.0468766,-0.0601778,0.731037,0.625795,-2.87763,120.586
4.76205,2.32217,84.1481,-0.119666,-0.0284227,0.601384,-0.094446,-0.125678,1.11908,1.25957,-3.16775,121.318
5.02872,3.9846,85.3471,-0.155512,-0.0252731,0.746461,-0.258381,-0.557358,2.57936,0.0300006,-3.48265,121.425
5.21455,4.09158,85.5454,-0.252611,-0.0330449,1.00342,-6.6404,-7.88198,19.0569,0.652164,-3.49356,122.201
5.49554,6.17861,85.9745,-0.84819,-0.0190808,2.22561,-15.4796,-6.72291,46.5286,-0.350899,-3.07423,114.948
5.73401,6.0589,85.2598,-16.6743,-1.71479,23.6772,-10.4195,-2.4093,47.1063,0.126232,-2.69206,114.329
4.82528,7.82061,76.8961,-25.9288,-8.3248,51.046,-8.41669,-1.70545,57.6224,-0.932495,-0.947593,91.1461
5.12324,7.36333,73.9837,-10.1673,-9.3119,55.0811,-9.88614,-2.04537,63.5934,-0.547409,-0.481958,89.4368
3.16992,6.97003,55.4334,-1.69637,-2.83352,58.3231,-5.17099,-1.08631,76.3826,-3.41516,-0.706129,47.2193
3.28029,6.68416,50.643,-1.99608,-3.35699,62.5857,-4.87177,-1.07227,77.308,-2.74063,-0.543267,45.97
1.85769,6.19691,40.723,2.34686,2.26469,67.7407,1.50968,1.61938,98.2075,-5.3024,-2.16338,10.9126
1.56252,6.23277,38.3755,2.11496,2.09137,69.1248,1.76222,1.69039,98.3983,-2.03131,-0.782087,5.12746
0.324216,5.96797,37.8845,3.19094,4.3214,70.5973,6.22559,4.87286,104.967,-1.12958,-0.486491,2.67605
-0.249575,5.70612,37.3267,2.86483,3.99749,71.6836,6.50391,4.65348,104.957,-0.487698,-0.218314,1.51906
-1.20704,4.80173,37.5792,1.75567,2.18186,74.9165,7.44657,7.14285,105.609,-0.299187,-0.134305,1.05595
-1.7887,4.4293,36.5363,1.55637,1.91112,75.679,7.65624,7.07282,105.974,-0.186795,-0.0833691,0.807672
-4.25013,2.17462,28.4446,0.73963,-0.768342,81.1992,7.45661,7.95096,107.126,-0.137754,-0.060268,0.669567
-4.78487,1.80111,25.3358,0.68339,-1.00322,81.9686,7.65286,7.92787,107.727,-0.102561,-0.0436901,0.578623
-7.68813,-1.5728,14.927,0.758332,-3.05304,89.904,6.98264,7.29445,111.225,-0.0846758,-0.0355117,0.523594
-5.49302,-1.02448,10.6571,0.820303,-2.94383,90.4812,7.24766,7.41571,111.748,-0.0702212,-0.0285056,0.481587
-5.36478,-1.7178,8.66615,1.39524,-3.72396,99.3825,5.85841,6.03571,115.474,-0.0630114,-0.0250352,0.460861
-2.2065,-0.716932,4.16764,1.4835,-3.46442,100.093,6.17644,6.19892,115.657,-0.057073,-0.0217738,0.442045
-1.78007,-0.619894,3.24441,1.9927,-2.93633,107.008,3.97956,4.51696,119.909,-0.0544309,-0.0194802,0.4422
-0.972485,-0.34689,2.06054,2.2904,-2.6356,107.158,4.41647,4.71918,119.895,-0.0530288,-0.0179458,0.442838
-0.773632,-0.279194,1.68877,2.73092,-1.24981,106.952,2.1711,3.52129,123.48,-0.0548795,-0.0152484,0.470633
-0.553877,-0.205119,1.34854,3.11351,-1.09262,107.124,2.66036,3.82,123.267,-0.0593642,-0.0149445,0.500571
-0.478965,-0.175865,1.20496,3.57224,-0.0561049,103.279,0.567294,2.96722,124.17,-0.0702827,-0.0118145,0.57537
-0.389492,-0.143851,1.05888,3.97686,0.0166343,103.52,1.06691,3.3506,124.113,-0.0888459,-0.0124851,0.66692
-0.35794,-0.129595,1.01486,4.21129,0.162109,98.8671,-0.736314,2.78908,122.949,-0.132568,-0.00436755,0.875587
-0.331197,-0.118958,0.971987,4.6332,0.145836,99.1442,-0.244085,3.2291,123.262,-0.236502,-0.000916607,1.22772
-0.345703,-0.123411,1.04996,4.90943,-0.4649,94.1062,-1.14612,3.47417,120.389,-0.660233,0.0631424,2.33917
-0.430621,-0.151076,1.22375,5.31782,-0.523878,94.4529,-0.630221,3.82982,120.977,-5.58158,0.142489,10.0441
-0.830984,-0.293865,2.02246,5.88979,-1.43482,86.9333,-0.473447,4.19305,109.527,-17.3045,-4.14536,33.2729
-5.0351,-1.65458,8.00548,6.23196,-1.58574,88.0105,-0.0600356,4.48496,110.97,-7.07556,-5.45155,27.7091
-24.9172,-7.48023,36.633,5.82865,-2.49777,75.2737,-1.44668,3.74296,82.5766,-3.44118,-6.49708,41.8299
-18.4099,-2.86709,43.3055,6.02187,-2.42079,75.7157,-1.05094,3.61162,82.7559,-5.58713,-8.39279,53.9236
-5.34057,2.41493,57.9635,4.44624,-3.70607,55.3839,-5.3575,0.977385,35.1061,-4.34256,-9.67303,84.8379
-2.9249,3.19641,56.2217,4.86507,-3.26318,52.1108,-4.70307,1.40266,33.9904,-4.29703,-9.65015,87.1492
3.21025,3.01839,66.198,2.98016,-4.51982,38.8018,-4.29325,-0.901563,7.84711,-1.78861,-8.7412,121.672
3.05227,2.94676,67.612,3.08121,-4.45784,36.7156,-1.35223,-0.247091,3.24418,-1.23397,-8.13475,121.168
6.40593,2.81279,76.1934,1.99949,-4.27332,34.5336,-0.690334,-0.145686,1.68492,3.04904,-5.60497,127.336
6.18447,2.79389,76.6574,1.22778,-4.10006,32.1662,-0.318525,-0.0629466,1.02479,3.24694,-5.0948,127.313
-0.63126,4.45119,28.9715,2.39104,3.46411,71.1498,5.6251,4.31079,110.318,-1.19446,-0.493978,2.5397
-1.18705,4.5041,39.6869,2.62231,2.20973,73.6791,9.10245,7.63254,106.135,-0.588,-0.243476,1.50039
-1.56573,3.92248,37.0105,2.42031,1.79964,75.2658,9.14523,7.56792,107.66,-0.327464,-0.134848,1.04573
-4.21923,1.71614,26.5306,1.92809,-0.886748,80.9472,9.12448,8.40253,108.453,-0.22617,-0.0918879,0.829192
-4.82926,1.3094,22.4659,2.03006,-1.12002,81.7564,9.52539,8.44726,108.861,-0.161436,-0.0644624,0.691603
-7.46912,-1.57593,13.9741,2.67241,-2.9753,89.6155,9.219,7.92194,112.152,-0.12905,-0.0513092,0.611123
-5.12844,-1.02077,9.60055,2.92681,-2.77639,90.0453,9.6995,8.11523,112.5,-0.103953,-0.0404974,0.549546
-5.41954,-1.63793,8.52784,4.15595,-3.29863,98.6109,8.7137,6.9273,116.653,-0.0912727,-0.0350259,0.517596
-2.32592,-0.704786,4.17845,4.47069,-2.92641,99.064,9.2534,7.1743,116.652,-0.080706,-0.029985,0.488249
-1.99177,-0.638597,3.43036,5.60276,-2.44665,105.921,7.48637,5.67142,120,-0.0762184,-0.026886,0.482279
-1.10794,-0.358521,2.16704,6.06708,-2.09328,106.071,8.10941,5.93568,119.888,-0.073015,-0.0247207,0.476277
-0.902874,-0.292619,1.80188,6.72919,-0.738626,105.781,6.17778,4.82702,122.909,-0.076079,-0.0222296,0.501088
-0.652209,-0.213975,1.42794,7.28056,-0.533034,105.935,6.84111,5.18237,122.656,-0.0815292,-0.0223083,0.526499
-0.565934,-0.182513,1.27418,7.74753,0.576326,101.984,4.86618,4.3833,123.466,-0.098707,-0.0210366,0.600077
-0.457629,-0.146826,1.1052,8.3287,0.68434,102.274,5.55567,4.83119,123.382,-0.124167,-0.0241669,0.687546
-0.417584,-0.130309,1.04841,8.43731,0.938786,97.3472,3.94351,4.27927,122.073,-0.193235,-0.0259134,0.897781
-0.386731,-0.118925,1.0003,9.03017,0.958583,97.701,4.65526,4.76853,122.34,-0.359766,-0.0427667,1.28705
-0.41444,-0.125474,1.08246,9.14931,0.294276,92.6335,3.88577,5.11653,119.472,-1.22304,-0.0933376,2.79284
-0.505271,-0.1504,1.23895,9.77668,0.246315,93.1433,4.6959,5.47697,120.04,-11.4014,-1.7715,16.4854
-0.947867,-0.282013,1.98984,9.94529,-0.631424,86.1983,4.5481,5.80541,109.066,-20.6223,-5.94192,30.8586
-4.46112,-1.25343,6.78429,10.5703,-0.739532,87.2827,5.26616,6.2722,110.629,-12.2454,-5.72836,23.8693
-23.9017,-6.26557,32.6352,9.45992,-1.86162,74.3244,2.5843,5.01297,81.9222,-12.8793,-9.81871,45.6944
-24.4562,-5.50026,35.0602,9.95687,-1.94169,75.0199,3.2496,4.8433,82.0331,-13.0438,-11.9864,60.7651
-19.7315,-2.3029,55.9703,7.05939,-3.21581,54.0655,-3.90443,1.55559,33.9698,-12.3752,-13.0099,87.6029
-12.4268,1.61553,69.1197,7.40194,-2.36519,50.4618,-3.02377,2.22956,33.0524,-11.7332,-12.5504,88.704
-2.18802,1.66756,66.3643,4.85577,-4.12131,37.9982,-5.08118,-1.04744,8.86626,-11.9765,-12.679,123.385
-1.64296,1.74509,65.9145,4.96614,-4.18142,35.7893,-1.50223,-0.262549,3.45275,-11.0904,-11.9846,122.762
1.14312,1.44739,74.3792,3.9462,-4.00953,33.43,-0.802244,-0.168759,1.8358,-7.11789,-9.62366,129.226
1.0246,1.45819,74.978,3.54942,-4.03905,32.7763,-0.34531,-0.0683012,1.06477,-6.51329,-8.89383,128.584
2.17898,2.26566,82.6615,1.80253,-2.98459,29.5586,-0.21337,-0.0419029,0.745676,-3.31744,-6.30764,121.26
2.22348,2.32128,82.8569,1.30437,-2.92488,28.5898,-0.128653,-0.0241983,0.563848,-2.85486,-5.9502,121.29
2.74508,3.40474,87.8871,-0.632076,-2.6594,25.2424,-0.0884506,-0.0162128,0.456407,-1.61012,-4.72832,117.108
2.88073,3.52306,87.9626,-1.49684,-2.5596,22.3546,-0.0608187,-0.0109534,0.386905,-1.18711,-4.55666,117.468
2.8181,4.36014,92.8887,-4.35043,-2.53912,16.2055,-0.0447924,-0.00819618,0.341946,-0.77313,-4.17816,119.312
3.10701,4.43647,92.7796,-4.45675,-2.25717,12.8637,-0.0337085,-0.00637718,0.309591,-0.155085,-4.05136,119.26
2.9078,4.57636,97.4801,-5.64068,-2.33,10.7345,-0.0265868,-0.00555904,0.289511,0.46124,-3.48177,124.013
3.42932,4.55842,96.7538,-4.00762,-1.68053,7.80971,-0.0217507,-0.00493949,0.273264,1.27459,-3.28837,123.381
3.23536,3.68579,101.252,-4.11325,-1.53871,6.87005,-0.0187408,-0.00508048,0.265794,1.04452,-1.83954,124.787
3.63865,3.72039,100.934,-2.08919,-0.780661,3.92349,-0.0168089,-0.00501938,0.259203,1.72848,-1.56726,124.126
4.01496,2.52124,101.896,-1.73702,-0.605147,3.11318,-0.0158243,-0.00597194,0.262191,0.224466,-0.452721,123.462
4.38633,2.58881,101.621,-0.932729,-0.317996,1.92451,-0.0157512,-0.00651261,0.265374,0.863227,-0.273129,123.03
4.64184,1.44918,97.152,-0.645903,-0.215924,1.42626,-0.0163018,-0.00847559,0.280936,-0.694183,-0.433349,122.587
4.92808,1.5871,97.0927,-0.407325,-0.133488,1.04785,-0.0179905,-0.00979756,0.297258,-0.044197,-0.375685,122.329
4.85995,0.974562,90.6468,-0.297538,-0.0968959,0.854258,-0.0205806,-0.0138083,0.333842,-0.942211,-1.48138,121.365
5.03026,1.1818,91.1067,-0.21645,-0.0684985,0.712413,-0.0254216,-0.0168651,0.37342,-0.286166,-1.56884,121.402
4.33127,1.0637,84.5236,-0.175452,-0.0540064,0.643488,-0.0328089,-0.0269365,0.457195,-1.2144,-2.82971,118.534
4.4383,1.29575,85.3783,-0.146593,-0.0428939,0.588194,-0.0487495,-0.0391247,0.569342,-0.57149,-3.07309,119.135
3.72004,1.79525,82.7416,-0.136036,-0.0358753,0.595223,-0.0781378,-0.0753976,0.800498,-1.7951,-3.97362,120.837
3.83428,1.95805,83.5493,-0.142047,-0.033874,0.622697,-0.174188,-0.171102,1.27507,-1.11832,-4.21665,121.559
4.22715,3.75225,84.5478,-0.184389,-0.0325114,0.772005,-0.77405,-0.971032,3.50404,-2.11884,-4.34612,120.904
4.46115,3.83622,84.6732,-0.303668,-0.0448948,1.04548,-14.2601,-10.8839,28.6405,-1.4954,-4.22566,121.529
4.77295,6.02959,85.5542,-1.05456,-0.0665166,2.40494,-14.3526,-5.48536,40.3287,-2.25651,-3.94499,113.821
4.94534,5.94023,84.8341,-17.3322,-2.26682,23.9741,-11.4562,-2.713,49.2857,-1.91394,-3.29687,112.588
4.01654,7.9421,76.8677,-27.2452,-6.8914,43.8208,-9.64645,-1.85797,59.9539,-2.73203,-1.32633,88.3472
4.64047,7.13859,72.7299,-14.8131,-10.6051,60.3757,-10.4051,-2.03721,64.3831,-2.04784,-0.967507,86.9846
2.75011,6.72628,53.3891,-2.9976,-3.82258,62.5569,-5.60496,-1.1067,77.6973,-4.28455,-0.924297,42.8803
2.82038,6.59584,49.034,-1.83633,-3.25997,61.846,-5.36305,-1.11306,78.6367,-3.64111,-0.76366,41.7104
1.62414,6.23271,40.2384,2.46272,2.32341,66.1388,0.716489,1.49598,98.9914,-4.90628,-1.99377,10.1491
1.34546,6.23501,37.8898,2.28626,2.16551,67.3709,0.973603,1.52648,99.3382,-1.78379,-0.698781,4.5424
0.35428,6.09411,38.8129,3.00414,4.38711,68.5206,5.2241,4.60289,106.112,-0.90708,-0.387887,2.29746
-0.223222,5.8157,38.629,2.62693,4.05356,69.7307,5.51118,4.38903,106.022,-0.402139,-0.178134,1.35185
-0.981796,4.98798,39.4367,1.3284,2.13093,72.9037,6.42364,7.01631,106.794,-0.249966,-0.110245,0.957983
-1.52855,4.61712,38.4336,1.10437,1.84288,73.7018,6.63812,6.94421,107.133,-0.159117,-0.0694213,0.746581
-3.8708,2.4678,30.1085,0.270928,-0.863636,79.0487,6.46115,7.7786,107.944,-0.119122,-0.0507233,0.626113
-4.39344,2.12413,27.0571,0.16533,-1.12521,79.9259,6.64213,7.77529,108.523,-0.0902092,-0.0372703,0.545863
-7.5307,-1.33725,15.3398,0.354292,-3.25394,87.7897,6.03079,7.13617,111.596,-0.075522,-0.0307984,0.496053
-5.61946,-0.916045,11.2114,0.366495,-3.21163,88.5094,6.2693,7.23568,112.127,-0.0631374,-0.0250032,0.457766
-5.90816,-1.78465,9.43547,1.23255,-3.92025,97.2996,4.88161,6.01332,117.265,-0.057138,-0.0220461,0.439094
-2.48563,-0.759074,4.57501,1.29056,-3.70797,98.0445,5.20111,6.17145,117.351,-0.0520714,-0.0192211,0.422115
-2.01173,-0.66876,3.5549,1.99375,-3.40754,105.354,3.02583,4.54407,120.675,-0.0502134,-0.0174254,0.422619
-1.05587,-0.358875,2.17193,2.23715,-3.11386,105.521,3.44227,4.74626,120.638,-0.0491203,-0.0161414,0.423329
-0.826516,-0.284034,1.75502,2.83281,-1.7866,105.641,1.16187,3.42888,123.185,-0.0512171,-0.0138369,0.449344
-0.583149,-0.2052,1.38301,3.1508,-1.65754,105.914,1.60027,3.7184,123.013,-0.0552968,-0.0135546,0.477127
-0.50202,-0.174617,1.23044,3.68919,-0.544978,102.473,-0.668276,2.75245,123.523,-0.0656535,-0.0107571,0.547137
-0.407112,-0.142098,1.07777,4.03799,-0.504728,102.775,-0.229574,3.11882,123.506,-0.0823313,-0.0112505,0.632596
-0.376739,-0.128741,1.03692,4.24479,-0.153497,98.1728,-2.11332,2.50138,122.461,-0.122459,-0.00471381,0.825623
-0.352393,-0.119583,0.999729,4.61061,-0.21905,98.5332,-1.68827,2.91077,122.776,-0.213458,-0.0029655,1.14659
-0.380416,-0.127928,1.09944,4.84961,-0.815496,93.4615,-2.61695,3.11835,119.886,-0.566354,0.0454013,2.11135
-0.482781,-0.159411,1.29347,5.20098,-0.96406,94.0393,-2.20174,3.46348,120.571,-4.04531,0.0960561,7.75043
-0.990036,-0.327098,2.22513,5.70834,-1.89193,86.9884,-1.99531,3.81028,109.36,-17.5082,-3.77175,31.2773
-6.52538,-2.0075,9.90066,5.99259,-2.01495,87.9431,-1.63219,4.02484,110.684,-8.91694,-6.08774,29.3827
-25.5649,-7.0843,36.7979,5.51313,-2.92668,75.2526,-2.59674,3.43488,82.2993,-5.1349,-7.33118,43.4403
-21.3678,-3.01759,47.3782,5.69,-2.45017,74.5911,-2.15859,3.49889,82.4488,-6.8819,-8.85876,54.0738
-7.9247,2.17622,61.5856,4.1524,-3.86805,53.6453,-5.52626,1.11439,33.5783,-6.60204,-10.4937,86.5564
-4.37628,2.82456,55.1734,4.57593,-3.72431,51.0738,-4.88911,1.4927,32.9229,-6.625,-10.5085,88.4559
1.34149,2.56953,64.4599,2.73446,-5.06092,38.6011,-3.78093,-0.685818,7.19553,-5.03866,-10.0426,121.291
0.966207,2.45357,66.2536,2.81323,-5.04236,36.5611,-1.12483,-0.171697,2.96323,-4.60362,-9.5034,120.811
3.83585,2.28713,74.9042,1.81128,-4.80037,34.4782,-0.544078,-0.102026,1.49362,-0.690509,-7.21006,126.265
3.61494,2.2595,75.2869,1.34984,-4.81198,33.8233,-0.239388,-0.0418158,0.909987,-0.456852,-6.59557,125.854
4.99292,3.20622,82.735,-0.244423,-3.70901,30.4309,-0.146204,-0.0249688,0.64079,2.06391,-4.3232,118.73
4.88146,3.2357,82.8565,-0.746581,-3.61821,29.2102,-0.0878719,-0.0141477,0.495492,2.21347,-4.0257,119.024
5.49655,4.39658,87.8405,-2.35729,-3.35053,25.8922,-0.0609812,-0.00947108,0.406686,3.10079,-3.00791,115.365
5.51102,4.43495,87.8711,-2.91681,-3.28582,23.9051,-0.0421427,-0.00639859,0.349449,3.33672,-2.8946,115.706
5.6434,5.28074,92.6059,-5.02001,-3.31176,19.1248,-0.0312481,-0.00486011,0.311591,3.75576,-2.49458,117.431
5.79998,5.29423,92.4586,-5.17901,-3.13474,16.6178,-0.0235069,-0.00383151,0.284454,4.14094,-2.44456,117.552
5.56412,5.4143,97.3413,-6.47531,-3.01481,12.9641,-0.0186696,-0.00353184,0.267679,4.64738,-1.84198,122.363
5.85019,5.36222,96.8763,-4.76036,-2.23585,9.67995,-0.0152974,-0.00322871,0.25427,5.18338,-1.7291,121.883
5.50534,4.56127,101.937,-4.13197,-1.6795,7.18631,-0.013393,-0.00360524,0.248523,4.76405,-0.270957,123.764
5.70516,4.55485,101.875,-1.9275,-0.774698,3.87036,-0.0121185,-0.00367282,0.243648,5.21324,-0.0674569,123.184
5.90999,3.25283,102.965,-1.34095,-0.497794,2.65632,-0.0116712,-0.00471915,0.247327,3.43946,1.00822,122.841
6.1857,3.28342,102.62,-0.698006,-0.252093,1.6594,-0.0116642,-0.00511614,0.250216,3.93982,1.12935,122.504
6.28618,2.05232,98.3022,-0.474696,-0.166992,1.22555,-0.0120944,-0.00687333,0.263854,2.31926,0.916084,122.451
6.48956,2.15814,98.3058,-0.303268,-0.103897,0.92579,-0.0131488,-0.00786313,0.277864,2.84263,0.936074,122.216
6.15072,1.43643,91.8396,-0.223903,-0.0757572,0.766484,-0.0147792,-0.0112551,0.309691,1.78281,-0.256314,121.442
6.26868,1.61061,92.2213,-0.166449,-0.0545202,0.653,-0.0178641,-0.0138573,0.346531,2.32971,-0.347687,121.448
5.43978,1.50245,85.4023,-0.138595,-0.0438682,0.59993,-0.022332,-0.0222876,0.422843,1.38893,-1.65896,118.521
5.51384,1.72382,86.2787,-0.118615,-0.0355503,0.557325,-0.0321853,-0.0317842,0.52479,1.96518,-1.91769,119.134
4.67205,2.16437,83.2375,-0.113574,-0.0299778,0.573393,-0.0468766,-0.0601778,0.731037,0.625795,-2.87763,120.586
4.76205,2.32217,84.1481,-0.119666,-0.0284227,0.601384,-0.094446,-0.125678,1.11908,1.25957,-3.16775,121.318
5.02872,3.9846,85.3471,-0.155512,-0.0252731,0.746461,-0.258381,-0.557358,2.57936,0.0300006,-3.48265,121.425
5.21455,4.09158,85.5454,-0.252611,-0.0330449,1.00342,-6.6404,-7.88198,19.0569,0.652164,-3.49356,122.201
5.49554,6.17861,85.9745,-0.84819,-0.0190808,2.22561,-15.4796,-6.72291,46.5286,-0.350899,-3.07423,114.948
5.73401,6.0589,85.2598,-16.6743,-1.71479,23.6772,-10.4195,-2.4093,47.1063,0.126232,-2.69206,114.329
4.82528,7.82061,76.8961,-25.9288,-8.3248,51.046,-8.41669,-1.70545,57.6224,-0.932495,-0.947593,91.1461
5.12324,7.36333,73.9837,-10.1673,-9.3119,55.0811,-9.88614,-2.04537,63.5934,-0.547409,-0.481958,89.4368
3.16992,6.97003,55.4334,-1.69637,-2.83352,58.3231,-5.17099,-1.08631,76.3826,-3.41516,-0.706129,47.2193
3.28029,6.68416,50.643,-1.99608,-3.35699,62.5857,-4.87177,-1.07227,77.308,-2.74063,-0.543267,45.97
1.85769,6.19691,40.723,2.34686,2.26469,67.7407,1.50968,1.61938,98.2075,-5.3024,-2.16338,10.9126
1.56252,6.23277,38.3755,2.11496,2.09137,69.1248,1.76222,1.69039,98.3983,-2.03131,-0.782087,5.12746
0.324216,5.96797,37.8845,3.19094,4.3214,70.5973,6.22559,4.87286,104.967,-1.12958,-0.486491,2.67605
-0.249575,5.70612,37.3267,2.86483,3.99749,71.6836,6.50391,4.65348,104.957,-0.487698,-0.218314,1.51906
-1.20704,4.80173,37.5792,1.75567,2.18186,74.9165,7.44657,7.14285,105.609,-0.299187,-0.134305,1.05595
-1.7887,4.4293,36.5363,1.55637,1.91112,75.679,7.65624,7.07282,105.974,-0.186795,-0.0833691,0.807672
-4.25013,2.17462,28.4446,0.73963,-0.768342,81.1992,7.45661,7.95096,107.126,-0.137754,-0.060268,0.669567
-4.78487,1.80111,25.3358,0.68339,-1.00322,81.9686,7.65286,7.92787,107.727,-0.102561,-0.0436901,0.578623
-7.68813,-1.5728,14.927,0.758332,-3.05304,89.904,6.98264,7.29445,111.225,-0.0846758,-0.0355117,0.523594
-5.49302,-1.02448,10.6571,0.820303,-2.94383,90.4812,7.24766,7.41571,111.748,-0.0702212,-0.0285056,0.481587
-5.36478,-1.7178,8.66615,1.39524,-3.72396,99.3825,5.85841,6.03571,115.474,-0.0630114,-0.0250352,0.460861
-2.2065,-0.716932,4.16764,1.4835,-3.46442,100.093,6.17644,6.19892,115.657,-0.057073,-0.0217738,0.442045
-1.78007,-0.619894,3.24441,1.9927,-2.93633,107.008,3.97956,4.51696,119.909,-0.0544309,-0.0194802,0.4422
-0.972485,-0.34689,2.06054,2.2904,-2.6356,107.158,4.41647,4.71918,119.895,-0.0530288,-0.0179458,0.442838
-0.773632,-0.279194,1.68877,2.73092,-1.24981,106.952,2.1711,3.52129,123.48,-0.0548795,-0.0152484,0.470633
-0.553877,-0.205119,1.34854,3.11351,-1.09262,107.124,2.66036,3.82,123.267,-0.0593642,-0.0149445,0.500571
-0.478965,-0.175865,1.20496,3.57224,-0.0561049,103.279,0.567294,2.96722,124.17,-0.0702827,-0.0118145,0.57537
-0.389492,-0.143851,1.05888,3.97686,0.0166343,103.52,1.06691,3.3506,124.113,-0.0888459,-0.0124851,0.66692
-0.35794,-0.129595,1.01486,4.21129,0.162109,98.8671,-0.736314,2.78908,122.949,-0.132568,-0.00436755,0.875587
-0.331197,-0.118958,0.971987,4.6332,0.145836,99.1442,-0.244085,3.2291,123.262,-0.236502,-0.000916607,1.22772
-0.345703,-0.123411,1.04996,4.90943,-0.4649,94.1062,-1.14612,3.47417,120.389,-0.660233,0.0631424,2.33917
-0.430621,-0.151076,1.22375,5.31782,-0.523878,94.4529,-0.630221,3.82982,120.977,-5.58158,0.142489,10.0441
-0.830984,-0.293865,2.02246,5.88979,-1.43482,86.9333,-0.473447,4.19305,109.527,-17.3045,-4.14536,33.2729
-5.0351,-1.65458,8.00548,6.23196,-1.58574,88.0105,-0.0600356,4.48496,110.97,-7.07556,-5.45155,27.7091
-24.9172,-7.48023,36.633,5.82865,-2.49777,75.2737,-1.44668,3.74296,82.5766,-3.44118,-6.49708,41.8299
-18.4099,-2.86709,43.3055,6.02187,-2.42079,75.7157,-1.05094,3.61162,82.7559,-5.58713,-8.39279,53.9236
-5.34057,2.41493,57.9635,4.44624,-3.70607,55.3839,-5.3575,0.977385,35.1061,-4.34256,-9.67303,84.8379
-2.9249,3.19641,56.2217,4.86507,-3.26318,52.1108,-4.70307,1.40266,33.9904,-4.29703,-9.65015,87.1492
3.21025,3.01839,66.198,2.98016,-4.51982,38.8018,-4.29325,-0.901563,7.84711,-1.78861,-8.7412,121.672
3.05227,2.94676,67.612,3.08121,-4.45784,36.7156,-1.35223,-0.247091,3.24418,-1.23397,-8.13475,121.168
6.40593,2.81279,76.1934,1.99949,-4.27332,34.5336,-0.690334,-0.145686,1.68492,3.04904,-5.60497,127.336
6.18447,2.79389,76.6574,1.22778,-4.10006,32.1662,-0.318525,-0.0629466,1.02479,3.24694,-5.0948,127.313
