5.52491,7.09874,75.8131,-0.145165,-0.141544,0.92972,0.00799193,-0.417656,2.32545,4.31536,-0.290429,125.469
4.94291,9.29874,77.0169,-0.291705,-0.235348,1.56395,1.31903,-3.64232,10.951,3.29817,-0.855338,122.277
5.02145,9.3709,76.9866,-0.525039,-0.394014,2.22833,-2.76957,-8.64777,30.3435,3.62205,-0.421364,122.89
3.0375,10.6831,72.2746,-6.24175,-3.67892,13.9409,-6.30546,-8.59005,57.9146,1.34534,0.118707,104.041
3.41639,10.4763,71.4228,-12.6238,-12.2663,37.5444,-7.42298,-8.02923,62.188,1.46354,0.76127,101.027
1.97346,9.74217,54.0411,-4.72452,-10.0613,61.105,-3.64326,-3.82498,66.96,-0.376931,0.279197,66.4683
2.29807,9.33474,48.4363,-1.59132,-9.49051,65.5092,-2.67394,-2.90143,64.7532,0.360278,1.11408,63.2165
0.647254,7.23471,31.859,1.53305,0.551778,65.9039,2.2688,3.03238,83.4108,-3.54489,-3.5947,11.8356
0.408917,6.89847,28.3823,2.39004,1.94393,62.7351,2.54668,3.42606,82.9421,-3.21406,-3.15996,10.6685
-0.855279,5.51588,23.0041,3.16309,7.94699,62.3066,6.26638,8.93544,97.1082,-1.3766,-1.77741,3.9998
-1.19924,4.96639,21.1847,3.39081,8.18975,61.0683,6.43053,8.63423,97.6968,-1.04418,-1.39558,3.27553
-1.59807,4.26873,21.8104,3.49118,7.79373,61.876,6.51106,12.0969,100.661,-0.51222,-0.684903,1.80103
-1.91085,3.54609,20.3486,3.5377,7.61805,61.7387,6.57034,11.8945,101.571,-0.299357,-0.40158,1.28712
-2.41141,1.42598,16.964,4.04073,4.93847,65.2158,5.62255,13.2475,101.916,-0.19482,-0.256749,0.956438
-2.65161,0.87921,15.9142,4.02489,4.71893,65.5909,5.68848,13.2293,102.839,-0.133884,-0.172601,0.78168
-3.17504,-2.18802,9.73266,5.09393,2.62137,72.5371,5.24772,12.8167,105.096,-0.10349,-0.13186,0.675301
-3.31231,-2.29034,9.69077,5.00299,2.327,73.9079,5.30529,12.8704,106.035,-0.0800714,-0.0996712,0.59842
-3.50174,-3.65886,8.03965,6.22916,1.40528,82.914,5.04991,11.3403,110.094,-0.0694136,-0.0860376,0.564798
-5.03635,-5.25552,10.8441,5.94822,1.29257,84.731,5.0741,11.5196,110.912,-0.0590463,-0.0713394,0.525597
-6.46164,-7.4955,13.4027,6.65973,1.28087,95.0523,4.08134,9.10479,115.725,-0.0563589,-0.0675584,0.528625
-5.97565,-6.91271,12.4729,6.44273,1.23127,96.7394,4.15092,9.30282,116.397,-0.0510984,-0.0603521,0.508653
-5.13338,-6.02489,10.7284,6.1532,1.90694,101.055,2.77668,7.08179,121.5,-0.053135,-0.0593386,0.542265
-2.98888,-3.50796,6.56395,6.21866,1.85356,102.4,2.85519,7.313,122.001,-0.0519196,-0.0560344,0.539996
-2.03084,-2.34285,4.59901,5.67436,3.09546,100.137,1.29211,5.05774,124.062,-0.061213,-0.0597237,0.621138
-1.06501,-1.24436,2.74185,5.87173,3.21849,100.791,1.36521,5.44008,124.546,-0.0653453,-0.0616915,0.649726
-0.857812,-0.981652,2.31492,5.62229,3.77221,96.2297,-0.132581,3.35737,124.337,-0.0931436,-0.0730208,0.828513
-0.571075,-0.66241,1.75517,5.91384,3.98529,96.3572,-0.0379185,3.84966,124.926,-0.114392,-0.0879294,0.941074
-0.590347,-0.682567,1.88262,6.01428,3.75839,91.0469,-1.22021,2.8982,123.476,-0.211551,-0.124404,1.40115
-0.482322,-0.559716,1.66857,6.36506,3.94985,91.0096,-1.09581,3.43281,124.233,-0.356225,-0.209227,1.92394
-0.75469,-0.890884,2.5172,6.95695,3.34132,84.1693,-1.86194,3.64166,117.879,-1.19526,-0.51009,4.34374
-0.90867,-1.05795,2.88172,7.36122,3.46596,84.3983,-1.62621,4.14589,118.875,-5.16273,-3.16745,13.2316
-5.18308,-6.22291,12.7177,7.98406,2.79316,74.1949,-1.83577,3.68659,98.1202,-4.32896,-6.43376,31.3278
-12.0452,-14.1306,27.6593,8.16507,2.93921,74.5347,-1.28493,3.97045,96.4965,-2.39464,-8.0434,40.3215
-10.7197,-9.73946,41.671,7.31631,1.16783,56.4468,-3.42482,0.903915,57.8894,1.24673,-7.29737,55.4403
-7.48587,-3.24155,46.4775,7.03212,2.28039,51.273,-2.8331,1.96683,55.7424,1.83815,-6.70149,55.9998
0.299671,2.96722,52.8459,5.66119,-0.247877,30.8477,-3.36734,-2.64179,8.6058,3.62232,-5.93559,97.4817
1.27598,4.11582,51.412,5.60427,0.0247442,28.0935,-3.22176,-2.44419,8.04293,3.62376,-6.0165,98.6574
5.72413,6.51724,58.7007,4.46226,-0.899927,21.585,-0.923605,-0.851411,2.47406,5.81311,-3.31107,119.139
5.84466,6.58828,58.0308,4.05706,-0.977367,19.7904,-0.570346,-0.498807,1.78186,5.3697,-3.46432,120.995
7.60305,8.25047,65.9516,2.33034,-0.817015,16.3261,-0.272553,-0.243989,1.00323,6.59592,-0.411968,119.06
7.39849,8.1239,66.2035,1.87855,-0.972955,15.1596,-0.157742,-0.137143,0.748263,6.39096,-0.413785,120.543
7.56319,9.54349,72.7732,0.422213,-1.20579,12.3426,-0.0989962,-0.0862095,0.558551,6.57522,1.15326,114.858
7.37888,9.42311,73.3083,0.108432,-1.35983,11.5621,-0.0643339,-0.0559753,0.463833,6.65509,1.33548,115.575
7.05567,10.2091,78.939,-0.806204,-1.84233,9.68137,-0.0449355,-0.0396081,0.395985,6.80619,1.96908,115.787
6.9742,10.1297,79.4489,-0.997405,-1.96037,9.25444,-0.0318596,-0.0285207,0.352436,7.07378,2.21317,116.037
6.61635,10.2821,85.0122,-1.81725,-2.54755,7.50364,-0.0240703,-0.0223276,0.326019,7.31893,2.84993,120.111
6.65426,10.2101,85.3238,-1.96592,-2.72469,7.54256,-0.0184874,-0.0177605,0.304056,7.6403,3.10295,120.102
6.50371,9.5754,91.238,-3.19698,-3.95932,8.00969,-0.0152971,-0.0159698,0.297952,7.48048,4.2447,124.826
6.43967,9.44686,92.2858,-4.66796,-5.80073,10.9341,-0.0131168,-0.0142492,0.286996,7.66036,4.51054,124.516
6.83188,8.24955,96.4991,-4.93709,-5.84181,10.5642,-0.0119719,-0.0148287,0.293925,5.4148,5.04619,124.184
6.85016,8.23251,97.0392,-3.79921,-4.48555,8.32318,-0.0113232,-0.014444,0.290388,5.66668,5.37586,124.073
7.34968,7.08171,95.9102,-1.78268,-2.07614,4.1377,-0.0106513,-0.0167955,0.311142,3.86105,4.60688,124.262
7.42616,7.22234,95.9679,-0.821186,-0.949508,2.24527,-0.011107,-0.0172919,0.315285,4.2251,4.91164,124.21
7.57004,6.21401,89.7564,-0.449646,-0.523653,1.44807,-0.010598,-0.0219609,0.356711,3.48931,3.55801,123.9
7.63646,6.46781,89.7378,-0.270104,-0.312431,1.06244,-0.0124051,-0.0237352,0.374263,3.94745,3.77935,123.997
7.23095,5.89573,82.5792,-0.20105,-0.234332,0.906832,-0.0115408,-0.033734,0.459465,3.78673,2.11484,121.866
7.24953,6.20563,82.6272,-0.145995,-0.168342,0.770514,-0.0160041,-0.0395293,0.50977,4.33851,2.26615,122.299
6.10693,5.79921,76.7919,-0.135371,-0.152901,0.782979,-0.0135778,-0.0640571,0.693433,3.79269,0.653442,121.399
6.13224,6.07931,76.998,-0.114148,-0.12675,0.727039,-0.0238186,-0.0900869,0.858718,4.42817,0.745086,122.245
5.42514,6.96738,75.8955,-0.13911,-0.141675,0.896223,4.38003e-05,-0.179606,1.38863,3.70103,-0.38481,124.352
5.45915,7.1613,76.0484,-0.144825,-0.142498,0.930971,0.00664266,-0.41998,2.33728,4.35539,-0.307637,125.5
4.92417,9.31826,77.0694,-0.289881,-0.237275,1.56354,1.27792,-3.65502,11.0001,3.26989,-0.818868,122.164
5.00495,9.39429,77.0463,-0.518637,-0.396104,2.21953,-2.86338,-8.68625,30.5391,3.58843,-0.382416,122.776
3.00744,10.6569,72.3443,-6.19977,-3.69942,13.892,-6.38087,-8.64878,58.2097,1.34171,0.142391,104.14
3.2166,10.5426,72.2273,-11.5896,-10.9201,32.4799,-7.57503,-8.14603,62.4888,1.34373,0.727817,101.125
1.89308,9.74545,53.906,-4.59391,-10.0417,60.869,-3.58126,-3.82362,66.9567,-0.436193,0.321365,66.4767
2.22886,9.35758,48.3469,-1.46723,-9.46476,65.3425,-2.6083,-2.89237,64.7128,0.294951,1.15513,63.2196
0.677312,7.36767,32.0864,1.55617,0.677793,65.7946,2.28824,3.09372,83.5616,-3.54265,-3.58905,11.7518
0.444053,7.0369,28.6234,2.40052,2.05922,62.6639,2.56904,3.4898,83.0505,-3.21926,-3.15674,10.5958
-0.781234,5.72385,23.4085,3.12918,8.00798,62.2385,6.1891,9.11452,97.0643,-1.35611,-1.75993,3.96181
-1.12171,5.17068,21.5791,3.35675,8.24759,60.9944,6.36206,8.8121,97.6276,-1.02068,-1.37094,3.22873
-1.49365,4.49454,22.2657,3.43012,7.86184,61.9258,6.41283,12.2473,100.73,-0.500259,-0.673483,1.77866
-1.80946,3.7649,20.7727,3.47608,7.69235,61.7572,6.48063,12.0498,101.601,-0.292374,-0.395244,1.27364
-2.32488,1.64508,17.3768,3.93432,5.06106,65.3747,5.53546,13.3621,102.073,-0.190253,-0.253035,0.948004
-2.56903,1.07928,16.2618,3.92654,4.85069,65.6899,5.61241,13.345,102.976,-0.130733,-0.170314,0.775801
-3.11004,-2.08262,9.81997,5.0013,2.74826,72.3207,5.22219,12.9635,105.209,-0.101117,-0.130462,0.670963
-3.23715,-2.19952,9.75038,4.92302,2.44839,73.6796,5.285,13.0163,106.132,-0.0782794,-0.0988264,0.595053
-3.42889,-3.60909,7.95836,6.16099,1.44884,82.6333,5.06713,11.4364,110.089,-0.0679133,-0.0855116,0.561686
-4.5666,-4.72141,9.96994,5.89131,1.37232,84.2988,5.0933,11.6308,110.922,-0.0578162,-0.0709788,0.522951
-5.88458,-6.83384,12.2948,6.72534,1.38409,94.4726,4.11527,9.31273,115.921,-0.0553173,-0.0673877,0.52576
-5.39099,-6.24393,11.3482,6.49832,1.3345,96.1829,4.17487,9.5121,116.557,-0.0503068,-0.0602583,0.505893
-4.61733,-5.42746,9.72799,6.2637,2.15841,100.418,2.75147,7.16777,121.128,-0.0525965,-0.0595375,0.541119
-2.65735,-3.12832,5.9208,6.31621,2.11497,101.766,2.81921,7.41284,121.621,-0.0517014,-0.0563721,0.539138
-1.81396,-2.10563,4.1836,5.86387,3.30172,100.013,1.23817,5.22505,124.088,-0.0611337,-0.06019,0.619969
-0.97619,-1.14766,2.56468,6.04123,3.42783,100.678,1.30299,5.61201,124.531,-0.0653951,-0.0623307,0.649124
-0.787792,-0.907897,2.17429,5.76892,3.99138,96.2461,-0.15983,3.55213,123.956,-0.0929773,-0.074092,0.826733
-0.529962,-0.619374,1.66747,6.05153,4.20044,96.4084,-0.0692054,4.04725,124.531,-0.113914,-0.0892528,0.938582
-0.544197,-0.63473,1.78449,6.12155,3.92685,91.0571,-1.34204,3.02723,123.021,-0.21006,-0.126971,1.39627
-0.446615,-0.523465,1.58979,6.47178,4.11558,91.0441,-1.22367,3.56366,123.77,-0.351334,-0.213126,1.9128
-0.683187,-0.815999,2.36558,7.00493,3.54116,84.054,-1.89409,3.78782,117.366,-1.15175,-0.519564,4.25736
-0.819673,-0.966222,2.69836,7.41323,3.65744,84.3386,-1.66786,4.29176,118.362,-4.94535,-3.14115,12.8477
-4.51773,-5.49157,11.3729,8.09463,2.89657,74.1077,-1.93244,3.71597,97.3113,-4.20437,-6.37554,30.9109
-11.2283,-13.3418,26.0015,8.28084,3.03082,74.4991,-1.38618,3.99873,95.7058,-2.26781,-7.96362,39.9456
-12.0379,-11.4731,44.0162,7.46444,1.08572,58.0139,-3.47689,0.658603,57.7084,1.31935,-7.45063,53.5894
-8.86943,-4.51411,50.1522,7.11636,2.31153,52.8997,-2.90314,1.80635,56.1084,1.87797,-6.83,54.3017
-0.656107,2.28848,55.6354,5.56236,-0.186138,31.5582,-3.25907,-2.58828,8.9056,3.73503,-5.73512,95.8607
0.662323,3.78564,53.218,5.48118,0.113646,28.0844,-3.39213,-2.59644,8.4105,3.69905,-5.91927,97.6365
5.34166,6.27427,59.5041,4.45443,-0.950624,21.5647,-1.05201,-0.985179,2.83494,5.8333,-3.2036,119.836
5.65292,6.46709,58.3335,4.0817,-1.02939,19.6727,-0.653076,-0.584428,1.95314,5.3955,-3.49995,122.187
7.48173,7.98076,65.6112,2.49706,-0.870506,16.5171,-0.304405,-0.277272,1.07226,6.63367,-0.43388,121.13
7.31118,7.87656,65.6188,2.04814,-1.03826,15.3805,-0.170706,-0.150839,0.779461,6.39152,-0.481581,122.694
7.45288,9.24144,71.8171,0.570912,-1.24938,12.6037,-0.103777,-0.0922231,0.577627,6.48296,1.09485,116.164
7.25202,9.11483,72.3969,0.232239,-1.40998,11.8402,-0.0678006,-0.0596847,0.472898,6.58814,1.2773,116.814
6.85909,10.004,77.772,-0.716681,-1.90534,9.87602,-0.0469901,-0.0418473,0.40126,6.64758,1.94167,115.871
6.77003,9.92255,78.279,-0.91222,-2.0256,9.44971,-0.0330161,-0.0298567,0.355204,6.91572,2.18958,116.141
6.35367,10.1882,84.1198,-1.76468,-2.60729,7.64496,-0.0247327,-0.0231414,0.326892,7.23243,2.79493,120.187
6.37463,10.1061,84.4978,-1.91199,-2.79355,7.68481,-0.0188456,-0.0182416,0.303853,7.54995,3.05336,120.151
6.22184,9.5683,90.3966,-2.78023,-3.58377,7.37068,-0.0154081,-0.0161933,0.296876,7.55445,4.19209,125.342
6.15248,9.42298,91.4941,-4.2134,-5.40133,10.2156,-0.0130723,-0.0143358,0.285361,7.73885,4.44963,124.989
6.58403,8.30238,96.005,-4.68998,-5.66445,10.198,-0.0118501,-0.0148404,0.291818,5.69589,5.03201,124.6
6.59035,8.26968,96.6172,-3.7448,-4.52792,8.32495,-0.0111573,-0.0143947,0.287889,5.93735,5.36755,124.45
7.2087,7.10789,95.7827,-1.82934,-2.17417,4.26849,-0.0104575,-0.0166445,0.307867,3.97771,4.64506,124.545
7.2721,7.23519,95.9133,-0.845794,-0.997803,2.31138,-0.0108549,-0.0170803,0.311583,4.32991,4.95663,124.453
7.52582,6.29868,89.6791,-0.460784,-0.546634,1.47808,-0.0103031,-0.021587,0.351796,3.42348,3.58756,123.652
7.58352,6.54859,89.7343,-0.275298,-0.324066,1.07698,-0.0120098,-0.02324,0.368533,3.87794,3.81343,123.728
7.23669,6.01075,82.7236,-0.203663,-0.241081,0.914552,-0.0110627,-0.0327975,0.450536,3.638,2.10701,121.584
7.2461,6.31858,82.8302,-0.147284,-0.172166,0.774472,-0.0152223,-0.0381968,0.498475,4.18055,2.26116,121.99
6.07554,5.81937,76.8881,-0.136205,-0.155633,0.784612,-0.0125711,-0.0615378,0.675031,3.62569,0.598209,121.193
6.09355,6.10134,77.1399,-0.114627,-0.128408,0.727244,-0.0219561,-0.0854978,0.830588,4.25394,0.688736,122.028
5.38936,6.95798,75.9094,-0.139033,-0.143387,0.893198,-0.000716707,-0.164967,1.31702,3.55183,-0.369639,124.312
5.41698,7.15658,76.1217,-0.144119,-0.143687,0.925603,0.00349999,-0.364331,2.14706,4.19558,-0.295585,125.461
4.82156,9.28355,77.203,-0.287112,-0.238701,1.5469,1.14697,-2.72237,8.92385,3.28326,-0.821331,122.551
4.97302,9.37952,77.2917,-0.503626,-0.392633,2.17615,-1.78044,-8.2971,26.2789,3.84069,-0.522295,123.739
3.13373,10.7409,73.1927,-5.80652,-3.53975,13.1037,-6.54953,-9.27363,58.8129,1.62521,0.0853675,106.236
3.32037,10.627,73.0764,-11.4247,-10.7433,31.3296,-8.12727,-8.88929,64.6403,1.56092,0.701149,103.292
2.04869,9.97929,55.2606,-4.82769,-9.89426,59.3827,-4.23321,-4.5068,68.8415,-0.109136,0.352884,69.3414
2.39373,9.57254,49.4165,-1.57765,-9.33083,64.2701,-3.15152,-3.43204,66.2053,0.593579,1.21077,65.6807
0.868606,7.60472,32.8099,1.41999,0.764651,64.6443,1.83605,2.5643,84.0382,-3.57079,-3.60589,12.7796
0.655073,7.28665,29.2923,2.25035,2.11786,61.6541,2.20225,3.06218,83.1344,-3.18556,-3.10155,11.4195
-0.680057,5.79344,23.422,3.08543,8.19402,61.544,6.05555,8.68488,97.4349,-1.40569,-1.85614,4.13359
-1.02247,5.26055,21.603,3.29615,8.39874,60.444,6.27592,8.43185,97.7567,-1.09957,-1.5063,3.45927
-1.45227,4.56715,22.2642,3.33415,8.17294,61.1169,6.46569,11.9592,100.626,-0.52968,-0.726432,1.86337
-1.75607,3.84773,20.8208,3.3746,7.95762,61.0995,6.55174,11.7677,101.394,-0.306308,-0.422256,1.31944
-2.20882,1.84071,17.8276,3.84669,5.20511,64.56,5.5985,13.2675,101.667,-0.197189,-0.266414,0.970503
-2.46205,1.26305,16.7041,3.82932,4.96996,64.9464,5.67763,13.258,102.506,-0.134581,-0.177731,0.788962
-3.05061,-1.938,10.2477,4.80066,2.76016,71.5906,5.13519,13.0315,104.705,-0.103448,-0.134707,0.678572
-3.16164,-2.08713,10.1169,4.73257,2.45485,72.8982,5.20366,13.0851,105.617,-0.0796875,-0.101292,0.599748
-3.42713,-3.64405,8.11796,5.99057,1.4461,81.8692,5.02847,11.6758,109.982,-0.0686593,-0.0867465,0.563246
-4.75144,-4.97288,10.4921,5.72721,1.34674,83.5563,5.05939,11.8613,110.815,-0.0580737,-0.0714888,0.523183
-6.35889,-7.5291,13.3808,6.53707,1.26395,93.9776,4.06516,9.40092,115.674,-0.0552266,-0.0675882,0.52555
-6.11306,-7.22859,12.9213,6.29664,1.20995,95.7109,4.12507,9.6011,116.339,-0.0499146,-0.0602679,0.504842
-5.44075,-6.5367,11.4794,6.02485,1.93561,100.184,2.79877,7.17424,120.941,-0.0519009,-0.0594911,0.53893
-3.3163,-3.98224,7.29509,6.08109,1.86853,101.603,2.87062,7.40388,121.472,-0.0507975,-0.0562891,0.536536
-2.26358,-2.66925,5.10248,5.70391,2.96357,99.9599,1.35873,5.20716,124.041,-0.0596818,-0.0599533,0.615196
-1.15423,-1.37532,2.94208,5.88514,3.06477,100.7,1.42161,5.57769,124.515,-0.0635794,-0.061852,0.643031
-0.90842,-1.06021,2.43189,5.6026,3.72813,96.3902,-0.0572988,3.55021,124.448,-0.0895246,-0.0729357,0.814657
-0.590361,-0.698814,1.80563,5.88011,3.92596,96.6032,0.0240731,4.03365,125.015,-0.108754,-0.0870524,0.921059
-0.612079,-0.719421,1.93774,6.04572,3.70807,91.1146,-1.14003,3.08133,123.254,-0.196134,-0.122079,1.35205
-0.496711,-0.585451,1.70618,6.39579,3.8822,91.1841,-1.03024,3.61039,123.989,-0.319056,-0.19939,1.8225
4.61411,6.2047,73.4323,-0.166269,-0.159279,0.912811,-0.129513,-0.614398,2.4946,4.01694,-1.75595,127.964
3.22792,7.69798,91.8767,-0.34172,-0.283638,1.38325,-2.35878,-8.42487,15.5554,3.98761,-0.486557,119.953
3.9488,8.37275,84.9258,-1.10838,-0.890148,2.88766,-13.1602,-19.2305,47.9744,4.09115,-0.116277,121.336
2.18361,9.85687,79.3436,-11.8,-9.46523,20.9789,-10.6261,-10.8888,63.8059,2.01054,0.295858,103.147
2.40012,9.91305,79.3443,-17.0195,-16.8896,34.37,-9.39824,-8.98006,64.3946,2.04287,0.798216,101.424
0.86737,9.34731,63.3946,-10.9433,-14.5748,54.3445,-6.08906,-5.66982,71.9423,-0.0505879,-0.0050601,68.9959
1.40416,8.97501,58.1178,-3.7411,-12.897,70.936,-5.82823,-5.47138,73.4103,0.522898,0.639285,68.0395
-0.330865,7.15177,43.1462,-0.391305,-1.09934,66.4514,-1.3959,-0.0320994,93.8824,-4.47192,-4.86558,18.3113
-0.502964,7.10866,39.9171,-0.172763,-0.735916,66.8227,-1.1741,0.40923,94.2476,-3.41426,-3.32793,13.2899
-1.77309,5.99058,35.9137,0.112099,4.1461,69.9021,2.80996,6.15527,107.568,-2.39508,-3.13996,6.64043
-2.1464,5.66814,34.7824,0.0439522,3.83909,71.0002,3.29336,6.31396,107.228,-0.723725,-0.981913,2.68146
-2.49196,4.96179,37.0648,-0.0394002,3.0452,73.2921,3.81878,10.186,108.85,-0.401056,-0.548884,1.62769
-2.82513,4.30505,36.6529,-0.0663335,2.69513,74.1878,4.18298,10.3532,108.81,-0.219325,-0.301561,1.1044
-3.53225,1.98306,31.9194,0.407329,-0.214234,78.3576,3.51341,11.913,108.462,-0.152331,-0.20635,0.856254
-3.87692,1.27866,29.2916,0.496712,-0.466054,79.139,3.79734,12.1078,108.81,-0.107677,-0.143208,0.702937
-5.49179,-3.52273,18.0053,1.63356,-2.62643,86.0274,3.55607,11.8723,110.582,-0.0854088,-0.112174,0.612661
-5.05969,-3.20956,14.8179,1.73472,-2.66606,86.8865,3.81655,12.1439,111,-0.0682285,-0.0880576,0.546376
-5.57028,-5.60097,12.3711,3.00215,-3.30232,94.8839,3.75729,10.8996,114.477,-0.0590114,-0.0753837,0.508783
-2.57825,-2.57032,6.35989,3.06925,-3.22081,95.8914,4.02659,11.1823,114.76,-0.0516153,-0.0647037,0.476582
-2.07161,-2.30352,4.93955,3.91723,-2.93552,104.827,3.26725,9.03558,118.914,-0.0480748,-0.0591162,0.464736
-0.841097,-0.951736,2.46275,4.00502,-2.47557,105.071,3.59152,9.48639,118.891,-0.0455137,-0.0544851,0.453924
-0.593654,-0.687373,1.83604,3.89224,-1.2441,107.815,2.44377,7.66732,123.22,-0.046745,-0.0522173,0.467494
-0.3732,-0.440544,1.34499,4.13837,-0.759241,107.842,2.76685,8.22779,123.02,-0.0486507,-0.0527367,0.480905
-0.312079,-0.365425,1.1544,3.8032,1.11408,104.165,1.4102,6.39641,124.444,-0.0573153,-0.0559898,0.530619
-0.254284,-0.295328,0.998637,4.15952,1.72029,103.682,1.71753,7.12792,124.365,-0.0682395,-0.0648273,0.585753
-0.236717,-0.267729,0.933312,4.09837,2.55286,98.8354,0.420961,5.3414,123.623,-0.0976026,-0.0818406,0.71473
-0.214287,-0.238766,0.866577,4.51132,2.85753,99.0252,0.725371,6.04969,123.777,-0.145418,-0.119487,0.894339
-0.210047,-0.228796,0.870435,4.7763,2.66112,94.2334,-0.29628,5.27627,122.018,-0.293813,-0.215851,1.33818
-0.220868,-0.237284,0.89706,5.2246,2.84333,94.7111,0.00119324,5.99498,122.532,-0.816894,-0.605693,2.50761
-0.273026,-0.289542,1.07816,5.9822,2.20873,88.6601,-0.605151,6.19236,116.039,-6.12328,-4.79847,11.8479
-0.442438,-0.459647,1.47067,6.43994,2.30724,89.527,-0.182069,6.77046,117.018,-12.8431,-13.4299,26.8226
-1.49554,-1.5143,3.65666,7.42035,1.37051,80.845,-0.566379,5.92307,97.2646,-10.4931,-15.5112,34.989
-13.1593,-12.9071,24.6258,7.64553,1.57889,81.7451,0.133403,6.07527,96.7615,-6.79576,-17.8625,54.8195
-23.0526,-21.4822,46.3,6.91203,-0.0448977,65.0608,-2.65422,2.22126,60.5531,-2.89218,-15.4535,67.6837
-19.5694,-11.4604,77.4095,6.28961,1.60255,60.403,-2.30037,3.42321,60.4135,-2.48654,-14.0234,67.5609
-5.14023,0.15786,69.0541,5.50865,-1.35653,42.2242,-4.75035,-3.73767,13.3951,-3.19954,-16.0239,109.302
-2.78187,1.92553,61.5936,5.95944,-1.31308,40.2477,-2.55984,-1.79315,7.91147,-2.81208,-15.5406,109.735
0.975314,3.78645,70.4284,5.1799,-2.48056,35.6188,-1.39076,-1.2863,3.59641,-1.04582,-12.7601,127.307
0.882552,3.59908,71.3483,5.01172,-2.65964,34.646,-0.453196,-0.409453,1.62748,-0.875698,-11.8451,126.554
2.34006,5.14417,79.5485,3.28319,-2.563,32.1252,-0.250746,-0.229867,1.0045,0.934817,-7.70597,122.488
2.23828,5.10824,79.8971,2.80959,-2.76645,31.1897,-0.134252,-0.120849,0.697425,0.980737,-7.18979,122.556
2.28485,6.61614,86.1409,0.854927,-3.12849,27.1826,-0.0890249,-0.0795556,0.535902,1.5962,-4.98282,116.247
2.22791,6.68093,86.4094,0.175794,-3.34713,24.5516,-0.0584147,-0.0517496,0.437572,1.71937,-4.68378,116.654
1.87964,7.63393,91.4738,-1.55737,-4.23461,20.2431,-0.0418644,-0.0371089,0.375417,1.88901,-4.02925,116.938
2.03481,7.79017,91.3248,-1.96795,-4.38586,18.0667,-0.0303044,-0.0270805,0.332854,2.2206,-3.71671,117.162
1.78011,8.15631,95.9708,-3.59429,-5.5147,14.5288,-0.0229818,-0.0211219,0.305612,2.38919,-3.17824,121.106
2.10657,8.34248,95.446,-3.20127,-4.94607,12.3455,-0.0179292,-0.0170035,0.285114,2.86908,-2.73661,120.809
2.06157,7.92776,100.356,-3.69261,-4.93833,10.0121,-0.0145324,-0.0148542,0.274552,2.66261,-1.64339,125.11
2.13411,8.07309,100.665,-1.79231,-2.36274,5.4294,-0.0124646,-0.0133451,0.265377,2.96685,-1.1415,124.329
2.69288,7.11958,103.813,-1.32575,-1.62475,3.68275,-0.0109124,-0.0131854,0.26467,0.881942,-0.401618,123.41
2.99542,7.34082,103.394,-0.624646,-0.753585,2.09063,-0.0101909,-0.0130631,0.263905,1.27407,0.07458,123.041
4.00105,6.45031,100.797,-0.440485,-0.520321,1.51,-0.00933475,-0.014428,0.274503,-0.290955,-0.575115,122.921
4.34976,6.76304,100.042,-0.271771,-0.318204,1.09139,-0.00964954,-0.0156151,0.28433,0.250711,-0.146761,122.704
4.79034,5.87022,93.7121,-0.200947,-0.23528,0.88083,-0.00930509,-0.0189125,0.310379,-0.350133,-1.37256,122.063
4.85364,6.15319,94.0075,-0.145742,-0.168596,0.728454,-0.0107645,-0.0220924,0.337038,0.177549,-1.06717,121.987
4.60318,5.58818,87.551,-0.118398,-0.136155,0.647651,-0.0107639,-0.029959,0.395329,0.163151,-2.54047,119.622
4.55836,5.8805,88.3124,-0.0977782,-0.110093,0.583189,-0.0146238,-0.0398696,0.466125,0.735933,-2.36306,120.005
3.49996,5.44348,83.4457,-0.0889933,-0.0965952,0.569246,-0.0157302,-0.0640355,0.611669,0.248865,-3.89057,118.97
3.46989,5.70956,84.4335,-0.0869066,-0.0905712,0.564771,-0.02765,-0.111936,0.843591,0.898881,-3.78835,119.747
2.73828,6.58514,84.2011,-0.100678,-0.0952782,0.640944,-0.0299973,-0.271193,1.4339,0.119301,-4.95396,121.602
2.76863,6.81454,84.8681,-0.134304,-0.121426,0.758414,-0.152948,-1.37156,3.78415,0.777301,-4.78126,122.413
2.26672,9.00531,85.9711,-0.267488,-0.206328,1.1678,-4.60567,-16.3209,29.2195,-0.348761,-4.85893,118.444
2.32819,9.07811,86.3154,-1.02455,-0.76261,2.73229,-10.2945,-12.7514,42.311,-0.0141361,-4.50332,118.922
0.851003,10.3491,80.9836,-17.7811,-14.5181,31.5946,-7.20063,-7.5935,52.8714,-1.14443,-3.43534,101.348
0.909973,10.3688,81.2421,-15.9048,-19.1611,40.6837,-8.33228,-8.29856,60.0997,-1.41124,-2.94841,99.6553
-0.216633,9.69424,64.5488,-4.61205,-11.3057,58.1607,-5.5878,-5.81914,69.0624,-2.36674,-2.27935,67.2233
0.195337,9.43692,59.8228,-1.43916,-9.27213,63.4509,-5.4628,-5.82737,70.5991,-1.87393,-1.80668,66.6187
-0.918851,7.65435,44.8559,0.385598,0.0377304,65.6468,-1.5351,-1.06581,91.5483,-4.23477,-4.87444,18.219
-1.00822,7.6013,41.6165,0.369724,0.00518605,67.1103,-1.45666,-0.717315,92.1498,-3.22389,-3.34439,13.318
-2.14191,6.5497,37.7419,0.536379,4.86909,70.0918,1.99399,4.6124,105.817,-1.71673,-2.38492,5.38943
-2.48866,6.20599,36.602,0.425215,4.55339,71.1162,2.37305,4.67296,105.667,-0.534425,-0.770874,2.32543
-2.90957,5.47758,38.9046,0.25768,3.74604,73.5245,2.71624,8.34636,107.696,-0.286534,-0.417445,1.4029
-3.22014,4.80101,38.445,0.182996,3.38774,74.3545,2.98709,8.42637,107.779,-0.156901,-0.230354,0.974318
-3.75644,2.51813,33.9684,0.542562,0.526627,78.6175,2.22999,9.8727,107.706,-0.108228,-0.156412,0.759983
-3.98574,1.84411,31.6795,0.575367,0.285317,79.2897,2.41952,9.98459,108.161,-0.0762738,-0.10811,0.63008
-5.29194,-3.20534,19.4778,1.65322,-1.89842,85.8786,2.10576,9.64176,110.01,-0.0605131,-0.0845252,0.552001
-4.95918,-3.02091,16.5446,1.69702,-1.96903,86.704,2.27332,9.82703,110.503,-0.0483742,-0.066228,0.495687
-5.40011,-5.78554,12.7153,2.90055,-2.74126,94.7145,2.10004,8.33631,113.932,-0.042084,-0.0568219,0.463681
-2.60912,-2.7891,6.83336,2.89646,-2.66591,95.6117,2.27789,8.55483,114.304,-0.0370119,-0.0487569,0.436856
-2.13829,-2.57649,5.35049,3.75811,-2.40991,104.465,1.36436,6.28011,118.659,-0.0348591,-0.0446704,0.427836
-0.853993,-1.06057,2.65103,3.76753,-2.05773,104.834,1.59436,6.62923,118.684,-0.0333066,-0.0411767,0.42008
-0.611244,-0.775351,1.98338,3.62963,-0.773142,107.572,0.238403,4.45368,122.486,-0.0346642,-0.0391878,0.43524
-0.381627,-0.495614,1.44462,3.8101,-0.366766,107.617,0.465062,4.91982,122.377,-0.0364877,-0.0395576,0.450951
-0.320068,-0.410724,1.23579,3.52048,1.3507,104.509,-1.02349,2.9884,124.161,-0.0431749,-0.0410097,0.499556
-0.2561,-0.32661,1.05776,3.79625,1.83423,104.176,-0.80913,3.60306,124.063,-0.0514549,-0.046792,0.55412
-0.235428,-0.2921,0.981018,3.68057,2.59438,99.4931,-2.13487,1.75971,122.87,-0.0728531,-0.0557931,0.676633
-0.209482,-0.256461,0.903263,4.00652,2.82143,99.7207,-1.94668,2.34645,123.059,-0.107684,-0.0789806,0.846686
-0.203228,-0.244228,0.906546,4.21456,2.52867,94.8618,-3.11808,1.44811,121.21,-0.211976,-0.128363,1.25222
-0.213251,-0.253336,0.935835,4.57027,2.64595,95.3338,-2.95716,2.02916,121.758,-0.565171,-0.336649,2.22432
-0.264956,-0.314033,1.14178,5.26519,2.0034,89.1418,-3.43667,2.37655,115.267,-3.99629,-2.40106,8.66767
-0.450198,-0.523814,1.60866,5.61655,2.03681,89.996,-3.12528,2.75322,116.213,-12.0229,-11.8206,27.6863
-1.81946,-2.09418,4.64357,6.61851,0.987324,81.1998,-3.05224,2.35626,95.9545,-6.1694,-12.7199,40.095
-14.2897,-15.7546,28.698,6.62903,1.2671,81.8985,-2.67485,2.58558,95.6996,-3.25877,-12.9502,50.3719
-17.9139,-17.7962,44.1784,6.23256,-0.792053,67.1444,-4.34334,-0.335348,59.8747,-0.774202,-12.3447,62.8682
-14.9498,-7.56409,72.2426,5.55513,0.803704,62.6523,-4.09698,0.681252,60.5058,-0.963322,-12.2196,65.6691
-3.02288,1.62112,63.8577,4.89579,-1.93883,43.1803,-4.79458,-3.58095,14.0681,-0.994632,-13.2248,108.479
-1.87056,2.53926,60.6645,5.20106,-1.73336,40.2931,-2.76181,-1.79711,8.70811,-0.729543,-12.9043,109.361
1.84984,4.21757,69.8129,4.62621,-2.99341,35.4658,-1.2002,-1.0761,3.31939,1.20392,-9.88512,128.726
1.75486,3.99851,70.7181,4.47804,-3.17152,34.3529,-0.392574,-0.344434,1.52027,1.31904,-9.10907,128.098
3.25224,5.3377,78.6379,2.93556,-3.07912,32.1945,-0.20586,-0.182823,0.914602,3.01399,-5.06,124.496
3.08683,5.23273,78.9894,2.47383,-3.31067,31.4584,-0.108978,-0.0947132,0.63975,2.99572,-4.57029,124.412
3.0814,6.62361,85.1257,0.632987,-3.5982,27.7901,-0.0718998,-0.0618224,0.492824,3.42179,-2.44101,116.972
2.95311,6.61666,85.5022,0.0518382,-3.80435,25.6733,-0.0473247,-0.0402108,0.403763,3.50625,-2.18752,117.312
2.54138,7.63409,90.345,-1.52994,-4.66713,21.6755,-0.0338231,-0.0286713,0.346901,3.56285,-1.53342,116.479
2.64036,7.73625,90.2021,-1.87917,-4.82231,19.8313,-0.0243667,-0.0207844,0.308418,3.83135,-1.29168,116.782
2.29907,8.18121,95.1504,-3.53927,-5.95789,15.9216,-0.01841,-0.0161921,0.283757,4.06395,-0.785241,120.781
2.55498,8.31428,94.6852,-3.22458,-5.49776,14.0205,-0.014268,-0.0129736,0.26541,4.47269,-0.413262,120.499
2.5027,7.97355,99.5891,-3.99223,-5.72053,11.4524,-0.0114923,-0.0114129,0.256047,4.43149,0.684867,125.31
2.50885,8.06183,100.002,-2.10962,-2.99662,6.62825,-0.00978522,-0.0102429,0.248093,4.68351,1.1073,124.496
3.04502,7.15568,103.557,-1.59046,-2.06663,4.45098,-0.0085612,-0.0103357,0.247859,2.74808,1.82519,123.592
3.26339,7.32589,103.307,-0.708495,-0.906115,2.39378,-0.00798993,-0.0102903,0.247667,3.07326,2.24395,123.208
4.2992,6.40066,101.153,-0.482106,-0.598114,1.66605,-0.00728629,-0.0116126,0.257636,1.31419,1.59411,123.068
4.60528,6.68155,100.483,-0.285071,-0.349283,1.16505,-0.00747844,-0.012543,0.26698,1.81025,1.98409,122.84
5.11709,5.85779,94.0818,-0.20553,-0.251037,0.921767,-0.00706309,-0.0153498,0.290933,1.03795,0.710366,121.784
5.16568,6.12249,94.4198,-0.145801,-0.175655,0.751483,-0.00805669,-0.0177396,0.315522,1.53933,0.978988,121.741
4.93643,5.5896,88.0723,-0.116755,-0.13944,0.662002,-0.00755916,-0.0239137,0.368002,1.41467,-0.607827,119.441
4.8829,5.87043,88.8669,-0.0952387,-0.111142,0.592146,-0.00990999,-0.0310082,0.431098,1.97265,-0.4469,119.837
3.78167,5.34249,83.8519,-0.0862213,-0.0965449,0.575861,-0.00867243,-0.048234,0.558594,1.47441,-2.05871,118.96
3.75024,5.60596,84.8687,-0.0837146,-0.0896943,0.569513,-0.0136608,-0.079836,0.755356,2.12831,-1.9578,119.741
3.03076,6.4471,84.4961,-0.0965368,-0.0934278,0.645218,0.000155681,-0.171353,1.21738,1.41853,-3.02829,121.811
3.06101,6.68115,85.2334,-0.127999,-0.11812,0.76137,0.0228441,-0.639859,2.63428,2.09827,-2.85523,122.627
2.4814,8.85778,86.518,-0.253179,-0.196805,1.16954,-0.59972,-9.90422,19.665,1.19142,-3.07855,119.209
2.65854,8.96457,86.884,-0.953864,-0.712091,2.68241,-9.43966,-12.5595,39.894,1.6869,-2.71961,120.017
1.3187,10.3624,82.1582,-16.9724,-13.8427,30.735,-6.84414,-7.10937,50.6133,0.422358,-1.89288,103.535
1.42806,10.3708,82.2037,-14.6187,-18.8467,42.4786,-8.06138,-7.80261,59.0806,0.111873,-1.34407,101.783
0.213682,9.89585,66.0285,-3.29404,-9.67082,57.5163,-5.53147,-5.40001,68.491,-1.18598,-1.15094,69.8698
0.59311,9.65894,61.1456,-1.01143,-8.00268,61.646,-5.44142,-5.4378,70.3494,-0.699817,-0.610859,68.797
-0.525014,7.89407,45.7226,0.596512,0.785183,65.0405,-1.47434,-0.54557,90.7397,-4.02553,-4.62909,19.1706
-0.608078,7.8617,42.4839,0.564035,0.736753,66.6464,-1.38372,-0.171375,91.3201,-3.20017,-3.2905,14.4365
-1.8579,6.6482,37.9279,0.873617,5.80933,69.756,2.27387,5.22536,105.488,-1.9583,-2.74869,5.99783
-2.20807,6.347,36.7644,0.771983,5.5292,70.8332,2.66913,5.32652,105.302,-0.59182,-0.860229,2.49542
-2.67041,5.62136,39.1789,0.606459,4.9768,72.9261,3.15279,9.12729,107.173,-0.320613,-0.469348,1.4966
-2.97878,4.97635,38.8734,0.536718,4.62907,73.8859,3.44843,9.2445,107.227,-0.174061,-0.256353,1.02657
-3.464,2.8191,34.8997,0.953516,1.73663,78.0739,2.69763,10.9007,107.003,-0.12053,-0.173918,0.797712
-3.72938,2.09287,32.4091,0.998343,1.4867,78.9014,2.909,11.0471,107.454,-0.085121,-0.119962,0.659383
-5.0835,-2.92655,20.3554,2.03769,-0.657676,85.5961,2.47616,10.9135,109.334,-0.0677756,-0.0936393,0.577421
-4.88634,-2.88873,17.5279,2.11979,-0.642246,86.3795,2.68316,11.1675,109.846,-0.0543643,-0.0733017,0.518576
-5.51135,-5.96259,13.2581,3.43794,-1.20647,94.4347,2.60499,9.94625,113.719,-0.0473154,-0.0627011,0.485114
-2.85665,-3.06774,7.5228,3.47894,-1.06713,95.3914,2.83143,10.221,114.106,-0.0415799,-0.053679,0.457144
-2.47074,-3.02054,6.12442,4.43264,-0.675245,104.568,1.98411,7.92812,118.347,-0.0390313,-0.0490886,0.448972
-0.962188,-1.20789,2.94468,4.49085,-0.245516,105.002,2.27126,8.34175,118.397,-0.037384,-0.0454158,0.442215
-0.711309,-0.911038,2.24063,4.39307,1.09163,108.019,1.10198,6.22432,122.225,-0.0386985,-0.0431503,0.459789
-0.443449,-0.579911,1.62081,4.61682,1.53587,108.385,1.40446,6.7645,122.079,-0.0406413,-0.043606,0.477723
-0.382252,-0.491781,1.40652,4.44884,3.18111,105.585,0.0789488,4.98145,124.016,-0.047441,-0.0442717,0.531012
-0.31266,-0.398216,1.21866,4.84349,3.86508,105.194,0.387001,5.7858,124.006,-0.0559119,-0.0496853,0.589701
-0.297221,-0.368362,1.15967,4.76677,4.82269,100.446,-0.866042,4.1254,123.402,-0.0767117,-0.0558722,0.719587
-0.270648,-0.333751,1.09458,5.20047,5.26865,100.555,-0.563736,4.89107,123.586,-0.108538,-0.0756054,0.889826
-0.269139,-0.327971,1.13976,5.54118,5.08443,95.4629,-1.5095,4.20184,121.483,-0.190264,-0.105338,1.26244
-0.291806,-0.359471,1.24041,5.97802,5.40953,95.7554,-1.25881,4.95885,122.18,-0.380668,-0.213028,1.92949
4.6588,6.20998,74.1129,-0.163695,-0.157969,0.903439,-0.117888,-0.57175,2.38723,4.13721,-1.8039,128.144
3.32119,7.71942,92.4792,-0.317482,-0.268106,1.32178,-1.45662,-6.27118,12.058,4.16427,-0.545387,120.165
4.03094,8.45205,85.3911,-0.859988,-0.703273,2.42219,-11.6181,-19.2113,44.1988,4.23618,-0.128845,121.556
2.1557,9.98974,80.019,-7.82243,-6.07855,14.1517,-11.1487,-11.853,65.5707,1.99419,0.364745,103.204
2.4843,9.98699,79.6802,-17.5036,-16.4206,33.322,-9.52146,-9.16542,65.0959,2.12257,0.842458,101.502
0.962448,9.37682,63.5439,-14.6827,-16.7183,53.2064,-6.04967,-5.70373,71.9775,0.0543874,-0.0264175,69.1714
1.64219,8.94724,57.9,-5.01075,-15.0746,75.4409,-5.74956,-5.41278,73.391,0.652789,0.676679,68.0386
-0.179762,7.21226,43.031,-0.827083,-1.69543,67.4149,-1.3527,-0.00688108,93.9538,-4.48088,-4.91752,17.5857
-0.37444,7.19927,39.8597,-0.492296,-1.06295,67.0116,-1.11498,0.421327,94.2942,-3.33084,-3.29304,12.5058
-1.64723,6.09474,35.8698,-0.216811,3.80718,70.1037,2.90599,6.12405,107.578,-2.30758,-3.01216,6.40235
-2.02561,5.78253,34.7524,-0.263685,3.45704,71.2434,3.41762,6.23132,107.25,-0.707954,-0.954823,2.62193
-2.35749,5.07991,37.03,-0.350538,2.69945,73.4487,3.95579,10.1138,108.901,-0.392254,-0.534405,1.5974
-2.6661,4.4583,36.9106,-0.368343,2.3897,74.2468,4.34273,10.273,108.856,-0.214898,-0.294242,1.0875
-3.32616,2.23335,32.6748,0.0775965,-0.438828,78.225,3.68399,11.8723,108.514,-0.149036,-0.201257,0.844224
-3.7385,1.53124,29.8986,0.182615,-0.690861,78.9701,3.98407,12.0485,108.879,-0.105236,-0.139673,0.693896
-5.5052,-3.61614,17.2173,1.31687,-3.03223,86.0914,3.75138,11.7319,110.743,-0.0832926,-0.109462,0.605158
-4.83738,-3.30048,13.3443,1.40311,-3.11551,87.038,4.00122,11.9839,111.206,-0.0664353,-0.0859695,0.540012
-5.13449,-5.23574,11.3988,2.56228,-3.64745,94.7924,3.92197,10.8048,114.66,-0.0574074,-0.0735209,0.502967
-2.58158,-2.63174,6.27674,2.58862,-3.3513,95.3829,4.18069,11.2015,114.913,-0.0502253,-0.0629466,0.471324
-2.4729,-2.75914,5.66622,3.37411,-2.95959,103.967,3.42344,9.11905,119.052,-0.046803,-0.0573257,0.459803
-1.18492,-1.33065,3.09712,3.4662,-2.46929,104.091,3.7502,9.58837,119.035,-0.0444075,-0.0526592,0.449514
-0.978233,-1.11509,2.56594,3.36042,-1.3267,106.874,2.62751,7.70456,123.344,-0.0457197,-0.0503295,0.463476
-0.645292,-0.744693,1.8793,3.61029,-0.936641,107.085,2.97036,8.24528,123.039,-0.0477016,-0.0507407,0.47765
-0.557005,-0.639584,1.64884,3.3114,0.690019,104.033,1.65102,6.30233,124.314,-0.056281,-0.0535538,0.528459
-0.431779,-0.496467,1.37725,3.65509,1.01372,104.283,1.96299,6.92894,124.128,-0.0672325,-0.0617725,0.586131
-0.38779,-0.438643,1.26646,3.62866,1.74885,99.7311,0.656508,5.07928,123.375,-0.0972602,-0.0775095,0.721567
-0.329449,-0.370153,1.13401,4.0341,2.00174,100.048,0.944334,5.76695,123.527,-0.148853,-0.11474,0.918036
-0.316685,-0.35026,1.12753,4.32486,1.84527,95.2274,-0.0977043,4.99747,121.776,-0.322965,-0.216332,1.43206
-0.325851,-0.357081,1.15445,4.77282,2.02866,95.6627,0.195682,5.70829,122.284,-1.11069,-0.74806,3.0871
-0.431774,-0.471237,1.46071,5.56718,1.49786,89.4191,-0.358051,5.90137,115.69,-10.2206,-7.93149,18.927
-0.815374,-0.875199,2.27737,6.04119,1.57448,90.2684,0.0474015,6.47657,116.695,-12.2023,-13.6879,28.1257
-5.34289,-5.62204,10.9197,6.91318,0.937161,81.1024,-0.481921,5.85806,96.9865,-6.96664,-12.6242,34.4689
-17.0916,-17.2145,32.3329,7.07493,1.22808,81.7278,0.12254,6.08188,96.6021,-4.57811,-14.5356,51.0675
-18.2891,-16.9886,40.0918,6.64059,-0.637183,65.4536,-2.68615,2.09507,60.5648,-1.9313,-13.7212,65.7338
-16.9089,-9.37982,70.4498,5.9819,1.0543,60.5716,-2.34772,3.25237,60.3128,-1.83657,-13.1191,67.4926
-4.94086,-0.176314,66.5584,5.28548,-1.68502,42.146,-4.76359,-3.69151,13.2845,-2.09446,-14.578,109.256
-3.23506,1.07424,61.6672,5.68466,-1.57512,39.9996,-2.57021,-1.75862,7.84359,-1.7623,-14.0984,109.654
0.413026,2.70825,70.6446,4.94626,-2.69161,35.2538,-1.37281,-1.24787,3.54367,0.178403,-11.0817,127.148
0.290701,2.52542,71.5129,4.78083,-2.86157,34.0821,-0.450673,-0.399966,1.61555,0.2654,-10.1827,126.391
1.71195,3.93661,79.6759,3.0588,-2.70608,31.3186,-0.249543,-0.224848,0.998438,2.0334,-6.08824,122.297
1.61855,3.90884,79.9655,2.6176,-2.89966,30.5089,-0.133858,-0.118311,0.694363,2.05724,-5.55829,122.343
1.72142,5.33244,86.0034,0.819584,-3.20471,27.2906,-0.0887965,-0.0778584,0.53385,2.64297,-3.41264,116.014
1.74206,5.40868,86.0768,0.323469,-3.41601,25.7487,-0.0582902,-0.0505965,0.43614,2.78954,-3.08965,116.395
1.39211,6.2725,91.084,-1.40853,-4.31015,21.6493,-0.0417904,-0.0362428,0.37433,2.97296,-2.43862,116.703
1.49013,6.409,91.097,-2.00103,-4.47568,18.6673,-0.0302811,-0.0264184,0.332012,3.28674,-2.16009,116.983
1.15165,6.66036,95.8969,-3.64388,-5.39646,14.0639,-0.0230043,-0.0205936,0.304925,3.48028,-1.60639,120.978
1.50476,6.83997,95.3439,-3.1583,-4.63756,11.493,-0.0179807,-0.0165684,0.28453,3.97405,-1.18644,120.688
1.5148,6.32506,100.029,-3.5786,-4.66796,9.53396,-0.0146072,-0.014476,0.27402,3.85511,-0.0282506,124.972
1.69967,6.46907,100.09,-2.00568,-2.5855,5.77355,-0.0125402,-0.012991,0.264887,4.22694,0.464779,124.188
2.27922,5.44124,103.097,-1.6685,-2.02294,4.34265,-0.0110068,-0.0128326,0.264206,2.16739,1.18824,123.31
2.56278,5.63851,102.766,-0.82725,-0.989658,2.49533,-0.0102967,-0.0127045,0.26348,2.56566,1.63543,122.928
3.39482,4.69661,100.797,-0.572244,-0.669444,1.77815,-0.00946995,-0.0140451,0.27411,0.907831,0.951695,122.769
3.61851,4.94679,100.533,-0.333498,-0.384702,1.2252,-0.00979733,-0.0152003,0.284009,1.39272,1.33346,122.517
4.05586,4.14649,94.3419,-0.234766,-0.269931,0.95907,-0.00952948,-0.0184416,0.310165,0.769638,0.0704628,121.912
4.13535,4.40498,94.6366,-0.163111,-0.18482,0.773241,-0.0110606,-0.0215631,0.337047,1.32354,0.348437,121.849
3.9416,3.96247,88.1336,-0.12851,-0.144546,0.676687,-0.0113022,-0.0293139,0.39583,1.30689,-1.17615,119.53
3.9242,4.22406,88.8462,-0.103183,-0.113522,0.601545,-0.0155126,-0.0391433,0.467748,1.92504,-1.01844,119.926
2.92612,3.87521,83.9137,-0.0926296,-0.0979574,0.583342,-0.0176394,-0.0633331,0.616657,1.47318,-2.58347,118.932
2.91831,4.10912,84.8412,-0.0890936,-0.0902709,0.575516,-0.0322311,-0.112639,0.859058,2.1716,-2.49168,119.716
2.22657,4.98417,84.5543,-0.103473,-0.0943357,0.653437,-0.0453582,-0.286857,1.50355,1.47269,-3.6564,121.594
2.2667,5.19969,85.1533,-0.137827,-0.11933,0.773989,-0.326372,-1.7992,4.5795,2.15361,-3.47202,122.392
1.80185,7.36613,86.1759,-0.282853,-0.203957,1.20911,-7.82443,-18.705,35.9981,0.936444,-3.51349,118.271
1.85236,7.47941,86.6557,-1.17447,-0.810462,2.9954,-9.99789,-10.3629,40.5095,1.41962,-3.21024,118.903
0.522529,8.85704,81.0994,-19.5872,-15.4393,34.5634,-6.6423,-6.37936,50.2772,0.208276,-2.3522,101.434
0.539204,8.88248,81.3489,-14.2723,-17.7901,40.1704,-8.44858,-7.79989,59.6994,-0.108104,-1.85687,99.7598
-0.498097,8.58912,64.7222,-3.67358,-9.9666,56.3546,-5.80647,-5.39331,69.0395,-1.46066,-1.55911,67.4606
-0.032812,8.41895,60.0132,-1.39025,-8.72387,61.8261,-5.64942,-5.39586,70.584,-0.929806,-1.04734,66.5685
-1.03456,6.98051,44.958,0.226635,0.0596304,65.3849,-1.79549,-0.499114,91.623,-4.19999,-4.60425,16.4598
-1.12664,6.9763,41.7306,0.175046,-0.0452087,66.9683,-1.68609,-0.185925,92.1674,-2.9674,-2.90496,11.3223
-2.26409,5.99495,37.8634,0.322477,4.77612,69.9265,1.82037,5.1658,105.686,-1.63566,-2.1679,5.00698
-2.62281,5.66281,36.7404,0.220151,4.41011,70.9779,2.24374,5.15302,105.526,-0.530077,-0.728684,2.22901
-3.05535,4.85709,38.9962,0.0405888,3.61317,73.3369,2.6035,8.83633,107.569,-0.288791,-0.403428,1.36734
-3.37703,4.21091,38.6209,-0.028787,3.25103,74.1354,2.90196,8.87923,107.662,-0.159764,-0.224884,0.956295
-3.91101,2.07441,34.3423,0.313782,0.428105,78.2734,2.16286,10.3312,107.607,-0.110552,-0.153638,0.749383
-4.21777,1.49789,32.024,0.360542,0.183145,78.9027,2.37618,10.4137,108.081,-0.0781337,-0.106612,0.623006
-5.63736,-3.35037,19.0493,1.44726,-2.13348,85.6295,2.07999,9.99497,110.013,-0.061949,-0.0836162,0.546891
-5.20655,-3.19574,15.4598,1.48979,-2.28912,86.6084,2.24565,10.1283,110.586,-0.0495305,-0.0656972,0.4918
-5.2486,-5.35907,11.9103,2.62665,-3.0556,94.5513,2.05765,8.65426,114.044,-0.043033,-0.0563999,0.460474
-2.63066,-2.68134,6.56178,2.5902,-2.84627,95.1916,2.23146,8.94344,114.403,-0.0378777,-0.0483649,0.434213
-2.27798,-2.58883,5.41121,3.42023,-2.53788,103.805,1.32092,6.71829,118.74,-0.0356557,-0.0442051,0.425538
-1.03164,-1.19043,2.87941,3.42004,-2.14398,104.067,1.55771,7.09564,118.749,-0.034131,-0.0406357,0.418201
-0.796771,-0.936095,2.26817,3.29609,-0.933271,106.844,0.225518,4.88282,122.515,-0.035532,-0.0385492,0.433689
-0.513134,-0.613639,1.65908,3.46621,-0.612769,107.103,0.477003,5.34181,122.293,-0.0374472,-0.0388075,0.44998
-0.427606,-0.510483,1.42576,3.19869,0.87532,104.58,-0.977746,3.31334,123.961,-0.0442624,-0.0399256,0.49952
-0.326228,-0.392211,1.19382,3.46092,1.13968,104.825,-0.752069,3.85051,123.787,-0.0528148,-0.0452627,0.556013
-0.288239,-0.342106,1.09344,3.37474,1.83379,100.356,-2.07837,1.95463,122.609,-0.0752291,-0.0532075,0.683325
-0.244643,-0.289788,0.988428,3.70325,2.02772,100.667,-1.89154,2.53144,122.811,-0.113069,-0.0753073,0.864873
-0.234397,-0.275163,0.99157,3.93378,1.78201,95.7624,-3.07135,1.6383,120.993,-0.232897,-0.122241,1.31445
-0.242825,-0.283669,1.0244,4.30488,1.90072,96.1939,-2.90055,2.21942,121.554,-0.704776,-0.35752,2.52329
-0.317712,-0.373381,1.29767,5.03259,1.34932,89.8493,-3.34508,2.56451,115.04,-6.40277,-3.57188,12.6495
-0.600749,-0.695092,1.98544,5.42108,1.35322,90.6786,-2.97062,2.89883,115.927,-11.8748,-12.5351,30.5293
-4.16938,-4.75014,9.33708,6.37881,0.554632,81.5727,-3.02038,2.66779,95.8151,-3.9687,-10.4445,38.2245
-17.9545,-19.148,35.7603,6.3238,0.982434,81.9205,-2.69607,3.00102,95.6491,-2.3064,-11.0362,47.2855
-15.2316,-13.1156,43.8544,6.08579,-1.16096,67.3399,-4.35684,-0.134117,59.9918,-0.332131,-11.3769,62.1611
-12.7978,-5.39277,64.75,5.57591,0.31109,63.0514,-4.07351,0.84679,60.4168,-0.560246,-11.5151,65.5783
-3.09075,1.38029,61.6654,4.93643,-2.20775,43.3705,-4.63539,-3.53301,13.2877,-0.266784,-12.0902,108.284
-2.51869,1.79054,60.8026,5.18798,-1.9424,40.3767,-2.53934,-1.6791,7.94884,-0.0508916,-11.7602,109.122
1.05258,3.23365,70.0822,4.61447,-3.16776,35.4923,-1.12331,-0.99599,3.13779,1.98277,-8.54105,128.385
0.935699,3.01587,70.9339,4.45966,-3.34291,34.2835,-0.378392,-0.328159,1.47372,2.03263,-7.77745,127.77
2.35523,4.2206,78.8427,2.89774,-3.20312,31.9584,-0.200363,-0.17588,0.895118,3.70748,-3.75409,124.175
2.18779,4.1196,79.1678,2.439,-3.42783,31.279,-0.106755,-0.0916505,0.629656,3.66222,-3.25625,124.088
2.18789,5.42404,85.1586,0.647709,-3.66254,28.0285,-0.0706215,-0.059949,0.486565,4.0728,-1.18192,116.658
2.11528,5.42398,85.3912,0.157933,-3.86605,26.6173,-0.0465676,-0.0390351,0.399548,4.16979,-0.911081,116.983
1.68551,6.35988,90.185,-1.44033,-4.72931,22.8069,-0.0333168,-0.0278398,0.343858,4.23173,-0.268209,116.182
1.74348,6.44555,90.1902,-1.93671,-4.90258,20.3315,-0.0240274,-0.0201825,0.306144,4.48338,-0.0538468,116.552
1.28975,6.77218,95.3372,-3.64889,-5.85415,15.3813,-0.0181788,-0.0157263,0.281987,4.71621,0.455049,120.625
1.54558,6.89224,94.9406,-3.24404,-5.15178,12.8405,-0.0141081,-0.0126038,0.264017,5.12097,0.799378,120.381
1.49436,6.44499,99.7286,-3.75949,-5.19036,10.4719,-0.0113811,-0.0110961,0.254906,5.12391,1.94703,125.189
1.59407,6.52809,99.9394,-2.10909,-2.87658,6.33184,-0.00969478,-0.00995766,0.247173,5.42157,2.36413,124.373
2.15338,5.55471,103.294,-1.66375,-2.11056,4.49188,-0.00849136,-0.0100496,0.247107,3.5062,3.08539,123.478
2.38636,5.7113,103.032,-0.788191,-0.986157,2.50216,-0.00792752,-0.0100036,0.247097,3.84428,3.4911,123.069
3.30108,4.74143,101.326,-0.529682,-0.644412,1.73838,-0.00724479,-0.0113026,0.257241,2.00312,2.81499,122.878
3.49481,4.96192,101.09,-0.304675,-0.364701,1.19328,-0.00745291,-0.0122228,0.266819,2.44142,3.16391,122.609
4.02615,4.22937,94.8173,-0.213048,-0.253681,0.93121,-0.0070833,-0.0149871,0.291083,1.63456,1.8545,121.577
4.08029,4.47165,95.1547,-0.147621,-0.172935,0.75221,-0.00812461,-0.0173607,0.316138,2.15117,2.10177,121.54
3.92736,4.05695,88.7524,-0.116196,-0.134711,0.659052,-0.0077438,-0.0234544,0.369504,2.01996,0.47437,119.281
3.88693,4.31051,89.4987,-0.093423,-0.105653,0.58761,-0.0102862,-0.0305582,0.434212,2.60698,0.61956,119.686
2.86136,3.87191,84.4054,-0.0841787,-0.0909314,0.571323,-0.00947926,-0.0478651,0.5659,2.12973,-1.02394,118.845
2.83593,4.10656,85.3611,-0.0812832,-0.0837379,0.565259,-0.0156794,-0.0806683,0.773522,2.8107,-0.932057,119.633
2.14841,4.95081,84.9274,-0.0944062,-0.0866874,0.642854,-0.00456767,-0.180811,1.28083,2.14862,-2.00555,121.719
2.17091,5.17112,85.5982,-0.125804,-0.109384,0.762369,-0.00586975,-0.795176,3.05094,2.83028,-1.82656,122.532
1.61305,7.32431,86.7531,-0.25724,-0.182043,1.19049,-2.81937,-12.6789,26.3562,1.83497,-2.00962,118.996
1.75864,7.43293,87.2268,-1.06625,-0.718033,2.8979,-9.78402,-10.2308,38.9395,2.4149,-1.70724,119.894
0.582044,8.91829,82.2538,-19.0629,-14.8482,34.4771,-6.0852,-5.55546,47.4,1.1839,-1.0532,103.555
0.662187,8.93369,82.2139,-12.3871,-17.4712,43.5452,-8.06634,-7.07353,58.5455,0.810619,-0.473277,101.799
-0.430437,8.82954,66.2145,-2.14049,-7.8927,54.9354,-5.69829,-4.80367,68.5433,-0.685845,-0.578054,70.0466
0.0295192,8.65716,61.3002,-0.832648,-7.24207,59.9835,-5.57848,-4.81964,70.3332,-0.181726,-0.0239246,68.7263
-0.876636,7.23485,45.7537,0.542826,1.00468,64.8687,-1.68923,0.275592,90.7812,-4.1074,-4.46184,17.538
-0.940414,7.24692,42.4955,0.474268,0.896776,66.5722,-1.58198,0.612652,91.3114,-3.11268,-2.99278,12.618
-2.15226,6.11836,37.9332,0.760249,5.93174,69.6617,2.10742,6.06736,105.332,-1.88891,-2.55473,5.66692
-2.50744,5.83057,36.7613,0.659833,5.59685,70.79,2.52711,6.09281,105.143,-0.592175,-0.827097,2.4251
-3.00725,5.03172,39.0831,0.47311,5.05828,72.8597,3.00337,9.90803,107.023,-0.324186,-0.459433,1.47463
-3.31923,4.41094,38.8273,0.399135,4.71084,73.7957,3.30855,9.99402,107.082,-0.177617,-0.253175,1.01822
-3.7593,2.39827,35.158,0.783831,1.89569,77.8455,2.55642,11.6705,106.863,-0.123337,-0.172838,0.794867
-4.05406,1.84757,33.0267,0.819361,1.68641,78.5728,2.77048,11.8177,107.313,-0.0873776,-0.119736,0.659153
-5.4664,-2.93579,20.3742,1.84489,-0.537424,85.3837,2.33157,11.6325,109.257,-0.0696295,-0.093912,0.57885
-5.27297,-2.9957,16.8491,1.91164,-0.627126,86.3786,2.51209,11.8321,109.844,-0.0559154,-0.0738783,0.52114
-5.4243,-5.55529,12.5281,3.14943,-1.19723,94.4719,2.38711,10.6282,113.759,-0.04874,-0.0634721,0.488695
-2.83651,-2.87158,7.10579,3.13745,-0.936283,95.2095,2.58192,10.9762,114.127,-0.0429369,-0.0545352,0.461576
-2.45257,-2.82063,5.83777,4.0216,-0.447074,104.163,1.69689,8.76189,118.359,-0.0404641,-0.0500097,0.454517
-1.06357,-1.23862,2.99694,4.03431,0.0556232,104.46,1.95528,9.22655,118.392,-0.0389316,-0.0463895,0.448888
-0.811695,-0.966356,2.33773,3.91928,1.37014,107.465,0.761147,7.11433,122.232,-0.0405958,-0.0442081,0.468418
-0.512384,-0.622036,1.69253,4.10665,1.83353,107.776,1.04411,7.68005,122.029,-0.0429118,-0.0449854,0.488572
-0.426274,-0.517494,1.45525,3.90953,3.32277,105.31,-0.299046,5.82445,123.828,-0.0506126,-0.0461116,0.546179
-0.324009,-0.397886,1.22384,4.19366,3.75782,105.592,-0.0332665,6.49366,123.653,-0.0602081,-0.0526976,0.610369
-0.288081,-0.350459,1.1332,4.08317,4.58716,101.199,-1.33183,4.76463,123.001,-0.0842547,-0.0605347,0.752777
-0.247197,-0.302672,1.04215,4.4426,4.9786,101.522,-1.08511,5.50786,123.14,-0.122028,-0.084657,0.943818
-0.239491,-0.290369,1.06895,4.76239,4.80522,96.4493,-2.08111,4.81455,121.042,-0.224957,-0.124383,1.37702
-0.254836,-0.310411,1.14184,5.15142,5.08519,97.0324,-1.89038,5.55541,121.826,-0.487483,-0.277204,2.21277
4.66687,6.2445,74.0805,-0.163901,-0.158083,0.904171,-0.120633,-0.573903,2.38702,4.1765,-1.78118,128.137
3.33175,7.74952,92.4553,-0.31952,-0.269527,1.32617,-1.51388,-6.28929,12.0382,4.2027,-0.526951,120.159
4.04144,8.4778,85.3801,-0.875631,-0.71528,2.44878,-11.5957,-19.3025,43.7826,4.2754,-0.118188,121.57
2.16611,10.0041,80.0205,-8.03626,-6.25587,14.496,-11.1728,-11.9545,65.5495,2.02188,0.373754,103.192
2.47785,10.0091,79.7312,-17.4168,-16.3038,33.093,-9.54563,-9.20173,65.1937,2.13692,0.853652,101.484
0.944985,9.40015,63.6133,-14.8657,-16.6715,52.6534,-6.04743,-5.71537,71.9534,0.0618174,-0.0184742,69.1442
1.63884,8.95895,57.923,-5.10331,-15.1837,75.6611,-5.74603,-5.4152,73.3491,0.65933,0.687189,68.0289
-0.179696,7.21222,43.0527,-0.861273,-1.7497,67.5398,-1.34993,-0.0323282,93.9066,-4.47028,-4.90677,17.7489
-0.372056,7.19675,39.8877,-0.514774,-1.09368,67.0605,-1.11571,0.391741,94.2587,-3.35387,-3.29393,12.7015
-1.63648,6.08784,35.8894,-0.233056,3.77895,70.1466,2.90359,6.08493,107.561,-2.33796,-3.04898,6.47381
-2.01537,5.77671,34.7641,-0.283407,3.43015,71.2883,3.41042,6.19635,107.232,-0.71432,-0.96176,2.63912
-2.34604,5.07345,37.0461,-0.372432,2.66825,73.4996,3.95045,10.0767,108.878,-0.395538,-0.537843,1.60579
-2.65455,4.45393,36.941,-0.393629,2.35954,74.2985,4.33464,10.2369,108.831,-0.216571,-0.295805,1.09204
-3.31105,2.23225,32.7422,0.0478917,-0.47094,78.2795,3.67686,11.8349,108.485,-0.150205,-0.202257,0.847383
-3.72477,1.51969,29.937,0.151915,-0.730777,79.038,3.97714,12.0042,108.847,-0.106079,-0.140308,0.696252
-5.49555,-3.68578,17.0915,1.28388,-3.09797,86.2045,3.74429,11.6721,110.712,-0.0839784,-0.109946,0.607108
-4.78132,-3.35249,13.1077,1.36956,-3.18859,87.1676,3.99357,11.9171,111.177,-0.0669938,-0.0863268,0.541648
-5.01236,-5.13373,11.1243,2.52863,-3.73569,94.9464,3.91398,10.726,114.638,-0.0578912,-0.0738184,0.504428
-2.38335,-2.44418,5.86083,2.55878,-3.46215,95.5706,4.17571,11.1051,114.891,-0.0506394,-0.063209,0.472615
-2.1101,-2.36049,4.94984,3.33781,-3.07814,104.158,3.4156,9.01348,119.016,-0.0471848,-0.0575784,0.461004
-1.00388,-1.13028,2.72263,3.42292,-2.54264,104.189,3.74118,9.50383,118.988,-0.0447488,-0.0528979,0.450616
-0.805701,-0.918922,2.21098,3.31028,-1.36786,106.903,2.61168,7.63538,123.284,-0.0460599,-0.0505568,0.464597
-0.540546,-0.623476,1.65388,3.55697,-0.960499,107.072,2.9559,8.18349,122.971,-0.0480305,-0.050977,0.478818
-0.467314,-0.535958,1.45636,3.25468,0.67408,104.005,1.62902,6.24621,124.24,-0.0566788,-0.0538159,0.529923
-0.369387,-0.424316,1.23989,3.5981,0.994336,104.253,1.94242,6.87011,124.051,-0.0677159,-0.0621251,0.588079
-0.336336,-0.380297,1.15381,3.57283,1.73001,99.6996,0.629619,5.02463,123.298,-0.0981257,-0.0780783,0.724954
-0.292501,-0.328693,1.05245,3.98054,1.97612,100.019,0.917635,5.70982,123.454,-0.150648,-0.116037,0.924667
-0.287109,-0.317987,1.0627,4.27268,1.82013,95.1987,-0.1316,4.94737,121.708,-0.330322,-0.221109,1.45259
-0.303536,-0.333096,1.10724,4.72088,1.99761,95.6367,0.159838,5.65673,122.219,-1.17597,-0.794191,3.21402
-0.416864,-0.456232,1.43283,5.51497,1.4702,89.3844,-0.387122,5.85093,115.61,-10.8366,-8.57005,20.1311
-0.852094,-0.915858,2.35737,5.99563,1.53202,90.2554,0.0185342,6.41687,116.632,-11.8827,-13.6824,28.1321
-6.92861,-7.28224,13.8504,6.81055,0.987422,80.9378,-0.529059,5.86102,96.9281,-6.45216,-12.2686,34.4065
-18.4412,-18.4699,34.8409,6.96898,1.25335,81.5998,0.0656874,6.06099,96.5602,-4.34691,-14.1816,50.5437
-17.9087,-16.1589,41.2938,6.55251,-0.666027,65.4105,-2.7267,2.04095,60.4941,-1.86786,-13.5768,65.4914
-15.9478,-8.27713,69.6776,5.94173,0.974255,60.6088,-2.38414,3.17639,60.2789,-1.82407,-13.0554,67.4417
-4.48896,0.138579,64.9633,5.28013,-1.76528,42.1904,-4.77256,-3.70681,13.3183,-2.04874,-14.4729,109.226
-3.1907,1.0807,61.5474,5.65154,-1.61555,39.9733,-2.57848,-1.76747,7.87181,-1.70959,-13.9824,109.628
0.415731,2.66677,70.6873,4.91307,-2.72188,35.2094,-1.37351,-1.24784,3.54597,0.248475,-10.9474,127.118
0.29974,2.48763,71.5209,4.74693,-2.89181,34.0376,-0.45045,-0.399529,1.61586,0.333491,-10.0518,126.361
1.72171,3.89582,79.6796,3.02577,-2.73597,31.2807,-0.249263,-0.22438,0.998177,2.09873,-5.96144,122.256
1.62524,3.86871,79.9701,2.58209,-2.92745,30.463,-0.133678,-0.118024,0.694195,2.11997,-5.43205,122.302
1.72531,5.28877,86.013,0.787821,-3.22857,27.2505,-0.0886686,-0.0776468,0.533705,2.70021,-3.29319,115.967
1.74799,5.36472,86.0785,0.303787,-3.43754,25.7744,-0.0582024,-0.0504493,0.436047,2.84609,-2.9703,116.348
1.4016,6.22368,91.0783,-1.40583,-4.33187,21.7967,-0.0417276,-0.036132,0.374274,3.0288,-2.31921,116.65
1.49439,6.35639,91.1032,-2.01376,-4.51214,18.8062,-0.0302382,-0.0263337,0.331991,3.33906,-2.04393,116.928
1.14582,6.603,95.9239,-3.66154,-5.42345,14.0837,-0.0229769,-0.0205277,0.304935,3.52966,-1.48948,120.923
1.49154,6.7837,95.3826,-3.14343,-4.62267,11.3986,-0.0179643,-0.0165155,0.284567,4.01997,-1.07178,120.635
1.49086,6.26653,100.086,-3.48004,-4.5526,9.30054,-0.0145996,-0.0144366,0.274083,3.89735,0.0888457,124.922
1.66846,6.40806,100.159,-1.88077,-2.42892,5.48141,-0.0125395,-0.0129627,0.264971,4.26274,0.578967,124.136
2.25548,5.37917,103.139,-1.51889,-1.84361,4.02895,-0.0110113,-0.0128178,0.264314,2.20362,1.30485,123.25
2.5562,5.57807,102.766,-0.763982,-0.91479,2.35571,-0.0103036,-0.0126965,0.263613,2.6105,1.75399,122.864
3.39214,4.63629,100.785,-0.531763,-0.622506,1.68985,-0.00948063,-0.0140496,0.274288,0.953151,1.07022,122.703
3.61788,4.88429,100.519,-0.31435,-0.362725,1.18033,-0.00981255,-0.0152124,0.284241,1.43975,1.44997,122.449
4.05504,4.08778,94.3247,-0.223034,-0.256421,0.93034,-0.00955288,-0.0184756,0.310503,0.816575,0.185077,121.848
4.13408,4.34448,94.622,-0.156164,-0.176852,0.75494,-0.0110975,-0.0216177,0.33753,1.37151,0.461327,121.784
3.93874,3.90655,88.1201,-0.123703,-0.138994,0.663313,-0.0113633,-0.0294322,0.396642,1.35388,-1.06621,119.468
3.92015,4.1662,88.8377,-0.0998448,-0.109681,0.59181,-0.0156311,-0.0393637,0.469127,1.97262,-0.909348,119.862
2.92131,3.82015,83.9083,-0.0900241,-0.0949652,0.575354,-0.0178761,-0.0639098,0.619583,1.52179,-2.47659,118.87
2.91302,4.05186,84.8408,-0.0869348,-0.0878044,0.56894,-0.0329262,-0.114349,0.866012,2.22151,-2.38546,119.652
2.22219,4.92614,84.5575,-0.10135,-0.0919277,0.646983,-0.0476929,-0.296075,1.52981,1.52614,-3.55011,121.529
2.26193,5.1415,85.1551,-0.135468,-0.11655,0.767636,-0.374704,-1.97613,4.87192,2.20386,-3.36223,122.322
1.79671,7.30416,86.1789,-0.279449,-0.199428,1.20141,-8.42797,-19.2197,37.469,0.967941,-3.39337,118.166
1.84633,7.42051,86.6626,-1.17481,-0.801808,2.99552,-9.72433,-9.90042,39.657,1.48845,-3.12038,118.862
0.525638,8.80094,81.0887,-19.9088,-15.6399,35.1202,-6.50983,-6.24072,49.7353,0.266844,-2.27078,101.385
0.536103,8.82258,81.3346,-14.1406,-17.8457,40.6488,-8.47737,-7.79365,59.659,-0.0764876,-1.76544,99.6832
-0.513029,8.54433,64.7334,-3.53017,-9.82207,56.2733,-5.84762,-5.40248,69.0321,-1.44704,-1.4983,67.3676
-0.0488546,8.38026,60.0246,-1.38499,-8.64116,61.5663,-5.67985,-5.40112,70.5547,-0.905514,-0.996021,66.5679
-1.04248,6.93713,44.9627,0.191395,0.0418293,65.3672,-1.80565,-0.513051,91.5447,-4.1838,-4.63306,16.9719
-1.12503,6.93145,41.73,0.144247,-0.0746309,66.9818,-1.69692,-0.203663,92.1155,-3.03842,-2.97215,11.9278
-2.24986,5.95383,37.8449,0.30606,4.75981,69.9247,1.80182,5.15512,105.675,-1.7179,-2.28346,5.22078
-2.60801,5.62477,36.7117,0.204411,4.39706,70.9737,2.22167,5.14877,105.518,-0.547912,-0.753843,2.28547
-3.03879,4.81669,38.9699,0.0248929,3.59725,73.3362,2.58509,8.83526,107.55,-0.297439,-0.415343,1.39419
-3.36154,4.17264,38.5977,-0.0462462,3.23592,74.135,2.88177,8.88227,107.639,-0.163943,-0.230533,0.970949
-3.89555,2.03804,34.332,0.293919,0.410417,78.2756,2.14375,10.3356,107.578,-0.113301,-0.157229,0.759296
-4.20428,1.45351,32.0073,0.339816,0.162689,78.9115,2.35602,10.4173,108.052,-0.0799842,-0.108947,0.63022
-5.62373,-3.40832,18.9888,1.42255,-2.16152,85.6539,2.05814,9.99636,109.983,-0.0633764,-0.0853775,0.552672
-5.16172,-3.25708,15.3511,1.46163,-2.31588,86.6362,2.22197,10.1313,110.553,-0.0506403,-0.067025,0.496545
-5.19393,-5.3494,11.8253,2.59313,-3.0789,94.5739,2.03077,8.66058,114.008,-0.0439684,-0.0574996,0.464641
-2.57022,-2.6432,6.4476,2.5623,-2.86895,95.2044,2.20688,8.94864,114.369,-0.0386726,-0.0492859,0.437881
-2.18285,-2.48951,5.22546,3.39129,-2.56289,103.809,1.29386,6.722,118.704,-0.0363688,-0.0450353,0.428977
-0.986602,-1.14095,2.78432,3.39224,-2.1552,104.032,1.53112,7.10493,118.711,-0.0347852,-0.0414039,0.421424
-0.758227,-0.890993,2.18579,3.26215,-0.932578,106.78,0.190801,4.90071,122.472,-0.0361822,-0.0392925,0.436997
-0.49152,-0.587392,1.60975,3.43085,-0.608732,107.023,0.442941,5.35995,122.246,-0.0381198,-0.0395938,0.45339
-0.411116,-0.490186,1.38785,3.15893,0.882845,104.493,-1.02005,3.33571,123.911,-0.0450578,-0.040807,0.503498
-0.316065,-0.379489,1.16958,3.42098,1.14258,104.737,-0.793696,3.86967,123.734,-0.0538049,-0.046382,0.560732
-0.281355,-0.33351,1.07713,3.33398,1.83692,100.268,-2.12637,1.97701,122.555,-0.0767995,-0.0548124,0.690165
-0.241247,-0.285367,0.980502,3.66324,2.02533,100.579,-1.94044,2.55207,122.758,-0.115904,-0.0781419,0.875722
-0.234121,-0.274445,0.991599,3.89293,1.78016,95.6737,-3.12772,1.66407,120.941,-0.241401,-0.129165,1.34007
-0.246883,-0.287761,1.03537,4.26181,1.89493,96.105,-2.96088,2.24554,121.5,-0.75341,-0.392599,2.62762
-0.334308,-0.391606,1.33934,4.98718,1.34798,89.7485,-3.39939,2.58899,114.971,-7.04356,-4.15537,13.8342
-0.684007,-0.787239,2.16651,5.37589,1.33785,90.5934,-3.02241,2.91025,115.855,-11.5252,-12.7508,30.687
-5.95701,-6.71057,12.7545,6.26942,0.649327,81.3127,-3.10014,2.74852,95.7696,-3.61608,-10.1373,37.6025
-18.9018,-19.8371,37.6182,6.22641,1.0157,81.7509,-2.77128,3.02923,95.5877,-2.19358,-10.9046,46.9517
-14.2076,-11.4163,44.261,6.00891,-1.20117,67.2712,-4.40003,-0.174111,59.8911,-0.31182,-11.3989,62.1415
-11.8933,-4.5818,62.4289,5.54717,0.193344,63.087,-4.12997,0.771561,60.4124,-0.560797,-11.5826,65.6009
-2.8666,1.56393,61.0209,4.8864,-2.26522,43.3244,-4.68667,-3.55178,13.5143,-0.246715,-12.1144,108.272
-2.44689,1.84801,60.787,5.13017,-1.97683,40.2887,-2.61045,-1.71228,8.18125,-0.0227664,-11.7808,109.126
1.13883,3.3028,70.0647,4.56398,-3.1966,35.4041,-1.14841,-1.02062,3.196,2.02735,-8.56191,128.399
1.02578,3.09056,70.895,4.40935,-3.37169,34.1963,-0.383255,-0.333273,1.48934,2.07532,-7.79788,127.78
2.45261,4.30872,78.804,2.84909,-3.23233,31.8809,-0.202209,-0.177973,0.901662,3.74652,-3.77055,124.173
2.28036,4.20934,79.1328,2.38762,-3.45545,31.2007,-0.10748,-0.0925264,0.633092,3.69759,-3.27074,124.081
2.28174,5.52272,85.1299,0.598946,-3.6885,27.9556,-0.071022,-0.0604478,0.488709,4.10183,-1.1943,116.641
2.20579,5.52357,85.364,0.109873,-3.8906,26.553,-0.0467904,-0.0393245,0.401022,4.19623,-0.922581,116.963
1.7793,6.46581,90.1582,-1.47601,-4.75159,22.7868,-0.0334585,-0.028029,0.344959,4.25554,-0.278639,116.155
1.83495,6.55052,90.1645,-1.96766,-4.92729,20.337,-0.0241197,-0.0203101,0.307013,4.50538,-0.0642996,116.521
1.38532,6.88559,95.3094,-3.65985,-5.87358,15.4096,-0.0182443,-0.0158196,0.282715,4.73782,0.446075,120.587
1.64042,7.00758,94.9063,-3.24853,-5.17529,12.8857,-0.014156,-0.0126753,0.264643,5.14337,0.79174,120.343
1.59161,6.57182,99.6958,-3.76231,-5.21229,10.498,-0.011418,-0.0111564,0.255475,5.14785,1.94035,125.155
1.68735,6.65697,99.91,-2.09746,-2.87147,6.31543,-0.00972521,-0.0100119,0.247694,5.44447,2.3574,124.342
2.2464,5.68942,103.269,-1.63777,-2.08317,4.44233,-0.00851776,-0.0101047,0.247614,3.52478,3.07953,123.444
2.48127,5.84574,102.998,-0.775049,-0.972023,2.47543,-0.00795268,-0.0100608,0.247591,3.86351,3.48592,123.032
3.39411,4.87426,101.29,-0.520342,-0.634343,1.71925,-0.00726919,-0.0113696,0.257766,2.0195,2.81022,122.837
3.58715,5.09338,101.053,-0.299865,-0.359638,1.18282,-0.00748179,-0.0123005,0.267378,2.45773,3.15868,122.563
4.11117,4.35315,94.7798,-0.209886,-0.250369,0.924061,-0.00711694,-0.0150913,0.29175,1.64931,1.84912,121.531
4.1641,4.59547,95.1209,-0.145615,-0.170889,0.747418,-0.00817415,-0.0174955,0.31694,2.16598,2.09608,121.49
4.0028,4.17276,88.7216,-0.114735,-0.133242,0.655426,-0.00781371,-0.0236701,0.370647,2.03316,0.469,119.229
3.96136,4.42707,89.4739,-0.0923527,-0.104616,0.584908,-0.0104162,-0.0308975,0.435905,2.61988,0.61418,119.629
2.92978,3.98142,84.3857,-0.0833144,-0.0901235,0.56911,-0.00971035,-0.0485811,0.569086,2.1424,-1.02972,118.786
2.90466,4.21709,85.3473,-0.0805467,-0.0830831,0.563498,-0.0162786,-0.0823962,0.780341,2.82374,-0.938005,119.569
2.21699,5.0601,84.9171,-0.0936978,-0.0860893,0.641342,-0.00596371,-0.187729,1.30289,2.16307,-2.01255,121.653
2.23943,5.28252,85.5893,-0.125097,-0.108796,0.761405,-0.0174894,-0.870601,3.20408,2.84214,-1.8312,122.46
1.68406,7.43529,86.7271,-0.256959,-0.181488,1.19166,-3.54562,-13.5763,28.346,1.81978,-1.99229,118.881
1.8262,7.55031,87.2273,-1.08045,-0.726214,2.92821,-9.61608,-9.74275,38.107,2.44232,-1.7221,119.84
0.654995,9.02831,82.2257,-19.3204,-15.1254,35.0727,-5.91859,-5.38055,46.6678,1.20861,-1.06212,103.505
0.721613,9.04377,82.2032,-12.1196,-17.4096,43.775,-8.10122,-7.08141,58.4833,0.800809,-0.470478,101.719
-0.397958,8.91685,66.2334,-2.04067,-7.73534,54.6472,-5.75974,-4.83873,68.55,-0.701637,-0.579011,69.9545
0.0639368,8.74053,61.3013,-0.823057,-7.18396,59.8405,-5.62561,-4.84344,70.3052,-0.186099,-0.0290631,68.7112
-0.85059,7.28129,45.7523,0.530663,1.00833,64.8616,-1.72074,0.242388,90.7026,-4.07153,-4.48172,18.0434
-0.911291,7.28954,42.4984,0.46636,0.898485,66.5742,-1.61462,0.578755,91.2506,-3.15052,-3.03672,13.2447
-2.11442,6.15603,37.9254,0.766948,5.9491,69.6491,2.06243,6.04038,105.317,-1.9635,-2.66486,5.86683
-2.47028,5.87083,36.7473,0.666641,5.62005,70.7748,2.47762,6.07363,105.131,-0.607381,-0.849467,2.47515
-2.96546,5.07734,39.0742,0.480579,5.08021,72.8506,2.95655,9.8924,107.005,-0.331684,-0.470053,1.49834
-3.27789,4.45831,38.8256,0.40488,4.7354,73.7887,3.25958,9.98341,107.062,-0.181244,-0.258149,1.03112
-3.71969,2.44064,35.1738,0.788905,1.92079,77.8451,2.50854,11.6622,106.839,-0.125793,-0.17604,0.803733
-4.01967,1.88177,33.0435,0.823508,1.70971,78.5827,2.72153,11.8092,107.292,-0.0890854,-0.121848,0.665759
-5.45508,-2.955,20.3157,1.85049,-0.520002,85.4172,2.28155,11.6201,109.238,-0.0709998,-0.0955482,0.584322
-5.2418,-3.02757,16.7305,1.91598,-0.608135,86.4197,2.46147,11.8209,109.823,-0.0570237,-0.0751513,0.525809
-5.39122,-5.55555,12.4812,3.14902,-1.15693,94.4927,2.33226,10.6269,113.731,-0.0497204,-0.064564,0.492977
-2.8148,-2.8677,7.0682,3.13964,-0.886632,95.2171,2.52841,10.9793,114.102,-0.0438086,-0.0554764,0.465533
-2.42663,-2.80014,5.79005,4.02363,-0.388889,104.171,1.63849,8.76643,118.334,-0.0412962,-0.0508889,0.458466
-1.04656,-1.22191,2.96135,4.03797,0.120402,104.456,1.89807,9.23318,118.369,-0.0397496,-0.0472351,0.452855
-0.795799,-0.9488,2.30373,3.91715,1.44932,107.444,0.694989,7.1287,122.205,-0.0414858,-0.0450572,0.472838
-0.502695,-0.610874,1.67001,4.10395,1.91835,107.747,0.980134,7.69458,122.002,-0.0439121,-0.0459264,0.493528
-0.417933,-0.507682,1.4356,3.90258,3.41478,105.271,-0.37077,5.8453,123.802,-0.0519233,-0.0471881,0.552535
-0.317904,-0.390607,1.20865,4.18825,3.85177,105.551,-0.102564,6.51378,123.628,-0.0619851,-0.0541291,0.618593
-0.282599,-0.343887,1.11934,4.0774,4.68167,101.152,-1.40641,4.79032,122.98,-0.0873223,-0.0625574,0.765722
-0.242677,-0.297173,1.03026,4.43855,5.07061,101.482,-1.15865,5.53313,123.119,-0.127715,-0.0883707,0.965137
-0.234942,-0.284761,1.05655,4.75527,4.89183,96.419,-2.15862,4.84431,121.01,-0.240411,-0.132513,1.42474
-0.249761,-0.304149,1.12806,5.13638,5.18694,96.9135,-1.94917,5.58671,121.645,-0.541157,-0.307991,2.3443
4.67412,6.24411,74.0638,-0.163819,-0.158078,0.903945,-0.121028,-0.573158,2.38411,4.17895,-1.78131,128.15
3.33883,7.74924,92.4382,-0.31884,-0.269218,1.32465,-1.50392,-6.23688,11.9475,4.20592,-0.527741,120.172
4.04801,8.47783,85.3632,-0.869654,-0.711221,2.43796,-11.5603,-19.3179,43.6149,4.27999,-0.119621,121.585
2.16825,10.004,80.0131,-7.92537,-6.16919,14.3136,-11.203,-12.0106,65.6105,2.02013,0.374285,103.198
2.48182,10.0081,79.7205,-17.4038,-16.2799,33.0396,-9.56333,-9.2212,65.2527,2.13706,0.854232,101.49
0.948905,9.39934,63.6031,-14.9599,-16.7265,52.602,-6.051,-5.72222,71.9638,0.0642662,-0.0191955,69.1539
1.64545,8.95647,57.9032,-5.13508,-15.2413,75.7594,-5.74804,-5.41936,73.3543,0.661223,0.688485,68.0296
-0.17529,7.21143,43.0349,-0.867862,-1.7656,67.5569,-1.35535,-0.0373977,93.9186,-4.4723,-4.90695,17.7031
-0.369087,7.1962,39.87,-0.518871,-1.10121,67.0524,-1.12116,0.387047,94.2681,-3.34776,-3.29194,12.6482
-1.63406,6.08642,35.8725,-0.237542,3.77039,70.138,2.89918,6.07802,107.568,-2.33014,-3.03885,6.45468
-2.0133,5.77499,34.7467,-0.287683,3.42128,71.2787,3.40644,6.18941,107.239,-0.712849,-0.959925,2.63472
-2.34387,5.07194,37.0291,-0.376602,2.65993,73.4866,3.94644,10.0701,108.884,-0.394803,-0.536971,1.6037
-2.65231,4.45289,36.9302,-0.397449,2.35229,74.2815,4.3308,10.2309,108.838,-0.21621,-0.295411,1.09092
-3.30974,2.22982,32.7215,0.0446119,-0.479199,78.2595,3.67317,11.829,108.492,-0.149951,-0.202001,0.846602
-3.72812,1.50198,29.8375,0.151077,-0.745406,79.0251,3.97386,11.9955,108.857,-0.105893,-0.140148,0.695663
-5.47558,-3.71131,16.9724,1.28225,-3.11759,86.1964,3.73986,11.6625,110.724,-0.0838224,-0.109824,0.606607
-4.74465,-3.36024,13.0292,1.36385,-3.19149,87.129,3.98724,11.9168,111.186,-0.0668651,-0.0862255,0.541207
-5.03904,-5.17597,11.1959,2.51879,-3.71173,94.8527,3.90606,10.7409,114.644,-0.0577759,-0.0737134,0.504016
-2.49891,-2.56497,6.08966,2.55061,-3.41129,95.4225,4.16707,11.1368,114.9,-0.0505322,-0.0630946,0.472249
-2.31268,-2.58624,5.34265,3.33005,-3.02806,104.004,3.40627,9.04727,119.032,-0.0470801,-0.0574538,0.460687
-1.09781,-1.23528,2.9114,3.41753,-2.52417,104.091,3.73228,9.52127,119.007,-0.0446544,-0.0527769,0.450375
-0.889246,-1.014,2.37931,3.3031,-1.37094,106.843,2.60197,7.64131,123.303,-0.0459728,-0.0504382,0.464432
-0.589598,-0.680141,1.75674,3.54861,-0.980337,107.043,2.94532,8.18001,122.989,-0.0479569,-0.0508635,0.478757
-0.50742,-0.582162,1.54069,3.24493,0.647496,103.99,1.61755,6.23751,124.256,-0.0566167,-0.0536982,0.530004
-0.396466,-0.455571,1.29846,3.58698,0.962686,104.244,1.92978,6.8578,124.065,-0.0676844,-0.0620127,0.588382
-0.358246,-0.405144,1.20128,3.56069,1.69732,99.6939,0.616007,5.00974,123.309,-0.0981734,-0.0779663,0.725751
-0.308402,-0.346529,1.08752,3.96683,1.94178,100.012,0.902567,5.6929,123.462,-0.15097,-0.116038,0.926551
-0.301137,-0.333336,1.09384,4.25798,1.78676,95.1899,-0.14792,4.929,121.713,-0.33228,-0.221813,1.45884
-0.31695,-0.347481,1.1368,4.7044,1.96367,95.6236,0.142145,5.63648,122.22,-1.19627,-0.806355,3.25339
-0.437786,-0.47833,1.47776,5.49772,1.4395,89.364,-0.401845,5.8282,115.601,-11.0144,-8.73715,20.4718
-0.91391,-0.980085,2.47889,5.97585,1.50098,90.2302,-0.000377994,6.39398,116.625,-11.7855,-13.6488,28.1088
-7.62588,-7.98576,15.1149,6.76794,0.99921,80.8462,-0.551207,5.86236,96.9141,-6.29843,-12.1427,34.3582
-18.3931,-18.3303,34.7411,6.94971,1.22274,81.5703,0.0454253,6.03734,96.5557,-4.27728,-14.0779,50.3907
-17.6206,-15.6701,41.3112,6.53494,-0.692027,65.3847,-2.73722,2.0219,60.4841,-1.83727,-13.5294,65.4335
-15.6538,-7.94212,69.3097,5.93031,0.937285,60.6004,-2.39681,3.15011,60.2738,-1.8033,-13.0378,67.4405
-4.36369,0.243916,64.5767,5.27548,-1.79464,42.1862,-4.77045,-3.70765,13.3147,-2.01017,-14.4431,109.221
-3.16191,1.11277,61.5067,5.63937,-1.63636,39.9551,-2.57592,-1.76627,7.86718,-1.67161,-13.951,109.621
0.436931,2.69319,70.6802,4.90105,-2.73947,35.1899,-1.37015,-1.2445,3.53997,0.291338,-10.9116,127.108
0.321633,2.51418,71.5064,4.7345,-2.90982,34.0189,-0.449582,-0.398642,1.61422,0.374191,-10.0179,126.351
1.7459,3.92526,79.6624,3.01369,-2.75329,31.2636,-0.248776,-0.223863,0.997221,2.13669,-5.92998,122.246
1.64828,3.89708,79.9536,2.5695,-2.94494,30.4466,-0.133434,-0.117762,0.69367,2.15672,-5.4019,122.292
1.74925,5.31863,85.9956,0.776275,-3.24437,27.2353,-0.0885116,-0.0774746,0.533341,2.73386,-3.26591,115.958
1.77076,5.39363,86.0618,0.291807,-3.45277,25.7552,-0.0581031,-0.0503387,0.43579,2.87886,-2.94413,116.339
1.42449,6.25356,91.0618,-1.41629,-4.34341,21.7716,-0.0416591,-0.0360542,0.374077,3.06059,-2.29427,116.642
1.51654,6.38534,91.0869,-2.02393,-4.52011,18.7758,-0.0301902,-0.0262783,0.331838,3.37031,-2.02017,116.921
1.17106,6.6327,95.9024,-3.66425,-5.42334,14.0776,-0.0229414,-0.0204867,0.304811,3.56258,-1.46568,120.915
1.5216,6.81285,95.3495,-3.15549,-4.63638,11.438,-0.0179361,-0.016484,0.284466,4.05508,-1.04818,120.628
1.52743,6.29765,100.04,-3.52235,-4.60509,9.39889,-0.0145758,-0.0144114,0.274,3.93655,0.113318,124.916
1.70623,6.43962,100.109,-1.93026,-2.49218,5.59561,-0.0125178,-0.0129404,0.264907,4.30304,0.602658,124.132
2.28753,5.40962,103.105,-1.56954,-1.90478,4.13537,-0.0109925,-0.0127984,0.264268,2.24021,1.32609,123.249
2.57931,5.60529,102.753,-0.78391,-0.938346,2.39981,-0.0102873,-0.0126793,0.263588,2.64168,1.77263,122.863
3.41161,4.66171,100.779,-0.54314,-0.635579,1.71492,-0.00946738,-0.0140354,0.274284,0.982027,1.08761,122.703
3.63577,4.90885,100.517,-0.319326,-0.368308,1.19224,-0.00980136,-0.0152001,0.284264,1.46738,1.46644,122.45
4.07122,4.11025,94.3233,-0.225818,-0.259519,0.937406,-0.00954454,-0.0184672,0.310566,0.843553,0.200819,121.849
4.15001,4.36668,94.6206,-0.157682,-0.17851,0.759181,-0.0110923,-0.0216137,0.337648,1.39814,0.476459,121.785
3.95334,3.92679,88.1189,-0.124682,-0.140057,0.666257,-0.0113631,-0.0294404,0.396873,1.37989,-1.05187,119.468
3.93482,4.18643,88.8362,-0.100473,-0.110352,0.593858,-0.0156432,-0.0393964,0.469548,1.99865,-0.895437,119.863
2.93504,3.83891,83.9068,-0.0905024,-0.0954627,0.577016,-0.0179106,-0.0640302,0.620508,1.54781,-2.46317,118.871
2.92695,4.07081,84.8388,-0.0873133,-0.0881883,0.570304,-0.0330694,-0.114789,0.86823,2.24774,-2.37225,119.653
2.23603,4.94494,84.5549,-0.101761,-0.0923121,0.648441,-0.048203,-0.298734,1.53816,1.55311,-3.53684,121.531
2.27612,5.16059,85.1504,-0.135976,-0.117006,0.769304,-0.389099,-2.03251,4.96618,2.23012,-3.34805,122.322
1.81092,7.32205,86.1734,-0.280756,-0.200391,1.20475,-8.59136,-19.3486,37.8952,0.988466,-3.37583,118.156
1.86029,7.43989,86.6603,-1.18424,-0.80866,3.01275,-9.63516,-9.7536,39.4004,1.51961,-3.11057,118.868
0.541715,8.81831,81.078,-19.9553,-15.7027,35.2276,-6.46681,-6.19254,49.581,0.294826,-2.26147,101.389
0.548566,8.84114,81.3305,-14.0692,-17.7948,40.5641,-8.47922,-7.78955,59.6592,-0.0529014,-1.75501,99.6862
-0.503236,8.55846,64.7308,-3.51279,-9.79791,56.1983,-5.85176,-5.40024,69.0404,-1.42988,-1.49263,67.3781
-0.0379471,8.39323,60.0188,-1.38551,-8.64295,61.5465,-5.68184,-5.39654,70.5581,-0.889219,-0.98755,66.552
-1.03307,6.94932,44.9511,0.190376,0.0394611,65.3597,-1.81386,-0.501743,91.5637,-4.1908,-4.62932,16.8151
-1.11787,6.94273,41.7178,0.140397,-0.0779224,66.9741,-1.704,-0.191468,92.125,-3.02138,-2.96106,11.7553
-2.24448,5.96178,37.8393,0.300735,4.75145,69.9207,1.79953,5.16442,105.673,-1.70175,-2.25898,5.17405
-2.60315,5.63214,36.7088,0.19887,4.38784,70.9707,2.22007,5.15769,105.515,-0.545054,-0.749044,2.27397
-3.03306,4.82482,38.9672,0.0194249,3.58801,73.3325,2.58385,8.84434,107.547,-0.296227,-0.413295,1.38928
-3.35565,4.18082,38.5972,-0.0513449,3.22701,74.1303,2.88117,8.89154,107.636,-0.163437,-0.22964,0.968465
-3.89021,2.04525,34.3319,0.289016,0.401494,78.2693,2.14366,10.3451,107.576,-0.112997,-0.156701,0.75776
-4.19993,1.45666,31.9882,0.335858,0.152566,78.9068,2.35659,10.4264,108.05,-0.0798003,-0.108628,0.629198
-5.61815,-3.4165,18.9462,1.41912,-2.17459,85.6525,2.05909,10.0051,109.982,-0.0632463,-0.0851535,0.551932
-5.14905,-3.2628,15.3058,1.45789,-2.32656,86.6309,2.22304,10.1418,110.552,-0.0505506,-0.0668672,0.496003
-5.19216,-5.35432,11.8262,2.58794,-3.08331,94.5557,2.0319,8.67577,114.006,-0.0439028,-0.0573763,0.464227
-2.58848,-2.6651,6.48461,2.55752,-2.86609,95.1723,2.20826,8.96848,114.368,-0.0386254,-0.0491881,0.437579
-2.21794,-2.53103,5.29502,3.38697,-2.55912,103.773,1.29588,6.74408,118.704,-0.0363361,-0.0449551,0.428767
-1.00247,-1.15992,2.81697,3.38911,-2.15655,104.004,1.53387,7.12458,118.712,-0.0347662,-0.0413408,0.421309
-0.771978,-0.907588,2.21424,3.25954,-0.937443,106.757,0.194374,4.91941,122.473,-0.0361799,-0.0392458,0.436982
-0.499795,-0.597548,1.62762,3.42885,-0.61583,107.004,0.446878,5.37781,122.247,-0.0381362,-0.0395635,0.453496
-0.418091,-0.498681,1.40298,3.15752,0.875063,104.475,-1.01551,3.35358,123.912,-0.0451096,-0.040798,0.503796
-0.321153,-0.385677,1.18096,3.42008,1.13423,104.72,-0.788982,3.88775,123.736,-0.0539122,-0.0464098,0.561316
-0.285925,-0.33894,1.08739,3.33354,1.82874,100.251,-2.12139,1.99523,122.557,-0.0770631,-0.0549142,0.6914
-0.245141,-0.28991,0.989393,3.66319,2.01692,100.562,-1.93543,2.57086,122.76,-0.116555,-0.0784695,0.87832
-0.238326,-0.279223,1.0013,3.89313,1.77217,95.6562,-3.12273,1.68316,120.943,-0.243954,-0.130373,1.34776
-0.252012,-0.293462,1.04711,4.26236,1.8867,96.0866,-2.9556,2.26504,121.502,-0.77118,-0.402106,2.66468
-0.344498,-0.402887,1.36225,4.98803,1.34147,89.7255,-3.38959,2.60509,114.966,-7.29096,-4.35339,14.2815
-0.721359,-0.828247,2.24316,5.37691,1.32927,90.5736,-3.01342,2.92642,115.851,-11.413,-12.7875,30.7499
-6.58028,-7.37966,13.9224,6.24864,0.680533,81.2333,-3.10319,2.7881,95.7686,-3.49315,-10.0094,37.3853
-18.9608,-19.7904,37.7115,6.22649,1.01252,81.7289,-2.76783,3.04719,95.5905,-2.15838,-10.8458,46.8179
-13.9637,-11.0351,44.0914,6.01457,-1.21458,67.2693,-4.39463,-0.170804,59.8955,-0.305613,-11.3921,62.134
-11.7419,-4.44065,61.9584,5.55883,0.172484,63.0973,-4.12414,0.772648,60.4045,-0.555715,-11.5848,65.6082
-2.84448,1.58899,60.9298,4.89229,-2.27239,43.3185,-4.67228,-3.55175,13.4522,-0.231578,-12.1115,108.28
-2.44788,1.85377,60.7841,5.13275,-1.98146,40.2792,-2.58963,-1.70536,8.11554,-0.00970959,-11.7751,109.127
1.13697,3.30801,70.0587,4.56541,-3.20157,35.3975,-1.14069,-1.01407,3.17932,2.04037,-8.55346,128.394
1.02441,3.09601,70.8864,4.41044,-3.37698,34.1913,-0.381655,-0.331971,1.48488,2.08789,-7.78943,127.775
2.45095,4.31475,78.7958,2.84988,-3.23744,31.8768,-0.201569,-0.177442,0.899789,3.75853,-3.76217,124.167
2.27853,4.21513,79.1256,2.3883,-3.46061,31.1976,-0.107211,-0.0923123,0.632121,3.70963,-3.26238,124.075
2.2798,5.52897,85.1227,0.599527,-3.69309,27.9535,-0.0708686,-0.0603276,0.488111,4.11312,-1.18631,116.635
2.20387,5.52974,85.3575,0.110185,-3.89516,26.5507,-0.0467017,-0.0392572,0.400621,4.20772,-0.914553,116.958
1.77719,6.47233,90.1523,-1.47665,-4.75554,22.782,-0.0334015,-0.0279867,0.344669,4.26706,-0.27067,116.15
1.83277,6.55698,90.1596,-1.96959,-4.93073,20.3274,-0.0240824,-0.0202833,0.306794,4.51713,-0.056344,116.516
1.38324,6.89238,95.3051,-3.66053,-5.87342,15.4011,-0.0182187,-0.0158017,0.28254,4.75031,0.45434,120.583
1.63889,7.01428,94.902,-3.24906,-5.17338,12.8771,-0.014138,-0.0126632,0.264503,5.15633,0.80008,120.338
1.591,6.57906,99.6905,-3.76247,-5.21034,10.495,-0.0114051,-0.0111481,0.255359,5.162,1.94932,125.15
1.68772,6.66461,99.9034,-2.10071,-2.87453,6.32085,-0.00971549,-0.0100058,0.247598,5.45937,2.36668,124.337
2.24682,5.69786,103.263,-1.64167,-2.08745,4.4497,-0.00851105,-0.0101004,0.247533,3.53979,3.08899,123.44
2.48095,5.85421,102.994,-0.776711,-0.973768,2.47862,-0.007948,-0.0100576,0.247526,3.87842,3.49541,123.028
3.39367,4.88299,101.287,-0.521255,-0.635258,1.721,-0.0072676,-0.0113682,0.257714,2.03462,2.81987,122.833
3.58669,5.10242,101.052,-0.300278,-0.360018,1.18362,-0.00748228,-0.0123001,0.267342,2.47326,3.16857,122.56
4.11092,4.36203,94.7785,-0.21012,-0.25057,0.924522,-0.007122,-0.0150939,0.291732,1.66529,1.8592,121.528
4.16396,4.60481,95.12,-0.14575,-0.170995,0.747689,-0.00818344,-0.0175008,0.316951,2.18259,2.10649,121.487
4.00286,4.18188,88.7207,-0.11483,-0.133312,0.655616,-0.0078339,-0.0236843,0.370711,2.05015,0.479548,119.227
3.96152,4.43677,89.4733,-0.0924202,-0.104664,0.585046,-0.0104521,-0.0309257,0.436069,2.63764,0.625166,119.628
2.93013,3.99094,84.3853,-0.0833775,-0.0901688,0.569239,-0.00978621,-0.0486586,0.569512,2.1609,-1.01844,118.785
2.90509,4.22732,85.3469,-0.0806077,-0.0831283,0.563629,-0.0164553,-0.0826266,0.781465,2.84307,-0.926125,119.568
2.2175,5.07083,84.9168,-0.0937902,-0.0861596,0.641541,-0.00643408,-0.188854,1.30707,2.18364,-1.9999,121.652
2.23999,5.2941,85.5886,-0.125248,-0.108915,0.761744,-0.0209627,-0.885742,3.23648,2.86313,-1.81742,122.46
1.68523,7.44674,86.7229,-0.257512,-0.181862,1.19276,-3.71588,-13.7468,28.7777,1.83532,-1.97363,118.871
1.82644,7.56381,87.2279,-1.08581,-0.73,2.93738,-9.58814,-9.63333,37.9543,2.46666,-1.70868,119.844
0.658421,9.04118,82.2185,-19.3734,-15.1875,35.1814,-5.88936,-5.33725,46.5224,1.23276,-1.05,103.511
0.722565,9.05808,82.2006,-12.089,-17.392,43.7417,-8.1126,-7.07891,58.4777,0.821852,-0.45676,101.723
-0.396927,8.92831,66.2317,-2.03637,-7.72631,54.612,-5.77704,-4.84066,68.5603,-0.685922,-0.57081,69.9676
0.0661022,8.75159,61.2978,-0.825597,-7.18612,59.8355,-5.64095,-4.84314,70.3105,-0.171136,-0.0178732,68.7
-0.847624,7.29271,45.7435,0.529405,1.0095,64.8593,-1.7462,0.248844,90.725,-4.08346,-4.47965,17.8684
-0.91014,7.30089,42.4882,0.462451,0.900131,66.5714,-1.6397,0.587231,91.2655,-3.13941,-3.03003,13.0402
-2.11438,6.16381,37.9219,0.761361,5.94552,69.6504,2.04111,6.04512,105.318,-1.94558,-2.63666,5.81498
-2.4705,5.87831,36.7468,0.660765,5.61623,70.7774,2.45734,6.07836,105.131,-0.604614,-0.84451,2.46381
-2.96537,5.08587,39.074,0.474665,5.07714,72.8531,2.93655,9.89797,107.005,-0.330608,-0.468088,1.4939
-3.27755,4.46708,38.8262,0.399173,4.73309,73.791,3.2402,9.9895,107.062,-0.180863,-0.257371,1.02913
-3.7192,2.44896,35.1744,0.783039,1.91956,77.847,2.48977,11.6693,106.839,-0.1256,-0.175624,0.802669
-4.01904,1.88968,33.0403,0.817928,1.70919,78.5849,2.70319,11.8169,107.292,-0.0889972,-0.121623,0.66519
-5.45396,-2.95318,20.3048,1.84479,-0.519977,85.4203,2.26331,11.6285,109.238,-0.0709611,-0.0954141,0.584035
-5.23943,-3.02512,16.7206,1.91013,-0.606303,86.4217,2.44342,11.8307,109.824,-0.0570195,-0.0750764,0.525724
-5.39267,-5.5567,12.4839,3.14245,-1.15214,94.4918,2.3137,10.6388,113.731,-0.0497417,-0.0645266,0.49305
-2.81995,-2.87239,7.07769,3.13294,-0.879493,95.2141,2.50994,10.993,114.102,-0.0438496,-0.0554679,0.46574
-2.43542,-2.81029,5.80726,4.01623,-0.379442,104.167,1.61921,8.78196,118.334,-0.0413606,-0.0509051,0.458816
-1.04995,-1.2259,2.96816,4.0306,0.130297,104.454,1.87893,9.24937,118.369,-0.0398367,-0.0472759,0.45335
-0.798295,-0.951877,2.3088,3.90965,1.46028,107.443,0.675174,7.14608,122.206,-0.0416123,-0.0451224,0.473548
-0.503829,-0.612332,1.67234,4.09637,1.93075,107.746,0.960408,7.71314,122.003,-0.0440849,-0.0460309,0.494487
-0.418595,-0.508564,1.43692,3.89528,3.42844,105.269,-0.390957,5.86534,123.803,-0.0521964,-0.0473393,0.553965
-0.318172,-0.390998,1.20911,4.18079,3.86746,105.547,-0.122794,6.53551,123.629,-0.0624049,-0.0543856,0.620665
-0.282653,-0.344001,1.1193,4.07022,4.69849,101.147,-1.42689,4.81346,122.981,-0.0881417,-0.0629844,0.769294
-0.242593,-0.297115,1.0299,4.4311,5.08959,101.475,-1.17937,5.55829,123.12,-0.129369,-0.089315,0.971422
-0.234758,-0.284556,1.05592,4.74794,4.91197,96.4095,-2.17941,4.87093,121.011,-0.245284,-0.134892,1.43962
-0.249501,-0.303855,1.12727,5.12858,5.20826,96.905,-1.97032,5.61518,121.646,-0.559266,-0.31822,2.38752
4.67292,6.2445,74.0708,-0.163847,-0.158069,0.904008,-0.121304,-0.573155,2.38355,4.17939,-1.78189,128.153
3.33762,7.74967,92.4456,-0.319053,-0.269278,1.32507,-1.50561,-6.22836,11.9303,4.20647,-0.528386,120.175
4.04701,8.47849,85.3695,-0.871356,-0.712222,2.44083,-11.5569,-19.3268,43.5688,4.28106,-0.120572,121.589
2.16781,10.0041,80.0183,-7.95436,-6.18992,14.3592,-11.2129,-12.0275,65.624,2.02051,0.373895,103.199
2.48038,10.0084,79.728,-17.4063,-16.2783,33.0427,-9.57069,-9.2283,65.2712,2.13646,0.853804,101.49
0.947103,9.39984,63.6114,-14.9535,-16.713,52.5897,-6.05403,-5.72572,71.9662,0.0635377,-0.0196634,69.1538
1.64364,8.95683,57.9116,-5.1348,-15.2351,75.7521,-5.75061,-5.42254,73.3546,0.660597,0.687766,68.0312
-0.176664,7.21128,43.043,-0.869723,-1.7652,67.5622,-1.35786,-0.0420201,93.9177,-4.47223,-4.90679,17.7173
-0.370176,7.19587,39.8792,-0.520771,-1.10142,67.0592,-1.12361,0.382035,94.2677,-3.35026,-3.29216,12.6653
-1.63493,6.0861,35.8815,-0.239432,3.77023,70.145,2.89615,6.07241,107.568,-2.33285,-3.04184,6.46086
-2.01408,5.77463,34.756,-0.289863,3.42087,71.2866,3.40326,6.18357,107.239,-0.713452,-0.960462,2.63634
-2.34467,5.07145,37.039,-0.379158,2.6591,73.4959,3.94322,10.0639,108.884,-0.395134,-0.537257,1.60457
-2.65306,4.45251,36.941,-0.400452,2.35113,74.2921,4.32743,10.2244,108.837,-0.216392,-0.295547,1.09146
-3.31035,2.22993,32.7373,0.0409294,-0.480266,78.2714,3.66973,11.8224,108.491,-0.150091,-0.202099,0.84703
-3.72931,1.50207,29.8603,0.146784,-0.746431,79.038,3.97026,11.9886,108.854,-0.106002,-0.140215,0.696028
-5.48078,-3.71573,16.9794,1.27783,-3.12058,86.2143,3.73628,11.6539,110.722,-0.0839202,-0.109884,0.60695
-4.74644,-3.36303,13.0047,1.36085,-3.20181,87.1595,3.98432,11.9039,111.184,-0.0669511,-0.0862804,0.541534
-5.00534,-5.13761,11.1154,2.5169,-3.73452,94.9062,3.90386,10.7202,114.642,-0.0578574,-0.0737747,0.504345
-2.4254,-2.49047,5.94112,2.54723,-3.44697,95.5006,4.16503,11.1077,114.895,-0.0506108,-0.063164,0.472568
-2.19212,-2.45233,5.10724,3.32555,-3.06266,104.08,3.40409,9.01709,119.021,-0.0471607,-0.0575318,0.461003
-1.04498,-1.17623,2.80365,3.41129,-2.54084,104.134,3.72953,9.50059,118.994,-0.0447321,-0.0528558,0.450675
-0.842886,-0.961106,2.28478,3.29722,-1.37883,106.868,2.59895,7.62471,123.289,-0.0460542,-0.0505197,0.46474
-0.562608,-0.648847,1.69929,3.54282,-0.982127,107.056,2.94233,8.16696,122.975,-0.0480403,-0.0509507,0.479068
-0.485124,-0.556375,1.49321,3.23984,0.647434,103.998,1.61439,6.22555,124.242,-0.0567177,-0.0538,0.53036
-0.38121,-0.437881,1.26506,3.58223,0.963663,104.25,1.92669,6.8468,124.052,-0.067806,-0.0621413,0.588792
-0.345677,-0.390821,1.1738,3.55665,1.69834,99.699,0.612804,4.99925,123.297,-0.0983664,-0.0781588,0.726327
-0.299131,-0.336055,1.06699,3.96324,1.9428,100.017,0.899489,5.68281,123.45,-0.151296,-0.116374,0.927424
-0.293049,-0.324414,1.07596,4.25499,1.78764,95.1946,-0.150991,4.91948,121.703,-0.333217,-0.222698,1.46089
-0.309573,-0.339466,1.12086,4.70195,1.96426,95.6287,0.1394,5.62699,122.211,-1.20184,-0.811432,3.26348
-0.428162,-0.468084,1.45791,5.49576,1.43983,89.3689,-0.403612,5.81901,115.592,-11.0444,-8.78042,20.5353
-0.895157,-0.960429,2.44356,5.97502,1.49998,90.2377,-0.0026521,6.38477,116.619,-11.7602,-13.6388,28.071
-7.59012,-7.95082,15.0545,6.76797,0.997257,80.8552,-0.553499,5.85495,96.9108,-6.29584,-12.1389,34.3194
-18.5997,-18.5327,35.1253,6.94058,1.23552,81.5563,0.0416739,6.0376,96.55,-4.28129,-14.0814,50.3907
-17.6634,-15.6481,41.6929,6.52588,-0.680481,65.3711,-2.73963,2.02232,60.4778,-1.84297,-13.5311,65.4377
-15.566,-7.83521,69.2893,5.93018,0.936867,60.6063,-2.3979,3.14499,60.2717,-1.80889,-13.0405,67.4375
-4.31389,0.281523,64.4019,5.27883,-1.79934,42.198,-4.77079,-3.70853,13.3157,-2.0172,-14.4488,109.217
-3.15684,1.117,61.4928,5.63953,-1.63699,39.9603,-2.57613,-1.76652,7.8678,-1.67758,-13.9553,109.617
0.436395,2.6925,70.6868,4.9007,-2.73909,35.1924,-1.37011,-1.24428,3.5398,0.28464,-10.9165,127.105
0.322066,2.51415,71.5092,4.7342,-2.90933,34.0215,-0.449572,-0.398572,1.61419,0.367575,-10.0227,126.348
1.74681,3.92559,79.6644,3.01344,-2.75287,31.2663,-0.248769,-0.22382,0.997202,2.13045,-5.93467,122.243
1.64927,3.89753,79.9556,2.56923,-2.94439,30.4491,-0.133431,-0.11774,0.693669,2.15048,-5.4066,122.289
1.75039,5.31917,85.998,0.776016,-3.24381,27.2377,-0.0885108,-0.0774612,0.533348,2.72801,-3.27037,115.955
1.77205,5.39421,86.0641,0.291704,-3.45229,25.7592,-0.0581031,-0.0503307,0.435803,2.87302,-2.94861,116.336
1.42616,6.25424,91.0639,-1.41624,-4.34364,21.7793,-0.0416596,-0.0360492,0.374094,3.05484,-2.29872,116.639
1.51822,6.38605,91.0891,-2.02417,-4.52159,18.785,-0.030191,-0.0262751,0.331857,3.36449,-2.02464,116.918
1.17186,6.63351,95.9068,-3.66474,-5.42493,14.078,-0.0229426,-0.0204849,0.304834,3.55599,-1.47043,120.913
1.52023,6.81342,95.3586,-3.15134,-4.63109,11.4196,-0.017938,-0.016483,0.284493,4.04735,-1.05329,120.625
1.52385,6.29783,100.054,-3.50394,-4.58191,9.35553,-0.0145785,-0.0144117,0.27403,3.92714,0.107664,124.913
1.70226,6.43933,100.125,-1.91051,-2.46675,5.54963,-0.0125215,-0.0129418,0.26494,4.29316,0.596927,124.128
2.28579,5.40997,103.115,-1.54913,-1.88004,4.09241,-0.0109965,-0.0128012,0.264305,2.23137,1.32096,123.245
2.58033,5.60633,102.757,-0.775878,-0.928767,2.382,-0.0102917,-0.0126829,0.263627,2.63454,1.76802,122.858
3.41338,4.66299,100.782,-0.538345,-0.629996,1.70439,-0.00947192,-0.0140406,0.274331,0.975382,1.08312,122.698
3.63796,4.91019,100.518,-0.317152,-0.365811,1.18709,-0.00980672,-0.0152067,0.284318,1.46114,1.46198,122.445
4.07337,4.11158,94.3244,-0.224539,-0.25805,0.934226,-0.00955066,-0.018477,0.310635,0.837464,0.19637,121.844
4.15232,4.36806,94.6216,-0.15695,-0.177673,0.757209,-0.0111007,-0.0216271,0.337737,1.39225,0.47201,121.78
3.95553,3.92814,88.1198,-0.124189,-0.139489,0.664847,-0.0113743,-0.0294636,0.397005,1.37417,-1.05624,119.464
3.93713,4.18785,88.837,-0.10014,-0.109969,0.592851,-0.0156627,-0.0394354,0.46975,1.99304,-0.899815,119.858
2.93729,3.84032,83.9075,-0.0902447,-0.0951675,0.576197,-0.0179448,-0.0641192,0.620892,1.54226,-2.46753,118.867
2.92929,4.07228,84.8395,-0.087103,-0.0879485,0.569635,-0.0331604,-0.115023,0.869058,2.2422,-2.37663,119.649
2.23847,4.94646,84.5556,-0.101548,-0.0920752,0.647771,-0.0484898,-0.299858,1.54106,1.54743,-3.5413,121.526
2.2787,5.16218,85.1505,-0.135733,-0.11673,0.768614,-0.394746,-2.05255,4.99798,2.22404,-3.3522,122.317
1.81363,7.32322,86.1735,-0.280317,-0.1999,1.20371,-8.64477,-19.3946,38.0198,0.981063,-3.37879,118.149
1.86283,7.44153,86.6619,-1.18273,-0.806847,3.00997,-9.60741,-9.71229,39.3109,1.51516,-3.11602,118.865
0.544586,8.81966,81.0785,-19.9686,-15.7039,35.246,-6.45585,-6.18214,49.5371,0.290868,-2.26586,101.386
0.552214,8.84213,81.3288,-14.0692,-17.8041,40.6085,-8.48064,-7.79027,59.6592,-0.0576783,-1.7585,99.6812
-0.501188,8.5595,64.7311,-3.50426,-9.78955,56.2017,-5.85338,-5.40147,69.0405,-1.43372,-1.49463,67.3712
-0.0365258,8.39425,60.0202,-1.38424,-8.63586,61.531,-5.68267,-5.39733,70.5549,-0.892476,-0.990606,66.5537
-1.03208,6.94867,44.9535,0.18878,0.039487,65.3595,-1.81243,-0.503962,91.5546,-4.18916,-4.63062,16.8659
-1.11617,6.94204,41.7203,0.139593,-0.0782641,66.9755,-1.70265,-0.19409,92.119,-3.02817,-2.96497,11.813
-2.24242,5.96173,37.8399,0.3007,4.75289,69.9203,1.79955,5.16302,105.671,-1.70802,-2.26767,5.19094
-2.60099,5.6322,36.7086,0.198965,4.38953,70.9699,2.21993,5.15645,105.513,-0.546324,-0.750818,2.27837
-3.03081,4.82499,38.9669,0.019476,3.58968,73.3318,2.5837,8.84333,107.545,-0.296819,-0.414103,1.39131
-3.35348,4.18101,38.5971,-0.0513808,3.22868,74.1296,2.88088,8.89065,107.634,-0.163719,-0.230015,0.969577
-3.88829,2.04545,34.3324,0.288859,0.403154,78.2688,2.14327,10.3444,107.573,-0.113185,-0.15694,0.758517
-4.19806,1.45689,31.9897,0.335614,0.154185,78.9064,2.35608,10.4257,108.048,-0.0799294,-0.108785,0.629761
-5.61725,-3.41712,18.9457,1.4188,-2.17319,85.6527,2.05843,10.0043,109.979,-0.0633494,-0.0852753,0.552395
-5.14769,-3.26374,15.2997,1.45776,-2.32618,86.6326,2.22234,10.1406,110.549,-0.0506338,-0.0669629,0.496397
-5.18752,-5.34959,11.8151,2.58803,-3.08437,94.56,2.0312,8.67359,114.004,-0.0439762,-0.0574608,0.464587
-2.5786,-2.65528,6.46423,2.55754,-2.86878,95.1793,2.20754,8.96535,114.365,-0.0386912,-0.0492636,0.43791
-2.2035,-2.5147,5.26629,3.3868,-2.56137,103.779,1.29495,6.741,118.7,-0.0363995,-0.0450275,0.42909
-0.996856,-1.15347,2.80508,3.38874,-2.15627,104.005,1.53273,7.12303,118.708,-0.0348281,-0.0414106,0.421623
-0.767684,-0.90251,2.20509,3.2592,-0.935972,106.755,0.192967,4.9185,122.469,-0.0362463,-0.0393164,0.43732
-0.497547,-0.594814,1.62252,3.42858,-0.61377,107.001,0.445386,5.3774,122.243,-0.0382096,-0.0396408,0.45386
-0.416478,-0.496703,1.39928,3.15729,0.877226,104.471,-1.01724,3.35333,123.908,-0.0452036,-0.0408886,0.50424
-0.320215,-0.384499,1.17869,3.41992,1.13633,104.716,-0.790824,3.88767,123.732,-0.0540367,-0.0465292,0.561866
-0.285318,-0.338169,1.08589,3.33341,1.83068,100.247,-2.12344,1.99524,122.553,-0.0772746,-0.0550938,0.692231
-0.24485,-0.289512,0.988628,3.6631,2.01868,100.557,-1.93763,2.57099,122.756,-0.116952,-0.0788012,0.879676
-0.238279,-0.279105,1.00111,3.89303,1.77374,95.6522,-3.12514,1.68339,120.939,-0.245171,-0.131231,1.35104
-0.252275,-0.293678,1.04766,4.26227,1.88808,96.0826,-2.95808,2.26527,121.498,-0.778121,-0.406764,2.6785
-0.34561,-0.404013,1.36473,4.98791,1.34298,89.7202,-3.39049,2.60445,114.96,-7.37169,-4.42792,14.4288
-0.727281,-0.83452,2.25523,5.37699,1.32979,90.5702,-3.01523,2.92574,115.847,-11.3731,-12.796,30.7358
-6.69816,-7.50345,14.1412,6.24459,0.688342,81.2187,-3.10731,2.7929,95.7664,-3.46535,-9.97751,37.303
-18.9876,-19.7923,37.7575,6.22538,1.01454,81.7236,-2.77052,3.04766,95.5875,-2.15258,-10.8378,46.7927
-13.918,-10.9547,44.0931,6.01453,-1.21494,67.2679,-4.39541,-0.171987,59.8908,-0.305865,-11.3941,62.1358
-11.705,-4.40531,61.8544,5.56097,0.169166,63.1008,-4.12529,0.770334,60.4059,-0.555843,-11.5868,65.607
-2.83753,1.5975,60.9065,4.89226,-2.27356,43.3189,-4.67583,-3.55197,13.4697,-0.231867,-12.1119,108.273
-2.44635,1.85756,60.784,5.13246,-1.98173,40.278,-2.59531,-1.70743,8.13442,-0.00960824,-11.7759,109.122
1.13905,3.3128,70.0575,4.56536,-3.20151,35.396,-1.14288,-1.01608,3.18425,2.04066,-8.55489,128.391
1.02665,3.101,70.8843,4.41038,-3.37692,34.1897,-0.382112,-0.332398,1.48624,2.08794,-7.79099,127.772
2.45323,4.32029,78.7937,2.8498,-3.23746,31.8755,-0.201754,-0.177625,0.900378,3.75837,-3.76363,124.164
2.28069,4.2206,79.1236,2.38814,-3.46064,31.1963,-0.10729,-0.0923908,0.632437,3.70924,-3.26394,124.072
2.28189,5.53476,85.1209,0.599376,-3.69319,27.9524,-0.0709143,-0.0603739,0.488313,4.11257,-1.18778,116.633
2.20582,5.53545,85.3558,0.109962,-3.89528,26.5494,-0.0467286,-0.0392849,0.400763,4.20698,-0.916123,116.955
1.77908,6.47827,90.1506,-1.4768,-4.75569,22.7809,-0.0334192,-0.0280053,0.344776,4.26615,-0.272296,116.147
1.83458,6.56283,90.158,-1.96962,-4.93094,20.327,-0.0240943,-0.0202961,0.30688,4.51607,-0.0580461,116.513
1.38505,6.89851,95.3034,-3.6603,-5.87361,15.4015,-0.0182273,-0.0158112,0.282613,4.74903,0.452518,120.58
1.64051,7.0203,94.9007,-3.24884,-5.17357,12.8774,-0.0141443,-0.0126705,0.264566,5.15487,0.798191,120.335
1.59242,6.58533,99.6896,-3.76179,-5.20978,10.4939,-0.01141,-0.0111542,0.255416,5.16021,1.94728,125.147
1.68893,6.67079,99.9029,-2.09972,-2.87331,6.31874,-0.00971962,-0.0100112,0.247651,5.45738,2.36457,124.334
2.24802,5.70425,103.263,-1.64052,-2.08605,4.44735,-0.00851454,-0.0101056,0.247585,3.53756,3.08684,123.436
2.48221,5.86057,102.993,-0.77625,-0.973209,2.47765,-0.00795128,-0.0100627,0.247576,3.87615,3.49327,123.024
3.39487,4.88926,101.286,-0.520973,-0.634925,1.72042,-0.00727049,-0.0113736,0.257766,2.03213,2.81765,122.829
3.58783,5.10866,101.051,-0.300147,-0.359864,1.18334,-0.00748544,-0.012306,0.267396,2.47067,3.16633,122.556
4.11193,4.36788,94.7777,-0.210041,-0.250478,0.92435,-0.00712509,-0.0151012,0.291795,1.66254,1.8569,121.524
4.16489,4.61068,95.1192,-0.145704,-0.170942,0.747589,-0.0081876,-0.0175099,0.317024,2.17971,2.10418,121.483
4.00365,4.18733,88.7199,-0.114799,-0.133276,0.655551,-0.00783862,-0.0236976,0.370808,2.04718,0.477209,119.223
3.96223,4.44227,89.4725,-0.0923997,-0.10464,0.585006,-0.0104605,-0.0309459,0.436203,2.63452,0.62281,119.623
2.93072,3.9961,84.3846,-0.0833627,-0.0901506,0.569216,-0.00979884,-0.0486987,0.569742,2.15761,-1.02088,118.78
2.90557,4.23255,85.3463,-0.0805972,-0.083115,0.563622,-0.016488,-0.0827208,0.781911,2.8396,-0.928586,119.563
2.21787,5.076,84.9162,-0.0937835,-0.0861467,0.641553,-0.00650263,-0.189217,1.30837,2.17984,-2.0025,121.647
2.24024,5.29934,85.588,-0.125248,-0.108906,0.761791,-0.0216015,-0.889769,3.24494,2.85899,-1.81996,122.454
1.68543,7.45182,86.7216,-0.25756,-0.181855,1.19294,-3.75074,-13.7838,28.8707,1.82976,-1.9752,118.863
1.82632,7.56923,87.2277,-1.08657,-0.730366,2.93886,-9.57584,-9.60499,37.9036,2.46272,-1.7118,119.839
0.658548,9.04615,82.2173,-19.3814,-15.1939,35.1986,-5.88048,-5.32636,46.4852,1.22924,-1.05268,103.506
0.722181,9.06314,82.1998,-12.0792,-17.3856,43.7413,-8.11322,-7.07709,58.4746,0.817152,-0.458955,101.717
-0.397725,8.9324,66.2316,-2.03258,-7.71851,54.6004,-5.7787,-4.83913,68.5594,-0.68971,-0.57196,69.9596
0.0652764,8.75529,61.2975,-0.824967,-7.18208,59.8315,-5.64199,-4.84098,70.3066,-0.174349,-0.0198576,68.7004
-0.848427,7.2939,45.7449,0.52844,1.01077,64.8598,-1.74504,0.250538,90.714,-4.07945,-4.4803,17.9301
-0.910245,7.30183,42.4901,0.462478,0.901526,66.5717,-1.63841,0.588191,91.2571,-3.1443,-3.03229,13.1152
-2.11384,6.16536,37.9216,0.762039,5.94926,69.6487,2.04018,6.04862,105.314,-1.9534,-2.64823,5.83647
-2.46988,5.88002,36.7456,0.661478,5.62035,70.7753,2.45604,6.08209,105.128,-0.606125,-0.846791,2.46915
-2.96487,5.08793,39.0729,0.475229,5.08141,72.8511,2.93494,9.9022,107.002,-0.331333,-0.469161,1.4964
-3.27715,4.46919,38.8252,0.39952,4.73749,73.7892,3.23827,9.99397,107.059,-0.181207,-0.257871,1.03049
-3.71883,2.45091,35.1736,0.783239,1.92421,77.8454,2.48751,11.674,106.836,-0.125834,-0.17595,0.803615
-4.01871,1.8917,33.04,0.817909,1.71394,78.5834,2.70063,11.8218,107.289,-0.0891605,-0.12184,0.665904
-5.45347,-2.95198,20.3052,1.84457,-0.514693,85.4191,2.2604,11.6336,109.235,-0.0710942,-0.0955857,0.584636
-5.23924,-3.02402,16.7209,1.90973,-0.601002,86.4208,2.44022,11.836,109.82,-0.0571288,-0.0752129,0.526248
-5.39213,-5.55611,12.4827,3.14186,-1.14653,94.4916,2.3101,10.6442,113.728,-0.0498406,-0.0646477,0.493541
-2.81822,-2.87058,7.07418,3.1321,-0.874103,95.2148,2.50602,10.9985,114.099,-0.0439399,-0.0555761,0.466204
-2.43258,-2.80722,5.80181,4.01491,-0.373256,104.168,1.61475,8.78771,118.33,-0.04145,-0.0510091,0.45929
-1.04876,-1.2246,2.96573,4.02893,0.137182,104.454,1.87411,9.25565,118.366,-0.0399275,-0.0473783,0.453835
-0.797282,-0.950754,2.30674,3.90758,1.46793,107.443,0.669765,7.1529,122.202,-0.0417147,-0.0452272,0.474098
-0.503227,-0.611657,1.67104,4.09401,1.93888,107.745,0.954698,7.72035,121.999,-0.0442037,-0.0461489,0.495113
-0.418078,-0.507985,1.43578,3.89264,3.43683,105.268,-0.397191,5.87296,123.799,-0.0523569,-0.0474761,0.554777
-0.317789,-0.390569,1.20822,4.17785,3.87632,105.546,-0.129348,6.54355,123.626,-0.0626276,-0.0545703,0.621727
-0.282305,-0.343613,1.11848,4.06707,4.70743,101.146,-1.43385,4.8218,122.978,-0.0885368,-0.0632496,0.770986
-0.242296,-0.296788,1.02918,4.42762,5.09906,101.474,-1.1867,5.56713,123.117,-0.13012,-0.0898123,0.974242
-0.234455,-0.284218,1.05514,4.74431,4.92151,96.4074,-2.18707,4.88005,121.008,-0.247402,-0.136019,1.44608
-0.24916,-0.303475,1.12639,5.12462,5.21817,96.9031,-1.97826,5.62483,121.642,-0.567029,-0.322697,2.40606
4.67429,6.24436,74.0644,-0.163831,-0.158074,0.90398,-0.121361,-0.573103,2.38327,4.17968,-1.78168,128.153
3.33899,7.74952,92.4391,-0.318948,-0.269257,1.32488,-1.50493,-6.22339,11.9213,4.20686,-0.528306,120.176
4.04822,8.47828,85.3637,-0.870531,-0.711771,2.43947,-11.5531,-19.3289,43.5498,4.28162,-0.120621,121.59
2.16846,10.0039,80.0138,-7.93977,-6.17978,14.3364,-11.2159,-12.0338,65.6297,2.02033,0.374039,103.199
2.48129,10.008,79.723,-17.4034,-16.2776,33.0376,-9.57244,-9.23051,65.2775,2.13651,0.853984,101.49
0.94805,9.39939,63.6065,-14.9596,-16.7202,52.5882,-6.05415,-5.72644,71.967,0.0638504,-0.019612,69.1542
1.64472,8.9563,57.9061,-5.13615,-15.2403,75.7588,-5.75056,-5.42304,73.3549,0.660892,0.687958,68.0309
-0.175851,7.2109,43.0379,-0.869017,-1.76641,67.5609,-1.35817,-0.0426018,93.9188,-4.47222,-4.90685,17.7128
-0.369512,7.19554,39.8736,-0.519821,-1.10189,67.0557,-1.12394,0.381576,94.2686,-3.34945,-3.29212,12.6599
-1.63436,6.08572,35.8759,-0.238443,3.76979,70.1413,2.89588,6.07184,107.569,-2.33199,-3.04091,6.45891
-2.01357,5.77424,34.7501,-0.288747,3.42053,71.2823,3.40307,6.1831,107.24,-0.713265,-0.960304,2.63584
-2.34416,5.07114,37.0332,-0.377895,2.65897,73.4909,3.94304,10.0636,108.885,-0.395031,-0.537174,1.6043
-2.65256,4.45226,36.9359,-0.399025,2.35126,74.2861,4.32731,10.2243,108.838,-0.216335,-0.295508,1.09129
-3.31009,2.22925,32.7288,0.0426904,-0.480355,78.2647,3.66966,11.8222,108.492,-0.150046,-0.202072,0.846895
-3.72981,1.49858,29.8358,0.149127,-0.747699,79.0325,3.97031,11.988,108.856,-0.105967,-0.140197,0.695911
-5.47593,-3.71899,16.9575,1.28009,-3.12195,86.2082,3.73611,11.6536,110.724,-0.0838879,-0.109869,0.606838
-4.74005,-3.36383,12.9992,1.36201,-3.1982,87.1446,3.98365,11.9064,111.185,-0.0669227,-0.0862647,0.541425
-5.02004,-5.15621,11.1513,2.51725,-3.72288,94.8758,3.90274,10.7273,114.643,-0.0578305,-0.0737541,0.504234
-2.46557,-2.53172,6.02113,2.54838,-3.42754,95.4548,4.1638,11.1197,114.898,-0.0505844,-0.0631376,0.472462
-2.25845,-2.52603,5.23609,3.32723,-3.04415,104.035,3.40279,9.02926,119.027,-0.0471334,-0.0575006,0.460903
-1.07406,-1.2087,2.86244,3.41375,-2.53292,104.108,3.7285,9.50708,119,-0.0447069,-0.0528245,0.450589
-0.868103,-0.989815,2.33587,3.2993,-1.37648,106.853,2.59784,7.62824,123.296,-0.0460295,-0.0504881,0.464665
-0.577175,-0.665686,1.73005,3.54467,-0.983762,107.049,2.94111,8.16811,122.981,-0.0480178,-0.0509187,0.479007
-0.496978,-0.570039,1.51829,3.24121,0.644453,103.993,1.61306,6.2256,124.248,-0.0566948,-0.0537647,0.530311
-0.389203,-0.447112,1.28245,3.58327,0.959716,104.247,1.92521,6.84599,124.057,-0.0677852,-0.0621018,0.588765
-0.352156,-0.398171,1.1879,3.55723,1.69423,99.6963,0.611195,4.99785,123.302,-0.0983471,-0.0781074,0.726337
-0.303839,-0.341341,1.07739,3.96343,1.93844,100.015,0.897658,5.68088,123.455,-0.151296,-0.116311,0.927527
-0.297149,-0.328903,1.08505,4.25475,1.7834,95.1916,-0.152998,4.9171,121.706,-0.33335,-0.222625,1.46136
-0.313372,-0.343549,1.12916,4.70125,1.95998,95.6249,0.137118,5.62419,122.213,-1.2037,-0.812088,3.26694
-0.433569,-0.473787,1.46933,5.49468,1.43601,89.3642,-0.405725,5.81582,115.593,-11.0626,-8.7927,20.5669
-0.908737,-0.974518,2.46987,5.97322,1.49646,90.2317,-0.005336,6.3815,116.62,-11.7532,-13.6334,28.071
-7.6967,-8.05711,15.2462,6.76261,0.999927,80.8395,-0.556545,5.85498,96.9095,-6.28014,-12.1234,34.3166
-18.5408,-18.46,35.0145,6.94082,1.22848,81.5551,0.0395331,6.03191,96.5501,-4.27391,-14.0697,50.3735
-17.6108,-15.5767,41.6219,6.52577,-0.686121,65.3697,-2.74059,2.0183,60.4769,-1.83924,-13.526,65.4309
-15.5394,-7.80597,69.2392,5.92957,0.931942,60.6043,-2.3993,3.1412,60.2712,-1.80583,-13.0383,67.4373
-4.30426,0.291658,64.3816,5.27815,-1.80234,42.1955,-4.77046,-3.70831,13.3154,-2.01226,-14.4452,109.216
-3.15202,1.12339,61.4895,5.63839,-1.63961,39.9571,-2.57593,-1.76632,7.86776,-1.67292,-13.9519,109.616
0.4414,2.69937,70.6842,4.8996,-2.74148,35.1897,-1.36971,-1.24384,3.53909,0.28979,-10.9129,127.104
0.326909,2.52086,71.5063,4.73299,-2.91181,34.0189,-0.44946,-0.398445,1.614,0.372392,-10.0195,126.347
1.75199,3.9329,79.6614,3.01224,-2.75525,31.2641,-0.248703,-0.223743,0.99708,2.13489,-5.93185,122.242
1.6542,3.90462,79.9528,2.56792,-2.94682,30.4471,-0.133398,-0.1177,0.693602,2.15471,-5.40406,122.288
1.75547,5.32663,85.9952,0.774783,-3.24602,27.2357,-0.0884889,-0.0774348,0.5333,2.73183,-3.26822,115.954
1.77685,5.40147,86.0615,0.290294,-3.45441,25.7562,-0.0580891,-0.0503135,0.435768,2.87665,-2.9467,116.335
1.43094,6.26177,91.0614,-1.41761,-4.34518,21.7747,-0.0416499,-0.0360371,0.374067,3.05826,-2.29707,116.638
1.52288,6.3934,91.0866,-2.02525,-4.52246,18.7804,-0.0301841,-0.0262664,0.331837,3.36781,-2.0232,116.917
1.17709,6.64113,95.9033,-3.66491,-5.42495,14.0782,-0.0229374,-0.0204784,0.304817,3.55951,-1.46908,120.912
1.52615,6.82091,95.3534,-3.15337,-4.63387,11.4279,-0.0179338,-0.016478,0.284479,4.0512,-1.05201,120.624
1.5307,6.30578,100.047,-3.51111,-4.59097,9.37253,-0.0145749,-0.0144076,0.274018,3.9315,0.10893,124.912
1.70908,6.4473,100.118,-1.91816,-2.47657,5.56749,-0.0125182,-0.0129382,0.26493,4.29756,0.598024,124.128
2.2917,5.41785,103.11,-1.55668,-1.88915,4.10835,-0.0109936,-0.012798,0.264298,2.23516,1.32167,123.245
2.585,5.61375,102.755,-0.778784,-0.932196,2.38848,-0.0102891,-0.01268,0.263623,2.63756,1.76836,122.858
3.41754,4.6701,100.781,-0.539999,-0.631892,1.70805,-0.00946966,-0.0140381,0.274329,0.978064,1.08329,122.699
3.64189,4.91717,100.518,-0.317875,-0.36662,1.18884,-0.00980467,-0.0152045,0.284319,1.46362,1.46201,122.445
4.07696,4.11803,94.324,-0.224947,-0.258502,0.935268,-0.00954881,-0.0184752,0.310642,0.839799,0.196294,121.844
4.15584,4.37448,94.6212,-0.157174,-0.177918,0.757839,-0.011099,-0.0216257,0.33775,1.39448,0.471833,121.78
3.95875,3.93404,88.1195,-0.124335,-0.139648,0.665288,-0.0113727,-0.0294635,0.39703,1.37628,-1.0565,119.464
3.94033,4.19377,88.8367,-0.100235,-0.11007,0.59316,-0.0156619,-0.0394377,0.469796,1.99508,-0.900157,119.859
2.94027,3.84585,83.9073,-0.090317,-0.0952433,0.576446,-0.0179445,-0.0641304,0.620993,1.54423,-2.46793,118.867
2.93228,4.07786,84.8393,-0.0871604,-0.0880072,0.569838,-0.0331679,-0.115067,0.869296,2.24414,-2.3771,119.649
2.2414,4.95201,84.5553,-0.101608,-0.0921324,0.647981,-0.0485194,-0.300135,1.54194,1.54935,-3.54181,121.526
2.28167,5.16777,85.1501,-0.135803,-0.116795,0.76884,-0.396115,-2.05853,5.00796,2.22584,-3.35266,122.317
1.81658,7.32872,86.173,-0.28047,-0.200021,1.20411,-8.65985,-19.4067,38.062,0.982267,-3.37889,118.148
1.86574,7.4472,86.6618,-1.18355,-0.807483,3.01149,-9.59759,-9.69701,39.2836,1.5174,-3.11693,118.865
0.547423,8.8249,81.0779,-19.969,-15.7064,35.2489,-6.4511,-6.17726,49.5212,0.292794,-2.26655,101.387
0.55476,8.84752,81.3288,-14.0636,-17.7985,40.5966,-8.48049,-7.78991,59.6592,-0.0561331,-1.75908,99.6816
-0.499097,8.56363,64.7309,-3.50374,-9.78845,56.1952,-5.85339,-5.40124,69.0412,-1.43253,-1.49512,67.3724
-0.0343875,8.39809,60.0196,-1.38437,-8.63682,61.531,-5.68246,-5.39685,70.5551,-0.891394,-0.990787,66.5522
-1.03042,6.95175,44.9525,0.188958,0.0391052,65.359,-1.81277,-0.502865,91.5565,-4.18974,-4.63012,16.8494
-1.1148,6.94493,41.7192,0.139494,-0.0786947,66.9748,-1.70291,-0.192902,92.12,-3.02613,-2.96358,11.7945
-2.2413,5.96409,37.8395,0.300468,4.75189,69.92,1.79988,5.16385,105.67,-1.70607,-2.26475,5.18547
-2.59994,5.63448,36.7085,0.198701,4.38847,70.9697,2.22033,5.15725,105.512,-0.545961,-0.750226,2.27702
-3.02963,4.8275,38.9669,0.0192115,3.58862,73.3315,2.58416,8.84416,107.545,-0.29666,-0.413843,1.39072
-3.3523,4.18352,38.5973,-0.0516149,3.22768,74.1293,2.88139,8.89151,107.634,-0.163651,-0.229899,0.969276
-3.88724,2.04769,34.3326,0.288635,0.40217,78.2683,2.14384,10.3453,107.573,-0.113143,-0.156871,0.758329
-4.19714,1.4587,31.988,0.335483,0.153103,78.906,2.35671,10.4266,108.048,-0.0799041,-0.108742,0.629635
-5.61651,-3.41716,18.9417,1.41873,-2.17452,85.6526,2.05911,10.0052,109.979,-0.0633316,-0.0852454,0.552304
-5.14643,-3.26377,15.2963,1.45761,-2.32712,86.632,2.22302,10.1417,110.549,-0.0506216,-0.0669417,0.49633
-5.18821,-5.35114,11.8173,2.5877,-3.08444,94.5577,2.03186,8.67536,114.003,-0.0439675,-0.0574441,0.464536
-2.58185,-2.65897,6.47091,2.5573,-2.86794,95.1754,2.20823,8.96768,114.365,-0.0386851,-0.0492503,0.437873
-2.209,-2.52118,5.27724,3.38666,-2.5605,103.775,1.29572,6.74353,118.701,-0.0363954,-0.0450167,0.429065
-0.999094,-1.15615,2.80975,3.38876,-2.15624,104.002,1.53362,7.1251,118.708,-0.034826,-0.0414021,0.42161
-0.769531,-0.904751,2.20895,3.25928,-0.936297,106.754,0.193957,4.92048,122.47,-0.0362466,-0.0393102,0.437319
-0.498611,-0.596129,1.62484,3.42871,-0.614301,106.999,0.446434,5.37927,122.243,-0.0382125,-0.0396368,0.453874
-0.417341,-0.497765,1.40117,3.15748,0.876673,104.47,-1.01613,3.35523,123.909,-0.0452113,-0.0408874,0.504278
-0.320816,-0.38524,1.18005,3.42015,1.13576,104.715,-0.789667,3.88959,123.732,-0.0540517,-0.0465327,0.561939
-0.285827,-0.338783,1.08703,3.33366,1.83014,100.246,-2.12226,1.99718,122.554,-0.07731,-0.0551067,0.692382
-0.245252,-0.289991,0.989541,3.66339,2.01814,100.556,-1.93642,2.57299,122.756,-0.117037,-0.0788418,0.879989
-0.238668,-0.279555,1.002,3.89333,1.77324,95.6511,-3.12392,1.68542,120.939,-0.245491,-0.13138,1.35196
-0.25269,-0.294149,1.04859,4.2626,1.88758,96.0815,-2.95679,2.26734,121.499,-0.780292,-0.407917,2.68289
-0.346307,-0.404793,1.36624,4.98827,1.34263,89.7187,-3.38869,2.60611,114.959,-7.40027,-4.45091,14.4802
-0.72945,-0.836913,2.25956,5.37745,1.32912,90.5692,-3.01351,2.92736,115.847,-11.3604,-12.7983,30.7386
-6.72689,-7.53409,14.1944,6.24405,0.689561,81.2151,-3.10665,2.79572,95.7668,-3.45351,-9.96449,37.2774
-18.9832,-19.7834,37.7468,6.226,1.0138,81.7231,-2.7695,3.04924,95.5881,-2.1497,-10.8327,46.7798
-13.9095,-10.9436,44.0715,6.01532,-1.21599,67.2681,-4.39462,-0.171353,59.8915,-0.305646,-11.3941,62.1361
-11.7029,-4.40285,61.8442,5.56157,0.168516,63.1006,-4.12444,0.77125,60.4051,-0.555659,-11.5868,65.6079
-2.83786,1.5979,60.9064,4.89271,-2.27373,43.3182,-4.67473,-3.55193,13.4645,-0.231046,-12.1117,108.274
-2.44674,1.8579,60.7838,5.13281,-1.98192,40.2774,-2.59365,-1.70685,8.12892,-0.00893014,-11.7754,109.123
1.1386,3.31312,70.0571,4.56559,-3.20176,35.3956,-1.14231,-1.01557,3.18294,2.04136,-8.55416,128.391
1.0262,3.10131,70.884,4.4106,-3.37719,34.1895,-0.382002,-0.3323,1.4859,2.08867,-7.79023,127.771
2.45275,4.32064,78.7933,2.85,-3.2377,31.8753,-0.201714,-0.177586,0.900237,3.75914,-3.76285,124.164
2.28023,4.22096,79.1233,2.38834,-3.46088,31.1962,-0.107274,-0.0923758,0.632365,3.71005,-3.26313,124.072
2.28144,5.53519,85.1206,0.59955,-3.69339,27.9523,-0.070906,-0.0603658,0.488269,4.11338,-1.18698,116.632
2.20541,5.5359,85.3556,0.110134,-3.89546,26.5493,-0.0467242,-0.0392805,0.400733,4.20784,-0.915283,116.955
1.77867,6.47878,90.1504,-1.47672,-4.75583,22.7806,-0.0334166,-0.0280026,0.344755,4.26705,-0.271425,116.147
1.8342,6.56336,90.1579,-1.96963,-4.93105,20.3263,-0.0240929,-0.0202945,0.306864,4.51702,-0.0571403,116.512
1.38468,6.89911,95.3033,-3.66033,-5.87351,15.4008,-0.0182264,-0.0158102,0.2826,4.75007,0.453496,120.579
1.64021,7.02093,94.9005,-3.24886,-5.17338,12.8767,-0.0141439,-0.0126699,0.264556,5.15599,0.799211,120.335
1.59221,6.58605,99.6894,-3.76188,-5.20968,10.4937,-0.0114099,-0.0111538,0.255407,5.16147,1.94841,125.146
1.68881,6.67158,99.9027,-2.09995,-2.87349,6.31904,-0.00971966,-0.0100109,0.247644,5.45873,2.36576,124.333
2.24793,5.70513,103.263,-1.64079,-2.0863,4.44778,-0.00851481,-0.0101054,0.247578,3.53898,3.08809,123.436
2.48212,5.8615,102.993,-0.776369,-0.973311,2.47783,-0.00795168,-0.0100626,0.24757,3.8776,3.49457,123.024
3.39482,4.89024,101.286,-0.521047,-0.634986,1.72053,-0.00727122,-0.0113736,0.257761,2.03364,2.81902,122.829
3.5878,5.10971,101.051,-0.300185,-0.359893,1.18339,-0.00748638,-0.0123061,0.267392,2.47225,3.16777,122.556
4.11194,4.36892,94.7776,-0.210066,-0.250496,0.924385,-0.00712661,-0.0151015,0.291791,1.66418,1.85839,121.524
4.16493,4.61181,95.1192,-0.145721,-0.170952,0.74761,-0.0081896,-0.0175103,0.31702,2.18143,2.10575,121.483
4.00372,4.18845,88.72,-0.114811,-0.133284,0.655566,-0.0078421,-0.0236986,0.370807,2.04894,0.478818,119.223
3.96233,4.44349,89.4726,-0.0924092,-0.104646,0.585017,-0.0104657,-0.0309478,0.436204,2.63637,0.624502,119.623
2.93085,3.99732,84.3846,-0.0833714,-0.0901561,0.569225,-0.00980923,-0.0487035,0.569753,2.15954,-1.01912,118.78
2.90573,4.23388,85.3464,-0.0806055,-0.0831201,0.563629,-0.0165088,-0.0827337,0.781948,2.84163,-0.926724,119.563
2.21807,5.07743,84.9163,-0.0937943,-0.0861536,0.641561,-0.00656171,-0.189276,1.30854,2.18202,-2.0005,121.647
2.24047,5.30088,85.5881,-0.125263,-0.108916,0.761801,-0.0219557,-0.890508,3.24636,2.86127,-1.81782,122.455
1.68575,7.45344,86.7215,-0.2576,-0.181881,1.19297,-3.76124,-13.7928,28.8914,1.83183,-1.97278,118.863
1.82663,7.57104,87.2279,-1.08682,-0.730536,2.93916,-9.5758,-9.60076,37.8974,2.46528,-1.70952,119.839
0.659013,9.04795,82.2171,-19.384,-15.196,35.2017,-5.88048,-5.32481,46.4795,1.23167,-1.05062,103.507
0.722568,9.0651,82.1999,-12.0809,-17.3857,43.7376,-8.11513,-7.07715,58.4747,0.819568,-0.45678,101.718
-0.397205,8.93395,66.2315,-2.03409,-7.72001,54.6017,-5.78091,-4.83929,68.56,-0.687862,-0.570572,69.9614
0.0658506,8.75683,61.2972,-0.825868,-7.18294,59.8328,-5.64414,-4.84102,70.3072,-0.172634,-0.0180831,68.6991
-0.847847,7.29549,45.7441,0.528064,1.01101,64.8596,-1.74848,0.251143,90.7169,-4.08092,-4.47996,17.9081
-0.909893,7.30342,42.4891,0.461776,0.901852,66.5714,-1.64181,0.589094,91.259,-3.14279,-3.03134,13.0892
-2.11363,6.16647,37.9215,0.761175,5.94889,69.649,2.03733,6.04898,105.314,-1.95111,-2.64461,5.82984
-2.46969,5.8811,36.7458,0.660577,5.61999,70.7758,2.45332,6.08249,105.128,-0.605776,-0.846159,2.46772
-2.96463,5.08917,39.0731,0.47432,5.08117,72.8515,2.9323,9.90273,107.002,-0.331203,-0.468916,1.49585
-3.27689,4.47048,38.8255,0.398635,4.73738,73.7896,3.23571,9.9946,107.059,-0.181164,-0.257776,1.03025
-3.71857,2.45216,35.1739,0.782299,1.92426,77.8458,2.48505,11.6747,106.836,-0.125814,-0.175901,0.803494
-4.01848,1.89293,33.0401,0.817005,1.71412,78.5838,2.69823,11.8227,107.289,-0.0891534,-0.121815,0.665845
-5.45342,-2.95147,20.3045,1.84362,-0.514389,85.4195,2.25801,11.6347,109.235,-0.0710932,-0.0955721,0.584614
-5.23918,-3.02362,16.7198,1.90881,-0.600538,86.4212,2.43787,11.8372,109.82,-0.0571319,-0.0752067,0.526251
-5.39222,-5.55607,12.4827,3.14082,-1.14571,94.4919,2.30766,10.6457,113.727,-0.0498469,-0.0646463,0.493565
-2.81856,-2.87082,7.07463,3.13107,-0.872956,95.2148,2.50361,11.0002,114.099,-0.0439487,-0.0555784,0.466247
-2.43321,-2.80788,5.80293,4.01379,-0.371747,104.168,1.61221,8.78972,118.33,-0.041462,-0.0510147,0.459353
-1.04896,-1.22481,2.96606,4.02783,0.138819,104.454,1.8716,9.25779,118.366,-0.0399427,-0.0473874,0.453918
-0.797402,-0.950885,2.30693,3.90647,1.46983,107.443,0.667138,7.15528,122.202,-0.0417358,-0.0452398,0.474212
-0.503265,-0.611696,1.67107,4.0929,1.94104,107.745,0.952087,7.72295,121.999,-0.0442317,-0.0461673,0.495265
-0.418081,-0.507983,1.43574,3.89158,3.4392,105.268,-0.399889,5.87583,123.799,-0.0524002,-0.0475016,0.555
-0.317772,-0.390544,1.20814,4.17678,3.87898,105.545,-0.132047,6.54667,123.626,-0.0626933,-0.054612,0.622046
-0.282271,-0.343569,1.11836,4.06606,4.71026,101.145,-1.4366,4.82516,122.978,-0.0886637,-0.0633177,0.771532
-0.242256,-0.296737,1.02905,4.42658,5.1022,101.473,-1.18948,5.57081,123.117,-0.130375,-0.0899603,0.975202
-0.234404,-0.284153,1.05497,4.7433,4.9248,96.4062,-2.18985,4.88396,121.008,-0.248155,-0.13639,1.44835
-0.249096,-0.303396,1.1262,5.12356,5.22164,96.9022,-1.98109,5.62901,121.643,-0.569862,-0.324302,2.41274
4.67373,6.24445,74.0673,-0.163839,-0.15807,0.903992,-0.121404,-0.573107,2.38321,4.17966,-1.78189,128.154
3.33842,7.74962,92.4421,-0.318998,-0.269264,1.32497,-1.50535,-6.22258,11.9196,4.20683,-0.528495,120.176
4.04772,8.47845,85.3663,-0.870917,-0.711967,2.44009,-11.5533,-19.3302,43.545,4.28165,-0.120824,121.591
2.16813,10.0039,80.016,-7.94658,-6.18433,14.3469,-11.2174,-12.0359,65.6316,2.02034,0.373916,103.2
2.48079,10.0082,79.7256,-17.405,-16.2776,33.0398,-9.57361,-9.23149,65.28,2.13635,0.853851,101.491
0.947522,9.39956,63.6091,-14.9574,-16.7168,52.5883,-6.0548,-5.727,71.9676,0.0636408,-0.019731,69.1543
1.64414,8.95648,57.9089,-5.13586,-15.2381,75.7563,-5.75117,-5.42361,73.3551,0.660683,0.687775,68.0313
-0.176304,7.21101,43.0405,-0.869573,-1.76597,67.5619,-1.35877,-0.0433656,93.9189,-4.47232,-4.90684,17.7147
-0.369905,7.19561,39.8765,-0.520496,-1.10179,67.0577,-1.12452,0.380737,94.2687,-3.34987,-3.29212,12.6622
-1.63471,6.08578,35.8789,-0.239154,3.76982,70.1434,2.89522,6.07086,107.569,-2.33238,-3.04127,6.45975
-2.01389,5.77429,34.7532,-0.289544,3.42048,71.2848,3.40238,6.18205,107.24,-0.713357,-0.960361,2.63608
-2.34448,5.07114,37.0364,-0.378794,2.65879,73.4937,3.94234,10.0625,108.885,-0.395085,-0.537208,1.60444
-2.65286,4.45226,36.9392,-0.400038,2.35096,74.2894,4.32657,10.223,108.838,-0.216367,-0.295524,1.09139
-3.31031,2.22944,32.7337,0.0414725,-0.48059,78.2685,3.6689,11.821,108.492,-0.150072,-0.202084,0.846975
-3.72995,1.49948,29.8459,0.147658,-0.747625,79.0361,3.96949,11.9867,108.856,-0.105988,-0.140206,0.695984
-5.47811,-3.71888,16.9643,1.27862,-3.12218,86.2128,3.73535,11.6521,110.723,-0.0839076,-0.109877,0.60691
-4.74201,-3.36401,12.9963,1.36106,-3.20099,87.1536,3.98314,11.9033,111.185,-0.0669405,-0.0862737,0.541497
-5.01037,-5.1447,11.1281,2.51668,-3.72988,94.8927,3.90246,10.7218,114.642,-0.0578478,-0.0737662,0.504308
-2.44258,-2.50828,5.97504,2.54733,-3.43871,95.4798,4.16357,11.1114,114.896,-0.0506015,-0.0631531,0.472535
-2.22094,-2.48437,5.16306,3.32584,-3.0548,104.059,3.40254,9.02083,119.024,-0.0471514,-0.0575191,0.460975
-1.05778,-1.19051,2.82938,3.41187,-2.53774,104.122,3.72808,9.50177,118.997,-0.044724,-0.0528433,0.450655
-0.853983,-0.97372,2.30716,3.29758,-1.37846,106.861,2.59739,7.62433,123.292,-0.0460471,-0.0505074,0.464729
-0.569016,-0.656239,1.71275,3.54301,-0.983758,107.053,2.94069,8.16538,122.977,-0.0480351,-0.050939,0.479069
-0.490303,-0.562332,1.50412,3.23979,0.645055,103.996,1.61263,6.22329,124.244,-0.0567146,-0.0537878,0.530378
-0.384675,-0.441872,1.27256,3.58199,0.960723,104.249,1.92482,6.84405,124.054,-0.0678074,-0.0621299,0.588834
-0.348457,-0.393967,1.17984,3.55619,1.69528,99.6979,0.610822,4.99613,123.298,-0.098379,-0.0781475,0.726422
-0.301131,-0.338292,1.07141,3.96255,1.93955,100.016,0.897357,5.67935,123.452,-0.151342,-0.116375,0.927633
-0.294789,-0.326313,1.07983,4.25409,1.78447,95.1932,-0.153253,4.91578,121.703,-0.33345,-0.22277,1.46155
-0.311205,-0.34121,1.12447,4.70078,1.96101,95.6268,0.136984,5.62297,122.211,-1.20402,-0.812647,3.26752
-0.430628,-0.470677,1.46321,5.4944,1.43689,89.3662,-0.405757,5.81477,115.592,-11.062,-8.79554,20.5676
-0.902232,-0.967756,2.45747,5.97328,1.49706,90.2344,-0.00530887,6.38046,116.619,-11.7512,-13.633,28.0652
-7.66428,-8.02512,15.1888,6.76371,0.998849,80.8449,-0.55639,5.85347,96.9093,-6.28359,-12.1266,34.3114
-18.5895,-18.5118,35.1058,6.93898,1.23227,81.553,0.0391912,6.0331,96.5492,-4.27618,-14.0729,50.3778
-17.6302,-15.5901,41.7035,6.52406,-0.682856,65.3677,-2.74091,2.01921,60.4762,-1.84083,-13.5272,65.4332
-15.531,-7.79538,69.2467,5.92953,0.933002,60.6058,-2.39929,3.14112,60.271,-1.80724,-13.039,67.437
-4.29836,0.295342,64.3578,5.27875,-1.80241,42.198,-4.77056,-3.70848,13.3155,-2.01416,-14.4465,109.216
-3.15232,1.12249,61.488,5.63857,-1.63911,39.9587,-2.57595,-1.76635,7.86767,-1.67459,-13.953,109.616
0.440143,2.69753,70.6858,4.8997,-2.74087,35.1907,-1.36974,-1.24385,3.53912,0.287959,-10.9141,127.104
0.325853,2.51917,71.5074,4.73313,-2.91116,34.0199,-0.449474,-0.398449,1.61401,0.370651,-10.0206,126.347
1.75094,3.93112,79.6623,3.01239,-2.75463,31.265,-0.248712,-0.223747,0.99709,2.1333,-5.93282,122.242
1.65323,3.90291,79.9537,2.5681,-2.94617,30.4479,-0.133403,-0.117703,0.693609,2.15317,-5.40496,122.288
1.75449,5.32484,85.996,0.774958,-3.24541,27.2365,-0.0884923,-0.0774366,0.533306,2.73043,-3.26901,115.954
1.77595,5.39974,86.0623,0.290512,-3.45383,25.7573,-0.0580914,-0.0503149,0.435774,2.8753,-2.94744,116.335
1.43008,6.25999,91.0622,-1.41742,-4.34481,21.7762,-0.0416516,-0.0360381,0.374072,3.05698,-2.29775,116.638
1.52204,6.39168,91.0874,-2.02517,-4.52236,18.7818,-0.0301854,-0.0262672,0.331842,3.36655,-2.02383,116.917
1.17608,6.63936,95.9044,-3.66496,-5.42502,14.078,-0.0229385,-0.0204791,0.304822,3.55816,-1.46971,120.912
1.52484,6.81917,95.3553,-3.15264,-4.63281,11.4245,-0.0179348,-0.0164786,0.284484,4.0497,-1.05264,120.624
1.52906,6.30392,100.05,-3.50824,-4.58733,9.36568,-0.0145759,-0.0144083,0.274024,3.9298,0.108275,124.912
1.70745,6.44542,100.12,-1.91516,-2.47272,5.56047,-0.0125192,-0.0129389,0.264936,4.29585,0.597406,124.127
2.29041,5.41603,103.112,-1.55369,-1.88555,4.10204,-0.0109946,-0.0127988,0.264303,2.23366,1.32119,123.244
2.58416,5.61208,102.756,-0.777628,-0.930828,2.3859,-0.0102901,-0.0126809,0.263629,2.63634,1.76799,122.858
3.41685,4.66851,100.781,-0.539328,-0.631118,1.70657,-0.00947064,-0.0140391,0.274336,0.976955,1.08296,122.698
3.64128,4.91561,100.518,-0.317576,-0.366283,1.18812,-0.00980575,-0.0152056,0.284327,1.46259,1.46171,122.444
4.07641,4.1166,94.3242,-0.224775,-0.258309,0.934833,-0.00954999,-0.0184767,0.31065,0.838816,0.196017,121.844
4.15532,4.37306,94.6214,-0.157077,-0.17781,0.757572,-0.0111005,-0.0216277,0.33776,1.39355,0.471574,121.78
3.95828,3.93274,88.1196,-0.124271,-0.139577,0.665099,-0.0113746,-0.0294666,0.397046,1.37539,-1.05674,119.464
3.93988,4.19246,88.8368,-0.100192,-0.110023,0.593026,-0.0156649,-0.0394428,0.469819,1.99422,-0.900382,119.858
2.93985,3.84465,83.9074,-0.090284,-0.0952073,0.576337,-0.0179497,-0.0641414,0.621036,1.54339,-2.46814,118.866
2.93187,4.07665,84.8394,-0.0871336,-0.0879786,0.569749,-0.0331805,-0.115095,0.869387,2.24331,-2.3773,119.648
2.24102,4.95081,84.5553,-0.101581,-0.0921042,0.64789,-0.048558,-0.300263,1.54226,1.54852,-3.54201,121.526
2.28129,5.16657,85.1501,-0.135771,-0.116762,0.768745,-0.396782,-2.06075,5.01143,2.22497,-3.35281,122.317
1.81623,7.32746,86.173,-0.280407,-0.199962,1.20395,-8.66583,-19.4119,38.0752,0.981282,-3.37892,118.147
1.86537,7.44598,86.662,-1.18327,-0.807228,3.01099,-9.59474,-9.69279,39.2741,1.51674,-3.11722,118.865
0.547117,8.82375,81.078,-19.97,-15.7061,35.2499,-6.45006,-6.17622,49.5168,0.292196,-2.26677,101.386
0.554572,8.8463,81.3286,-14.0647,-17.8003,40.6024,-8.4807,-7.78994,59.6594,-0.05678,-1.7592,99.6811
-0.499319,8.56271,64.7309,-3.50323,-9.78802,56.1967,-5.85358,-5.40131,69.0413,-1.43303,-1.49517,67.3718
-0.0346647,8.39725,60.0198,-1.38431,-8.63607,61.5298,-5.68258,-5.3969,70.5549,-0.891847,-0.990954,66.5525
-1.03063,6.95101,44.9528,0.188788,0.0392444,65.359,-1.81264,-0.503064,91.5556,-4.18958,-4.63022,16.8546
-1.11493,6.94423,41.7195,0.139402,-0.078593,66.975,-1.70279,-0.193146,92.1194,-3.02683,-2.96394,11.8005
-2.24137,5.96352,37.8396,0.300461,4.75217,69.92,1.79986,5.16373,105.67,-1.70671,-2.26564,5.18721
-2.59997,5.63394,36.7085,0.198704,4.38879,70.9697,2.22029,5.15715,105.512,-0.546092,-0.750408,2.27747
-3.02969,4.82691,38.9668,0.0192068,3.58894,73.3315,2.58413,8.84407,107.545,-0.296721,-0.413927,1.39093
-3.35237,4.18294,38.5971,-0.0516321,3.22799,74.1293,2.88134,8.89141,107.634,-0.16368,-0.229937,0.969393
-3.88731,2.04718,34.3325,0.288595,0.402473,78.2684,2.14378,10.3452,107.573,-0.113163,-0.156895,0.758409
-4.19718,1.45831,31.9884,0.335417,0.153432,78.9061,2.35663,10.4265,108.047,-0.0799178,-0.108759,0.629696
-5.61659,-3.41713,18.9426,1.41863,-2.17414,85.6526,2.05901,10.0051,109.979,-0.0633426,-0.0852581,0.552354
-5.14661,-3.26376,15.2968,1.45754,-2.32688,86.6322,2.22292,10.1416,110.549,-0.0506305,-0.0669517,0.496373
-5.18785,-5.35052,11.8163,2.58768,-3.08449,94.5584,2.03176,8.67501,114.003,-0.0439754,-0.0574531,0.464576
-2.58057,-2.65755,6.46825,2.55726,-2.8683,95.1767,2.20813,8.96715,114.365,-0.0386923,-0.0492585,0.43791
-2.20693,-2.51875,5.27311,3.38658,-2.56084,103.776,1.29558,6.74296,118.7,-0.0364024,-0.0450246,0.429101
-0.998275,-1.15517,2.80802,3.38864,-2.15622,104.003,1.53344,7.12474,118.708,-0.0348328,-0.0414099,0.421646
-0.76888,-0.903956,2.20757,3.25915,-0.936113,106.754,0.193726,4.92021,122.469,-0.036254,-0.0393181,0.437358
-0.498253,-0.595681,1.62404,3.42857,-0.614026,106.999,0.446185,5.37906,122.243,-0.0382208,-0.0396455,0.453916
-0.417068,-0.49742,1.40055,3.15734,0.876971,104.47,-1.01642,3.35505,123.908,-0.0452219,-0.0408976,0.504329
-0.32064,-0.385015,1.17963,3.42,1.13606,104.715,-0.789978,3.88942,123.732,-0.0540659,-0.0465461,0.562002
-0.285693,-0.338612,1.08672,3.33352,1.83044,100.245,-2.12261,1.99703,122.553,-0.0773341,-0.0551268,0.692478
-0.245161,-0.289873,0.989321,3.66323,2.01843,100.556,-1.93679,2.57284,122.756,-0.117082,-0.0788793,0.880145
-0.238597,-0.279462,1.00182,3.89317,1.77351,95.651,-3.12432,1.68528,120.939,-0.245631,-0.131477,1.35233
-0.252637,-0.294077,1.04846,4.26243,1.88784,96.0814,-2.9572,2.2672,121.498,-0.781086,-0.408447,2.68447
-0.346264,-0.404728,1.36614,4.9881,1.34288,89.7184,-3.38892,2.60587,114.959,-7.40932,-4.45929,14.4967
-0.729479,-0.836911,2.25962,5.37731,1.32925,90.5691,-3.01385,2.92709,115.846,-11.3559,-12.799,30.7365
-6.72979,-7.53685,14.1996,6.24382,0.689869,81.2147,-3.10714,2.79573,95.7667,-3.45066,-9.96112,37.2681
-18.9858,-19.7846,37.7513,6.22574,1.01406,81.7228,-2.76993,3.04914,95.5878,-2.14917,-10.8319,46.7771
-13.9081,-10.94,44.075,6.01511,-1.21584,67.268,-4.39482,-0.171479,59.8911,-0.305734,-11.3943,62.1364
-11.7009,-4.40087,61.8392,5.56154,0.168405,63.1008,-4.12467,0.771002,60.4052,-0.555751,-11.5869,65.6079
-2.83732,1.59849,60.9049,4.89258,-2.27377,43.3183,-4.67508,-3.55194,13.4661,-0.231188,-12.1116,108.273
-2.44655,1.8582,60.7838,5.13267,-1.9819,40.2774,-2.59417,-1.70702,8.1306,-0.00903855,-11.7754,109.122
1.13883,3.31347,70.0571,4.56548,-3.20172,35.3956,-1.1425,-1.01573,3.18336,2.04127,-8.5542,128.39
1.02644,3.10169,70.8839,4.41048,-3.37714,34.1894,-0.38204,-0.332331,1.48601,2.08855,-7.79028,127.771
2.453,4.32105,78.7932,2.84989,-3.23766,31.8752,-0.201729,-0.177599,0.900285,3.75902,-3.76291,124.164
2.28047,4.22137,79.1232,2.38822,-3.46084,31.1961,-0.10728,-0.092381,0.63239,3.70991,-3.26319,124.071
2.28167,5.53561,85.1205,0.599444,-3.69335,27.9522,-0.0709095,-0.0603687,0.488285,4.11322,-1.18704,116.632
2.20562,5.53632,85.3554,0.110021,-3.89543,26.5492,-0.0467262,-0.0392821,0.400744,4.20766,-0.915361,116.954
1.77887,6.47922,90.1503,-1.4768,-4.7558,22.7805,-0.0334179,-0.0280036,0.344763,4.26685,-0.271512,116.147
1.83439,6.5638,90.1578,-1.96968,-4.93102,20.3264,-0.0240937,-0.0202952,0.30687,4.5168,-0.0572357,116.512
1.38487,6.89957,95.3032,-3.66034,-5.87352,15.401,-0.018227,-0.0158107,0.282606,4.74983,0.453392,120.579
1.64038,7.02138,94.9004,-3.24888,-5.17344,12.877,-0.0141443,-0.0126702,0.264561,5.15572,0.799097,120.334
1.59234,6.58652,99.6893,-3.7619,-5.20973,10.4939,-0.0114102,-0.011154,0.255412,5.16116,1.94828,125.146
1.68892,6.67203,99.9026,-2.09992,-2.87347,6.31902,-0.00971988,-0.0100112,0.247648,5.45839,2.36562,124.333
2.24801,5.7056,103.262,-1.64074,-2.08624,4.4477,-0.00851498,-0.0101056,0.247582,3.5386,3.08795,123.436
2.48219,5.86196,102.993,-0.776345,-0.973285,2.4778,-0.00795183,-0.0100628,0.247574,3.87721,3.49442,123.023
3.39486,4.89068,101.286,-0.521031,-0.634969,1.7205,-0.00727133,-0.0113738,0.257765,2.03322,2.81887,122.829
3.58783,5.11014,101.051,-0.300177,-0.359884,1.18338,-0.00748649,-0.0123064,0.267395,2.4718,3.1676,122.556
4.11195,4.36932,94.7776,-0.21006,-0.25049,0.924378,-0.00712668,-0.0151018,0.291795,1.6637,1.85822,121.523
4.16492,4.61221,95.1191,-0.145717,-0.170949,0.747606,-0.0081897,-0.0175107,0.317025,2.18092,2.10557,121.482
4.00371,4.18882,88.7199,-0.114809,-0.133281,0.655564,-0.00784215,-0.0236992,0.370813,2.04841,0.478628,119.222
3.9623,4.44385,89.4725,-0.0924072,-0.104644,0.585016,-0.0104659,-0.0309487,0.436213,2.63581,0.624303,119.623
2.9308,3.99766,84.3845,-0.0833698,-0.0901546,0.569225,-0.00980929,-0.0487053,0.569767,2.15894,-1.01933,118.78
2.90567,4.23422,85.3463,-0.080604,-0.0831189,0.56363,-0.0165094,-0.0827381,0.781976,2.84099,-0.926949,119.563
2.21799,5.07775,84.9162,-0.0937925,-0.0861519,0.641563,-0.00656181,-0.189293,1.30861,2.18132,-2.00075,121.646
2.24037,5.30121,85.588,-0.125261,-0.108913,0.761804,-0.0219716,-0.89071,3.24682,2.86052,-1.81808,122.454
1.68563,7.45375,86.7214,-0.257597,-0.181875,1.19298,-3.76277,-13.7943,28.8958,1.83099,-1.973,118.862
1.82648,7.57136,87.2278,-1.08682,-0.730521,2.93919,-9.57502,-9.59903,37.8944,2.4645,-1.70983,119.838
0.658855,9.04824,82.217,-19.3839,-15.1957,35.2018,-5.87997,-5.32404,46.4773,1.23094,-1.05089,103.506
0.722386,9.06538,82.1998,-12.0801,-17.3852,43.7382,-8.11517,-7.07682,58.4744,0.818746,-0.457026,101.717
-0.397408,8.93418,66.2314,-2.03366,-7.71911,54.6008,-5.78101,-4.83895,68.5598,-0.688504,-0.570697,69.9604
0.0656358,8.75703,61.2972,-0.82575,-7.18234,59.8323,-5.64422,-4.84064,70.3067,-0.173217,-0.018323,68.6992
-0.848031,7.29545,45.7442,0.528023,1.01128,64.8596,-1.74825,0.251466,90.7155,-4.08044,-4.48003,17.916
-0.909985,7.30336,42.4893,0.461852,0.902136,66.5714,-1.64157,0.58932,91.258,-3.14344,-3.03161,13.0988
-2.11365,6.16652,37.9214,0.761342,5.94946,69.6488,2.0373,6.04953,105.314,-1.9521,-2.64606,5.83256
-2.46969,5.88117,36.7456,0.660741,5.62062,70.7755,2.45323,6.08306,105.127,-0.605968,-0.846446,2.4684
-2.96467,5.08927,39.0729,0.474459,5.08181,72.8512,2.93218,9.90336,107.001,-0.331295,-0.469051,1.49617
-3.27694,4.47058,38.8253,0.39874,4.73804,73.7893,3.23553,9.99526,107.058,-0.181208,-0.257839,1.03043
-3.71863,2.45225,35.1737,0.78237,1.92494,77.8455,2.48482,11.6754,106.836,-0.125844,-0.175942,0.803617
-4.01853,1.89305,33.04,0.817039,1.71482,78.5836,2.69795,11.8234,107.288,-0.0891745,-0.121843,0.665939
-5.45341,-2.95131,20.3047,1.84361,-0.513606,85.4193,2.25767,11.6354,109.234,-0.0711106,-0.095594,0.584694
-5.23922,-3.02344,16.7201,1.90876,-0.599737,86.421,2.43748,11.838,109.82,-0.0571462,-0.0752242,0.526322
-5.39227,-5.55603,12.4827,3.14075,-1.14487,94.4917,2.3072,10.6465,113.727,-0.04986,-0.064662,0.493632
-2.81851,-2.87071,7.07452,3.13096,-0.872147,95.2148,2.5031,11.001,114.098,-0.0439608,-0.0555925,0.466311
-2.43304,-2.80767,5.80259,4.01362,-0.370861,104.168,1.61161,8.79052,118.33,-0.0414741,-0.0510285,0.459418
-1.04887,-1.2247,2.96588,4.0276,0.139754,104.454,1.87094,9.25864,118.365,-0.0399551,-0.047401,0.453986
-0.797316,-0.950779,2.30675,3.90618,1.47085,107.443,0.666376,7.15619,122.202,-0.04175,-0.0452539,0.474291
-0.503207,-0.611624,1.67094,4.09256,1.94211,107.745,0.951272,7.7239,121.998,-0.0442483,-0.0461834,0.495354
-0.418027,-0.507917,1.43562,3.8912,3.4403,105.267,-0.400797,5.87683,123.799,-0.0524229,-0.0475204,0.555117
-0.317729,-0.390492,1.20805,4.17635,3.88015,105.545,-0.133011,6.54773,123.625,-0.0627252,-0.0546377,0.622201
-0.282231,-0.343521,1.11826,4.06559,4.71144,101.145,-1.43764,4.82625,122.977,-0.0887209,-0.0633548,0.77178
-0.242221,-0.296695,1.02896,4.42606,5.10345,101.473,-1.19058,5.57196,123.117,-0.130485,-0.0900311,0.975617
-0.234367,-0.284109,1.05488,4.74275,4.92606,96.4058,-2.19101,4.88515,121.007,-0.248468,-0.136552,1.44931
-0.249055,-0.303347,1.1261,5.12296,5.22294,96.9019,-1.9823,5.63027,121.642,-0.571022,-0.324962,2.4155
4.67411,6.24442,74.0654,-0.163834,-0.158072,0.903986,-0.121406,-0.573096,2.38317,4.17973,-1.7818,128.154
3.3388,7.74958,92.4402,-0.31897,-0.26926,1.32492,-1.50511,-6.22174,11.9181,4.20692,-0.528429,120.176
4.04806,8.47838,85.3646,-0.870709,-0.711865,2.43977,-11.5525,-19.3303,43.5422,4.28176,-0.120783,121.591
2.16834,10.0039,80.0146,-7.94298,-6.18197,14.3414,-11.2176,-12.0367,65.6322,2.02033,0.373979,103.2
2.48108,10.0081,79.724,-17.4041,-16.2776,33.0386,-9.57369,-9.2317,65.2807,2.1364,0.853924,101.49
0.947821,9.39944,63.6075,-14.9583,-16.7185,52.5883,-6.05466,-5.72701,71.9675,0.0637399,-0.0196811,69.1543
1.64446,8.95636,57.9073,-5.13588,-15.2392,75.7573,-5.75101,-5.42359,73.3551,0.660785,0.68785,68.0312
-0.176054,7.21091,43.039,-0.869198,-1.76617,67.5613,-1.35867,-0.043329,93.919,-4.47228,-4.90685,17.7139
-0.369684,7.19552,39.8749,-0.520059,-1.10183,67.0566,-1.12442,0.380809,94.2688,-3.34968,-3.29212,12.6612
-1.63451,6.0857,35.8772,-0.238693,3.76982,70.1422,2.89534,6.07096,107.569,-2.33221,-3.04111,6.45938
-2.01371,5.77421,34.7514,-0.289036,3.42052,71.2834,3.40252,6.18218,107.24,-0.713317,-0.960338,2.63598
-2.3443,5.07109,37.0346,-0.378233,2.6589,73.4921,3.94248,10.0626,108.885,-0.395061,-0.537194,1.60438
-2.65269,4.45222,36.9375,-0.39942,2.35114,74.2876,4.32673,10.2232,108.838,-0.216353,-0.295518,1.09135
-3.3102,2.22927,32.731,0.0422047,-0.480456,78.2664,3.66908,11.8212,108.492,-0.15006,-0.202079,0.846939
-3.72999,1.49865,29.8392,0.148553,-0.747769,79.0343,3.96971,11.9869,108.856,-0.105978,-0.140203,0.69595
-5.47673,-3.71945,16.9589,1.27951,-3.12226,86.2106,3.73551,11.6524,110.724,-0.0838985,-0.109874,0.606876
-4.74044,-3.36411,12.9962,1.36164,-3.19956,87.1488,3.98316,11.9045,111.185,-0.0669322,-0.0862697,0.541463
-5.01537,-5.15081,11.1401,2.51703,-3.72601,94.8833,3.90234,10.7243,114.643,-0.0578397,-0.0737604,0.504273
-2.45527,-2.52127,6.00039,2.54795,-3.43246,95.4657,4.16343,11.1155,114.897,-0.0505934,-0.0631454,0.4725
-2.24173,-2.50746,5.20347,3.32665,-3.04886,104.046,3.40239,9.02495,119.026,-0.0471429,-0.0575097,0.460941
-1.06682,-1.20061,2.84769,3.41293,-2.53509,104.114,3.72802,9.50413,118.999,-0.044716,-0.0528337,0.450625
-0.86181,-0.982633,2.32304,3.29854,-1.37745,106.857,2.59733,7.62583,123.294,-0.0460391,-0.0504976,0.464701
-0.573532,-0.661461,1.7223,3.54392,-0.98392,107.05,2.94061,8.16618,122.98,-0.0480275,-0.0509289,0.479043
-0.493983,-0.566575,1.51191,3.24056,0.644519,103.995,1.61254,6.2238,124.246,-0.0567064,-0.0537764,0.530353
-0.387161,-0.444745,1.27798,3.58266,0.959928,104.248,1.9247,6.84432,124.056,-0.0677989,-0.0621165,0.588811
-0.350479,-0.396261,1.18424,3.55672,1.69444,99.6971,0.610676,4.99624,123.3,-0.0983685,-0.0781291,0.726401
-0.302604,-0.339947,1.07466,3.96298,1.93866,100.015,0.897161,5.67933,123.453,-0.151331,-0.116348,0.927619
-0.296072,-0.327718,1.08267,4.25438,1.78361,95.1923,-0.153487,4.91563,121.704,-0.333446,-0.222719,1.46157
-0.312389,-0.342484,1.12704,4.70095,1.96016,95.6257,0.136675,5.62272,122.212,-1.20422,-0.81259,3.26787
-0.432276,-0.472414,1.46667,5.49444,1.43614,89.365,-0.406066,5.81442,115.592,-11.0649,-8.79651,20.572
-0.906144,-0.971812,2.46499,5.97313,1.49644,90.2327,-0.00571903,6.38009,116.619,-11.7508,-13.6322,28.0666
-7.69014,-8.05074,15.235,6.76269,0.999663,80.8409,-0.556895,5.85378,96.9091,-6.28058,-12.1235,34.3123
-18.5674,-18.4864,35.0641,6.93964,1.23023,81.5534,0.0389812,6.03176,96.5494,-4.27466,-14.0705,50.3742
-17.6166,-15.5747,41.6711,6.5246,-0.684542,65.368,-2.74096,2.01826,60.4762,-1.84,-13.5263,65.4316
-15.5287,-7.79308,69.2366,5.92957,0.931992,60.6051,-2.39948,3.14046,60.271,-1.80653,-13.0386,67.437
-4.29822,0.296207,64.3604,5.27857,-1.80284,42.197,-4.77049,-3.70839,13.3154,-2.01312,-14.4458,109.216
-3.15141,1.12389,61.4878,5.63842,-1.63962,39.9578,-2.57593,-1.76632,7.86773,-1.67365,-13.9524,109.616
0.441328,2.69926,70.685,4.89957,-2.74138,35.19,-1.36968,-1.24378,3.53901,0.288984,-10.9134,127.103
0.326958,2.52084,71.5067,4.73297,-2.9117,34.0193,-0.449454,-0.398428,1.61398,0.371603,-10.02,126.347
1.7521,3.93291,79.6617,3.01222,-2.75514,31.2644,-0.2487,-0.223734,0.99707,2.13416,-5.93236,122.241
1.65433,3.90465,79.9531,2.56791,-2.9467,30.4474,-0.133396,-0.117696,0.693598,2.15398,-5.40457,122.288
1.75562,5.32667,85.9954,0.774766,-3.2459,27.236,-0.0884882,-0.0774319,0.533298,2.73116,-3.2687,115.954
1.77701,5.40152,86.0618,0.290288,-3.4543,25.7567,-0.0580888,-0.0503118,0.435768,2.87598,-2.94719,116.335
1.43114,6.26184,91.0617,-1.41762,-4.34514,21.7754,-0.0416497,-0.0360359,0.374068,3.05761,-2.29755,116.638
1.52309,6.39348,91.0868,-2.02529,-4.52256,18.7813,-0.0301841,-0.0262656,0.331838,3.36716,-2.02368,116.917
1.17722,6.64122,95.9038,-3.66497,-5.42508,14.0782,-0.0229375,-0.0204779,0.304819,3.55879,-1.46959,120.912
1.52607,6.82099,95.3543,-3.15298,-4.63333,11.4261,-0.017934,-0.0164777,0.284481,4.05038,-1.05255,120.624
1.53043,6.30584,100.049,-3.50939,-4.58878,9.36845,-0.0145752,-0.0144075,0.274021,3.93053,0.10834,124.912
1.70878,6.44732,100.119,-1.91634,-2.47423,5.56325,-0.0125185,-0.0129382,0.264934,4.29657,0.597431,124.127
2.29161,5.41793,103.111,-1.55483,-1.8869,4.10444,-0.010994,-0.0127982,0.264302,2.23427,1.32114,123.244
2.58515,5.6139,102.755,-0.778058,-0.931331,2.38687,-0.0102896,-0.0126803,0.263628,2.63683,1.76788,122.858
3.41776,4.67027,100.781,-0.539569,-0.631391,1.70711,-0.00947019,-0.0140386,0.274335,0.977384,1.08282,122.698
3.64215,4.91735,100.518,-0.317681,-0.366397,1.18837,-0.00980532,-0.0152051,0.284326,1.46298,1.46154,122.444
4.07721,4.11821,94.3241,-0.224833,-0.258372,0.934983,-0.00954957,-0.0184763,0.310651,0.839178,0.195827,121.844
4.1561,4.37466,94.6213,-0.157109,-0.177843,0.757662,-0.0111001,-0.0216273,0.337761,1.39388,0.471364,121.78
3.959,3.93422,88.1196,-0.124291,-0.139598,0.665161,-0.0113741,-0.0294663,0.397048,1.3757,-1.05696,119.464
3.94059,4.19395,88.8368,-0.100205,-0.110037,0.593069,-0.0156644,-0.0394426,0.469823,1.99452,-0.900621,119.858
2.94052,3.84604,83.9074,-0.0902939,-0.0952171,0.576372,-0.017949,-0.0641419,0.621045,1.54367,-2.46839,118.866
2.93254,4.07806,84.8394,-0.0871414,-0.087986,0.569777,-0.0331802,-0.115099,0.869411,2.24358,-2.37756,119.648
2.24167,4.95221,84.5553,-0.101589,-0.0921112,0.647919,-0.048558,-0.300289,1.54235,1.54878,-3.54228,121.526
2.28196,5.16798,85.1501,-0.13578,-0.11677,0.768775,-0.396903,-2.06135,5.01246,2.22522,-3.35308,122.317
1.81688,7.32887,86.1729,-0.280426,-0.199975,1.204,-8.66728,-19.413,38.0796,0.98146,-3.37915,118.147
1.86602,7.44742,86.662,-1.18336,-0.807291,3.01116,-9.59367,-9.69112,39.2713,1.51702,-3.11753,118.865
0.547725,8.8251,81.078,-19.9698,-15.7061,35.2497,-6.44952,-6.17571,49.515,0.292436,-2.26703,101.386
0.555153,8.84767,81.3286,-14.064,-17.7996,40.6008,-8.48067,-7.78994,59.6593,-0.0565798,-1.75945,99.6811
-0.49885,8.56377,64.7309,-3.50319,-9.78794,56.1959,-5.85358,-5.40133,69.0414,-1.43288,-1.49534,67.3719
-0.0342019,8.39824,60.0197,-1.38433,-8.63626,61.5298,-5.68255,-5.39688,70.5549,-0.891703,-0.991089,66.5523
-1.03028,6.95175,44.9526,0.188809,0.0391138,65.359,-1.81267,-0.502995,91.5558,-4.18964,-4.63018,16.8529
-1.11462,6.94492,41.7194,0.139397,-0.0787268,66.9749,-1.70281,-0.193068,92.1195,-3.02662,-2.96379,11.7986
-2.2411,5.96412,37.8395,0.300441,4.75198,69.92,1.79991,5.16377,105.67,-1.7065,-2.26532,5.18662
-2.59972,5.63453,36.7085,0.198683,4.38858,70.9697,2.22035,5.15718,105.512,-0.546053,-0.750343,2.27733
-3.0294,4.82756,38.9668,0.0191835,3.58874,73.3315,2.58419,8.84411,107.545,-0.296704,-0.413898,1.39086
-3.35208,4.18358,38.5972,-0.0516518,3.2278,74.1293,2.88141,8.89146,107.634,-0.163673,-0.229924,0.96936
-3.88706,2.04776,34.3326,0.288576,0.40229,78.2683,2.14386,10.3452,107.573,-0.113159,-0.156888,0.758388
-4.19696,1.4588,31.9883,0.335412,0.153235,78.906,2.35672,10.4266,108.047,-0.0799152,-0.108754,0.629682
-5.61646,-3.41707,18.942,1.41864,-2.17439,85.6526,2.05912,10.0052,109.979,-0.0633408,-0.0852548,0.552344
-5.14641,-3.26373,15.2961,1.45754,-2.32708,86.6322,2.22303,10.1417,110.549,-0.0506293,-0.0669493,0.496366
-5.1879,-5.35072,11.8165,2.58765,-3.08455,94.5582,2.03186,8.6752,114.003,-0.0439745,-0.0574512,0.46457
-2.58099,-2.65806,6.46912,2.55723,-2.86822,95.1761,2.20824,8.96743,114.365,-0.0386917,-0.049257,0.437906
-2.20771,-2.51969,5.27467,3.38657,-2.56073,103.775,1.2957,6.74328,118.7,-0.0364021,-0.0450234,0.429098
-0.998595,-1.15556,2.80869,3.38865,-2.15623,104.002,1.53358,7.12499,118.708,-0.0348327,-0.0414089,0.421644
-0.769148,-0.904287,2.20813,3.25917,-0.936165,106.754,0.193886,4.92044,122.469,-0.0362541,-0.0393174,0.437357
-0.498407,-0.595875,1.62438,3.4286,-0.614105,106.999,0.446356,5.37929,122.243,-0.0382212,-0.039645,0.453917
-0.417192,-0.497577,1.40083,3.15737,0.87689,104.47,-1.01623,3.35527,123.908,-0.045223,-0.0408975,0.504333
-0.320725,-0.385123,1.17982,3.42005,1.13598,104.714,-0.789785,3.88965,123.732,-0.0540679,-0.0465466,0.56201
-0.285763,-0.338699,1.08687,3.33356,1.83037,100.245,-2.12241,1.99726,122.553,-0.0773385,-0.0551284,0.692494
-0.245213,-0.289939,0.989441,3.66329,2.01836,100.556,-1.93659,2.57308,122.756,-0.117092,-0.0788841,0.88018
-0.238644,-0.27952,1.00193,3.89322,1.77345,95.6509,-3.12411,1.68553,120.939,-0.245668,-0.131494,1.35244
-0.252683,-0.294132,1.04856,4.26249,1.88778,96.0813,-2.95698,2.26745,121.498,-0.781336,-0.408579,2.68496
-0.346329,-0.404806,1.36628,4.98817,1.34285,89.7182,-3.38863,2.60608,114.959,-7.41258,-4.46189,14.5024
-0.72964,-0.837101,2.25993,5.3774,1.32918,90.5691,-3.01357,2.9273,115.846,-11.3546,-12.7992,30.7367
-6.73123,-7.53851,14.2024,6.24385,0.689905,81.2145,-3.10698,2.79602,95.7668,-3.44947,-9.95975,37.2652
-18.9847,-19.7836,37.7492,6.22587,1.01396,81.7228,-2.76973,3.04935,95.5879,-2.14891,-10.8315,46.7758
-13.9079,-10.9404,44.0721,6.01524,-1.21595,67.268,-4.3947,-0.171366,59.8912,-0.305738,-11.3944,62.1365
-11.7015,-4.40128,61.8402,5.56159,0.168424,63.1007,-4.12454,0.771184,60.4051,-0.555752,-11.587,65.608
-2.83753,1.59842,60.9054,4.89264,-2.27376,43.3182,-4.67498,-3.55193,13.4656,-0.231145,-12.1116,108.273
-2.44662,1.85824,60.7838,5.13273,-1.98191,40.2773,-2.59402,-1.70697,8.13009,-0.00900384,-11.7754,109.122
1.13875,3.31352,70.0571,4.56553,-3.20173,35.3955,-1.14246,-1.01569,3.18325,2.04131,-8.55418,128.39
1.02636,3.10173,70.8839,4.41054,-3.37716,34.1894,-0.382033,-0.332325,1.48598,2.0886,-7.79025,127.771
2.45292,4.3211,78.7932,2.84994,-3.23767,31.8752,-0.201727,-0.177597,0.900275,3.75907,-3.76287,124.164
2.28039,4.22143,79.1232,2.38828,-3.46085,31.1961,-0.10728,-0.0923803,0.632385,3.70997,-3.26315,124.071
2.2816,5.53569,85.1205,0.59949,-3.69336,27.9522,-0.0709094,-0.0603684,0.488282,4.1133,-1.18699,116.632
2.20555,5.5364,85.3554,0.110068,-3.89543,26.5492,-0.0467262,-0.039282,0.400743,4.20774,-0.915302,116.954
1.77881,6.47931,90.1503,-1.47677,-4.7558,22.7805,-0.033418,-0.0280036,0.344762,4.26694,-0.271443,116.147
1.83433,6.5639,90.1578,-1.96966,-4.93102,20.3263,-0.0240938,-0.0202952,0.306869,4.5169,-0.0571585,116.512
1.38482,6.89968,95.3032,-3.66035,-5.87349,15.4009,-0.0182271,-0.0158107,0.282605,4.74994,0.453481,120.579
1.64034,7.0215,94.9004,-3.24888,-5.17339,12.8768,-0.0141444,-0.0126703,0.26456,5.15585,0.799196,120.334
1.59231,6.58665,99.6893,-3.76189,-5.20967,10.4937,-0.0114103,-0.0111541,0.255411,5.16131,1.9484,125.146
1.6889,6.67218,99.9026,-2.09992,-2.87344,6.31897,-0.00972002,-0.0100112,0.247647,5.45855,2.36575,124.333
2.24801,5.70576,103.262,-1.64075,-2.08624,4.44769,-0.00851513,-0.0101057,0.247582,3.53878,3.0881,123.436
2.48219,5.86213,102.993,-0.776352,-0.973287,2.4778,-0.00795199,-0.0100628,0.247573,3.8774,3.49458,123.023
3.39488,4.89087,101.286,-0.521037,-0.634972,1.72051,-0.00727153,-0.0113739,0.257764,2.03341,2.81904,122.829
3.58785,5.11034,101.051,-0.30018,-0.359886,1.18338,-0.00748672,-0.0123065,0.267395,2.47201,3.16779,122.556
4.11198,4.36952,94.7776,-0.210063,-0.250492,0.924379,-0.00712701,-0.0151019,0.291795,1.66392,1.85842,121.523
4.16496,4.61242,95.1191,-0.145719,-0.17095,0.747607,-0.00819011,-0.0175109,0.317025,2.18116,2.10578,121.482
4.00374,4.18903,88.7199,-0.11481,-0.133282,0.655564,-0.0078428,-0.0236994,0.370813,2.04865,0.478848,119.222
3.96234,4.44408,89.4725,-0.0924085,-0.104645,0.585016,-0.0104668,-0.030949,0.436212,2.63607,0.624539,119.623
2.93085,3.99789,84.3846,-0.0833709,-0.0901553,0.569225,-0.00981108,-0.0487059,0.569766,2.15921,-1.01908,118.78
2.90572,4.23447,85.3463,-0.0806051,-0.0831195,0.56363,-0.0165128,-0.0827394,0.781975,2.84128,-0.926681,119.563
2.21805,5.07802,84.9162,-0.093794,-0.0861528,0.641562,-0.00657173,-0.189298,1.30861,2.18163,-2.00045,121.646
2.24044,5.30149,85.5881,-0.125263,-0.108915,0.761804,-0.022025,-0.890749,3.24686,2.86085,-1.81776,122.454
1.68572,7.45406,86.7214,-0.257601,-0.181878,1.19298,-3.76373,-13.795,28.8968,1.83132,-1.97266,118.862
1.82657,7.57169,87.2278,-1.08684,-0.730535,2.9392,-9.57527,-9.59904,37.8943,2.46487,-1.70948,119.838
0.658961,9.04857,82.217,-19.3842,-15.1959,35.202,-5.88022,-5.32408,46.4773,1.23128,-1.05057,103.506
0.722492,9.06574,82.1998,-12.0806,-17.3853,43.7377,-8.1155,-7.07688,58.4745,0.81911,-0.45669,101.717
-0.397286,8.93447,66.2314,-2.03399,-7.71946,54.6013,-5.78136,-4.83899,68.5598,-0.688225,-0.570477,69.9607
0.065761,8.75732,61.2972,-0.825926,-7.1825,59.8326,-5.64457,-4.84067,70.3068,-0.172953,-0.0180498,68.699
-0.847918,7.29572,45.7441,0.52793,1.0113,64.8596,-1.74879,0.251509,90.7158,-4.08063,-4.47997,17.9132
-0.909901,7.30362,42.4892,0.461721,0.90217,66.5714,-1.64209,0.589404,91.2582,-3.14325,-3.03148,13.0955
-2.11358,6.16671,37.9214,0.761192,5.94941,69.6488,2.03684,6.04955,105.314,-1.95181,-2.64561,5.83173
-2.46963,5.88136,36.7457,0.660589,5.62056,70.7756,2.4528,6.08308,105.127,-0.605928,-0.846369,2.46822
-2.9646,5.08949,39.073,0.474306,5.08178,72.8513,2.93176,9.90341,107.001,-0.331281,-0.469023,1.4961
-3.27686,4.47081,38.8254,0.398592,4.73802,73.7894,3.23513,9.99532,107.058,-0.181204,-0.257829,1.0304
-3.71856,2.45247,35.1738,0.782214,1.92496,77.8456,2.48443,11.6755,106.836,-0.125843,-0.175937,0.803605
-4.01846,1.89326,33.0401,0.81689,1.71485,78.5836,2.69757,11.8236,107.288,-0.0891747,-0.121841,0.665935
-5.45339,-2.95122,20.3046,1.84345,-0.513551,85.4194,2.2573,11.6356,109.234,-0.0711114,-0.0955933,0.584694
-5.2392,-3.02338,16.7199,1.90861,-0.599665,86.4211,2.43711,11.8381,109.82,-0.0571474,-0.0752243,0.526325
-5.39225,-5.55599,12.4826,3.14059,-1.14474,94.4918,2.30683,10.6467,113.727,-0.0498616,-0.0646626,0.493638
-2.8185,-2.87069,7.07445,3.13079,-0.871976,95.2149,2.50273,11.0012,114.098,-0.0439626,-0.0555936,0.466319
-2.43306,-2.80768,5.8026,4.01344,-0.370625,104.168,1.61122,8.7908,118.33,-0.0414764,-0.05103,0.45943
-1.04888,-1.2247,2.96587,4.02743,0.140026,104.454,1.87056,9.25894,118.365,-0.0399579,-0.047403,0.454
-0.797315,-0.950778,2.30674,3.90601,1.47116,107.443,0.665978,7.15654,122.202,-0.0417536,-0.0452563,0.47431
-0.503204,-0.61162,1.67093,4.09239,1.94247,107.745,0.950878,7.72429,121.998,-0.044253,-0.0461867,0.495379
-0.418021,-0.50791,1.4356,3.89104,3.4407,105.267,-0.401202,5.87725,123.799,-0.05243,-0.0475248,0.555153
-0.317722,-0.390484,1.20802,4.17619,3.88059,105.545,-0.133414,6.5482,123.625,-0.0627358,-0.0546447,0.622252
-0.282223,-0.343511,1.11824,4.06544,4.7119,101.145,-1.43805,4.82676,122.977,-0.088741,-0.0633661,0.771866
-0.242213,-0.296685,1.02893,4.42591,5.10397,101.472,-1.19099,5.57252,123.117,-0.130525,-0.0900549,0.975767
-0.234358,-0.284097,1.05485,4.74261,4.9266,96.4056,-2.19142,4.88575,121.007,-0.248586,-0.136611,1.44966
-0.249044,-0.303333,1.12606,5.1228,5.22351,96.9017,-1.98272,5.63091,121.642,-0.571464,-0.325214,2.41654
4.67392,6.24444,74.0664,-0.163837,-0.158071,0.903989,-0.121414,-0.573099,2.38316,4.17971,-1.78186,128.154
3.33861,7.74961,92.4412,-0.318985,-0.269262,1.32495,-1.50525,-6.22177,11.9181,4.2069,-0.528481,120.176
4.04789,8.47843,85.3655,-0.870819,-0.711917,2.43994,-11.5527,-19.3305,43.5419,4.28174,-0.120831,121.591
2.16823,10.0039,80.0153,-7.9449,-6.18321,14.3443,-11.2178,-12.0369,65.6325,2.02033,0.373942,103.2
2.48092,10.0081,79.7249,-17.4046,-16.2776,33.0393,-9.57391,-9.23185,65.281,2.13636,0.853883,101.491
0.947657,9.3995,63.6084,-14.9578,-16.7176,52.5884,-6.05482,-5.72712,71.9677,0.0636794,-0.0197156,69.1544
1.64428,8.95642,57.9082,-5.13586,-15.2386,75.7568,-5.75117,-5.4237,73.3551,0.660723,0.6878,68.0313
-0.176195,7.21095,43.0398,-0.869404,-1.76606,67.5616,-1.35882,-0.0434817,93.919,-4.47231,-4.90685,17.7143
-0.36981,7.19556,39.8758,-0.520302,-1.10181,67.0572,-1.12457,0.380636,94.2688,-3.34979,-3.29212,12.6617
-1.63462,6.08573,35.8781,-0.238951,3.76981,70.1429,2.89517,6.07075,107.569,-2.3323,-3.04119,6.45958
-2.01381,5.77424,34.7524,-0.289319,3.42049,71.2842,3.40234,6.18195,107.24,-0.713339,-0.960349,2.63603
-2.3444,5.0711,37.0356,-0.378548,2.65883,73.493,3.9423,10.0624,108.885,-0.395074,-0.537201,1.60442
-2.65279,4.45223,36.9384,-0.39977,2.35103,74.2886,4.32654,10.2229,108.838,-0.216361,-0.295521,1.09137
-3.31027,2.22935,32.7325,0.0417904,-0.480544,78.2675,3.66889,11.8209,108.492,-0.150067,-0.202082,0.84696
-3.73001,1.49902,29.8426,0.148054,-0.747735,79.0353,3.96949,11.9866,108.856,-0.105984,-0.140204,0.69597
-5.47745,-3.71928,16.9614,1.27901,-3.1223,86.2119,3.73532,11.652,110.724,-0.0839037,-0.109876,0.606896
-4.74117,-3.36411,12.9957,1.3613,-3.20041,87.1515,3.98304,11.9036,111.185,-0.066937,-0.0862719,0.541482
-5.01246,-5.14731,11.1331,2.51682,-3.72819,94.8885,3.9023,10.7227,114.642,-0.0578444,-0.0737636,0.504293
-2.44815,-2.51399,5.98614,2.54759,-3.43596,95.4735,4.1634,11.113,114.897,-0.0505981,-0.0631497,0.472521
-2.2301,-2.49454,5.18085,3.32617,-3.05218,104.053,3.40237,9.02245,119.025,-0.0471478,-0.0575149,0.460961
-1.06177,-1.19497,2.83746,3.41231,-2.5366,104.118,3.72794,9.5026,118.998,-0.0447207,-0.0528391,0.450643
-0.857439,-0.977654,2.31417,3.29797,-1.37806,106.859,2.59724,7.62476,123.293,-0.0460438,-0.0505031,0.464719
-0.571009,-0.658542,1.71696,3.54337,-0.983902,107.052,2.94053,8.16548,122.978,-0.0480321,-0.0509346,0.479059
-0.491924,-0.564199,1.50755,3.24009,0.644732,103.995,1.61246,6.22325,124.245,-0.0567116,-0.0537829,0.53037
-0.385767,-0.443133,1.27494,3.58224,0.960273,104.249,1.92464,6.84389,124.054,-0.0678045,-0.0621243,0.588828
-0.349343,-0.39497,1.18176,3.55637,1.69481,99.6976,0.61062,4.99589,123.299,-0.098376,-0.07814,0.72642
-0.301774,-0.339014,1.07283,3.96268,1.93905,100.016,0.897129,5.67904,123.452,-0.151341,-0.116365,0.92764
-0.295349,-0.326925,1.08107,4.25416,1.78398,95.1928,-0.153503,4.9154,121.704,-0.333461,-0.222754,1.46159
-0.311723,-0.341767,1.1256,4.70079,1.96052,95.6263,0.136695,5.62254,122.212,-1.20421,-0.812687,3.26786
-0.431362,-0.47145,1.46476,5.49435,1.43645,89.3656,-0.406028,5.8143,115.592,-11.064,-8.79665,20.5709
-0.904056,-0.969644,2.461,5.97314,1.49667,90.2336,-0.00564488,6.37996,116.619,-11.7506,-13.6324,28.0654
-7.67813,-8.03887,15.2136,6.76309,0.999249,80.8428,-0.55677,5.85341,96.9091,-6.28185,-12.1247,34.3113
-18.5812,-18.5015,35.0901,6.93913,1.23136,81.5529,0.0389429,6.03227,96.5492,-4.27536,-14.0715,50.3758
-17.6233,-15.5808,41.693,6.52414,-0.683586,65.3676,-2.74102,2.01863,60.4761,-1.84043,-13.5266,65.4324
-15.5278,-7.79186,69.2404,5.92952,0.932405,60.6055,-2.39945,3.14059,60.2709,-1.8069,-13.0387,67.4369
-4.29725,0.296606,64.3557,5.27869,-1.80276,42.1977,-4.77052,-3.70844,13.3154,-2.01363,-14.4461,109.216
-3.15169,1.12338,61.4876,5.63847,-1.63942,39.9583,-2.57593,-1.76633,7.86769,-1.67409,-13.9526,109.616
0.440821,2.6985,70.6855,4.8996,-2.74116,35.1904,-1.3697,-1.24379,3.53903,0.288509,-10.9137,127.103
0.326506,2.52012,71.507,4.73301,-2.91146,34.0196,-0.44946,-0.398433,1.61398,0.37116,-10.0203,126.347
1.75163,3.93215,79.662,3.01227,-2.75492,31.2647,-0.248704,-0.223737,0.997075,2.13376,-5.93255,122.241
1.65389,3.90391,79.9533,2.56797,-2.94646,30.4476,-0.133399,-0.117697,0.693601,2.15361,-5.40473,122.288
1.75517,5.3259,85.9957,0.774828,-3.24568,27.2363,-0.0884896,-0.0774331,0.5333,2.73082,-3.26883,115.954
1.7766,5.40077,86.062,0.290362,-3.45409,25.757,-0.0580897,-0.0503126,0.43577,2.87567,-2.94729,116.335
1.43073,6.26106,91.0619,-1.41756,-4.345,21.7757,-0.0416504,-0.0360365,0.374069,3.05732,-2.29763,116.638
1.52268,6.39272,91.0871,-2.02527,-4.52247,18.7814,-0.0301846,-0.0262661,0.331839,3.36688,-2.02374,116.917
1.17677,6.64044,95.904,-3.66498,-5.42505,14.0781,-0.0229379,-0.0204782,0.30482,3.5585,-1.46964,120.912
1.52559,6.82023,95.3547,-3.15285,-4.63311,11.4254,-0.0179343,-0.0164779,0.284482,4.05007,-1.05259,120.624
1.5299,6.30504,100.049,-3.50892,-4.58818,9.36731,-0.0145755,-0.0144077,0.274023,3.93021,0.108316,124.912
1.70827,6.44654,100.12,-1.91587,-2.47363,5.56214,-0.0125188,-0.0129384,0.264935,4.29625,0.597423,124.127
2.29115,5.41715,103.112,-1.55438,-1.88637,4.1035,-0.0109943,-0.0127984,0.264303,2.234,1.32116,123.244
2.58477,5.61314,102.755,-0.77789,-0.931134,2.38649,-0.0102898,-0.0126805,0.263629,2.63661,1.76792,122.858
3.41741,4.66954,100.781,-0.539475,-0.631284,1.70689,-0.00947042,-0.0140389,0.274336,0.97719,1.08288,122.698
3.64182,4.91663,100.518,-0.31764,-0.366353,1.18827,-0.00980556,-0.0152054,0.284327,1.46281,1.46161,122.444
4.0769,4.11754,94.3241,-0.22481,-0.258347,0.934924,-0.00954983,-0.0184766,0.310652,0.839013,0.195904,121.844
4.1558,4.37399,94.6214,-0.157096,-0.17783,0.757626,-0.0111004,-0.0216276,0.337763,1.39373,0.471448,121.78
3.95872,3.9336,88.1196,-0.124283,-0.13959,0.665136,-0.0113745,-0.0294668,0.39705,1.37556,-1.05687,119.464
3.94032,4.19333,88.8368,-0.1002,-0.110031,0.593052,-0.015665,-0.0394433,0.469826,1.99438,-0.900528,119.858
2.94026,3.84546,83.9074,-0.0902899,-0.0952133,0.576358,-0.0179499,-0.0641434,0.62105,1.54355,-2.46829,118.866
2.93228,4.07747,84.8394,-0.0871383,-0.0879831,0.569766,-0.0331822,-0.115102,0.869422,2.24346,-2.37746,119.648
2.24142,4.95162,84.5553,-0.101585,-0.0921085,0.647908,-0.0485641,-0.300305,1.54238,1.54866,-3.54218,121.526
2.2817,5.1674,85.15,-0.135776,-0.116767,0.768763,-0.39699,-2.0616,5.01285,2.2251,-3.35297,122.317
1.81663,7.32827,86.1729,-0.280419,-0.19997,1.20398,-8.66802,-19.4137,38.0811,0.981328,-3.37903,118.147
1.86577,7.44682,86.662,-1.18333,-0.807269,3.0111,-9.59339,-9.69068,39.2702,1.51692,-3.11744,118.865
0.547499,8.82454,81.078,-19.9699,-15.7062,35.2499,-6.44943,-6.17558,49.5146,0.292352,-2.26695,101.386
0.554936,8.8471,81.3286,-14.0642,-17.7999,40.6015,-8.48071,-7.78992,59.6594,-0.0566678,-1.75936,99.6811
-0.499026,8.56333,64.7309,-3.50317,-9.78792,56.1962,-5.85361,-5.40131,69.0414,-1.43295,-1.49528,67.3718
-0.0343765,8.39782,60.0197,-1.38432,-8.63616,61.5297,-5.68258,-5.39686,70.5548,-0.891766,-0.991041,66.5523
-1.03041,6.95144,44.9527,0.188804,0.0391786,65.359,-1.81267,-0.502991,91.5557,-4.18962,-4.63018,16.8535
-1.11473,6.94463,41.7194,0.1394,-0.0786643,66.9749,-1.70281,-0.193069,92.1194,-3.02669,-2.96383,11.7992
-2.2412,5.96387,37.8395,0.300456,4.75206,69.92,1.79989,5.16378,105.67,-1.70657,-2.26542,5.18682
-2.59981,5.63428,36.7085,0.198696,4.38867,70.9697,2.22033,5.15719,105.512,-0.546068,-0.750364,2.27738
-3.02951,4.82729,38.9668,0.0191973,3.58883,73.3315,2.58418,8.84412,107.545,-0.296711,-0.413907,1.39089
-3.35219,4.18331,38.5972,-0.0516402,3.22788,74.1293,2.88139,8.89147,107.634,-0.163676,-0.229929,0.969373
-3.88715,2.04751,34.3325,0.288584,0.40237,78.2683,2.14384,10.3452,107.573,-0.113161,-0.156891,0.758398
-4.19704,1.4586,31.9883,0.335414,0.153322,78.906,2.3567,10.4266,108.047,-0.0799167,-0.108756,0.629689
-5.6165,-3.41709,18.9422,1.41863,-2.17428,85.6526,2.05908,10.0052,109.979,-0.0633421,-0.0852562,0.55235
-5.14649,-3.26373,15.2964,1.45753,-2.32698,86.6321,2.223,10.1417,110.549,-0.0506303,-0.0669505,0.496371
-5.18791,-5.35065,11.8165,2.58765,-3.0845,94.5582,2.03183,8.67516,114.003,-0.0439754,-0.0574522,0.464575
-2.58085,-2.65788,6.46883,2.55724,-2.86824,95.1763,2.2082,8.96735,114.365,-0.0386925,-0.049258,0.43791
-2.20743,-2.51935,5.2741,3.38657,-2.56076,103.775,1.29566,6.74319,118.7,-0.0364028,-0.0450243,0.429103
-0.998479,-1.15542,2.80844,3.38864,-2.15621,104.002,1.53353,7.12493,118.708,-0.0348335,-0.0414098,0.421648
-0.76905,-0.904162,2.20792,3.25916,-0.936129,106.754,0.193823,4.92038,122.469,-0.036255,-0.0393182,0.437362
-0.498351,-0.595802,1.62425,3.42859,-0.614057,106.999,0.446288,5.37923,122.243,-0.0382221,-0.039646,0.453922
-0.417147,-0.497518,1.40073,3.15736,0.876941,104.47,-1.01631,3.35522,123.908,-0.0452242,-0.0408986,0.50434
-0.320695,-0.385082,1.17976,3.42002,1.13603,104.714,-0.789867,3.8896,123.732,-0.0540694,-0.0465481,0.562018
-0.285738,-0.338667,1.08682,3.33354,1.83041,100.245,-2.1225,1.99721,122.553,-0.0773412,-0.0551306,0.692506
-0.245195,-0.289915,0.9894,3.66326,2.01841,100.556,-1.93668,2.57303,122.756,-0.117097,-0.0788882,0.880198
-0.238629,-0.2795,1.0019,3.89319,1.77349,95.6509,-3.12421,1.68548,120.939,-0.245684,-0.131505,1.35248
-0.252669,-0.294114,1.04853,4.26246,1.88783,96.0813,-2.95709,2.2674,121.498,-0.781424,-0.408637,2.68514
-0.346311,-0.404782,1.36624,4.98813,1.34289,89.7182,-3.38872,2.60601,114.959,-7.41358,-4.46281,14.5043
-0.729605,-0.837054,2.25987,5.37736,1.3292,90.5691,-3.01367,2.92723,115.846,-11.3541,-12.7993,30.7364
-6.73107,-7.53826,14.202,6.24382,0.689916,81.2146,-3.10708,2.79596,95.7667,-3.44911,-9.95934,37.2641
-18.9851,-19.7839,37.7499,6.22581,1.014,81.7228,-2.76983,3.0493,95.5878,-2.14883,-10.8313,46.7755
-13.9078,-10.94,44.0731,6.01518,-1.21591,67.268,-4.39475,-0.171402,59.8911,-0.305737,-11.3944,62.1366
-11.7011,-4.40099,61.8395,5.56156,0.168403,63.1007,-4.1246,0.77112,60.4051,-0.555756,-11.587,65.608
-2.83742,1.5985,60.9052,4.89261,-2.27377,43.3182,-4.67502,-3.55193,13.4658,-0.231145,-12.1116,108.273
-2.44658,1.85827,60.7838,5.1327,-1.98191,40.2773,-2.59407,-1.70698,8.13026,-0.00900253,-11.7754,109.122
1.1388,3.31355,70.0571,4.5655,-3.20173,35.3955,-1.14247,-1.0157,3.18329,2.04131,-8.55412,128.39
1.0264,3.10176,70.8838,4.4105,-3.37715,34.1894,-0.382036,-0.332326,1.48599,2.0886,-7.7902,127.771
2.45296,4.32113,78.7932,2.84991,-3.23767,31.8752,-0.201728,-0.177597,0.900278,3.75908,-3.76283,124.164
2.28043,4.22146,79.1232,2.38824,-3.46085,31.196,-0.10728,-0.0923803,0.632387,3.70997,-3.26311,124.071
2.28164,5.53571,85.1205,0.599459,-3.69335,27.9522,-0.0709094,-0.0603683,0.488283,4.11329,-1.18696,116.632
2.20559,5.53642,85.3554,0.110036,-3.89543,26.5492,-0.0467262,-0.0392819,0.400743,4.20773,-0.915268,116.954
1.77885,6.47933,90.1503,-1.4768,-4.7558,22.7805,-0.0334179,-0.0280035,0.344762,4.26692,-0.271413,116.147
1.83437,6.56392,90.1578,-1.96968,-4.93101,20.3263,-0.0240938,-0.0202951,0.30687,4.51688,-0.0571313,116.512
1.38485,6.8997,95.3032,-3.66035,-5.8735,15.4009,-0.0182271,-0.0158107,0.282605,4.74992,0.453507,120.579
1.64036,7.02152,94.9004,-3.24889,-5.17341,12.8769,-0.0141443,-0.0126702,0.26456,5.15582,0.799218,120.334
1.59233,6.58668,99.6893,-3.7619,-5.2097,10.4938,-0.0114103,-0.0111541,0.255411,5.16127,1.94842,125.146
1.68891,6.6722,99.9026,-2.09993,-2.87346,6.31901,-0.00971999,-0.0100112,0.247648,5.45851,2.36576,124.333
2.24801,5.70578,103.262,-1.64075,-2.08624,4.44771,-0.0085151,-0.0101056,0.247582,3.53873,3.08811,123.436
2.48219,5.86215,102.993,-0.776352,-0.973287,2.4778,-0.00795196,-0.0100628,0.247574,3.87735,3.49459,123.023
3.39487,4.89088,101.286,-0.521036,-0.634971,1.72051,-0.00727149,-0.0113738,0.257765,2.03335,2.81905,122.829
3.58784,5.11035,101.051,-0.30018,-0.359885,1.18338,-0.00748668,-0.0123064,0.267395,2.47194,3.16779,122.556
4.11196,4.36952,94.7776,-0.210063,-0.250491,0.924379,-0.00712696,-0.0151019,0.291795,1.66384,1.85842,121.523
4.16494,4.61242,95.1191,-0.145719,-0.17095,0.747607,-0.00819005,-0.0175108,0.317025,2.18108,2.10578,121.482
4.00372,4.18903,88.7199,-0.11481,-0.133282,0.655564,-0.0078427,-0.0236993,0.370813,2.04856,0.478842,119.222
3.96231,4.44408,89.4725,-0.0924081,-0.104645,0.585016,-0.0104667,-0.0309489,0.436213,2.63598,0.62453,119.623
2.93082,3.99788,84.3846,-0.0833706,-0.090155,0.569225,-0.00981083,-0.0487058,0.569767,2.15911,-1.0191,118.78
2.90569,4.23446,85.3463,-0.0806048,-0.0831193,0.56363,-0.0165124,-0.0827393,0.781977,2.84117,-0.926698,119.563
2.21801,5.07801,84.9162,-0.0937936,-0.0861524,0.641563,-0.00657028,-0.189298,1.30862,2.18151,-2.00048,121.646
2.2404,5.30148,85.588,-0.125262,-0.108914,0.761804,-0.0220184,-0.890756,3.24689,2.86072,-1.81779,122.454
1.68568,7.45404,86.7214,-0.2576,-0.181877,1.19298,-3.76373,-13.795,28.8971,1.83118,-1.97269,118.862
1.82652,7.57167,87.2278,-1.08683,-0.730529,2.9392,-9.57518,-9.59886,37.894,2.46472,-1.70952,119.838
0.658908,9.04855,82.217,-19.3841,-15.1958,35.2019,-5.88016,-5.32398,46.477,1.23115,-1.05061,103.506
0.722436,9.06572,82.1998,-12.0805,-17.3852,43.7379,-8.11548,-7.0768,58.4744,0.818962,-0.456725,101.717
-0.397341,8.93445,66.2314,-2.03389,-7.71928,54.6011,-5.78135,-4.83891,68.5598,-0.688339,-0.570497,69.9605
0.0657047,8.75729,61.2972,-0.825888,-7.18238,59.8325,-5.64456,-4.84059,70.3068,-0.173061,-0.0180867,68.699
-0.847963,7.29568,45.7441,0.527946,1.01136,64.8596,-1.74873,0.251583,90.7157,-4.08057,-4.47998,17.9142
-0.909934,7.30358,42.4892,0.461749,0.902228,66.5714,-1.64204,0.589464,91.2581,-3.14333,-3.03152,13.0967
-2.1136,6.16669,37.9214,0.761234,5.9495,69.6488,2.03686,6.04965,105.314,-1.95194,-2.6458,5.83208
-2.46965,5.88134,36.7456,0.660628,5.62067,70.7755,2.45281,6.08319,105.127,-0.605952,-0.846406,2.46831
-2.96462,5.08947,39.0729,0.474341,5.08189,72.8513,2.93176,9.90352,107.001,-0.331293,-0.46904,1.49614
-3.27689,4.47079,38.8253,0.398621,4.73813,73.7893,3.23512,9.99543,107.058,-0.18121,-0.257837,1.03043
-3.71859,2.45245,35.1738,0.782236,1.92507,77.8455,2.48442,11.6756,106.836,-0.125847,-0.175943,0.803622
-4.01849,1.89325,33.0401,0.816904,1.71496,78.5836,2.69755,11.8237,107.288,-0.0891773,-0.121844,0.665947
-5.4534,-2.9512,20.3046,1.84346,-0.513429,85.4193,2.25727,11.6357,109.234,-0.0711136,-0.095596,0.584705
-5.23922,-3.02335,16.72,1.90861,-0.599538,86.4211,2.43707,11.8383,109.82,-0.0571493,-0.0752265,0.526335
-5.39228,-5.556,12.4827,3.14058,-1.14461,94.4918,2.30677,10.6468,113.727,-0.0498633,-0.0646646,0.493647
-2.81852,-2.87069,7.07449,3.13078,-0.871853,95.2148,2.50266,11.0013,114.098,-0.0439642,-0.0555954,0.466328
-2.43306,-2.80768,5.80261,4.01342,-0.370497,104.168,1.61114,8.79092,118.33,-0.0414781,-0.0510318,0.459439
-1.04887,-1.22469,2.96587,4.0274,0.140153,104.454,1.87047,9.25907,118.365,-0.0399596,-0.0474048,0.45401
-0.797308,-0.950767,2.30672,3.90597,1.4713,107.443,0.665869,7.15667,122.202,-0.0417556,-0.0452582,0.474321
-0.503198,-0.611611,1.67091,4.09234,1.94261,107.745,0.950759,7.72442,121.998,-0.0442553,-0.0461889,0.495392
-0.418015,-0.507901,1.43559,3.89099,3.44084,105.267,-0.401338,5.8774,123.799,-0.0524332,-0.0475274,0.55517
-0.317717,-0.390477,1.20801,4.17613,3.88074,105.545,-0.13356,6.54834,123.625,-0.0627403,-0.0546483,0.622274
-0.282218,-0.343504,1.11823,4.06537,4.71206,101.145,-1.43821,4.82691,122.977,-0.0887493,-0.0633712,0.771902
-0.242208,-0.296679,1.02892,4.42582,5.10413,101.472,-1.19116,5.57268,123.117,-0.130541,-0.090065,0.975828
-0.234353,-0.284091,1.05484,4.74252,4.92676,96.4056,-2.1916,4.88591,121.007,-0.248632,-0.136634,1.4498
-0.249038,-0.303326,1.12605,5.12271,5.22367,96.9017,-1.98291,5.63107,121.642,-0.571635,-0.32531,2.41695
4.67403,6.24443,74.0658,-0.163835,-0.158071,0.903987,-0.121413,-0.573096,2.38316,4.17973,-1.78183,128.154
3.33872,7.74959,92.4406,-0.318976,-0.269261,1.32494,-1.50517,-6.2216,11.9178,4.20692,-0.528456,120.176
4.04799,8.47841,85.365,-0.870759,-0.711889,2.43984,-11.5525,-19.3305,43.5414,4.28176,-0.120812,121.591
2.1683,10.0039,80.0149,-7.94386,-6.18254,14.3427,-11.2178,-12.037,65.6325,2.02033,0.373963,103.2
2.48101,10.0081,79.7244,-17.4043,-16.2777,33.039,-9.57388,-9.23186,65.2811,2.13638,0.853906,101.49
0.94775,9.39947,63.6079,-14.958,-16.718,52.5884,-6.05476,-5.72709,71.9676,0.0637116,-0.0196975,69.1544
1.64438,8.95638,57.9077,-5.13584,-15.2389,75.757,-5.7511,-5.42367,73.3551,0.660756,0.687825,68.0312
-0.176117,7.21093,43.0394,-0.869275,-1.76611,67.5614,-1.35876,-0.0434427,93.919,-4.47229,-4.90685,17.7141
-0.369739,7.19554,39.8753,-0.520154,-1.10182,67.0568,-1.12452,0.380686,94.2688,-3.34973,-3.29212,12.6615
-1.63456,6.08571,35.8776,-0.238794,3.76982,70.1425,2.89523,6.07081,107.569,-2.33225,-3.04115,6.45947
-2.01375,5.77421,34.7518,-0.289149,3.42051,71.2838,3.40241,6.18202,107.24,-0.713327,-0.960343,2.636
-2.34434,5.07109,37.035,-0.37836,2.65887,73.4925,3.94237,10.0625,108.885,-0.395067,-0.537197,1.6044
-2.65273,4.45222,36.9379,-0.399563,2.3511,74.288,4.32662,10.223,108.838,-0.216357,-0.295519,1.09136
-3.31023,2.2293,32.7317,0.0420338,-0.48049,78.2669,3.66897,11.821,108.492,-0.150063,-0.20208,0.846948
-3.73001,1.49878,29.8406,0.148347,-0.747759,79.0348,3.96958,11.9867,108.856,-0.105981,-0.140204,0.695959
-5.47703,-3.71942,16.9599,1.2793,-3.12229,86.2112,3.7354,11.6521,110.724,-0.0839009,-0.109875,0.606885
-4.74072,-3.36413,12.9958,1.3615,-3.19994,87.15,3.98308,11.904,111.185,-0.0669345,-0.0862708,0.541472
-5.01404,-5.14923,11.137,2.51695,-3.72697,94.8856,3.90229,10.7235,114.643,-0.0578419,-0.0737619,0.504282
-2.45211,-2.51804,5.99405,2.5478,-3.434,95.4691,4.16338,11.1143,114.897,-0.0505956,-0.0631473,0.47251
-2.23657,-2.50173,5.19343,3.32645,-3.05033,104.049,3.40235,9.02378,119.025,-0.0471452,-0.0575121,0.46095
-1.06458,-1.19811,2.84315,3.41267,-2.53576,104.116,3.72796,9.50338,118.998,-0.0447182,-0.0528362,0.450634
-0.859871,-0.980424,2.3191,3.2983,-1.37773,106.858,2.59726,7.62528,123.293,-0.0460413,-0.0505001,0.464709
-0.572412,-0.660165,1.71993,3.54369,-0.98392,107.051,2.94054,8.16579,122.979,-0.0480297,-0.0509315,0.479051
-0.493068,-0.565519,1.50997,3.24036,0.644601,103.995,1.61247,6.22347,124.246,-0.0567089,-0.0537794,0.530361
-0.386541,-0.444027,1.27663,3.58248,0.960065,104.248,1.92464,6.84403,124.055,-0.0678017,-0.0621201,0.58882
-0.349972,-0.395685,1.18313,3.55657,1.69459,99.6973,0.610615,4.99599,123.3,-0.0983724,-0.0781341,0.726411
-0.302233,-0.33953,1.07384,3.96285,1.93881,100.016,0.89711,5.6791,123.453,-0.151337,-0.116356,0.927632
-0.295749,-0.327363,1.08196,4.25428,1.78375,95.1925,-0.153532,4.91542,121.704,-0.333457,-0.222737,1.46159
-0.312092,-0.342164,1.1264,4.70088,1.9603,95.6259,0.136645,5.62253,122.212,-1.20424,-0.81265,3.26792
-0.431872,-0.471988,1.46583,5.4944,1.43626,89.3652,-0.406083,5.81426,115.592,-11.0647,-8.79675,20.5719
-0.905247,-0.970879,2.46328,5.97313,1.49652,90.2331,-0.00572531,6.37992,116.619,-11.7506,-13.6322,28.0659
-7.68554,-8.0462,15.2268,6.76284,0.999505,80.8417,-0.55688,5.85355,96.9091,-6.28107,-12.1239,34.3117
-18.5739,-18.4934,35.0764,6.93939,1.23074,81.5531,0.0389261,6.0319,96.5493,-4.27496,-14.0709,50.3748
-17.6193,-15.5767,41.682,6.52437,-0.684102,65.3677,-2.74101,2.01837,60.4761,-1.8402,-13.5264,65.4319
-15.5276,-7.79177,69.2377,5.92955,0.932139,60.6053,-2.39949,3.14044,60.271,-1.80671,-13.0386,67.4369
-4.29747,0.296661,64.3574,5.27864,-1.80285,42.1974,-4.7705,-3.70841,13.3154,-2.01336,-14.4459,109.216
-3.15147,1.12375,61.4876,5.63844,-1.63955,39.9581,-2.57593,-1.76632,7.86771,-1.67385,-13.9525,109.616
0.441151,2.699,70.6853,4.89958,-2.7413,35.1902,-1.36968,-1.24378,3.53901,0.288766,-10.9135,127.103
0.326808,2.52059,71.5068,4.73298,-2.91161,34.0194,-0.449455,-0.398428,1.61398,0.371397,-10.0202,126.347
1.75195,3.93266,79.6618,3.01224,-2.75506,31.2645,-0.248701,-0.223734,0.997071,2.13398,-5.93246,122.241
1.65419,3.9044,79.9532,2.56793,-2.94661,30.4475,-0.133397,-0.117696,0.693598,2.15381,-5.40465,122.288
1.75548,5.32641,85.9955,0.774787,-3.24582,27.2361,-0.0884886,-0.077432,0.533299,2.731,-3.26877,115.954
1.77688,5.40127,86.0619,0.290314,-3.45422,25.7568,-0.0580891,-0.0503119,0.435769,2.87583,-2.94725,116.335
1.43102,6.26158,91.0618,-1.4176,-4.34509,21.7756,-0.04165,-0.036036,0.374068,3.05747,-2.29761,116.638
1.52296,6.39323,91.0869,-2.02529,-4.52253,18.7814,-0.0301842,-0.0262657,0.331838,3.36702,-2.02373,116.917
1.17708,6.64097,95.9039,-3.66498,-5.42507,14.0782,-0.0229376,-0.0204779,0.30482,3.55865,-1.46964,120.912
1.52591,6.82074,95.3545,-3.15291,-4.63322,11.4257,-0.0179341,-0.0164777,0.284482,4.05022,-1.05259,120.624
1.53023,6.30557,100.049,-3.50912,-4.58843,9.36779,-0.0145753,-0.0144076,0.274022,3.93036,0.108296,124.912
1.70859,6.44706,100.119,-1.91606,-2.47387,5.56259,-0.0125187,-0.0129383,0.264935,4.29639,0.597392,124.127
2.29144,5.41767,103.112,-1.55455,-1.88657,4.10386,-0.0109941,-0.0127983,0.264303,2.23412,1.32112,123.244
2.58504,5.61365,102.755,-0.777953,-0.931207,2.38663,-0.0102897,-0.0126804,0.263628,2.63671,1.76786,122.858
3.41766,4.67003,100.781,-0.539509,-0.631322,1.70697,-0.00947031,-0.0140388,0.274336,0.977275,1.08281,122.698
3.64206,4.91712,100.518,-0.317654,-0.366367,1.18831,-0.00980545,-0.0152053,0.284327,1.46289,1.46154,122.444
4.07712,4.11799,94.3241,-0.224818,-0.258355,0.934944,-0.00954972,-0.0184765,0.310652,0.839084,0.195825,121.844
4.15602,4.37445,94.6214,-0.1571,-0.177834,0.757638,-0.0111003,-0.0216275,0.337763,1.3938,0.471364,121.78
3.95892,3.93402,88.1196,-0.124285,-0.139592,0.665145,-0.0113744,-0.0294667,0.39705,1.37562,-1.05696,119.464
3.94052,4.19375,88.8368,-0.100201,-0.110033,0.593057,-0.0156648,-0.0394432,0.469826,1.99444,-0.900618,119.858
2.94045,3.84586,83.9074,-0.090291,-0.0952141,0.576363,-0.0179497,-0.0641433,0.621051,1.5436,-2.46839,118.866
2.93247,4.07787,84.8394,-0.0871391,-0.0879836,0.569769,-0.0331818,-0.115102,0.869424,2.24351,-2.37756,119.648
2.24161,4.95202,84.5553,-0.101586,-0.0921089,0.647911,-0.0485632,-0.300306,1.54239,1.54871,-3.54227,121.526
2.28189,5.1678,85.15,-0.135777,-0.116767,0.768767,-0.396996,-2.06166,5.01295,2.22514,-3.35307,122.317
1.81682,7.32868,86.1729,-0.280421,-0.19997,1.20399,-8.66814,-19.4137,38.0815,0.981363,-3.37912,118.147
1.86595,7.44723,86.662,-1.18334,-0.80727,3.01111,-9.59326,-9.69049,39.2699,1.51697,-3.11754,118.865
0.547667,8.82492,81.078,-19.9699,-15.7061,35.2498,-6.44937,-6.17554,49.5144,0.29239,-2.26703,101.386
0.555105,8.84749,81.3286,-14.0641,-17.7997,40.6013,-8.4807,-7.78993,59.6594,-0.056634,-1.75944,99.6811
-0.498893,8.56363,64.7309,-3.50315,-9.78791,56.196,-5.85361,-5.40133,69.0414,-1.43292,-1.49534,67.3718
-0.0342486,8.39811,60.0197,-1.38433,-8.6362,61.5297,-5.68257,-5.39687,70.5548,-0.891741,-0.991091,66.5523
-1.03032,6.95165,44.9527,0.188799,0.0391355,65.359,-1.81267,-0.502999,91.5557,-4.18963,-4.63018,16.8533
-1.11464,6.94483,41.7194,0.139392,-0.0787089,66.9749,-1.70281,-0.193076,92.1194,-3.02667,-2.96381,11.799
-2.24112,5.96404,37.8395,0.300445,4.75201,69.92,1.7999,5.16377,105.67,-1.70655,-2.26538,5.18675
-2.59974,5.63445,36.7085,0.198686,4.38861,70.9697,2.22034,5.15718,105.512,-0.546063,-0.750356,2.27736
-3.02943,4.82747,38.9668,0.0191864,3.58877,73.3315,2.58419,8.84411,107.545,-0.296709,-0.413904,1.39088
-3.35211,4.18349,38.5972,-0.0516504,3.22783,74.1293,2.88141,8.89146,107.634,-0.163676,-0.229927,0.969369
-3.88708,2.04768,34.3326,0.288574,0.402322,78.2683,2.14385,10.3452,107.573,-0.11316,-0.15689,0.758395
-4.19698,1.45874,31.9883,0.335407,0.153271,78.906,2.35672,10.4266,108.047,-0.0799164,-0.108755,0.629687
-5.61647,-3.41707,18.9421,1.41863,-2.17434,85.6526,2.05911,10.0052,109.979,-0.0633419,-0.0852558,0.552349
-5.14644,-3.26372,15.2962,1.45753,-2.32704,86.6322,2.22302,10.1417,110.549,-0.0506301,-0.0669502,0.49637
-5.18789,-5.35067,11.8164,2.58764,-3.08454,94.5582,2.03185,8.67517,114.003,-0.0439753,-0.057452,0.464574
-2.58088,-2.65793,6.46891,2.55723,-2.86824,95.1763,2.20823,8.96738,114.365,-0.0386924,-0.0492578,0.437909
-2.20753,-2.51947,5.2743,3.38656,-2.56076,103.775,1.29568,6.74323,118.7,-0.0364028,-0.0450242,0.429102
-0.998523,-1.15547,2.80853,3.38864,-2.15622,104.002,1.53356,7.12496,118.708,-0.0348335,-0.0414097,0.421648
-0.769089,-0.904213,2.20801,3.25915,-0.936146,106.754,0.19386,4.92042,122.469,-0.036255,-0.0393182,0.437362
-0.498374,-0.595833,1.6243,3.42859,-0.614077,106.999,0.446328,5.37927,122.243,-0.0382222,-0.039646,0.453922
-0.417166,-0.497544,1.40077,3.15736,0.876921,104.47,-1.01627,3.35525,123.908,-0.0452243,-0.0408986,0.50434
-0.320708,-0.3851,1.17979,3.42003,1.13601,104.714,-0.789821,3.88963,123.732,-0.0540697,-0.0465481,0.562018
-0.285749,-0.338682,1.08684,3.33354,1.8304,100.245,-2.12245,1.99725,122.553,-0.0773417,-0.0551308,0.692507
-0.245204,-0.289926,0.989419,3.66326,2.01839,100.556,-1.93663,2.57307,122.756,-0.117099,-0.0788887,0.880202
-0.238636,-0.27951,1.00191,3.8932,1.77348,95.6509,-3.12416,1.68552,120.939,-0.245688,-0.131507,1.35249
-0.252676,-0.294123,1.04855,4.26247,1.88781,96.0813,-2.95703,2.26744,121.498,-0.781453,-0.408653,2.6852
-0.346321,-0.404795,1.36626,4.98814,1.34288,89.7182,-3.38865,2.60605,114.959,-7.41395,-4.46311,14.5049
-0.729625,-0.837081,2.25991,5.37738,1.32919,90.5691,-3.01361,2.92727,115.846,-11.354,-12.7993,30.7364
-6.7312,-7.53844,14.2023,6.24383,0.689915,81.2145,-3.10703,2.79601,95.7668,-3.44901,-9.95921,37.2638
-18.9849,-19.7837,37.7496,6.22584,1.01398,81.7228,-2.76978,3.04934,95.5878,-2.14881,-10.8313,46.7754
-13.9079,-10.9402,44.0725,6.01521,-1.21593,67.268,-4.39472,-0.171377,59.8911,-0.305746,-11.3944,62.1366
-11.7013,-4.40112,61.8399,5.56157,0.168416,63.1007,-4.12457,0.771161,60.4051,-0.555763,-11.587,65.608
-2.83748,1.59848,60.9053,4.89262,-2.27377,43.3182,-4.67501,-3.55192,13.4657,-0.231154,-12.1116,108.273
-2.4466,1.85828,60.7838,5.13271,-1.98191,40.2773,-2.59406,-1.70698,8.1302,-0.00901063,-11.7754,109.122
1.13878,3.31356,70.0571,4.56551,-3.20173,35.3955,-1.14247,-1.0157,3.18328,2.04131,-8.55415,128.39
1.02638,3.10177,70.8838,4.41052,-3.37716,34.1894,-0.382036,-0.332326,1.48599,2.0886,-7.79022,127.771
2.45294,4.32115,78.7932,2.84992,-3.23767,31.8752,-0.201728,-0.177598,0.900277,3.75907,-3.76285,124.164
2.28041,4.22147,79.1232,2.38826,-3.46085,31.196,-0.10728,-0.0923805,0.632387,3.70997,-3.26312,124.071
2.28162,5.53573,85.1205,0.599472,-3.69335,27.9522,-0.0709096,-0.0603685,0.488283,4.11329,-1.18697,116.632
2.20558,5.53644,85.3554,0.11005,-3.89543,26.5492,-0.0467263,-0.039282,0.400743,4.20773,-0.915279,116.954
1.77883,6.47936,90.1503,-1.47679,-4.7558,22.7805,-0.033418,-0.0280036,0.344762,4.26693,-0.271421,116.147
1.83435,6.56394,90.1578,-1.96968,-4.93101,20.3263,-0.0240938,-0.0202952,0.30687,4.51689,-0.0571375,116.512
1.38484,6.89973,95.3032,-3.66035,-5.87349,15.4009,-0.0182271,-0.0158107,0.282606,4.74993,0.453502,120.579
1.64035,7.02155,94.9004,-3.24889,-5.17339,12.8768,-0.0141444,-0.0126703,0.26456,5.15583,0.799217,120.334
1.59232,6.58671,99.6893,-3.7619,-5.20968,10.4938,-0.0114103,-0.0111541,0.255411,5.16129,1.94842,125.146
1.68891,6.67223,99.9026,-2.09993,-2.87345,6.31899,-0.00972003,-0.0100112,0.247648,5.45853,2.36577,124.333
2.24801,5.70582,103.262,-1.64075,-2.08624,4.4477,-0.00851514,-0.0101057,0.247582,3.53875,3.08812,123.436
2.4822,5.86219,102.993,-0.776352,-0.973286,2.4778,-0.00795201,-0.0100628,0.247574,3.87737,3.4946,123.023
3.39487,4.89093,101.286,-0.521036,-0.634971,1.72051,-0.00727155,-0.0113739,0.257765,2.03338,2.81906,122.829
3.58785,5.1104,101.051,-0.30018,-0.359885,1.18338,-0.00748674,-0.0123065,0.267395,2.47197,3.16781,122.556
4.11197,4.36958,94.7776,-0.210063,-0.250491,0.924379,-0.00712703,-0.0151019,0.291795,1.66388,1.85844,121.523
4.16495,4.61248,95.1191,-0.145719,-0.17095,0.747607,-0.00819014,-0.0175108,0.317025,2.18111,2.1058,121.482
4.00374,4.18908,88.7199,-0.11481,-0.133282,0.655564,-0.00784284,-0.0236994,0.370813,2.0486,0.478868,119.222
3.96233,4.44413,89.4725,-0.0924084,-0.104645,0.585016,-0.0104669,-0.030949,0.436213,2.63602,0.624559,119.623
2.93084,3.99794,84.3846,-0.0833708,-0.0901551,0.569225,-0.00981119,-0.048706,0.569767,2.15915,-1.01906,118.78
2.90571,4.23452,85.3463,-0.080605,-0.0831194,0.56363,-0.0165131,-0.0827396,0.781976,2.84122,-0.926662,119.563
2.21803,5.07807,84.9162,-0.0937939,-0.0861526,0.641563,-0.00657231,-0.189298,1.30862,2.18156,-2.00043,121.646
2.24042,5.30155,85.588,-0.125263,-0.108914,0.761804,-0.022029,-0.89076,3.24689,2.86078,-1.81774,122.454
1.6857,7.45411,86.7214,-0.257601,-0.181878,1.19298,-3.76387,-13.7951,28.8971,1.83124,-1.97264,118.862
1.82655,7.57175,87.2278,-1.08684,-0.730532,2.9392,-9.57524,-9.59891,37.8941,2.46479,-1.70946,119.838
0.658936,9.04862,82.217,-19.3841,-15.1958,35.2019,-5.88022,-5.32401,46.4771,1.23121,-1.05055,103.506
0.722465,9.0658,82.1998,-12.0806,-17.3852,43.7377,-8.11555,-7.07682,58.4744,0.819028,-0.456672,101.717
-0.397311,8.93451,66.2314,-2.03396,-7.71936,54.6012,-5.78142,-4.83893,68.5598,-0.688289,-0.570461,69.9606
0.0657348,8.75736,61.2971,-0.825926,-7.18242,59.8325,-5.64462,-4.84061,70.3068,-0.173013,-0.0180425,68.699
-0.847938,7.29573,45.7441,0.527922,1.01136,64.8596,-1.74882,0.251577,90.7157,-4.0806,-4.47997,17.9139
-0.909912,7.30363,42.4892,0.461722,0.902226,66.5714,-1.64213,0.589464,91.2581,-3.14331,-3.0315,13.0963
-2.11358,6.16673,37.9214,0.761204,5.94949,69.6488,2.03678,6.04964,105.314,-1.95191,-2.64574,5.83197
-2.46963,5.88139,36.7456,0.660599,5.62065,70.7755,2.45273,6.08318,105.127,-0.605948,-0.846397,2.46829
-2.9646,5.08952,39.073,0.474311,5.08188,72.8513,2.93169,9.90352,107.001,-0.331292,-0.469037,1.49614
-3.27687,4.47084,38.8253,0.398593,4.73813,73.7893,3.23505,9.99543,107.058,-0.181209,-0.257836,1.03042
-3.71857,2.4525,35.1738,0.782207,1.92507,77.8456,2.48435,11.6756,106.836,-0.125847,-0.175942,0.803621
-4.01847,1.8933,33.0401,0.816877,1.71497,78.5836,2.69748,11.8237,107.288,-0.0891776,-0.121844,0.665947
-5.4534,-2.95119,20.3046,1.84343,-0.513424,85.4194,2.2572,11.6357,109.234,-0.0711139,-0.0955961,0.584705
-5.23921,-3.02335,16.7199,1.90859,-0.599531,86.4211,2.43701,11.8383,109.82,-0.0571496,-0.0752267,0.526335
-5.39227,-5.55599,12.4827,3.14055,-1.1446,94.4918,2.30671,10.6468,113.727,-0.0498636,-0.0646649,0.493648
-2.8185,-2.87068,7.07446,3.13075,-0.871828,95.2148,2.5026,11.0014,114.098,-0.0439646,-0.0555957,0.46633
-2.43305,-2.80767,5.80259,4.01339,-0.370459,104.168,1.61108,8.79096,118.33,-0.0414785,-0.0510321,0.459441
-1.04887,-1.22469,2.96586,4.02737,0.1402,104.454,1.87041,9.25911,118.365,-0.0399601,-0.0474052,0.454012
-0.797306,-0.950765,2.30672,3.90594,1.47135,107.443,0.665806,7.15672,122.202,-0.0417562,-0.0452587,0.474324
-0.503197,-0.61161,1.67091,4.09232,1.94268,107.745,0.950698,7.72448,121.998,-0.0442561,-0.0461895,0.495396
-0.418013,-0.5079,1.43558,3.89096,3.44091,105.267,-0.401399,5.87746,123.799,-0.0524344,-0.0475282,0.555176
-0.317716,-0.390476,1.20801,4.1761,3.88082,105.545,-0.133621,6.54842,123.625,-0.062742,-0.0546495,0.622282
-0.282216,-0.343502,1.11822,4.06535,4.71213,101.145,-1.43827,4.82699,122.977,-0.0887525,-0.0633731,0.771916
-0.242207,-0.296677,1.02892,4.4258,5.10422,101.472,-1.19122,5.57277,123.117,-0.130547,-0.0900688,0.975851
-0.234351,-0.284089,1.05483,4.7425,4.92685,96.4056,-2.19166,4.88601,121.007,-0.24865,-0.136644,1.44986
-0.249036,-0.303324,1.12604,5.12269,5.22377,96.9017,-1.98297,5.63118,121.642,-0.571704,-0.32535,2.41711
4.67403,6.24443,74.0658,-0.163835,-0.158071,0.903987,-0.121413,-0.573096,2.38316,4.17973,-1.78183,128.154
3.33872,7.74959,92.4406,-0.318976,-0.269261,1.32494,-1.50517,-6.2216,11.9178,4.20692,-0.528456,120.176
4.04799,8.47841,85.365,-0.870759,-0.711889,2.43984,-11.5525,-19.3305,43.5414,4.28176,-0.120812,121.591
2.1683,10.0039,80.0149,-7.94386,-6.18254,14.3427,-11.2178,-12.037,65.6325,2.02033,0.373963,103.2
2.48101,10.0081,79.7244,-17.4043,-16.2777,33.039,-9.57388,-9.23186,65.2811,2.13638,0.853906,101.49
0.94775,9.39947,63.6079,-14.958,-16.718,52.5884,-6.05476,-5.72709,71.9676,0.0637116,-0.0196975,69.1544
1.64438,8.95638,57.9077,-5.13584,-15.2389,75.757,-5.7511,-5.42367,73.3551,0.660756,0.687825,68.0312
-0.176117,7.21093,43.0394,-0.869275,-1.76611,67.5614,-1.35876,-0.0434427,93.919,-4.47229,-4.90685,17.7141
-0.369739,7.19554,39.8753,-0.520154,-1.10182,67.0568,-1.12452,0.380686,94.2688,-3.34973,-3.29212,12.6615
-1.63456,6.08571,35.8776,-0.238794,3.76982,70.1425,2.89523,6.07081,107.569,-2.33225,-3.04115,6.45947
-2.01375,5.77421,34.7518,-0.289149,3.42051,71.2838,3.40241,6.18202,107.24,-0.713327,-0.960343,2.636
-2.34434,5.07109,37.035,-0.37836,2.65887,73.4925,3.94237,10.0625,108.885,-0.395067,-0.537197,1.6044
-2.65273,4.45222,36.9379,-0.399563,2.3511,74.288,4.32662,10.223,108.838,-0.216357,-0.295519,1.09136
-3.31023,2.2293,32.7317,0.0420338,-0.48049,78.2669,3.66897,11.821,108.492,-0.150063,-0.20208,0.846948
-3.73001,1.49878,29.8406,0.148347,-0.747759,79.0348,3.96958,11.9867,108.856,-0.105981,-0.140204,0.695959
-5.47703,-3.71942,16.9599,1.2793,-3.12229,86.2112,3.7354,11.6521,110.724,-0.0839009,-0.109875,0.606885
-4.74072,-3.36413,12.9958,1.3615,-3.19994,87.15,3.98308,11.904,111.185,-0.0669345,-0.0862708,0.541472
-5.01404,-5.14923,11.137,2.51695,-3.72697,94.8856,3.90229,10.7235,114.643,-0.0578419,-0.0737619,0.504282
-2.45211,-2.51804,5.99405,2.5478,-3.434,95.4691,4.16338,11.1143,114.897,-0.0505956,-0.0631473,0.47251
-2.23657,-2.50173,5.19343,3.32645,-3.05033,104.049,3.40235,9.02378,119.025,-0.0471452,-0.0575121,0.46095
-1.06458,-1.19811,2.84315,3.41267,-2.53576,104.116,3.72796,9.50338,118.998,-0.0447182,-0.0528362,0.450634
-0.859871,-0.980424,2.3191,3.2983,-1.37773,106.858,2.59726,7.62528,123.293,-0.0460413,-0.0505001,0.464709
-0.572412,-0.660165,1.71993,3.54369,-0.98392,107.051,2.94054,8.16579,122.979,-0.0480297,-0.0509315,0.479051
-0.493068,-0.565519,1.50997,3.24036,0.644601,103.995,1.61247,6.22347,124.246,-0.0567089,-0.0537794,0.530361
-0.386541,-0.444027,1.27663,3.58248,0.960065,104.248,1.92464,6.84403,124.055,-0.0678017,-0.0621201,0.58882
-0.349972,-0.395685,1.18313,3.55657,1.69459,99.6973,0.610615,4.99599,123.3,-0.0983724,-0.0781341,0.726411
-0.302233,-0.33953,1.07384,3.96285,1.93881,100.016,0.89711,5.6791,123.453,-0.151337,-0.116356,0.927632
-0.295749,-0.327363,1.08196,4.25428,1.78375,95.1925,-0.153532,4.91542,121.704,-0.333457,-0.222737,1.46159
-0.312092,-0.342164,1.1264,4.70088,1.9603,95.6259,0.136645,5.62253,122.212,-1.20424,-0.81265,3.26792
-0.431872,-0.471988,1.46583,5.4944,1.43626,89.3652,-0.406083,5.81426,115.592,-11.0647,-8.79675,20.5719
-0.905247,-0.970879,2.46328,5.97313,1.49652,90.2331,-0.00572531,6.37992,116.619,-11.7506,-13.6322,28.0659
-7.68554,-8.0462,15.2268,6.76284,0.999505,80.8417,-0.55688,5.85355,96.9091,-6.28107,-12.1239,34.3117
-18.5739,-18.4934,35.0764,6.93939,1.23074,81.5531,0.0389261,6.0319,96.5493,-4.27496,-14.0709,50.3748
-17.6193,-15.5767,41.682,6.52437,-0.684102,65.3677,-2.74101,2.01837,60.4761,-1.8402,-13.5264,65.4319
-15.5276,-7.79177,69.2377,5.92955,0.932139,60.6053,-2.39949,3.14044,60.271,-1.80671,-13.0386,67.4369
-4.29747,0.296661,64.3574,5.27864,-1.80285,42.1974,-4.7705,-3.70841,13.3154,-2.01336,-14.4459,109.216
-3.15147,1.12375,61.4876,5.63844,-1.63955,39.9581,-2.57593,-1.76632,7.86771,-1.67385,-13.9525,109.616
0.441151,2.699,70.6853,4.89958,-2.7413,35.1902,-1.36968,-1.24378,3.53901,0.288766,-10.9135,127.103
0.326808,2.52059,71.5068,4.73298,-2.91161,34.0194,-0.449455,-0.398428,1.61398,0.371397,-10.0202,126.347
1.75195,3.93266,79.6618,3.01224,-2.75506,31.2645,-0.248701,-0.223734,0.997071,2.13398,-5.93246,122.241
1.65419,3.9044,79.9532,2.56793,-2.94661,30.4475,-0.133397,-0.117696,0.693598,2.15381,-5.40465,122.288
1.75548,5.32641,85.9955,0.774787,-3.24582,27.2361,-0.0884886,-0.077432,0.533299,2.731,-3.26877,115.954
1.77688,5.40127,86.0619,0.290314,-3.45422,25.7568,-0.0580891,-0.0503119,0.435769,2.87583,-2.94725,116.335
1.43102,6.26158,91.0618,-1.4176,-4.34509,21.7756,-0.04165,-0.036036,0.374068,3.05747,-2.29761,116.638
1.52296,6.39323,91.0869,-2.02529,-4.52253,18.7814,-0.0301842,-0.0262657,0.331838,3.36702,-2.02373,116.917
1.17708,6.64097,95.9039,-3.66498,-5.42507,14.0782,-0.0229376,-0.0204779,0.30482,3.55865,-1.46964,120.912
1.52591,6.82074,95.3545,-3.15291,-4.63322,11.4257,-0.0179341,-0.0164777,0.284482,4.05022,-1.05259,120.624
1.53023,6.30557,100.049,-3.50912,-4.58843,9.36779,-0.0145753,-0.0144076,0.274022,3.93036,0.108296,124.912
1.70859,6.44706,100.119,-1.91606,-2.47387,5.56259,-0.0125187,-0.0129383,0.264935,4.29639,0.597392,124.127
2.29144,5.41767,103.112,-1.55455,-1.88657,4.10386,-0.0109941,-0.0127983,0.264303,2.23412,1.32112,123.244
2.58504,5.61365,102.755,-0.777953,-0.931207,2.38663,-0.0102897,-0.0126804,0.263628,2.63671,1.76786,122.858
3.41766,4.67003,100.781,-0.539509,-0.631322,1.70697,-0.00947031,-0.0140388,0.274336,0.977275,1.08281,122.698
3.64206,4.91712,100.518,-0.317654,-0.366367,1.18831,-0.00980545,-0.0152053,0.284327,1.46289,1.46154,122.444
4.07712,4.11799,94.3241,-0.224818,-0.258355,0.934944,-0.00954972,-0.0184765,0.310652,0.839084,0.195825,121.844
4.15602,4.37445,94.6214,-0.1571,-0.177834,0.757638,-0.0111003,-0.0216275,0.337763,1.3938,0.471364,121.78
3.95892,3.93402,88.1196,-0.124285,-0.139592,0.665145,-0.0113744,-0.0294667,0.39705,1.37562,-1.05696,119.464
3.94052,4.19375,88.8368,-0.100201,-0.110033,0.593057,-0.0156648,-0.0394432,0.469826,1.99444,-0.900618,119.858
2.94045,3.84586,83.9074,-0.090291,-0.0952141,0.576363,-0.0179497,-0.0641433,0.621051,1.5436,-2.46839,118.866
2.93247,4.07787,84.8394,-0.0871391,-0.0879836,0.569769,-0.0331818,-0.115102,0.869424,2.24351,-2.37756,119.648
2.24161,4.95202,84.5553,-0.101586,-0.0921089,0.647911,-0.0485632,-0.300306,1.54239,1.54871,-3.54227,121.526
2.28189,5.1678,85.15,-0.135777,-0.116767,0.768767,-0.396996,-2.06166,5.01295,2.22514,-3.35307,122.317
1.81682,7.32868,86.1729,-0.280421,-0.19997,1.20399,-8.66814,-19.4137,38.0815,0.981363,-3.37912,118.147
1.86595,7.44723,86.662,-1.18334,-0.80727,3.01111,-9.59326,-9.69049,39.2699,1.51697,-3.11754,118.865
0.547667,8.82492,81.078,-19.9699,-15.7061,35.2498,-6.44937,-6.17554,49.5144,0.29239,-2.26703,101.386
0.555105,8.84749,81.3286,-14.0641,-17.7997,40.6013,-8.4807,-7.78993,59.6594,-0.056634,-1.75944,99.6811
-0.498893,8.56363,64.7309,-3.50315,-9.78791,56.196,-5.85361,-5.40133,69.0414,-1.43292,-1.49534,67.3718
-0.0342486,8.39811,60.0197,-1.38433,-8.6362,61.5297,-5.68257,-5.39687,70.5548,-0.891741,-0.991091,66.5523
-1.03032,6.95165,44.9527,0.188799,0.0391355,65.359,-1.81267,-0.502999,91.5557,-4.18963,-4.63018,16.8533
-1.11464,6.94483,41.7194,0.139392,-0.0787089,66.9749,-1.70281,-0.193076,92.1194,-3.02667,-2.96381,11.799
-2.24112,5.96404,37.8395,0.300445,4.75201,69.92,1.7999,5.16377,105.67,-1.70655,-2.26538,5.18675
-2.59974,5.63445,36.7085,0.198686,4.38861,70.9697,2.22034,5.15718,105.512,-0.546063,-0.750356,2.27736
-3.02943,4.82747,38.9668,0.0191864,3.58877,73.3315,2.58419,8.84411,107.545,-0.296709,-0.413904,1.39088
-3.35211,4.18349,38.5972,-0.0516504,3.22783,74.1293,2.88141,8.89146,107.634,-0.163676,-0.229927,0.969369
-3.88708,2.04768,34.3326,0.288574,0.402322,78.2683,2.14385,10.3452,107.573,-0.11316,-0.15689,0.758395
-4.19698,1.45874,31.9883,0.335407,0.153271,78.906,2.35672,10.4266,108.047,-0.0799164,-0.108755,0.629687
-5.61647,-3.41707,18.9421,1.41863,-2.17434,85.6526,2.05911,10.0052,109.979,-0.0633419,-0.0852558,0.552349
-5.14644,-3.26372,15.2962,1.45753,-2.32704,86.6322,2.22302,10.1417,110.549,-0.0506301,-0.0669502,0.49637
-5.18789,-5.35067,11.8164,2.58764,-3.08454,94.5582,2.03185,8.67517,114.003,-0.0439753,-0.057452,0.464574
-2.58088,-2.65793,6.46891,2.55723,-2.86824,95.1763,2.20823,8.96738,114.365,-0.0386924,-0.0492578,0.437909
-2.20753,-2.51947,5.2743,3.38656,-2.56076,103.775,1.29568,6.74323,118.7,-0.0364028,-0.0450242,0.429102
-0.998523,-1.15547,2.80853,3.38864,-2.15622,104.002,1.53356,7.12496,118.708,-0.0348335,-0.0414097,0.421648
-0.769089,-0.904213,2.20801,3.25915,-0.936146,106.754,0.19386,4.92042,122.469,-0.036255,-0.0393182,0.437362
-0.498374,-0.595833,1.6243,3.42859,-0.614077,106.999,0.446328,5.37927,122.243,-0.0382222,-0.039646,0.453922
-0.417166,-0.497544,1.40077,3.15736,0.876921,104.47,-1.01627,3.35525,123.908,-0.0452243,-0.0408986,0.50434
-0.320708,-0.3851,1.17979,3.42003,1.13601,104.714,-0.789821,3.88963,123.732,-0.0540697,-0.0465481,0.562018
-0.285749,-0.338682,1.08684,3.33354,1.8304,100.245,-2.12245,1.99725,122.553,-0.0773417,-0.0551308,0.692507
-0.245204,-0.289926,0.989419,3.66326,2.01839,100.556,-1.93663,2.57307,122.756,-0.117099,-0.0788887,0.880202
-0.238636,-0.27951,1.00191,3.8932,1.77348,95.6509,-3.12416,1.68552,120.939,-0.245688,-0.131507,1.35249
-0.252676,-0.294123,1.04855,4.26247,1.88781,96.0813,-2.95703,2.26744,121.498,-0.781453,-0.408653,2.6852
-0.346321,-0.404795,1.36626,4.98814,1.34288,89.7182,-3.38865,2.60605,114.959,-7.41395,-4.46311,14.5049
-0.729625,-0.837081,2.25991,5.37738,1.32919,90.5691,-3.01361,2.92727,115.846,-11.354,-12.7993,30.7364
-6.7312,-7.53844,14.2023,6.24383,0.689915,81.2145,-3.10703,2.79601,95.7668,-3.44901,-9.95921,37.2638
-18.9849,-19.7837,37.7496,6.22584,1.01398,81.7228,-2.76978,3.04934,95.5878,-2.14881,-10.8313,46.7754
-13.9079,-10.9402,44.0725,6.01521,-1.21593,67.268,-4.39472,-0.171377,59.8911,-0.305746,-11.3944,62.1366
-11.7013,-4.40112,61.8399,5.56157,0.168416,63.1007,-4.12457,0.771161,60.4051,-0.555763,-11.587,65.608
-2.83748,1.59848,60.9053,4.89262,-2.27377,43.3182,-4.67501,-3.55192,13.4657,-0.231154,-12.1116,108.273
-2.4466,1.85828,60.7838,5.13271,-1.98191,40.2773,-2.59406,-1.70698,8.1302,-0.00901063,-11.7754,109.122
1.13878,3.31356,70.0571,4.56551,-3.20173,35.3955,-1.14247,-1.0157,3.18328,2.04131,-8.55415,128.39
1.02638,3.10177,70.8838,4.41052,-3.37716,34.1894,-0.382036,-0.332326,1.48599,2.0886,-7.79022,127.771
2.45294,4.32115,78.7932,2.84992,-3.23767,31.8752,-0.201728,-0.177598,0.900277,3.75907,-3.76285,124.164
2.28041,4.22147,79.1232,2.38826,-3.46085,31.196,-0.10728,-0.0923805,0.632387,3.70997,-3.26312,124.071
2.28162,5.53573,85.1205,0.599472,-3.69335,27.9522,-0.0709096,-0.0603685,0.488283,4.11329,-1.18697,116.632
2.20558,5.53644,85.3554,0.11005,-3.89543,26.5492,-0.0467263,-0.039282,0.400743,4.20773,-0.915279,116.954
1.77883,6.47936,90.1503,-1.47679,-4.7558,22.7805,-0.033418,-0.0280036,0.344762,4.26693,-0.271421,116.147
1.83435,6.56394,90.1578,-1.96968,-4.93101,20.3263,-0.0240938,-0.0202952,0.30687,4.51689,-0.0571375,116.512
1.38484,6.89973,95.3032,-3.66035,-5.87349,15.4009,-0.0182271,-0.0158107,0.282606,4.74993,0.453502,120.579
1.64035,7.02155,94.9004,-3.24889,-5.17339,12.8768,-0.0141444,-0.0126703,0.26456,5.15583,0.799217,120.334
1.59232,6.58671,99.6893,-3.7619,-5.20968,10.4938,-0.0114103,-0.0111541,0.255411,5.16129,1.94842,125.146
1.68891,6.67223,99.9026,-2.09993,-2.87345,6.31899,-0.00972003,-0.0100112,0.247648,5.45853,2.36577,124.333
2.24801,5.70582,103.262,-1.64075,-2.08624,4.4477,-0.00851514,-0.0101057,0.247582,3.53875,3.08812,123.436
2.4822,5.86219,102.993,-0.776352,-0.973286,2.4778,-0.00795201,-0.0100628,0.247574,3.87737,3.4946,123.023
3.39487,4.89093,101.286,-0.521036,-0.634971,1.72051,-0.00727155,-0.0113739,0.257765,2.03338,2.81906,122.829
3.58785,5.1104,101.051,-0.30018,-0.359885,1.18338,-0.00748674,-0.0123065,0.267395,2.47197,3.16781,122.556
4.11197,4.36958,94.7776,-0.210063,-0.250491,0.924379,-0.00712703,-0.0151019,0.291795,1.66388,1.85844,121.523
4.16495,4.61248,95.1191,-0.145719,-0.17095,0.747607,-0.00819014,-0.0175108,0.317025,2.18111,2.1058,121.482
4.00374,4.18908,88.7199,-0.11481,-0.133282,0.655564,-0.00784284,-0.0236994,0.370813,2.0486,0.478868,119.222
3.96233,4.44413,89.4725,-0.0924084,-0.104645,0.585016,-0.0104669,-0.030949,0.436213,2.63602,0.624559,119.623
2.93084,3.99794,84.3846,-0.0833708,-0.0901551,0.569225,-0.00981119,-0.048706,0.569767,2.15915,-1.01906,118.78
2.90571,4.23452,85.3463,-0.080605,-0.0831194,0.56363,-0.0165131,-0.0827396,0.781976,2.84122,-0.926662,119.563
2.21803,5.07807,84.9162,-0.0937939,-0.0861526,0.641563,-0.00657231,-0.189298,1.30862,2.18156,-2.00043,121.646
2.24042,5.30155,85.588,-0.125263,-0.108914,0.761804,-0.022029,-0.89076,3.24689,2.86078,-1.81774,122.454
1.6857,7.45411,86.7214,-0.257601,-0.181878,1.19298,-3.76387,-13.7951,28.8971,1.83124,-1.97264,118.862
1.82655,7.57175,87.2278,-1.08684,-0.730532,2.9392,-9.57524,-9.59891,37.8941,2.46479,-1.70946,119.838
0.658936,9.04862,82.217,-19.3841,-15.1958,35.2019,-5.88022,-5.32401,46.4771,1.23121,-1.05055,103.506
0.722465,9.0658,82.1998,-12.0806,-17.3852,43.7377,-8.11555,-7.07682,58.4744,0.819028,-0.456672,101.717
-0.397311,8.93451,66.2314,-2.03396,-7.71936,54.6012,-5.78142,-4.83893,68.5598,-0.688289,-0.570461,69.9606
0.0657348,8.75736,61.2971,-0.825926,-7.18242,59.8325,-5.64462,-4.84061,70.3068,-0.173013,-0.0180425,68.699
-0.847938,7.29573,45.7441,0.527922,1.01136,64.8596,-1.74882,0.251577,90.7157,-4.0806,-4.47997,17.9139
-0.909912,7.30363,42.4892,0.461722,0.902226,66.5714,-1.64213,0.589464,91.2581,-3.14331,-3.0315,13.0963
-2.11358,6.16673,37.9214,0.761204,5.94949,69.6488,2.03678,6.04964,105.314,-1.95191,-2.64574,5.83197
-2.46963,5.88139,36.7456,0.660599,5.62065,70.7755,2.45273,6.08318,105.127,-0.605948,-0.846397,2.46829
-2.9646,5.08952,39.073,0.474311,5.08188,72.8513,2.93169,9.90352,107.001,-0.331292,-0.469037,1.49614
-3.27687,4.47084,38.8253,0.398593,4.73813,73.7893,3.23505,9.99543,107.058,-0.181209,-0.257836,1.03042
-3.71857,2.4525,35.1738,0.782207,1.92507,77.8456,2.48435,11.6756,106.836,-0.125847,-0.175942,0.803621
-4.01847,1.8933,33.0401,0.816877,1.71497,78.5836,2.69748,11.8237,107.288,-0.0891776,-0.121844,0.665947
-5.4534,-2.95119,20.3046,1.84343,-0.513424,85.4194,2.2572,11.6357,109.234,-0.0711139,-0.0955961,0.584705
-5.23921,-3.02335,16.7199,1.90859,-0.599531,86.4211,2.43701,11.8383,109.82,-0.0571496,-0.0752267,0.526335
-5.39227,-5.55599,12.4827,3.14055,-1.1446,94.4918,2.30671,10.6468,113.727,-0.0498636,-0.0646649,0.493648
-2.8185,-2.87068,7.07446,3.13075,-0.871828,95.2148,2.5026,11.0014,114.098,-0.0439646,-0.0555957,0.46633
-2.43305,-2.80767,5.80259,4.01339,-0.370459,104.168,1.61108,8.79096,118.33,-0.0414785,-0.0510321,0.459441
-1.04887,-1.22469,2.96586,4.02737,0.1402,104.454,1.87041,9.25911,118.365,-0.0399601,-0.0474052,0.454012
-0.797306,-0.950765,2.30672,3.90594,1.47135,107.443,0.665806,7.15672,122.202,-0.0417562,-0.0452587,0.474324
-0.503197,-0.61161,1.67091,4.09232,1.94268,107.745,0.950698,7.72448,121.998,-0.0442561,-0.0461895,0.495396
-0.418013,-0.5079,1.43558,3.89096,3.44091,105.267,-0.401399,5.87746,123.799,-0.0524344,-0.0475282,0.555176
-0.317716,-0.390476,1.20801,4.1761,3.88082,105.545,-0.133621,6.54842,123.625,-0.062742,-0.0546495,0.622282
-0.282216,-0.343502,1.11822,4.06535,4.71213,101.145,-1.43827,4.82699,122.977,-0.0887525,-0.0633731,0.771916
-0.242207,-0.296677,1.02892,4.4258,5.10422,101.472,-1.19122,5.57277,123.117,-0.130547,-0.0900688,0.975851
-0.234351,-0.284089,1.05483,4.7425,4.92685,96.4056,-2.19166,4.88601,121.007,-0.24865,-0.136644,1.44986
-0.249036,-0.303324,1.12604,5.12269,5.22377,96.9017,-1.98297,5.63118,121.642,-0.571704,-0.32535,2.41711
