-5.33239,6.6507,22.1007,-0.423615,-3.86368,15.0553,8.94009,0.78243,51.0532,2.9557,-4.64227,58.2098
-5.25514,6.55002,21.9706,-0.358533,-3.83571,14.9662,8.96936,0.710062,50.8372,2.96197,-4.57853,57.9803
-5.35742,6.63955,22.1798,-0.461471,-3.8311,15.096,8.90784,0.825753,51.1538,2.90204,-4.61048,58.2119
-5.41136,6.66357,22.2629,-0.512019,-3.80882,15.1214,8.86702,0.887709,51.3251,2.8606,-4.60423,58.2743
-5.47073,6.67563,22.2884,-0.567704,-3.77895,15.0837,8.82525,0.952506,51.4925,2.81155,-4.59028,58.3136
-5.5299,6.69774,22.3308,-0.616658,-3.75445,15.064,8.7874,1.02207,51.6829,2.77416,-4.58741,58.3757
-5.52975,6.67966,22.2752,-0.603675,-3.73348,14.9784,8.78694,1.04627,51.7607,2.77287,-4.57004,58.3431
-5.53487,6.67873,22.2624,-0.596631,-3.71863,14.9353,8.7803,1.07541,51.8514,2.77197,-4.56341,58.3367
-5.53616,6.67576,22.2468,-0.584826,-3.70644,14.8944,8.77969,1.09906,51.928,2.77554,-4.5578,58.3316
-5.53548,6.6729,22.2329,-0.573622,-3.69575,14.8593,8.77852,1.11842,51.9962,2.77867,-4.55361,58.3308
-5.43662,6.64278,22.3298,-0.563911,-3.66818,14.9653,8.62607,1.02052,51.6993,2.644,-4.45529,57.9662
-4.74667,6.44104,22.9923,-0.528114,-3.52608,15.7995,7.63435,0.265662,49.3463,1.7455,-3.80815,55.4873
-3.58252,6.05946,24.2621,-0.35595,-3.30002,17.3658,5.97645,-1.06909,45.0529,0.193779,-2.63039,51.0551
-3.67452,6.06796,26.4893,-0.670652,-3.51261,19.4958,4.70479,-2.14867,41.0771,-1.17509,-1.4472,47.023
-5.93422,7.62308,32.3651,-3.80448,-5.22007,24.6848,2.9073,-3.73346,34.3736,-3.14761,0.21291,40.2921
-9.03957,10.3664,41.706,-8.40507,-8.21759,33.0458,0.0219232,-5.45164,26.2096,-6.19371,2.15492,32.1046
-13.1461,14.6085,56.9229,-15.2195,-13.3065,46.9787,-5.15755,-6.57981,15.6273,-11.4702,4.08013,21.0726
-10.3496,13.5933,54.9199,-12.3753,-12.4449,45.4284,-3.81309,-6.89569,14.6052,-9.98771,4.44515,19.3864
-6.36178,10.312,47.662,-7.41836,-9.23836,39.2651,-1.23372,-7.40486,15.1207,-7.24185,4.72894,19.3999
-2.72647,7.20512,40.495,-2.82485,-6.26878,33.2144,1.56518,-7.73754,17.5104,-4.23955,4.41314,22.1865
0.466494,4.51744,33.4257,1.29486,-3.65377,27.1122,4.15198,-7.75661,20.3924,-1.44672,3.84721,25.5808
1.86277,2.26099,27.525,4.75105,-1.79251,21.6005,6.81331,-7.28824,23.8882,1.08902,3.35337,29.4138
2.33974,0.55998,23.2227,7.04404,-0.68682,17.6147,9.04682,-6.38647,28.2567,3.02414,2.76903,33.8873
2.99404,-0.909129,18.5927,7.93239,-0.113908,14.4445,10.1897,-5.50324,32.0513,5.05256,2.61889,37.3434
3.27105,-1.83248,15.1732,7.70416,0.187752,12.6469,10.8362,-4.56799,36.2729,6.81157,2.16642,41.2798
3.32878,-2.15802,14.1819,7.72187,0.301311,12.2549,10.9899,-3.49808,40.6945,7.22579,1.27744,45.7221
3.80415,-2.47396,12.1846,7.63894,0.386326,11.5211,11.4615,-3.19356,42.3761,7.6957,1.00436,47.3841
4.11331,-2.59323,11.973,7.82029,0.508411,11.541,11.3716,-2.56646,45.5239,7.18958,0.231776,50.6464
4.29546,-2.56301,12.1592,7.96631,0.52101,11.6293,11.1557,-2.00765,47.638,6.62445,-0.372469,52.7697
4.62298,-2.49761,12.8623,8.23372,0.660472,11.951,10.7034,-1.47642,50.1416,5.39141,-1.16702,55.3795
4.84359,-2.38459,13.7533,8.45159,0.753329,12.2936,10.0874,-0.956694,52.3494,4.28649,-1.77952,57.5698
4.99025,-2.34652,14.7736,8.60357,0.826756,12.6555,8.72324,-0.267884,54.5685,2.98636,-2.26152,59.6236
5.04176,-2.1553,15.8736,8.38779,1.00514,12.8731,7.47425,0.250803,56.9729,1.9728,-2.75188,61.6961
5.00501,-1.95693,17.0272,8.09604,1.13577,13.365,6.43578,0.712301,58.8892,1.13214,-3.18827,63.2805
4.94948,-1.74755,18.2746,7.57612,1.261,13.959,5.07531,1.17682,60.9208,0.036773,-3.62949,64.8422
5.02483,-1.72984,18.1229,7.19294,1.26854,13.8212,4.61129,1.19595,61.051,-0.341276,-3.55988,64.4494
4.62687,-1.46824,20.174,6.84751,1.22386,15.0104,3.7198,1.88519,63.7082,-1.07888,-4.18265,66.8498
4.21935,-1.19723,21.9561,6.40652,1.16167,16.0941,2.91069,2.48584,66.0613,-1.71292,-4.73092,68.8642
4.18507,-1.17624,21.1765,6.10786,1.29345,15.2572,2.53075,2.38763,65.84,-1.97969,-4.5668,68.1621
4.02183,-1.0803,21.5181,5.87929,1.31235,15.3095,2.25661,2.52449,66.393,-2.1635,-4.67958,68.4169
3.71837,-0.915483,22.3753,5.54333,1.29974,15.7479,1.78487,2.8229,67.5169,-2.51576,-4.93613,69.2507
3.59431,-0.900836,21.7133,5.27919,1.40414,15.0111,1.53013,2.73642,67.1795,-2.70322,-4.75883,68.5287
3.43194,-0.852301,21.6597,5.07032,1.45011,14.7922,1.34302,2.77601,67.3497,-2.80189,-4.73853,68.3345
3.23018,-0.801015,21.4434,4.82301,1.50661,14.4122,1.10576,2.80537,67.4584,-2.95657,-4.68813,68.0853
3.06859,-0.781401,21.2758,4.64384,1.54884,14.0596,0.973443,2.79181,67.3913,-3.05534,-4.63252,67.8176
2.88452,-0.760894,20.9716,4.4308,1.59052,13.6,0.818946,2.78168,67.2823,-3.19681,-4.55517,67.5315
2.69313,-0.739384,20.6812,4.2015,1.63918,13.1953,0.660473,2.7685,67.1745,-3.3282,-4.4779,67.2238
2.64171,-0.741937,20.366,4.09893,1.66193,12.8812,0.630235,2.71501,66.9594,-3.3523,-4.39458,66.8786
2.55301,-0.739316,20.0738,3.95355,1.69106,12.5785,0.574866,2.67573,66.7708,-3.39673,-4.30435,66.5252
-2.24589,5.57972,23.1574,2.0901,-4.82756,16.5192,10.1388,0.267743,50.493,4.04041,-5.01524,59.4603
-8.49144,13.1066,44.2421,-6.07396,-11.3353,37.5978,9.81329,2.77716,57.3165,4.35163,-4.91132,58.0847
-5.96143,9.91605,34.7488,-3.02546,-8.52996,28.7349,9.86702,1.76608,54.396,4.08917,-4.90649,58.5635
-5.89367,9.81241,33.7835,-2.65002,-8.23358,27.3389,9.81113,1.71405,54.1923,3.99298,-4.82887,58.4536
-6.10447,9.94575,33.7662,-2.83554,-8.2368,27.2632,9.74321,1.77315,54.2726,3.91081,-4.75751,58.3017
-6.26757,10.0207,33.6698,-2.99002,-8.20812,27.1628,9.68807,1.81962,54.334,3.84344,-4.70139,58.1885
-6.40787,10.0793,33.5553,-3.11163,-8.17588,27.032,9.64499,1.86353,54.407,3.78816,-4.66022,58.1258
-6.52777,10.1351,33.4696,-3.21697,-8.15257,26.9363,9.60845,1.90118,54.4706,3.74573,-4.62811,58.0714
-6.63742,10.1873,33.3959,-3.31397,-8.13623,26.8549,9.58116,1.93605,54.5333,3.71247,-4.59945,58.0259
-6.73768,10.239,33.3306,-3.40649,-8.12603,26.784,9.55714,1.96689,54.593,3.68403,-4.57289,57.9844
-6.73165,10.2592,33.3833,-3.50466,-8.10054,26.8696,9.38489,1.87887,54.2907,3.52233,-4.45423,57.5792
-6.13748,10.0875,34.0851,-3.63494,-7.94359,27.7976,8.35256,1.1634,52.0548,2.58208,-3.82983,55.2027
-5.06115,9.67133,35.4574,-3.64469,-7.6392,29.5203,6.59637,-0.0418952,48.2126,0.947667,-2.7588,51.2026
-5.20635,9.52083,37.6202,-4.0909,-7.73038,31.678,5.22205,-1.02635,44.5852,-0.512375,-1.6585,47.5041
-7.53277,10.899,43.3718,-7.34106,-9.31684,36.8118,3.13603,-2.09807,39.7016,-2.69893,-0.458626,42.6534
-10.7508,13.3041,52.3974,-12.0396,-12.1318,44.9316,0.0328166,-3.76392,32.0982,-5.93973,1.26488,35.3819
-14.1666,16.361,65.6668,-17.6045,-16.045,57.0422,-5.56862,-5.57252,22.1857,-11.5015,2.75897,27.0668
-11.786,14.3038,62.8612,-14.7561,-14.1799,54.7989,-4.52946,-6.00411,22.2182,-10.342,2.84671,27.2503
-8.2956,10.7254,55.5159,-10.0064,-10.6204,48.4006,-2.3708,-5.07792,27.4402,-7.97715,1.64816,32.6311
-4.76247,7.76898,48.2907,-5.24513,-7.56528,42.011,0.137859,-3.66325,33.5939,-5.13524,0.434858,38.035
-1.64836,5.44088,41.7949,-1.03597,-5.07147,36.2406,2.3533,-2.71849,38.2877,-2.59754,-0.354169,42.0796
-0.0881138,3.47974,36.4314,2.72059,-3.26449,31.138,4.65799,-1.82954,42.2557,-0.323661,-0.840937,45.83
0.818019,1.91794,32.2804,6.0656,-1.79076,26.4177,6.64951,-1.01383,45.6909,1.43768,-1.13664,49.2369
1.46372,0.697752,28.8851,8.44979,-0.449275,21.7694,7.35794,-0.122835,49.1542,3.06496,-1.14091,52.4275
1.95449,-0.206296,26.0185,9.33834,0.391291,18.5372,7.74383,0.6217,52.5314,4.59082,-1.31416,55.4372
2.49114,-0.676485,24.3985,9.77623,0.767748,16.8949,8.01967,1.08732,54.7471,5.13364,-1.57566,57.4251
2.90363,-1.02326,23.4309,9.98987,0.993132,15.9916,8.09174,1.48669,56.7603,5.27589,-1.89311,59.3118
3.28178,-1.17382,23.2949,10.2158,1.22087,15.7144,7.94156,1.82217,58.8258,4.7577,-2.36836,61.3358
3.42409,-1.07692,23.6565,10.3773,1.27767,15.7548,7.81798,2.02849,59.6831,4.29071,-2.67061,62.1589
3.61491,-0.903681,24.5841,10.6105,1.41924,16.2854,7.51756,2.17134,60.783,3.21933,-3.12094,63.2984
3.65626,-0.705427,25.6846,10.656,1.42048,17.1881,7.0724,2.32583,61.6315,2.29366,-3.42731,64.0812
3.63259,-0.658775,26.8012,10.2449,1.17943,18.7463,5.89973,2.6566,62.5087,1.18595,-3.64632,64.7913
3.52799,-0.520075,27.8964,8.82279,0.783642,20.9651,4.84529,2.83541,63.6177,0.363822,-3.92405,65.605
3.3437,-0.378464,29.0115,7.52271,0.383234,22.8559,3.98868,2.97752,64.3031,-0.321652,-4.16333,66.0687
3.15102,-0.195677,30.2202,6.41449,0.223652,24.0221,2.75413,3.15208,65.1846,-1.33424,-4.40855,66.6703
2.87982,-0.0615336,31.3012,5.61277,-0.0129642,25.2214,2.0017,3.33239,65.84,-2.00416,-4.55585,67.0849
2.72439,-0.00568379,31.778,5.0812,-0.147612,25.8724,1.52366,3.41794,66.2387,-2.40943,-4.64698,67.2936
2.52542,0.0851928,32.1589,4.61407,-0.197497,26.2436,1.00838,3.5252,66.7322,-2.81669,-4.73543,67.528
2.27237,0.2104,32.3886,4.09552,-0.173781,26.3669,0.36761,3.62829,67.2719,-3.31523,-4.79212,67.7392
2.10818,0.275311,32.5887,3.79515,-0.182049,26.4913,0.108008,3.65651,67.4444,-3.49855,-4.81589,67.6989
1.91599,0.338448,32.6789,3.47758,-0.163505,26.4847,-0.212277,3.67798,67.5665,-3.73387,-4.81082,67.5848
1.68909,0.410846,32.5942,3.11796,-0.104771,26.2653,-0.590136,3.6934,67.6653,-4.02725,-4.75752,67.4041
1.53669,0.442259,32.4796,2.90371,-0.0498637,26.0371,-0.758404,3.66496,67.6343,-4.13798,-4.72722,67.2028
1.34965,0.476584,32.206,2.65111,0.00729278,25.6939,-0.971402,3.63197,67.5796,-4.29176,-4.672,66.9659
1.20831,0.474023,31.963,2.445,0.0144374,25.4924,-1.09245,3.58791,67.4812,-4.37175,-4.61455,66.7001
1.04674,0.467618,31.5927,2.19037,-0.0111859,25.2687,-1.23285,3.55851,67.4017,-4.47489,-4.53321,66.3998
0.883461,0.481898,31.2973,1.94239,-0.016926,25.0652,-1.35524,3.50606,67.2321,-4.56107,-4.40164,65.976
0.779609,0.555058,31.3416,1.92124,0.271948,24.4631,-1.34066,3.45926,67.0364,-4.55866,-4.26919,65.6069
0.580928,0.617661,31.2184,2.34456,2.01148,20.9647,-1.48481,3.66962,67.1661,-4.77121,-4.06473,65.4408
-2.12639,5.75563,23.1125,2.19137,-4.92653,16.4562,10.2101,0.412821,50.8982,4.11027,-5.05045,59.7153
-8.47439,13.3543,44.1767,-6.14465,-11.5195,37.6097,9.8699,2.93725,57.7393,4.415,-4.96411,58.2935
-5.96671,10.1578,34.736,-3.13133,-8.68922,28.8062,9.91172,1.89353,54.7271,4.13905,-4.93753,58.7083
-5.91689,10.0634,33.7842,-2.76318,-8.38382,27.3923,9.84345,1.82473,54.4705,4.03087,-4.84538,58.5513
-6.14454,10.2028,33.7734,-2.9632,-8.38257,27.3105,9.76519,1.8706,54.5095,3.93896,-4.76261,58.3625
-6.31934,10.2798,33.6774,-3.12796,-8.34718,27.2032,9.70121,1.90562,54.5366,3.86358,-4.69609,58.2193
-6.46774,10.3387,33.5587,-3.25731,-8.30797,27.0643,9.6505,1.93975,54.5811,3.80173,-4.64554,58.132
-6.59242,10.3932,33.4658,-3.36624,-8.27643,26.9581,9.60741,1.96857,54.6198,3.75391,-4.60466,58.0571
-6.70455,10.4432,33.3822,-3.46391,-8.25086,26.8651,9.57443,1.99527,54.6603,3.71631,-4.56774,57.9938
-6.80511,10.4909,33.3051,-3.55373,-8.22908,26.781,9.54544,2.01828,54.6994,3.68441,-4.53319,57.9364
-6.7946,10.5005,33.3483,-3.64167,-8.1841,26.8507,9.36881,1.92279,54.3764,3.52008,-4.40669,57.5165
-6.18594,10.304,34.0481,-3.74463,-7.99015,27.759,8.33342,1.20154,52.1183,2.5786,-3.77589,55.1235
-5.09282,9.85623,35.4167,-3.71691,-7.63904,29.4603,6.576,-0.0082505,48.2532,0.944861,-2.69987,51.103
-5.22322,9.68449,37.5599,-4.12113,-7.68748,31.5802,5.20143,-0.999406,44.5977,-0.513381,-1.59504,47.383
-7.52727,11.038,43.276,-7.32013,-9.22112,36.6595,3.11595,-2.07367,39.6822,-2.69655,-0.399507,42.5131
-10.7272,13.4362,52.2469,-11.972,-11.9843,44.7256,0.0137001,-3.64117,32.2325,-5.9315,1.31954,35.2017
-14.1516,16.4952,65.4695,-17.5054,-15.8341,56.8059,-5.5978,-4.93175,23.1695,-11.4945,2.72131,26.9294
-11.8297,14.4363,62.5889,-14.6832,-13.9285,54.5248,-4.60939,-5.12069,23.6694,-10.3489,2.79246,27.1335
-8.37786,10.8445,55.1893,-9.94963,-10.353,48.0966,-2.49178,-4.1856,28.819,-8.00648,1.64892,32.4587
-4.8406,7.86248,47.9065,-5.17642,-7.3025,41.6803,0.0137275,-3.18891,34.1551,-5.16374,0.51819,37.7673
-1.70066,5.51955,41.3793,-0.9372,-4.83401,35.8823,2.23132,-2.55713,38.3553,-2.60681,-0.258265,41.8196
-0.102751,3.55514,35.9885,2.822,-3.08175,30.7956,4.55044,-1.8729,42.0334,-0.3035,-0.749908,45.6015
0.880226,1.93455,31.7036,5.82893,-1.93569,26.698,6.5795,-1.19418,45.3268,1.52502,-1.08649,49.0467
1.63044,0.584186,28.0636,7.56653,-1.23535,23.3594,7.34021,-0.373569,48.8013,3.26003,-1.18053,52.2918
2.15065,-0.363334,25.1386,8.33823,-0.629192,20.6569,7.75404,0.33591,52.1845,4.84279,-1.39302,55.3368
2.66848,-0.816372,23.5811,8.91527,-0.216058,19.0259,8.03831,0.788885,54.4002,5.40306,-1.65536,57.3362
3.04413,-1.10876,22.7278,9.25245,0.06597,18.0647,8.11248,1.19501,56.4343,5.55488,-1.96849,59.2263
3.41157,-1.26654,22.6203,9.50815,0.3327,17.8011,7.96185,1.53404,58.5045,5.03515,-2.43506,61.2505
3.55962,-1.21487,22.9427,9.53266,0.340513,18.0198,7.8361,1.7454,59.3695,4.56072,-2.73673,62.0729
3.75509,-1.09082,23.8254,9.46558,0.411574,18.8419,7.53174,1.8986,60.4788,3.47725,-3.18939,63.2126
3.79236,-0.923544,24.9166,9.16378,0.334834,19.9559,7.08142,2.07009,61.3364,2.53134,-3.49669,63.9981
3.74992,-0.850975,26.1059,8.76378,0.210085,21.0432,5.89967,2.42471,62.2131,1.38722,-3.6953,64.7164
3.6148,-0.616525,27.3688,7.92389,0.20282,21.9893,4.82898,2.63118,63.3141,0.513156,-3.92328,65.5436
3.40224,-0.372594,28.6721,7.18809,0.152099,22.9731,3.96061,2.79851,63.9971,-0.214626,-4.11601,66.012
3.19254,-0.136298,30.0019,6.21265,0.120021,24.071,2.72118,2.9953,64.8891,-1.25045,-4.33951,66.6047
2.90946,0.031205,31.165,5.42095,-0.060751,25.2718,1.96137,3.19711,65.5623,-1.94219,-4.47416,67.0093
2.74099,0.116199,31.7142,4.92085,-0.127146,25.8079,1.47346,3.30299,65.9792,-2.37241,-4.54975,67.2091
2.5286,0.221002,32.1463,4.45838,-0.14802,26.1299,0.944668,3.43137,66.4963,-2.80792,-4.62992,67.4391
2.26519,0.348914,32.4084,3.92746,-0.12036,26.2583,0.288465,3.55533,67.0623,-3.33536,-4.68287,67.6486
2.08966,0.420043,32.6413,3.61973,-0.116906,26.3713,0.0122634,3.60257,67.2614,-3.54581,-4.70343,67.6084
1.88522,0.487985,32.7612,3.29617,-0.0865254,26.3492,-0.326106,3.64222,67.4097,-3.80871,-4.6966,67.4964
1.64742,0.560807,32.698,2.92908,-0.0239632,26.1288,-0.723712,3.675,67.535,-4.12996,-4.64346,67.3189
1.48325,0.59376,32.6036,2.70686,0.0351057,25.9026,-0.913291,3.66265,67.5298,-4.26759,-4.61338,67.1206
1.28301,0.630762,32.3537,2.4516,0.103034,25.5491,-1.14992,3.64581,67.4995,-4.44998,-4.55704,66.8852
1.12378,0.63905,32.1531,2.2601,0.151963,25.2694,-1.29878,3.61921,67.4228,-4.56374,-4.49484,66.6213
0.93985,0.653501,31.8475,2.05039,0.215113,24.8539,-1.4734,3.60717,67.3618,-4.70823,-4.40928,66.3337
0.759828,0.67509,31.5763,1.84696,0.281536,24.4612,-1.63678,3.56675,67.2208,-4.83568,-4.29923,65.9618
0.672545,0.688559,31.469,1.71567,0.287472,24.3354,-1.65471,3.51642,67.0953,-4.82829,-4.26585,65.7165
0.534943,0.704891,31.2585,1.6092,0.620962,23.542,-1.72413,3.49803,66.9663,-4.88363,-4.15899,65.369
-2.13462,5.76551,23.1131,2.16233,-4.94535,16.4676,10.2067,0.420424,50.9115,4.10634,-5.05132,59.7179
-8.48385,13.3596,44.1773,-6.16908,-11.5336,37.62,9.86636,2.94438,57.7516,4.41101,-4.96503,58.2964
-5.97505,10.1634,34.7369,-3.15136,-8.6999,28.8098,9.90851,1.89961,54.7376,4.13538,-4.93848,58.7112
-5.92436,10.0692,33.7843,-2.78312,-8.39453,27.3956,9.84045,1.83023,54.48,4.0274,-4.8463,58.5539
-6.15147,10.2088,33.7734,-2.98225,-8.39271,27.3127,9.76241,1.87557,54.5174,3.93557,-4.7633,58.3644
-6.32584,10.2858,33.6775,-3.14617,-8.35674,27.2042,9.69864,1.91012,54.543,3.86017,-4.69644,58.2203
-6.4739,10.3448,33.5589,-3.27485,-8.31705,27.0643,9.64812,1.94381,54.5859,3.79822,-4.64543,58.1318
-6.59836,10.3994,33.4662,-3.38326,-8.28511,26.9572,9.60521,1.97222,54.6229,3.75023,-4.60401,58.0554
-6.71037,10.4496,33.3829,-3.48056,-8.25921,26.8633,9.5724,1.99852,54.6615,3.71239,-4.56647,57.9905
-6.81094,10.4974,33.3061,-3.57015,-8.23714,26.7785,9.54355,2.02112,54.6987,3.68018,-4.53121,57.9312
-6.80061,10.5071,33.3497,-3.65792,-8.19184,26.8475,9.36704,1.92522,54.3736,3.51546,-4.40394,57.509
-6.19242,10.3104,34.0498,-3.76054,-7.9973,27.7553,8.33175,1.20342,52.1135,2.57363,-3.77246,55.1139
-5.09988,9.86172,35.4187,-3.73252,-7.64535,29.4564,6.57442,-0.00709456,48.2463,0.93961,-2.69592,51.0911
-5.23116,9.68833,37.5627,-4.13698,-7.69277,31.576,5.19987,-0.999098,44.588,-0.518957,-1.59046,47.3686
-7.53638,11.0385,43.2786,-7.33625,-9.22473,36.652,3.1145,-2.07412,39.6711,-2.7021,-0.395057,42.4981
-10.7387,13.4303,52.2495,-11.9904,-11.9861,44.7145,0.0120163,-3.64256,32.2202,-5.93625,1.32101,35.1921
-14.1647,16.48,65.4678,-17.5248,-15.834,56.786,-5.60382,-4.93183,23.1611,-11.4948,2.70939,26.9514
-11.8418,14.4234,62.5837,-14.6995,-13.9263,54.5014,-4.61627,-5.11276,23.6767,-10.3504,2.78254,27.1525
-8.38744,10.8382,55.1807,-9.96037,-10.3484,48.0712,-2.49537,-4.17765,28.8318,-8.01015,1.64795,32.4571
-4.84723,7.86204,47.8954,-5.1809,-7.29565,41.6526,0.0124627,-3.18674,34.1574,-5.16902,0.521849,37.7571
-1.70452,5.52415,41.3659,-0.93585,-4.82471,35.8522,2.23068,-2.55725,38.3534,-2.61337,-0.253719,41.8106
-0.103733,3.56371,35.972,2.82835,-3.07,30.7627,4.54976,-1.87342,42.031,-0.31107,-0.744504,45.5935
0.8823,1.94619,31.6831,5.83835,-1.92211,26.6619,6.57854,-1.19474,45.3248,1.51666,-1.08058,49.0406
1.63747,0.594988,28.0333,7.56264,-1.23206,23.3474,7.33937,-0.374586,48.8022,3.25281,-1.17639,52.2888
2.16824,-0.364584,25.0806,8.2789,-0.678293,20.7605,7.75615,0.332848,52.1929,4.84297,-1.3968,55.3375
2.69826,-0.834895,23.4911,8.79391,-0.331304,19.2886,8.04576,0.781978,54.4158,5.41425,-1.66979,57.3391
3.08019,-1.1352,22.63,9.1013,-0.0756305,18.4248,8.12422,1.18464,56.4505,5.57223,-1.98818,59.2283
3.44705,-1.28779,22.5432,9.35109,0.208208,18.1702,7.97595,1.52213,58.5151,5.05213,-2.45267,61.249
3.591,-1.22228,22.9015,9.3822,0.253874,18.3293,7.85179,1.7337,59.3717,4.57463,-2.74719,62.0659
3.78159,-1.07829,23.8247,9.35479,0.380027,19.0176,7.54857,1.88819,60.4717,3.48682,-3.18839,63.1986
3.81476,-0.890019,24.9513,9.13105,0.360362,19.9557,7.099,2.06127,61.3205,2.53693,-3.4821,63.9765
3.76939,-0.805064,26.1606,8.79837,0.267717,20.9302,5.91713,2.41702,62.1914,1.38907,-3.6701,64.6881
3.63174,-0.572973,27.4249,7.97214,0.253316,21.8821,4.84508,2.62424,63.2911,0.510415,-3.89453,65.511
3.41654,-0.337685,28.723,7.21858,0.184394,22.9149,3.97435,2.79207,63.9747,-0.222527,-4.08771,65.9773
3.20394,-0.108282,30.0495,6.22909,0.141968,24.0358,2.73185,2.98909,64.8672,-1.26373,-4.31197,66.5694
2.91783,0.0540833,31.2106,5.42983,-0.0443176,25.2435,1.96859,3.19115,65.5408,-1.96042,-4.4473,66.9741
2.74683,0.135028,31.7573,4.92473,-0.114837,25.7847,1.47721,3.29727,65.9585,-2.39493,-4.52389,67.1749
2.53204,0.23641,32.1867,4.45809,-0.139058,26.1114,0.944757,3.42574,66.4765,-2.83434,-4.60534,67.4063
2.26637,0.361401,32.4458,3.92359,-0.114159,26.2442,0.284751,3.54963,67.0435,-3.36539,-4.65974,67.6173
2.08868,0.429968,32.6757,3.61262,-0.113144,26.361,0.00477784,3.5969,67.2435,-3.57901,-4.68185,67.579
1.88214,0.495644,32.7926,3.28616,-0.0849116,26.3423,-0.337429,3.63649,67.3929,-3.84488,-4.67663,67.469
1.64232,0.56646,32.7266,2.91657,-0.02424,26.125,-0.738941,3.66919,67.519,-4.169,-4.62509,67.2933
1.47619,0.597556,32.6293,2.69192,0.0330014,25.902,-0.932412,3.65685,67.5148,-4.30945,-4.59658,67.097
1.27405,0.632812,32.3766,2.4344,0.0991224,25.5517,-1.17298,3.64004,67.4853,-4.49469,-4.54175,66.8635
1.11288,0.639349,32.1735,2.24045,0.146085,25.2755,-1.3258,3.61354,67.4094,-4.61139,-4.48097,66.6015
0.927024,0.652144,31.8657,2.02845,0.20726,24.8635,-1.50446,3.60162,67.3492,-4.759,-4.39694,66.3159
0.744958,0.672334,31.5933,1.82309,0.271559,24.4732,-1.67197,3.56147,67.209,-4.88977,-4.28855,65.9465
0.655939,0.682656,31.4793,1.68851,0.270519,24.3621,-1.6939,3.51221,67.0822,-4.88548,-4.25118,65.6944
0.516792,0.696239,31.2484,1.58071,0.57457,23.5851,-1.7653,3.49551,66.926,-4.94625,-4.10523,65.2907
-2.13459,5.76543,23.1132,2.16156,-4.94604,16.4689,10.2067,0.420654,50.9122,4.10636,-5.0516,59.7185
-8.48393,13.3595,44.1773,-6.16952,-11.5338,37.6205,9.86633,2.9446,57.7522,4.41098,-4.96523,58.2969
-5.97513,10.1634,34.737,-3.15147,-8.69994,28.8098,9.90848,1.89978,54.7381,4.13535,-4.93863,58.7116
-5.92445,10.0691,33.7844,-2.78327,-8.39457,27.3958,9.84043,1.83038,54.4804,4.02737,-4.84643,58.5542
-6.15157,10.2087,33.7735,-2.98239,-8.39271,27.3128,9.7624,1.8757,54.5178,3.93554,-4.76341,58.3647
-6.32595,10.2857,33.6775,-3.14629,-8.35669,27.2042,9.69863,1.91023,54.5433,3.86014,-4.69652,58.2206
-6.47401,10.3447,33.559,-3.27495,-8.31696,27.0642,9.64812,1.94391,54.5861,3.79819,-4.6455,58.132
-6.59847,10.3993,33.4663,-3.38335,-8.28498,26.9571,9.60521,1.9723,54.6232,3.75021,-4.60406,58.0556
-6.71049,10.4494,33.3829,-3.48063,-8.25904,26.8631,9.57241,1.99859,54.6618,3.71236,-4.56651,57.9906
-6.81106,10.4972,33.3062,-3.5702,-8.23693,26.7783,9.54357,2.02119,54.6989,3.68015,-4.53124,57.9313
-6.80073,10.5069,33.3497,-3.65795,-8.19159,26.8472,9.36706,1.92528,54.3738,3.51544,-4.40396,57.5091
-6.19253,10.3101,34.0498,-3.76057,-7.99702,27.755,8.33178,1.20348,52.1137,2.5736,-3.77248,55.1139
-5.09998,9.86142,35.4187,-3.73253,-7.64502,29.456,6.57445,-0.00703641,48.2465,0.939595,-2.69594,51.0912
-5.23125,9.68797,37.5627,-4.13697,-7.69238,31.5756,5.19992,-0.999039,44.5883,-0.518964,-1.59049,47.3687
-7.53644,11.0379,43.2785,-7.33623,-9.22424,36.6514,3.11457,-2.07405,39.6714,-2.70208,-0.395136,42.4983
-10.7387,13.4296,52.2493,-11.9903,-11.9855,44.7138,0.0121082,-3.64245,32.2205,-5.93621,1.3209,35.1924
-14.1647,16.4789,65.4674,-17.5249,-15.8331,56.7852,-5.60365,-4.93153,23.1618,-11.4948,2.70957,26.9509
-11.8418,14.4222,62.5832,-14.6998,-13.9256,54.5006,-4.61616,-5.11241,23.6776,-10.3503,2.78255,27.1525
-8.38751,10.8371,55.1802,-9.96081,-10.3479,48.0704,-2.49525,-4.17745,28.8323,-8.00995,1.64779,32.4576
-4.84732,7.86113,47.895,-5.18147,-7.29532,41.6519,0.0126068,-3.18673,34.1576,-5.16879,0.521752,37.7575
-1.70462,5.52342,41.3655,-0.936508,-4.82455,35.8517,2.23083,-2.55731,38.3535,-2.61313,-0.253722,41.8108
-0.103834,3.56314,35.9718,2.82765,-3.06997,30.7623,4.54991,-1.87353,42.031,-0.310831,-0.744441,45.5936
0.882217,1.94577,31.683,5.83764,-1.9222,26.6617,6.57869,-1.1949,45.3248,1.51689,-1.08046,49.0405
1.63741,0.594707,28.0333,7.562,-1.23216,23.3473,7.33953,-0.374774,48.8021,3.25302,-1.17623,52.2886
2.16815,-0.364687,25.0809,8.27853,-0.67788,20.7599,7.75628,0.332635,52.1927,4.84312,-1.39659,55.3372
2.69812,-0.83487,23.4918,8.79368,-0.329855,19.2872,8.04587,0.781731,54.4157,5.41431,-1.66959,57.3387
3.08008,-1.13518,22.631,9.10077,-0.0734668,18.4234,8.12437,1.18433,56.4504,5.57231,-1.98808,59.2279
3.44705,-1.28783,22.544,9.35018,0.210374,18.1696,7.97617,1.52177,58.5151,5.05231,-2.45261,61.2485
3.59112,-1.2223,22.9022,9.38114,0.25552,18.3293,7.85207,1.73332,59.3716,4.57492,-2.74704,62.0653
3.78177,-1.07824,23.8253,9.35387,0.380874,19.0178,7.54887,1.88786,60.4715,3.48714,-3.18808,63.198
3.81495,-0.889961,24.9517,9.13042,0.360458,19.9558,7.0993,2.061,61.3202,2.53723,-3.48167,63.9758
3.76958,-0.805054,26.1608,8.79789,0.267363,20.9305,5.91742,2.41678,62.1912,1.38933,-3.66965,64.6874
3.63191,-0.572982,27.4251,7.97167,0.252936,21.8825,4.84535,2.62403,63.2908,0.510616,-3.8941,65.5104
3.41668,-0.337672,28.7234,7.21822,0.184206,22.9151,3.9746,2.79189,63.9745,-0.222421,-4.08731,65.9767
3.20405,-0.108248,30.0499,6.22885,0.141907,24.0357,2.73208,2.98894,64.867,-1.26372,-4.31161,66.5688
2.91793,0.0541334,31.211,5.42969,-0.0443252,25.2433,1.96879,3.19104,65.5406,-1.96052,-4.44698,66.9736
2.74692,0.135084,31.7577,4.92464,-0.114828,25.7845,1.47738,3.2972,65.9583,-2.39511,-4.52362,67.1745
2.53211,0.236469,32.187,4.45804,-0.139039,26.1112,0.944905,3.42569,66.4764,-2.8346,-4.6051,67.4059
2.26643,0.361461,32.4461,3.92356,-0.114135,26.2439,0.284874,3.5496,67.0433,-3.36571,-4.65954,67.617
2.08872,0.430028,32.676,3.6126,-0.113118,26.3608,0.00487299,3.59689,67.2434,-3.57938,-4.68167,67.5788
1.88216,0.495702,32.7929,3.28616,-0.0848876,26.3421,-0.337363,3.6365,67.3927,-3.8453,-4.67649,67.4688
1.64233,0.566517,32.7269,2.91656,-0.02422,26.1248,-0.738903,3.66921,67.5189,-4.16946,-4.62498,67.2932
1.47618,0.597612,32.6296,2.69191,0.033013,25.9018,-0.932405,3.65689,67.5147,-4.30994,-4.5965,67.0969
1.27403,0.632867,32.3769,2.43438,0.099122,25.5516,-1.173,3.64009,67.4852,-4.49521,-4.54169,66.8634
1.11284,0.639402,32.1737,2.24041,0.146063,25.2755,-1.32585,3.61361,67.4094,-4.61193,-4.48094,66.6015
0.926963,0.652198,31.866,2.02838,0.207221,24.8635,-1.50454,3.60171,67.3492,-4.75957,-4.39694,66.3159
0.744873,0.672414,31.5936,1.82308,0.271614,24.4731,-1.67209,3.5616,67.209,-4.89037,-4.28857,65.9466
0.655854,0.682768,31.4797,1.68871,0.270763,24.3617,-1.69409,3.51234,67.0822,-4.88611,-4.2512,65.6945
0.516648,0.696109,31.2479,1.58044,0.57349,23.5864,-1.76548,3.49557,66.9256,-4.94689,-4.10466,65.2898
-2.13458,5.76542,23.1132,2.16152,-4.94606,16.4689,10.2067,0.420659,50.9122,4.10637,-5.05161,59.7185
-8.48392,13.3595,44.1773,-6.16953,-11.5338,37.6206,9.86633,2.94461,57.7522,4.41098,-4.96523,58.2969
-5.97513,10.1634,34.737,-3.15147,-8.69994,28.8098,9.90848,1.89978,54.7381,4.13535,-4.93863,58.7116
-5.92445,10.0691,33.7844,-2.78327,-8.39457,27.3958,9.84043,1.83038,54.4804,4.02737,-4.84643,58.5542
-6.15157,10.2087,33.7735,-2.98239,-8.3927,27.3128,9.7624,1.8757,54.5178,3.93554,-4.76341,58.3647
-6.32595,10.2857,33.6775,-3.14629,-8.35669,27.2042,9.69863,1.91023,54.5433,3.86014,-4.69652,58.2206
-6.47401,10.3447,33.559,-3.27495,-8.31696,27.0642,9.64812,1.94391,54.5861,3.79819,-4.6455,58.132
-6.59847,10.3993,33.4663,-3.38335,-8.28498,26.9571,9.60522,1.97231,54.6232,3.7502,-4.60406,58.0556
-6.71049,10.4494,33.3829,-3.48063,-8.25904,26.8631,9.57241,1.99859,54.6618,3.71236,-4.56651,57.9906
-6.81106,10.4972,33.3062,-3.5702,-8.23693,26.7783,9.54357,2.02119,54.6989,3.68015,-4.53123,57.9313
-6.80073,10.5069,33.3497,-3.65795,-8.19159,26.8472,9.36706,1.92528,54.3738,3.51544,-4.40395,57.5091
-6.19253,10.3101,34.0498,-3.76057,-7.99701,27.755,8.33178,1.20348,52.1137,2.5736,-3.77247,55.1139
-5.09998,9.86142,35.4187,-3.73254,-7.64501,29.456,6.57446,-0.00703629,48.2465,0.939595,-2.69594,51.0912
-5.23126,9.68797,37.5627,-4.13697,-7.69237,31.5756,5.19992,-0.99904,44.5882,-0.518965,-1.59049,47.3687
-7.53645,11.0379,43.2785,-7.33623,-9.22423,36.6514,3.11457,-2.07405,39.6713,-2.70208,-0.395132,42.4983
-10.7388,13.4296,52.2493,-11.9903,-11.9855,44.7138,0.0121079,-3.64246,32.2205,-5.93621,1.32091,35.1924
-14.1647,16.4789,65.4674,-17.5249,-15.8331,56.7852,-5.60365,-4.93154,23.1618,-11.4948,2.70956,26.9509
-11.8418,14.4222,62.5832,-14.6998,-13.9256,54.5006,-4.61616,-5.11241,23.6776,-10.3503,2.78255,27.1525
-8.38751,10.8371,55.1802,-9.96082,-10.3479,48.0704,-2.49525,-4.17745,28.8323,-8.00995,1.64779,32.4576
-4.84733,7.86112,47.895,-5.18148,-7.29531,41.6519,0.0126093,-3.18672,34.1576,-5.16879,0.521751,37.7575
-1.70462,5.52341,41.3655,-0.936513,-4.82454,35.8517,2.23083,-2.55731,38.3535,-2.61313,-0.253723,41.8109
-0.103833,3.56313,35.9718,2.82765,-3.06997,30.7623,4.54991,-1.87352,42.031,-0.310826,-0.744442,45.5936
0.88222,1.94576,31.683,5.83763,-1.92219,26.6617,6.57869,-1.19489,45.3248,1.5169,-1.08046,49.0406
1.63741,0.594696,28.0333,7.562,-1.23216,23.3473,7.33953,-0.374769,48.8021,3.25302,-1.17623,52.2886
2.16815,-0.364697,25.0809,8.27853,-0.677881,20.7599,7.75629,0.332641,52.1928,4.84312,-1.39659,55.3372
2.69812,-0.834881,23.4918,8.79367,-0.329863,19.2872,8.04588,0.781737,54.4157,5.41432,-1.66959,57.3387
3.08008,-1.1352,22.631,9.10076,-0.0734791,18.4235,8.12437,1.18434,56.4504,5.57231,-1.98807,59.2279
3.44706,-1.28784,22.544,9.35017,0.210365,18.1696,7.97617,1.52177,58.5151,5.05232,-2.4526,61.2485
3.59113,-1.22231,22.9022,9.38113,0.255516,18.3293,7.85207,1.73333,59.3717,4.57492,-2.74704,62.0653
3.78177,-1.07824,23.8252,9.35386,0.380873,19.0178,7.54888,1.88787,60.4715,3.48714,-3.18808,63.198
3.81495,-0.889965,24.9517,9.13042,0.360459,19.9558,7.0993,2.061,61.3203,2.53723,-3.48167,63.9758
3.76959,-0.805057,26.1608,8.79789,0.267366,20.9304,5.91742,2.41679,62.1912,1.38933,-3.66964,64.6874
3.63191,-0.572985,27.4251,7.97167,0.252939,21.8825,4.84535,2.62403,63.2908,0.510615,-3.89409,65.5104
3.41669,-0.337674,28.7234,7.21822,0.184208,22.9151,3.9746,2.79189,63.9745,-0.222423,-4.0873,65.9767
3.20405,-0.108249,30.0499,6.22885,0.141907,24.0357,2.73208,2.98894,64.867,-1.26372,-4.31161,66.5688
2.91793,0.0541328,31.211,5.42969,-0.0443254,25.2433,1.96879,3.19105,65.5406,-1.96053,-4.44698,66.9736
2.74692,0.135084,31.7577,4.92464,-0.114828,25.7845,1.47738,3.2972,65.9583,-2.39511,-4.52361,67.1745
2.53211,0.236469,32.187,4.45803,-0.139039,26.1112,0.944906,3.42569,66.4764,-2.83461,-4.60509,67.4059
2.26643,0.361461,32.4461,3.92356,-0.114135,26.2439,0.284874,3.5496,67.0433,-3.36572,-4.65953,67.617
2.08872,0.430029,32.6761,3.6126,-0.113118,26.3608,0.00487341,3.59689,67.2434,-3.57939,-4.68167,67.5788
1.88216,0.495703,32.7929,3.28616,-0.0848873,26.3421,-0.337362,3.6365,67.3927,-3.8453,-4.67648,67.4688
1.64233,0.566518,32.7269,2.91656,-0.0242197,26.1248,-0.738903,3.66921,67.5189,-4.16946,-4.62497,67.2932
1.47618,0.597613,32.6296,2.69191,0.0330135,25.9018,-0.932405,3.65689,67.5147,-4.30994,-4.59649,67.0969
1.27403,0.632869,32.3769,2.43437,0.0991226,25.5516,-1.173,3.64009,67.4852,-4.49522,-4.54168,66.8634
1.11284,0.639404,32.1737,2.2404,0.146064,25.2755,-1.32585,3.61361,67.4094,-4.61194,-4.48094,66.6015
0.926962,0.6522,31.866,2.02838,0.207222,24.8635,-1.50454,3.60171,67.3492,-4.75957,-4.39694,66.3159
0.744871,0.672415,31.5936,1.82308,0.271614,24.4731,-1.6721,3.56159,67.209,-4.89038,-4.28856,65.9466
0.655853,0.682768,31.4797,1.6887,0.270754,24.3617,-1.69409,3.51234,67.0822,-4.88612,-4.2512,65.6945
0.516647,0.696107,31.2479,1.58043,0.573452,23.5865,-1.76548,3.49557,66.9256,-4.94689,-4.10466,65.2898
-2.13458,5.76542,23.1132,2.16152,-4.94606,16.4689,10.2067,0.420659,50.9122,4.10637,-5.05161,59.7185
-8.48392,13.3595,44.1773,-6.16953,-11.5338,37.6206,9.86633,2.94461,57.7522,4.41098,-4.96523,58.2969
-5.97513,10.1634,34.737,-3.15147,-8.69994,28.8098,9.90848,1.89978,54.7381,4.13535,-4.93863,58.7116
-5.92445,10.0691,33.7844,-2.78327,-8.39457,27.3958,9.84043,1.83038,54.4804,4.02737,-4.84643,58.5542
-6.15157,10.2087,33.7735,-2.98239,-8.3927,27.3128,9.7624,1.8757,54.5178,3.93554,-4.76341,58.3647
-6.32595,10.2857,33.6775,-3.14629,-8.35669,27.2042,9.69863,1.91023,54.5433,3.86014,-4.69652,58.2206
-6.47401,10.3447,33.559,-3.27495,-8.31696,27.0642,9.64812,1.94391,54.5861,3.79819,-4.6455,58.132
-6.59847,10.3993,33.4663,-3.38335,-8.28498,26.9571,9.60522,1.97231,54.6232,3.7502,-4.60406,58.0556
-6.71049,10.4494,33.3829,-3.48063,-8.25904,26.8631,9.57241,1.99859,54.6618,3.71236,-4.56651,57.9906
-6.81106,10.4972,33.3062,-3.5702,-8.23693,26.7783,9.54357,2.02119,54.6989,3.68015,-4.53123,57.9313
-6.80073,10.5069,33.3497,-3.65795,-8.19159,26.8472,9.36706,1.92528,54.3738,3.51544,-4.40395,57.5091
-6.19253,10.3101,34.0498,-3.76057,-7.99701,27.755,8.33178,1.20348,52.1137,2.5736,-3.77247,55.1139
-5.09998,9.86142,35.4187,-3.73254,-7.64501,29.456,6.57446,-0.00703622,48.2465,0.939595,-2.69594,51.0912
-5.23126,9.68797,37.5627,-4.13697,-7.69237,31.5756,5.19992,-0.99904,44.5882,-0.518965,-1.59049,47.3687
-7.53645,11.0379,43.2785,-7.33623,-9.22423,36.6514,3.11457,-2.07405,39.6713,-2.70208,-0.395132,42.4983
-10.7388,13.4296,52.2493,-11.9903,-11.9855,44.7138,0.0121081,-3.64246,32.2205,-5.93621,1.32091,35.1924
-14.1647,16.4789,65.4674,-17.5249,-15.8331,56.7852,-5.60365,-4.93154,23.1618,-11.4948,2.70956,26.9509
-11.8418,14.4222,62.5832,-14.6998,-13.9256,54.5006,-4.61616,-5.11241,23.6776,-10.3503,2.78255,27.1525
-8.38751,10.8371,55.1802,-9.96082,-10.3479,48.0704,-2.49525,-4.17745,28.8323,-8.00995,1.64779,32.4576
-4.84733,7.86112,47.895,-5.18148,-7.29531,41.6519,0.0126095,-3.18672,34.1576,-5.16879,0.521751,37.7575
-1.70462,5.52341,41.3655,-0.936515,-4.82454,35.8517,2.23083,-2.55731,38.3535,-2.61313,-0.253723,41.8109
-0.103834,3.56313,35.9718,2.82764,-3.06997,30.7623,4.54991,-1.87352,42.031,-0.310826,-0.744442,45.5936
0.882219,1.94576,31.683,5.83763,-1.92219,26.6617,6.57869,-1.19489,45.3248,1.5169,-1.08046,49.0406
1.63741,0.594696,28.0333,7.56199,-1.23216,23.3473,7.33953,-0.374769,48.8021,3.25302,-1.17623,52.2886
2.16815,-0.364697,25.0809,8.27853,-0.677881,20.7599,7.75629,0.332641,52.1928,4.84312,-1.39659,55.3372
2.69812,-0.834881,23.4918,8.79367,-0.329863,19.2872,8.04588,0.781736,54.4157,5.41432,-1.66959,57.3387
3.08008,-1.1352,22.631,9.10076,-0.0734789,18.4235,8.12437,1.18434,56.4504,5.57231,-1.98807,59.2279
3.44706,-1.28784,22.544,9.35017,0.210365,18.1696,7.97617,1.52177,58.5151,5.05232,-2.4526,61.2485
3.59113,-1.22231,22.9022,9.38113,0.255516,18.3293,7.85207,1.73333,59.3717,4.57492,-2.74704,62.0653
3.78177,-1.07824,23.8252,9.35386,0.380873,19.0178,7.54888,1.88787,60.4715,3.48714,-3.18808,63.198
3.81495,-0.889965,24.9517,9.13042,0.360459,19.9558,7.0993,2.061,61.3203,2.53723,-3.48167,63.9758
3.76959,-0.805057,26.1608,8.79789,0.267365,20.9304,5.91742,2.41679,62.1912,1.38933,-3.66964,64.6874
3.63191,-0.572985,27.4251,7.97167,0.252939,21.8825,4.84535,2.62403,63.2908,0.510615,-3.89409,65.5104
3.41669,-0.337674,28.7234,7.21822,0.184207,22.9151,3.9746,2.79189,63.9745,-0.222423,-4.0873,65.9767
3.20405,-0.108249,30.0499,6.22885,0.141907,24.0357,2.73208,2.98894,64.867,-1.26372,-4.31161,66.5688
2.91793,0.0541328,31.211,5.42969,-0.0443254,25.2433,1.96879,3.19105,65.5406,-1.96053,-4.44698,66.9736
2.74692,0.135084,31.7577,4.92464,-0.114828,25.7845,1.47738,3.2972,65.9583,-2.39511,-4.52361,67.1745
2.53211,0.236469,32.187,4.45803,-0.139039,26.1112,0.944906,3.42569,66.4764,-2.83461,-4.60509,67.4059
2.26643,0.361461,32.4461,3.92356,-0.114135,26.2439,0.284874,3.5496,67.0433,-3.36572,-4.65953,67.617
2.08872,0.430029,32.6761,3.6126,-0.113118,26.3608,0.00487348,3.59689,67.2434,-3.57939,-4.68167,67.5788
1.88216,0.495703,32.7929,3.28616,-0.0848873,26.3421,-0.337362,3.6365,67.3927,-3.84531,-4.67648,67.4688
1.64233,0.566518,32.7269,2.91656,-0.0242196,26.1248,-0.738903,3.66921,67.5189,-4.16946,-4.62497,67.2932
1.47618,0.597613,32.6296,2.69191,0.0330135,25.9018,-0.932405,3.65689,67.5147,-4.30994,-4.59649,67.0969
1.27403,0.632869,32.3769,2.43437,0.0991226,25.5516,-1.173,3.64009,67.4852,-4.49522,-4.54168,66.8634
1.11284,0.639404,32.1737,2.2404,0.146064,25.2755,-1.32585,3.61361,67.4094,-4.61194,-4.48094,66.6015
0.926962,0.6522,31.866,2.02838,0.207222,24.8635,-1.50454,3.60171,67.3492,-4.75957,-4.39694,66.3159
0.744871,0.672415,31.5936,1.82308,0.271614,24.4731,-1.6721,3.56159,67.209,-4.89038,-4.28856,65.9466
0.655853,0.682768,31.4797,1.6887,0.270754,24.3617,-1.69409,3.51234,67.0822,-4.88612,-4.2512,65.6945
0.516647,0.696107,31.2479,1.58043,0.57345,23.5865,-1.76548,3.49557,66.9256,-4.94689,-4.10466,65.2898
-2.13458,5.76542,23.1132,2.16152,-4.94606,16.4689,10.2067,0.420659,50.9122,4.10637,-5.05161,59.7185
-8.48392,13.3595,44.1773,-6.16953,-11.5338,37.6206,9.86633,2.94461,57.7522,4.41098,-4.96523,58.2969
-5.97513,10.1634,34.737,-3.15147,-8.69994,28.8098,9.90848,1.89978,54.7381,4.13535,-4.93863,58.7116
-5.92445,10.0691,33.7844,-2.78327,-8.39457,27.3958,9.84043,1.83038,54.4804,4.02737,-4.84643,58.5542
-6.15157,10.2087,33.7735,-2.98239,-8.3927,27.3128,9.7624,1.8757,54.5178,3.93554,-4.76341,58.3647
-6.32595,10.2857,33.6775,-3.14629,-8.35669,27.2042,9.69863,1.91023,54.5433,3.86014,-4.69652,58.2206
-6.47401,10.3447,33.559,-3.27495,-8.31696,27.0642,9.64812,1.94391,54.5861,3.79819,-4.6455,58.132
-6.59847,10.3993,33.4663,-3.38335,-8.28498,26.9571,9.60522,1.97231,54.6232,3.7502,-4.60406,58.0556
-6.71049,10.4494,33.3829,-3.48063,-8.25904,26.8631,9.57241,1.99859,54.6618,3.71236,-4.56651,57.9906
-6.81106,10.4972,33.3062,-3.5702,-8.23693,26.7783,9.54357,2.02119,54.6989,3.68015,-4.53123,57.9313
-6.80073,10.5069,33.3497,-3.65795,-8.19159,26.8472,9.36706,1.92528,54.3738,3.51544,-4.40395,57.5091
-6.19253,10.3101,34.0498,-3.76057,-7.99701,27.755,8.33178,1.20348,52.1137,2.5736,-3.77247,55.1139
-5.09998,9.86142,35.4187,-3.73254,-7.64501,29.456,6.57446,-0.00703625,48.2465,0.939595,-2.69594,51.0912
-5.23126,9.68797,37.5627,-4.13697,-7.69237,31.5756,5.19992,-0.99904,44.5882,-0.518965,-1.59049,47.3687
-7.53645,11.0379,43.2785,-7.33623,-9.22423,36.6514,3.11457,-2.07405,39.6713,-2.70208,-0.395132,42.4983
-10.7388,13.4296,52.2493,-11.9903,-11.9855,44.7138,0.012108,-3.64246,32.2205,-5.93621,1.32091,35.1924
-14.1647,16.4789,65.4674,-17.5249,-15.8331,56.7852,-5.60365,-4.93154,23.1618,-11.4948,2.70956,26.9509
-11.8418,14.4222,62.5832,-14.6998,-13.9256,54.5006,-4.61616,-5.11241,23.6776,-10.3503,2.78255,27.1525
-8.38751,10.8371,55.1802,-9.96082,-10.3479,48.0704,-2.49525,-4.17745,28.8323,-8.00995,1.64779,32.4576
-4.84733,7.86112,47.895,-5.18148,-7.29531,41.6519,0.0126094,-3.18672,34.1576,-5.16879,0.521751,37.7575
-1.70462,5.52341,41.3655,-0.936513,-4.82454,35.8517,2.23083,-2.55731,38.3535,-2.61313,-0.253723,41.8109
-0.103833,3.56313,35.9718,2.82765,-3.06997,30.7623,4.54991,-1.87352,42.031,-0.310826,-0.744442,45.5936
0.882219,1.94576,31.683,5.83763,-1.92219,26.6617,6.57869,-1.19489,45.3248,1.5169,-1.08046,49.0406
1.63741,0.594696,28.0333,7.562,-1.23216,23.3473,7.33953,-0.374769,48.8021,3.25302,-1.17623,52.2886
2.16815,-0.364697,25.0809,8.27853,-0.677881,20.7599,7.75629,0.332641,52.1928,4.84312,-1.39659,55.3372
2.69812,-0.834881,23.4918,8.79367,-0.329863,19.2872,8.04588,0.781737,54.4157,5.41432,-1.66959,57.3387
3.08008,-1.1352,22.631,9.10076,-0.073479,18.4235,8.12437,1.18434,56.4504,5.57231,-1.98807,59.2279
3.44706,-1.28784,22.544,9.35017,0.210365,18.1696,7.97617,1.52177,58.5151,5.05232,-2.4526,61.2485
3.59113,-1.22231,22.9022,9.38113,0.255516,18.3293,7.85207,1.73333,59.3717,4.57492,-2.74704,62.0653
3.78177,-1.07824,23.8252,9.35386,0.380873,19.0178,7.54888,1.88787,60.4715,3.48714,-3.18808,63.198
3.81495,-0.889965,24.9517,9.13042,0.360459,19.9558,7.0993,2.061,61.3203,2.53723,-3.48167,63.9758
3.76959,-0.805057,26.1608,8.79789,0.267365,20.9304,5.91742,2.41679,62.1912,1.38933,-3.66964,64.6874
3.63191,-0.572985,27.4251,7.97167,0.252939,21.8825,4.84535,2.62403,63.2908,0.510615,-3.89409,65.5104
3.41669,-0.337674,28.7234,7.21822,0.184207,22.9151,3.9746,2.79189,63.9745,-0.222423,-4.0873,65.9767
3.20405,-0.108249,30.0499,6.22885,0.141907,24.0357,2.73208,2.98894,64.867,-1.26372,-4.31161,66.5688
2.91793,0.0541328,31.211,5.42969,-0.0443254,25.2433,1.96879,3.19105,65.5406,-1.96053,-4.44698,66.9736
2.74692,0.135084,31.7577,4.92464,-0.114828,25.7845,1.47738,3.2972,65.9583,-2.39511,-4.52361,67.1745
2.53211,0.236469,32.187,4.45803,-0.139039,26.1112,0.944906,3.42569,66.4764,-2.83461,-4.60509,67.4059
2.26643,0.361461,32.4461,3.92356,-0.114135,26.2439,0.284874,3.5496,67.0433,-3.36572,-4.65953,67.617
2.08872,0.430029,32.6761,3.6126,-0.113118,26.3608,0.00487344,3.59689,67.2434,-3.57939,-4.68167,67.5788
1.88216,0.495703,32.7929,3.28616,-0.0848873,26.3421,-0.337362,3.6365,67.3927,-3.8453,-4.67648,67.4688
1.64233,0.566518,32.7269,2.91656,-0.0242197,26.1248,-0.738903,3.66921,67.5189,-4.16946,-4.62497,67.2932
1.47618,0.597613,32.6296,2.69191,0.0330135,25.9018,-0.932405,3.65689,67.5147,-4.30994,-4.59649,67.0969
1.27403,0.632869,32.3769,2.43437,0.0991226,25.5516,-1.173,3.64009,67.4852,-4.49522,-4.54168,66.8634
1.11284,0.639404,32.1737,2.2404,0.146064,25.2755,-1.32585,3.61361,67.4094,-4.61194,-4.48094,66.6015
0.926962,0.6522,31.866,2.02838,0.207222,24.8635,-1.50454,3.60171,67.3492,-4.75957,-4.39694,66.3159
0.744871,0.672415,31.5936,1.82308,0.271614,24.4731,-1.6721,3.56159,67.209,-4.89038,-4.28856,65.9466
0.655853,0.682768,31.4797,1.6887,0.270754,24.3617,-1.69409,3.51234,67.0822,-4.88612,-4.2512,65.6945
0.516647,0.696107,31.2479,1.58043,0.573451,23.5865,-1.76548,3.49557,66.9256,-4.94689,-4.10466,65.2898
-2.13458,5.76542,23.1132,2.16152,-4.94606,16.4689,10.2067,0.420659,50.9122,4.10637,-5.05161,59.7185
-8.48392,13.3595,44.1773,-6.16953,-11.5338,37.6206,9.86633,2.94461,57.7522,4.41098,-4.96523,58.2969
-5.97513,10.1634,34.737,-3.15147,-8.69994,28.8098,9.90848,1.89978,54.7381,4.13535,-4.93863,58.7116
-5.92445,10.0691,33.7844,-2.78327,-8.39457,27.3958,9.84043,1.83038,54.4804,4.02737,-4.84643,58.5542
-6.15157,10.2087,33.7735,-2.98239,-8.3927,27.3128,9.7624,1.8757,54.5178,3.93554,-4.76341,58.3647
-6.32595,10.2857,33.6775,-3.14629,-8.35669,27.2042,9.69863,1.91023,54.5433,3.86014,-4.69652,58.2206
-6.47401,10.3447,33.559,-3.27495,-8.31696,27.0642,9.64812,1.94391,54.5861,3.79819,-4.6455,58.132
-6.59847,10.3993,33.4663,-3.38335,-8.28498,26.9571,9.60522,1.97231,54.6232,3.7502,-4.60406,58.0556
-6.71049,10.4494,33.3829,-3.48063,-8.25904,26.8631,9.57241,1.99859,54.6618,3.71236,-4.56651,57.9906
-6.81106,10.4972,33.3062,-3.5702,-8.23693,26.7783,9.54357,2.02119,54.6989,3.68015,-4.53123,57.9313
-6.80073,10.5069,33.3497,-3.65795,-8.19159,26.8472,9.36706,1.92528,54.3738,3.51544,-4.40395,57.5091
-6.19253,10.3101,34.0498,-3.76057,-7.99701,27.755,8.33178,1.20348,52.1137,2.5736,-3.77247,55.1139
-5.09998,9.86142,35.4187,-3.73254,-7.64501,29.456,6.57446,-0.00703627,48.2465,0.939595,-2.69594,51.0912
-5.23126,9.68797,37.5627,-4.13697,-7.69237,31.5756,5.19992,-0.99904,44.5882,-0.518965,-1.59049,47.3687
-7.53645,11.0379,43.2785,-7.33623,-9.22423,36.6514,3.11457,-2.07405,39.6713,-2.70208,-0.395132,42.4983
-10.7388,13.4296,52.2493,-11.9903,-11.9855,44.7138,0.0121079,-3.64246,32.2205,-5.93621,1.32091,35.1924
-14.1647,16.4789,65.4674,-17.5249,-15.8331,56.7852,-5.60365,-4.93154,23.1618,-11.4948,2.70956,26.9509
-11.8418,14.4222,62.5832,-14.6998,-13.9256,54.5006,-4.61616,-5.11241,23.6776,-10.3503,2.78255,27.1525
-8.38751,10.8371,55.1802,-9.96082,-10.3479,48.0704,-2.49525,-4.17745,28.8323,-8.00995,1.64779,32.4576
-4.84733,7.86112,47.895,-5.18148,-7.29531,41.6519,0.0126093,-3.18672,34.1576,-5.16879,0.521751,37.7575
-1.70462,5.52341,41.3655,-0.936514,-4.82454,35.8517,2.23083,-2.55731,38.3535,-2.61313,-0.253723,41.8109
-0.103833,3.56313,35.9718,2.82764,-3.06997,30.7623,4.54991,-1.87352,42.031,-0.310826,-0.744442,45.5936
0.882219,1.94576,31.683,5.83763,-1.92219,26.6617,6.57869,-1.19489,45.3248,1.5169,-1.08046,49.0406
1.63741,0.594696,28.0333,7.562,-1.23216,23.3473,7.33953,-0.374769,48.8021,3.25302,-1.17623,52.2886
2.16815,-0.364697,25.0809,8.27853,-0.677881,20.7599,7.75629,0.332641,52.1928,4.84312,-1.39659,55.3372
2.69812,-0.834881,23.4918,8.79367,-0.329863,19.2872,8.04588,0.781737,54.4157,5.41432,-1.66959,57.3387
3.08008,-1.1352,22.631,9.10076,-0.073479,18.4235,8.12437,1.18434,56.4504,5.57231,-1.98807,59.2279
3.44706,-1.28784,22.544,9.35017,0.210365,18.1696,7.97617,1.52177,58.5151,5.05232,-2.4526,61.2485
3.59113,-1.22231,22.9022,9.38113,0.255516,18.3293,7.85207,1.73333,59.3717,4.57492,-2.74704,62.0653
3.78177,-1.07824,23.8252,9.35386,0.380873,19.0178,7.54888,1.88787,60.4715,3.48714,-3.18808,63.198
3.81495,-0.889965,24.9517,9.13042,0.360459,19.9558,7.0993,2.061,61.3203,2.53723,-3.48167,63.9758
3.76959,-0.805057,26.1608,8.79789,0.267365,20.9304,5.91742,2.41679,62.1912,1.38933,-3.66964,64.6874
3.63191,-0.572985,27.4251,7.97167,0.252939,21.8825,4.84535,2.62403,63.2908,0.510615,-3.89409,65.5104
3.41669,-0.337674,28.7234,7.21822,0.184207,22.9151,3.9746,2.79189,63.9745,-0.222423,-4.0873,65.9767
3.20405,-0.108249,30.0499,6.22885,0.141907,24.0357,2.73208,2.98894,64.867,-1.26372,-4.31161,66.5688
2.91793,0.0541328,31.211,5.42969,-0.0443254,25.2433,1.96879,3.19105,65.5406,-1.96053,-4.44698,66.9736
2.74692,0.135084,31.7577,4.92464,-0.114828,25.7845,1.47738,3.2972,65.9583,-2.39511,-4.52361,67.1745
2.53211,0.236469,32.187,4.45803,-0.139039,26.1112,0.944906,3.42569,66.4764,-2.83461,-4.60509,67.4059
2.26643,0.361461,32.4461,3.92356,-0.114135,26.2439,0.284874,3.5496,67.0433,-3.36572,-4.65953,67.617
2.08872,0.430029,32.6761,3.6126,-0.113118,26.3608,0.00487343,3.59689,67.2434,-3.57939,-4.68167,67.5788
1.88216,0.495703,32.7929,3.28616,-0.0848873,26.3421,-0.337362,3.6365,67.3927,-3.8453,-4.67648,67.4688
1.64233,0.566518,32.7269,2.91656,-0.0242197,26.1248,-0.738903,3.66921,67.5189,-4.16946,-4.62497,67.2932
1.47618,0.597613,32.6296,2.69191,0.0330135,25.9018,-0.932405,3.65689,67.5147,-4.30994,-4.59649,67.0969
1.27403,0.632869,32.3769,2.43437,0.0991226,25.5516,-1.173,3.64009,67.4852,-4.49522,-4.54168,66.8634
1.11284,0.639404,32.1737,2.2404,0.146064,25.2755,-1.32585,3.61361,67.4094,-4.61194,-4.48094,66.6015
0.926962,0.6522,31.866,2.02838,0.207222,24.8635,-1.50454,3.60171,67.3492,-4.75957,-4.39694,66.3159
0.744871,0.672415,31.5936,1.82308,0.271614,24.4731,-1.6721,3.56159,67.209,-4.89038,-4.28856,65.9466
0.655853,0.682768,31.4797,1.6887,0.270754,24.3617,-1.69409,3.51234,67.0822,-4.88612,-4.2512,65.6945
0.516647,0.696107,31.2479,1.58043,0.573451,23.5865,-1.76548,3.49557,66.9256,-4.94689,-4.10466,65.2898
-2.13458,5.76542,23.1132,2.16152,-4.94606,16.4689,10.2067,0.420659,50.9122,4.10637,-5.05161,59.7185
-8.48392,13.3595,44.1773,-6.16953,-11.5338,37.6206,9.86633,2.94461,57.7522,4.41098,-4.96523,58.2969
-5.97513,10.1634,34.737,-3.15147,-8.69994,28.8098,9.90848,1.89978,54.7381,4.13535,-4.93863,58.7116
-5.92445,10.0691,33.7844,-2.78327,-8.39457,27.3958,9.84043,1.83038,54.4804,4.02737,-4.84643,58.5542
-6.15157,10.2087,33.7735,-2.98239,-8.3927,27.3128,9.7624,1.8757,54.5178,3.93554,-4.76341,58.3647
-6.32595,10.2857,33.6775,-3.14629,-8.35669,27.2042,9.69863,1.91023,54.5433,3.86014,-4.69652,58.2206
-6.47401,10.3447,33.559,-3.27495,-8.31696,27.0642,9.64812,1.94391,54.5861,3.79819,-4.6455,58.132
-6.59847,10.3993,33.4663,-3.38335,-8.28498,26.9571,9.60522,1.97231,54.6232,3.7502,-4.60406,58.0556
-6.71049,10.4494,33.3829,-3.48063,-8.25904,26.8631,9.57241,1.99859,54.6618,3.71236,-4.56651,57.9906
-6.81106,10.4972,33.3062,-3.5702,-8.23693,26.7783,9.54357,2.02119,54.6989,3.68015,-4.53123,57.9313
-6.80073,10.5069,33.3497,-3.65795,-8.19159,26.8472,9.36706,1.92528,54.3738,3.51544,-4.40395,57.5091
-6.19253,10.3101,34.0498,-3.76057,-7.99701,27.755,8.33178,1.20348,52.1137,2.5736,-3.77247,55.1139
-5.09998,9.86142,35.4187,-3.73254,-7.64501,29.456,6.57446,-0.00703628,48.2465,0.939595,-2.69594,51.0912
-5.23126,9.68797,37.5627,-4.13697,-7.69237,31.5756,5.19992,-0.99904,44.5882,-0.518965,-1.59049,47.3687
-7.53645,11.0379,43.2785,-7.33623,-9.22423,36.6514,3.11457,-2.07405,39.6713,-2.70208,-0.395132,42.4983
-10.7388,13.4296,52.2493,-11.9903,-11.9855,44.7138,0.0121079,-3.64246,32.2205,-5.93621,1.32091,35.1924
-14.1647,16.4789,65.4674,-17.5249,-15.8331,56.7852,-5.60365,-4.93154,23.1618,-11.4948,2.70956,26.9509
-11.8418,14.4222,62.5832,-14.6998,-13.9256,54.5006,-4.61616,-5.11241,23.6776,-10.3503,2.78255,27.1525
-8.38751,10.8371,55.1802,-9.96082,-10.3479,48.0704,-2.49525,-4.17745,28.8323,-8.00995,1.64779,32.4576
-4.84733,7.86112,47.895,-5.18148,-7.29531,41.6519,0.0126093,-3.18672,34.1576,-5.16879,0.521751,37.7575
-1.70462,5.52341,41.3655,-0.936513,-4.82454,35.8517,2.23083,-2.55731,38.3535,-2.61313,-0.253723,41.8109
-0.103833,3.56313,35.9718,2.82764,-3.06997,30.7623,4.54991,-1.87352,42.031,-0.310826,-0.744442,45.5936
0.88222,1.94576,31.683,5.83763,-1.92219,26.6617,6.57869,-1.19489,45.3248,1.5169,-1.08046,49.0406
1.63741,0.594696,28.0333,7.562,-1.23216,23.3473,7.33953,-0.374769,48.8021,3.25302,-1.17623,52.2886
2.16815,-0.364697,25.0809,8.27853,-0.677881,20.7599,7.75629,0.332641,52.1928,4.84312,-1.39659,55.3372
2.69812,-0.834881,23.4918,8.79367,-0.329863,19.2872,8.04588,0.781737,54.4157,5.41432,-1.66959,57.3387
3.08008,-1.1352,22.631,9.10076,-0.073479,18.4235,8.12437,1.18434,56.4504,5.57231,-1.98807,59.2279
3.44706,-1.28784,22.544,9.35017,0.210365,18.1696,7.97617,1.52177,58.5151,5.05232,-2.4526,61.2485
3.59113,-1.22231,22.9022,9.38113,0.255516,18.3293,7.85207,1.73333,59.3717,4.57492,-2.74704,62.0653
3.78177,-1.07824,23.8252,9.35386,0.380873,19.0178,7.54888,1.88787,60.4715,3.48714,-3.18808,63.198
3.81495,-0.889965,24.9517,9.13042,0.360459,19.9558,7.0993,2.061,61.3203,2.53723,-3.48167,63.9758
3.76959,-0.805057,26.1608,8.79789,0.267365,20.9304,5.91742,2.41679,62.1912,1.38933,-3.66964,64.6874
3.63191,-0.572985,27.4251,7.97167,0.252939,21.8825,4.84535,2.62403,63.2908,0.510615,-3.89409,65.5104
3.41669,-0.337674,28.7234,7.21822,0.184207,22.9151,3.9746,2.79189,63.9745,-0.222423,-4.0873,65.9767
3.20405,-0.108249,30.0499,6.22885,0.141907,24.0357,2.73208,2.98894,64.867,-1.26372,-4.31161,66.5688
2.91793,0.0541328,31.211,5.42969,-0.0443254,25.2433,1.96879,3.19105,65.5406,-1.96053,-4.44698,66.9736
2.74692,0.135084,31.7577,4.92464,-0.114828,25.7845,1.47738,3.2972,65.9583,-2.39511,-4.52361,67.1745
2.53211,0.236469,32.187,4.45803,-0.139039,26.1112,0.944906,3.42569,66.4764,-2.83461,-4.60509,67.4059
2.26643,0.361461,32.4461,3.92356,-0.114135,26.2439,0.284874,3.5496,67.0433,-3.36572,-4.65953,67.617
2.08872,0.430029,32.6761,3.6126,-0.113118,26.3608,0.00487342,3.59689,67.2434,-3.57939,-4.68167,67.5788
1.88216,0.495703,32.7929,3.28616,-0.0848873,26.3421,-0.337362,3.6365,67.3927,-3.8453,-4.67648,67.4688
1.64233,0.566518,32.7269,2.91656,-0.0242197,26.1248,-0.738903,3.66921,67.5189,-4.16946,-4.62497,67.2932
1.47618,0.597613,32.6296,2.69191,0.0330135,25.9018,-0.932405,3.65689,67.5147,-4.30994,-4.59649,67.0969
1.27403,0.632869,32.3769,2.43437,0.0991226,25.5516,-1.173,3.64009,67.4852,-4.49522,-4.54168,66.8634
1.11284,0.639404,32.1737,2.2404,0.146064,25.2755,-1.32585,3.61361,67.4094,-4.61194,-4.48094,66.6015
0.926962,0.6522,31.866,2.02838,0.207222,24.8635,-1.50454,3.60171,67.3492,-4.75957,-4.39694,66.3159
0.744871,0.672415,31.5936,1.82308,0.271614,24.4731,-1.6721,3.56159,67.209,-4.89038,-4.28856,65.9466
0.655853,0.682768,31.4797,1.6887,0.270754,24.3617,-1.69409,3.51234,67.0822,-4.88612,-4.2512,65.6945
0.516647,0.696107,31.2479,1.58043,0.573452,23.5865,-1.76548,3.49557,66.9256,-4.94689,-4.10466,65.2898
-2.13458,5.76542,23.1132,2.16152,-4.94606,16.4689,10.2067,0.420659,50.9122,4.10637,-5.05161,59.7185
-8.48392,13.3595,44.1773,-6.16953,-11.5338,37.6206,9.86633,2.94461,57.7522,4.41098,-4.96523,58.2969
-5.97513,10.1634,34.737,-3.15147,-8.69994,28.8098,9.90848,1.89978,54.7381,4.13535,-4.93863,58.7116
-5.92445,10.0691,33.7844,-2.78327,-8.39457,27.3958,9.84043,1.83038,54.4804,4.02737,-4.84643,58.5542
-6.15157,10.2087,33.7735,-2.98239,-8.3927,27.3128,9.7624,1.8757,54.5178,3.93554,-4.76341,58.3647
-6.32595,10.2857,33.6775,-3.14629,-8.35669,27.2042,9.69863,1.91023,54.5433,3.86014,-4.69652,58.2206
-6.47401,10.3447,33.559,-3.27495,-8.31696,27.0642,9.64812,1.94391,54.5861,3.79819,-4.6455,58.132
-6.59847,10.3993,33.4663,-3.38335,-8.28498,26.9571,9.60522,1.97231,54.6232,3.7502,-4.60406,58.0556
-6.71049,10.4494,33.3829,-3.48063,-8.25904,26.8631,9.57241,1.99859,54.6618,3.71236,-4.56651,57.9906
-6.81106,10.4972,33.3062,-3.5702,-8.23693,26.7783,9.54357,2.02119,54.6989,3.68015,-4.53123,57.9313
-6.80073,10.5069,33.3497,-3.65795,-8.19159,26.8472,9.36706,1.92528,54.3738,3.51544,-4.40395,57.5091
-6.19253,10.3101,34.0498,-3.76057,-7.99701,27.755,8.33178,1.20348,52.1137,2.5736,-3.77247,55.1139
-5.09998,9.86142,35.4187,-3.73254,-7.64501,29.456,6.57446,-0.00703629,48.2465,0.939595,-2.69594,51.0912
-5.23126,9.68797,37.5627,-4.13697,-7.69237,31.5756,5.19992,-0.99904,44.5882,-0.518965,-1.59049,47.3687
-7.53645,11.0379,43.2785,-7.33623,-9.22423,36.6514,3.11457,-2.07405,39.6713,-2.70208,-0.395132,42.4983
-10.7388,13.4296,52.2493,-11.9903,-11.9855,44.7138,0.0121079,-3.64246,32.2205,-5.93621,1.32091,35.1924
-14.1647,16.4789,65.4674,-17.5249,-15.8331,56.7852,-5.60365,-4.93154,23.1618,-11.4948,2.70956,26.9509
-11.8418,14.4222,62.5832,-14.6998,-13.9256,54.5006,-4.61616,-5.11241,23.6776,-10.3503,2.78255,27.1525
-8.38751,10.8371,55.1802,-9.96082,-10.3479,48.0704,-2.49525,-4.17745,28.8323,-8.00995,1.64779,32.4576
-4.84733,7.86112,47.895,-5.18148,-7.29531,41.6519,0.0126093,-3.18672,34.1576,-5.16879,0.521751,37.7575
-1.70462,5.52341,41.3655,-0.936513,-4.82454,35.8517,2.23083,-2.55731,38.3535,-2.61313,-0.253723,41.8109
-0.103833,3.56313,35.9718,2.82765,-3.06997,30.7623,4.54991,-1.87352,42.031,-0.310826,-0.744442,45.5936
0.88222,1.94576,31.683,5.83763,-1.92219,26.6617,6.57869,-1.19489,45.3248,1.5169,-1.08046,49.0406
1.63741,0.594696,28.0333,7.562,-1.23216,23.3473,7.33953,-0.374769,48.8021,3.25302,-1.17623,52.2886
2.16815,-0.364697,25.0809,8.27853,-0.677881,20.7599,7.75629,0.332641,52.1928,4.84312,-1.39659,55.3372
2.69812,-0.834881,23.4918,8.79367,-0.329863,19.2872,8.04588,0.781737,54.4157,5.41432,-1.66959,57.3387
3.08008,-1.1352,22.631,9.10076,-0.073479,18.4235,8.12437,1.18434,56.4504,5.57231,-1.98807,59.2279
3.44706,-1.28784,22.544,9.35017,0.210365,18.1696,7.97617,1.52177,58.5151,5.05232,-2.4526,61.2485
3.59113,-1.22231,22.9022,9.38113,0.255516,18.3293,7.85207,1.73333,59.3717,4.57492,-2.74704,62.0653
3.78177,-1.07824,23.8252,9.35386,0.380873,19.0178,7.54888,1.88787,60.4715,3.48714,-3.18808,63.198
3.81495,-0.889965,24.9517,9.13042,0.360459,19.9558,7.0993,2.061,61.3203,2.53723,-3.48167,63.9758
3.76959,-0.805057,26.1608,8.79789,0.267365,20.9304,5.91742,2.41679,62.1912,1.38933,-3.66964,64.6874
3.63191,-0.572985,27.4251,7.97167,0.252939,21.8825,4.84535,2.62403,63.2908,0.510615,-3.89409,65.5104
3.41669,-0.337674,28.7234,7.21822,0.184208,22.9151,3.9746,2.79189,63.9745,-0.222423,-4.0873,65.9767
3.20405,-0.108249,30.0499,6.22885,0.141907,24.0357,2.73208,2.98894,64.867,-1.26372,-4.31161,66.5688
2.91793,0.0541328,31.211,5.42969,-0.0443254,25.2433,1.96879,3.19105,65.5406,-1.96053,-4.44698,66.9736
2.74692,0.135084,31.7577,4.92464,-0.114828,25.7845,1.47738,3.2972,65.9583,-2.39511,-4.52361,67.1745
2.53211,0.236469,32.187,4.45803,-0.139039,26.1112,0.944906,3.42569,66.4764,-2.83461,-4.60509,67.4059
2.26643,0.361461,32.4461,3.92356,-0.114135,26.2439,0.284874,3.5496,67.0433,-3.36572,-4.65953,67.617
2.08872,0.430029,32.6761,3.6126,-0.113118,26.3608,0.00487342,3.59689,67.2434,-3.57939,-4.68167,67.5788
1.88216,0.495703,32.7929,3.28616,-0.0848873,26.3421,-0.337362,3.6365,67.3927,-3.8453,-4.67648,67.4688
1.64233,0.566518,32.7269,2.91656,-0.0242197,26.1248,-0.738903,3.66921,67.5189,-4.16946,-4.62497,67.2932
1.47618,0.597613,32.6296,2.69191,0.0330135,25.9018,-0.932405,3.65689,67.5147,-4.30994,-4.59649,67.0969
1.27403,0.632869,32.3769,2.43437,0.0991226,25.5516,-1.173,3.64009,67.4852,-4.49522,-4.54168,66.8634
1.11284,0.639404,32.1737,2.2404,0.146064,25.2755,-1.32585,3.61361,67.4094,-4.61194,-4.48094,66.6015
0.926962,0.6522,31.866,2.02838,0.207222,24.8635,-1.50454,3.60171,67.3492,-4.75957,-4.39694,66.3159
0.744871,0.672415,31.5936,1.82308,0.271614,24.4731,-1.6721,3.56159,67.209,-4.89038,-4.28856,65.9466
0.655853,0.682768,31.4797,1.6887,0.270754,24.3617,-1.69409,3.51234,67.0822,-4.88612,-4.2512,65.6945
0.516647,0.696107,31.2479,1.58043,0.573452,23.5865,-1.76548,3.49557,66.9256,-4.94689,-4.10466,65.2898
-2.13458,5.76542,23.1132,2.16152,-4.94606,16.4689,10.2067,0.420659,50.9122,4.10637,-5.05161,59.7185
-8.48392,13.3595,44.1773,-6.16953,-11.5338,37.6206,9.86633,2.94461,57.7522,4.41098,-4.96523,58.2969
-5.97513,10.1634,34.737,-3.15147,-8.69994,28.8098,9.90848,1.89978,54.7381,4.13535,-4.93863,58.7116
-5.92445,10.0691,33.7844,-2.78327,-8.39457,27.3958,9.84043,1.83038,54.4804,4.02737,-4.84643,58.5542
-6.15157,10.2087,33.7735,-2.98239,-8.3927,27.3128,9.7624,1.8757,54.5178,3.93554,-4.76341,58.3647
-6.32595,10.2857,33.6775,-3.14629,-8.35669,27.2042,9.69863,1.91023,54.5433,3.86014,-4.69652,58.2206
-6.47401,10.3447,33.559,-3.27495,-8.31696,27.0642,9.64812,1.94391,54.5861,3.79819,-4.6455,58.132
-6.59847,10.3993,33.4663,-3.38335,-8.28498,26.9571,9.60522,1.97231,54.6232,3.7502,-4.60406,58.0556
-6.71049,10.4494,33.3829,-3.48063,-8.25904,26.8631,9.57241,1.99859,54.6618,3.71236,-4.56651,57.9906
-6.81106,10.4972,33.3062,-3.5702,-8.23693,26.7783,9.54357,2.02119,54.6989,3.68015,-4.53123,57.9313
-6.80073,10.5069,33.3497,-3.65795,-8.19159,26.8472,9.36706,1.92528,54.3738,3.51544,-4.40395,57.5091
-6.19253,10.3101,34.0498,-3.76057,-7.99701,27.755,8.33178,1.20348,52.1137,2.5736,-3.77247,55.1139
-5.09998,9.86142,35.4187,-3.73254,-7.64501,29.456,6.57446,-0.00703622,48.2465,0.939595,-2.69594,51.0912
-5.23126,9.68797,37.5627,-4.13697,-7.69237,31.5756,5.19992,-0.99904,44.5882,-0.518965,-1.59049,47.3687
-7.53645,11.0379,43.2785,-7.33623,-9.22423,36.6514,3.11457,-2.07405,39.6713,-2.70208,-0.395132,42.4983
-10.7388,13.4296,52.2493,-11.9903,-11.9855,44.7138,0.0121081,-3.64246,32.2205,-5.93621,1.32091,35.1924
-14.1647,16.4789,65.4674,-17.5249,-15.8331,56.7852,-5.60365,-4.93154,23.1618,-11.4948,2.70956,26.9509
-11.8418,14.4222,62.5832,-14.6998,-13.9256,54.5006,-4.61616,-5.11241,23.6776,-10.3503,2.78255,27.1525
-8.38751,10.8371,55.1802,-9.96082,-10.3479,48.0704,-2.49525,-4.17745,28.8323,-8.00995,1.64779,32.4576
-4.84733,7.86112,47.895,-5.18148,-7.29531,41.6519,0.0126095,-3.18672,34.1576,-5.16879,0.521751,37.7575
-1.70462,5.52341,41.3655,-0.936514,-4.82454,35.8517,2.23083,-2.55731,38.3535,-2.61313,-0.253723,41.8109
-0.103834,3.56313,35.9718,2.82764,-3.06997,30.7623,4.54991,-1.87352,42.031,-0.310826,-0.744442,45.5936
0.882219,1.94576,31.683,5.83763,-1.92219,26.6617,6.57869,-1.19489,45.3248,1.5169,-1.08046,49.0406
1.63741,0.594696,28.0333,7.56199,-1.23216,23.3473,7.33953,-0.374769,48.8021,3.25302,-1.17623,52.2886
2.16815,-0.364697,25.0809,8.27853,-0.677881,20.7599,7.75629,0.332641,52.1928,4.84312,-1.39659,55.3372
2.69812,-0.834881,23.4918,8.79367,-0.329863,19.2872,8.04588,0.781736,54.4157,5.41432,-1.66959,57.3387
3.08008,-1.1352,22.631,9.10076,-0.0734789,18.4235,8.12437,1.18434,56.4504,5.57231,-1.98807,59.2279
3.44706,-1.28784,22.544,9.35017,0.210365,18.1696,7.97617,1.52177,58.5151,5.05232,-2.4526,61.2485
3.59113,-1.22231,22.9022,9.38113,0.255516,18.3293,7.85207,1.73333,59.3717,4.57492,-2.74704,62.0653
3.78177,-1.07824,23.8252,9.35386,0.380873,19.0178,7.54888,1.88787,60.4715,3.48714,-3.18808,63.198
3.81495,-0.889965,24.9517,9.13042,0.360459,19.9558,7.0993,2.061,61.3203,2.53723,-3.48167,63.9758
3.76959,-0.805057,26.1608,8.79789,0.267365,20.9304,5.91742,2.41679,62.1912,1.38933,-3.66964,64.6874
3.63191,-0.572985,27.4251,7.97167,0.252939,21.8825,4.84535,2.62403,63.2908,0.510615,-3.89409,65.5104
3.41669,-0.337674,28.7234,7.21822,0.184207,22.9151,3.9746,2.79189,63.9745,-0.222423,-4.0873,65.9767
3.20405,-0.108249,30.0499,6.22885,0.141907,24.0357,2.73208,2.98894,64.867,-1.26372,-4.31161,66.5688
2.91793,0.0541328,31.211,5.42969,-0.0443254,25.2433,1.96879,3.19105,65.5406,-1.96053,-4.44698,66.9736
2.74692,0.135084,31.7577,4.92464,-0.114828,25.7845,1.47738,3.2972,65.9583,-2.39511,-4.52361,67.1745
2.53211,0.236469,32.187,4.45803,-0.139039,26.1112,0.944906,3.42569,66.4764,-2.83461,-4.60509,67.4059
2.26643,0.361461,32.4461,3.92356,-0.114135,26.2439,0.284874,3.5496,67.0433,-3.36572,-4.65953,67.617
2.08872,0.430029,32.6761,3.6126,-0.113118,26.3608,0.00487348,3.59689,67.2434,-3.57939,-4.68167,67.5788
1.88216,0.495703,32.7929,3.28616,-0.0848873,26.3421,-0.337362,3.6365,67.3927,-3.84531,-4.67648,67.4688
1.64233,0.566518,32.7269,2.91656,-0.0242197,26.1248,-0.738903,3.66921,67.5189,-4.16946,-4.62497,67.2932
1.47618,0.597613,32.6296,2.69191,0.0330135,25.9018,-0.932405,3.65689,67.5147,-4.30994,-4.59649,67.0969
1.27403,0.632869,32.3769,2.43437,0.0991226,25.5516,-1.173,3.64009,67.4852,-4.49522,-4.54168,66.8634
1.11284,0.639404,32.1737,2.2404,0.146064,25.2755,-1.32585,3.61361,67.4094,-4.61194,-4.48094,66.6015
0.926962,0.6522,31.866,2.02838,0.207222,24.8635,-1.50454,3.60171,67.3492,-4.75957,-4.39694,66.3159
0.744871,0.672415,31.5936,1.82308,0.271614,24.4731,-1.6721,3.56159,67.209,-4.89038,-4.28856,65.9466
0.655853,0.682768,31.4797,1.6887,0.270754,24.3617,-1.69409,3.51234,67.0822,-4.88612,-4.2512,65.6945
0.516647,0.696107,31.2479,1.58043,0.57345,23.5865,-1.76548,3.49557,66.9256,-4.94689,-4.10466,65.2898
-2.13458,5.76542,23.1132,2.16152,-4.94606,16.4689,10.2067,0.420659,50.9122,4.10637,-5.05161,59.7185
-8.48392,13.3595,44.1773,-6.16953,-11.5338,37.6206,9.86633,2.94461,57.7522,4.41098,-4.96523,58.2969
-5.97513,10.1634,34.737,-3.15147,-8.69994,28.8098,9.90848,1.89978,54.7381,4.13535,-4.93863,58.7116
-5.92445,10.0691,33.7844,-2.78327,-8.39457,27.3958,9.84043,1.83038,54.4804,4.02737,-4.84643,58.5542
-6.15157,10.2087,33.7735,-2.98239,-8.3927,27.3128,9.7624,1.8757,54.5178,3.93554,-4.76341,58.3647
-6.32595,10.2857,33.6775,-3.14629,-8.35669,27.2042,9.69863,1.91023,54.5433,3.86014,-4.69652,58.2206
-6.47401,10.3447,33.559,-3.27495,-8.31696,27.0642,9.64812,1.94391,54.5861,3.79819,-4.6455,58.132
-6.59847,10.3993,33.4663,-3.38335,-8.28498,26.9571,9.60522,1.97231,54.6232,3.7502,-4.60406,58.0556
-6.71049,10.4494,33.3829,-3.48063,-8.25904,26.8631,9.57241,1.99859,54.6618,3.71236,-4.56651,57.9906
-6.81106,10.4972,33.3062,-3.5702,-8.23693,26.7783,9.54357,2.02119,54.6989,3.68015,-4.53123,57.9313
-6.80073,10.5069,33.3497,-3.65795,-8.19159,26.8472,9.36706,1.92528,54.3738,3.51544,-4.40395,57.5091
-6.19253,10.3101,34.0498,-3.76057,-7.99701,27.755,8.33178,1.20348,52.1137,2.5736,-3.77247,55.1139
-5.09998,9.86142,35.4187,-3.73254,-7.64501,29.456,6.57446,-0.00703625,48.2465,0.939595,-2.69594,51.0912
-5.23126,9.68797,37.5627,-4.13697,-7.69237,31.5756,5.19992,-0.99904,44.5882,-0.518965,-1.59049,47.3687
-7.53645,11.0379,43.2785,-7.33623,-9.22423,36.6514,3.11457,-2.07405,39.6713,-2.70208,-0.395132,42.4983
-10.7388,13.4296,52.2493,-11.9903,-11.9855,44.7138,0.012108,-3.64246,32.2205,-5.93621,1.32091,35.1924
-14.1647,16.4789,65.4674,-17.5249,-15.8331,56.7852,-5.60365,-4.93154,23.1618,-11.4948,2.70956,26.9509
-11.8418,14.4222,62.5832,-14.6998,-13.9256,54.5006,-4.61616,-5.11241,23.6776,-10.3503,2.78255,27.1525
-8.38751,10.8371,55.1802,-9.96082,-10.3479,48.0704,-2.49525,-4.17745,28.8323,-8.00995,1.64779,32.4576
-4.84733,7.86112,47.895,-5.18148,-7.29531,41.6519,0.0126094,-3.18672,34.1576,-5.16879,0.521751,37.7575
-1.70462,5.52341,41.3655,-0.936517,-4.82454,35.8517,2.23083,-2.55731,38.3535,-2.61313,-0.253723,41.8109
-0.103834,3.56313,35.9718,2.82764,-3.06997,30.7623,4.54991,-1.87352,42.031,-0.310826,-0.744442,45.5936
0.882219,1.94576,31.683,5.83763,-1.92219,26.6617,6.57869,-1.19489,45.3248,1.5169,-1.08046,49.0406
1.63741,0.594696,28.0333,7.562,-1.23216,23.3473,7.33953,-0.374769,48.8021,3.25302,-1.17623,52.2886
2.16815,-0.364697,25.0809,8.27853,-0.677881,20.7599,7.75629,0.332641,52.1928,4.84312,-1.39659,55.3372
2.69812,-0.834881,23.4918,8.79367,-0.329863,19.2872,8.04588,0.781737,54.4157,5.41432,-1.66959,57.3387
3.08008,-1.1352,22.631,9.10076,-0.073479,18.4235,8.12437,1.18434,56.4504,5.57231,-1.98807,59.2279
3.44706,-1.28784,22.544,9.35017,0.210365,18.1696,7.97617,1.52177,58.5151,5.05232,-2.4526,61.2485
3.59113,-1.22231,22.9022,9.38113,0.255516,18.3293,7.85207,1.73333,59.3717,4.57492,-2.74704,62.0653
3.78177,-1.07824,23.8252,9.35386,0.380873,19.0178,7.54888,1.88787,60.4715,3.48714,-3.18808,63.198
3.81495,-0.889965,24.9517,9.13042,0.360459,19.9558,7.0993,2.061,61.3203,2.53723,-3.48167,63.9758
3.76959,-0.805057,26.1608,8.79789,0.267365,20.9304,5.91742,2.41679,62.1912,1.38933,-3.66964,64.6874
3.63191,-0.572985,27.4251,7.97167,0.252939,21.8825,4.84535,2.62403,63.2908,0.510615,-3.89409,65.5104
3.41669,-0.337674,28.7234,7.21822,0.184207,22.9151,3.9746,2.79189,63.9745,-0.222423,-4.0873,65.9767
3.20405,-0.108249,30.0499,6.22885,0.141907,24.0357,2.73208,2.98894,64.867,-1.26372,-4.31161,66.5688
2.91793,0.0541328,31.211,5.42969,-0.0443254,25.2433,1.96879,3.19105,65.5406,-1.96053,-4.44698,66.9736
2.74692,0.135084,31.7577,4.92464,-0.114828,25.7845,1.47738,3.2972,65.9583,-2.39511,-4.52361,67.1745
2.53211,0.236469,32.187,4.45803,-0.139039,26.1112,0.944906,3.42569,66.4764,-2.83461,-4.60509,67.4059
2.26643,0.361461,32.4461,3.92356,-0.114135,26.2439,0.284874,3.5496,67.0433,-3.36572,-4.65953,67.617
2.08872,0.430029,32.6761,3.6126,-0.113118,26.3608,0.00487345,3.59689,67.2434,-3.57939,-4.68167,67.5788
1.88216,0.495703,32.7929,3.28616,-0.0848873,26.3421,-0.337362,3.6365,67.3927,-3.8453,-4.67648,67.4688
1.64233,0.566518,32.7269,2.91656,-0.0242197,26.1248,-0.738903,3.66921,67.5189,-4.16946,-4.62497,67.2932
1.47618,0.597613,32.6296,2.69191,0.0330135,25.9018,-0.932405,3.65689,67.5147,-4.30994,-4.59649,67.0969
1.27403,0.632869,32.3769,2.43437,0.0991226,25.5516,-1.173,3.64009,67.4852,-4.49522,-4.54168,66.8634
1.11284,0.639404,32.1737,2.2404,0.146064,25.2755,-1.32585,3.61361,67.4094,-4.61194,-4.48094,66.6015
0.926962,0.6522,31.866,2.02838,0.207222,24.8635,-1.50454,3.60171,67.3492,-4.75957,-4.39694,66.3159
0.744871,0.672415,31.5936,1.82308,0.271614,24.4731,-1.6721,3.56159,67.209,-4.89038,-4.28856,65.9466
0.655853,0.682768,31.4797,1.6887,0.270754,24.3617,-1.69409,3.51234,67.0822,-4.88612,-4.2512,65.6945
0.516647,0.696107,31.2479,1.58043,0.573451,23.5865,-1.76548,3.49557,66.9256,-4.94689,-4.10466,65.2898
-2.13458,5.76542,23.1132,2.16152,-4.94606,16.4689,10.2067,0.420659,50.9122,4.10637,-5.05161,59.7185
-8.48392,13.3595,44.1773,-6.16953,-11.5338,37.6206,9.86633,2.94461,57.7522,4.41098,-4.96523,58.2969
-5.97513,10.1634,34.737,-3.15147,-8.69994,28.8098,9.90848,1.89978,54.7381,4.13535,-4.93863,58.7116
-5.92445,10.0691,33.7844,-2.78327,-8.39457,27.3958,9.84043,1.83038,54.4804,4.02737,-4.84643,58.5542
-6.15157,10.2087,33.7735,-2.98239,-8.3927,27.3128,9.7624,1.8757,54.5178,3.93554,-4.76341,58.3647
-6.32595,10.2857,33.6775,-3.14629,-8.35669,27.2042,9.69863,1.91023,54.5433,3.86014,-4.69652,58.2206
-6.47401,10.3447,33.559,-3.27495,-8.31696,27.0642,9.64812,1.94391,54.5861,3.79819,-4.6455,58.132
-6.59847,10.3993,33.4663,-3.38335,-8.28498,26.9571,9.60522,1.97231,54.6232,3.7502,-4.60406,58.0556
-6.71049,10.4494,33.3829,-3.48063,-8.25904,26.8631,9.57241,1.99859,54.6618,3.71236,-4.56651,57.9906
-6.81106,10.4972,33.3062,-3.5702,-8.23693,26.7783,9.54357,2.02119,54.6989,3.68015,-4.53123,57.9313
-6.80073,10.5069,33.3497,-3.65795,-8.19159,26.8472,9.36706,1.92528,54.3738,3.51544,-4.40395,57.5091
-6.19253,10.3101,34.0498,-3.76057,-7.99701,27.755,8.33178,1.20348,52.1137,2.5736,-3.77247,55.1139
-5.09998,9.86142,35.4187,-3.73254,-7.64501,29.456,6.57446,-0.00703627,48.2465,0.939595,-2.69594,51.0912
-5.23126,9.68797,37.5627,-4.13697,-7.69237,31.5756,5.19992,-0.99904,44.5882,-0.518965,-1.59049,47.3687
-7.53645,11.0379,43.2785,-7.33623,-9.22423,36.6514,3.11457,-2.07405,39.6713,-2.70208,-0.395132,42.4983
-10.7388,13.4296,52.2493,-11.9903,-11.9855,44.7138,0.0121079,-3.64246,32.2205,-5.93621,1.32091,35.1924
-14.1647,16.4789,65.4674,-17.5249,-15.8331,56.7852,-5.60365,-4.93154,23.1618,-11.4948,2.70956,26.9509
-11.8418,14.4222,62.5832,-14.6998,-13.9256,54.5006,-4.61616,-5.11241,23.6776,-10.3503,2.78255,27.1525
-8.38751,10.8371,55.1802,-9.96082,-10.3479,48.0704,-2.49525,-4.17745,28.8323,-8.00995,1.64779,32.4576
-4.84733,7.86112,47.895,-5.18148,-7.29531,41.6519,0.0126094,-3.18672,34.1576,-5.16879,0.521751,37.7575
-1.70462,5.52341,41.3655,-0.936514,-4.82454,35.8517,2.23083,-2.55731,38.3535,-2.61313,-0.253723,41.8109
-0.103833,3.56313,35.9718,2.82765,-3.06997,30.7623,4.54991,-1.87352,42.031,-0.310826,-0.744442,45.5936
0.882219,1.94576,31.683,5.83763,-1.92219,26.6617,6.57869,-1.19489,45.3248,1.5169,-1.08046,49.0406
1.63741,0.594696,28.0333,7.562,-1.23216,23.3473,7.33953,-0.374769,48.8021,3.25302,-1.17623,52.2886
2.16815,-0.364697,25.0809,8.27853,-0.677881,20.7599,7.75629,0.332641,52.1928,4.84312,-1.39659,55.3372
2.69812,-0.834881,23.4918,8.79367,-0.329863,19.2872,8.04588,0.781737,54.4157,5.41432,-1.66959,57.3387
3.08008,-1.1352,22.631,9.10076,-0.073479,18.4235,8.12437,1.18434,56.4504,5.57231,-1.98807,59.2279
3.44706,-1.28784,22.544,9.35017,0.210365,18.1696,7.97617,1.52177,58.5151,5.05232,-2.4526,61.2485
3.59113,-1.22231,22.9022,9.38113,0.255516,18.3293,7.85207,1.73333,59.3717,4.57492,-2.74704,62.0653
3.78177,-1.07824,23.8252,9.35386,0.380873,19.0178,7.54888,1.88787,60.4715,3.48714,-3.18808,63.198
3.81495,-0.889965,24.9517,9.13042,0.360459,19.9558,7.0993,2.061,61.3203,2.53723,-3.48167,63.9758
3.76959,-0.805057,26.1608,8.79789,0.267365,20.9304,5.91742,2.41679,62.1912,1.38933,-3.66964,64.6874
3.63191,-0.572985,27.4251,7.97167,0.252939,21.8825,4.84535,2.62403,63.2908,0.510615,-3.89409,65.5104
3.41669,-0.337674,28.7234,7.21822,0.184207,22.9151,3.9746,2.79189,63.9745,-0.222423,-4.0873,65.9767
3.20405,-0.108249,30.0499,6.22885,0.141907,24.0357,2.73208,2.98894,64.867,-1.26372,-4.31161,66.5688
2.91793,0.0541328,31.211,5.42969,-0.0443254,25.2433,1.96879,3.19105,65.5406,-1.96053,-4.44698,66.9736
2.74692,0.135084,31.7577,4.92464,-0.114828,25.7845,1.47738,3.2972,65.9583,-2.39511,-4.52361,67.1745
2.53211,0.236469,32.187,4.45803,-0.139039,26.1112,0.944906,3.42569,66.4764,-2.83461,-4.60509,67.4059
2.26643,0.361461,32.4461,3.92356,-0.114135,26.2439,0.284874,3.5496,67.0433,-3.36572,-4.65953,67.617
2.08872,0.430029,32.6761,3.6126,-0.113118,26.3608,0.00487343,3.59689,67.2434,-3.57939,-4.68167,67.5788
1.88216,0.495703,32.7929,3.28616,-0.0848873,26.3421,-0.337362,3.6365,67.3927,-3.8453,-4.67648,67.4688
1.64233,0.566518,32.7269,2.91656,-0.0242197,26.1248,-0.738903,3.66921,67.5189,-4.16946,-4.62497,67.2932
1.47618,0.597613,32.6296,2.69191,0.0330135,25.9018,-0.932405,3.65689,67.5147,-4.30994,-4.59649,67.0969
1.27403,0.632869,32.3769,2.43437,0.0991226,25.5516,-1.173,3.64009,67.4852,-4.49522,-4.54168,66.8634
1.11284,0.639404,32.1737,2.2404,0.146064,25.2755,-1.32585,3.61361,67.4094,-4.61194,-4.48094,66.6015
0.926962,0.6522,31.866,2.02838,0.207222,24.8635,-1.50454,3.60171,67.3492,-4.75957,-4.39694,66.3159
0.744871,0.672415,31.5936,1.82308,0.271614,24.4731,-1.6721,3.56159,67.209,-4.89038,-4.28856,65.9466
0.655853,0.682768,31.4797,1.6887,0.270754,24.3617,-1.69409,3.51234,67.0822,-4.88612,-4.2512,65.6945
0.516647,0.696107,31.2479,1.58043,0.573451,23.5865,-1.76548,3.49557,66.9256,-4.94689,-4.10466,65.2898
-2.13458,5.76542,23.1132,2.16152,-4.94606,16.4689,10.2067,0.420659,50.9122,4.10637,-5.05161,59.7185
-8.48392,13.3595,44.1773,-6.16953,-11.5338,37.6206,9.86633,2.94461,57.7522,4.41098,-4.96523,58.2969
-5.97513,10.1634,34.737,-3.15147,-8.69994,28.8098,9.90848,1.89978,54.7381,4.13535,-4.93863,58.7116
-5.92445,10.0691,33.7844,-2.78327,-8.39457,27.3958,9.84043,1.83038,54.4804,4.02737,-4.84643,58.5542
-6.15157,10.2087,33.7735,-2.98239,-8.3927,27.3128,9.7624,1.8757,54.5178,3.93554,-4.76341,58.3647
-6.32595,10.2857,33.6775,-3.14629,-8.35669,27.2042,9.69863,1.91023,54.5433,3.86014,-4.69652,58.2206
-6.47401,10.3447,33.559,-3.27495,-8.31696,27.0642,9.64812,1.94391,54.5861,3.79819,-4.6455,58.132
-6.59847,10.3993,33.4663,-3.38335,-8.28498,26.9571,9.60522,1.97231,54.6232,3.7502,-4.60406,58.0556
-6.71049,10.4494,33.3829,-3.48063,-8.25904,26.8631,9.57241,1.99859,54.6618,3.71236,-4.56651,57.9906
-6.81106,10.4972,33.3062,-3.5702,-8.23693,26.7783,9.54357,2.02119,54.6989,3.68015,-4.53123,57.9313
-6.80073,10.5069,33.3497,-3.65795,-8.19159,26.8472,9.36706,1.92528,54.3738,3.51544,-4.40395,57.5091
-6.19253,10.3101,34.0498,-3.76057,-7.99701,27.755,8.33178,1.20348,52.1137,2.5736,-3.77247,55.1139
-5.09998,9.86142,35.4187,-3.73254,-7.64501,29.456,6.57446,-0.00703622,48.2465,0.939595,-2.69594,51.0912
-5.23126,9.68797,37.5627,-4.13697,-7.69237,31.5756,5.19992,-0.99904,44.5882,-0.518965,-1.59049,47.3687
-7.53645,11.0379,43.2785,-7.33623,-9.22423,36.6514,3.11457,-2.07405,39.6713,-2.70208,-0.395132,42.4983
-10.7388,13.4296,52.2493,-11.9903,-11.9855,44.7138,0.0121081,-3.64246,32.2205,-5.93621,1.32091,35.1924
-14.1647,16.4789,65.4674,-17.5249,-15.8331,56.7852,-5.60365,-4.93154,23.1618,-11.4948,2.70956,26.9509
-11.8418,14.4222,62.5832,-14.6998,-13.9256,54.5006,-4.61616,-5.11241,23.6776,-10.3503,2.78255,27.1525
-8.38751,10.8371,55.1802,-9.96082,-10.3479,48.0704,-2.49525,-4.17745,28.8323,-8.00995,1.64779,32.4576
-4.84733,7.86112,47.895,-5.18148,-7.29531,41.6519,0.0126095,-3.18672,34.1576,-5.16879,0.521751,37.7575
-1.70462,5.52341,41.3655,-0.936517,-4.82454,35.8517,2.23083,-2.55731,38.3535,-2.61313,-0.253724,41.8109
-0.103834,3.56313,35.9718,2.82764,-3.06997,30.7623,4.54991,-1.87352,42.031,-0.310826,-0.744442,45.5936
0.882219,1.94576,31.683,5.83763,-1.92219,26.6617,6.57869,-1.19489,45.3248,1.5169,-1.08046,49.0406
1.63741,0.594696,28.0333,7.56199,-1.23216,23.3473,7.33953,-0.374769,48.8021,3.25302,-1.17623,52.2886
2.16815,-0.364697,25.0809,8.27853,-0.677881,20.7599,7.75629,0.332641,52.1928,4.84312,-1.39659,55.3372
2.69812,-0.834881,23.4918,8.79367,-0.329863,19.2872,8.04588,0.781736,54.4157,5.41432,-1.66959,57.3387
3.08008,-1.1352,22.631,9.10076,-0.0734789,18.4235,8.12437,1.18434,56.4504,5.57231,-1.98807,59.2279
3.44706,-1.28784,22.544,9.35017,0.210365,18.1696,7.97617,1.52177,58.5151,5.05232,-2.4526,61.2485
3.59113,-1.22231,22.9022,9.38113,0.255516,18.3293,7.85207,1.73333,59.3717,4.57492,-2.74704,62.0653
3.78177,-1.07824,23.8252,9.35386,0.380873,19.0178,7.54888,1.88787,60.4715,3.48714,-3.18808,63.198
3.81495,-0.889965,24.9517,9.13042,0.360459,19.9558,7.0993,2.061,61.3203,2.53723,-3.48167,63.9758
3.76959,-0.805057,26.1608,8.79789,0.267365,20.9304,5.91742,2.41679,62.1912,1.38933,-3.66964,64.6874
3.63191,-0.572985,27.4251,7.97167,0.252939,21.8825,4.84535,2.62403,63.2908,0.510615,-3.89409,65.5104
3.41669,-0.337674,28.7234,7.21822,0.184207,22.9151,3.9746,2.79189,63.9745,-0.222423,-4.0873,65.9767
3.20405,-0.108249,30.0499,6.22885,0.141907,24.0357,2.73208,2.98894,64.867,-1.26372,-4.31161,66.5688
2.91793,0.0541328,31.211,5.42969,-0.0443254,25.2433,1.96879,3.19105,65.5406,-1.96053,-4.44698,66.9736
2.74692,0.135084,31.7577,4.92464,-0.114828,25.7845,1.47738,3.2972,65.9583,-2.39511,-4.52361,67.1745
2.53211,0.236469,32.187,4.45803,-0.139039,26.1112,0.944906,3.42569,66.4764,-2.83461,-4.60509,67.4059
2.26643,0.361461,32.4461,3.92356,-0.114135,26.2439,0.284874,3.5496,67.0433,-3.36572,-4.65953,67.617
2.08872,0.430029,32.6761,3.6126,-0.113118,26.3608,0.00487348,3.59689,67.2434,-3.57939,-4.68167,67.5788
1.88216,0.495703,32.7929,3.28616,-0.0848873,26.3421,-0.337362,3.6365,67.3927,-3.84531,-4.67648,67.4688
1.64233,0.566518,32.7269,2.91656,-0.0242196,26.1248,-0.738903,3.66921,67.5189,-4.16946,-4.62497,67.2932
1.47618,0.597613,32.6296,2.69191,0.0330135,25.9018,-0.932405,3.65689,67.5147,-4.30994,-4.59649,67.0969
1.27403,0.632869,32.3769,2.43437,0.0991226,25.5516,-1.173,3.64009,67.4852,-4.49522,-4.54168,66.8634
1.11284,0.639404,32.1737,2.2404,0.146064,25.2755,-1.32585,3.61361,67.4094,-4.61194,-4.48094,66.6015
0.926962,0.6522,31.866,2.02838,0.207222,24.8635,-1.50454,3.60171,67.3492,-4.75957,-4.39694,66.3159
0.744871,0.672415,31.5936,1.82308,0.271614,24.4731,-1.6721,3.56159,67.209,-4.89038,-4.28856,65.9466
0.655853,0.682768,31.4797,1.6887,0.270754,24.3617,-1.69409,3.51234,67.0822,-4.88612,-4.2512,65.6945
0.516647,0.696107,31.2479,1.58043,0.57345,23.5865,-1.76548,3.49557,66.9256,-4.94689,-4.10466,65.2898
-2.13458,5.76542,23.1132,2.16152,-4.94606,16.4689,10.2067,0.420659,50.9122,4.10637,-5.05161,59.7185
-8.48392,13.3595,44.1773,-6.16953,-11.5338,37.6206,9.86633,2.94461,57.7522,4.41098,-4.96523,58.2969
-5.97513,10.1634,34.737,-3.15147,-8.69994,28.8098,9.90848,1.89978,54.7381,4.13535,-4.93863,58.7116
-5.92445,10.0691,33.7844,-2.78327,-8.39457,27.3958,9.84043,1.83038,54.4804,4.02737,-4.84643,58.5542
-6.15157,10.2087,33.7735,-2.98239,-8.3927,27.3128,9.7624,1.8757,54.5178,3.93554,-4.76341,58.3647
-6.32595,10.2857,33.6775,-3.14629,-8.35669,27.2042,9.69863,1.91023,54.5433,3.86014,-4.69652,58.2206
-6.47401,10.3447,33.559,-3.27495,-8.31696,27.0642,9.64812,1.94391,54.5861,3.79819,-4.6455,58.132
-6.59847,10.3993,33.4663,-3.38335,-8.28498,26.9571,9.60522,1.97231,54.6232,3.7502,-4.60406,58.0556
-6.71049,10.4494,33.3829,-3.48063,-8.25904,26.8631,9.57241,1.99859,54.6618,3.71236,-4.56651,57.9906
-6.81106,10.4972,33.3062,-3.5702,-8.23693,26.7783,9.54357,2.02119,54.6989,3.68015,-4.53123,57.9313
-6.80073,10.5069,33.3497,-3.65795,-8.19159,26.8472,9.36706,1.92528,54.3738,3.51544,-4.40395,57.5091
-6.19253,10.3101,34.0498,-3.76057,-7.99701,27.755,8.33178,1.20348,52.1137,2.5736,-3.77247,55.1139
-5.09998,9.86142,35.4187,-3.73254,-7.64501,29.456,6.57446,-0.00703624,48.2465,0.939595,-2.69594,51.0912
-5.23126,9.68797,37.5627,-4.13697,-7.69237,31.5756,5.19992,-0.99904,44.5882,-0.518965,-1.59049,47.3687
-7.53645,11.0379,43.2785,-7.33623,-9.22423,36.6514,3.11457,-2.07405,39.6713,-2.70208,-0.395132,42.4983
-10.7388,13.4296,52.2493,-11.9903,-11.9855,44.7138,0.012108,-3.64246,32.2205,-5.93621,1.32091,35.1924
-14.1647,16.4789,65.4674,-17.5249,-15.8331,56.7852,-5.60365,-4.93154,23.1618,-11.4948,2.70956,26.9509
-11.8418,14.4222,62.5832,-14.6998,-13.9256,54.5006,-4.61616,-5.11241,23.6776,-10.3503,2.78255,27.1525
-8.38751,10.8371,55.1802,-9.96082,-10.3479,48.0704,-2.49525,-4.17745,28.8323,-8.00995,1.64779,32.4576
-4.84733,7.86112,47.895,-5.18148,-7.29531,41.6519,0.0126094,-3.18672,34.1576,-5.16879,0.521751,37.7575
-1.70462,5.52341,41.3655,-0.936514,-4.82454,35.8517,2.23083,-2.55731,38.3535,-2.61313,-0.253723,41.8109
-0.103834,3.56313,35.9718,2.82765,-3.06997,30.7623,4.54991,-1.87352,42.031,-0.310826,-0.744442,45.5936
0.882219,1.94576,31.683,5.83763,-1.92219,26.6617,6.57869,-1.19489,45.3248,1.5169,-1.08046,49.0406
1.63741,0.594696,28.0333,7.56199,-1.23216,23.3473,7.33953,-0.374769,48.8021,3.25302,-1.17623,52.2886
2.16815,-0.364697,25.0809,8.27853,-0.677881,20.7599,7.75629,0.332641,52.1928,4.84312,-1.39659,55.3372
2.69812,-0.834881,23.4918,8.79367,-0.329863,19.2872,8.04588,0.781737,54.4157,5.41432,-1.66959,57.3387
3.08008,-1.1352,22.631,9.10076,-0.073479,18.4235,8.12437,1.18434,56.4504,5.57231,-1.98807,59.2279
3.44706,-1.28784,22.544,9.35017,0.210365,18.1696,7.97617,1.52177,58.5151,5.05232,-2.4526,61.2485
3.59113,-1.22231,22.9022,9.38113,0.255516,18.3293,7.85207,1.73333,59.3717,4.57492,-2.74704,62.0653
3.78177,-1.07824,23.8252,9.35386,0.380873,19.0178,7.54888,1.88787,60.4715,3.48714,-3.18808,63.198
3.81495,-0.889965,24.9517,9.13042,0.360459,19.9558,7.0993,2.061,61.3203,2.53723,-3.48167,63.9758
3.76959,-0.805057,26.1608,8.79789,0.267365,20.9304,5.91742,2.41679,62.1912,1.38933,-3.66964,64.6874
3.63191,-0.572985,27.4251,7.97167,0.252939,21.8825,4.84535,2.62403,63.2908,0.510615,-3.89409,65.5104
3.41669,-0.337674,28.7234,7.21822,0.184207,22.9151,3.9746,2.79189,63.9745,-0.222423,-4.0873,65.9767
3.20405,-0.108249,30.0499,6.22885,0.141907,24.0357,2.73208,2.98894,64.867,-1.26372,-4.31161,66.5688
2.91793,0.0541328,31.211,5.42969,-0.0443254,25.2433,1.96879,3.19105,65.5406,-1.96053,-4.44698,66.9736
2.74692,0.135084,31.7577,4.92464,-0.114828,25.7845,1.47738,3.2972,65.9583,-2.39511,-4.52361,67.1745
2.53211,0.236469,32.187,4.45803,-0.139039,26.1112,0.944906,3.42569,66.4764,-2.83461,-4.60509,67.4059
2.26643,0.361461,32.4461,3.92356,-0.114135,26.2439,0.284874,3.5496,67.0433,-3.36572,-4.65953,67.617
2.08872,0.430029,32.6761,3.6126,-0.113118,26.3608,0.00487346,3.59689,67.2434,-3.57939,-4.68167,67.5788
1.88216,0.495703,32.7929,3.28616,-0.0848873,26.3421,-0.337362,3.6365,67.3927,-3.84531,-4.67648,67.4688
1.64233,0.566518,32.7269,2.91656,-0.0242197,26.1248,-0.738903,3.66921,67.5189,-4.16946,-4.62497,67.2932
1.47618,0.597613,32.6296,2.69191,0.0330135,25.9018,-0.932405,3.65689,67.5147,-4.30994,-4.59649,67.0969
1.27403,0.632869,32.3769,2.43437,0.0991226,25.5516,-1.173,3.64009,67.4852,-4.49522,-4.54168,66.8634
1.11284,0.639404,32.1737,2.2404,0.146064,25.2755,-1.32585,3.61361,67.4094,-4.61194,-4.48094,66.6015
0.926962,0.6522,31.866,2.02838,0.207222,24.8635,-1.50454,3.60171,67.3492,-4.75957,-4.39694,66.3159
0.744871,0.672415,31.5936,1.82308,0.271614,24.4731,-1.6721,3.56159,67.209,-4.89038,-4.28856,65.9466
0.655853,0.682768,31.4797,1.6887,0.270754,24.3617,-1.69409,3.51234,67.0822,-4.88612,-4.2512,65.6945
0.516647,0.696107,31.2479,1.58043,0.573451,23.5865,-1.76548,3.49557,66.9256,-4.94689,-4.10466,65.2898
-2.13458,5.76542,23.1132,2.16152,-4.94606,16.4689,10.2067,0.420659,50.9122,4.10637,-5.05161,59.7185
-8.48392,13.3595,44.1773,-6.16953,-11.5338,37.6206,9.86633,2.94461,57.7522,4.41098,-4.96523,58.2969
-5.97513,10.1634,34.737,-3.15147,-8.69994,28.8098,9.90848,1.89978,54.7381,4.13535,-4.93863,58.7116
-5.92445,10.0691,33.7844,-2.78327,-8.39457,27.3958,9.84043,1.83038,54.4804,4.02737,-4.84643,58.5542
-6.15157,10.2087,33.7735,-2.98239,-8.3927,27.3128,9.7624,1.8757,54.5178,3.93554,-4.76341,58.3647
-6.32595,10.2857,33.6775,-3.14629,-8.35669,27.2042,9.69863,1.91023,54.5433,3.86014,-4.69652,58.2206
-6.47401,10.3447,33.559,-3.27495,-8.31696,27.0642,9.64812,1.94391,54.5861,3.79819,-4.6455,58.132
-6.59847,10.3993,33.4663,-3.38335,-8.28498,26.9571,9.60522,1.97231,54.6232,3.7502,-4.60406,58.0556
-6.71049,10.4494,33.3829,-3.48063,-8.25904,26.8631,9.57241,1.99859,54.6618,3.71236,-4.56651,57.9906
-6.81106,10.4972,33.3062,-3.5702,-8.23693,26.7783,9.54357,2.02119,54.6989,3.68015,-4.53123,57.9313
-6.80073,10.5069,33.3497,-3.65795,-8.19159,26.8472,9.36706,1.92528,54.3738,3.51544,-4.40395,57.5091
-6.19253,10.3101,34.0498,-3.76057,-7.99701,27.755,8.33178,1.20348,52.1137,2.5736,-3.77247,55.1139
-5.09998,9.86142,35.4187,-3.73254,-7.64501,29.456,6.57446,-0.00703626,48.2465,0.939595,-2.69594,51.0912
-5.23126,9.68797,37.5627,-4.13697,-7.69237,31.5756,5.19992,-0.99904,44.5882,-0.518965,-1.59049,47.3687
-7.53645,11.0379,43.2785,-7.33623,-9.22423,36.6514,3.11457,-2.07405,39.6713,-2.70208,-0.395132,42.4983
-10.7388,13.4296,52.2493,-11.9903,-11.9855,44.7138,0.012108,-3.64246,32.2205,-5.93621,1.32091,35.1924
-14.1647,16.4789,65.4674,-17.5249,-15.8331,56.7852,-5.60365,-4.93154,23.1618,-11.4948,2.70956,26.9509
-11.8418,14.4222,62.5832,-14.6998,-13.9256,54.5006,-4.61616,-5.11241,23.6776,-10.3503,2.78255,27.1525
-8.38751,10.8371,55.1802,-9.96082,-10.3479,48.0704,-2.49525,-4.17745,28.8323,-8.00995,1.64779,32.4576
-4.84733,7.86112,47.895,-5.18148,-7.29531,41.6519,0.0126094,-3.18672,34.1576,-5.16879,0.521751,37.7575
-1.70462,5.52341,41.3655,-0.936513,-4.82454,35.8517,2.23083,-2.55731,38.3535,-2.61313,-0.253723,41.8109
-0.103833,3.56313,35.9718,2.82765,-3.06997,30.7623,4.54991,-1.87352,42.031,-0.310826,-0.744442,45.5936
0.882219,1.94576,31.683,5.83763,-1.92219,26.6617,6.57869,-1.19489,45.3248,1.5169,-1.08046,49.0406
1.63741,0.594696,28.0333,7.562,-1.23216,23.3473,7.33953,-0.374769,48.8021,3.25302,-1.17623,52.2886
2.16815,-0.364697,25.0809,8.27853,-0.677881,20.7599,7.75629,0.332641,52.1928,4.84312,-1.39659,55.3372
2.69812,-0.834881,23.4918,8.79367,-0.329863,19.2872,8.04588,0.781737,54.4157,5.41432,-1.66959,57.3387
3.08008,-1.1352,22.631,9.10076,-0.073479,18.4235,8.12437,1.18434,56.4504,5.57231,-1.98807,59.2279
3.44706,-1.28784,22.544,9.35017,0.210365,18.1696,7.97617,1.52177,58.5151,5.05232,-2.4526,61.2485
3.59113,-1.22231,22.9022,9.38113,0.255516,18.3293,7.85207,1.73333,59.3717,4.57492,-2.74704,62.0653
3.78177,-1.07824,23.8252,9.35386,0.380873,19.0178,7.54888,1.88787,60.4715,3.48714,-3.18808,63.198
3.81495,-0.889965,24.9517,9.13042,0.360459,19.9558,7.0993,2.061,61.3203,2.53723,-3.48167,63.9758
3.76959,-0.805057,26.1608,8.79789,0.267365,20.9304,5.91742,2.41679,62.1912,1.38933,-3.66964,64.6874
3.63191,-0.572985,27.4251,7.97167,0.252939,21.8825,4.84535,2.62403,63.2908,0.510615,-3.89409,65.5104
3.41669,-0.337674,28.7234,7.21822,0.184207,22.9151,3.9746,2.79189,63.9745,-0.222423,-4.0873,65.9767
3.20405,-0.108249,30.0499,6.22885,0.141907,24.0357,2.73208,2.98894,64.867,-1.26372,-4.31161,66.5688
2.91793,0.0541328,31.211,5.42969,-0.0443254,25.2433,1.96879,3.19105,65.5406,-1.96053,-4.44698,66.9736
2.74692,0.135084,31.7577,4.92464,-0.114828,25.7845,1.47738,3.2972,65.9583,-2.39511,-4.52361,67.1745
2.53211,0.236469,32.187,4.45803,-0.139039,26.1112,0.944906,3.42569,66.4764,-2.83461,-4.60509,67.4059
2.26643,0.361461,32.4461,3.92356,-0.114135,26.2439,0.284874,3.5496,67.0433,-3.36572,-4.65953,67.617
2.08872,0.430029,32.6761,3.6126,-0.113118,26.3608,0.00487344,3.59689,67.2434,-3.57939,-4.68167,67.5788
1.88216,0.495703,32.7929,3.28616,-0.0848873,26.3421,-0.337362,3.6365,67.3927,-3.8453,-4.67648,67.4688
1.64233,0.566518,32.7269,2.91656,-0.0242197,26.1248,-0.738902,3.66921,67.5189,-4.16946,-4.62497,67.2932
1.47618,0.597613,32.6296,2.69191,0.0330135,25.9018,-0.932405,3.65689,67.5147,-4.30994,-4.59649,67.0969
1.27403,0.632869,32.3769,2.43437,0.0991226,25.5516,-1.173,3.64009,67.4852,-4.49522,-4.54168,66.8634
1.11284,0.639404,32.1737,2.2404,0.146064,25.2755,-1.32585,3.61361,67.4094,-4.61194,-4.48094,66.6015
0.926962,0.6522,31.866,2.02838,0.207222,24.8635,-1.50454,3.60171,67.3492,-4.75957,-4.39694,66.3159
0.744871,0.672415,31.5936,1.82308,0.271614,24.4731,-1.6721,3.56159,67.209,-4.89038,-4.28856,65.9466
0.655853,0.682768,31.4797,1.6887,0.270754,24.3617,-1.69409,3.51234,67.0822,-4.88612,-4.2512,65.6945
0.516647,0.696107,31.2479,1.58043,0.573451,23.5865,-1.76548,3.49557,66.9256,-4.94689,-4.10466,65.2898
-2.13458,5.76542,23.1132,2.16152,-4.94606,16.4689,10.2067,0.420659,50.9122,4.10637,-5.05161,59.7185
-8.48392,13.3595,44.1773,-6.16953,-11.5338,37.6206,9.86633,2.94461,57.7522,4.41098,-4.96523,58.2969
-5.97513,10.1634,34.737,-3.15147,-8.69994,28.8098,9.90848,1.89978,54.7381,4.13535,-4.93863,58.7116
-5.92445,10.0691,33.7844,-2.78327,-8.39457,27.3958,9.84043,1.83038,54.4804,4.02737,-4.84643,58.5542
-6.15157,10.2087,33.7735,-2.98239,-8.3927,27.3128,9.7624,1.8757,54.5178,3.93554,-4.76341,58.3647
-6.32595,10.2857,33.6775,-3.14629,-8.35669,27.2042,9.69863,1.91023,54.5433,3.86014,-4.69652,58.2206
-6.47401,10.3447,33.559,-3.27495,-8.31696,27.0642,9.64812,1.94391,54.5861,3.79819,-4.6455,58.132
-6.59847,10.3993,33.4663,-3.38335,-8.28498,26.9571,9.60522,1.97231,54.6232,3.7502,-4.60406,58.0556
-6.71049,10.4494,33.3829,-3.48063,-8.25904,26.8631,9.57241,1.99859,54.6618,3.71236,-4.56651,57.9906
-6.81106,10.4972,33.3062,-3.5702,-8.23693,26.7783,9.54357,2.02119,54.6989,3.68015,-4.53123,57.9313
-6.80073,10.5069,33.3497,-3.65795,-8.19159,26.8472,9.36706,1.92528,54.3738,3.51544,-4.40395,57.5091
-6.19253,10.3101,34.0498,-3.76057,-7.99701,27.755,8.33178,1.20348,52.1137,2.5736,-3.77247,55.1139
-5.09998,9.86142,35.4187,-3.73254,-7.64501,29.456,6.57446,-0.00703626,48.2465,0.939595,-2.69594,51.0912
-5.23126,9.68797,37.5627,-4.13697,-7.69237,31.5756,5.19992,-0.99904,44.5882,-0.518965,-1.59049,47.3687
-7.53645,11.0379,43.2785,-7.33623,-9.22423,36.6514,3.11457,-2.07405,39.6713,-2.70208,-0.395132,42.4983
-10.7388,13.4296,52.2493,-11.9903,-11.9855,44.7138,0.012108,-3.64246,32.2205,-5.93621,1.32091,35.1924
-14.1647,16.4789,65.4674,-17.5249,-15.8331,56.7852,-5.60365,-4.93154,23.1618,-11.4948,2.70956,26.9509
-11.8418,14.4222,62.5832,-14.6998,-13.9256,54.5006,-4.61616,-5.11241,23.6776,-10.3503,2.78255,27.1525
-8.38751,10.8371,55.1802,-9.96082,-10.3479,48.0704,-2.49525,-4.17745,28.8323,-8.00995,1.64779,32.4576
-4.84733,7.86112,47.895,-5.18148,-7.29531,41.6519,0.0126094,-3.18672,34.1576,-5.16879,0.521751,37.7575
-1.70462,5.52341,41.3655,-0.936517,-4.82454,35.8517,2.23083,-2.55731,38.3535,-2.61313,-0.253724,41.8109
-0.103833,3.56313,35.9718,2.82765,-3.06997,30.7623,4.54991,-1.87352,42.031,-0.310826,-0.744442,45.5936
0.882219,1.94576,31.683,5.83763,-1.92219,26.6617,6.57869,-1.19489,45.3248,1.5169,-1.08046,49.0406
1.63741,0.594696,28.0333,7.562,-1.23216,23.3473,7.33953,-0.374769,48.8021,3.25302,-1.17623,52.2886
2.16815,-0.364697,25.0809,8.27853,-0.677881,20.7599,7.75629,0.332641,52.1928,4.84312,-1.39659,55.3372
2.69812,-0.834881,23.4918,8.79367,-0.329863,19.2872,8.04588,0.781737,54.4157,5.41432,-1.66959,57.3387
3.08008,-1.1352,22.631,9.10076,-0.073479,18.4235,8.12437,1.18434,56.4504,5.57231,-1.98807,59.2279
3.44706,-1.28784,22.544,9.35017,0.210365,18.1696,7.97617,1.52177,58.5151,5.05232,-2.4526,61.2485
3.59113,-1.22231,22.9022,9.38113,0.255516,18.3293,7.85207,1.73333,59.3717,4.57492,-2.74704,62.0653
3.78177,-1.07824,23.8252,9.35386,0.380873,19.0178,7.54888,1.88787,60.4715,3.48714,-3.18808,63.198
3.81495,-0.889965,24.9517,9.13042,0.360459,19.9558,7.0993,2.061,61.3203,2.53723,-3.48167,63.9758
3.76959,-0.805057,26.1608,8.79789,0.267365,20.9304,5.91742,2.41679,62.1912,1.38933,-3.66964,64.6874
3.63191,-0.572985,27.4251,7.97167,0.252939,21.8825,4.84535,2.62403,63.2908,0.510615,-3.89409,65.5104
3.41669,-0.337674,28.7234,7.21822,0.184207,22.9151,3.9746,2.79189,63.9745,-0.222423,-4.0873,65.9767
3.20405,-0.108249,30.0499,6.22885,0.141907,24.0357,2.73208,2.98894,64.867,-1.26372,-4.31161,66.5688
2.91793,0.0541328,31.211,5.42969,-0.0443254,25.2433,1.96879,3.19105,65.5406,-1.96053,-4.44698,66.9736
2.74692,0.135084,31.7577,4.92464,-0.114828,25.7845,1.47738,3.2972,65.9583,-2.39511,-4.52361,67.1745
2.53211,0.236469,32.187,4.45803,-0.139039,26.1112,0.944906,3.42569,66.4764,-2.83461,-4.60509,67.4059
2.26643,0.361461,32.4461,3.92356,-0.114135,26.2439,0.284874,3.5496,67.0433,-3.36572,-4.65953,67.617
2.08872,0.430029,32.6761,3.6126,-0.113118,26.3608,0.00487344,3.59689,67.2434,-3.57939,-4.68167,67.5788
1.88216,0.495703,32.7929,3.28616,-0.0848873,26.3421,-0.337362,3.6365,67.3927,-3.8453,-4.67648,67.4688
1.64233,0.566518,32.7269,2.91656,-0.0242197,26.1248,-0.738903,3.66921,67.5189,-4.16946,-4.62497,67.2932
1.47618,0.597613,32.6296,2.69191,0.0330135,25.9018,-0.932405,3.65689,67.5147,-4.30994,-4.59649,67.0969
1.27403,0.632869,32.3769,2.43437,0.0991226,25.5516,-1.173,3.64009,67.4852,-4.49522,-4.54168,66.8634
1.11284,0.639404,32.1737,2.2404,0.146064,25.2755,-1.32585,3.61361,67.4094,-4.61194,-4.48094,66.6015
0.926962,0.6522,31.866,2.02838,0.207222,24.8635,-1.50454,3.60171,67.3492,-4.75957,-4.39694,66.3159
0.744871,0.672415,31.5936,1.82308,0.271614,24.4731,-1.6721,3.56159,67.209,-4.89038,-4.28856,65.9466
0.655853,0.682768,31.4797,1.6887,0.270754,24.3617,-1.69409,3.51234,67.0822,-4.88612,-4.2512,65.6945
0.516647,0.696107,31.2479,1.58043,0.573451,23.5865,-1.76548,3.49557,66.9256,-4.94689,-4.10466,65.2898
-2.13458,5.76542,23.1132,2.16152,-4.94606,16.4689,10.2067,0.420659,50.9122,4.10637,-5.05161,59.7185
-8.48392,13.3595,44.1773,-6.16953,-11.5338,37.6206,9.86633,2.94461,57.7522,4.41098,-4.96523,58.2969
-5.97513,10.1634,34.737,-3.15147,-8.69994,28.8098,9.90848,1.89978,54.7381,4.13535,-4.93863,58.7116
-5.92445,10.0691,33.7844,-2.78327,-8.39457,27.3958,9.84043,1.83038,54.4804,4.02737,-4.84643,58.5542
-6.15157,10.2087,33.7735,-2.98239,-8.3927,27.3128,9.7624,1.8757,54.5178,3.93554,-4.76341,58.3647
-6.32595,10.2857,33.6775,-3.14629,-8.35669,27.2042,9.69863,1.91023,54.5433,3.86014,-4.69652,58.2206
-6.47401,10.3447,33.559,-3.27495,-8.31696,27.0642,9.64812,1.94391,54.5861,3.79819,-4.6455,58.132
-6.59847,10.3993,33.4663,-3.38335,-8.28498,26.9571,9.60522,1.97231,54.6232,3.7502,-4.60406,58.0556
-6.71049,10.4494,33.3829,-3.48063,-8.25904,26.8631,9.57241,1.99859,54.6618,3.71236,-4.56651,57.9906
-6.81106,10.4972,33.3062,-3.5702,-8.23693,26.7783,9.54357,2.02119,54.6989,3.68015,-4.53123,57.9313
-6.80073,10.5069,33.3497,-3.65795,-8.19159,26.8472,9.36706,1.92528,54.3738,3.51544,-4.40395,57.5091
-6.19253,10.3101,34.0498,-3.76057,-7.99701,27.755,8.33178,1.20348,52.1137,2.5736,-3.77247,55.1139
-5.09998,9.86142,35.4187,-3.73254,-7.64501,29.456,6.57446,-0.00703627,48.2465,0.939595,-2.69594,51.0912
-5.23126,9.68797,37.5627,-4.13697,-7.69237,31.5756,5.19992,-0.99904,44.5882,-0.518965,-1.59049,47.3687
-7.53645,11.0379,43.2785,-7.33623,-9.22423,36.6514,3.11457,-2.07405,39.6713,-2.70208,-0.395132,42.4983
-10.7388,13.4296,52.2493,-11.9903,-11.9855,44.7138,0.012108,-3.64246,32.2205,-5.93621,1.32091,35.1924
-14.1647,16.4789,65.4674,-17.5249,-15.8331,56.7852,-5.60365,-4.93154,23.1618,-11.4948,2.70956,26.9509
-11.8418,14.4222,62.5832,-14.6998,-13.9256,54.5006,-4.61616,-5.11241,23.6776,-10.3503,2.78255,27.1525
-8.38751,10.8371,55.1802,-9.96082,-10.3479,48.0704,-2.49525,-4.17745,28.8323,-8.00995,1.64779,32.4576
-4.84733,7.86112,47.895,-5.18148,-7.29531,41.6519,0.0126094,-3.18672,34.1576,-5.16879,0.521751,37.7575
-1.70462,5.52341,41.3655,-0.936513,-4.82454,35.8517,2.23083,-2.55731,38.3535,-2.61313,-0.253723,41.8109
-0.103833,3.56313,35.9718,2.82764,-3.06997,30.7623,4.54991,-1.87352,42.031,-0.310826,-0.744442,45.5936
0.882219,1.94576,31.683,5.83763,-1.92219,26.6617,6.57869,-1.19489,45.3248,1.5169,-1.08046,49.0406
1.63741,0.594696,28.0333,7.562,-1.23216,23.3473,7.33953,-0.374769,48.8021,3.25302,-1.17623,52.2886
2.16815,-0.364697,25.0809,8.27853,-0.677881,20.7599,7.75629,0.332641,52.1928,4.84312,-1.39659,55.3372
2.69812,-0.834881,23.4918,8.79367,-0.329863,19.2872,8.04588,0.781737,54.4157,5.41432,-1.66959,57.3387
3.08008,-1.1352,22.631,9.10076,-0.073479,18.4235,8.12437,1.18434,56.4504,5.57231,-1.98807,59.2279
3.44706,-1.28784,22.544,9.35017,0.210365,18.1696,7.97617,1.52177,58.5151,5.05232,-2.4526,61.2485
3.59113,-1.22231,22.9022,9.38113,0.255516,18.3293,7.85207,1.73333,59.3717,4.57492,-2.74704,62.0653
3.78177,-1.07824,23.8252,9.35386,0.380873,19.0178,7.54888,1.88787,60.4715,3.48714,-3.18808,63.198
3.81495,-0.889965,24.9517,9.13042,0.360459,19.9558,7.0993,2.061,61.3203,2.53723,-3.48167,63.9758
3.76959,-0.805057,26.1608,8.79789,0.267365,20.9304,5.91742,2.41679,62.1912,1.38933,-3.66964,64.6874
3.63191,-0.572985,27.4251,7.97167,0.252939,21.8825,4.84535,2.62403,63.2908,0.510615,-3.89409,65.5104
3.41669,-0.337674,28.7234,7.21822,0.184207,22.9151,3.9746,2.79189,63.9745,-0.222423,-4.0873,65.9767
3.20405,-0.108249,30.0499,6.22885,0.141907,24.0357,2.73208,2.98894,64.867,-1.26372,-4.31161,66.5688
2.91793,0.0541328,31.211,5.42969,-0.0443254,25.2433,1.96879,3.19105,65.5406,-1.96053,-4.44698,66.9736
2.74692,0.135084,31.7577,4.92464,-0.114828,25.7845,1.47738,3.2972,65.9583,-2.39511,-4.52361,67.1745
2.53211,0.236469,32.187,4.45803,-0.139039,26.1112,0.944906,3.42569,66.4764,-2.83461,-4.60509,67.4059
2.26643,0.361461,32.4461,3.92356,-0.114135,26.2439,0.284874,3.5496,67.0433,-3.36572,-4.65953,67.617
2.08872,0.430029,32.6761,3.6126,-0.113118,26.3608,0.00487343,3.59689,67.2434,-3.57939,-4.68167,67.5788
1.88216,0.495703,32.7929,3.28616,-0.0848873,26.3421,-0.337362,3.6365,67.3927,-3.8453,-4.67648,67.4688
1.64233,0.566518,32.7269,2.91656,-0.0242197,26.1248,-0.738903,3.66921,67.5189,-4.16946,-4.62497,67.2932
1.47618,0.597613,32.6296,2.69191,0.0330135,25.9018,-0.932405,3.65689,67.5147,-4.30994,-4.59649,67.0969
1.27403,0.632869,32.3769,2.43437,0.0991226,25.5516,-1.173,3.64009,67.4852,-4.49522,-4.54168,66.8634
1.11284,0.639404,32.1737,2.2404,0.146064,25.2755,-1.32585,3.61361,67.4094,-4.61194,-4.48094,66.6015
0.926962,0.6522,31.866,2.02838,0.207222,24.8635,-1.50454,3.60171,67.3492,-4.75957,-4.39694,66.3159
0.744871,0.672415,31.5936,1.82308,0.271614,24.4731,-1.6721,3.56159,67.209,-4.89038,-4.28856,65.9466
0.655853,0.682768,31.4797,1.6887,0.270754,24.3617,-1.69409,3.51234,67.0822,-4.88612,-4.2512,65.6945
0.516647,0.696107,31.2479,1.58043,0.573451,23.5865,-1.76548,3.49557,66.9256,-4.94689,-4.10466,65.2898
-2.13458,5.76542,23.1132,2.16152,-4.94606,16.4689,10.2067,0.420659,50.9122,4.10637,-5.05161,59.7185
-8.48392,13.3595,44.1773,-6.16953,-11.5338,37.6206,9.86633,2.94461,57.7522,4.41098,-4.96523,58.2969
-5.97513,10.1634,34.737,-3.15147,-8.69994,28.8098,9.90848,1.89978,54.7381,4.13535,-4.93863,58.7116
-5.92445,10.0691,33.7844,-2.78327,-8.39457,27.3958,9.84043,1.83038,54.4804,4.02737,-4.84643,58.5542
-6.15157,10.2087,33.7735,-2.98239,-8.3927,27.3128,9.7624,1.8757,54.5178,3.93554,-4.76341,58.3647
-6.32595,10.2857,33.6775,-3.14629,-8.35669,27.2042,9.69863,1.91023,54.5433,3.86014,-4.69652,58.2206
-6.47401,10.3447,33.559,-3.27495,-8.31696,27.0642,9.64812,1.94391,54.5861,3.79819,-4.6455,58.132
-6.59847,10.3993,33.4663,-3.38335,-8.28498,26.9571,9.60522,1.97231,54.6232,3.7502,-4.60406,58.0556
-6.71049,10.4494,33.3829,-3.48063,-8.25904,26.8631,9.57241,1.99859,54.6618,3.71236,-4.56651,57.9906
-6.81106,10.4972,33.3062,-3.5702,-8.23693,26.7783,9.54357,2.02119,54.6989,3.68015,-4.53123,57.9313
-6.80073,10.5069,33.3497,-3.65795,-8.19159,26.8472,9.36706,1.92528,54.3738,3.51544,-4.40395,57.5091
-6.19253,10.3101,34.0498,-3.76057,-7.99701,27.755,8.33178,1.20348,52.1137,2.5736,-3.77247,55.1139
-5.09998,9.86142,35.4187,-3.73254,-7.64501,29.456,6.57446,-0.00703627,48.2465,0.939595,-2.69594,51.0912
-5.23126,9.68797,37.5627,-4.13697,-7.69237,31.5756,5.19992,-0.99904,44.5882,-0.518965,-1.59049,47.3687
-7.53645,11.0379,43.2785,-7.33623,-9.22423,36.6514,3.11457,-2.07405,39.6713,-2.70208,-0.395132,42.4983
-10.7388,13.4296,52.2493,-11.9903,-11.9855,44.7138,0.0121079,-3.64246,32.2205,-5.93621,1.32091,35.1924
-14.1647,16.4789,65.4674,-17.5249,-15.8331,56.7852,-5.60365,-4.93154,23.1618,-11.4948,2.70956,26.9509
-11.8418,14.4222,62.5832,-14.6998,-13.9256,54.5006,-4.61616,-5.11241,23.6776,-10.3503,2.78255,27.1525
-8.38751,10.8371,55.1802,-9.96082,-10.3479,48.0704,-2.49525,-4.17745,28.8323,-8.00995,1.64779,32.4576
-4.84733,7.86112,47.895,-5.18148,-7.29531,41.6519,0.0126094,-3.18672,34.1576,-5.16879,0.521751,37.7575
-1.70462,5.52341,41.3655,-0.936513,-4.82454,35.8517,2.23083,-2.55731,38.3535,-2.61313,-0.253723,41.8109
-0.103833,3.56313,35.9718,2.82765,-3.06997,30.7623,4.54991,-1.87352,42.031,-0.310826,-0.744442,45.5936
0.882219,1.94576,31.683,5.83763,-1.92219,26.6617,6.57869,-1.19489,45.3248,1.5169,-1.08046,49.0406
1.63741,0.594696,28.0333,7.562,-1.23216,23.3473,7.33953,-0.374769,48.8021,3.25302,-1.17623,52.2886
2.16815,-0.364697,25.0809,8.27853,-0.677881,20.7599,7.75629,0.332641,52.1928,4.84312,-1.39659,55.3372
2.69812,-0.834881,23.4918,8.79367,-0.329863,19.2872,8.04588,0.781737,54.4157,5.41432,-1.66959,57.3387
3.08008,-1.1352,22.631,9.10076,-0.073479,18.4235,8.12437,1.18434,56.4504,5.57231,-1.98807,59.2279
3.44706,-1.28784,22.544,9.35017,0.210365,18.1696,7.97617,1.52177,58.5151,5.05232,-2.4526,61.2485
3.59113,-1.22231,22.9022,9.38113,0.255516,18.3293,7.85207,1.73333,59.3717,4.57492,-2.74704,62.0653
3.78177,-1.07824,23.8252,9.35386,0.380873,19.0178,7.54888,1.88787,60.4715,3.48714,-3.18808,63.198
3.81495,-0.889965,24.9517,9.13042,0.360459,19.9558,7.0993,2.061,61.3203,2.53723,-3.48167,63.9758
3.76959,-0.805057,26.1608,8.79789,0.267365,20.9304,5.91742,2.41679,62.1912,1.38933,-3.66964,64.6874
3.63191,-0.572985,27.4251,7.97167,0.252939,21.8825,4.84535,2.62403,63.2908,0.510615,-3.89409,65.5104
3.41669,-0.337674,28.7234,7.21822,0.184207,22.9151,3.9746,2.79189,63.9745,-0.222423,-4.0873,65.9767
3.20405,-0.108249,30.0499,6.22885,0.141907,24.0357,2.73208,2.98894,64.867,-1.26372,-4.31161,66.5688
2.91793,0.0541328,31.211,5.42969,-0.0443254,25.2433,1.96879,3.19105,65.5406,-1.96053,-4.44698,66.9736
2.74692,0.135084,31.7577,4.92464,-0.114828,25.7845,1.47738,3.2972,65.9583,-2.39511,-4.52361,67.1745
2.53211,0.236469,32.187,4.45803,-0.139039,26.1112,0.944906,3.42569,66.4764,-2.83461,-4.60509,67.4059
2.26643,0.361461,32.4461,3.92356,-0.114135,26.2439,0.284874,3.5496,67.0433,-3.36572,-4.65953,67.617
2.08872,0.430029,32.6761,3.6126,-0.113118,26.3608,0.00487343,3.59689,67.2434,-3.57939,-4.68167,67.5788
1.88216,0.495703,32.7929,3.28616,-0.0848873,26.3421,-0.337362,3.6365,67.3927,-3.8453,-4.67648,67.4688
1.64233,0.566518,32.7269,2.91656,-0.0242197,26.1248,-0.738903,3.66921,67.5189,-4.16946,-4.62497,67.2932
1.47618,0.597613,32.6296,2.69191,0.0330135,25.9018,-0.932405,3.65689,67.5147,-4.30994,-4.59649,67.0969
1.27403,0.632869,32.3769,2.43437,0.0991226,25.5516,-1.173,3.64009,67.4852,-4.49522,-4.54168,66.8634
1.11284,0.639404,32.1737,2.2404,0.146064,25.2755,-1.32585,3.61361,67.4094,-4.61194,-4.48094,66.6015
0.926962,0.6522,31.866,2.02838,0.207222,24.8635,-1.50454,3.60171,67.3492,-4.75957,-4.39694,66.3159
0.744871,0.672415,31.5936,1.82308,0.271614,24.4731,-1.6721,3.56159,67.209,-4.89038,-4.28856,65.9466
0.655853,0.682768,31.4797,1.6887,0.270754,24.3617,-1.69409,3.51234,67.0822,-4.88612,-4.2512,65.6945
0.516647,0.696107,31.2479,1.58043,0.573451,23.5865,-1.76548,3.49557,66.9256,-4.94689,-4.10466,65.2898
-2.13458,5.76542,23.1132,2.16152,-4.94606,16.4689,10.2067,0.420659,50.9122,4.10637,-5.05161,59.7185
-8.48392,13.3595,44.1773,-6.16953,-11.5338,37.6206,9.86633,2.94461,57.7522,4.41098,-4.96523,58.2969
-5.97513,10.1634,34.737,-3.15147,-8.69994,28.8098,9.90848,1.89978,54.7381,4.13535,-4.93863,58.7116
-5.92445,10.0691,33.7844,-2.78327,-8.39457,27.3958,9.84043,1.83038,54.4804,4.02737,-4.84643,58.5542
-6.15157,10.2087,33.7735,-2.98239,-8.3927,27.3128,9.7624,1.8757,54.5178,3.93554,-4.76341,58.3647
-6.32595,10.2857,33.6775,-3.14629,-8.35669,27.2042,9.69863,1.91023,54.5433,3.86014,-4.69652,58.2206
-6.47401,10.3447,33.559,-3.27495,-8.31696,27.0642,9.64812,1.94391,54.5861,3.79819,-4.6455,58.132
-6.59847,10.3993,33.4663,-3.38335,-8.28498,26.9571,9.60522,1.97231,54.6232,3.7502,-4.60406,58.0556
-6.71049,10.4494,33.3829,-3.48063,-8.25904,26.8631,9.57241,1.99859,54.6618,3.71236,-4.56651,57.9906
-6.81106,10.4972,33.3062,-3.5702,-8.23693,26.7783,9.54357,2.02119,54.6989,3.68015,-4.53123,57.9313
-6.80073,10.5069,33.3497,-3.65795,-8.19159,26.8472,9.36706,1.92528,54.3738,3.51544,-4.40395,57.5091
-6.19253,10.3101,34.0498,-3.76057,-7.99701,27.755,8.33178,1.20348,52.1137,2.5736,-3.77247,55.1139
-5.09998,9.86142,35.4187,-3.73254,-7.64501,29.456,6.57446,-0.00703627,48.2465,0.939595,-2.69594,51.0912
-5.23126,9.68797,37.5627,-4.13697,-7.69237,31.5756,5.19992,-0.99904,44.5882,-0.518965,-1.59049,47.3687
-7.53645,11.0379,43.2785,-7.33623,-9.22423,36.6514,3.11457,-2.07405,39.6713,-2.70208,-0.395132,42.4983
-10.7388,13.4296,52.2493,-11.9903,-11.9855,44.7138,0.0121079,-3.64246,32.2205,-5.93621,1.32091,35.1924
-14.1647,16.4789,65.4674,-17.5249,-15.8331,56.7852,-5.60365,-4.93154,23.1618,-11.4948,2.70956,26.9509
-11.8418,14.4222,62.5832,-14.6998,-13.9256,54.5006,-4.61616,-5.11241,23.6776,-10.3503,2.78255,27.1525
-8.38751,10.8371,55.1802,-9.96082,-10.3479,48.0704,-2.49525,-4.17745,28.8323,-8.00995,1.64779,32.4576
-4.84733,7.86112,47.895,-5.18148,-7.29531,41.6519,0.0126094,-3.18672,34.1576,-5.16879,0.521751,37.7575
-1.70462,5.52341,41.3655,-0.936513,-4.82454,35.8517,2.23083,-2.55731,38.3535,-2.61313,-0.253723,41.8109
-0.103833,3.56313,35.9718,2.82765,-3.06997,30.7623,4.54991,-1.87352,42.031,-0.310826,-0.744442,45.5936
0.882219,1.94576,31.683,5.83763,-1.92219,26.6617,6.57869,-1.19489,45.3248,1.5169,-1.08046,49.0406
1.63741,0.594696,28.0333,7.562,-1.23216,23.3473,7.33953,-0.374769,48.8021,3.25302,-1.17623,52.2886
2.16815,-0.364697,25.0809,8.27853,-0.677881,20.7599,7.75629,0.332641,52.1928,4.84312,-1.39659,55.3372
2.69812,-0.834881,23.4918,8.79367,-0.329863,19.2872,8.04588,0.781737,54.4157,5.41432,-1.66959,57.3387
3.08008,-1.1352,22.631,9.10076,-0.073479,18.4235,8.12437,1.18434,56.4504,5.57231,-1.98807,59.2279
3.44706,-1.28784,22.544,9.35017,0.210365,18.1696,7.97617,1.52177,58.5151,5.05232,-2.4526,61.2485
3.59113,-1.22231,22.9022,9.38113,0.255516,18.3293,7.85207,1.73333,59.3717,4.57492,-2.74704,62.0653
3.78177,-1.07824,23.8252,9.35386,0.380873,19.0178,7.54888,1.88787,60.4715,3.48714,-3.18808,63.198
3.81495,-0.889965,24.9517,9.13042,0.360459,19.9558,7.0993,2.061,61.3203,2.53723,-3.48167,63.9758
3.76959,-0.805057,26.1608,8.79789,0.267365,20.9304,5.91742,2.41679,62.1912,1.38933,-3.66964,64.6874
3.63191,-0.572985,27.4251,7.97167,0.252939,21.8825,4.84535,2.62403,63.2908,0.510615,-3.89409,65.5104
3.41669,-0.337674,28.7234,7.21822,0.184207,22.9151,3.9746,2.79189,63.9745,-0.222423,-4.0873,65.9767
3.20405,-0.108249,30.0499,6.22885,0.141907,24.0357,2.73208,2.98894,64.867,-1.26372,-4.31161,66.5688
2.91793,0.0541328,31.211,5.42969,-0.0443254,25.2433,1.96879,3.19105,65.5406,-1.96053,-4.44698,66.9736
2.74692,0.135084,31.7577,4.92464,-0.114828,25.7845,1.47738,3.2972,65.9583,-2.39511,-4.52361,67.1745
2.53211,0.236469,32.187,4.45803,-0.139039,26.1112,0.944906,3.42569,66.4764,-2.83461,-4.60509,67.4059
2.26643,0.361461,32.4461,3.92356,-0.114135,26.2439,0.284874,3.5496,67.0433,-3.36572,-4.65953,67.617
2.08872,0.430029,32.6761,3.6126,-0.113118,26.3608,0.00487343,3.59689,67.2434,-3.57939,-4.68167,67.5788
1.88216,0.495703,32.7929,3.28616,-0.0848873,26.3421,-0.337362,3.6365,67.3927,-3.8453,-4.67648,67.4688
1.64233,0.566518,32.7269,2.91656,-0.0242197,26.1248,-0.738903,3.66921,67.5189,-4.16946,-4.62497,67.2932
1.47618,0.597613,32.6296,2.69191,0.0330135,25.9018,-0.932405,3.65689,67.5147,-4.30994,-4.59649,67.0969
1.27403,0.632869,32.3769,2.43437,0.0991226,25.5516,-1.173,3.64009,67.4852,-4.49522,-4.54168,66.8634
1.11284,0.639404,32.1737,2.2404,0.146064,25.2755,-1.32585,3.61361,67.4094,-4.61194,-4.48094,66.6015
0.926962,0.6522,31.866,2.02838,0.207222,24.8635,-1.50454,3.60171,67.3492,-4.75957,-4.39694,66.3159
0.744871,0.672415,31.5936,1.82308,0.271614,24.4731,-1.6721,3.56159,67.209,-4.89038,-4.28856,65.9466
0.655853,0.682768,31.4797,1.6887,0.270754,24.3617,-1.69409,3.51234,67.0822,-4.88612,-4.2512,65.6945
0.516647,0.696107,31.2479,1.58043,0.573451,23.5865,-1.76548,3.49557,66.9256,-4.94689,-4.10466,65.2898
-2.13458,5.76542,23.1132,2.16152,-4.94606,16.4689,10.2067,0.420659,50.9122,4.10637,-5.05161,59.7185
-8.48392,13.3595,44.1773,-6.16953,-11.5338,37.6206,9.86633,2.94461,57.7522,4.41098,-4.96523,58.2969
-5.97513,10.1634,34.737,-3.15147,-8.69994,28.8098,9.90848,1.89978,54.7381,4.13535,-4.93863,58.7116
-5.92445,10.0691,33.7844,-2.78327,-8.39457,27.3958,9.84043,1.83038,54.4804,4.02737,-4.84643,58.5542
-6.15157,10.2087,33.7735,-2.98239,-8.3927,27.3128,9.7624,1.8757,54.5178,3.93554,-4.76341,58.3647
-6.32595,10.2857,33.6775,-3.14629,-8.35669,27.2042,9.69863,1.91023,54.5433,3.86014,-4.69652,58.2206
-6.47401,10.3447,33.559,-3.27495,-8.31696,27.0642,9.64812,1.94391,54.5861,3.79819,-4.6455,58.132
-6.59847,10.3993,33.4663,-3.38335,-8.28498,26.9571,9.60522,1.97231,54.6232,3.7502,-4.60406,58.0556
-6.71049,10.4494,33.3829,-3.48063,-8.25904,26.8631,9.57241,1.99859,54.6618,3.71236,-4.56651,57.9906
-6.81106,10.4972,33.3062,-3.5702,-8.23693,26.7783,9.54357,2.02119,54.6989,3.68015,-4.53123,57.9313
-6.80073,10.5069,33.3497,-3.65795,-8.19159,26.8472,9.36706,1.92528,54.3738,3.51544,-4.40395,57.5091
-6.19253,10.3101,34.0498,-3.76057,-7.99701,27.755,8.33178,1.20348,52.1137,2.5736,-3.77247,55.1139
-5.09998,9.86142,35.4187,-3.73254,-7.64501,29.456,6.57446,-0.00703627,48.2465,0.939595,-2.69594,51.0912
-5.23126,9.68797,37.5627,-4.13697,-7.69237,31.5756,5.19992,-0.99904,44.5882,-0.518965,-1.59049,47.3687
-7.53645,11.0379,43.2785,-7.33623,-9.22423,36.6514,3.11457,-2.07405,39.6713,-2.70208,-0.395132,42.4983
-10.7388,13.4296,52.2493,-11.9903,-11.9855,44.7138,0.0121079,-3.64246,32.2205,-5.93621,1.32091,35.1924
-14.1647,16.4789,65.4674,-17.5249,-15.8331,56.7852,-5.60365,-4.93154,23.1618,-11.4948,2.70956,26.9509
-11.8418,14.4222,62.5832,-14.6998,-13.9256,54.5006,-4.61616,-5.11241,23.6776,-10.3503,2.78255,27.1525
-8.38751,10.8371,55.1802,-9.96082,-10.3479,48.0704,-2.49525,-4.17745,28.8323,-8.00995,1.64779,32.4576
-4.84733,7.86112,47.895,-5.18148,-7.29531,41.6519,0.0126094,-3.18672,34.1576,-5.16879,0.521751,37.7575
-1.70462,5.52341,41.3655,-0.936515,-4.82454,35.8517,2.23083,-2.55731,38.3535,-2.61313,-0.253723,41.8109
-0.103833,3.56313,35.9718,2.82765,-3.06997,30.7623,4.54991,-1.87352,42.031,-0.310826,-0.744442,45.5936
0.882219,1.94576,31.683,5.83763,-1.92219,26.6617,6.57869,-1.19489,45.3248,1.5169,-1.08046,49.0406
1.63741,0.594696,28.0333,7.562,-1.23216,23.3473,7.33953,-0.374769,48.8021,3.25302,-1.17623,52.2886
2.16815,-0.364697,25.0809,8.27853,-0.677881,20.7599,7.75629,0.332641,52.1928,4.84312,-1.39659,55.3372
2.69812,-0.834881,23.4918,8.79367,-0.329863,19.2872,8.04588,0.781737,54.4157,5.41432,-1.66959,57.3387
3.08008,-1.1352,22.631,9.10076,-0.073479,18.4235,8.12437,1.18434,56.4504,5.57231,-1.98807,59.2279
3.44706,-1.28784,22.544,9.35017,0.210365,18.1696,7.97617,1.52177,58.5151,5.05232,-2.4526,61.2485
3.59113,-1.22231,22.9022,9.38113,0.255516,18.3293,7.85207,1.73333,59.3717,4.57492,-2.74704,62.0653
3.78177,-1.07824,23.8252,9.35386,0.380873,19.0178,7.54888,1.88787,60.4715,3.48714,-3.18808,63.198
3.81495,-0.889965,24.9517,9.13042,0.360459,19.9558,7.0993,2.061,61.3203,2.53723,-3.48167,63.9758
3.76959,-0.805057,26.1608,8.79789,0.267365,20.9304,5.91742,2.41679,62.1912,1.38933,-3.66964,64.6874
3.63191,-0.572985,27.4251,7.97167,0.252939,21.8825,4.84535,2.62403,63.2908,0.510615,-3.89409,65.5104
3.41669,-0.337674,28.7234,7.21822,0.184207,22.9151,3.9746,2.79189,63.9745,-0.222423,-4.0873,65.9767
3.20405,-0.108249,30.0499,6.22885,0.141907,24.0357,2.73208,2.98894,64.867,-1.26372,-4.31161,66.5688
2.91793,0.0541328,31.211,5.42969,-0.0443254,25.2433,1.96879,3.19105,65.5406,-1.96053,-4.44698,66.9736
2.74692,0.135084,31.7577,4.92464,-0.114828,25.7845,1.47738,3.2972,65.9583,-2.39511,-4.52361,67.1745
2.53211,0.236469,32.187,4.45803,-0.139039,26.1112,0.944906,3.42569,66.4764,-2.83461,-4.60509,67.4059
2.26643,0.361461,32.4461,3.92356,-0.114135,26.2439,0.284874,3.5496,67.0433,-3.36572,-4.65953,67.617
2.08872,0.430029,32.6761,3.6126,-0.113118,26.3608,0.00487343,3.59689,67.2434,-3.57939,-4.68167,67.5788
1.88216,0.495703,32.7929,3.28616,-0.0848873,26.3421,-0.337362,3.6365,67.3927,-3.8453,-4.67648,67.4688
1.64233,0.566518,32.7269,2.91656,-0.0242197,26.1248,-0.738903,3.66921,67.5189,-4.16946,-4.62497,67.2932
1.47618,0.597613,32.6296,2.69191,0.0330135,25.9018,-0.932405,3.65689,67.5147,-4.30994,-4.59649,67.0969
1.27403,0.632869,32.3769,2.43437,0.0991226,25.5516,-1.173,3.64009,67.4852,-4.49522,-4.54168,66.8634
1.11284,0.639404,32.1737,2.2404,0.146064,25.2755,-1.32585,3.61361,67.4094,-4.61194,-4.48094,66.6015
0.926962,0.6522,31.866,2.02838,0.207222,24.8635,-1.50454,3.60171,67.3492,-4.75957,-4.39694,66.3159
0.744871,0.672415,31.5936,1.82308,0.271614,24.4731,-1.6721,3.56159,67.209,-4.89038,-4.28856,65.9466
0.655853,0.682768,31.4797,1.6887,0.270754,24.3617,-1.69409,3.51234,67.0822,-4.88612,-4.2512,65.6945
0.516647,0.696107,31.2479,1.58043,0.573451,23.5865,-1.76548,3.49557,66.9256,-4.94689,-4.10466,65.2898
-2.13458,5.76542,23.1132,2.16152,-4.94606,16.4689,10.2067,0.420659,50.9122,4.10637,-5.05161,59.7185
-8.48392,13.3595,44.1773,-6.16953,-11.5338,37.6206,9.86633,2.94461,57.7522,4.41098,-4.96523,58.2969
-5.97513,10.1634,34.737,-3.15147,-8.69994,28.8098,9.90848,1.89978,54.7381,4.13535,-4.93863,58.7116
-5.92445,10.0691,33.7844,-2.78327,-8.39457,27.3958,9.84043,1.83038,54.4804,4.02737,-4.84643,58.5542
-6.15157,10.2087,33.7735,-2.98239,-8.3927,27.3128,9.7624,1.8757,54.5178,3.93554,-4.76341,58.3647
-6.32595,10.2857,33.6775,-3.14629,-8.35669,27.2042,9.69863,1.91023,54.5433,3.86014,-4.69652,58.2206
-6.47401,10.3447,33.559,-3.27495,-8.31696,27.0642,9.64812,1.94391,54.5861,3.79819,-4.6455,58.132
-6.59847,10.3993,33.4663,-3.38335,-8.28498,26.9571,9.60522,1.97231,54.6232,3.7502,-4.60406,58.0556
-6.71049,10.4494,33.3829,-3.48063,-8.25904,26.8631,9.57241,1.99859,54.6618,3.71236,-4.56651,57.9906
-6.81106,10.4972,33.3062,-3.5702,-8.23693,26.7783,9.54357,2.02119,54.6989,3.68015,-4.53123,57.9313
-6.80073,10.5069,33.3497,-3.65795,-8.19159,26.8472,9.36706,1.92528,54.3738,3.51544,-4.40395,57.5091
-6.19253,10.3101,34.0498,-3.76057,-7.99701,27.755,8.33178,1.20348,52.1137,2.5736,-3.77247,55.1139
-5.09998,9.86142,35.4187,-3.73254,-7.64501,29.456,6.57446,-0.00703627,48.2465,0.939595,-2.69594,51.0912
-5.23126,9.68797,37.5627,-4.13697,-7.69237,31.5756,5.19992,-0.99904,44.5882,-0.518965,-1.59049,47.3687
-7.53645,11.0379,43.2785,-7.33623,-9.22423,36.6514,3.11457,-2.07405,39.6713,-2.70208,-0.395132,42.4983
-10.7388,13.4296,52.2493,-11.9903,-11.9855,44.7138,0.0121079,-3.64246,32.2205,-5.93621,1.32091,35.1924
-14.1647,16.4789,65.4674,-17.5249,-15.8331,56.7852,-5.60365,-4.93154,23.1618,-11.4948,2.70956,26.9509
-11.8418,14.4222,62.5832,-14.6998,-13.9256,54.5006,-4.61616,-5.11241,23.6776,-10.3503,2.78255,27.1525
-8.38751,10.8371,55.1802,-9.96082,-10.3479,48.0704,-2.49525,-4.17745,28.8323,-8.00995,1.64779,32.4576
-4.84733,7.86112,47.895,-5.18148,-7.29531,41.6519,0.0126094,-3.18672,34.1576,-5.16879,0.521751,37.7575
-1.70462,5.52341,41.3655,-0.936513,-4.82454,35.8517,2.23083,-2.55731,38.3535,-2.61313,-0.253723,41.8109
-0.103833,3.56313,35.9718,2.82765,-3.06997,30.7623,4.54991,-1.87352,42.031,-0.310826,-0.744442,45.5936
0.882219,1.94576,31.683,5.83763,-1.92219,26.6617,6.57869,-1.19489,45.3248,1.5169,-1.08046,49.0406
1.63741,0.594696,28.0333,7.562,-1.23216,23.3473,7.33953,-0.374769,48.8021,3.25302,-1.17623,52.2886
2.16815,-0.364697,25.0809,8.27853,-0.677881,20.7599,7.75629,0.332641,52.1928,4.84312,-1.39659,55.3372
2.69812,-0.834881,23.4918,8.79367,-0.329863,19.2872,8.04588,0.781737,54.4157,5.41432,-1.66959,57.3387
3.08008,-1.1352,22.631,9.10076,-0.073479,18.4235,8.12437,1.18434,56.4504,5.57231,-1.98807,59.2279
3.44706,-1.28784,22.544,9.35017,0.210365,18.1696,7.97617,1.52177,58.5151,5.05232,-2.4526,61.2485
3.59113,-1.22231,22.9022,9.38113,0.255516,18.3293,7.85207,1.73333,59.3717,4.57492,-2.74704,62.0653
3.78177,-1.07824,23.8252,9.35386,0.380873,19.0178,7.54888,1.88787,60.4715,3.48714,-3.18808,63.198
3.81495,-0.889965,24.9517,9.13042,0.360459,19.9558,7.0993,2.061,61.3203,2.53723,-3.48167,63.9758
3.76959,-0.805057,26.1608,8.79789,0.267365,20.9304,5.91742,2.41679,62.1912,1.38933,-3.66964,64.6874
3.63191,-0.572985,27.4251,7.97167,0.252939,21.8825,4.84535,2.62403,63.2908,0.510615,-3.89409,65.5104
3.41669,-0.337674,28.7234,7.21822,0.184207,22.9151,3.9746,2.79189,63.9745,-0.222423,-4.0873,65.9767
3.20405,-0.108249,30.0499,6.22885,0.141907,24.0357,2.73208,2.98894,64.867,-1.26372,-4.31161,66.5688
2.91793,0.0541328,31.211,5.42969,-0.0443254,25.2433,1.96879,3.19105,65.5406,-1.96053,-4.44698,66.9736
2.74692,0.135084,31.7577,4.92464,-0.114828,25.7845,1.47738,3.2972,65.9583,-2.39511,-4.52361,67.1745
2.53211,0.236469,32.187,4.45803,-0.139039,26.1112,0.944906,3.42569,66.4764,-2.83461,-4.60509,67.4059
2.26643,0.361461,32.4461,3.92356,-0.114135,26.2439,0.284874,3.5496,67.0433,-3.36572,-4.65953,67.617
2.08872,0.430029,32.6761,3.6126,-0.113118,26.3608,0.00487343,3.59689,67.2434,-3.57939,-4.68167,67.5788
1.88216,0.495703,32.7929,3.28616,-0.0848873,26.3421,-0.337362,3.6365,67.3927,-3.8453,-4.67648,67.4688
1.64233,0.566518,32.7269,2.91656,-0.0242197,26.1248,-0.738903,3.66921,67.5189,-4.16946,-4.62497,67.2932
1.47618,0.597613,32.6296,2.69191,0.0330135,25.9018,-0.932405,3.65689,67.5147,-4.30994,-4.59649,67.0969
1.27403,0.632869,32.3769,2.43437,0.0991226,25.5516,-1.173,3.64009,67.4852,-4.49522,-4.54168,66.8634
1.11284,0.639404,32.1737,2.2404,0.146064,25.2755,-1.32585,3.61361,67.4094,-4.61194,-4.48094,66.6015
0.926962,0.6522,31.866,2.02838,0.207222,24.8635,-1.50454,3.60171,67.3492,-4.75957,-4.39694,66.3159
0.744871,0.672415,31.5936,1.82308,0.271614,24.4731,-1.6721,3.56159,67.209,-4.89038,-4.28856,65.9466
0.655853,0.682768,31.4797,1.6887,0.270754,24.3617,-1.69409,3.51234,67.0822,-4.88612,-4.2512,65.6945
0.516647,0.696107,31.2479,1.58043,0.573451,23.5865,-1.76548,3.49557,66.9256,-4.94689,-4.10466,65.2898
-2.13458,5.76542,23.1132,2.16152,-4.94606,16.4689,10.2067,0.420659,50.9122,4.10637,-5.05161,59.7185
-8.48392,13.3595,44.1773,-6.16953,-11.5338,37.6206,9.86633,2.94461,57.7522,4.41098,-4.96523,58.2969
-5.97513,10.1634,34.737,-3.15147,-8.69994,28.8098,9.90848,1.89978,54.7381,4.13535,-4.93863,58.7116
-5.92445,10.0691,33.7844,-2.78327,-8.39457,27.3958,9.84043,1.83038,54.4804,4.02737,-4.84643,58.5542
-6.15157,10.2087,33.7735,-2.98239,-8.3927,27.3128,9.7624,1.8757,54.5178,3.93554,-4.76341,58.3647
-6.32595,10.2857,33.6775,-3.14629,-8.35669,27.2042,9.69863,1.91023,54.5433,3.86014,-4.69652,58.2206
-6.47401,10.3447,33.559,-3.27495,-8.31696,27.0642,9.64812,1.94391,54.5861,3.79819,-4.6455,58.132
-6.59847,10.3993,33.4663,-3.38335,-8.28498,26.9571,9.60522,1.97231,54.6232,3.7502,-4.60406,58.0556
-6.71049,10.4494,33.3829,-3.48063,-8.25904,26.8631,9.57241,1.99859,54.6618,3.71236,-4.56651,57.9906
-6.81106,10.4972,33.3062,-3.5702,-8.23693,26.7783,9.54357,2.02119,54.6989,3.68015,-4.53123,57.9313
-6.80073,10.5069,33.3497,-3.65795,-8.19159,26.8472,9.36706,1.92528,54.3738,3.51544,-4.40395,57.5091
-6.19253,10.3101,34.0498,-3.76057,-7.99701,27.755,8.33178,1.20348,52.1137,2.5736,-3.77247,55.1139
-5.09998,9.86142,35.4187,-3.73254,-7.64501,29.456,6.57446,-0.00703627,48.2465,0.939595,-2.69594,51.0912
-5.23126,9.68797,37.5627,-4.13697,-7.69237,31.5756,5.19992,-0.99904,44.5882,-0.518965,-1.59049,47.3687
-7.53645,11.0379,43.2785,-7.33623,-9.22423,36.6514,3.11457,-2.07405,39.6713,-2.70208,-0.395132,42.4983
-10.7388,13.4296,52.2493,-11.9903,-11.9855,44.7138,0.0121079,-3.64246,32.2205,-5.93621,1.32091,35.1924
-14.1647,16.4789,65.4674,-17.5249,-15.8331,56.7852,-5.60365,-4.93154,23.1618,-11.4948,2.70956,26.9509
-11.8418,14.4222,62.5832,-14.6998,-13.9256,54.5006,-4.61616,-5.11241,23.6776,-10.3503,2.78255,27.1525
-8.38751,10.8371,55.1802,-9.96082,-10.3479,48.0704,-2.49525,-4.17745,28.8323,-8.00995,1.64779,32.4576
-4.84733,7.86112,47.895,-5.18148,-7.29531,41.6519,0.0126094,-3.18672,34.1576,-5.16879,0.521751,37.7575
-1.70462,5.52341,41.3655,-0.936513,-4.82454,35.8517,2.23083,-2.55731,38.3535,-2.61313,-0.253723,41.8109
-0.103833,3.56313,35.9718,2.82765,-3.06997,30.7623,4.54991,-1.87352,42.031,-0.310826,-0.744442,45.5936
0.882219,1.94576,31.683,5.83763,-1.92219,26.6617,6.57869,-1.19489,45.3248,1.5169,-1.08046,49.0406
1.63741,0.594696,28.0333,7.562,-1.23216,23.3473,7.33953,-0.374769,48.8021,3.25302,-1.17623,52.2886
2.16815,-0.364697,25.0809,8.27853,-0.677881,20.7599,7.75629,0.332641,52.1928,4.84312,-1.39659,55.3372
2.69812,-0.834881,23.4918,8.79367,-0.329863,19.2872,8.04588,0.781737,54.4157,5.41432,-1.66959,57.3387
3.08008,-1.1352,22.631,9.10076,-0.073479,18.4235,8.12437,1.18434,56.4504,5.57231,-1.98807,59.2279
3.44706,-1.28784,22.544,9.35017,0.210365,18.1696,7.97617,1.52177,58.5151,5.05232,-2.4526,61.2485
3.59113,-1.22231,22.9022,9.38113,0.255516,18.3293,7.85207,1.73333,59.3717,4.57492,-2.74704,62.0653
3.78177,-1.07824,23.8252,9.35386,0.380873,19.0178,7.54888,1.88787,60.4715,3.48714,-3.18808,63.198
3.81495,-0.889965,24.9517,9.13042,0.360459,19.9558,7.0993,2.061,61.3203,2.53723,-3.48167,63.9758
3.76959,-0.805057,26.1608,8.79789,0.267365,20.9304,5.91742,2.41679,62.1912,1.38933,-3.66964,64.6874
3.63191,-0.572985,27.4251,7.97167,0.252939,21.8825,4.84535,2.62403,63.2908,0.510615,-3.89409,65.5104
3.41669,-0.337674,28.7234,7.21822,0.184207,22.9151,3.9746,2.79189,63.9745,-0.222423,-4.0873,65.9767
3.20405,-0.108249,30.0499,6.22885,0.141907,24.0357,2.73208,2.98894,64.867,-1.26372,-4.31161,66.5688
2.91793,0.0541328,31.211,5.42969,-0.0443254,25.2433,1.96879,3.19105,65.5406,-1.96053,-4.44698,66.9736
2.74692,0.135084,31.7577,4.92464,-0.114828,25.7845,1.47738,3.2972,65.9583,-2.39511,-4.52361,67.1745
2.53211,0.236469,32.187,4.45803,-0.139039,26.1112,0.944906,3.42569,66.4764,-2.83461,-4.60509,67.4059
2.26643,0.361461,32.4461,3.92356,-0.114135,26.2439,0.284874,3.5496,67.0433,-3.36572,-4.65953,67.617
2.08872,0.430029,32.6761,3.6126,-0.113118,26.3608,0.00487343,3.59689,67.2434,-3.57939,-4.68167,67.5788
1.88216,0.495703,32.7929,3.28616,-0.0848873,26.3421,-0.337362,3.6365,67.3927,-3.8453,-4.67648,67.4688
1.64233,0.566518,32.7269,2.91656,-0.0242197,26.1248,-0.738903,3.66921,67.5189,-4.16946,-4.62497,67.2932
1.47618,0.597613,32.6296,2.69191,0.0330135,25.9018,-0.932405,3.65689,67.5147,-4.30994,-4.59649,67.0969
1.27403,0.632869,32.3769,2.43437,0.0991226,25.5516,-1.173,3.64009,67.4852,-4.49522,-4.54168,66.8634
1.11284,0.639404,32.1737,2.2404,0.146064,25.2755,-1.32585,3.61361,67.4094,-4.61194,-4.48094,66.6015
0.926962,0.6522,31.866,2.02838,0.207222,24.8635,-1.50454,3.60171,67.3492,-4.75957,-4.39694,66.3159
0.744871,0.672415,31.5936,1.82308,0.271614,24.4731,-1.6721,3.56159,67.209,-4.89038,-4.28856,65.9466
0.655853,0.682768,31.4797,1.6887,0.270754,24.3617,-1.69409,3.51234,67.0822,-4.88612,-4.2512,65.6945
0.516647,0.696107,31.2479,1.58043,0.573451,23.5865,-1.76548,3.49557,66.9256,-4.94689,-4.10466,65.2898
-2.13458,5.76542,23.1132,2.16152,-4.94606,16.4689,10.2067,0.420659,50.9122,4.10637,-5.05161,59.7185
-8.48392,13.3595,44.1773,-6.16953,-11.5338,37.6206,9.86633,2.94461,57.7522,4.41098,-4.96523,58.2969
-5.97513,10.1634,34.737,-3.15147,-8.69994,28.8098,9.90848,1.89978,54.7381,4.13535,-4.93863,58.7116
-5.92445,10.0691,33.7844,-2.78327,-8.39457,27.3958,9.84043,1.83038,54.4804,4.02737,-4.84643,58.5542
-6.15157,10.2087,33.7735,-2.98239,-8.3927,27.3128,9.7624,1.8757,54.5178,3.93554,-4.76341,58.3647
-6.32595,10.2857,33.6775,-3.14629,-8.35669,27.2042,9.69863,1.91023,54.5433,3.86014,-4.69652,58.2206
-6.47401,10.3447,33.559,-3.27495,-8.31696,27.0642,9.64812,1.94391,54.5861,3.79819,-4.6455,58.132
-6.59847,10.3993,33.4663,-3.38335,-8.28498,26.9571,9.60522,1.97231,54.6232,3.7502,-4.60406,58.0556
-6.71049,10.4494,33.3829,-3.48063,-8.25904,26.8631,9.57241,1.99859,54.6618,3.71236,-4.56651,57.9906
-6.81106,10.4972,33.3062,-3.5702,-8.23693,26.7783,9.54357,2.02119,54.6989,3.68015,-4.53123,57.9313
-6.80073,10.5069,33.3497,-3.65795,-8.19159,26.8472,9.36706,1.92528,54.3738,3.51544,-4.40395,57.5091
-6.19253,10.3101,34.0498,-3.76057,-7.99701,27.755,8.33178,1.20348,52.1137,2.5736,-3.77247,55.1139
-5.09998,9.86142,35.4187,-3.73254,-7.64501,29.456,6.57446,-0.00703627,48.2465,0.939595,-2.69594,51.0912
-5.23126,9.68797,37.5627,-4.13697,-7.69237,31.5756,5.19992,-0.99904,44.5882,-0.518965,-1.59049,47.3687
-7.53645,11.0379,43.2785,-7.33623,-9.22423,36.6514,3.11457,-2.07405,39.6713,-2.70208,-0.395132,42.4983
-10.7388,13.4296,52.2493,-11.9903,-11.9855,44.7138,0.0121079,-3.64246,32.2205,-5.93621,1.32091,35.1924
-14.1647,16.4789,65.4674,-17.5249,-15.8331,56.7852,-5.60365,-4.93154,23.1618,-11.4948,2.70956,26.9509
-11.8418,14.4222,62.5832,-14.6998,-13.9256,54.5006,-4.61616,-5.11241,23.6776,-10.3503,2.78255,27.1525
-8.38751,10.8371,55.1802,-9.96082,-10.3479,48.0704,-2.49525,-4.17745,28.8323,-8.00995,1.64779,32.4576
-4.84733,7.86112,47.895,-5.18148,-7.29531,41.6519,0.0126094,-3.18672,34.1576,-5.16879,0.521751,37.7575
-1.70462,5.52341,41.3655,-0.936513,-4.82454,35.8517,2.23083,-2.55731,38.3535,-2.61313,-0.253723,41.8109
-0.103833,3.56313,35.9718,2.82765,-3.06997,30.7623,4.54991,-1.87352,42.031,-0.310826,-0.744442,45.5936
0.882219,1.94576,31.683,5.83763,-1.92219,26.6617,6.57869,-1.19489,45.3248,1.5169,-1.08046,49.0406
1.63741,0.594696,28.0333,7.562,-1.23216,23.3473,7.33953,-0.374769,48.8021,3.25302,-1.17623,52.2886
2.16815,-0.364697,25.0809,8.27853,-0.677881,20.7599,7.75629,0.332641,52.1928,4.84312,-1.39659,55.3372
2.69812,-0.834881,23.4918,8.79367,-0.329863,19.2872,8.04588,0.781737,54.4157,5.41432,-1.66959,57.3387
3.08008,-1.1352,22.631,9.10076,-0.073479,18.4235,8.12437,1.18434,56.4504,5.57231,-1.98807,59.2279
3.44706,-1.28784,22.544,9.35017,0.210365,18.1696,7.97617,1.52177,58.5151,5.05232,-2.4526,61.2485
3.59113,-1.22231,22.9022,9.38113,0.255516,18.3293,7.85207,1.73333,59.3717,4.57492,-2.74704,62.0653
3.78177,-1.07824,23.8252,9.35386,0.380873,19.0178,7.54888,1.88787,60.4715,3.48714,-3.18808,63.198
3.81495,-0.889965,24.9517,9.13042,0.360459,19.9558,7.0993,2.061,61.3203,2.53723,-3.48167,63.9758
3.76959,-0.805057,26.1608,8.79789,0.267365,20.9304,5.91742,2.41679,62.1912,1.38933,-3.66964,64.6874
3.63191,-0.572985,27.4251,7.97167,0.252939,21.8825,4.84535,2.62403,63.2908,0.510615,-3.89409,65.5104
3.41669,-0.337674,28.7234,7.21822,0.184207,22.9151,3.9746,2.79189,63.9745,-0.222423,-4.0873,65.9767
3.20405,-0.108249,30.0499,6.22885,0.141907,24.0357,2.73208,2.98894,64.867,-1.26372,-4.31161,66.5688
2.91793,0.0541328,31.211,5.42969,-0.0443254,25.2433,1.96879,3.19105,65.5406,-1.96053,-4.44698,66.9736
2.74692,0.135084,31.7577,4.92464,-0.114828,25.7845,1.47738,3.2972,65.9583,-2.39511,-4.52361,67.1745
2.53211,0.236469,32.187,4.45803,-0.139039,26.1112,0.944906,3.42569,66.4764,-2.83461,-4.60509,67.4059
2.26643,0.361461,32.4461,3.92356,-0.114135,26.2439,0.284874,3.5496,67.0433,-3.36572,-4.65953,67.617
2.08872,0.430029,32.6761,3.6126,-0.113118,26.3608,0.00487343,3.59689,67.2434,-3.57939,-4.68167,67.5788
1.88216,0.495703,32.7929,3.28616,-0.0848873,26.3421,-0.337362,3.6365,67.3927,-3.8453,-4.67648,67.4688
1.64233,0.566518,32.7269,2.91656,-0.0242197,26.1248,-0.738903,3.66921,67.5189,-4.16946,-4.62497,67.2932
1.47618,0.597613,32.6296,2.69191,0.0330135,25.9018,-0.932405,3.65689,67.5147,-4.30994,-4.59649,67.0969
1.27403,0.632869,32.3769,2.43437,0.0991226,25.5516,-1.173,3.64009,67.4852,-4.49522,-4.54168,66.8634
1.11284,0.639404,32.1737,2.2404,0.146064,25.2755,-1.32585,3.61361,67.4094,-4.61194,-4.48094,66.6015
0.926962,0.6522,31.866,2.02838,0.207222,24.8635,-1.50454,3.60171,67.3492,-4.75957,-4.39694,66.3159
0.744871,0.672415,31.5936,1.82308,0.271614,24.4731,-1.6721,3.56159,67.209,-4.89038,-4.28856,65.9466
0.655853,0.682768,31.4797,1.6887,0.270754,24.3617,-1.69409,3.51234,67.0822,-4.88612,-4.2512,65.6945
0.516647,0.696107,31.2479,1.58043,0.573451,23.5865,-1.76548,3.49557,66.9256,-4.94689,-4.10466,65.2898
-2.13458,5.76542,23.1132,2.16152,-4.94606,16.4689,10.2067,0.420659,50.9122,4.10637,-5.05161,59.7185
-8.48392,13.3595,44.1773,-6.16953,-11.5338,37.6206,9.86633,2.94461,57.7522,4.41098,-4.96523,58.2969
-5.97513,10.1634,34.737,-3.15147,-8.69994,28.8098,9.90848,1.89978,54.7381,4.13535,-4.93863,58.7116
-5.92445,10.0691,33.7844,-2.78327,-8.39457,27.3958,9.84043,1.83038,54.4804,4.02737,-4.84643,58.5542
-6.15157,10.2087,33.7735,-2.98239,-8.3927,27.3128,9.7624,1.8757,54.5178,3.93554,-4.76341,58.3647
-6.32595,10.2857,33.6775,-3.14629,-8.35669,27.2042,9.69863,1.91023,54.5433,3.86014,-4.69652,58.2206
-6.47401,10.3447,33.559,-3.27495,-8.31696,27.0642,9.64812,1.94391,54.5861,3.79819,-4.6455,58.132
-6.59847,10.3993,33.4663,-3.38335,-8.28498,26.9571,9.60522,1.97231,54.6232,3.7502,-4.60406,58.0556
-6.71049,10.4494,33.3829,-3.48063,-8.25904,26.8631,9.57241,1.99859,54.6618,3.71236,-4.56651,57.9906
-6.81106,10.4972,33.3062,-3.5702,-8.23693,26.7783,9.54357,2.02119,54.6989,3.68015,-4.53123,57.9313
-6.80073,10.5069,33.3497,-3.65795,-8.19159,26.8472,9.36706,1.92528,54.3738,3.51544,-4.40395,57.5091
-6.19253,10.3101,34.0498,-3.76057,-7.99701,27.755,8.33178,1.20348,52.1137,2.5736,-3.77247,55.1139
-5.09998,9.86142,35.4187,-3.73254,-7.64501,29.456,6.57446,-0.00703622,48.2465,0.939595,-2.69594,51.0912
-5.23126,9.68797,37.5627,-4.13697,-7.69237,31.5756,5.19992,-0.99904,44.5882,-0.518965,-1.59049,47.3687
-7.53645,11.0379,43.2785,-7.33623,-9.22423,36.6514,3.11457,-2.07405,39.6713,-2.70208,-0.395132,42.4983
-10.7388,13.4296,52.2493,-11.9903,-11.9855,44.7138,0.0121081,-3.64246,32.2205,-5.93621,1.32091,35.1924
-14.1647,16.4789,65.4674,-17.5249,-15.8331,56.7852,-5.60365,-4.93154,23.1618,-11.4948,2.70956,26.9509
-11.8418,14.4222,62.5832,-14.6998,-13.9256,54.5006,-4.61616,-5.11241,23.6776,-10.3503,2.78255,27.1525
-8.38751,10.8371,55.1802,-9.96082,-10.3479,48.0704,-2.49525,-4.17745,28.8323,-8.00995,1.64779,32.4576
-4.84733,7.86112,47.895,-5.18148,-7.29531,41.6519,0.0126095,-3.18672,34.1576,-5.16879,0.521751,37.7575
-1.70462,5.52341,41.3655,-0.936514,-4.82454,35.8517,2.23083,-2.55731,38.3535,-2.61313,-0.253723,41.8109
-0.103834,3.56313,35.9718,2.82764,-3.06997,30.7623,4.54991,-1.87352,42.031,-0.310826,-0.744442,45.5936
0.882219,1.94576,31.683,5.83763,-1.92219,26.6617,6.57869,-1.19489,45.3248,1.5169,-1.08046,49.0406
1.63741,0.594696,28.0333,7.56199,-1.23216,23.3473,7.33953,-0.374769,48.8021,3.25302,-1.17623,52.2886
2.16815,-0.364697,25.0809,8.27853,-0.677881,20.7599,7.75629,0.332641,52.1928,4.84312,-1.39659,55.3372
2.69812,-0.834881,23.4918,8.79367,-0.329863,19.2872,8.04588,0.781736,54.4157,5.41432,-1.66959,57.3387
3.08008,-1.1352,22.631,9.10076,-0.0734789,18.4235,8.12437,1.18434,56.4504,5.57231,-1.98807,59.2279
3.44706,-1.28784,22.544,9.35017,0.210365,18.1696,7.97617,1.52177,58.5151,5.05232,-2.4526,61.2485
3.59113,-1.22231,22.9022,9.38113,0.255516,18.3293,7.85207,1.73333,59.3717,4.57492,-2.74704,62.0653
3.78177,-1.07824,23.8252,9.35386,0.380873,19.0178,7.54888,1.88787,60.4715,3.48714,-3.18808,63.198
3.81495,-0.889965,24.9517,9.13042,0.360459,19.9558,7.0993,2.061,61.3203,2.53723,-3.48167,63.9758
3.76959,-0.805057,26.1608,8.79789,0.267365,20.9304,5.91742,2.41679,62.1912,1.38933,-3.66964,64.6874
3.63191,-0.572985,27.4251,7.97167,0.252939,21.8825,4.84535,2.62403,63.2908,0.510615,-3.89409,65.5104
3.41669,-0.337674,28.7234,7.21822,0.184207,22.9151,3.9746,2.79189,63.9745,-0.222423,-4.0873,65.9767
3.20405,-0.108249,30.0499,6.22885,0.141907,24.0357,2.73208,2.98894,64.867,-1.26372,-4.31161,66.5688
2.91793,0.0541328,31.211,5.42969,-0.0443254,25.2433,1.96879,3.19105,65.5406,-1.96053,-4.44698,66.9736
2.74692,0.135084,31.7577,4.92464,-0.114828,25.7845,1.47738,3.2972,65.9583,-2.39511,-4.52361,67.1745
2.53211,0.236469,32.187,4.45803,-0.139039,26.1112,0.944906,3.42569,66.4764,-2.83461,-4.60509,67.4059
2.26643,0.361461,32.4461,3.92356,-0.114135,26.2439,0.284874,3.5496,67.0433,-3.36572,-4.65953,67.617
2.08872,0.430029,32.6761,3.6126,-0.113118,26.3608,0.00487348,3.59689,67.2434,-3.57939,-4.68167,67.5788
1.88216,0.495703,32.7929,3.28616,-0.0848873,26.3421,-0.337362,3.6365,67.3927,-3.84531,-4.67648,67.4688
1.64233,0.566518,32.7269,2.91656,-0.0242197,26.1248,-0.7389,3.66921,67.5189,-4.16946,-4.62497,67.2932
1.47618,0.597613,32.6296,2.69191,0.0330135,25.9018,-0.932405,3.65689,67.5147,-4.30994,-4.59649,67.0969
1.27403,0.632869,32.3769,2.43437,0.0991226,25.5516,-1.173,3.64009,67.4852,-4.49522,-4.54168,66.8634
1.11284,0.639404,32.1737,2.2404,0.146064,25.2755,-1.32585,3.61361,67.4094,-4.61194,-4.48094,66.6015
0.926962,0.6522,31.866,2.02838,0.207222,24.8635,-1.50454,3.60171,67.3492,-4.75957,-4.39694,66.3159
0.744871,0.672415,31.5936,1.82308,0.271614,24.4731,-1.6721,3.56159,67.209,-4.89038,-4.28856,65.9466
0.655853,0.682768,31.4797,1.6887,0.270754,24.3617,-1.69409,3.51234,67.0822,-4.88612,-4.2512,65.6945
0.516647,0.696107,31.2479,1.58043,0.57345,23.5865,-1.76548,3.49557,66.9256,-4.94689,-4.10466,65.2898
-2.13458,5.76542,23.1132,2.16152,-4.94606,16.4689,10.2067,0.420659,50.9122,4.10637,-5.05161,59.7185
-8.48392,13.3595,44.1773,-6.16953,-11.5338,37.6206,9.86633,2.94461,57.7522,4.41098,-4.96523,58.2969
-5.97513,10.1634,34.737,-3.15147,-8.69994,28.8098,9.90848,1.89978,54.7381,4.13535,-4.93863,58.7116
-5.92445,10.0691,33.7844,-2.78327,-8.39457,27.3958,9.84043,1.83038,54.4804,4.02737,-4.84643,58.5542
-6.15157,10.2087,33.7735,-2.98239,-8.3927,27.3128,9.7624,1.8757,54.5178,3.93554,-4.76341,58.3647
-6.32595,10.2857,33.6775,-3.14629,-8.35669,27.2042,9.69863,1.91023,54.5433,3.86014,-4.69652,58.2206
-6.47401,10.3447,33.559,-3.27495,-8.31696,27.0642,9.64812,1.94391,54.5861,3.79819,-4.6455,58.132
-6.59847,10.3993,33.4663,-3.38335,-8.28498,26.9571,9.60522,1.97231,54.6232,3.7502,-4.60406,58.0556
-6.71049,10.4494,33.3829,-3.48063,-8.25904,26.8631,9.57241,1.99859,54.6618,3.71236,-4.56651,57.9906
-6.81106,10.4972,33.3062,-3.5702,-8.23693,26.7783,9.54357,2.02119,54.6989,3.68015,-4.53123,57.9313
-6.80073,10.5069,33.3497,-3.65795,-8.19159,26.8472,9.36706,1.92528,54.3738,3.51544,-4.40395,57.5091
-6.19253,10.3101,34.0498,-3.76057,-7.99701,27.755,8.33178,1.20348,52.1137,2.5736,-3.77247,55.1139
-5.09998,9.86142,35.4187,-3.73254,-7.64501,29.456,6.57446,-0.00703622,48.2465,0.939595,-2.69594,51.0912
-5.23126,9.68797,37.5627,-4.13697,-7.69237,31.5756,5.19992,-0.99904,44.5882,-0.518965,-1.59049,47.3687
-7.53645,11.0379,43.2785,-7.33623,-9.22423,36.6514,3.11457,-2.07405,39.6713,-2.70208,-0.395132,42.4983
-10.7388,13.4296,52.2493,-11.9903,-11.9855,44.7138,0.0121081,-3.64246,32.2205,-5.93621,1.32091,35.1924
-14.1647,16.4789,65.4674,-17.5249,-15.8331,56.7852,-5.60365,-4.93154,23.1618,-11.4948,2.70956,26.9509
-11.8418,14.4222,62.5832,-14.6998,-13.9256,54.5006,-4.61616,-5.11241,23.6776,-10.3503,2.78255,27.1525
-8.38751,10.8371,55.1802,-9.96082,-10.3479,48.0704,-2.49525,-4.17745,28.8323,-8.00995,1.64779,32.4576
-4.84733,7.86112,47.895,-5.18148,-7.29531,41.6519,0.0126095,-3.18672,34.1576,-5.16879,0.521751,37.7575
-1.70462,5.52341,41.3655,-0.936514,-4.82454,35.8517,2.23083,-2.55731,38.3535,-2.61313,-0.253723,41.8109
-0.103834,3.56313,35.9718,2.82764,-3.06997,30.7623,4.54991,-1.87352,42.031,-0.310826,-0.744442,45.5936
0.882219,1.94576,31.683,5.83763,-1.92219,26.6617,6.57869,-1.19489,45.3248,1.5169,-1.08046,49.0406
1.63741,0.594696,28.0333,7.56199,-1.23216,23.3473,7.33953,-0.374769,48.8021,3.25302,-1.17623,52.2886
2.16815,-0.364697,25.0809,8.27853,-0.677881,20.7599,7.75629,0.332641,52.1928,4.84312,-1.39659,55.3372
2.69812,-0.834881,23.4918,8.79367,-0.329863,19.2872,8.04588,0.781736,54.4157,5.41432,-1.66959,57.3387
3.08008,-1.1352,22.631,9.10076,-0.0734789,18.4235,8.12437,1.18434,56.4504,5.57231,-1.98807,59.2279
3.44706,-1.28784,22.544,9.35017,0.210365,18.1696,7.97617,1.52177,58.5151,5.05232,-2.4526,61.2485
3.59113,-1.22231,22.9022,9.38113,0.255516,18.3293,7.85207,1.73333,59.3717,4.57492,-2.74704,62.0653
3.78177,-1.07824,23.8252,9.35386,0.380873,19.0178,7.54888,1.88787,60.4715,3.48714,-3.18808,63.198
3.81495,-0.889965,24.9517,9.13042,0.360459,19.9558,7.0993,2.061,61.3203,2.53723,-3.48167,63.9758
3.76959,-0.805057,26.1608,8.79789,0.267365,20.9304,5.91742,2.41679,62.1912,1.38933,-3.66964,64.6874
3.63191,-0.572985,27.4251,7.97167,0.252939,21.8825,4.84535,2.62403,63.2908,0.510615,-3.89409,65.5104
3.41669,-0.337674,28.7234,7.21822,0.184207,22.9151,3.9746,2.79189,63.9745,-0.222423,-4.0873,65.9767
3.20405,-0.108249,30.0499,6.22885,0.141907,24.0357,2.73208,2.98894,64.867,-1.26372,-4.31161,66.5688
2.91793,0.0541328,31.211,5.42969,-0.0443254,25.2433,1.96879,3.19105,65.5406,-1.96053,-4.44698,66.9736
2.74692,0.135084,31.7577,4.92464,-0.114828,25.7845,1.47738,3.2972,65.9583,-2.39511,-4.52361,67.1745
2.53211,0.236469,32.187,4.45803,-0.139039,26.1112,0.944906,3.42569,66.4764,-2.83461,-4.60509,67.4059
2.26643,0.361461,32.4461,3.92356,-0.114135,26.2439,0.284874,3.5496,67.0433,-3.36572,-4.65953,67.617
2.08872,0.430029,32.6761,3.6126,-0.113118,26.3608,0.00487348,3.59689,67.2434,-3.57939,-4.68167,67.5788
1.88216,0.495703,32.7929,3.28616,-0.0848873,26.3421,-0.337362,3.6365,67.3927,-3.84531,-4.67648,67.4688
1.64233,0.566518,32.7269,2.91656,-0.0242197,26.1248,-0.738903,3.66921,67.5189,-4.16946,-4.62497,67.2932
1.47618,0.597613,32.6296,2.69191,0.0330135,25.9018,-0.932405,3.65689,67.5147,-4.30994,-4.59649,67.0969
1.27403,0.632869,32.3769,2.43437,0.0991226,25.5516,-1.173,3.64009,67.4852,-4.49522,-4.54168,66.8634
1.11284,0.639404,32.1737,2.2404,0.146064,25.2755,-1.32585,3.61361,67.4094,-4.61194,-4.48094,66.6015
0.926962,0.6522,31.866,2.02838,0.207222,24.8635,-1.50454,3.60171,67.3492,-4.75957,-4.39694,66.3159
0.744871,0.672415,31.5936,1.82308,0.271614,24.4731,-1.6721,3.56159,67.209,-4.89038,-4.28856,65.9466
0.655853,0.682768,31.4797,1.6887,0.270754,24.3617,-1.69409,3.51234,67.0822,-4.88612,-4.2512,65.6945
0.516647,0.696107,31.2479,1.58043,0.57345,23.5865,-1.76548,3.49557,66.9256,-4.94689,-4.10466,65.2898
-2.13458,5.76542,23.1132,2.16152,-4.94606,16.4689,10.2067,0.420659,50.9122,4.10637,-5.05161,59.7185
-8.48392,13.3595,44.1773,-6.16953,-11.5338,37.6206,9.86633,2.94461,57.7522,4.41098,-4.96523,58.2969
-5.97513,10.1634,34.737,-3.15147,-8.69994,28.8098,9.90848,1.89978,54.7381,4.13535,-4.93863,58.7116
-5.92445,10.0691,33.7844,-2.78327,-8.39457,27.3958,9.84043,1.83038,54.4804,4.02737,-4.84643,58.5542
-6.15157,10.2087,33.7735,-2.98239,-8.3927,27.3128,9.7624,1.8757,54.5178,3.93554,-4.76341,58.3647
-6.32595,10.2857,33.6775,-3.14629,-8.35669,27.2042,9.69863,1.91023,54.5433,3.86014,-4.69652,58.2206
-6.47401,10.3447,33.559,-3.27495,-8.31696,27.0642,9.64812,1.94391,54.5861,3.79819,-4.6455,58.132
-6.59847,10.3993,33.4663,-3.38335,-8.28498,26.9571,9.60522,1.97231,54.6232,3.7502,-4.60406,58.0556
-6.71049,10.4494,33.3829,-3.48063,-8.25904,26.8631,9.57241,1.99859,54.6618,3.71236,-4.56651,57.9906
-6.81106,10.4972,33.3062,-3.5702,-8.23693,26.7783,9.54357,2.02119,54.6989,3.68015,-4.53123,57.9313
-6.80073,10.5069,33.3497,-3.65795,-8.19159,26.8472,9.36706,1.92528,54.3738,3.51544,-4.40395,57.5091
-6.19253,10.3101,34.0498,-3.76057,-7.99701,27.755,8.33178,1.20348,52.1137,2.5736,-3.77247,55.1139
-5.09998,9.86142,35.4187,-3.73254,-7.64501,29.456,6.57446,-0.00703622,48.2465,0.939595,-2.69594,51.0912
-5.23126,9.68797,37.5627,-4.13697,-7.69237,31.5756,5.19992,-0.99904,44.5882,-0.518965,-1.59049,47.3687
-7.53645,11.0379,43.2785,-7.33623,-9.22423,36.6514,3.11457,-2.07405,39.6713,-2.70208,-0.395132,42.4983
-10.7388,13.4296,52.2493,-11.9903,-11.9855,44.7138,0.0121081,-3.64246,32.2205,-5.93621,1.32091,35.1924
-14.1647,16.4789,65.4674,-17.5249,-15.8331,56.7852,-5.60365,-4.93154,23.1618,-11.4948,2.70956,26.9509
-11.8418,14.4222,62.5832,-14.6998,-13.9256,54.5006,-4.61616,-5.11241,23.6776,-10.3503,2.78255,27.1525
-8.38751,10.8371,55.1802,-9.96082,-10.3479,48.0704,-2.49525,-4.17745,28.8323,-8.00995,1.64779,32.4576
-4.84733,7.86112,47.895,-5.18148,-7.29531,41.6519,0.0126095,-3.18672,34.1576,-5.16879,0.521751,37.7575
-1.70462,5.52341,41.3655,-0.936514,-4.82454,35.8517,2.23083,-2.55731,38.3535,-2.61313,-0.253723,41.8109
-0.103834,3.56313,35.9718,2.82764,-3.06997,30.7623,4.54991,-1.87352,42.031,-0.310826,-0.744442,45.5936
0.882219,1.94576,31.683,5.83763,-1.92219,26.6617,6.57869,-1.19489,45.3248,1.5169,-1.08046,49.0406
1.63741,0.594696,28.0333,7.56199,-1.23216,23.3473,7.33953,-0.374769,48.8021,3.25302,-1.17623,52.2886
2.16815,-0.364697,25.0809,8.27853,-0.677881,20.7599,7.75629,0.332641,52.1928,4.84312,-1.39659,55.3372
2.69812,-0.834881,23.4918,8.79367,-0.329863,19.2872,8.04588,0.781736,54.4157,5.41432,-1.66959,57.3387
3.08008,-1.1352,22.631,9.10076,-0.0734789,18.4235,8.12437,1.18434,56.4504,5.57231,-1.98807,59.2279
3.44706,-1.28784,22.544,9.35017,0.210365,18.1696,7.97617,1.52177,58.5151,5.05232,-2.4526,61.2485
3.59113,-1.22231,22.9022,9.38113,0.255516,18.3293,7.85207,1.73333,59.3717,4.57492,-2.74704,62.0653
3.78177,-1.07824,23.8252,9.35386,0.380873,19.0178,7.54888,1.88787,60.4715,3.48714,-3.18808,63.198
3.81495,-0.889965,24.9517,9.13042,0.360459,19.9558,7.0993,2.061,61.3203,2.53723,-3.48167,63.9758
3.76959,-0.805057,26.1608,8.79789,0.267365,20.9304,5.91742,2.41679,62.1912,1.38933,-3.66964,64.6874
3.63191,-0.572985,27.4251,7.97167,0.252939,21.8825,4.84535,2.62403,63.2908,0.510615,-3.89409,65.5104
3.41669,-0.337674,28.7234,7.21822,0.184207,22.9151,3.9746,2.79189,63.9745,-0.222423,-4.0873,65.9767
3.20405,-0.108249,30.0499,6.22885,0.141907,24.0357,2.73208,2.98894,64.867,-1.26372,-4.31161,66.5688
2.91793,0.0541328,31.211,5.42969,-0.0443254,25.2433,1.96879,3.19105,65.5406,-1.96053,-4.44698,66.9736
2.74692,0.135084,31.7577,4.92464,-0.114828,25.7845,1.47738,3.2972,65.9583,-2.39511,-4.52361,67.1745
2.53211,0.236469,32.187,4.45803,-0.139039,26.1112,0.944906,3.42569,66.4764,-2.83461,-4.60509,67.4059
2.26643,0.361461,32.4461,3.92356,-0.114135,26.2439,0.284874,3.5496,67.0433,-3.36572,-4.65953,67.617
2.08872,0.430029,32.6761,3.6126,-0.113118,26.3608,0.00487348,3.59689,67.2434,-3.57939,-4.68167,67.5788
1.88216,0.495703,32.7929,3.28616,-0.0848873,26.3421,-0.337362,3.6365,67.3927,-3.84531,-4.67648,67.4688
1.64233,0.566518,32.7269,2.91656,-0.0242197,26.1248,-0.738903,3.66921,67.5189,-4.16946,-4.62497,67.2932
1.47618,0.597613,32.6296,2.69191,0.0330135,25.9018,-0.932405,3.65689,67.5147,-4.30994,-4.59649,67.0969
1.27403,0.632869,32.3769,2.43437,0.0991226,25.5516,-1.173,3.64009,67.4852,-4.49522,-4.54168,66.8634
1.11284,0.639404,32.1737,2.2404,0.146064,25.2755,-1.32585,3.61361,67.4094,-4.61194,-4.48094,66.6015
0.926962,0.6522,31.866,2.02838,0.207222,24.8635,-1.50454,3.60171,67.3492,-4.75957,-4.39694,66.3159
0.744871,0.672415,31.5936,1.82308,0.271614,24.4731,-1.6721,3.56159,67.209,-4.89038,-4.28856,65.9466
0.655853,0.682768,31.4797,1.6887,0.270754,24.3617,-1.69409,3.51234,67.0822,-4.88612,-4.2512,65.6945
0.516647,0.696107,31.2479,1.58043,0.57345,23.5865,-1.76548,3.49557,66.9256,-4.94689,-4.10466,65.2898
-2.13458,5.76542,23.1132,2.16152,-4.94606,16.4689,10.2067,0.420659,50.9122,4.10637,-5.05161,59.7185
-8.48392,13.3595,44.1773,-6.16953,-11.5338,37.6206,9.86633,2.94461,57.7522,4.41098,-4.96523,58.2969
-5.97513,10.1634,34.737,-3.15147,-8.69994,28.8098,9.90848,1.89978,54.7381,4.13535,-4.93863,58.7116
-5.92445,10.0691,33.7844,-2.78327,-8.39457,27.3958,9.84043,1.83038,54.4804,4.02737,-4.84643,58.5542
-6.15157,10.2087,33.7735,-2.98239,-8.3927,27.3128,9.7624,1.8757,54.5178,3.93554,-4.76341,58.3647
-6.32595,10.2857,33.6775,-3.14629,-8.35669,27.2042,9.69863,1.91023,54.5433,3.86014,-4.69652,58.2206
-6.47401,10.3447,33.559,-3.27495,-8.31696,27.0642,9.64812,1.94391,54.5861,3.79819,-4.6455,58.132
-6.59847,10.3993,33.4663,-3.38335,-8.28498,26.9571,9.60522,1.97231,54.6232,3.7502,-4.60406,58.0556
-6.71049,10.4494,33.3829,-3.48063,-8.25904,26.8631,9.57241,1.99859,54.6618,3.71236,-4.56651,57.9906
-6.81106,10.4972,33.3062,-3.5702,-8.23693,26.7783,9.54357,2.02119,54.6989,3.68015,-4.53123,57.9313
-6.80073,10.5069,33.3497,-3.65795,-8.19159,26.8472,9.36706,1.92528,54.3738,3.51544,-4.40395,57.5091
-6.19253,10.3101,34.0498,-3.76057,-7.99701,27.755,8.33178,1.20348,52.1137,2.5736,-3.77247,55.1139
-5.09998,9.86142,35.4187,-3.73254,-7.64501,29.456,6.57446,-0.00703622,48.2465,0.939595,-2.69594,51.0912
-5.23126,9.68797,37.5627,-4.13697,-7.69237,31.5756,5.19992,-0.99904,44.5882,-0.518965,-1.59049,47.3687
-7.53645,11.0379,43.2785,-7.33623,-9.22423,36.6514,3.11457,-2.07405,39.6713,-2.70208,-0.395132,42.4983
-10.7388,13.4296,52.2493,-11.9903,-11.9855,44.7138,0.0121081,-3.64246,32.2205,-5.93621,1.32091,35.1924
-14.1647,16.4789,65.4674,-17.5249,-15.8331,56.7852,-5.60365,-4.93154,23.1618,-11.4948,2.70956,26.9509
-11.8418,14.4222,62.5832,-14.6998,-13.9256,54.5006,-4.61616,-5.11241,23.6776,-10.3503,2.78255,27.1525
-8.38751,10.8371,55.1802,-9.96082,-10.3479,48.0704,-2.49525,-4.17745,28.8323,-8.00995,1.64779,32.4576
-4.84733,7.86112,47.895,-5.18148,-7.29531,41.6519,0.0126095,-3.18672,34.1576,-5.16879,0.521751,37.7575
-1.70462,5.52341,41.3655,-0.936514,-4.82454,35.8517,2.23083,-2.55731,38.3535,-2.61313,-0.253723,41.8109
-0.103834,3.56313,35.9718,2.82764,-3.06997,30.7623,4.54991,-1.87352,42.031,-0.310826,-0.744442,45.5936
0.882219,1.94576,31.683,5.83763,-1.92219,26.6617,6.57869,-1.19489,45.3248,1.5169,-1.08046,49.0406
1.63741,0.594696,28.0333,7.56199,-1.23216,23.3473,7.33953,-0.374769,48.8021,3.25302,-1.17623,52.2886
2.16815,-0.364697,25.0809,8.27853,-0.677881,20.7599,7.75629,0.332641,52.1928,4.84312,-1.39659,55.3372
2.69812,-0.834881,23.4918,8.79367,-0.329863,19.2872,8.04588,0.781736,54.4157,5.41432,-1.66959,57.3387
3.08008,-1.1352,22.631,9.10076,-0.0734789,18.4235,8.12437,1.18434,56.4504,5.57231,-1.98807,59.2279
3.44706,-1.28784,22.544,9.35017,0.210365,18.1696,7.97617,1.52177,58.5151,5.05232,-2.4526,61.2485
3.59113,-1.22231,22.9022,9.38113,0.255516,18.3293,7.85207,1.73333,59.3717,4.57492,-2.74704,62.0653
3.78177,-1.07824,23.8252,9.35386,0.380873,19.0178,7.54888,1.88787,60.4715,3.48714,-3.18808,63.198
3.81495,-0.889965,24.9517,9.13042,0.360459,19.9558,7.0993,2.061,61.3203,2.53723,-3.48167,63.9758
3.76959,-0.805057,26.1608,8.79789,0.267365,20.9304,5.91742,2.41679,62.1912,1.38933,-3.66964,64.6874
3.63191,-0.572985,27.4251,7.97167,0.252939,21.8825,4.84535,2.62403,63.2908,0.510615,-3.89409,65.5104
3.41669,-0.337674,28.7234,7.21822,0.184207,22.9151,3.9746,2.79189,63.9745,-0.222423,-4.0873,65.9767
3.20405,-0.108249,30.0499,6.22885,0.141907,24.0357,2.73208,2.98894,64.867,-1.26372,-4.31161,66.5688
2.91793,0.0541328,31.211,5.42969,-0.0443254,25.2433,1.96879,3.19105,65.5406,-1.96053,-4.44698,66.9736
2.74692,0.135084,31.7577,4.92464,-0.114828,25.7845,1.47738,3.2972,65.9583,-2.39511,-4.52361,67.1745
2.53211,0.236469,32.187,4.45803,-0.139039,26.1112,0.944906,3.42569,66.4764,-2.83461,-4.60509,67.4059
2.26643,0.361461,32.4461,3.92356,-0.114135,26.2439,0.284874,3.5496,67.0433,-3.36572,-4.65953,67.617
2.08872,0.430029,32.6761,3.6126,-0.113118,26.3608,0.00487348,3.59689,67.2434,-3.57939,-4.68167,67.5788
1.88216,0.495703,32.7929,3.28616,-0.0848873,26.3421,-0.337362,3.6365,67.3927,-3.84531,-4.67648,67.4688
1.64233,0.566518,32.7269,2.91656,-0.0242197,26.1248,-0.738903,3.66921,67.5189,-4.16946,-4.62497,67.2932
1.47618,0.597613,32.6296,2.69191,0.0330135,25.9018,-0.932405,3.65689,67.5147,-4.30994,-4.59649,67.0969
1.27403,0.632869,32.3769,2.43437,0.0991226,25.5516,-1.173,3.64009,67.4852,-4.49522,-4.54168,66.8634
1.11284,0.639404,32.1737,2.2404,0.146064,25.2755,-1.32585,3.61361,67.4094,-4.61194,-4.48094,66.6015
0.926962,0.6522,31.866,2.02838,0.207222,24.8635,-1.50454,3.60171,67.3492,-4.75957,-4.39694,66.3159
0.744871,0.672415,31.5936,1.82308,0.271614,24.4731,-1.6721,3.56159,67.209,-4.89038,-4.28856,65.9466
0.655853,0.682768,31.4797,1.6887,0.270754,24.3617,-1.69409,3.51234,67.0822,-4.88612,-4.2512,65.6945
0.516647,0.696107,31.2479,1.58043,0.57345,23.5865,-1.76548,3.49557,66.9256,-4.94689,-4.10466,65.2898
