-0.0415363,0.752533,11.0432,-0.0392204,-0.729877,11.0293,0.0155032,-0.00222005,0.275908,0.0154812,0.00242197,0.276357
-4.59063,2.78547,26.5955,-4.56035,-2.8177,26.5899,0.0229061,-0.00147556,0.327375,0.022925,0.00182889,0.328038
-12.0068,6.67557,53.8502,-11.9305,-6.84318,53.8879,0.0360076,-0.000821385,0.427347,0.0360971,0.00132481,0.428518
-20.0201,10.4183,83.078,-19.894,-10.6905,83.1341,0.161594,0.0149939,0.834385,0.163134,-0.0126139,0.83904
-30.2399,15.3353,120.198,-30.0459,-15.7544,120.264,2.293,1.43921,7.3917,2.30906,-1.43458,7.51628
-47.9384,24.0319,182.327,-47.6112,-24.7214,182.354,-14.5538,14.078,78.7726,-14.4271,-14.3377,79.0555
-60.5425,29.947,225.681,-60.1239,-30.8313,225.674,-30.3128,25.7082,147.225,-30.0036,-26.1771,147.428
-77.8004,37.842,284.587,-77.2521,-38.9663,284.503,-52.5969,42.742,247.353,-52.017,-43.4988,247.422
-97.8595,47.084,352.441,-97.1618,-48.5003,352.277,-77.7604,61.9155,360.389,-76.8773,-62.9944,360.304
-120.05,57.362,427.216,-119.186,-59.0997,426.961,-105.912,83.6692,489.073,-104.684,-85.1078,488.806
-145.193,68.862,510.388,-144.143,-70.9597,510.031,-137.18,107.891,632.398,-135.568,-109.725,631.921
-171.319,80.7965,597.465,-170.073,-83.2757,596.987,-171.528,135.383,794.813,-169.477,-137.643,794.075
-206.348,96.5352,711.28,-204.845,-99.5181,710.645,-217.409,172.554,1014.83,-214.763,-175.372,1013.72
-231.42,107.501,790.459,-229.736,-110.842,789.704,-251.316,200.871,1182.57,-248.214,-204.092,1181.14
-254.605,128.818,893.837,-252.594,-132.514,892.975,-292.28,238.69,1406.3,-288.573,-242.384,1404.46
-244.352,108.041,767.51,-242.615,-111.581,766.597,-298.882,235.928,1397.53,-295.232,-239.662,1395.58
-236.767,101.836,712.708,-235.153,-105.246,711.956,-279.27,212.331,1236.63,-276.009,-215.893,1235.12
-228.604,95.0416,650.943,-227.124,-98.3221,650.384,-252.275,178.039,1008.64,-249.7,-181.113,1007.38
-224.849,91.3318,615.788,-223.443,-94.5412,615.331,-235.593,159.205,888.847,-233.321,-162.135,887.873
-221.063,87.9891,584.772,-219.73,-91.0999,584.392,-219.878,141.927,781.587,-217.837,-144.809,780.948
-216.327,84.6201,574.648,-215.039,-87.6911,574.367,-211.928,129.796,718.453,-210.056,-132.639,717.985
-216.115,82.2158,567.429,-214.863,-85.2848,567.173,-211.776,124.68,700.826,-209.987,-127.573,700.461
-217.33,80.8125,554.475,-216.1,-83.8936,554.24,-212.193,119.964,665.814,-210.477,-122.895,665.514
-218.928,79.7648,545.724,-217.716,-82.8641,545.504,-212.979,115.874,636.201,-211.324,-118.846,635.947
-220.578,79.0468,539.532,-219.377,-82.1656,539.327,-215.042,112.785,613.674,-213.428,-115.817,613.451
-225.969,79.7565,540.584,-224.758,-82.9468,540.389,-222.077,112.395,604.255,-220.466,-115.556,604.05
-223.619,77.936,526.015,-222.436,-81.0903,525.834,-222.217,108.829,579.688,-220.652,-112.023,579.505
-224.926,77.5072,520.887,-223.751,-80.676,520.714,-226.368,107.407,566.823,-224.818,-110.69,566.654
-226.4,77.2107,516.602,-225.231,-80.3957,516.436,-230.903,106.286,556.144,-229.362,-109.664,555.985
-227.865,76.9781,512.916,-226.699,-80.1787,512.754,-235.589,105.351,547.234,-234.054,-108.825,547.082
-229.071,76.8034,510.031,-227.909,-80.0163,509.873,-240.026,104.533,539.95,-238.494,-108.098,539.803
-230.243,76.6521,508.152,-229.085,-79.8767,507.998,-244.269,103.785,534.275,-242.738,-107.435,534.129
-231.315,76.5232,506.734,-230.159,-79.7581,506.581,-248.142,103.108,529.591,-246.612,-106.836,529.446
-232.237,76.4129,506.391,-231.084,-79.6561,506.24,-251.481,102.496,526.304,-249.953,-106.289,526.158
-233.043,76.3063,506.736,-231.892,-79.5569,506.587,-254.242,101.955,524.019,-252.714,-105.803,523.871
-233.742,76.2203,508.403,-232.593,-79.4789,508.254,-256.434,101.52,523.017,-254.908,-105.411,522.869
-233.935,76.1786,510.977,-232.786,-79.4391,510.829,-257.477,101.158,522.727,-255.953,-105.071,522.579
-233.788,76.1721,512.01,-232.64,-79.431,511.865,-257.455,100.966,520.959,-255.932,-104.881,520.814
-233.395,77.0093,445.418,-232.234,-80.252,445.272,-253.042,99.7267,459.807,-251.533,-103.571,459.656
-235.114,78.8984,451.11,-233.925,-82.1607,450.959,-256.153,103.033,466.921,-254.594,-106.926,466.766
-235.335,80.2764,453.482,-234.127,-83.5401,453.329,-257.208,104.351,469.748,-255.626,-108.267,469.588
-235.19,81.5232,454.676,-233.966,-84.7839,454.522,-257.488,105.003,470.671,-255.891,-108.933,470.508
-234.799,82.6557,455.17,-233.559,-85.9102,455.016,-257.234,105.201,470.392,-255.627,-109.139,470.226
-234.592,83.7551,455.435,-233.337,-87.0066,455.282,-256.69,105.114,469.228,-255.077,-109.056,469.061
-234.484,84.7364,455.398,-233.216,-87.9871,455.246,-256.124,104.904,467.562,-254.507,-108.851,467.394
-233.997,85.5156,454.716,-232.72,-88.7614,454.566,-254.958,104.266,465.207,-253.343,-108.207,465.037
-233.193,86.1177,453.536,-231.909,-89.3542,453.389,-253.308,103.35,462.335,-251.698,-107.278,462.165
-232.209,86.5743,452.034,-230.92,-89.7992,451.889,-251.309,102.25,459.095,-249.708,-106.159,458.924
-230.68,86.7694,449.519,-229.39,-89.9754,449.376,-248.591,100.886,454.823,-247.003,-104.765,454.652
16.1177,-4.05345,40.5948,15.6661,4.53484,40.8147,0.00344766,0.00388412,0.292793,0.00244307,-0.00356901,0.291008
8.08784,-23.3123,43.8469,7.5877,23.6981,43.5866,0.0296734,0.0209907,0.477055,0.0236176,-0.0166349,0.461367
2.96813,-9.94644,51.2471,2.78583,10.0906,50.9412,2.79482,1.25672,5.33515,2.13341,-0.690916,4.08209
-0.346018,0.068711,44.2853,-0.21538,-0.105097,43.6109,-5.44127,17.4398,90.3786,-4.66953,-15.8589,84.7646
2.77968,1.98694,31.2681,2.8894,-2.4348,31.1913,-5.42839,5.87375,71.9722,-5.73462,-7.02086,75.2287
-3.27149,51.1103,210.349,-6.45726,-60.4356,227.769,4.07265,-153.812,192.518,4.71458,155.224,194.334
-0.0152521,-0.00348364,0.0302344,-0.0132,0.00405171,0.027346,-327.912,552.985,803.655,-291.065,-471.678,692.846
7.99682,-1.59135,25.5117,7.78337,1.84158,25.5842,0.00979991,0.000601587,0.28381,0.00925701,-0.000397564,0.283123
1.78255,-8.06629,35.3599,1.58508,8.22576,35.2393,0.0257816,0.00574776,0.387747,0.0236317,-0.00442807,0.382717
-4.35741,-0.978478,52.278,-4.40738,0.925743,52.1771,0.211462,0.0374209,0.861128,0.183292,-0.0247869,0.80965
-9.08242,5.28005,62.3203,-9.03881,-5.43996,62.2903,3.65158,4.87227,22.0917,4.22009,-3.75558,18.3004
-17.215,9.35284,78.7912,-17.2008,-10.1125,79.4156,2.14165,7.90755,55.3435,3.0769,-7.42961,54.017
-26.9467,34.8135,189.01,-29.1625,-41.2065,199.614,1.49078,-77.8603,97.9747,1.71215,78.773,99.3189
-0.143543,-0.0332463,0.229641,-0.109535,0.03437,0.186226,-99.8951,165.31,241.613,-93.2585,-148.861,219.724
544.595,689.966,2388.71,457.869,-781.236,2590.9,0.00463557,-0.00446432,0.0131683,0.00605848,0.00514918,0.0152527
-3482.37,-172.415,4358.29,-3488.71,312.981,4378.4,-0.00112049,0.000800374,0.00366031,0.000112357,7.54902e-05,0.00277003
3.9385,-0.38568,18.0932,3.83668,0.520507,18.1151,0.0127173,-0.000864711,0.279729,0.0124277,0.00105586,0.279607
-1.43956,-1.1359,31.1042,-1.50622,1.1864,31.0735,0.0242767,0.00144402,0.354753,0.0233652,-0.000764457,0.352995
-7.89557,4.16585,51.645,-7.86699,-4.27761,51.6393,0.0772188,0.00738056,0.562464,0.0727702,-0.00489244,0.552857
-14.1786,8.28872,71.5255,-14.0864,-8.50672,71.5308,1.8865,0.425166,3.69546,1.69555,-0.3213,3.37219
-23.558,12.685,99.2233,-23.3183,-13.0161,98.8848,-1.01145,7.40858,46.9695,-1.01592,-7.59113,46.7828
-37.394,35.7762,208.046,-38.3736,-39.6406,214.061,0.246546,-58.7069,74.6863,0.265888,59.2781,76.0507
-32.5824,-4.14574,41.2694,-27.4925,6.35319,35.4533,-54.832,84.7271,132.317,-53.255,-80.7714,124.323
87.1871,126.467,482.326,98.6572,-102.129,473.104,0.0162241,-0.0154635,0.0608741,0.02723,0.0168454,0.0749838
-0.0194229,-0.000987995,0.0300101,-0.0125253,0.00259545,0.0213185,-154.164,102.13,231.17,-97.2706,-51.8132,137.777
1.92528,0.199559,14.4797,1.87679,-0.121804,14.482,0.0141239,-0.00155567,0.277786,0.0139663,0.0017495,0.27795
-3.03613,1.58437,28.9088,-3.04605,-1.58045,28.9068,0.0235925,-0.000177002,0.340404,0.0231801,0.000658017,0.339949
-9.8384,5.94879,52.1353,-9.78006,-6.0883,52.1622,0.0510937,0.00208973,0.483822,0.0497082,-0.000995978,0.481093
-17.0168,9.5357,76.903,-16.9065,-9.78274,76.9421,0.496661,0.0671156,1.45339,0.4707,-0.0548622,1.41042
-26.5743,14.0238,109.189,-26.3889,-14.4253,109.192,-0.234898,5.62074,29.6341,-0.0427568,-5.52582,28.824
-41.9568,28.0734,188.244,-42.306,-30.2308,190.864,-6.5746,-16.6361,65.0836,-7.24618,15.405,68.8874
-52.0316,29.0349,206.931,-51.8414,-30.3409,207.668,-21.6973,13.1662,119.3,-21.7721,-13.9541,120.938
-66.1884,33.3779,246.709,-65.5919,-34.3139,246.151,-45.6186,35.6764,221.839,-45.0783,-36.3064,221.673
-82.8477,40.0257,300.156,-81.9504,-40.9449,298.749,-69.0696,54.946,326.513,-68.145,-55.6788,325.508
-101.366,48.3382,363.691,-100.236,-49.4564,361.749,-93.6485,74.8874,440.842,-92.3757,-75.8126,439.188
-122.429,58.1324,436.529,-121.111,-59.5773,434.27,-119.57,95.9526,564.052,-117.99,-97.1324,561.958
-144.516,68.3076,511.903,-143.055,-70.0914,509.458,-147.843,119.794,703.86,-145.951,-121.21,701.378
-175.287,81.7712,609.824,-173.69,-83.9817,607.294,-186.545,152.448,894.916,-184.232,-154.07,891.86
-199.5,91.4307,677.94,-197.876,-93.8695,675.489,-217.044,178.487,1044.86,-214.418,-180.052,1041.31
-225.946,113.241,782.605,-224.205,-115.973,780.462,-254.262,212.778,1240.13,-251.185,-214.172,1235.82
-222.753,94.7177,670.747,-221.393,-97.2192,669.039,-264.513,209.832,1224.44,-261.551,-210.907,1220.07
-219.275,89.8395,623.621,-218.185,-92.1984,622.508,-251.362,190.223,1087.52,-248.753,-191.006,1083.95
-210.956,83.9352,567.564,-210.075,-86.0057,566.913,-226.581,158.448,882.567,-224.624,-158.873,879.925
-204.539,80.2632,530.96,-203.583,-81.7805,530.239,-207.766,138.146,762.885,-206.129,-138.651,761.262
-199.326,77.5373,501.622,-198.137,-78.3602,500.496,-193.78,122.52,673.614,-192.238,-123.181,672.505
-196.421,74.8976,494.192,-195.202,-75.5782,493.131,-186.615,111.348,618.397,-185.205,-112.12,617.624
-200.585,73.6855,491.871,-199.473,-74.5486,491.071,-189.466,108.109,609.038,-188.086,-109.007,608.345
-205.473,73.5447,482.085,-204.445,-74.5132,481.559,-192.025,104.899,581.263,-190.64,-105.907,580.646
-209.697,73.7491,474.368,-208.743,-74.7575,474.146,-194.692,102.017,558.038,-193.233,-103.072,557.403
-214.267,74.6585,469.372,-213.433,-75.8217,469.609,-198.766,100.077,541.093,-197.185,-101.194,540.431
-222.353,77.3448,470.789,-221.671,-78.8375,471.657,-207.379,100.516,535.264,-205.594,-101.771,534.584
-223.55,78.9431,459.008,-223.006,-80.7369,460.564,-210.242,97.6857,515.729,-208.197,-99.0306,514.996
-227.606,82.5974,456.474,-227.245,-85.0338,458.939,-216.296,96.5729,506.48,-213.945,-98.1676,505.792
-231.388,87.4391,456.214,-231.184,-90.7642,459.731,-221.528,94.8433,497.889,-218.819,-96.8357,497.281
-233.26,92.7614,458.651,-233.2,-97.3707,463.367,-223.657,91.9222,488.773,-220.645,-94.6019,488.386
-230.926,96.8982,465.164,-230.972,-103.233,471.144,-218.339,87.063,477.02,-215.211,-90.9117,477.073
-222.337,97.1061,475.25,-222.362,-105.329,482.269,-201.963,79.9134,460.899,-198.989,-85.6421,461.675
-206.894,91.0287,482.808,-206.527,-100.379,490.021,-176.923,71.3297,441.091,-174.158,-79.8095,442.851
-188.522,79.116,477.791,-186.885,-87.3076,483.479,-158.651,63.664,424.931,-155.512,-75.7183,427.784
-175.674,65.9884,455.777,-171.63,-70.1777,457.869,-168.155,59.8458,421.951,-163.748,-75.4495,425.561
-174.91,57.1384,433.246,-168.607,-57.2499,431.179,-207.374,62.5351,437.112,-201.745,-79.311,440.237
-183.68,55.0449,432.063,-177.396,-55.213,428.142,-252.274,72.7978,464.581,-246.547,-86.6139,465.635
-193.566,58.9991,452.736,-189.16,-62.7412,449.856,-278.772,87.1333,490.542,-273.618,-96.3807,489.369
-198.123,65.804,413.802,-195.013,-71.9755,412.374,-279.017,99.8504,448.416,-273.973,-106.334,446.281
-199.583,74.0045,439.238,-196.391,-80.4261,438.246,-273.417,107.817,460.299,-267.976,-113.748,458.091
-194.208,78.4078,449.084,-190.599,-84.3765,447.979,-258.987,108.496,457.736,-253.039,-114.177,455.436
-186.37,79.4218,447.816,-182.45,-85.3215,446.517,-245.081,105.692,449.911,-238.655,-111.23,447.301
-178.48,78.7353,441.665,-174.304,-84.9624,440.211,-234.203,101.582,441.575,-227.345,-107.506,438.677
-171.97,77.6952,434.712,-167.543,-84.4363,433.175,-226.622,97.4656,434.504,-219.448,-104.343,431.521
-167.226,76.8307,428.305,-162.576,-84.1027,426.768,-221.94,93.9281,428.802,-214.646,-101.998,425.909
-164.066,76.2822,422.234,-159.252,-83.9925,420.783,-218.827,90.6808,423.474,-211.682,-99.7648,420.708
-162.593,76.1683,416.348,-157.694,-84.2013,415.103,-216.817,87.799,417.958,-210.096,-97.4102,415.178
-162.6,76.585,410.169,-157.663,-84.6732,409.238,-214.914,84.9208,411.197,-208.814,-94.1472,407.944
-166.859,79.1229,407.529,-162.275,-88.2483,408.139,-217.611,85.236,410.066,-212.687,-94.7168,406.689
0.932015,0.482227,12.7273,0.909329,-0.432447,12.7212,0.0148164,-0.00189104,0.276839,0.0147262,0.00208827,0.277145
-3.82186,2.48222,27.7756,-3.80845,-2.49816,27.7779,0.0232549,-0.000868217,0.333722,0.0230662,0.00127612,0.333849
-10.8906,6.46354,52.8046,-10.8216,-6.61718,52.8403,0.0425539,0.000420074,0.453388,0.0420321,0.000309231,0.452866
-18.5059,10.0333,79.8919,-18.3873,-10.2938,79.9423,0.270813,0.030485,1.05505,0.26594,-0.025644,1.0471
-28.358,14.6991,114.603,-28.171,-15.1137,114.651,1.6062,3.45735,16.8662,1.67777,-3.40458,16.5952
-44.9089,24.3864,178.856,-44.7792,-25.4309,179.54,-13.2677,7.22174,76.4302,-13.27,-7.64944,77.3263
-56.4293,28.9617,214.987,-56.0989,-29.9541,215.215,-26.2109,21.4551,132.902,-26.0641,-22.0034,133.654
-72.3893,35.6668,267.001,-71.8523,-36.7291,266.829,-49.0575,39.8294,234.192,-48.5199,-40.5443,234.269
-90.9404,43.9067,328.858,-90.2102,-45.1688,328.387,-73.0343,58.4503,341.839,-72.1855,-59.4301,341.612
-111.503,53.2972,398.172,-110.59,-54.8449,397.479,-99.4553,79.1312,463.22,-98.2757,-80.4174,462.699
-134.911,63.9475,475.935,-133.819,-65.8526,475.075,-128.481,101.904,597.436,-126.953,-103.534,596.639
-159.309,75.0325,557.283,-158.047,-77.3253,556.296,-160.25,127.716,749.441,-158.336,-129.712,748.356
-192.258,89.7112,663.697,-190.789,-92.5119,662.6,-202.648,162.457,954.421,-200.219,-164.923,952.956
-216.22,99.9421,737.249,-214.627,-103.092,736.108,-234.337,189.07,1111.2,-231.524,-191.838,1109.44
-239.462,121.095,839.341,-237.61,-124.602,838.221,-272.52,224.366,1318.28,-269.194,-227.468,1316.13
-230.319,100.872,717.128,-228.754,-104.165,716.054,-279.635,220.89,1304.74,-276.391,-223.958,1302.5
-223.868,95.2057,665.679,-222.437,-98.3361,664.817,-262.653,199.338,1156.9,-259.763,-202.226,1155.16
-216.627,89.1092,608.635,-215.324,-92.0608,607.994,-237.389,167.145,943.698,-235.132,-169.574,942.268
-213.134,85.6592,574.792,-211.903,-88.4794,574.28,-221.084,148.809,828.306,-219.121,-151.121,827.28
-209.998,82.7858,546.623,-208.826,-85.4451,546.188,-207.258,133.222,732.249,-205.487,-135.514,731.584
-205.733,79.7432,538.096,-204.613,-82.3306,537.798,-199.526,121.649,672.822,-197.918,-123.905,672.374
-206.204,77.7422,532.461,-205.131,-80.3122,532.233,-200.051,117.148,658.173,-198.515,-119.442,657.828
-208.071,76.787,520.76,-207.029,-79.3495,520.595,-200.996,113.048,626.267,-199.52,-115.374,625.996
-210.298,76.1903,512.986,-209.28,-78.7529,512.879,-202.251,109.519,599.341,-200.817,-111.876,599.113
-212.611,75.977,507.766,-211.61,-78.5522,507.72,-204.704,106.932,578.993,-203.29,-109.342,578.791
-218.425,77.1841,509.231,-217.418,-79.8301,509.241,-211.818,106.882,570.732,-210.384,-109.417,570.547
-216.865,76.1452,496.337,-215.871,-78.7624,496.396,-212.426,103.763,548.188,-211.007,-106.348,548.027
-218.42,76.4244,492.23,-217.42,-79.0912,492.341,-216.549,102.593,536.397,-215.118,-105.312,536.27
-219.897,76.8913,489.196,-218.882,-79.6111,489.356,-220.732,101.563,526.456,-219.286,-104.443,526.374
-220.826,77.3563,486.734,-219.792,-80.1373,486.939,-224.549,100.502,517.837,-223.089,-103.569,517.811
-220.902,77.7096,485.129,-219.848,-80.5559,485.377,-227.478,99.3303,510.414,-226.012,-102.603,510.457
-220.349,77.7814,484.483,-219.28,-80.6931,484.766,-229.613,98.0372,504.221,-228.147,-101.523,504.337
-219.291,77.4922,484.078,-218.207,-80.456,484.379,-231.173,96.7469,498.9,-229.71,-100.431,499.078
-217.996,76.8381,484.3,-216.895,-79.825,484.587,-232.675,95.6309,495.238,-231.208,-99.4693,495.448
-216.834,75.9409,484.689,-215.711,-78.9182,484.927,-234.699,94.8461,493.155,-233.216,-98.7822,493.357
-215.967,74.998,486.079,-214.814,-77.9442,486.24,-237.369,94.4746,492.997,-235.859,-98.4569,493.16
-214.937,74.1943,488.403,-213.754,-77.0984,488.479,-239.66,94.4342,494.003,-238.12,-98.4136,494.11
-213.828,73.6138,489.469,-212.619,-76.4837,489.468,-241.084,94.7463,493.717,-239.519,-98.693,493.769
-213.2,74.3629,423.641,-211.968,-77.2775,423.58,-238.566,94.4433,434.636,-237,-98.3328,434.629
-214.105,75.8839,430.117,-212.843,-78.7918,430.017,-242.666,98.4422,443.435,-241.034,-102.324,443.387
-213.479,77.023,433.365,-212.198,-79.9167,433.238,-243.957,100.265,447.346,-242.296,-104.116,447.265
-212.503,78.064,435.376,-211.208,-80.9371,435.232,-244.061,101.322,449.071,-242.382,-105.134,448.964
-211.274,78.9614,436.493,-209.96,-81.8084,436.33,-243.293,101.806,449.294,-241.601,-105.584,449.168
-210.231,79.7535,437.128,-208.894,-82.5753,436.948,-242.066,101.914,448.445,-240.369,-105.68,448.316
-209.341,80.3202,437.179,-207.982,-83.1177,436.988,-240.786,101.843,446.981,-239.098,-105.617,446.873
-208.233,80.5406,436.279,-206.86,-83.3119,436.093,-238.941,101.291,444.725,-237.289,-105.071,444.665
-207.079,80.3966,434.589,-205.706,-83.1503,434.428,-236.708,100.44,441.834,-235.121,-104.201,441.84
-206.044,79.8261,432.145,-204.687,-82.5898,432.029,-234.112,99.3184,438.266,-232.621,-103.011,438.337
-205.986,79.2053,429.915,-204.649,-82.0163,429.878,-232.193,98.899,435.419,-230.807,-102.497,435.571
0.441909,0.619359,11.8742,0.431841,-0.583285,11.8642,0.0151604,-0.00205631,0.276372,0.0151042,0.00225573,0.276749
-4.20901,2.73008,27.1934,-4.18611,-2.7547,27.1936,0.023083,-0.00118296,0.330506,0.0230002,0.00156111,0.330906
-11.4408,6.60738,53.2774,-11.3678,-6.76808,53.315,0.0390735,-0.000246386,0.439874,0.038883,0.000848594,0.440254
-19.2614,10.2402,81.462,-19.139,-10.5068,81.516,0.207145,0.0212635,0.930389,0.206418,-0.0179601,0.930239
-29.2874,15.0239,117.382,-29.097,-15.4414,117.439,2.2628,2.35904,11.2979,2.27827,-2.33737,11.2967
-46.446,23.646,178.404,-46.1573,-24.367,178.521,-15.0249,13.4611,79.9662,-14.8517,-13.7022,80.133
-58.5674,29.2182,219.632,-58.1731,-30.0985,219.659,-28.4031,24.3017,140.029,-28.1661,-24.7854,140.456
-75.2847,36.7402,276.104,-74.7533,-37.8337,276.016,-50.8932,41.5324,240.754,-50.3329,-42.26,240.823
-94.6869,45.6057,341.466,-94.0032,-46.9736,341.269,-75.3155,60.1918,350.522,-74.4617,-61.2311,350.437
-116.157,55.5003,413.662,-115.309,-57.1801,413.358,-102.58,81.3076,475.302,-101.394,-82.6929,475.034
-140.521,66.5969,494.083,-139.493,-68.633,493.672,-132.81,104.777,614.075,-131.258,-106.544,613.603
-165.832,78.107,578.195,-164.618,-80.5251,577.67,-165.993,131.42,771.36,-164.022,-133.6,770.644
-199.812,93.308,688.219,-198.356,-96.233,687.558,-210.247,167.336,983.822,-207.713,-170.065,982.769
-224.182,103.874,764.505,-222.56,-107.166,763.748,-243.02,194.698,1145.8,-240.057,-197.831,1144.48
-247.109,125.035,866.975,-245.174,-128.702,866.147,-282.494,231.134,1360.96,-278.962,-234.75,1359.29
-236.956,104.438,742.406,-235.292,-107.95,741.538,-289.082,227.931,1349.77,-285.61,-231.602,1347.97
-229.629,98.4436,689.2,-228.087,-101.838,688.498,-270.563,205.401,1195.87,-267.456,-208.914,1194.48
-221.756,91.9872,629.986,-220.342,-95.2482,629.472,-244.304,172.273,975.802,-241.858,-175.296,974.632
-217.976,88.4131,595.652,-216.633,-91.5816,595.234,-227.799,153.834,858.845,-225.647,-156.706,857.966
-214.433,85.3312,566.321,-213.16,-88.3848,565.977,-213.029,137.525,757.555,-211.09,-140.342,756.993
-209.8,82.1552,557.156,-208.578,-85.1603,556.925,-205.218,125.784,696.62,-203.445,-128.543,696.222
-209.817,79.9931,550.91,-208.636,-82.9917,550.722,-205.384,121.04,680.605,-203.686,-123.835,680.299
-211.329,78.8625,538.799,-210.176,-81.8672,538.647,-206.11,116.722,647.339,-204.479,-119.544,647.091
-213.237,78.0916,530.744,-212.101,-81.1066,530.619,-207.146,112.979,619.136,-205.568,-115.833,618.931
-215.192,77.6696,525.19,-214.066,-80.6954,525.09,-209.397,110.187,597.705,-207.853,-113.096,597.529
-220.754,78.6545,526.582,-219.614,-81.7419,526.498,-216.448,109.995,588.821,-214.899,-113.031,588.667
-218.698,77.2302,512.925,-217.575,-80.2746,512.857,-216.743,106.677,565.246,-215.233,-109.754,565.12
-220.004,77.1162,508.327,-218.881,-80.1751,508.272,-220.752,105.365,552.749,-219.254,-108.547,552.651
-221.285,77.1164,504.623,-220.16,-80.1907,504.58,-224.984,104.285,542.355,-223.495,-107.582,542.287
-222.261,77.1063,501.419,-221.135,-80.1955,501.386,-229.115,103.282,533.497,-227.636,-106.698,533.458
-222.714,77.0534,498.959,-221.591,-80.1536,498.937,-232.782,102.311,526.126,-231.316,-105.839,526.114
-222.923,76.8971,497.425,-221.806,-80.0052,497.411,-236.12,101.354,520.276,-234.668,-104.982,520.286
-222.936,76.6364,496.252,-221.828,-79.7466,496.241,-239.128,100.466,515.438,-237.688,-104.174,515.461
-222.825,76.2864,496.03,-221.725,-79.3898,496.015,-241.834,99.6977,512.129,-240.403,-103.459,512.152
-222.722,75.8811,496.386,-221.629,-78.9701,496.36,-244.328,99.0941,510.012,-242.902,-102.884,510.023
-222.668,75.4847,498.012,-221.579,-78.5561,497.968,-246.602,98.6924,509.357,-245.175,-102.491,509.348
-222.235,75.158,500.562,-221.146,-78.2056,500.499,-247.924,98.4377,509.515,-246.493,-102.221,509.483
-221.575,74.9182,501.638,-220.483,-77.9419,501.558,-248.24,98.4091,508.236,-246.803,-102.164,508.184
-221.343,75.7054,435.348,-220.232,-78.7295,435.25,-244.756,97.5494,447.885,-243.322,-101.248,447.808
-222.577,77.4074,441.318,-221.441,-80.4292,441.204,-248.112,101.137,455.703,-246.626,-104.856,455.609
-222.362,78.6477,443.995,-221.206,-81.6543,443.869,-249.184,102.655,458.987,-247.672,-106.384,458.881
-221.826,79.7858,445.511,-220.651,-82.7702,445.376,-249.402,103.5,460.357,-247.876,-107.241,460.248
-221.07,80.8163,446.301,-219.878,-83.7718,446.16,-248.988,103.869,460.459,-247.457,-107.625,460.356
-220.505,81.7946,446.797,-219.301,-84.7221,446.658,-248.219,103.93,459.614,-246.694,-107.702,459.53
-220.054,82.6108,446.896,-218.845,-85.5125,446.767,-247.389,103.844,458.204,-245.876,-107.631,458.148
-219.274,83.1555,446.235,-218.069,-86.0307,446.125,-245.928,103.292,456.029,-244.434,-107.079,456.005
-218.269,83.4226,444.965,-217.072,-86.2803,444.881,-243.977,102.426,453.255,-242.5,-106.203,453.262
-217.189,83.3825,443.197,-216.009,-86.2487,443.143,-241.644,101.305,449.952,-240.173,-105.059,449.984
-216.251,83.1311,441.026,-215.085,-86.0422,441,-239.229,100.319,446.426,-237.74,-104.061,446.472
0.199208,0.686511,11.4555,0.195364,-0.657188,11.4436,0.0153319,-0.00213837,0.276139,0.0152928,0.002339,0.276553
-4.40061,2.78542,26.8967,-4.37372,-2.81399,26.8945,0.0229954,-0.00133214,0.328929,0.022964,0.00169723,0.329463
-11.7219,6.65063,53.5511,-11.6472,-6.81482,53.589,0.037494,-0.000544442,0.433494,0.0374494,0.00109411,0.434281
-19.6406,10.3327,82.2646,-19.5164,-10.6022,82.3199,0.18255,0.0178428,0.879443,0.183128,-0.0150572,0.881977
-29.7609,15.1813,118.786,-29.5687,-15.5997,118.847,2.36428,1.86741,9.11613,2.3725,-1.85656,9.19721
-47.2049,23.7451,179.998,-46.8861,-24.4263,180.032,-15.0471,14.2174,80.0619,-14.8754,-14.4537,80.2133
-59.5758,29.5404,222.528,-59.1654,-30.413,222.523,-29.3778,25.1012,143.595,-29.1048,-25.5759,143.91
-76.5848,37.2854,280.383,-76.0465,-38.3937,280.302,-51.7666,42.173,244.054,-51.1953,-42.9127,244.118
-96.3354,46.3602,347.075,-95.6497,-47.7559,346.912,-76.5333,61.0497,355.338,-75.6653,-62.1077,355.257
-118.185,56.4575,420.586,-117.336,-58.1704,420.333,-104.237,82.4654,482.009,-103.031,-83.8776,481.752
-142.956,67.7606,502.372,-141.924,-69.8297,502.019,-134.999,106.303,623.04,-133.418,-108.105,622.581
-168.684,79.4828,587.938,-167.46,-81.9311,587.469,-168.79,133.368,782.893,-166.778,-135.591,782.186
-203.192,94.9502,699.821,-201.717,-97.9012,699.205,-213.892,169.91,999.15,-211.298,-172.691,998.091
-227.901,105.712,777.533,-226.249,-109.025,776.806,-247.247,197.74,1163.99,-244.208,-200.931,1162.64
-250.932,126.944,880.428,-248.956,-130.623,879.607,-287.479,234.863,1383.46,-283.85,-238.542,1381.74
-240.671,106.248,754.975,-238.967,-109.777,754.104,-294.04,231.873,1373.48,-290.468,-235.607,1371.64
-233.175,100.141,700.976,-231.592,-103.553,700.267,-274.939,208.819,1216.15,-271.744,-212.392,1214.74
-225.123,93.5116,640.516,-223.671,-96.7972,639.995,-248.28,175.124,992.205,-245.76,-178.207,991.01
-221.314,89.8656,605.781,-219.935,-93.0719,605.357,-231.665,156.499,873.889,-229.443,-159.433,872.976
-217.612,86.6527,575.632,-216.304,-89.7537,575.281,-216.403,139.715,769.653,-214.404,-142.596,769.062
-212.886,83.3799,565.993,-211.624,-86.4367,565.743,-208.509,127.786,707.647,-206.676,-130.617,707.219
-212.751,81.0992,559.27,-211.528,-84.152,559.051,-208.503,122.86,690.843,-206.749,-125.734,690.51
-214.099,79.8391,546.757,-212.9,-82.9022,546.565,-209.077,118.354,656.737,-207.391,-121.259,656.463
-215.858,78.9424,538.386,-214.676,-82.0221,538.215,-209.996,114.449,627.853,-208.368,-117.39,627.623
-217.685,78.3895,532.555,-216.513,-81.4871,532.404,-212.168,111.521,605.896,-210.578,-114.521,605.695
-223.195,79.2537,533.834,-222.012,-82.4212,533.696,-219.227,111.243,596.759,-217.636,-114.372,596.58
-221.013,77.6461,519.772,-219.853,-80.7772,519.65,-219.444,107.811,572.699,-217.897,-110.979,572.547
-222.318,77.3763,514.946,-221.162,-80.5236,514.836,-223.502,106.443,559.995,-221.969,-109.711,559.868
-223.657,77.2146,510.962,-222.503,-80.3781,510.861,-227.849,105.336,549.443,-226.326,-108.711,549.336
-224.814,77.066,507.495,-223.663,-80.2434,507.401,-232.217,104.357,540.539,-230.704,-107.839,540.452
-225.574,76.9179,504.777,-224.426,-80.104,504.688,-236.248,103.455,533.209,-234.744,-107.036,533.137
-226.204,76.7316,503.015,-225.063,-79.9239,502.93,-240.05,102.601,527.465,-238.554,-106.27,527.403
-226.705,76.5138,501.67,-225.57,-79.7086,501.587,-243.527,101.824,522.738,-242.039,-105.567,522.68
-227.083,76.2732,501.36,-225.954,-79.466,501.275,-246.59,101.142,519.476,-245.107,-104.938,519.416
-227.412,76.0175,501.707,-226.29,-79.2052,501.617,-249.235,100.574,517.299,-247.755,-104.408,517.231
-227.714,75.7821,503.365,-226.596,-78.9644,503.267,-251.454,100.156,516.475,-249.976,-104.013,516.397
-227.575,75.6043,505.941,-226.458,-78.7754,505.835,-252.598,99.8422,516.398,-251.119,-103.701,516.308
-227.158,75.4856,507.001,-226.04,-78.6438,506.89,-252.698,99.7239,514.853,-251.217,-103.569,514.755
-226.867,76.2876,440.542,-225.733,-79.4365,440.421,-248.749,98.6686,454.079,-247.276,-102.448,453.965
-228.337,78.0811,446.357,-227.176,-81.2387,446.227,-251.947,102.108,461.529,-250.423,-105.922,461.404
-228.345,79.3889,448.867,-227.166,-82.5398,448.731,-252.985,103.52,464.565,-251.435,-107.348,464.431
-228.018,80.5805,450.205,-226.822,-83.7194,450.065,-253.221,104.266,465.7,-251.657,-108.106,465.563
-227.466,81.6642,450.838,-226.254,-84.786,450.694,-252.882,104.55,465.606,-251.31,-108.4,465.47
-227.109,82.7087,451.218,-225.883,-85.8158,451.076,-252.226,104.541,464.599,-250.653,-108.4,464.47
-226.863,83.6172,451.263,-225.627,-86.7116,451.126,-251.528,104.401,463.06,-249.958,-108.266,462.942
-226.263,84.2926,450.618,-225.025,-87.3715,450.491,-250.211,103.814,460.795,-248.65,-107.674,460.69
-225.385,84.7429,449.433,-224.147,-87.8075,449.318,-248.4,102.932,457.974,-246.85,-106.776,457.881
-224.376,84.9707,447.86,-223.142,-88.0303,447.759,-246.228,101.838,454.725,-244.687,-105.657,454.641
-223.047,84.9038,445.438,-221.82,-87.9673,445.35,-243.501,100.571,450.629,-241.963,-104.36,450.55
0.07857,0.719673,11.2485,0.0778144,-0.693695,11.2356,0.0154176,-0.00217925,0.276024,0.015387,0.00238052,0.276455
-4.49584,2.79287,26.7467,-4.46717,-2.82331,26.743,0.022951,-0.00140458,0.328149,0.0229449,0.00176363,0.328748
-11.8639,6.66533,53.6975,-11.7884,-6.83124,53.7353,0.0367399,-0.000685448,0.430392,0.0367637,0.00121125,0.431374
-19.8304,10.3764,82.67,-19.7052,-10.6473,82.7258,0.171662,0.0163549,0.856243,0.172758,-0.0137842,0.859899
-29.9997,15.2587,119.491,-29.8066,-15.6775,119.554,2.34838,1.64467,8.20039,2.35904,-1.63745,8.30717
-47.5756,23.8783,181.122,-47.2515,-24.5617,181.149,-14.8508,14.1902,79.5854,-14.6985,-14.4377,79.7942
-60.0634,29.7384,224.088,-59.6485,-30.6161,224.081,-29.8453,25.4072,145.395,-29.5547,-25.8797,145.657
-77.2001,37.5622,282.486,-76.6568,-38.6785,282.404,-52.1866,42.4594,245.703,-51.6107,-43.2072,245.768
-97.108,46.7228,349.767,-96.4167,-48.129,349.605,-77.1486,61.4802,357.844,-76.2727,-62.548,357.759
-119.131,56.9117,423.912,-118.275,-58.637,423.66,-105.076,83.0628,485.512,-103.858,-84.4873,485.248
-144.092,68.3138,506.389,-143.051,-70.3967,506.036,-136.094,107.092,627.687,-134.496,-108.908,627.217
-170.021,80.1422,592.705,-168.787,-82.6047,592.234,-170.168,134.37,788.822,-168.135,-136.61,788.097
-204.792,95.7451,705.548,-203.303,-98.7099,704.924,-215.667,171.228,1006.97,-213.045,-174.026,1005.88
-229.683,106.609,783.989,-228.015,-109.933,783.25,-249.303,199.302,1173.25,-246.231,-202.506,1171.87
-252.792,127.883,887.122,-250.799,-131.567,886.281,-289.91,236.776,1394.87,-286.24,-240.46,1393.09
-242.53,107.147,761.235,-240.809,-110.678,760.344,-296.49,233.9,1385.5,-292.877,-237.632,1383.6
-234.988,100.991,706.838,-233.389,-104.399,706.108,-277.131,210.575,1226.39,-273.9,-214.141,1224.92
-226.879,94.2784,645.729,-225.412,-97.5595,645.19,-250.298,176.582,1000.42,-247.748,-179.66,999.195
-223.093,90.5996,610.783,-221.7,-93.8058,610.342,-233.645,157.851,881.368,-231.396,-160.784,880.423
-219.346,87.3212,580.202,-218.024,-90.4261,579.837,-218.154,140.821,775.626,-216.132,-143.703,775.01
-214.611,83.9996,570.319,-213.335,-87.0627,570.053,-210.227,128.79,713.051,-208.373,-131.627,712.602
-214.434,81.6567,563.347,-213.195,-84.7171,563.11,-210.147,123.768,695.836,-208.373,-126.653,695.487
-215.714,80.325,550.615,-214.498,-83.3971,550.401,-210.64,119.157,661.278,-208.938,-122.076,660.99
-217.392,79.3534,542.056,-216.193,-82.4434,541.86,-211.493,115.159,632.032,-209.849,-118.118,631.789
-219.132,78.719,536.048,-217.944,-81.8283,535.87,-213.611,112.152,609.793,-212.007,-115.17,609.58
-224.586,79.5073,537.22,-223.387,-82.688,537.054,-220.66,111.819,600.518,-219.056,-114.966,600.325
-222.322,77.7944,522.913,-221.15,-80.9395,522.762,-220.838,108.32,576.207,-219.28,-111.505,576.04
-223.628,77.444,517.945,-222.461,-80.6051,517.804,-224.938,106.926,563.423,-223.395,-110.205,563.275
-225.028,77.2106,513.814,-223.865,-80.3884,513.681,-229.373,105.811,552.806,-227.84,-109.192,552.674
-226.327,77.0129,510.235,-225.168,-80.2055,510.107,-233.894,104.853,543.899,-232.369,-108.336,543.781
-227.298,76.8435,507.424,-226.143,-80.0462,507.301,-238.129,103.994,536.597,-236.609,-107.571,536.488
-228.192,76.6682,505.592,-227.041,-79.8792,505.472,-242.161,103.195,530.898,-240.646,-106.859,530.794
-228.974,76.4914,504.202,-227.828,-79.7085,504.083,-245.851,102.473,526.206,-244.341,-106.21,526.104
-229.624,76.3161,503.872,-228.482,-79.5363,503.753,-249.064,101.829,522.943,-247.557,-105.626,522.839
-230.19,76.1375,504.222,-229.053,-79.359,504.1,-251.771,101.277,520.718,-250.266,-105.119,520.609
-230.688,75.9804,505.89,-229.554,-79.2036,505.765,-253.971,100.85,519.806,-252.467,-104.726,519.692
-230.712,75.874,508.469,-229.579,-79.0931,508.342,-255.052,100.511,519.618,-253.549,-104.399,519.498
-230.428,75.8137,509.518,-229.295,-79.0261,509.389,-255.077,100.353,517.955,-253.574,-104.236,517.833
-230.085,76.6319,442.989,-228.937,-79.8316,442.856,-250.885,99.2015,456.983,-249.392,-103.016,456.85
-231.679,78.4735,448.737,-230.504,-81.6877,448.597,-254.028,102.57,464.256,-252.485,-106.426,464.116
-231.795,79.8164,451.172,-230.602,-83.0284,451.028,-255.066,103.932,467.178,-253.498,-107.805,467.031
-231.563,81.0353,452.43,-230.352,-84.2403,452.284,-255.317,104.627,468.198,-253.735,-108.513,468.047
-231.097,82.1434,452.987,-229.871,-85.3376,452.84,-255.017,104.866,468.003,-253.425,-108.759,467.851
-230.823,83.2164,453.306,-229.583,-86.4025,453.16,-254.415,104.816,466.91,-252.819,-108.714,466.76
-230.656,84.1638,453.311,-229.404,-87.344,453.166,-253.782,104.64,465.302,-252.185,-108.543,465.154
-230.125,84.8954,452.652,-228.866,-88.066,452.513,-252.54,104.028,462.988,-250.948,-107.924,462.845
-229.293,85.4275,451.479,-228.03,-88.5862,451.346,-250.809,103.13,460.139,-249.226,-107.011,460.001
-228.305,85.7788,449.958,-227.042,-88.9277,449.831,-248.725,102.039,456.9,-247.152,-105.896,456.765
-226.844,85.8342,447.456,-225.583,-88.9716,447.337,-245.952,100.695,452.648,-244.391,-104.517,452.516
0.0184475,0.736142,11.1456,0.0192298,-0.711828,11.1322,0.0154604,-0.00219966,0.275966,0.0154341,0.00240125,0.276406
-4.54329,2.7911,26.6713,-4.51379,-2.82244,26.6666,0.0229286,-0.00144026,0.327761,0.022935,0.00179641,0.328393
-11.9353,6.671,53.7731,-11.8594,-6.83776,53.8108,0.0363711,-0.000754037,0.428862,0.0364281,0.00126847,0.42994
-19.9252,10.3975,82.8737,-19.7996,-10.6691,82.9297,0.166531,0.0156595,0.845154,0.167857,-0.0131869,0.849323
-30.1197,15.2971,119.844,-29.9261,-15.716,119.909,2.32524,1.53973,7.78343,2.3383,-1.53393,7.89995
-47.7581,23.9544,181.722,-47.4324,-24.641,181.749,-14.7126,14.135,79.2193,-14.5727,-14.3889,79.4645
-60.3038,29.8421,224.883,-59.8871,-30.7232,224.876,-30.0783,25.5554,146.305,-29.7786,-26.0264,146.539
-77.5016,37.7018,283.536,-76.9558,-38.822,283.452,-52.3929,42.6002,246.528,-51.8149,-43.3524,246.594
-97.4856,46.9032,351.104,-96.7911,-48.3144,350.94,-77.4553,61.6971,359.113,-76.5757,-62.7702,359.028
-119.593,57.1367,425.563,-118.733,-58.868,425.31,-105.495,83.3651,487.288,-104.272,-84.7963,487.021
-144.645,68.5878,508.387,-143.6,-70.6778,508.032,-136.638,107.49,630.037,-135.033,-109.315,629.562
-170.673,80.4693,595.083,-169.433,-82.9396,594.608,-170.85,134.876,791.813,-168.808,-137.125,791.08
-205.574,96.1401,708.411,-204.078,-99.1132,707.781,-216.542,171.891,1010.9,-213.908,-174.699,1009.79
-230.557,107.055,787.22,-228.881,-110.386,786.472,-250.315,200.087,1177.91,-247.228,-203.298,1176.5
-253.705,128.351,890.475,-251.703,-132.039,889.623,-291.103,237.734,1400.59,-287.414,-241.422,1398.78
-243.448,107.595,764.369,-241.719,-111.128,763.467,-297.695,234.915,1391.52,-294.063,-238.647,1389.59
-235.885,101.414,709.77,-234.278,-104.822,709.029,-278.21,211.455,1231.51,-274.963,-215.017,1230.02
-227.749,94.6607,648.334,-226.275,-97.9402,647.785,-251.295,177.312,1004.53,-248.732,-180.387,1003.29
-223.979,90.9662,613.282,-222.579,-94.1728,612.833,-234.626,158.529,885.105,-232.365,-161.459,884.145
-220.212,87.6555,582.484,-218.885,-90.7622,582.111,-219.023,141.374,778.605,-216.991,-144.255,777.977
-215.477,84.31,572.479,-214.195,-87.376,572.205,-211.083,129.293,715.749,-209.22,-132.132,715.289
-215.282,81.9362,565.383,-214.036,-85,565.136,-210.967,124.224,698.327,-209.185,-127.111,697.969
-216.53,80.5686,552.54,-215.307,-83.6445,552.315,-211.421,119.559,663.541,-209.712,-122.484,663.247
-218.169,79.559,543.885,-216.963,-82.6531,543.677,-212.241,115.515,634.111,-210.591,-118.48,633.863
-219.864,78.8829,537.786,-218.669,-81.9965,537.594,-214.331,112.467,611.729,-212.722,-115.492,611.511
-225.286,79.632,538.899,-224.082,-82.8173,538.718,-221.374,112.105,602.383,-219.766,-115.259,602.184
-222.98,77.8653,524.462,-221.803,-81.015,524.296,-221.532,108.573,577.945,-219.971,-111.762,577.77
-224.286,77.4753,519.417,-223.115,-80.6404,519.26,-225.657,107.165,565.121,-224.11,-110.446,564.962
-225.721,77.2091,515.21,-224.555,-80.3908,515.061,-230.14,106.047,554.473,-228.603,-109.427,554.328
-227.1,76.992,511.577,-225.938,-80.189,511.432,-234.743,105.1,545.565,-233.212,-108.579,545.43
-228.186,76.8178,508.727,-227.028,-80.026,508.586,-239.079,104.262,538.274,-237.553,-107.833,538.146
-229.217,76.6529,506.869,-228.062,-79.871,506.731,-243.219,103.489,532.59,-241.697,-107.147,532.466
-230.143,76.4993,505.463,-228.992,-79.7255,505.327,-247.005,102.791,527.906,-245.485,-106.523,527.782
-230.929,76.3567,505.126,-229.782,-79.5886,504.991,-250.285,102.163,524.635,-248.767,-105.959,524.51
-231.615,76.2149,505.475,-230.471,-79.4512,505.339,-253.02,101.618,522.382,-251.503,-105.463,522.253
-232.213,76.0943,507.145,-231.071,-79.3357,507.007,-255.214,101.187,521.425,-253.699,-105.071,521.294
-232.321,76.0212,509.723,-231.18,-79.2617,509.585,-256.274,100.836,521.185,-254.76,-104.737,521.051
-232.105,75.9885,510.764,-230.964,-79.2251,510.627,-256.271,100.661,519.468,-254.758,-104.56,519.334
-231.736,76.8159,444.203,-230.581,-80.038,444.064,-251.965,99.464,458.403,-250.464,-103.294,458.261
-233.392,78.6814,449.922,-232.21,-81.9207,449.776,-255.089,102.8,465.595,-253.538,-106.675,465.446
-233.561,80.0418,452.324,-232.361,-83.2809,452.176,-256.133,104.139,468.466,-254.558,-108.034,468.312
-233.373,81.2745,453.548,-232.156,-84.5089,453.398,-256.397,104.812,469.435,-254.806,-108.719,469.277
-232.946,82.3948,454.071,-231.713,-85.6208,453.921,-256.118,105.029,469.195,-254.518,-108.944,469.035
-232.708,83.4812,454.362,-231.46,-86.7019,454.212,-255.544,104.96,468.064,-253.939,-108.879,467.904
-232.573,84.4462,454.345,-231.313,-87.6638,454.197,-254.945,104.766,466.425,-253.336,-108.69,466.266
-232.067,85.2026,453.676,-230.799,-88.4132,453.531,-253.741,104.141,464.089,-252.136,-108.059,463.931
-231.252,85.7714,452.501,-229.978,-88.9714,452.36,-252.05,103.235,461.228,-250.453,-107.138,461.071
-230.269,86.1779,450.993,-228.991,-89.3669,450.857,-250.01,102.141,457.99,-248.422,-106.022,457.835
-228.766,86.3019,448.477,-227.489,-89.4746,448.346,-247.252,100.781,453.712,-245.679,-104.627,453.559
-0.0115621,0.744347,11.0944,-0.0100125,-0.720863,11.0807,0.0154818,-0.00220986,0.275937,0.0154576,0.00241161,0.276381
-4.56697,2.78878,26.6334,-4.53708,-2.82056,26.6283,0.0229174,-0.00145795,0.327568,0.0229301,0.00181269,0.328215
-11.971,6.67342,53.8115,-11.8949,-6.84061,53.8491,0.0361887,-0.000787865,0.428103,0.0362621,0.00129675,0.429227
-19.9727,10.4079,82.9758,-19.8468,-10.6799,83.0318,0.164039,0.0153231,0.83973,0.165474,-0.0128975,0.844146
-30.1797,15.3162,120.021,-29.986,-15.7353,120.086,2.31021,1.48892,7.58451,2.3247,-1.48372,7.70526
-47.8485,23.9932,182.025,-47.5221,-24.6813,182.052,-14.6355,14.1055,79.0058,-14.5021,-14.3624,79.2698
-60.4234,29.8945,225.282,-60.0057,-30.7772,225.275,-30.1953,25.6308,146.764,-29.8909,-26.1009,146.983
-77.6513,37.7718,284.061,-77.1042,-38.894,283.977,-52.4952,42.6708,246.941,-51.9162,-43.4253,247.008
-97.6729,46.9935,351.772,-96.9768,-48.4072,351.608,-77.6081,61.8061,359.75,-76.7267,-62.8821,359.665
-119.822,57.2492,426.389,-118.96,-58.9837,426.135,-105.704,83.5169,488.179,-104.478,-84.9518,487.912
-144.92,68.7248,509.387,-143.872,-70.8185,509.031,-136.909,107.69,631.217,-135.301,-109.52,630.741
-170.997,80.6328,596.273,-169.754,-83.1074,595.796,-171.19,135.13,793.312,-169.143,-137.384,792.576
-205.962,96.3376,709.845,-204.463,-99.3154,709.212,-216.977,172.222,1012.86,-214.336,-175.035,1011.75
-230.989,107.278,788.838,-229.31,-110.614,788.086,-250.817,200.479,1180.24,-247.722,-203.695,1178.82
-254.157,128.585,892.155,-252.15,-132.276,891.297,-291.694,238.212,1403.44,-287.995,-241.903,1401.62
-243.901,107.818,765.938,-242.169,-111.354,765.03,-298.291,235.422,1394.53,-294.65,-239.154,1392.58
-236.328,101.625,711.238,-234.717,-105.034,710.491,-278.743,211.894,1234.07,-275.489,-215.455,1232.57
-228.179,94.8513,649.638,-226.702,-98.131,649.083,-251.788,177.676,1006.59,-249.219,-180.75,1005.33
-224.416,91.1491,614.534,-223.014,-94.3567,614.08,-235.112,158.867,886.976,-232.845,-161.796,886.008
-220.64,87.8224,583.627,-219.31,-90.9308,583.25,-219.452,141.651,780.096,-217.416,-144.532,779.461
-215.905,84.4651,573.562,-214.619,-87.5332,573.284,-211.507,129.544,717.1,-209.64,-132.385,716.635
-215.701,82.076,566.404,-214.452,-85.1421,566.153,-211.373,124.452,699.575,-209.587,-127.342,699.213
-216.933,80.6905,553.505,-215.706,-83.7688,553.276,-211.809,119.761,664.676,-210.096,-122.689,664.378
-218.552,79.6619,544.803,-217.342,-82.7583,544.589,-212.611,115.694,635.154,-210.959,-118.662,634.903
-220.225,78.9649,538.657,-219.027,-82.0809,538.459,-214.688,112.625,612.7,-213.077,-115.654,612.479
-225.631,79.6943,539.74,-224.424,-82.882,539.552,-221.727,112.249,603.318,-220.118,-115.407,603.115
-223.303,77.9007,525.238,-222.123,-81.0526,525.064,-221.876,108.7,578.815,-220.313,-111.892,578.636
-224.609,77.4912,520.152,-223.437,-80.6581,519.987,-226.014,107.285,565.971,-224.465,-110.568,565.807
-226.064,77.2094,515.906,-224.896,-80.3928,515.748,-230.522,106.166,555.307,-228.983,-109.545,555.155
-227.485,76.9841,512.246,-226.321,-80.183,512.093,-235.167,105.225,546.398,-233.634,-108.701,546.255
-228.63,76.8091,509.378,-227.47,-80.0197,509.229,-239.553,104.397,539.112,-238.024,-107.965,538.974
-229.731,76.6506,507.509,-228.574,-79.8719,507.363,-243.746,103.637,533.434,-242.219,-107.291,533.298
-230.73,76.5092,506.096,-229.576,-79.7397,505.952,-247.576,102.949,528.75,-246.051,-106.679,528.616
-231.584,76.3827,505.757,-230.434,-79.6203,505.614,-250.886,102.33,525.472,-249.363,-106.124,525.337
-232.329,76.2587,506.105,-231.182,-79.5022,505.962,-253.635,101.787,523.203,-252.113,-105.633,523.065
-232.978,76.1556,507.773,-231.832,-79.4058,507.63,-255.828,101.354,522.224,-254.307,-105.241,522.085
-233.128,76.0985,510.35,-231.983,-79.3492,510.207,-256.878,100.998,521.959,-255.359,-104.904,521.818
-232.946,76.0791,511.387,-231.802,-79.327,511.246,-256.865,100.813,520.216,-255.347,-104.721,520.077
-232.565,76.9113,444.811,-231.407,-80.1439,444.668,-252.505,99.5951,459.107,-250.999,-103.432,458.96
-234.252,78.7886,450.515,-233.067,-82.0397,450.367,-255.621,102.916,466.259,-254.066,-106.8,466.107
-234.447,80.1578,452.902,-233.243,-83.4095,452.752,-256.67,104.244,469.108,-255.091,-108.15,468.951
-234.281,81.3975,454.11,-233.06,-84.6454,453.959,-256.941,104.906,470.052,-255.347,-108.825,469.892
-233.873,82.5239,454.619,-232.636,-85.7646,454.467,-256.675,105.114,469.792,-255.071,-109.04,469.63
-233.65,83.6168,454.896,-232.399,-86.8535,454.745,-256.116,105.035,468.644,-254.506,-108.966,468.481
-233.53,84.5901,454.869,-232.266,-87.8249,454.719,-255.532,104.834,466.991,-253.92,-108.769,466.827
-233.034,85.3582,454.193,-231.761,-88.5871,454.046,-254.348,104.202,464.645,-252.737,-108.131,464.481
-232.225,85.9441,453.017,-230.946,-89.1629,452.873,-252.678,103.291,461.779,-251.073,-107.206,461.615
-231.242,86.3763,451.513,-229.959,-89.5838,451.372,-250.658,102.194,458.54,-249.063,-106.089,458.377
-229.725,86.5357,448.995,-228.441,-89.7253,448.858,-247.917,100.831,454.262,-246.337,-104.693,454.099
-0.0265537,0.748442,11.0688,-0.0246208,-0.725373,11.055,0.0154925,-0.00221495,0.275923,0.0154694,0.00241679,0.276369
-4.57881,2.78725,26.6145,-4.54872,-2.81925,26.6091,0.0229118,-0.00146677,0.327471,0.0229276,0.0018208,0.328127
-11.9889,6.67452,53.8308,-11.9127,-6.84193,53.8685,0.036098,-0.000804663,0.427725,0.0361795,0.0013108,0.428872
-19.9964,10.4131,83.0268,-19.8704,-10.6852,83.083,0.162811,0.0151576,0.837048,0.164298,-0.012755,0.841584
-30.2098,15.3258,120.11,-30.0159,-15.7448,120.175,2.30187,1.46392,7.48736,2.31713,-1.45902,7.61006
-47.8935,24.0126,182.176,-47.5668,-24.7014,182.203,-14.5952,14.0913,78.8916,-14.4652,-14.3497,79.1651
-60.483,29.9207,225.481,-60.0649,-30.8043,225.475,-30.254,25.6693,146.994,-29.9472,-26.1388,147.205
-77.7259,37.8069,284.324,-77.1782,-38.9301,284.24,-52.5461,42.7063,247.147,-51.9666,-43.462,247.215
-97.7662,47.0387,352.107,-97.0694,-48.4537,351.942,-77.6844,61.8607,360.069,-76.8021,-62.9382,359.984
-119.936,57.3056,426.802,-119.073,-59.0416,426.548,-105.808,83.593,488.626,-104.581,-85.0297,488.359
-145.057,68.7933,509.888,-144.008,-70.8891,509.531,-137.045,107.791,631.807,-135.435,-109.622,631.331
-171.158,80.7146,596.869,-169.914,-83.1915,596.391,-171.359,135.256,794.062,-169.31,-137.513,793.325
-206.155,96.4364,710.562,-204.654,-99.4166,709.928,-217.193,172.388,1013.85,-214.55,-175.204,1012.73
-231.205,107.39,789.648,-229.523,-110.728,788.895,-251.067,200.675,1181.4,-247.968,-203.893,1179.98
-254.382,128.702,892.996,-252.373,-132.395,892.136,-291.987,238.451,1404.87,-288.285,-242.143,1403.04
-244.127,107.93,766.724,-242.392,-111.467,765.813,-298.587,235.675,1396.03,-294.942,-239.408,1394.08
-236.548,101.731,711.973,-234.936,-105.14,711.223,-279.007,212.113,1235.35,-275.75,-215.674,1233.85
-228.392,94.9465,650.29,-226.914,-98.2265,649.734,-252.032,177.858,1007.61,-249.46,-180.932,1006.35
-224.633,91.2405,615.161,-223.229,-94.4489,614.705,-235.353,159.036,887.911,-233.084,-161.966,886.94
-220.852,87.9058,584.199,-219.521,-91.0153,583.821,-219.666,141.789,780.841,-217.627,-144.67,780.204
-216.117,84.5426,574.105,-214.83,-87.6121,573.825,-211.718,129.67,717.776,-209.849,-132.512,717.31
-215.909,82.1459,566.916,-214.658,-85.2134,566.662,-211.575,124.566,700.2,-209.788,-127.457,699.837
-217.132,80.7515,553.99,-215.904,-83.8311,553.757,-212.001,119.862,665.244,-210.287,-122.792,664.945
-218.741,79.7134,545.263,-217.53,-82.8111,545.046,-212.796,115.784,635.677,-211.142,-118.754,635.424
-220.402,79.0059,539.094,-219.203,-82.1232,538.893,-214.865,112.705,613.186,-213.253,-115.735,612.964
-225.801,79.7254,540.162,-224.592,-82.9144,539.97,-221.903,112.322,603.786,-220.292,-115.481,603.582
-223.462,77.9184,525.626,-222.281,-81.0715,525.449,-222.047,108.764,579.251,-220.483,-111.957,579.07
-224.768,77.4992,520.519,-223.595,-80.667,520.35,-226.191,107.346,566.396,-224.642,-110.629,566.23
-226.233,77.21,516.254,-225.064,-80.3942,516.092,-230.713,106.226,555.725,-229.173,-109.604,555.57
-227.675,76.9808,512.581,-226.511,-80.1806,512.423,-235.378,105.288,546.816,-233.844,-108.763,546.668
-228.851,76.8059,509.704,-227.69,-80.0176,509.551,-239.79,104.465,539.531,-238.259,-108.031,539.388
-229.987,76.6509,507.83,-228.83,-79.8738,507.68,-244.008,103.711,533.855,-242.479,-107.363,533.714
-231.022,76.5157,506.415,-229.868,-79.7484,506.266,-247.86,103.029,529.171,-246.333,-106.758,529.031
-231.911,76.3972,506.074,-230.759,-79.6377,505.927,-251.185,102.413,525.889,-249.659,-106.207,525.748
-232.686,76.282,506.42,-231.537,-79.529,506.274,-253.939,101.871,523.612,-252.414,-105.718,523.469
-233.36,76.1875,508.088,-232.213,-79.4419,507.942,-256.132,101.437,522.621,-254.608,-105.326,522.478
-233.531,76.1382,510.663,-232.385,-79.3939,510.518,-257.179,101.078,522.344,-255.657,-104.988,522.199
-233.367,76.1253,511.698,-232.221,-79.3788,511.555,-257.16,100.89,520.588,-255.64,-104.801,520.446
-232.98,76.96,445.114,-231.82,-80.1976,444.97,-252.774,99.6609,459.458,-251.266,-103.502,459.308
-234.683,78.8431,450.812,-233.496,-82.0999,450.663,-255.887,102.974,466.591,-254.33,-106.863,466.437
-234.891,80.2168,453.192,-233.685,-83.4745,453.04,-256.939,104.297,469.428,-255.358,-108.208,469.27
-234.736,81.46,454.392,-233.513,-84.7144,454.24,-257.215,104.955,470.361,-255.619,-108.879,470.2
-234.336,82.5894,454.894,-233.098,-85.8371,454.741,-256.954,105.157,470.092,-255.348,-109.089,469.928
-234.121,83.6856,455.165,-232.868,-86.9298,455.013,-256.403,105.074,468.936,-254.791,-109.011,468.77
-234.007,84.6629,455.133,-232.741,-87.9058,454.982,-255.828,104.868,467.276,-254.213,-108.809,467.11
-233.516,85.4367,454.454,-232.241,-88.6741,454.305,-254.653,104.234,464.925,-253.039,-108.168,464.758
-232.71,86.0307,453.276,-231.428,-89.2586,453.13,-252.992,103.32,462.056,-251.385,-107.241,461.889
-231.727,86.4753,451.773,-230.44,-89.6916,451.63,-250.983,102.222,458.817,-249.385,-106.124,458.65
-230.203,86.6525,449.256,-228.916,-89.8504,449.116,-248.253,100.858,454.541,-246.669,-104.728,454.374
16.1522,-4.05627,40.6372,15.6972,4.53772,40.8584,0.00327031,0.00383792,0.292425,0.00228962,-0.00353452,0.290696
8.1095,-23.3373,43.926,7.60704,23.7227,43.666,0.02851,0.0205649,0.474094,0.0227016,-0.016348,0.458989
2.96902,-10.0257,51.4052,2.78425,10.1677,51.0982,2.68541,1.18141,5.12237,2.04455,-0.649905,3.93022
-0.277335,0.0217142,44.3276,-0.152544,-0.0539176,43.6603,-5.34492,17.2886,89.5692,-4.57175,-15.7154,83.9846
2.78168,1.99415,31.3644,2.88778,-2.43874,31.2975,-5.43376,6.01326,72.4416,-5.68385,-7.10342,75.4935
-3.35871,51.372,211.1,-6.5986,-60.7696,228.674,4.05188,-153.7,192.376,4.67971,155.142,194.229
-0.015038,-0.00347388,0.029864,-0.0130168,0.00402374,0.0270151,-332.141,561.26,815.249,-294.903,-479.109,703.271
8.01392,-1.59272,25.5328,7.79885,1.84303,25.6058,0.00970856,0.000583709,0.283632,0.00917706,-0.000384271,0.28297
1.79336,-8.07766,35.3995,1.59463,8.23691,35.2792,0.0253901,0.00566326,0.38677,0.0233016,-0.00436908,0.381893
-4.35418,-0.995503,52.3366,-4.40475,0.942524,52.2342,0.206268,0.0363846,0.851473,0.179447,-0.0241673,0.802266
-9.06771,5.27118,62.3531,-9.02376,-5.43069,62.3178,3.75929,4.75082,21.4654,4.29555,-3.66026,17.8067
-17.2484,9.3526,78.8251,-17.2252,-10.1011,79.4112,2.33951,7.89145,55.1818,3.2369,-7.42363,53.9233
-27.0325,34.8114,188.797,-29.2159,-41.1271,199.3,1.45981,-77.5666,97.6141,1.67758,78.483,98.9668
-0.146358,-0.0342485,0.233894,-0.111428,0.0352134,0.189301,-99.2366,164.52,240.349,-92.7161,-148.357,218.835
545.226,682.929,2348.43,461.728,-770.377,2545.98,0.00449286,-0.00436795,0.013003,0.00583336,0.00501269,0.0149735
-3325.13,-172.872,4162.02,-1.68661e+06,163652,2.11817e+06,-0.000905325,0.000637391,0.00336913,0.000177901,0.000112487,0.00276027
3.94696,-0.386346,18.1035,3.84435,0.521229,18.1257,0.0126711,-0.000872513,0.279641,0.012387,0.00106163,0.279531
-1.4339,-1.1407,31.1226,-1.50119,1.19114,31.092,0.0241144,0.00141812,0.354348,0.0232248,-0.000746386,0.352647
-7.89217,4.16141,51.6665,-7.86388,-4.27312,51.6602,0.0764344,0.00726632,0.560552,0.072121,-0.00481451,0.551249
-14.1732,8.28669,71.5372,-14.0812,-8.50432,71.5415,1.85385,0.413201,3.6387,1.66852,-0.312895,3.32631
-23.5313,12.6751,99.1926,-23.2935,-13.0073,98.8604,-1.0205,7.42556,46.9101,-1.01784,-7.59778,46.6985
-37.4091,35.7863,207.956,-38.3922,-39.6431,213.969,0.234774,-58.3862,74.2903,0.250987,58.9586,75.6547
-32.4556,-4.21219,41.1226,-27.3787,6.39022,35.325,-54.9449,85.0297,133.201,-53.3336,-81.0781,124.949
87.773,127.471,482.01,99.6383,-102.352,471.97,0.0156398,-0.0151094,0.059767,0.0261772,0.0164321,0.073305
-0.0187209,-0.000992994,0.0290295,-0.0121375,0.00252926,0.0207297,-170.594,113.455,256.11,-112.446,-60.673,159.728
1.92945,0.199237,14.4847,1.88057,-0.121452,14.4872,0.0141006,-0.00155931,0.277743,0.0139458,0.00175218,0.277912
-3.03316,1.58279,28.9172,-3.04342,-1.5789,28.9153,0.0235192,-0.000186832,0.340219,0.0231159,0.000664829,0.339789
-9.83602,5.94809,52.1428,-9.77783,-6.08755,52.1696,0.0508472,0.00205998,0.48314,0.049497,-0.000974971,0.480506
-17.0143,9.53592,76.9079,-16.9041,-9.78276,76.9466,0.49167,0.0662027,1.44458,0.466607,-0.0541776,1.40312
-26.5676,14.0228,109.186,-26.3823,-14.4243,109.189,-0.199855,5.5962,29.4692,-0.0112671,-5.50286,28.6766
-41.9725,28.0445,188.074,-42.3161,-30.184,190.671,-6.64839,-16.3276,65.1249,-7.30866,15.1149,68.8747
-52.0418,29.0256,206.901,-51.8503,-30.3255,207.632,-21.7209,13.2501,119.336,-21.792,-14.0309,120.956
-66.2008,33.3745,246.739,-65.6052,-34.3095,246.184,-45.6217,35.7076,221.845,-45.0812,-36.3373,221.68
-82.8658,40.025,300.209,-81.9703,-40.9448,298.811,-69.0672,54.9634,326.507,-68.1427,-55.6985,325.508
-101.395,48.3387,363.742,-100.267,-49.457,361.812,-93.6532,74.9015,440.842,-92.3805,-75.8308,439.199
-122.475,58.1341,436.568,-121.16,-59.5781,434.325,-119.598,95.9721,564.093,-118.017,-97.157,562.013
-144.581,68.3127,511.95,-143.123,-70.0953,509.524,-147.897,119.82,703.938,-146.003,-121.242,701.473
-175.361,81.7818,609.902,-173.766,-83.9918,607.393,-186.612,152.467,894.974,-184.297,-154.099,891.94
-199.551,91.4431,678.038,-197.929,-93.8838,675.611,-217.092,178.478,1044.81,-214.462,-180.058,1041.29
-225.93,113.243,782.642,-224.188,-115.978,780.521,-254.264,212.725,1239.93,-251.184,-214.142,1235.66
-222.614,94.699,670.654,-221.251,-97.2065,668.962,-264.433,209.733,1224.12,-261.468,-210.834,1219.79
-219.078,89.8176,623.511,-217.981,-92.182,622.405,-251.23,190.112,1087.2,-248.618,-190.927,1083.67
-210.813,83.9296,567.562,-209.923,-86.0075,566.91,-226.476,158.379,882.412,-224.515,-158.836,879.798
-204.498,80.2741,531.095,-203.537,-81.8104,530.379,-207.747,138.149,762.995,-206.106,-138.683,761.386
-199.357,77.5537,501.861,-198.169,-78.4077,500.751,-193.811,122.566,673.829,-192.266,-123.254,672.732
-196.411,74.9054,494.426,-195.193,-75.6165,493.379,-186.628,111.394,618.599,-185.215,-112.189,617.833
-200.467,73.6746,492.03,-199.354,-74.5633,491.237,-189.425,108.131,609.171,-188.042,-109.049,608.483
-205.278,73.5153,482.214,-204.251,-74.5093,481.692,-191.955,104.915,581.38,-190.569,-105.94,580.766
-209.471,73.6989,474.534,-208.52,-74.7371,474.314,-194.603,102.039,558.145,-193.149,-103.109,557.514
-213.985,74.5735,469.551,-213.152,-75.7675,469.781,-198.642,100.098,541.172,-197.069,-101.228,540.514
-221.99,77.211,470.957,-221.307,-78.7318,471.802,-207.206,100.533,535.309,-205.436,-101.797,534.633
-223.104,78.7298,459.176,-222.557,-80.5464,460.689,-210.007,97.7102,515.746,-207.987,-99.0612,515.018
-227.071,82.281,456.625,-226.7,-84.7258,459.018,-215.988,96.6037,506.45,-213.673,-98.2008,505.766
-230.759,86.9902,456.316,-230.537,-90.2961,459.722,-221.161,94.8974,497.833,-218.5,-96.8867,497.228
-232.573,92.1755,458.634,-232.483,-96.7165,463.19,-223.316,92.0278,488.735,-220.361,-94.6919,488.349
-230.302,96.2422,464.908,-230.304,-102.433,470.675,-218.275,87.2709,477.129,-215.202,-91.0755,477.174
-222.022,96.5653,474.631,-221.993,-104.555,481.396,-202.648,80.2933,461.386,-199.711,-85.9183,462.137
-207.215,90.8824,481.951,-206.802,-99.9556,488.914,-178.809,71.942,442.206,-176.061,-80.2075,443.906
-189.635,79.562,477.411,-188.015,-87.5849,482.951,-161.385,64.5079,426.639,-158.284,-76.1753,429.375
-177.196,66.9293,456.796,-173.311,-71.2397,458.962,-170.058,60.7983,423.628,-165.77,-75.8456,427.074
-176.004,58.2229,435.407,-169.959,-58.666,433.626,-206.699,63.2554,437.731,-201.235,-79.5153,440.75
-183.823,55.8969,433.685,-177.697,-56.2183,430.035,-249.076,72.7979,463.446,-243.478,-86.4288,464.569
-193.013,59.333,452.467,-188.604,-62.9055,449.677,-274.765,86.2699,487.906,-269.707,-95.6121,486.921
-197.424,65.6483,411.798,-194.298,-71.6042,410.377,-275.793,98.4815,445.273,-270.882,-105.073,443.305
-199.268,73.5009,436.624,-196.134,-79.8041,435.669,-271.627,106.537,457.612,-266.37,-112.498,455.526
-194.468,77.91,446.864,-190.956,-83.8056,445.827,-258.494,107.586,455.922,-252.758,-113.285,453.743
-187.141,79.1117,446.401,-183.321,-84.9132,445.172,-245.415,105.217,448.888,-239.212,-110.77,446.413
-179.6,78.6232,440.992,-175.516,-84.6996,439.593,-234.972,101.485,441.095,-228.338,-107.383,438.333
-173.269,77.719,434.545,-168.927,-84.2542,433.042,-227.582,97.655,434.358,-220.631,-104.445,431.503
-168.557,76.9161,428.401,-163.988,-83.9352,426.882,-222.953,94.3181,428.867,-215.878,-102.245,426.097
-165.322,76.3616,422.409,-160.593,-83.7837,420.969,-219.814,91.2042,423.686,-212.884,-100.11,421.049
-163.725,76.18,416.483,-158.918,-83.9018,415.246,-217.737,88.4078,418.275,-211.222,-97.8306,415.647
-163.611,76.4667,410.194,-158.782,-84.2416,409.273,-215.758,85.5925,411.607,-209.853,-94.6593,408.553
-167.602,78.7155,407.097,-163.138,-87.4567,407.67,-218.085,85.7954,410.173,-213.313,-95.0896,407.03
0.934069,0.482073,12.7298,0.911192,-0.432277,12.7237,0.0148047,-0.0018928,0.276817,0.0147158,0.00208956,0.277126
-3.82034,2.48189,27.7795,-3.80708,-2.49785,27.7818,0.0232202,-0.000872427,0.333634,0.0230358,0.00127902,0.333773
-10.8892,6.46363,52.8074,-10.8203,-6.61724,52.843,0.0424539,0.000409217,0.453094,0.0419452,0.000316969,0.452611
-18.5046,10.0337,79.8939,-18.3861,-10.294,79.9442,0.269639,0.0303021,1.05267,0.264938,-0.025498,1.04506
-28.3555,14.6991,114.604,-28.1686,-15.1135,114.651,1.62377,3.44216,16.783,1.69305,-3.39094,16.5229
-44.9143,24.3723,178.785,-44.7816,-25.409,179.457,-13.2991,7.33495,76.4849,-13.2969,-7.75633,77.3603
-56.4346,28.9553,214.964,-56.1031,-29.9442,215.188,-26.2278,21.492,132.943,-26.079,-22.0374,133.685
-72.3967,35.6652,267.01,-71.86,-36.7265,266.839,-49.0614,39.8417,234.195,-48.5233,-40.5556,234.271
-90.9513,43.9077,328.881,-90.2224,-45.1699,328.414,-73.0343,58.4551,341.828,-72.1853,-59.435,341.603
-111.518,53.2996,398.197,-110.607,-54.8472,397.51,-99.4566,79.1331,463.203,-98.2767,-80.42,462.686
-134.932,63.9507,475.955,-133.842,-65.8548,475.104,-128.488,101.905,597.423,-126.959,-103.537,596.631
-159.334,75.0366,557.3,-158.074,-77.3274,556.323,-160.266,127.717,749.433,-158.35,-129.716,748.354
-192.285,89.7164,663.714,-190.818,-92.5143,662.627,-202.67,162.456,954.409,-200.239,-164.925,952.952
-216.242,99.9476,737.268,-214.65,-103.094,736.137,-234.358,189.063,1111.16,-231.542,-191.835,1109.41
-239.471,121.099,839.351,-237.617,-124.603,838.239,-272.536,224.35,1318.22,-269.205,-227.46,1316.08
-230.302,100.871,717.124,-228.736,-104.164,716.056,-279.633,220.867,1304.67,-276.386,-223.945,1302.44
-223.833,95.2026,665.67,-222.4,-98.3344,664.813,-262.636,199.314,1156.84,-259.741,-202.212,1155.11
-216.582,89.1061,608.637,-215.277,-92.0605,608,-237.362,167.124,943.657,-235.101,-169.564,942.235
-213.086,85.6576,574.809,-211.852,-88.4814,574.299,-221.058,148.797,828.303,-219.091,-151.119,827.282
-209.953,82.7858,546.659,-208.778,-85.4507,546.227,-207.235,133.217,732.271,-205.461,-135.52,731.609
-205.688,79.7446,538.147,-204.566,-82.3393,537.852,-199.509,121.653,672.87,-197.898,-123.919,672.424
-206.157,77.7442,532.525,-205.082,-80.3227,532.3,-200.035,117.156,658.228,-198.495,-119.46,657.886
-208.017,76.7879,520.83,-206.973,-79.3596,520.668,-200.98,113.059,626.331,-199.5,-115.395,626.061
-210.232,76.1885,513.057,-209.212,-78.7604,512.952,-202.23,109.531,599.404,-200.793,-111.898,599.177
-212.529,75.9716,507.834,-211.526,-78.5556,507.787,-204.677,106.944,579.051,-203.26,-109.364,578.85
-218.329,77.1745,509.296,-217.319,-79.8287,509.304,-211.784,106.894,570.784,-210.348,-109.437,570.601
-216.755,76.1303,496.398,-215.758,-78.7549,496.453,-212.386,103.775,548.237,-210.965,-106.368,548.077
-218.301,76.404,492.288,-217.299,-79.077,492.394,-216.502,102.604,536.437,-215.07,-105.331,536.311
-219.772,76.8647,489.248,-218.755,-79.5892,489.402,-220.683,101.576,526.493,-219.237,-104.462,526.411
-220.701,77.3244,486.778,-219.664,-80.1081,486.976,-224.502,100.518,517.871,-223.044,-103.589,517.845
-220.785,77.6749,485.162,-219.73,-80.522,485.402,-227.444,99.352,510.45,-225.979,-102.626,510.491
-220.251,77.7493,484.505,-219.181,-80.6596,484.78,-229.601,98.0671,504.264,-228.137,-101.551,504.377
-219.22,77.4691,484.09,-218.136,-80.4297,484.383,-231.189,96.7863,498.951,-229.729,-100.464,499.125
-217.954,76.8295,484.31,-216.854,-79.8119,484.589,-232.712,95.6791,495.295,-231.248,-99.508,495.501
-216.816,75.9481,484.706,-215.694,-78.9209,484.937,-234.734,94.8999,493.207,-233.254,-98.8241,493.405
-215.964,75.0181,486.106,-214.814,-77.9602,486.262,-237.378,94.5289,493.032,-235.872,-98.4982,493.192
-214.942,74.2215,488.434,-213.762,-77.1217,488.506,-239.629,94.4842,494.013,-238.094,-98.4501,494.116
-213.834,73.6419,489.491,-212.629,-76.5079,489.489,-241.016,94.7877,493.699,-239.455,-98.7214,493.748
-213.229,74.3916,423.65,-212.001,-77.3016,423.588,-238.486,94.4711,434.591,-236.925,-98.349,434.583
-214.128,75.9094,430.107,-212.869,-78.8122,430.006,-242.566,98.4617,443.373,-240.939,-102.334,443.325
-213.499,77.0442,433.334,-212.221,-79.9324,433.206,-243.855,100.278,447.278,-242.199,-104.121,447.196
-212.524,78.0833,435.335,-211.231,-80.9501,435.189,-243.968,101.331,449.008,-242.294,-105.139,448.902
-211.297,78.9809,436.448,-209.985,-81.8207,436.285,-243.215,101.815,449.243,-241.529,-105.592,449.12
-210.256,79.7742,437.087,-208.922,-82.5877,436.906,-242.003,101.926,448.409,-240.313,-105.692,448.284
-209.367,80.3418,437.143,-208.011,-83.1298,436.953,-240.736,101.857,446.958,-239.057,-105.633,446.857
-208.257,80.562,436.249,-206.889,-83.323,436.066,-238.901,101.307,444.713,-237.258,-105.087,444.662
-207.1,80.4162,434.566,-205.733,-83.1594,434.408,-236.676,100.456,441.832,-235.096,-104.219,441.847
-206.059,79.8421,432.128,-204.709,-82.5962,432.017,-234.085,99.3323,438.274,-232.598,-103.029,438.353
-205.991,79.2133,429.904,-204.66,-82.0176,429.869,-232.171,98.9075,435.435,-230.78,-102.515,435.595
0.442925,0.619284,11.8754,0.432762,-0.583203,11.8654,0.0151545,-0.00205717,0.276361,0.015099,0.00225636,0.27674
-4.20823,2.7301,27.1952,-4.18541,-2.75473,27.1955,0.0230663,-0.00118489,0.330463,0.0229854,0.00156244,0.330869
-11.4401,6.60753,53.2785,-11.3671,-6.76822,53.316,0.0390282,-0.000251029,0.439738,0.0388435,0.000851914,0.440135
-19.2608,10.2404,81.4628,-19.1384,-10.507,81.5168,0.206729,0.0212022,0.929477,0.206057,-0.0179099,0.929444
-29.2864,15.024,117.382,-29.0959,-15.4414,117.439,2.26799,2.35208,11.2654,2.28287,-2.33107,11.2682
-46.4472,23.6432,178.39,-46.1577,-24.3624,178.504,-15.0293,13.4817,79.9827,-14.8555,-13.7218,80.1465
-58.5689,29.217,219.628,-58.1743,-30.0964,219.654,-28.4107,24.311,140.055,-28.1727,-24.7937,140.478
-75.2867,36.7399,276.106,-74.7553,-37.8331,276.018,-50.8944,41.5345,240.754,-50.3339,-42.2618,240.823
-94.6898,45.6059,341.47,-94.0063,-46.9737,341.273,-75.316,60.1924,350.518,-74.4621,-61.2315,350.434
-116.161,55.5006,413.666,-115.314,-57.1802,413.363,-102.581,81.3076,475.296,-101.395,-82.6927,475.028
-140.526,66.5974,494.085,-139.499,-68.633,493.676,-132.812,104.777,614.07,-131.259,-106.543,613.598
-165.838,78.1076,578.196,-164.624,-80.5248,577.673,-165.997,131.42,771.355,-164.026,-133.6,770.639
-199.818,93.3087,688.218,-198.363,-96.2324,687.559,-210.253,167.336,983.817,-207.718,-170.064,982.765
-224.188,103.875,764.503,-222.566,-107.165,763.749,-243.028,194.697,1145.79,-240.063,-197.83,1144.47
-247.115,125.035,866.972,-245.179,-128.701,866.145,-282.503,231.132,1360.95,-278.969,-234.748,1359.28
-236.958,104.438,742.403,-235.294,-107.949,741.536,-289.088,227.929,1349.76,-285.615,-231.6,1347.97
-229.629,98.4434,689.197,-228.086,-101.837,688.496,-270.566,205.399,1195.86,-267.458,-208.912,1194.47
-221.753,91.9868,629.985,-220.338,-95.2471,629.472,-244.305,172.271,975.798,-241.858,-175.295,974.628
-217.971,88.4125,595.652,-216.627,-91.5807,595.235,-227.798,153.833,858.844,-225.646,-156.705,857.966
-214.426,85.3303,566.322,-213.153,-88.384,565.979,-213.027,137.524,757.556,-211.088,-140.343,756.994
-209.792,82.1541,557.158,-208.569,-85.1596,556.928,-205.217,125.784,696.625,-203.442,-128.545,696.227
-209.807,79.9921,550.914,-208.626,-82.9913,550.726,-205.382,121.04,680.611,-203.683,-123.837,680.305
-211.318,78.8616,538.804,-210.164,-81.8674,538.652,-206.108,116.723,647.347,-204.475,-119.546,647.1
-213.226,78.0911,530.75,-212.089,-81.1076,530.626,-207.144,112.98,619.145,-205.565,-115.836,618.941
-215.182,77.6699,525.198,-214.055,-80.6975,525.098,-209.396,110.189,597.716,-207.851,-113.099,597.54
-220.744,78.6558,526.593,-219.603,-81.7451,526.509,-216.447,109.998,588.833,-214.898,-113.035,588.678
-218.689,77.2328,512.939,-217.565,-80.2794,512.87,-216.743,106.679,565.258,-215.232,-109.758,565.132
-219.996,77.1203,508.343,-218.872,-80.1816,508.288,-220.751,105.367,552.759,-219.253,-108.551,552.662
-221.276,77.1219,504.642,-220.15,-80.1986,504.599,-224.982,104.286,542.364,-223.493,-107.586,542.296
-222.25,77.113,501.44,-221.124,-80.2047,501.408,-229.11,103.282,533.503,-227.631,-106.7,533.464
-222.701,77.0609,498.982,-221.577,-80.1635,498.96,-232.774,102.309,526.129,-231.307,-105.839,526.117
-222.907,76.9047,497.45,-221.79,-80.0152,497.436,-236.109,101.35,520.276,-234.655,-104.98,520.286
-222.918,76.6437,496.277,-221.809,-79.7561,496.266,-239.113,100.461,515.435,-237.673,-104.171,515.459
-222.805,76.2928,496.053,-221.704,-79.3981,496.039,-241.818,99.6919,512.125,-240.388,-103.455,512.149
-222.701,75.8862,496.408,-221.607,-78.9769,496.381,-244.313,99.0887,510.009,-242.886,-102.88,510.021
-222.646,75.4884,498.031,-221.557,-78.5613,497.986,-246.588,98.688,509.355,-245.161,-102.488,509.346
-222.213,75.1603,500.578,-221.124,-78.2092,500.515,-247.91,98.4345,509.514,-246.479,-102.219,509.482
-221.552,74.9194,501.652,-220.46,-77.9442,501.572,-248.227,98.407,508.236,-246.79,-102.164,508.185
-221.322,75.7057,435.361,-220.211,-78.7306,435.262,-244.745,97.5487,447.887,-243.311,-101.248,447.81
-222.556,77.407,441.33,-221.419,-80.4295,441.216,-248.102,101.137,455.706,-246.615,-104.858,455.612
-222.341,78.6471,444.006,-221.184,-81.6541,443.88,-249.174,102.656,458.991,-247.662,-106.386,458.885
-221.805,79.785,445.523,-220.63,-82.7696,445.388,-249.393,103.502,460.363,-247.867,-107.244,460.254
-221.048,80.8154,446.313,-219.855,-83.7707,446.172,-248.98,103.871,460.467,-247.449,-107.629,460.365
-220.482,81.7935,446.809,-219.278,-84.7205,446.669,-248.212,103.933,459.624,-246.687,-107.707,459.541
-220.03,82.6091,446.907,-218.821,-85.5099,446.779,-247.383,103.849,458.216,-245.87,-107.637,458.161
-219.249,83.1527,446.246,-218.043,-86.0268,446.136,-245.923,103.297,456.043,-244.429,-107.087,456.02
-218.243,83.4183,444.975,-217.047,-86.2748,444.89,-243.973,102.432,453.271,-242.496,-106.211,453.28
-217.163,83.376,443.205,-215.983,-86.2412,443.151,-241.639,101.311,449.969,-240.169,-105.068,450.003
-216.226,83.1219,441.033,-215.06,-86.0325,441.007,-239.226,100.327,446.447,-237.737,-104.072,446.496
0.199712,0.686474,11.4561,0.195821,-0.657148,11.4442,0.015329,-0.00213879,0.276134,0.0152902,0.00233931,0.276548
-4.40022,2.78549,26.8976,-4.37337,-2.81406,26.8955,0.0229872,-0.00133306,0.328908,0.0229567,0.00169787,0.329444
-11.7216,6.65073,53.5516,-11.6468,-6.81491,53.5895,0.0374725,-0.000546589,0.433428,0.0374306,0.00109564,0.434224
-19.6403,10.3329,82.265,-19.5161,-10.6023,82.3203,0.182373,0.0178173,0.879039,0.182974,-0.0150362,0.881623
-29.7604,15.1813,118.786,-29.5682,-15.5997,118.847,2.36552,1.86433,9.10323,2.37366,-1.85374,9.18577
-47.2051,23.7449,179.996,-46.8862,-24.4259,180.03,-15.0454,14.2192,80.0627,-14.8741,-14.4555,80.2147
-59.5762,29.5404,222.528,-59.1658,-30.4127,222.523,-29.3814,25.1038,143.609,-29.1078,-25.5782,143.922
-76.5852,37.2853,280.383,-76.0469,-38.3936,280.302,-51.7668,42.1732,244.054,-51.1955,-42.9128,244.118
-96.336,46.3601,347.075,-95.6503,-47.7558,346.913,-76.5336,61.0497,355.337,-75.6655,-62.1077,355.256
-118.186,56.4574,420.585,-117.337,-58.1702,420.333,-104.237,82.4654,482.008,-103.031,-83.8774,481.751
-142.957,67.7604,502.372,-141.926,-69.8294,502.019,-135,106.303,623.039,-133.418,-108.105,622.58
-168.685,79.4826,587.936,-167.462,-81.9307,587.468,-168.791,133.368,782.892,-166.779,-135.591,782.184
-203.193,94.95,699.819,-201.718,-97.9007,699.203,-213.894,169.91,999.149,-211.299,-172.691,998.09
-227.902,105.712,777.531,-226.251,-109.024,776.804,-247.249,197.741,1163.99,-244.21,-200.93,1162.64
-250.933,126.943,880.425,-248.958,-130.622,879.604,-287.482,234.864,1383.46,-283.852,-238.542,1381.74
-240.672,106.248,754.973,-238.968,-109.776,754.102,-294.043,231.873,1373.48,-290.471,-235.607,1371.64
-233.177,100.141,700.976,-231.594,-103.552,700.265,-274.942,208.819,1216.15,-271.747,-212.392,1214.74
-225.124,93.5114,640.514,-223.673,-96.7966,639.993,-248.283,175.124,992.205,-245.761,-178.207,991.009
-221.315,89.8654,605.779,-219.936,-93.0712,605.355,-231.667,156.499,873.889,-229.445,-159.433,872.976
-217.614,86.6523,575.631,-216.305,-89.7531,575.279,-216.405,139.715,769.653,-214.405,-142.596,769.062
-212.887,83.3793,565.991,-211.625,-86.436,565.741,-208.51,127.786,707.647,-206.677,-130.617,707.219
-212.752,81.0986,559.268,-211.528,-84.1512,559.049,-208.505,122.86,690.843,-206.75,-125.734,690.511
-214.1,79.8384,546.755,-212.9,-82.9016,546.563,-209.078,118.354,656.737,-207.392,-121.259,656.463
-215.859,78.9418,538.384,-214.676,-82.0216,538.213,-209.997,114.449,627.853,-208.369,-117.39,627.623
-217.685,78.389,532.554,-216.514,-81.4869,532.403,-212.169,111.522,605.897,-210.579,-114.521,605.696
-223.196,79.2536,533.834,-222.012,-82.4215,533.696,-219.229,111.243,596.76,-217.637,-114.373,596.581
-221.014,77.6467,519.772,-219.853,-80.7782,519.65,-219.446,107.811,572.7,-217.899,-110.979,572.548
-222.319,77.3777,514.948,-221.163,-80.5254,514.838,-223.504,106.443,559.997,-221.971,-109.711,559.869
-223.658,77.2167,510.965,-222.504,-80.3807,510.865,-227.85,105.336,549.443,-226.328,-108.711,549.337
-224.815,77.0688,507.5,-223.663,-80.2466,507.406,-232.217,104.356,540.538,-230.704,-107.838,540.452
-225.574,76.9211,504.783,-224.426,-80.1076,504.695,-236.247,103.453,533.207,-234.743,-107.034,533.136
-226.204,76.735,503.023,-225.062,-79.9276,502.938,-240.047,102.599,527.462,-238.551,-106.269,527.4
-226.703,76.517,501.678,-225.568,-79.7122,501.595,-243.524,101.822,522.735,-242.035,-105.564,522.677
-227.08,76.276,501.367,-225.952,-79.4692,501.282,-246.586,101.139,519.473,-245.103,-104.936,519.413
-227.41,76.0197,501.714,-226.287,-79.2077,501.623,-249.232,100.572,517.296,-247.752,-104.406,517.228
-227.711,75.7837,503.371,-226.593,-78.9663,503.273,-251.451,100.154,516.473,-249.973,-104.011,516.395
-227.572,75.6054,505.945,-226.455,-78.7768,505.84,-252.596,99.8409,516.396,-251.117,-103.7,516.307
-227.154,75.4862,507.005,-226.037,-78.6447,506.894,-252.695,99.7231,514.853,-251.214,-103.568,514.755
-226.863,76.2879,440.545,-225.729,-79.4369,440.425,-248.747,98.6684,454.079,-247.274,-102.448,453.965
-228.333,78.0811,446.359,-227.173,-81.2388,446.229,-251.946,102.109,461.53,-250.421,-105.923,461.405
-228.342,79.3887,448.87,-227.163,-82.5396,448.733,-252.983,103.52,464.566,-251.434,-107.349,464.432
-228.014,80.5802,450.208,-226.818,-83.719,450.067,-253.219,104.267,465.702,-251.655,-108.107,465.565
-227.462,81.6636,450.84,-226.249,-84.7853,450.697,-252.881,104.551,465.608,-251.309,-108.401,465.472
-227.104,82.708,451.22,-225.878,-85.8148,451.078,-252.225,104.542,464.601,-250.652,-108.401,464.473
-226.858,83.6161,451.264,-225.622,-86.7102,451.128,-251.527,104.402,463.063,-249.957,-108.267,462.945
-226.258,84.291,450.619,-225.019,-87.3696,450.492,-250.211,103.815,460.799,-248.65,-107.675,460.693
-225.379,84.7407,449.434,-224.141,-87.8049,449.319,-248.4,102.933,457.978,-246.85,-106.777,457.885
-224.37,84.9677,447.861,-223.136,-88.0269,447.759,-246.228,101.84,454.729,-244.687,-105.659,454.646
-223.041,84.8997,445.437,-221.814,-87.9628,445.349,-243.501,100.574,450.634,-241.963,-104.362,450.555
0.0788212,0.719655,11.2488,0.0780421,-0.693675,11.2359,0.0154161,-0.00217947,0.276021,0.0153857,0.00238067,0.276452
-4.49564,2.79292,26.7472,-4.46699,-2.82336,26.7434,0.0229469,-0.00140503,0.328139,0.0229413,0.00176394,0.328739
-11.8637,6.66538,53.6977,-11.7882,-6.83129,53.7355,0.0367294,-0.00068648,0.43036,0.0367545,0.00121199,0.431346
-19.8302,10.3764,82.6702,-19.705,-10.6473,82.726,0.171581,0.0163433,0.856052,0.172687,-0.0137746,0.859731
-29.9995,15.2587,119.491,-29.8064,-15.6775,119.554,2.34868,1.64325,8.19474,2.35935,-1.63614,8.30213
-47.5756,23.8783,181.122,-47.2515,-24.5617,181.149,-14.8491,14.19,79.5836,-14.6972,-14.4376,79.793
-60.0635,29.7385,224.088,-59.6486,-30.6161,224.081,-29.8471,25.4083,145.403,-29.5562,-25.8806,145.664
-77.2001,37.5622,282.486,-76.6569,-38.6784,282.404,-52.1867,42.4594,245.703,-51.6108,-43.2071,245.768
-97.1081,46.7228,349.767,-96.4168,-48.129,349.605,-77.1487,61.4802,357.844,-76.2728,-62.548,357.759
-119.132,56.9116,423.912,-118.276,-58.6369,423.66,-105.076,83.0628,485.512,-103.859,-84.4873,485.248
-144.092,68.3137,506.389,-143.052,-70.3965,506.036,-136.094,107.092,627.687,-134.496,-108.908,627.216
-170.021,80.1421,592.704,-168.787,-82.6045,592.233,-170.168,134.37,788.822,-168.135,-136.61,788.097
-204.792,95.745,705.547,-203.303,-98.7096,704.923,-215.668,171.228,1006.97,-213.046,-174.026,1005.88
-229.684,106.609,783.988,-228.016,-109.932,783.249,-249.304,199.302,1173.25,-246.232,-202.506,1171.87
-252.793,127.883,887.121,-250.799,-131.567,886.28,-289.911,236.776,1394.87,-286.241,-240.46,1393.09
-242.531,107.147,761.234,-240.81,-110.678,760.343,-296.491,233.9,1385.5,-292.878,-237.632,1383.6
-234.989,100.991,706.837,-233.389,-104.399,706.106,-277.132,210.575,1226.39,-273.902,-214.141,1224.92
-226.879,94.2783,645.728,-225.413,-97.5592,645.189,-250.299,176.582,1000.42,-247.749,-179.66,999.195
-223.094,90.5994,610.782,-221.701,-93.8055,610.341,-233.646,157.852,881.367,-231.397,-160.784,880.423
-219.347,87.3211,580.201,-218.025,-90.4258,579.836,-218.155,140.821,775.625,-216.133,-143.703,775.009
-214.612,83.9993,570.318,-213.336,-87.0624,570.052,-210.228,128.79,713.051,-208.374,-131.627,712.602
-214.435,81.6564,563.346,-213.196,-84.7168,563.108,-210.147,123.769,695.836,-208.374,-126.653,695.487
-215.715,80.3247,550.614,-214.499,-83.3968,550.4,-210.641,119.157,661.278,-208.938,-122.076,660.99
-217.393,79.3531,542.055,-216.194,-82.4431,541.859,-211.494,115.159,632.032,-209.85,-118.118,631.789
-219.133,78.7189,536.047,-217.945,-81.8282,535.869,-213.612,112.152,609.793,-212.008,-115.17,609.58
-224.586,79.5073,537.219,-223.388,-82.6881,537.053,-220.661,111.819,600.518,-219.057,-114.966,600.326
-222.323,77.7947,522.913,-221.151,-80.9399,522.761,-220.839,108.32,576.207,-219.281,-111.505,576.04
-223.629,77.4447,517.946,-222.462,-80.6059,517.804,-224.94,106.925,563.423,-223.397,-110.205,563.275
-225.029,77.2117,513.816,-223.866,-80.3896,513.683,-229.373,105.811,552.805,-227.841,-109.192,552.674
-226.328,77.0143,510.237,-225.169,-80.207,510.11,-233.894,104.852,543.898,-232.369,-108.335,543.78
-227.299,76.845,507.427,-226.144,-80.0478,507.304,-238.129,103.993,536.596,-236.609,-107.57,536.487
-228.192,76.6697,505.595,-227.041,-79.8809,505.475,-242.16,103.194,530.896,-240.645,-106.858,530.793
-228.974,76.4929,504.205,-227.828,-79.7101,504.086,-245.85,102.471,526.204,-244.339,-106.209,526.102
-229.623,76.3174,503.875,-228.482,-79.5376,503.756,-249.063,101.827,522.942,-247.556,-105.625,522.838
-230.189,76.1386,504.224,-229.052,-79.36,504.103,-251.77,101.276,520.717,-250.265,-105.118,520.608
-230.687,75.9811,505.892,-229.553,-79.2044,505.768,-253.97,100.849,519.805,-252.466,-104.725,519.691
-230.711,75.8745,508.471,-229.578,-79.0936,508.344,-255.051,100.511,519.617,-253.548,-104.399,519.498
-230.426,75.814,509.52,-229.293,-79.0264,509.391,-255.076,100.353,517.955,-253.573,-104.235,517.833
-230.084,76.632,442.99,-228.936,-79.8317,442.857,-250.885,99.2015,456.983,-249.392,-103.016,456.85
-231.678,78.4735,448.738,-230.503,-81.6877,448.598,-254.028,102.571,464.257,-252.485,-106.426,464.116
-231.794,79.8163,451.173,-230.601,-83.0282,451.029,-255.065,103.932,467.179,-253.498,-107.806,467.031
-231.561,81.0351,452.431,-230.351,-84.2401,452.285,-255.317,104.628,468.199,-253.734,-108.513,468.048
-231.095,82.1431,452.988,-229.869,-85.3372,452.841,-255.016,104.866,468.004,-253.424,-108.759,467.852
-230.821,83.216,453.307,-229.581,-86.402,453.16,-254.414,104.816,466.911,-252.819,-108.715,466.761
-230.654,84.1633,453.311,-229.402,-87.3433,453.167,-253.782,104.64,465.303,-252.185,-108.543,465.156
-230.122,84.8946,452.653,-228.863,-88.065,452.513,-252.54,104.028,462.989,-250.948,-107.925,462.846
-229.29,85.4265,451.479,-228.028,-88.5849,451.346,-250.809,103.131,460.141,-249.226,-107.011,460.002
-228.303,85.7774,449.958,-227.039,-88.9261,449.832,-248.725,102.04,456.902,-247.152,-105.896,456.767
-226.842,85.8324,447.456,-225.58,-88.9696,447.337,-245.952,100.697,452.65,-244.391,-104.517,452.518
0.0185728,0.736133,11.1458,0.0193434,-0.711818,11.1324,0.0154597,-0.00219977,0.275964,0.0154334,0.00240133,0.276405
-4.54319,2.79113,26.6715,-4.5137,-2.82247,26.6669,0.0229266,-0.00144048,0.327756,0.0229333,0.00179656,0.328388
-11.9352,6.67102,53.7732,-11.8593,-6.83779,53.8109,0.0363659,-0.000754543,0.428846,0.0364236,0.00126883,0.429926
-19.9252,10.3975,82.8738,-19.7995,-10.6691,82.9298,0.166492,0.0156539,0.845061,0.167823,-0.0131823,0.849242
-30.1195,15.2971,119.844,-29.926,-15.716,119.909,2.32532,1.53905,7.78079,2.33839,-1.5333,7.89759
-47.758,23.9545,181.722,-47.4324,-24.641,181.749,-14.7116,14.1348,79.2178,-14.5719,-14.3887,79.4633
-60.3039,29.8421,224.883,-59.8871,-30.7232,224.876,-30.0792,25.556,146.309,-29.7794,-26.0269,146.542
-77.5016,37.7018,283.536,-76.9558,-38.822,283.452,-52.3929,42.6002,246.528,-51.8149,-43.3524,246.594
-97.4856,46.9032,351.104,-96.7911,-48.3143,350.94,-77.4554,61.6971,359.113,-76.5757,-62.7702,359.028
-119.593,57.1366,425.563,-118.733,-58.868,425.31,-105.495,83.3651,487.288,-104.272,-84.7963,487.021
-144.645,68.5877,508.387,-143.6,-70.6777,508.032,-136.638,107.49,630.037,-135.033,-109.315,629.562
-170.673,80.4692,595.082,-169.433,-82.9396,594.607,-170.85,134.876,791.813,-168.808,-137.125,791.08
-205.574,96.14,708.41,-204.079,-99.1131,707.781,-216.543,171.891,1010.9,-213.908,-174.699,1009.79
-230.557,107.055,787.219,-228.881,-110.386,786.472,-250.316,200.087,1177.91,-247.228,-203.298,1176.5
-253.706,128.351,890.474,-251.703,-132.039,889.622,-291.104,237.734,1400.59,-287.414,-241.422,1398.78
-243.448,107.594,764.368,-241.719,-111.128,763.466,-297.696,234.915,1391.52,-294.064,-238.647,1389.59
-235.885,101.414,709.77,-234.278,-104.822,709.028,-278.21,211.455,1231.51,-274.964,-215.017,1230.02
-227.749,94.6606,648.333,-226.276,-97.9401,647.784,-251.295,177.312,1004.53,-248.733,-180.387,1003.29
-223.979,90.9661,613.282,-222.58,-94.1727,612.832,-234.627,158.529,885.105,-232.366,-161.459,884.145
-220.213,87.6554,582.483,-218.885,-90.7621,582.11,-219.023,141.375,778.605,-216.991,-144.255,777.977
-215.477,84.3098,572.479,-214.195,-87.3758,572.205,-211.083,129.293,715.749,-209.22,-132.132,715.289
-215.283,81.9361,565.382,-214.037,-84.9999,565.136,-210.967,124.224,698.327,-209.185,-127.111,697.969
-216.53,80.5685,552.539,-215.307,-83.6444,552.315,-211.422,119.559,663.541,-209.712,-122.484,663.247
-218.169,79.5589,543.885,-216.963,-82.653,543.677,-212.241,115.515,634.111,-210.591,-118.48,633.863
-219.864,78.8828,537.785,-218.67,-81.9965,537.594,-214.332,112.467,611.729,-212.722,-115.492,611.511
-225.287,79.632,538.898,-224.082,-82.8174,538.718,-221.374,112.105,602.383,-219.766,-115.259,602.184
-222.981,77.8655,524.462,-221.804,-81.0153,524.296,-221.533,108.573,577.945,-219.971,-111.762,577.77
-224.287,77.4756,519.417,-223.116,-80.6408,519.26,-225.658,107.165,565.121,-224.111,-110.446,564.962
-225.722,77.2096,515.211,-224.556,-80.3914,515.061,-230.14,106.047,554.473,-228.603,-109.427,554.328
-227.101,76.9927,511.578,-225.938,-80.1897,511.433,-234.743,105.1,545.564,-233.212,-108.579,545.43
-228.187,76.8186,508.728,-227.028,-80.0268,508.588,-239.079,104.261,538.274,-237.553,-107.833,538.146
-229.217,76.6537,506.87,-228.062,-79.8718,506.733,-243.219,103.489,532.59,-241.696,-107.146,532.465
-230.143,76.5001,505.464,-228.992,-79.7262,505.328,-247.005,102.79,527.905,-245.484,-106.523,527.782
-230.929,76.3573,505.128,-229.782,-79.5892,504.993,-250.284,102.163,524.634,-248.766,-105.959,524.509
-231.614,76.2154,505.476,-230.47,-79.4517,505.341,-253.019,101.617,522.381,-251.503,-105.463,522.253
-232.213,76.0946,507.146,-231.071,-79.3361,507.009,-255.214,101.187,521.424,-253.698,-105.071,521.293
-232.32,76.0214,509.724,-231.179,-79.2619,509.586,-256.273,100.836,521.185,-254.759,-104.737,521.051
-232.104,75.9887,510.765,-230.963,-79.2252,510.628,-256.271,100.661,519.468,-254.757,-104.56,519.334
-231.735,76.8159,444.204,-230.58,-80.038,444.064,-251.965,99.464,458.404,-250.463,-103.294,458.261
-233.391,78.6813,449.922,-232.21,-81.9206,449.777,-255.089,102.8,465.595,-253.537,-106.675,465.447
-233.56,80.0418,452.324,-232.36,-83.2808,452.176,-256.133,104.139,468.466,-254.557,-108.034,468.313
-233.372,81.2744,453.548,-232.155,-84.5087,453.398,-256.397,104.812,469.435,-254.806,-108.72,469.278
-232.945,82.3947,454.072,-231.713,-85.6206,453.921,-256.118,105.029,469.195,-254.518,-108.944,469.036
-232.707,83.481,454.362,-231.459,-86.7017,454.212,-255.544,104.96,468.065,-253.939,-108.88,467.905
-232.572,84.4459,454.346,-231.312,-87.6635,454.198,-254.944,104.767,466.425,-253.336,-108.691,466.266
-232.066,85.2023,453.676,-230.797,-88.4127,453.531,-253.741,104.142,464.09,-252.136,-108.059,463.932
-231.25,85.7709,452.502,-229.976,-88.9708,452.361,-252.05,103.235,461.229,-250.453,-107.138,461.072
-230.267,86.1773,450.994,-228.99,-89.3661,450.857,-250.01,102.142,457.991,-248.422,-106.022,457.836
-228.765,86.3011,448.477,-227.488,-89.4736,448.346,-247.252,100.782,453.713,-245.679,-104.628,453.56
-0.0114995,0.744343,11.0944,-0.00995574,-0.720858,11.0808,0.0154814,-0.00220991,0.275936,0.0154573,0.00241165,0.276381
-4.56693,2.78879,26.6335,-4.53703,-2.82058,26.6284,0.0229164,-0.00145806,0.327565,0.0229292,0.00181276,0.328213
-11.971,6.67343,53.8115,-11.8949,-6.84062,53.8492,0.0361861,-0.000788116,0.428095,0.0362598,0.00129693,0.42922
-19.9726,10.408,82.9758,-19.8468,-10.6799,83.0319,0.16402,0.0153203,0.839684,0.165457,-0.0128952,0.844105
-30.1797,15.3162,120.021,-29.9859,-15.7353,120.086,2.31023,1.48858,7.58324,2.32473,-1.48342,7.70411
-47.8485,23.9933,182.025,-47.5221,-24.6814,182.052,-14.635,14.1054,79.0049,-14.5017,-14.3624,79.2691
-60.4234,29.8945,225.282,-60.0057,-30.7772,225.275,-30.1957,25.6311,146.766,-29.8913,-26.1012,146.984
-77.6513,37.7718,284.061,-77.1042,-38.894,283.977,-52.4952,42.6708,246.941,-51.9162,-43.4253,247.008
-97.6729,46.9935,351.772,-96.9768,-48.4072,351.608,-77.6082,61.8061,359.75,-76.7267,-62.8821,359.665
-119.822,57.2492,426.389,-118.96,-58.9837,426.135,-105.704,83.5169,488.179,-104.478,-84.9518,487.912
-144.92,68.7247,509.387,-143.872,-70.8185,509.031,-136.909,107.69,631.217,-135.301,-109.52,630.741
-170.997,80.6327,596.273,-169.754,-83.1074,595.796,-171.19,135.13,793.312,-169.143,-137.384,792.576
-205.962,96.3375,709.844,-204.463,-99.3153,709.212,-216.977,172.222,1012.86,-214.336,-175.035,1011.75
-230.989,107.278,788.838,-229.31,-110.614,788.086,-250.817,200.479,1180.24,-247.722,-203.695,1178.82
-254.157,128.585,892.154,-252.15,-132.276,891.297,-291.694,238.212,1403.44,-287.996,-241.903,1401.62
-243.902,107.818,765.938,-242.169,-111.354,765.03,-298.291,235.422,1394.53,-294.65,-239.154,1392.58
-236.328,101.625,711.238,-234.717,-105.034,710.491,-278.743,211.894,1234.07,-275.489,-215.455,1232.57
-228.179,94.8513,649.638,-226.702,-98.1309,649.083,-251.788,177.676,1006.59,-249.219,-180.75,1005.33
-224.417,91.1491,614.534,-223.014,-94.3567,614.08,-235.112,158.867,886.975,-232.845,-161.796,886.008
-220.64,87.8224,583.626,-219.31,-90.9308,583.25,-219.453,141.651,780.096,-217.416,-144.532,779.461
-215.905,84.465,573.562,-214.62,-87.5332,573.284,-211.507,129.545,717.1,-209.64,-132.385,716.635
-215.702,82.076,566.404,-214.453,-85.1421,566.152,-211.373,124.452,699.575,-209.588,-127.342,699.213
-216.933,80.6905,553.505,-215.707,-83.7687,553.275,-211.809,119.761,664.676,-210.096,-122.689,664.378
-218.552,79.6619,544.802,-217.342,-82.7583,544.588,-212.612,115.694,635.154,-210.959,-118.662,634.903
-220.225,78.9649,538.657,-219.027,-82.0809,538.459,-214.688,112.625,612.7,-213.077,-115.654,612.479
-225.631,79.6943,539.74,-224.424,-82.882,539.552,-221.727,112.249,603.318,-220.118,-115.407,603.115
-223.303,77.9008,525.238,-222.124,-81.0528,525.064,-221.877,108.7,578.815,-220.313,-111.892,578.636
-224.61,77.4913,520.152,-223.437,-80.6583,519.987,-226.014,107.285,565.971,-224.466,-110.568,565.807
-226.064,77.2097,515.906,-224.896,-80.3931,515.748,-230.522,106.166,555.307,-228.983,-109.545,555.155
-227.485,76.9844,512.247,-226.321,-80.1833,512.093,-235.167,105.225,546.398,-233.634,-108.701,546.255
-228.63,76.8095,509.379,-227.47,-80.0201,509.23,-239.553,104.397,539.112,-238.024,-107.965,538.974
-229.731,76.651,507.51,-228.574,-79.8723,507.364,-243.745,103.636,533.433,-242.219,-107.29,533.298
-230.729,76.5095,506.097,-229.576,-79.74,505.953,-247.576,102.949,528.75,-246.051,-106.679,528.615
-231.584,76.383,505.758,-230.433,-79.6206,505.615,-250.886,102.329,525.472,-249.363,-106.124,525.336
-232.329,76.2589,506.105,-231.181,-79.5024,505.962,-253.634,101.786,523.203,-252.112,-105.633,523.065
-232.978,76.1558,507.774,-231.832,-79.4059,507.631,-255.827,101.354,522.224,-254.306,-105.241,522.084
-233.127,76.0986,510.35,-231.983,-79.3493,510.207,-256.878,100.997,521.959,-255.359,-104.904,521.818
-232.946,76.0792,511.387,-231.802,-79.3271,511.247,-256.865,100.813,520.216,-255.347,-104.721,520.077
-232.564,76.9113,444.811,-231.406,-80.1439,444.668,-252.505,99.5952,459.107,-250.999,-103.432,458.96
-234.252,78.7886,450.515,-233.067,-82.0396,450.368,-255.621,102.916,466.26,-254.066,-106.8,466.107
-234.447,80.1578,452.902,-233.243,-83.4094,452.752,-256.67,104.244,469.108,-255.091,-108.15,468.951
-234.281,81.3975,454.11,-233.06,-84.6453,453.959,-256.941,104.907,470.053,-255.347,-108.825,469.893
-233.872,82.5238,454.619,-232.636,-85.7645,454.467,-256.674,105.114,469.793,-255.071,-109.04,469.63
-233.65,83.6167,454.896,-232.399,-86.8533,454.745,-256.116,105.035,468.645,-254.506,-108.966,468.481
-233.529,84.59,454.869,-232.265,-87.8247,454.719,-255.532,104.834,466.992,-253.92,-108.769,466.828
-233.034,85.3581,454.194,-231.761,-88.5868,454.046,-254.348,104.202,464.646,-252.737,-108.131,464.481
-232.224,85.9439,453.017,-230.945,-89.1626,452.873,-252.677,103.291,461.779,-251.073,-107.206,461.615
-231.242,86.376,451.513,-229.958,-89.5834,451.372,-250.658,102.195,458.541,-249.063,-106.089,458.377
-229.725,86.5353,448.995,-228.44,-89.7248,448.858,-247.917,100.832,454.262,-246.337,-104.693,454.1
-0.0265224,0.74844,11.0688,-0.0245924,-0.72537,11.0551,0.0154923,-0.00221498,0.275922,0.0154692,0.00241681,0.276369
-4.57878,2.78726,26.6145,-4.54869,-2.81926,26.6092,0.0229113,-0.00146682,0.32747,0.0229271,0.00182084,0.328126
-11.9889,6.67453,53.8308,-11.9127,-6.84194,53.8685,0.0360967,-0.000804788,0.427721,0.0361783,0.00131089,0.428869
-19.9964,10.4131,83.0269,-19.8704,-10.6852,83.083,0.162801,0.0151563,0.837025,0.16429,-0.0127538,0.841564
-30.2098,15.3258,120.11,-30.0159,-15.7448,120.175,2.30187,1.46376,7.48673,2.31714,-1.45887,7.6095
-47.8935,24.0126,182.176,-47.5668,-24.7015,182.203,-14.5949,14.0913,78.8911,-14.4649,-14.3497,79.1647
-60.483,29.9207,225.481,-60.0649,-30.8043,225.475,-30.2542,25.6694,146.995,-29.9474,-26.1389,147.206
-77.7259,37.8069,284.324,-77.1782,-38.9301,284.24,-52.5461,42.7063,247.147,-51.9666,-43.462,247.215
-97.7662,47.0387,352.107,-97.0694,-48.4537,351.942,-77.6844,61.8607,360.069,-76.8021,-62.9382,359.984
-119.936,57.3055,426.802,-119.073,-59.0416,426.548,-105.808,83.593,488.626,-104.581,-85.0297,488.359
-145.057,68.7933,509.887,-144.008,-70.889,509.53,-137.045,107.791,631.807,-135.435,-109.622,631.331
-171.158,80.7146,596.869,-169.914,-83.1915,596.391,-171.359,135.256,794.062,-169.31,-137.513,793.325
-206.155,96.4364,710.562,-204.654,-99.4166,709.928,-217.193,172.388,1013.85,-214.55,-175.204,1012.73
-231.205,107.39,789.648,-229.523,-110.728,788.895,-251.067,200.675,1181.4,-247.968,-203.893,1179.98
-254.382,128.702,892.996,-252.373,-132.395,892.135,-291.987,238.451,1404.87,-288.285,-242.143,1403.04
-244.127,107.93,766.724,-242.392,-111.467,765.813,-298.587,235.675,1396.03,-294.942,-239.408,1394.08
-236.548,101.731,711.973,-234.936,-105.14,711.223,-279.007,212.113,1235.35,-275.75,-215.674,1233.85
-228.392,94.9465,650.29,-226.914,-98.2265,649.734,-252.032,177.858,1007.61,-249.46,-180.932,1006.35
-224.634,91.2405,615.16,-223.229,-94.4489,614.705,-235.353,159.036,887.911,-233.084,-161.966,886.94
-220.852,87.9058,584.199,-219.521,-91.0153,583.821,-219.666,141.789,780.841,-217.628,-144.67,780.204
-216.117,84.5426,574.105,-214.83,-87.612,573.825,-211.718,129.67,717.776,-209.849,-132.512,717.31
-215.909,82.1459,566.916,-214.658,-85.2134,566.662,-211.575,124.566,700.2,-209.788,-127.457,699.837
-217.132,80.7515,553.989,-215.904,-83.8311,553.757,-212.001,119.862,665.244,-210.287,-122.792,664.945
-218.741,79.7133,545.263,-217.53,-82.8111,545.046,-212.796,115.784,635.677,-211.142,-118.754,635.424
-220.403,79.0059,539.094,-219.203,-82.1232,538.892,-214.865,112.705,613.186,-213.253,-115.735,612.964
-225.801,79.7255,540.162,-224.592,-82.9144,539.97,-221.903,112.322,603.786,-220.292,-115.481,603.582
-223.462,77.9184,525.626,-222.281,-81.0715,525.449,-222.047,108.764,579.251,-220.483,-111.957,579.07
-224.769,77.4993,520.519,-223.595,-80.6671,520.35,-226.191,107.346,566.396,-224.642,-110.629,566.23
-226.233,77.2101,516.254,-225.064,-80.3943,516.092,-230.713,106.226,555.725,-229.173,-109.604,555.57
-227.676,76.981,512.581,-226.511,-80.1808,512.424,-235.378,105.288,546.816,-233.844,-108.763,546.668
-228.851,76.806,509.704,-227.69,-80.0178,509.551,-239.79,104.465,539.531,-238.259,-108.031,539.388
-229.987,76.651,507.831,-228.83,-79.874,507.68,-244.007,103.711,533.854,-242.479,-107.363,533.714
-231.022,76.5158,506.415,-229.868,-79.7485,506.267,-247.859,103.028,529.171,-246.332,-106.757,529.031
-231.911,76.3974,506.074,-230.759,-79.6379,505.927,-251.184,102.412,525.889,-249.659,-106.207,525.748
-232.686,76.2821,506.42,-231.537,-79.5292,506.274,-253.939,101.871,523.612,-252.414,-105.718,523.469
-233.36,76.1876,508.088,-232.213,-79.442,507.942,-256.132,101.437,522.621,-254.608,-105.326,522.477
-233.531,76.1382,510.663,-232.385,-79.3939,510.518,-257.178,101.078,522.344,-255.657,-104.988,522.199
-233.367,76.1253,511.699,-232.221,-79.3788,511.556,-257.16,100.89,520.588,-255.64,-104.801,520.446
-232.98,76.96,445.115,-231.82,-80.1976,444.97,-252.774,99.6609,459.458,-251.266,-103.502,459.308
-234.683,78.8431,450.813,-233.496,-82.0999,450.663,-255.887,102.974,466.591,-254.33,-106.863,466.437
-234.891,80.2167,453.192,-233.685,-83.4745,453.04,-256.939,104.298,469.428,-255.358,-108.208,469.27
-234.735,81.46,454.393,-233.513,-84.7144,454.24,-257.215,104.955,470.362,-255.619,-108.879,470.2
-234.336,82.5894,454.894,-233.098,-85.8371,454.741,-256.954,105.157,470.092,-255.348,-109.089,469.928
-234.121,83.6856,455.165,-232.868,-86.9297,455.013,-256.402,105.074,468.936,-254.791,-109.011,468.771
-234.007,84.6629,455.133,-232.741,-87.9058,454.982,-255.828,104.869,467.276,-254.213,-108.809,467.11
-233.516,85.4366,454.454,-232.241,-88.674,454.306,-254.653,104.234,464.926,-253.039,-108.169,464.759
-232.709,86.0306,453.276,-231.428,-89.2584,453.13,-252.992,103.32,462.057,-251.385,-107.241,461.889
-231.726,86.4752,451.773,-230.44,-89.6915,451.63,-250.983,102.222,458.817,-249.385,-106.124,458.65
-230.203,86.6523,449.256,-228.916,-89.8502,449.116,-248.253,100.858,454.541,-246.669,-104.728,454.374
16.4174,-4.09844,40.9337,15.9327,4.57758,41.1633,0.00180779,0.00344989,0.289347,0.00101791,-0.00324726,0.28807
8.27633,-23.5753,44.5397,7.75289,23.954,44.2816,0.0195895,0.0172568,0.450504,0.0155501,-0.0140911,0.439728
2.97992,-10.6199,52.5969,2.77561,10.7433,52.2802,1.78142,0.658413,3.51348,1.34638,-0.369467,2.78577
0.300756,-0.346105,44.6069,0.371545,0.330495,44.0301,-4.42578,15.9146,82.0121,-3.61346,-14.3863,76.6537
2.73681,2.04657,32.1095,2.79731,-2.50244,32.2157,-5.26641,7.35356,76.1192,-4.96046,-7.86164,77.2936
-3.92035,52.5704,213.884,-7.65018,-62.5687,232.701,3.93776,-150.057,187.815,4.43151,151.746,189.968
-0.0136805,-0.00345574,0.0276141,-0.0118575,0.00387853,0.025011,-359.401,617.963,893.628,-319.987,-530.971,774.948
8.14539,-1.61314,25.6807,7.91588,1.86279,25.7575,0.00894594,0.000431678,0.282128,0.00850733,-0.000272866,0.281675
1.87825,-8.1848,35.701,1.66825,8.34111,35.5827,0.0222005,0.00496723,0.37867,0.0205876,-0.00388441,0.375002
-4.33074,-1.1346,52.796,-4.38661,1.07897,52.6809,0.167427,0.0287161,0.77734,0.149899,-0.0194652,0.744143
-8.95089,5.19538,62.6048,-8.90401,-5.35119,62.5232,4.53612,3.73447,16.4429,4.76631,-2.88098,13.9688
-17.458,9.32712,79.0054,-17.3449,-9.96228,79.199,3.81037,7.71937,54.0205,4.32832,-7.38914,53.4695
-27.7361,35.1289,188.21,-29.5994,-40.7391,197.779,1.18351,-76.0932,95.813,1.38244,77.0409,97.2327
-0.162448,-0.0411447,0.258783,-0.121894,0.0407578,0.206933,-95.9619,161.464,235.03,-90.0966,-147.049,215.765
553.267,646.554,2091.62,490.442,-707.88,2257.71,0.00351989,-0.00370595,0.0118163,0.0043932,0.00414004,0.0131487
-2201.41,-159.194,2758.95,-2125.2,250.067,2674.83,-0.000256007,0.000191326,0.0026578,0.000512449,0.000271801,0.00287608
4.01189,-0.396257,18.1764,3.90225,0.530947,18.2002,0.0122824,-0.000939302,0.278896,0.0120439,0.00111012,0.278887
-1.38903,-1.18534,31.2605,-1.46204,1.23465,31.2314,0.0227595,0.00119887,0.350933,0.0220448,-0.00059506,0.349695
-7.8659,4.12394,51.8334,-7.84032,-4.23568,51.8224,0.0700217,0.00633196,0.544725,0.0667466,-0.00417343,0.537802
-14.1302,8.26883,71.6249,-14.0397,-8.48343,71.6218,1.58291,0.321449,3.17805,1.44338,-0.247552,2.95022
-23.3108,12.5997,98.953,-23.089,-12.9411,98.6767,-1.07003,7.54692,46.2317,-1.01259,-7.63474,45.8404
-37.4925,35.7051,206.647,-38.4934,-39.4703,212.6,0.15308,-55.3526,70.5857,0.137125,55.9171,71.9697
-33.0169,-4.67487,41.9209,-28.0953,6.84053,36.3461,-54.2879,83.8395,138.99,-52.5674,-80.3571,129.396
73.1353,124.933,454.186,88.6662,-93.7024,434.752,0.0142088,-0.0151809,0.0612315,0.024942,0.0165954,0.0751786
-0.0175241,-0.00119555,0.0277168,-0.0112981,0.00259084,0.0198625,-288.488,190.593,432.219,-222.875,-131.285,323.352
1.96143,0.194437,14.5201,1.90911,-0.116722,14.5234,0.0139045,-0.00159054,0.277372,0.0137721,0.00177471,0.27759
-3.00958,1.56775,28.979,-3.02269,-1.56433,28.9782,0.0229001,-0.000271327,0.338654,0.0225717,0.000722447,0.338427
-9.81724,5.94164,52.1998,-9.76053,-6.0808,52.2252,0.0487725,0.00180829,0.477379,0.0477035,-0.000797421,0.475507
-16.9949,9.53691,76.9439,-16.8857,-9.78213,76.9804,0.450939,0.0589113,1.37232,0.432732,-0.0486155,1.34248
-26.512,14.0152,109.163,-26.328,-14.4152,109.166,0.104425,5.37918,28.0301,0.261796,-5.29907,27.3885
-42.0881,27.738,186.461,-42.3785,-29.7174,188.84,-7.3255,-13.574,65.694,-7.88691,12.5148,68.9793
-52.1291,28.9296,206.615,-51.9248,-30.1758,207.287,-21.9418,14.0021,119.732,-21.9812,-14.7235,121.198
-66.3173,33.3516,247.034,-65.7298,-34.28,246.509,-45.6478,35.9736,221.875,-45.1055,-36.6007,221.716
-83.0373,40.0386,300.744,-82.16,-40.9672,299.431,-69.0357,55.0939,326.376,-68.1126,-55.8481,325.433
-101.657,48.3661,364.259,-100.552,-49.4911,362.449,-93.6771,74.9965,440.741,-92.4058,-75.9593,439.198
-122.886,58.1696,436.977,-121.595,-59.6116,434.878,-119.816,96.1122,564.328,-118.231,-97.3388,562.371
-145.146,68.3742,512.413,-143.711,-70.1517,510.156,-148.34,120.011,704.493,-146.43,-121.487,702.174
-175.997,81.8889,610.613,-174.422,-84.0982,608.297,-187.168,152.605,895.36,-184.826,-154.319,892.514
-199.991,91.5617,678.896,-198.382,-94.0201,676.677,-217.486,178.383,1044.32,-214.824,-180.088,1041.03
-225.799,113.266,782.97,-224.054,-116.031,781.037,-254.29,212.273,1238.28,-251.174,-213.876,1234.31
-221.458,94.5375,669.874,-220.079,-97.0926,668.313,-263.788,208.907,1221.47,-260.791,-210.239,1217.46
-217.423,89.6219,622.573,-216.28,-92.0313,621.519,-250.156,189.198,1084.59,-247.515,-190.278,1081.37
-209.563,83.8621,567.48,-208.599,-85.9987,566.817,-225.589,157.788,881.107,-223.594,-158.513,878.719
-204.054,80.3396,532.109,-203.049,-82.0272,531.427,-207.541,138.144,763.834,-205.861,-138.924,762.349
-199.518,77.6715,503.766,-198.338,-78.7802,502.775,-194.03,122.929,675.591,-192.458,-123.843,674.583
-196.295,74.9638,496.369,-195.092,-75.934,495.439,-186.749,111.788,620.326,-185.31,-112.785,619.617
-199.515,73.5844,493.407,-198.404,-74.6935,492.688,-189.115,108.35,610.368,-187.711,-109.444,609.721
-203.672,73.2702,483.313,-202.645,-74.4781,482.829,-191.392,105.076,582.423,-189.999,-106.251,581.84
-207.562,73.2888,475.881,-206.617,-74.5669,475.668,-193.868,102.228,559.07,-192.436,-103.436,558.479
-211.628,73.8982,471.032,-210.797,-75.3349,471.198,-197.612,100.281,541.866,-196.099,-101.534,541.252
-219.003,76.1553,472.378,-218.3,-77.8897,473.037,-205.783,100.679,535.716,-204.123,-102.045,535.08
-219.448,77.0506,460.568,-218.858,-79.0279,461.742,-208.09,97.9054,515.921,-206.251,-99.335,515.241
-222.715,79.7965,457.846,-222.253,-82.2793,459.678,-213.505,96.8455,506.238,-211.451,-98.4935,505.598
-225.699,83.4712,457.109,-225.323,-86.5982,459.668,-218.25,95.3308,497.417,-215.941,-97.3245,496.854
-227.104,87.5689,458.45,-226.78,-91.5657,461.808,-220.642,92.8892,488.489,-218.106,-95.4552,488.118
-225.364,91.0081,462.84,-225.046,-96.1132,467.028,-217.732,88.9766,478.04,-215.072,-92.457,478.028
-219.4,92.006,469.841,-218.993,-98.2907,474.724,-207.595,83.3949,465.154,-204.956,-88.2436,465.694
-209.161,88.9859,475.379,-208.444,-96.0368,480.472,-192.249,76.8809,450.509,-189.667,-83.5762,451.734
-197.167,81.8584,473.961,-195.685,-88.5131,478.306,-180.816,71.1919,439.056,-178.015,-80.1082,440.942
-187.934,73.0047,462.765,-185.117,-77.7834,465.201,-184.535,68.2344,435.895,-181.053,-79.3541,438.196
-184.717,65.7839,449.78,-180.484,-68.2436,449.769,-204.838,69.1877,443.316,-200.557,-81.5536,445.482
-186.755,62.2872,446.144,-181.996,-63.9029,444.452,-230.354,74.1925,457.915,-225.756,-85.8553,459.217
-190.919,62.5575,453.545,-186.784,-65.3655,451.661,-248.987,81.9559,472.294,-244.615,-91.427,472.379
-193.45,65.7342,400.879,-190.231,-70.195,399.601,-253.092,90.1324,425.144,-248.968,-97.4397,424.324
-196.726,70.7946,419.815,-193.847,-76.013,419.015,-257,98.1113,439.208,-252.82,-104.413,438.01
-195.204,74.5685,430.805,-192.259,-79.776,430.113,-252.294,101.1,442.55,-247.887,-106.932,441.186
-191.284,76.5713,434.703,-188.143,-81.6651,433.908,-245.186,101.335,440.64,-240.465,-106.941,439.061
-186.367,77.2321,434.058,-182.978,-82.3404,433.064,-238.177,100.038,436.638,-233.113,-105.747,434.82
-181.678,77.2254,431.275,-178.02,-82.4608,430.09,-232.465,98.169,432.351,-227.122,-104.375,430.416
-177.685,76.875,427.39,-173.793,-82.2834,426.102,-228.451,96.3065,428.443,-222.987,-103.25,426.568
-174.44,76.3093,422.495,-170.397,-81.8798,421.226,-225.301,94.27,424.378,-219.951,-101.906,422.671
-172.38,75.6696,416.858,-168.286,-81.3809,415.75,-222.846,92.2594,419.831,-217.845,-100.302,418.277
-171.649,75.0463,410.332,-167.588,-80.7899,409.511,-220.4,90.1018,414.018,-215.936,-97.973,412.386
-174.065,75.4313,405.088,-170.351,-81.7049,405.364,-220.608,89.9963,411.245,-217.032,-97.9931,409.831
0.94983,0.479746,12.7469,0.925255,-0.429982,12.7412,0.0147061,-0.00190788,0.276632,0.0146285,0.00210041,0.276966
-3.80813,2.47826,27.8077,-3.79628,-2.49444,27.8107,0.0229263,-0.000908929,0.332887,0.0227765,0.0013037,0.33312
-10.8783,6.46394,52.8276,-10.8102,-6.61734,52.8629,0.0416013,0.000315941,0.450596,0.0411988,0.000383158,0.450426
-18.4948,10.036,79.908,-18.3769,-10.2955,79.9575,0.259749,0.0287777,1.03265,0.256404,-0.0242656,1.02768
-28.335,14.6989,114.602,-28.148,-15.1116,114.645,1.771,3.31211,16.0742,1.8218,-3.27284,15.9023
-44.9541,24.2377,178.147,-44.7942,-25.2074,178.721,-13.5731,8.30853,77.0064,-13.5332,-8.67967,77.7123
-56.4786,28.8958,214.765,-56.1372,-29.8547,214.951,-26.3784,21.8119,133.32,-26.213,-22.3336,133.988
-72.4611,35.6527,267.09,-71.9274,-36.7074,266.929,-49.0948,39.9437,234.224,-48.5528,-40.65,234.286
-91.048,43.9212,329.089,-90.3297,-45.1857,328.665,-73.0316,58.4898,341.716,-72.1814,-59.4695,341.5
-111.655,53.326,398.425,-110.758,-54.8751,397.801,-99.4617,79.141,463.035,-98.2804,-80.433,462.546
-135.114,63.9837,476.147,-134.038,-65.8827,475.371,-128.543,101.909,597.28,-127.01,-103.549,596.529
-159.552,75.0751,557.459,-158.305,-77.3534,556.563,-160.387,127.72,749.327,-158.462,-129.732,748.299
-192.517,89.7626,663.863,-191.058,-92.5412,662.86,-202.853,162.443,954.276,-200.405,-164.934,952.885
-216.429,99.9951,737.428,-214.838,-103.122,736.38,-234.533,188.997,1110.86,-231.693,-191.806,1109.19
-239.547,121.129,839.431,-237.685,-124.613,838.39,-272.67,224.223,1317.77,-269.307,-227.393,1315.72
-230.173,100.864,717.079,-228.596,-104.155,716.067,-279.63,220.681,1304.1,-276.348,-223.837,1301.96
-223.552,95.173,665.587,-222.104,-98.3175,664.777,-262.504,199.116,1156.35,-259.575,-202.104,1154.69
-216.223,89.0756,608.639,-214.9,-92.0533,608.036,-237.152,166.956,943.335,-234.861,-169.486,941.976
-212.69,85.6377,574.927,-211.435,-88.4925,574.44,-220.852,148.695,828.288,-218.854,-151.105,827.31
-209.566,82.7784,546.924,-208.373,-85.4892,546.515,-207.049,133.177,732.443,-205.245,-135.565,731.812
-205.299,79.7485,538.537,-204.159,-82.4022,538.265,-199.367,121.679,673.253,-197.727,-124.028,672.827
-205.745,77.7549,533.021,-204.653,-80.4018,532.817,-199.894,117.216,658.676,-198.326,-119.604,658.35
-207.56,76.7935,521.39,-206.5,-79.4393,521.243,-200.843,113.152,626.849,-199.336,-115.571,626.592
-209.691,76.1782,513.636,-208.653,-78.8257,513.538,-202.064,109.636,599.923,-200.602,-112.085,599.707
-211.876,75.9372,508.394,-210.851,-78.5939,508.343,-204.463,107.048,579.54,-203.024,-109.548,579.348
-217.566,77.1126,509.836,-216.532,-79.8348,509.828,-211.524,106.992,571.229,-210.069,-109.614,571.054
-215.89,76.0339,496.91,-214.869,-78.7204,496.94,-212.076,103.878,548.662,-210.641,-106.545,548.509
-217.373,76.2728,492.783,-216.348,-78.9988,492.854,-216.145,102.702,536.786,-214.706,-105.495,536.667
-218.797,76.6943,489.71,-217.758,-79.461,489.819,-220.308,101.683,526.811,-218.86,-104.624,526.733
-219.719,77.1188,487.19,-218.665,-79.9317,487.335,-224.136,100.644,518.16,-222.684,-103.755,518.135
-219.856,77.4516,485.506,-218.787,-80.3126,485.687,-227.15,99.5143,510.739,-225.698,-102.806,510.775
-219.443,77.5417,484.769,-218.364,-80.45,484.98,-229.452,98.2824,504.586,-228.007,-101.758,504.686
-218.592,77.3197,484.286,-217.504,-80.264,484.513,-231.228,97.066,499.327,-229.79,-100.708,499.479
-217.522,76.7747,484.479,-216.425,-79.7313,484.698,-232.892,96.0195,495.704,-231.454,-99.788,495.882
-216.549,75.9997,484.907,-215.437,-78.9429,485.086,-234.912,95.2798,493.586,-233.463,-99.1247,493.754
-215.802,75.1587,486.362,-214.669,-78.0716,486.479,-237.386,94.916,493.298,-235.916,-98.7941,493.431
-214.829,74.4139,488.709,-213.673,-77.2855,488.757,-239.372,94.8438,494.105,-237.877,-98.7135,494.186
-213.736,73.8458,489.712,-212.559,-76.681,489.694,-240.503,95.0913,493.599,-238.984,-98.9291,493.631
-213.314,74.6032,423.794,-212.113,-77.4769,423.724,-237.903,94.6892,434.312,-236.383,-98.4803,434.293
-214.165,76.1064,430.129,-212.931,-78.9685,430.021,-241.834,98.6279,442.981,-240.249,-102.424,442.927
-213.517,77.2176,433.22,-212.261,-80.0591,433.084,-243.096,100.401,446.839,-241.482,-104.185,446.757
-212.544,78.2471,435.148,-211.268,-81.0602,434.992,-243.261,101.435,448.603,-241.631,-105.206,448.508
-211.325,79.148,436.243,-210.03,-81.9247,436.069,-242.602,101.922,448.929,-240.966,-105.685,448.83
-210.29,79.9497,436.895,-208.977,-82.6896,436.711,-241.495,102.048,448.204,-239.865,-105.816,448.122
-209.397,80.5219,436.976,-208.07,-83.2262,436.794,-240.323,101.999,446.856,-238.712,-105.782,446.814
-208.269,80.7375,436.113,-206.941,-83.4072,435.949,-238.565,101.463,444.7,-236.992,-105.252,444.717
-207.08,80.5751,434.461,-205.76,-83.2258,434.332,-236.398,100.614,441.894,-234.876,-104.39,441.982
-205.992,79.9694,432.058,-204.691,-82.6404,431.979,-233.851,99.4713,438.398,-232.387,-103.2,438.552
-205.862,79.2836,429.865,-204.581,-82.0322,429.856,-231.991,99.0153,435.644,-230.569,-102.704,435.874
0.450721,0.618148,11.8838,0.439716,-0.582083,11.8739,0.0151051,-0.00206459,0.276268,0.0150552,0.00226168,0.276659
-4.202,2.72978,27.2084,-4.17988,-2.75452,27.2091,0.0229235,-0.00120175,0.330098,0.0228593,0.00157378,0.33055
-11.4343,6.6085,53.2864,-11.3617,-6.76908,53.3239,0.0386404,-0.000291216,0.438571,0.0385022,0.000880475,0.439111
-19.2559,10.2419,81.4689,-19.1338,-10.5081,81.5225,0.203168,0.0206817,0.921693,0.202936,-0.0174791,0.922604
-29.2778,15.0242,117.382,-29.0873,-15.4407,117.437,2.31049,2.29283,10.9896,2.32079,-2.27682,11.0248
-46.456,23.6177,178.268,-46.1598,-24.3228,178.361,-15.0645,13.6527,80.1289,-14.8878,-13.8856,80.2708
-58.5817,29.2054,219.59,-58.1847,-30.0783,219.608,-28.4775,24.3901,140.286,-28.2314,-24.8647,140.677
-75.3031,36.7368,276.117,-74.7723,-37.8282,276.031,-50.905,41.5518,240.762,-50.3434,-42.2765,240.826
-94.7144,45.6074,341.502,-94.0334,-46.975,341.315,-75.3203,60.1966,350.489,-74.4653,-61.2337,350.401
-116.195,55.5042,413.698,-115.351,-57.1829,413.409,-102.587,81.306,475.248,-101.4,-82.6895,474.98
-140.57,66.6019,494.106,-139.546,-68.6341,493.712,-132.829,104.774,614.018,-131.274,-106.539,613.548
-165.89,78.1126,578.201,-164.679,-80.5233,577.695,-166.029,131.416,771.306,-164.054,-133.594,770.593
-199.876,93.3145,688.208,-198.422,-96.2279,687.566,-210.305,167.331,983.773,-207.764,-170.058,982.724
-224.244,103.881,764.488,-222.622,-107.159,763.749,-243.089,194.687,1145.73,-240.116,-197.819,1144.41
-247.162,125.04,866.942,-245.223,-128.69,866.127,-282.574,231.12,1360.9,-279.029,-234.736,1359.23
-236.976,104.438,742.369,-235.309,-107.937,741.511,-289.142,227.91,1349.68,-285.657,-231.584,1347.9
-229.626,98.4398,689.164,-228.08,-101.825,688.472,-270.599,205.378,1195.8,-267.48,-208.897,1194.42
-221.733,91.9816,629.965,-220.316,-95.2375,629.461,-244.318,172.253,975.763,-241.861,-175.285,974.599
-217.935,88.4063,595.645,-216.588,-91.5723,595.235,-227.8,153.82,858.838,-225.638,-156.701,857.964
-214.377,85.3224,566.329,-213.099,-88.3769,565.992,-213.019,137.515,757.567,-211.07,-140.344,757.009
-209.729,82.1443,557.173,-208.501,-85.1529,556.946,-205.205,125.782,696.662,-203.422,-128.554,696.266
-209.731,79.9819,550.938,-208.545,-82.9866,550.751,-205.367,121.042,680.66,-203.659,-123.851,680.355
-211.235,78.853,538.838,-210.075,-81.8669,538.686,-206.094,116.729,647.413,-204.452,-119.566,647.165
-213.14,78.0861,530.797,-211.998,-81.1135,530.672,-207.132,112.991,619.223,-205.545,-115.86,619.017
-215.099,77.6708,525.26,-213.967,-80.712,525.158,-209.39,110.204,597.802,-207.837,-113.128,597.624
-220.669,78.665,526.675,-219.523,-81.7705,526.59,-216.448,110.016,588.924,-214.891,-113.068,588.768
-218.619,77.2538,513.042,-217.491,-80.3183,512.972,-216.747,106.699,565.354,-215.229,-109.793,565.227
-219.931,77.1546,508.472,-218.803,-80.235,508.417,-220.752,105.383,552.844,-219.248,-108.582,552.746
-221.207,77.1685,504.795,-220.077,-80.2651,504.753,-224.971,104.294,542.436,-223.478,-107.61,542.369
-222.169,77.1701,501.617,-221.039,-80.2817,501.586,-229.077,103.278,533.551,-227.595,-106.713,533.516
-222.6,77.1247,499.178,-221.473,-80.2468,499.159,-232.71,102.29,526.149,-231.241,-105.838,526.142
-222.783,76.9704,497.659,-221.663,-80.0994,497.648,-236.013,101.316,520.268,-234.558,-104.964,520.285
-222.774,76.7059,496.487,-221.661,-79.8353,496.479,-238.996,100.415,515.408,-237.554,-104.143,515.438
-222.645,76.3469,496.252,-221.542,-79.4675,496.24,-241.695,99.6432,512.092,-240.263,-103.423,512.121
-222.531,75.9294,496.587,-221.434,-79.0335,496.562,-244.196,99.0444,509.983,-242.768,-102.85,509.998
-222.469,75.5197,498.189,-221.376,-78.6044,498.146,-246.479,98.6529,509.34,-245.051,-102.465,509.335
-222.029,75.1805,500.718,-220.937,-78.2395,500.654,-247.807,98.4097,509.511,-246.375,-102.205,509.481
-221.363,74.9303,501.777,-220.269,-77.9635,501.696,-248.125,98.3917,508.242,-246.687,-102.157,508.192
-221.148,75.7091,435.473,-220.035,-78.7402,435.373,-244.666,97.5458,447.904,-243.231,-101.253,447.827
-222.376,77.4052,441.436,-221.238,-80.4326,441.32,-248.023,101.143,455.736,-246.536,-104.872,455.643
-222.157,78.6427,444.112,-220.998,-81.6527,443.983,-249.096,102.669,459.032,-247.584,-106.407,458.927
-221.617,79.7794,445.63,-220.439,-82.7644,445.491,-249.321,103.521,460.419,-247.794,-107.273,460.311
-220.853,80.8085,446.422,-219.658,-83.7612,446.278,-248.914,103.897,460.539,-247.384,-107.666,460.44
-220.278,81.7833,446.917,-219.071,-84.7045,446.775,-248.153,103.965,459.715,-246.63,-107.752,459.638
-219.814,82.5926,447.01,-218.602,-85.4844,446.881,-247.332,103.888,458.326,-245.822,-107.691,458.28
-219.022,83.126,446.34,-217.815,-85.9888,446.231,-245.879,103.344,456.17,-244.388,-107.149,456.16
-218.008,83.3768,445.057,-216.811,-86.2215,444.976,-243.934,102.486,453.414,-242.459,-106.281,453.438
-216.926,83.3137,443.273,-215.745,-86.1688,443.222,-241.602,101.369,450.122,-240.131,-105.143,450.172
-216.002,83.0337,441.087,-214.835,-85.938,441.063,-239.207,100.401,446.637,-237.711,-104.167,446.701
0.203584,0.685914,11.4602,0.199274,-0.656597,11.4484,0.0153043,-0.00214247,0.276088,0.0152682,0.00234194,0.276508
-4.39707,2.7858,26.904,-4.37056,-2.81443,26.902,0.0229169,-0.00134114,0.328728,0.0228946,0.00170329,0.329287
-11.7186,6.6514,53.555,-11.644,-6.81553,53.5929,0.0372875,-0.00056524,0.432864,0.0372673,0.00110891,0.433728
-19.6379,10.3337,82.2678,-19.5137,-10.603,82.3229,0.18085,0.0175997,0.875573,0.181629,-0.0148542,0.878561
-29.7565,15.1815,118.786,-29.5643,-15.5994,118.846,2.3755,1.83805,8.99321,2.38314,-1.8294,9.08745
-47.2063,23.7428,179.984,-46.8862,-24.422,180.014,-15.0306,14.2334,80.0692,-14.8624,-14.47,80.2269
-59.5797,29.5394,222.525,-59.1689,-30.4109,222.519,-29.4123,25.1267,143.733,-29.1346,-25.5975,144.03
-76.5883,37.2847,280.384,-76.0501,-38.3926,280.303,-51.7695,42.1748,244.056,-51.1979,-42.9138,244.119
-96.3407,46.3594,347.075,-95.6554,-47.755,346.914,-76.5362,61.0499,355.332,-75.6678,-62.1071,355.25
-118.193,56.4564,420.583,-117.344,-58.1688,420.332,-104.241,82.4649,482,-103.034,-83.8762,481.74
-142.966,67.759,502.364,-141.935,-69.827,502.014,-135.006,106.303,623.03,-133.424,-108.103,622.569
-168.697,79.4809,587.924,-167.473,-81.9272,587.458,-168.801,133.368,782.885,-166.788,-135.589,782.175
-203.207,94.9483,699.802,-201.732,-97.896,699.188,-213.909,169.911,999.145,-211.313,-172.69,998.083
-227.918,105.71,777.51,-226.266,-109.019,776.786,-247.269,197.741,1163.98,-244.227,-200.928,1162.63
-250.951,126.941,880.399,-248.975,-130.615,879.58,-287.508,234.866,1383.46,-283.876,-238.54,1381.74
-240.686,106.245,754.949,-238.982,-109.769,754.078,-294.069,231.875,1373.47,-290.494,-235.605,1371.63
-233.189,100.139,700.952,-231.606,-103.546,700.243,-274.966,208.82,1216.15,-271.768,-212.389,1214.73
-225.137,93.5096,640.494,-223.685,-96.7909,639.975,-248.302,175.124,992.2,-245.779,-178.205,991.004
-221.327,89.8632,605.761,-219.947,-93.0657,605.338,-231.684,156.499,873.883,-229.459,-159.431,872.97
-217.624,86.6492,575.613,-216.315,-89.7474,575.263,-216.42,139.716,769.651,-214.418,-142.596,769.06
-212.897,83.3748,565.974,-211.634,-86.4298,565.724,-208.524,127.788,707.647,-206.689,-130.618,707.219
-212.761,81.0932,559.251,-211.537,-84.145,559.033,-208.518,122.862,690.845,-206.761,-125.735,690.512
-214.108,79.8329,546.74,-212.907,-82.8962,546.548,-209.09,118.356,656.739,-207.403,-121.261,656.465
-215.865,78.9366,538.37,-214.682,-82.0174,538.199,-210.009,114.45,627.857,-208.38,-117.392,627.627
-217.691,78.3851,532.542,-216.519,-81.4847,532.391,-212.182,111.523,605.903,-210.591,-114.523,605.702
-223.202,79.2525,533.827,-222.018,-82.4228,533.689,-219.244,111.245,596.768,-217.652,-114.374,596.588
-221.022,77.6507,519.774,-219.862,-80.785,519.653,-219.464,107.811,572.71,-217.915,-110.98,572.557
-222.33,77.3884,514.964,-221.174,-80.5393,514.854,-223.521,106.441,560.004,-221.988,-109.71,559.876
-223.67,77.234,510.996,-222.516,-80.4014,510.897,-227.864,105.33,549.446,-226.342,-108.707,549.341
-224.823,77.0916,507.546,-223.672,-80.273,507.453,-232.223,104.346,540.534,-230.71,-107.83,540.449
-225.576,76.9475,504.84,-224.429,-80.1375,504.754,-236.241,103.438,533.193,-234.737,-107.022,533.124
-226.199,76.7625,503.087,-225.057,-79.9584,503.005,-240.03,102.579,527.44,-238.534,-106.252,527.381
-226.691,76.5432,501.744,-225.556,-79.7413,501.663,-243.499,101.799,522.707,-242.011,-105.545,522.652
-227.063,76.299,501.43,-225.934,-79.4947,501.347,-246.559,101.116,519.446,-245.077,-104.917,519.388
-227.389,76.0384,501.77,-226.266,-79.2285,501.681,-249.207,100.553,517.274,-247.727,-104.39,517.208
-227.688,75.7977,503.419,-226.568,-78.9821,503.322,-251.43,100.139,516.458,-249.951,-104,516.381
-227.546,75.6149,505.987,-226.428,-78.7879,505.881,-252.577,99.8315,516.387,-251.098,-103.693,516.299
-227.125,75.492,507.041,-226.007,-78.6517,506.929,-252.677,99.7182,514.849,-251.196,-103.566,514.752
-226.835,76.2907,440.576,-225.701,-79.4406,440.456,-248.734,98.6681,454.081,-247.26,-102.45,453.968
-228.302,78.0816,446.388,-227.141,-81.2398,446.257,-251.932,102.112,461.537,-250.407,-105.927,461.413
-228.308,79.3876,448.896,-227.128,-82.5385,448.759,-252.969,103.526,464.577,-251.42,-107.356,464.444
-227.976,80.5778,450.233,-226.779,-83.7159,450.092,-253.206,104.273,465.716,-251.642,-108.115,465.58
-227.419,81.6596,450.864,-226.206,-84.7798,450.72,-252.868,104.559,465.626,-251.296,-108.411,465.491
-227.056,82.7016,451.242,-225.83,-85.806,451.099,-252.213,104.552,464.623,-250.641,-108.412,464.496
-226.805,83.6065,451.283,-225.568,-86.6973,451.146,-251.518,104.413,463.089,-249.948,-108.279,462.973
-226.201,84.277,450.634,-224.961,-87.3516,450.507,-250.203,103.828,460.829,-248.642,-107.689,460.726
-225.319,84.7208,449.445,-224.08,-87.7808,449.329,-248.394,102.949,458.013,-246.845,-106.793,457.923
-224.31,84.94,447.865,-223.076,-87.9949,447.764,-246.223,101.858,454.767,-244.683,-105.677,454.686
-222.984,84.8612,445.43,-221.756,-87.9198,445.342,-243.497,100.595,450.677,-241.96,-104.382,450.601
0.0807498,0.719377,11.2508,0.0797619,-0.693402,11.238,0.0154038,-0.00218129,0.275998,0.0153747,0.00238198,0.276432
-4.49406,2.79321,26.7503,-4.46558,-2.82368,26.7467,0.0229121,-0.00140899,0.328049,0.0229104,0.0017666,0.328661
-11.8622,6.66576,53.6993,-11.7868,-6.83164,53.7371,0.036639,-0.000695464,0.430082,0.0366747,0.00121838,0.431102
-19.829,10.3768,82.6716,-19.7039,-10.6476,82.7273,0.170875,0.0162435,0.854413,0.172061,-0.0136907,0.85828
-29.9977,15.2588,119.491,-29.8046,-15.6773,119.554,2.35101,1.6311,8.14639,2.36182,-1.62483,8.25864
-47.5755,23.8787,181.122,-47.2512,-24.5619,181.149,-14.835,14.1885,79.5678,-14.6854,-14.4367,79.7827
-60.0647,29.7387,224.089,-59.6498,-30.6162,224.082,-29.8624,25.4185,145.467,-29.5694,-25.8889,145.719
-77.2008,37.562,282.486,-76.6576,-38.6782,282.403,-52.1874,42.4595,245.704,-51.6115,-43.2071,245.769
-97.1091,46.7223,349.766,-96.4179,-48.1285,349.604,-77.1499,61.4803,357.844,-76.2739,-62.5479,357.759
-119.133,56.9108,423.908,-118.277,-58.636,423.657,-105.078,83.0628,485.511,-103.86,-84.4871,485.246
-144.094,68.3125,506.383,-143.054,-70.3952,506.031,-136.096,107.092,627.686,-134.499,-108.908,627.215
-170.024,80.1407,592.697,-168.79,-82.6027,592.226,-170.172,134.371,788.822,-168.139,-136.61,788.096
-204.796,95.7434,705.538,-203.307,-98.7074,704.914,-215.673,171.229,1006.97,-213.051,-174.027,1005.88
-229.689,106.607,783.977,-228.021,-109.93,783.238,-249.311,199.303,1173.25,-246.238,-202.506,1171.87
-252.799,127.881,887.107,-250.806,-131.563,886.267,-289.921,236.778,1394.87,-286.25,-240.46,1393.09
-242.537,107.145,761.222,-240.816,-110.674,760.331,-296.502,233.902,1385.5,-292.888,-237.632,1383.6
-234.995,100.989,706.826,-233.396,-104.396,706.096,-277.142,210.577,1226.39,-273.911,-214.141,1224.92
-226.887,94.2773,645.718,-225.42,-97.5568,645.179,-250.309,176.583,1000.42,-247.759,-179.66,999.194
-223.102,90.5984,610.772,-221.708,-93.8031,610.332,-233.654,157.852,881.365,-231.405,-160.783,880.42
-219.355,87.3197,580.191,-218.033,-90.4233,579.826,-218.163,140.822,775.624,-216.141,-143.703,775.008
-214.62,83.9973,570.307,-213.344,-87.0595,570.041,-210.236,128.791,713.05,-208.381,-131.628,712.601
-214.443,81.654,563.335,-213.204,-84.7139,563.098,-210.155,123.77,695.835,-208.381,-126.653,695.485
-215.723,80.3223,550.604,-214.507,-83.3943,550.39,-210.648,119.158,661.277,-208.946,-122.076,660.989
-217.401,79.3509,542.045,-216.203,-82.4411,541.849,-211.501,115.16,632.031,-209.857,-118.118,631.788
-219.141,78.7172,536.038,-217.954,-81.827,535.86,-213.62,112.153,609.793,-212.016,-115.17,609.58
-224.595,79.507,537.213,-223.397,-82.6884,537.046,-220.669,111.819,600.519,-219.066,-114.966,600.326
-222.332,77.7968,522.91,-221.161,-80.9428,522.759,-220.849,108.32,576.209,-219.291,-111.504,576.041
-223.639,77.45,517.95,-222.473,-80.6121,517.809,-224.949,106.924,563.423,-223.407,-110.203,563.276
-225.039,77.2202,513.827,-223.877,-80.3989,513.695,-229.381,105.808,552.804,-227.849,-109.188,552.673
-226.336,77.0254,510.256,-225.177,-80.2189,510.129,-233.898,104.847,543.893,-232.374,-108.33,543.776
-227.304,76.8576,507.451,-226.149,-80.0611,507.329,-238.127,103.985,536.587,-236.609,-107.563,536.48
-228.193,76.6826,505.622,-227.043,-79.8943,505.504,-242.154,103.185,530.884,-240.64,-106.849,530.782
-228.972,76.505,504.233,-227.826,-79.7225,504.115,-245.84,102.461,526.19,-244.331,-106.199,526.09
-229.618,76.3278,503.902,-228.477,-79.5483,503.784,-249.053,101.817,522.928,-247.546,-105.616,522.826
-230.183,76.1469,504.248,-229.045,-79.3685,504.127,-251.761,101.267,520.706,-250.256,-105.111,520.599
-230.68,75.9873,505.912,-229.545,-79.2106,505.788,-253.963,100.843,519.798,-252.459,-104.72,519.685
-230.702,75.8786,508.488,-229.569,-79.0977,508.361,-255.045,100.507,519.614,-253.542,-104.396,519.495
-230.416,75.8165,509.534,-229.283,-79.0287,509.406,-255.07,100.352,517.954,-253.567,-104.235,517.832
-230.074,76.6331,443.003,-228.926,-79.8325,442.87,-250.881,99.2024,456.985,-249.388,-103.017,456.852
-231.666,78.4735,448.749,-230.491,-81.6873,448.609,-254.024,102.573,464.261,-252.481,-106.429,464.121
-231.78,79.8155,451.183,-230.587,-83.0268,451.039,-255.061,103.935,467.185,-253.494,-107.809,467.038
-231.545,81.0336,452.441,-230.335,-84.2378,452.295,-255.313,104.632,468.207,-253.73,-108.517,468.056
-231.077,82.1408,452.997,-229.851,-85.3338,452.85,-255.012,104.871,468.013,-253.421,-108.764,467.861
-230.801,83.2126,453.315,-229.56,-86.3972,453.168,-254.411,104.821,466.922,-252.816,-108.719,466.772
-230.631,84.1585,453.319,-229.379,-87.3367,453.174,-253.779,104.646,465.315,-252.182,-108.548,465.169
-230.097,84.8879,452.659,-228.838,-88.0562,452.519,-252.538,104.035,463.003,-250.946,-107.93,462.861
-229.264,85.4172,451.483,-228.001,-88.5735,451.35,-250.808,103.139,460.156,-249.224,-107.018,460.019
-228.276,85.7646,449.959,-227.012,-88.911,449.833,-248.724,102.049,456.919,-247.151,-105.904,456.785
-226.817,85.8155,447.454,-225.555,-88.95,447.335,-245.951,100.708,452.67,-244.392,-104.526,452.539
0.0195352,0.735995,11.1468,0.0202015,-0.711682,11.1334,0.0154535,-0.00220068,0.275953,0.0154279,0.00240198,0.276395
-4.5424,2.79131,26.673,-4.51299,-2.82266,26.6685,0.0229092,-0.00144244,0.327711,0.0229179,0.00179787,0.328349
-11.9344,6.67122,53.7739,-11.8586,-6.83797,53.8117,0.0363213,-0.000758952,0.428709,0.0363841,0.00127197,0.429805
-19.9246,10.3978,82.8744,-19.7989,-10.6693,82.9304,0.166152,0.0156061,0.844263,0.167521,-0.013142,0.848535
-30.1187,15.2971,119.844,-29.9251,-15.716,119.908,2.32588,1.53324,7.75815,2.3391,-1.52786,7.87717
-47.7578,23.9547,181.723,-47.4321,-24.6413,181.75,-14.7032,14.1334,79.2051,-14.5648,-14.3876,79.4538
-60.3043,29.8423,224.883,-59.8876,-30.7234,224.877,-30.0869,25.5611,146.342,-29.786,-26.0311,146.57
-77.5018,37.7017,283.536,-76.956,-38.822,283.452,-52.3931,42.6002,246.529,-51.8151,-43.3524,246.595
-97.4859,46.9029,351.103,-96.7914,-48.3141,350.939,-77.4559,61.6972,359.113,-76.5762,-62.7703,359.028
-119.594,57.1362,425.561,-118.734,-58.8676,425.308,-105.496,83.3652,487.288,-104.273,-84.7964,487.021
-144.646,68.5871,508.385,-143.601,-70.6771,508.029,-136.639,107.491,630.038,-135.034,-109.315,629.562
-170.674,80.4684,595.079,-169.435,-82.9388,594.604,-170.852,134.876,791.813,-168.81,-137.125,791.08
-205.576,96.1392,708.406,-204.08,-99.1121,707.776,-216.545,171.891,1010.9,-213.91,-174.699,1009.79
-230.559,107.054,787.214,-228.883,-110.385,786.467,-250.318,200.087,1177.91,-247.231,-203.298,1176.5
-253.708,128.35,890.468,-251.706,-132.038,889.616,-291.107,237.735,1400.59,-287.418,-241.422,1398.78
-243.45,107.593,764.363,-241.721,-111.127,763.46,-297.7,234.916,1391.52,-294.068,-238.647,1389.59
-235.888,101.413,709.765,-234.281,-104.821,709.023,-278.214,211.455,1231.51,-274.968,-215.017,1230.02
-227.753,94.6601,648.329,-226.279,-97.9391,647.78,-251.3,177.313,1004.53,-248.737,-180.387,1003.29
-223.983,90.9656,613.277,-222.583,-94.1717,612.828,-234.63,158.529,885.104,-232.369,-161.458,884.144
-220.216,87.6548,582.478,-218.889,-90.7611,582.106,-219.027,141.375,778.605,-216.995,-144.255,777.976
-215.481,84.3089,572.474,-214.199,-87.3746,572.2,-211.087,129.293,715.748,-209.224,-132.132,715.289
-215.287,81.9349,565.377,-214.041,-84.9986,565.131,-210.97,124.224,698.327,-209.189,-127.112,697.969
-216.534,80.5674,552.534,-215.311,-83.6433,552.31,-211.425,119.56,663.541,-209.716,-122.484,663.246
-218.173,79.5579,543.88,-216.967,-82.6521,543.672,-212.244,115.516,634.111,-210.595,-118.48,633.863
-219.868,78.8822,537.781,-218.674,-81.9961,537.59,-214.335,112.468,611.73,-212.726,-115.492,611.511
-225.291,79.6321,538.895,-224.087,-82.8177,538.715,-221.378,112.106,602.384,-219.771,-115.259,602.185
-222.986,77.8668,524.461,-221.808,-81.0169,524.296,-221.538,108.573,577.946,-219.976,-111.762,577.771
-224.292,77.4785,519.42,-223.121,-80.644,519.263,-225.662,107.164,565.121,-224.116,-110.445,564.963
-225.727,77.2141,515.217,-224.561,-80.3961,515.068,-230.144,106.045,554.472,-228.607,-109.425,554.327
-227.105,76.9983,511.587,-225.942,-80.1956,511.443,-234.745,105.097,545.562,-233.214,-108.576,545.428
-228.189,76.8249,508.74,-227.03,-80.0332,508.6,-239.078,104.258,538.269,-237.552,-107.829,538.142
-229.217,76.66,506.884,-228.063,-79.8782,506.747,-243.216,103.484,532.584,-241.693,-107.142,532.46
-230.142,76.5059,505.478,-228.991,-79.7321,505.343,-247,102.785,527.899,-245.48,-106.518,527.776
-230.926,76.3623,505.14,-229.779,-79.5942,505.006,-250.279,102.158,524.628,-248.761,-105.954,524.504
-231.611,76.2194,505.488,-230.467,-79.4555,505.352,-253.015,101.614,522.376,-251.498,-105.459,522.249
-232.209,76.0976,507.155,-231.067,-79.3388,507.018,-255.21,101.184,521.421,-253.695,-105.068,521.291
-232.315,76.0234,509.732,-231.174,-79.2637,509.594,-256.27,100.835,521.183,-254.756,-104.736,521.05
-232.099,75.9898,510.772,-230.958,-79.226,510.635,-256.268,100.66,519.468,-254.755,-104.56,519.334
-231.729,76.8164,444.21,-230.575,-80.0382,444.07,-251.963,99.4649,458.405,-250.462,-103.295,458.263
-233.385,78.6813,449.927,-232.203,-81.9202,449.782,-255.087,102.802,465.598,-253.536,-106.677,465.45
-233.553,80.0413,452.329,-232.353,-83.2799,452.181,-256.131,104.141,468.47,-254.556,-108.036,468.317
-233.364,81.2736,453.553,-232.147,-84.5074,453.403,-256.395,104.814,469.439,-254.804,-108.722,469.283
-232.936,82.3935,454.076,-231.703,-85.6187,453.926,-256.116,105.032,469.201,-254.516,-108.947,469.041
-232.696,83.4793,454.366,-231.449,-86.6992,454.217,-255.543,104.963,468.071,-253.938,-108.882,467.911
-232.56,84.4436,454.35,-231.3,-87.6602,454.201,-254.943,104.77,466.432,-253.335,-108.693,466.273
-232.053,85.1991,453.68,-230.785,-88.4085,453.535,-253.74,104.146,464.097,-252.135,-108.062,463.939
-231.237,85.7666,452.504,-229.963,-88.9652,452.363,-252.049,103.24,461.237,-250.452,-107.141,461.081
-230.254,86.1712,450.995,-228.976,-89.3588,450.859,-250.009,102.146,457.999,-248.422,-106.026,457.845
-228.752,86.2932,448.477,-227.475,-89.4643,448.346,-247.252,100.788,453.723,-245.679,-104.632,453.57
-0.0110188,0.744274,11.0949,-0.00952714,-0.720791,11.0813,0.0154783,-0.00221037,0.275931,0.0154546,0.00241198,0.276376
-4.56653,2.78889,26.6343,-4.53668,-2.82068,26.6292,0.0229077,-0.00145904,0.327543,0.0229215,0.00181341,0.328194
-11.9706,6.67353,53.8119,-11.8945,-6.84072,53.8496,0.0361639,-0.000790299,0.428027,0.0362402,0.00129848,0.42916
-19.9723,10.4081,82.9761,-19.8465,-10.68,83.0322,0.163853,0.0152969,0.839291,0.165309,-0.0128755,0.843757
-30.1792,15.3162,120.021,-29.9855,-15.7352,120.086,2.31037,1.48574,7.57229,2.32496,-1.48076,7.69422
-47.8483,23.9934,182.025,-47.5219,-24.6815,182.052,-14.6305,14.1047,78.9973,-14.4979,-14.3618,79.2632
-60.4236,29.8946,225.282,-60.006,-30.7773,225.275,-30.1996,25.6338,146.782,-29.8946,-26.1033,146.998
-77.6513,37.7718,284.061,-77.1043,-38.894,283.977,-52.4953,42.6709,246.941,-51.9163,-43.4253,247.008
-97.673,46.9934,351.772,-96.9769,-48.4071,351.608,-77.6084,61.8062,359.75,-76.7269,-62.8821,359.665
-119.822,57.249,426.388,-118.96,-58.9835,426.134,-105.704,83.517,488.18,-104.479,-84.9519,487.912
-144.92,68.7244,509.386,-143.873,-70.8182,509.029,-136.91,107.691,631.217,-135.302,-109.52,630.741
-170.997,80.6324,596.271,-169.754,-83.107,595.794,-171.191,135.13,793.312,-169.144,-137.384,792.576
-205.963,96.3371,709.842,-204.463,-99.3149,709.21,-216.978,172.222,1012.86,-214.337,-175.035,1011.75
-230.99,107.278,788.835,-229.31,-110.613,788.084,-250.818,200.479,1180.24,-247.723,-203.695,1178.82
-254.158,128.584,892.151,-252.151,-132.276,891.294,-291.695,238.213,1403.45,-287.997,-241.903,1401.62
-243.903,107.817,765.935,-242.17,-111.353,765.027,-298.293,235.423,1394.53,-294.652,-239.154,1392.58
-236.33,101.625,711.236,-234.719,-105.033,710.488,-278.745,211.894,1234.07,-275.491,-215.455,1232.57
-228.181,94.851,649.635,-226.704,-98.1305,649.081,-251.79,177.676,1006.59,-249.221,-180.75,1005.33
-224.418,91.1488,614.532,-223.016,-94.3562,614.078,-235.114,158.867,886.975,-232.847,-161.796,886.007
-220.642,87.8221,583.624,-219.312,-90.9303,583.248,-219.454,141.651,780.096,-217.418,-144.532,779.461
-215.907,84.4645,573.559,-214.621,-87.5326,573.282,-211.509,129.545,717.099,-209.642,-132.385,716.635
-215.703,82.0754,566.401,-214.454,-85.1415,566.15,-211.375,124.452,699.575,-209.589,-127.342,699.213
-216.935,80.69,553.503,-215.709,-83.7683,553.273,-211.811,119.762,664.676,-210.098,-122.689,664.378
-218.554,79.6614,544.8,-217.344,-82.7579,544.586,-212.613,115.694,635.155,-210.961,-118.662,634.903
-220.227,78.9646,538.655,-219.029,-82.0808,538.457,-214.69,112.626,612.7,-213.079,-115.654,612.479
-225.633,79.6945,539.739,-224.426,-82.8823,539.551,-221.729,112.25,603.318,-220.12,-115.407,603.116
-223.306,77.9015,525.237,-222.126,-81.0536,525.064,-221.879,108.7,578.816,-220.316,-111.892,578.637
-224.612,77.4929,520.153,-223.439,-80.6599,519.988,-226.016,107.285,565.971,-224.468,-110.567,565.807
-226.066,77.212,515.909,-224.899,-80.3955,515.752,-230.524,106.165,555.307,-228.985,-109.544,555.155
-227.487,76.9873,512.251,-226.323,-80.1863,512.099,-235.167,105.223,546.397,-233.635,-108.7,546.254
-228.631,76.8127,509.385,-227.471,-80.0233,509.236,-239.553,104.395,539.11,-238.024,-107.963,538.972
-229.731,76.6541,507.516,-228.574,-79.8755,507.371,-243.744,103.634,533.43,-242.217,-107.288,533.295
-230.728,76.5124,506.104,-229.575,-79.7429,505.96,-247.573,102.947,528.747,-246.049,-106.677,528.613
-231.582,76.3855,505.764,-230.432,-79.623,505.621,-250.883,102.327,525.469,-249.36,-106.122,525.334
-232.327,76.2609,506.111,-231.179,-79.5043,505.968,-253.632,101.785,523.201,-252.11,-105.632,523.063
-232.975,76.1573,507.778,-231.83,-79.4072,507.635,-255.825,101.352,522.222,-254.305,-105.24,522.083
-233.125,76.0996,510.354,-231.98,-79.3501,510.211,-256.876,100.997,521.958,-255.357,-104.904,521.818
-232.943,76.0797,511.391,-231.799,-79.3275,511.25,-256.863,100.813,520.216,-255.345,-104.721,520.077
-232.561,76.9115,444.814,-231.403,-80.1439,444.671,-252.504,99.5957,459.108,-250.998,-103.433,458.961
-234.249,78.7885,450.518,-233.063,-82.0394,450.37,-255.62,102.917,466.261,-254.065,-106.801,466.109
-234.443,80.1576,452.905,-233.239,-83.4089,452.754,-256.669,104.246,469.11,-255.09,-108.151,468.953
-234.277,81.3971,454.113,-233.056,-84.6447,453.961,-256.94,104.908,470.055,-255.346,-108.826,469.895
-233.867,82.5233,454.621,-232.631,-85.7635,454.469,-256.674,105.116,469.796,-255.07,-109.041,469.633
-233.644,83.6159,454.898,-232.393,-86.8521,454.747,-256.115,105.037,468.648,-254.506,-108.968,468.484
-233.523,84.5889,454.871,-232.259,-87.8231,454.721,-255.532,104.836,466.995,-253.919,-108.77,466.831
-233.027,85.3565,454.195,-231.754,-88.5847,454.048,-254.347,104.204,464.65,-252.737,-108.133,464.486
-232.218,85.9418,453.018,-230.938,-89.16,452.874,-252.677,103.293,461.784,-251.073,-107.208,461.62
-231.235,86.3731,451.514,-229.951,-89.5798,451.373,-250.657,102.197,458.545,-249.063,-106.091,458.382
-229.718,86.5315,448.996,-228.434,-89.7203,448.858,-247.917,100.835,454.268,-246.337,-104.695,454.105
-0.0262822,0.748406,11.0691,-0.0243783,-0.725337,11.0553,0.0154908,-0.00221521,0.275919,0.0154679,0.00241697,0.276366
-4.57858,2.78731,26.6149,-4.54852,-2.81932,26.6096,0.0229069,-0.00146731,0.327459,0.0229233,0.00182116,0.328116
-11.9887,6.67459,53.831,-11.9125,-6.84199,53.8687,0.0360857,-0.000805875,0.427687,0.0361685,0.00131167,0.428839
-19.9962,10.4132,83.027,-19.8702,-10.6853,83.0831,0.162718,0.0151447,0.83683,0.164217,-0.0127441,0.84139
-30.2096,15.3258,120.11,-30.0157,-15.7448,120.175,2.30191,1.46236,7.48135,2.31723,-1.45755,7.60463
-47.8934,24.0127,182.176,-47.5667,-24.7015,182.203,-14.5926,14.091,78.8871,-14.463,-14.3494,79.1615
-60.4831,29.9208,225.482,-60.065,-30.8043,225.475,-30.2561,25.6708,147.003,-29.949,-26.14,147.213
-77.7259,37.8069,284.324,-77.1782,-38.9301,284.24,-52.5462,42.7064,247.147,-51.9667,-43.462,247.215
-97.7663,47.0387,352.106,-97.0694,-48.4537,351.942,-77.6845,61.8608,360.069,-76.8022,-62.9382,359.985
-119.936,57.3054,426.802,-119.073,-59.0415,426.547,-105.808,83.5931,488.626,-104.581,-85.0298,488.359
-145.057,68.7932,509.887,-144.008,-70.8889,509.53,-137.045,107.791,631.808,-135.435,-109.622,631.331
-171.158,80.7144,596.868,-169.914,-83.1913,596.39,-171.359,135.256,794.062,-169.311,-137.513,793.325
-206.156,96.4361,710.561,-204.654,-99.4164,709.927,-217.194,172.388,1013.85,-214.55,-175.204,1012.74
-231.205,107.389,789.647,-229.523,-110.728,788.893,-251.067,200.675,1181.4,-247.969,-203.893,1179.98
-254.382,128.701,892.994,-252.373,-132.395,892.134,-291.988,238.451,1404.87,-288.286,-242.143,1403.04
-244.128,107.929,766.722,-242.393,-111.467,765.812,-298.588,235.676,1396.03,-294.943,-239.408,1394.08
-236.549,101.731,711.972,-234.936,-105.14,711.222,-279.008,212.113,1235.35,-275.751,-215.674,1233.85
-228.393,94.9464,650.289,-226.914,-98.2263,649.733,-252.033,177.858,1007.61,-249.461,-180.932,1006.35
-224.634,91.2404,615.16,-223.23,-94.4487,614.704,-235.354,159.036,887.911,-233.085,-161.966,886.94
-220.853,87.9056,584.198,-219.522,-91.015,583.82,-219.667,141.789,780.841,-217.628,-144.67,780.204
-216.118,84.5423,574.103,-214.831,-87.6118,573.824,-211.719,129.671,717.776,-209.85,-132.512,717.31
-215.91,82.1456,566.915,-214.659,-85.2131,566.661,-211.576,124.566,700.2,-209.788,-127.458,699.837
-217.133,80.7512,553.988,-215.905,-83.8309,553.756,-212.002,119.863,665.244,-210.288,-122.792,664.945
-218.742,79.7131,545.262,-217.531,-82.811,545.045,-212.797,115.784,635.677,-211.143,-118.754,635.424
-220.403,79.0057,539.093,-219.204,-82.1231,538.892,-214.866,112.705,613.186,-213.254,-115.735,612.964
-225.802,79.7255,540.161,-224.593,-82.9146,539.97,-221.904,112.322,603.786,-220.293,-115.481,603.582
-223.463,77.9188,525.626,-222.282,-81.072,525.449,-222.048,108.765,579.251,-220.484,-111.957,579.071
-224.77,77.5001,520.52,-223.596,-80.6679,520.351,-226.192,107.346,566.396,-224.643,-110.629,566.23
-226.234,77.2113,516.256,-225.065,-80.3955,516.094,-230.714,106.225,555.725,-229.174,-109.604,555.57
-227.676,76.9824,512.583,-226.512,-80.1823,512.426,-235.379,105.287,546.815,-233.845,-108.762,546.668
-228.851,76.8076,509.707,-227.691,-80.0194,509.554,-239.79,104.464,539.53,-238.259,-108.03,539.387
-229.987,76.6526,507.834,-228.83,-79.8756,507.684,-244.007,103.71,533.853,-242.478,-107.362,533.713
-231.022,76.5173,506.418,-229.867,-79.7499,506.27,-247.858,103.027,529.169,-246.331,-106.756,529.029
-231.91,76.3986,506.077,-230.758,-79.639,505.93,-251.183,102.411,525.887,-249.657,-106.206,525.747
-232.685,76.2831,506.423,-231.536,-79.5301,506.277,-253.938,101.87,523.611,-252.413,-105.717,523.468
-233.359,76.1883,508.091,-232.211,-79.4427,507.944,-256.131,101.436,522.62,-254.607,-105.326,522.477
-233.53,76.1387,510.665,-232.383,-79.3943,510.52,-257.178,101.078,522.343,-255.656,-104.988,522.199
-233.366,76.1256,511.7,-232.219,-79.379,511.557,-257.159,100.89,520.588,-255.639,-104.801,520.446
-232.978,76.9601,445.116,-231.818,-80.1976,444.972,-252.773,99.6612,459.458,-251.265,-103.502,459.309
-234.681,78.8431,450.814,-233.494,-82.0997,450.665,-255.887,102.975,466.592,-254.33,-106.864,466.438
-234.889,80.2166,453.193,-233.683,-83.4742,453.041,-256.939,104.298,469.429,-255.358,-108.209,469.271
-234.733,81.4598,454.394,-233.511,-84.714,454.241,-257.214,104.955,470.363,-255.618,-108.879,470.202
-234.333,82.5891,454.895,-233.095,-85.8366,454.742,-256.953,105.158,470.094,-255.348,-109.09,469.929
-234.118,83.6852,455.166,-232.865,-86.9291,455.014,-256.402,105.075,468.938,-254.791,-109.011,468.772
-234.004,84.6623,455.134,-232.738,-87.905,454.983,-255.827,104.869,467.278,-254.212,-108.81,467.112
-233.513,85.4358,454.455,-232.238,-88.673,454.307,-254.652,104.235,464.928,-253.039,-108.169,464.761
-232.706,86.0296,453.277,-231.424,-89.2571,453.131,-252.992,103.321,462.059,-251.385,-107.242,461.892
-231.723,86.4737,451.774,-230.436,-89.6897,451.631,-250.983,102.223,458.82,-249.385,-106.125,458.652
-230.2,86.6505,449.257,-228.912,-89.8479,449.117,-248.253,100.86,454.544,-246.669,-104.729,454.377
16.6697,-4.78447,40.2088,16.0388,5.20861,40.446,-0.00285279,0.0020666,0.278975,-0.00310687,-0.00225944,0.278952
8.39278,-25.267,45.2246,7.75588,25.571,44.9779,-0.00229262,0.00853851,0.382854,-0.00309475,-0.00789613,0.381282
3.23433,-10.776,52.5523,2.97642,10.8413,52.2345,0.21531,0.0616268,0.956431,0.199852,-0.0437264,0.928441
1.91172,-0.63534,43.48,1.85377,0.612264,43.1752,1.84968,8.42872,40.143,2.27488,-7.46761,37.9517
0.807592,2.36116,33.4675,0.877918,-2.7878,33.5574,2.23189,11.4341,78.4233,3.04551,-10.4585,77.207
-4.82817,44.0204,176.415,-8.20696,-51.9455,192.151,4.08784,-110.299,138.22,4.29582,112.143,140.571
-0.0156412,-0.00509461,0.0339656,-0.0135627,0.00528815,0.0308231,-282.058,520.31,739.882,-254.975,-458.532,655.875
8.26239,-1.94637,25.3394,7.96148,2.17027,25.4175,0.00639808,-0.000137709,0.276919,0.00623952,0.000119571,0.277072
1.99468,-8.91588,35.849,1.72767,9.04182,35.732,0.012386,0.00268331,0.35205,0.0119364,-0.00230921,0.351512
-4.35032,-1.51528,53.379,-4.43044,1.44443,53.2198,0.0784487,0.0117639,0.588911,0.0757227,-0.00815351,0.583986
-8.68328,4.90205,62.6204,-8.65293,-5.03906,62.4782,3.54141,1.08791,6.40598,3.41365,-0.858049,6.11913
-16.3553,8.93057,77.5416,-16.1541,-9.26803,77.164,2.81676,8.35545,56.57,2.83502,-8.07798,56.5981
-28.7108,40.1637,201.159,-30.3441,-44.9925,210.354,0.429567,-77.0392,96.8272,0.581848,78.2229,98.4301
-0.0622048,-0.0199039,0.113809,-0.0504231,0.0196793,0.0978365,-142.109,254.903,365.083,-131.424,-230.392,331.733
888.089,1184.07,2868.15,811.225,-1231.68,3077.91,0.00127406,-0.0017189,0.00601635,0.00155647,0.0019152,0.00647727
4.06721,-0.557597,18.0142,3.92257,0.679894,18.0383,0.0109543,-0.0011965,0.276277,0.0108579,0.00128316,0.276566
-1.31187,-1.47085,31.2492,-1.41323,1.50636,31.223,0.0181668,0.000393854,0.33903,0.017939,-6.09337e-05,0.339092
-7.83964,3.99174,51.982,-7.82875,-4.10805,51.958,0.0496892,0.00338101,0.492616,0.0488416,-0.00208636,0.49163
-14.0433,8.18115,71.5888,-13.967,-8.38514,71.5821,0.770368,0.115763,1.86467,0.746013,-0.092306,1.82815
-22.6516,12.4185,98.2208,-22.4822,-12.7618,98.1236,-0.581407,7.35509,40.2509,-0.470277,-7.2326,39.8349
-37.1813,32.6782,192.964,-37.9509,-35.5356,197.55,-0.37375,-39.3411,54.5475,-0.934588,38.8161,57.9054
-44.1901,17.4905,143.892,-43.1572,-16.3093,140.668,-24.9919,22.5812,113.381,-25.2682,-23.4931,115.532
-56.4646,25.5097,199.641,-55.7367,-25.4863,198.086,-43.0896,36.5643,204.172,-41.7763,-36.0318,200.099
-71.041,33.8983,259.572,-70.4598,-34.8872,259.1,-58.1404,48.3832,279.805,-57.4029,-49.1305,279.298
-87.2135,42.2627,319.974,-86.6887,-44.0386,320.275,-77.2816,63.6648,373.072,-76.4356,-65.1037,373.315
-105.851,50.9125,383.213,-105.289,-53.3492,383.966,-99.5058,81.2653,478.736,-98.4871,-83.4332,479.64
-125.239,59.354,446.333,-124.577,-62.3881,447.309,-124.696,101.871,601.187,-123.412,-104.829,602.583
-151.659,70.5406,529.149,-150.809,-74.2786,530.211,-158.129,129.131,763.217,-156.458,-133.131,765.099
-170.985,78.035,585.049,-169.986,-82.4344,586.124,-183.325,149.796,886.609,-181.317,-154.753,888.701
-191.567,97.7169,681.21,-190.276,-103.001,682.443,-211.663,175.935,1041.14,-209.311,-182.166,1043.9
-182.049,77.8523,567.332,-181.08,-83.2379,568.566,-217.118,169.062,1011.22,-214.785,-175.566,1013.37
-175.179,72.8954,524.158,-174.318,-78.4337,525.476,-204.46,152.974,901.855,-202.328,-159.372,903.66
-167.358,68.5695,480.945,-166.497,-73.9733,482.178,-182.494,127.761,736.414,-180.917,-133.553,738.178
-163.048,66.6799,455.327,-161.991,-71.7445,456.134,-168.222,113.777,647.93,-166.858,-119.505,650.001
-161.364,65.9429,438.852,-160.007,-70.5203,439.101,-160.04,104.508,587.775,-158.74,-110.44,590.228
-158.269,64.9372,439.241,-156.778,-69.353,439.338,-155.475,97.3847,549.825,-154.193,-103.292,552.19
-160.624,65.1742,442.48,-159.423,-70.1021,443.119,-158.374,96.1595,546.706,-157.139,-101.952,548.882
-164.42,66.5661,437.337,-163.702,-72.0577,438.848,-161.909,95.3934,526.794,-160.714,-100.756,528.69
-167.744,68.3674,433.247,-167.537,-74.3138,435.713,-164.896,94.3328,508.14,-163.704,-99.1432,509.791
-170.914,71.156,430.32,-171.177,-77.5105,433.739,-168.885,93.6007,493.781,-167.571,-97.7869,495.108
-178.067,76.2807,433.617,-178.698,-83.1289,438.017,-177.209,94.7054,488.012,-175.591,-98.3036,488.988
-179.357,81.7127,427.486,-180.238,-89.1873,432.844,-179.685,92.4527,470.365,-177.643,-95.6116,470.997
-182.764,89.1482,429.994,-183.915,-97.7828,436.574,-183.266,90.5001,458.401,-180.762,-93.3192,458.794
-183.955,97.0775,436.982,-185.399,-107.872,445.046,-182.546,86.6639,445.639,-179.637,-89.6181,445.82
-179.928,102.687,448.544,-181.731,-116.971,458.345,-171.52,79.2818,427.324,-168.609,-83.3252,427.524
-167.835,101.73,462.129,-169.754,-120.173,473.322,-146.431,67.9973,402.495,-143.988,-74.9003,403.072
-149.005,91.2814,467.247,-149.891,-111.63,478.172,-116.005,55.0846,375.867,-113.664,-67.544,377.552
-131.511,74.0153,448.975,-129.18,-89.7603,456.553,-108.398,46.0981,360.192,-104.204,-66.383,364.076
-125.648,57.3321,411.952,-119.311,-63.4581,414.165,-146.216,46.0327,366.48,-138.781,-71.1606,372.272
-130.218,45.9631,384.715,-124.061,-48.7817,384.955,-207.779,54.8757,386.667,-199.136,-73.4782,390.831
-133.736,40.8642,385.993,-132.104,-50.0435,390.195,-249.646,63.3456,398.823,-241.844,-68.2631,399.186
-131.167,41.4963,403.705,-131.401,-54.1713,411.54,-258.076,57.0028,383.988,-249.591,-55.8619,383.533
-126.456,40.0596,412.73,-125.338,-51.1415,421.014,-254.409,30.309,334.218,-243.615,-27.7932,334.546
-141.753,22.5443,333.532,-141.826,-39.3416,343.416,-117.863,11.214,148.213,-121.136,-5.64968,151.812
3.52601,-20.8864,26.8015,1.603,5.42398,7.94032,-0.0314838,0.00212236,0.117593,-0.0249301,-0.0024212,0.0992921
-0.0117511,-0.00357956,0.0328498,-0.0104589,0.00227776,0.0301749,-0.00211332,0.00161524,0.0115184,-0.00155129,-0.00122583,0.0102484
0.000240022,0.000689835,0.00694887,0.000247122,-0.00050558,0.00602659,0.00318435,0.00278459,0.00920557,0.00229439,-0.000826881,0.00685267
-0.0034237,0.00145802,0.010527,-0.027417,-0.00362027,0.0430341,-6837.7,-2580.8,10417.9,1.13331e+07,3.84398e+06,1.4959e+07
1.98839,0.115969,14.4416,1.91884,-0.0443007,14.445,0.0132268,-0.00171263,0.276058,0.013166,0.00185569,0.276424
-2.96337,1.46184,28.9344,-2.99057,-1.46503,28.9365,0.0206972,-0.000602054,0.333039,0.0205901,0.000935481,0.333404
-9.78822,5.90107,52.2047,-9.74016,-6.04209,52.2294,0.0413595,0.000897914,0.456827,0.0410499,-0.000149964,0.457074
-16.9571,9.51418,76.9044,-16.8561,-9.7544,76.9444,0.323392,0.038186,1.1428,0.320467,-0.0316935,1.13971
-26.3415,13.9722,108.969,-26.1665,-14.3581,108.981,1.26895,4.46888,22.2338,1.30929,-4.41606,22.1281
-42.2548,25.7541,178.101,-42.2756,-27.0479,179.435,-10.514,-1.73667,70.9591,-10.6892,1.17857,72.5407
-52.4626,28.2498,204.726,-52.1866,-29.2635,205.109,-23.1431,17.4084,122.63,-23.056,-17.9397,123.53
-66.9223,33.3108,248.469,-66.3803,-34.2422,248.12,-45.799,37.0138,221.856,-45.2541,-37.6198,221.718
-83.9437,40.3329,303.692,-83.1763,-41.3648,302.846,-68.7872,55.3473,324.801,-67.8942,-56.1536,324.117
-102.928,48.7775,367.343,-101.966,-50.025,366.177,-93.549,74.9965,438.834,-92.3155,-76.0601,437.724
-124.666,58.5911,439.59,-123.529,-60.1367,438.24,-120.366,96.2392,563.485,-118.797,-97.5966,562.052
-147.425,68.8402,514.982,-146.14,-70.7101,513.543,-149.7,120.308,704.772,-147.77,-121.96,703.044
-178.482,82.4763,613.749,-177.034,-84.7795,612.29,-188.997,152.709,895.117,-186.591,-154.702,892.996
-201.732,92.1148,682.176,-200.208,-94.7039,680.806,-218.851,177.718,1041.28,-216.092,-179.864,1038.87
-225.598,113.379,784.112,-223.857,-116.277,782.9,-254.629,210.573,1232.04,-251.388,-212.852,1229.17
-217.86,93.8976,667.176,-216.436,-96.6293,666.125,-262.111,206.229,1212.92,-258.983,-208.394,1210.04
-212.028,88.7502,618.998,-210.756,-91.3391,618.234,-247.07,186.315,1076.58,-244.299,-188.324,1074.39
-204.83,83.2757,566.135,-203.658,-85.6369,565.56,-222.704,155.779,876.837,-220.563,-157.43,875.183
-201.14,80.1157,533.779,-199.979,-82.2654,533.243,-206.311,137.768,765.708,-204.46,-139.401,764.615
-198.393,77.6744,508.382,-197.212,-79.5883,507.79,-194.083,123.755,680.61,-192.376,-125.458,679.874
-194.975,74.9549,502.046,-193.823,-76.8299,501.564,-186.958,113.043,626.234,-185.397,-114.766,625.713
-196.427,73.2739,498.406,-195.333,-75.2133,498.02,-188.402,109.358,615.222,-186.892,-111.141,614.756
-198.64,72.5282,487.577,-197.589,-74.5013,487.28,-189.906,105.952,586.846,-188.438,-107.773,586.424
-201.028,72.0969,480.238,-200.024,-74.1118,480.049,-191.586,103.009,562.829,-190.139,-104.847,562.414
-203.639,72.1102,475.664,-202.691,-74.212,475.62,-194.39,100.948,544.772,-192.944,-102.822,544.358
-209.462,73.531,477.205,-208.553,-75.7872,477.322,-201.481,101.219,537.653,-199.995,-103.2,537.239
-208.223,72.984,465.368,-207.35,-75.2723,465.623,-202.477,98.5329,517.111,-200.967,-100.549,516.694
-209.849,73.8398,461.971,-208.993,-76.2696,462.389,-206.572,97.5753,506.281,-205.011,-99.7375,505.896
-211.396,75.0833,459.862,-210.525,-77.6478,460.435,-210.589,96.6261,497.023,-208.962,-98.9818,496.688
-212.247,76.4994,458.602,-211.338,-79.2158,459.331,-213.847,95.4244,488.603,-212.151,-98.041,488.353
-211.99,77.8717,458.627,-211.026,-80.758,459.514,-215.549,93.8293,480.794,-213.794,-96.7778,480.67
-210.72,78.8142,459.885,-209.686,-81.8736,460.915,-215.644,91.8262,473.601,-213.842,-95.1695,473.632
-208.6,79.0105,461.25,-207.476,-82.2071,462.369,-214.696,89.6905,466.969,-212.848,-93.4568,467.152
-206.074,78.2809,462.55,-204.827,-81.5262,463.658,-213.992,87.8567,462.21,-212.074,-92.031,462.501
-203.755,76.7775,463.032,-202.347,-79.9599,464.003,-214.87,86.6926,459.674,-212.84,-91.2312,460.002
-201.926,74.89,463.706,-200.325,-77.9193,464.428,-217.683,86.3259,459.803,-215.507,-91.1733,460.104
-200.104,73.0668,465.011,-198.307,-75.9082,465.429,-221.054,86.5858,461.657,-218.726,-91.6531,461.882
-198.335,71.6055,465.238,-196.376,-74.3062,465.364,-223.941,87.3769,462.507,-221.491,-92.5633,462.632
-198.05,72.2068,399.731,-196.048,-75.0653,399.636,-223.415,87.9042,405.2,-220.96,-93.0893,405.205
-198.227,73.2696,406.68,-196.116,-76.1217,406.43,-228.474,92.5716,415.505,-225.878,-97.833,415.416
-196.851,74.1576,410.674,-194.669,-77.0116,410.3,-230.125,94.8798,420.507,-227.47,-100.137,420.337
-195.123,75.0532,413.62,-192.882,-77.8889,413.156,-230.18,96.2994,423.089,-227.503,-101.544,422.877
-193.055,75.7719,415.495,-190.756,-78.5561,414.961,-229.057,97.0268,423.941,-226.384,-102.274,423.734
-191.119,76.234,416.488,-188.769,-78.9488,415.916,-227.377,97.3037,423.579,-224.74,-102.582,423.439
-189.414,76.2339,416.379,-187.028,-78.8817,415.813,-225.761,97.3665,422.505,-223.189,-102.705,422.497
-187.763,75.614,414.805,-185.357,-78.2195,414.289,-223.808,96.9209,420.54,-221.325,-102.32,420.715
-186.47,74.3633,411.975,-184.055,-76.9853,411.551,-221.69,96.1446,417.791,-219.303,-101.604,418.187
-185.679,72.4511,407.838,-183.256,-75.1621,407.536,-219.203,94.9442,413.971,-216.892,-100.431,414.596
-187.035,70.5451,404.291,-184.627,-73.5128,404.274,-218.391,95.0143,411.776,-216.121,-100.739,412.808
0.963215,0.441287,12.7083,0.930125,-0.394499,12.7028,0.0143639,-0.00196734,0.275974,0.0143221,0.00213954,0.276381
-3.78231,2.43886,27.7708,-3.77747,-2.45827,27.7758,0.0218529,-0.00105702,0.330166,0.0218082,0.00139737,0.330683
-10.8595,6.44995,52.8097,-10.7961,-6.60427,52.8465,0.038387,-4.32252e-05,0.441383,0.0382903,0.000637348,0.442126
-18.4755,10.0274,79.8781,-18.362,-10.2847,79.9306,0.22405,0.0236266,0.960828,0.224208,-0.0198589,0.962931
-28.2711,14.6811,114.517,-28.0876,-15.0854,114.559,2.2502,2.82513,13.468,2.25086,-2.8059,13.5472
-45.022,23.5831,175.462,-44.7605,-24.325,175.677,-14.6098,11.819,79.5701,-14.4608,-12.0626,79.8018
-56.6301,28.6113,213.896,-56.2538,-29.476,213.952,-27.035,23.0235,135.224,-26.8073,-23.4751,135.631
-72.7199,35.6054,267.381,-72.2007,-36.6534,267.267,-49.2352,40.2854,234.326,-48.684,-40.9674,234.346
-91.439,44.0047,329.933,-90.7659,-45.303,329.677,-73.0141,58.5465,341.11,-72.1674,-59.5193,340.929
-112.186,53.4673,399.377,-111.351,-55.0567,398.997,-99.4484,79.0761,462.105,-98.2731,-80.3751,461.712
-135.789,64.1409,476.96,-134.779,-66.0659,476.471,-128.682,101.817,596.363,-127.148,-103.475,595.752
-160.331,75.2308,558.085,-159.145,-77.5148,557.494,-160.746,127.624,748.52,-158.805,-129.669,747.664
-193.337,89.9152,664.33,-191.922,-92.677,663.625,-203.444,162.308,953.46,-200.959,-164.862,952.276
-217.112,100.12,737.799,-215.543,-103.223,737.029,-235.158,188.729,1109.65,-232.261,-191.648,1108.21
-239.921,121.17,839.445,-238.048,-124.625,838.631,-273.268,223.819,1316.29,-269.82,-227.167,1314.51
-229.933,100.779,716.721,-228.333,-104.083,715.885,-279.864,220.147,1302.41,-276.486,-223.534,1300.54
-222.864,95.0088,665.091,-221.387,-98.2032,664.433,-262.373,198.581,1155.04,-259.349,-201.826,1153.6
-215.278,88.8983,608.385,-213.918,-91.9573,607.908,-236.766,166.517,942.571,-234.39,-169.305,941.387
-211.562,85.4768,574.984,-210.263,-88.437,574.596,-220.407,148.424,828.313,-218.322,-151.086,827.457
-208.35,82.6407,547.351,-207.116,-85.495,547.036,-206.568,133.049,732.892,-204.682,-135.681,732.351
-203.969,79.6387,539.259,-202.789,-82.4633,539.069,-198.946,121.714,674.253,-197.223,-124.299,673.884
-204.302,77.6794,534.025,-203.165,-80.5162,533.884,-199.452,117.335,659.851,-197.8,-119.964,659.571
-206.038,76.7479,522.649,-204.928,-79.6015,522.545,-200.438,113.375,628.272,-198.848,-116.038,628.049
-208.069,76.1548,515.094,-206.974,-79.0221,515.016,-201.642,109.925,601.423,-200.1,-112.621,601.236
-210.105,75.926,509.958,-209.016,-78.8049,509.9,-203.993,107.373,581.033,-202.48,-110.122,580.867
-215.644,77.1108,511.482,-214.537,-80.0518,511.439,-211.008,107.332,572.658,-209.486,-110.204,572.507
-213.804,76.0502,498.607,-212.709,-78.9487,498.58,-211.488,104.242,550.085,-210,-107.154,549.958
-215.193,76.3143,494.572,-214.095,-79.2389,494.568,-215.459,103.04,537.997,-213.983,-106.067,537.907
-216.507,76.7539,491.596,-215.402,-79.7042,491.618,-219.533,102.008,527.897,-218.069,-105.167,527.853
-217.329,77.1878,489.168,-216.219,-80.1646,489.219,-223.234,100.936,519.049,-221.786,-104.241,519.06
-217.397,77.5222,487.537,-216.287,-80.5213,487.621,-226.151,99.7804,511.441,-224.724,-103.232,511.514
-216.983,77.6179,486.782,-215.877,-80.6327,486.893,-228.467,98.5509,505.166,-227.066,-102.139,505.295
-216.217,77.4213,486.195,-215.117,-80.4365,486.319,-230.418,97.3869,499.894,-229.039,-101.084,500.06
-215.285,76.9335,486.249,-214.189,-79.9267,486.363,-232.334,96.4371,496.344,-230.968,-100.199,496.519
-214.425,76.2394,486.583,-213.331,-79.1911,486.664,-234.498,95.8009,494.285,-233.133,-99.583,494.437
-213.707,75.4798,488.011,-212.611,-78.3791,488.045,-236.871,95.5052,493.954,-235.499,-99.2752,494.064
-212.678,74.7902,490.349,-211.574,-77.6283,490.329,-238.534,95.4446,494.596,-237.148,-99.1725,494.656
-211.478,74.2418,491.308,-210.366,-77.021,491.239,-239.263,95.6557,493.863,-237.863,-99.3299,493.877
-211.485,75.0224,425.369,-210.348,-77.8065,425.255,-236.792,95.2454,434.408,-235.393,-98.883,434.379
-212.13,76.5372,431.669,-210.961,-79.2842,431.517,-240.419,99.1846,443.014,-238.965,-102.839,442.961
-211.328,77.6436,434.7,-210.127,-80.3344,434.51,-241.549,100.951,446.873,-240.072,-104.63,446.811
-210.212,78.6728,436.619,-208.981,-81.291,436.401,-241.741,102.022,448.817,-240.258,-105.746,448.773
-208.827,79.5639,437.715,-207.575,-82.0937,437.487,-241.202,102.585,449.439,-239.735,-106.365,449.449
-207.586,80.3232,438.325,-206.328,-82.7603,438.118,-240.264,102.82,449.075,-238.834,-106.657,449.175
-206.462,80.8028,438.3,-205.215,-83.1513,438.139,-239.282,102.895,448.106,-237.9,-106.788,448.326
-205.122,80.8681,437.277,-203.897,-83.1448,437.178,-237.707,102.473,446.305,-236.367,-106.41,446.655
-203.769,80.4916,435.426,-202.57,-82.747,435.393,-235.688,101.704,443.806,-234.357,-105.681,444.28
-202.58,79.587,432.756,-201.402,-81.9141,432.772,-233.209,100.543,440.483,-231.822,-104.571,441.054
-202.724,78.5837,430.508,-201.543,-81.1136,430.549,-231.824,100.295,438.423,-230.269,-104.485,439.09
0.457408,0.599157,11.8646,0.442178,-0.564564,11.855,0.0149332,-0.00209393,0.275939,0.0149011,0.00228091,0.276367
-4.18825,2.71432,27.1854,-4.16961,-2.74065,27.1872,0.0223948,-0.00127146,0.328761,0.0223818,0.00161744,0.329351
-11.4239,6.60286,53.2723,-11.3538,-6.76392,53.311,0.0371393,-0.000450774,0.434203,0.0371388,0.000992956,0.435167
-19.2461,10.2381,81.4512,-19.1263,-10.5032,81.5066,0.189443,0.0187928,0.892364,0.190429,-0.0158308,0.895963
-29.2511,15.015,117.34,-29.0626,-15.4272,117.395,2.43225,2.07515,9.98629,2.43328,-2.06588,10.107
-46.4756,23.5051,177.803,-46.1595,-24.1715,177.831,-15.164,14.1873,80.7093,-14.9884,-14.409,80.8249
-58.6286,29.1513,219.424,-58.2249,-30.008,219.42,-28.7545,24.6763,141.288,-28.48,-25.1269,141.564
-75.3655,36.7176,276.123,-74.837,-37.8078,276.043,-50.9552,41.6073,240.812,-50.3907,-42.3249,240.861
-94.8065,45.6064,341.582,-94.1341,-46.9797,341.423,-75.3484,60.2045,350.385,-74.4914,-61.2344,350.288
-116.32,55.5091,413.774,-115.488,-57.1935,413.528,-102.621,81.2911,475.06,-101.431,-82.6683,474.788
-140.728,66.6054,494.132,-139.717,-68.6385,493.788,-132.897,104.753,613.811,-131.338,-106.512,613.342
-166.075,78.1113,578.158,-164.876,-80.5153,577.704,-166.151,131.395,771.112,-164.168,-133.567,770.403
-200.084,93.3071,688.085,-198.639,-96.2038,687.491,-210.503,167.314,983.612,-207.948,-170.035,982.567
-224.456,103.867,764.315,-222.837,-107.119,763.619,-243.334,194.66,1145.54,-240.342,-197.786,1144.22
-247.365,125.013,866.69,-245.424,-128.629,865.908,-282.883,231.099,1360.76,-279.311,-234.708,1359.09
-237.103,104.403,742.124,-235.432,-107.874,741.291,-289.414,227.874,1349.5,-285.901,-231.545,1347.71
-229.701,98.3991,688.927,-228.151,-101.763,688.258,-270.815,205.34,1195.66,-267.669,-208.861,1194.28
-221.772,91.9411,629.777,-220.349,-95.1823,629.294,-244.47,172.22,975.681,-241.991,-175.26,974.525
-217.94,88.3646,595.503,-216.585,-91.5224,595.11,-227.912,153.793,858.804,-225.729,-156.689,857.938
-214.35,85.2768,566.229,-213.064,-88.3315,565.907,-213.098,137.499,757.572,-211.129,-140.346,757.02
-209.669,82.0918,557.1,-208.431,-85.1071,556.883,-205.267,125.777,696.716,-203.463,-128.572,696.323
-209.635,79.9255,550.886,-208.437,-82.9427,550.704,-205.41,121.04,680.727,-203.682,-123.875,680.423
-211.107,78.7978,538.809,-209.934,-81.831,538.657,-206.128,116.734,647.507,-204.467,-119.598,647.258
-212.99,78.0376,530.794,-211.835,-81.0912,530.667,-207.165,113.002,619.342,-205.559,-115.9,619.133
-214.941,77.6375,525.295,-213.796,-80.7115,525.19,-209.431,110.223,597.946,-207.861,-113.177,597.765
-220.522,78.658,526.774,-219.365,-81.8031,526.685,-216.509,110.042,589.089,-214.937,-113.125,588.929
-218.489,77.2891,513.226,-217.352,-80.3988,513.155,-216.825,106.733,565.548,-215.295,-109.859,565.419
-219.82,77.2409,508.773,-218.685,-80.3707,508.72,-220.824,105.406,553.01,-219.311,-108.641,552.916
-221.09,77.3045,505.225,-219.954,-80.4535,505.19,-225.012,104.298,542.568,-223.512,-107.653,542.511
-222.014,77.3471,502.175,-220.879,-80.5122,502.156,-229.044,103.245,533.612,-227.558,-106.725,533.593
-222.38,77.3255,499.847,-221.249,-80.5,499.842,-232.58,102.214,526.126,-231.11,-105.81,526.141
-222.488,77.174,498.397,-221.363,-80.352,498.402,-235.801,101.203,520.176,-234.347,-104.901,520.217
-222.409,76.8931,497.236,-221.291,-80.0658,497.243,-238.759,100.29,515.297,-237.318,-104.066,515.349
-222.223,76.5059,496.966,-221.113,-79.6628,496.964,-241.495,99.535,512.019,-240.062,-103.359,512.068
-222.055,76.0568,497.25,-220.951,-79.1906,497.23,-244.054,98.9751,509.983,-242.624,-102.819,510.012
-221.929,75.6181,498.81,-220.828,-78.7268,498.768,-246.372,98.6285,509.415,-244.94,-102.474,509.418
-221.413,75.2543,501.313,-220.314,-78.3322,501.248,-247.687,98.4245,509.641,-246.252,-102.249,509.617
-220.664,74.984,502.361,-219.565,-78.0307,502.277,-247.959,98.436,508.408,-246.519,-102.226,508.361
-220.483,75.7487,436.061,-219.365,-78.7863,435.957,-244.572,97.6378,448.118,-243.137,-101.367,448.044
-221.621,77.435,442.044,-220.477,-80.4631,441.921,-247.882,101.267,456.003,-246.394,-105.019,455.913
-221.315,78.6636,444.741,-220.149,-81.6657,444.602,-248.913,102.812,459.336,-247.401,-106.578,459.236
-220.682,79.7865,446.273,-219.495,-82.7531,446.122,-249.115,103.686,460.78,-247.591,-107.472,460.684
-219.814,80.7908,447.061,-218.61,-83.7127,446.905,-248.699,104.087,460.97,-247.174,-107.896,460.893
-219.126,81.7241,447.525,-217.911,-84.6009,447.378,-247.942,104.187,460.229,-246.427,-108.02,460.188
-218.552,82.4719,447.563,-217.335,-85.3062,447.436,-247.137,104.149,458.933,-245.639,-108.004,458.94
-217.673,82.922,446.818,-216.462,-85.7175,446.72,-245.706,103.649,456.873,-244.227,-107.512,456.931
-216.608,83.0629,445.443,-215.407,-85.8372,445.374,-243.777,102.834,454.204,-242.309,-106.693,454.309
-215.523,82.8539,443.531,-214.335,-85.6433,443.488,-241.443,101.749,450.974,-239.965,-105.596,451.11
-214.675,82.3648,441.136,-213.493,-85.213,441.107,-239.066,100.824,447.563,-237.538,-104.681,447.721
0.20693,0.676485,11.4507,0.200517,-0.6479,11.439,0.0152181,-0.00215704,0.275923,0.015191,0.00235147,0.276361
-4.38995,2.77926,26.8911,-4.36518,-2.80869,26.8898,0.0226547,-0.00137491,0.328065,0.0226576,0.00172433,0.328692
-11.7132,6.64889,53.5467,-11.6399,-6.81327,53.5852,0.0365617,-0.000640432,0.430736,0.0366069,0.00116181,0.431806
-19.633,10.3318,82.2583,-19.51,-10.6006,82.3143,0.174792,0.0167841,0.862226,0.176083,-0.0141359,0.866399
-29.7446,15.1767,118.765,-29.5534,-15.5925,118.825,2.40048,1.74053,8.58193,2.40798,-1.73409,8.70752
-47.2104,23.729,179.923,-46.8876,-24.4041,179.944,-14.9714,14.277,80.0993,-14.8163,-14.5162,80.2861
-59.5949,29.5307,222.498,-59.1836,-30.4006,222.491,-29.541,25.2175,144.246,-29.249,-25.677,144.484
-76.6024,37.2768,280.364,-76.0646,-38.385,280.284,-51.7868,42.1832,244.081,-51.2147,-42.9203,244.139
-96.3612,46.3512,347.053,-95.6771,-47.7478,346.896,-76.5545,61.0532,355.33,-75.685,-62.1079,355.242
-118.221,56.4459,420.547,-117.374,-58.1592,420.302,-104.264,82.4654,481.981,-103.056,-83.8739,481.715
-143.003,67.7453,502.308,-141.974,-69.813,501.963,-135.04,106.303,623.008,-133.455,-108.101,622.54
-168.743,79.464,587.844,-167.521,-81.908,587.383,-168.85,133.37,782.867,-166.834,-135.588,782.149
-203.264,94.928,699.691,-201.791,-97.8704,699.082,-213.982,169.916,999.14,-211.382,-172.69,998.068
-227.985,105.687,777.378,-226.335,-108.987,776.657,-247.362,197.749,1163.98,-244.316,-200.927,1162.62
-251.031,126.916,880.238,-249.056,-130.576,879.419,-287.635,234.882,1383.48,-283.996,-238.542,1381.74
-240.763,106.223,754.807,-239.058,-109.733,753.936,-294.199,231.89,1373.48,-290.618,-235.602,1371.62
-233.268,100.12,700.821,-231.685,-103.513,700.113,-275.09,208.832,1216.14,-271.887,-212.384,1214.71
-225.219,93.4944,640.379,-223.766,-96.7626,639.86,-248.412,175.133,992.192,-245.885,-178.2,990.989
-221.413,89.8487,605.656,-220.032,-93.0394,605.232,-231.782,156.502,873.855,-229.554,-159.424,872.938
-217.713,86.6331,575.514,-216.402,-89.7223,575.163,-216.511,139.719,769.628,-214.506,-142.592,769.035
-212.987,83.3543,565.877,-211.723,-86.4032,565.628,-208.607,127.79,707.619,-206.769,-130.615,707.189
-212.851,81.0694,559.157,-211.625,-84.118,558.938,-208.597,122.863,690.811,-206.837,-125.732,690.476
-214.192,79.8075,546.648,-212.991,-82.8704,546.456,-209.162,118.352,656.698,-207.473,-121.255,656.423
-215.939,78.91,538.279,-214.756,-81.9926,538.108,-210.077,114.445,627.818,-208.446,-117.384,627.586
-217.753,78.3595,532.454,-216.581,-81.4628,532.304,-212.249,111.516,605.869,-210.656,-114.513,605.666
-223.256,79.2335,533.751,-222.073,-82.4089,533.615,-219.313,111.235,596.741,-217.721,-114.362,596.56
-221.075,77.6462,519.731,-219.917,-80.7869,519.612,-219.539,107.8,572.694,-217.992,-110.967,572.542
-222.386,77.4052,514.973,-221.233,-80.5637,514.868,-223.597,106.424,559.986,-222.066,-109.692,559.861
-223.725,77.2732,511.071,-222.574,-80.449,510.978,-227.93,105.305,549.419,-226.41,-108.683,549.319
-224.868,77.1497,507.686,-223.719,-80.3397,507.602,-232.265,104.307,540.486,-230.755,-107.796,540.409
-225.601,77.0167,505.036,-224.455,-80.2148,504.96,-236.252,103.386,533.122,-234.751,-106.977,533.063
-226.2,76.8339,503.318,-225.059,-80.0368,503.246,-240.018,102.52,527.355,-238.525,-106.202,527.308
-226.671,76.6093,501.987,-225.535,-79.8127,501.914,-243.487,101.743,522.63,-242,-105.499,522.585
-227.024,76.3555,501.664,-225.894,-79.5546,501.587,-246.568,101.075,519.397,-245.085,-104.886,519.348
-227.33,76.0842,501.989,-226.205,-79.2762,501.903,-249.241,100.534,517.264,-247.76,-104.381,517.205
-227.604,75.834,503.625,-226.481,-79.0192,503.53,-251.476,100.144,516.487,-249.995,-104.013,516.415
-227.428,75.6434,506.185,-226.307,-78.8162,506.08,-252.615,99.8561,516.446,-251.133,-103.726,516.361
-226.968,75.5139,507.235,-225.847,-78.6722,507.124,-252.692,99.757,514.927,-251.208,-103.611,514.832
-226.681,76.3082,440.776,-225.545,-79.4553,440.655,-248.763,98.7252,454.182,-247.288,-102.513,454.07
-228.104,78.096,446.595,-226.942,-81.2498,446.463,-251.934,102.181,461.657,-250.408,-106.001,461.535
-228.065,79.3975,449.107,-226.883,-82.5417,448.968,-252.945,103.601,464.707,-251.395,-107.436,464.577
-227.686,80.5801,450.444,-226.487,-83.7086,450.3,-253.162,104.354,465.862,-251.598,-108.201,465.729
-227.079,81.6495,451.067,-225.864,-84.7569,450.922,-252.81,104.646,465.789,-251.238,-108.501,465.659
-226.665,82.673,451.431,-225.437,-85.7611,451.288,-252.148,104.647,464.807,-250.575,-108.509,464.688
-226.367,83.5524,451.453,-225.129,-86.6235,451.316,-251.45,104.52,463.297,-249.881,-108.388,463.193
-225.726,84.1896,450.779,-224.484,-87.2417,450.653,-250.137,103.95,461.064,-248.577,-107.81,460.976
-224.823,84.5898,449.555,-223.581,-87.6254,449.442,-248.329,103.087,458.273,-246.781,-106.929,458.2
-223.811,84.7507,447.927,-222.573,-87.7796,447.825,-246.155,102.013,455.045,-244.617,-105.826,454.984
-222.504,84.5856,445.395,-221.269,-87.6148,445.303,-243.419,100.766,450.961,-241.886,-104.54,450.908
0.0824239,0.71468,11.2461,0.0803869,-0.68907,11.2333,0.0153606,-0.00218856,0.275915,0.015336,0.00238673,0.276359
-4.49043,2.79026,26.7435,-4.46282,-2.82112,26.7402,0.0227816,-0.0014256,0.327719,0.0227925,0.00177691,0.328365
-11.8595,6.66458,53.6948,-11.7847,-6.83059,53.733,0.0362821,-0.000731962,0.429032,0.0363497,0.00124403,0.430153
-19.8265,10.3759,82.6666,-19.702,-10.6465,82.7228,0.168025,0.0158639,0.848037,0.169446,-0.0133549,0.852461
-29.992,15.2563,119.48,-29.7995,-15.6738,119.543,2.35528,1.58554,7.96184,2.36693,-1.5801,8.08741
-47.5759,23.8769,181.113,-47.2513,-24.56,181.138,-14.7839,14.1855,79.5164,-14.6429,-14.4355,79.7518
-60.0707,29.7367,224.083,-59.6559,-30.6143,224.076,-29.9263,25.4604,145.728,-29.6259,-25.9249,145.95
-77.2048,37.5585,282.474,-76.6617,-38.675,282.391,-52.1944,42.4622,245.717,-51.6183,-43.2092,245.78
-97.115,46.7175,349.748,-96.4241,-48.124,349.587,-77.1589,61.4827,357.852,-76.2826,-62.5495,357.765
-119.141,56.9042,423.883,-118.286,-58.6298,423.632,-105.089,83.0649,485.515,-103.871,-84.4884,485.248
-144.105,68.3039,506.348,-143.065,-70.3867,505.996,-136.112,107.094,627.689,-134.514,-108.91,627.216
-170.039,80.1303,592.652,-168.805,-82.592,592.182,-170.193,134.374,788.826,-168.159,-136.612,788.098
-204.816,95.7311,705.479,-203.327,-98.6938,704.856,-215.703,171.233,1006.98,-213.08,-174.029,1005.88
-229.714,106.593,783.908,-228.046,-109.914,783.169,-249.35,199.309,1173.26,-246.276,-202.508,1171.87
-252.832,127.866,887.025,-250.838,-131.544,886.183,-289.973,236.787,1394.89,-286.301,-240.464,1393.1
-242.572,107.133,761.152,-240.851,-110.657,760.259,-296.559,233.911,1385.51,-292.943,-237.633,1383.6
-235.035,100.98,706.762,-233.436,-104.381,706.031,-277.199,210.585,1226.39,-273.968,-214.141,1224.92
-226.93,94.2701,645.662,-225.464,-97.5441,645.122,-250.362,176.59,1000.42,-247.811,-179.659,999.191
-223.149,90.5918,610.719,-221.756,-93.7914,610.278,-233.703,157.856,881.353,-231.453,-160.781,880.406
-219.405,87.3125,580.139,-218.084,-90.4119,579.773,-218.209,140.825,775.613,-216.187,-143.702,774.995
-214.673,83.9881,570.255,-213.397,-87.0473,569.989,-210.279,128.793,713.034,-208.424,-131.627,712.584
-214.498,81.6434,563.283,-213.259,-84.7015,563.046,-210.197,123.771,695.814,-208.423,-126.651,695.464
-215.777,80.3113,550.553,-214.562,-83.3828,550.339,-210.687,119.157,661.25,-208.984,-122.073,660.962
-217.451,79.3396,541.994,-216.254,-82.4301,541.8,-211.538,115.158,632.004,-209.895,-118.113,631.761
-219.186,78.7065,535.989,-218,-81.8173,535.813,-213.656,112.149,609.769,-212.053,-115.163,609.556
-224.636,79.4994,537.17,-223.44,-82.6822,537.005,-220.707,111.814,600.498,-219.105,-114.958,600.305
-222.372,77.7959,522.883,-221.202,-80.9436,522.735,-220.889,108.314,576.192,-219.333,-111.494,576.025
-223.678,77.4589,517.948,-222.514,-80.623,517.81,-224.988,106.914,563.405,-223.448,-110.191,563.26
-225.075,77.2392,513.856,-223.916,-80.42,513.728,-229.415,105.793,552.781,-227.885,-109.172,552.654
-226.366,77.0525,510.315,-225.209,-80.2478,510.194,-233.922,104.826,543.863,-232.399,-108.309,543.75
-227.323,76.8891,507.535,-226.17,-80.094,507.419,-238.137,103.959,536.548,-236.621,-107.538,536.447
-228.2,76.7142,505.722,-227.051,-79.9267,505.609,-242.155,103.157,530.843,-240.643,-106.823,530.747
-228.968,76.5334,504.337,-227.823,-79.751,504.225,-245.842,102.436,526.155,-244.334,-106.178,526.06
-229.605,76.3514,504.003,-228.464,-79.5711,503.888,-249.065,101.801,522.909,-247.559,-105.602,522.811
-230.16,76.1654,504.342,-229.022,-79.3856,504.224,-251.785,101.263,520.707,-250.28,-105.109,520.603
-230.645,76.0014,506.001,-229.509,-79.223,505.879,-253.993,100.85,519.818,-252.488,-104.73,519.708
-230.651,75.8893,508.574,-229.517,-79.1063,508.448,-255.072,100.524,519.649,-253.569,-104.415,519.533
-230.346,75.8243,509.618,-229.212,-79.034,509.49,-255.086,100.375,518,-253.582,-104.26,517.88
-230.004,76.6389,443.09,-228.856,-79.8354,442.957,-250.904,99.2351,457.043,-249.411,-103.051,456.911
-231.575,78.4781,448.84,-230.4,-81.6883,448.7,-254.033,102.612,464.328,-252.49,-106.468,464.189
-231.668,79.818,451.276,-230.474,-83.0249,451.132,-255.057,103.977,467.256,-253.49,-107.851,467.111
-231.41,81.0326,452.534,-230.199,-84.2314,452.387,-255.298,104.676,468.285,-253.716,-108.561,468.136
-230.917,82.1344,453.088,-229.692,-85.3209,452.94,-254.99,104.918,468.098,-253.399,-108.809,467.948
-230.617,83.1983,453.401,-229.377,-86.3751,453.254,-254.383,104.872,467.015,-252.788,-108.767,466.868
-230.426,84.1333,453.398,-229.173,-87.3027,453.254,-253.748,104.702,465.418,-252.152,-108.6,465.275
-229.874,84.8486,452.729,-228.615,-88.0069,452.59,-252.506,104.097,463.116,-250.915,-107.987,462.979
-229.029,85.3591,451.54,-227.766,-88.5043,451.408,-250.773,103.208,460.279,-249.192,-107.08,460.147
-228.038,85.6805,449.995,-226.773,-88.8146,449.869,-248.686,102.127,457.047,-247.117,-105.971,456.92
-226.588,85.6953,447.452,-225.324,-88.8153,447.333,-245.912,100.797,452.807,-244.358,-104.599,452.684
0.0203726,0.733651,11.1444,0.020515,-0.709521,11.1311,0.0154319,-0.00220431,0.275912,0.0154086,0.00240435,0.276358
-4.54057,2.78991,26.6696,-4.5116,-2.82147,26.6652,0.0228441,-0.00145067,0.327547,0.022859,0.00180298,0.328202
-11.933,6.67065,53.7716,-11.8575,-6.83747,53.8095,0.0361443,-0.000776932,0.428187,0.0362229,0.0012846,0.429333
-19.9233,10.3973,82.8719,-19.798,-10.6687,82.9281,0.164769,0.0154229,0.841146,0.166251,-0.0129796,0.845687
-30.1159,15.2959,119.839,-29.9226,-15.7142,119.903,2.32614,1.51128,7.6708,2.33997,-1.50626,7.79596
-47.7576,23.9544,181.72,-47.4319,-24.6411,181.746,-14.6733,14.1301,79.1633,-14.5395,-14.3853,79.423
-60.307,29.8416,224.881,-59.8904,-30.7228,224.875,-30.1191,25.5826,146.474,-29.8144,-26.0494,146.687
-77.5033,37.7,283.53,-76.9575,-38.8205,283.446,-52.3963,42.6017,246.535,-51.8182,-43.3536,246.601
-97.4881,46.9005,351.094,-96.7937,-48.3119,350.93,-77.4602,61.6987,359.119,-76.5805,-62.7715,359.033
-119.597,57.1328,425.548,-118.737,-58.8644,425.295,-105.501,83.3666,487.292,-104.278,-84.7977,487.025
-144.65,68.5827,508.367,-143.606,-70.6729,508.012,-136.647,107.492,630.042,-135.042,-109.317,629.566
-170.68,80.4631,595.057,-169.441,-82.9335,594.582,-170.862,134.878,791.818,-168.819,-137.127,791.084
-205.584,96.1328,708.377,-204.088,-99.1055,707.747,-216.558,171.893,1010.9,-213.923,-174.701,1009.8
-230.569,107.047,787.18,-228.894,-110.377,786.432,-250.336,200.09,1177.91,-247.248,-203.3,1176.51
-253.722,128.342,890.427,-251.72,-132.029,889.575,-291.131,237.739,1400.6,-287.441,-241.424,1398.78
-243.466,107.587,764.328,-241.737,-111.119,763.425,-297.726,234.921,1391.52,-294.093,-238.648,1389.59
-235.906,101.408,709.734,-234.3,-104.814,708.992,-278.241,211.46,1231.51,-274.994,-215.018,1230.02
-227.773,94.6565,648.302,-226.3,-97.9334,647.752,-251.324,177.316,1004.53,-248.761,-180.387,1003.29
-224.006,90.9623,613.252,-222.606,-94.1664,612.802,-234.653,158.531,885.1,-232.392,-161.458,884.139
-220.24,87.6513,582.454,-218.913,-90.756,582.08,-219.049,141.377,778.6,-217.017,-144.255,777.971
-215.507,84.3045,572.448,-214.224,-87.3691,572.174,-211.107,129.295,715.741,-209.244,-132.132,715.282
-215.313,81.93,565.352,-214.067,-84.9931,565.106,-210.99,124.225,698.317,-209.208,-127.111,697.959
-216.56,80.5624,552.51,-215.338,-83.6383,552.286,-211.444,119.56,663.529,-209.734,-122.482,663.234
-218.198,79.5529,543.856,-216.992,-82.6474,543.649,-212.262,115.515,634.099,-210.613,-118.478,633.85
-219.891,78.8776,537.758,-218.697,-81.9921,537.567,-214.353,112.466,611.718,-212.744,-115.489,611.5
-225.311,79.6291,538.876,-224.108,-82.8155,538.696,-221.396,112.104,602.374,-219.79,-115.256,602.175
-223.005,77.8672,524.45,-221.829,-81.0181,524.286,-221.557,108.571,577.938,-219.996,-111.758,577.763
-224.31,77.4836,519.42,-223.141,-80.65,519.266,-225.681,107.16,565.112,-224.135,-110.439,564.955
-225.744,77.224,515.232,-224.579,-80.4068,515.086,-230.159,106.038,554.46,-228.624,-109.417,554.318
-227.118,77.012,511.617,-225.957,-80.2098,511.476,-234.755,105.087,545.547,-233.226,-108.566,545.416
-228.196,76.8403,508.781,-227.039,-80.0489,508.644,-239.082,104.246,538.251,-237.558,-107.818,538.126
-229.219,76.6752,506.932,-228.065,-79.8933,506.798,-243.216,103.472,532.565,-241.695,-107.13,532.444
-230.138,76.5194,505.528,-228.987,-79.7451,505.395,-247.001,102.774,527.884,-245.482,-106.509,527.763
-230.918,76.3732,505.189,-229.77,-79.6042,505.056,-250.285,102.152,524.621,-248.767,-105.949,524.499
-231.597,76.2277,505.533,-230.453,-79.4628,505.399,-253.026,101.613,522.379,-251.51,-105.46,522.253
-232.189,76.1038,507.198,-231.047,-79.3437,507.062,-255.225,101.189,521.434,-253.709,-105.074,521.305
-232.288,76.0279,509.772,-231.147,-79.2668,509.635,-256.283,100.845,521.204,-254.769,-104.746,521.071
-232.062,75.993,510.812,-230.921,-79.2275,510.675,-256.276,100.674,519.493,-254.762,-104.574,519.361
-231.693,76.8186,444.251,-230.538,-80.0385,444.112,-251.975,99.4827,458.436,-250.473,-103.313,458.295
-233.338,78.6829,449.971,-232.157,-81.9198,449.825,-255.092,102.823,465.634,-253.541,-106.698,465.486
-233.496,80.042,452.373,-232.295,-83.2781,452.225,-256.129,104.164,468.508,-254.554,-108.058,468.356
-233.295,81.2727,453.597,-232.078,-84.5036,453.447,-256.388,104.838,469.481,-254.798,-108.745,469.325
-232.856,82.3901,454.12,-231.623,-85.6121,453.969,-256.105,105.057,469.246,-254.506,-108.971,469.087
-232.604,83.4724,454.409,-231.357,-86.6884,454.259,-255.529,104.99,468.119,-253.924,-108.907,467.961
-232.457,84.4318,454.389,-231.198,-87.6441,454.241,-254.928,104.799,466.485,-253.32,-108.72,466.328
-231.941,85.1809,453.716,-230.673,-88.3854,453.572,-253.723,104.178,464.155,-252.119,-108.091,463.999
-231.119,85.7397,452.535,-229.845,-88.9329,452.395,-252.031,103.276,461.299,-250.434,-107.172,461.145
-230.133,86.1322,451.016,-228.856,-89.3136,450.88,-249.988,102.186,458.064,-248.403,-106.059,457.912
-228.636,86.2377,448.483,-227.358,-89.4015,448.352,-247.23,100.834,453.794,-245.661,-104.669,453.644
-0.0106,0.743103,11.0938,-0.00937013,-0.719711,11.0802,0.0154675,-0.00221218,0.27591,0.0154449,0.00241316,0.276357
-4.56561,2.78822,26.6326,-4.53598,-2.82011,26.6276,0.0228752,-0.00146314,0.327461,0.0228921,0.00181596,0.32812
-11.9699,6.67325,53.8107,-11.894,-6.84047,53.8485,0.0360758,-0.000799223,0.427767,0.0361599,0.00130475,0.428925
-19.9717,10.4078,82.9749,-19.846,-10.6797,83.031,0.163172,0.0152069,0.837749,0.164683,-0.0127956,0.842348
-30.1779,15.3156,120.019,-29.9843,-15.7343,120.083,2.31005,1.47497,7.52979,2.32499,-1.47015,7.65468
-47.8481,23.9932,182.024,-47.5218,-24.6814,182.051,-14.6145,14.1032,78.9724,-14.4843,-14.3607,79.2439
-60.4249,29.8943,225.281,-60.0073,-30.7771,225.274,-30.2158,25.6449,146.849,-29.9088,-26.1127,147.057
-77.652,37.771,284.058,-77.105,-38.8933,283.974,-52.4967,42.6717,246.944,-51.9177,-43.426,247.011
-97.674,46.9922,351.767,-96.9779,-48.406,351.603,-77.6105,61.807,359.754,-76.729,-62.8829,359.668
-119.823,57.2473,426.382,-118.962,-58.982,426.128,-105.707,83.5178,488.182,-104.481,-84.9526,487.915
-144.922,68.7222,509.377,-143.875,-70.8162,509.021,-136.913,107.691,631.22,-135.305,-109.521,630.743
-171,80.6297,596.26,-169.757,-83.1045,595.783,-171.195,135.131,793.315,-169.148,-137.385,792.579
-205.966,96.3339,709.828,-204.467,-99.3116,709.195,-216.984,172.223,1012.87,-214.344,-175.037,1011.76
-230.995,107.274,788.819,-229.315,-110.609,788.067,-250.826,200.481,1180.24,-247.732,-203.696,1178.82
-254.165,128.58,892.131,-252.158,-132.271,891.274,-291.706,238.215,1403.45,-288.008,-241.904,1401.62
-243.91,107.814,765.918,-242.177,-111.35,765.01,-298.305,235.425,1394.53,-294.664,-239.155,1392.58
-236.338,101.622,711.221,-234.728,-105.03,710.474,-278.757,211.896,1234.07,-275.503,-215.455,1232.57
-228.19,94.8492,649.622,-226.714,-98.1278,649.068,-251.801,177.678,1006.59,-249.232,-180.75,1005.33
-224.429,91.1472,614.519,-223.027,-94.3538,614.066,-235.125,158.868,886.973,-232.858,-161.796,886.005
-220.653,87.8204,583.612,-219.323,-90.928,583.236,-219.465,141.652,780.094,-217.429,-144.532,779.459
-215.919,84.4624,573.547,-214.634,-87.5301,573.269,-211.519,129.546,717.097,-209.652,-132.385,716.632
-215.716,82.073,566.389,-214.467,-85.1389,566.138,-211.384,124.453,699.57,-209.599,-127.342,699.209
-216.947,80.6876,553.491,-215.721,-83.7659,553.261,-211.819,119.762,664.67,-210.107,-122.688,664.373
-218.565,79.659,544.789,-217.356,-82.7558,544.575,-212.622,115.694,635.149,-210.97,-118.662,634.898
-220.237,78.9625,538.644,-219.04,-82.079,538.447,-214.698,112.625,612.695,-213.087,-115.653,612.474
-225.643,79.6932,539.729,-224.436,-82.8814,539.542,-221.738,112.249,603.314,-220.129,-115.405,603.112
-223.315,77.9019,525.232,-222.136,-81.0545,525.06,-221.888,108.699,578.812,-220.325,-111.89,578.633
-224.621,77.4956,520.154,-223.449,-80.6631,519.991,-226.025,107.283,565.967,-224.477,-110.564,565.804
-226.074,77.2171,515.918,-224.907,-80.401,515.761,-230.531,106.162,555.301,-228.993,-109.54,555.151
-227.492,76.9941,512.266,-226.329,-80.1933,512.115,-235.172,105.219,546.39,-233.64,-108.695,546.248
-228.634,76.8203,509.405,-227.474,-80.031,509.258,-239.555,104.389,539.101,-238.026,-107.957,538.965
-229.731,76.6616,507.54,-228.574,-79.8828,507.396,-243.744,103.628,533.421,-242.218,-107.283,533.288
-230.726,76.519,506.128,-229.573,-79.7491,505.986,-247.574,102.942,528.74,-246.049,-106.673,528.607
-231.577,76.3907,505.788,-230.427,-79.6277,505.646,-250.886,102.324,525.466,-249.363,-106.12,525.332
-232.319,76.2649,506.133,-231.172,-79.5076,505.991,-253.638,101.785,523.203,-252.115,-105.632,523.066
-232.965,76.1602,507.799,-231.819,-79.4094,507.656,-255.832,101.355,522.229,-254.311,-105.243,522.091
-233.11,76.1017,510.374,-231.965,-79.3514,510.231,-256.883,101.002,521.969,-255.363,-104.91,521.829
-232.924,76.0811,511.41,-231.779,-79.328,511.269,-256.867,100.821,520.229,-255.349,-104.728,520.091
-232.543,76.9125,444.834,-231.385,-80.1439,444.691,-252.509,99.6051,459.125,-251.004,-103.442,458.978
-234.225,78.7892,450.539,-233.04,-82.0389,450.391,-255.623,102.928,466.28,-254.068,-106.812,466.128
-234.414,80.1578,452.926,-233.21,-83.4079,452.776,-256.668,104.257,469.13,-255.089,-108.162,468.973
-234.242,81.3966,454.134,-233.021,-84.6427,453.983,-256.937,104.92,470.077,-255.343,-108.838,469.917
-233.827,82.5216,454.643,-232.591,-85.7602,454.491,-256.668,105.129,469.819,-255.064,-109.054,469.657
-233.598,83.6126,454.919,-232.347,-86.8468,454.768,-256.108,105.051,468.673,-254.499,-108.98,468.51
-233.471,84.5832,454.892,-232.208,-87.8153,454.742,-255.524,104.851,467.022,-253.911,-108.784,466.859
-232.971,85.3479,454.214,-231.698,-88.5737,454.067,-254.339,104.221,464.679,-252.728,-108.147,464.516
-232.158,85.9289,453.035,-230.879,-89.1444,452.891,-252.667,103.312,461.815,-251.064,-107.223,461.652
-231.174,86.3544,451.525,-229.89,-89.5581,451.385,-250.646,102.218,458.578,-249.053,-106.107,458.416
-229.659,86.5049,449,-228.375,-89.6901,448.863,-247.906,100.858,454.303,-246.328,-104.713,454.142
-0.0260727,0.747821,11.0685,-0.0242997,-0.724797,11.0547,0.0154854,-0.00221611,0.275909,0.015463,0.00241756,0.276357
-4.57812,2.78698,26.614,-4.54816,-2.81903,26.6087,0.0228907,-0.00146935,0.327418,0.0229086,0.00182243,0.328079
-11.9884,6.67445,53.8304,-11.9123,-6.84186,53.8681,0.0360417,-0.00081032,0.427557,0.0361285,0.00131479,0.428721
-19.9959,10.4131,83.0264,-19.87,-10.6851,83.0826,0.16238,0.0151001,0.836063,0.163906,-0.0127044,0.84069
-30.2089,15.3255,120.109,-30.0151,-15.7444,120.173,2.30164,1.45702,7.46038,2.31714,-1.4523,7.58512
-47.8933,24.0126,182.176,-47.5666,-24.7015,182.203,-14.5844,14.0903,78.8736,-14.456,-14.349,79.1509
-60.4837,29.9206,225.481,-60.0656,-30.8042,225.474,-30.2642,25.6764,147.037,-29.9562,-26.1448,147.242
-77.7262,37.8065,284.323,-77.1786,-38.9298,284.238,-52.5469,42.7068,247.149,-51.9674,-43.4624,247.217
-97.7667,47.0381,352.104,-97.0699,-48.4531,351.94,-77.6855,61.8612,360.071,-76.8032,-62.9386,359.986
-119.937,57.3046,426.799,-119.074,-59.0408,426.544,-105.809,83.5935,488.628,-104.583,-85.0302,488.36
-145.058,68.7921,509.883,-144.009,-70.8879,509.526,-137.047,107.791,631.809,-135.437,-109.623,631.332
-171.159,80.7131,596.862,-169.915,-83.19,596.385,-171.362,135.257,794.064,-169.313,-137.514,793.327
-206.157,96.4345,710.554,-204.656,-99.4148,709.92,-217.197,172.388,1013.85,-214.553,-175.204,1012.74
-231.207,107.388,789.639,-229.526,-110.726,788.885,-251.071,200.676,1181.4,-247.973,-203.894,1179.98
-254.385,128.699,892.984,-252.377,-132.393,892.124,-291.993,238.452,1404.87,-288.291,-242.144,1403.04
-244.131,107.928,766.714,-242.396,-111.465,765.803,-298.594,235.677,1396.03,-294.948,-239.409,1394.08
-236.553,101.729,711.964,-234.941,-105.138,711.215,-279.014,212.114,1235.35,-275.757,-215.674,1233.85
-228.398,94.9454,650.283,-226.919,-98.225,649.726,-252.039,177.859,1007.61,-249.467,-180.932,1006.35
-224.64,91.2395,615.154,-223.235,-94.4475,614.698,-235.359,159.037,887.91,-233.09,-161.966,886.939
-220.859,87.9048,584.192,-219.527,-91.0139,583.814,-219.672,141.79,780.84,-217.633,-144.67,780.203
-216.124,84.5413,574.098,-214.837,-87.6106,573.818,-211.723,129.671,717.775,-209.854,-132.512,717.308
-215.916,82.1444,566.909,-214.665,-85.2119,566.655,-211.58,124.566,700.198,-209.793,-127.458,699.835
-217.139,80.7501,553.983,-215.911,-83.8298,553.75,-212.006,119.863,665.242,-210.292,-122.792,664.943
-218.748,79.712,545.256,-217.537,-82.81,545.039,-212.801,115.784,635.674,-211.147,-118.754,635.422
-220.408,79.0047,539.087,-219.209,-82.1223,538.887,-214.87,112.705,613.184,-213.258,-115.735,612.962
-225.807,79.7249,540.157,-224.598,-82.9142,539.966,-221.908,112.322,603.784,-220.298,-115.48,603.58
-223.467,77.919,525.624,-222.287,-81.0724,525.447,-222.053,108.764,579.25,-220.489,-111.956,579.069
-224.774,77.5015,520.521,-223.601,-80.6696,520.353,-226.196,107.345,566.395,-224.648,-110.627,566.229
-226.238,77.2138,516.26,-225.069,-80.3983,516.099,-230.717,106.224,555.722,-229.178,-109.602,555.568
-227.679,76.9859,512.591,-226.515,-80.1858,512.435,-235.381,105.285,546.811,-233.847,-108.76,546.665
-228.853,76.8115,509.718,-227.692,-80.0232,509.565,-239.79,104.461,539.526,-238.26,-108.028,539.384
-229.987,76.6563,507.846,-228.829,-79.8792,507.696,-244.006,103.707,533.849,-242.478,-107.359,533.709
-231.02,76.5205,506.43,-229.866,-79.753,506.283,-247.858,103.025,529.166,-246.331,-106.754,529.027
-231.907,76.4012,506.089,-230.755,-79.6413,505.942,-251.184,102.41,525.886,-249.659,-106.205,525.746
-232.681,76.2851,506.434,-231.532,-79.5317,506.288,-253.941,101.87,523.612,-252.416,-105.718,523.47
-233.353,76.1898,508.101,-232.206,-79.4437,507.955,-256.134,101.438,522.624,-254.61,-105.327,522.481
-233.522,76.1397,510.675,-232.376,-79.3949,510.53,-257.181,101.081,522.349,-255.659,-104.991,522.205
-233.356,76.1262,511.71,-232.21,-79.3791,511.567,-257.161,100.893,520.595,-255.641,-104.805,520.453
-232.969,76.9605,445.126,-231.809,-80.1976,444.982,-252.776,99.666,459.467,-251.268,-103.507,459.317
-234.669,78.8434,450.824,-233.482,-82.0995,450.675,-255.888,102.98,466.601,-254.331,-106.869,466.447
-234.874,80.2167,453.204,-233.668,-83.4737,453.052,-256.938,104.304,469.439,-255.358,-108.215,469.281
-234.716,81.4595,454.404,-233.493,-84.713,454.252,-257.212,104.962,470.374,-255.617,-108.885,470.213
-234.313,82.5883,454.906,-233.075,-85.8349,454.753,-256.951,105.165,470.105,-255.345,-109.096,469.941
-234.095,83.6835,455.177,-232.842,-86.9265,455.024,-256.399,105.082,468.95,-254.788,-109.018,468.785
-233.978,84.6596,455.144,-232.712,-87.9012,454.993,-255.823,104.877,467.292,-254.209,-108.817,467.126
-233.485,85.4316,454.465,-232.21,-88.6676,454.316,-254.648,104.243,464.943,-253.035,-108.177,464.776
-232.676,86.0234,453.285,-231.394,-89.2495,453.14,-252.987,103.33,462.075,-251.38,-107.25,461.908
-231.692,86.4646,451.78,-230.406,-89.679,451.637,-250.977,102.233,458.836,-249.38,-106.133,458.669
-230.17,86.6375,449.259,-228.882,-89.8332,449.119,-248.247,100.872,454.562,-246.664,-104.738,454.396
14.0028,-7.00417,33.5755,13.3376,7.44598,33.6206,-0.00481434,0.000993608,0.273469,-0.00481871,-0.00146768,0.273928
6.18187,-27.984,41.311,5.47587,28.1863,41.0448,-0.0102449,0.00397353,0.351244,-0.0102434,-0.00429516,0.352147
7.10612,4.16908,24.346,7.02761,-3.85678,24.3085,0.00435501,0.0140316,0.595804,0.00436627,-0.0143687,0.599265
4.46928,4.65399,31.9656,4.33356,-4.60001,32.2478,3.30204,2.16107,9.21355,3.28958,-1.98633,9.34568
1.11949,4.569,32.232,1.25916,-4.64511,31.8116,-0.337781,16.7659,91.18,-0.130348,-15.9551,90.8402
-4.25642,43.4757,162.259,-6.38899,-48.2695,172.803,5.00591,-81.7656,102.686,5.14759,83.3782,104.743
-0.0169568,-0.00671838,0.0391537,-0.014626,0.00657848,0.0354319,-252.822,477.05,675.339,-230.017,-428.18,607.716
460290,743741,1.09332e+06,1312.92,-4177.79,5784.93,0.000498544,-0.000742693,0.00297855,0.000617802,0.000842853,0.00312735
6.92621,-3.04197,22.0688,6.60445,3.27145,22.0633,0.0052702,-0.000577195,0.274138,0.00525365,0.000423187,0.274549
1.25827,-10.1367,32.5743,0.985477,10.2822,32.3478,0.00758847,0.00115302,0.337939,0.00757499,-0.00118402,0.338529
-4.69319,-0.637437,49.2885,-4.745,0.622743,49.0583,0.0412322,0.00506485,0.507841,0.041265,-0.0031775,0.509222
-8.82573,5.10514,59.397,-8.80273,-5.17976,59.3009,1.34274,0.275308,2.79144,1.35508,-0.208813,2.80604
-15.0806,8.8799,74.8914,-14.957,-9.0786,74.7696,-1.84287,10.7923,59.0443,-1.68744,-10.3317,58.9187
-26.6591,37.7449,187.115,-28.0117,-41.2747,194.361,1.33208,-53.5123,67.5221,1.3733,54.5802,68.956
-0.0908241,-0.0338579,0.161783,-0.0709663,0.0305304,0.134599,-127.938,231.206,354.769,-117.446,-214.32,307.004
894.601,838.275,1753.86,914.015,-783.206,1804.45,0.000901588,-0.00149547,0.00640854,0.00105489,0.00162463,0.0067015
-0.00221413,-0.000383261,0.00329815,-0.00193503,0.000390168,0.0029308,-0.0250239,0.0701928,0.0940269,-46.396,-147.379,193.138
3.40479,-1.09388,16.4133,3.24873,1.2176,16.3996,0.010354,-0.00139462,0.274874,0.0103327,0.00141367,0.275294
-1.61913,-1.9028,29.3734,-1.72092,1.95233,29.2927,0.0156155,-0.000218273,0.332326,0.0156056,0.000360302,0.332916
-8.08897,4.09107,50.3126,-8.07484,-4.18527,50.2646,0.0372943,0.00161038,0.463498,0.0372726,-0.000767439,0.464617
-14.2323,8.10258,70.2252,-14.1619,-8.27596,70.2286,0.416176,0.0570904,1.31567,0.418579,-0.0448012,1.32245
-22.5143,12.2537,96.9654,-22.3642,-12.5458,96.9308,-0.0633273,6.61552,33.2418,-0.0453829,-6.4692,33.3659
-36.7282,28.3674,175.646,-37.0059,-29.999,178.197,-4.46827,-18.5643,56.2675,-4.9701,17.7642,59.3106
-44.5336,25.853,179.959,-44.2798,-26.6487,180.305,-18.206,11.3619,104.66,-18.2079,-11.8168,105.775
-56.2533,28.2529,209.887,-55.6974,-28.8478,209.169,-40.0296,32.2911,198.957,-39.4375,-32.6341,198.285
-70.392,33.3873,254.199,-69.6076,-34.0357,252.855,-60.3885,49.2886,290.41,-59.4486,-49.799,289.044
-86.3026,40.2784,307.86,-85.3385,-41.1127,306.2,-81.3692,66.3007,387.769,-80.1178,-67.0533,385.974
-104.763,48.4519,369.06,-103.661,-49.5475,367.318,-103.737,84.1612,492.184,-102.209,-85.1929,490.204
-124.436,56.808,431.652,-123.246,-58.1782,429.981,-128.756,104.804,612.495,-126.932,-106.071,610.362
-152.135,68.1064,514.46,-150.873,-69.8532,512.984,-162.872,132.906,775.505,-160.64,-134.364,773.026
-174.678,76.5663,573.859,-173.436,-78.5952,572.715,-189.888,155.029,901.981,-187.342,-156.455,899.141
-200.389,98.1456,676.768,-198.998,-100.493,675.993,-221.165,182.936,1060.15,-218.195,-184.268,1056.75
-194.481,79.6649,568.971,-193.452,-81.9471,568.464,-228.493,176.501,1028.98,-225.669,-177.621,1025.55
-186.132,74.8034,523.211,-185.208,-76.7143,522.912,-214.466,158.462,910.82,-212.033,-159.481,908.583
-176.271,70.3959,476.762,-175.271,-71.6837,476.326,-189.89,130.474,735.714,-188.07,-131.251,734.372
-172.83,68.214,449.858,-171.793,-69.2675,449.369,-174.063,114.26,638.188,-172.501,-115.083,637.398
-173.011,66.9477,432.753,-171.913,-67.8595,432.124,-166.38,104.472,577.48,-164.859,-105.44,576.839
-173.507,65.2272,434.107,-172.422,-66.2941,433.542,-162.334,96.7733,537.266,-160.889,-97.8487,536.68
-176.466,63.8881,434.378,-175.382,-65.0695,433.788,-165.418,94.7948,533.346,-163.938,-95.962,532.625
-176.17,62.6983,421.958,-175.027,-63.7326,421.25,-166.917,92.3499,511.371,-165.389,-93.5043,510.519
-177.311,62.1656,414.725,-176.209,-63.2548,414.107,-168.851,90.3734,492.655,-167.298,-91.5191,491.733
-180.449,62.4467,413.05,-179.469,-63.8137,412.722,-172.004,89.3084,478.529,-170.444,-90.5467,477.654
-185.31,63.759,415.204,-184.417,-65.3871,415.158,-178.206,89.9603,472.678,-176.591,-91.3341,471.839
-183.205,63.2214,405.018,-182.362,-64.9019,405.174,-178.903,87.9502,455.26,-177.216,-89.3542,454.408
-183.746,64.0571,402.723,-182.943,-65.9351,403.135,-181.834,87.264,445.252,-180.05,-88.8248,444.431
-184.335,65.2771,401.685,-183.511,-67.309,402.319,-184.712,86.6184,436.669,-182.779,-88.38,435.863
-184.373,66.6309,401.14,-183.48,-68.8123,401.981,-186.94,85.7654,428.66,-184.824,-87.7881,427.871
-183.703,67.9776,401.41,-182.702,-70.3128,402.449,-188.218,84.6989,421.427,-185.889,-87.0389,420.653
-182.557,69.0818,402.336,-181.409,-71.5704,403.557,-188.824,83.4669,415.196,-186.254,-86.1726,414.424
-181.12,69.8412,403.145,-179.792,-72.4684,404.521,-189.154,82.2647,409.811,-186.317,-85.3728,409.02
-179.512,70.2131,404.284,-177.958,-72.928,405.771,-189.515,81.2307,405.989,-186.379,-84.7816,405.155
-177.939,70.2633,405.372,-176.107,-72.9908,406.915,-190.13,80.4241,403.425,-186.667,-84.4716,402.531
-176.444,70.1289,407.257,-174.278,-72.7726,408.797,-190.914,79.8273,402.31,-187.102,-84.447,401.352
-174.534,69.965,409.889,-171.975,-72.4277,411.379,-190.99,79.3283,401.971,-186.836,-84.577,400.955
-172.517,69.8965,411.02,-169.523,-72.1216,412.424,-190.387,79.0455,400.223,-185.927,-84.9816,399.175
-176.973,72.7484,348.558,-174.278,-75.8288,350.042,-189.042,78.8648,341.522,-184.61,-85.3918,340.511
-176.194,75.6575,356.719,-172.631,-78.0735,357.992,-190.645,82.6821,350.351,-185.668,-90.5415,349.436
-174.526,78.0796,360.781,-170.148,-79.5632,361.813,-190.239,84.3517,354.452,-184.908,-93.2301,353.746
-173.147,80.4933,363.617,-168.015,-80.8402,364.598,-189.329,85.529,356.663,-183.79,-95.1234,356.329
-172.063,82.5934,365.06,-166.232,-81.7456,366.173,-188.279,86.3244,357.3,-182.607,-96.2401,357.344
-171.97,84.2115,365.393,-165.438,-82.3795,366.812,-187.81,86.8336,356.677,-181.967,-96.8476,356.974
-172.834,85.0743,364.403,-165.521,-82.6935,366.341,-188.399,87.0611,355.125,-182.24,-97.2428,355.502
-173.978,85.06,361.705,-165.742,-82.6704,364.498,-189.083,86.3794,352.206,-182.395,-96.9592,352.499
-175.227,84.3262,357.438,-165.901,-82.4367,361.588,-189.503,84.6642,347.581,-182.025,-95.9248,347.627
-176.473,83.1824,351.582,-166.006,-82.0498,357.773,-189.357,81.7054,340.669,-180.841,-93.828,340.263
-177.063,81.8392,343.166,-166.036,-81.5974,352.64,-187.609,76.6348,329.211,-178.372,-90.2559,328.472
1.66316,-0.147616,13.66,1.58771,0.219668,13.6458,0.0129179,-0.00180681,0.275352,0.0128956,0.00191605,0.275784
-3.09634,1.27666,27.9184,-3.12383,-1.27243,27.8952,0.0193749,-0.000872125,0.32977,0.0193749,0.00111237,0.330389
-9.92486,5.85596,51.4532,-9.87883,-5.98835,51.4722,0.0361455,0.00026271,0.4443,0.0361594,0.000307956,0.445421
-17.0662,9.42331,76.2625,-16.9698,-9.64971,76.3082,0.248153,0.0285729,1.01437,0.249755,-0.023444,1.01972
-26.3436,13.8474,108.314,-26.1755,-14.2077,108.341,1.77015,3.84961,18.2891,1.74873,-3.79962,18.4966
-42.2442,23.9281,171.023,-42.0458,-24.7247,171.548,-12.9964,6.73652,76.1392,-12.9326,-7.04942,76.753
-52.7479,27.5087,202.476,-52.4041,-28.3345,202.616,-24.3034,20.0713,125.608,-24.1215,-20.5043,126.139
-67.5069,33.2146,249.098,-67.0037,-34.1572,248.912,-46.08,37.7649,221.916,-45.5386,-38.3639,221.831
-84.8215,40.57,305.664,-84.1598,-41.7183,305.249,-68.7312,55.4136,323.286,-67.879,-56.2544,322.851
-104.104,49.117,369.477,-103.284,-50.5224,368.903,-93.5669,74.8247,436.829,-92.3871,-75.9523,436.1
-126.199,58.9062,441.3,-125.218,-60.6131,440.622,-120.839,96.1101,561.975,-119.314,-97.5553,560.993
-149.292,69.1142,516.342,-148.157,-71.1385,515.594,-150.758,120.274,703.9,-148.847,-122.047,702.657
-180.547,82.7281,614.93,-179.217,-85.1701,614.127,-190.55,152.591,894.096,-188.127,-154.772,892.504
-203.493,92.2618,683.108,-202.04,-94.982,682.307,-220.411,177.252,1039.07,-217.599,-179.68,1037.2
-226.471,113.174,783.431,-224.733,-116.166,782.643,-256.023,209.692,1228.65,-252.692,-212.387,1226.39
-216.985,93.2491,664.644,-215.529,-96.0763,663.867,-262.666,205.03,1209.02,-259.427,-207.682,1206.7
-210.094,87.882,615.687,-208.76,-90.5618,615.108,-246.879,185.079,1073.31,-243.998,-187.606,1071.61
-202.796,82.4577,563.604,-201.548,-84.9467,563.166,-222.259,154.873,875.092,-220.008,-157.009,873.786
-199.367,79.4089,532.375,-198.156,-81.7838,532.001,-206.136,137.399,766.097,-204.169,-139.471,765.199
-197.062,77.0846,508.255,-195.886,-79.3617,507.914,-194.158,123.804,682.061,-192.35,-125.914,681.463
-193.667,74.4637,502.805,-192.533,-76.7591,502.584,-187.137,113.338,628.337,-185.478,-115.455,627.919
-194.81,72.8231,499.65,-193.709,-75.1727,499.47,-188.343,109.639,617.024,-186.735,-111.832,616.67
-196.588,72.0534,489.127,-195.494,-74.4208,488.959,-189.648,106.251,588.585,-188.084,-108.502,588.275
-198.344,71.5535,481.917,-197.252,-73.9314,481.756,-190.972,103.244,564.257,-189.436,-105.536,563.957
-200.23,71.4839,477.326,-199.144,-73.8948,477.194,-193.38,101.084,545.829,-191.86,-103.432,545.534
-205.531,72.8499,479.056,-204.435,-75.3591,478.966,-200.183,101.288,538.356,-198.644,-103.765,538.07
-203.933,72.2108,467.661,-202.847,-74.706,467.612,-200.89,98.6412,517.653,-199.37,-101.169,517.387
-205.294,72.8878,464.549,-204.205,-75.4495,464.557,-204.693,97.692,506.344,-203.173,-100.361,506.123
-206.598,73.8293,462.678,-205.493,-76.4435,462.742,-208.544,96.8801,496.871,-207.019,-99.713,496.706
-207.281,74.7999,461.402,-206.154,-77.4623,461.521,-211.812,95.939,488.304,-210.285,-98.9596,488.209
-207.082,75.6578,460.977,-205.929,-78.3572,461.148,-214.117,94.8424,480.741,-212.592,-98.0611,480.722
-206.254,76.2008,461.304,-205.073,-78.9162,461.51,-215.765,93.6444,474.406,-214.241,-97.0543,474.453
-204.977,76.3539,461.597,-203.763,-79.0522,461.805,-217.169,92.5465,469.135,-215.639,-96.1197,469.22
-203.423,76.1171,462.343,-202.168,-78.757,462.515,-218.681,91.7095,465.674,-217.134,-95.4062,465.764
-201.812,75.5907,463.251,-200.507,-78.1374,463.349,-220.5,91.1999,463.717,-218.924,-94.9845,463.781
-200.186,74.9268,465.202,-198.824,-77.3568,465.198,-222.482,91.0013,463.426,-220.873,-94.852,463.448
-198.071,74.2736,468.077,-196.645,-76.5684,467.954,-223.641,90.9799,464.023,-221.999,-94.8766,463.997
-195.702,73.7234,469.619,-194.206,-75.881,469.366,-223.849,91.1929,463.213,-222.181,-95.1467,463.15
-196.965,75.2,405.512,-195.406,-77.391,405.132,-222.625,91.2212,404.542,-221,-95.3644,404.469
-196.081,76.8855,413.162,-194.39,-78.9166,412.643,-225.669,95.5193,413.826,-223.978,-99.9355,413.803
-193.722,78.035,417.09,-191.917,-79.8474,416.446,-226.277,97.5399,418.279,-224.596,-102.235,418.368
-190.99,78.9499,419.619,-189.121,-80.5006,418.941,-226.139,98.9695,421.1,-224.547,-103.949,421.43
-187.866,79.432,420.622,-185.987,-80.6803,420.019,-225.492,100.001,422.792,-224.06,-105.244,423.506
-184.998,79.4255,420.374,-183.14,-80.3649,419.928,-224.872,100.85,423.696,-223.625,-106.357,424.925
-182.684,78.7874,418.838,-180.82,-79.4599,418.558,-224.705,101.677,424.082,-223.573,-107.506,425.926
-180.813,77.4334,415.766,-178.851,-77.9555,415.576,-224.126,102.004,423.43,-222.936,-108.264,425.974
-179.71,75.3867,411.245,-177.488,-76.0059,410.985,-222.924,101.834,421.447,-221.409,-108.742,424.819
-179.556,72.6655,404.878,-176.805,-73.8071,404.273,-220.738,100.885,417.399,-218.642,-108.904,421.895
-181.576,69.9697,397.196,-177.84,-72.2531,395.868,-218.816,100.278,412.284,-216.186,-110.422,418.719
0.80375,0.310825,12.3258,0.767673,-0.263885,12.3118,0.0142074,-0.00201331,0.27562,0.014185,0.00216858,0.27606
-3.84178,2.33997,27.2373,-3.83738,-2.35564,27.2303,0.0211759,-0.00118271,0.328553,0.0211841,0.00147705,0.329193
-10.9312,6.39768,52.4629,-10.8699,-6.54843,52.4984,0.0359691,-0.000309677,0.435553,0.0360161,0.000823797,0.436695
-18.5319,9.96654,79.567,-18.4212,-10.2174,79.6227,0.198179,0.0206627,0.914048,0.199706,-0.0172467,0.919002
-28.2829,14.605,114.175,-28.103,-14.997,114.226,2.38201,2.52772,11.8691,2.36863,-2.50738,12.058
-45.0686,23.1102,173.661,-44.7531,-23.7389,173.69,-15.2563,13.7067,81.4591,-15.074,-13.9182,81.5553
-56.7598,28.3744,213.147,-56.3652,-29.193,213.142,-27.5583,23.7456,136.792,-27.2908,-24.1682,137.051
-72.925,35.5129,267.257,-72.414,-36.561,267.174,-49.4123,40.4784,234.482,-48.8581,-41.1561,234.499
-91.7385,43.9859,330.09,-91.0915,-45.3092,329.932,-73.1194,58.5708,340.795,-72.277,-59.5443,340.648
-112.583,53.4688,399.539,-111.784,-55.0916,399.299,-99.5792,79.0273,461.563,-98.4106,-80.332,461.232
-136.289,64.1292,476.964,-135.318,-66.0847,476.636,-128.926,101.753,595.8,-127.396,-103.421,595.269
-160.919,75.1876,557.865,-159.768,-77.4936,557.436,-161.159,127.567,748.028,-159.215,-129.627,747.259
-193.997,89.8251,663.816,-192.61,-92.5953,663.26,-204.079,162.259,953.046,-201.578,-164.835,951.946
-217.786,99.9837,737.107,-216.233,-103.084,736.459,-235.938,188.657,1109.18,-233.012,-191.609,1107.82
-240.549,120.958,838.375,-238.674,-124.394,837.65,-274.212,223.731,1315.84,-270.721,-227.129,1314.13
-230.321,100.544,715.665,-228.714,-103.835,714.887,-280.706,220.018,1301.88,-277.28,-223.468,1300.06
-223.08,94.7496,663.997,-221.592,-97.9391,663.389,-263.048,198.446,1154.63,-259.981,-201.766,1153.25
-215.41,88.6471,607.442,-214.038,-91.7132,607.007,-237.281,166.413,942.378,-234.865,-169.277,941.241
-211.634,85.2302,574.201,-210.324,-88.2152,573.853,-220.834,148.348,828.282,-218.709,-151.088,827.452
-208.368,82.3983,546.735,-207.123,-85.2977,546.459,-206.905,132.987,732.886,-204.979,-135.701,732.363
-203.91,79.3967,538.776,-202.715,-82.2779,538.615,-199.222,121.658,674.287,-197.459,-124.331,673.929
-204.136,77.4397,533.635,-202.978,-80.3378,533.511,-199.638,117.246,659.768,-197.943,-119.971,659.497
-205.767,76.5177,522.35,-204.628,-79.4398,522.252,-200.564,113.275,628.174,-198.931,-116.041,627.958
-207.707,75.9444,514.901,-206.58,-78.8897,514.82,-201.724,109.821,601.323,-200.14,-112.627,601.142
-209.676,75.7514,509.896,-208.552,-78.7187,509.83,-204.059,107.276,580.953,-202.505,-110.142,580.794
-215.187,76.9925,511.613,-214.044,-80.0341,511.56,-211.09,107.252,572.602,-209.529,-110.248,572.461
-213.335,76.0172,499.029,-212.206,-79.0315,498.994,-211.583,104.195,550.112,-210.06,-107.242,550.002
-214.712,76.3645,495.336,-213.583,-79.4175,495.332,-215.515,102.993,537.951,-214.011,-106.165,537.889
-215.958,76.8628,492.786,-214.825,-79.9547,492.816,-219.497,101.956,527.782,-218.01,-105.274,527.779
-216.618,77.2921,490.748,-215.485,-80.418,490.813,-223.036,100.865,518.797,-221.571,-104.339,518.86
-216.461,77.5435,489.355,-215.329,-80.6891,489.45,-225.867,99.7202,511.124,-224.426,-103.342,511.247
-215.821,77.5061,488.614,-214.692,-80.6527,488.724,-228.357,98.5841,504.986,-226.936,-102.329,505.15
-214.871,77.1881,487.888,-213.746,-80.3133,487.991,-230.778,97.6061,500.08,-229.37,-101.436,500.256
-213.756,76.6514,487.84,-212.634,-79.7345,487.916,-233.254,96.8766,496.986,-231.85,-100.746,497.145
-212.636,75.9973,488.255,-211.516,-79.0265,488.291,-235.783,96.4159,495.288,-234.376,-100.289,495.408
-211.528,75.341,489.968,-210.408,-78.3139,489.958,-238.175,96.2054,495.126,-236.762,-100.061,495.2
-209.986,74.7719,492.721,-208.866,-77.6846,492.668,-239.523,96.1407,495.751,-238.104,-99.9593,495.78
-208.207,74.3244,494.157,-207.081,-77.1784,494.061,-239.762,96.2961,494.906,-238.337,-100.082,494.899
-208.373,75.2264,428.782,-207.213,-78.0728,428.636,-237.639,96.0275,435.534,-236.223,-99.8343,435.5
-208.372,76.8102,435.641,-207.16,-79.5974,435.439,-240.952,100.044,444.328,-239.484,-103.963,444.303
-206.874,77.9016,439.071,-205.612,-80.5931,438.821,-241.865,101.872,448.398,-240.388,-105.943,448.426
-204.954,78.7951,441.157,-203.654,-81.3571,440.898,-242.027,103.084,450.806,-240.58,-107.349,450.963
-202.652,79.3962,442.095,-201.341,-81.7958,441.884,-241.616,103.879,452.118,-240.239,-108.361,452.494
-200.482,79.7016,442.249,-199.178,-81.9232,442.137,-240.982,104.456,452.668,-239.696,-109.174,453.344
-198.585,79.5791,441.575,-197.279,-81.6316,441.574,-240.436,104.979,452.779,-239.206,-109.957,453.799
-196.76,78.9003,439.76,-195.416,-80.8372,439.828,-239.245,105.053,452.105,-237.971,-110.311,453.472
-195.334,77.5947,436.871,-193.876,-79.5618,436.915,-237.436,104.762,450.655,-235.928,-110.383,452.355
-194.635,75.5151,432.655,-192.928,-77.7889,432.519,-235,103.957,448.198,-232.972,-110.219,450.269
-195.868,72.8908,427.532,-193.694,-75.8795,427.011,-233.231,103.602,446.062,-230.304,-111.089,448.719
0.378853,0.534262,11.6763,0.362124,-0.499592,11.6625,0.0148544,-0.00211665,0.275762,0.0148322,0.00229516,0.276206
-4.21583,2.65907,26.911,-4.19755,-2.68353,26.9069,0.0220514,-0.00133182,0.327959,0.0220645,0.00165495,0.328611
-11.4604,6.56956,53.1067,-11.3915,-6.72902,53.1451,0.0359684,-0.000572463,0.431386,0.0360355,0.00107633,0.432542
-19.2743,10.2039,81.2975,-19.156,-10.4659,81.3546,0.178529,0.0176084,0.872067,0.180055,-0.014776,0.876863
-29.2593,14.9732,117.165,-29.0728,-15.3794,117.224,2.43585,1.94299,9.35916,2.43691,-1.93185,9.51601
-46.506,23.4103,177.442,-46.1819,-24.0618,177.445,-15.2462,14.4471,81.1568,-15.0815,-14.6733,81.3031
-58.6815,29.0866,219.206,-58.2752,-29.9367,219.194,-28.9841,24.8561,142.06,-28.692,-25.2966,142.271
-75.4277,36.6653,275.955,-74.9,-37.7546,275.878,-51.0391,41.6483,240.914,-50.4732,-42.3664,240.961
-94.8926,45.5575,341.422,-94.2235,-46.9329,341.275,-75.4337,60.2213,350.394,-74.5752,-61.2512,350.297
-116.434,55.4543,413.574,-115.606,-57.1416,413.345,-102.726,81.2962,475.017,-101.534,-82.6735,474.746
-140.875,66.5386,493.859,-139.869,-68.5732,493.535,-133.041,104.756,613.756,-131.478,-106.515,613.287
-166.256,78.0285,577.792,-165.062,-80.4308,577.357,-166.353,131.404,771.073,-164.365,-133.575,770.36
-200.306,93.2013,687.584,-198.863,-96.0906,687.005,-210.793,167.335,983.618,-208.229,-170.05,982.559
-224.719,103.745,763.736,-223.103,-106.983,763.05,-243.704,194.693,1145.57,-240.7,-197.806,1144.24
-247.673,124.872,865.98,-245.732,-128.463,865.199,-283.362,231.148,1360.85,-279.774,-234.735,1359.14
-237.401,104.284,741.529,-235.729,-107.729,740.694,-289.904,227.915,1349.53,-286.375,-231.558,1347.7
-230.001,98.2932,688.372,-228.449,-101.63,687.702,-271.275,205.368,1195.64,-268.117,-208.865,1194.25
-222.085,91.849,629.279,-220.659,-95.0638,628.793,-244.881,172.239,975.659,-242.39,-175.261,974.492
-218.273,88.2756,595.045,-216.914,-91.4129,594.649,-228.289,153.794,858.723,-226.094,-156.679,857.845
-214.695,85.1873,565.806,-213.404,-88.2298,565.482,-213.444,137.488,757.46,-211.463,-140.331,756.898
-210.02,81.9956,556.712,-208.777,-85.0063,556.494,-205.58,125.747,696.542,-203.764,-128.544,696.14
-209.973,79.8209,550.519,-208.769,-82.8388,550.335,-205.686,120.981,680.463,-203.946,-123.823,680.153
-211.401,78.683,538.451,-210.222,-81.7213,538.298,-206.359,116.648,647.182,-204.687,-119.524,646.929
-213.219,77.9096,530.441,-212.057,-80.9719,530.311,-207.356,112.896,618.989,-205.739,-115.81,618.777
-215.095,77.4982,524.954,-213.944,-80.5843,524.847,-209.588,110.104,597.588,-208.008,-113.075,597.404
-220.612,78.5157,526.474,-219.448,-81.6765,526.383,-216.649,109.917,588.74,-215.066,-113.02,588.58
-218.537,77.1543,513.035,-217.394,-80.2848,512.965,-216.959,106.616,565.243,-215.42,-109.766,565.116
-219.837,77.117,508.73,-218.697,-80.2726,508.681,-220.945,105.294,552.71,-219.423,-108.558,552.621
-221.075,77.1831,505.37,-219.936,-80.3627,505.342,-225.115,104.198,542.277,-223.606,-107.588,542.229
-221.95,77.2055,502.48,-220.81,-80.4032,502.469,-229.137,103.166,533.333,-227.641,-106.686,533.324
-222.262,77.1422,500.237,-221.123,-80.3471,500.237,-232.736,102.184,525.917,-231.251,-105.822,525.938
-222.331,76.9461,498.788,-221.194,-80.1486,498.79,-236.144,101.265,520.136,-234.668,-105.002,520.173
-222.228,76.6437,497.6,-221.094,-79.8341,497.593,-239.381,100.477,515.504,-237.909,-104.287,515.541
-221.999,76.2754,497.347,-220.868,-79.4458,497.324,-242.371,99.848,512.475,-240.9,-103.704,512.499
-221.73,75.8814,497.732,-220.603,-79.0283,497.688,-245.049,99.3814,510.618,-243.577,-103.26,510.618
-221.426,75.5164,499.461,-220.302,-78.6406,499.395,-247.314,99.0828,510.135,-245.838,-102.97,510.111
-220.664,75.2236,502.161,-219.541,-78.3204,502.077,-248.43,98.8862,510.369,-246.951,-102.759,510.321
-219.625,75.0055,503.403,-218.502,-78.0741,503.305,-248.426,98.8793,509.099,-246.944,-102.726,509.035
-219.494,75.8302,437.334,-218.352,-78.8904,437.218,-245.12,98.1313,448.846,-243.646,-101.931,448.762
-220.305,77.5464,443.516,-219.132,-80.5943,443.379,-248.211,101.788,456.793,-246.684,-105.633,456.703
-219.655,78.7623,446.328,-218.455,-81.7774,446.176,-249.059,103.349,460.175,-247.51,-107.236,460.092
-218.651,79.8243,447.899,-217.431,-82.7942,447.743,-249.149,104.264,461.748,-247.593,-108.2,461.696
-217.395,80.7106,448.632,-216.162,-83.6238,448.488,-248.676,104.732,462.127,-247.129,-108.719,462.131
-216.339,81.4672,448.968,-215.099,-84.3218,448.851,-247.92,104.932,461.633,-246.392,-108.97,461.715
-215.47,81.981,448.834,-214.227,-84.7803,448.751,-247.159,105.025,460.624,-245.646,-109.114,460.794
-214.406,82.1313,447.871,-213.157,-84.8841,447.815,-245.754,104.664,458.856,-244.242,-108.79,459.11
-213.309,81.8764,446.172,-212.044,-84.6124,446.13,-243.803,103.979,456.447,-242.258,-108.138,456.775
-212.422,81.1338,443.746,-211.122,-83.9098,443.695,-241.421,102.991,453.433,-239.788,-107.224,453.834
-211.915,79.7981,440.159,-210.556,-82.681,440.082,-238.699,101.884,449.677,-236.901,-106.267,450.185
0.168016,0.64412,11.3574,0.160852,-0.615492,11.3436,0.0151786,-0.00216834,0.275834,0.0151564,0.00235853,0.276281
-4.40314,2.74936,26.7518,-4.3786,-2.77785,26.7476,0.0224816,-0.00140443,0.327666,0.0224975,0.00174248,0.328323
-11.7315,6.63069,53.4657,-11.6589,-6.79431,53.5042,0.0359842,-0.000698557,0.429351,0.0360622,0.00120111,0.430515
-19.647,10.3139,82.1817,-19.5248,-10.5812,82.2386,0.169756,0.0162524,0.852735,0.171288,-0.0136605,0.857459
-29.7492,15.1549,118.676,-29.559,-15.5678,118.739,2.38674,1.68002,8.31182,2.39564,-1.6724,8.45171
-47.2249,23.7025,179.821,-46.901,-24.3761,179.839,-14.9627,14.3115,80.1865,-14.8173,-14.5548,80.402
-59.6183,29.5062,222.411,-59.2067,-30.3751,222.403,-29.6527,25.2864,144.636,-29.3519,-25.7408,144.842
-76.6256,37.2497,280.264,-76.0877,-38.3572,280.183,-51.8272,42.1976,244.138,-51.2545,-42.9355,244.196
-96.3923,46.3207,346.938,-95.7084,-47.7168,346.781,-76.6017,61.0645,355.368,-75.7312,-62.1198,355.278
-118.262,56.41,420.405,-117.416,-58.1228,420.161,-104.322,82.4749,482.004,-103.112,-83.884,481.737
-143.057,67.7024,502.131,-142.028,-69.7692,501.787,-135.114,106.313,623.027,-133.528,-108.111,622.556
-168.813,79.4131,587.624,-167.592,-81.855,587.164,-168.949,133.383,782.892,-166.93,-135.6,782.169
-203.354,94.8657,699.408,-201.881,-97.8037,698.798,-214.119,169.936,999.183,-211.516,-172.705,998.1
-228.1,105.618,777.059,-226.449,-108.91,776.334,-247.539,197.776,1164.04,-244.487,-200.946,1162.66
-251.175,126.839,879.858,-249.199,-130.486,879.034,-287.866,234.918,1383.57,-284.22,-238.563,1381.8
-240.917,106.163,754.497,-239.213,-109.658,753.622,-294.444,231.923,1373.53,-290.857,-235.617,1371.64
-233.437,100.069,700.542,-231.854,-103.447,699.829,-275.33,208.859,1216.16,-272.122,-212.392,1214.71
-225.404,93.4527,640.127,-223.951,-96.705,639.603,-248.633,175.152,992.192,-246.102,-178.204,990.979
-221.616,89.8091,605.418,-220.234,-92.9864,604.99,-231.989,156.509,873.808,-229.757,-159.419,872.883
-217.928,86.5935,575.287,-216.616,-89.6731,574.933,-216.705,139.718,769.561,-214.696,-142.583,768.96
-213.212,83.3112,565.662,-211.947,-86.3543,565.411,-208.786,127.776,707.509,-206.943,-130.597,707.073
-213.077,81.0223,558.949,-211.85,-84.0681,558.73,-208.759,122.833,690.652,-206.995,-125.701,690.313
-214.403,79.7556,546.446,-213.201,-82.8183,546.254,-209.302,118.307,656.503,-207.609,-121.211,656.225
-216.123,78.8507,538.08,-214.938,-81.935,537.91,-210.197,114.388,627.605,-208.562,-117.33,627.372
-217.9,78.2922,532.262,-216.727,-81.3986,532.113,-212.349,111.45,605.65,-210.753,-114.452,605.447
-223.364,79.1602,533.576,-222.181,-82.34,533.441,-219.398,111.164,596.524,-217.803,-114.297,596.343
-221.152,77.5694,519.602,-219.993,-80.7159,519.485,-219.616,107.73,572.496,-218.065,-110.905,572.345
-222.434,77.3257,514.903,-221.28,-80.4912,514.801,-223.664,106.355,559.795,-222.13,-109.633,559.672
-223.749,77.1881,511.075,-222.597,-80.3718,510.987,-227.994,105.243,549.241,-226.47,-108.633,549.145
-224.866,77.051,507.754,-223.715,-80.2489,507.673,-232.338,104.261,540.332,-230.823,-107.763,540.258
-225.577,76.8987,505.138,-224.428,-80.1033,505.062,-236.374,103.371,533.024,-234.864,-106.976,532.965
-226.164,76.6992,503.425,-225.017,-79.906,503.349,-240.239,102.555,527.354,-238.734,-106.25,527.302
-226.629,76.4702,502.092,-225.485,-79.6751,502.012,-243.839,101.843,522.754,-242.335,-105.611,522.7
-226.965,76.2301,501.79,-225.824,-79.4295,501.701,-247.031,101.238,519.643,-245.528,-105.061,519.581
-227.225,75.9877,502.167,-226.087,-79.1801,502.068,-249.754,100.744,517.6,-248.25,-104.606,517.526
-227.416,75.7738,503.88,-226.28,-78.9606,503.772,-251.962,100.381,516.871,-250.457,-104.269,516.785
-227.126,75.6181,506.525,-225.991,-78.7937,506.41,-253.007,100.102,516.843,-251.502,-103.994,516.746
-226.529,75.5147,507.658,-225.394,-78.6769,507.538,-252.953,99.9997,515.315,-251.447,-103.878,515.211
-226.267,76.3389,441.298,-225.118,-79.4912,441.172,-249.052,98.9923,454.587,-247.556,-102.807,454.47
-227.536,78.1436,447.2,-226.36,-81.303,447.063,-252.108,102.462,462.085,-250.561,-106.315,461.96
-227.338,79.4433,449.758,-226.142,-82.5926,449.615,-253.017,103.889,465.145,-251.445,-107.762,465.017
-226.796,80.6059,451.116,-225.583,-83.7388,450.971,-253.162,104.659,466.34,-251.576,-108.549,466.216
-226.024,81.6344,451.734,-224.796,-84.7452,451.591,-252.759,104.977,466.325,-251.168,-108.88,466.213
-225.457,82.5951,452.07,-224.216,-85.6854,451.934,-252.067,105.015,465.419,-250.478,-108.929,465.327
-225.033,83.3884,452.047,-223.782,-86.4604,451.921,-251.355,104.938,463.995,-249.771,-108.857,463.928
-224.306,83.9102,451.307,-223.05,-86.9623,451.192,-250.024,104.423,461.845,-248.449,-108.332,461.802
-223.374,84.1515,449.97,-222.113,-87.1871,449.866,-248.183,103.616,459.119,-246.619,-107.498,459.1
-222.424,84.0888,448.151,-221.158,-87.1186,448.056,-245.968,102.594,455.932,-244.414,-106.441,455.935
-221.258,83.5693,445.195,-219.987,-86.6006,445.115,-243.111,101.338,451.727,-241.568,-105.133,451.761
0.0630683,0.698518,11.1997,0.0606555,-0.672885,11.1859,0.0153408,-0.00219419,0.275871,0.0153187,0.00239024,0.276319
-4.49686,2.77461,26.6733,-4.46938,-2.80501,26.6685,0.0226946,-0.00144019,0.32752,0.022712,0.00178583,0.328181
-11.8687,6.65514,53.6548,-11.7942,-6.82078,53.693,0.0359951,-0.000760366,0.428346,0.0360788,0.0012631,0.429512
-19.8335,10.3668,82.6283,-19.7093,-10.6366,82.6849,0.165603,0.0156116,0.843442,0.167138,-0.0131291,0.848131
-29.9945,15.2452,119.436,-29.8024,-15.6613,119.5,2.34496,1.55677,7.83679,2.35756,-1.55071,7.96875
-47.5826,23.8658,181.07,-47.2578,-24.5488,181.094,-14.7702,14.1939,79.5279,-14.6347,-14.4458,79.7789
-60.0817,29.7252,224.041,-59.6669,-30.6025,224.035,-29.9826,25.4943,145.926,-29.6776,-25.956,146.131
-77.2151,37.5448,282.422,-76.672,-38.6609,282.339,-52.2143,42.4694,245.747,-51.638,-43.2169,245.81
-97.1287,46.7015,349.686,-96.4377,-48.1077,349.524,-77.183,61.4893,357.876,-76.3062,-62.5566,357.789
-119.16,56.8852,423.807,-118.304,-58.6104,423.557,-105.119,83.071,485.534,-103.9,-84.4951,485.266
-144.129,68.2814,506.256,-143.09,-70.3636,505.903,-136.149,107.101,627.706,-134.55,-108.917,627.232
-170.07,80.1037,592.538,-168.837,-82.5643,592.068,-170.242,134.382,788.846,-168.207,-136.62,788.115
-204.857,95.6987,705.334,-203.368,-98.6594,704.709,-215.77,171.244,1007,-213.145,-174.039,1005.9
-229.767,106.558,783.745,-228.1,-109.874,783.004,-249.435,199.324,1173.3,-246.359,-202.519,1171.9
-252.9,127.826,886.832,-250.907,-131.498,885.987,-290.085,236.806,1394.94,-286.41,-240.476,1393.14
-242.648,107.102,760.996,-240.927,-110.62,760.101,-296.679,233.929,1385.54,-293.061,-237.642,1383.62
-235.12,100.955,706.624,-233.521,-104.349,705.891,-277.318,210.599,1226.4,-274.085,-214.146,1224.93
-227.025,94.2497,645.537,-225.558,-97.5163,644.995,-250.473,176.6,1000.43,-247.92,-179.663,999.189
-223.253,90.5727,610.601,-221.859,-93.766,610.158,-233.808,157.86,881.331,-231.556,-160.78,880.38
-219.516,87.2935,580.026,-218.193,-90.3884,579.658,-218.308,140.825,775.58,-216.283,-143.698,774.959
-214.788,83.9673,570.147,-213.512,-87.0239,569.88,-210.369,128.787,712.979,-208.513,-131.618,712.526
-214.614,81.6209,563.178,-213.375,-84.6778,562.941,-210.279,123.756,695.735,-208.503,-126.636,695.382
-215.887,80.2868,550.451,-214.671,-83.3583,550.238,-210.758,119.135,661.152,-209.054,-122.051,660.862
-217.549,79.3118,541.896,-216.351,-82.4034,541.701,-211.6,115.13,631.897,-209.955,-118.086,631.653
-219.267,78.6749,535.896,-218.081,-81.7874,535.72,-213.708,112.117,609.658,-212.104,-115.133,609.445
-224.698,79.4646,537.086,-223.502,-82.6497,536.923,-220.751,111.779,600.387,-219.148,-114.925,600.195
-222.417,77.7583,522.822,-221.247,-80.9088,522.676,-220.927,108.279,576.09,-219.369,-111.463,575.924
-223.705,77.4184,517.913,-222.541,-80.5854,517.778,-225.02,106.879,563.306,-223.478,-110.16,563.162
-225.088,77.1943,513.853,-223.927,-80.3781,513.727,-229.446,105.761,552.691,-227.914,-109.146,552.565
-226.364,77.0001,510.338,-225.206,-80.198,510.218,-233.96,104.803,543.787,-232.435,-108.292,543.676
-227.311,76.8273,507.572,-226.155,-80.034,507.456,-238.203,103.953,536.504,-236.682,-107.538,536.402
-228.183,76.6452,505.763,-227.03,-79.8583,505.648,-242.27,103.176,530.849,-240.751,-106.848,530.75
-228.947,76.4631,504.38,-227.797,-79.6803,504.263,-246.018,102.486,526.223,-244.501,-106.234,526.123
-229.575,76.2881,504.058,-228.428,-79.5069,503.937,-249.292,101.882,523.036,-247.775,-105.69,522.932
-230.107,76.1159,504.422,-228.963,-79.3355,504.298,-252.035,101.367,520.879,-250.518,-105.221,520.767
-230.552,75.9692,506.116,-229.409,-79.1905,505.987,-254.23,100.969,520.015,-252.713,-104.858,519.898
-230.503,75.8737,508.728,-229.361,-79.0909,508.596,-255.266,100.648,519.856,-253.75,-104.55,519.733
-230.132,75.8213,509.809,-228.99,-79.0316,509.677,-255.217,100.5,518.204,-253.702,-104.396,518.079
-229.803,76.6506,443.326,-228.648,-79.8485,443.191,-251.048,99.372,457.256,-249.544,-103.2,457.121
-231.3,78.4985,449.114,-230.119,-81.7109,448.972,-254.12,102.756,464.551,-252.566,-106.626,464.411
-231.317,79.8389,451.571,-230.117,-83.0485,451.426,-255.092,104.125,467.482,-253.514,-108.014,467.336
-230.984,81.0467,452.842,-229.767,-84.2485,452.695,-255.296,104.832,468.526,-253.702,-108.733,468.379
-230.416,82.1332,453.4,-229.184,-85.3231,453.253,-254.958,105.086,468.363,-253.356,-108.994,468.217
-230.046,83.1727,453.709,-228.799,-86.3534,453.564,-254.331,105.057,467.308,-252.726,-108.969,467.168
-229.796,84.0731,453.694,-228.537,-87.2467,453.553,-253.682,104.91,465.743,-252.077,-108.822,465.611
-229.202,84.7402,453.002,-227.935,-87.903,452.867,-252.424,104.33,463.471,-250.827,-108.23,463.347
-228.337,85.1826,451.769,-227.066,-88.332,451.64,-250.671,103.468,460.654,-249.087,-107.341,460.539
-227.365,85.4058,450.143,-226.091,-88.5431,450.023,-248.56,102.416,457.429,-246.996,-106.247,457.323
-225.977,85.2674,447.435,-224.705,-88.3887,447.327,-245.743,101.106,453.152,-244.21,-104.873,453.058
0.0107216,0.725574,11.1213,0.010676,-0.701433,11.1074,0.015422,-0.00220712,0.27589,0.0153999,0.0024061,0.276338
-4.54374,2.7819,26.6343,-4.51484,-2.81322,26.6292,0.0228005,-0.00145792,0.327447,0.0228187,0.0018074,0.328109
-11.9376,6.66585,53.7517,-11.8622,-6.83249,53.7896,0.0360012,-0.000790973,0.427845,0.0360878,0.00129399,0.429014
-19.9268,10.3927,82.8528,-19.8017,-10.6637,82.9092,0.163581,0.0153,0.838885,0.165118,-0.0128695,0.843557
-30.1171,15.2903,119.817,-29.9241,-15.7079,119.881,2.32018,1.49727,7.61063,2.33454,-1.49194,7.73883
-47.7608,23.9489,181.699,-47.435,-24.6356,181.725,-14.6646,14.1341,79.1614,-14.5336,-14.3901,79.429
-60.3124,29.8359,224.86,-59.8958,-30.7169,224.854,-30.1475,25.6,146.574,-29.8404,-26.0654,146.778
-77.5082,37.6931,283.503,-76.9624,-38.8133,283.419,-52.4062,42.6054,246.551,-51.828,-43.3576,246.617
-97.4946,46.8924,351.062,-96.8002,-48.3036,350.899,-77.4723,61.7023,359.132,-76.5923,-62.7754,359.046
-119.605,57.1233,425.51,-118.746,-58.8547,425.257,-105.516,83.37,487.303,-104.293,-84.8014,487.036
-144.662,68.5713,508.32,-143.617,-70.6612,507.965,-136.665,107.496,630.051,-135.06,-109.321,629.576
-170.696,80.4497,594.999,-169.456,-82.9196,594.524,-170.886,134.882,791.829,-168.843,-137.131,791.094
-205.604,96.1164,708.304,-204.108,-99.0882,707.674,-216.591,171.899,1010.92,-213.955,-174.706,1009.81
-230.595,107.029,787.098,-228.919,-110.357,786.349,-250.378,200.098,1177.93,-247.289,-203.306,1176.52
-253.755,128.322,890.33,-251.753,-132.006,889.476,-291.186,237.749,1400.62,-287.495,-241.43,1398.8
-243.503,107.572,764.251,-241.775,-111.1,763.346,-297.785,234.93,1391.54,-294.151,-238.653,1389.6
-235.949,101.396,709.666,-234.342,-104.798,708.923,-278.299,211.467,1231.52,-275.052,-215.021,1230.03
-227.82,94.6464,648.241,-226.347,-97.9199,647.69,-251.379,177.321,1004.54,-248.815,-180.389,1003.29
-224.057,90.9529,613.194,-222.658,-94.1541,612.743,-234.705,158.533,885.09,-232.443,-161.458,884.127
-220.295,87.642,582.398,-218.968,-90.7446,582.024,-219.097,141.377,778.585,-217.065,-144.254,777.954
-215.564,84.2943,572.395,-214.281,-87.3577,572.12,-211.152,129.292,715.715,-209.288,-132.128,715.254
-215.37,81.9189,565.3,-214.125,-84.9816,565.053,-211.031,124.218,698.278,-209.248,-127.104,697.919
-216.615,80.5505,552.46,-215.392,-83.6265,552.236,-211.479,119.549,663.48,-209.769,-122.472,663.185
-218.246,79.5394,543.807,-217.041,-82.6346,543.601,-212.293,115.501,634.046,-210.643,-118.465,633.797
-219.931,78.8624,537.713,-218.738,-81.9778,537.523,-214.379,112.451,611.664,-212.77,-115.474,611.446
-225.343,79.6123,538.836,-224.14,-82.7999,538.657,-221.418,112.087,602.319,-219.811,-115.24,602.121
-223.027,77.8487,524.422,-221.852,-81.001,524.258,-221.575,108.553,577.887,-220.014,-111.742,577.713
-224.323,77.4634,519.404,-223.154,-80.6311,519.25,-225.695,107.142,565.063,-224.15,-110.424,564.906
-225.749,77.2012,515.23,-224.584,-80.3853,515.085,-230.174,106.022,554.415,-228.638,-109.404,554.274
-227.115,76.9852,511.626,-225.954,-80.1841,511.486,-234.774,105.076,545.51,-233.244,-108.557,545.38
-228.189,76.8091,508.797,-227.03,-80.0182,508.66,-239.116,104.243,538.231,-237.589,-107.818,538.106
-229.209,76.6406,506.95,-228.053,-79.8587,506.815,-243.274,103.481,532.57,-241.749,-107.143,532.448
-230.126,76.4844,505.548,-228.973,-79.7096,505.413,-247.088,102.8,527.919,-245.564,-106.537,527.796
-230.901,76.3417,505.215,-229.751,-79.5721,505.079,-250.396,102.192,524.685,-248.874,-105.993,524.56
-231.57,76.2029,505.571,-230.422,-79.4374,505.433,-253.148,101.665,522.466,-251.626,-105.516,522.336
-232.142,76.0873,507.252,-230.996,-79.3269,507.113,-255.341,101.249,521.533,-253.819,-105.138,521.401
-232.213,76.0195,509.845,-231.069,-79.2582,509.706,-256.378,100.907,521.308,-254.858,-104.815,521.173
-231.955,75.9907,510.902,-230.81,-79.2253,510.764,-256.34,100.737,519.597,-254.821,-104.642,519.463
-231.593,76.8235,444.363,-230.435,-80.0439,444.223,-252.046,99.5519,458.545,-250.539,-103.388,458.402
-233.202,78.6923,450.101,-232.018,-81.9301,449.955,-255.135,102.896,465.748,-253.578,-106.777,465.599
-233.323,80.052,452.514,-232.12,-83.2894,452.365,-256.147,104.239,468.623,-254.566,-108.14,468.47
-233.086,81.2801,453.745,-231.866,-84.5127,453.595,-256.386,104.917,469.603,-254.79,-108.831,469.447
-232.611,82.3911,454.271,-231.375,-85.6153,454.121,-256.088,105.142,469.377,-254.483,-109.062,469.22
-232.326,83.463,454.56,-231.076,-86.6817,454.411,-255.501,105.083,468.264,-253.891,-109.007,468.108
-232.151,84.4072,454.538,-230.888,-87.6225,454.391,-254.891,104.904,466.644,-253.279,-108.829,466.49
-231.613,85.1347,453.855,-230.341,-88.3424,453.712,-253.677,104.294,464.325,-252.07,-108.209,464.175
-230.78,85.6624,452.655,-229.502,-88.8588,452.516,-251.973,103.405,461.477,-250.378,-107.298,461.33
-229.8,86.0093,451.1,-228.519,-89.1932,450.967,-249.917,102.331,458.242,-248.338,-106.191,458.099
-228.332,86.0449,448.495,-227.051,-89.2098,448.37,-247.143,100.995,453.96,-245.59,-104.802,453.821
-0.0154187,0.739066,11.0822,-0.0142828,-0.715668,11.0684,0.0154626,-0.00221358,0.275899,0.0154405,0.00241403,0.276347
-4.56719,2.78416,26.6149,-4.53759,-2.81593,26.6095,0.0228534,-0.00146675,0.327411,0.0228719,0.00181816,0.328074
-11.9722,6.67084,53.8008,-11.8964,-6.83796,53.8385,0.0360044,-0.000806203,0.427596,0.0360924,0.00130941,0.428766
-19.9734,10.4055,82.9653,-19.8478,-10.6772,83.0216,0.162583,0.0151463,0.836628,0.164122,-0.0127412,0.841291
-30.1785,15.3128,120.007,-29.985,-15.7312,120.072,2.30688,1.46806,7.50028,2.3221,-1.46308,7.62665
-47.8497,23.9905,182.013,-47.5233,-24.6787,182.04,-14.6098,14.1054,78.9697,-14.481,-14.3633,79.2451
-60.4275,29.8914,225.27,-60.01,-30.7741,225.264,-30.2301,25.6538,146.899,-29.9219,-26.1209,147.103
-77.6544,37.7675,284.045,-77.1074,-38.8897,283.961,-52.5017,42.6737,246.952,-51.9226,-43.4281,247.019
-97.6772,46.9881,351.751,-96.9811,-48.4019,351.587,-77.6165,61.8089,359.76,-76.735,-62.8849,359.675
-119.828,57.2425,426.363,-118.966,-58.9771,426.109,-105.714,83.5196,488.188,-104.488,-84.9546,487.921
-144.928,68.7165,509.354,-143.88,-70.8104,508.997,-136.923,107.693,631.225,-135.314,-109.523,630.748
-171.007,80.623,596.232,-169.765,-83.0975,595.755,-171.207,135.133,793.321,-169.16,-137.387,792.584
-205.976,96.3257,709.791,-204.477,-99.303,709.159,-217,172.226,1012.87,-214.359,-175.039,1011.76
-231.008,107.265,788.778,-229.328,-110.6,788.025,-250.847,200.485,1180.25,-247.752,-203.699,1178.83
-254.181,128.57,892.083,-252.175,-132.26,891.224,-291.734,238.219,1403.46,-288.035,-241.907,1401.63
-243.928,107.806,765.88,-242.196,-111.34,764.971,-298.334,235.429,1394.54,-294.693,-239.157,1392.59
-236.359,101.616,711.187,-234.749,-105.022,710.439,-278.786,211.899,1234.07,-275.532,-215.457,1232.57
-228.214,94.8442,649.592,-226.737,-98.1212,649.037,-251.829,177.681,1006.59,-249.259,-180.751,1005.33
-224.455,91.1425,614.491,-223.052,-94.3478,614.037,-235.15,158.869,886.969,-232.883,-161.796,886
-220.681,87.8157,583.585,-219.35,-90.9224,583.208,-219.489,141.652,780.086,-217.452,-144.531,779.451
-215.947,84.4573,573.521,-214.662,-87.5245,573.243,-211.541,129.544,717.084,-209.673,-132.384,716.619
-215.744,82.0675,566.364,-214.495,-85.1333,566.112,-211.404,124.449,699.551,-209.618,-127.338,699.189
-216.974,80.6817,553.466,-215.748,-83.7602,553.237,-211.837,119.756,664.646,-210.124,-122.683,664.348
-218.589,79.6524,544.765,-217.38,-82.7496,544.552,-212.637,115.687,635.123,-210.984,-118.655,634.871
-220.257,78.955,538.622,-219.06,-82.072,538.425,-214.711,112.618,612.668,-213.1,-115.645,612.447
-225.658,79.6849,539.71,-224.452,-82.8738,539.524,-221.749,112.241,603.287,-220.139,-115.398,603.085
-223.326,77.8928,525.219,-222.147,-81.046,525.047,-221.897,108.691,578.787,-220.334,-111.882,578.609
-224.627,77.4855,520.147,-223.455,-80.6537,519.983,-226.032,107.274,565.942,-224.484,-110.557,565.78
-226.076,77.2056,515.917,-224.909,-80.3901,515.761,-230.538,106.154,555.279,-229,-109.533,555.129
-227.491,76.9807,512.271,-226.327,-80.1803,512.12,-235.182,105.213,546.372,-233.649,-108.691,546.231
-228.63,76.8046,509.412,-227.47,-80.0155,509.266,-239.571,104.388,539.091,-238.042,-107.958,538.955
-229.725,76.6443,507.549,-228.568,-79.8655,507.404,-243.772,103.633,533.425,-242.245,-107.289,533.291
-230.719,76.5015,506.138,-229.565,-79.7314,505.995,-247.617,102.954,528.758,-246.09,-106.687,528.624
-231.568,76.375,505.8,-230.417,-79.6117,505.657,-250.941,102.345,525.499,-249.416,-106.142,525.363
-232.305,76.2525,506.151,-231.156,-79.4949,506.008,-253.698,101.811,523.246,-252.173,-105.66,523.108
-232.941,76.1519,507.826,-231.793,-79.4009,507.682,-255.89,101.385,522.279,-254.366,-105.276,522.139
-233.073,76.0973,510.409,-231.926,-79.3469,510.266,-256.93,101.034,522.022,-255.407,-104.944,521.88
-232.871,76.0798,511.454,-231.724,-79.3266,511.312,-256.899,100.852,520.282,-255.378,-104.763,520.142
-232.493,76.9147,444.889,-231.333,-80.1463,444.745,-252.545,99.6399,459.179,-251.036,-103.48,459.032
-234.157,78.7937,450.603,-232.97,-82.0439,450.454,-255.644,102.965,466.337,-254.086,-106.852,466.185
-234.328,80.1627,452.995,-233.123,-83.4135,452.844,-256.677,104.295,469.187,-255.095,-108.203,469.031
-234.138,81.4003,454.207,-232.916,-84.6474,454.055,-256.936,104.96,470.138,-255.339,-108.881,469.978
-233.706,82.5225,454.717,-232.468,-85.7623,454.565,-256.659,105.172,469.885,-255.053,-109.1,469.723
-233.461,83.6088,454.995,-232.208,-86.8445,454.844,-256.093,105.098,468.745,-254.481,-109.03,468.583
-233.32,84.5724,454.966,-232.054,-87.8062,454.816,-255.504,104.903,467.101,-253.89,-108.838,466.939
-232.809,85.3268,454.285,-231.534,-88.5544,454.138,-254.314,104.279,464.763,-252.703,-108.206,464.602
-231.99,85.8931,453.096,-230.709,-89.1104,452.953,-252.637,103.377,461.902,-251.034,-107.285,461.742
-231.008,86.2967,451.57,-229.723,-89.5018,451.431,-250.609,102.29,458.664,-249.02,-106.172,458.506
-229.507,86.4139,449.011,-228.222,-89.5997,448.878,-247.862,100.94,454.385,-246.293,-104.779,454.229
-0.0284803,0.745802,11.0627,-0.0267543,-0.722776,11.0488,0.0154829,-0.00221681,0.275903,0.0154609,0.002418,0.276352
-4.57891,2.78493,26.6052,-4.54897,-2.81693,26.5997,0.0228798,-0.00147116,0.327393,0.0228985,0.00182353,0.328056
-11.9895,6.67323,53.8254,-11.9134,-6.8406,53.8632,0.036006,-0.0008138,0.427472,0.0360948,0.00131711,0.428642
-19.9968,10.4119,83.0216,-19.8709,-10.6839,83.0778,0.162088,0.0150699,0.835505,0.163627,-0.0126774,0.840163
-30.2092,15.3241,120.103,-30.0154,-15.7428,120.168,2.30002,1.45359,7.44577,2.31566,-1.44878,7.57124
-47.894,24.0112,182.17,-47.5673,-24.7001,182.197,-14.5819,14.0915,78.8718,-14.4542,-14.3503,79.151
-60.485,29.9192,225.476,-60.067,-30.8027,225.469,-30.2714,25.6809,147.062,-29.9627,-26.1489,147.265
-77.7274,37.8047,284.316,-77.1797,-38.928,284.232,-52.5494,42.7078,247.153,-51.9698,-43.4634,247.221
-97.7683,47.0361,352.096,-97.0715,-48.4511,351.932,-77.6885,61.8622,360.075,-76.8062,-62.9396,359.99
-119.939,57.3022,426.789,-119.076,-59.0384,426.535,-105.813,83.5944,488.631,-104.586,-85.0312,488.363
-145.06,68.7892,509.871,-144.012,-70.885,509.514,-137.051,107.792,631.812,-135.441,-109.624,631.335
-171.163,80.7097,596.848,-169.919,-83.1866,596.371,-171.368,135.258,794.067,-169.319,-137.515,793.329
-206.162,96.4304,710.536,-204.661,-99.4105,709.902,-217.205,172.39,1013.85,-214.561,-175.206,1012.74
-231.214,107.383,789.618,-229.532,-110.721,788.864,-251.082,200.678,1181.41,-247.983,-203.895,1179.99
-254.393,128.694,892.96,-252.385,-132.387,892.099,-292.007,238.455,1404.88,-288.304,-242.146,1403.05
-244.14,107.924,766.695,-242.406,-111.46,765.784,-298.609,235.679,1396.04,-294.963,-239.41,1394.08
-236.563,101.726,711.947,-234.951,-105.134,711.197,-279.029,212.115,1235.35,-275.771,-215.675,1233.85
-228.409,94.9429,650.268,-226.931,-98.2217,649.711,-252.052,177.86,1007.61,-249.48,-180.932,1006.35
-224.652,91.2372,615.139,-223.248,-94.4445,614.683,-235.372,159.037,887.908,-233.103,-161.966,886.936
-220.872,87.9024,584.178,-219.541,-91.0112,583.8,-219.684,141.79,780.837,-217.645,-144.67,780.199
-216.138,84.5387,574.084,-214.851,-87.6078,573.804,-211.734,129.67,717.768,-209.865,-132.511,717.302
-215.93,82.1417,566.896,-214.679,-85.2091,566.642,-211.59,124.565,700.188,-209.803,-127.456,699.825
-217.153,80.7471,553.97,-215.925,-83.8269,553.738,-212.015,119.86,665.23,-210.3,-122.789,664.931
-218.76,79.7087,545.244,-217.549,-82.8069,545.028,-212.808,115.781,635.661,-211.154,-118.75,635.409
-220.418,79.001,539.077,-219.219,-82.1189,538.876,-214.877,112.701,613.171,-213.264,-115.731,612.949
-225.814,79.7208,540.147,-224.606,-82.9104,539.956,-221.913,112.318,603.771,-220.303,-115.477,603.567
-223.473,77.9145,525.617,-222.292,-81.0683,525.441,-222.057,108.76,579.237,-220.493,-111.952,579.057
-224.777,77.4964,520.517,-223.603,-80.6648,520.349,-226.2,107.341,566.382,-224.651,-110.623,566.217
-226.238,77.2081,516.259,-225.07,-80.3928,516.099,-230.72,106.22,555.711,-229.181,-109.598,555.557
-227.678,76.9791,512.593,-226.514,-80.1792,512.437,-235.386,105.282,546.803,-233.852,-108.758,546.656
-228.85,76.8036,509.721,-227.689,-80.0155,509.569,-239.799,104.461,539.521,-238.268,-108.028,539.379
-229.984,76.6477,507.85,-228.826,-79.8705,507.7,-244.021,103.709,533.85,-242.492,-107.362,533.71
-231.017,76.5118,506.435,-229.862,-79.7442,506.287,-247.88,103.031,529.175,-246.352,-106.761,529.035
-231.903,76.3934,506.095,-230.75,-79.6333,505.948,-251.212,102.42,525.902,-249.685,-106.216,525.762
-232.673,76.2789,506.443,-231.524,-79.5253,506.297,-253.97,101.883,523.634,-252.444,-105.732,523.491
-233.341,76.1856,508.114,-232.193,-79.4394,507.967,-256.162,101.453,522.649,-254.637,-105.344,522.505
-233.504,76.1375,510.693,-232.356,-79.3926,510.547,-257.204,101.096,522.375,-255.681,-105.008,522.231
-233.329,76.1255,511.731,-232.182,-79.3784,511.588,-257.177,100.909,520.621,-255.655,-104.822,520.479
-232.944,76.9616,445.153,-231.783,-80.1987,445.008,-252.794,99.6834,459.494,-251.285,-103.526,459.345
-234.635,78.8456,450.855,-233.448,-82.1019,450.706,-255.899,102.999,466.63,-254.34,-106.889,466.476
-234.831,80.2191,453.238,-233.625,-83.4764,453.086,-256.942,104.323,469.468,-255.36,-108.235,469.31
-234.664,81.4614,454.44,-233.441,-84.7154,454.288,-257.212,104.982,470.404,-255.615,-108.907,470.243
-234.253,82.5889,454.943,-233.014,-85.8361,454.79,-256.946,105.186,470.138,-255.339,-109.119,469.975
-234.027,83.6818,455.214,-232.773,-86.9256,455.062,-256.391,105.106,468.986,-254.779,-109.043,468.821
-233.903,84.6545,455.182,-232.636,-87.897,455.031,-255.814,104.903,467.331,-254.198,-108.844,467.166
-233.404,85.4216,454.5,-232.128,-88.6586,454.352,-254.635,104.272,464.984,-253.022,-108.206,464.819
-232.592,86.0061,453.316,-231.31,-89.2333,453.171,-252.972,103.363,462.118,-251.365,-107.281,461.952
-231.609,86.4367,451.802,-230.322,-89.6519,451.66,-250.958,102.27,458.878,-249.363,-106.165,458.714
-230.094,86.5933,449.266,-228.806,-89.7894,449.128,-248.225,100.913,454.602,-246.647,-104.771,454.439
11.7443,-7.44512,30.7575,11.4413,8.08432,30.465,-0.00446562,1.72427e-05,0.271803,-0.00440524,-0.00059162,0.272331
4.38457,-27.4514,39.8609,3.93003,27.694,39.3178,-0.0110541,6.99202e-05,0.341994,-0.0108693,-0.00097139,0.342615
6.80266,7.62948,18.969,7.04876,-6.8408,18.2009,-0.0189564,0.00780599,0.542345,-0.01835,-0.0118318,0.545052
-0.108675,2.00047,47.2508,0.180651,-1.86154,46.2398,3.73412,1.10455,6.67392,3.82435,-0.892422,6.7231
-1.67912,2.80464,41.0685,-1.51132,-2.91541,40.5883,1.61873,16.2817,83.4533,2.3448,-15.2036,81.8901
-3.57444,35.2547,133.346,-5.70947,-39.8162,142.328,4.93868,-61.0351,76.9838,4.98782,62.2588,78.5657
-0.0292374,-0.0138117,0.0688896,-0.0254939,0.0132442,0.0627195,-152.982,296.519,456.675,-138.241,-274.967,386.388
1.9339e+06,764585,2.59944e+06,1.24521e+06,-404146,1.63644e+06,0.000592531,-0.00103669,0.00456571,0.000696935,0.00113241,0.00477431
5.8365,-3.30668,20.5816,5.68713,3.63027,20.432,0.0054634,-0.000940066,0.273449,0.00548671,0.000747189,0.273929
0.49039,-9.84451,31.1471,0.397755,10.1282,30.6257,0.00718833,-9.3573e-05,0.334409,0.00729306,-0.000159819,0.335132
-5.23807,0.461687,47.8283,-5.14286,-0.350506,47.3417,0.0321094,0.00096356,0.487849,0.0325648,-0.000383503,0.489403
-9.34697,5.76003,59.3564,-9.21603,-5.76712,59.0467,0.752458,0.131868,1.93161,0.766539,-0.111974,1.95183
-15.0405,9.33958,75.8499,-14.838,-9.45512,75.493,-3.16369,11.3019,55.0702,-3.02537,-11.1828,55.0706
-25.7824,32.8335,167.431,-26.4629,-35.0501,171.493,2.12634,-33.8281,43.5302,2.11057,34.3889,44.3963
-6.11755,-2.4378,8.34702,-2.7349,1.28181,3.88007,-68.3927,114.972,222.499,-63.2548,-108.165,195.631
334.701,367.971,916.06,356.925,-309.636,910.827,0.00190515,-0.00341547,0.0144235,0.00251321,0.00370564,0.0154847
-0.00336791,-0.000665734,0.00558555,-0.00250524,0.000660966,0.00446048,5.30901e+07,-4.99899e+07,9.11519e+07,5.50757e+07,4.35246e+07,8.77472e+07
2.87825,-1.24076,15.6527,2.80628,1.41083,15.5715,0.0104699,-0.00153065,0.274585,0.0104715,0.00153313,0.275048
-1.9491,-1.77202,28.4461,-1.96311,1.89466,28.2293,0.0154652,-0.00065236,0.330906,0.0155275,0.000691542,0.331614
-8.35392,4.3714,49.5242,-8.28325,-4.4118,49.3961,0.0344772,0.000389606,0.45691,0.0347158,-4.64485e-05,0.45835
-14.5032,8.24624,69.9251,-14.3844,-8.38115,69.8447,0.339073,0.0437094,1.20033,0.344593,-0.0381656,1.21131
-22.6955,12.3693,97.0392,-22.505,-12.6292,96.9206,-0.0908285,6.37766,30.4935,-0.0926051,-6.39667,30.8266
-36.7069,26.3209,167.844,-36.7034,-27.4157,169.23,-6.64706,-8.03449,58.1544,-6.84297,7.53754,59.7786
-45.0354,25.9791,181.318,-44.702,-26.6863,181.442,-18.2856,13.2359,103.803,-18.1833,-13.6509,104.498
-57.0387,28.9696,213.802,-56.4869,-29.634,213.257,-39.2945,32.1526,195.434,-38.7355,-32.6533,195.063
-71.377,34.2537,258.564,-70.6571,-35.0613,257.659,-59.6106,48.6749,286.484,-58.7249,-49.3903,285.607
-87.4958,41.045,311.53,-86.6374,-42.0877,310.472,-80.9761,65.7294,384.725,-79.7849,-66.7166,383.536
-106.282,49.081,371.965,-105.303,-50.4066,370.897,-104.013,83.8819,490.816,-102.529,-85.1706,489.468
-126.262,57.3997,434.507,-125.189,-59.0113,433.518,-129.549,104.686,612.05,-127.741,-106.257,610.567
-154.027,68.7412,517.669,-152.845,-70.7178,516.815,-163.732,132.525,774.104,-161.489,-134.385,772.355
-175.889,77.0504,576.618,-174.658,-79.2654,575.942,-190.245,154.078,898.536,-187.656,-156.023,896.474
-199.954,98.137,676.857,-198.47,-100.558,676.312,-220.569,181.176,1054.14,-217.531,-183.175,1051.64
-191.971,78.9151,565.992,-190.752,-81.1172,565.426,-226.966,174.526,1022.83,-224.053,-176.393,1020.32
-183.282,73.8692,519.61,-182.14,-75.6789,519.185,-212.902,156.881,906.821,-210.356,-158.619,905.308
-174.533,69.6198,474.612,-173.411,-71.0065,474.24,-189.36,129.906,735.704,-187.436,-131.278,734.816
-171.92,67.6818,449.55,-170.879,-69.0304,449.336,-174.239,114.381,640.517,-172.571,-115.668,639.951
-172.464,66.6794,434.153,-171.423,-67.9901,433.899,-166.441,104.628,579.242,-164.824,-105.99,578.741
-172.111,65.1771,436.089,-171.041,-66.5751,435.814,-161.572,96.4915,537.546,-160.012,-97.9142,537.009
-174.354,64.029,436.976,-173.214,-65.4653,436.542,-163.788,94.0305,532.018,-162.172,-95.5447,531.297
-173.83,62.9712,425.438,-172.569,-64.2527,424.773,-164.882,91.3937,509.44,-163.207,-92.9292,508.562
-173.98,62.4073,417.925,-172.676,-63.6731,417.194,-166.157,89.1057,490.1,-164.449,-90.6585,489.128
-176.179,62.7584,415.672,-174.9,-64.2006,415.053,-168.893,87.7791,475.69,-167.182,-89.4469,474.748
-181.353,64.4528,418.725,-180.082,-66.1149,418.245,-175.229,88.3928,469.829,-173.49,-90.273,468.962
-179.911,64.3601,409.894,-178.632,-66.0425,409.495,-176.099,86.4606,452.537,-174.349,-88.4627,451.728
-180.861,65.5247,408.017,-179.56,-67.3098,407.719,-179.364,85.8317,442.602,-177.591,-88.0499,441.872
-181.829,67.1264,407.656,-180.479,-68.9839,407.441,-182.55,85.2681,434.149,-180.743,-87.7347,433.491
-182.082,68.8435,407.887,-180.663,-70.7593,407.735,-184.856,84.4346,426.02,-183.015,-87.182,425.427
-181.401,70.4793,408.827,-179.891,-72.4254,408.708,-186.105,83.3708,418.604,-184.229,-86.415,418.055
-180.06,71.801,410.275,-178.438,-73.7339,410.139,-186.731,82.1697,412.256,-184.82,-85.5163,411.714
-178.303,72.7457,411.543,-176.543,-74.6034,411.325,-187.193,81.0382,406.845,-185.245,-84.6913,406.269
-176.252,73.3101,413.214,-174.32,-75.0031,412.831,-187.725,80.0805,403.021,-185.744,-84.0614,402.377
-174.108,73.5848,415.033,-171.96,-75.0008,414.389,-188.453,79.312,400.4,-186.452,-83.6763,399.671
-171.902,73.7224,417.915,-169.479,-74.7068,416.902,-189.241,78.6982,399.158,-187.243,-83.5433,398.355
-169.171,73.9035,421.859,-166.395,-74.2379,420.359,-189.206,78.1627,398.683,-187.238,-83.596,397.856
-166.314,74.2912,424.685,-163.118,-73.7248,422.602,-188.559,77.9639,396.992,-186.678,-84.1003,396.259
-170.974,78.0285,364.156,-167.639,-76.8991,361.641,-188.951,78.5405,339.13,-187.622,-85.8615,338.751
-168.517,81.0226,373.754,-164.826,-78.7167,370.899,-190.825,83.4407,348.753,-189.832,-91.5836,348.969
-164.487,83.05,378.112,-160.662,-79.2949,375.114,-190.768,86.4341,353.786,-190.452,-94.6804,354.811
-159.941,84.2851,379.466,-156.19,-79.0049,376.689,-190.717,89.4239,357.625,-191.406,-97.3986,359.944
-155.189,84.5276,377.623,-151.53,-77.673,375.236,-191.063,92.5236,360.522,-192.95,-100.178,364.743
-151.473,83.9925,373.465,-147.728,-75.6345,371.422,-192.076,95.7702,362.192,-195.249,-103.554,369.168
-149.288,82.9401,367.461,-145.081,-73.2003,365.482,-192.989,99.1177,361.768,-197.594,-107.857,372.777
-148.3,81.8153,359.384,-143.097,-70.6813,356.891,-190.692,102.135,357.173,-197.689,-112.596,374.154
-148.052,81.7606,348.93,-141.333,-68.5685,344.908,-180.858,106.074,346.208,-194.578,-118.425,372.264
-146.482,86.0017,335.675,-138.277,-67.6762,328.101,-152.951,115.286,327.132,-187.868,-127.418,366.173
-137.586,104.326,321.846,-130.623,-69.9661,305.145,-86.01,142.444,307.73,-176.57,-144.956,355.329
1.40717,-0.224891,13.2812,1.37321,0.320067,13.2337,0.012982,-0.00186316,0.275223,0.0129719,0.00196472,0.275678
-3.24392,1.30211,27.3962,-3.2294,-1.26125,27.3104,0.0193083,-0.00104088,0.329148,0.0193483,0.00122974,0.329837
-10.0534,5.89083,51.0676,-9.9831,-5.99726,51.056,0.0351402,-0.000142768,0.441793,0.0352937,0.000491849,0.443122
-17.187,9.42116,76.0209,-17.069,-9.62576,76.0334,0.230734,0.0258714,0.987182,0.233809,-0.0227446,0.994632
-26.4345,13.8374,108.165,-26.2473,-14.178,108.159,1.74549,3.73539,17.3674,1.7148,-3.76981,17.7139
-42.3003,23.3716,168.935,-42.0067,-23.9986,169.122,-13.6688,9.42329,77.0514,-13.5246,-9.69322,77.3485
-52.93,27.3564,202.099,-52.5413,-28.1125,202.106,-24.5703,20.8191,125.96,-24.345,-21.2514,126.346
-67.7931,33.3081,249.752,-67.2828,-34.2497,249.594,-46.0244,37.8163,221.2,-45.477,-38.4639,221.163
-85.1954,40.7769,306.738,-84.5519,-41.9642,306.465,-68.5498,55.2081,322.002,-67.7049,-56.1262,321.712
-104.552,49.3453,370.543,-103.764,-50.8086,370.181,-93.4048,74.5262,435.385,-92.236,-75.757,434.872
-126.721,59.1086,442.16,-125.775,-60.878,441.727,-120.802,95.8062,560.669,-119.283,-97.3814,559.95
-149.861,69.2744,516.991,-148.754,-71.3611,516.494,-150.867,119.977,702.759,-148.95,-121.913,701.809
-181.1,82.8372,615.364,-179.782,-85.3366,614.791,-190.749,152.242,892.881,-188.303,-154.636,891.618
-203.898,92.3012,683.364,-202.434,-95.0748,682.749,-220.585,176.832,1037.75,-217.728,-179.522,1036.21
-226.555,113.093,783.191,-224.775,-116.127,782.535,-256.008,209.103,1226.82,-252.616,-212.128,1224.93
-216.683,93.0545,664.13,-215.171,-95.9154,663.427,-262.437,204.438,1207.39,-259.123,-207.441,1205.4
-209.53,87.6231,614.955,-208.134,-90.3335,614.432,-246.519,184.601,1072.36,-243.559,-187.465,1070.94
-202.165,82.2036,563.011,-200.867,-84.7461,562.648,-221.954,154.6,875.022,-219.63,-157.028,873.913
-198.682,79.1875,532.104,-197.44,-81.6501,531.836,-205.858,137.259,766.538,-203.812,-139.581,765.752
-196.352,76.9167,508.403,-195.159,-79.3163,508.194,-193.798,123.676,682.358,-191.911,-126.01,681.831
-192.778,74.3578,503.242,-191.618,-76.775,503.135,-186.644,113.157,628.459,-184.899,-115.489,628.079
-193.738,72.7838,500.363,-192.585,-75.2397,500.258,-187.625,109.329,616.706,-185.917,-111.749,616.375
-195.394,72.0737,490.103,-194.219,-74.5433,489.966,-188.824,105.874,588.117,-187.147,-108.372,587.816
-196.996,71.6268,483.075,-195.794,-74.1058,482.902,-190.032,102.797,563.646,-188.374,-105.358,563.346
-198.707,71.6221,478.582,-197.481,-74.1301,478.394,-192.365,100.576,545.147,-190.712,-103.216,544.847
-203.959,73.1002,480.544,-202.697,-75.7105,480.364,-199.195,100.748,537.67,-197.52,-103.544,537.382
-202.439,72.6482,469.649,-201.174,-75.263,469.492,-199.943,98.1079,517.046,-198.292,-100.988,516.793
-203.902,73.4987,467.129,-202.628,-76.1987,467.023,-203.737,97.1268,505.613,-202.1,-100.179,505.43
-205.184,74.5592,465.966,-203.895,-77.3345,465.916,-207.467,96.269,496.004,-205.845,-99.5191,495.906
-205.642,75.5199,465.244,-204.339,-78.3537,465.246,-210.52,95.2616,487.233,-208.919,-98.7202,487.226
-205.063,76.2288,465.065,-203.744,-79.0891,465.103,-212.757,94.1536,479.619,-211.178,-97.8072,479.689
-203.81,76.5456,465.369,-202.474,-79.3932,465.415,-214.663,93.042,473.486,-213.102,-96.8588,473.604
-202.117,76.4843,465.56,-200.761,-79.277,465.576,-216.614,92.1006,468.592,-215.063,-96.037,468.72
-200.132,76.1139,466.348,-198.751,-78.8131,466.3,-218.736,91.4051,465.493,-217.186,-95.4184,465.597
-198.022,75.5532,467.575,-196.611,-78.1336,467.433,-221.005,90.947,463.727,-219.453,-95.0115,463.784
-195.796,74.9344,470.155,-194.347,-77.3832,469.895,-223.19,90.6837,463.424,-221.639,-94.8023,463.424
-193.006,74.3724,473.962,-191.502,-76.6738,473.557,-224.331,90.5167,463.892,-222.782,-94.7208,463.841
-189.944,73.9432,476.758,-188.356,-76.0733,476.174,-224.491,90.6066,463.06,-222.951,-94.9968,462.995
-191.165,75.5348,414.024,-189.455,-77.5875,413.246,-224.728,91.1105,405.014,-223.286,-95.9885,405.018
-189.294,77.1956,423.056,-187.444,-78.9836,422.112,-228.439,95.7663,415.275,-227.043,-101.226,415.508
-185.507,78.0692,427.773,-183.573,-79.4758,426.765,-229.948,98.2883,421.049,-228.763,-104.376,421.729
-180.788,78.2844,429.926,-178.853,-79.2048,429.059,-231.28,100.645,426.066,-230.498,-107.417,427.563
-175.358,77.6763,429.381,-173.449,-77.9999,428.824,-232.678,103.216,430.88,-232.447,-110.726,433.638
-170.315,76.3595,426.85,-168.335,-76.0219,426.615,-234.442,106.472,435.659,-234.776,-114.784,440.17
-166.408,74.3783,422.69,-164.078,-73.4199,422.536,-236.377,111.036,440.319,-237.086,-120.171,447.165
-163.961,71.7265,416.543,-160.787,-70.4429,415.934,-236.684,117.402,443.903,-237.539,-127.149,453.935
-163.675,68.5107,407.909,-158.835,-67.688,405.94,-233.554,127.902,445.753,-235.28,-137.337,460.522
-165.987,65.3358,395.646,-157.84,-66.4481,390.755,-221.164,147.647,445.07,-229.71,-153.281,467.501
-171.924,64.6315,379.212,-156.612,-69.8319,368.609,-178.429,188.695,444.772,-221.297,-178.335,477.846
0.678368,0.271082,12.1388,0.66288,-0.212565,12.1081,0.0142411,-0.00203867,0.275559,0.0142251,0.00219023,0.276011
-3.91042,2.3282,26.9604,-3.8858,-2.32561,26.9239,0.0211422,-0.00125492,0.328263,0.0211713,0.00152309,0.328941
-10.9943,6.38456,52.2771,-10.9217,-6.52237,52.2992,0.0355558,-0.000462449,0.434483,0.0356749,0.000871453,0.43574
-18.5858,9.94401,79.4201,-18.4649,-10.1831,79.4615,0.192471,0.0198507,0.904934,0.194693,-0.0172373,0.910918
-28.3219,14.5777,114.042,-28.1331,-14.9582,114.079,2.34701,2.48488,11.5903,2.3343,-2.50381,11.8441
-45.1123,22.9919,173.229,-44.7707,-23.5799,173.181,-15.4213,14.1907,81.7765,-15.2327,-14.4199,81.8649
-56.8249,28.3274,213.015,-56.4157,-29.1257,212.977,-27.6641,23.8929,136.999,-27.3805,-24.3254,137.22
-73.0072,35.5074,267.288,-72.4892,-36.5487,267.206,-49.4293,40.4742,234.333,-48.8708,-41.1775,234.373
-91.8391,43.9993,330.184,-91.19,-45.3231,330.052,-73.1107,58.508,340.494,-72.2645,-59.5156,340.388
-112.698,53.4833,399.614,-111.899,-55.1098,399.416,-99.5709,78.9326,461.178,-98.3971,-80.2815,460.905
-136.416,64.1336,476.975,-135.445,-66.0928,476.696,-128.938,101.641,595.386,-127.399,-103.366,594.927
-161.051,75.1749,557.793,-159.897,-77.4843,557.415,-161.199,127.444,747.612,-159.241,-129.573,746.921
-194.125,89.7885,663.641,-192.73,-92.5611,663.131,-204.144,162.118,952.606,-201.623,-164.78,951.592
-217.898,99.9279,736.885,-216.331,-103.03,736.277,-236.017,188.512,1108.79,-233.061,-191.562,1107.5
-240.616,120.877,838.064,-238.721,-124.313,837.37,-274.25,223.541,1315.3,-270.723,-227.056,1313.68
-230.349,100.471,715.44,-228.721,-103.766,714.686,-280.702,219.829,1301.38,-277.235,-223.395,1299.64
-223.056,94.6693,663.755,-221.546,-97.8632,663.168,-263.016,198.294,1154.33,-259.909,-201.727,1153.03
-215.36,88.5654,607.216,-213.967,-91.6394,606.806,-237.256,166.311,942.29,-234.803,-169.276,941.208
-211.56,85.1479,574.02,-210.228,-88.1466,573.696,-220.797,148.257,828.243,-218.631,-151.091,827.444
-208.271,82.3187,546.621,-207.003,-85.2393,546.368,-206.829,132.878,732.754,-204.861,-135.684,732.247
-203.768,79.3193,538.717,-202.544,-82.2253,538.573,-199.104,121.516,674.065,-197.294,-124.283,673.711
-203.938,77.3646,533.629,-202.743,-80.2906,533.514,-199.447,117.048,659.381,-197.7,-119.875,659.108
-205.507,76.4416,522.383,-204.325,-79.3968,522.286,-200.329,113.04,627.718,-198.638,-115.916,627.496
-207.386,75.8691,514.977,-206.208,-78.855,514.89,-201.452,109.555,600.825,-199.805,-112.482,600.634
-209.308,75.6839,510.045,-208.128,-78.7022,509.968,-203.77,106.991,580.447,-202.147,-109.988,580.277
-214.808,76.9416,511.914,-213.605,-80.0488,511.85,-210.804,106.958,572.103,-209.171,-110.1,571.953
-212.954,75.9839,499.572,-211.762,-79.0822,499.53,-211.283,103.906,549.64,-209.685,-107.114,549.525
-214.295,76.3147,496.127,-213.102,-79.4677,496.12,-215.164,102.696,537.424,-213.583,-106.044,537.365
-215.43,76.7433,493.788,-214.234,-79.9485,493.818,-219.088,101.663,527.235,-217.521,-105.172,527.238
-215.917,77.0403,491.809,-214.718,-80.2846,491.87,-222.64,100.607,518.297,-221.089,-104.278,518.361
-215.587,77.1316,490.311,-214.387,-80.3924,490.39,-225.687,99.5666,510.839,-224.148,-103.38,510.947
-214.824,76.9662,489.41,-213.624,-80.2217,489.489,-228.601,98.598,505.068,-227.07,-102.523,505.197
-213.788,76.5994,488.624,-212.588,-79.8307,488.686,-231.511,97.8014,500.559,-229.981,-101.802,500.681
-212.566,76.1046,488.711,-211.367,-79.2989,488.743,-234.349,97.2046,497.756,-232.813,-101.245,497.851
-211.269,75.5564,489.452,-210.07,-78.7101,489.448,-237.007,96.7963,496.182,-235.461,-100.851,496.236
-209.892,75.0299,491.624,-208.693,-78.1477,491.581,-239.303,96.5614,496.003,-237.747,-100.622,496.014
-208.003,74.579,494.914,-206.799,-77.661,494.83,-240.401,96.4264,496.548,-238.835,-100.491,496.519
-205.833,74.2206,496.944,-204.61,-77.263,496.812,-240.361,96.5158,495.675,-238.783,-100.616,495.623
-206.06,75.1987,432.186,-204.783,-78.2303,431.992,-238.727,96.4272,436.574,-237.157,-100.637,436.521
-205.512,76.7688,439.593,-204.167,-79.728,439.343,-242.059,100.572,445.804,-240.438,-105.01,445.815
-203.304,77.703,443.273,-201.915,-80.5433,443.013,-243.106,102.567,450.431,-241.501,-107.267,450.588
-200.487,78.2481,445.19,-199.086,-80.925,444.996,-243.624,104.075,453.727,-242.091,-109.068,454.149
-197.226,78.3304,445.629,-195.834,-80.7982,445.568,-243.76,105.316,456.239,-242.326,-110.619,457.04
-194.208,78.0088,445.178,-192.808,-80.2383,445.264,-243.76,106.501,458.237,-242.388,-112.121,459.496
-191.715,77.1858,443.909,-190.233,-79.1857,444.075,-243.752,107.813,459.975,-242.299,-113.753,461.724
-189.677,75.6938,441.362,-187.996,-77.5647,441.48,-242.873,108.892,461.08,-241.079,-115.175,463.349
-188.561,73.3999,437.257,-186.504,-75.4006,437.151,-241.171,109.944,461.614,-238.645,-116.728,464.53
-188.83,70.2227,430.9,-186.115,-72.8041,430.327,-238.765,111.135,461.577,-235.002,-118.812,465.515
-190.667,66.4328,420.86,-186.852,-70.2129,419.504,-235.572,113.051,460.815,-230.156,-122.051,466.623
0.316989,0.514067,11.5839,0.310508,-0.4736,11.5616,0.0148717,-0.00212865,0.275732,0.0148527,0.00230534,0.276182
-4.24872,2.64361,26.7683,-4.22059,-2.65896,26.75,0.0220338,-0.00136484,0.327819,0.0220576,0.00167467,0.328491
-11.4914,6.55566,53.0154,-11.4171,-6.7086,53.0476,0.0357809,-0.000636576,0.430895,0.0358847,0.00108896,0.43211
-19.299,10.1872,81.2165,-19.1758,-10.4431,81.267,0.176239,0.0173035,0.868376,0.178102,-0.0148342,0.873681
-29.2763,14.9535,117.082,-29.0855,-15.3535,117.135,2.41377,1.92624,9.2641,2.41736,-1.93298,9.44994
-46.5272,23.3776,177.326,-46.1953,-24.0185,177.31,-15.2969,14.534,81.2865,-15.1374,-14.7774,81.4634
-58.7063,29.0658,219.139,-58.2945,-29.9088,219.118,-29.0327,24.8905,142.175,-28.7335,-25.3378,142.373
-75.454,36.6499,275.905,-74.9221,-37.7343,275.826,-51.058,41.6439,240.89,-50.4901,-42.3763,240.953
-94.9227,45.5438,341.374,-94.2501,-46.9155,341.231,-75.4479,60.2015,350.325,-74.5865,-61.2492,350.247
-116.467,55.4388,413.513,-115.636,-57.123,413.292,-102.74,81.2644,474.911,-101.544,-82.6642,474.663
-140.91,66.5182,493.775,-139.9,-68.5504,493.462,-133.058,104.714,613.624,-131.489,-106.501,613.182
-166.292,78.0014,577.68,-165.093,-80.4021,577.256,-166.376,131.353,770.923,-164.379,-133.558,770.239
-200.341,93.1644,687.432,-198.891,-96.0532,686.863,-210.82,167.274,983.442,-208.245,-170.031,982.415
-224.754,103.701,763.57,-223.128,-106.941,762.892,-243.737,194.628,1145.42,-240.718,-197.789,1144.11
-247.7,124.82,865.786,-245.748,-128.413,865.012,-283.381,231.063,1360.62,-279.775,-234.708,1358.95
-237.431,104.247,741.402,-235.749,-107.697,740.574,-289.912,227.827,1349.31,-286.364,-231.527,1347.51
-230.024,98.2566,688.253,-228.462,-101.598,687.59,-271.28,205.296,1195.5,-268.104,-208.848,1194.13
-222.108,91.8114,629.166,-220.671,-95.0326,628.686,-244.892,172.185,975.579,-242.383,-175.258,974.432
-218.298,88.235,594.937,-216.926,-91.3808,594.546,-228.298,153.74,858.644,-226.083,-156.674,857.777
-214.718,85.1437,565.71,-213.413,-88.1983,565.39,-213.443,137.426,757.346,-211.442,-140.318,756.788
-210.035,81.9477,556.629,-208.776,-84.9737,556.413,-205.565,125.669,696.382,-203.727,-128.517,695.981
-209.972,79.7683,550.449,-208.749,-82.805,550.266,-205.646,120.877,680.233,-203.881,-123.775,679.922
-211.374,78.6229,538.39,-210.174,-81.6835,538.236,-206.299,116.526,646.916,-204.599,-119.462,646.66
-213.158,77.8402,530.392,-211.973,-80.9288,530.26,-207.274,112.758,618.7,-205.628,-115.735,618.485
-215,77.419,524.932,-213.823,-80.536,524.822,-209.489,109.954,597.289,-207.876,-112.994,597.102
-220.486,78.4259,526.507,-219.295,-81.6237,526.415,-216.534,109.76,588.437,-214.918,-112.937,588.273
-218.378,77.0459,513.154,-217.207,-80.2203,513.083,-216.824,106.459,564.947,-215.248,-109.69,564.817
-219.629,76.9728,508.919,-218.46,-80.1771,508.869,-220.783,105.137,552.4,-219.222,-108.487,552.308
-220.8,76.9826,505.594,-219.63,-80.2136,505.563,-224.952,104.057,541.991,-223.4,-107.536,541.937
-221.607,76.9338,502.673,-220.435,-80.1828,502.654,-229.04,103.067,533.129,-227.496,-106.676,533.108
-221.879,76.8074,500.355,-220.705,-80.0612,500.339,-232.808,102.165,525.877,-231.267,-105.887,525.875
-221.943,76.5811,498.848,-220.769,-79.8308,498.827,-236.457,101.35,520.312,-234.917,-105.167,520.316
-221.85,76.2934,497.676,-220.675,-79.5325,497.641,-239.923,100.663,515.883,-238.381,-104.553,515.88
-221.61,75.9797,497.528,-220.437,-79.2038,497.477,-243.051,100.107,512.992,-241.504,-104.047,512.973
-221.286,75.6616,498.083,-220.114,-78.8701,498.014,-245.746,99.6764,511.193,-244.193,-103.649,511.152
-220.875,75.3738,500.012,-219.704,-78.5697,499.926,-247.921,99.3803,510.707,-246.362,-103.373,510.645
-219.961,75.1439,502.916,-218.79,-78.3239,502.815,-248.875,99.165,510.905,-247.312,-103.16,510.825
-218.741,74.9668,504.356,-217.566,-78.129,504.242,-248.688,99.1351,509.608,-247.12,-103.124,509.516
-218.679,75.835,438.497,-217.481,-78.9923,438.364,-245.519,98.4454,449.427,-243.957,-102.403,449.322
-219.254,77.553,444.854,-218.019,-80.7009,444.702,-248.51,102.143,457.492,-246.892,-106.175,457.395
-218.329,78.718,447.74,-217.07,-81.8346,447.583,-249.299,103.748,461.009,-247.661,-107.846,460.94
-217.016,79.6697,449.292,-215.742,-82.7423,449.149,-249.395,104.741,462.804,-247.757,-108.903,462.791
-215.449,80.3908,449.946,-214.169,-83.4073,449.831,-248.974,105.316,463.468,-247.347,-109.539,463.534
-214.125,80.9387,450.203,-212.838,-83.896,450.123,-248.28,105.645,463.294,-246.663,-109.922,463.451
-213.059,81.1976,450.01,-211.759,-84.0992,449.957,-247.541,105.879,462.616,-245.914,-110.201,462.865
-211.905,81.0179,448.953,-210.579,-83.8791,448.913,-246.092,105.656,461.178,-244.422,-110.013,461.515
-210.871,80.3141,447.03,-209.5,-83.1744,446.991,-244.043,105.094,459.095,-242.279,-109.511,459.536
-210.278,78.9692,444.142,-208.831,-81.8926,444.093,-241.559,104.227,456.441,-239.622,-108.793,457.044
-210.093,76.7482,439.325,-208.536,-79.8032,439.27,-238.406,102.985,452.615,-236.191,-107.837,453.502
0.13732,0.633932,11.3116,0.135267,-0.602403,11.2935,0.0151873,-0.00217417,0.27582,0.0151668,0.00236346,0.276269
-4.4192,2.73863,26.6793,-4.38981,-2.76257,26.6682,0.0224725,-0.00142016,0.327597,0.0224938,0.00175149,0.328265
-11.7468,6.62203,53.4204,-11.6715,-6.78238,53.4559,0.0358946,-0.000727585,0.429116,0.0359911,0.00120459,0.430309
-19.6586,10.3042,82.1391,-19.5341,-10.5684,82.1929,0.168733,0.0161218,0.851079,0.17043,-0.0137032,0.856056
-29.7569,15.1435,118.63,-29.5646,-15.5531,118.69,2.37533,1.6728,8.27368,2.38604,-1.67356,8.42708
-47.2343,23.6888,179.772,-46.9075,-24.3586,179.785,-14.9842,14.3344,80.2486,-14.8432,-14.5879,80.4862
-59.6286,29.4948,222.371,-59.2147,-30.3605,222.361,-29.6772,25.2994,144.698,-29.3729,-25.7575,144.899
-76.6358,37.2388,280.224,-76.0957,-38.3436,280.142,-51.8396,42.1967,244.139,-51.266,-42.9423,244.206
-96.4036,46.3096,346.896,-95.7176,-47.7033,346.739,-76.6129,61.0579,355.351,-75.7409,-62.1225,355.272
-118.274,56.3978,420.357,-117.426,-58.1084,420.115,-104.333,82.4627,481.969,-103.121,-83.8835,481.714
-143.07,67.688,502.074,-142.039,-69.7531,501.734,-135.125,106.296,622.976,-133.536,-108.108,622.519
-168.826,79.3958,587.556,-167.601,-81.8369,587.1,-168.961,133.36,782.827,-166.938,-135.595,782.119
-203.366,94.844,699.323,-201.889,-97.7823,698.716,-214.132,169.906,999.101,-211.522,-172.698,998.033
-228.113,105.593,776.967,-226.458,-108.887,776.246,-247.553,197.744,1163.96,-244.494,-200.939,1162.6
-251.187,126.81,879.754,-249.205,-130.46,878.933,-287.874,234.876,1383.46,-284.22,-238.552,1381.71
-240.934,106.143,754.431,-239.224,-109.644,753.558,-294.449,231.878,1373.42,-290.852,-235.602,1371.55
-233.454,100.051,700.483,-231.865,-103.434,699.773,-275.335,208.82,1216.09,-272.119,-212.385,1214.65
-225.424,93.4336,640.071,-223.965,-96.6917,639.55,-248.642,175.122,992.142,-246.102,-178.203,990.939
-221.639,89.7879,605.362,-220.25,-92.972,604.935,-231.999,156.479,873.758,-229.757,-159.417,872.838
-217.952,86.5698,575.232,-216.632,-89.658,574.879,-216.712,139.685,769.496,-214.693,-142.578,768.898
-213.234,83.2842,565.609,-211.96,-86.3377,565.358,-208.787,127.735,707.424,-206.933,-130.585,706.989
-213.092,80.992,558.9,-211.856,-84.05,558.681,-208.75,122.78,690.535,-206.974,-125.679,690.196
-214.407,79.7206,546.4,-213.194,-82.7973,546.208,-209.283,118.246,656.368,-207.577,-121.182,656.089
-216.111,78.8098,538.04,-214.915,-81.9101,537.869,-210.168,114.32,627.46,-208.519,-117.296,627.225
-217.87,78.2445,532.236,-216.684,-81.369,532.085,-212.31,111.376,605.498,-210.698,-114.414,605.294
-223.315,79.1041,533.574,-222.118,-82.3044,533.438,-219.348,111.085,596.368,-217.736,-114.257,596.185
-221.079,77.4991,519.634,-219.907,-80.6688,519.516,-219.552,107.651,572.341,-217.983,-110.866,572.188
-222.33,77.2332,514.953,-221.162,-80.423,514.85,-223.588,106.276,559.636,-222.034,-109.597,559.511
-223.61,77.0658,511.126,-222.443,-80.2741,511.033,-227.925,105.174,549.103,-226.379,-108.607,549.002
-224.699,76.8965,507.778,-223.532,-80.1182,507.692,-232.314,104.217,540.245,-230.774,-107.762,540.163
-225.402,76.7205,505.129,-224.235,-79.9478,505.043,-236.438,103.368,533.024,-234.9,-107.014,532.951
-225.997,76.5149,503.4,-224.83,-79.7441,503.311,-240.416,102.603,527.457,-238.879,-106.338,527.386
-226.473,76.3,502.086,-225.308,-79.5285,501.991,-244.114,101.938,522.95,-242.576,-105.747,522.875
-226.809,76.0902,501.839,-225.645,-79.3158,501.735,-247.362,101.368,519.9,-245.821,-105.235,519.816
-227.047,75.8855,502.292,-225.884,-79.1078,502.18,-250.085,100.893,517.885,-248.541,-104.804,517.79
-227.19,75.7084,504.088,-226.029,-78.9292,503.969,-252.247,100.535,517.156,-250.701,-104.477,517.051
-226.83,75.5818,506.813,-225.67,-78.7962,506.688,-253.214,100.251,517.113,-251.667,-104.203,516.999
-226.15,75.4967,508.018,-224.99,-78.7026,507.89,-253.069,100.14,515.567,-251.521,-104.085,515.45
-225.932,76.3438,441.741,-224.757,-79.5424,441.606,-249.219,99.1556,454.86,-247.68,-103.039,454.731
-227.1,78.1539,447.713,-225.895,-81.3629,447.569,-252.214,102.641,462.396,-250.621,-106.573,462.263
-226.791,79.4404,450.308,-225.566,-82.642,450.16,-253.077,104.085,465.494,-251.461,-108.045,465.363
-226.132,80.5705,451.682,-224.89,-83.7585,451.536,-253.201,104.883,466.755,-251.572,-108.865,466.636
-225.245,81.5471,452.303,-223.989,-84.7161,452.162,-252.79,105.238,466.822,-251.157,-109.235,466.721
-224.576,82.4375,452.644,-223.308,-85.5892,452.513,-252.093,105.319,466.004,-250.462,-109.326,465.926
-224.071,83.1379,452.632,-222.791,-86.2747,452.51,-251.365,105.289,464.665,-249.737,-109.295,464.612
-223.296,83.5314,451.892,-222.008,-86.6526,451.779,-249.998,104.818,462.591,-248.376,-108.806,462.562
-222.367,83.589,450.516,-221.07,-86.6986,450.415,-248.106,104.051,459.927,-246.493,-108.005,459.928
-221.501,83.2637,448.59,-220.195,-86.3714,448.506,-245.836,103.068,456.788,-244.234,-106.982,456.83
-220.476,82.3413,445.326,-219.162,-85.453,445.272,-242.845,101.795,452.508,-241.259,-105.65,452.611
0.0477836,0.6934,11.1769,0.0479229,-0.666316,11.1609,0.0153452,-0.00219706,0.275864,0.015324,0.00239267,0.276313
-4.5048,2.76841,26.6368,-4.47491,-2.79653,26.6286,0.02269,-0.00144786,0.327486,0.0227101,0.00179012,0.328152
-11.8762,6.65041,53.6322,-11.8005,-6.81441,53.6689,0.0359513,-0.000774129,0.42823,0.0360443,0.00126413,0.429413
-19.8392,10.3616,82.6065,-19.7138,-10.6298,82.6616,0.165119,0.0155515,0.842659,0.166736,-0.0131536,0.847474
-29.9981,15.2392,119.412,-29.805,-15.6535,119.474,2.33928,1.55344,7.81981,2.35291,-1.55141,7.95828
-47.5869,23.8591,181.045,-47.2608,-24.5404,181.068,-14.7806,14.2026,79.5588,-14.6476,-14.46,79.8224
-60.0863,29.719,224.019,-59.6705,-30.5948,224.011,-29.995,25.5006,145.959,-29.6883,-25.9642,146.161
-77.2195,37.5385,282.398,-76.6753,-38.6532,282.315,-52.2213,42.4695,245.751,-51.6445,-43.221,245.82
-97.1336,46.695,349.661,-96.4415,-48.0998,349.5,-77.1896,61.4869,357.872,-76.312,-62.559,357.79
-119.165,56.8782,423.78,-118.308,-58.6022,423.53,-105.125,83.0658,485.521,-103.905,-84.4959,485.259
-144.135,68.2733,506.224,-143.094,-70.3547,505.873,-136.155,107.093,627.684,-134.555,-108.916,627.217
-170.076,80.0943,592.502,-168.84,-82.5546,592.033,-170.248,134.371,788.816,-168.211,-136.618,788.092
-204.862,95.6872,705.29,-203.372,-98.6483,704.667,-215.775,171.229,1006.96,-213.148,-174.035,1005.87
-229.773,106.545,783.698,-228.103,-109.863,782.958,-249.442,199.307,1173.26,-246.362,-202.516,1171.87
-252.906,127.812,886.779,-250.909,-131.486,885.936,-290.089,236.784,1394.88,-286.41,-240.47,1393.09
-242.656,107.092,760.963,-240.933,-110.613,760.069,-296.681,233.905,1385.48,-293.059,-237.635,1383.57
-235.129,100.945,706.595,-233.528,-104.343,705.863,-277.322,210.579,1226.37,-274.084,-214.143,1224.9
-227.036,94.2401,645.51,-225.566,-97.5104,644.969,-250.478,176.585,1000.4,-247.921,-179.662,999.166
-223.267,90.5617,610.573,-221.869,-93.7593,610.13,-233.813,157.844,881.304,-231.557,-160.779,880.356
-219.53,87.2811,579.997,-218.204,-90.3812,579.63,-218.313,140.808,775.547,-216.283,-143.696,774.927
-214.802,83.953,570.118,-213.521,-87.0157,569.851,-210.372,128.766,712.936,-208.51,-131.613,712.483
-214.625,81.6047,563.151,-213.381,-84.6686,562.913,-210.277,123.73,695.677,-208.494,-126.626,695.324
-215.892,80.2681,550.425,-214.671,-83.3475,550.211,-210.752,119.104,661.085,-209.041,-122.037,660.795
-217.547,79.29,541.872,-216.343,-82.3903,541.678,-211.588,115.096,631.825,-209.936,-118.07,631.581
-219.255,78.6494,535.879,-218.063,-81.7717,535.703,-213.691,112.08,609.583,-212.079,-115.115,609.369
-224.676,79.4343,537.081,-223.473,-82.6303,536.918,-220.727,111.74,600.309,-219.116,-114.906,600.116
-222.382,77.7201,522.832,-221.205,-80.8825,522.685,-220.896,108.239,576.012,-219.329,-111.444,575.845
-223.653,77.3683,517.928,-222.482,-80.5476,517.792,-224.984,106.839,563.227,-223.432,-110.142,563.081
-225.019,77.1294,513.864,-223.851,-80.3253,513.737,-229.415,105.727,552.624,-227.872,-109.133,552.495
-226.283,76.9204,510.335,-225.117,-80.1299,510.211,-233.953,104.782,543.748,-232.416,-108.292,543.632
-227.228,76.7379,507.554,-226.063,-79.9557,507.433,-238.24,103.952,536.508,-236.705,-107.557,536.398
-228.106,76.5549,505.741,-226.943,-79.779,505.618,-242.36,103.199,530.901,-240.825,-106.892,530.793
-228.877,76.3811,504.37,-227.716,-79.61,504.246,-246.153,102.533,526.319,-244.618,-106.3,526.208
-229.506,76.2213,504.074,-228.347,-79.4532,503.946,-249.45,101.945,523.16,-247.915,-105.775,523.045
-230.027,76.0673,504.474,-228.87,-79.3015,504.342,-252.192,101.439,521.016,-250.656,-105.318,520.895
-230.449,75.9379,506.205,-229.294,-79.1758,506.07,-254.365,101.044,520.154,-252.828,-104.96,520.027
-230.367,75.8561,508.851,-229.213,-79.092,508.715,-255.363,100.722,519.987,-253.827,-104.654,519.856
-229.956,75.8121,509.963,-228.802,-79.0435,509.826,-255.271,100.569,518.326,-253.735,-104.498,518.195
-229.651,76.6528,443.516,-228.483,-79.8733,443.377,-251.124,99.4523,457.385,-249.599,-103.313,457.244
-231.101,78.5046,449.336,-229.906,-81.7415,449.19,-254.165,102.844,464.695,-252.589,-106.75,464.55
-231.07,79.8414,451.813,-229.855,-83.0772,451.664,-255.113,104.22,467.64,-253.512,-108.149,467.491
-230.686,81.0384,453.098,-229.454,-84.2682,452.949,-255.302,104.94,468.709,-253.686,-108.883,468.561
-230.07,82.1061,453.667,-228.822,-85.3261,453.518,-254.955,105.209,468.575,-253.332,-109.161,468.431
-229.655,83.1186,453.987,-228.393,-86.3314,453.842,-254.32,105.199,467.552,-252.694,-109.153,467.415
-229.367,83.981,453.986,-228.093,-87.1889,453.844,-253.659,105.071,466.015,-252.035,-109.023,465.887
-228.746,84.5936,453.302,-227.464,-87.7928,453.167,-252.382,104.512,463.766,-250.768,-108.445,463.646
-227.875,84.9559,452.064,-226.589,-88.1438,451.937,-250.605,103.671,460.963,-249.009,-107.569,460.855
-226.928,85.0619,450.41,-225.639,-88.2387,450.295,-248.468,102.64,457.742,-246.9,-106.486,457.647
-225.599,84.7436,447.61,-224.313,-87.9043,447.515,-245.605,101.344,453.43,-244.08,-105.106,453.352
0.00309561,0.723009,11.1099,0.00432521,-0.698142,11.095,0.0154242,-0.00220854,0.275886,0.0154026,0.00240731,0.276335
-4.54768,2.77858,26.616,-4.51759,-2.80876,26.6091,0.0227982,-0.00146171,0.32743,0.0228177,0.00180949,0.328095
-11.9414,6.66339,53.7404,-11.8654,-6.82921,53.7776,0.0359795,-0.000797667,0.427788,0.0360707,0.00129432,0.428965
-19.9296,10.39,82.8417,-19.8039,-10.6603,82.8974,0.163346,0.0152711,0.838504,0.164924,-0.0128825,0.843238
-30.1189,15.2872,119.804,-29.9254,-15.7039,119.868,2.31736,1.49568,7.60263,2.33227,-1.49232,7.73402
-47.7628,23.9456,181.687,-47.4364,-24.6314,181.712,-14.6697,14.138,79.1769,-14.5401,-14.3968,79.4511
-60.3146,29.8326,224.848,-59.8975,-30.7129,224.842,-30.1538,25.6032,146.591,-29.8458,-26.0695,146.793
-77.5102,37.6898,283.49,-76.9639,-38.8093,283.406,-52.4099,42.6057,246.554,-51.8315,-43.3599,246.622
-97.4969,46.889,351.049,-96.802,-48.2995,350.886,-77.4759,61.7013,359.131,-76.5955,-62.7769,359.048
-119.608,57.1195,425.496,-118.748,-58.8503,425.243,-105.519,83.3676,487.298,-104.295,-84.8021,487.033
-144.665,68.5671,508.304,-143.619,-70.6566,507.949,-136.668,107.492,630.041,-135.062,-109.321,629.569
-170.698,80.4448,594.981,-169.457,-82.9146,594.507,-170.889,134.877,791.814,-168.845,-137.13,791.083
-205.606,96.1105,708.282,-204.109,-99.0826,707.652,-216.594,171.891,1010.9,-213.957,-174.704,1009.79
-230.598,107.022,787.074,-228.921,-110.352,786.326,-250.381,200.09,1177.92,-247.29,-203.304,1176.51
-253.758,128.314,890.304,-251.754,-131.999,889.45,-291.188,237.738,1400.59,-287.495,-241.428,1398.78
-243.508,107.567,764.234,-241.778,-111.097,763.33,-297.786,234.917,1391.51,-294.15,-238.649,1389.57
-235.953,101.391,709.651,-234.345,-104.795,708.909,-278.301,211.457,1231.5,-275.052,-215.019,1230.01
-227.826,94.6415,648.227,-226.351,-97.9171,647.677,-251.382,177.313,1004.52,-248.816,-180.389,1003.27
-224.064,90.9473,613.18,-222.663,-94.1509,612.729,-234.708,158.525,885.076,-232.444,-161.458,884.114
-220.303,87.6356,582.383,-218.973,-90.7411,582.009,-219.1,141.368,778.568,-217.065,-144.253,777.938
-215.571,84.2869,572.38,-214.286,-87.3537,572.106,-211.154,129.281,715.693,-209.287,-132.126,715.232
-215.376,81.9106,565.286,-214.128,-84.977,565.039,-211.03,124.205,698.25,-209.245,-127.099,697.891
-216.618,80.5408,552.446,-215.393,-83.6211,552.222,-211.476,119.534,663.447,-209.763,-122.466,663.152
-218.246,79.5282,543.795,-217.038,-82.628,543.588,-212.287,115.484,634.011,-210.634,-118.457,633.761
-219.926,78.8492,537.704,-218.73,-81.9697,537.514,-214.37,112.432,611.627,-212.758,-115.465,611.408
-225.332,79.5966,538.833,-224.126,-82.7898,538.654,-221.406,112.067,602.28,-219.795,-115.23,602.081
-223.01,77.8289,524.425,-221.831,-80.9873,524.261,-221.56,108.533,577.848,-219.994,-111.733,577.674
-224.298,77.4375,519.409,-223.125,-80.6114,519.255,-225.677,107.122,565.023,-224.127,-110.415,564.866
-225.715,77.168,515.233,-224.546,-80.3581,515.086,-230.159,106.005,554.383,-228.618,-109.398,554.239
-227.076,76.945,511.621,-225.91,-80.1496,511.479,-234.772,105.065,545.492,-233.236,-108.557,545.358
-228.149,76.7646,508.785,-226.986,-79.9792,508.646,-239.135,104.242,538.233,-237.602,-107.827,538.105
-229.172,76.5961,506.937,-228.012,-79.8198,506.798,-243.319,103.493,532.596,-241.786,-107.164,532.469
-230.093,76.4442,505.541,-228.935,-79.6754,505.403,-247.154,102.822,527.966,-245.622,-106.57,527.838
-230.868,76.3091,505.222,-229.713,-79.5461,505.082,-250.473,102.223,524.746,-248.941,-106.034,524.615
-231.532,76.1792,505.594,-230.378,-79.421,505.454,-253.225,101.7,522.533,-251.693,-105.563,522.398
-232.093,76.072,507.293,-230.941,-79.3198,507.151,-255.406,101.285,521.601,-253.875,-105.189,521.464
-232.148,76.0107,509.902,-230.997,-79.2586,509.76,-256.426,100.943,521.373,-254.895,-104.866,521.234
-231.87,75.9859,510.973,-230.72,-79.2308,510.832,-256.366,100.771,519.657,-254.837,-104.693,519.519
-231.521,76.8244,444.451,-230.357,-80.056,444.308,-252.083,99.5913,458.607,-250.565,-103.443,458.461
-233.107,78.6954,450.204,-231.916,-81.9454,450.056,-255.156,102.939,465.816,-253.588,-106.838,465.665
-233.205,80.054,452.627,-231.994,-83.3046,452.477,-256.155,104.285,468.698,-254.563,-108.206,468.543
-232.945,81.278,453.867,-231.718,-84.5247,453.716,-256.387,104.97,469.688,-254.78,-108.904,469.532
-232.447,82.3813,454.401,-231.204,-85.6206,454.249,-256.083,105.202,469.476,-254.467,-109.143,469.318
-232.141,83.4416,454.698,-230.883,-86.6765,454.548,-255.49,105.151,468.375,-253.87,-109.096,468.22
-231.948,84.3688,454.684,-230.677,-87.6016,454.536,-254.874,104.981,466.766,-253.253,-108.925,466.614
-231.396,85.0713,454.007,-230.117,-88.2977,453.864,-253.65,104.382,464.456,-252.036,-108.312,464.307
-230.557,85.5619,452.808,-229.273,-88.7778,452.67,-251.936,103.504,461.612,-250.336,-107.408,461.467
-229.586,85.854,451.243,-228.299,-89.0577,451.113,-249.867,102.442,458.375,-248.29,-106.305,458.235
-228.143,85.8057,448.607,-226.858,-88.9901,448.489,-247.075,101.118,454.076,-245.532,-104.915,453.943
-0.0192275,0.737782,11.0765,-0.0174542,-0.714021,11.0621,0.0154637,-0.00221429,0.275897,0.0154419,0.00241463,0.276346
-4.56915,2.78244,26.6057,-4.53896,-2.81364,26.5995,0.0228522,-0.00146863,0.327402,0.0228714,0.00181919,0.328067
-11.9741,6.66958,53.7951,-11.8979,-6.8363,53.8325,0.0359936,-0.000809504,0.427568,0.036084,0.00130953,0.428741
-19.9748,10.4042,82.9597,-19.8489,-10.6754,83.0156,0.162467,0.0151322,0.83644,0.164026,-0.0127479,0.841134
-30.1794,15.3112,120.001,-29.9856,-15.7292,120.066,2.30548,1.46728,7.4964,2.32098,-1.46328,7.62435
-47.8506,23.9888,182.007,-47.524,-24.6766,182.033,-14.6123,14.1072,78.9774,-14.4842,-14.3666,79.2562
-60.4286,29.8897,225.264,-60.0108,-30.7721,225.258,-30.2332,25.6553,146.907,-29.9247,-26.123,147.111
-77.6554,37.7658,284.038,-77.1081,-38.8876,283.954,-52.5036,42.6738,246.954,-51.9244,-43.4293,247.022
-97.6783,46.9863,351.745,-96.982,-48.3997,351.581,-77.6184,61.8084,359.76,-76.7366,-62.8857,359.676
-119.829,57.2406,426.355,-118.967,-58.9748,426.101,-105.716,83.5184,488.186,-104.49,-84.955,487.92
-144.929,68.7144,509.346,-143.881,-70.808,508.989,-136.924,107.691,631.22,-135.316,-109.523,630.745
-171.009,80.6205,596.222,-169.765,-83.095,595.746,-171.209,135.13,793.313,-169.161,-137.387,792.579
-205.977,96.3227,709.78,-204.477,-99.3002,709.148,-217.002,172.222,1012.86,-214.36,-175.038,1011.76
-231.009,107.262,788.766,-229.329,-110.597,788.014,-250.849,200.48,1180.24,-247.753,-203.698,1178.83
-254.182,128.566,892.069,-252.175,-132.257,891.211,-291.735,238.214,1403.45,-288.035,-241.906,1401.62
-243.931,107.804,765.871,-242.197,-111.339,764.963,-298.335,235.423,1394.52,-294.692,-239.156,1392.58
-236.362,101.614,711.18,-234.75,-105.021,710.432,-278.787,211.894,1234.06,-275.532,-215.456,1232.57
-228.217,94.8417,649.585,-226.739,-98.1198,649.031,-251.83,177.677,1006.58,-249.26,-180.751,1005.33
-224.458,91.1397,614.484,-223.055,-94.3462,614.03,-235.152,158.865,886.961,-232.884,-161.796,885.993
-220.685,87.8125,583.577,-219.353,-90.9207,583.2,-219.49,141.648,780.078,-217.453,-144.531,779.443
-215.951,84.4536,573.513,-214.664,-87.5225,573.235,-211.542,129.539,717.073,-209.673,-132.382,716.608
-215.747,82.0633,566.356,-214.497,-85.131,566.105,-211.404,124.443,699.537,-209.617,-127.336,699.175
-216.976,80.6768,553.459,-215.748,-83.7575,553.23,-211.836,119.749,664.63,-210.121,-122.68,664.332
-218.589,79.6467,544.759,-217.379,-82.7462,544.545,-212.634,115.679,635.105,-210.98,-118.651,634.853
-220.255,78.9483,538.617,-219.056,-82.0679,538.42,-214.707,112.608,612.65,-213.094,-115.641,612.429
-225.653,79.6769,539.708,-224.445,-82.8686,539.522,-221.743,112.231,603.267,-220.132,-115.393,603.065
-223.317,77.8827,525.22,-222.137,-81.039,525.048,-221.889,108.681,578.767,-220.324,-111.878,578.589
-224.614,77.4723,520.149,-223.44,-80.6436,519.985,-226.023,107.264,565.922,-224.473,-110.552,565.76
-226.059,77.1888,515.917,-224.89,-80.3763,515.761,-230.531,106.145,555.263,-228.99,-109.53,555.112
-227.471,76.9605,512.267,-226.305,-80.163,512.115,-235.181,105.208,546.363,-233.645,-108.691,546.22
-228.61,76.7824,509.406,-227.448,-79.9961,509.258,-239.581,104.388,539.093,-238.048,-107.962,538.955
-229.707,76.6223,507.542,-228.548,-79.8462,507.395,-243.795,103.639,533.438,-242.263,-107.3,533.301
-230.703,76.4817,506.135,-229.546,-79.7146,505.989,-247.65,102.965,528.781,-246.119,-106.703,528.644
-231.552,76.359,505.803,-230.398,-79.5989,505.658,-250.979,102.36,525.528,-249.449,-106.162,525.39
-232.286,76.2408,506.163,-231.134,-79.4869,506.017,-253.735,101.828,523.279,-252.205,-105.684,523.138
-232.917,76.1443,507.846,-231.766,-79.3974,507.7,-255.922,101.403,522.313,-254.393,-105.301,522.17
-233.041,76.0929,510.437,-231.891,-79.3471,510.292,-256.953,101.052,522.054,-255.426,-104.969,521.91
-232.829,76.0774,511.488,-231.68,-79.3293,511.345,-256.912,100.869,520.311,-255.386,-104.788,520.17
-232.457,76.9151,444.93,-231.295,-80.1523,444.786,-252.563,99.6594,459.21,-251.049,-103.507,459.061
-234.111,78.7952,450.652,-232.921,-82.0515,450.503,-255.654,102.986,466.371,-254.091,-106.882,466.217
-234.271,80.1638,453.05,-233.062,-83.4212,452.898,-256.681,104.318,469.224,-255.093,-108.236,469.066
-234.07,81.3997,454.266,-232.844,-84.6539,454.114,-256.936,104.986,470.179,-255.333,-108.917,470.019
-233.626,82.5185,454.781,-232.385,-85.7659,454.629,-256.656,105.201,469.932,-255.044,-109.139,469.77
-233.371,83.5994,455.063,-232.115,-86.8433,454.911,-256.087,105.131,468.798,-254.47,-109.074,468.636
-233.221,84.555,455.039,-231.952,-87.7976,454.889,-255.495,104.941,467.159,-253.876,-108.885,466.997
-232.703,85.2975,454.361,-231.425,-88.5345,454.214,-254.3,104.322,464.824,-252.685,-108.256,464.664
-231.881,85.8459,453.174,-230.597,-89.073,453.031,-252.617,103.425,461.965,-251.013,-107.339,461.806
-230.902,86.223,451.644,-229.614,-89.438,451.506,-250.584,102.345,458.725,-248.996,-106.228,458.568
-229.413,86.2999,449.073,-228.125,-89.4954,448.943,-247.828,101.003,454.438,-246.266,-104.836,454.284
-0.0303837,0.74516,11.0598,-0.028339,-0.721952,11.0457,0.0154835,-0.00221717,0.275903,0.0154615,0.0024183,0.276351
-4.57989,2.78406,26.6006,-4.54965,-2.81578,26.5947,0.0228792,-0.00147209,0.327388,0.0228982,0.00182404,0.328053
-11.9904,6.6726,53.8226,-11.9142,-6.83977,53.8601,0.0360006,-0.000815439,0.427457,0.0360905,0.00131716,0.42863
-19.9975,10.4112,83.0188,-19.8715,-10.683,83.0749,0.16203,0.015063,0.835411,0.163579,-0.0126808,0.840086
-30.2096,15.3232,120.1,-30.0157,-15.7418,120.165,2.29932,1.45321,7.44386,2.3151,-1.44889,7.57011
-47.8945,24.0104,182.167,-47.5676,-24.699,182.194,-14.5832,14.0924,78.8757,-14.4558,-14.352,79.1566
-60.4855,29.9183,225.473,-60.0674,-30.8017,225.466,-30.273,25.6817,147.066,-29.9641,-26.15,147.269
-77.7279,37.8039,284.313,-77.1801,-38.9269,284.228,-52.5503,42.7079,247.154,-51.9708,-43.464,247.222
-97.7689,47.0352,352.093,-97.0719,-48.45,351.929,-77.6895,61.862,360.074,-76.807,-62.9401,359.99
-119.939,57.3013,426.785,-119.077,-59.0372,426.531,-105.814,83.5938,488.629,-104.587,-85.0314,488.363
-145.061,68.7881,509.867,-144.012,-70.8838,509.51,-137.052,107.791,631.809,-135.442,-109.624,631.333
-171.164,80.7085,596.843,-169.919,-83.1853,596.366,-171.368,135.257,794.063,-169.319,-137.515,793.327
-206.163,96.4289,710.53,-204.661,-99.4091,709.896,-217.206,172.388,1013.85,-214.562,-175.205,1012.74
-231.214,107.381,789.612,-229.532,-110.719,788.858,-251.083,200.676,1181.4,-247.983,-203.895,1179.98
-254.394,128.692,892.953,-252.385,-132.385,892.093,-292.007,238.452,1404.87,-288.304,-242.145,1403.04
-244.141,107.923,766.69,-242.406,-111.46,765.78,-298.609,235.676,1396.03,-294.962,-239.409,1394.08
-236.565,101.725,711.944,-234.952,-105.133,711.194,-279.029,212.113,1235.35,-275.771,-215.675,1233.84
-228.411,94.9417,650.264,-226.932,-98.221,649.708,-252.053,177.858,1007.61,-249.48,-180.932,1006.35
-224.654,91.2358,615.136,-223.25,-94.4437,614.68,-235.373,159.035,887.904,-233.103,-161.966,886.933
-220.874,87.9008,584.175,-219.542,-91.0103,583.796,-219.685,141.788,780.833,-217.645,-144.67,780.195
-216.139,84.5369,574.081,-214.852,-87.6068,573.801,-211.735,129.668,717.763,-209.865,-132.511,717.296
-215.931,82.1396,566.892,-214.68,-85.2079,566.639,-211.59,124.562,700.181,-209.802,-127.455,699.818
-217.153,80.7447,553.967,-215.925,-83.8256,553.734,-212.015,119.856,665.222,-210.299,-122.787,664.923
-218.759,79.7058,545.241,-217.548,-82.8052,545.024,-212.807,115.776,635.653,-211.152,-118.749,635.4
-220.417,78.9976,539.074,-219.217,-82.1168,538.873,-214.875,112.697,613.162,-213.261,-115.729,612.939
-225.812,79.7168,540.146,-224.602,-82.9078,539.955,-221.911,112.313,603.761,-220.299,-115.474,603.557
-223.469,77.9094,525.618,-222.287,-81.0647,525.441,-222.053,108.755,579.228,-220.488,-111.95,579.047
-224.77,77.4898,520.518,-223.596,-80.6598,520.35,-226.196,107.336,566.372,-224.645,-110.621,566.207
-226.23,77.1996,516.259,-225.061,-80.3859,516.098,-230.717,106.216,555.703,-229.176,-109.597,555.548
-227.668,76.969,512.591,-226.503,-80.1706,512.434,-235.385,105.279,546.798,-233.85,-108.758,546.651
-228.841,76.7925,509.718,-227.679,-80.0058,509.565,-239.804,104.46,539.522,-238.271,-108.03,539.379
-229.975,76.6367,507.846,-228.816,-79.8609,507.696,-244.032,103.712,533.857,-242.501,-107.368,533.716
-231.009,76.502,506.433,-229.853,-79.7358,506.285,-247.896,103.037,529.187,-246.366,-106.769,529.045
-231.895,76.3854,506.096,-230.741,-79.627,505.948,-251.23,102.428,525.917,-249.701,-106.226,525.775
-232.664,76.2731,506.449,-231.513,-79.5213,506.301,-253.989,101.892,523.65,-252.46,-105.743,523.506
-233.33,76.1818,508.124,-232.18,-79.4377,507.976,-256.178,101.462,522.666,-254.651,-105.356,522.521
-233.488,76.1353,510.706,-232.339,-79.3926,510.56,-257.215,101.105,522.391,-255.69,-105.02,522.246
-233.309,76.1243,511.748,-232.16,-79.3797,511.604,-257.183,100.918,520.636,-255.659,-104.835,520.493
-232.926,76.9618,445.173,-231.764,-80.2017,445.028,-252.803,99.6931,459.509,-251.291,-103.539,459.359
-234.612,78.8464,450.88,-233.423,-82.1057,450.73,-255.904,103.009,466.647,-254.342,-106.904,466.492
-234.803,80.2198,453.265,-233.595,-83.4803,453.112,-256.944,104.335,469.486,-255.359,-108.251,469.327
-234.63,81.4612,454.47,-233.405,-84.7188,454.317,-257.212,104.995,470.425,-255.612,-108.925,470.263
-234.214,82.5871,454.975,-232.973,-85.8382,454.821,-256.944,105.201,470.161,-255.335,-109.139,469.998
-233.983,83.6775,455.248,-232.727,-86.9253,455.096,-256.388,105.122,469.012,-254.773,-109.064,468.847
-233.854,84.6462,455.218,-232.585,-87.8931,455.067,-255.808,104.922,467.359,-254.19,-108.867,467.194
-233.352,85.4075,454.538,-232.074,-88.6492,454.39,-254.628,104.294,465.014,-253.013,-108.231,464.849
-232.538,85.9833,453.355,-231.254,-89.2153,453.21,-252.962,103.387,462.148,-251.355,-107.308,461.983
-231.557,86.4008,451.84,-230.268,-89.621,451.699,-250.945,102.297,458.908,-249.351,-106.193,458.744
-230.047,86.5377,449.298,-228.758,-89.7386,449.162,-248.208,100.945,454.628,-246.634,-104.799,454.465
11.1263,-7.24597,30.5745,10.9261,7.94854,30.1935,-0.00419432,-0.000479375,0.271164,-0.00411143,-0.000154736,0.271715
3.89364,-27.0713,39.9586,3.54455,27.3801,39.2529,-0.011028,-0.00171557,0.338664,-0.0108024,0.000591273,0.339186
5.89922,5.16592,23.7993,6.34475,-4.2163,22.3967,-0.0148985,0.00390286,0.526936,-0.0140259,-0.00752706,0.528961
3.52643,5.20063,33.8233,3.63274,-4.94241,33.7078,1.55212,0.628305,3.90855,1.61402,-0.707382,4.0215
3.2167,3.59227,32.1426,3.32423,-3.38362,31.7666,-5.75515,20.2186,94.4691,-5.24308,-20.1419,93.7619
-1.51291,38.1355,135.224,-3.32706,-41.9894,142.803,5.86144,-51.9148,65.6682,5.85519,53.0267,67.0747
-0.0227613,-0.0114015,0.0548907,-0.0199169,0.0108381,0.0500481,-188.069,369.449,557.552,-169.164,-338.141,473.328
5.04883e+06,1.80127e+06,6.70067e+06,2.2904e+06,-821931,3.04177e+06,0.000463478,-0.000827919,0.00361619,0.000551029,0.000903774,0.00375984
5.53989,-3.22166,20.4639,5.43901,3.57455,20.2769,0.00559566,-0.00116089,0.273175,0.00563106,0.000941066,0.27367
0.19646,-9.60452,31.2699,0.16096,9.93155,30.6524,0.0071811,-0.000825561,0.333032,0.00730977,0.000468362,0.333745
-5.61178,0.685237,48.5971,-5.46053,-0.536798,47.9809,0.0298432,-0.0012753,0.480487,0.0303161,0.00143966,0.481739
-9.74576,6.09258,60.7468,-9.55839,-6.07956,60.2882,0.590844,0.0936791,1.68091,0.59777,-0.0824164,1.68976
-15.2084,9.72127,77.6167,-14.9507,-9.80892,77.0815,-3.19161,11.3161,51.3543,-3.05188,-11.2907,51.244
-25.6688,29.5399,156.107,-25.9788,-31.1038,158.423,2.41055,-23.2359,32.1873,2.30534,23.4388,32.8693
-29.5881,-0.114142,61.1843,-27.7153,3.31698,53.0292,-28.6112,43.6266,117.156,-26.8817,-41.1968,107.769
-36.9476,18.0794,145.134,-35.8478,-16.8788,142.551,-26.6661,30.4905,142.017,-25.7289,-30.6533,140.302
-48.2454,28.421,203.453,-48.3664,-29.6424,205.821,-30.0396,29.9724,169.551,-30.1409,-31.3437,172.853
-61.603,34.8524,245.565,-62.1546,-37.076,249.531,-43.8697,38.9332,231.44,-44.118,-40.7013,236.039
-78.0013,40.2972,285.63,-78.5776,-42.8919,289.911,-62.9926,52.2412,310.616,-63.0603,-54.3574,315.493
-94.0055,45.5716,326.242,-94.1834,-48.1265,329.689,-83.164,67.0865,397.884,-82.8397,-69.7289,402.561
-112.82,52.9951,381.346,-112.337,-55.4852,383.41,-105.348,83.161,496.705,-104.514,-86.6652,501.085
-122.922,55.7438,410.167,-121.93,-58.4505,411.017,-120.082,93.4115,563.59,-118.762,-97.6894,567.038
-136.321,71.3642,486.996,-134.815,-74.6164,487.208,-136.077,107.022,649.51,-134.255,-112.067,651.977
-123.774,44.6992,359.089,-122.712,-48.2774,359.002,-143.413,99.7045,612.453,-141.396,-104.494,612.44
-120.003,34.9578,310.828,-119.605,-39.4485,311.805,-143.58,94.9083,567.816,-141.529,-99.1182,566.135
-116.509,30.9559,290.525,-117.173,-36.8592,293.981,-131.86,81.8335,474.165,-130.68,-85.2569,473.382
-110.631,32.2492,298,-112.823,-39.7744,305.488,-116.854,72.636,413.885,-116.882,-75.8636,416.647
-116.433,36.5471,334.543,-119.22,-44.1037,344.333,-109.693,66.5288,371.949,-110.793,-71.1788,379.984
-148.242,46.4363,437.073,-148.593,-51.0279,443.307,-117.947,64.3982,348.873,-118.88,-73.8386,362.078
-282.924,61.3293,719.878,-281.602,-72.4136,724.629,-192.587,87.1259,380.659,-192.875,-107.858,399.071
-807.655,100.301,2026.83,-815.294,-176.044,2067.21,-388.128,141.444,516.439,-401.92,-189.354,555.432
-1805.02,442.316,12864.2,-1893.72,-1171.12,13479.1,-1313.93,262.895,1674.98,-1355.82,-377.574,1759.28
-8.37689e-05,9.63575e-07,0.000363618,-7.92421e-05,-5.65691e-07,0.000350679,-0.00062877,-0.000324076,0.00142976,-0.000442882,0.000210658,0.00110064
2.73892,-1.21048,15.5747,2.69017,1.39472,15.4771,0.0105516,-0.00161189,0.274486,0.0105601,0.00160293,0.274959
-2.07158,-1.67699,28.4089,-2.06011,1.82041,28.1528,0.0155357,-0.000901385,0.330446,0.0156153,0.000893343,0.331169
-8.48171,4.47437,49.626,-8.39131,-4.5006,49.4611,0.033907,-0.000316628,0.454764,0.0341848,0.00047202,0.456172
-14.6555,8.36943,70.2771,-14.5165,-8.49752,70.1502,0.315742,0.0386981,1.16244,0.320701,-0.0351407,1.17213
-22.8213,12.528,97.6111,-22.6104,-12.7838,97.4374,-0.0344697,6.29962,29.0497,-0.0331034,-6.36362,29.3586
-36.8047,25.2333,164.201,-36.6803,-26.1164,165.03,-7.83164,-2.53047,59.596,-7.87598,2.20071,60.4667
-45.3942,26.0704,182.4,-45.0281,-26.7574,182.394,-18.274,14.2529,102.947,-18.1202,-14.6225,103.358
-57.5693,29.5376,216.799,-57.0255,-30.2613,216.343,-38.6478,31.8575,192.46,-38.1078,-32.4105,192.175
-72.0321,34.9604,261.954,-71.3409,-35.858,261.256,-58.844,48.0177,282.926,-58.0032,-48.8361,282.32
-88.2598,41.709,314.535,-87.4392,-42.8492,313.738,-80.4053,65.0825,381.66,-79.2687,-66.2058,380.849
-107.171,49.6694,374.521,-106.229,-51.0916,373.722,-103.787,83.4019,488.767,-102.353,-84.8504,487.84
-127.187,57.9489,436.95,-126.142,-59.6585,436.211,-129.529,104.29,610.566,-127.763,-106.053,609.529
-154.769,69.2689,520.124,-153.594,-71.3442,519.484,-163.614,131.974,772.163,-161.405,-134.086,770.913
-175.988,77.4059,578.458,-174.739,-79.7167,577.94,-189.709,153.227,895.627,-187.146,-155.497,894.103
-198.986,98.2071,677.305,-197.452,-100.71,676.851,-219.361,179.904,1050.05,-216.344,-182.324,1048.16
-190.121,78.5672,565.093,-188.834,-80.8276,564.555,-225.35,173.296,1019.13,-222.444,-175.63,1017.21
-181.448,73.4259,518.595,-180.245,-75.3347,518.206,-211.447,156.034,904.944,-208.878,-158.211,903.817
-173.154,69.2758,474.289,-171.989,-70.8275,473.977,-188.542,129.643,736.27,-186.58,-131.4,735.6
-170.59,67.4962,450.098,-169.543,-69.0797,450.01,-173.621,114.405,642.161,-171.906,-116.01,641.683
-171.056,66.6824,435.67,-170.077,-68.3282,435.666,-165.579,104.597,580.277,-163.935,-106.218,579.839
-170.214,65.4137,438.21,-169.227,-67.1536,438.218,-160.271,96.2631,537.89,-158.696,-97.9014,537.409
-172.327,64.5714,440.082,-171.239,-66.3063,439.877,-162.073,93.5988,531.544,-160.441,-95.3281,530.892
-171.935,63.7647,429.514,-170.675,-65.3046,428.985,-163.004,90.8907,508.638,-161.309,-92.6642,507.827
-171.506,63.2704,421.779,-170.123,-64.6894,421.035,-163.884,88.407,488.88,-162.146,-90.2135,487.96
-172.987,63.7307,418.761,-171.541,-65.1937,417.964,-166.397,86.9069,474.346,-164.649,-88.8332,473.435
-178.369,65.8371,422.085,-176.867,-67.4493,421.304,-172.995,87.5078,468.63,-171.233,-89.6758,467.803
-177.743,66.4358,414.46,-176.201,-68.0617,413.694,-174.202,85.6185,451.476,-172.474,-87.9559,450.749
-179.509,68.3061,413.79,-177.928,-70.0255,413.066,-177.714,84.939,441.37,-176.026,-87.5394,440.771
-181.01,70.5957,414.696,-179.385,-72.3841,414.011,-180.89,84.2205,432.621,-179.255,-87.1069,432.151
-181.414,72.8932,416.203,-179.743,-74.7197,415.538,-182.771,83.0612,423.867,-181.212,-86.2494,423.517
-180.483,74.8929,418.335,-178.76,-76.6915,417.644,-183.304,81.5547,415.668,-181.835,-85.037,415.409
-178.605,76.2839,420.786,-176.819,-77.9601,419.995,-183.231,79.8909,408.577,-181.863,-83.6394,408.359
-176.156,76.9844,422.792,-174.295,-78.4204,421.81,-183.37,78.3717,402.63,-182.114,-82.3505,402.395
-173.348,77.0332,424.98,-171.397,-78.0965,423.706,-184.177,77.126,398.505,-183.053,-81.3142,398.207
-170.395,76.628,427.279,-168.333,-77.1787,425.606,-185.793,76.1186,395.725,-184.843,-80.5386,395.342
-167.276,76.0539,430.888,-165.068,-75.9244,428.698,-187.949,75.257,394.392,-187.236,-79.987,393.941
-163.499,75.6264,436.146,-161.092,-74.5981,433.305,-189.559,74.5133,393.978,-189.158,-79.6627,393.519
-159.433,75.5977,441.216,-156.78,-73.434,437.591,-190.823,74.366,392.838,-190.859,-80.0743,392.507
-162.268,78.8443,383.109,-159.355,-75.58,378.714,-195.407,76.5437,336.901,-196.524,-83.6234,337.049
-157.442,81.034,395.581,-154.434,-76.4958,390.47,-200.682,83.165,349.36,-203.191,-91.0933,350.437
-149.554,81.9193,401.73,-146.539,-75.7437,395.861,-204.041,88.9227,358.336,-209.013,-97.4583,361.101
-139.48,81.302,402.135,-136.573,-73.3397,395.665,-207.703,97.4412,368.076,-217.221,-107.314,374.539
-128.118,79.2709,396.543,-125.289,-69.3556,389.482,-210.289,112.219,378.276,-228.526,-125.668,392.667
-118.021,76.6738,386.812,-115.016,-64.3601,378.76,-206.261,142.27,386.688,-243.015,-164.284,418.345
-112.023,74.8508,375.082,-107.926,-58.4352,364.327,-174.042,212.712,389.612,-256.832,-250.519,460.261
-114.365,75.5073,364.105,-106.49,-51.3096,346.339,-49.975,308.638,391.722,-238.431,-352.799,532.818
-133.194,84.383,358.29,-104.372,-49.6456,320.683,424909,115513,550414,13100.3,-260930,326573
-162.65,104.509,355.456,-137.558,-52.7297,304.184,109600,30921.6,142349,173.118,-577.601,777.347
-132.364,94.932,330.255,-121.897,-52.8008,263.233,-67.6735,-83.5309,134.538,-18.3462,161.008,202.889
1.3406,-0.213656,13.2374,1.318,0.31586,13.1821,0.0130288,-0.00189433,0.275186,0.0130226,0.00199073,0.275647
-3.29527,1.33256,27.3438,-3.2691,-1.28149,27.2413,0.0193717,-0.00112782,0.328992,0.0194223,0.0012943,0.329696
-10.1003,5.91397,51.0551,-10.0221,-6.01355,51.0312,0.0350672,-0.00035698,0.441189,0.0352509,0.000622024,0.442539
-17.2391,9.44762,76.0805,-17.1134,-9.64786,76.0776,0.226799,0.0249438,0.980226,0.230025,-0.0224867,0.987758
-26.483,13.876,108.294,-26.2879,-14.2137,108.27,1.7419,3.71968,17.0361,1.71201,-3.77858,17.3942
-42.343,23.1365,168.165,-42.0165,-23.7097,168.214,-13.9236,10.6583,77.2942,-13.7437,-10.8981,77.4248
-53.0388,27.3502,202.239,-52.6353,-28.0902,202.195,-24.6189,21.1057,125.858,-24.3767,-21.5313,126.166
-67.9499,33.4387,250.432,-67.4372,-34.3889,250.287,-45.8907,37.7503,220.498,-45.3434,-38.4164,220.474
-85.3841,40.9671,307.617,-84.7451,-42.1753,307.394,-68.3394,55.0108,320.998,-67.5025,-55.9654,320.779
-104.757,49.5453,371.404,-103.977,-51.0341,371.115,-93.1916,74.2848,434.323,-92.0343,-75.5686,433.922
-126.932,59.2941,442.913,-125.993,-61.0898,442.561,-120.631,95.5648,559.704,-119.123,-97.2095,559.128
-150.052,69.4351,517.638,-148.949,-71.5491,517.221,-150.733,119.741,701.903,-148.825,-121.766,701.119
-181.229,82.9693,615.922,-179.908,-85.4986,615.424,-190.605,151.984,892.023,-188.164,-154.496,890.952
-203.895,92.3907,683.82,-202.42,-95.2,683.27,-220.372,176.544,1036.89,-217.513,-179.383,1035.55
-226.341,113.134,783.498,-224.542,-116.209,782.897,-255.608,208.722,1225.7,-252.209,-211.937,1224.04
-216.3,93.0169,664.283,-214.766,-95.921,663.622,-261.917,204.083,1206.45,-258.589,-207.29,1204.68
-209.013,87.5495,614.993,-207.595,-90.3078,614.51,-245.958,184.333,1071.9,-242.975,-187.387,1070.63
-201.593,82.1383,563.105,-200.275,-84.736,562.782,-221.478,154.461,875.134,-219.131,-157.057,874.132
-198.038,79.1533,532.384,-196.784,-81.6835,532.166,-205.394,137.187,766.913,-203.32,-139.651,766.186
-195.654,76.9266,508.927,-194.46,-79.4132,508.789,-193.268,123.596,682.585,-191.355,-126.054,682.099
-191.954,74.4216,503.933,-190.794,-76.9267,503.898,-186.037,113.049,628.591,-184.264,-115.491,628.238
-192.831,72.9141,501.264,-191.667,-75.4473,501.213,-186.9,109.164,616.624,-185.161,-111.695,616.316
-194.468,72.271,491.207,-193.267,-74.81,491.101,-188.065,105.69,587.986,-186.352,-108.304,587.702
-196.038,71.8867,484.31,-194.794,-74.4268,484.141,-189.235,102.587,563.457,-187.535,-105.27,563.168
-197.708,71.9504,479.878,-196.423,-74.5093,479.666,-191.557,100.343,544.942,-189.859,-103.112,544.647
-202.995,73.5249,481.977,-201.661,-76.1825,481.75,-198.44,100.507,537.488,-196.718,-103.443,537.205
-201.579,73.2221,471.361,-200.235,-75.8924,471.146,-199.241,97.8701,516.914,-197.547,-100.9,516.671
-203.166,74.221,469.223,-201.811,-76.9888,469.057,-203.047,96.8596,505.405,-201.375,-100.076,505.245
-204.465,75.3991,468.489,-203.1,-78.2572,468.383,-206.694,95.943,495.691,-205.051,-99.3731,495.632
-204.797,76.4052,468.123,-203.423,-79.3298,468.071,-209.569,94.8374,486.742,-207.963,-98.487,486.788
-203.965,77.0712,468.166,-202.585,-80.019,468.147,-211.633,93.6242,478.976,-210.065,-97.4702,479.107
-202.389,77.2694,468.572,-201.003,-80.1901,468.552,-213.468,92.4227,472.763,-211.934,-96.4218,472.94
-200.343,77.0414,468.797,-198.949,-79.884,468.736,-215.492,91.4105,467.855,-213.984,-95.5079,468.036
-197.993,76.4884,469.631,-196.589,-79.2088,469.496,-217.814,90.6486,464.771,-216.325,-94.7925,464.919
-195.509,75.7611,471.003,-194.092,-78.3286,470.768,-220.377,90.1182,463.025,-218.906,-94.2765,463.118
-192.891,75.0234,473.92,-191.455,-77.4154,473.565,-222.931,89.7928,462.783,-221.481,-93.963,462.816
-189.696,74.4213,478.351,-188.225,-76.6043,477.855,-224.505,89.6404,463.468,-223.081,-93.8403,463.455
-186.203,74.0389,482.133,-184.675,-75.9724,481.475,-225.204,89.9215,463.166,-223.81,-94.21,463.148
-187.003,75.6119,420.392,-185.39,-77.3768,419.575,-226.921,91.206,406.23,-225.637,-95.8135,406.281
-184.312,77.1506,430.444,-182.632,-78.6133,429.497,-231.78,96.6076,417.988,-230.576,-101.523,418.227
-179.231,77.6901,435.685,-177.526,-78.7541,434.655,-234.593,100.115,425.692,-233.61,-105.319,426.266
-172.727,77.2423,437.419,-171.052,-77.8434,436.407,-237.66,103.986,433.52,-237.074,-109.524,434.728
-165.285,75.7416,435.691,-163.653,-75.8332,434.764,-241.094,108.984,442.087,-241.099,-114.968,444.382
-158.351,73.4626,431.539,-156.706,-73.0496,430.678,-244.826,116.381,451.545,-245.645,-123.008,455.631
-153.042,70.5972,425.415,-151.23,-69.7409,424.442,-247.99,128.555,461.956,-249.97,-135.982,468.991
-150.081,67.3329,416.749,-147.819,-66.1757,415.249,-247.363,149.539,473,-251.586,-157.412,485.045
-150.607,64.203,404.668,-147.36,-62.9627,401.843,-237.181,188.156,486.587,-248.343,-194.081,507.575
-155.853,62.7353,387.813,-150.422,-61.4499,382.017,-197.121,254.806,510.597,-235.94,-249.669,547.154
-167.93,66.2683,365.422,-158.106,-63.8704,353.419,-62.3055,312.038,559.875,-206.568,-277.24,614.098
0.645999,0.275657,12.1161,0.636122,-0.213632,12.0815,0.0142662,-0.00205185,0.275544,0.0142522,0.00220096,0.275999
-3.93326,2.33552,26.9252,-3.90314,-2.32784,26.8812,0.0211812,-0.00128845,0.328204,0.0212162,0.00154568,0.328891
-11.013,6.3865,52.2559,-10.937,-6.52078,52.2733,0.0355748,-0.000532289,0.4343,0.035712,0.000902128,0.435577
-18.6038,9.94583,79.4169,-18.4796,-10.1822,79.4526,0.191766,0.01965,0.903494,0.194127,-0.0173093,0.909641
-28.338,14.5822,114.056,-28.146,-14.9605,114.087,2.33714,2.48713,11.5393,2.32509,-2.51815,11.8047
-45.1292,22.9541,173.112,-44.7788,-23.5295,173.033,-15.4657,14.4085,81.8022,-15.2713,-14.6384,81.8675
-56.8531,28.3309,213.061,-56.4389,-29.1243,213.009,-27.6732,23.939,136.969,-27.3847,-24.3739,137.174
-73.0427,35.5365,267.432,-72.5222,-36.5778,267.35,-49.3977,40.4492,234.164,-48.8379,-41.1616,234.21
-91.8776,44.0403,330.367,-91.2272,-45.3668,330.244,-73.0592,58.4526,340.25,-72.2127,-59.475,340.163
-112.735,53.5269,399.796,-111.934,-55.1569,399.613,-99.5109,78.8613,460.898,-98.337,-80.2311,460.655
-136.446,64.174,477.135,-135.473,-66.1368,476.873,-128.876,101.562,595.102,-127.337,-103.314,594.681
-161.068,75.2092,557.929,-159.911,-77.5225,557.569,-161.135,127.359,747.333,-159.175,-129.524,746.69
-194.12,89.8161,663.76,-192.72,-92.5935,663.269,-204.064,162.022,952.313,-201.538,-164.731,951.355
-217.861,99.9488,737,-216.287,-103.058,736.409,-235.911,188.411,1108.52,-232.948,-191.518,1107.29
-240.53,120.892,838.185,-238.624,-124.337,837.507,-274.073,223.407,1314.92,-270.536,-226.993,1313.37
-230.237,100.478,715.563,-228.599,-103.784,714.825,-280.49,219.699,1301.06,-277.009,-223.341,1299.38
-222.902,94.6665,663.846,-221.382,-97.8729,663.276,-262.795,198.196,1154.17,-259.673,-201.698,1152.91
-215.18,88.5595,607.302,-213.777,-91.6474,606.908,-237.061,166.25,942.28,-234.593,-169.276,941.233
-211.355,85.1451,574.137,-210.013,-88.1592,573.827,-220.603,148.208,828.283,-218.421,-151.098,827.505
-208.046,82.3225,546.783,-206.767,-85.2613,546.544,-206.62,132.823,732.745,-204.635,-135.68,732.252
-203.511,79.3312,538.913,-202.275,-82.2561,538.78,-198.88,121.452,674.029,-197.051,-124.268,673.681
-203.656,77.386,533.865,-202.447,-80.3312,533.757,-199.193,116.964,659.284,-197.426,-119.841,659.014
-205.209,76.4707,522.65,-204.009,-79.4465,522.555,-200.066,112.947,627.61,-198.352,-115.875,627.388
-207.077,75.9072,515.273,-205.878,-78.9162,515.185,-201.183,109.455,600.706,-199.51,-112.435,600.512
-208.999,75.7339,510.381,-207.795,-78.7789,510.3,-203.503,106.887,580.329,-201.853,-109.94,580.154
-214.513,77.0055,512.32,-213.284,-80.1452,512.251,-210.547,106.852,571.99,-208.885,-110.054,571.835
-212.668,76.0616,500.065,-211.449,-79.1991,500.018,-211.023,103.8,549.534,-209.396,-107.073,549.416
-214.002,76.3918,496.703,-212.782,-79.5896,496.692,-214.89,102.581,537.296,-213.279,-106.001,537.235
-215.093,76.8015,494.421,-213.87,-80.0554,494.446,-218.798,101.543,527.105,-217.201,-105.128,527.107
-215.514,77.0627,492.454,-214.287,-80.3565,492.508,-222.353,100.488,518.183,-220.771,-104.237,518.245
-215.114,77.1125,490.938,-213.885,-80.4204,491.006,-225.448,99.4617,510.779,-223.877,-103.353,510.882
-214.29,76.9135,490.024,-213.06,-80.2119,490.088,-228.452,98.5171,505.087,-226.887,-102.519,505.207
-213.197,76.5288,489.261,-211.967,-79.7982,489.305,-231.46,97.7433,500.656,-229.894,-101.819,500.766
-211.91,76.0332,489.421,-210.682,-79.2603,489.432,-234.373,97.159,497.908,-232.803,-101.273,497.99
-210.53,75.4976,490.285,-209.305,-78.6777,490.261,-237.074,96.7528,496.368,-235.494,-100.879,496.411
-209.049,74.9947,492.632,-207.825,-78.1292,492.572,-239.389,96.521,496.231,-237.8,-100.647,496.233
-207.037,74.5786,496.155,-205.811,-77.6618,496.061,-240.499,96.4148,496.873,-238.9,-100.529,496.838
-204.718,74.26,498.477,-203.483,-77.2849,498.349,-240.485,96.5833,496.191,-238.874,-100.693,496.133
-204.863,75.2413,433.97,-203.594,-78.2429,433.804,-239.158,96.7118,437.426,-237.546,-100.839,437.355
-204.036,76.758,441.569,-202.728,-79.6958,441.373,-242.619,101.047,447.055,-240.944,-105.275,447.005
-201.445,77.551,445.279,-200.117,-80.3972,445.074,-243.826,103.254,452.138,-242.132,-107.577,452.138
-198.158,77.853,447.036,-196.828,-80.5863,446.851,-244.583,105.022,456.041,-242.893,-109.444,456.139
-194.423,77.6276,447.25,-193.101,-80.2305,447.105,-244.981,106.575,459.282,-243.303,-111.097,459.521
-190.984,76.9695,446.607,-189.666,-79.4422,446.503,-245.174,108.134,462.094,-243.49,-112.757,462.512
-188.155,75.7953,445.156,-186.82,-78.1587,445.07,-245.213,109.924,464.739,-243.467,-114.647,465.373
-185.906,73.9528,442.321,-184.522,-76.2587,442.215,-244.188,111.67,466.92,-242.288,-116.496,467.829
-184.725,71.3592,437.67,-183.244,-73.7046,437.494,-242.143,113.749,468.869,-239.945,-118.722,470.185
-185.058,68.0577,430.319,-183.41,-70.58,430.011,-239.259,116.591,470.953,-236.575,-121.797,472.944
-186.64,64.4977,418.225,-184.752,-67.3213,417.708,-235.274,120.626,473.174,-231.95,-126.067,476.337
0.301058,0.516084,11.5724,0.297366,-0.473864,11.5482,0.0148847,-0.00213464,0.275725,0.0148667,0.00231014,0.276177
-4.25938,2.64448,26.7484,-4.22861,-2.6573,26.7266,0.0220551,-0.00137907,0.327795,0.0220821,0.00168349,0.328471
-11.4995,6.55408,53.0011,-11.4236,-6.70522,53.0312,0.035804,-0.000662001,0.430832,0.0359175,0.00109552,0.43206
-19.3057,10.185,81.206,-19.181,-10.4394,81.2543,0.176136,0.0172564,0.86807,0.17808,-0.0149097,0.87348
-29.2817,14.9516,117.075,-29.0894,-15.3502,117.126,2.40988,1.92969,9.26127,2.41407,-1.94212,9.45379
-46.5329,23.3686,177.299,-46.1983,-24.0059,177.276,-15.3126,14.5808,81.3129,-15.1528,-14.8278,81.4908
-58.7136,29.0654,219.146,-58.2999,-29.9065,219.122,-29.0353,24.8991,142.169,-28.7342,-25.3487,142.364
-75.462,36.6551,275.933,-74.9287,-37.7386,275.854,-51.0508,41.6361,240.85,-50.4823,-42.3734,240.917
-94.9299,45.5519,341.412,-94.2561,-46.9232,341.271,-75.4342,60.1848,350.261,-74.5721,-61.2394,350.19
-116.472,55.4478,413.553,-115.639,-57.1319,413.335,-102.721,81.241,474.829,-101.524,-82.6504,474.592
-140.91,66.5269,493.812,-139.898,-68.559,493.503,-133.035,104.686,613.53,-131.464,-106.485,613.102
-166.286,78.0092,577.715,-165.084,-80.4102,577.296,-166.346,131.319,770.819,-164.347,-133.541,770.152
-200.325,93.1716,687.469,-198.872,-96.0612,686.906,-210.778,167.231,983.319,-208.199,-170.01,982.312
-224.725,103.708,763.612,-223.096,-106.949,762.939,-243.68,194.581,1145.3,-240.656,-197.769,1144.01
-247.654,124.826,865.839,-245.697,-128.422,865.072,-283.291,231,1360.45,-279.679,-234.678,1358.8
-237.381,104.254,741.464,-235.693,-107.708,740.643,-289.809,227.764,1349.15,-286.253,-231.499,1347.37
-229.961,98.2599,688.305,-228.393,-101.607,687.648,-271.177,205.246,1195.41,-267.993,-208.832,1194.06
-222.038,91.8111,629.212,-220.595,-95.0386,628.738,-244.801,172.15,975.544,-242.285,-175.253,974.412
-218.22,88.2333,594.986,-216.842,-91.3861,594.599,-228.211,153.711,858.629,-225.988,-156.672,857.77
-214.634,85.1415,565.767,-213.323,-88.2043,565.451,-213.355,137.395,757.317,-211.345,-140.314,756.765
-209.943,81.9453,556.692,-208.676,-84.9803,556.478,-205.476,125.635,696.347,-203.628,-128.509,695.949
-209.872,79.766,550.52,-208.641,-82.8127,550.339,-205.549,120.837,680.179,-203.773,-123.761,679.868
-211.267,78.619,538.467,-210.057,-81.6911,538.313,-206.199,116.482,646.858,-204.488,-119.445,646.602
-213.043,77.8347,530.475,-211.848,-80.9363,530.343,-207.172,112.711,618.638,-205.513,-115.716,618.421
-214.878,77.4117,525.027,-213.691,-80.5438,524.916,-209.385,109.904,597.225,-207.759,-112.974,597.036
-220.36,78.4158,526.623,-219.157,-81.6311,526.529,-216.428,109.708,588.371,-214.797,-112.917,588.205
-218.243,77.0293,513.29,-217.06,-80.2235,513.217,-216.711,106.406,564.882,-215.121,-109.671,564.749
-219.479,76.9439,509.065,-218.298,-80.1691,509.013,-220.665,105.084,552.331,-219.089,-108.468,552.237
-220.629,76.9365,505.735,-219.446,-80.1888,505.7,-224.841,104.008,541.936,-223.273,-107.523,541.878
-221.418,76.8702,502.796,-220.233,-80.1397,502.77,-228.955,103.031,533.103,-227.392,-106.674,533.076
-221.684,76.732,500.461,-220.496,-80.0053,500.437,-232.77,102.148,525.896,-231.21,-105.904,525.886
-221.751,76.504,498.955,-220.561,-79.7723,498.923,-236.474,101.355,520.38,-234.913,-105.206,520.373
-221.662,76.2246,497.804,-220.471,-79.4817,497.758,-239.985,100.687,515.99,-238.421,-104.611,515.975
-221.419,75.9261,497.697,-220.23,-79.1681,497.635,-243.135,100.143,513.122,-241.566,-104.119,513.091
-221.08,75.626,498.305,-219.892,-78.8523,498.226,-245.83,99.7181,511.333,-244.255,-103.728,511.281
-220.642,75.3559,500.295,-219.455,-78.5689,500.199,-247.987,99.424,510.853,-246.406,-103.455,510.781
-219.689,75.1419,503.266,-218.503,-78.3369,503.157,-248.915,99.2137,511.066,-247.33,-103.245,510.977
-218.419,74.9771,504.78,-217.232,-78.1515,504.661,-248.703,99.198,509.804,-247.112,-103.218,509.703
-218.359,75.8503,438.987,-217.153,-79.0169,438.855,-245.606,98.5565,449.696,-244.02,-102.525,449.579
-218.847,77.5555,445.393,-217.611,-80.7159,445.248,-248.595,102.294,457.847,-246.949,-106.312,457.727
-217.815,78.6836,448.291,-216.561,-81.8206,448.141,-249.391,103.942,461.454,-247.717,-107.99,461.337
-216.379,79.5742,449.827,-215.113,-82.6803,449.68,-249.513,104.982,463.364,-247.823,-109.057,463.263
-214.692,80.2182,450.47,-213.418,-83.2877,450.331,-249.116,105.608,464.152,-247.417,-109.703,464.074
-213.259,80.6787,450.744,-211.978,-83.715,450.615,-248.427,105.987,464.101,-246.721,-110.097,464.052
-212.098,80.8372,450.589,-210.81,-83.8466,450.47,-247.66,106.271,463.544,-245.942,-110.392,463.528
-210.866,80.5389,449.569,-209.573,-83.5281,449.459,-246.148,106.105,462.235,-244.413,-110.225,462.257
-209.777,79.6936,447.66,-208.478,-82.6767,447.56,-243.997,105.626,460.308,-242.236,-109.747,460.385
-209.161,78.1822,444.746,-207.852,-81.1825,444.66,-241.371,104.904,457.881,-239.567,-109.045,458.046
-208.919,75.745,439.753,-207.601,-78.7848,439.693,-237.941,103.844,454.302,-236.069,-108.032,454.61
0.129422,0.634872,11.3058,0.128759,-0.602466,11.2868,0.0151939,-0.00217702,0.275816,0.0151739,0.00236573,0.276267
-4.42434,2.73824,26.6688,-4.39366,-2.76091,26.656,0.0224836,-0.00142664,0.327586,0.0225065,0.00175527,0.328256
-11.7505,6.62061,53.4123,-11.6745,-6.78004,53.4468,0.0359095,-0.000737913,0.429092,0.0360111,0.00120566,0.430292
-19.6613,10.3024,82.1316,-19.5361,-10.5657,82.1844,0.168736,0.0161102,0.851019,0.170476,-0.0137496,0.856053
-29.7588,15.1414,118.623,-29.5659,-15.5503,118.682,2.37424,1.675,8.27659,2.38537,-1.67845,8.43343
-47.2363,23.6851,179.762,-46.9084,-24.3536,179.772,-14.9928,14.3484,80.2714,-14.8522,-14.6044,80.5124
-59.6305,29.4933,222.369,-59.2158,-30.3582,222.357,-29.6785,25.3019,144.699,-29.3733,-25.7613,144.898
-76.6376,37.239,280.227,-76.0968,-38.3431,280.145,-51.8383,42.1946,244.13,-51.2644,-42.9427,244.2
-96.4047,46.3107,346.902,-95.718,-47.7038,346.747,-76.6089,61.0524,355.333,-75.7365,-62.1204,355.257
-118.274,56.3995,420.366,-117.424,-58.1096,420.125,-104.326,82.4539,481.941,-103.114,-83.8794,481.691
-143.068,67.6899,502.084,-142.035,-69.7546,501.745,-135.115,106.284,622.94,-133.525,-108.102,622.489
-168.82,79.3979,587.568,-167.594,-81.8388,587.113,-168.946,133.344,782.782,-166.922,-135.587,782.081
-203.356,94.8463,699.338,-201.877,-97.7849,698.734,-214.11,169.885,999.042,-211.498,-172.688,997.983
-228.097,105.596,776.985,-226.439,-108.89,776.267,-247.523,197.72,1163.9,-244.462,-200.929,1162.55
-251.163,126.812,879.779,-249.178,-130.465,878.961,-287.829,234.844,1383.37,-284.172,-238.537,1381.63
-240.909,106.147,754.462,-239.197,-109.65,753.592,-294.398,231.845,1373.34,-290.797,-235.587,1371.48
-233.425,100.053,700.51,-231.833,-103.44,699.803,-275.286,208.794,1216.04,-272.065,-212.376,1214.61
-225.392,93.4336,640.094,-223.93,-96.6954,639.576,-248.598,175.103,992.116,-246.054,-178.199,990.919
-221.605,89.7864,605.384,-220.213,-92.9746,604.959,-231.958,156.462,873.741,-229.712,-159.416,872.825
-217.916,86.5671,575.254,-216.593,-89.66,574.903,-216.672,139.668,769.477,-214.648,-142.576,768.881
-213.195,83.2804,565.632,-211.917,-86.3392,565.382,-208.748,127.718,707.404,-206.889,-130.582,706.97
-213.05,80.9873,558.925,-211.809,-84.0512,558.705,-208.708,122.761,690.509,-206.927,-125.674,690.17
-214.362,79.7143,546.425,-213.144,-82.7975,546.232,-209.242,118.225,656.341,-207.529,-121.175,656.061
-216.061,78.8017,538.067,-214.86,-81.9093,537.895,-210.125,114.297,627.43,-208.469,-117.288,627.195
-217.816,78.2342,532.267,-216.626,-81.367,532.115,-212.265,111.352,605.468,-210.647,-114.405,605.262
-223.257,79.0909,533.612,-222.055,-82.3004,533.475,-219.302,111.06,596.336,-217.683,-114.248,596.152
-221.015,77.4806,519.677,-219.837,-80.6604,519.558,-219.502,107.626,572.309,-217.926,-110.858,572.155
-222.257,77.2073,514.995,-221.083,-80.4073,514.89,-223.537,106.251,559.603,-221.975,-109.589,559.476
-223.528,77.0313,511.16,-222.355,-80.2497,511.064,-227.88,105.153,549.08,-226.326,-108.603,548.976
-224.613,76.855,507.801,-223.439,-80.0863,507.711,-232.285,104.203,540.239,-230.735,-107.764,540.153
-225.318,76.6758,505.145,-224.144,-79.9123,505.055,-236.433,103.365,533.04,-234.886,-107.027,532.962
-225.92,76.4723,503.419,-224.746,-79.7106,503.325,-240.438,102.611,527.495,-238.889,-106.362,527.419
-226.403,76.2638,502.117,-225.23,-79.5015,502.016,-244.154,101.956,523.005,-242.605,-105.781,522.923
-226.741,76.0629,501.888,-225.569,-79.298,501.779,-247.409,101.392,519.964,-245.857,-105.276,519.874
-226.976,75.8674,502.362,-225.805,-79.0998,502.245,-250.129,100.919,517.951,-248.574,-104.849,517.85
-227.11,75.6983,504.181,-225.941,-78.9297,504.056,-252.28,100.562,517.221,-250.723,-104.523,517.11
-226.735,75.578,506.928,-225.567,-78.8031,506.798,-253.231,100.277,517.177,-251.673,-104.25,517.058
-226.036,75.4971,508.155,-224.868,-78.7134,508.023,-253.07,100.167,515.635,-251.511,-104.133,515.512
-225.827,76.3481,441.901,-224.645,-79.5556,441.764,-249.244,99.1959,454.946,-247.694,-103.097,454.811
-226.964,78.1567,447.894,-225.754,-81.3748,447.748,-252.231,102.692,462.505,-250.626,-106.639,462.364
-226.62,79.4345,450.5,-225.391,-82.6464,450.351,-253.091,104.148,465.627,-251.46,-108.116,465.482
-225.921,80.5492,451.882,-224.676,-83.7501,451.733,-253.217,104.96,466.918,-251.57,-108.942,466.775
-224.993,81.5052,452.515,-223.735,-84.6912,452.367,-252.809,105.328,467.015,-251.152,-109.319,466.876
-224.285,82.3705,452.88,-223.015,-85.5451,452.735,-252.109,105.423,466.224,-250.447,-109.417,466.092
-223.742,83.0395,452.902,-222.461,-86.206,452.762,-251.373,105.404,464.909,-249.708,-109.397,464.785
-222.93,83.3917,452.202,-221.645,-86.5485,452.068,-249.99,104.944,462.856,-248.328,-108.923,462.744
-221.967,83.3943,450.873,-220.679,-86.5411,450.748,-248.076,104.192,460.215,-246.424,-108.145,460.117
-221.072,82.9944,449.001,-219.785,-86.1352,448.888,-245.778,103.235,457.108,-244.142,-107.15,457.032
-220.008,81.9624,445.78,-218.727,-85.0984,445.688,-242.731,101.991,452.852,-241.12,-105.848,452.806
0.043852,0.693852,11.174,0.044685,-0.66633,11.1575,0.0153486,-0.00219846,0.275862,0.0153275,0.00239377,0.276312
-4.50732,2.76799,26.6314,-4.47679,-2.79547,26.6224,0.0226956,-0.00145094,0.327481,0.0227165,0.00179185,0.328148
-11.878,6.64954,53.6278,-11.8019,-6.81308,53.6641,0.0359595,-0.000778696,0.42822,0.0360551,0.00126411,0.429406
-19.8403,10.3605,82.6021,-19.7147,-10.6283,82.6568,0.165134,0.0155484,0.842651,0.166773,-0.0131788,0.847496
-29.9988,15.2378,119.407,-29.8054,-15.6518,119.47,2.33901,1.55464,7.82218,2.35289,-1.55391,7.96237
-47.5876,23.8574,181.04,-47.2611,-24.5381,181.062,-14.7853,14.2077,79.5733,-14.6527,-14.4666,79.8392
-60.0868,29.7179,224.016,-59.6706,-30.5932,224.008,-29.9957,25.5015,145.96,-29.6886,-25.9658,146.162
-77.2199,37.538,282.397,-76.6753,-38.6522,282.314,-52.2212,42.4689,245.75,-51.6444,-43.2217,245.82
-97.1336,46.6948,349.662,-96.4411,-48.0993,349.501,-77.1883,61.4849,357.866,-76.3105,-62.5587,357.786
-119.164,56.8783,423.782,-118.307,-58.602,423.532,-105.122,83.0621,485.51,-103.902,-84.4946,485.251
-144.133,68.2737,506.227,-143.091,-70.3548,505.877,-136.151,107.087,627.669,-134.55,-108.914,627.204
-170.072,80.0949,592.507,-168.836,-82.5551,592.038,-170.24,134.363,788.795,-168.203,-136.615,788.074
-204.856,95.6881,705.297,-203.365,-98.6493,704.675,-215.764,171.219,1006.93,-213.136,-174.03,1005.85
-229.764,106.546,783.707,-228.093,-109.864,782.968,-249.427,199.296,1173.23,-246.346,-202.511,1171.84
-252.893,127.813,886.791,-250.896,-131.488,885.949,-290.067,236.768,1394.84,-286.385,-240.463,1393.05
-242.644,107.094,760.978,-240.919,-110.617,760.085,-296.656,233.888,1385.44,-293.031,-237.627,1383.53
-235.115,100.947,706.609,-233.512,-104.346,705.878,-277.297,210.566,1226.34,-274.057,-214.139,1224.87
-227.021,94.24,645.521,-225.55,-97.5125,644.982,-250.456,176.575,1000.38,-247.897,-179.66,999.154
-223.251,90.5608,610.583,-221.852,-93.7606,610.141,-233.794,157.835,881.293,-231.535,-160.778,880.347
-219.513,87.2793,580.007,-218.185,-90.382,579.64,-218.294,140.8,775.536,-216.262,-143.695,774.917
-214.784,83.9505,570.127,-213.501,-87.016,569.861,-210.353,128.758,712.925,-208.489,-131.612,712.473
-214.606,81.6015,563.16,-213.359,-84.6686,562.922,-210.258,123.72,695.664,-208.473,-126.624,695.311
-215.871,80.2639,550.434,-214.648,-83.3469,550.22,-210.733,119.094,661.072,-209.019,-122.034,660.782
-217.524,79.2847,541.882,-216.318,-82.389,541.687,-211.568,115.085,631.811,-209.913,-118.067,631.566
-219.231,78.6428,535.891,-218.036,-81.7695,535.714,-213.671,112.069,609.568,-212.055,-115.111,609.354
-224.649,79.426,537.096,-223.444,-82.6268,536.932,-220.706,111.728,600.294,-219.091,-114.902,600.1
-222.351,77.7089,522.848,-221.172,-80.8764,522.7,-220.873,108.227,575.996,-219.303,-111.44,575.829
-223.618,77.3534,517.942,-222.444,-80.5377,517.805,-224.96,106.827,563.211,-223.405,-110.139,563.065
-224.98,77.1104,513.873,-223.809,-80.3111,513.744,-229.395,105.717,552.613,-227.848,-109.132,552.483
-226.243,76.8983,510.338,-225.073,-80.1125,510.213,-233.942,104.776,543.746,-232.4,-108.294,543.628
-227.19,76.715,507.555,-226.022,-79.9373,507.431,-238.241,103.951,536.517,-236.701,-107.564,536.404
-228.072,76.5334,505.744,-226.906,-79.7621,505.619,-242.372,103.204,530.92,-240.833,-106.904,530.809
-228.847,76.3631,504.379,-227.683,-79.5967,504.252,-246.174,102.542,526.345,-244.634,-106.318,526.231
-229.478,76.2077,504.092,-228.315,-79.4446,503.961,-249.474,101.956,523.191,-247.933,-105.795,523.072
-229.998,76.0581,504.501,-228.838,-79.2977,504.367,-252.214,101.452,521.047,-250.672,-105.34,520.922
-230.417,75.9324,506.241,-229.257,-79.176,506.103,-254.381,101.057,520.183,-252.839,-104.983,520.053
-230.328,75.8531,508.895,-229.17,-79.0951,508.756,-255.371,100.734,520.014,-253.829,-104.677,519.88
-229.908,75.8108,510.015,-228.751,-79.0482,509.876,-255.271,100.581,518.352,-253.729,-104.522,518.218
-229.609,76.6537,443.578,-228.438,-79.8794,443.437,-251.133,99.4682,457.416,-249.603,-103.34,457.272
-231.047,78.5058,449.408,-229.848,-81.7476,449.261,-254.17,102.863,464.735,-252.588,-106.782,464.586
-231.002,79.8405,451.893,-229.784,-83.0811,451.742,-255.115,104.244,467.687,-253.508,-108.184,467.534
-230.602,81.0329,453.185,-229.368,-84.2679,453.034,-255.304,104.969,468.767,-253.681,-108.921,468.612
-229.969,82.0941,453.763,-228.72,-85.32,453.612,-254.957,105.244,468.643,-253.324,-109.203,468.487
-229.537,83.0977,454.098,-228.274,-86.3179,453.948,-254.32,105.238,467.628,-252.682,-109.2,467.474
-229.231,83.9483,454.116,-227.956,-87.1653,453.968,-253.656,105.115,466.098,-252.016,-109.078,465.947
-228.592,84.5442,453.457,-227.31,-87.7545,453.313,-252.376,104.559,463.853,-250.74,-108.51,463.706
-227.703,84.8831,452.248,-226.416,-88.0833,452.11,-250.595,103.722,461.055,-248.97,-107.649,460.912
-226.736,84.9557,450.632,-225.448,-88.1455,450.502,-248.453,102.697,457.837,-246.847,-106.588,457.701
-225.383,84.5874,447.877,-224.1,-87.7621,447.759,-245.58,101.408,453.523,-244.002,-105.24,453.396
0.00113425,0.723231,11.1085,0.00271044,-0.698144,11.0933,0.0154259,-0.00220923,0.275885,0.0154044,0.00240785,0.276334
-4.54893,2.7783,26.6132,-4.51852,-2.80817,26.606,0.0228011,-0.00146321,0.327428,0.022821,0.00181032,0.328093
-11.9422,6.66292,53.7382,-11.866,-6.8285,53.7752,0.0359838,-0.000799802,0.427784,0.0360764,0.00129418,0.428962
-19.9301,10.3894,82.8394,-19.8042,-10.6594,82.8948,0.163356,0.0152703,0.838505,0.164945,-0.0128956,0.843255
-30.1192,15.2864,119.802,-29.9255,-15.703,119.866,2.3173,1.4963,7.60403,2.33235,-1.49358,7.73628
-47.7631,23.9447,181.684,-47.4365,-24.6303,181.709,-14.6722,14.1401,79.1849,-14.5428,-14.3997,79.4605
-60.3147,29.832,224.846,-59.8974,-30.712,224.84,-30.1541,25.6035,146.591,-29.846,-26.0702,146.794
-77.5103,37.6894,283.489,-76.9638,-38.8086,283.405,-52.41,42.6055,246.554,-51.8316,-43.3604,246.623
-97.4968,46.8887,351.049,-96.8016,-48.299,350.885,-77.4754,61.7005,359.129,-76.5949,-62.7769,359.047
-119.607,57.1194,425.496,-118.747,-58.8501,425.243,-105.518,83.3659,487.293,-104.294,-84.8016,487.03
-144.664,68.5671,508.305,-143.618,-70.6565,507.951,-136.666,107.489,630.034,-135.06,-109.32,629.563
-170.696,80.445,594.983,-169.455,-82.9147,594.509,-170.885,134.873,791.804,-168.841,-137.129,791.074
-205.603,96.1109,708.285,-204.106,-99.083,707.656,-216.588,171.886,1010.88,-213.951,-174.702,1009.78
-230.593,107.023,787.079,-228.916,-110.352,786.331,-250.373,200.083,1177.9,-247.282,-203.302,1176.49
-253.752,128.315,890.31,-251.747,-132,889.457,-291.176,237.73,1400.57,-287.483,-241.424,1398.76
-243.501,107.568,764.242,-241.771,-111.099,763.338,-297.773,234.909,1391.49,-294.136,-238.645,1389.56
-235.947,101.392,709.658,-234.338,-104.797,708.916,-278.289,211.45,1231.49,-275.039,-215.017,1230
-227.819,94.6415,648.233,-226.343,-97.9182,647.683,-251.371,177.308,1004.51,-248.804,-180.388,1003.27
-224.057,90.9468,613.185,-222.654,-94.1516,612.735,-234.698,158.521,885.07,-232.433,-161.457,884.109
-220.295,87.6346,582.388,-218.965,-90.7415,582.014,-219.091,141.364,778.562,-217.055,-144.252,777.933
-215.563,84.2854,572.384,-214.277,-87.3537,572.11,-211.145,129.277,715.688,-209.277,-132.125,715.227
-215.367,81.9087,565.29,-214.118,-84.9768,565.043,-211.021,124.2,698.243,-209.234,-127.098,697.884
-216.608,80.5384,552.45,-215.382,-83.6205,552.225,-211.467,119.529,663.441,-209.752,-122.464,663.145
-218.235,79.5253,543.799,-217.026,-82.6271,543.592,-212.278,115.479,634.004,-210.623,-118.456,633.754
-219.915,78.8456,537.709,-218.717,-81.9684,537.518,-214.361,112.427,611.619,-212.746,-115.464,611.4
-225.32,79.5921,538.839,-224.112,-82.7877,538.66,-221.396,112.061,602.273,-219.783,-115.229,602.073
-222.996,77.8229,524.432,-221.815,-80.9838,524.268,-221.549,108.527,577.84,-219.981,-111.731,577.665
-224.281,77.4296,519.415,-223.106,-80.606,519.26,-225.666,107.116,565.016,-224.114,-110.414,564.858
-225.696,77.1581,515.235,-224.526,-80.3507,515.088,-230.15,106,554.377,-228.606,-109.397,554.233
-227.057,76.9338,511.621,-225.889,-80.1407,511.478,-234.767,105.062,545.491,-233.228,-108.559,545.356
-228.131,76.753,508.784,-226.966,-79.97,508.643,-239.136,104.242,538.238,-237.6,-107.831,538.108
-229.157,76.5855,506.937,-227.994,-79.8114,506.797,-243.325,103.495,532.605,-241.79,-107.17,532.477
-230.08,76.4353,505.544,-228.919,-79.6689,505.404,-247.165,102.826,527.979,-245.63,-106.578,527.849
-230.856,76.3024,505.229,-229.698,-79.5419,505.088,-250.485,102.228,524.76,-248.95,-106.044,524.628
-231.519,76.1746,505.606,-230.363,-79.4192,505.464,-253.236,101.706,522.547,-251.701,-105.574,522.411
-232.078,76.069,507.309,-230.924,-79.3199,507.165,-255.414,101.291,521.615,-253.88,-105.2,521.476
-232.131,76.0089,509.921,-230.977,-79.26,509.778,-256.43,100.949,521.385,-254.896,-104.877,521.244
-231.849,75.9848,510.995,-230.696,-79.233,510.853,-256.366,100.776,519.668,-254.834,-104.704,519.528
-231.502,76.8245,444.478,-230.336,-80.0589,444.334,-252.087,99.5982,458.62,-250.566,-103.456,458.473
-233.083,78.6958,450.236,-231.89,-81.9484,450.087,-255.158,102.947,465.833,-253.587,-106.853,465.68
-233.175,80.0538,452.663,-231.962,-83.3067,452.512,-256.155,104.295,468.717,-254.56,-108.223,468.56
-232.908,81.2763,453.907,-231.679,-84.5252,453.755,-256.386,104.982,469.712,-254.776,-108.923,469.553
-232.402,82.3772,454.447,-231.158,-85.6188,454.294,-256.082,105.217,469.503,-254.462,-109.164,469.342
-232.089,83.4338,454.752,-230.829,-86.6714,454.6,-255.489,105.168,468.406,-253.864,-109.12,468.244
-231.886,84.3559,454.748,-230.614,-87.5919,454.598,-254.871,105,466.799,-253.243,-108.953,466.638
-231.326,85.051,454.084,-230.046,-88.2812,453.938,-253.647,104.402,464.491,-252.022,-108.346,464.331
-230.477,85.5307,452.901,-229.191,-88.7513,452.758,-251.932,103.526,461.647,-250.316,-107.45,461.489
-229.494,85.8071,451.358,-228.206,-89.0163,451.22,-249.863,102.465,458.409,-248.262,-106.361,458.253
-228.038,85.7352,448.748,-226.752,-88.9266,448.618,-247.07,101.144,454.108,-245.492,-104.991,453.955
-0.020207,0.737891,11.0758,-0.0182606,-0.714021,11.0613,0.0154645,-0.00221463,0.275897,0.0154428,0.0024149,0.276346
-4.56977,2.78229,26.6043,-4.53942,-2.81333,26.5979,0.0228536,-0.00146937,0.327401,0.0228731,0.00181959,0.328066
-11.9745,6.66933,53.794,-11.8982,-6.83593,53.8313,0.0359958,-0.000810534,0.427565,0.0360868,0.00130942,0.42874
-19.9751,10.4038,82.9585,-19.8491,-10.675,83.0143,0.162473,0.0151319,0.836442,0.164038,-0.0127546,0.841144
-30.1795,15.3108,120,-29.9857,-15.7287,120.064,2.30547,1.4676,7.49715,2.32104,-1.46391,7.62553
-47.8508,23.9884,182.006,-47.524,-24.676,182.032,-14.6136,14.1082,78.9817,-14.4856,-14.368,79.2612
-60.4286,29.8894,225.263,-60.0107,-30.7716,225.257,-30.2334,25.6555,146.908,-29.9247,-26.1233,147.111
-77.6554,37.7655,284.037,-77.108,-38.8873,283.953,-52.5037,42.6738,246.954,-51.9245,-43.4296,247.023
-97.6781,46.9862,351.744,-96.9817,-48.3995,351.58,-77.6182,61.8081,359.759,-76.7364,-62.8857,359.676
-119.829,57.2405,426.355,-118.967,-58.9747,426.101,-105.715,83.5177,488.183,-104.489,-84.9548,487.918
-144.928,68.7144,509.346,-143.881,-70.8079,508.99,-136.923,107.69,631.216,-135.314,-109.522,630.742
-171.008,80.6206,596.223,-169.764,-83.095,595.747,-171.207,135.128,793.308,-169.159,-137.386,792.575
-205.976,96.3229,709.782,-204.476,-99.3004,709.149,-216.999,172.22,1012.86,-214.357,-175.037,1011.75
-231.007,107.262,788.768,-229.326,-110.597,788.016,-250.845,200.477,1180.23,-247.748,-203.697,1178.82
-254.179,128.566,892.072,-252.172,-132.257,891.215,-291.729,238.21,1403.44,-288.029,-241.904,1401.61
-243.928,107.805,765.875,-242.194,-111.34,764.967,-298.329,235.419,1394.51,-294.685,-239.154,1392.57
-236.358,101.614,711.183,-234.747,-105.022,710.436,-278.781,211.891,1234.06,-275.525,-215.455,1232.56
-228.213,94.8417,649.588,-226.735,-98.1204,649.034,-251.825,177.674,1006.58,-249.254,-180.751,1005.32
-224.455,91.1394,614.486,-223.051,-94.3466,614.032,-235.147,158.863,886.958,-232.879,-161.796,885.991
-220.681,87.812,583.579,-219.349,-90.9208,583.203,-219.486,141.646,780.075,-217.448,-144.531,779.44
-215.947,84.4528,573.515,-214.66,-87.5225,573.237,-211.537,129.537,717.07,-209.668,-132.382,716.606
-215.743,82.0623,566.358,-214.492,-85.1309,566.107,-211.4,124.44,699.534,-209.612,-127.336,699.172
-216.971,80.6755,553.461,-215.743,-83.7572,553.231,-211.831,119.746,664.627,-210.116,-122.679,664.329
-218.584,79.6452,544.76,-217.373,-82.7457,544.547,-212.63,115.676,635.102,-210.975,-118.651,634.85
-220.249,78.9464,538.619,-219.05,-82.0672,538.422,-214.703,112.606,612.646,-213.088,-115.64,612.425
-225.647,79.6746,539.711,-224.438,-82.8675,539.524,-221.738,112.228,603.263,-220.126,-115.392,603.061
-223.31,77.8796,525.223,-222.129,-81.0372,525.051,-221.884,108.678,578.764,-220.318,-111.877,578.585
-224.606,77.4683,520.151,-223.431,-80.6408,519.987,-226.018,107.261,565.919,-224.466,-110.552,565.756
-226.05,77.1838,515.918,-224.88,-80.3725,515.761,-230.527,106.143,555.26,-228.984,-109.53,555.109
-227.462,76.9548,512.267,-226.295,-80.1585,512.115,-235.179,105.206,546.362,-233.642,-108.691,546.219
-228.601,76.7767,509.405,-227.438,-79.9914,509.256,-239.582,104.387,539.095,-238.048,-107.964,538.956
-229.7,76.617,507.542,-228.539,-79.842,507.394,-243.798,103.64,533.442,-242.266,-107.303,533.305
-230.697,76.4773,506.136,-229.539,-79.7114,505.99,-247.655,102.968,528.787,-246.123,-106.707,528.65
-231.546,76.3556,505.807,-230.391,-79.5968,505.661,-250.985,102.362,525.535,-249.453,-106.167,525.396
-232.28,76.2385,506.168,-231.127,-79.4859,506.022,-253.741,101.831,523.286,-252.209,-105.689,523.145
-232.91,76.1428,507.853,-231.758,-79.3974,507.706,-255.926,101.406,522.319,-254.395,-105.306,522.176
-233.033,76.0919,510.445,-231.882,-79.3477,510.3,-256.955,101.054,522.059,-255.426,-104.975,521.915
-232.819,76.0767,511.498,-231.668,-79.3303,511.355,-256.911,100.872,520.316,-255.384,-104.793,520.174
-232.449,76.915,444.943,-231.285,-80.1536,444.798,-252.564,99.6625,459.216,-251.049,-103.514,459.066
-234.099,78.7954,450.667,-232.908,-82.053,450.517,-255.655,102.99,466.378,-254.09,-106.889,466.224
-234.256,80.1638,453.067,-233.046,-83.4223,452.915,-256.681,104.323,469.232,-255.092,-108.244,469.074
-234.052,81.3991,454.286,-232.825,-84.6543,454.133,-256.935,104.992,470.19,-255.331,-108.927,470.029
-233.605,82.5168,454.804,-232.363,-85.7652,454.651,-256.655,105.208,469.944,-255.042,-109.15,469.781
-233.346,83.5961,455.09,-232.089,-86.8411,454.937,-256.086,105.139,468.812,-254.467,-109.086,468.647
-233.192,84.5493,455.071,-231.922,-87.7932,454.92,-255.494,104.95,467.173,-253.871,-108.9,467.009
-232.669,85.2883,454.4,-231.39,-88.5269,454.251,-254.298,104.332,464.84,-252.678,-108.274,464.674
-231.842,85.8315,453.22,-230.557,-89.0606,453.075,-252.616,103.435,461.98,-251.003,-107.361,461.815
-230.857,86.201,451.702,-229.568,-89.4185,451.56,-250.582,102.356,458.739,-248.982,-106.257,458.575
-229.361,86.2664,449.146,-228.072,-89.4654,449.009,-247.827,101.015,454.451,-246.245,-104.876,454.288
-0.0308732,0.745214,11.0595,-0.0287419,-0.721952,11.0453,0.0154839,-0.00221734,0.275902,0.015462,0.00241843,0.276351
-4.5802,2.78398,26.5999,-4.54988,-2.81562,26.5939,0.0228799,-0.00147246,0.327388,0.0228991,0.00182424,0.328052
-11.9907,6.67247,53.8221,-11.9144,-6.83958,53.8595,0.0360017,-0.000815945,0.427456,0.036092,0.0013171,0.428629
-19.9976,10.4111,83.0182,-19.8715,-10.6828,83.0742,0.162033,0.0150629,0.835413,0.163585,-0.0126842,0.840091
-30.2097,15.3231,120.099,-30.0158,-15.7415,120.164,2.29932,1.45336,7.44424,2.31514,-1.4492,7.57071
-47.8946,24.0102,182.167,-47.5676,-24.6988,182.193,-14.5839,14.0929,78.8779,-14.4565,-14.3526,79.1591
-60.4855,29.9181,225.472,-60.0673,-30.8014,225.465,-30.2731,25.6818,147.066,-29.9641,-26.1501,147.27
-77.7279,37.8037,284.312,-77.18,-38.9267,284.228,-52.5504,42.7079,247.154,-51.9708,-43.4642,247.222
-97.7688,47.0351,352.093,-97.0718,-48.4498,351.928,-77.6894,61.8618,360.074,-76.8069,-62.9401,359.99
-119.939,57.3012,426.785,-119.076,-59.0371,426.531,-105.814,83.5935,488.628,-104.587,-85.0313,488.362
-145.061,68.7881,509.867,-144.012,-70.8837,509.51,-137.052,107.79,631.807,-135.441,-109.623,631.332
-171.163,80.7085,596.844,-169.919,-83.1853,596.367,-171.368,135.256,794.061,-169.318,-137.514,793.325
-206.162,96.429,710.531,-204.66,-99.4092,709.897,-217.204,172.387,1013.84,-214.56,-175.205,1012.73
-231.213,107.382,789.613,-229.531,-110.719,788.86,-251.081,200.674,1181.4,-247.981,-203.894,1179.98
-254.392,128.692,892.955,-252.383,-132.386,892.094,-292.004,238.45,1404.87,-288.301,-242.144,1403.04
-244.14,107.923,766.692,-242.405,-111.46,765.782,-298.606,235.673,1396.02,-294.959,-239.408,1394.07
-236.563,101.725,711.946,-234.95,-105.134,711.196,-279.026,212.111,1235.34,-275.768,-215.674,1233.84
-228.409,94.9417,650.266,-226.93,-98.2213,649.709,-252.05,177.857,1007.61,-249.477,-180.932,1006.35
-224.652,91.2357,615.137,-223.248,-94.4439,614.681,-235.37,159.034,887.903,-233.1,-161.965,886.932
-220.872,87.9006,584.176,-219.54,-91.0104,583.797,-219.682,141.786,780.831,-217.643,-144.67,780.194
-216.137,84.5365,574.081,-214.85,-87.6068,573.802,-211.733,129.667,717.762,-209.863,-132.511,717.295
-215.929,82.1391,566.893,-214.678,-85.2079,566.639,-211.588,124.56,700.18,-209.799,-127.455,699.816
-217.151,80.744,553.968,-215.922,-83.8254,553.735,-212.012,119.855,665.22,-210.297,-122.787,664.921
-218.757,79.705,545.242,-217.545,-82.8049,545.025,-212.805,115.775,635.651,-211.15,-118.748,635.398
-220.414,78.9967,539.075,-219.214,-82.1164,538.874,-214.872,112.695,613.16,-213.259,-115.729,612.938
-225.809,79.7156,540.148,-224.599,-82.9073,539.957,-221.908,112.311,603.759,-220.296,-115.474,603.555
-223.465,77.9078,525.619,-222.283,-81.0638,525.442,-222.051,108.753,579.226,-220.485,-111.95,579.045
-224.766,77.4878,520.519,-223.592,-80.6584,520.351,-226.193,107.334,566.371,-224.642,-110.621,566.205
-226.225,77.1971,516.26,-225.056,-80.384,516.098,-230.715,106.214,555.702,-229.173,-109.597,555.547
-227.663,76.9662,512.591,-226.498,-80.1683,512.434,-235.384,105.279,546.798,-233.848,-108.758,546.651
-228.836,76.7897,509.717,-227.674,-80.0035,509.564,-239.804,104.46,539.523,-238.271,-108.031,539.38
-229.972,76.6341,507.846,-228.812,-79.8589,507.695,-244.034,103.713,533.859,-242.502,-107.369,533.718
-231.006,76.4998,506.434,-229.849,-79.7342,506.285,-247.899,103.038,529.19,-246.368,-106.772,529.048
-231.892,76.3838,506.098,-230.738,-79.6259,505.95,-251.233,102.429,525.921,-249.703,-106.228,525.778
-232.661,76.2719,506.451,-231.51,-79.5209,506.303,-253.992,101.893,523.654,-252.462,-105.746,523.509
-233.326,76.181,508.127,-232.176,-79.4377,507.979,-256.18,101.463,522.669,-254.652,-105.359,522.523
-233.484,76.1348,510.71,-232.334,-79.393,510.563,-257.216,101.106,522.394,-255.69,-105.023,522.248
-233.304,76.1239,511.753,-232.154,-79.3802,511.609,-257.183,100.919,520.638,-255.658,-104.837,520.495
-232.922,76.9617,445.179,-231.759,-80.2023,445.034,-252.803,99.6946,459.512,-251.291,-103.542,459.361
-234.607,78.8464,450.887,-233.417,-82.1064,450.737,-255.904,103.011,466.65,-254.342,-106.908,466.495
-234.796,80.2198,453.273,-233.587,-83.4809,453.121,-256.944,104.337,469.49,-255.359,-108.256,469.331
-234.622,81.461,454.479,-233.396,-84.719,454.326,-257.211,104.997,470.43,-255.611,-108.93,470.268
-234.203,82.5863,454.986,-232.962,-85.8379,454.832,-256.944,105.204,470.167,-255.333,-109.144,470.003
-233.97,83.676,455.262,-232.715,-86.9243,455.109,-256.387,105.126,469.018,-254.771,-109.071,468.853
-233.839,84.6436,455.234,-232.571,-87.891,455.082,-255.808,104.926,467.366,-254.188,-108.875,467.199
-233.335,85.4031,454.558,-232.057,-88.6455,454.408,-254.627,104.298,465.021,-253.009,-108.24,464.854
-232.519,85.9764,453.379,-231.235,-89.2093,453.233,-252.961,103.392,462.155,-251.35,-107.319,461.987
-231.534,86.3902,451.869,-230.245,-89.6115,451.726,-250.945,102.302,458.914,-249.344,-106.208,458.747
-230.021,86.5214,449.335,-228.731,-89.7239,449.195,-248.208,100.95,454.633,-246.624,-104.82,454.466
11.0394,-7.21064,30.565,10.8521,7.92304,30.1684,-0.00414895,-0.000549686,0.271075,-0.00406252,-9.12032e-05,0.271629
3.82395,-27.0105,39.9816,3.49011,27.3307,39.2489,-0.0110001,-0.00195568,0.338212,-0.0107679,0.000807844,0.338728
5.6961,4.79651,24.6595,6.17172,-3.82623,23.1609,-0.0142762,0.00327669,0.52481,-0.0133656,-0.00681281,0.526756
3.64007,5.30869,33.4161,3.74333,-5.04193,33.3337,1.41662,0.589436,3.70525,1.47674,-0.674081,3.81793
3.4812,3.576,31.8123,3.59636,-3.34828,31.4247,-6.10846,20.4265,94.5451,-5.61753,-20.4208,93.9672
-1.33419,37.7753,133.639,-3.06664,-41.4782,140.927,5.9369,-50.2956,63.6754,5.93597,51.3687,65.0336
-0.0231942,-0.0117322,0.0561189,-0.0202991,0.0111427,0.0511705,-183.432,362.128,546.417,-164.889,-331.323,463.336
4.58066e+06,1.41824e+06,5.99399e+06,1.88371e+06,-571699,2.4607e+06,0.000468869,-0.000842559,0.00367929,0.000557512,0.000919526,0.00382627
5.49764,-3.20506,20.4571,5.40283,3.56246,20.2632,0.00561629,-0.00119489,0.273134,0.00565348,0.000971894,0.273631
0.151511,-9.56718,31.305,0.124058,9.90064,30.6719,0.00718125,-0.000938011,0.332826,0.00731326,0.000568566,0.333535
-5.67256,0.715874,48.7436,-5.51303,-0.562005,48.1066,0.0295194,-0.0016162,0.479381,0.0299934,0.00173362,0.480588
-9.81178,6.14718,60.9918,-9.61556,-6.13095,60.509,0.569016,0.0887465,1.64655,0.575066,-0.0783972,1.65393
-15.2422,9.78992,77.9277,-14.9755,-9.87334,77.3642,-3.17896,11.3067,50.7077,-3.03761,-11.2912,50.5748
-25.6592,28.9961,154.298,-25.9119,-30.4589,156.341,2.38394,-21.4222,30.7748,2.25435,21.5548,31.4617
-29.8379,5.70445,82.0442,-28.3702,-3.38815,75.7133,-22.9311,33.8521,102.107,-21.585,-31.9543,94.7741
-37.4884,18.5475,146.825,-36.9069,-18.4119,145.417,-27.1849,29.5296,145.24,-26.2476,-29.0751,142.104
-48.0355,27.4478,198.006,-48.0018,-28.6186,199.467,-32.3746,31.1036,178.291,-32.2497,-32.073,180.082
-60.7173,33.5827,238.585,-60.8014,-35.2068,240.991,-45.91,40.1382,239.037,-45.8849,-41.7721,242.557
-76.3828,38.9425,278.102,-76.3206,-40.6549,280.425,-64.2386,53.0378,315.577,-64.0496,-55.1165,319.653
-92.1586,44.084,318.348,-91.7905,-45.8187,320.046,-84.1058,67.9043,402.056,-83.5952,-70.4005,406.024
-111.515,51.4901,373.843,-110.766,-53.4365,374.809,-106.656,84.6048,502.503,-105.744,-87.6688,506.147
-122.958,54.7626,404.938,-121.981,-57.1336,405.385,-121.864,95.3902,570.521,-120.606,-98.9336,573.429
-137.246,71.1736,484.22,-135.919,-74.1053,484.398,-137.572,108.878,655.063,-135.92,-112.893,657.126
-123.845,45.3465,358.702,-122.931,-48.4516,358.672,-143.017,100.326,612.369,-141.294,-104.146,612.669
-117.035,36.3617,310.18,-116.645,-39.9729,310.991,-139.736,93.4761,559.742,-138.061,-96.8295,559.067
-110.766,32.9385,286.095,-110.921,-36.9953,288.139,-125.323,78.7806,461.959,-124.319,-81.521,461.971
-102.048,34.2841,284.569,-102.724,-38.4692,288.096,-108.623,68.521,401.138,-108.268,-71.149,403.245
-97.1639,37.0782,295.473,-97.5904,-40.1086,298.913,-97.2141,61.1193,361.546,-97.1986,-64.3492,365.907
-90.6512,40.1732,320.311,-89.381,-40.1569,320.746,-87.8298,54.1839,336.411,-87.4577,-58.4759,341.607
-89.1928,40.9098,339.133,-86.2368,-38.4841,336.095,-87.9732,53.3395,340.695,-86.7848,-58.3165,344.711
-86.1368,37.892,342.368,-82.7505,-35.1241,337.627,-89.2149,55.0283,333.043,-87.3173,-59.2401,334.566
-73.4298,29.883,334.455,-71.3767,-29.2429,330.469,-82.8874,54.9181,318.371,-80.8403,-56.1819,316.652
-39.5289,15.1896,280.3,-39.7627,-16.6919,278.015,-71.5522,52.4285,304.745,-69.6876,-48.1912,299.455
27.1354,0.28074,95.6523,26.5089,4.12658,90.8827,-90.7294,51.2907,329.857,-87.3085,-37.7818,319.968
-0.0110736,0.0136045,0.0880517,-0.0102183,-0.0097072,0.0832547,-227.066,69.9953,452.36,-217.236,-43.8764,436.845
-4301.12,1562.03,8902.62,-4561.54,-1955.5,9154.04,0.00241611,7.58288e-05,0.0108733,0.00412888,-0.00117282,0.0139564
2.71914,-1.20404,15.5683,2.67325,1.39044,15.4677,0.0105643,-0.00162458,0.274471,0.0105738,0.00161434,0.274945
-2.09062,-1.66231,28.4124,-2.07559,1.80879,28.1496,0.0155469,-0.000940602,0.330377,0.0156288,0.000927009,0.331101
-8.5027,4.49009,49.6543,-8.40943,-4.51433,49.4829,0.0338217,-0.00042911,0.454432,0.0341035,0.000561824,0.455832
-14.681,8.39086,70.3461,-14.5389,-8.51807,70.2114,0.312174,0.0379405,1.15658,0.317009,-0.0346195,1.16601
-22.843,12.5568,97.7171,-22.6289,-12.812,97.5342,-0.023583,6.28665,28.8068,-0.0211913,-6.35544,29.1078
-36.823,25.055,163.618,-36.6802,-25.9055,164.359,-8.02687,-1.63612,59.8494,-8.04684,1.33433,60.5974
-45.4551,26.0842,182.575,-45.0845,-26.7684,182.55,-18.2738,14.4214,102.807,-18.112,-14.7825,103.171
-57.66,29.6355,217.308,-57.1182,-30.369,216.866,-38.5381,31.8048,191.952,-38.0014,-32.3643,191.679
-72.1451,35.0844,262.537,-71.4586,-35.9959,261.873,-58.7102,47.9013,282.303,-57.8774,-48.7346,281.741
-88.3916,41.8273,315.06,-87.5765,-42.9814,314.302,-80.3022,64.9663,381.111,-79.1751,-66.11,380.362
-107.323,49.775,374.97,-106.386,-51.21,374.209,-103.741,83.3137,488.387,-102.316,-84.7864,487.529
-127.344,58.0466,437.373,-126.301,-59.7687,436.669,-129.518,104.218,610.29,-127.76,-106.01,609.325
-154.894,69.3614,520.543,-153.719,-71.4494,519.931,-163.59,131.881,771.83,-161.388,-134.031,770.659
-176.007,77.4689,578.775,-174.755,-79.7927,578.276,-189.619,153.089,895.149,-187.062,-155.407,893.71
-198.834,98.2241,677.404,-197.293,-100.739,676.961,-219.164,179.701,1049.39,-216.152,-182.184,1047.6
-189.826,78.5118,564.966,-188.529,-80.7822,564.432,-225.088,173.103,1018.54,-222.185,-175.507,1016.72
-181.144,73.3504,518.43,-179.933,-75.2762,518.048,-211.206,155.901,904.65,-208.635,-158.143,903.579
-172.904,69.2145,474.221,-171.734,-70.7921,473.919,-188.395,129.598,736.354,-186.427,-131.413,735.714
-170.326,67.4609,450.159,-169.278,-69.0793,450.089,-173.491,114.399,642.399,-171.769,-116.051,641.932
-170.766,66.6802,435.882,-169.798,-68.3768,435.918,-165.401,104.579,580.412,-163.755,-106.238,579.982
-169.854,65.4567,438.537,-168.882,-67.25,438.592,-160.03,96.2192,537.935,-158.455,-97.8874,537.463
-171.975,64.6781,440.608,-170.898,-66.4602,440.444,-161.777,93.5289,531.473,-160.146,-95.2887,530.834
-171.642,63.928,430.241,-170.385,-65.509,429.737,-162.696,90.8147,508.522,-161,-92.6234,507.724
-171.144,63.4554,422.489,-169.749,-64.8983,421.746,-163.521,88.3019,488.698,-161.779,-90.1469,487.788
-172.508,63.9386,419.326,-171.036,-65.403,418.501,-166.002,86.7729,474.145,-164.248,-88.7386,473.24
-177.921,66.1209,422.664,-176.382,-67.7233,421.836,-172.654,87.3708,468.461,-170.888,-89.5823,467.639
-177.449,66.8594,415.257,-175.866,-68.4792,414.438,-173.929,85.4852,451.33,-172.204,-87.8743,450.617
-179.382,68.8789,414.861,-177.76,-70.5996,414.082,-177.474,84.7846,441.168,-175.798,-87.4471,440.592
-180.983,71.3071,416.055,-179.321,-73.1048,415.312,-180.612,84.0141,432.317,-179.004,-86.9732,431.88
-181.401,73.7091,417.833,-179.697,-75.5476,417.104,-182.371,82.7628,423.393,-180.854,-86.0337,423.086
-180.403,75.7561,420.196,-178.651,-77.5603,419.433,-182.731,81.1375,414.992,-181.322,-84.7108,414.783
-178.404,77.1228,422.818,-176.595,-78.7857,421.942,-182.509,79.348,407.707,-181.219,-83.1919,407.544
-175.809,77.7265,424.917,-173.933,-79.1171,423.831,-182.601,77.7136,401.601,-181.443,-81.785,401.424
-172.844,77.6223,427.135,-170.89,-78.5961,425.738,-183.513,76.3669,397.357,-182.511,-80.6334,397.116
-169.726,77.045,429.462,-167.68,-77.449,427.651,-185.393,75.271,394.488,-184.596,-79.7371,394.165
-166.423,76.3317,433.2,-164.259,-75.9796,430.866,-187.963,74.3552,393.136,-187.446,-79.0676,392.754
-162.436,75.8515,438.812,-160.113,-74.5013,435.836,-190.112,73.6659,392.872,-189.967,-78.6708,392.501
-158.097,75.8701,444.54,-155.589,-73.2779,440.809,-192.023,73.7763,392.151,-192.394,-79.1057,391.921
-160.467,79.1514,387.156,-157.757,-75.3481,382.681,-197.769,76.7497,337.041,-199.318,-83.1147,337.288
-154.959,81.3124,400.38,-152.235,-76.1963,395.16,-204.038,84.3067,350.594,-207.16,-91.1522,351.746
-145.961,82.0598,406.923,-143.277,-75.312,400.77,-208.333,91.62,361.025,-214.233,-98.8654,363.855
-134.37,81.1289,407.017,-131.842,-72.6899,399.9,-212.783,103.43,372.852,-224.059,-112.416,379.653
-121.281,78.7185,400.47,-118.999,-68.4899,392.229,-214.753,126.38,385.685,-237.317,-141.04,401.982
-109.673,75.9213,389.467,-107.725,-63.2569,379.542,-203.701,179.225,397.042,-253.072,-209.107,437.169
-104.104,73.3933,377.129,-101.338,-57.6173,363.594,-144.242,288.852,406.964,-238.221,-316.639,496.055
-104.226,78.4129,364.781,-95.9929,-50.6314,339.567,80981.5,84599.8,146390,19556.8,-248886,312066
-141.546,96.9303,369.476,-119.872,-48.2915,322.245,405123,-35434.7,508337,56281.3,-159944,211947
-139.586,94.1566,346.174,-134.742,-43.2366,303.438,261.876,-124.387,364.592,227.727,59.4868,295.99
-129.473,100.862,330.04,-142.667,-51.7444,263.249,-123.06,-51.145,166.66,-6.81704,103.462,129.658
1.33121,-0.211098,13.2333,1.30999,0.314368,13.1766,0.0130362,-0.00189908,0.27518,0.0130305,0.00199494,0.275642
-3.30318,1.33743,27.34,-3.27539,-1.28484,27.2346,0.0193823,-0.00114117,0.32897,0.0194344,0.00130509,0.329675
-10.1077,5.91786,51.0576,-10.0285,-6.01649,51.0315,0.0350589,-0.000390607,0.4411,0.0352463,0.000645536,0.442452
-17.2477,9.45273,76.0949,-17.1208,-9.65241,76.0894,0.2262,0.0248028,0.979156,0.229432,-0.0224277,0.986672
-26.4912,13.8835,108.32,-26.2949,-14.2208,108.293,1.74154,3.71749,16.9815,1.71202,-3.77909,17.3391
-42.3506,23.0989,168.045,-42.0194,-23.6644,168.073,-13.964,10.8576,77.3313,-13.7784,-11.0919,77.4341
-53.0574,27.3509,202.269,-52.6518,-28.0888,202.218,-24.6254,21.1504,125.836,-24.3806,-21.5745,126.131
-67.9764,33.4622,250.552,-67.4635,-34.4138,250.408,-45.8668,37.7375,220.374,-45.3196,-38.4058,220.353
-85.4159,41.0006,307.768,-84.7776,-42.2117,307.553,-68.3029,54.9766,320.825,-67.4675,-55.9365,320.618
-104.792,49.5803,371.552,-104.012,-51.0725,371.273,-93.1548,74.244,434.142,-91.9995,-75.5353,433.76
-126.967,59.3267,443.042,-126.029,-61.1256,442.702,-120.601,95.5247,559.542,-119.096,-97.1792,558.988
-150.084,69.4634,517.749,-148.98,-71.5807,517.343,-150.71,119.702,701.761,-148.804,-121.74,701.003
-181.25,82.9928,616.019,-179.928,-85.5258,615.531,-190.581,151.943,891.885,-188.14,-154.471,890.843
-203.894,92.4071,683.901,-202.418,-95.2211,683.36,-220.336,176.5,1036.76,-217.478,-179.359,1035.45
-226.306,113.142,783.556,-224.503,-116.224,782.962,-255.541,208.663,1225.52,-252.142,-211.905,1223.9
-216.236,93.0116,664.312,-214.699,-95.9219,663.658,-261.832,204.029,1206.31,-258.501,-207.266,1204.56
-208.925,87.5379,615.002,-207.505,-90.3034,614.525,-245.864,184.292,1071.83,-242.877,-187.374,1070.58
-201.496,82.1283,563.122,-200.174,-84.7343,562.805,-221.397,154.439,875.155,-219.046,-157.06,874.168
-197.927,79.1489,532.431,-196.671,-81.6891,532.221,-205.313,137.175,766.974,-203.235,-139.661,766.256
-195.532,76.93,509.015,-194.338,-79.4297,508.886,-193.175,123.582,682.621,-191.259,-126.058,682.141
-191.813,74.4349,504.049,-190.653,-76.9534,504.025,-185.932,113.032,628.613,-184.156,-115.49,628.264
-192.678,72.9399,501.417,-191.513,-75.4849,501.375,-186.777,109.138,616.613,-185.034,-111.685,616.309
-194.316,72.31,491.398,-193.112,-74.8597,491.297,-187.939,105.662,587.97,-186.22,-108.293,587.688
-195.886,71.9382,484.527,-194.637,-74.4879,484.359,-189.105,102.556,563.433,-187.399,-105.257,563.146
-197.554,72.0149,480.108,-196.261,-74.5824,479.892,-191.427,100.309,544.917,-189.723,-103.098,544.623
-202.852,73.6068,482.231,-201.507,-76.2729,481.997,-198.32,100.473,537.467,-196.591,-103.428,537.184
-201.454,73.3299,471.663,-200.099,-76.0108,471.439,-199.13,97.8349,516.899,-197.43,-100.888,516.658
-203.061,74.354,469.59,-201.695,-77.1354,469.416,-202.934,96.8172,505.373,-201.259,-100.059,505.217
-204.363,75.5514,468.929,-202.986,-78.4263,468.814,-206.564,95.8867,495.636,-204.919,-99.3463,495.583
-204.671,76.5641,468.624,-203.287,-79.5071,468.563,-209.403,94.7586,486.647,-207.798,-98.4416,486.702
-203.795,77.221,468.705,-202.405,-80.1858,468.675,-211.432,93.5199,478.843,-209.868,-97.4023,478.983
-202.163,77.3971,469.129,-200.768,-80.3295,469.093,-213.25,92.2941,472.601,-211.723,-96.3309,472.789
-200.057,77.1391,469.36,-198.654,-79.9839,469.28,-215.284,91.261,467.677,-213.787,-95.3949,467.869
-197.644,76.5556,470.204,-196.234,-79.2638,470.046,-217.645,90.4826,464.588,-216.172,-94.6576,464.747
-195.095,75.8069,471.612,-193.676,-78.3411,471.352,-220.273,89.9458,462.855,-218.824,-94.1222,462.961
-192.41,75.0693,474.617,-190.976,-77.3961,474.241,-222.923,89.6418,462.674,-221.501,-93.8014,462.727
-189.139,74.4977,479.215,-187.682,-76.573,478.712,-224.622,89.5697,463.513,-223.233,-93.6965,463.526
-185.546,74.1654,483.238,-184.057,-75.9518,482.603,-225.465,90.0087,463.472,-224.112,-94.1032,463.476
-186.212,75.754,421.704,-184.677,-77.3566,420.954,-227.476,91.579,406.904,-226.219,-95.7923,406.946
-183.296,77.2589,431.909,-181.734,-78.5768,431.06,-232.543,97.2551,419.076,-231.334,-101.532,419.221
-177.895,77.6947,437.167,-176.332,-78.6643,436.215,-235.574,101.071,427.266,-234.502,-105.369,427.577
-171.008,77.0586,438.738,-169.482,-77.6644,437.713,-238.932,105.343,435.753,-238.107,-109.714,436.41
-163.188,75.3143,436.737,-161.726,-75.5693,435.658,-242.692,110.924,445.181,-242.27,-115.533,446.508
-155.936,72.7725,432.25,-154.553,-72.7349,431.124,-246.691,119.276,455.734,-246.934,-124.469,458.34
-150.402,69.6697,425.701,-149.093,-69.4022,424.488,-249.904,133.138,467.574,-251.3,-139.46,472.611
-147.329,66.2882,416.417,-146.074,-65.7745,414.976,-248.903,157.091,480.682,-252.636,-165.182,490.43
-147.827,63.3593,403.369,-146.607,-62.3233,401.36,-237.904,200.056,497.895,-247.69,-210.091,517.246
-152.928,62.6917,384.93,-151.776,-60.1256,381.529,-198.257,266.817,528.528,-227.527,-275.37,567.496
-163.82,67.0895,359.628,-163.059,-60.7285,353.061,-80.3575,289.719,574.81,-170.87,-279.529,640.479
0.641443,0.276757,12.1139,0.632253,-0.214201,12.0786,0.0142701,-0.00205381,0.275542,0.0142564,0.00220266,0.275997
-3.93674,2.33684,26.9219,-3.90586,-2.32841,26.8765,0.0211879,-0.00129341,0.328197,0.0212237,0.00154942,0.328885
-11.0158,6.38702,52.2543,-10.9393,-6.52081,52.2708,0.0355801,-0.000542777,0.434276,0.0357195,0.000907982,0.435554
-18.6066,9.94651,79.4183,-18.482,-10.1825,79.453,0.191674,0.0196223,0.903296,0.194049,-0.0173149,0.909455
-28.3407,14.5835,114.061,-28.1482,-14.9615,114.09,2.33563,2.48776,11.5315,2.32372,-2.52017,11.7978
-45.132,22.9485,173.095,-44.7803,-23.5221,173.011,-15.4721,14.4434,81.8033,-15.2766,-14.6729,81.8639
-56.8578,28.3322,213.071,-56.4429,-29.1249,213.017,-27.674,23.9459,136.961,-27.3848,-24.381,137.164
-73.0486,35.542,267.458,-72.5278,-36.5834,267.377,-49.3918,40.4446,234.134,-48.8319,-41.1582,234.181
-91.884,44.0479,330.4,-91.2335,-45.3747,330.278,-73.05,58.4433,340.208,-72.2035,-59.4676,340.124
-112.741,53.535,399.829,-111.94,-55.1653,399.648,-99.5005,78.8496,460.851,-98.3266,-80.2222,460.613
-136.45,64.1816,477.164,-135.477,-66.1446,476.904,-128.866,101.549,595.055,-127.326,-103.305,594.641
-161.07,75.2157,557.954,-159.913,-77.5292,557.596,-161.124,127.346,747.288,-159.164,-129.516,746.652
-194.12,89.8216,663.783,-192.718,-92.5992,663.294,-204.05,162.007,952.267,-201.524,-164.723,951.318
-217.855,99.9533,737.022,-216.279,-103.063,736.434,-235.894,188.395,1108.48,-232.929,-191.51,1107.26
-240.516,120.896,838.208,-238.608,-124.342,837.533,-274.044,223.386,1314.86,-270.505,-226.983,1313.32
-230.218,100.48,715.585,-228.578,-103.787,714.849,-280.455,219.68,1301.01,-276.972,-223.332,1299.34
-222.876,94.6668,663.863,-221.355,-97.8744,663.295,-262.758,198.181,1154.15,-259.634,-201.693,1152.9
-215.149,88.5594,607.318,-213.745,-91.6489,606.927,-237.028,166.241,942.28,-234.558,-169.276,941.238
-211.32,85.1457,574.158,-209.976,-88.1616,573.851,-220.57,148.202,828.291,-218.386,-151.099,827.516
-208.007,82.3244,546.813,-206.727,-85.2655,546.576,-206.584,132.815,732.746,-204.597,-135.679,732.254
-203.467,79.3347,538.948,-202.23,-82.2621,538.817,-198.842,121.443,674.026,-197.011,-124.265,673.679
-203.609,77.3913,533.908,-202.398,-80.339,533.801,-199.151,116.952,659.272,-197.38,-119.836,659.002
-205.16,76.4776,522.698,-203.958,-79.4562,522.604,-200.023,112.934,627.597,-198.306,-115.869,627.374
-207.026,75.9157,515.327,-205.825,-78.928,515.239,-201.138,109.441,600.691,-199.462,-112.428,600.496
-208.949,75.7443,510.441,-207.742,-78.7933,510.36,-203.459,106.872,580.314,-201.806,-109.933,580.138
-214.466,77.0179,512.391,-213.233,-80.1627,512.322,-210.505,106.836,571.975,-208.839,-110.047,571.819
-212.621,76.0757,500.148,-211.399,-79.2194,500.1,-210.98,103.784,549.519,-209.349,-107.067,549.4
-213.954,76.4053,496.798,-212.73,-79.6101,496.785,-214.844,102.563,537.277,-213.229,-105.994,537.215
-215.039,76.812,494.523,-213.811,-80.0733,494.545,-218.749,101.524,527.085,-217.148,-105.12,527.086
-215.451,77.0682,492.557,-214.219,-80.3689,492.608,-222.304,100.467,518.163,-220.718,-104.229,518.224
-215.042,77.1126,491.04,-213.808,-80.4259,491.103,-225.405,99.4408,510.762,-223.831,-103.346,510.864
-214.211,76.9098,490.127,-212.975,-80.2111,490.184,-228.421,98.4973,505.078,-226.853,-102.514,505.196
-213.11,76.524,489.371,-211.875,-79.7928,489.405,-231.442,97.7249,500.653,-229.874,-101.815,500.763
-211.814,76.0303,489.544,-210.58,-79.252,489.546,-234.366,97.1422,497.912,-232.795,-101.269,497.993
-210.423,75.5002,490.433,-209.192,-78.6682,490.399,-237.076,96.7397,496.382,-235.497,-100.876,496.425
-208.925,75.0078,492.817,-207.697,-78.1207,492.749,-239.402,96.5196,496.27,-237.815,-100.647,496.273
-206.891,74.6077,496.393,-205.666,-77.6571,496.295,-240.526,96.441,496.963,-238.931,-100.539,496.931
-204.541,74.3052,498.776,-203.315,-77.287,498.655,-240.528,96.655,496.358,-238.922,-100.714,496.3
-204.655,75.288,434.312,-203.409,-78.2471,434.167,-239.256,96.8516,437.689,-237.644,-100.87,437.604
-203.764,76.7882,441.929,-202.492,-79.6948,441.764,-242.736,101.246,447.41,-241.051,-105.299,447.315
-201.094,77.543,445.624,-199.807,-80.3788,445.445,-243.963,103.506,452.586,-242.233,-107.583,452.485
-197.722,77.7857,447.339,-196.431,-80.5414,447.153,-244.749,105.326,456.6,-242.984,-109.43,456.509
-193.913,77.4882,447.512,-192.625,-80.1603,447.323,-245.173,106.928,459.966,-243.375,-111.067,459.902
-190.417,76.7524,446.839,-189.136,-79.3532,446.652,-245.37,108.535,462.911,-243.537,-112.722,462.899
-187.545,75.5004,445.355,-186.275,-78.0518,445.172,-245.371,110.378,465.709,-243.491,-114.628,465.781
-185.267,73.5908,442.464,-184.01,-76.118,442.283,-244.252,112.2,468.083,-242.309,-116.515,468.285
-184.068,70.9573,437.709,-182.825,-73.4947,437.524,-242.045,114.408,470.321,-240.004,-118.794,470.727
-184.38,67.668,430.176,-183.159,-70.2509,429.984,-238.937,117.459,472.888,-236.745,-121.927,473.625
-185.868,64.1994,417.733,-184.71,-66.8157,417.538,-234.676,121.685,475.889,-232.274,-126.216,477.176
0.298819,0.516588,11.5713,0.295467,-0.474103,11.5467,0.0148867,-0.00213552,0.275724,0.0148689,0.00231089,0.276177
-4.261,2.64476,26.7463,-4.22986,-2.6572,26.7239,0.0220588,-0.00138112,0.327792,0.0220862,0.00168493,0.328469
-11.5006,6.55395,52.9995,-11.4245,-6.70484,53.0293,0.0358089,-0.000665615,0.430825,0.0359237,0.00109693,0.432054
-19.3067,10.1849,81.2052,-19.1818,-10.439,81.253,0.176131,0.0172514,0.86804,0.178084,-0.0149195,0.87346
-29.2825,14.9515,117.075,-29.09,-15.3499,117.126,2.40933,1.9304,9.26122,2.4136,-1.9435,9.4544
-46.5338,23.3674,177.296,-46.1988,-24.0041,177.272,-15.3148,14.5882,81.3159,-15.1549,-14.8356,81.4932
-58.7147,29.0656,219.148,-58.3008,-29.9064,219.123,-29.0354,24.9003,142.167,-28.7341,-25.3502,142.362
-75.4633,36.6563,275.939,-74.9298,-37.7396,275.859,-51.0494,41.6348,240.843,-50.4807,-42.3726,240.91
-94.9311,45.5536,341.419,-94.2571,-46.9247,341.278,-75.4317,60.1821,350.25,-74.5695,-61.2376,350.18
-116.472,55.4497,413.56,-115.64,-57.1337,413.343,-102.718,81.2374,474.815,-101.521,-82.6479,474.58
-140.91,66.5288,493.819,-139.898,-68.5606,493.511,-133.031,104.681,613.515,-131.46,-106.482,613.089
-166.285,78.011,577.722,-165.082,-80.4118,577.304,-166.341,131.314,770.803,-164.341,-133.538,770.138
-200.322,93.1733,687.477,-198.869,-96.0627,686.915,-210.77,167.224,983.3,-208.191,-170.006,982.296
-224.721,103.71,763.62,-223.09,-106.95,762.948,-243.671,194.574,1145.28,-240.646,-197.765,1143.99
-247.647,124.827,865.849,-245.688,-128.424,865.083,-283.277,230.991,1360.42,-279.664,-234.673,1358.78
-237.372,104.256,741.476,-235.684,-107.71,740.655,-289.792,227.754,1349.13,-286.235,-231.494,1347.35
-229.95,98.2609,688.315,-228.382,-101.609,687.658,-271.16,205.239,1195.39,-267.975,-208.829,1194.05
-222.025,91.8116,629.22,-220.582,-95.0396,628.748,-244.786,172.146,975.54,-242.269,-175.252,974.409
-218.206,88.2337,594.995,-216.828,-91.3871,594.609,-228.197,153.706,858.627,-225.973,-156.671,857.77
-214.62,85.1418,565.778,-213.308,-88.2054,565.462,-213.341,137.391,757.314,-211.329,-140.313,756.763
-209.927,81.9457,556.704,-208.66,-84.9817,556.491,-205.461,125.631,696.343,-203.611,-128.508,695.945
-209.855,79.7664,550.534,-208.623,-82.8144,550.353,-205.533,120.831,680.172,-203.755,-123.759,679.862
-211.249,78.6193,538.481,-210.038,-81.6928,538.328,-206.183,116.476,646.851,-204.47,-119.443,646.595
-213.024,77.8347,530.491,-211.827,-80.9381,530.358,-207.155,112.705,618.63,-205.495,-115.714,618.413
-214.858,77.4114,525.045,-213.67,-80.5455,524.933,-209.367,109.897,597.217,-207.74,-112.971,597.027
-220.339,78.4149,526.644,-219.135,-81.6326,526.549,-216.411,109.7,588.363,-214.778,-112.914,588.196
-218.22,77.0271,513.313,-217.036,-80.2241,513.239,-216.693,106.399,564.873,-215.1,-109.668,564.74
-219.454,76.9397,509.088,-218.271,-80.1677,509.035,-220.646,105.076,552.321,-219.067,-108.465,552.226
-220.602,76.9298,505.756,-219.417,-80.1848,505.719,-224.823,104.001,541.928,-223.252,-107.521,541.869
-221.389,76.8612,502.815,-220.201,-80.133,502.786,-228.94,103.025,533.098,-227.376,-106.673,533.069
-221.655,76.7219,500.478,-220.465,-79.9968,500.45,-232.762,102.144,525.896,-231.199,-105.906,525.884
-221.725,76.4945,498.973,-220.532,-79.7635,498.937,-236.473,101.353,520.385,-234.911,-105.21,520.377
-221.637,76.2169,497.826,-220.443,-79.4737,497.776,-239.99,100.688,515.999,-238.424,-104.618,515.983
-221.394,75.9214,497.726,-220.202,-79.1618,497.66,-243.143,100.146,513.134,-241.573,-104.127,513.101
-221.054,75.6248,498.343,-219.863,-78.848,498.259,-245.838,99.7218,511.346,-244.262,-103.736,511.293
-220.611,75.3588,500.344,-219.422,-78.5664,500.244,-247.994,99.4301,510.87,-246.413,-103.464,510.797
-219.651,75.1495,503.328,-218.464,-78.3363,503.217,-248.921,99.225,511.092,-247.336,-103.257,511.002
-218.372,74.989,504.857,-217.186,-78.1526,504.737,-248.708,99.2181,509.845,-247.118,-103.232,509.742
-218.308,75.8633,439.075,-217.107,-79.0187,438.945,-245.624,98.5909,449.757,-244.038,-102.541,449.635
-218.779,77.5652,445.487,-217.551,-80.7165,445.347,-248.614,102.341,457.927,-246.966,-106.328,457.794
-217.726,78.6851,448.385,-216.482,-81.817,448.239,-249.412,103.999,461.552,-247.731,-108.004,461.409
-216.269,79.5629,449.917,-215.011,-82.6703,449.768,-249.537,105.049,463.482,-247.831,-109.068,463.334
-214.562,80.1915,450.559,-213.295,-83.2713,450.409,-249.143,105.683,464.289,-247.418,-109.713,464.14
-213.112,80.6349,450.839,-211.837,-83.6929,450.691,-248.452,106.068,464.255,-246.711,-110.109,464.111
-211.935,80.7748,450.692,-210.655,-83.8181,450.548,-247.678,106.357,463.716,-245.92,-110.412,463.58
-210.689,80.4569,449.681,-209.41,-83.4888,449.543,-246.148,106.199,462.428,-244.377,-110.256,462.303
-209.587,79.5912,447.782,-208.313,-82.6186,447.651,-243.971,105.737,460.534,-242.188,-109.79,460.428
-208.958,78.0586,444.877,-207.694,-81.095,444.756,-241.305,105.053,458.164,-239.506,-109.098,458.085
-208.693,75.5955,439.881,-207.45,-78.6543,439.776,-237.804,104.055,454.671,-235.984,-108.089,454.635
0.128313,0.635112,11.3053,0.127819,-0.602574,11.286,0.015195,-0.00217744,0.275816,0.0151751,0.00236608,0.276267
-4.42512,2.73827,26.6677,-4.39425,-2.76075,26.6545,0.0224855,-0.00142755,0.327585,0.0225087,0.00175588,0.328255
-11.751,6.62045,53.4113,-11.6749,-6.77975,53.4457,0.0359125,-0.000739309,0.42909,0.0360148,0.00120599,0.430291
-19.6617,10.3022,82.1307,-19.5364,-10.5653,82.1833,0.168743,0.0161096,0.85102,0.170488,-0.013756,0.85606
-29.7591,15.1412,118.622,-29.5661,-15.55,118.681,2.37411,1.67543,8.2773,2.3853,-1.6792,8.4345
-47.2366,23.6847,179.76,-46.9086,-24.353,179.77,-14.9941,14.3506,80.2747,-14.8535,-14.6069,80.5158
-59.6308,29.4932,222.369,-59.2159,-30.3579,222.357,-29.6785,25.3022,144.698,-29.3732,-25.7618,144.898
-76.6378,37.2392,280.228,-76.097,-38.3431,280.146,-51.838,42.1942,244.129,-51.264,-42.9427,244.199
-96.4048,46.3111,346.904,-95.7181,-47.7041,346.748,-76.6081,61.0515,355.329,-75.7356,-62.12,355.254
-118.274,56.3999,420.368,-117.424,-58.11,420.128,-104.325,82.4526,481.937,-103.112,-83.8786,481.687
-143.067,67.6904,502.086,-142.034,-69.755,501.748,-135.114,106.282,622.934,-133.523,-108.101,622.484
-168.819,79.3985,587.57,-167.593,-81.8393,587.116,-168.944,133.342,782.775,-166.919,-135.586,782.075
-203.354,94.847,699.341,-201.875,-97.7854,698.737,-214.106,169.882,999.033,-211.494,-172.686,997.975
-228.094,105.596,776.989,-226.436,-108.891,776.271,-247.518,197.717,1163.89,-244.457,-200.927,1162.54
-251.159,126.813,879.784,-249.174,-130.465,878.967,-287.821,234.839,1383.36,-284.164,-238.534,1381.62
-240.905,106.148,754.468,-239.192,-109.651,753.598,-294.389,231.84,1373.33,-290.788,-235.585,1371.46
-233.42,100.054,700.515,-231.828,-103.44,699.808,-275.277,208.791,1216.03,-272.056,-212.375,1214.61
-225.386,93.4339,640.099,-223.924,-96.6959,639.58,-248.591,175.1,992.112,-246.046,-178.198,990.916
-221.599,89.7865,605.388,-220.206,-92.975,604.964,-231.951,156.46,873.739,-229.704,-159.415,872.824
-217.91,86.567,575.259,-216.586,-89.6604,574.907,-216.666,139.666,769.475,-214.641,-142.575,768.879
-213.188,83.2802,565.637,-211.91,-86.3395,565.386,-208.741,127.716,707.402,-206.882,-130.582,706.967
-213.043,80.9869,558.929,-211.802,-84.0516,558.71,-208.701,122.758,690.505,-206.919,-125.673,690.166
-214.354,79.7137,546.43,-213.136,-82.7977,546.237,-209.235,118.222,656.337,-207.521,-121.174,656.058
-216.053,78.8008,538.072,-214.851,-81.9094,537.9,-210.118,114.294,627.427,-208.461,-117.287,627.191
-217.808,78.233,532.273,-216.616,-81.3668,532.121,-212.258,111.349,605.464,-210.639,-114.404,605.258
-223.248,79.0891,533.619,-222.045,-82.2999,533.482,-219.294,111.057,596.331,-217.674,-114.247,596.148
-221.004,77.4779,519.684,-219.825,-80.659,519.564,-219.494,107.622,572.305,-217.917,-110.857,572.15
-222.245,77.2034,515.002,-221.07,-80.4047,514.896,-223.528,106.248,559.599,-221.965,-109.588,559.471
-223.515,77.0262,511.164,-222.341,-80.2458,511.068,-227.872,105.149,549.076,-226.317,-108.603,548.972
-224.6,76.8491,507.805,-223.425,-80.0813,507.713,-232.28,104.2,540.237,-230.729,-107.765,540.15
-225.306,76.6698,505.148,-224.131,-79.907,505.056,-236.432,103.364,533.041,-234.883,-107.029,532.962
-225.91,76.4669,503.423,-224.734,-79.7056,503.326,-240.439,102.611,527.499,-238.89,-106.365,527.421
-226.394,76.2596,502.123,-225.22,-79.4973,502.02,-244.159,101.957,523.01,-242.608,-105.785,522.928
-226.733,76.0602,501.897,-225.56,-79.295,501.785,-247.414,101.394,519.97,-245.861,-105.281,519.879
-226.967,75.8663,502.374,-225.796,-79.0979,502.255,-250.134,100.922,517.957,-248.578,-104.853,517.855
-227.1,75.6986,504.196,-225.93,-78.9288,504.069,-252.283,100.564,517.226,-250.726,-104.528,517.115
-226.723,75.5797,506.947,-225.554,-78.8029,506.815,-253.233,100.281,517.183,-251.674,-104.255,517.063
-226.02,75.5002,508.178,-224.852,-78.7136,508.045,-253.07,100.172,515.644,-251.51,-104.14,515.52
-225.812,76.3521,441.929,-224.63,-79.556,441.791,-249.248,99.2048,454.96,-247.698,-103.105,454.823
-226.943,78.1605,447.924,-225.734,-81.3749,447.779,-252.235,102.705,462.524,-250.63,-106.647,462.379
-226.592,79.4369,450.532,-225.365,-82.6455,450.384,-253.095,104.164,465.651,-251.463,-108.125,465.499
-225.885,80.549,451.916,-224.643,-83.7475,451.766,-253.222,104.978,466.947,-251.571,-108.952,466.791
-224.951,81.5015,452.552,-223.695,-84.6868,452.401,-252.815,105.349,467.049,-251.15,-109.331,466.89
-224.236,82.3627,452.922,-222.968,-85.539,452.772,-252.115,105.446,466.261,-250.442,-109.433,466.102
-223.685,83.0268,452.952,-222.407,-86.1978,452.804,-251.378,105.428,464.949,-249.696,-109.42,464.792
-222.866,83.3733,452.262,-221.583,-86.5369,452.118,-249.994,104.97,462.9,-248.31,-108.957,462.745
-221.894,83.3687,450.946,-220.61,-86.5242,450.806,-248.077,104.221,460.263,-246.396,-108.194,460.112
-220.989,82.9595,449.09,-219.708,-86.1102,448.957,-245.775,103.27,457.163,-244.099,-107.222,457.019
-219.912,81.9142,445.891,-218.64,-85.0613,445.767,-242.72,102.035,452.918,-241.052,-105.954,452.784
0.0432997,0.693969,11.1737,0.0442176,-0.666381,11.1572,0.0153491,-0.00219866,0.275862,0.0153281,0.00239394,0.276312
-4.5077,2.76797,26.6308,-4.47708,-2.79536,26.6216,0.0226966,-0.00145136,0.32748,0.0227176,0.00179213,0.328147
-11.8782,6.64944,53.6273,-11.8021,-6.81291,53.6635,0.0359612,-0.000779291,0.428219,0.0360571,0.00126418,0.429406
-19.8405,10.3604,82.6016,-19.7148,-10.6281,82.6562,0.165139,0.0155487,0.842655,0.166781,-0.0131824,0.847503
-29.999,15.2377,119.407,-29.8055,-15.6516,119.469,2.339,1.55487,7.82269,2.35291,-1.5543,7.96307
-47.5877,23.8572,181.04,-47.2611,-24.5378,181.061,-14.786,14.2085,79.5754,-14.6534,-14.4675,79.8415
-60.0869,29.7178,224.016,-59.6706,-30.593,224.008,-29.9957,25.5016,145.959,-29.6886,-25.966,146.161
-77.2199,37.538,282.397,-76.6753,-38.6521,282.314,-52.2212,42.4689,245.749,-51.6443,-43.2218,245.819
-97.1335,46.6949,349.662,-96.441,-48.0993,349.501,-77.1881,61.4846,357.865,-76.3102,-62.5586,357.785
-119.164,56.8785,423.782,-118.307,-58.602,423.533,-105.122,83.0616,485.508,-103.902,-84.4943,485.249
-144.133,68.2739,506.228,-143.091,-70.3549,505.878,-136.15,107.086,627.666,-134.549,-108.913,627.202
-170.072,80.0951,592.508,-168.836,-82.5553,592.039,-170.239,134.362,788.791,-168.202,-136.614,788.071
-204.855,95.6884,705.298,-203.364,-98.6496,704.676,-215.762,171.217,1006.93,-213.134,-174.029,1005.84
-229.763,106.546,783.709,-228.091,-109.864,782.97,-249.424,199.294,1173.23,-246.343,-202.51,1171.84
-252.891,127.813,886.794,-250.893,-131.488,885.952,-290.063,236.766,1394.83,-286.381,-240.462,1393.05
-242.642,107.095,760.981,-240.917,-110.617,760.088,-296.651,233.886,1385.43,-293.027,-237.626,1383.52
-235.113,100.947,706.611,-233.51,-104.346,705.881,-277.293,210.564,1226.34,-274.053,-214.138,1224.87
-227.018,94.2402,645.524,-225.547,-97.5128,644.984,-250.452,176.573,1000.38,-247.893,-179.66,999.152
-223.248,90.5608,610.585,-221.849,-93.7608,610.143,-233.79,157.834,881.292,-231.531,-160.778,880.346
-219.511,87.2792,580.009,-218.182,-90.3821,579.642,-218.291,140.799,775.535,-216.258,-143.695,774.916
-214.781,83.9502,570.129,-213.498,-87.0161,569.862,-210.35,128.757,712.924,-208.485,-131.611,712.472
-214.602,81.6011,563.162,-213.356,-84.6687,562.924,-210.255,123.719,695.662,-208.469,-126.623,695.309
-215.868,80.2634,550.436,-214.644,-83.3468,550.222,-210.73,119.093,661.071,-209.015,-122.034,660.78
-217.52,79.284,541.884,-216.314,-82.3888,541.689,-211.565,115.084,631.81,-209.91,-118.066,631.565
-219.227,78.6419,535.893,-218.032,-81.7692,535.717,-213.667,112.067,609.567,-212.051,-115.111,609.352
-224.645,79.4248,537.098,-223.439,-82.6262,536.934,-220.702,111.726,600.292,-219.087,-114.902,600.098
-222.346,77.7072,522.851,-221.166,-80.8754,522.702,-220.869,108.225,575.994,-219.298,-111.44,575.826
-223.612,77.3511,517.944,-222.438,-80.536,517.807,-224.956,106.826,563.209,-223.4,-110.138,563.063
-224.974,77.1076,513.874,-223.802,-80.3089,513.745,-229.392,105.716,552.611,-227.844,-109.132,552.481
-226.237,76.8952,510.339,-225.067,-80.1098,510.213,-233.94,104.775,543.745,-232.397,-108.294,543.627
-227.185,76.7119,507.555,-226.016,-79.9345,507.431,-238.241,103.951,536.517,-236.7,-107.565,536.405
-228.068,76.5307,505.744,-226.901,-79.7596,505.619,-242.374,103.204,530.922,-240.833,-106.906,530.81
-228.844,76.361,504.381,-227.679,-79.5947,504.253,-246.176,102.542,526.347,-244.636,-106.32,526.233
-229.475,76.2063,504.095,-228.312,-79.4431,503.963,-249.477,101.958,523.193,-247.936,-105.798,523.074
-229.995,76.0574,504.505,-228.834,-79.2968,504.37,-252.216,101.454,521.05,-250.674,-105.343,520.924
-230.413,75.9323,506.246,-229.253,-79.1756,506.108,-254.383,101.058,520.185,-252.84,-104.986,520.055
-230.323,75.8535,508.902,-229.165,-79.0949,508.762,-255.372,100.735,520.015,-253.83,-104.679,519.881
-229.902,75.8116,510.023,-228.744,-79.0481,509.884,-255.27,100.582,518.353,-253.728,-104.524,518.219
-229.604,76.6551,443.589,-228.432,-79.8794,443.446,-251.135,99.4707,457.419,-249.604,-103.344,457.275
-231.039,78.5074,449.42,-229.84,-81.7475,449.272,-254.171,102.867,464.74,-252.588,-106.786,464.59
-230.991,79.8419,451.906,-229.774,-83.0807,451.755,-255.116,104.249,467.694,-253.508,-108.188,467.539
-230.588,81.0339,453.2,-229.355,-84.2669,453.048,-255.305,104.975,468.775,-253.681,-108.927,468.616
-229.952,82.0941,453.78,-228.704,-85.3184,453.628,-254.958,105.251,468.653,-253.323,-109.21,468.491
-229.517,83.0966,454.119,-228.255,-86.3156,453.967,-254.322,105.246,467.639,-252.68,-109.21,467.476
-229.207,83.9457,454.14,-227.934,-87.1622,453.99,-253.659,105.123,466.11,-252.011,-109.092,465.947
-228.564,84.5396,453.487,-227.283,-87.7501,453.34,-252.379,104.568,463.866,-250.732,-108.53,463.702
-227.67,84.8756,452.286,-226.385,-88.0772,452.142,-250.599,103.732,461.068,-248.956,-107.679,460.905
-226.698,84.9443,450.681,-225.411,-88.1367,450.541,-248.458,102.707,457.85,-246.823,-106.634,457.69
-225.337,84.5701,447.94,-224.054,-87.7495,447.806,-245.586,101.419,453.537,-243.965,-105.31,453.38
0.000858764,0.723289,11.1083,0.00247737,-0.698169,11.0931,0.0154261,-0.00220933,0.275885,0.0154046,0.00240793,0.276334
-4.54912,2.77829,26.6129,-4.51866,-2.8081,26.6056,0.0228016,-0.00146341,0.327427,0.0228215,0.00181045,0.328093
-11.9424,6.66286,53.7379,-11.8661,-6.82841,53.7748,0.0359847,-0.000800074,0.427783,0.0360774,0.00129419,0.428962
-19.9302,10.3893,82.8391,-19.8043,-10.6593,82.8945,0.163359,0.0152705,0.838508,0.16495,-0.0128975,0.84326
-30.1193,15.2863,119.802,-29.9256,-15.7029,119.865,2.31731,1.49642,7.60432,2.33237,-1.49378,7.73667
-47.7631,23.9446,181.684,-47.4366,-24.6302,181.708,-14.6726,14.1405,79.1861,-14.5432,-14.4002,79.4618
-60.3147,29.8319,224.846,-59.8974,-30.7119,224.839,-30.1541,25.6036,146.591,-29.846,-26.0703,146.794
-77.5103,37.6893,283.489,-76.9638,-38.8085,283.405,-52.41,42.6055,246.554,-51.8316,-43.3605,246.623
-97.4967,46.8887,351.049,-96.8016,-48.299,350.885,-77.4753,61.7003,359.129,-76.5948,-62.7769,359.047
-119.607,57.1195,425.496,-118.747,-58.85,425.243,-105.518,83.3657,487.292,-104.294,-84.8014,487.029
-144.663,68.5672,508.305,-143.617,-70.6565,507.951,-136.666,107.489,630.033,-135.059,-109.319,629.562
-170.696,80.4451,594.983,-169.455,-82.9148,594.51,-170.885,134.873,791.802,-168.84,-137.129,791.073
-205.602,96.111,708.286,-204.105,-99.0831,707.657,-216.587,171.885,1010.88,-213.95,-174.701,1009.78
-230.593,107.023,787.08,-228.915,-110.353,786.332,-250.372,200.083,1177.9,-247.281,-203.301,1176.49
-253.751,128.315,890.311,-251.746,-132.001,889.458,-291.175,237.728,1400.57,-287.481,-241.423,1398.76
-243.5,107.568,764.243,-241.77,-111.099,763.34,-297.771,234.908,1391.49,-294.134,-238.645,1389.55
-235.945,101.392,709.66,-234.337,-104.797,708.918,-278.287,211.449,1231.48,-275.037,-215.017,1230
-227.818,94.6416,648.234,-226.342,-97.9184,647.684,-251.369,177.307,1004.51,-248.802,-180.388,1003.27
-224.056,90.9468,613.186,-222.653,-94.1517,612.736,-234.697,158.52,885.069,-232.431,-161.457,884.109
-220.294,87.6345,582.388,-218.963,-90.7415,582.015,-219.09,141.364,778.562,-217.053,-144.252,777.932
-215.561,84.2853,572.385,-214.275,-87.3538,572.11,-211.144,129.277,715.687,-209.276,-132.125,715.227
-215.366,81.9085,565.29,-214.116,-84.9768,565.044,-211.02,124.2,698.242,-209.232,-127.098,697.883
-216.607,80.5382,552.45,-215.38,-83.6205,552.226,-211.466,119.528,663.44,-209.75,-122.464,663.145
-218.233,79.5249,543.8,-217.024,-82.627,543.593,-212.277,115.478,634.003,-210.622,-118.456,633.754
-219.913,78.8451,537.709,-218.715,-81.9682,537.519,-214.359,112.426,611.619,-212.745,-115.464,611.4
-225.317,79.5915,538.84,-224.11,-82.7874,538.661,-221.395,112.06,602.272,-219.781,-115.228,602.072
-222.993,77.822,524.433,-221.812,-80.9833,524.269,-221.547,108.526,577.839,-219.979,-111.731,577.664
-224.278,77.4284,519.415,-223.103,-80.6052,519.261,-225.664,107.116,565.014,-224.112,-110.413,564.857
-225.693,77.1567,515.236,-224.522,-80.3495,515.088,-230.149,106,554.377,-228.605,-109.397,554.233
-227.054,76.9322,511.621,-225.886,-80.1393,511.478,-234.766,105.062,545.49,-233.227,-108.559,545.356
-228.129,76.7515,508.784,-226.963,-79.9686,508.643,-239.136,104.242,538.238,-237.6,-107.831,538.108
-229.155,76.5841,506.937,-227.992,-79.8102,506.797,-243.326,103.495,532.606,-241.791,-107.171,532.478
-230.078,76.4343,505.545,-228.918,-79.6679,505.404,-247.166,102.827,527.98,-245.631,-106.579,527.85
-230.855,76.3017,505.23,-229.697,-79.5412,505.089,-250.487,102.229,524.762,-248.951,-106.046,524.629
-231.518,76.1742,505.608,-230.362,-79.4188,505.465,-253.237,101.707,522.548,-251.701,-105.576,522.412
-232.077,76.0689,507.311,-230.922,-79.3196,507.167,-255.415,101.292,521.615,-253.88,-105.201,521.477
-232.129,76.0089,509.924,-230.975,-79.2599,509.78,-256.43,100.949,521.385,-254.896,-104.878,521.244
-231.846,75.985,510.999,-230.693,-79.2329,510.857,-256.366,100.776,519.668,-254.833,-104.705,519.528
-231.5,76.825,444.482,-230.333,-80.0588,444.338,-252.087,99.599,458.621,-250.567,-103.458,458.473
-233.08,78.6965,450.241,-231.886,-81.9483,450.092,-255.158,102.949,465.834,-253.587,-106.855,465.681
-233.17,80.0546,452.669,-231.958,-83.3065,452.517,-256.156,104.297,468.719,-254.56,-108.225,468.562
-232.902,81.2769,453.915,-231.673,-84.5248,453.762,-256.387,104.985,469.715,-254.776,-108.926,469.554
-232.395,82.3776,454.455,-231.151,-85.6181,454.302,-256.083,105.22,469.507,-254.462,-109.168,469.343
-232.079,83.4338,454.762,-230.821,-86.6704,454.609,-255.49,105.172,468.41,-253.862,-109.125,468.245
-231.875,84.3554,454.76,-230.604,-87.5905,454.609,-254.873,105.004,466.803,-253.241,-108.961,466.638
-231.312,85.0496,454.1,-230.033,-88.2793,453.951,-253.649,104.406,464.495,-252.018,-108.357,464.328
-230.461,85.5281,452.92,-229.176,-88.7486,452.775,-251.935,103.529,461.651,-250.309,-107.467,461.484
-229.476,85.8027,451.383,-228.187,-89.0126,451.24,-249.867,102.469,458.413,-248.25,-106.386,458.247
-228.016,85.7281,448.782,-226.729,-88.9215,448.643,-247.076,101.147,454.111,-245.472,-105.03,453.946
-0.0203446,0.73792,11.0757,-0.0183769,-0.714033,11.0612,0.0154647,-0.00221468,0.275897,0.0154429,0.00241494,0.276346
-4.56986,2.78228,26.6042,-4.53949,-2.8133,26.5977,0.0228539,-0.00146947,0.327401,0.0228733,0.00181966,0.328066
-11.9746,6.6693,53.7938,-11.8983,-6.83589,53.8311,0.0359962,-0.000810663,0.427565,0.0360873,0.00130942,0.42874
-19.9751,10.4038,82.9584,-19.8491,-10.6749,83.0142,0.162475,0.015132,0.836444,0.16404,-0.0127555,0.841147
-30.1795,15.3108,120,-29.9857,-15.7286,120.064,2.30548,1.46766,7.4973,2.32106,-1.46401,7.62573
-47.8508,23.9883,182.006,-47.524,-24.676,182.032,-14.6138,14.1084,78.9823,-14.4858,-14.3682,79.2619
-60.4286,29.8893,225.263,-60.0107,-30.7715,225.256,-30.2334,25.6555,146.908,-29.9247,-26.1234,147.111
-77.6554,37.7655,284.037,-77.108,-38.8872,283.953,-52.5037,42.6738,246.954,-51.9245,-43.4297,247.023
-97.6781,46.9862,351.744,-96.9817,-48.3994,351.58,-77.6182,61.808,359.759,-76.7363,-62.8857,359.676
-119.829,57.2405,426.355,-118.966,-58.9746,426.101,-105.715,83.5176,488.183,-104.489,-84.9547,487.918
-144.928,68.7144,509.346,-143.88,-70.8079,508.99,-136.923,107.69,631.216,-135.314,-109.522,630.742
-171.007,80.6206,596.223,-169.764,-83.0951,595.747,-171.207,135.128,793.308,-169.159,-137.386,792.574
-205.975,96.3229,709.782,-204.475,-99.3004,709.15,-216.998,172.22,1012.85,-214.357,-175.037,1011.75
-231.006,107.262,788.768,-229.326,-110.597,788.017,-250.844,200.477,1180.23,-247.748,-203.697,1178.82
-254.179,128.567,892.073,-252.171,-132.257,891.215,-291.728,238.209,1403.43,-288.028,-241.904,1401.61
-243.927,107.805,765.876,-242.193,-111.34,764.968,-298.328,235.418,1394.51,-294.684,-239.153,1392.57
-236.358,101.614,711.184,-234.746,-105.022,710.437,-278.78,211.89,1234.06,-275.524,-215.455,1232.56
-228.213,94.8418,649.589,-226.735,-98.1205,649.034,-251.824,177.674,1006.58,-249.253,-180.751,1005.32
-224.454,91.1394,614.487,-223.05,-94.3466,614.033,-235.146,158.863,886.958,-232.878,-161.796,885.99
-220.68,87.8119,583.58,-219.348,-90.9208,583.203,-219.485,141.645,780.075,-217.447,-144.531,779.44
-215.946,84.4527,573.516,-214.659,-87.5225,573.237,-211.537,129.537,717.07,-209.667,-132.382,716.605
-215.742,82.0622,566.358,-214.491,-85.1309,566.107,-211.399,124.44,699.533,-209.611,-127.336,699.172
-216.97,80.6754,553.461,-215.742,-83.7571,553.232,-211.83,119.746,664.627,-210.115,-122.679,664.328
-218.583,79.645,544.761,-217.372,-82.7457,544.547,-212.629,115.676,635.101,-210.974,-118.651,634.85
-220.248,78.9462,538.62,-219.049,-82.0671,538.422,-214.702,112.605,612.646,-213.088,-115.64,612.425
-225.646,79.6742,539.712,-224.437,-82.8674,539.525,-221.737,112.227,603.263,-220.125,-115.392,603.061
-223.309,77.8791,525.224,-222.127,-81.0369,525.051,-221.883,108.677,578.763,-220.317,-111.877,578.584
-224.604,77.4677,520.151,-223.43,-80.6404,519.987,-226.017,107.261,565.918,-224.465,-110.552,565.755
-226.048,77.1831,515.918,-224.878,-80.3719,515.761,-230.526,106.143,555.26,-228.984,-109.53,555.109
-227.46,76.954,512.267,-226.294,-80.1578,512.114,-235.178,105.206,546.362,-233.641,-108.691,546.219
-228.6,76.7759,509.405,-227.437,-79.9908,509.256,-239.582,104.387,539.095,-238.048,-107.965,538.956
-229.699,76.6163,507.542,-228.538,-79.8414,507.394,-243.799,103.64,533.443,-242.266,-107.303,533.305
-230.696,76.4768,506.136,-229.538,-79.7109,505.99,-247.655,102.968,528.788,-246.123,-106.708,528.65
-231.546,76.3553,505.807,-230.39,-79.5965,505.661,-250.986,102.363,525.536,-249.454,-106.168,525.397
-232.28,76.2383,506.169,-231.127,-79.4857,506.022,-253.741,101.832,523.287,-252.21,-105.69,523.145
-232.909,76.1427,507.854,-231.757,-79.3973,507.707,-255.926,101.407,522.319,-254.396,-105.307,522.176
-233.032,76.0919,510.447,-231.881,-79.3477,510.301,-256.955,101.054,522.059,-255.426,-104.975,521.915
-232.817,76.0768,511.5,-231.667,-79.3302,511.356,-256.911,100.872,520.316,-255.384,-104.794,520.174
-232.448,76.9153,444.945,-231.284,-80.1536,444.8,-252.565,99.6628,459.216,-251.05,-103.515,459.066
-234.098,78.7957,450.67,-232.907,-82.0529,450.52,-255.655,102.99,466.379,-254.09,-106.89,466.224
-234.254,80.1642,453.07,-233.044,-83.4222,452.917,-256.681,104.323,469.233,-255.092,-108.245,469.075
-234.049,81.3995,454.289,-232.822,-84.654,454.136,-256.936,104.993,470.191,-255.331,-108.928,470.029
-233.602,82.5171,454.808,-232.36,-85.7649,454.654,-256.656,105.209,469.946,-255.041,-109.152,469.781
-233.342,83.5962,455.095,-232.085,-86.8406,454.942,-256.086,105.141,468.813,-254.466,-109.089,468.647
-233.187,84.5492,455.077,-231.917,-87.7925,454.925,-255.494,104.951,467.175,-253.87,-108.904,467.008
-232.662,85.2878,454.407,-231.384,-88.5259,454.258,-254.299,104.333,464.841,-252.676,-108.279,464.673
-231.834,85.8305,453.23,-230.549,-89.0593,453.084,-252.617,103.437,461.982,-251,-107.37,461.813
-230.848,86.1991,451.715,-229.559,-89.4168,451.571,-250.585,102.357,458.74,-248.976,-106.27,458.572
-229.35,86.2632,449.163,-228.061,-89.4631,449.022,-247.831,101.016,454.451,-246.235,-104.896,454.283
-0.0309419,0.745229,11.0595,-0.0288001,-0.721958,11.0453,0.0154839,-0.00221736,0.275902,0.015462,0.00241845,0.276351
-4.58025,2.78397,26.5998,-4.54992,-2.8156,26.5938,0.02288,-0.00147251,0.327388,0.0228992,0.00182427,0.328052
-11.9907,6.67246,53.822,-11.9144,-6.83956,53.8594,0.0360019,-0.000816008,0.427456,0.0360923,0.00131709,0.428629
-19.9976,10.411,83.0181,-19.8716,-10.6827,83.0741,0.162034,0.0150629,0.835414,0.163586,-0.0126847,0.840092
-30.2097,15.323,120.099,-30.0158,-15.7415,120.164,2.29932,1.4534,7.44432,2.31514,-1.44925,7.57082
-47.8946,24.0101,182.167,-47.5676,-24.6987,182.193,-14.584,14.0929,78.8782,-14.4566,-14.3527,79.1595
-60.4855,29.9181,225.472,-60.0673,-30.8014,225.465,-30.2731,25.6818,147.066,-29.9641,-26.1501,147.27
-77.7279,37.8037,284.312,-77.18,-38.9267,284.228,-52.5504,42.7079,247.154,-51.9708,-43.4642,247.222
-97.7688,47.035,352.093,-97.0718,-48.4498,351.928,-77.6894,61.8618,360.074,-76.8069,-62.9401,359.99
-119.939,57.3012,426.785,-119.076,-59.0371,426.531,-105.814,83.5934,488.628,-104.587,-85.0313,488.362
-145.061,68.7881,509.867,-144.012,-70.8837,509.51,-137.052,107.79,631.807,-135.441,-109.623,631.332
-171.163,80.7085,596.844,-169.919,-83.1853,596.367,-171.367,135.256,794.06,-169.318,-137.514,793.324
-206.162,96.429,710.531,-204.66,-99.4092,709.897,-217.204,172.387,1013.84,-214.56,-175.205,1012.73
-231.213,107.382,789.613,-229.531,-110.719,788.86,-251.08,200.674,1181.4,-247.981,-203.894,1179.98
-254.392,128.692,892.955,-252.383,-132.386,892.095,-292.004,238.449,1404.87,-288.3,-242.144,1403.04
-244.14,107.923,766.693,-242.404,-111.46,765.782,-298.605,235.673,1396.02,-294.958,-239.408,1394.07
-236.563,101.725,711.946,-234.95,-105.134,711.196,-279.026,212.111,1235.34,-275.767,-215.674,1233.84
-228.409,94.9417,650.266,-226.93,-98.2214,649.709,-252.05,177.857,1007.61,-249.477,-180.932,1006.35
-224.652,91.2356,615.137,-223.247,-94.4439,614.682,-235.37,159.034,887.903,-233.1,-161.965,886.931
-220.872,87.9005,584.176,-219.54,-91.0104,583.797,-219.682,141.786,780.831,-217.642,-144.67,780.194
-216.137,84.5364,574.082,-214.849,-87.6068,573.802,-211.732,129.667,717.762,-209.862,-132.511,717.295
-215.929,82.139,566.893,-214.677,-85.2078,566.64,-211.588,124.56,700.179,-209.799,-127.454,699.816
-217.151,80.744,553.968,-215.922,-83.8254,553.735,-212.012,119.855,665.22,-210.296,-122.787,664.921
-218.756,79.7049,545.242,-217.544,-82.8049,545.025,-212.804,115.775,635.651,-211.149,-118.748,635.398
-220.414,78.9966,539.075,-219.214,-82.1164,538.875,-214.872,112.695,613.16,-213.258,-115.729,612.937
-225.808,79.7155,540.148,-224.598,-82.9072,539.957,-221.908,112.311,603.759,-220.296,-115.474,603.555
-223.464,77.9076,525.619,-222.283,-81.0636,525.443,-222.05,108.753,579.225,-220.485,-111.95,579.045
-224.766,77.4874,520.519,-223.591,-80.6581,520.351,-226.192,107.334,566.37,-224.642,-110.621,566.204
-226.225,77.1968,516.26,-225.055,-80.3837,516.098,-230.714,106.214,555.702,-229.173,-109.597,555.547
-227.663,76.9658,512.591,-226.497,-80.168,512.434,-235.384,105.278,546.798,-233.848,-108.758,546.651
-228.836,76.7893,509.717,-227.673,-80.0031,509.564,-239.804,104.46,539.523,-238.271,-108.031,539.38
-229.971,76.6338,507.846,-228.812,-79.8585,507.695,-244.034,103.713,533.859,-242.502,-107.369,533.718
-231.005,76.4995,506.434,-229.849,-79.734,506.285,-247.899,103.038,529.19,-246.368,-106.772,529.048
-231.892,76.3836,506.098,-230.737,-79.6258,505.95,-251.234,102.429,525.921,-249.704,-106.229,525.778
-232.661,76.2718,506.452,-231.509,-79.5208,506.304,-253.992,101.893,523.654,-252.463,-105.746,523.509
-233.326,76.181,508.128,-232.175,-79.4376,507.98,-256.18,101.463,522.669,-254.652,-105.359,522.524
-233.483,76.1348,510.711,-232.334,-79.3929,510.564,-257.216,101.106,522.394,-255.69,-105.023,522.248
-233.303,76.124,511.754,-232.154,-79.3802,511.609,-257.183,100.919,520.638,-255.658,-104.838,520.495
-232.921,76.9618,445.18,-231.759,-80.2023,445.035,-252.804,99.6947,459.512,-251.291,-103.543,459.361
-234.606,78.8466,450.888,-233.416,-82.1064,450.738,-255.904,103.011,466.65,-254.342,-106.908,466.495
-234.795,80.22,453.274,-233.586,-83.4808,453.122,-256.944,104.337,469.491,-255.359,-108.256,469.331
-234.62,81.4612,454.481,-233.395,-84.7189,454.328,-257.211,104.998,470.43,-255.611,-108.93,470.268
-234.202,82.5865,454.988,-232.961,-85.8377,454.834,-256.944,105.205,470.168,-255.333,-109.145,470.003
-233.968,83.6761,455.264,-232.713,-86.9241,455.111,-256.387,105.127,469.019,-254.771,-109.072,468.853
-233.837,84.6436,455.237,-232.568,-87.8907,455.085,-255.808,104.927,467.367,-254.187,-108.877,467.199
-233.332,85.403,454.561,-232.054,-88.645,454.412,-254.628,104.299,465.022,-253.008,-108.243,464.853
-232.515,85.9759,453.384,-231.231,-89.2087,453.237,-252.962,103.393,462.156,-251.348,-107.323,461.986
-231.53,86.3893,451.876,-230.241,-89.6107,451.731,-250.946,102.303,458.915,-249.341,-106.214,458.745
-230.015,86.5199,449.344,-228.725,-89.7229,449.202,-248.21,100.951,454.633,-246.619,-104.83,454.464
11.0301,-7.20686,30.5642,10.8442,7.92038,30.1656,-0.00414401,-0.000557014,0.271066,-0.0040572,-8.44547e-05,0.27162
3.81648,-27.004,39.984,3.4843,27.3254,39.2483,-0.0109965,-0.00198053,0.338165,-0.0107636,0.00083057,0.33868
5.67421,4.7585,24.75,6.15307,-3.78594,23.241,-0.0142121,0.00321089,0.524587,-0.0132972,-0.0067368,0.526525
3.6484,5.31741,33.3867,3.75166,-5.04974,33.3064,1.40378,0.585546,3.68537,1.46374,-0.670554,3.79794
3.50577,3.5738,31.785,3.62189,-3.34415,31.3957,-6.14163,20.4462,94.5432,-5.65268,-20.4475,93.9781
-1.3156,37.7314,133.459,-3.03939,-41.4184,140.715,5.94475,-50.1201,63.4596,5.94437,51.1889,64.8123
-0.0232484,-0.0117717,0.0562698,-0.0203467,0.0111791,0.0513081,-182.881,361.244,545.069,-164.382,-330.5,462.135
2.36936e+06,904418,3.17013e+06,939239,-283230,1.22627e+06,0.000469633,-0.000844193,0.00368712,0.000558505,0.000921699,0.00383494
5.49312,-3.20326,20.4564,5.39895,3.56119,20.2617,0.00561852,-0.00119847,0.27313,0.0056559,0.000975209,0.273627
0.146671,-9.56318,31.3088,0.120114,9.89736,30.674,0.00718137,-0.000949868,0.332804,0.00731375,0.00057929,0.333513
-5.67908,0.719175,48.7593,-5.51864,-0.564704,48.1199,0.0294853,-0.00165215,0.479264,0.0299595,0.00176499,0.480466
-9.81885,6.15305,61.018,-9.62167,-6.13645,60.5326,0.566739,0.0882356,1.64296,0.572698,-0.0779781,1.65019
-15.2459,9.79735,77.9611,-14.9782,-9.88032,77.3945,-3.17741,11.3055,50.638,-3.03584,-11.2909,50.5025
-25.6583,28.9378,154.105,-25.905,-30.3899,156.119,2.37786,-21.2236,30.6392,2.2456,21.3487,31.3268
-29.8626,6.28906,84.1353,-28.4331,-4.06585,77.9959,-22.3668,32.8819,100.605,-21.0569,-31.035,93.4691
-37.5148,18.6808,147.173,-36.9463,-18.584,145.808,-27.0838,29.2683,144.937,-26.1586,-28.8197,141.83
-47.9986,27.3696,197.474,-47.9444,-28.5215,198.852,-32.5662,31.1719,179.007,-32.4221,-32.1256,180.703
-60.604,33.4284,237.771,-60.6543,-35.0125,240.053,-46.1366,40.2894,239.942,-46.0837,-41.9047,243.335
-76.188,38.7616,277.202,-76.0912,-40.4314,279.398,-64.4029,53.1748,316.323,-64.1858,-55.2315,320.266
-91.9357,43.8886,317.409,-91.5442,-45.589,319.008,-84.2338,68.0385,402.702,-83.6996,-70.5033,406.541
-111.352,51.2998,372.943,-110.595,-53.2201,373.848,-106.817,84.7893,503.275,-105.887,-87.8052,506.795
-122.958,54.6418,404.302,-121.983,-56.9813,404.717,-122.083,95.6222,571.404,-120.813,-99.1023,574.212
-137.372,71.1563,483.888,-136.048,-74.0375,484.041,-137.763,109.082,655.75,-136.108,-113.02,657.741
-123.916,45.4379,358.708,-122.995,-48.4665,358.647,-143.011,100.385,612.401,-141.296,-104.139,612.708
-116.785,36.5431,310.195,-116.369,-40.0293,310.943,-139.353,93.3016,558.855,-137.691,-96.5998,558.253
-110.258,33.18,285.771,-110.342,-37.0335,287.645,-124.684,78.4565,460.691,-123.673,-81.1454,460.724
-101.442,34.5158,283.567,-102.001,-38.4489,286.796,-107.977,68.197,400.118,-107.574,-70.7513,402.075
-96.0683,37.1678,292.832,-96.4154,-40.0305,296.002,-96.5558,60.8881,361.235,-96.4694,-63.9359,365.206
-87.9442,39.9008,314.041,-86.76,-39.9196,314.489,-86.7126,53.9613,336.694,-86.3114,-57.8408,341.326
-82.1599,40.3902,325.104,-79.3654,-37.8362,322.23,-84.9447,52.5602,340.772,-83.7782,-56.811,344.177
-68.2379,37.3703,307.786,-64.7903,-33.39,302.787,-81.9026,52.3834,332.603,-79.9875,-55.2823,333.32
-30.2149,30.2085,244.594,-27.4176,-25.3538,238.771,-70.4894,48.7854,322.792,-68.1008,-47.0253,319.283
45.7185,23.3034,74.0399,46.4323,-14.6971,67.5246,-69.1582,43.9657,338.36,-65.9598,-32.3801,328.612
-13.0713,62.5431,80.8779,-9.07203,-56.2326,72.485,-160.146,67.5236,407.652,-156.017,-57.8409,400.558
-1588.66,550.354,3359.96,-1604.98,-694.018,3474.82,0.00329512,0.0149547,0.0841924,0.0452133,-0.161877,0.282083
-0.000376193,0.000192616,0.00165162,-0.000348958,-0.000133119,0.00158003,-5.66563e+07,2.19187e+08,2.82989e+08,-1.29442e+07,-2.00297e+07,2.98104e+07
2.71702,-1.20334,15.5677,2.67144,1.38999,15.4666,0.0105656,-0.00162591,0.27447,0.0105752,0.00161558,0.274944
-2.09269,-1.66073,28.4129,-2.07726,1.80756,28.1493,0.0155481,-0.000944751,0.330369,0.0156303,0.000930653,0.331094
-8.50497,4.49178,49.6574,-8.41138,-4.5158,49.4853,0.0338126,-0.000441061,0.454397,0.0340948,0.00057154,0.455795
-14.6838,8.39317,70.3536,-14.5414,-8.52028,70.218,0.311793,0.0378601,1.15595,0.316615,-0.0345631,1.16535
-22.8454,12.5599,97.7285,-22.6308,-12.815,97.5446,-0.022398,6.28523,28.7806,-0.0198764,-6.35449,29.0806
-36.825,25.0359,163.556,-36.6803,-25.883,164.288,-8.04783,-1.54045,59.8769,-8.06518,1.24168,60.6117
-45.4616,26.0856,182.594,-45.0906,-26.7695,182.567,-18.2738,14.4395,102.792,-18.1111,-14.7996,103.152
-57.6698,29.646,217.362,-57.1282,-30.3806,216.922,-38.5263,31.7991,191.898,-37.99,-32.3593,191.626
-72.1573,35.0978,262.6,-71.4713,-36.0107,261.939,-58.6958,47.8887,282.236,-57.8638,-48.7236,281.678
-88.4059,41.8401,315.117,-87.5913,-42.9956,314.363,-80.291,64.9537,381.052,-79.1649,-66.0995,380.309
-107.339,49.7864,375.018,-106.403,-51.2228,374.262,-103.736,83.3041,488.345,-102.312,-84.7793,487.495
-127.36,58.0572,437.419,-126.318,-59.7805,436.718,-129.517,104.21,610.26,-127.759,-106.006,609.303
-154.907,69.3714,520.588,-153.732,-71.4607,519.979,-163.587,131.871,771.794,-161.386,-134.024,770.631
-176.009,77.4757,578.809,-174.756,-79.8008,578.313,-189.609,153.074,895.098,-187.053,-155.397,893.668
-198.818,98.226,677.415,-197.276,-100.742,676.973,-219.143,179.679,1049.32,-216.132,-182.169,1047.54
-189.794,78.506,564.953,-188.497,-80.7773,564.42,-225.06,173.083,1018.48,-222.157,-175.494,1016.66
-181.111,73.3423,518.413,-179.9,-75.2699,518.031,-211.18,155.887,904.618,-208.609,-158.135,903.553
-172.878,69.208,474.213,-171.706,-70.7881,473.912,-188.379,129.593,736.363,-186.411,-131.414,735.726
-170.297,67.457,450.165,-169.249,-69.079,450.097,-173.477,114.398,642.423,-171.754,-116.055,641.958
-170.734,66.6799,435.904,-169.767,-68.3818,435.944,-165.382,104.577,580.426,-163.735,-106.239,579.997
-169.814,65.4614,438.571,-168.844,-67.2601,438.631,-160.004,96.2144,537.939,-158.428,-97.8856,537.468
-171.937,64.6899,440.665,-170.861,-66.4767,440.504,-161.746,93.5214,531.466,-160.114,-95.2843,530.827
-171.611,63.9461,430.32,-170.354,-65.5313,429.819,-162.664,90.8067,508.51,-160.967,-92.619,507.713
-171.106,63.476,422.567,-169.71,-64.9214,421.823,-163.483,88.2909,488.679,-161.74,-90.1399,487.769
-172.458,63.9618,419.388,-170.984,-65.4262,418.56,-165.96,86.7588,474.124,-164.205,-88.7286,473.219
-177.874,66.1523,422.726,-176.331,-67.7536,421.894,-172.618,87.3564,468.443,-170.851,-89.5723,467.622
-177.418,66.906,415.343,-175.832,-68.5254,414.518,-173.9,85.4711,451.315,-172.175,-87.8655,450.603
-179.37,68.9419,414.978,-177.744,-70.6631,414.193,-177.449,84.7678,441.146,-175.774,-87.437,440.572
-180.982,71.3852,416.204,-179.316,-73.1844,415.455,-180.582,83.991,432.283,-178.977,-86.9582,431.849
-181.401,73.7981,418.011,-179.693,-75.6387,417.276,-182.326,82.729,423.339,-180.814,-86.0093,423.036
-180.396,75.8497,420.4,-178.64,-77.6552,419.629,-182.667,81.0898,414.915,-181.265,-84.6738,414.711
-178.383,77.2129,423.039,-176.571,-78.875,422.154,-182.429,79.2854,407.607,-181.147,-83.1412,407.45
-175.772,77.8053,425.147,-173.894,-79.1911,424.05,-182.517,77.6372,401.482,-181.369,-81.7208,401.311
-172.791,77.6841,427.368,-170.836,-78.6473,425.957,-183.442,76.2785,397.223,-182.452,-80.5559,396.988
-169.655,77.0889,429.699,-167.61,-77.474,427.871,-185.354,75.1731,394.344,-184.573,-79.6461,394.029
-166.333,76.3637,433.454,-164.173,-75.9807,431.104,-187.974,74.2552,392.996,-187.478,-78.9645,392.623
-162.322,75.884,439.112,-160.008,-74.4869,436.123,-190.189,73.5827,392.762,-190.073,-78.5625,392.403
-157.949,75.9151,444.922,-155.46,-73.2593,441.185,-192.177,73.7396,392.107,-192.588,-79.0023,391.891
-160.26,79.2053,387.622,-157.579,-75.3243,383.148,-198.056,76.8248,337.108,-199.652,-83.0613,337.368
-154.663,81.3643,400.925,-151.98,-76.1669,395.708,-204.432,84.5126,350.801,-207.615,-91.1635,351.954
-145.526,82.0935,407.499,-142.89,-75.27,401.329,-208.825,92.0397,361.415,-214.804,-99.0456,364.228
-133.75,81.1216,407.541,-131.282,-72.6292,400.361,-213.347,104.305,373.504,-224.762,-113.092,380.285
-120.456,78.6619,400.873,-118.27,-68.4162,392.499,-215.191,128.422,386.682,-238.133,-143.172,403.088
-108.675,75.8364,389.726,-106.925,-63.1743,379.582,-203.106,184.618,398.504,-253.652,-215.542,439.498
-103.049,73.2645,377.29,-100.715,-57.5211,363.483,-139.657,294.101,409.341,-235.315,-323.59,500.788
-102.382,79.9648,364.747,-96.3317,-50.0445,339.206,61477,56953.1,104755,33373.4,-164393,209684
-143.016,96.0485,369.933,-122.082,-49.579,323.898,358420,-48711.4,452145,8800.32,-51620.4,65456.8
-133.604,93.9176,344.265,-133.078,-40.8023,302.301,159.649,-149.262,275.234,221.326,87.6187,298.483
-125.627,105.135,330.787,-146.412,-49.8864,264.114,-127.317,-51.0255,171.529,-4.66459,81.274,101.802
1.3302,-0.210818,13.2329,1.30913,0.314211,13.176,0.013037,-0.00189958,0.27518,0.0130314,0.00199539,0.275642
-3.30404,1.33796,27.3397,-3.27606,-1.2852,27.2339,0.0193834,-0.00114257,0.328967,0.0194357,0.00130627,0.329673
-10.1085,5.91829,51.0579,-10.0292,-6.0168,51.0316,0.035058,-0.00039417,0.441091,0.0352458,0.000648113,0.442442
-17.2486,9.45329,76.0964,-17.1216,-9.6529,76.0907,0.226136,0.0247878,0.979041,0.229368,-0.022421,0.986554
-26.4921,13.8843,108.323,-26.2957,-14.2216,108.295,1.74151,3.71724,16.9755,1.71203,-3.77912,17.333
-42.3514,23.0949,168.032,-42.0198,-23.6596,168.058,-13.9683,10.879,77.3353,-13.7821,-11.1126,77.4351
-53.0594,27.351,202.273,-52.6536,-28.0887,202.22,-24.6261,21.1552,125.833,-24.381,-21.5791,126.127
-67.9792,33.4648,250.565,-67.4663,-34.4165,250.421,-45.8642,37.7361,220.361,-45.3171,-38.4047,220.339
-85.4193,41.0042,307.784,-84.781,-42.2156,307.57,-68.299,54.973,320.807,-67.4637,-55.9334,320.601
-104.795,49.5841,371.568,-104.016,-51.0766,371.29,-93.1509,74.2396,434.122,-91.9958,-75.5317,433.742
-126.971,59.3302,443.056,-126.033,-61.1295,442.717,-120.598,95.5204,559.524,-119.093,-97.1759,558.973
-150.087,69.4664,517.761,-148.984,-71.584,517.356,-150.708,119.698,701.746,-148.801,-121.738,700.991
-181.253,82.9953,616.03,-179.93,-85.5287,615.543,-190.578,151.938,891.87,-188.138,-154.469,890.831
-203.894,92.4089,683.909,-202.417,-95.2233,683.369,-220.332,176.495,1036.74,-217.474,-179.357,1035.44
-226.302,113.143,783.562,-224.499,-116.225,782.969,-255.534,208.656,1225.5,-252.135,-211.901,1223.89
-216.229,93.0111,664.316,-214.691,-95.922,663.662,-261.822,204.022,1206.29,-258.491,-207.262,1204.55
-208.916,87.5367,615.003,-207.495,-90.3028,614.527,-245.854,184.288,1071.83,-242.867,-187.372,1070.58
-201.485,82.1272,563.124,-200.164,-84.7341,562.807,-221.389,154.437,875.157,-219.037,-157.06,874.172
-197.915,79.1485,532.436,-196.658,-81.6897,532.227,-205.305,137.174,766.981,-203.226,-139.662,766.264
-195.519,76.9304,509.024,-194.325,-79.4315,508.897,-193.165,123.581,682.625,-191.249,-126.059,682.145
-191.797,74.4363,504.062,-190.637,-76.9562,504.038,-185.921,113.03,628.616,-184.144,-115.49,628.267
-192.662,72.9427,501.434,-191.496,-75.489,501.392,-186.764,109.135,616.612,-185.02,-111.684,616.308
-194.3,72.3143,491.419,-193.096,-74.8651,491.318,-187.926,105.659,587.968,-186.206,-108.291,587.687
-195.87,71.9438,484.551,-194.62,-74.4946,484.383,-189.091,102.553,563.431,-187.385,-105.256,563.144
-197.538,72.022,480.133,-196.244,-74.5904,479.917,-191.413,100.306,544.915,-189.708,-103.096,544.621
-202.836,73.6157,482.259,-201.491,-76.2828,482.024,-198.308,100.469,537.465,-196.577,-103.427,537.182
-201.44,73.3415,471.695,-200.084,-76.0237,471.471,-199.118,97.8311,516.897,-197.417,-100.886,516.656
-203.05,74.3682,469.63,-201.683,-77.1512,469.454,-202.922,96.8126,505.37,-201.246,-100.057,505.214
-204.352,75.5676,468.977,-202.974,-78.4444,468.86,-206.549,95.8804,495.629,-204.904,-99.3434,495.577
-204.658,76.5808,468.678,-203.273,-79.526,468.615,-209.385,94.7498,486.636,-207.78,-98.4366,486.691
-203.777,77.2367,468.763,-202.386,-80.2034,468.731,-211.41,93.5081,478.828,-209.846,-97.3947,478.969
-202.139,77.4104,469.189,-200.743,-80.3439,469.151,-213.226,92.2794,472.582,-211.7,-96.3209,472.772
-200.027,77.1494,469.421,-198.623,-79.9938,469.337,-215.261,91.2439,467.656,-213.766,-95.3824,467.849
-197.607,76.563,470.266,-196.196,-79.2687,470.104,-217.627,90.4637,464.566,-216.156,-94.6427,464.727
-195.052,75.8129,471.679,-193.632,-78.3413,471.415,-220.263,89.9269,462.836,-218.816,-94.1054,462.944
-192.359,75.0769,474.695,-190.926,-77.393,474.316,-222.924,89.6273,462.665,-221.506,-93.7847,462.72
-189.08,74.5107,479.315,-187.625,-76.5691,478.811,-224.639,89.5682,463.526,-223.254,-93.683,463.543
-185.475,74.1854,483.366,-183.991,-75.9498,482.735,-225.498,90.0302,463.52,-224.151,-94.0943,463.528
-186.124,75.776,421.855,-184.599,-77.3555,421.115,-227.541,91.6369,406.999,-226.287,-95.7907,407.038
-183.179,77.2759,432.074,-181.634,-78.5743,431.24,-232.629,97.347,419.219,-231.418,-101.531,419.349
-177.74,77.6978,437.329,-176.197,-78.6563,436.39,-235.681,101.199,427.464,-234.593,-105.368,427.736
-170.81,77.0377,438.878,-169.304,-77.6475,437.854,-239.067,105.516,436.026,-238.203,-109.724,436.602
-162.949,75.263,436.844,-161.511,-75.5453,435.748,-242.859,111.159,445.55,-242.369,-115.58,446.736
-155.665,72.6885,432.32,-154.318,-72.7084,431.163,-246.883,119.61,456.225,-247.029,-124.61,458.614
-150.11,69.5563,425.723,-148.87,-69.3762,424.485,-250.094,133.642,468.228,-251.38,-139.823,472.96
-147.025,66.1609,416.368,-145.907,-65.7425,414.946,-249.052,157.875,481.571,-252.65,-166.03,490.944
-147.514,63.2576,403.204,-146.572,-62.2601,401.327,-238.018,201.169,499.19,-247.408,-211.885,518.214
-152.575,62.6858,384.569,-152.014,-59.9714,381.536,-198.77,267.487,530.489,-225.954,-278.206,569.629
-163.3,67.1549,358.901,-163.733,-60.3693,353.159,-84.2644,286.046,576.058,-164.735,-279.088,642.534
0.640954,0.276878,12.1136,0.631838,-0.214261,12.0783,0.0142706,-0.00205401,0.275542,0.0142569,0.00220285,0.275997
-3.93712,2.33699,26.9215,-3.90615,-2.32847,26.876,0.0211886,-0.00129393,0.328196,0.0212245,0.00154984,0.328884
-11.0162,6.38708,52.2541,-10.9396,-6.52081,52.2705,0.0355806,-0.00054388,0.434273,0.0357203,0.000908637,0.435552
-18.6069,9.94659,79.4184,-18.4823,-10.1825,79.453,0.191664,0.0196193,0.903274,0.194041,-0.0173153,0.909434
-28.341,14.5836,114.061,-28.1484,-14.9616,114.091,2.33547,2.48782,11.5306,2.32357,-2.52038,11.797
-45.1323,22.9479,173.093,-44.7805,-23.5214,173.009,-15.4727,14.4471,81.8034,-15.2771,-14.6765,81.8634
-56.8583,28.3323,213.072,-56.4433,-29.125,213.018,-27.6741,23.9467,136.96,-27.3848,-24.3818,137.163
-73.0492,35.5427,267.461,-72.5284,-36.584,267.38,-49.3912,40.4441,234.131,-48.8312,-41.1578,234.178
-91.8847,44.0488,330.404,-91.2341,-45.3755,330.282,-73.049,58.4423,340.204,-72.2025,-59.4668,340.119
-112.741,53.5359,399.833,-111.941,-55.1662,399.651,-99.4993,78.8483,460.846,-98.3255,-80.2213,460.608
-136.451,64.1824,477.167,-135.478,-66.1454,476.908,-128.865,101.548,595.05,-127.325,-103.304,594.636
-161.071,75.2164,557.957,-159.913,-77.5299,557.599,-161.123,127.345,747.284,-159.163,-129.515,746.648
-194.119,89.8222,663.785,-192.718,-92.5998,663.296,-204.049,162.005,952.262,-201.523,-164.722,951.314
-217.854,99.9538,737.024,-216.278,-103.064,736.436,-235.892,188.394,1108.47,-232.927,-191.51,1107.26
-240.514,120.896,838.211,-238.607,-124.342,837.536,-274.041,223.384,1314.86,-270.501,-226.981,1313.32
-230.216,100.48,715.588,-228.576,-103.787,714.852,-280.451,219.678,1301.01,-276.968,-223.331,1299.33
-222.873,94.6668,663.864,-221.352,-97.8745,663.297,-262.754,198.18,1154.14,-259.63,-201.692,1152.89
-215.146,88.5594,607.32,-213.741,-91.649,606.929,-237.024,166.24,942.28,-234.555,-169.276,941.239
-211.316,85.1458,574.161,-209.972,-88.1619,573.853,-220.567,148.201,828.292,-218.382,-151.099,827.517
-208.003,82.3247,546.816,-206.723,-85.266,546.579,-206.581,132.815,732.746,-204.593,-135.679,732.255
-203.463,79.3351,538.952,-202.225,-82.2627,538.821,-198.838,121.442,674.026,-197.006,-124.265,673.679
-203.604,77.3919,533.913,-202.393,-80.3399,533.805,-199.146,116.951,659.27,-197.376,-119.835,659.001
-205.155,76.4783,522.703,-203.952,-79.4572,522.609,-200.018,112.933,627.595,-198.301,-115.869,627.372
-207.021,75.9166,515.333,-205.819,-78.9292,515.245,-201.134,109.439,600.689,-199.457,-112.427,600.495
-208.944,75.7454,510.448,-207.736,-78.7948,510.367,-203.454,106.87,580.313,-201.801,-109.932,580.137
-214.46,77.0193,512.399,-213.227,-80.1645,512.329,-210.5,106.835,571.974,-208.834,-110.047,571.818
-212.616,76.0771,500.157,-211.394,-79.2215,500.109,-210.975,103.782,549.518,-209.344,-107.067,549.398
-213.948,76.4067,496.808,-212.724,-79.6122,496.795,-214.838,102.562,537.275,-213.223,-105.993,537.213
-215.033,76.813,494.533,-213.805,-80.075,494.556,-218.743,101.521,527.082,-217.142,-105.119,527.083
-215.444,77.0686,492.568,-214.212,-80.37,492.618,-222.299,100.465,518.16,-220.712,-104.228,518.221
-215.034,77.1124,491.051,-213.8,-80.4262,491.113,-225.401,99.4384,510.76,-223.826,-103.346,510.862
-214.203,76.9093,490.138,-212.966,-80.2107,490.193,-228.417,98.4949,505.076,-226.849,-102.514,505.195
-213.101,76.5235,489.382,-211.865,-79.7918,489.415,-231.44,97.7227,500.652,-229.872,-101.815,500.762
-211.805,76.0302,489.558,-210.57,-79.2507,489.558,-234.366,97.1401,497.911,-232.794,-101.269,497.993
-210.412,75.501,490.449,-209.18,-78.6668,490.414,-237.076,96.7383,496.383,-235.498,-100.875,496.426
-208.912,75.0102,492.838,-207.684,-78.1193,492.769,-239.403,96.52,496.274,-237.818,-100.647,496.278
-206.875,74.6124,496.42,-205.651,-77.6563,496.322,-240.53,96.4455,496.975,-238.936,-100.541,496.943
-204.522,74.312,498.811,-203.298,-77.2871,498.691,-240.534,96.6659,496.38,-238.929,-100.717,496.322
-204.632,75.2949,434.351,-203.389,-78.2477,434.209,-239.268,96.8709,437.722,-237.656,-100.874,437.635
-203.734,76.7929,441.97,-202.466,-79.6949,441.809,-242.75,101.272,447.454,-241.063,-105.301,447.352
-201.054,77.5429,445.662,-199.773,-80.3772,445.487,-243.978,103.538,452.64,-242.244,-107.582,452.525
-197.673,77.7783,447.372,-196.387,-80.5371,447.186,-244.767,105.364,456.666,-242.992,-109.426,456.55
-193.856,77.4722,447.54,-192.572,-80.1535,447.346,-245.193,106.971,460.045,-243.379,-111.061,459.94
-190.354,76.7271,446.864,-189.078,-79.345,446.667,-245.39,108.582,463.005,-243.537,-112.714,462.935
-187.478,75.4659,445.376,-186.216,-78.0422,445.181,-245.386,110.429,465.819,-243.487,-114.621,465.816
-185.198,73.5485,442.479,-183.956,-76.1052,442.289,-244.256,112.257,468.215,-242.303,-116.51,468.321
-183.997,70.9104,437.713,-182.782,-73.4745,437.527,-242.028,114.477,470.486,-240,-118.791,470.766
-184.306,67.6224,430.161,-183.135,-70.2177,429.982,-238.891,117.548,473.11,-236.751,-121.924,473.669
-185.784,64.1631,417.681,-184.711,-66.7634,417.522,-234.592,121.791,476.204,-232.295,-126.205,477.221
0.298578,0.516644,11.5712,0.295264,-0.474127,11.5466,0.0148869,-0.00213561,0.275724,0.0148691,0.00231098,0.276176
-4.26117,2.64479,26.7461,-4.22999,-2.65719,26.7236,0.0220591,-0.00138133,0.327791,0.0220866,0.00168509,0.328468
-11.5008,6.55394,52.9994,-11.4246,-6.7048,53.0291,0.0358095,-0.00066599,0.430824,0.0359244,0.00109709,0.432054
-19.3068,10.1848,81.2051,-19.1819,-10.4389,81.2529,0.176131,0.0172509,0.868036,0.178085,-0.0149205,0.873458
-29.2826,14.9515,117.075,-29.0901,-15.3499,117.125,2.40927,1.93047,9.26121,2.41355,-1.94364,9.45445
-46.5339,23.3672,177.296,-46.1989,-24.0039,177.271,-15.315,14.589,81.3162,-15.1551,-14.8364,81.4934
-58.7149,29.0657,219.148,-58.3009,-29.9064,219.124,-29.0354,24.9005,142.167,-28.7341,-25.3504,142.361
-75.4634,36.6564,275.939,-74.93,-37.7397,275.86,-51.0492,41.6347,240.842,-50.4806,-42.3726,240.909
-94.9312,45.5538,341.42,-94.2572,-46.9249,341.279,-75.4315,60.1818,350.249,-74.5692,-61.2373,350.179
-116.472,55.4499,413.561,-115.64,-57.1338,413.344,-102.717,81.237,474.814,-101.52,-82.6476,474.579
-140.91,66.529,493.82,-139.898,-68.5608,493.512,-133.03,104.681,613.513,-131.46,-106.482,613.088
-166.285,78.0112,577.723,-165.082,-80.4119,577.304,-166.34,131.314,770.801,-164.341,-133.537,770.137
-200.322,93.1735,687.478,-198.869,-96.0629,686.915,-210.77,167.224,983.298,-208.19,-170.006,982.294
-224.72,103.71,763.621,-223.09,-106.951,762.949,-243.67,194.574,1145.28,-240.644,-197.765,1143.99
-247.646,124.828,865.85,-245.687,-128.424,865.084,-283.275,230.99,1360.42,-279.662,-234.673,1358.77
-237.372,104.256,741.477,-235.683,-107.71,740.656,-289.79,227.753,1349.12,-286.233,-231.493,1347.35
-229.949,98.261,688.316,-228.381,-101.609,687.659,-271.158,205.238,1195.39,-267.973,-208.828,1194.05
-222.024,91.8117,629.221,-220.58,-95.0397,628.749,-244.785,172.145,975.539,-242.267,-175.252,974.409
-218.205,88.2337,594.996,-216.826,-91.3871,594.611,-228.195,153.706,858.627,-225.971,-156.671,857.77
-214.618,85.1419,565.779,-213.306,-88.2055,565.463,-213.339,137.39,757.314,-211.328,-140.313,756.763
-209.925,81.9458,556.705,-208.658,-84.9819,556.492,-205.459,125.63,696.343,-203.609,-128.507,695.944
-209.853,79.7665,550.535,-208.621,-82.8146,550.354,-205.531,120.831,680.171,-203.753,-123.759,679.861
-211.247,78.6194,538.483,-210.036,-81.693,538.329,-206.181,116.476,646.851,-204.468,-119.442,646.594
-213.022,77.8347,530.493,-211.825,-80.9383,530.36,-207.153,112.704,618.63,-205.493,-115.713,618.412
-214.856,77.4114,525.047,-213.667,-80.5457,524.935,-209.366,109.896,597.216,-207.738,-112.971,597.026
-220.337,78.4148,526.646,-219.133,-81.6327,526.551,-216.409,109.7,588.362,-214.776,-112.913,588.195
-218.218,77.0269,513.315,-217.033,-80.2241,513.241,-216.691,106.398,564.872,-215.098,-109.667,564.739
-219.451,76.9392,509.091,-218.268,-80.1675,509.037,-220.644,105.075,552.32,-219.065,-108.465,552.225
-220.599,76.929,505.758,-219.413,-80.1843,505.721,-224.82,104,541.927,-223.25,-107.52,541.868
-221.386,76.8602,502.816,-220.198,-80.1322,502.788,-228.939,103.024,533.098,-227.374,-106.673,533.069
-221.653,76.7208,500.48,-220.461,-79.9958,500.452,-232.761,102.143,525.896,-231.198,-105.906,525.884
-221.722,76.4934,498.975,-220.529,-79.7624,498.938,-236.473,101.353,520.385,-234.91,-105.21,520.377
-221.634,76.2161,497.828,-220.441,-79.4727,497.778,-239.99,100.688,516,-238.424,-104.618,515.983
-221.392,75.921,497.73,-220.199,-79.161,497.662,-243.144,100.146,513.135,-241.574,-104.128,513.102
-221.051,75.6249,498.348,-219.86,-78.8473,498.263,-245.838,99.7221,511.347,-244.263,-103.737,511.294
-220.608,75.3593,500.349,-219.419,-78.566,500.249,-247.995,99.4308,510.871,-246.414,-103.465,510.799
-219.647,75.1507,503.336,-218.46,-78.336,503.223,-248.922,99.2266,511.095,-247.337,-103.258,511.005
-218.367,74.9907,504.866,-217.182,-78.1526,504.746,-248.709,99.2208,509.85,-247.119,-103.233,509.747
-218.303,75.8652,439.085,-217.102,-79.0188,438.956,-245.626,98.5954,449.765,-244.04,-102.543,449.641
-218.771,77.5667,445.498,-217.544,-80.7165,445.358,-248.616,102.347,457.937,-246.968,-106.33,457.801
-217.716,78.6856,448.395,-216.473,-81.8166,448.25,-249.414,104.006,461.563,-247.732,-108.005,461.416
-216.256,79.562,449.927,-215,-82.6692,449.778,-249.54,105.058,463.495,-247.832,-109.069,463.341
-214.548,80.1887,450.569,-213.281,-83.2696,450.418,-249.146,105.692,464.305,-247.417,-109.714,464.146
-213.095,80.6301,450.849,-211.821,-83.6907,450.699,-248.455,106.077,464.273,-246.709,-110.111,464.115
-211.917,80.7679,450.704,-210.638,-83.8154,450.556,-247.68,106.367,463.735,-245.916,-110.414,463.583
-210.669,80.4478,449.694,-209.392,-83.4851,449.552,-246.149,106.209,462.45,-244.372,-110.26,462.305
-209.566,79.5799,447.796,-208.295,-82.6131,447.661,-243.968,105.75,460.56,-242.179,-109.797,460.428
-208.934,78.0449,444.893,-207.677,-81.0866,444.766,-241.298,105.07,458.197,-239.495,-109.107,458.083
-208.667,75.5791,439.898,-207.433,-78.6418,439.785,-237.789,104.08,454.714,-235.969,-108.101,454.629
0.128194,0.635139,11.3052,0.127719,-0.602585,11.286,0.0151951,-0.00217748,0.275816,0.0151752,0.00236612,0.276267
-4.4252,2.73827,26.6676,-4.39431,-2.76073,26.6544,0.0224857,-0.00142764,0.327585,0.0225089,0.00175595,0.328255
-11.7511,6.62043,53.4112,-11.6749,-6.77972,53.4456,0.0359129,-0.000739452,0.429089,0.0360152,0.00120603,0.430291
-19.6618,10.3021,82.1306,-19.5364,-10.5653,82.1832,0.168744,0.0161096,0.85102,0.170489,-0.0137567,0.856061
-29.7591,15.1412,118.622,-29.5661,-15.5499,118.681,2.3741,1.67547,8.27738,2.38529,-1.67928,8.43461
-47.2366,23.6846,179.76,-46.9086,-24.3529,179.77,-14.9942,14.3508,80.275,-14.8536,-14.6071,80.5161
-59.6308,29.4932,222.369,-59.216,-30.3579,222.357,-29.6785,25.3023,144.698,-29.3732,-25.7618,144.898
-76.6379,37.2392,280.228,-76.097,-38.3431,280.146,-51.8379,42.1942,244.129,-51.2639,-42.9427,244.199
-96.4048,46.3111,346.904,-95.7181,-47.7041,346.749,-76.6081,61.0514,355.329,-75.7355,-62.1199,355.254
-118.274,56.4,420.368,-117.424,-58.11,420.128,-104.324,82.4524,481.936,-103.112,-83.8785,481.686
-143.067,67.6905,502.086,-142.034,-69.755,501.748,-135.114,106.282,622.933,-133.523,-108.101,622.483
-168.818,79.3985,587.571,-167.593,-81.8393,587.117,-168.944,133.342,782.774,-166.919,-135.586,782.074
-203.354,94.8471,699.342,-201.875,-97.7855,698.738,-214.105,169.882,999.032,-211.494,-172.686,997.975
-228.093,105.597,776.99,-226.435,-108.891,776.271,-247.518,197.716,1163.89,-244.456,-200.927,1162.54
-251.158,126.813,879.785,-249.173,-130.465,878.967,-287.82,234.839,1383.36,-284.163,-238.534,1381.62
-240.904,106.149,754.468,-239.192,-109.652,753.599,-294.388,231.84,1373.32,-290.787,-235.584,1371.46
-233.419,100.054,700.516,-231.827,-103.44,699.809,-275.276,208.79,1216.03,-272.055,-212.375,1214.61
-225.386,93.434,640.099,-223.923,-96.696,639.581,-248.59,175.1,992.112,-246.045,-178.198,990.916
-221.598,89.7865,605.389,-220.206,-92.975,604.964,-231.95,156.46,873.739,-229.703,-159.415,872.824
-217.909,86.567,575.259,-216.586,-89.6604,574.908,-216.665,139.666,769.475,-214.64,-142.575,768.879
-213.188,83.2802,565.637,-211.909,-86.3395,565.387,-208.741,127.716,707.402,-206.881,-130.582,706.967
-213.042,80.9869,558.93,-211.801,-84.0516,558.711,-208.7,122.758,690.505,-206.918,-125.673,690.166
-214.353,79.7136,546.43,-213.135,-82.7978,546.238,-209.234,118.222,656.337,-207.521,-121.174,656.058
-216.052,78.8007,538.073,-214.85,-81.9094,537.901,-210.117,114.294,627.426,-208.461,-117.287,627.191
-217.807,78.2328,532.273,-216.615,-81.3668,532.122,-212.257,111.349,605.464,-210.638,-114.404,605.258
-223.247,79.0888,533.62,-222.044,-82.2998,533.483,-219.293,111.057,596.331,-217.673,-114.247,596.147
-221.003,77.4776,519.685,-219.824,-80.6588,519.565,-219.493,107.622,572.304,-217.916,-110.857,572.15
-222.244,77.203,515.002,-221.068,-80.4044,514.896,-223.527,106.247,559.598,-221.964,-109.588,559.471
-223.514,77.0257,511.165,-222.339,-80.2453,511.069,-227.871,105.149,549.076,-226.316,-108.602,548.971
-224.599,76.8484,507.805,-223.424,-80.0808,507.713,-232.279,104.2,540.237,-230.729,-107.765,540.15
-225.305,76.6692,505.148,-224.129,-79.9064,505.056,-236.432,103.364,533.041,-234.883,-107.029,532.962
-225.909,76.4663,503.423,-224.733,-79.705,503.327,-240.44,102.612,527.499,-238.89,-106.365,527.422
-226.394,76.2592,502.124,-225.219,-79.4968,502.02,-244.159,101.957,523.01,-242.608,-105.786,522.928
-226.733,76.06,501.897,-225.559,-79.2946,501.786,-247.415,101.394,519.971,-245.862,-105.281,519.879
-226.967,75.8662,502.375,-225.795,-79.0977,502.256,-250.134,100.922,517.958,-248.578,-104.854,517.855
-227.099,75.6987,504.197,-225.929,-78.9286,504.071,-252.284,100.565,517.227,-250.726,-104.529,517.115
-226.721,75.58,506.949,-225.553,-78.8028,506.817,-253.233,100.281,517.184,-251.674,-104.256,517.064
-226.018,75.5006,508.181,-224.851,-78.7135,508.048,-253.07,100.173,515.645,-251.511,-104.14,515.52
-225.81,76.3527,441.932,-224.628,-79.5559,441.794,-249.249,99.2059,454.961,-247.698,-103.105,454.824
-226.941,78.1611,447.928,-225.732,-81.3749,447.783,-252.235,102.706,462.526,-250.63,-106.648,462.381
-226.589,79.4373,450.536,-225.362,-82.6454,450.387,-253.096,104.166,465.653,-251.463,-108.126,465.501
-225.881,80.5491,451.92,-224.64,-83.7471,451.77,-253.223,104.981,466.95,-251.571,-108.953,466.793
-224.946,81.5013,452.556,-223.691,-84.6863,452.405,-252.815,105.352,467.053,-251.15,-109.332,466.891
-224.23,82.362,452.927,-222.962,-85.5383,452.777,-252.116,105.449,466.265,-250.441,-109.435,466.103
-223.678,83.0256,452.958,-222.401,-86.197,452.809,-251.379,105.431,464.954,-249.695,-109.423,464.792
-222.858,83.3715,452.269,-221.576,-86.5358,452.124,-249.994,104.973,462.904,-248.307,-108.962,462.744
-221.886,83.3661,450.954,-220.602,-86.5227,450.813,-248.078,104.224,460.268,-246.391,-108.201,460.11
-220.98,82.956,449.101,-219.699,-86.1081,448.965,-245.776,103.273,457.17,-244.092,-107.233,457.015
-219.901,81.9093,445.905,-218.63,-85.0581,445.776,-242.72,102.04,452.926,-241.042,-105.971,452.778
0.0432405,0.693982,11.1737,0.0441676,-0.666386,11.1571,0.0153491,-0.00219868,0.275862,0.0153282,0.00239396,0.276312
-4.50774,2.76797,26.6307,-4.47711,-2.79535,26.6215,0.0226967,-0.00145141,0.32748,0.0227178,0.00179217,0.328147
-11.8783,6.64942,53.6273,-11.8021,-6.81289,53.6634,0.0359614,-0.000779352,0.428219,0.0360573,0.00126419,0.429405
-19.8405,10.3603,82.6016,-19.7148,-10.6281,82.6561,0.16514,0.0155487,0.842655,0.166782,-0.0131827,0.847504
-29.999,15.2377,119.407,-29.8055,-15.6516,119.469,2.33899,1.5549,7.82275,2.35291,-1.55434,7.96314
-47.5877,23.8571,181.04,-47.2612,-24.5378,181.061,-14.7861,14.2086,79.5757,-14.6535,-14.4676,79.8418
-60.0869,29.7178,224.016,-59.6706,-30.593,224.008,-29.9957,25.5016,145.959,-29.6885,-25.966,146.161
-77.2199,37.538,282.397,-76.6753,-38.6521,282.314,-52.2212,42.4688,245.749,-51.6443,-43.2218,245.819
-97.1335,46.6949,349.662,-96.441,-48.0993,349.501,-77.1881,61.4845,357.865,-76.3102,-62.5585,357.785
-119.164,56.8785,423.782,-118.307,-58.6021,423.533,-105.122,83.0615,485.508,-103.902,-84.4943,485.249
-144.133,68.2739,506.228,-143.091,-70.3549,505.878,-136.15,107.086,627.666,-134.549,-108.913,627.202
-170.072,80.0952,592.508,-168.835,-82.5553,592.04,-170.239,134.362,788.791,-168.201,-136.614,788.071
-204.855,95.6885,705.298,-203.364,-98.6496,704.677,-215.762,171.217,1006.93,-213.133,-174.029,1005.84
-229.762,106.546,783.709,-228.091,-109.864,782.97,-249.424,199.294,1173.23,-246.343,-202.51,1171.84
-252.891,127.813,886.794,-250.893,-131.488,885.952,-290.062,236.766,1394.83,-286.381,-240.461,1393.05
-242.641,107.095,760.981,-240.917,-110.617,760.089,-296.651,233.886,1385.43,-293.026,-237.626,1383.52
-235.113,100.947,706.612,-233.509,-104.346,705.881,-277.293,210.564,1226.34,-274.052,-214.138,1224.87
-227.018,94.2402,645.524,-225.547,-97.5128,644.984,-250.452,176.573,1000.38,-247.893,-179.66,999.152
-223.248,90.5608,610.586,-221.849,-93.7609,610.143,-233.79,157.834,881.292,-231.531,-160.778,880.346
-219.51,87.2792,580.009,-218.182,-90.3822,579.642,-218.29,140.799,775.535,-216.258,-143.695,774.916
-214.781,83.9502,570.129,-213.497,-87.0161,569.863,-210.35,128.757,712.924,-208.485,-131.611,712.472
-214.602,81.6011,563.162,-213.355,-84.6687,562.924,-210.254,123.719,695.662,-208.469,-126.623,695.309
-215.867,80.2634,550.436,-214.644,-83.3468,550.222,-210.729,119.093,661.07,-209.015,-122.034,660.78
-217.52,79.284,541.884,-216.313,-82.3888,541.689,-211.565,115.084,631.809,-209.909,-118.066,631.564
-219.226,78.6419,535.893,-218.031,-81.7691,535.717,-213.667,112.067,609.566,-212.051,-115.111,609.352
-224.644,79.4247,537.099,-223.438,-82.6262,536.934,-220.702,111.726,600.291,-219.087,-114.901,600.097
-222.346,77.707,522.851,-221.166,-80.8753,522.703,-220.868,108.225,575.994,-219.298,-111.44,575.826
-223.612,77.3509,517.944,-222.437,-80.5359,517.807,-224.956,106.825,563.209,-223.4,-110.138,563.062
-224.973,77.1073,513.875,-223.801,-80.3086,513.745,-229.392,105.715,552.611,-227.844,-109.132,552.481
-226.236,76.8949,510.339,-225.066,-80.1095,510.213,-233.94,104.775,543.745,-232.397,-108.294,543.627
-227.184,76.7116,507.555,-226.015,-79.9342,507.431,-238.241,103.951,536.517,-236.7,-107.565,536.405
-228.067,76.5305,505.745,-226.9,-79.7593,505.619,-242.374,103.204,530.922,-240.833,-106.906,530.811
-228.844,76.3608,504.381,-227.678,-79.5944,504.253,-246.177,102.542,526.348,-244.636,-106.32,526.233
-229.475,76.2062,504.095,-228.311,-79.443,503.963,-249.477,101.958,523.193,-247.936,-105.798,523.074
-229.995,76.0574,504.506,-228.834,-79.2967,504.37,-252.216,101.454,521.05,-250.674,-105.343,520.924
-230.412,75.9323,506.247,-229.253,-79.1755,506.109,-254.383,101.058,520.185,-252.84,-104.986,520.055
-230.323,75.8535,508.903,-229.164,-79.0949,508.763,-255.372,100.735,520.015,-253.83,-104.679,519.881
-229.902,75.8117,510.024,-228.744,-79.0481,509.885,-255.27,100.582,518.354,-253.728,-104.525,518.219
-229.603,76.6553,443.59,-228.431,-79.8793,443.447,-251.135,99.4711,457.419,-249.604,-103.344,457.275
-231.038,78.5077,449.422,-229.84,-81.7475,449.274,-254.171,102.868,464.74,-252.589,-106.786,464.59
-230.99,79.8422,451.907,-229.773,-83.0806,451.757,-255.116,104.25,467.695,-253.508,-108.189,467.539
-230.587,81.0341,453.202,-229.353,-84.2668,453.05,-255.305,104.976,468.776,-253.681,-108.928,468.617
-229.95,82.0942,453.782,-228.702,-85.3182,453.63,-254.959,105.252,468.654,-253.323,-109.211,468.491
-229.514,83.0966,454.121,-228.252,-86.3154,453.969,-254.322,105.247,467.64,-252.679,-109.212,467.476
-229.205,83.9455,454.143,-227.931,-87.1619,453.993,-253.659,105.124,466.111,-252.01,-109.094,465.946
-228.561,84.5392,453.49,-227.28,-87.7497,453.343,-252.38,104.569,463.867,-250.73,-108.533,463.702
-227.666,84.8749,452.29,-226.381,-88.0767,452.146,-250.599,103.733,461.069,-248.954,-107.684,460.904
-226.693,84.9432,450.686,-225.406,-88.136,450.545,-248.459,102.708,457.851,-246.82,-106.64,457.687
-225.332,84.5684,447.948,-224.049,-87.7486,447.811,-245.588,101.42,453.539,-243.959,-105.321,453.377
0.000829216,0.723295,11.1083,0.00245239,-0.698172,11.0931,0.0154262,-0.00220934,0.275885,0.0154047,0.00240794,0.276334
-4.54914,2.77828,26.6129,-4.51868,-2.8081,26.6056,0.0228016,-0.00146344,0.327427,0.0228216,0.00181047,0.328093
-11.9424,6.66285,53.7379,-11.8661,-6.8284,53.7748,0.0359848,-0.000800101,0.427783,0.0360775,0.00129419,0.428962
-19.9302,10.3893,82.8391,-19.8043,-10.6593,82.8945,0.16336,0.0152706,0.838508,0.16495,-0.0128977,0.84326
-30.1193,15.2863,119.802,-29.9256,-15.7029,119.865,2.31731,1.49643,7.60435,2.33237,-1.4938,7.7367
-47.7631,23.9446,181.684,-47.4366,-24.6302,181.708,-14.6726,14.1405,79.1863,-14.5432,-14.4002,79.462
-60.3147,29.8319,224.846,-59.8974,-30.7119,224.839,-30.1541,25.6036,146.591,-29.846,-26.0703,146.794
-77.5103,37.6893,283.489,-76.9638,-38.8085,283.405,-52.41,42.6055,246.554,-51.8316,-43.3605,246.623
-97.4967,46.8887,351.049,-96.8015,-48.299,350.885,-77.4753,61.7003,359.129,-76.5948,-62.7769,359.047
-119.607,57.1195,425.496,-118.747,-58.85,425.243,-105.518,83.3657,487.292,-104.294,-84.8014,487.029
-144.663,68.5672,508.305,-143.617,-70.6565,507.951,-136.666,107.489,630.033,-135.059,-109.319,629.562
-170.696,80.4451,594.983,-169.455,-82.9148,594.51,-170.885,134.873,791.802,-168.84,-137.129,791.073
-205.602,96.1111,708.286,-204.105,-99.0831,707.657,-216.587,171.885,1010.88,-213.949,-174.701,1009.78
-230.592,107.023,787.08,-228.915,-110.353,786.332,-250.372,200.083,1177.9,-247.28,-203.301,1176.49
-253.751,128.315,890.311,-251.746,-132.001,889.459,-291.174,237.728,1400.57,-287.48,-241.423,1398.76
-243.5,107.568,764.243,-241.769,-111.099,763.34,-297.771,234.908,1391.49,-294.134,-238.645,1389.55
-235.945,101.392,709.66,-234.336,-104.797,708.918,-278.287,211.449,1231.48,-275.036,-215.016,1230
-227.818,94.6416,648.234,-226.342,-97.9184,647.685,-251.369,177.307,1004.51,-248.802,-180.388,1003.27
-224.055,90.9468,613.186,-222.653,-94.1517,612.736,-234.697,158.52,885.069,-232.431,-161.457,884.108
-220.294,87.6345,582.389,-218.963,-90.7415,582.015,-219.089,141.363,778.561,-217.053,-144.252,777.932
-215.561,84.2853,572.385,-214.275,-87.3538,572.111,-211.143,129.277,715.687,-209.275,-132.125,715.226
-215.365,81.9085,565.291,-214.116,-84.9768,565.044,-211.02,124.2,698.242,-209.232,-127.098,697.883
-216.606,80.5381,552.45,-215.38,-83.6205,552.226,-211.466,119.528,663.44,-209.75,-122.464,663.144
-218.233,79.5249,543.8,-217.023,-82.627,543.593,-212.277,115.478,634.003,-210.621,-118.456,633.754
-219.912,78.845,537.71,-218.714,-81.9682,537.519,-214.359,112.426,611.618,-212.745,-115.464,611.399
-225.317,79.5914,538.84,-224.109,-82.7874,538.661,-221.394,112.06,602.272,-219.781,-115.228,602.072
-222.993,77.8219,524.433,-221.812,-80.9832,524.269,-221.547,108.526,577.839,-219.979,-111.731,577.664
-224.278,77.4283,519.416,-223.103,-80.6051,519.261,-225.664,107.115,565.014,-224.111,-110.413,564.857
-225.692,77.1565,515.236,-224.522,-80.3494,515.088,-230.149,106,554.377,-228.604,-109.397,554.232
-227.054,76.932,511.621,-225.886,-80.1392,511.478,-234.766,105.062,545.49,-233.227,-108.559,545.356
-228.128,76.7513,508.784,-226.963,-79.9684,508.643,-239.136,104.242,538.238,-237.6,-107.831,538.108
-229.155,76.584,506.937,-227.992,-79.81,506.797,-243.326,103.495,532.606,-241.791,-107.171,532.478
-230.078,76.4342,505.545,-228.917,-79.6678,505.404,-247.166,102.827,527.98,-245.631,-106.579,527.85
-230.855,76.3017,505.23,-229.696,-79.5411,505.089,-250.487,102.229,524.762,-248.952,-106.046,524.629
-231.517,76.1742,505.608,-230.361,-79.4187,505.465,-253.237,101.707,522.548,-251.702,-105.576,522.412
-232.076,76.0689,507.311,-230.922,-79.3196,507.167,-255.415,101.292,521.615,-253.88,-105.202,521.477
-232.128,76.009,509.924,-230.975,-79.2599,509.78,-256.43,100.95,521.385,-254.896,-104.878,521.244
-231.846,75.9851,510.999,-230.693,-79.2329,510.857,-256.365,100.776,519.668,-254.833,-104.705,519.528
-231.5,76.8251,444.483,-230.333,-80.0588,444.339,-252.087,99.5991,458.621,-250.567,-103.458,458.473
-233.079,78.6966,450.242,-231.886,-81.9482,450.092,-255.158,102.949,465.834,-253.587,-106.855,465.681
-233.17,80.0547,452.67,-231.957,-83.3064,452.518,-256.156,104.298,468.72,-254.561,-108.226,468.562
-232.901,81.2771,453.915,-231.672,-84.5247,453.763,-256.387,104.985,469.715,-254.776,-108.926,469.554
-232.394,82.3777,454.456,-231.15,-85.618,454.303,-256.083,105.22,469.507,-254.462,-109.169,469.343
-232.078,83.4339,454.763,-230.82,-86.6703,454.61,-255.49,105.172,468.41,-253.862,-109.126,468.245
-231.874,84.3554,454.762,-230.603,-87.5903,454.61,-254.873,105.004,466.804,-253.24,-108.962,466.637
-231.311,85.0495,454.101,-230.032,-88.2791,453.953,-253.65,104.406,464.495,-252.017,-108.359,464.328
-230.459,85.5279,452.922,-229.174,-88.7484,452.776,-251.935,103.53,461.652,-250.308,-107.469,461.483
-229.474,85.8024,451.386,-228.185,-89.0124,451.243,-249.868,102.469,458.413,-248.248,-106.389,458.246
-228.013,85.7274,448.786,-226.726,-88.9212,448.646,-247.077,101.147,454.111,-245.469,-105.036,453.944
-0.0203594,0.737923,11.0757,-0.0183894,-0.714035,11.0612,0.0154647,-0.00221469,0.275897,0.0154429,0.00241495,0.276346
-4.56987,2.78228,26.6042,-4.5395,-2.8133,26.5977,0.0228539,-0.00146948,0.327401,0.0228734,0.00181966,0.328066
-11.9746,6.6693,53.7938,-11.8983,-6.83588,53.8311,0.0359963,-0.000810676,0.427565,0.0360874,0.00130942,0.42874
-19.9751,10.4038,82.9583,-19.8491,-10.6749,83.0141,0.162475,0.0151321,0.836444,0.16404,-0.0127556,0.841147
-30.1796,15.3108,120,-29.9857,-15.7286,120.064,2.30548,1.46766,7.49732,2.32106,-1.46402,7.62575
-47.8508,23.9883,182.006,-47.524,-24.676,182.032,-14.6138,14.1084,78.9824,-14.4859,-14.3682,79.262
-60.4286,29.8893,225.263,-60.0107,-30.7715,225.256,-30.2334,25.6555,146.908,-29.9247,-26.1234,147.111
-77.6554,37.7655,284.037,-77.108,-38.8872,283.953,-52.5037,42.6738,246.954,-51.9245,-43.4297,247.023
-97.6781,46.9862,351.744,-96.9817,-48.3994,351.58,-77.6181,61.808,359.759,-76.7363,-62.8857,359.676
-119.829,57.2405,426.355,-118.966,-58.9746,426.101,-105.715,83.5175,488.183,-104.489,-84.9547,487.918
-144.928,68.7144,509.346,-143.88,-70.8079,508.99,-136.923,107.69,631.216,-135.314,-109.522,630.742
-171.007,80.6206,596.223,-169.764,-83.0951,595.747,-171.207,135.128,793.308,-169.159,-137.386,792.574
-205.975,96.3229,709.782,-204.475,-99.3004,709.15,-216.998,172.219,1012.85,-214.356,-175.037,1011.75
-231.006,107.262,788.768,-229.326,-110.597,788.017,-250.844,200.477,1180.23,-247.748,-203.697,1178.82
-254.179,128.567,892.073,-252.171,-132.257,891.215,-291.728,238.209,1403.43,-288.027,-241.904,1401.61
-243.927,107.805,765.876,-242.193,-111.34,764.968,-298.328,235.418,1394.51,-294.684,-239.153,1392.56
-236.358,101.614,711.184,-234.746,-105.022,710.437,-278.78,211.89,1234.06,-275.524,-215.455,1232.56
-228.213,94.8418,649.589,-226.735,-98.1205,649.034,-251.824,177.674,1006.58,-249.253,-180.751,1005.32
-224.454,91.1394,614.487,-223.05,-94.3466,614.033,-235.146,158.863,886.958,-232.878,-161.796,885.99
-220.68,87.8119,583.58,-219.348,-90.9208,583.203,-219.485,141.645,780.074,-217.447,-144.531,779.44
-215.946,84.4527,573.516,-214.659,-87.5225,573.237,-211.537,129.537,717.07,-209.667,-132.382,716.605
-215.742,82.0622,566.358,-214.491,-85.1309,566.107,-211.399,124.44,699.533,-209.611,-127.336,699.172
-216.97,80.6754,553.461,-215.742,-83.7571,553.232,-211.83,119.746,664.626,-210.115,-122.679,664.328
-218.583,79.645,544.761,-217.372,-82.7457,544.547,-212.629,115.676,635.101,-210.974,-118.651,634.85
-220.248,78.9461,538.62,-219.049,-82.0671,538.423,-214.702,112.605,612.646,-213.088,-115.64,612.424
-225.646,79.6742,539.712,-224.437,-82.8673,539.525,-221.737,112.227,603.263,-220.125,-115.392,603.061
-223.309,77.8791,525.224,-222.127,-81.0369,525.051,-221.883,108.677,578.763,-220.317,-111.877,578.584
-224.604,77.4676,520.151,-223.429,-80.6403,519.987,-226.017,107.261,565.918,-224.465,-110.551,565.755
-226.048,77.183,515.918,-224.878,-80.3719,515.761,-230.526,106.143,555.26,-228.983,-109.53,555.108
-227.46,76.954,512.267,-226.294,-80.1577,512.114,-235.178,105.206,546.362,-233.641,-108.691,546.219
-228.6,76.7758,509.405,-227.437,-79.9907,509.256,-239.582,104.387,539.095,-238.048,-107.965,538.956
-229.699,76.6162,507.542,-228.538,-79.8413,507.394,-243.799,103.64,533.443,-242.266,-107.303,533.305
-230.696,76.4767,506.136,-229.538,-79.7108,505.99,-247.655,102.968,528.788,-246.123,-106.708,528.65
-231.546,76.3553,505.807,-230.39,-79.5965,505.661,-250.986,102.363,525.536,-249.454,-106.168,525.397
-232.28,76.2383,506.169,-231.126,-79.4857,506.022,-253.741,101.832,523.287,-252.21,-105.69,523.145
-232.909,76.1427,507.854,-231.757,-79.3973,507.707,-255.926,101.407,522.319,-254.396,-105.307,522.176
-233.032,76.0919,510.447,-231.881,-79.3476,510.301,-256.955,101.054,522.059,-255.426,-104.975,521.915
-232.817,76.0768,511.5,-231.667,-79.3302,511.356,-256.911,100.872,520.316,-255.384,-104.794,520.174
-232.448,76.9153,444.945,-231.284,-80.1535,444.8,-252.565,99.6628,459.216,-251.05,-103.515,459.066
-234.098,78.7958,450.67,-232.906,-82.0529,450.52,-255.655,102.99,466.379,-254.09,-106.89,466.224
-234.254,80.1643,453.07,-233.044,-83.4222,452.918,-256.681,104.324,469.233,-255.092,-108.246,469.075
-234.049,81.3996,454.29,-232.822,-84.654,454.137,-256.936,104.993,470.191,-255.331,-108.928,470.029
-233.601,82.5172,454.808,-232.359,-85.7649,454.655,-256.656,105.209,469.946,-255.041,-109.152,469.781
-233.341,83.5963,455.095,-232.085,-86.8405,454.942,-256.087,105.141,468.813,-254.466,-109.089,468.647
-233.186,84.5492,455.078,-231.916,-87.7924,454.926,-255.494,104.952,467.175,-253.869,-108.904,467.008
-232.662,85.2878,454.408,-231.383,-88.5259,454.259,-254.3,104.333,464.841,-252.676,-108.28,464.673
-231.833,85.8304,453.231,-230.549,-89.0592,453.085,-252.618,103.437,461.982,-250.999,-107.371,461.812
-230.847,86.1989,451.716,-229.558,-89.4167,451.572,-250.585,102.357,458.741,-248.975,-106.272,458.571
-229.348,86.2629,449.165,-228.059,-89.463,449.023,-247.831,101.016,454.451,-246.234,-104.899,454.282
-0.0309493,0.74523,11.0595,-0.0288063,-0.721958,11.0453,0.0154839,-0.00221737,0.275902,0.015462,0.00241846,0.276351
-4.58025,2.78397,26.5998,-4.54992,-2.8156,26.5938,0.02288,-0.00147252,0.327388,0.0228992,0.00182427,0.328052
-11.9907,6.67246,53.822,-11.9144,-6.83955,53.8594,0.036002,-0.000816014,0.427456,0.0360923,0.00131709,0.428629
-19.9976,10.411,83.0181,-19.8716,-10.6827,83.0741,0.162034,0.015063,0.835414,0.163587,-0.0126847,0.840093
-30.2097,15.323,120.099,-30.0158,-15.7415,120.164,2.29932,1.4534,7.44433,2.31514,-1.44926,7.57083
-47.8946,24.0101,182.167,-47.5676,-24.6987,182.193,-14.584,14.0929,78.8782,-14.4567,-14.3527,79.1595
-60.4855,29.9181,225.472,-60.0673,-30.8014,225.465,-30.2731,25.6818,147.066,-29.9641,-26.1501,147.27
-77.7279,37.8037,284.312,-77.18,-38.9267,284.228,-52.5504,42.7079,247.154,-51.9708,-43.4642,247.222
-97.7688,47.035,352.093,-97.0718,-48.4498,351.928,-77.6894,61.8618,360.074,-76.8069,-62.9401,359.99
-119.939,57.3012,426.785,-119.076,-59.0371,426.531,-105.814,83.5934,488.628,-104.587,-85.0313,488.362
-145.061,68.7881,509.867,-144.012,-70.8837,509.51,-137.052,107.79,631.807,-135.441,-109.623,631.332
-171.163,80.7085,596.844,-169.919,-83.1853,596.367,-171.367,135.256,794.06,-169.318,-137.514,793.324
-206.162,96.429,710.531,-204.66,-99.4092,709.897,-217.204,172.386,1013.84,-214.56,-175.205,1012.73
-231.213,107.382,789.613,-229.531,-110.719,788.86,-251.08,200.674,1181.4,-247.981,-203.894,1179.98
-254.392,128.692,892.955,-252.383,-132.386,892.095,-292.004,238.449,1404.87,-288.3,-242.144,1403.04
-244.14,107.923,766.693,-242.404,-111.46,765.782,-298.605,235.673,1396.02,-294.958,-239.408,1394.07
-236.563,101.725,711.946,-234.95,-105.134,711.196,-279.026,212.111,1235.34,-275.767,-215.674,1233.84
-228.409,94.9417,650.266,-226.93,-98.2214,649.709,-252.05,177.857,1007.61,-249.477,-180.932,1006.35
-224.652,91.2356,615.137,-223.247,-94.4439,614.682,-235.37,159.034,887.903,-233.1,-161.965,886.931
-220.872,87.9005,584.176,-219.54,-91.0104,583.798,-219.682,141.786,780.831,-217.642,-144.67,780.194
-216.137,84.5364,574.082,-214.849,-87.6068,573.802,-211.732,129.667,717.762,-209.862,-132.511,717.295
-215.929,82.139,566.893,-214.677,-85.2078,566.64,-211.588,124.56,700.179,-209.799,-127.454,699.816
-217.151,80.744,553.968,-215.922,-83.8254,553.735,-212.012,119.855,665.22,-210.296,-122.787,664.921
-218.756,79.7049,545.242,-217.544,-82.8049,545.025,-212.804,115.775,635.651,-211.149,-118.748,635.398
-220.414,78.9965,539.075,-219.214,-82.1164,538.875,-214.872,112.695,613.16,-213.258,-115.729,612.937
-225.808,79.7154,540.148,-224.598,-82.9072,539.957,-221.908,112.311,603.759,-220.296,-115.474,603.555
-223.464,77.9076,525.619,-222.283,-81.0636,525.443,-222.05,108.753,579.225,-220.485,-111.95,579.045
-224.765,77.4874,520.519,-223.591,-80.6581,520.351,-226.192,107.334,566.37,-224.642,-110.621,566.204
-226.225,77.1967,516.26,-225.055,-80.3836,516.098,-230.714,106.214,555.702,-229.173,-109.597,555.547
-227.663,76.9657,512.591,-226.497,-80.1679,512.434,-235.384,105.278,546.798,-233.848,-108.758,546.651
-228.836,76.7892,509.717,-227.673,-80.0031,509.564,-239.804,104.46,539.523,-238.271,-108.031,539.38
-229.971,76.6337,507.846,-228.811,-79.8585,507.695,-244.034,103.713,533.859,-242.502,-107.369,533.718
-231.005,76.4995,506.434,-229.849,-79.7339,506.285,-247.899,103.038,529.19,-246.368,-106.772,529.048
-231.892,76.3836,506.098,-230.737,-79.6258,505.95,-251.234,102.429,525.921,-249.704,-106.229,525.778
-232.661,76.2718,506.452,-231.509,-79.5208,506.304,-253.992,101.893,523.654,-252.463,-105.746,523.509
-233.326,76.181,508.128,-232.175,-79.4376,507.98,-256.18,101.463,522.669,-254.652,-105.359,522.524
-233.483,76.1348,510.711,-232.333,-79.3929,510.564,-257.217,101.107,522.394,-255.69,-105.023,522.248
-233.303,76.124,511.754,-232.154,-79.3802,511.609,-257.183,100.919,520.638,-255.658,-104.838,520.495
-232.921,76.9618,445.18,-231.759,-80.2023,445.035,-252.804,99.6948,459.512,-251.291,-103.543,459.361
-234.606,78.8466,450.888,-233.416,-82.1064,450.738,-255.904,103.011,466.65,-254.342,-106.908,466.495
-234.795,80.22,453.275,-233.586,-83.4808,453.122,-256.944,104.337,469.491,-255.359,-108.256,469.331
-234.62,81.4612,454.481,-233.395,-84.7189,454.328,-257.212,104.998,470.43,-255.611,-108.93,470.268
-234.201,82.5865,454.988,-232.961,-85.8377,454.834,-256.944,105.205,470.168,-255.333,-109.145,470.003
-233.968,83.6761,455.264,-232.712,-86.9241,455.111,-256.388,105.127,469.019,-254.771,-109.072,468.853
-233.836,84.6436,455.237,-232.568,-87.8907,455.085,-255.808,104.927,467.367,-254.187,-108.877,467.199
-233.331,85.403,454.562,-232.054,-88.645,454.412,-254.628,104.299,465.022,-253.008,-108.243,464.853
-232.515,85.9759,453.384,-231.23,-89.2086,453.237,-252.962,103.393,462.156,-251.348,-107.324,461.986
-231.529,86.3892,451.877,-230.24,-89.6106,451.732,-250.946,102.303,458.915,-249.341,-106.215,458.744
-230.015,86.5197,449.345,-228.725,-89.7228,449.203,-248.211,100.951,454.633,-246.618,-104.832,454.463
11.0291,-7.20648,30.5641,10.8434,7.92012,30.1653,-0.00414351,-0.00055775,0.271065,-0.00405666,-8.3775e-05,0.271619
3.81573,-27.0033,39.9842,3.48371,27.3249,39.2482,-0.0109962,-0.00198303,0.33816,-0.0107632,0.000832856,0.338675
5.672,4.7547,24.7591,6.1512,-3.7819,23.2491,-0.0142057,0.00320427,0.524565,-0.0132904,-0.00672914,0.526502
3.64921,5.31826,33.3838,3.75247,-5.0505,33.3038,1.4025,0.585157,3.68339,1.46245,-0.670199,3.79594
3.50821,3.57358,31.7824,3.62443,-3.34373,31.3929,-6.14492,20.4482,94.5429,-5.65618,-20.4501,93.9791
-1.31373,37.7269,133.44,-3.03665,-41.4123,140.694,5.94554,-50.1024,63.4378,5.94521,51.1707,64.79
-0.0232539,-0.0117758,0.0562852,-0.0203515,0.0111828,0.0513221,-182.825,361.154,544.932,-164.331,-330.416,462.013
5.49266,-3.20308,20.4564,5.39856,3.56106,20.2615,0.00561874,-0.00119883,0.273129,0.00565615,0.000975543,0.273626
0.146183,-9.56277,31.3092,0.119716,9.89703,30.6742,0.00718138,-0.00095106,0.332801,0.0073138,0.000580371,0.333511
-5.67973,0.719508,48.7608,-5.5192,-0.564976,48.1213,0.0294819,-0.00165576,0.479252,0.0299561,0.00176815,0.480454
-9.81957,6.15364,61.0206,-9.62228,-6.13701,60.5349,0.56651,0.0881843,1.6426,0.57246,-0.077936,1.64981
-15.2463,9.7981,77.9645,-14.9785,-9.88102,77.3975,-3.17725,11.3053,50.631,-3.03566,-11.2909,50.4952
-25.6582,28.9319,154.085,-25.9043,-30.383,156.097,2.37721,-21.2035,30.6258,2.24467,21.3278,31.3134
-29.8651,6.34746,84.3441,-28.4394,-4.13356,78.2239,-22.3105,32.7851,100.456,-21.0042,-30.9432,93.3387
-37.5173,18.6945,147.209,-36.95,-18.6014,145.847,-27.073,29.2415,144.904,-26.1491,-28.7937,141.801
-47.9949,27.3618,197.421,-47.9386,-28.5119,198.79,-32.5851,31.1785,179.078,-32.4392,-32.1307,180.765
-60.5926,33.4129,237.689,-60.6396,-34.9931,239.959,-46.1594,40.3046,240.033,-46.1037,-41.9181,243.413
-76.1684,38.7434,277.112,-76.0683,-40.4091,279.295,-64.4195,53.1887,316.398,-64.1996,-55.2432,320.328
-91.9133,43.8689,317.315,-91.5195,-45.566,318.904,-84.2466,68.052,402.768,-83.71,-70.5137,406.593
-111.335,51.2807,372.852,-110.578,-53.1984,373.752,-106.833,84.8079,503.352,-105.901,-87.8189,506.86
-122.958,54.6297,404.238,-121.983,-56.966,404.65,-122.105,95.6455,571.493,-120.834,-99.1193,574.291
-137.385,71.1546,483.855,-136.061,-74.0307,484.006,-137.783,109.102,655.82,-136.127,-113.033,657.803
-123.924,45.4472,358.71,-123.002,-48.4682,358.645,-143.011,100.391,612.405,-141.296,-104.139,612.713
-116.761,36.5615,310.198,-116.343,-40.0352,310.94,-139.315,93.2845,558.768,-137.655,-96.5772,558.173
-110.209,33.2043,285.741,-110.286,-37.0378,287.599,-124.622,78.4248,460.567,-123.61,-81.1086,460.602
-101.387,34.5392,283.474,-101.934,-38.4482,286.675,-107.916,68.1664,400.021,-107.508,-70.7134,401.963
-95.9717,37.1782,292.588,-96.3117,-40.0257,295.734,-96.498,60.8686,361.212,-96.4049,-63.8987,365.145
-87.7114,39.879,313.479,-86.5365,-39.9038,313.931,-86.6213,53.9466,336.736,-86.2176,-57.7873,341.314
-81.576,40.3528,323.907,-78.7989,-37.7943,321.054,-84.7036,52.5039,340.81,-83.5398,-56.6895,344.16
-66.8494,37.3554,305.06,-63.4018,-33.2888,300.053,-81.363,52.1918,332.629,-79.449,-54.9841,333.282
-27.3139,30.3461,238.492,-24.4677,-25.2115,232.567,-69.7756,48.4106,323.271,-67.3697,-46.4472,319.649
45.8946,23.4419,67.7837,45.4499,-14.6998,62.1897,-69.5159,43.8252,340.643,-66.2426,-31.967,330.714
-242.229,123.408,537.477,-237.03,-132.143,539.618,-178.189,85.4104,359.334,-177.557,-100.521,367.465
-158.061,120.785,408.204,-160.316,-128.526,414.783,-125.755,59.7664,309.219,-125.023,-56.3978,308.047
-171.639,144.171,391.002,-173.588,-150.992,399.289,-136.658,44.1887,274.434,-136.065,-38.6489,274.957
-197.534,181.49,409.73,-198.912,-187.818,421.315,-135.206,12.5066,221.216,-135.182,-4.37215,223.556
-235.964,220.04,455.109,-239.033,-231.781,472.188,-87.9547,-40.0994,122.339,-87.5886,49.0531,126.505
-193.867,126.235,502.183,-175.607,-96.0818,514.449,-0.0048985,-0.000449869,0.0301596,-0.00529045,0.00100867,0.0316395
0.000292185,-0.00578019,0.0191729,-0.000538052,0.00461779,0.0190296,-0.000275702,0.000525253,0.00228163,-0.000308957,-0.000461026,0.00224117
2.71681,-1.20327,15.5676,2.67126,1.38994,15.4665,0.0105658,-0.00162605,0.274469,0.0105754,0.00161571,0.274943
-2.09289,-1.66058,28.413,-2.07743,1.80743,28.1493,0.0155482,-0.000945169,0.330368,0.0156304,0.000931021,0.331093
-8.5052,4.49195,49.6577,-8.41158,-4.51595,49.4856,0.0338117,-0.000442264,0.454393,0.034094,0.000572521,0.455791
-14.684,8.39341,70.3544,-14.5416,-8.5205,70.2187,0.311755,0.037852,1.15589,0.316575,-0.0345574,1.16529
-22.8456,12.5602,97.7297,-22.631,-12.8153,97.5456,-0.0222784,6.28508,28.778,-0.0197434,-6.35439,29.0779
-36.8252,25.0339,163.55,-36.6803,-25.8807,164.28,-8.04994,-1.53082,59.8796,-8.06703,1.23234,60.6132
-45.4623,26.0857,182.596,-45.0912,-26.7696,182.568,-18.2738,14.4413,102.791,-18.1111,-14.8014,103.15
-57.6708,29.6471,217.368,-57.1292,-30.3817,216.928,-38.5252,31.7985,191.892,-37.9889,-32.3588,191.621
-72.1585,35.0992,262.606,-71.4726,-36.0122,261.946,-58.6944,47.8874,282.229,-57.8624,-48.7225,281.672
-88.4073,41.8414,315.123,-87.5928,-42.9971,314.369,-80.2899,64.9525,381.046,-79.1639,-66.0985,380.303
-107.341,49.7876,375.023,-106.404,-51.224,374.267,-103.735,83.3031,488.341,-102.311,-84.7786,487.492
-127.362,58.0583,437.423,-126.32,-59.7817,436.723,-129.517,104.209,610.257,-127.759,-106.005,609.3
-154.908,69.3724,520.592,-153.734,-71.4618,519.984,-163.587,131.87,771.79,-161.386,-134.024,770.628
-176.01,77.4764,578.812,-174.757,-79.8017,578.316,-189.608,153.072,895.093,-187.052,-155.396,893.663
-198.817,98.2262,677.416,-197.274,-100.743,676.974,-219.141,179.677,1049.32,-216.13,-182.167,1047.53
-189.791,78.5054,564.952,-188.494,-80.7768,564.418,-225.057,173.081,1018.48,-222.155,-175.493,1016.66
-181.108,73.3415,518.411,-179.896,-75.2693,518.029,-211.178,155.886,904.615,-208.606,-158.135,903.551
-172.875,69.2073,474.212,-171.703,-70.7877,473.911,-188.377,129.593,736.364,-186.409,-131.414,735.727
-170.294,67.4566,450.165,-169.246,-69.079,450.098,-173.476,114.398,642.426,-171.752,-116.055,641.961
-170.73,66.6799,435.906,-169.764,-68.3823,435.946,-165.38,104.577,580.427,-163.733,-106.239,579.998
-169.81,65.4618,438.575,-168.84,-67.2612,438.635,-160.001,96.2139,537.94,-158.426,-97.8854,537.468
-171.933,64.691,440.67,-170.857,-66.4784,440.51,-161.742,93.5207,531.465,-160.11,-95.2839,530.826
-171.608,63.9479,430.328,-170.351,-65.5336,429.827,-162.66,90.8059,508.509,-160.963,-92.6186,507.712
-171.102,63.4781,422.575,-169.706,-64.9237,421.831,-163.479,88.2898,488.677,-161.737,-90.1391,487.768
-172.453,63.9641,419.394,-170.978,-65.4286,418.566,-165.956,86.7574,474.122,-164.201,-88.7276,473.217
-177.87,66.1555,422.732,-176.326,-67.7567,421.9,-172.614,87.3549,468.441,-170.847,-89.5713,467.621
-177.415,66.9107,415.351,-175.828,-68.53,414.526,-173.897,85.4696,451.314,-172.172,-87.8647,450.602
-179.369,68.9482,414.99,-177.742,-70.6695,414.204,-177.446,84.7662,441.144,-175.772,-87.4359,440.57
-180.982,71.3931,416.219,-179.315,-73.1924,415.47,-180.579,83.9887,432.28,-178.974,-86.9567,431.846
-181.401,73.8071,418.029,-179.693,-75.6479,417.294,-182.322,82.7256,423.334,-180.81,-86.0068,423.031
-180.395,75.8591,420.42,-178.639,-77.6648,419.649,-182.661,81.0849,414.907,-181.259,-84.6701,414.703
-178.381,77.222,423.062,-176.569,-78.884,422.175,-182.421,79.2791,407.597,-181.14,-83.136,407.44
-175.769,77.8132,425.17,-173.89,-79.1985,424.072,-182.509,77.6294,401.47,-181.361,-81.7143,401.299
-172.786,77.6903,427.392,-170.831,-78.6524,425.979,-183.435,76.2695,397.209,-182.446,-80.5481,396.975
-169.648,77.0933,429.722,-167.603,-77.4765,427.894,-185.35,75.1631,394.33,-184.57,-79.6368,394.015
-166.324,76.367,433.48,-164.164,-75.9808,431.128,-187.975,74.2451,392.982,-187.482,-78.9541,392.61
-162.31,75.8874,439.142,-159.998,-74.4854,436.153,-190.197,73.5744,392.751,-190.084,-78.5516,392.393
-157.934,75.9199,444.96,-155.447,-73.2574,441.223,-192.193,73.7364,392.103,-192.608,-78.9919,391.888
-160.239,79.211,387.669,-157.561,-75.3219,383.196,-198.085,76.8331,337.115,-199.686,-83.056,337.376
-154.633,81.3699,400.981,-151.954,-76.1639,395.764,-204.472,84.5346,350.822,-207.661,-91.1646,351.976
-145.481,82.0971,407.557,-142.851,-75.2658,401.386,-208.875,92.0838,361.455,-214.861,-99.064,364.267
-133.687,81.121,407.594,-131.225,-72.6232,400.407,-213.404,104.396,373.571,-224.832,-113.161,380.349
-120.372,78.6562,400.914,-118.196,-68.409,392.526,-215.234,128.635,386.786,-238.213,-143.393,403.201
-108.573,75.8276,389.752,-106.845,-63.1665,379.585,-203.043,185.179,398.656,-253.7,-216.209,439.736
-102.939,73.2519,377.305,-100.653,-57.5117,363.471,-139.196,294.607,409.592,-235.011,-324.301,501.276
-102.271,80.0816,364.779,-96.355,-50.0163,339.175,63863.4,58195,108002,35832.9,-168294,215083
-143.053,95.7571,369.857,-122.242,-49.8743,324.136,357243,-47162.6,450429,5285.53,-38097.4,48078.2
-133.328,94.303,344.551,-134.588,-40.7312,302.692,146.858,-150.502,264.761,3422.21,2257.39,5125.45
-125.005,106.039,331.13,-147.502,-49.9298,264.749,-126.78,-51.4015,171.08,-4.98607,79.5748,99.7054
1.3301,-0.21079,13.2329,1.30905,0.314196,13.1759,0.013037,-0.00189963,0.27518,0.0130315,0.00199544,0.275642
-3.30413,1.33801,27.3396,-3.27613,-1.28523,27.2339,0.0193835,-0.00114271,0.328967,0.0194358,0.00130639,0.329673
-10.1086,5.91833,51.058,-10.0292,-6.01683,51.0316,0.0350579,-0.000394529,0.44109,0.0352457,0.000648373,0.442441
-17.2487,9.45334,76.0966,-17.1217,-9.65295,76.0908,0.22613,0.0247862,0.97903,0.229362,-0.0224203,0.986542
-26.4922,13.8844,108.323,-26.2958,-14.2217,108.295,1.7415,3.71722,16.975,1.71203,-3.77912,17.3324
-42.3515,23.0945,168.031,-42.0198,-23.6591,168.056,-13.9688,10.8811,77.3357,-13.7824,-11.1147,77.4352
-53.0596,27.351,202.273,-52.6538,-28.0887,202.221,-24.6261,21.1557,125.833,-24.381,-21.5796,126.127
-67.9795,33.4651,250.566,-67.4666,-34.4168,250.423,-45.864,37.7359,220.36,-45.3168,-38.4046,220.338
-85.4197,41.0046,307.786,-84.7814,-42.216,307.572,-68.2986,54.9726,320.805,-67.4633,-55.933,320.599
-104.796,49.5845,371.569,-104.017,-51.0771,371.292,-93.1505,74.2392,434.121,-91.9954,-75.5314,433.74
-126.971,59.3306,443.058,-126.033,-61.1299,442.718,-120.598,95.5199,559.523,-119.092,-97.1756,558.971
-150.088,69.4668,517.763,-148.984,-71.5844,517.358,-150.707,119.698,701.744,-148.801,-121.737,700.989
-181.253,82.9956,616.031,-179.931,-85.5289,615.544,-190.578,151.938,891.868,-188.138,-154.468,890.83
-203.894,92.4091,683.91,-202.417,-95.2235,683.37,-220.332,176.494,1036.74,-217.473,-179.357,1035.44
-226.302,113.144,783.563,-224.499,-116.225,782.97,-255.534,208.656,1225.5,-252.134,-211.901,1223.88
-216.228,93.011,664.316,-214.691,-95.922,663.662,-261.821,204.022,1206.29,-258.49,-207.262,1204.55
-208.915,87.5366,615.003,-207.494,-90.3028,614.527,-245.853,184.287,1071.82,-242.866,-187.372,1070.58
-201.484,82.1271,563.124,-200.163,-84.734,562.807,-221.388,154.437,875.157,-219.036,-157.06,874.172
-197.914,79.1484,532.437,-196.657,-81.6897,532.227,-205.304,137.174,766.981,-203.225,-139.662,766.264
-195.518,76.9305,509.025,-194.324,-79.4316,508.898,-193.164,123.581,682.625,-191.248,-126.059,682.145
-191.796,74.4365,504.063,-190.636,-76.9565,504.04,-185.92,113.03,628.616,-184.143,-115.49,628.267
-192.66,72.943,501.435,-191.495,-75.4894,501.394,-186.763,109.135,616.612,-185.019,-111.684,616.308
-194.298,72.3147,491.421,-193.094,-74.8656,491.32,-187.924,105.659,587.968,-186.205,-108.291,587.687
-195.868,71.9444,484.553,-194.618,-74.4952,484.385,-189.09,102.552,563.43,-187.383,-105.256,563.144
-197.536,72.0227,480.135,-196.242,-74.5912,479.92,-191.412,100.305,544.914,-189.707,-103.096,544.62
-202.835,73.6166,482.262,-201.489,-76.2838,482.027,-198.306,100.469,537.465,-196.576,-103.427,537.182
-201.439,73.3427,471.699,-200.083,-76.025,471.474,-199.116,97.8308,516.897,-197.416,-100.886,516.656
-203.049,74.3697,469.634,-201.682,-77.1528,469.458,-202.921,96.8121,505.37,-201.245,-100.057,505.213
-204.351,75.5692,468.981,-202.973,-78.4462,468.865,-206.548,95.8798,495.629,-204.903,-99.3431,495.576
-204.656,76.5825,468.683,-203.271,-79.5278,468.621,-209.383,94.7489,486.635,-207.778,-98.4361,486.69
-203.775,77.2383,468.769,-202.384,-80.2052,468.737,-211.407,93.5069,478.826,-209.844,-97.394,478.968
-202.137,77.4118,469.195,-200.74,-80.3453,469.157,-213.223,92.278,472.581,-211.698,-96.3198,472.77
-200.024,77.1504,469.427,-198.62,-79.9948,469.343,-215.259,91.2421,467.654,-213.764,-95.3811,467.847
-197.604,76.5638,470.272,-196.192,-79.2692,470.11,-217.625,90.4617,464.564,-216.154,-94.6412,464.725
-195.048,75.8135,471.685,-193.628,-78.3413,471.421,-220.262,89.925,462.834,-218.816,-94.1037,462.942
-192.354,75.0777,474.703,-190.921,-77.3926,474.324,-222.924,89.6259,462.664,-221.507,-93.783,462.719
-189.074,74.512,479.325,-187.619,-76.5686,478.821,-224.64,89.5682,463.527,-223.256,-93.6817,463.544
-185.467,74.1876,483.379,-183.985,-75.9496,482.748,-225.502,90.0326,463.525,-224.155,-94.0935,463.533
-186.115,75.7783,421.87,-184.591,-77.3554,421.131,-227.548,91.643,407.009,-226.294,-95.7905,407.048
-183.167,77.2777,432.091,-181.623,-78.5741,431.258,-232.637,97.3566,419.234,-231.426,-101.531,419.363
-177.725,77.6981,437.346,-176.183,-78.6555,436.407,-235.692,101.213,427.485,-234.602,-105.367,427.752
-170.79,77.0356,438.892,-169.286,-77.6459,437.868,-239.081,105.534,436.053,-238.213,-109.725,436.621
-162.925,75.2578,436.855,-161.489,-75.5429,435.757,-242.876,111.183,445.588,-242.379,-115.584,446.759
-155.638,72.6799,432.327,-154.294,-72.7059,431.167,-246.902,119.644,456.275,-247.038,-124.624,458.641
-150.08,69.5447,425.725,-148.847,-69.3737,424.485,-250.113,133.693,468.294,-251.387,-139.859,472.994
-146.995,66.1478,416.363,-145.891,-65.7395,414.944,-249.067,157.953,481.661,-252.65,-166.115,490.995
-147.482,63.2472,403.188,-146.569,-62.2538,401.324,-238.031,201.279,499.322,-247.377,-212.066,518.31
-152.539,62.6851,384.533,-152.039,-59.9558,381.537,-198.827,267.546,530.686,-225.786,-278.492,569.842
-163.247,67.1611,358.827,-163.803,-60.3332,353.171,-84.6801,285.664,576.182,-164.085,-279.037,642.729
0.640905,0.27689,12.1136,0.631796,-0.214267,12.0783,0.0142706,-0.00205403,0.275542,0.0142569,0.00220287,0.275997
-3.93716,2.337,26.9215,-3.90618,-2.32847,26.8759,0.0211887,-0.00129398,0.328196,0.0212246,0.00154988,0.328884
-11.0162,6.38709,52.2541,-10.9396,-6.52081,52.2705,0.0355807,-0.000543991,0.434273,0.0357204,0.000908703,0.435552
-18.607,9.9466,79.4185,-18.4823,-10.1825,79.453,0.191663,0.0196191,0.903272,0.19404,-0.0173153,0.909432
-28.341,14.5837,114.061,-28.1484,-14.9616,114.091,2.33545,2.48783,11.5305,2.32356,-2.5204,11.7969
-45.1323,22.9478,173.093,-44.7805,-23.5213,173.008,-15.4728,14.4475,81.8034,-15.2772,-14.6769,81.8634
-56.8584,28.3323,213.072,-56.4434,-29.125,213.018,-27.6741,23.9467,136.96,-27.3848,-24.3818,137.163
-73.0493,35.5427,267.461,-72.5285,-36.5841,267.38,-49.3911,40.4441,234.131,-48.8311,-41.1578,234.177
-91.8847,44.0489,330.404,-91.2342,-45.3756,330.282,-73.0489,58.4422,340.203,-72.2024,-59.4667,340.119
-112.742,53.536,399.833,-111.941,-55.1662,399.652,-99.4992,78.8482,460.846,-98.3253,-80.2212,460.608
-136.451,64.1825,477.167,-135.478,-66.1455,476.908,-128.864,101.548,595.049,-127.325,-103.304,594.636
-161.071,75.2165,557.957,-159.913,-77.53,557.599,-161.122,127.345,747.283,-159.162,-129.515,746.647
-194.119,89.8223,663.785,-192.718,-92.5999,663.297,-204.049,162.005,952.262,-201.522,-164.721,951.313
-217.854,99.9539,737.024,-216.278,-103.064,736.436,-235.892,188.394,1108.47,-232.926,-191.509,1107.26
-240.514,120.896,838.211,-238.606,-124.342,837.536,-274.04,223.384,1314.86,-270.501,-226.981,1313.32
-230.216,100.48,715.588,-228.576,-103.787,714.852,-280.45,219.678,1301.01,-276.968,-223.33,1299.33
-222.873,94.6668,663.865,-221.351,-97.8746,663.297,-262.753,198.179,1154.14,-259.629,-201.692,1152.89
-215.146,88.5594,607.32,-213.741,-91.649,606.929,-237.024,166.24,942.28,-234.554,-169.276,941.239
-211.315,85.1458,574.161,-209.972,-88.1619,573.853,-220.566,148.201,828.292,-218.382,-151.099,827.518
-208.003,82.3247,546.816,-206.723,-85.266,546.58,-206.58,132.815,732.746,-204.593,-135.679,732.255
-203.462,79.3351,538.952,-202.225,-82.2628,538.821,-198.838,121.442,674.026,-197.006,-124.265,673.679
-203.603,77.3919,533.913,-202.392,-80.34,533.806,-199.146,116.951,659.27,-197.375,-119.835,659.001
-205.154,76.4784,522.704,-203.952,-79.4573,522.61,-200.018,112.933,627.595,-198.3,-115.868,627.372
-207.021,75.9167,515.334,-205.819,-78.9294,515.245,-201.133,109.439,600.689,-199.457,-112.427,600.495
-208.943,75.7455,510.448,-207.735,-78.7949,510.367,-203.453,106.87,580.312,-201.8,-109.932,580.137
-214.46,77.0194,512.4,-213.227,-80.1647,512.33,-210.5,106.835,571.973,-208.833,-110.047,571.817
-212.616,76.0773,500.158,-211.393,-79.2217,500.11,-210.974,103.782,549.517,-209.343,-107.066,549.398
-213.948,76.4068,496.809,-212.723,-79.6124,496.796,-214.838,102.561,537.274,-213.223,-105.993,537.213
-215.033,76.813,494.534,-213.804,-80.0752,494.557,-218.743,101.521,527.082,-217.141,-105.119,527.083
-215.443,77.0686,492.569,-214.211,-80.3701,492.619,-222.298,100.464,518.16,-220.712,-104.228,518.221
-215.034,77.1124,491.052,-213.799,-80.4262,491.114,-225.4,99.4381,510.76,-223.826,-103.345,510.862
-214.202,76.9093,490.139,-212.966,-80.2107,490.194,-228.417,98.4947,505.076,-226.849,-102.513,505.195
-213.1,76.5235,489.383,-211.864,-79.7917,489.416,-231.44,97.7224,500.652,-229.872,-101.815,500.762
-211.804,76.0302,489.559,-210.569,-79.2505,489.559,-234.366,97.1399,497.911,-232.794,-101.269,497.993
-210.411,75.5011,490.451,-209.179,-78.6666,490.416,-237.076,96.7381,496.383,-235.498,-100.875,496.426
-208.911,75.0104,492.84,-207.683,-78.1192,492.771,-239.404,96.5201,496.275,-237.818,-100.647,496.279
-206.874,74.6129,496.423,-205.649,-77.6563,496.325,-240.53,96.446,496.976,-238.936,-100.541,496.944
-204.52,74.3128,498.815,-203.296,-77.2871,498.694,-240.535,96.667,496.382,-238.93,-100.718,496.324
-204.63,75.2956,434.355,-203.387,-78.2477,434.214,-239.269,96.8729,437.726,-237.657,-100.874,437.639
-203.731,76.7934,441.974,-202.464,-79.6949,441.814,-242.751,101.275,447.458,-241.064,-105.301,447.356
-201.05,77.5429,445.666,-199.769,-80.377,445.491,-243.98,103.541,452.645,-242.245,-107.582,452.529
-197.668,77.7776,447.376,-196.382,-80.5366,447.189,-244.768,105.367,456.673,-242.992,-109.426,456.554
-193.85,77.4706,447.543,-192.567,-80.1529,447.348,-245.195,106.975,460.053,-243.38,-111.06,459.944
-190.348,76.7245,446.866,-189.072,-79.3442,446.668,-245.392,108.587,463.015,-243.537,-112.713,462.939
-187.472,75.4624,445.378,-186.21,-78.0413,445.182,-245.387,110.434,465.83,-243.486,-114.62,465.819
-185.191,73.5442,442.481,-183.951,-76.1039,442.29,-244.256,112.262,468.228,-242.302,-116.509,468.325
-183.989,70.9056,437.713,-182.778,-73.4725,437.527,-242.027,114.484,470.503,-240,-118.791,470.77
-184.299,67.6177,430.159,-183.133,-70.2144,429.982,-238.886,117.557,473.132,-236.752,-121.923,473.673
-185.776,64.1594,417.676,-184.711,-66.7582,417.52,-234.583,121.801,476.236,-232.297,-126.203,477.225
0.298554,0.51665,11.5712,0.295243,-0.47413,11.5466,0.014887,-0.00213562,0.275724,0.0148692,0.00231099,0.276176
-4.26119,2.6448,26.7461,-4.23,-2.65719,26.7236,0.0220592,-0.00138135,0.327791,0.0220867,0.00168511,0.328468
-11.5008,6.55394,52.9994,-11.4247,-6.70479,53.0291,0.0358095,-0.000666028,0.430824,0.0359245,0.00109711,0.432054
-19.3068,10.1848,81.2051,-19.1819,-10.4389,81.2529,0.176131,0.0172508,0.868036,0.178085,-0.0149206,0.873458
-29.2826,14.9515,117.075,-29.0901,-15.3499,117.125,2.40926,1.93048,9.26121,2.41354,-1.94366,9.45446
-46.534,23.3672,177.296,-46.1989,-24.0039,177.271,-15.3151,14.5891,81.3163,-15.1551,-14.8365,81.4935
-58.7149,29.0657,219.148,-58.3009,-29.9064,219.124,-29.0354,24.9005,142.167,-28.7341,-25.3504,142.361
-75.4634,36.6564,275.939,-74.93,-37.7397,275.86,-51.0492,41.6346,240.842,-50.4805,-42.3725,240.909
-94.9312,45.5538,341.42,-94.2572,-46.9249,341.279,-75.4314,60.1818,350.249,-74.5691,-61.2373,350.179
-116.472,55.4499,413.561,-115.64,-57.1339,413.344,-102.717,81.2369,474.814,-101.52,-82.6476,474.579
-140.91,66.529,493.82,-139.898,-68.5608,493.512,-133.03,104.681,613.513,-131.46,-106.482,613.088
-166.285,78.0112,577.723,-165.082,-80.412,577.304,-166.34,131.313,770.801,-164.34,-133.537,770.136
-200.322,93.1735,687.478,-198.869,-96.0629,686.916,-210.77,167.224,983.297,-208.19,-170.006,982.294
-224.72,103.71,763.621,-223.09,-106.951,762.949,-243.67,194.574,1145.28,-240.644,-197.765,1143.99
-247.646,124.828,865.85,-245.687,-128.424,865.084,-283.275,230.99,1360.42,-279.662,-234.673,1358.77
-237.371,104.256,741.477,-235.683,-107.71,740.656,-289.79,227.753,1349.12,-286.233,-231.493,1347.35
-229.949,98.261,688.316,-228.38,-101.609,687.66,-271.158,205.238,1195.39,-267.973,-208.828,1194.05
-222.024,91.8117,629.221,-220.58,-95.0397,628.749,-244.784,172.145,975.539,-242.267,-175.252,974.409
-218.205,88.2337,594.997,-216.826,-91.3872,594.611,-228.195,153.706,858.627,-225.971,-156.671,857.77
-214.618,85.1419,565.779,-213.306,-88.2056,565.463,-213.339,137.39,757.314,-211.327,-140.313,756.763
-209.925,81.9458,556.705,-208.658,-84.9819,556.492,-205.459,125.63,696.343,-203.609,-128.507,695.944
-209.853,79.7665,550.535,-208.621,-82.8146,550.355,-205.531,120.831,680.171,-203.753,-123.759,679.861
-211.247,78.6194,538.483,-210.036,-81.693,538.329,-206.181,116.476,646.85,-204.468,-119.442,646.594
-213.021,77.8347,530.493,-211.825,-80.9383,530.36,-207.153,112.704,618.629,-205.492,-115.713,618.412
-214.856,77.4114,525.047,-213.667,-80.5457,524.935,-209.365,109.896,597.216,-207.738,-112.971,597.026
-220.337,78.4148,526.646,-219.132,-81.6328,526.551,-216.409,109.7,588.362,-214.775,-112.913,588.195
-218.217,77.0268,513.316,-217.033,-80.2241,513.241,-216.69,106.398,564.872,-215.097,-109.667,564.739
-219.451,76.9391,509.091,-218.268,-80.1675,509.037,-220.644,105.075,552.32,-219.064,-108.465,552.225
-220.598,76.9289,505.759,-219.413,-80.1842,505.721,-224.82,104,541.927,-223.25,-107.52,541.868
-221.386,76.8601,502.817,-220.198,-80.1321,502.788,-228.939,103.024,533.098,-227.374,-106.673,533.069
-221.652,76.7207,500.48,-220.461,-79.9957,500.452,-232.761,102.143,525.896,-231.198,-105.906,525.884
-221.722,76.4933,498.975,-220.529,-79.7623,498.938,-236.473,101.353,520.385,-234.91,-105.21,520.377
-221.634,76.2161,497.829,-220.44,-79.4726,497.778,-239.99,100.688,516,-238.424,-104.618,515.983
-221.392,75.9209,497.73,-220.199,-79.1609,497.662,-243.144,100.146,513.135,-241.574,-104.128,513.102
-221.051,75.6249,498.348,-219.86,-78.8473,498.263,-245.838,99.7222,511.347,-244.263,-103.737,511.294
-220.607,75.3594,500.35,-219.419,-78.566,500.249,-247.995,99.4309,510.872,-246.414,-103.465,510.799
-219.647,75.1508,503.336,-218.46,-78.336,503.224,-248.922,99.2267,511.096,-247.337,-103.258,511.005
-218.367,74.9909,504.866,-217.181,-78.1526,504.747,-248.709,99.2211,509.85,-247.119,-103.233,509.747
-218.302,75.8654,439.086,-217.101,-79.0188,438.957,-245.627,98.5959,449.765,-244.04,-102.543,449.642
-218.77,77.5669,445.499,-217.544,-80.7165,445.359,-248.616,102.347,457.938,-246.968,-106.33,457.802
-217.715,78.6857,448.396,-216.472,-81.8165,448.251,-249.415,104.007,461.564,-247.732,-108.005,461.417
-216.255,79.5619,449.928,-214.999,-82.6691,449.779,-249.54,105.059,463.496,-247.832,-109.069,463.342
-214.546,80.1884,450.57,-213.28,-83.2694,450.419,-249.147,105.693,464.306,-247.417,-109.714,464.147
-213.094,80.6296,450.85,-211.819,-83.6905,450.7,-248.456,106.078,464.275,-246.709,-110.111,464.116
-211.915,80.7672,450.705,-210.636,-83.8151,450.557,-247.68,106.368,463.737,-245.915,-110.415,463.583
-210.667,80.4469,449.696,-209.39,-83.4847,449.553,-246.149,106.21,462.452,-244.371,-110.261,462.305
-209.563,79.5788,447.798,-208.293,-82.6125,447.662,-243.968,105.751,460.562,-242.179,-109.797,460.427
-208.932,78.0435,444.895,-207.675,-81.0858,444.767,-241.297,105.072,458.2,-239.494,-109.108,458.083
-208.665,75.5774,439.899,-207.431,-78.6406,439.786,-237.788,104.082,454.719,-235.967,-108.102,454.629
0.128182,0.635141,11.3052,0.127709,-0.602586,11.286,0.0151951,-0.00217748,0.275816,0.0151752,0.00236612,0.276267
-4.42521,2.73827,26.6676,-4.39432,-2.76073,26.6544,0.0224857,-0.00142765,0.327585,0.0225089,0.00175596,0.328255
-11.7511,6.62043,53.4112,-11.675,-6.77971,53.4455,0.0359129,-0.000739467,0.429089,0.0360152,0.00120603,0.430291
-19.6618,10.3021,82.1306,-19.5364,-10.5653,82.1832,0.168744,0.0161096,0.85102,0.170489,-0.0137568,0.856061
-29.7591,15.1412,118.622,-29.5661,-15.5499,118.681,2.3741,1.67548,8.27738,2.38529,-1.67929,8.43462
-47.2366,23.6846,179.76,-46.9086,-24.3529,179.77,-14.9942,14.3508,80.275,-14.8537,-14.6072,80.5162
-59.6308,29.4932,222.369,-59.216,-30.3579,222.357,-29.6785,25.3023,144.698,-29.3732,-25.7618,144.898
-76.6379,37.2392,280.228,-76.097,-38.3431,280.146,-51.8379,42.1942,244.129,-51.2639,-42.9427,244.199
-96.4048,46.3111,346.904,-95.7181,-47.7041,346.749,-76.6081,61.0514,355.329,-75.7355,-62.1199,355.254
-118.274,56.4,420.368,-117.424,-58.11,420.128,-104.324,82.4524,481.936,-103.112,-83.8785,481.686
-143.067,67.6905,502.086,-142.034,-69.755,501.748,-135.114,106.282,622.933,-133.523,-108.101,622.483
-168.818,79.3985,587.571,-167.593,-81.8393,587.117,-168.944,133.342,782.774,-166.919,-135.586,782.074
-203.354,94.8471,699.342,-201.875,-97.7855,698.738,-214.105,169.882,999.032,-211.494,-172.686,997.975
-228.093,105.597,776.99,-226.435,-108.891,776.271,-247.518,197.716,1163.89,-244.456,-200.927,1162.54
-251.158,126.813,879.785,-249.173,-130.465,878.967,-287.82,234.839,1383.36,-284.163,-238.534,1381.62
-240.904,106.149,754.468,-239.191,-109.652,753.599,-294.388,231.84,1373.32,-290.787,-235.584,1371.46
-233.419,100.054,700.516,-231.827,-103.44,699.809,-275.276,208.79,1216.03,-272.055,-212.375,1214.61
-225.386,93.434,640.099,-223.923,-96.696,639.581,-248.59,175.1,992.112,-246.045,-178.198,990.916
-221.598,89.7865,605.389,-220.206,-92.975,604.964,-231.95,156.46,873.739,-229.703,-159.415,872.824
-217.909,86.567,575.259,-216.586,-89.6604,574.908,-216.665,139.666,769.475,-214.64,-142.575,768.879
-213.187,83.2802,565.637,-211.909,-86.3395,565.387,-208.741,127.716,707.402,-206.881,-130.582,706.967
-213.042,80.9869,558.93,-211.801,-84.0516,558.711,-208.7,122.758,690.505,-206.918,-125.673,690.166
-214.353,79.7136,546.43,-213.135,-82.7978,546.238,-209.234,118.222,656.337,-207.521,-121.174,656.058
-216.052,78.8007,538.073,-214.85,-81.9094,537.901,-210.117,114.294,627.426,-208.46,-117.287,627.19
-217.807,78.2328,532.273,-216.615,-81.3668,532.122,-212.257,111.349,605.464,-210.638,-114.404,605.258
-223.247,79.0888,533.62,-222.044,-82.2998,533.483,-219.293,111.057,596.331,-217.673,-114.247,596.147
-221.003,77.4776,519.685,-219.824,-80.6588,519.565,-219.493,107.622,572.304,-217.916,-110.857,572.149
-222.244,77.2029,515.002,-221.068,-80.4044,514.896,-223.527,106.247,559.598,-221.964,-109.588,559.471
-223.514,77.0256,511.165,-222.339,-80.2453,511.069,-227.871,105.149,549.076,-226.316,-108.602,548.971
-224.599,76.8484,507.805,-223.424,-80.0807,507.713,-232.279,104.2,540.237,-230.729,-107.765,540.15
-225.305,76.6691,505.148,-224.129,-79.9063,505.056,-236.432,103.364,533.041,-234.883,-107.029,532.962
-225.909,76.4663,503.423,-224.733,-79.7049,503.327,-240.44,102.612,527.499,-238.89,-106.365,527.422
-226.393,76.2592,502.124,-225.218,-79.4968,502.02,-244.159,101.957,523.01,-242.608,-105.786,522.928
-226.733,76.0599,501.898,-225.559,-79.2946,501.786,-247.415,101.394,519.971,-245.862,-105.281,519.879
-226.966,75.8662,502.376,-225.795,-79.0976,502.256,-250.134,100.922,517.958,-248.579,-104.854,517.855
-227.099,75.6988,504.198,-225.929,-78.9286,504.071,-252.284,100.565,517.227,-250.726,-104.529,517.115
-226.721,75.5801,506.949,-225.553,-78.8027,506.818,-253.233,100.281,517.184,-251.674,-104.256,517.064
-226.018,75.5007,508.181,-224.851,-78.7135,508.048,-253.07,100.173,515.645,-251.511,-104.14,515.52
-225.81,76.3528,441.932,-224.628,-79.5559,441.794,-249.249,99.2061,454.961,-247.698,-103.105,454.824
-226.94,78.1612,447.928,-225.732,-81.3749,447.783,-252.235,102.707,462.526,-250.63,-106.648,462.381
-226.588,79.4374,450.537,-225.362,-82.6453,450.388,-253.096,104.166,465.654,-251.463,-108.126,465.501
-225.881,80.5491,451.92,-224.639,-83.7471,451.77,-253.223,104.981,466.951,-251.571,-108.953,466.793
-224.945,81.5012,452.557,-223.69,-84.6863,452.405,-252.815,105.352,467.053,-251.15,-109.332,466.891
-224.229,82.3619,452.928,-222.962,-85.5383,452.777,-252.116,105.449,466.266,-250.441,-109.435,466.103
-223.678,83.0255,452.959,-222.4,-86.1969,452.81,-251.379,105.431,464.954,-249.695,-109.424,464.791
-222.857,83.3713,452.27,-221.575,-86.5357,452.125,-249.994,104.973,462.905,-248.307,-108.962,462.743
-221.885,83.3658,450.955,-220.601,-86.5225,450.814,-248.078,104.225,460.269,-246.391,-108.202,460.11
-220.979,82.9557,449.102,-219.698,-86.1079,448.965,-245.776,103.274,457.17,-244.091,-107.234,457.015
-219.9,81.9088,445.907,-218.629,-85.0578,445.776,-242.72,102.04,452.927,-241.04,-105.973,452.778
0.0432345,0.693983,11.1737,0.0441625,-0.666387,11.1571,0.0153491,-0.00219868,0.275862,0.0153282,0.00239396,0.276312
-4.50774,2.76797,26.6307,-4.47712,-2.79535,26.6215,0.0226967,-0.00145141,0.32748,0.0227178,0.00179217,0.328147
-11.8783,6.64942,53.6273,-11.8021,-6.81289,53.6634,0.0359614,-0.000779358,0.428219,0.0360573,0.00126419,0.429405
-19.8405,10.3603,82.6016,-19.7148,-10.6281,82.6561,0.16514,0.0155487,0.842655,0.166782,-0.0131828,0.847504
-29.999,15.2377,119.407,-29.8055,-15.6516,119.469,2.33899,1.5549,7.82275,2.35291,-1.55435,7.96315
-47.5877,23.8571,181.04,-47.2612,-24.5378,181.061,-14.7861,14.2086,79.5757,-14.6535,-14.4677,79.8418
-60.0869,29.7178,224.016,-59.6706,-30.593,224.008,-29.9957,25.5016,145.959,-29.6885,-25.966,146.161
-77.2199,37.538,282.397,-76.6753,-38.6521,282.314,-52.2212,42.4688,245.749,-51.6443,-43.2218,245.819
-97.1335,46.6949,349.662,-96.441,-48.0993,349.501,-77.1881,61.4845,357.865,-76.3102,-62.5585,357.785
-119.164,56.8785,423.782,-118.307,-58.6021,423.533,-105.122,83.0615,485.508,-103.901,-84.4942,485.249
-144.133,68.2739,506.228,-143.091,-70.3549,505.878,-136.15,107.086,627.666,-134.549,-108.913,627.202
-170.072,80.0952,592.508,-168.835,-82.5553,592.04,-170.239,134.362,788.791,-168.201,-136.614,788.071
-204.855,95.6885,705.298,-203.364,-98.6496,704.677,-215.762,171.217,1006.93,-213.133,-174.029,1005.84
-229.762,106.546,783.709,-228.091,-109.864,782.97,-249.424,199.294,1173.23,-246.343,-202.51,1171.84
-252.891,127.813,886.794,-250.893,-131.488,885.952,-290.062,236.766,1394.83,-286.381,-240.461,1393.05
-242.641,107.095,760.981,-240.917,-110.617,760.089,-296.651,233.886,1385.43,-293.026,-237.626,1383.52
-235.113,100.947,706.612,-233.509,-104.346,705.881,-277.293,210.564,1226.34,-274.052,-214.138,1224.87
-227.018,94.2402,645.524,-225.547,-97.5128,644.984,-250.452,176.573,1000.38,-247.892,-179.66,999.152
-223.248,90.5608,610.586,-221.849,-93.7609,610.143,-233.79,157.834,881.292,-231.531,-160.778,880.346
-219.51,87.2792,580.009,-218.182,-90.3822,579.642,-218.29,140.799,775.534,-216.258,-143.695,774.916
-214.781,83.9502,570.129,-213.497,-87.0161,569.863,-210.35,128.757,712.924,-208.485,-131.611,712.472
-214.602,81.6011,563.162,-213.355,-84.6687,562.924,-210.254,123.719,695.662,-208.469,-126.623,695.309
-215.867,80.2634,550.436,-214.644,-83.3468,550.222,-210.729,119.093,661.07,-209.015,-122.034,660.78
-217.52,79.284,541.884,-216.313,-82.3888,541.689,-211.565,115.084,631.809,-209.909,-118.066,631.564
-219.226,78.6418,535.893,-218.031,-81.7691,535.717,-213.667,112.067,609.566,-212.051,-115.111,609.352
-224.644,79.4247,537.099,-223.438,-82.6262,536.934,-220.702,111.726,600.291,-219.087,-114.901,600.097
-222.346,77.707,522.851,-221.166,-80.8753,522.703,-220.868,108.225,575.994,-219.298,-111.44,575.826
-223.612,77.3508,517.944,-222.437,-80.5358,517.807,-224.956,106.825,563.209,-223.4,-110.138,563.062
-224.973,77.1072,513.875,-223.801,-80.3086,513.745,-229.392,105.715,552.611,-227.844,-109.132,552.481
-226.236,76.8948,510.339,-225.066,-80.1095,510.213,-233.94,104.775,543.745,-232.397,-108.294,543.627
-227.184,76.7115,507.555,-226.015,-79.9341,507.431,-238.241,103.951,536.517,-236.7,-107.565,536.405
-228.067,76.5304,505.745,-226.9,-79.7593,505.619,-242.374,103.204,530.922,-240.833,-106.906,530.811
-228.844,76.3608,504.381,-227.678,-79.5944,504.253,-246.177,102.542,526.348,-244.636,-106.32,526.233
-229.474,76.2062,504.095,-228.311,-79.4429,503.963,-249.477,101.958,523.193,-247.936,-105.798,523.074
-229.995,76.0574,504.506,-228.834,-79.2967,504.37,-252.216,101.454,521.05,-250.674,-105.343,520.924
-230.412,75.9323,506.247,-229.253,-79.1755,506.109,-254.383,101.058,520.185,-252.84,-104.986,520.055
-230.322,75.8535,508.903,-229.164,-79.0949,508.763,-255.372,100.735,520.015,-253.83,-104.679,519.881
-229.902,75.8118,510.024,-228.744,-79.0481,509.885,-255.27,100.583,518.354,-253.728,-104.525,518.219
-229.603,76.6553,443.59,-228.431,-79.8793,443.448,-251.135,99.4711,457.42,-249.604,-103.344,457.275
-231.038,78.5077,449.422,-229.839,-81.7475,449.274,-254.171,102.868,464.74,-252.589,-106.786,464.59
-230.99,79.8422,451.908,-229.772,-83.0806,451.757,-255.116,104.25,467.695,-253.508,-108.189,467.539
-230.586,81.0341,453.202,-229.353,-84.2668,453.05,-255.305,104.976,468.776,-253.681,-108.928,468.617
-229.95,82.0943,453.782,-228.702,-85.3182,453.63,-254.959,105.252,468.654,-253.323,-109.211,468.491
-229.514,83.0966,454.121,-228.252,-86.3153,453.969,-254.322,105.247,467.641,-252.679,-109.212,467.476
-229.204,83.9455,454.144,-227.931,-87.1618,453.993,-253.659,105.125,466.111,-252.01,-109.094,465.946
-228.561,84.5392,453.491,-227.28,-87.7497,453.343,-252.38,104.569,463.867,-250.73,-108.533,463.701
-227.666,84.8749,452.291,-226.381,-88.0766,452.146,-250.599,103.733,461.069,-248.954,-107.684,460.903
-226.693,84.9431,450.687,-225.406,-88.136,450.546,-248.459,102.709,457.852,-246.819,-106.641,457.687
-225.331,84.5683,447.949,-224.048,-87.7485,447.811,-245.588,101.42,453.539,-243.959,-105.322,453.376
0.000826236,0.723296,11.1083,0.00244987,-0.698172,11.0931,0.0154262,-0.00220934,0.275885,0.0154047,0.00240794,0.276334
-4.54914,2.77828,26.6129,-4.51868,-2.8081,26.6056,0.0228016,-0.00146344,0.327427,0.0228216,0.00181047,0.328093
-11.9424,6.66285,53.7379,-11.8661,-6.8284,53.7748,0.0359848,-0.000800104,0.427783,0.0360775,0.00129419,0.428962
-19.9302,10.3893,82.8391,-19.8043,-10.6593,82.8945,0.16336,0.0152706,0.838508,0.16495,-0.0128977,0.84326
-30.1193,15.2863,119.802,-29.9256,-15.7029,119.865,2.31731,1.49643,7.60435,2.33237,-1.4938,7.73671
-47.7631,23.9446,181.684,-47.4366,-24.6302,181.708,-14.6726,14.1405,79.1863,-14.5432,-14.4002,79.462
-60.3147,29.8319,224.846,-59.8974,-30.7119,224.839,-30.1541,25.6036,146.591,-29.846,-26.0703,146.794
-77.5103,37.6893,283.489,-76.9638,-38.8085,283.405,-52.41,42.6055,246.554,-51.8316,-43.3605,246.623
-97.4967,46.8887,351.049,-96.8015,-48.299,350.885,-77.4753,61.7003,359.129,-76.5948,-62.7769,359.047
-119.607,57.1195,425.496,-118.747,-58.85,425.243,-105.518,83.3657,487.292,-104.294,-84.8014,487.029
-144.663,68.5672,508.305,-143.617,-70.6565,507.951,-136.666,107.489,630.033,-135.059,-109.319,629.562
-170.696,80.4451,594.983,-169.455,-82.9148,594.51,-170.885,134.873,791.802,-168.84,-137.129,791.073
-205.602,96.1111,708.286,-204.105,-99.0831,707.657,-216.587,171.885,1010.88,-213.949,-174.701,1009.78
-230.592,107.023,787.08,-228.915,-110.353,786.332,-250.372,200.083,1177.9,-247.28,-203.301,1176.49
-253.751,128.315,890.311,-251.746,-132.001,889.459,-291.174,237.728,1400.57,-287.48,-241.423,1398.76
-243.5,107.568,764.243,-241.769,-111.099,763.34,-297.771,234.908,1391.49,-294.134,-238.645,1389.55
-235.945,101.392,709.66,-234.336,-104.797,708.918,-278.287,211.449,1231.48,-275.036,-215.016,1230
-227.818,94.6416,648.234,-226.342,-97.9184,647.685,-251.369,177.307,1004.51,-248.802,-180.388,1003.27
-224.055,90.9468,613.186,-222.653,-94.1517,612.736,-234.697,158.52,885.069,-232.431,-161.457,884.108
-220.294,87.6345,582.389,-218.963,-90.7415,582.015,-219.089,141.363,778.561,-217.053,-144.252,777.932
-215.561,84.2853,572.385,-214.275,-87.3538,572.111,-211.143,129.277,715.687,-209.275,-132.125,715.226
-215.365,81.9085,565.291,-214.116,-84.9768,565.044,-211.02,124.2,698.242,-209.232,-127.098,697.883
-216.606,80.5381,552.45,-215.38,-83.6205,552.226,-211.465,119.528,663.44,-209.75,-122.464,663.144
-218.233,79.5249,543.8,-217.023,-82.627,543.593,-212.277,115.478,634.003,-210.621,-118.456,633.754
-219.912,78.845,537.71,-218.714,-81.9682,537.519,-214.359,112.426,611.618,-212.744,-115.464,611.399
-225.317,79.5914,538.84,-224.109,-82.7874,538.661,-221.394,112.06,602.272,-219.781,-115.228,602.072
-222.993,77.8219,524.433,-221.812,-80.9832,524.269,-221.546,108.526,577.839,-219.979,-111.731,577.664
-224.278,77.4283,519.416,-223.103,-80.6051,519.261,-225.664,107.115,565.014,-224.111,-110.413,564.857
-225.692,77.1565,515.236,-224.522,-80.3494,515.088,-230.149,106,554.377,-228.604,-109.397,554.232
-227.053,76.932,511.621,-225.886,-80.1391,511.478,-234.766,105.062,545.49,-233.227,-108.559,545.356
-228.128,76.7513,508.784,-226.963,-79.9684,508.643,-239.136,104.242,538.238,-237.6,-107.831,538.108
-229.155,76.584,506.937,-227.992,-79.81,506.797,-243.326,103.495,532.606,-241.791,-107.171,532.478
-230.078,76.4342,505.545,-228.917,-79.6678,505.404,-247.166,102.827,527.98,-245.631,-106.579,527.85
-230.855,76.3017,505.23,-229.696,-79.5411,505.089,-250.487,102.229,524.762,-248.952,-106.046,524.629
-231.517,76.1742,505.608,-230.361,-79.4187,505.465,-253.237,101.707,522.548,-251.702,-105.576,522.412
-232.076,76.0689,507.311,-230.922,-79.3196,507.167,-255.415,101.292,521.615,-253.88,-105.202,521.477
-232.128,76.009,509.924,-230.975,-79.2599,509.78,-256.43,100.95,521.385,-254.896,-104.878,521.244
-231.846,75.9851,510.999,-230.693,-79.2329,510.857,-256.365,100.776,519.668,-254.833,-104.706,519.528
-231.5,76.8251,444.483,-230.333,-80.0588,444.339,-252.087,99.5991,458.621,-250.567,-103.458,458.473
-233.079,78.6967,450.242,-231.886,-81.9482,450.092,-255.158,102.949,465.834,-253.587,-106.855,465.681
-233.17,80.0547,452.67,-231.957,-83.3064,452.518,-256.156,104.298,468.72,-254.561,-108.226,468.562
-232.901,81.2771,453.915,-231.672,-84.5247,453.763,-256.387,104.985,469.715,-254.776,-108.926,469.554
-232.394,82.3777,454.456,-231.15,-85.618,454.303,-256.083,105.22,469.507,-254.462,-109.169,469.343
-232.078,83.4339,454.763,-230.82,-86.6703,454.611,-255.49,105.172,468.41,-253.862,-109.126,468.245
-231.874,84.3554,454.762,-230.603,-87.5903,454.61,-254.873,105.004,466.804,-253.24,-108.962,466.637
-231.311,85.0495,454.102,-230.031,-88.2791,453.953,-253.65,104.406,464.495,-252.017,-108.359,464.328
-230.459,85.5279,452.923,-229.174,-88.7484,452.777,-251.935,103.53,461.652,-250.308,-107.469,461.483
-229.473,85.8023,451.386,-228.185,-89.0123,451.243,-249.868,102.469,458.413,-248.248,-106.39,458.245
-228.013,85.7274,448.786,-226.726,-88.9212,448.646,-247.077,101.147,454.111,-245.469,-105.037,453.944
-0.0203608,0.737924,11.0757,-0.0183907,-0.714035,11.0612,0.0154647,-0.00221469,0.275897,0.0154429,0.00241495,0.276346
-4.56988,2.78228,26.6042,-4.5395,-2.8133,26.5977,0.0228539,-0.00146949,0.327401,0.0228734,0.00181966,0.328066
-11.9746,6.6693,53.7938,-11.8983,-6.83588,53.8311,0.0359963,-0.000810678,0.427565,0.0360874,0.00130942,0.42874
-19.9751,10.4038,82.9583,-19.8491,-10.6749,83.0141,0.162475,0.0151321,0.836444,0.16404,-0.0127557,0.841147
-30.1796,15.3108,120,-29.9857,-15.7286,120.064,2.30548,1.46767,7.49732,2.32106,-1.46402,7.62575
-47.8508,23.9883,182.006,-47.524,-24.676,182.032,-14.6138,14.1084,78.9824,-14.4859,-14.3682,79.262
-60.4286,29.8893,225.263,-60.0107,-30.7715,225.256,-30.2334,25.6555,146.908,-29.9247,-26.1234,147.111
-77.6554,37.7655,284.037,-77.108,-38.8872,283.953,-52.5037,42.6738,246.954,-51.9245,-43.4297,247.023
-97.6781,46.9862,351.744,-96.9817,-48.3994,351.58,-77.6181,61.808,359.759,-76.7363,-62.8857,359.676
-119.829,57.2405,426.355,-118.966,-58.9746,426.101,-105.715,83.5175,488.183,-104.489,-84.9547,487.918
-144.928,68.7144,509.346,-143.88,-70.8079,508.99,-136.923,107.69,631.216,-135.314,-109.522,630.742
-171.007,80.6206,596.223,-169.764,-83.0951,595.747,-171.207,135.128,793.308,-169.159,-137.386,792.574
-205.975,96.3229,709.782,-204.475,-99.3004,709.15,-216.998,172.219,1012.85,-214.356,-175.037,1011.75
-231.006,107.262,788.768,-229.326,-110.597,788.017,-250.844,200.477,1180.23,-247.748,-203.697,1178.82
-254.179,128.567,892.073,-252.171,-132.257,891.215,-291.728,238.209,1403.43,-288.027,-241.904,1401.61
-243.927,107.805,765.876,-242.193,-111.34,764.968,-298.328,235.418,1394.51,-294.684,-239.153,1392.56
-236.358,101.614,711.184,-234.746,-105.022,710.437,-278.78,211.89,1234.06,-275.524,-215.455,1232.56
-228.213,94.8418,649.589,-226.735,-98.1205,649.034,-251.824,177.674,1006.58,-249.253,-180.751,1005.32
-224.454,91.1394,614.487,-223.05,-94.3466,614.033,-235.146,158.863,886.958,-232.878,-161.796,885.99
-220.68,87.8119,583.58,-219.348,-90.9208,583.203,-219.485,141.645,780.074,-217.447,-144.531,779.44
-215.946,84.4527,573.516,-214.659,-87.5225,573.237,-211.537,129.537,717.07,-209.667,-132.382,716.605
-215.742,82.0622,566.358,-214.491,-85.1309,566.107,-211.399,124.44,699.533,-209.611,-127.336,699.172
-216.97,80.6754,553.461,-215.742,-83.7571,553.232,-211.83,119.746,664.626,-210.115,-122.679,664.328
-218.583,79.645,544.761,-217.372,-82.7457,544.547,-212.629,115.676,635.101,-210.974,-118.651,634.85
-220.248,78.9461,538.62,-219.049,-82.0671,538.423,-214.702,112.605,612.646,-213.088,-115.64,612.424
-225.646,79.6742,539.712,-224.437,-82.8673,539.525,-221.737,112.227,603.263,-220.125,-115.392,603.061
-223.309,77.8791,525.224,-222.127,-81.0369,525.051,-221.883,108.677,578.763,-220.317,-111.877,578.584
-224.604,77.4676,520.151,-223.429,-80.6403,519.987,-226.017,107.261,565.918,-224.465,-110.551,565.755
-226.048,77.183,515.918,-224.878,-80.3719,515.761,-230.526,106.142,555.26,-228.983,-109.53,555.108
-227.46,76.9539,512.267,-226.294,-80.1577,512.114,-235.178,105.206,546.362,-233.641,-108.691,546.219
-228.6,76.7758,509.405,-227.437,-79.9907,509.256,-239.582,104.387,539.095,-238.048,-107.965,538.956
-229.699,76.6162,507.542,-228.538,-79.8413,507.394,-243.799,103.64,533.443,-242.266,-107.303,533.305
-230.696,76.4767,506.136,-229.538,-79.7108,505.99,-247.655,102.968,528.788,-246.123,-106.708,528.65
-231.546,76.3553,505.807,-230.39,-79.5965,505.661,-250.986,102.363,525.536,-249.454,-106.168,525.397
-232.28,76.2383,506.169,-231.126,-79.4857,506.023,-253.741,101.832,523.287,-252.21,-105.69,523.145
-232.909,76.1427,507.854,-231.757,-79.3973,507.707,-255.926,101.407,522.319,-254.396,-105.307,522.176
-233.032,76.0919,510.447,-231.881,-79.3476,510.301,-256.955,101.054,522.059,-255.426,-104.975,521.915
-232.817,76.0768,511.5,-231.667,-79.3302,511.356,-256.911,100.872,520.316,-255.384,-104.794,520.174
-232.448,76.9153,444.945,-231.284,-80.1535,444.8,-252.565,99.6628,459.216,-251.05,-103.515,459.066
-234.097,78.7958,450.67,-232.906,-82.0529,450.52,-255.655,102.99,466.379,-254.09,-106.89,466.224
-234.254,80.1643,453.07,-233.044,-83.4221,452.918,-256.681,104.324,469.233,-255.092,-108.246,469.075
-234.049,81.3996,454.29,-232.822,-84.654,454.137,-256.936,104.993,470.191,-255.331,-108.928,470.029
-233.601,82.5172,454.809,-232.359,-85.7648,454.655,-256.656,105.209,469.946,-255.041,-109.152,469.781
-233.341,83.5963,455.095,-232.084,-86.8405,454.942,-256.087,105.141,468.813,-254.466,-109.089,468.647
-233.186,84.5492,455.078,-231.916,-87.7924,454.926,-255.494,104.952,467.175,-253.869,-108.904,467.008
-232.662,85.2878,454.408,-231.383,-88.5258,454.259,-254.3,104.334,464.841,-252.676,-108.28,464.673
-231.833,85.8304,453.232,-230.548,-89.0592,453.085,-252.618,103.437,461.982,-250.999,-107.371,461.812
-230.847,86.1989,451.716,-229.558,-89.4167,451.572,-250.585,102.357,458.741,-248.975,-106.272,458.571
-229.348,86.2629,449.165,-228.059,-89.463,449.023,-247.831,101.016,454.451,-246.234,-104.9,454.282
-0.03095,0.745231,11.0595,-0.0288069,-0.721958,11.0453,0.0154839,-0.00221737,0.275902,0.015462,0.00241846,0.276351
-4.58025,2.78397,26.5998,-4.54992,-2.8156,26.5938,0.02288,-0.00147252,0.327388,0.0228992,0.00182428,0.328052
-11.9907,6.67245,53.822,-11.9144,-6.83955,53.8594,0.036002,-0.000816015,0.427456,0.0360923,0.00131709,0.428629
-19.9976,10.411,83.0181,-19.8716,-10.6827,83.0741,0.162034,0.015063,0.835414,0.163587,-0.0126847,0.840093
-30.2097,15.323,120.099,-30.0158,-15.7415,120.164,2.29932,1.4534,7.44433,2.31514,-1.44926,7.57083
-47.8946,24.0101,182.167,-47.5676,-24.6987,182.193,-14.584,14.0929,78.8782,-14.4567,-14.3527,79.1595
-60.4855,29.9181,225.472,-60.0673,-30.8014,225.465,-30.2731,25.6818,147.066,-29.9641,-26.1501,147.27
-77.7279,37.8037,284.312,-77.18,-38.9267,284.228,-52.5504,42.7079,247.154,-51.9708,-43.4642,247.222
-97.7688,47.035,352.093,-97.0718,-48.4498,351.928,-77.6894,61.8618,360.074,-76.8069,-62.9401,359.99
-119.939,57.3012,426.785,-119.076,-59.0371,426.531,-105.814,83.5934,488.628,-104.587,-85.0313,488.362
-145.061,68.7881,509.867,-144.012,-70.8837,509.51,-137.052,107.79,631.807,-135.441,-109.623,631.332
-171.163,80.7085,596.844,-169.919,-83.1853,596.367,-171.367,135.256,794.06,-169.318,-137.514,793.324
-206.162,96.429,710.531,-204.66,-99.4092,709.897,-217.204,172.386,1013.84,-214.56,-175.205,1012.73
-231.213,107.382,789.613,-229.531,-110.719,788.86,-251.08,200.674,1181.4,-247.981,-203.894,1179.98
-254.392,128.692,892.955,-252.383,-132.386,892.095,-292.004,238.449,1404.87,-288.3,-242.144,1403.04
-244.14,107.923,766.693,-242.404,-111.46,765.782,-298.605,235.673,1396.02,-294.958,-239.408,1394.07
-236.563,101.725,711.946,-234.95,-105.134,711.196,-279.026,212.111,1235.34,-275.767,-215.674,1233.84
-228.409,94.9417,650.266,-226.93,-98.2214,649.709,-252.05,177.857,1007.61,-249.477,-180.932,1006.35
-224.652,91.2357,615.137,-223.247,-94.4439,614.682,-235.37,159.034,887.903,-233.1,-161.965,886.931
-220.872,87.9005,584.176,-219.54,-91.0104,583.798,-219.682,141.786,780.831,-217.642,-144.67,780.194
-216.137,84.5364,574.082,-214.849,-87.6068,573.802,-211.732,129.667,717.762,-209.862,-132.511,717.295
-215.929,82.139,566.893,-214.677,-85.2078,566.64,-211.588,124.56,700.179,-209.799,-127.454,699.816
-217.151,80.7439,553.968,-215.922,-83.8254,553.735,-212.012,119.855,665.22,-210.296,-122.787,664.921
-218.756,79.7049,545.242,-217.544,-82.8049,545.025,-212.804,115.775,635.651,-211.149,-118.748,635.398
-220.414,78.9965,539.075,-219.214,-82.1164,538.875,-214.872,112.695,613.16,-213.258,-115.729,612.937
-225.808,79.7154,540.148,-224.598,-82.9072,539.957,-221.908,112.311,603.759,-220.296,-115.474,603.555
-223.464,77.9076,525.619,-222.283,-81.0636,525.443,-222.05,108.753,579.225,-220.485,-111.95,579.044
-224.765,77.4874,520.519,-223.591,-80.6581,520.351,-226.192,107.334,566.37,-224.642,-110.621,566.204
-226.225,77.1967,516.26,-225.055,-80.3836,516.098,-230.714,106.214,555.702,-229.173,-109.597,555.547
-227.663,76.9657,512.591,-226.497,-80.1679,512.434,-235.384,105.278,546.798,-233.848,-108.758,546.651
-228.836,76.7892,509.717,-227.673,-80.0031,509.564,-239.804,104.46,539.523,-238.271,-108.031,539.38
-229.971,76.6337,507.846,-228.811,-79.8585,507.695,-244.034,103.713,533.859,-242.502,-107.369,533.718
-231.005,76.4995,506.434,-229.849,-79.7339,506.285,-247.899,103.038,529.19,-246.368,-106.772,529.048
-231.892,76.3836,506.098,-230.737,-79.6258,505.95,-251.234,102.429,525.921,-249.704,-106.229,525.778
-232.661,76.2718,506.452,-231.509,-79.5208,506.304,-253.992,101.893,523.654,-252.463,-105.746,523.509
-233.326,76.181,508.128,-232.175,-79.4376,507.98,-256.18,101.463,522.669,-254.652,-105.359,522.524
-233.483,76.1348,510.711,-232.333,-79.3929,510.564,-257.216,101.106,522.394,-255.69,-105.023,522.248
-233.303,76.124,511.754,-232.154,-79.3802,511.609,-257.183,100.919,520.638,-255.658,-104.838,520.495
-232.921,76.9618,445.18,-231.759,-80.2023,445.035,-252.804,99.6948,459.512,-251.291,-103.543,459.361
-234.606,78.8466,450.888,-233.416,-82.1064,450.738,-255.904,103.011,466.65,-254.342,-106.908,466.495
-234.795,80.22,453.275,-233.586,-83.4808,453.122,-256.944,104.337,469.491,-255.359,-108.256,469.331
-234.62,81.4612,454.481,-233.395,-84.7189,454.328,-257.212,104.998,470.43,-255.611,-108.93,470.268
-234.201,82.5865,454.988,-232.96,-85.8377,454.834,-256.944,105.205,470.168,-255.333,-109.145,470.003
-233.968,83.6761,455.264,-232.712,-86.9241,455.111,-256.388,105.127,469.019,-254.771,-109.072,468.853
-233.836,84.6436,455.237,-232.568,-87.8907,455.085,-255.808,104.927,467.367,-254.187,-108.877,467.199
-233.331,85.403,454.562,-232.054,-88.645,454.412,-254.628,104.299,465.022,-253.008,-108.243,464.853
-232.515,85.9759,453.384,-231.23,-89.2086,453.237,-252.962,103.393,462.156,-251.348,-107.324,461.986
-231.529,86.3892,451.877,-230.24,-89.6106,451.732,-250.946,102.303,458.915,-249.341,-106.215,458.744
-230.015,86.5197,449.345,-228.725,-89.7228,449.203,-248.211,100.951,454.633,-246.618,-104.832,454.463
-0.0415363,0.752533,11.0432,-0.0392204,-0.729877,11.0293,0.0155032,-0.00222005,0.275908,0.0154812,0.00242197,0.276357
-1.03862,0.0490661,4.8566,-1.0411,-0.0526441,4.86707,0.0308649,-0.00596022,0.352474,0.0308402,0.00642843,0.35319
-1.15974,0.102609,4.4593,-1.16243,-0.118498,4.47283,0.0709792,-0.021661,0.540824,0.0709186,0.0227594,0.54242
-1.23461,0.0666194,4.46517,-1.23685,-0.0812735,4.4772,0.555896,-0.187973,1.71321,0.557943,0.197701,1.72539
-1.09912,-0.0264457,3.77139,-1.09536,0.0145323,3.76297,-3.61333,3.58778,34.1357,-3.61104,-3.6778,34.278
-1.71165,0.0790368,4.65093,-1.69256,-0.0961069,4.61346,-9.93462,6.28145,42.634,-9.78186,-6.36353,42.348
-2.40532,0.318291,6.34442,-2.38005,-0.342642,6.29162,-2.59498,1.51337,13.0708,-2.56933,-1.54855,13.0458
-2.07694,0.282251,6.23518,-2.06946,-0.302667,6.21355,-1.7979,1.3747,11.1677,-1.7766,-1.40039,11.1538
-1.42442,0.112823,4.95111,-1.42685,-0.124592,4.95151,-2.14123,1.63984,12.3885,-2.11551,-1.67079,12.3743
-1.00937,0.0256593,4.06048,-1.01338,-0.0313048,4.06552,-2.32601,1.61479,12.4405,-2.30114,-1.65255,12.4295
-1.14845,0.0466271,4.15246,-1.15227,-0.0500147,4.1584,-2.11976,1.17329,10.206,-2.10275,-1.21141,10.2012
-0.981009,0.00824924,3.98057,-0.984095,-0.00936051,3.98372,-1.99223,1.28258,10.2537,-1.97376,-1.31939,10.2491
-0.76291,-0.0407762,3.62992,-0.76548,0.0408272,3.6297,-2.29764,1.43159,10.7713,-2.27696,-1.47387,10.7674
-0.382381,-0.114293,2.88179,-0.385262,0.117826,2.87918,-2.54225,1.6954,11.6911,-2.51774,-1.74353,11.6887
-22.8244,19.0801,66.8245,-22.5664,-19.3816,66.8769,0.61585,2.81103,12.7506,0.647261,-2.81362,12.7726
-8.32289,2.79043,14.359,-8.31023,-2.91142,14.4004,-0.119274,-0.0374709,0.665573,-0.121037,0.0366149,0.666502
-4.42154,1.85797,7.98009,-4.41628,-1.92566,8.00982,-0.0293599,-0.00709672,0.270206,-0.029689,0.00686511,0.270445
-5.54143,2.80871,9.58965,-5.50976,-2.8983,9.60435,-0.0116147,-0.00138764,0.171433,-0.0119432,0.00148712,0.171302
-6.08374,3.38022,10.5837,-6.03709,-3.47288,10.5853,-0.00370772,-0.000637544,0.136171,-0.00396151,0.000792327,0.135725
-7.08675,4.72335,14.3015,-7.04384,-4.80187,14.2968,0.00251313,-0.00137472,0.132302,0.00225073,0.0015441,0.131513
-4.93849,4.06784,31.7743,-4.96324,-4.15368,31.8185,0.017556,-0.00831257,0.183366,0.0167237,0.00855822,0.181237
-0.165467,0.745235,43.0425,-0.272342,-0.762461,43.0996,4.01672,-2.34451,6.24681,3.6205,2.2198,5.73411
4.9222,1.63679,43.2863,4.76648,-1.55919,43.2755,-3.98411,-6.77924,86.6989,-3.76797,7.12854,86.638
13.4138,0.488367,46.4793,12.9932,-0.16002,46.389,-18.5933,3.7156,69.2084,-18.8482,-4.19283,69.6968
19.8078,0.667225,52.6455,19.0319,-0.0886461,52.4231,-6.33848,-1.66835,51.566,-6.41364,1.46785,51.6201
28.2268,2.82934,59.6799,26.912,-1.79018,59.1358,-7.57248,-1.92542,53.3386,-7.66859,1.65415,53.4129
35.4496,7.32969,68.8885,33.493,-5.68964,67.7822,-9.013,-2.07898,54.4965,-9.1332,1.69438,54.6032
36.5777,13.7265,79.0193,34.4226,-11.727,77.2938,-10.1653,-2.29255,55.3903,-10.3251,1.79646,55.5265
27.3904,17.4739,85.1008,26.2436,-16.1461,83.371,-10.0304,-2.51512,55.8978,-10.246,2.05277,56.0133
9.14628,7.5747,83.508,9.28574,-7.61863,82.512,-7.61037,-2.88275,56.1489,-7.88782,2.61288,56.1914
-12.6294,-28.6317,76.1662,-12.4469,27.8245,75.7861,-2.87051,-3.45295,56.8318,-3.24547,3.34239,56.8088
-26.9684,-42.9817,71.7215,-26.9832,42.4661,71.4582,1.82165,-3.79956,58.367,1.23353,3.75993,58.2802
-36.1398,-36.0781,67.029,-36.0261,35.9257,66.9363,5.07834,-3.98972,60.1772,4.23705,4.01306,59.9761
-42.1767,-25.4776,63.056,-42.0031,25.5693,63.0249,4.8159,-5.07625,61.8225,3.80984,5.09571,61.4909
-44.6586,-16.1495,60.0445,-44.6339,16.2681,60.125,-1.04252,-8.53757,61.1697,-2.00016,8.45784,60.7716
-42.8354,-9.47097,55.1598,-43.512,9.60194,56.0532,-12.6636,-15.5205,56.5779,-13.4342,15.2365,56.2216
-33.2602,-4.59867,42.1306,-35.6291,4.85955,45.125,-24.5972,-20.4693,50.0115,-25.1107,19.9082,49.773
-14.1033,-1.10215,17.7714,-17.8757,1.36121,22.506,-29.5502,-16.177,45.145,-29.8136,15.4965,44.9702
-0.0896735,-0.00907442,0.185397,-0.0919958,0.0100388,0.194181,-1.16407,-0.686601,3.8438,-1.19252,0.646034,3.80076
-0.0381832,-0.00378943,0.107695,-0.0383571,0.00439271,0.111791,-4.78602,-1.14972,7.60982,-4.80526,1.03668,7.5742
-0.0233947,-0.00170529,0.0796584,-0.0229872,0.00210635,0.081543,-9.0761,-1.14583,12.3992,-9.0983,0.958002,12.3884
-0.0175808,-0.000510001,0.0660484,-0.0168391,0.00078901,0.0663636,-10.8208,-0.859702,14.163,-10.8494,0.64855,14.1785
-0.015501,0.000367149,0.0599511,-0.0143692,-0.000153454,0.0587457,-10.9867,-0.734791,14.1289,-11.0601,0.527674,14.2076
-0.0160331,0.00125977,0.0601804,-0.0141637,-0.00104234,0.0568366,-9.80382,-0.671267,12.5158,-9.96857,0.491964,12.7108
-0.0205702,0.00276257,0.0702461,-0.0166471,-0.00233251,0.0621705,-7.74229,-0.590403,9.8625,-8.01371,0.454432,10.1922
-0.0423631,0.00845178,0.115512,-0.0268954,-0.00588902,0.0859595,-5.90157,-0.525992,7.51971,-6.22034,0.426365,7.90922
-5.55737,1.94134,7.54673,-0.172197,-0.0620942,0.332915,-5.3103,-0.57727,6.76633,-5.57915,0.480091,7.09071
2.6379e+06,165454,3.30386e+06,-84352.8,346306,445541,-13.5974,0.740631,17.0934,-12.8245,3.04223,16.5426
57.4866,-0.624518,71.929,161.344,52.7554,212.264,-7.82534,0.244968,9.84924,-6.40458,1.60594,8.31168
