-8.51269,8.74767,20.3743,-3.39484,-4.27056,10.594,8.05964,1.75611,54.2374,1.64258,-3.22318,53.1183
-7.88834,8.20662,19.4819,-2.67289,-3.96339,10.5733,8.31721,1.3283,52.7581,1.98499,-3.00761,52.2891
-7.479,7.89545,19.3748,-2.28727,-3.90822,11.1506,8.41009,1.27826,52.5869,2.20208,-3.23678,52.9543
-7.10301,7.57863,19.3905,-1.94168,-3.88414,11.5655,8.5257,1.25985,52.6752,2.43237,-3.46299,53.7358
-6.70829,7.21458,19.4716,-1.60832,-3.86567,11.8508,8.66756,1.179,52.4504,2.63031,-3.63081,54.2877
-6.523,7.01819,20.0447,-1.46437,-3.99073,12.3339,8.71823,1.24182,52.7653,2.70614,-4.00468,55.5104
-6.35688,6.89987,20.4838,-1.30022,-4.03389,12.694,8.78041,1.23506,52.7984,2.79249,-4.26183,56.3608
-6.2769,6.93267,21.015,-1.21756,-4.08502,13.1853,8.80711,1.29032,53.0068,2.85398,-4.52894,57.306
-6.15409,6.8696,21.2925,-1.07934,-4.14376,13.5268,8.87789,1.26104,52.9633,2.91539,-4.73185,57.9854
-5.98615,6.78962,21.5337,-0.912453,-4.19116,13.8732,8.96391,1.17999,52.77,2.97513,-4.93342,58.6567
-6.13299,7.06707,22.3144,-1.06949,-4.28455,14.5237,8.86483,1.46066,53.6143,2.90379,-5.23887,59.8951
-6.00346,7.00973,22.4889,-0.951228,-4.31953,14.7994,8.9031,1.39795,53.4822,2.94547,-5.3231,60.1673
-6.02197,7.0889,22.8623,-0.982627,-4.37397,15.1756,8.84503,1.48746,53.7506,2.9046,-5.4479,60.663
-6.01146,7.16924,23.2388,-1.01528,-4.4283,15.588,8.78379,1.56022,54.0139,2.87866,-5.57082,61.1096
-6.0184,7.25162,23.5876,-1.03873,-4.4745,15.9635,8.74058,1.63337,54.2655,2.86227,-5.66737,61.4905
-6.04705,7.32975,23.8815,-1.07511,-4.50758,16.2663,8.69722,1.71041,54.4904,2.83086,-5.7373,61.8006
-5.97921,7.30184,23.9494,-1.02885,-4.50626,16.4103,8.69482,1.67307,54.37,2.82883,-5.73473,61.7908
-6.1926,7.56384,24.5973,-1.25412,-4.57358,16.9365,8.57033,1.94672,55.1694,2.72697,-5.91686,62.6106
-6.12232,7.51201,24.5965,-1.20262,-4.56325,16.996,8.59045,1.89213,55.0076,2.73588,-5.89074,62.5206
-6.16819,7.56009,24.7707,-1.25821,-4.56704,17.1519,8.55429,1.95285,55.1555,2.69116,-5.91216,62.6787
-6.27839,7.67871,25.0873,-1.38541,-4.57657,17.4017,8.4876,2.08722,55.5246,2.62238,-5.97219,63.0268
-6.20264,7.57669,24.9547,-1.31788,-4.54781,17.3071,8.51516,2.01452,55.3038,2.62603,-5.90543,62.7908
-6.30701,7.66647,25.1651,-1.42761,-4.54118,17.4426,8.4523,2.1311,55.6205,2.56471,-5.93636,63.0198
-6.36255,7.69031,25.2483,-1.48111,-4.51733,17.4693,8.41037,2.1935,55.7911,2.52202,-5.92894,63.0793
-6.42326,7.70263,25.2736,-1.53857,-4.48653,17.4318,8.36788,2.25869,55.9583,2.47222,-5.91422,63.1167
-6.48341,7.72501,25.3161,-1.58916,-4.46114,17.4127,8.32958,2.32862,56.1489,2.43447,-5.91094,63.1776
-6.4835,7.70723,25.2599,-1.57442,-4.44022,17.3245,8.329,2.35282,56.2262,2.43306,-5.89313,63.1436
-6.48876,7.70648,25.2468,-1.56648,-4.42515,17.2802,8.32232,2.38196,56.3166,2.43217,-5.88615,63.1361
-6.49011,7.70367,25.2311,-1.5536,-4.41283,17.2379,8.32175,2.40554,56.3926,2.4358,-5.8802,63.1298
-6.48944,7.70091,25.2171,-1.54142,-4.402,17.2017,8.32063,2.4248,56.4602,2.43901,-5.8757,63.1278
-6.38914,7.66751,25.3155,-1.53331,-4.37105,17.3106,8.16836,2.32619,56.1617,2.30444,-5.77686,62.7614
-5.69064,7.44659,25.9863,-1.51033,-4.21017,18.1658,7.17765,1.56683,53.7999,1.40616,-5.12749,60.2756
-4.51607,7.03881,27.2658,-1.35528,-3.96077,19.7618,5.52215,0.22155,49.4852,-0.145239,-3.94437,55.8279
-4.611,7.03251,29.5075,-1.69752,-4.16903,21.9288,4.25423,-0.871519,45.4797,-1.51348,-2.75395,51.7743
-6.88236,8.57948,35.4064,-4.88758,-5.88864,27.1811,2.46693,-2.49496,38.6893,-3.48483,-1.07319,44.9811
-9.98993,11.3058,44.7591,-9.51076,-8.88427,35.5734,-0.404496,-4.31375,30.3299,-6.53649,0.91904,36.6648
-14.0486,15.4578,59.9199,-16.2778,-13.9128,49.4844,-5.63167,-6.22514,18.3338,-11.9756,3.33788,24.4198
-11.2398,14.3924,57.8853,-13.4114,-13.022,47.9177,-4.23412,-6.68777,17.0655,-10.4836,3.77775,22.5913
-7.24915,11.0505,50.5958,-8.43795,-9.78837,41.739,-1.55604,-7.10595,17.7123,-7.64302,3.9065,22.9537
-3.60245,7.88143,43.3899,-3.81621,-6.78462,35.6685,1.27999,-7.21938,20.3811,-4.58713,3.4473,25.9733
-0.378114,5.12863,36.267,0.360524,-4.12776,29.5252,3.86203,-7.09848,23.4029,-1.78526,2.85663,29.3437
1.06012,2.80962,30.3085,3.93495,-2.21399,23.9095,6.49596,-6.528,26.9846,0.743647,2.3784,33.0837
1.58272,1.05415,25.953,6.48221,-1.02432,19.6625,8.68004,-5.55162,31.416,2.6607,1.82223,37.4584
2.31671,-0.475612,21.2252,7.84022,-0.315071,15.9608,9.77543,-4.64556,35.2069,4.66619,1.7157,40.81
2.70753,-1.49024,17.643,7.89697,0.0794239,13.8249,10.3772,-3.70489,39.4106,6.4002,1.29725,44.6619
2.82537,-1.86873,16.5792,7.99696,0.224055,13.3371,10.4948,-2.63784,43.8061,6.78977,0.429861,49.0406
3.48191,-2.31189,14.2992,8.0308,0.341352,12.4599,10.9393,-2.35796,45.4355,7.23552,0.184501,50.6392
3.8592,-2.47124,14.0062,8.24769,0.482912,12.4382,10.822,-1.74355,48.5533,6.70651,-0.571092,53.8577
4.05247,-2.43582,14.2132,8.40961,0.501182,12.5124,10.5853,-1.19641,50.6389,6.12269,-1.16119,55.9443
-4.56183,7.19172,20.919,-0.670431,-6.45447,12.8432,9.40893,-0.697054,49.3533,3.11228,-4.13351,54.4606
-8.74718,12.9718,43.7419,-6.16966,-12.9503,31.7064,9.94514,-0.0369264,49.7737,3.69935,-3.96731,53.1861
-5.87805,8.26062,32.8792,-3.53118,-8.86971,24.9966,9.80963,-0.268016,49.5203,3.6649,-4.0155,53.9982
-5.51724,7.85218,31.3111,-2.64311,-8.21327,23.1687,9.86442,-0.261207,49.6182,3.81057,-4.07614,54.4508
-5.54924,7.97972,31.3625,-2.53025,-8.29127,23.5385,9.95977,-0.200613,49.8,3.97176,-4.20405,54.8751
-5.64701,8.11903,31.387,-2.55844,-8.32712,23.9614,9.99189,-0.0972942,50.0633,4.04041,-4.28887,55.1872
-5.70106,8.24107,31.4379,-2.55527,-8.30912,24.2856,10.0169,0.000599948,50.3431,4.11216,-4.40111,55.571
-5.7238,8.34966,31.5623,-2.55918,-8.28679,24.6239,10.0359,0.102672,50.653,4.18391,-4.53244,56.0199
-5.78043,8.45212,31.7106,-2.5895,-8.27609,24.9303,10.046,0.24788,51.0399,4.22142,-4.63882,56.4631
-5.7719,8.52914,31.9048,-2.59212,-8.27446,25.3,10.0768,0.37809,51.4325,4.28743,-4.75485,56.9152
-5.83801,8.62307,32.0044,-2.6848,-8.24536,25.5148,10.041,0.526997,51.7859,4.2714,-4.81303,57.2072
-5.86889,8.71126,32.1973,-2.74111,-8.25543,25.8292,10.0336,0.636445,52.0868,4.28704,-4.89243,57.5472
-5.94393,8.81359,32.3521,-2.84957,-8.26445,26.0767,9.98831,0.750971,52.3472,4.25762,-4.94856,57.8033
-5.98348,8.91071,32.5161,-2.94182,-8.26789,26.3392,9.94374,0.835762,52.5643,4.24205,-5.01392,58.0459
-6.03741,9.01009,32.6706,-3.01612,-8.26205,26.5647,9.91586,0.921392,52.7772,4.23563,-5.06024,58.2474
-6.11017,9.10923,32.78,-3.09595,-8.24833,26.7122,9.88393,1.01934,52.9963,4.21401,-5.08385,58.3951
-6.16038,9.20254,32.8808,-3.16705,-8.23432,26.8493,9.85479,1.10791,53.2084,4.20051,-5.11599,58.5459
-6.2426,9.29423,32.9372,-3.25637,-8.21627,26.9168,9.82132,1.20396,53.4031,4.16636,-5.10927,58.6077
-6.29991,9.37822,33.0022,-3.32801,-8.20237,26.9891,9.80137,1.28902,53.5935,4.14662,-5.10921,58.6824
-6.3799,9.46299,33.0333,-3.41295,-8.18537,27.0073,9.77253,1.38024,53.773,4.1094,-5.08862,58.705
-6.44858,9.54174,33.0555,-3.49348,-8.16959,27.0122,9.75117,1.46471,53.9475,4.07748,-5.06477,58.7182
-6.52832,9.62182,33.0534,-3.57785,-8.14811,26.9768,9.72496,1.54913,54.1079,4.03661,-5.02588,58.6921
-6.60998,9.69467,33.0269,-3.66252,-8.12845,26.9213,9.69963,1.62102,54.2295,3.99482,-4.9807,58.6405
-6.69236,9.7634,32.9804,-3.74588,-8.10535,26.846,9.67187,1.6852,54.331,3.95131,-4.92709,58.5633
-6.78534,9.8276,32.8946,-3.83837,-8.08146,26.7228,9.64133,1.75065,54.4216,3.89736,-4.86397,58.4612
-6.86779,9.8917,32.8276,-3.91646,-8.06803,26.6256,9.61863,1.81042,54.5119,3.85671,-4.81277,58.3817
-6.94315,9.95328,32.7713,-3.98562,-8.06226,26.5436,9.60443,1.86691,54.6107,3.82606,-4.77598,58.3442
-7.0038,10.0138,32.7422,-4.04223,-8.06132,26.496,9.59343,1.91391,54.6909,3.80533,-4.747,58.3074
-7.05963,10.0724,32.723,-4.09283,-8.06346,26.4592,9.58878,1.95542,54.7623,3.7912,-4.72046,58.2729
-7.1109,10.1311,32.711,-4.14073,-8.06756,26.43,9.58483,1.99057,54.8241,3.7795,-4.69512,58.2365
-7.05678,10.1538,32.8198,-4.19101,-8.04885,26.5543,9.42737,1.90519,54.5168,3.62976,-4.57616,57.8305
-6.40657,9.9731,33.5873,-4.25689,-7.88811,27.5217,8.39242,1.1928,52.2696,2.68608,-3.94789,55.4447
-5.27235,9.54349,35.0303,-4.19275,-7.57526,29.2871,6.6199,-0.00883846,48.415,1.03637,-2.87024,51.4296
-5.34624,9.38389,37.2608,-4.56078,-7.65556,31.4763,5.2298,-0.993786,44.7691,-0.437946,-1.76298,47.7154
-7.53905,10.7348,43.0962,-7.69688,-9.21203,36.6394,3.11638,-2.06862,39.8603,-2.64844,-0.553056,42.8445
-10.5883,13.1097,52.2182,-12.2697,-11.989,44.8073,-0.0369435,-3.64914,32.4057,-5.93056,1.18856,35.5403
-13.8165,16.1232,65.5908,-17.7059,-15.8468,56.9858,-5.71886,-5.06319,23.1635,-11.5504,2.61942,27.3061
-11.5079,14.1005,62.7283,-14.8819,-13.9897,54.7245,-4.70334,-5.32417,23.5517,-10.3828,2.64326,27.632
-8.11974,10.5614,55.2935,-10.1601,-10.4588,48.2758,-2.51571,-4.38861,28.7401,-7.98686,1.45963,33.0052
-4.64386,7.61911,47.9762,-5.39377,-7.43899,41.8405,0.049945,-3.26239,34.3297,-5.10724,0.306285,38.2985
-1.5532,5.29856,41.4135,-1.15481,-4.98806,36.0274,2.31296,-2.52945,38.7057,-2.52751,-0.502811,42.3873
0.0192162,3.3422,35.9902,2.6015,-3.24937,30.9484,4.67053,-1.7713,42.5051,-0.204483,-1.02551,46.2007
0.992882,1.72232,31.6753,5.61681,-2.10854,26.8592,6.73147,-1.03653,45.8913,1.6377,-1.38914,49.6724
1.72362,0.402443,28.0611,7.50902,-1.28489,23.2666,7.51504,-0.178528,49.415,3.36734,-1.48976,52.9388
2.22247,-0.483741,25.197,8.50614,-0.477553,20.1066,7.94498,0.560807,52.8274,4.93159,-1.69544,56.0094
2.75691,-0.88423,23.6431,9.2236,0.0593702,18.0945,8.24446,1.03763,55.0815,5.48128,-1.95315,58.0589
3.18741,-1.16626,22.6687,9.66348,0.409643,16.7676,8.33711,1.45654,57.144,5.62851,-2.25466,60.014
3.67619,-1.38167,22.21,10.0261,0.604257,16.1958,8.22643,1.73896,59.1368,5.13449,-2.68032,62.0313
4.12308,-1.57787,21.7078,10.3578,0.294238,16.2137,8.09876,2.03543,60.2907,4.69759,-2.99859,63.1568
-4.38595,6.9911,20.4174,-0.476451,-6.47459,12.7648,9.58804,-0.777982,49.3349,3.24717,-4.19549,54.6163
-8.77177,12.8457,43.1181,-6.19146,-13.0615,31.653,10.1076,-0.0922217,49.796,3.82487,-4.05933,53.3317
-6.03154,8.39762,32.4293,-3.66926,-9.0642,25.0272,9.92162,-0.286522,49.6163,3.75035,-4.0953,54.1238
-5.69169,8.07367,30.9511,-2.77772,-8.40656,23.1598,9.94257,-0.256949,49.7426,3.86862,-4.142,54.5601
-5.72775,8.23157,31.1241,-2.67832,-8.46572,23.5263,10.0141,-0.179067,49.9393,4.00999,-4.26016,54.9729
-5.81115,8.36749,31.247,-2.71266,-8.47386,23.9511,10.0289,-0.0642408,50.2089,4.06395,-4.33656,55.2785
-5.8535,8.47716,31.3559,-2.71099,-8.43404,24.2764,10.0417,0.0412521,50.4924,4.12442,-4.44232,55.6579
-5.86615,8.57234,31.5178,-2.71002,-8.39411,24.6137,10.0516,0.147759,50.8026,4.18704,-4.56823,56.1025
-5.91471,8.66021,31.6917,-2.73679,-8.3696,24.9216,10.0549,0.296605,51.1917,4.21747,-4.67094,56.5435
-5.89897,8.72655,31.9088,-2.73506,-8.36011,25.2917,10.0809,0.430738,51.5885,4.27808,-4.78553,56.9986
-5.9533,8.80638,32.0206,-2.81378,-8.3196,25.4969,10.0413,0.57788,51.9334,4.25757,-4.83905,57.2859
-5.97698,8.88217,32.2225,-2.86426,-8.32316,25.8094,10.0309,0.68798,52.233,4.26952,-4.91669,57.6255
-6.04403,8.97306,32.3839,-2.96473,-8.32647,26.0531,9.98373,0.802306,52.4906,4.2373,-4.97118,57.8818
-6.07516,9.05884,32.5526,-3.04825,-8.32478,26.3114,9.93784,0.886443,52.7041,4.21944,-5.03499,58.1244
-6.1212,9.14753,32.7096,-3.11437,-8.31481,26.5335,9.90907,0.97119,52.9132,4.21119,-5.07983,58.3257
-6.18665,9.23654,32.8197,-3.18677,-8.29751,26.6784,9.87655,1.06816,53.1284,4.18809,-5.10211,58.473
-6.23091,9.32136,32.9209,-3.25213,-8.28175,26.8142,9.84701,1.15639,53.3379,4.17338,-5.13357,58.6246
-6.30449,9.40271,32.9757,-3.33126,-8.25948,26.8768,9.81348,1.25011,53.5253,4.1384,-5.12473,58.6842
-6.35687,9.47829,33.0385,-3.39794,-8.2433,26.9476,9.79299,1.33415,53.7112,4.1175,-5.12328,58.7569
-6.43161,9.55503,33.067,-3.47707,-8.22381,26.9639,9.76384,1.42409,53.8855,4.07939,-5.10125,58.7777
-6.49528,9.62584,33.0864,-3.55159,-8.20495,26.9664,9.74212,1.507,54.0541,4.04659,-5.07593,58.7889
-6.57178,9.69893,33.0813,-3.63233,-8.18122,26.9302,9.71524,1.59048,54.2097,4.00469,-5.03572,58.7605
-6.64919,9.76446,33.0507,-3.71152,-8.15847,26.8723,9.68949,1.66079,54.3251,3.9621,-4.98874,58.706
-6.72853,9.82655,32.9996,-3.79056,-8.13231,26.7948,9.661,1.72362,54.4207,3.9176,-4.93348,58.6259
-6.81904,9.8845,32.9086,-3.87914,-8.10514,26.6689,9.62957,1.78776,54.5055,3.86258,-4.86862,58.5209
-6.89935,9.94237,32.8359,-3.9535,-8.08793,26.5686,9.60575,1.84631,54.5903,3.82072,-4.81566,58.4384
-6.97316,9.99802,32.7735,-4.01943,-8.07799,26.4834,9.59018,1.90183,54.6843,3.78869,-4.77716,58.3982
-7.0324,10.0527,32.7379,-4.07274,-8.0723,26.4321,9.57768,1.94807,54.7604,3.76655,-4.74665,58.3596
-7.08706,10.1057,32.7113,-4.1199,-8.0691,26.3908,9.57135,1.98903,54.8286,3.75095,-4.7188,58.3241
-7.1372,10.1587,32.691,-4.16399,-8.06701,26.356,9.56556,2.02386,54.8881,3.73778,-4.69239,58.288
-7.08129,10.1743,32.7899,-4.20965,-8.04039,26.473,9.40643,1.9384,54.5796,3.58705,-4.57309,57.8834
-6.42726,9.98012,33.544,-4.27001,-7.86789,27.4296,8.37182,1.22638,52.331,2.64501,-3.94728,55.4993
-5.2886,9.53205,34.9692,-4.20026,-7.53996,29.1815,6.60177,0.0254332,48.4748,0.999583,-2.87438,51.4854
-5.35938,9.35469,37.1755,-4.5609,-7.60506,31.3499,5.21462,-0.958315,44.8281,-0.469911,-1.77225,47.7733
-7.55136,10.67,42.976,-7.6929,-9.13971,36.48,3.10637,-2.0268,39.9225,-2.67238,-0.575889,42.9123
-10.6059,13.0038,52.0442,-12.2671,-11.8914,44.5975,-0.0372558,-3.59276,32.4787,-5.94224,1.15413,35.5975
-13.8446,15.9693,65.3666,-17.7142,-15.7216,56.7332,-5.71454,-4.89953,23.3856,-11.5616,2.60038,27.2555
-11.556,13.9729,62.4894,-14.8946,-13.8558,54.4678,-4.70826,-5.06458,23.9421,-10.3986,2.6383,27.5365
-8.17829,10.4759,55.07,-10.1708,-10.336,48.0428,-2.53997,-4.10375,29.1558,-8.01416,1.46157,32.9191
-4.69947,7.56944,47.7667,-5.393,-7.32921,41.6287,0.0135136,-3.1028,34.4996,-5.14231,0.326296,38.2119
-1.60032,5.2811,41.222,-1.13924,-4.89213,35.8325,2.2676,-2.46138,38.7236,-2.56726,-0.465586,42.2879
-0.0174949,3.35456,35.8188,2.63966,-3.16026,30.7446,4.61903,-1.76304,42.4348,-0.248417,-0.973929,46.0985
0.968593,1.75947,31.5179,5.66784,-2.02975,26.6478,6.67798,-1.06933,45.7661,1.59297,-1.32673,49.5759
1.73532,0.420806,27.8439,7.40378,-1.36126,23.3654,7.46761,-0.233299,49.2942,3.34265,-1.44146,52.8609
2.28671,-0.531343,24.8605,8.14344,-0.821036,20.8016,7.9124,0.491198,52.7442,4.94394,-1.68122,55.9546
2.83738,-0.973704,23.2794,8.78412,-0.377191,19.1017,8.2188,0.964872,55.0271,5.50464,-1.95658,58.0174
3.23668,-1.21398,22.4574,9.31785,0.11183,17.6465,8.30379,1.40292,57.1194,5.62883,-2.25263,59.9857
3.65164,-1.31864,22.3008,9.78797,0.544615,16.7224,8.1712,1.76838,59.2223,5.08562,-2.67022,62.0662
3.89959,-1.12502,22.6409,10.1549,0.319562,16.4993,8.11247,2.02121,60.2041,4.65742,-2.92914,63.0897
-4.38326,6.99878,20.4379,-0.474369,-6.47195,12.7581,9.58601,-0.778632,49.3275,3.24564,-4.19551,54.6166
-8.77331,12.8487,43.1358,-6.19158,-13.0611,31.6571,10.1066,-0.0917581,49.7949,3.82415,-4.06092,53.3331
-6.02905,8.39317,32.4404,-3.67052,-9.0607,25.0367,9.92064,-0.285265,49.6176,3.74987,-4.09694,54.1264
-5.68888,8.06648,30.9625,-2.77738,-8.40105,23.1664,9.94168,-0.255194,49.7451,3.86829,-4.14355,54.5633
-5.7253,8.22313,31.133,-2.67767,-8.46008,23.5309,10.0132,-0.176992,49.9425,4.00978,-4.26158,54.9763
-5.80911,8.35877,31.2536,-2.712,-8.46875,23.9543,10.0282,-0.061977,50.2124,4.06384,-4.33778,55.2817
-5.85176,8.46848,31.3611,-2.71039,-8.42948,24.2785,10.041,0.0436043,50.4958,4.1244,-4.44332,55.6606
-5.86466,8.56382,31.522,-2.70948,-8.39002,24.6151,10.051,0.150103,50.8059,4.1871,-4.56904,56.1048
-5.91341,8.65187,31.6953,-2.73631,-8.36586,24.9224,10.0544,0.298888,51.1945,4.21761,-4.67157,56.5452
-5.89786,8.71844,31.9118,-2.73461,-8.35664,25.2921,10.0804,0.432945,51.591,4.2783,-4.786,56.9998
-5.95233,8.79849,32.0233,-2.81332,-8.31629,25.4969,10.0409,0.579979,51.9354,4.25785,-4.83938,57.2867
-5.97617,8.87452,32.225,-2.86383,-8.31996,25.8092,10.0305,0.689989,52.2347,4.26987,-4.91688,57.6258
-6.04337,8.96567,32.3862,-2.96435,-8.32331,26.0527,9.98344,0.804229,52.492,4.23769,-4.97124,57.8816
-6.07468,9.05174,32.5548,-3.04793,-8.32164,26.3109,9.93763,0.888287,52.7052,4.21988,-5.03491,58.1238
-6.12088,9.14072,32.7118,-3.11411,-8.31165,26.5329,9.90894,0.97296,52.9141,4.21168,-5.07964,58.3246
-6.18648,9.23001,32.8218,-3.18657,-8.2943,26.6777,9.8765,1.06986,53.129,4.18862,-5.10181,58.4716
-6.23089,9.31512,32.923,-3.25199,-8.27847,26.8134,9.84703,1.15804,53.3384,4.17394,-5.13316,58.6228
-6.30461,9.39675,32.9777,-3.33118,-8.25612,26.876,9.81359,1.25171,53.5257,4.13899,-5.12423,58.6822
-6.35711,9.47259,33.0405,-3.39791,-8.23985,26.9468,9.79317,1.3357,53.7115,4.11811,-5.12269,58.7546
-6.43198,9.54958,33.069,-3.47709,-8.22027,26.963,9.7641,1.4256,53.8857,4.08003,-5.10056,58.7751
-6.49576,9.62063,33.0884,-3.55166,-8.2013,26.9654,9.74245,1.50846,54.0541,4.04724,-5.07514,58.786
-6.57236,9.69396,33.0832,-3.63244,-8.17746,26.9291,9.71565,1.5919,54.2097,4.00535,-5.03482,58.7573
-6.64986,9.75972,33.0525,-3.71166,-8.15458,26.8712,9.68997,1.66216,54.3249,3.96276,-4.98772,58.7025
-6.72928,9.82204,33.0014,-3.79073,-8.12831,26.7935,9.66155,1.72493,54.4204,3.91826,-4.93233,58.6221
-6.81986,9.88022,32.9104,-3.87932,-8.101,26.6675,9.63018,1.789,54.505,3.86323,-4.86733,58.5166
-6.90025,9.93833,32.8377,-3.9537,-8.08366,26.5671,9.60642,1.84746,54.5896,3.82136,-4.8142,58.4338
-6.97414,9.99423,32.7753,-4.01965,-8.07359,26.4819,9.59091,1.90288,54.6833,3.78931,-4.77552,58.3931
-7.03348,10.0491,32.7397,-4.07298,-8.06778,26.4305,9.57846,1.949,54.7589,3.76715,-4.74481,58.3539
-7.08826,10.1025,32.7132,-4.12017,-8.06444,26.3892,9.57217,1.98981,54.8266,3.75153,-4.71671,58.3177
-7.13855,10.1559,32.6931,-4.1643,-8.06221,26.3544,9.56641,2.02445,54.8855,3.73832,-4.69003,58.2808
-7.08284,10.1718,32.7923,-4.21004,-8.03544,26.4714,9.4073,1.93877,54.5762,3.58752,-4.57042,57.8752
-6.42914,9.97816,33.5468,-4.27051,-7.86275,27.4281,8.37263,1.22648,52.3267,2.64537,-3.94427,55.49
-5.29089,9.53067,34.9725,-4.20091,-7.53468,29.1802,6.60248,0.0251992,48.4696,0.999803,-2.87104,51.4749
-5.36223,9.35376,37.1797,-4.56183,-7.59951,31.349,5.21517,-0.958991,44.8216,-0.46988,-1.76853,47.7613
-7.55456,10.6682,42.9796,-7.69363,-9.13284,36.4782,3.10679,-2.02772,39.9158,-2.67239,-0.572119,42.9
-10.61,13.0004,52.0477,-12.2679,-11.8826,44.5953,-0.0371706,-3.59378,32.4721,-5.94238,1.15766,35.5851
-13.8484,15.9627,65.3641,-17.7134,-15.7094,56.7254,-5.71494,-4.8984,23.3862,-11.5607,2.60176,27.2504
-11.5589,13.9678,62.4834,-14.8923,-13.8434,54.4565,-4.70867,-5.06118,23.9482,-10.3974,2.63989,27.5325
-8.17992,10.4738,55.0615,-10.1671,-10.3243,48.0285,-2.53968,-4.10043,29.1632,-8.01267,1.46364,32.9156
-4.6999,7.56996,47.7565,-5.38764,-7.31799,41.612,0.0143891,-3.10107,34.5043,-5.14037,0.328361,38.2095
-1.59979,5.28381,41.2108,-1.13237,-4.88107,35.8138,2.26858,-2.46023,38.7276,-2.56492,-0.463575,42.2864
-0.0160895,3.35903,35.8066,2.64779,-3.14905,30.7241,4.61987,-1.76217,42.4385,-0.245676,-0.972019,46.0978
0.970608,1.76572,31.5052,5.67797,-2.01745,26.6234,6.67851,-1.06874,45.7696,1.59608,-1.32485,49.5761
1.73727,0.429916,27.8323,7.42027,-1.34381,23.3264,7.46743,-0.232907,49.2972,3.34586,-1.43911,52.8622
2.29039,-0.523192,24.8438,8.15303,-0.809657,20.7749,7.91217,0.490829,52.7486,4.94928,-1.68066,55.9578
2.85027,-0.981668,23.2312,8.73698,-0.42981,19.2139,8.22245,0.961378,55.0394,5.52074,-1.96654,58.0227
3.25801,-1.23933,22.3796,9.22586,0.00196497,17.9034,8.31148,1.39568,57.1386,5.65533,-2.27351,59.9915
3.66709,-1.33984,22.2473,9.70949,0.491261,16.9344,8.17538,1.76162,59.2387,5.10475,-2.68935,62.0715
3.90272,-1.13985,22.6239,10.0893,0.340125,16.6037,8.11133,2.01552,60.2108,4.66424,-2.93951,63.089
-4.38382,6.99894,20.4376,-0.474265,-6.47251,12.7586,9.58609,-0.778475,49.328,3.24566,-4.19575,54.6171
-8.77329,12.8488,43.1358,-6.19168,-13.0617,31.6574,10.1067,-0.0915602,49.7953,3.82421,-4.06121,53.3338
-6.02912,8.39337,32.4406,-3.67081,-9.06127,25.0371,9.92071,-0.285088,49.6181,3.74993,-4.0972,54.127
-5.68898,8.06677,30.9626,-2.77766,-8.40158,23.1668,9.94175,-0.255027,49.7455,3.86834,-4.14379,54.5639
-5.7254,8.22348,31.1331,-2.6779,-8.46052,23.5312,10.0133,-0.176831,49.943,4.00983,-4.2618,54.9768
-5.80921,8.35913,31.2538,-2.7122,-8.4691,23.9545,10.0282,-0.0618201,50.2129,4.06389,-4.33798,55.2822
-5.85187,8.46886,31.3613,-2.71055,-8.42976,24.2788,10.0411,0.0437574,50.4963,4.12445,-4.4435,55.6611
-5.86477,8.5642,31.5223,-2.70963,-8.39024,24.6153,10.0511,0.150253,50.8063,4.18715,-4.5692,56.1052
-5.91353,8.65224,31.6955,-2.73644,-8.36603,24.9226,10.0545,0.299035,51.1949,4.21765,-4.67172,56.5456
-5.89797,8.7188,31.9121,-2.73473,-8.35676,25.2923,10.0805,0.43309,51.5914,4.27834,-4.78614,57.0001
-5.95245,8.79884,32.0235,-2.81342,-8.31638,25.497,10.041,0.580122,51.9358,4.25789,-4.8395,57.287
-5.97629,8.87486,32.2252,-2.86393,-8.32001,25.8093,10.0307,0.690132,52.2351,4.26991,-4.91698,57.626
-6.04349,8.96599,32.3865,-2.96444,-8.32333,26.0528,9.98357,0.804372,52.4923,4.23773,-4.97132,57.8818
-6.07479,9.05203,32.5551,-3.04801,-8.32164,26.311,9.93777,0.88843,52.7055,4.21993,-5.03498,58.124
-6.12099,9.14099,32.7121,-3.11418,-8.31162,26.533,9.90908,0.973104,52.9144,4.21172,-5.07969,58.3248
-6.18659,9.23026,32.8221,-3.18663,-8.29425,26.6778,9.87666,1.07,53.1293,4.18867,-5.10184,58.4717
-6.23099,9.31535,32.9233,-3.25204,-8.2784,26.8135,9.8472,1.15818,53.3387,4.17399,-5.13318,58.6229
-6.30471,9.39695,32.978,-3.33122,-8.25603,26.876,9.81376,1.25185,53.5259,4.13905,-5.12422,58.6822
-6.3572,9.47277,33.0408,-3.39794,-8.23973,26.9468,9.79336,1.33584,53.7117,4.11817,-5.12266,58.7546
-6.43205,9.54974,33.0693,-3.4771,-8.22012,26.963,9.7643,1.42574,53.8858,4.08009,-5.10051,58.775
-6.49583,9.62076,33.0887,-3.55165,-8.20113,26.9654,9.74266,1.50861,54.0543,4.04731,-5.07506,58.7859
-6.57242,9.69407,33.0835,-3.63241,-8.17726,26.9291,9.71587,1.59205,54.2098,4.00543,-5.03471,58.7571
-6.64991,9.75981,33.0528,-3.71161,-8.15435,26.8711,9.6902,1.6623,54.3249,3.96285,-4.98758,58.7023
-6.72931,9.8221,33.0017,-3.79065,-8.12803,26.7934,9.6618,1.72506,54.4204,3.91836,-4.93216,58.6218
-6.81988,9.88026,32.9107,-3.87921,-8.10069,26.6674,9.63044,1.78913,54.505,3.86334,-4.86712,58.5162
-6.90025,9.93835,32.838,-3.95356,-8.0833,26.567,9.6067,1.84759,54.5895,3.82148,-4.81395,58.4333
-6.97413,9.99424,32.7756,-4.01947,-8.07318,26.4817,9.59121,1.903,54.6831,3.78944,-4.77522,58.3925
-7.03344,10.0491,32.7399,-4.07275,-8.0673,26.4302,9.57877,1.94911,54.7587,3.76729,-4.74445,58.3532
-7.0882,10.1025,32.7134,-4.1199,-8.0639,26.3889,9.5725,1.9899,54.8263,3.75168,-4.71631,58.3169
-7.13845,10.1558,32.6932,-4.16397,-8.06159,26.354,9.56676,2.02452,54.8852,3.73849,-4.68957,58.2798
-7.08271,10.1718,32.7923,-4.20963,-8.03473,26.4709,9.40766,1.93882,54.5758,3.58772,-4.5699,57.8742
-6.42897,9.9781,33.5468,-4.27001,-7.86193,27.4275,8.37301,1.2265,52.3262,2.64559,-3.9437,55.4889
-5.29068,9.53059,34.9724,-4.2003,-7.53371,29.1794,6.60287,0.0251806,48.469,1.00005,-2.87044,51.4737
-5.36197,9.35366,37.1794,-4.56108,-7.59838,31.3481,5.21558,-0.959051,44.8209,-0.469611,-1.76789,47.7599
-7.55425,10.6679,42.9791,-7.69269,-9.13139,36.477,3.1072,-2.02782,39.9151,-2.67208,-0.571494,42.8985
-10.6096,12.9999,52.047,-12.2667,-11.8807,44.5938,-0.0367556,-3.5939,32.4714,-5.94203,1.15822,35.5836
-13.848,15.9618,65.3631,-17.7119,-15.7069,56.7235,-5.71452,-4.89855,23.3856,-11.5603,2.60215,27.2493
-11.5584,13.9674,62.4823,-14.8907,-13.8409,54.4544,-4.70823,-5.0614,23.9475,-10.3969,2.64047,27.531
-8.1794,10.474,55.0604,-10.1652,-10.3218,48.0262,-2.53918,-4.10079,29.1622,-8.01212,1.46446,32.9139
-4.69926,7.57071,47.7554,-5.38555,-7.31552,41.6093,0.014933,-3.10156,34.503,-5.13971,0.329317,38.2078
-1.599,5.28495,41.2095,-1.13002,-4.87856,35.8107,2.26916,-2.46084,38.7261,-2.56412,-0.46248,42.2845
-0.0151038,3.36044,35.8051,2.65042,-3.14647,30.7204,4.62049,-1.7629,42.437,-0.244677,-0.970824,46.096
0.971797,1.76738,31.5034,5.681,-2.01468,26.6188,6.67916,-1.06959,45.768,1.59732,-1.32358,49.5744
1.73863,0.431925,27.8301,7.42412,-1.34049,23.3197,7.46809,-0.233878,49.2955,3.34737,-1.43776,52.8608
2.2922,-0.521319,24.8404,8.15592,-0.807347,20.7693,7.91296,0.489676,52.7473,4.9514,-1.67955,55.9569
2.85377,-0.982609,23.2219,8.73084,-0.437305,19.2304,8.22401,0.959593,55.0396,5.52492,-1.96724,58.0223
3.26435,-1.24565,22.3598,9.20535,-0.0249336,17.9641,8.31458,1.39273,57.1412,5.66317,-2.27753,59.9913
3.67336,-1.34698,22.2282,9.68816,0.47092,16.9997,8.17847,1.75812,59.2416,5.11268,-2.69418,62.0711
3.90565,-1.1428,22.618,10.0713,0.346905,16.636,8.11281,2.01252,60.2119,4.66838,-2.94201,63.0877
-4.3838,6.99897,20.4377,-0.474305,-6.47257,12.7587,9.58609,-0.77843,49.3281,3.24567,-4.19581,54.6173
-8.77329,12.8488,43.1359,-6.19172,-13.0618,31.6575,10.1067,-0.0915071,49.7955,3.82421,-4.06128,53.3339
-6.02912,8.39338,32.4407,-3.67083,-9.06131,25.0372,9.92072,-0.285041,49.6182,3.74993,-4.09726,54.1271
-5.68898,8.06679,30.9627,-2.77768,-8.40161,23.1669,9.94176,-0.254983,49.7456,3.86835,-4.14383,54.564
-5.7254,8.22349,31.1332,-2.67792,-8.46055,23.5313,10.0133,-0.176788,49.9431,4.00984,-4.26184,54.977
-5.80921,8.35915,31.2539,-2.71221,-8.46913,23.9546,10.0282,-0.0617779,50.213,4.0639,-4.33802,55.2823
-5.85187,8.46887,31.3614,-2.71057,-8.42978,24.2789,10.0411,0.0437986,50.4964,4.12446,-4.44354,55.6612
-5.86477,8.56421,31.5223,-2.70964,-8.39025,24.6153,10.0511,0.150293,50.8064,4.18716,-4.56923,56.1053
-5.91353,8.65226,31.6956,-2.73645,-8.36604,24.9227,10.0545,0.299075,51.195,4.21766,-4.67174,56.5457
-5.89797,8.71881,31.9122,-2.73474,-8.35676,25.2924,10.0805,0.433129,51.5915,4.27835,-4.78616,57.0002
-5.95245,8.79885,32.0236,-2.81343,-8.31637,25.4971,10.041,0.580162,51.9359,4.2579,-4.83951,57.287
-5.97629,8.87487,32.2253,-2.86394,-8.32001,25.8093,10.0307,0.690171,52.2352,4.26992,-4.917,57.6261
-6.04349,8.966,32.3866,-2.96444,-8.32332,26.0528,9.9836,0.804412,52.4924,4.23775,-4.97133,57.8818
-6.07479,9.05204,32.5552,-3.04801,-8.32162,26.311,9.93779,0.88847,52.7056,4.21995,-5.03499,58.124
-6.12099,9.14099,32.7122,-3.11418,-8.3116,26.533,9.90911,0.973144,52.9145,4.21174,-5.07969,58.3248
-6.18659,9.23026,32.8222,-3.18663,-8.29423,26.6778,9.87669,1.07005,53.1293,4.18869,-5.10184,58.4717
-6.23098,9.31535,32.9234,-3.25204,-8.27837,26.8135,9.84724,1.15822,53.3387,4.17401,-5.13317,58.6229
-6.3047,9.39695,32.9781,-3.33121,-8.25599,26.876,9.8138,1.2519,53.526,4.13907,-5.12421,58.6822
-6.35719,9.47276,33.0409,-3.39793,-8.23969,26.9468,9.79341,1.33588,53.7117,4.1182,-5.12264,58.7546
-6.43205,9.54973,33.0694,-3.47709,-8.22007,26.963,9.76435,1.42579,53.8859,4.08012,-5.10048,58.775
-6.49582,9.62075,33.0888,-3.55163,-8.20107,26.9654,9.74271,1.50865,54.0543,4.04735,-5.07502,58.7858
-6.57241,9.69406,33.0836,-3.63238,-8.17719,26.9291,9.71593,1.59209,54.2098,4.00547,-5.03467,58.757
-6.64989,9.7598,33.0529,-3.71158,-8.15427,26.8711,9.69026,1.66234,54.3249,3.96289,-4.98753,58.7022
-6.72929,9.82209,33.0018,-3.79061,-8.12795,26.7934,9.66187,1.7251,54.4204,3.9184,-4.93209,58.6217
-6.81986,9.88025,32.9107,-3.87917,-8.10059,26.6674,9.63051,1.78917,54.5049,3.86338,-4.86704,58.5161
-6.90023,9.93834,32.8381,-3.9535,-8.08319,26.567,9.60678,1.84762,54.5895,3.82153,-4.81386,58.4331
-6.9741,9.99422,32.7756,-4.0194,-8.07306,26.4816,9.59129,1.90303,54.6831,3.7895,-4.77512,58.3923
-7.0334,10.0491,32.74,-4.07267,-8.06717,26.4302,9.57886,1.94914,54.7586,3.76735,-4.74434,58.353
-7.08815,10.1025,32.7135,-4.11981,-8.06375,26.3888,9.5726,1.98993,54.8262,3.75175,-4.71618,58.3167
-7.1384,10.1558,32.6932,-4.16386,-8.06142,26.3539,9.56686,2.02454,54.8851,3.73856,-4.68942,58.2796
-7.08264,10.1718,32.7924,-4.2095,-8.03454,26.4708,9.40777,1.93883,54.5756,3.5878,-4.56974,57.8738
-6.42889,9.97808,33.5468,-4.26985,-7.8617,27.4274,8.37312,1.22651,52.3261,2.64567,-3.94352,55.4885
-5.2906,9.53058,34.9724,-4.20012,-7.53345,29.1793,6.60298,0.0251753,48.4688,1.00013,-2.87025,51.4733
-5.36187,9.35365,37.1794,-4.56086,-7.59809,31.3479,5.21569,-0.959069,44.8207,-0.469518,-1.76769,47.7595
-7.55413,10.6678,42.9791,-7.69241,-9.13101,36.4767,3.10732,-2.02784,39.9149,-2.67198,-0.571295,42.8981
-10.6095,12.9998,52.0469,-12.2663,-11.8803,44.5935,-0.0366409,-3.59394,32.4712,-5.94192,1.15841,35.5832
-13.8478,15.9617,65.3629,-17.7115,-15.7063,56.7231,-5.71441,-4.89861,23.3854,-11.5602,2.60229,27.2489
-11.5582,13.9674,62.4821,-14.8902,-13.8403,54.4539,-4.7081,-5.06148,23.9472,-10.3968,2.64067,27.5305
-8.17917,10.4741,55.0602,-10.1646,-10.3212,48.0256,-2.53904,-4.1009,29.1619,-8.01197,1.46472,32.9133
-4.699,7.57095,47.7551,-5.38492,-7.31489,41.6087,0.0150886,-3.10168,34.5027,-5.13952,0.329605,38.2072
-1.5987,5.28528,41.2092,-1.12932,-4.87792,35.8099,2.26933,-2.46098,38.7258,-2.56388,-0.462159,42.284
-0.0147566,3.36083,35.8047,2.65119,-3.14581,30.7195,4.62068,-1.76307,42.4366,-0.244388,-0.970478,46.0955
0.972193,1.76783,31.5029,5.68186,-2.01397,26.6176,6.67936,-1.06979,45.7676,1.59768,-1.32322,49.5739
1.73906,0.432464,27.8295,7.42521,-1.33961,23.3179,7.4683,-0.234099,49.2951,3.3478,-1.43737,52.8604
2.29273,-0.520796,24.8395,8.15683,-0.806656,20.7676,7.91321,0.489415,52.747,4.95199,-1.67921,55.9566
2.85472,-0.982763,23.2196,8.72958,-0.438948,19.234,8.22445,0.959181,55.0396,5.52603,-1.96735,58.0221
3.26604,-1.24722,22.3547,9.20035,-0.0315834,17.9792,8.31543,1.39201,57.1419,5.66524,-2.2785,59.9912
3.67517,-1.349,22.2227,9.68247,0.464933,17.0178,8.1794,1.75721,59.2424,5.11496,-2.69547,62.0709
3.90651,-1.14365,22.6163,10.0664,0.348947,16.6449,8.11327,2.01173,60.2123,4.66958,-2.9427,63.0873
-4.3838,6.99897,20.4378,-0.474319,-6.47259,12.7587,9.5861,-0.778418,49.3281,3.24567,-4.19583,54.6173
-8.77329,12.8488,43.1359,-6.19174,-13.0618,31.6576,10.1067,-0.091493,49.7955,3.82422,-4.0613,53.334
-6.02912,8.39339,32.4407,-3.67084,-9.06132,25.0372,9.92072,-0.285029,49.6182,3.74994,-4.09727,54.1271
-5.68898,8.0668,30.9628,-2.77769,-8.40162,23.1669,9.94176,-0.254971,49.7457,3.86835,-4.14385,54.564
-5.7254,8.2235,31.1332,-2.67793,-8.46056,23.5314,10.0133,-0.176777,49.9431,4.00984,-4.26185,54.977
-5.80921,8.35916,31.2539,-2.71222,-8.46913,23.9546,10.0282,-0.0617671,50.213,4.0639,-4.33803,55.2823
-5.85187,8.46888,31.3614,-2.71057,-8.42979,24.2789,10.0411,0.0438092,50.4964,4.12446,-4.44355,55.6612
-5.86477,8.56422,31.5224,-2.70965,-8.39026,24.6154,10.0511,0.150304,50.8064,4.18716,-4.56924,56.1053
-5.91353,8.65226,31.6956,-2.73645,-8.36604,24.9227,10.0545,0.299085,51.195,4.21767,-4.67175,56.5457
-5.89797,8.71882,31.9122,-2.73474,-8.35677,25.2924,10.0805,0.43314,51.5915,4.27836,-4.78616,57.0002
-5.95245,8.79886,32.0236,-2.81343,-8.31638,25.4971,10.041,0.580172,51.9359,4.25791,-4.83952,57.287
-5.97629,8.87487,32.2253,-2.86394,-8.32001,25.8093,10.0307,0.690182,52.2352,4.26993,-4.917,57.6261
-6.04349,8.966,32.3866,-2.96444,-8.32332,26.0529,9.98361,0.804422,52.4924,4.23775,-4.97133,57.8819
-6.07479,9.05204,32.5552,-3.04801,-8.32162,26.311,9.9378,0.88848,52.7056,4.21995,-5.03499,58.124
-6.12099,9.141,32.7122,-3.11418,-8.3116,26.533,9.90912,0.973155,52.9145,4.21175,-5.07969,58.3248
-6.18659,9.23027,32.8222,-3.18663,-8.29422,26.6778,9.8767,1.07006,53.1294,4.1887,-5.10184,58.4717
-6.23098,9.31535,32.9234,-3.25204,-8.27836,26.8135,9.84725,1.15824,53.3388,4.17402,-5.13316,58.6229
-6.3047,9.39695,32.9781,-3.3312,-8.25598,26.876,9.81382,1.25191,53.526,4.13908,-5.1242,58.6822
-6.35719,9.47276,33.0409,-3.39792,-8.23968,26.9468,9.79342,1.33589,53.7117,4.11821,-5.12263,58.7546
-6.43204,9.54973,33.0694,-3.47708,-8.22006,26.963,9.76436,1.4258,53.8859,4.08013,-5.10047,58.775
-6.49581,9.62075,33.0888,-3.55163,-8.20106,26.9654,9.74273,1.50866,54.0543,4.04736,-5.07501,58.7858
-6.5724,9.69406,33.0836,-3.63238,-8.17718,26.9291,9.71595,1.5921,54.2098,4.00548,-5.03466,58.757
-6.64989,9.7598,33.0529,-3.71157,-8.15426,26.8711,9.69028,1.66235,54.3249,3.9629,-4.98751,58.7022
-6.72929,9.82209,33.0018,-3.7906,-8.12793,26.7934,9.66189,1.72511,54.4204,3.91841,-4.93207,58.6216
-6.81985,9.88024,32.9108,-3.87915,-8.10057,26.6674,9.63053,1.78918,54.5049,3.8634,-4.86702,58.516
-6.90022,9.93833,32.8381,-3.95349,-8.08317,26.567,9.6068,1.84763,54.5894,3.82154,-4.81384,58.4331
-6.97409,9.99421,32.7756,-4.01939,-8.07303,26.4816,9.59131,1.90304,54.683,3.78951,-4.7751,58.3923
-7.03339,10.0491,32.74,-4.07265,-8.06713,26.4302,9.57888,1.94915,54.7586,3.76737,-4.74431,58.3529
-7.08814,10.1025,32.7135,-4.11978,-8.06371,26.3888,9.57262,1.98994,54.8262,3.75177,-4.71614,58.3166
-7.13838,10.1558,32.6933,-4.16383,-8.06138,26.3539,9.56689,2.02455,54.885,3.73858,-4.68938,58.2795
-7.08262,10.1718,32.7924,-4.20946,-8.03448,26.4708,9.4078,1.93884,54.5756,3.58782,-4.56969,57.8737
-6.42887,9.97808,33.5468,-4.26981,-7.86164,27.4273,8.37315,1.22651,52.326,2.64569,-3.94347,55.4884
-5.29057,9.53058,34.9724,-4.20006,-7.53338,29.1792,6.60302,0.0251747,48.4688,1.00016,-2.8702,51.4732
-5.36184,9.35365,37.1794,-4.5608,-7.59801,31.3478,5.21573,-0.959073,44.8206,-0.469492,-1.76764,47.7594
-7.5541,10.6678,42.979,-7.69234,-9.13091,36.4767,3.10735,-2.02785,39.9148,-2.67195,-0.571241,42.8979
-10.6094,12.9998,52.0469,-12.2662,-11.8801,44.5934,-0.0366088,-3.59395,32.4712,-5.94189,1.15846,35.5831
-13.8478,15.9616,65.3628,-17.7114,-15.7061,56.723,-5.71438,-4.89862,23.3853,-11.5601,2.60234,27.2488
-11.5582,13.9674,62.482,-14.89,-13.8401,54.4538,-4.70807,-5.06151,23.9472,-10.3968,2.64073,27.5303
-8.17911,10.4742,55.0601,-10.1645,-10.321,48.0255,-2.539,-4.10092,29.1618,-8.01193,1.46479,32.9132
-4.69893,7.57102,47.7551,-5.38475,-7.31472,41.6085,0.0151321,-3.10171,34.5026,-5.13947,0.329686,38.2071
-1.59862,5.28537,41.2091,-1.12913,-4.87775,35.8097,2.26938,-2.46102,38.7257,-2.56382,-0.462069,42.2838
-0.0146614,3.36094,35.8046,2.6514,-3.14563,30.7193,4.62073,-1.76311,42.4365,-0.244309,-0.970382,46.0953
0.972301,1.76795,31.5028,5.6821,-2.01377,26.6173,6.67942,-1.06984,45.7674,1.59777,-1.32312,49.5738
1.73918,0.432608,27.8294,7.4255,-1.33938,23.3175,7.46836,-0.234156,49.295,3.34792,-1.43727,52.8603
2.29287,-0.520656,24.8393,8.15708,-0.806469,20.7672,7.91328,0.489347,52.7469,4.95215,-1.67912,55.9565
2.85497,-0.982796,23.219,8.72928,-0.439357,19.2348,8.22457,0.959074,55.0396,5.52632,-1.96736,58.0221
3.26648,-1.24763,22.3534,9.19906,-0.0333047,17.9831,8.31565,1.39182,57.1421,5.66578,-2.27874,59.9911
3.67566,-1.34955,22.2212,9.68096,0.463294,17.0227,8.17966,1.75697,59.2426,5.11558,-2.69581,62.0708
3.90674,-1.14388,22.6158,10.0651,0.349515,16.6473,8.1134,2.01152,60.2124,4.66991,-2.94288,63.0872
-4.3838,6.99898,20.4378,-0.474323,-6.4726,12.7587,9.5861,-0.778415,49.3281,3.24567,-4.19583,54.6173
-8.77329,12.8488,43.136,-6.19174,-13.0618,31.6576,10.1067,-0.0914893,49.7955,3.82422,-4.0613,53.334
-6.02912,8.39339,32.4407,-3.67084,-9.06133,25.0372,9.92072,-0.285026,49.6182,3.74994,-4.09728,54.1271
-5.68898,8.0668,30.9628,-2.77769,-8.40163,23.1669,9.94176,-0.254968,49.7457,3.86835,-4.14385,54.564
-5.7254,8.2235,31.1332,-2.67793,-8.46056,23.5314,10.0133,-0.176774,49.9431,4.00984,-4.26186,54.977
-5.80921,8.35916,31.2539,-2.71222,-8.46914,23.9546,10.0282,-0.0617642,50.213,4.0639,-4.33803,55.2823
-5.85187,8.46888,31.3614,-2.71057,-8.42979,24.2789,10.0411,0.043812,50.4964,4.12446,-4.44355,55.6612
-5.86477,8.56422,31.5224,-2.70965,-8.39026,24.6154,10.0511,0.150306,50.8064,4.18716,-4.56924,56.1053
-5.91352,8.65226,31.6956,-2.73645,-8.36604,24.9227,10.0545,0.299088,51.195,4.21767,-4.67175,56.5457
-5.89797,8.71882,31.9122,-2.73475,-8.35677,25.2924,10.0805,0.433142,51.5915,4.27836,-4.78616,57.0002
-5.95245,8.79886,32.0236,-2.81343,-8.31638,25.4971,10.041,0.580175,51.9359,4.25791,-4.83952,57.287
-5.97629,8.87487,32.2253,-2.86394,-8.32001,25.8093,10.0307,0.690184,52.2352,4.26993,-4.917,57.6261
-6.04349,8.966,32.3866,-2.96444,-8.32332,26.0529,9.98361,0.804425,52.4924,4.23776,-4.97133,57.8819
-6.07479,9.05204,32.5552,-3.04801,-8.32162,26.311,9.9378,0.888483,52.7056,4.21995,-5.03499,58.124
-6.12099,9.141,32.7122,-3.11418,-8.3116,26.533,9.90913,0.973158,52.9145,4.21175,-5.07969,58.3248
-6.18659,9.23027,32.8222,-3.18663,-8.29422,26.6778,9.8767,1.07006,53.1294,4.1887,-5.10184,58.4717
-6.23098,9.31535,32.9234,-3.25204,-8.27836,26.8135,9.84725,1.15824,53.3388,4.17402,-5.13316,58.6229
-6.3047,9.39695,32.9781,-3.3312,-8.25598,26.876,9.81382,1.25191,53.526,4.13908,-5.1242,58.6822
-6.35719,9.47276,33.0409,-3.39792,-8.23968,26.9468,9.79342,1.3359,53.7117,4.11821,-5.12263,58.7546
-6.43204,9.54973,33.0694,-3.47708,-8.22006,26.963,9.76436,1.4258,53.8859,4.08013,-5.10047,58.775
-6.49581,9.62075,33.0888,-3.55162,-8.20105,26.9654,9.74273,1.50866,54.0543,4.04736,-5.07501,58.7858
-6.5724,9.69406,33.0836,-3.63237,-8.17717,26.9291,9.71595,1.5921,54.2098,4.00548,-5.03465,58.757
-6.64989,9.7598,33.0529,-3.71156,-8.15425,26.8711,9.69029,1.66235,54.3249,3.9629,-4.98751,58.7021
-6.72929,9.82209,33.0018,-3.7906,-8.12792,26.7934,9.66189,1.72512,54.4204,3.91842,-4.93207,58.6216
-6.81985,9.88024,32.9108,-3.87915,-8.10056,26.6674,9.63054,1.78918,54.5049,3.8634,-4.86702,58.516
-6.90022,9.93833,32.8381,-3.95348,-8.08316,26.567,9.6068,1.84764,54.5894,3.82155,-4.81383,58.4331
-6.97408,9.99421,32.7757,-4.01938,-8.07302,26.4816,9.59132,1.90304,54.683,3.78952,-4.77509,58.3923
-7.03339,10.0491,32.74,-4.07264,-8.06712,26.4302,9.57889,1.94915,54.7586,3.76737,-4.7443,58.3529
-7.08813,10.1025,32.7135,-4.11977,-8.0637,26.3888,9.57263,1.98994,54.8262,3.75177,-4.71614,58.3166
-7.13838,10.1558,32.6933,-4.16382,-8.06137,26.3539,9.5669,2.02455,54.885,3.73859,-4.68937,58.2794
-7.08262,10.1718,32.7924,-4.20945,-8.03447,26.4708,9.40781,1.93884,54.5756,3.58782,-4.56968,57.8737
-6.42886,9.97808,33.5468,-4.2698,-7.86163,27.4273,8.37316,1.22651,52.326,2.6457,-3.94346,55.4884
-5.29057,9.53058,34.9724,-4.20005,-7.53337,29.1792,6.60303,0.0251746,48.4688,1.00016,-2.87018,51.4731
-5.36184,9.35365,37.1794,-4.56078,-7.59798,31.3478,5.21573,-0.959074,44.8206,-0.469485,-1.76763,47.7593
-7.55409,10.6678,42.979,-7.69232,-9.13088,36.4766,3.10736,-2.02785,39.9148,-2.67195,-0.571226,42.8979
-10.6094,12.9997,52.0469,-12.2662,-11.8801,44.5933,-0.0366001,-3.59396,32.4711,-5.94189,1.15847,35.583
-13.8478,15.9616,65.3628,-17.7113,-15.7061,56.7229,-5.71437,-4.89862,23.3853,-11.5601,2.60235,27.2487
-11.5582,13.9674,62.482,-14.89,-13.84,54.4538,-4.70806,-5.06151,23.9472,-10.3968,2.64074,27.5303
-8.17909,10.4742,55.0601,-10.1644,-10.321,48.0254,-2.53899,-4.10093,29.1618,-8.01191,1.46481,32.9131
-4.69891,7.57103,47.755,-5.3847,-7.31468,41.6084,0.0151438,-3.10172,34.5026,-5.13946,0.329708,38.207
-1.5986,5.28539,41.2091,-1.12908,-4.8777,35.8096,2.26939,-2.46103,38.7256,-2.5638,-0.462045,42.2838
-0.0146357,3.36097,35.8046,2.65145,-3.14558,30.7192,4.62074,-1.76313,42.4364,-0.244288,-0.970356,46.0953
0.97233,1.76798,31.5027,5.68216,-2.01372,26.6172,6.67943,-1.06986,45.7674,1.5978,-1.32309,49.5738
1.73921,0.432647,27.8294,7.42557,-1.33931,23.3173,7.46838,-0.234171,49.295,3.34795,-1.43724,52.8603
2.29291,-0.520618,24.8392,8.15714,-0.806418,20.7671,7.9133,0.48933,52.7468,4.9522,-1.67909,55.9565
2.85503,-0.982804,23.2189,8.7292,-0.439464,19.2351,8.22461,0.959046,55.0396,5.5264,-1.96736,58.022
3.2666,-1.24774,22.3531,9.19871,-0.033759,17.9841,8.31571,1.39177,57.1421,5.66593,-2.2788,59.9911
3.67579,-1.34969,22.2208,9.68055,0.462854,17.024,8.17972,1.75691,59.2427,5.11574,-2.6959,62.0708
3.9068,-1.14394,22.6157,10.0647,0.349669,16.6479,8.11343,2.01147,60.2124,4.66999,-2.94293,63.0872
-4.3838,6.99898,20.4378,-0.474324,-6.4726,12.7587,9.5861,-0.778414,49.3281,3.24567,-4.19583,54.6173
-8.77329,12.8488,43.136,-6.19174,-13.0618,31.6576,10.1067,-0.0914883,49.7955,3.82422,-4.06131,53.334
-6.02912,8.39339,32.4407,-3.67084,-9.06133,25.0372,9.92072,-0.285025,49.6182,3.74994,-4.09728,54.1272
-5.68898,8.0668,30.9628,-2.77769,-8.40163,23.1669,9.94176,-0.254967,49.7457,3.86835,-4.14385,54.564
-5.7254,8.2235,31.1332,-2.67793,-8.46056,23.5314,10.0133,-0.176773,49.9431,4.00984,-4.26186,54.977
-5.80921,8.35916,31.2539,-2.71222,-8.46914,23.9546,10.0282,-0.0617634,50.213,4.0639,-4.33803,55.2823
-5.85187,8.46888,31.3614,-2.71057,-8.42979,24.2789,10.0411,0.0438128,50.4964,4.12446,-4.44355,55.6612
-5.86477,8.56422,31.5224,-2.70965,-8.39026,24.6154,10.0511,0.150307,50.8064,4.18716,-4.56924,56.1053
-5.91352,8.65226,31.6956,-2.73645,-8.36604,24.9227,10.0545,0.299089,51.195,4.21767,-4.67175,56.5457
-5.89797,8.71882,31.9122,-2.73475,-8.35677,25.2924,10.0805,0.433143,51.5915,4.27836,-4.78616,57.0002
-5.95245,8.79886,32.0236,-2.81343,-8.31638,25.4971,10.041,0.580175,51.9359,4.25791,-4.83952,57.2871
-5.97629,8.87487,32.2253,-2.86394,-8.32001,25.8093,10.0307,0.690185,52.2352,4.26993,-4.917,57.6261
-6.04349,8.966,32.3866,-2.96444,-8.32332,26.0529,9.98361,0.804425,52.4924,4.23776,-4.97133,57.8819
-6.07479,9.05204,32.5552,-3.04801,-8.32162,26.311,9.9378,0.888484,52.7056,4.21995,-5.03499,58.124
-6.12099,9.141,32.7122,-3.11418,-8.3116,26.533,9.90913,0.973158,52.9145,4.21175,-5.07969,58.3248
-6.18659,9.23027,32.8222,-3.18663,-8.29422,26.6778,9.8767,1.07006,53.1294,4.1887,-5.10184,58.4717
-6.23098,9.31535,32.9234,-3.25204,-8.27836,26.8135,9.84725,1.15824,53.3388,4.17402,-5.13316,58.6229
-6.3047,9.39695,32.9781,-3.3312,-8.25598,26.876,9.81382,1.25191,53.526,4.13908,-5.1242,58.6822
-6.35719,9.47276,33.0409,-3.39792,-8.23968,26.9468,9.79342,1.3359,53.7117,4.11821,-5.12263,58.7546
-6.43204,9.54973,33.0694,-3.47708,-8.22006,26.963,9.76436,1.4258,53.8859,4.08013,-5.10047,58.775
-6.49581,9.62075,33.0888,-3.55162,-8.20105,26.9654,9.74273,1.50866,54.0543,4.04736,-5.07501,58.7858
-6.5724,9.69406,33.0836,-3.63237,-8.17717,26.9291,9.71595,1.5921,54.2098,4.00548,-5.03465,58.757
-6.64989,9.7598,33.0529,-3.71156,-8.15425,26.8711,9.69029,1.66235,54.3249,3.9629,-4.98751,58.7021
-6.72928,9.82209,33.0018,-3.7906,-8.12792,26.7934,9.66189,1.72512,54.4204,3.91842,-4.93207,58.6216
-6.81985,9.88024,32.9108,-3.87915,-8.10056,26.6674,9.63054,1.78918,54.5049,3.8634,-4.86701,58.516
-6.90022,9.93833,32.8381,-3.95348,-8.08316,26.567,9.60681,1.84764,54.5894,3.82155,-4.81383,58.433
-6.97408,9.99421,32.7757,-4.01938,-8.07302,26.4816,9.59132,1.90304,54.683,3.78952,-4.77509,58.3922
-7.03339,10.0491,32.74,-4.07264,-8.06712,26.4302,9.57889,1.94915,54.7586,3.76737,-4.7443,58.3529
-7.08813,10.1025,32.7135,-4.11977,-8.06369,26.3888,9.57263,1.98994,54.8262,3.75177,-4.71613,58.3166
-7.13838,10.1558,32.6933,-4.16381,-8.06136,26.3539,9.5669,2.02455,54.885,3.73859,-4.68937,58.2794
-7.08262,10.1718,32.7924,-4.20945,-8.03447,26.4708,9.40781,1.93884,54.5756,3.58782,-4.56968,57.8737
-6.42886,9.97808,33.5468,-4.26979,-7.86162,27.4273,8.37316,1.22651,52.326,2.6457,-3.94346,55.4884
-5.29057,9.53058,34.9724,-4.20005,-7.53336,29.1792,6.60303,0.0251745,48.4687,1.00017,-2.87018,51.4731
-5.36183,9.35365,37.1794,-4.56078,-7.59798,31.3478,5.21574,-0.959074,44.8206,-0.469483,-1.76762,47.7593
-7.55408,10.6678,42.979,-7.69231,-9.13088,36.4766,3.10736,-2.02785,39.9148,-2.67194,-0.571222,42.8979
-10.6094,12.9997,52.0469,-12.2662,-11.8801,44.5933,-0.0365978,-3.59396,32.4711,-5.94188,1.15847,35.583
-13.8478,15.9616,65.3628,-17.7113,-15.7061,56.7229,-5.71437,-4.89863,23.3853,-11.5601,2.60235,27.2487
-11.5582,13.9674,62.482,-14.89,-13.84,54.4537,-4.70806,-5.06151,23.9472,-10.3968,2.64075,27.5303
-8.17909,10.4742,55.0601,-10.1644,-10.3209,48.0254,-2.53899,-4.10093,29.1618,-8.01191,1.46482,32.9131
-4.69891,7.57104,47.755,-5.38469,-7.31466,41.6084,0.0151469,-3.10172,34.5026,-5.13946,0.329714,38.207
-1.59859,5.2854,41.2091,-1.12907,-4.87769,35.8096,2.26939,-2.46103,38.7256,-2.5638,-0.462039,42.2838
-0.0146289,3.36097,35.8045,2.65147,-3.14557,30.7192,4.62075,-1.76313,42.4364,-0.244282,-0.970349,46.0953
0.972338,1.76799,31.5027,5.68217,-2.01371,26.6172,6.67943,-1.06986,45.7674,1.59781,-1.32309,49.5738
1.73922,0.432657,27.8293,7.4256,-1.3393,23.3173,7.46838,-0.234176,49.295,3.34796,-1.43723,52.8603
2.29292,-0.520608,24.8392,8.15716,-0.806405,20.767,7.9133,0.489325,52.7468,4.95221,-1.67908,55.9564
2.85505,-0.982806,23.2188,8.72918,-0.439492,19.2351,8.22462,0.959038,55.0396,5.52642,-1.96737,58.022
3.26663,-1.24777,22.353,9.19862,-0.0338796,17.9844,8.31573,1.39176,57.1421,5.66597,-2.27882,59.9911
3.67583,-1.34973,22.2207,9.68045,0.462737,17.0243,8.17974,1.75689,59.2427,5.11579,-2.69592,62.0708
3.90682,-1.14396,22.6156,10.0646,0.34971,16.6481,8.11344,2.01145,60.2124,4.67002,-2.94294,63.0872
-4.3838,6.99898,20.4378,-0.474324,-6.4726,12.7587,9.5861,-0.778414,49.3281,3.24567,-4.19583,54.6173
-8.77329,12.8488,43.136,-6.19174,-13.0618,31.6576,10.1067,-0.0914881,49.7955,3.82422,-4.06131,53.334
-6.02912,8.39339,32.4407,-3.67084,-9.06133,25.0372,9.92072,-0.285025,49.6182,3.74994,-4.09728,54.1272
-5.68898,8.0668,30.9628,-2.77769,-8.40163,23.1669,9.94176,-0.254967,49.7457,3.86835,-4.14385,54.564
-5.7254,8.2235,31.1332,-2.67793,-8.46056,23.5314,10.0133,-0.176773,49.9431,4.00984,-4.26186,54.977
-5.80921,8.35916,31.2539,-2.71222,-8.46914,23.9546,10.0282,-0.0617632,50.213,4.0639,-4.33804,55.2823
-5.85187,8.46888,31.3614,-2.71057,-8.42979,24.2789,10.0411,0.043813,50.4964,4.12446,-4.44355,55.6612
-5.86477,8.56422,31.5224,-2.70965,-8.39026,24.6154,10.0511,0.150307,50.8064,4.18716,-4.56924,56.1053
-5.91352,8.65226,31.6956,-2.73645,-8.36604,24.9227,10.0545,0.299089,51.195,4.21767,-4.67175,56.5457
-5.89797,8.71882,31.9122,-2.73475,-8.35677,25.2924,10.0805,0.433143,51.5915,4.27836,-4.78616,57.0002
-5.95245,8.79886,32.0236,-2.81343,-8.31638,25.4971,10.041,0.580176,51.9359,4.25791,-4.83952,57.2871
-5.97629,8.87487,32.2253,-2.86394,-8.32001,25.8093,10.0307,0.690185,52.2352,4.26993,-4.917,57.6261
-6.04349,8.966,32.3866,-2.96444,-8.32332,26.0529,9.98361,0.804426,52.4924,4.23776,-4.97133,57.8819
-6.07479,9.05204,32.5552,-3.04801,-8.32162,26.311,9.9378,0.888484,52.7056,4.21995,-5.03499,58.124
-6.12099,9.141,32.7122,-3.11418,-8.3116,26.533,9.90913,0.973159,52.9145,4.21175,-5.07969,58.3248
-6.18659,9.23027,32.8222,-3.18663,-8.29422,26.6778,9.8767,1.07006,53.1294,4.1887,-5.10184,58.4717
-6.23098,9.31535,32.9234,-3.25204,-8.27836,26.8135,9.84725,1.15824,53.3388,4.17402,-5.13316,58.6229
-6.3047,9.39695,32.9781,-3.3312,-8.25598,26.876,9.81382,1.25191,53.526,4.13908,-5.1242,58.6822
-6.35719,9.47276,33.0409,-3.39792,-8.23968,26.9468,9.79342,1.3359,53.7117,4.11821,-5.12263,58.7546
-6.43204,9.54973,33.0694,-3.47708,-8.22006,26.963,9.76436,1.4258,53.8859,4.08013,-5.10047,58.775
-6.49581,9.62075,33.0888,-3.55162,-8.20105,26.9654,9.74273,1.50866,54.0543,4.04736,-5.075,58.7858
-6.5724,9.69406,33.0836,-3.63237,-8.17717,26.9291,9.71595,1.5921,54.2098,4.00548,-5.03465,58.757
-6.64989,9.7598,33.0529,-3.71156,-8.15425,26.8711,9.69029,1.66235,54.3249,3.9629,-4.98751,58.7021
-6.72929,9.82209,33.0018,-3.7906,-8.12792,26.7934,9.66189,1.72512,54.4204,3.91842,-4.93207,58.6216
-6.81985,9.88024,32.9108,-3.87915,-8.10056,26.6674,9.63054,1.78918,54.5049,3.8634,-4.86701,58.516
-6.90022,9.93833,32.8381,-3.95348,-8.08316,26.567,9.60681,1.84764,54.5894,3.82155,-4.81383,58.433
-6.97408,9.99421,32.7757,-4.01938,-8.07302,26.4816,9.59132,1.90304,54.683,3.78952,-4.77509,58.3922
-7.03339,10.0491,32.74,-4.07264,-8.06712,26.4302,9.57889,1.94915,54.7586,3.76738,-4.7443,58.3529
-7.08813,10.1025,32.7135,-4.11977,-8.06369,26.3888,9.57263,1.98994,54.8262,3.75177,-4.71613,58.3166
-7.13838,10.1558,32.6933,-4.16381,-8.06136,26.3539,9.5669,2.02455,54.885,3.73859,-4.68937,58.2794
-7.08262,10.1718,32.7924,-4.20945,-8.03447,26.4708,9.40781,1.93884,54.5756,3.58782,-4.56968,57.8737
-6.42886,9.97808,33.5468,-4.26979,-7.86162,27.4273,8.37316,1.22651,52.326,2.6457,-3.94346,55.4884
-5.29057,9.53058,34.9724,-4.20004,-7.53336,29.1792,6.60303,0.0251745,48.4687,1.00017,-2.87018,51.4731
-5.36183,9.35365,37.1794,-4.56078,-7.59798,31.3478,5.21574,-0.959074,44.8206,-0.469483,-1.76762,47.7593
-7.55408,10.6678,42.979,-7.69231,-9.13088,36.4766,3.10736,-2.02785,39.9148,-2.67194,-0.571221,42.8979
-10.6094,12.9997,52.0469,-12.2662,-11.8801,44.5933,-0.0365972,-3.59396,32.4711,-5.94188,1.15848,35.583
-13.8478,15.9616,65.3628,-17.7113,-15.7061,56.7229,-5.71437,-4.89863,23.3853,-11.5601,2.60235,27.2487
-11.5582,13.9674,62.482,-14.89,-13.84,54.4537,-4.70806,-5.06151,23.9471,-10.3968,2.64075,27.5303
-8.17909,10.4742,55.0601,-10.1644,-10.3209,48.0254,-2.53899,-4.10093,29.1618,-8.01191,1.46482,32.9131
-4.6989,7.57104,47.755,-5.38469,-7.31466,41.6084,0.0151477,-3.10172,34.5026,-5.13945,0.329715,38.207
-1.59859,5.2854,41.2091,-1.12906,-4.87769,35.8096,2.26939,-2.46104,38.7256,-2.5638,-0.462037,42.2838
-0.0146271,3.36098,35.8045,2.65147,-3.14557,30.7192,4.62075,-1.76313,42.4364,-0.244281,-0.970347,46.0953
0.97234,1.76799,31.5027,5.68218,-2.01371,26.6172,6.67944,-1.06986,45.7674,1.59781,-1.32309,49.5737
1.73922,0.43266,27.8293,7.4256,-1.33929,23.3173,7.46839,-0.234177,49.295,3.34797,-1.43723,52.8603
2.29293,-0.520606,24.8392,8.15717,-0.806401,20.767,7.91331,0.489324,52.7468,4.95221,-1.67908,55.9564
2.85506,-0.982807,23.2188,8.72917,-0.4395,19.2352,8.22462,0.959036,55.0396,5.52643,-1.96737,58.022
3.26664,-1.24777,22.3529,9.1986,-0.0339117,17.9845,8.31573,1.39175,57.1421,5.66598,-2.27883,59.9911
3.67584,-1.34974,22.2207,9.68042,0.462705,17.0244,8.17975,1.75689,59.2427,5.1158,-2.69593,62.0708
3.90682,-1.14396,22.6156,10.0646,0.349721,16.6482,8.11345,2.01145,60.2124,4.67002,-2.94294,63.0872
-4.3838,6.99898,20.4378,-0.474324,-6.4726,12.7587,9.5861,-0.778414,49.3281,3.24567,-4.19583,54.6173
-8.77329,12.8488,43.136,-6.19174,-13.0618,31.6576,10.1067,-0.091488,49.7955,3.82422,-4.06131,53.334
-6.02912,8.39339,32.4407,-3.67084,-9.06133,25.0372,9.92072,-0.285025,49.6182,3.74994,-4.09728,54.1272
-5.68898,8.0668,30.9628,-2.77769,-8.40163,23.1669,9.94176,-0.254967,49.7457,3.86835,-4.14385,54.564
-5.7254,8.2235,31.1332,-2.67793,-8.46056,23.5314,10.0133,-0.176772,49.9431,4.00984,-4.26186,54.977
-5.80921,8.35916,31.2539,-2.71222,-8.46914,23.9546,10.0282,-0.0617631,50.213,4.0639,-4.33804,55.2823
-5.85187,8.46888,31.3614,-2.71057,-8.42979,24.2789,10.0411,0.043813,50.4964,4.12446,-4.44355,55.6612
-5.86477,8.56422,31.5224,-2.70965,-8.39026,24.6154,10.0511,0.150307,50.8064,4.18716,-4.56924,56.1053
-5.91352,8.65226,31.6956,-2.73645,-8.36604,24.9227,10.0545,0.299089,51.195,4.21767,-4.67175,56.5457
-5.89797,8.71882,31.9122,-2.73475,-8.35677,25.2924,10.0805,0.433143,51.5915,4.27836,-4.78616,57.0002
-5.95245,8.79886,32.0236,-2.81343,-8.31638,25.4971,10.041,0.580176,51.9359,4.25791,-4.83952,57.2871
-5.97629,8.87487,32.2253,-2.86394,-8.32001,25.8093,10.0307,0.690185,52.2352,4.26993,-4.917,57.6261
-6.04349,8.966,32.3866,-2.96444,-8.32332,26.0529,9.98361,0.804426,52.4924,4.23776,-4.97133,57.8819
-6.07479,9.05204,32.5552,-3.04801,-8.32162,26.311,9.9378,0.888484,52.7056,4.21995,-5.03499,58.124
-6.12099,9.141,32.7122,-3.11418,-8.3116,26.533,9.90913,0.973159,52.9145,4.21175,-5.07969,58.3248
-6.18659,9.23027,32.8222,-3.18663,-8.29422,26.6778,9.8767,1.07006,53.1294,4.1887,-5.10184,58.4717
-6.23098,9.31535,32.9234,-3.25204,-8.27836,26.8135,9.84725,1.15824,53.3388,4.17402,-5.13316,58.6229
-6.3047,9.39695,32.9781,-3.3312,-8.25598,26.876,9.81382,1.25191,53.526,4.13908,-5.1242,58.6822
-6.35719,9.47276,33.0409,-3.39792,-8.23968,26.9468,9.79342,1.3359,53.7117,4.11821,-5.12263,58.7546
-6.43204,9.54973,33.0694,-3.47708,-8.22006,26.963,9.76436,1.4258,53.8859,4.08013,-5.10047,58.775
-6.49581,9.62075,33.0888,-3.55162,-8.20105,26.9654,9.74273,1.50866,54.0543,4.04736,-5.075,58.7858
-6.5724,9.69406,33.0836,-3.63237,-8.17717,26.9291,9.71595,1.5921,54.2098,4.00548,-5.03465,58.757
-6.64989,9.7598,33.0529,-3.71156,-8.15425,26.8711,9.69029,1.66235,54.3249,3.9629,-4.98751,58.7021
-6.72929,9.82209,33.0018,-3.7906,-8.12792,26.7934,9.66189,1.72512,54.4204,3.91842,-4.93207,58.6216
-6.81985,9.88024,32.9108,-3.87915,-8.10056,26.6674,9.63054,1.78918,54.5049,3.8634,-4.86701,58.516
-6.90022,9.93833,32.8381,-3.95348,-8.08316,26.567,9.60681,1.84764,54.5894,3.82155,-4.81383,58.433
-6.97408,9.99421,32.7757,-4.01938,-8.07302,26.4816,9.59132,1.90304,54.683,3.78952,-4.77509,58.3922
-7.03339,10.0491,32.74,-4.07264,-8.06712,26.4302,9.57889,1.94915,54.7586,3.76738,-4.7443,58.3529
-7.08813,10.1025,32.7135,-4.11977,-8.06369,26.3888,9.57263,1.98994,54.8262,3.75177,-4.71613,58.3166
-7.13838,10.1558,32.6933,-4.16381,-8.06136,26.3539,9.5669,2.02455,54.885,3.73859,-4.68937,58.2794
-7.08262,10.1718,32.7924,-4.20945,-8.03447,26.4708,9.40781,1.93884,54.5756,3.58783,-4.56967,57.8737
-6.42886,9.97808,33.5468,-4.26979,-7.86162,27.4273,8.37316,1.22651,52.326,2.6457,-3.94346,55.4884
-5.29057,9.53058,34.9724,-4.20004,-7.53336,29.1792,6.60303,0.0251745,48.4687,1.00017,-2.87018,51.4731
-5.36183,9.35365,37.1794,-4.56078,-7.59798,31.3478,5.21574,-0.959074,44.8206,-0.469483,-1.76762,47.7593
-7.55408,10.6678,42.979,-7.69231,-9.13087,36.4766,3.10736,-2.02785,39.9148,-2.67194,-0.57122,42.8979
-10.6094,12.9997,52.0469,-12.2662,-11.8801,44.5933,-0.036597,-3.59396,32.4711,-5.94188,1.15848,35.583
-13.8478,15.9616,65.3628,-17.7113,-15.7061,56.7229,-5.71437,-4.89863,23.3853,-11.5601,2.60235,27.2487
-11.5582,13.9674,62.482,-14.89,-13.84,54.4537,-4.70806,-5.06151,23.9471,-10.3968,2.64075,27.5303
-8.17909,10.4742,55.0601,-10.1644,-10.3209,48.0254,-2.53899,-4.10093,29.1618,-8.01191,1.46482,32.9131
-4.6989,7.57104,47.755,-5.38469,-7.31466,41.6084,0.015148,-3.10172,34.5026,-5.13945,0.329716,38.207
-1.59859,5.2854,41.2091,-1.12906,-4.87769,35.8096,2.26939,-2.46104,38.7256,-2.5638,-0.462036,42.2838
-0.0146266,3.36098,35.8045,2.65147,-3.14557,30.7192,4.62075,-1.76313,42.4364,-0.24428,-0.970347,46.0953
0.97234,1.76799,31.5027,5.68218,-2.01371,26.6172,6.67944,-1.06986,45.7674,1.59781,-1.32309,49.5737
1.73922,0.43266,27.8293,7.4256,-1.33929,23.3173,7.46839,-0.234177,49.295,3.34797,-1.43723,52.8603
2.29293,-0.520605,24.8392,8.15717,-0.8064,20.767,7.91331,0.489323,52.7468,4.95221,-1.67908,55.9564
2.85506,-0.982807,23.2188,8.72917,-0.439502,19.2352,8.22462,0.959036,55.0396,5.52643,-1.96737,58.022
3.26664,-1.24778,22.3529,9.19859,-0.0339202,17.9845,8.31574,1.39175,57.1421,5.66598,-2.27883,59.9911
3.67584,-1.34974,22.2207,9.68041,0.462697,17.0245,8.17975,1.75689,59.2427,5.1158,-2.69593,62.0708
3.90682,-1.14397,22.6156,10.0646,0.349724,16.6482,8.11345,2.01145,60.2124,4.67002,-2.94295,63.0872
-4.3838,6.99898,20.4378,-0.474324,-6.4726,12.7587,9.5861,-0.778414,49.3281,3.24567,-4.19583,54.6173
-8.77329,12.8488,43.136,-6.19174,-13.0618,31.6576,10.1067,-0.091488,49.7955,3.82422,-4.06131,53.334
-6.02912,8.39339,32.4407,-3.67084,-9.06133,25.0372,9.92072,-0.285025,49.6182,3.74994,-4.09728,54.1272
-5.68898,8.0668,30.9628,-2.77769,-8.40163,23.1669,9.94176,-0.254967,49.7457,3.86835,-4.14385,54.564
-5.7254,8.2235,31.1332,-2.67793,-8.46056,23.5314,10.0133,-0.176773,49.9431,4.00984,-4.26186,54.977
-5.80921,8.35916,31.2539,-2.71222,-8.46914,23.9546,10.0282,-0.0617632,50.213,4.0639,-4.33804,55.2823
-5.85187,8.46888,31.3614,-2.71057,-8.42979,24.2789,10.0411,0.043813,50.4964,4.12446,-4.44355,55.6612
-5.86477,8.56422,31.5224,-2.70965,-8.39026,24.6154,10.0511,0.150307,50.8064,4.18716,-4.56924,56.1053
-5.91352,8.65226,31.6956,-2.73645,-8.36604,24.9227,10.0545,0.299089,51.195,4.21767,-4.67175,56.5457
-5.89797,8.71882,31.9122,-2.73475,-8.35677,25.2924,10.0805,0.433143,51.5915,4.27836,-4.78616,57.0002
-5.95245,8.79886,32.0236,-2.81343,-8.31638,25.4971,10.041,0.580176,51.9359,4.25791,-4.83952,57.2871
-5.97629,8.87487,32.2253,-2.86394,-8.32001,25.8093,10.0307,0.690185,52.2352,4.26993,-4.917,57.6261
-6.04349,8.966,32.3866,-2.96444,-8.32332,26.0529,9.98361,0.804426,52.4924,4.23776,-4.97133,57.8819
-6.07479,9.05204,32.5552,-3.04801,-8.32162,26.311,9.9378,0.888484,52.7056,4.21995,-5.03499,58.124
-6.12099,9.141,32.7122,-3.11418,-8.3116,26.533,9.90913,0.973159,52.9145,4.21175,-5.07969,58.3248
-6.18659,9.23027,32.8222,-3.18663,-8.29422,26.6778,9.8767,1.07006,53.1294,4.1887,-5.10184,58.4717
-6.23098,9.31535,32.9234,-3.25204,-8.27836,26.8135,9.84725,1.15824,53.3388,4.17402,-5.13316,58.6229
-6.3047,9.39695,32.9781,-3.3312,-8.25598,26.876,9.81382,1.25191,53.526,4.13908,-5.1242,58.6822
-6.35719,9.47276,33.0409,-3.39792,-8.23968,26.9468,9.79342,1.3359,53.7117,4.11821,-5.12263,58.7546
-6.43204,9.54973,33.0694,-3.47708,-8.22006,26.963,9.76436,1.4258,53.8859,4.08013,-5.10047,58.775
-6.49581,9.62075,33.0888,-3.55162,-8.20105,26.9654,9.74273,1.50866,54.0543,4.04736,-5.075,58.7858
-6.5724,9.69406,33.0836,-3.63237,-8.17717,26.9291,9.71595,1.5921,54.2098,4.00548,-5.03465,58.757
-6.64989,9.7598,33.0529,-3.71156,-8.15425,26.8711,9.69029,1.66235,54.3249,3.9629,-4.98751,58.7021
-6.72928,9.82209,33.0018,-3.7906,-8.12792,26.7934,9.66189,1.72512,54.4204,3.91842,-4.93207,58.6216
-6.81985,9.88024,32.9108,-3.87915,-8.10056,26.6674,9.63054,1.78918,54.5049,3.8634,-4.86701,58.516
-6.90022,9.93833,32.8381,-3.95348,-8.08316,26.567,9.60681,1.84764,54.5894,3.82155,-4.81383,58.433
-6.97408,9.99421,32.7757,-4.01938,-8.07302,26.4816,9.59132,1.90304,54.683,3.78952,-4.77509,58.3922
-7.03339,10.0491,32.74,-4.07264,-8.06712,26.4302,9.57889,1.94915,54.7586,3.76738,-4.7443,58.3529
-7.08813,10.1025,32.7135,-4.11977,-8.06369,26.3888,9.57263,1.98994,54.8262,3.75177,-4.71613,58.3166
-7.13838,10.1558,32.6933,-4.16381,-8.06136,26.3539,9.5669,2.02455,54.885,3.73859,-4.68937,58.2794
-7.08262,10.1718,32.7924,-4.20945,-8.03447,26.4708,9.40781,1.93884,54.5756,3.58782,-4.56967,57.8737
-6.42886,9.97808,33.5468,-4.26979,-7.86162,27.4273,8.37316,1.22651,52.326,2.6457,-3.94346,55.4884
-5.29057,9.53058,34.9724,-4.20004,-7.53336,29.1792,6.60303,0.0251745,48.4687,1.00017,-2.87018,51.4731
-5.36183,9.35365,37.1794,-4.56078,-7.59798,31.3478,5.21574,-0.959074,44.8206,-0.469483,-1.76762,47.7593
-7.55408,10.6678,42.979,-7.69231,-9.13087,36.4766,3.10736,-2.02785,39.9148,-2.67194,-0.571221,42.8979
-10.6094,12.9997,52.0469,-12.2662,-11.8801,44.5933,-0.0365971,-3.59396,32.4711,-5.94188,1.15848,35.583
-13.8478,15.9616,65.3628,-17.7113,-15.7061,56.7229,-5.71437,-4.89863,23.3853,-11.5601,2.60235,27.2487
-11.5582,13.9674,62.482,-14.89,-13.84,54.4537,-4.70806,-5.06151,23.9471,-10.3968,2.64075,27.5303
-8.17909,10.4742,55.0601,-10.1644,-10.3209,48.0254,-2.53899,-4.10093,29.1618,-8.01191,1.46482,32.9131
-4.6989,7.57104,47.755,-5.38469,-7.31466,41.6084,0.0151478,-3.10172,34.5026,-5.13945,0.329715,38.207
-1.59859,5.2854,41.2091,-1.12907,-4.87769,35.8096,2.26939,-2.46103,38.7256,-2.5638,-0.462037,42.2838
-0.0146268,3.36098,35.8045,2.65147,-3.14557,30.7192,4.62075,-1.76313,42.4364,-0.24428,-0.970347,46.0953
0.97234,1.76799,31.5027,5.68218,-2.01371,26.6172,6.67944,-1.06986,45.7674,1.59781,-1.32309,49.5737
1.73922,0.43266,27.8293,7.4256,-1.33929,23.3173,7.46839,-0.234177,49.295,3.34797,-1.43723,52.8603
2.29293,-0.520605,24.8392,8.15717,-0.806401,20.767,7.91331,0.489323,52.7468,4.95221,-1.67908,55.9564
2.85506,-0.982807,23.2188,8.72917,-0.439501,19.2352,8.22462,0.959036,55.0396,5.52643,-1.96737,58.022
3.26664,-1.24777,22.3529,9.1986,-0.0339159,17.9845,8.31574,1.39175,57.1421,5.66598,-2.27883,59.9911
3.67584,-1.34974,22.2207,9.68041,0.462701,17.0244,8.17975,1.75689,59.2427,5.1158,-2.69593,62.0708
3.90682,-1.14396,22.6156,10.0646,0.349723,16.6482,8.11345,2.01145,60.2124,4.67002,-2.94294,63.0872
-4.3838,6.99898,20.4378,-0.474324,-6.4726,12.7587,9.5861,-0.778414,49.3281,3.24567,-4.19583,54.6173
-8.77329,12.8488,43.136,-6.19174,-13.0618,31.6576,10.1067,-0.0914881,49.7955,3.82422,-4.06131,53.334
-6.02912,8.39339,32.4407,-3.67084,-9.06133,25.0372,9.92072,-0.285025,49.6182,3.74994,-4.09728,54.1272
-5.68898,8.0668,30.9628,-2.77769,-8.40163,23.1669,9.94176,-0.254967,49.7457,3.86835,-4.14385,54.564
-5.7254,8.2235,31.1332,-2.67793,-8.46056,23.5314,10.0133,-0.176773,49.9431,4.00984,-4.26186,54.977
-5.80921,8.35916,31.2539,-2.71222,-8.46914,23.9546,10.0282,-0.0617632,50.213,4.0639,-4.33804,55.2823
-5.85187,8.46888,31.3614,-2.71057,-8.42979,24.2789,10.0411,0.043813,50.4964,4.12446,-4.44355,55.6612
-5.86477,8.56422,31.5224,-2.70965,-8.39026,24.6154,10.0511,0.150307,50.8064,4.18716,-4.56924,56.1053
-5.91352,8.65226,31.6956,-2.73645,-8.36604,24.9227,10.0545,0.299089,51.195,4.21767,-4.67175,56.5457
-5.89797,8.71882,31.9122,-2.73475,-8.35677,25.2924,10.0805,0.433143,51.5915,4.27836,-4.78616,57.0002
-5.95245,8.79886,32.0236,-2.81343,-8.31638,25.4971,10.041,0.580176,51.9359,4.25791,-4.83952,57.2871
-5.97629,8.87487,32.2253,-2.86394,-8.32001,25.8093,10.0307,0.690185,52.2352,4.26993,-4.917,57.6261
-6.04349,8.966,32.3866,-2.96444,-8.32332,26.0529,9.98361,0.804426,52.4924,4.23776,-4.97133,57.8819
-6.07479,9.05204,32.5552,-3.04801,-8.32162,26.311,9.9378,0.888484,52.7056,4.21995,-5.03499,58.124
-6.12099,9.141,32.7122,-3.11418,-8.3116,26.533,9.90913,0.973159,52.9145,4.21175,-5.07969,58.3248
-6.18659,9.23027,32.8222,-3.18663,-8.29422,26.6778,9.8767,1.07006,53.1294,4.1887,-5.10184,58.4717
-6.23098,9.31535,32.9234,-3.25204,-8.27836,26.8135,9.84725,1.15824,53.3388,4.17402,-5.13316,58.6229
-6.3047,9.39695,32.9781,-3.3312,-8.25598,26.876,9.81382,1.25191,53.526,4.13908,-5.1242,58.6822
-6.35719,9.47276,33.0409,-3.39792,-8.23968,26.9468,9.79342,1.3359,53.7117,4.11821,-5.12263,58.7546
-6.43204,9.54973,33.0694,-3.47708,-8.22006,26.963,9.76436,1.4258,53.8859,4.08013,-5.10047,58.775
-6.49581,9.62075,33.0888,-3.55162,-8.20105,26.9654,9.74273,1.50866,54.0543,4.04736,-5.075,58.7858
-6.5724,9.69406,33.0836,-3.63237,-8.17717,26.9291,9.71595,1.5921,54.2098,4.00548,-5.03465,58.757
-6.64989,9.7598,33.0529,-3.71156,-8.15425,26.8711,9.69029,1.66235,54.3249,3.9629,-4.98751,58.7021
-6.72928,9.82209,33.0018,-3.7906,-8.12792,26.7934,9.66189,1.72512,54.4204,3.91842,-4.93207,58.6216
-6.81985,9.88024,32.9108,-3.87915,-8.10056,26.6674,9.63054,1.78918,54.5049,3.8634,-4.86701,58.516
-6.90022,9.93833,32.8381,-3.95348,-8.08316,26.567,9.60681,1.84764,54.5894,3.82155,-4.81383,58.433
-6.97408,9.99421,32.7757,-4.01938,-8.07302,26.4816,9.59132,1.90304,54.683,3.78952,-4.77509,58.3922
-7.03339,10.0491,32.74,-4.07264,-8.06712,26.4302,9.57889,1.94915,54.7586,3.76738,-4.7443,58.3529
-7.08813,10.1025,32.7135,-4.11977,-8.06369,26.3888,9.57263,1.98994,54.8262,3.75177,-4.71613,58.3166
-7.13838,10.1558,32.6933,-4.16381,-8.06136,26.3539,9.5669,2.02455,54.885,3.73859,-4.68937,58.2794
-7.08262,10.1718,32.7924,-4.20945,-8.03447,26.4708,9.40781,1.93884,54.5756,3.58782,-4.56967,57.8737
-6.42886,9.97808,33.5468,-4.26979,-7.86162,27.4273,8.37316,1.22651,52.326,2.6457,-3.94346,55.4884
-5.29057,9.53058,34.9724,-4.20004,-7.53336,29.1792,6.60303,0.0251745,48.4687,1.00017,-2.87018,51.4731
-5.36183,9.35365,37.1794,-4.56078,-7.59798,31.3478,5.21574,-0.959074,44.8206,-0.469483,-1.76762,47.7593
-7.55408,10.6678,42.979,-7.69231,-9.13087,36.4766,3.10736,-2.02785,39.9148,-2.67194,-0.571221,42.8979
-10.6094,12.9997,52.0469,-12.2662,-11.8801,44.5933,-0.0365972,-3.59396,32.4711,-5.94188,1.15848,35.583
-13.8478,15.9616,65.3628,-17.7113,-15.7061,56.7229,-5.71437,-4.89863,23.3853,-11.5601,2.60235,27.2487
-11.5582,13.9674,62.482,-14.89,-13.84,54.4537,-4.70806,-5.06151,23.9471,-10.3968,2.64075,27.5303
-8.17909,10.4742,55.0601,-10.1644,-10.3209,48.0254,-2.53899,-4.10093,29.1618,-8.01191,1.46482,32.9131
-4.6989,7.57104,47.755,-5.38469,-7.31466,41.6084,0.0151478,-3.10172,34.5026,-5.13945,0.329715,38.207
-1.59859,5.2854,41.2091,-1.12906,-4.87769,35.8096,2.26939,-2.46104,38.7256,-2.5638,-0.462036,42.2838
-0.014627,3.36098,35.8045,2.65147,-3.14557,30.7192,4.62075,-1.76313,42.4364,-0.24428,-0.970347,46.0953
0.97234,1.76799,31.5027,5.68218,-2.01371,26.6172,6.67944,-1.06986,45.7674,1.59781,-1.32309,49.5737
1.73922,0.43266,27.8293,7.4256,-1.33929,23.3173,7.46839,-0.234177,49.295,3.34797,-1.43723,52.8603
2.29293,-0.520605,24.8392,8.15717,-0.806401,20.767,7.91331,0.489323,52.7468,4.95221,-1.67908,55.9564
2.85506,-0.982807,23.2188,8.72917,-0.4395,19.2352,8.22462,0.959036,55.0396,5.52643,-1.96737,58.022
3.26664,-1.24777,22.3529,9.1986,-0.0339138,17.9845,8.31574,1.39175,57.1421,5.66598,-2.27883,59.9911
3.67584,-1.34974,22.2207,9.68042,0.462703,17.0244,8.17975,1.75689,59.2427,5.1158,-2.69593,62.0708
3.90682,-1.14396,22.6156,10.0646,0.349722,16.6482,8.11345,2.01145,60.2124,4.67002,-2.94294,63.0872
-4.3838,6.99898,20.4378,-0.474324,-6.4726,12.7587,9.5861,-0.778414,49.3281,3.24567,-4.19583,54.6173
-8.77329,12.8488,43.136,-6.19174,-13.0618,31.6576,10.1067,-0.0914881,49.7955,3.82422,-4.06131,53.334
-6.02912,8.39339,32.4407,-3.67084,-9.06133,25.0372,9.92072,-0.285025,49.6182,3.74994,-4.09728,54.1272
-5.68898,8.0668,30.9628,-2.77769,-8.40163,23.1669,9.94176,-0.254967,49.7457,3.86835,-4.14385,54.564
-5.7254,8.2235,31.1332,-2.67793,-8.46056,23.5314,10.0133,-0.176773,49.9431,4.00984,-4.26186,54.977
-5.80921,8.35916,31.2539,-2.71222,-8.46914,23.9546,10.0282,-0.0617632,50.213,4.0639,-4.33804,55.2823
-5.85187,8.46888,31.3614,-2.71057,-8.42979,24.2789,10.0411,0.043813,50.4964,4.12446,-4.44355,55.6612
-5.86477,8.56422,31.5224,-2.70965,-8.39026,24.6154,10.0511,0.150307,50.8064,4.18716,-4.56924,56.1053
-5.91352,8.65226,31.6956,-2.73645,-8.36604,24.9227,10.0545,0.299089,51.195,4.21767,-4.67175,56.5457
-5.89797,8.71882,31.9122,-2.73475,-8.35677,25.2924,10.0805,0.433143,51.5915,4.27836,-4.78616,57.0002
-5.95245,8.79886,32.0236,-2.81343,-8.31638,25.4971,10.041,0.580176,51.9359,4.25791,-4.83952,57.2871
-5.97629,8.87487,32.2253,-2.86394,-8.32001,25.8093,10.0307,0.690185,52.2352,4.26993,-4.917,57.6261
-6.04349,8.966,32.3866,-2.96444,-8.32332,26.0529,9.98361,0.804426,52.4924,4.23776,-4.97133,57.8819
-6.07479,9.05204,32.5552,-3.04801,-8.32162,26.311,9.9378,0.888484,52.7056,4.21995,-5.03499,58.124
-6.12099,9.141,32.7122,-3.11418,-8.3116,26.533,9.90913,0.973159,52.9145,4.21175,-5.07969,58.3248
-6.18659,9.23027,32.8222,-3.18663,-8.29422,26.6778,9.8767,1.07006,53.1294,4.1887,-5.10184,58.4717
-6.23098,9.31535,32.9234,-3.25204,-8.27836,26.8135,9.84725,1.15824,53.3388,4.17402,-5.13316,58.6229
-6.3047,9.39695,32.9781,-3.3312,-8.25598,26.876,9.81382,1.25191,53.526,4.13908,-5.1242,58.6822
-6.35719,9.47276,33.0409,-3.39792,-8.23968,26.9468,9.79342,1.3359,53.7117,4.11821,-5.12263,58.7546
-6.43204,9.54973,33.0694,-3.47708,-8.22006,26.963,9.76436,1.4258,53.8859,4.08013,-5.10047,58.775
-6.49581,9.62075,33.0888,-3.55162,-8.20105,26.9654,9.74273,1.50866,54.0543,4.04736,-5.075,58.7858
-6.5724,9.69406,33.0836,-3.63237,-8.17717,26.9291,9.71595,1.5921,54.2098,4.00548,-5.03465,58.757
-6.64989,9.7598,33.0529,-3.71156,-8.15425,26.8711,9.69029,1.66235,54.3249,3.9629,-4.98751,58.7021
-6.72928,9.82209,33.0018,-3.7906,-8.12792,26.7934,9.66189,1.72512,54.4204,3.91842,-4.93207,58.6216
-6.81985,9.88024,32.9108,-3.87915,-8.10056,26.6674,9.63054,1.78918,54.5049,3.8634,-4.86701,58.516
-6.90022,9.93833,32.8381,-3.95348,-8.08316,26.567,9.60681,1.84764,54.5894,3.82155,-4.81383,58.433
-6.97408,9.99421,32.7757,-4.01938,-8.07302,26.4816,9.59132,1.90304,54.683,3.78952,-4.77509,58.3922
-7.03339,10.0491,32.74,-4.07264,-8.06712,26.4302,9.57889,1.94915,54.7586,3.76738,-4.7443,58.3529
-7.08813,10.1025,32.7135,-4.11977,-8.06369,26.3888,9.57263,1.98994,54.8262,3.75177,-4.71613,58.3166
-7.13838,10.1558,32.6933,-4.16381,-8.06136,26.3539,9.5669,2.02455,54.885,3.73859,-4.68937,58.2794
-7.08262,10.1718,32.7924,-4.20945,-8.03447,26.4708,9.40781,1.93884,54.5756,3.58782,-4.56967,57.8737
-6.42886,9.97808,33.5468,-4.26979,-7.86162,27.4273,8.37316,1.22651,52.326,2.6457,-3.94346,55.4884
-5.29057,9.53058,34.9724,-4.20004,-7.53336,29.1792,6.60303,0.0251745,48.4687,1.00017,-2.87018,51.4731
-5.36183,9.35365,37.1794,-4.56078,-7.59798,31.3478,5.21574,-0.959074,44.8206,-0.469483,-1.76762,47.7593
-7.55408,10.6678,42.979,-7.69231,-9.13087,36.4766,3.10736,-2.02785,39.9148,-2.67194,-0.571221,42.8979
-10.6094,12.9997,52.0469,-12.2662,-11.8801,44.5933,-0.0365972,-3.59396,32.4711,-5.94188,1.15848,35.583
-13.8478,15.9616,65.3628,-17.7113,-15.7061,56.7229,-5.71437,-4.89863,23.3853,-11.5601,2.60235,27.2487
-11.5582,13.9674,62.482,-14.89,-13.84,54.4537,-4.70806,-5.06151,23.9471,-10.3968,2.64075,27.5303
-8.17909,10.4742,55.0601,-10.1644,-10.3209,48.0254,-2.53899,-4.10093,29.1618,-8.01191,1.46482,32.9131
-4.6989,7.57104,47.755,-5.38469,-7.31466,41.6084,0.0151478,-3.10172,34.5026,-5.13945,0.329715,38.207
-1.59859,5.2854,41.2091,-1.12906,-4.87769,35.8096,2.26939,-2.46104,38.7256,-2.5638,-0.462037,42.2838
-0.014627,3.36098,35.8045,2.65147,-3.14557,30.7192,4.62075,-1.76313,42.4364,-0.24428,-0.970347,46.0953
0.97234,1.76799,31.5027,5.68218,-2.01371,26.6172,6.67944,-1.06986,45.7674,1.59781,-1.32309,49.5737
1.73922,0.43266,27.8293,7.4256,-1.33929,23.3173,7.46839,-0.234177,49.295,3.34797,-1.43723,52.8603
2.29293,-0.520606,24.8392,8.15717,-0.806401,20.767,7.91331,0.489324,52.7468,4.95221,-1.67908,55.9564
2.85506,-0.982807,23.2188,8.72917,-0.4395,19.2352,8.22462,0.959036,55.0396,5.52643,-1.96737,58.022
3.26664,-1.24777,22.3529,9.1986,-0.0339127,17.9845,8.31573,1.39175,57.1421,5.66598,-2.27883,59.9911
3.67584,-1.34974,22.2207,9.68042,0.462704,17.0244,8.17975,1.75689,59.2427,5.1158,-2.69593,62.0708
3.90682,-1.14396,22.6156,10.0646,0.349721,16.6482,8.11345,2.01145,60.2124,4.67002,-2.94294,63.0872
-4.3838,6.99898,20.4378,-0.474324,-6.4726,12.7587,9.5861,-0.778414,49.3281,3.24567,-4.19583,54.6173
-8.77329,12.8488,43.136,-6.19174,-13.0618,31.6576,10.1067,-0.0914881,49.7955,3.82422,-4.06131,53.334
-6.02912,8.39339,32.4407,-3.67084,-9.06133,25.0372,9.92072,-0.285025,49.6182,3.74994,-4.09728,54.1272
-5.68898,8.0668,30.9628,-2.77769,-8.40163,23.1669,9.94176,-0.254967,49.7457,3.86835,-4.14385,54.564
-5.7254,8.2235,31.1332,-2.67793,-8.46056,23.5314,10.0133,-0.176773,49.9431,4.00984,-4.26186,54.977
-5.80921,8.35916,31.2539,-2.71222,-8.46914,23.9546,10.0282,-0.0617632,50.213,4.0639,-4.33804,55.2823
-5.85187,8.46888,31.3614,-2.71057,-8.42979,24.2789,10.0411,0.043813,50.4964,4.12446,-4.44355,55.6612
-5.86477,8.56422,31.5224,-2.70965,-8.39026,24.6154,10.0511,0.150307,50.8064,4.18716,-4.56924,56.1053
-5.91352,8.65226,31.6956,-2.73645,-8.36604,24.9227,10.0545,0.299089,51.195,4.21767,-4.67175,56.5457
-5.89797,8.71882,31.9122,-2.73475,-8.35677,25.2924,10.0805,0.433143,51.5915,4.27836,-4.78616,57.0002
-5.95245,8.79886,32.0236,-2.81343,-8.31638,25.4971,10.041,0.580176,51.9359,4.25791,-4.83952,57.2871
-5.97629,8.87487,32.2253,-2.86394,-8.32001,25.8093,10.0307,0.690185,52.2352,4.26993,-4.917,57.6261
-6.04349,8.966,32.3866,-2.96444,-8.32332,26.0529,9.98361,0.804426,52.4924,4.23776,-4.97133,57.8819
-6.07479,9.05204,32.5552,-3.04801,-8.32162,26.311,9.9378,0.888484,52.7056,4.21995,-5.03499,58.124
-6.12099,9.141,32.7122,-3.11418,-8.3116,26.533,9.90913,0.973159,52.9145,4.21175,-5.07969,58.3248
-6.18659,9.23027,32.8222,-3.18663,-8.29422,26.6778,9.8767,1.07006,53.1294,4.1887,-5.10184,58.4717
-6.23098,9.31535,32.9234,-3.25204,-8.27836,26.8135,9.84725,1.15824,53.3388,4.17402,-5.13316,58.6229
-6.3047,9.39695,32.9781,-3.3312,-8.25598,26.876,9.81382,1.25191,53.526,4.13908,-5.1242,58.6822
-6.35719,9.47276,33.0409,-3.39792,-8.23968,26.9468,9.79342,1.3359,53.7117,4.11821,-5.12263,58.7546
-6.43204,9.54973,33.0694,-3.47708,-8.22006,26.963,9.76436,1.4258,53.8859,4.08013,-5.10047,58.775
-6.49581,9.62075,33.0888,-3.55162,-8.20105,26.9654,9.74273,1.50866,54.0543,4.04736,-5.075,58.7858
-6.5724,9.69406,33.0836,-3.63237,-8.17717,26.9291,9.71595,1.5921,54.2098,4.00548,-5.03465,58.757
-6.64989,9.7598,33.0529,-3.71156,-8.15425,26.8711,9.69029,1.66235,54.3249,3.9629,-4.98751,58.7021
-6.72928,9.82209,33.0018,-3.7906,-8.12792,26.7934,9.66189,1.72512,54.4204,3.91842,-4.93207,58.6216
-6.81985,9.88024,32.9108,-3.87915,-8.10056,26.6674,9.63054,1.78918,54.5049,3.8634,-4.86701,58.516
-6.90022,9.93833,32.8381,-3.95348,-8.08316,26.567,9.60681,1.84764,54.5894,3.82155,-4.81383,58.433
-6.97408,9.99421,32.7757,-4.01938,-8.07302,26.4816,9.59132,1.90304,54.683,3.78952,-4.77509,58.3922
-7.03339,10.0491,32.74,-4.07264,-8.06712,26.4302,9.57889,1.94915,54.7586,3.76738,-4.7443,58.3529
-7.08813,10.1025,32.7135,-4.11977,-8.06369,26.3888,9.57263,1.98994,54.8262,3.75177,-4.71613,58.3166
-7.13838,10.1558,32.6933,-4.16381,-8.06136,26.3539,9.5669,2.02455,54.885,3.73859,-4.68937,58.2794
-7.08262,10.1718,32.7924,-4.20945,-8.03447,26.4708,9.40781,1.93884,54.5756,3.58782,-4.56967,57.8737
-6.42886,9.97808,33.5468,-4.26979,-7.86162,27.4273,8.37316,1.22651,52.326,2.6457,-3.94346,55.4884
-5.29057,9.53058,34.9724,-4.20004,-7.53336,29.1792,6.60303,0.0251745,48.4687,1.00017,-2.87018,51.4731
-5.36183,9.35365,37.1794,-4.56078,-7.59798,31.3478,5.21574,-0.959074,44.8206,-0.469483,-1.76762,47.7593
-7.55408,10.6678,42.979,-7.69231,-9.13088,36.4766,3.10736,-2.02785,39.9148,-2.67194,-0.571221,42.8979
-10.6094,12.9997,52.0469,-12.2662,-11.8801,44.5933,-0.0365972,-3.59396,32.4711,-5.94188,1.15848,35.583
-13.8478,15.9616,65.3628,-17.7113,-15.7061,56.7229,-5.71437,-4.89863,23.3853,-11.5601,2.60235,27.2487
-11.5582,13.9674,62.482,-14.89,-13.84,54.4537,-4.70806,-5.06151,23.9471,-10.3968,2.64075,27.5303
-8.17909,10.4742,55.0601,-10.1644,-10.3209,48.0254,-2.53899,-4.10093,29.1618,-8.01191,1.46482,32.9131
-4.6989,7.57104,47.755,-5.38469,-7.31466,41.6084,0.0151477,-3.10172,34.5026,-5.13945,0.329715,38.207
-1.59859,5.2854,41.2091,-1.12906,-4.87769,35.8096,2.26939,-2.46104,38.7256,-2.5638,-0.462037,42.2838
-0.014627,3.36098,35.8045,2.65147,-3.14557,30.7192,4.62075,-1.76313,42.4364,-0.24428,-0.970347,46.0953
0.97234,1.76799,31.5027,5.68218,-2.01371,26.6172,6.67944,-1.06986,45.7674,1.59781,-1.32309,49.5737
1.73922,0.43266,27.8293,7.4256,-1.33929,23.3173,7.46839,-0.234177,49.295,3.34797,-1.43723,52.8603
2.29293,-0.520606,24.8392,8.15717,-0.806401,20.767,7.91331,0.489324,52.7468,4.95221,-1.67908,55.9564
2.85506,-0.982807,23.2188,8.72917,-0.4395,19.2352,8.22462,0.959036,55.0396,5.52643,-1.96737,58.022
3.26664,-1.24777,22.3529,9.1986,-0.0339122,17.9845,8.31573,1.39175,57.1421,5.66598,-2.27883,59.9911
3.67584,-1.34974,22.2207,9.68042,0.462705,17.0244,8.17975,1.75689,59.2427,5.1158,-2.69593,62.0708
3.90682,-1.14396,22.6156,10.0646,0.349721,16.6482,8.11345,2.01145,60.2124,4.67002,-2.94294,63.0872
-4.3838,6.99898,20.4378,-0.474324,-6.4726,12.7587,9.5861,-0.778414,49.3281,3.24567,-4.19583,54.6173
-8.77329,12.8488,43.136,-6.19174,-13.0618,31.6576,10.1067,-0.091488,49.7955,3.82422,-4.06131,53.334
-6.02912,8.39339,32.4407,-3.67084,-9.06133,25.0372,9.92072,-0.285025,49.6182,3.74994,-4.09728,54.1272
-5.68898,8.0668,30.9628,-2.77769,-8.40163,23.1669,9.94176,-0.254967,49.7457,3.86835,-4.14385,54.564
-5.7254,8.2235,31.1332,-2.67793,-8.46056,23.5314,10.0133,-0.176772,49.9431,4.00984,-4.26186,54.977
-5.80921,8.35916,31.2539,-2.71222,-8.46914,23.9546,10.0282,-0.0617631,50.213,4.0639,-4.33804,55.2823
-5.85187,8.46888,31.3614,-2.71057,-8.42979,24.2789,10.0411,0.043813,50.4964,4.12446,-4.44355,55.6612
-5.86477,8.56422,31.5224,-2.70965,-8.39026,24.6154,10.0511,0.150307,50.8064,4.18716,-4.56924,56.1053
-5.91352,8.65226,31.6956,-2.73645,-8.36604,24.9227,10.0545,0.299089,51.195,4.21767,-4.67175,56.5457
-5.89797,8.71882,31.9122,-2.73475,-8.35677,25.2924,10.0805,0.433143,51.5915,4.27836,-4.78616,57.0002
-5.95245,8.79886,32.0236,-2.81343,-8.31638,25.4971,10.041,0.580176,51.9359,4.25791,-4.83952,57.2871
-5.97629,8.87487,32.2253,-2.86394,-8.32001,25.8093,10.0307,0.690185,52.2352,4.26993,-4.917,57.6261
-6.04349,8.966,32.3866,-2.96444,-8.32332,26.0529,9.98361,0.804426,52.4924,4.23776,-4.97133,57.8819
-6.07479,9.05204,32.5552,-3.04801,-8.32162,26.311,9.9378,0.888484,52.7056,4.21995,-5.03499,58.124
-6.12099,9.141,32.7122,-3.11418,-8.3116,26.533,9.90913,0.973159,52.9145,4.21175,-5.07969,58.3248
-6.18659,9.23027,32.8222,-3.18663,-8.29422,26.6778,9.8767,1.07006,53.1294,4.1887,-5.10184,58.4717
-6.23098,9.31535,32.9234,-3.25204,-8.27836,26.8135,9.84725,1.15824,53.3388,4.17402,-5.13316,58.6229
-6.3047,9.39695,32.9781,-3.3312,-8.25598,26.876,9.81382,1.25191,53.526,4.13908,-5.1242,58.6822
-6.35719,9.47276,33.0409,-3.39792,-8.23968,26.9468,9.79342,1.3359,53.7117,4.11821,-5.12263,58.7546
-6.43204,9.54973,33.0694,-3.47708,-8.22006,26.963,9.76436,1.4258,53.8859,4.08013,-5.10047,58.775
-6.49581,9.62075,33.0888,-3.55162,-8.20105,26.9654,9.74273,1.50866,54.0543,4.04736,-5.075,58.7858
-6.5724,9.69406,33.0836,-3.63237,-8.17717,26.9291,9.71595,1.5921,54.2098,4.00548,-5.03465,58.757
-6.64989,9.7598,33.0529,-3.71156,-8.15425,26.8711,9.69029,1.66235,54.3249,3.9629,-4.98751,58.7021
-6.72928,9.82209,33.0018,-3.7906,-8.12792,26.7934,9.66189,1.72512,54.4204,3.91842,-4.93207,58.6216
-6.81985,9.88024,32.9108,-3.87915,-8.10056,26.6674,9.63054,1.78918,54.5049,3.8634,-4.86701,58.516
-6.90022,9.93833,32.8381,-3.95348,-8.08316,26.567,9.60681,1.84764,54.5894,3.82155,-4.81383,58.433
-6.97408,9.99421,32.7757,-4.01938,-8.07302,26.4816,9.59132,1.90304,54.683,3.78952,-4.77509,58.3922
-7.03339,10.0491,32.74,-4.07264,-8.06712,26.4302,9.57889,1.94915,54.7586,3.76738,-4.7443,58.3529
-7.08813,10.1025,32.7135,-4.11977,-8.06369,26.3888,9.57263,1.98994,54.8262,3.75177,-4.71613,58.3166
-7.13838,10.1558,32.6933,-4.16381,-8.06136,26.3539,9.5669,2.02455,54.885,3.73859,-4.68937,58.2794
-7.08262,10.1718,32.7924,-4.20945,-8.03447,26.4708,9.40781,1.93884,54.5756,3.58783,-4.56967,57.8737
-6.42886,9.97808,33.5468,-4.26979,-7.86162,27.4273,8.37316,1.22651,52.326,2.6457,-3.94346,55.4884
-5.29057,9.53058,34.9724,-4.20004,-7.53336,29.1792,6.60303,0.0251745,48.4687,1.00017,-2.87018,51.4731
-5.36183,9.35365,37.1794,-4.56078,-7.59798,31.3478,5.21574,-0.959074,44.8206,-0.469483,-1.76762,47.7593
-7.55408,10.6678,42.979,-7.69231,-9.13087,36.4766,3.10736,-2.02785,39.9148,-2.67194,-0.57122,42.8979
-10.6094,12.9997,52.0469,-12.2662,-11.8801,44.5933,-0.036597,-3.59396,32.4711,-5.94188,1.15848,35.583
-13.8478,15.9616,65.3628,-17.7113,-15.7061,56.7229,-5.71437,-4.89863,23.3853,-11.5601,2.60235,27.2487
-11.5582,13.9674,62.482,-14.89,-13.84,54.4537,-4.70806,-5.06151,23.9471,-10.3968,2.64075,27.5303
-8.17909,10.4742,55.0601,-10.1644,-10.3209,48.0254,-2.53899,-4.10093,29.1618,-8.01191,1.46482,32.9131
-4.6989,7.57104,47.755,-5.38469,-7.31466,41.6084,0.015148,-3.10172,34.5026,-5.13945,0.329716,38.207
-1.59859,5.2854,41.2091,-1.12906,-4.87769,35.8096,2.26939,-2.46104,38.7256,-2.5638,-0.462036,42.2838
-0.0146266,3.36098,35.8045,2.65147,-3.14557,30.7192,4.62075,-1.76313,42.4364,-0.24428,-0.970347,46.0953
0.97234,1.76799,31.5027,5.68218,-2.01371,26.6172,6.67944,-1.06986,45.7674,1.59781,-1.32309,49.5737
1.73922,0.43266,27.8293,7.4256,-1.33929,23.3173,7.46839,-0.234177,49.295,3.34797,-1.43723,52.8603
2.29293,-0.520605,24.8392,8.15717,-0.8064,20.767,7.91331,0.489323,52.7468,4.95221,-1.67908,55.9564
2.85506,-0.982807,23.2188,8.72917,-0.439502,19.2352,8.22462,0.959036,55.0396,5.52643,-1.96737,58.022
3.26664,-1.24778,22.3529,9.19859,-0.0339204,17.9845,8.31574,1.39175,57.1421,5.66598,-2.27883,59.9911
3.67584,-1.34974,22.2207,9.68041,0.462697,17.0245,8.17975,1.75689,59.2427,5.1158,-2.69593,62.0708
3.90682,-1.14397,22.6156,10.0646,0.349724,16.6482,8.11345,2.01145,60.2124,4.67002,-2.94295,63.0872
-4.3838,6.99898,20.4378,-0.474324,-6.4726,12.7587,9.5861,-0.778414,49.3281,3.24567,-4.19583,54.6173
-8.77329,12.8488,43.136,-6.19174,-13.0618,31.6576,10.1067,-0.091488,49.7955,3.82422,-4.06131,53.334
-6.02912,8.39339,32.4407,-3.67084,-9.06133,25.0372,9.92072,-0.285025,49.6182,3.74994,-4.09728,54.1272
-5.68898,8.0668,30.9628,-2.77769,-8.40163,23.1669,9.94176,-0.254967,49.7457,3.86835,-4.14385,54.564
-5.7254,8.2235,31.1332,-2.67793,-8.46056,23.5314,10.0133,-0.176772,49.9431,4.00984,-4.26186,54.977
-5.80921,8.35916,31.2539,-2.71222,-8.46914,23.9546,10.0282,-0.0617631,50.213,4.0639,-4.33804,55.2823
-5.85187,8.46888,31.3614,-2.71057,-8.42979,24.2789,10.0411,0.0438131,50.4964,4.12446,-4.44355,55.6612
-5.86477,8.56422,31.5224,-2.70965,-8.39026,24.6154,10.0511,0.150307,50.8064,4.18716,-4.56924,56.1053
-5.91352,8.65226,31.6956,-2.73645,-8.36604,24.9227,10.0545,0.299089,51.195,4.21767,-4.67175,56.5457
-5.89797,8.71882,31.9122,-2.73475,-8.35677,25.2924,10.0805,0.433143,51.5915,4.27836,-4.78616,57.0002
-5.95245,8.79886,32.0236,-2.81343,-8.31638,25.4971,10.041,0.580176,51.9359,4.25791,-4.83952,57.2871
-5.97629,8.87487,32.2253,-2.86394,-8.32001,25.8093,10.0307,0.690185,52.2352,4.26993,-4.917,57.6261
-6.04349,8.966,32.3866,-2.96444,-8.32332,26.0529,9.98361,0.804426,52.4924,4.23776,-4.97133,57.8819
-6.07479,9.05204,32.5552,-3.04801,-8.32162,26.311,9.9378,0.888484,52.7056,4.21995,-5.03499,58.124
-6.12099,9.141,32.7122,-3.11418,-8.3116,26.533,9.90913,0.973159,52.9145,4.21175,-5.07969,58.3248
-6.18659,9.23027,32.8222,-3.18663,-8.29422,26.6778,9.8767,1.07006,53.1294,4.1887,-5.10184,58.4717
-6.23098,9.31535,32.9234,-3.25204,-8.27836,26.8135,9.84725,1.15824,53.3388,4.17402,-5.13316,58.6229
-6.3047,9.39695,32.9781,-3.3312,-8.25598,26.876,9.81382,1.25191,53.526,4.13908,-5.1242,58.6822
-6.35719,9.47276,33.0409,-3.39792,-8.23968,26.9468,9.79342,1.3359,53.7117,4.11821,-5.12263,58.7546
-6.43204,9.54973,33.0694,-3.47708,-8.22006,26.963,9.76436,1.4258,53.8859,4.08013,-5.10047,58.775
-6.49581,9.62075,33.0888,-3.55162,-8.20105,26.9654,9.74273,1.50866,54.0543,4.04736,-5.075,58.7858
-6.5724,9.69406,33.0836,-3.63237,-8.17717,26.9291,9.71595,1.5921,54.2098,4.00548,-5.03465,58.757
-6.64989,9.7598,33.0529,-3.71156,-8.15425,26.8711,9.69029,1.66235,54.3249,3.9629,-4.98751,58.7021
-6.72928,9.82209,33.0018,-3.7906,-8.12792,26.7934,9.66189,1.72512,54.4204,3.91842,-4.93207,58.6216
-6.81985,9.88024,32.9108,-3.87915,-8.10056,26.6674,9.63054,1.78918,54.5049,3.8634,-4.86701,58.516
-6.90022,9.93833,32.8381,-3.95348,-8.08316,26.567,9.60681,1.84764,54.5894,3.82155,-4.81383,58.433
-6.97408,9.99421,32.7757,-4.01938,-8.07302,26.4816,9.59132,1.90304,54.683,3.78952,-4.77509,58.3922
-7.03339,10.0491,32.74,-4.07264,-8.06712,26.4302,9.57889,1.94915,54.7586,3.76738,-4.7443,58.3529
-7.08813,10.1025,32.7135,-4.11977,-8.06369,26.3888,9.57263,1.98994,54.8262,3.75177,-4.71613,58.3166
-7.13838,10.1558,32.6933,-4.16381,-8.06136,26.3539,9.5669,2.02455,54.885,3.73859,-4.68937,58.2794
-7.08262,10.1718,32.7924,-4.20945,-8.03447,26.4708,9.40781,1.93884,54.5756,3.58783,-4.56967,57.8737
-6.42886,9.97808,33.5468,-4.26979,-7.86162,27.4273,8.37316,1.22651,52.326,2.6457,-3.94346,55.4884
-5.29057,9.53058,34.9724,-4.20004,-7.53336,29.1792,6.60303,0.0251745,48.4687,1.00017,-2.87018,51.4731
-5.36183,9.35365,37.1794,-4.56078,-7.59798,31.3478,5.21574,-0.959074,44.8206,-0.469483,-1.76762,47.7593
-7.55408,10.6678,42.979,-7.69231,-9.13087,36.4766,3.10736,-2.02785,39.9148,-2.67194,-0.57122,42.8979
-10.6094,12.9997,52.0469,-12.2662,-11.8801,44.5933,-0.036597,-3.59396,32.4711,-5.94188,1.15848,35.583
-13.8478,15.9616,65.3628,-17.7113,-15.7061,56.7229,-5.71437,-4.89863,23.3853,-11.5601,2.60235,27.2487
-11.5582,13.9674,62.482,-14.89,-13.84,54.4537,-4.70806,-5.06151,23.9471,-10.3968,2.64075,27.5303
-8.17909,10.4742,55.0601,-10.1644,-10.3209,48.0254,-2.53899,-4.10093,29.1618,-8.01191,1.46482,32.9131
-4.6989,7.57104,47.755,-5.38469,-7.31466,41.6084,0.015148,-3.10172,34.5026,-5.13945,0.329716,38.207
-1.59859,5.2854,41.2091,-1.12906,-4.87769,35.8096,2.26939,-2.46104,38.7256,-2.5638,-0.462036,42.2838
-0.0146265,3.36098,35.8045,2.65147,-3.14557,30.7192,4.62075,-1.76313,42.4364,-0.24428,-0.970347,46.0953
0.97234,1.76799,31.5027,5.68218,-2.01371,26.6172,6.67944,-1.06986,45.7674,1.59781,-1.32308,49.5737
1.73922,0.432661,27.8293,7.4256,-1.33929,23.3173,7.46839,-0.234177,49.295,3.34797,-1.43723,52.8603
2.29293,-0.520605,24.8392,8.15717,-0.8064,20.767,7.91331,0.489323,52.7468,4.95221,-1.67908,55.9564
2.85506,-0.982807,23.2188,8.72917,-0.439502,19.2352,8.22462,0.959036,55.0396,5.52643,-1.96737,58.022
3.26664,-1.24778,22.3529,9.19859,-0.0339225,17.9845,8.31574,1.39175,57.1421,5.66598,-2.27883,59.9911
3.67584,-1.34974,22.2207,9.68041,0.462695,17.0245,8.17975,1.75689,59.2427,5.1158,-2.69593,62.0708
3.90682,-1.14397,22.6156,10.0646,0.349725,16.6482,8.11345,2.01145,60.2124,4.67002,-2.94295,63.0872
-4.3838,6.99898,20.4378,-0.474324,-6.4726,12.7587,9.5861,-0.778414,49.3281,3.24567,-4.19583,54.6173
-8.77329,12.8488,43.136,-6.19174,-13.0618,31.6576,10.1067,-0.091488,49.7955,3.82422,-4.06131,53.334
-6.02912,8.39339,32.4407,-3.67084,-9.06133,25.0372,9.92072,-0.285025,49.6182,3.74994,-4.09728,54.1272
-5.68898,8.0668,30.9628,-2.77769,-8.40163,23.1669,9.94176,-0.254967,49.7457,3.86835,-4.14385,54.564
-5.7254,8.2235,31.1332,-2.67793,-8.46056,23.5314,10.0133,-0.176772,49.9431,4.00984,-4.26186,54.977
-5.80921,8.35916,31.2539,-2.71222,-8.46914,23.9546,10.0282,-0.0617631,50.213,4.0639,-4.33804,55.2823
-5.85187,8.46888,31.3614,-2.71057,-8.42979,24.2789,10.0411,0.0438131,50.4964,4.12446,-4.44355,55.6612
-5.86477,8.56422,31.5224,-2.70965,-8.39026,24.6154,10.0511,0.150307,50.8064,4.18716,-4.56924,56.1053
-5.91352,8.65226,31.6956,-2.73645,-8.36604,24.9227,10.0545,0.299089,51.195,4.21767,-4.67175,56.5457
-5.89797,8.71882,31.9122,-2.73475,-8.35677,25.2924,10.0805,0.433143,51.5915,4.27836,-4.78616,57.0002
-5.95245,8.79886,32.0236,-2.81343,-8.31638,25.4971,10.041,0.580176,51.9359,4.25791,-4.83952,57.2871
-5.97629,8.87487,32.2253,-2.86394,-8.32001,25.8093,10.0307,0.690185,52.2352,4.26993,-4.917,57.6261
-6.04349,8.966,32.3866,-2.96444,-8.32332,26.0529,9.98361,0.804426,52.4924,4.23776,-4.97133,57.8819
-6.07479,9.05204,32.5552,-3.04801,-8.32162,26.311,9.9378,0.888484,52.7056,4.21995,-5.03499,58.124
-6.12099,9.141,32.7122,-3.11418,-8.3116,26.533,9.90913,0.973159,52.9145,4.21175,-5.07969,58.3248
-6.18659,9.23027,32.8222,-3.18663,-8.29422,26.6778,9.8767,1.07006,53.1294,4.1887,-5.10184,58.4717
-6.23098,9.31535,32.9234,-3.25204,-8.27836,26.8135,9.84725,1.15824,53.3388,4.17402,-5.13316,58.6229
-6.3047,9.39695,32.9781,-3.3312,-8.25598,26.876,9.81382,1.25191,53.526,4.13908,-5.1242,58.6822
-6.35719,9.47276,33.0409,-3.39792,-8.23968,26.9468,9.79342,1.3359,53.7117,4.11821,-5.12263,58.7546
-6.43204,9.54973,33.0694,-3.47708,-8.22006,26.963,9.76436,1.4258,53.8859,4.08013,-5.10047,58.775
-6.49581,9.62075,33.0888,-3.55162,-8.20105,26.9654,9.74273,1.50866,54.0543,4.04736,-5.075,58.7858
-6.5724,9.69406,33.0836,-3.63237,-8.17717,26.9291,9.71595,1.5921,54.2098,4.00548,-5.03465,58.757
-6.64989,9.7598,33.0529,-3.71156,-8.15425,26.8711,9.69029,1.66235,54.3249,3.9629,-4.98751,58.7021
-6.72928,9.82209,33.0018,-3.7906,-8.12792,26.7934,9.66189,1.72512,54.4204,3.91842,-4.93207,58.6216
-6.81985,9.88024,32.9108,-3.87915,-8.10056,26.6674,9.63054,1.78918,54.5049,3.8634,-4.86701,58.516
-6.90022,9.93833,32.8381,-3.95348,-8.08316,26.567,9.60681,1.84764,54.5894,3.82155,-4.81383,58.433
-6.97408,9.99421,32.7757,-4.01938,-8.07302,26.4816,9.59132,1.90304,54.683,3.78952,-4.77509,58.3922
-7.03339,10.0491,32.74,-4.07264,-8.06712,26.4302,9.57889,1.94915,54.7586,3.76738,-4.7443,58.3529
-7.08813,10.1025,32.7135,-4.11977,-8.06369,26.3888,9.57263,1.98994,54.8262,3.75177,-4.71613,58.3166
-7.13838,10.1558,32.6933,-4.16381,-8.06136,26.3539,9.5669,2.02455,54.885,3.73859,-4.68937,58.2794
-7.08262,10.1718,32.7924,-4.20945,-8.03447,26.4708,9.40781,1.93884,54.5756,3.58783,-4.56967,57.8737
-6.42886,9.97808,33.5468,-4.26979,-7.86162,27.4273,8.37316,1.22651,52.326,2.6457,-3.94346,55.4884
-5.29057,9.53058,34.9724,-4.20004,-7.53336,29.1792,6.60303,0.0251745,48.4687,1.00017,-2.87018,51.4731
-5.36183,9.35365,37.1794,-4.56078,-7.59798,31.3478,5.21574,-0.959074,44.8206,-0.469483,-1.76762,47.7593
-7.55408,10.6678,42.979,-7.69231,-9.13087,36.4766,3.10736,-2.02785,39.9148,-2.67194,-0.57122,42.8979
-10.6094,12.9997,52.0469,-12.2662,-11.8801,44.5933,-0.036597,-3.59396,32.4711,-5.94188,1.15848,35.583
-13.8478,15.9616,65.3628,-17.7113,-15.7061,56.7229,-5.71437,-4.89863,23.3853,-11.5601,2.60235,27.2487
-11.5582,13.9674,62.482,-14.89,-13.84,54.4537,-4.70806,-5.06151,23.9471,-10.3968,2.64075,27.5303
-8.17909,10.4742,55.0601,-10.1644,-10.3209,48.0254,-2.53899,-4.10093,29.1618,-8.01191,1.46482,32.9131
-4.6989,7.57104,47.755,-5.38469,-7.31466,41.6084,0.015148,-3.10172,34.5026,-5.13945,0.329716,38.207
-1.59859,5.2854,41.2091,-1.12906,-4.87769,35.8096,2.26939,-2.46104,38.7256,-2.5638,-0.462036,42.2838
-0.0146265,3.36098,35.8045,2.65147,-3.14557,30.7192,4.62075,-1.76313,42.4364,-0.24428,-0.970347,46.0953
0.97234,1.76799,31.5027,5.68218,-2.01371,26.6172,6.67944,-1.06986,45.7674,1.59781,-1.32309,49.5737
1.73922,0.43266,27.8293,7.4256,-1.33929,23.3173,7.46839,-0.234177,49.295,3.34797,-1.43723,52.8603
2.29293,-0.520605,24.8392,8.15717,-0.8064,20.767,7.91331,0.489323,52.7468,4.95221,-1.67908,55.9564
2.85506,-0.982807,23.2188,8.72917,-0.439502,19.2352,8.22462,0.959036,55.0396,5.52643,-1.96737,58.022
3.26664,-1.24778,22.3529,9.19859,-0.0339214,17.9845,8.31574,1.39175,57.1421,5.66598,-2.27883,59.9911
3.67584,-1.34974,22.2207,9.68041,0.462696,17.0245,8.17975,1.75689,59.2427,5.1158,-2.69593,62.0708
3.90682,-1.14397,22.6156,10.0646,0.349724,16.6482,8.11345,2.01145,60.2124,4.67002,-2.94295,63.0872
-4.3838,6.99898,20.4378,-0.474324,-6.4726,12.7587,9.5861,-0.778414,49.3281,3.24567,-4.19583,54.6173
-8.77329,12.8488,43.136,-6.19174,-13.0618,31.6576,10.1067,-0.091488,49.7955,3.82422,-4.06131,53.334
-6.02912,8.39339,32.4407,-3.67084,-9.06133,25.0372,9.92072,-0.285025,49.6182,3.74994,-4.09728,54.1272
-5.68898,8.0668,30.9628,-2.77769,-8.40163,23.1669,9.94176,-0.254967,49.7457,3.86835,-4.14385,54.564
-5.7254,8.2235,31.1332,-2.67793,-8.46056,23.5314,10.0133,-0.176772,49.9431,4.00984,-4.26186,54.977
-5.80921,8.35916,31.2539,-2.71222,-8.46914,23.9546,10.0282,-0.0617631,50.213,4.0639,-4.33804,55.2823
-5.85187,8.46888,31.3614,-2.71057,-8.42979,24.2789,10.0411,0.043813,50.4964,4.12446,-4.44355,55.6612
-5.86477,8.56422,31.5224,-2.70965,-8.39026,24.6154,10.0511,0.150307,50.8064,4.18716,-4.56924,56.1053
-5.91352,8.65226,31.6956,-2.73645,-8.36604,24.9227,10.0545,0.299089,51.195,4.21767,-4.67175,56.5457
-5.89797,8.71882,31.9122,-2.73475,-8.35677,25.2924,10.0805,0.433143,51.5915,4.27836,-4.78616,57.0002
-5.95245,8.79886,32.0236,-2.81343,-8.31638,25.4971,10.041,0.580176,51.9359,4.25791,-4.83952,57.2871
-5.97629,8.87487,32.2253,-2.86394,-8.32001,25.8093,10.0307,0.690185,52.2352,4.26993,-4.917,57.6261
-6.04349,8.966,32.3866,-2.96444,-8.32332,26.0529,9.98361,0.804426,52.4924,4.23776,-4.97133,57.8819
-6.07479,9.05204,32.5552,-3.04801,-8.32162,26.311,9.9378,0.888484,52.7056,4.21995,-5.03499,58.124
-6.12099,9.141,32.7122,-3.11418,-8.3116,26.533,9.90913,0.973159,52.9145,4.21175,-5.07969,58.3248
-6.18659,9.23027,32.8222,-3.18663,-8.29422,26.6778,9.8767,1.07006,53.1294,4.1887,-5.10184,58.4717
-6.23098,9.31535,32.9234,-3.25204,-8.27836,26.8135,9.84725,1.15824,53.3388,4.17402,-5.13316,58.6229
-6.3047,9.39695,32.9781,-3.3312,-8.25598,26.876,9.81382,1.25191,53.526,4.13908,-5.1242,58.6822
-6.35719,9.47276,33.0409,-3.39792,-8.23968,26.9468,9.79342,1.3359,53.7117,4.11821,-5.12263,58.7546
-6.43204,9.54973,33.0694,-3.47708,-8.22006,26.963,9.76436,1.4258,53.8859,4.08013,-5.10047,58.775
-6.49581,9.62075,33.0888,-3.55162,-8.20105,26.9654,9.74273,1.50866,54.0543,4.04736,-5.075,58.7858
-6.5724,9.69406,33.0836,-3.63237,-8.17717,26.9291,9.71595,1.5921,54.2098,4.00548,-5.03465,58.757
-6.64989,9.7598,33.0529,-3.71156,-8.15425,26.8711,9.69029,1.66235,54.3249,3.9629,-4.98751,58.7021
-6.72928,9.82209,33.0018,-3.7906,-8.12792,26.7934,9.66189,1.72512,54.4204,3.91842,-4.93207,58.6216
-6.81985,9.88024,32.9108,-3.87915,-8.10056,26.6674,9.63054,1.78918,54.5049,3.8634,-4.86701,58.516
-6.90022,9.93833,32.8381,-3.95348,-8.08316,26.567,9.60681,1.84764,54.5894,3.82155,-4.81383,58.433
-6.97408,9.99421,32.7757,-4.01938,-8.07302,26.4816,9.59132,1.90304,54.683,3.78952,-4.77509,58.3922
-7.03339,10.0491,32.74,-4.07264,-8.06712,26.4302,9.57889,1.94915,54.7586,3.76738,-4.7443,58.3529
-7.08813,10.1025,32.7135,-4.11977,-8.06369,26.3888,9.57263,1.98994,54.8262,3.75177,-4.71613,58.3166
-7.13838,10.1558,32.6933,-4.16381,-8.06136,26.3539,9.5669,2.02455,54.885,3.73859,-4.68937,58.2794
-7.08262,10.1718,32.7924,-4.20945,-8.03447,26.4708,9.40781,1.93884,54.5756,3.58783,-4.56967,57.8737
-6.42886,9.97808,33.5468,-4.26979,-7.86162,27.4273,8.37316,1.22651,52.326,2.6457,-3.94346,55.4884
-5.29057,9.53058,34.9724,-4.20004,-7.53336,29.1792,6.60303,0.0251745,48.4687,1.00017,-2.87018,51.4731
-5.36183,9.35365,37.1794,-4.56078,-7.59798,31.3478,5.21574,-0.959074,44.8206,-0.469483,-1.76762,47.7593
-7.55408,10.6678,42.979,-7.69231,-9.13087,36.4766,3.10736,-2.02785,39.9148,-2.67194,-0.57122,42.8979
-10.6094,12.9997,52.0469,-12.2662,-11.8801,44.5933,-0.036597,-3.59396,32.4711,-5.94188,1.15848,35.583
-13.8478,15.9616,65.3628,-17.7113,-15.7061,56.7229,-5.71437,-4.89863,23.3853,-11.5601,2.60235,27.2487
-11.5582,13.9674,62.482,-14.89,-13.84,54.4537,-4.70806,-5.06151,23.9471,-10.3968,2.64075,27.5303
-8.17909,10.4742,55.0601,-10.1644,-10.3209,48.0254,-2.53899,-4.10093,29.1618,-8.01191,1.46482,32.9131
-4.6989,7.57104,47.755,-5.38469,-7.31466,41.6084,0.015148,-3.10172,34.5026,-5.13945,0.329716,38.207
-1.59859,5.2854,41.2091,-1.12906,-4.87769,35.8096,2.26939,-2.46104,38.7256,-2.5638,-0.462036,42.2838
-0.0146266,3.36098,35.8045,2.65147,-3.14557,30.7192,4.62075,-1.76313,42.4364,-0.24428,-0.970347,46.0953
0.97234,1.76799,31.5027,5.68218,-2.01371,26.6172,6.67944,-1.06986,45.7674,1.59781,-1.32309,49.5737
1.73922,0.43266,27.8293,7.4256,-1.33929,23.3173,7.46839,-0.234177,49.295,3.34797,-1.43723,52.8603
2.29293,-0.520605,24.8392,8.15717,-0.8064,20.767,7.91331,0.489323,52.7468,4.95221,-1.67908,55.9564
2.85506,-0.982807,23.2188,8.72917,-0.439502,19.2352,8.22462,0.959036,55.0396,5.52643,-1.96737,58.022
3.26664,-1.24778,22.3529,9.19859,-0.0339209,17.9845,8.31574,1.39175,57.1421,5.66598,-2.27883,59.9911
3.67584,-1.34974,22.2207,9.68041,0.462696,17.0245,8.17975,1.75689,59.2427,5.1158,-2.69593,62.0708
3.90682,-1.14397,22.6156,10.0646,0.349724,16.6482,8.11345,2.01145,60.2124,4.67002,-2.94295,63.0872
-4.3838,6.99898,20.4378,-0.474324,-6.4726,12.7587,9.5861,-0.778414,49.3281,3.24567,-4.19583,54.6173
-8.77329,12.8488,43.136,-6.19174,-13.0618,31.6576,10.1067,-0.091488,49.7955,3.82422,-4.06131,53.334
-6.02912,8.39339,32.4407,-3.67084,-9.06133,25.0372,9.92072,-0.285025,49.6182,3.74994,-4.09728,54.1272
-5.68898,8.0668,30.9628,-2.77769,-8.40163,23.1669,9.94176,-0.254967,49.7457,3.86835,-4.14385,54.564
-5.7254,8.2235,31.1332,-2.67793,-8.46056,23.5314,10.0133,-0.176772,49.9431,4.00984,-4.26186,54.977
-5.80921,8.35916,31.2539,-2.71222,-8.46914,23.9546,10.0282,-0.0617631,50.213,4.0639,-4.33804,55.2823
-5.85187,8.46888,31.3614,-2.71057,-8.42979,24.2789,10.0411,0.043813,50.4964,4.12446,-4.44355,55.6612
-5.86477,8.56422,31.5224,-2.70965,-8.39026,24.6154,10.0511,0.150307,50.8064,4.18716,-4.56924,56.1053
-5.91352,8.65226,31.6956,-2.73645,-8.36604,24.9227,10.0545,0.299089,51.195,4.21767,-4.67175,56.5457
-5.89797,8.71882,31.9122,-2.73475,-8.35677,25.2924,10.0805,0.433143,51.5915,4.27836,-4.78616,57.0002
-5.95245,8.79886,32.0236,-2.81343,-8.31638,25.4971,10.041,0.580176,51.9359,4.25791,-4.83952,57.2871
-5.97629,8.87487,32.2253,-2.86394,-8.32001,25.8093,10.0307,0.690185,52.2352,4.26993,-4.917,57.6261
-6.04349,8.966,32.3866,-2.96444,-8.32332,26.0529,9.98361,0.804426,52.4924,4.23776,-4.97133,57.8819
-6.07479,9.05204,32.5552,-3.04801,-8.32162,26.311,9.9378,0.888484,52.7056,4.21995,-5.03499,58.124
-6.12099,9.141,32.7122,-3.11418,-8.3116,26.533,9.90913,0.973159,52.9145,4.21175,-5.07969,58.3248
-6.18659,9.23027,32.8222,-3.18663,-8.29422,26.6778,9.8767,1.07006,53.1294,4.1887,-5.10184,58.4717
-6.23098,9.31535,32.9234,-3.25204,-8.27836,26.8135,9.84725,1.15824,53.3388,4.17402,-5.13316,58.6229
-6.3047,9.39695,32.9781,-3.3312,-8.25598,26.876,9.81382,1.25191,53.526,4.13908,-5.1242,58.6822
-6.35719,9.47276,33.0409,-3.39792,-8.23968,26.9468,9.79342,1.3359,53.7117,4.11821,-5.12263,58.7546
-6.43204,9.54973,33.0694,-3.47708,-8.22006,26.963,9.76436,1.4258,53.8859,4.08013,-5.10047,58.775
-6.49581,9.62075,33.0888,-3.55162,-8.20105,26.9654,9.74273,1.50866,54.0543,4.04736,-5.075,58.7858
-6.5724,9.69406,33.0836,-3.63237,-8.17717,26.9291,9.71595,1.5921,54.2098,4.00548,-5.03465,58.757
-6.64989,9.7598,33.0529,-3.71156,-8.15425,26.8711,9.69029,1.66235,54.3249,3.9629,-4.98751,58.7021
-6.72928,9.82209,33.0018,-3.7906,-8.12792,26.7934,9.66189,1.72512,54.4204,3.91842,-4.93207,58.6216
-6.81985,9.88024,32.9108,-3.87915,-8.10056,26.6674,9.63054,1.78918,54.5049,3.8634,-4.86701,58.516
-6.90022,9.93833,32.8381,-3.95348,-8.08316,26.567,9.60681,1.84764,54.5894,3.82155,-4.81383,58.433
-6.97408,9.99421,32.7757,-4.01938,-8.07302,26.4816,9.59132,1.90304,54.683,3.78952,-4.77509,58.3922
-7.03339,10.0491,32.74,-4.07264,-8.06712,26.4302,9.57889,1.94915,54.7586,3.76738,-4.7443,58.3529
-7.08813,10.1025,32.7135,-4.11977,-8.06369,26.3888,9.57263,1.98994,54.8262,3.75177,-4.71613,58.3166
-7.13838,10.1558,32.6933,-4.16381,-8.06136,26.3539,9.5669,2.02455,54.885,3.73859,-4.68937,58.2794
-7.08262,10.1718,32.7924,-4.20945,-8.03447,26.4708,9.40781,1.93884,54.5756,3.58783,-4.56967,57.8737
-6.42886,9.97808,33.5468,-4.26979,-7.86162,27.4273,8.37316,1.22651,52.326,2.6457,-3.94346,55.4884
-5.29057,9.53058,34.9724,-4.20004,-7.53336,29.1792,6.60303,0.0251745,48.4687,1.00017,-2.87018,51.4731
-5.36183,9.35365,37.1794,-4.56078,-7.59798,31.3478,5.21574,-0.959074,44.8206,-0.469483,-1.76762,47.7593
-7.55408,10.6678,42.979,-7.69231,-9.13087,36.4766,3.10736,-2.02785,39.9148,-2.67194,-0.57122,42.8979
-10.6094,12.9997,52.0469,-12.2662,-11.8801,44.5933,-0.036597,-3.59396,32.4711,-5.94188,1.15848,35.583
-13.8478,15.9616,65.3628,-17.7113,-15.7061,56.7229,-5.71437,-4.89863,23.3853,-11.5601,2.60235,27.2487
-11.5582,13.9674,62.482,-14.89,-13.84,54.4537,-4.70806,-5.06151,23.9471,-10.3968,2.64075,27.5303
-8.17909,10.4742,55.0601,-10.1644,-10.3209,48.0254,-2.53899,-4.10093,29.1618,-8.01191,1.46482,32.9131
-4.6989,7.57104,47.755,-5.38469,-7.31466,41.6084,0.015148,-3.10172,34.5026,-5.13945,0.329716,38.207
-1.59859,5.2854,41.2091,-1.12906,-4.87769,35.8096,2.26939,-2.46104,38.7256,-2.5638,-0.462036,42.2838
-0.0146266,3.36098,35.8045,2.65147,-3.14557,30.7192,4.62075,-1.76313,42.4364,-0.24428,-0.970347,46.0953
0.97234,1.76799,31.5027,5.68218,-2.01371,26.6172,6.67944,-1.06986,45.7674,1.59781,-1.32309,49.5737
1.73922,0.43266,27.8293,7.4256,-1.33929,23.3173,7.46839,-0.234177,49.295,3.34797,-1.43723,52.8603
2.29293,-0.520605,24.8392,8.15717,-0.8064,20.767,7.91331,0.489323,52.7468,4.95221,-1.67908,55.9564
2.85506,-0.982807,23.2188,8.72917,-0.439502,19.2352,8.22462,0.959036,55.0396,5.52643,-1.96737,58.022
3.26664,-1.24778,22.3529,9.19859,-0.0339206,17.9845,8.31574,1.39175,57.1421,5.66598,-2.27883,59.9911
3.67584,-1.34974,22.2207,9.68041,0.462697,17.0245,8.17975,1.75689,59.2427,5.1158,-2.69593,62.0708
3.90682,-1.14397,22.6156,10.0646,0.349724,16.6482,8.11345,2.01145,60.2124,4.67002,-2.94295,63.0872
-4.3838,6.99898,20.4378,-0.474324,-6.4726,12.7587,9.5861,-0.778414,49.3281,3.24567,-4.19583,54.6173
-8.77329,12.8488,43.136,-6.19174,-13.0618,31.6576,10.1067,-0.091488,49.7955,3.82422,-4.06131,53.334
-6.02912,8.39339,32.4407,-3.67084,-9.06133,25.0372,9.92072,-0.285025,49.6182,3.74994,-4.09728,54.1272
-5.68898,8.0668,30.9628,-2.77769,-8.40163,23.1669,9.94176,-0.254967,49.7457,3.86835,-4.14385,54.564
-5.7254,8.2235,31.1332,-2.67793,-8.46056,23.5314,10.0133,-0.176772,49.9431,4.00984,-4.26186,54.977
-5.80921,8.35916,31.2539,-2.71222,-8.46914,23.9546,10.0282,-0.0617631,50.213,4.0639,-4.33804,55.2823
-5.85187,8.46888,31.3614,-2.71057,-8.42979,24.2789,10.0411,0.043813,50.4964,4.12446,-4.44355,55.6612
-5.86477,8.56422,31.5224,-2.70965,-8.39026,24.6154,10.0511,0.150307,50.8064,4.18716,-4.56924,56.1053
-5.91352,8.65226,31.6956,-2.73645,-8.36604,24.9227,10.0545,0.299089,51.195,4.21767,-4.67175,56.5457
-5.89797,8.71882,31.9122,-2.73475,-8.35677,25.2924,10.0805,0.433143,51.5915,4.27836,-4.78616,57.0002
-5.95245,8.79886,32.0236,-2.81343,-8.31638,25.4971,10.041,0.580176,51.9359,4.25791,-4.83952,57.2871
-5.97629,8.87487,32.2253,-2.86394,-8.32001,25.8093,10.0307,0.690185,52.2352,4.26993,-4.917,57.6261
-6.04349,8.966,32.3866,-2.96444,-8.32332,26.0529,9.98361,0.804426,52.4924,4.23776,-4.97133,57.8819
-6.07479,9.05204,32.5552,-3.04801,-8.32162,26.311,9.9378,0.888484,52.7056,4.21995,-5.03499,58.124
-6.12099,9.141,32.7122,-3.11418,-8.3116,26.533,9.90913,0.973159,52.9145,4.21175,-5.07969,58.3248
-6.18659,9.23027,32.8222,-3.18663,-8.29422,26.6778,9.8767,1.07006,53.1294,4.1887,-5.10184,58.4717
-6.23098,9.31535,32.9234,-3.25204,-8.27836,26.8135,9.84725,1.15824,53.3388,4.17402,-5.13316,58.6229
-6.3047,9.39695,32.9781,-3.3312,-8.25598,26.876,9.81382,1.25191,53.526,4.13908,-5.1242,58.6822
-6.35719,9.47276,33.0409,-3.39792,-8.23968,26.9468,9.79342,1.3359,53.7117,4.11821,-5.12263,58.7546
-6.43204,9.54973,33.0694,-3.47708,-8.22006,26.963,9.76436,1.4258,53.8859,4.08013,-5.10047,58.775
-6.49581,9.62075,33.0888,-3.55162,-8.20105,26.9654,9.74273,1.50866,54.0543,4.04736,-5.075,58.7858
-6.5724,9.69406,33.0836,-3.63237,-8.17717,26.9291,9.71595,1.5921,54.2098,4.00548,-5.03465,58.757
-6.64989,9.7598,33.0529,-3.71156,-8.15425,26.8711,9.69029,1.66235,54.3249,3.9629,-4.98751,58.7021
-6.72928,9.82209,33.0018,-3.7906,-8.12792,26.7934,9.66189,1.72512,54.4204,3.91842,-4.93207,58.6216
-6.81985,9.88024,32.9108,-3.87915,-8.10056,26.6674,9.63054,1.78918,54.5049,3.8634,-4.86701,58.516
-6.90022,9.93833,32.8381,-3.95348,-8.08316,26.567,9.60681,1.84764,54.5894,3.82155,-4.81383,58.433
-6.97408,9.99421,32.7757,-4.01938,-8.07302,26.4816,9.59132,1.90304,54.683,3.78952,-4.77509,58.3922
-7.03339,10.0491,32.74,-4.07264,-8.06712,26.4302,9.57889,1.94915,54.7586,3.76738,-4.7443,58.3529
-7.08813,10.1025,32.7135,-4.11977,-8.06369,26.3888,9.57263,1.98994,54.8262,3.75177,-4.71613,58.3166
-7.13838,10.1558,32.6933,-4.16381,-8.06136,26.3539,9.5669,2.02455,54.885,3.73859,-4.68937,58.2794
-7.08262,10.1718,32.7924,-4.20945,-8.03447,26.4708,9.40781,1.93884,54.5756,3.58783,-4.56967,57.8737
-6.42886,9.97808,33.5468,-4.26979,-7.86162,27.4273,8.37316,1.22651,52.326,2.6457,-3.94346,55.4884
-5.29057,9.53058,34.9724,-4.20004,-7.53336,29.1792,6.60303,0.0251745,48.4687,1.00017,-2.87018,51.4731
-5.36183,9.35365,37.1794,-4.56078,-7.59798,31.3478,5.21574,-0.959074,44.8206,-0.469483,-1.76762,47.7593
-7.55408,10.6678,42.979,-7.69231,-9.13087,36.4766,3.10736,-2.02785,39.9148,-2.67194,-0.57122,42.8979
-10.6094,12.9997,52.0469,-12.2662,-11.8801,44.5933,-0.036597,-3.59396,32.4711,-5.94188,1.15848,35.583
-13.8478,15.9616,65.3628,-17.7113,-15.7061,56.7229,-5.71437,-4.89863,23.3853,-11.5601,2.60235,27.2487
-11.5582,13.9674,62.482,-14.89,-13.84,54.4537,-4.70806,-5.06151,23.9471,-10.3968,2.64075,27.5303
-8.17909,10.4742,55.0601,-10.1644,-10.3209,48.0254,-2.53899,-4.10093,29.1618,-8.01191,1.46482,32.9131
-4.6989,7.57104,47.755,-5.38469,-7.31466,41.6084,0.015148,-3.10172,34.5026,-5.13945,0.329716,38.207
-1.59859,5.2854,41.2091,-1.12906,-4.87769,35.8096,2.26939,-2.46104,38.7256,-2.5638,-0.462036,42.2838
-0.0146266,3.36098,35.8045,2.65147,-3.14557,30.7192,4.62075,-1.76313,42.4364,-0.24428,-0.970347,46.0953
0.97234,1.76799,31.5027,5.68218,-2.01371,26.6172,6.67944,-1.06986,45.7674,1.59781,-1.32309,49.5737
1.73922,0.43266,27.8293,7.4256,-1.33929,23.3173,7.46839,-0.234177,49.295,3.34797,-1.43723,52.8603
2.29293,-0.520605,24.8392,8.15717,-0.8064,20.767,7.91331,0.489323,52.7468,4.95221,-1.67908,55.9564
2.85506,-0.982807,23.2188,8.72917,-0.439502,19.2352,8.22462,0.959036,55.0396,5.52643,-1.96737,58.022
3.26664,-1.24778,22.3529,9.19859,-0.0339205,17.9845,8.31574,1.39175,57.1421,5.66598,-2.27883,59.9911
3.67584,-1.34974,22.2207,9.68041,0.462697,17.0245,8.17975,1.75689,59.2427,5.1158,-2.69593,62.0708
3.90682,-1.14397,22.6156,10.0646,0.349724,16.6482,8.11345,2.01145,60.2124,4.67002,-2.94295,63.0872
-4.3838,6.99898,20.4378,-0.474324,-6.4726,12.7587,9.5861,-0.778414,49.3281,3.24567,-4.19583,54.6173
-8.77329,12.8488,43.136,-6.19174,-13.0618,31.6576,10.1067,-0.091488,49.7955,3.82422,-4.06131,53.334
-6.02912,8.39339,32.4407,-3.67084,-9.06133,25.0372,9.92072,-0.285025,49.6182,3.74994,-4.09728,54.1272
-5.68898,8.0668,30.9628,-2.77769,-8.40163,23.1669,9.94176,-0.254967,49.7457,3.86835,-4.14385,54.564
-5.7254,8.2235,31.1332,-2.67793,-8.46056,23.5314,10.0133,-0.176772,49.9431,4.00984,-4.26186,54.977
-5.80921,8.35916,31.2539,-2.71222,-8.46914,23.9546,10.0282,-0.0617631,50.213,4.0639,-4.33804,55.2823
-5.85187,8.46888,31.3614,-2.71057,-8.42979,24.2789,10.0411,0.043813,50.4964,4.12446,-4.44355,55.6612
-5.86477,8.56422,31.5224,-2.70965,-8.39026,24.6154,10.0511,0.150307,50.8064,4.18716,-4.56924,56.1053
-5.91352,8.65226,31.6956,-2.73645,-8.36604,24.9227,10.0545,0.299089,51.195,4.21767,-4.67175,56.5457
-5.89797,8.71882,31.9122,-2.73475,-8.35677,25.2924,10.0805,0.433143,51.5915,4.27836,-4.78616,57.0002
-5.95245,8.79886,32.0236,-2.81343,-8.31638,25.4971,10.041,0.580176,51.9359,4.25791,-4.83952,57.2871
-5.97629,8.87487,32.2253,-2.86394,-8.32001,25.8093,10.0307,0.690185,52.2352,4.26993,-4.917,57.6261
-6.04349,8.966,32.3866,-2.96444,-8.32332,26.0529,9.98361,0.804426,52.4924,4.23776,-4.97133,57.8819
-6.07479,9.05204,32.5552,-3.04801,-8.32162,26.311,9.9378,0.888484,52.7056,4.21995,-5.03499,58.124
-6.12099,9.141,32.7122,-3.11418,-8.3116,26.533,9.90913,0.973159,52.9145,4.21175,-5.07969,58.3248
-6.18659,9.23027,32.8222,-3.18663,-8.29422,26.6778,9.8767,1.07006,53.1294,4.1887,-5.10184,58.4717
-6.23098,9.31535,32.9234,-3.25204,-8.27836,26.8135,9.84725,1.15824,53.3388,4.17402,-5.13316,58.6229
-6.3047,9.39695,32.9781,-3.3312,-8.25598,26.876,9.81382,1.25191,53.526,4.13908,-5.1242,58.6822
-6.35719,9.47276,33.0409,-3.39792,-8.23968,26.9468,9.79342,1.3359,53.7117,4.11821,-5.12263,58.7546
-6.43204,9.54973,33.0694,-3.47708,-8.22006,26.963,9.76436,1.4258,53.8859,4.08013,-5.10047,58.775
-6.49581,9.62075,33.0888,-3.55162,-8.20105,26.9654,9.74273,1.50866,54.0543,4.04736,-5.075,58.7858
-6.5724,9.69406,33.0836,-3.63237,-8.17717,26.9291,9.71595,1.5921,54.2098,4.00548,-5.03465,58.757
-6.64989,9.7598,33.0529,-3.71156,-8.15425,26.8711,9.69029,1.66235,54.3249,3.9629,-4.98751,58.7021
-6.72928,9.82209,33.0018,-3.7906,-8.12792,26.7934,9.66189,1.72512,54.4204,3.91842,-4.93207,58.6216
-6.81985,9.88024,32.9108,-3.87915,-8.10056,26.6674,9.63054,1.78918,54.5049,3.8634,-4.86701,58.516
-6.90022,9.93833,32.8381,-3.95348,-8.08316,26.567,9.60681,1.84764,54.5894,3.82155,-4.81383,58.433
-6.97408,9.99421,32.7757,-4.01938,-8.07302,26.4816,9.59132,1.90304,54.683,3.78952,-4.77509,58.3922
-7.03339,10.0491,32.74,-4.07264,-8.06712,26.4302,9.57889,1.94915,54.7586,3.76738,-4.7443,58.3529
-7.08813,10.1025,32.7135,-4.11977,-8.06369,26.3888,9.57263,1.98994,54.8262,3.75177,-4.71613,58.3166
-7.13838,10.1558,32.6933,-4.16381,-8.06136,26.3539,9.5669,2.02455,54.885,3.73859,-4.68937,58.2794
-7.08262,10.1718,32.7924,-4.20945,-8.03447,26.4708,9.40781,1.93884,54.5756,3.58783,-4.56967,57.8737
-6.42886,9.97808,33.5468,-4.26979,-7.86162,27.4273,8.37316,1.22651,52.326,2.6457,-3.94346,55.4884
-5.29057,9.53058,34.9724,-4.20004,-7.53336,29.1792,6.60303,0.0251745,48.4687,1.00017,-2.87018,51.4731
-5.36183,9.35365,37.1794,-4.56078,-7.59798,31.3478,5.21574,-0.959074,44.8206,-0.469483,-1.76762,47.7593
-7.55408,10.6678,42.979,-7.69231,-9.13087,36.4766,3.10736,-2.02785,39.9148,-2.67194,-0.57122,42.8979
-10.6094,12.9997,52.0469,-12.2662,-11.8801,44.5933,-0.036597,-3.59396,32.4711,-5.94188,1.15848,35.583
-13.8478,15.9616,65.3628,-17.7113,-15.7061,56.7229,-5.71437,-4.89863,23.3853,-11.5601,2.60235,27.2487
-11.5582,13.9674,62.482,-14.89,-13.84,54.4537,-4.70806,-5.06151,23.9471,-10.3968,2.64075,27.5303
-8.17909,10.4742,55.0601,-10.1644,-10.3209,48.0254,-2.53899,-4.10093,29.1618,-8.01191,1.46482,32.9131
-4.6989,7.57104,47.755,-5.38469,-7.31466,41.6084,0.015148,-3.10172,34.5026,-5.13945,0.329716,38.207
-1.59859,5.2854,41.2091,-1.12906,-4.87769,35.8096,2.26939,-2.46104,38.7256,-2.5638,-0.462036,42.2838
-0.0146266,3.36098,35.8045,2.65147,-3.14557,30.7192,4.62075,-1.76313,42.4364,-0.24428,-0.970347,46.0953
0.97234,1.76799,31.5027,5.68218,-2.01371,26.6172,6.67944,-1.06986,45.7674,1.59781,-1.32309,49.5737
1.73922,0.43266,27.8293,7.4256,-1.33929,23.3173,7.46839,-0.234177,49.295,3.34797,-1.43723,52.8603
2.29293,-0.520605,24.8392,8.15717,-0.8064,20.767,7.91331,0.489323,52.7468,4.95221,-1.67908,55.9564
2.85506,-0.982807,23.2188,8.72917,-0.439502,19.2352,8.22462,0.959036,55.0396,5.52643,-1.96737,58.022
3.26664,-1.24778,22.3529,9.19859,-0.0339204,17.9845,8.31574,1.39175,57.1421,5.66598,-2.27883,59.9911
3.67584,-1.34974,22.2207,9.68041,0.462697,17.0245,8.17975,1.75689,59.2427,5.1158,-2.69593,62.0708
3.90682,-1.14397,22.6156,10.0646,0.349724,16.6482,8.11345,2.01145,60.2124,4.67002,-2.94295,63.0872
-4.3838,6.99898,20.4378,-0.474324,-6.4726,12.7587,9.5861,-0.778414,49.3281,3.24567,-4.19583,54.6173
-8.77329,12.8488,43.136,-6.19174,-13.0618,31.6576,10.1067,-0.091488,49.7955,3.82422,-4.06131,53.334
-6.02912,8.39339,32.4407,-3.67084,-9.06133,25.0372,9.92072,-0.285025,49.6182,3.74994,-4.09728,54.1272
-5.68898,8.0668,30.9628,-2.77769,-8.40163,23.1669,9.94176,-0.254967,49.7457,3.86835,-4.14385,54.564
-5.7254,8.2235,31.1332,-2.67793,-8.46056,23.5314,10.0133,-0.176772,49.9431,4.00984,-4.26186,54.977
-5.80921,8.35916,31.2539,-2.71222,-8.46914,23.9546,10.0282,-0.0617631,50.213,4.0639,-4.33804,55.2823
-5.85187,8.46888,31.3614,-2.71057,-8.42979,24.2789,10.0411,0.043813,50.4964,4.12446,-4.44355,55.6612
-5.86477,8.56422,31.5224,-2.70965,-8.39026,24.6154,10.0511,0.150307,50.8064,4.18716,-4.56924,56.1053
-5.91352,8.65226,31.6956,-2.73645,-8.36604,24.9227,10.0545,0.299089,51.195,4.21767,-4.67175,56.5457
-5.89797,8.71882,31.9122,-2.73475,-8.35677,25.2924,10.0805,0.433143,51.5915,4.27836,-4.78616,57.0002
-5.95245,8.79886,32.0236,-2.81343,-8.31638,25.4971,10.041,0.580176,51.9359,4.25791,-4.83952,57.2871
-5.97629,8.87487,32.2253,-2.86394,-8.32001,25.8093,10.0307,0.690185,52.2352,4.26993,-4.917,57.6261
-6.04349,8.966,32.3866,-2.96444,-8.32332,26.0529,9.98361,0.804426,52.4924,4.23776,-4.97133,57.8819
-6.07479,9.05204,32.5552,-3.04801,-8.32162,26.311,9.9378,0.888484,52.7056,4.21995,-5.03499,58.124
-6.12099,9.141,32.7122,-3.11418,-8.3116,26.533,9.90913,0.973159,52.9145,4.21175,-5.07969,58.3248
-6.18659,9.23027,32.8222,-3.18663,-8.29422,26.6778,9.8767,1.07006,53.1294,4.1887,-5.10184,58.4717
-6.23098,9.31535,32.9234,-3.25204,-8.27836,26.8135,9.84725,1.15824,53.3388,4.17402,-5.13316,58.6229
-6.3047,9.39695,32.9781,-3.3312,-8.25598,26.876,9.81382,1.25191,53.526,4.13908,-5.1242,58.6822
-6.35719,9.47276,33.0409,-3.39792,-8.23968,26.9468,9.79342,1.3359,53.7117,4.11821,-5.12263,58.7546
-6.43204,9.54973,33.0694,-3.47708,-8.22006,26.963,9.76436,1.4258,53.8859,4.08013,-5.10047,58.775
-6.49581,9.62075,33.0888,-3.55162,-8.20105,26.9654,9.74273,1.50866,54.0543,4.04736,-5.075,58.7858
-6.5724,9.69406,33.0836,-3.63237,-8.17717,26.9291,9.71595,1.5921,54.2098,4.00548,-5.03465,58.757
-6.64989,9.7598,33.0529,-3.71156,-8.15425,26.8711,9.69029,1.66235,54.3249,3.9629,-4.98751,58.7021
-6.72928,9.82209,33.0018,-3.7906,-8.12792,26.7934,9.66189,1.72512,54.4204,3.91842,-4.93207,58.6216
-6.81985,9.88024,32.9108,-3.87915,-8.10056,26.6674,9.63054,1.78918,54.5049,3.8634,-4.86701,58.516
-6.90022,9.93833,32.8381,-3.95348,-8.08316,26.567,9.60681,1.84764,54.5894,3.82155,-4.81383,58.433
-6.97408,9.99421,32.7757,-4.01938,-8.07302,26.4816,9.59132,1.90304,54.683,3.78952,-4.77509,58.3922
-7.03339,10.0491,32.74,-4.07264,-8.06712,26.4302,9.57889,1.94915,54.7586,3.76738,-4.7443,58.3529
-7.08813,10.1025,32.7135,-4.11977,-8.06369,26.3888,9.57263,1.98994,54.8262,3.75177,-4.71613,58.3166
-7.13838,10.1558,32.6933,-4.16381,-8.06136,26.3539,9.5669,2.02455,54.885,3.73859,-4.68937,58.2794
-7.08262,10.1718,32.7924,-4.20945,-8.03447,26.4708,9.40781,1.93884,54.5756,3.58783,-4.56967,57.8737
-6.42886,9.97808,33.5468,-4.26979,-7.86162,27.4273,8.37316,1.22651,52.326,2.6457,-3.94346,55.4884
-5.29057,9.53058,34.9724,-4.20004,-7.53336,29.1792,6.60303,0.0251745,48.4687,1.00017,-2.87018,51.4731
-5.36183,9.35365,37.1794,-4.56078,-7.59798,31.3478,5.21574,-0.959074,44.8206,-0.469483,-1.76762,47.7593
-7.55408,10.6678,42.979,-7.69231,-9.13087,36.4766,3.10736,-2.02785,39.9148,-2.67194,-0.57122,42.8979
-10.6094,12.9997,52.0469,-12.2662,-11.8801,44.5933,-0.036597,-3.59396,32.4711,-5.94188,1.15848,35.583
-13.8478,15.9616,65.3628,-17.7113,-15.7061,56.7229,-5.71437,-4.89863,23.3853,-11.5601,2.60235,27.2487
-11.5582,13.9674,62.482,-14.89,-13.84,54.4537,-4.70806,-5.06151,23.9471,-10.3968,2.64075,27.5303
-8.17909,10.4742,55.0601,-10.1644,-10.3209,48.0254,-2.53899,-4.10093,29.1618,-8.01191,1.46482,32.9131
-4.6989,7.57104,47.755,-5.38469,-7.31466,41.6084,0.015148,-3.10172,34.5026,-5.13945,0.329716,38.207
-1.59859,5.2854,41.2091,-1.12906,-4.87769,35.8096,2.26939,-2.46104,38.7256,-2.5638,-0.462036,42.2838
-0.0146266,3.36098,35.8045,2.65147,-3.14557,30.7192,4.62075,-1.76313,42.4364,-0.24428,-0.970347,46.0953
0.97234,1.76799,31.5027,5.68218,-2.01371,26.6172,6.67944,-1.06986,45.7674,1.59781,-1.32309,49.5737
1.73922,0.43266,27.8293,7.4256,-1.33929,23.3173,7.46839,-0.234177,49.295,3.34797,-1.43723,52.8603
2.29293,-0.520605,24.8392,8.15717,-0.8064,20.767,7.91331,0.489323,52.7468,4.95221,-1.67908,55.9564
2.85506,-0.982807,23.2188,8.72917,-0.439502,19.2352,8.22462,0.959036,55.0396,5.52643,-1.96737,58.022
3.26664,-1.24778,22.3529,9.19859,-0.0339204,17.9845,8.31574,1.39175,57.1421,5.66598,-2.27883,59.9911
3.67584,-1.34974,22.2207,9.68041,0.462697,17.0245,8.17975,1.75689,59.2427,5.1158,-2.69593,62.0708
3.90682,-1.14397,22.6156,10.0646,0.349724,16.6482,8.11345,2.01145,60.2124,4.67002,-2.94295,63.0872
-4.3838,6.99898,20.4378,-0.474324,-6.4726,12.7587,9.5861,-0.778414,49.3281,3.24567,-4.19583,54.6173
-8.77329,12.8488,43.136,-6.19174,-13.0618,31.6576,10.1067,-0.091488,49.7955,3.82422,-4.06131,53.334
-6.02912,8.39339,32.4407,-3.67084,-9.06133,25.0372,9.92072,-0.285025,49.6182,3.74994,-4.09728,54.1272
-5.68898,8.0668,30.9628,-2.77769,-8.40163,23.1669,9.94176,-0.254967,49.7457,3.86835,-4.14385,54.564
-5.7254,8.2235,31.1332,-2.67793,-8.46056,23.5314,10.0133,-0.176772,49.9431,4.00984,-4.26186,54.977
-5.80921,8.35916,31.2539,-2.71222,-8.46914,23.9546,10.0282,-0.0617631,50.213,4.0639,-4.33804,55.2823
-5.85187,8.46888,31.3614,-2.71057,-8.42979,24.2789,10.0411,0.043813,50.4964,4.12446,-4.44355,55.6612
-5.86477,8.56422,31.5224,-2.70965,-8.39026,24.6154,10.0511,0.150307,50.8064,4.18716,-4.56924,56.1053
-5.91352,8.65226,31.6956,-2.73645,-8.36604,24.9227,10.0545,0.299089,51.195,4.21767,-4.67175,56.5457
-5.89797,8.71882,31.9122,-2.73475,-8.35677,25.2924,10.0805,0.433143,51.5915,4.27836,-4.78616,57.0002
-5.95245,8.79886,32.0236,-2.81343,-8.31638,25.4971,10.041,0.580176,51.9359,4.25791,-4.83952,57.2871
-5.97629,8.87487,32.2253,-2.86394,-8.32001,25.8093,10.0307,0.690185,52.2352,4.26993,-4.917,57.6261
-6.04349,8.966,32.3866,-2.96444,-8.32332,26.0529,9.98361,0.804426,52.4924,4.23776,-4.97133,57.8819
-6.07479,9.05204,32.5552,-3.04801,-8.32162,26.311,9.9378,0.888484,52.7056,4.21995,-5.03499,58.124
-6.12099,9.141,32.7122,-3.11418,-8.3116,26.533,9.90913,0.973159,52.9145,4.21175,-5.07969,58.3248
-6.18659,9.23027,32.8222,-3.18663,-8.29422,26.6778,9.8767,1.07006,53.1294,4.1887,-5.10184,58.4717
-6.23098,9.31535,32.9234,-3.25204,-8.27836,26.8135,9.84725,1.15824,53.3388,4.17402,-5.13316,58.6229
-6.3047,9.39695,32.9781,-3.3312,-8.25598,26.876,9.81382,1.25191,53.526,4.13908,-5.1242,58.6822
-6.35719,9.47276,33.0409,-3.39792,-8.23968,26.9468,9.79342,1.3359,53.7117,4.11821,-5.12263,58.7546
-6.43204,9.54973,33.0694,-3.47708,-8.22006,26.963,9.76436,1.4258,53.8859,4.08013,-5.10047,58.775
-6.49581,9.62075,33.0888,-3.55162,-8.20105,26.9654,9.74273,1.50866,54.0543,4.04736,-5.075,58.7858
-6.5724,9.69406,33.0836,-3.63237,-8.17717,26.9291,9.71595,1.5921,54.2098,4.00548,-5.03465,58.757
-6.64989,9.7598,33.0529,-3.71156,-8.15425,26.8711,9.69029,1.66235,54.3249,3.9629,-4.98751,58.7021
-6.72928,9.82209,33.0018,-3.7906,-8.12792,26.7934,9.66189,1.72512,54.4204,3.91842,-4.93207,58.6216
-6.81985,9.88024,32.9108,-3.87915,-8.10056,26.6674,9.63054,1.78918,54.5049,3.8634,-4.86701,58.516
-6.90022,9.93833,32.8381,-3.95348,-8.08316,26.567,9.60681,1.84764,54.5894,3.82155,-4.81383,58.433
-6.97408,9.99421,32.7757,-4.01938,-8.07302,26.4816,9.59132,1.90304,54.683,3.78952,-4.77509,58.3922
-7.03339,10.0491,32.74,-4.07264,-8.06712,26.4302,9.57889,1.94915,54.7586,3.76738,-4.7443,58.3529
-7.08813,10.1025,32.7135,-4.11977,-8.06369,26.3888,9.57263,1.98994,54.8262,3.75177,-4.71613,58.3166
-7.13838,10.1558,32.6933,-4.16381,-8.06136,26.3539,9.5669,2.02455,54.885,3.73859,-4.68937,58.2794
-7.08262,10.1718,32.7924,-4.20945,-8.03447,26.4708,9.40781,1.93884,54.5756,3.58783,-4.56967,57.8737
-6.42886,9.97808,33.5468,-4.26979,-7.86162,27.4273,8.37316,1.22651,52.326,2.6457,-3.94346,55.4884
-5.29057,9.53058,34.9724,-4.20004,-7.53336,29.1792,6.60303,0.0251745,48.4687,1.00017,-2.87018,51.4731
-5.36183,9.35365,37.1794,-4.56078,-7.59798,31.3478,5.21574,-0.959074,44.8206,-0.469483,-1.76762,47.7593
-7.55408,10.6678,42.979,-7.69231,-9.13087,36.4766,3.10736,-2.02785,39.9148,-2.67194,-0.57122,42.8979
-10.6094,12.9997,52.0469,-12.2662,-11.8801,44.5933,-0.036597,-3.59396,32.4711,-5.94188,1.15848,35.583
-13.8478,15.9616,65.3628,-17.7113,-15.7061,56.7229,-5.71437,-4.89863,23.3853,-11.5601,2.60235,27.2487
-11.5582,13.9674,62.482,-14.89,-13.84,54.4537,-4.70806,-5.06151,23.9471,-10.3968,2.64075,27.5303
-8.17909,10.4742,55.0601,-10.1644,-10.3209,48.0254,-2.53899,-4.10093,29.1618,-8.01191,1.46482,32.9131
-4.6989,7.57104,47.755,-5.38469,-7.31466,41.6084,0.015148,-3.10172,34.5026,-5.13945,0.329716,38.207
-1.59859,5.2854,41.2091,-1.12906,-4.87769,35.8096,2.26939,-2.46104,38.7256,-2.5638,-0.462036,42.2838
-0.0146266,3.36098,35.8045,2.65147,-3.14557,30.7192,4.62075,-1.76313,42.4364,-0.24428,-0.970347,46.0953
0.97234,1.76799,31.5027,5.68218,-2.01371,26.6172,6.67944,-1.06986,45.7674,1.59781,-1.32309,49.5737
1.73922,0.43266,27.8293,7.4256,-1.33929,23.3173,7.46839,-0.234177,49.295,3.34797,-1.43723,52.8603
2.29293,-0.520605,24.8392,8.15717,-0.8064,20.767,7.91331,0.489323,52.7468,4.95221,-1.67908,55.9564
2.85506,-0.982807,23.2188,8.72917,-0.439502,19.2352,8.22462,0.959036,55.0396,5.52643,-1.96737,58.022
3.26664,-1.24778,22.3529,9.19859,-0.0339204,17.9845,8.31574,1.39175,57.1421,5.66598,-2.27883,59.9911
3.67584,-1.34974,22.2207,9.68041,0.462697,17.0245,8.17975,1.75689,59.2427,5.1158,-2.69593,62.0708
3.90682,-1.14397,22.6156,10.0646,0.349724,16.6482,8.11345,2.01145,60.2124,4.67002,-2.94295,63.0872
-4.3838,6.99898,20.4378,-0.474324,-6.4726,12.7587,9.5861,-0.778414,49.3281,3.24567,-4.19583,54.6173
-8.77329,12.8488,43.136,-6.19174,-13.0618,31.6576,10.1067,-0.091488,49.7955,3.82422,-4.06131,53.334
-6.02912,8.39339,32.4407,-3.67084,-9.06133,25.0372,9.92072,-0.285025,49.6182,3.74994,-4.09728,54.1272
-5.68898,8.0668,30.9628,-2.77769,-8.40163,23.1669,9.94176,-0.254967,49.7457,3.86835,-4.14385,54.564
-5.7254,8.2235,31.1332,-2.67793,-8.46056,23.5314,10.0133,-0.176772,49.9431,4.00984,-4.26186,54.977
-5.80921,8.35916,31.2539,-2.71222,-8.46914,23.9546,10.0282,-0.0617631,50.213,4.0639,-4.33804,55.2823
-5.85187,8.46888,31.3614,-2.71057,-8.42979,24.2789,10.0411,0.043813,50.4964,4.12446,-4.44355,55.6612
-5.86477,8.56422,31.5224,-2.70965,-8.39026,24.6154,10.0511,0.150307,50.8064,4.18716,-4.56924,56.1053
-5.91352,8.65226,31.6956,-2.73645,-8.36604,24.9227,10.0545,0.299089,51.195,4.21767,-4.67175,56.5457
-5.89797,8.71882,31.9122,-2.73475,-8.35677,25.2924,10.0805,0.433143,51.5915,4.27836,-4.78616,57.0002
-5.95245,8.79886,32.0236,-2.81343,-8.31638,25.4971,10.041,0.580176,51.9359,4.25791,-4.83952,57.2871
-5.97629,8.87487,32.2253,-2.86394,-8.32001,25.8093,10.0307,0.690185,52.2352,4.26993,-4.917,57.6261
-6.04349,8.966,32.3866,-2.96444,-8.32332,26.0529,9.98361,0.804426,52.4924,4.23776,-4.97133,57.8819
-6.07479,9.05204,32.5552,-3.04801,-8.32162,26.311,9.9378,0.888484,52.7056,4.21995,-5.03499,58.124
-6.12099,9.141,32.7122,-3.11418,-8.3116,26.533,9.90913,0.973159,52.9145,4.21175,-5.07969,58.3248
-6.18659,9.23027,32.8222,-3.18663,-8.29422,26.6778,9.8767,1.07006,53.1294,4.1887,-5.10184,58.4717
-6.23098,9.31535,32.9234,-3.25204,-8.27836,26.8135,9.84725,1.15824,53.3388,4.17402,-5.13316,58.6229
-6.3047,9.39695,32.9781,-3.3312,-8.25598,26.876,9.81382,1.25191,53.526,4.13908,-5.1242,58.6822
-6.35719,9.47276,33.0409,-3.39792,-8.23968,26.9468,9.79342,1.3359,53.7117,4.11821,-5.12263,58.7546
-6.43204,9.54973,33.0694,-3.47708,-8.22006,26.963,9.76436,1.4258,53.8859,4.08013,-5.10047,58.775
-6.49581,9.62075,33.0888,-3.55162,-8.20105,26.9654,9.74273,1.50866,54.0543,4.04736,-5.075,58.7858
-6.5724,9.69406,33.0836,-3.63237,-8.17717,26.9291,9.71595,1.5921,54.2098,4.00548,-5.03465,58.757
-6.64989,9.7598,33.0529,-3.71156,-8.15425,26.8711,9.69029,1.66235,54.3249,3.9629,-4.98751,58.7021
-6.72928,9.82209,33.0018,-3.7906,-8.12792,26.7934,9.66189,1.72512,54.4204,3.91842,-4.93207,58.6216
-6.81985,9.88024,32.9108,-3.87915,-8.10056,26.6674,9.63054,1.78918,54.5049,3.8634,-4.86701,58.516
-6.90022,9.93833,32.8381,-3.95348,-8.08316,26.567,9.60681,1.84764,54.5894,3.82155,-4.81383,58.433
-6.97408,9.99421,32.7757,-4.01938,-8.07302,26.4816,9.59132,1.90304,54.683,3.78952,-4.77509,58.3922
-7.03339,10.0491,32.74,-4.07264,-8.06712,26.4302,9.57889,1.94915,54.7586,3.76738,-4.7443,58.3529
-7.08813,10.1025,32.7135,-4.11977,-8.06369,26.3888,9.57263,1.98994,54.8262,3.75177,-4.71613,58.3166
-7.13838,10.1558,32.6933,-4.16381,-8.06136,26.3539,9.5669,2.02455,54.885,3.73859,-4.68937,58.2794
-7.08262,10.1718,32.7924,-4.20945,-8.03447,26.4708,9.40781,1.93884,54.5756,3.58783,-4.56967,57.8737
-6.42886,9.97808,33.5468,-4.26979,-7.86162,27.4273,8.37316,1.22651,52.326,2.6457,-3.94346,55.4884
-5.29057,9.53058,34.9724,-4.20004,-7.53336,29.1792,6.60303,0.0251745,48.4687,1.00017,-2.87018,51.4731
-5.36183,9.35365,37.1794,-4.56078,-7.59798,31.3478,5.21574,-0.959074,44.8206,-0.469483,-1.76762,47.7593
-7.55408,10.6678,42.979,-7.69231,-9.13087,36.4766,3.10736,-2.02785,39.9148,-2.67194,-0.57122,42.8979
-10.6094,12.9997,52.0469,-12.2662,-11.8801,44.5933,-0.036597,-3.59396,32.4711,-5.94188,1.15848,35.583
-13.8478,15.9616,65.3628,-17.7113,-15.7061,56.7229,-5.71437,-4.89863,23.3853,-11.5601,2.60235,27.2487
-11.5582,13.9674,62.482,-14.89,-13.84,54.4537,-4.70806,-5.06151,23.9471,-10.3968,2.64075,27.5303
-8.17909,10.4742,55.0601,-10.1644,-10.3209,48.0254,-2.53899,-4.10093,29.1618,-8.01191,1.46482,32.9131
-4.6989,7.57104,47.755,-5.38469,-7.31466,41.6084,0.015148,-3.10172,34.5026,-5.13945,0.329716,38.207
-1.59859,5.2854,41.2091,-1.12906,-4.87769,35.8096,2.26939,-2.46104,38.7256,-2.5638,-0.462036,42.2838
-0.0146266,3.36098,35.8045,2.65147,-3.14557,30.7192,4.62075,-1.76313,42.4364,-0.24428,-0.970347,46.0953
0.97234,1.76799,31.5027,5.68218,-2.01371,26.6172,6.67944,-1.06986,45.7674,1.59781,-1.32309,49.5737
1.73922,0.43266,27.8293,7.4256,-1.33929,23.3173,7.46839,-0.234177,49.295,3.34797,-1.43723,52.8603
2.29293,-0.520605,24.8392,8.15717,-0.8064,20.767,7.91331,0.489323,52.7468,4.95221,-1.67908,55.9564
2.85506,-0.982807,23.2188,8.72917,-0.439502,19.2352,8.22462,0.959036,55.0396,5.52643,-1.96737,58.022
3.26664,-1.24778,22.3529,9.19859,-0.0339204,17.9845,8.31574,1.39175,57.1421,5.66598,-2.27883,59.9911
3.67584,-1.34974,22.2207,9.68041,0.462697,17.0245,8.17975,1.75689,59.2427,5.1158,-2.69593,62.0708
3.90682,-1.14397,22.6156,10.0646,0.349724,16.6482,8.11345,2.01145,60.2124,4.67002,-2.94295,63.0872
-4.3838,6.99898,20.4378,-0.474324,-6.4726,12.7587,9.5861,-0.778414,49.3281,3.24567,-4.19583,54.6173
-8.77329,12.8488,43.136,-6.19174,-13.0618,31.6576,10.1067,-0.091488,49.7955,3.82422,-4.06131,53.334
-6.02912,8.39339,32.4407,-3.67084,-9.06133,25.0372,9.92072,-0.285025,49.6182,3.74994,-4.09728,54.1272
-5.68898,8.0668,30.9628,-2.77769,-8.40163,23.1669,9.94176,-0.254967,49.7457,3.86835,-4.14385,54.564
-5.7254,8.2235,31.1332,-2.67793,-8.46056,23.5314,10.0133,-0.176772,49.9431,4.00984,-4.26186,54.977
-5.80921,8.35916,31.2539,-2.71222,-8.46914,23.9546,10.0282,-0.0617631,50.213,4.0639,-4.33804,55.2823
-5.85187,8.46888,31.3614,-2.71057,-8.42979,24.2789,10.0411,0.043813,50.4964,4.12446,-4.44355,55.6612
-5.86477,8.56422,31.5224,-2.70965,-8.39026,24.6154,10.0511,0.150307,50.8064,4.18716,-4.56924,56.1053
-5.91352,8.65226,31.6956,-2.73645,-8.36604,24.9227,10.0545,0.299089,51.195,4.21767,-4.67175,56.5457
-5.89797,8.71882,31.9122,-2.73475,-8.35677,25.2924,10.0805,0.433143,51.5915,4.27836,-4.78616,57.0002
-5.95245,8.79886,32.0236,-2.81343,-8.31638,25.4971,10.041,0.580176,51.9359,4.25791,-4.83952,57.2871
-5.97629,8.87487,32.2253,-2.86394,-8.32001,25.8093,10.0307,0.690185,52.2352,4.26993,-4.917,57.6261
-6.04349,8.966,32.3866,-2.96444,-8.32332,26.0529,9.98361,0.804426,52.4924,4.23776,-4.97133,57.8819
-6.07479,9.05204,32.5552,-3.04801,-8.32162,26.311,9.9378,0.888484,52.7056,4.21995,-5.03499,58.124
-6.12099,9.141,32.7122,-3.11418,-8.3116,26.533,9.90913,0.973159,52.9145,4.21175,-5.07969,58.3248
-6.18659,9.23027,32.8222,-3.18663,-8.29422,26.6778,9.8767,1.07006,53.1294,4.1887,-5.10184,58.4717
-6.23098,9.31535,32.9234,-3.25204,-8.27836,26.8135,9.84725,1.15824,53.3388,4.17402,-5.13316,58.6229
-6.3047,9.39695,32.9781,-3.3312,-8.25598,26.876,9.81382,1.25191,53.526,4.13908,-5.1242,58.6822
-6.35719,9.47276,33.0409,-3.39792,-8.23968,26.9468,9.79342,1.3359,53.7117,4.11821,-5.12263,58.7546
-6.43204,9.54973,33.0694,-3.47708,-8.22006,26.963,9.76436,1.4258,53.8859,4.08013,-5.10047,58.775
-6.49581,9.62075,33.0888,-3.55162,-8.20105,26.9654,9.74273,1.50866,54.0543,4.04736,-5.075,58.7858
-6.5724,9.69406,33.0836,-3.63237,-8.17717,26.9291,9.71595,1.5921,54.2098,4.00548,-5.03465,58.757
-6.64989,9.7598,33.0529,-3.71156,-8.15425,26.8711,9.69029,1.66235,54.3249,3.9629,-4.98751,58.7021
-6.72929,9.82209,33.0018,-3.7906,-8.12792,26.7934,9.66189,1.72512,54.4204,3.91842,-4.93207,58.6216
-6.81985,9.88024,32.9108,-3.87915,-8.10056,26.6674,9.63054,1.78918,54.5049,3.8634,-4.86701,58.516
-6.90022,9.93833,32.8381,-3.95348,-8.08316,26.567,9.60681,1.84764,54.5894,3.82155,-4.81383,58.433
-6.97408,9.99421,32.7757,-4.01938,-8.07302,26.4816,9.59132,1.90304,54.683,3.78952,-4.77509,58.3922
-7.03339,10.0491,32.74,-4.07264,-8.06712,26.4302,9.57889,1.94915,54.7586,3.76738,-4.7443,58.3529
-7.08813,10.1025,32.7135,-4.11977,-8.06369,26.3888,9.57263,1.98994,54.8262,3.75177,-4.71613,58.3166
-7.13838,10.1558,32.6933,-4.16381,-8.06136,26.3539,9.5669,2.02455,54.885,3.73859,-4.68937,58.2794
-7.08262,10.1718,32.7924,-4.20945,-8.03447,26.4708,9.40781,1.93884,54.5756,3.58783,-4.56967,57.8737
-6.42886,9.97808,33.5468,-4.26979,-7.86162,27.4273,8.37316,1.22651,52.326,2.6457,-3.94346,55.4884
-5.29057,9.53058,34.9724,-4.20004,-7.53336,29.1792,6.60303,0.0251745,48.4687,1.00017,-2.87018,51.4731
-5.36183,9.35365,37.1794,-4.56078,-7.59798,31.3478,5.21574,-0.959074,44.8206,-0.469483,-1.76762,47.7593
-7.55408,10.6678,42.979,-7.69231,-9.13087,36.4766,3.10736,-2.02785,39.9148,-2.67194,-0.57122,42.8979
-10.6094,12.9997,52.0469,-12.2662,-11.8801,44.5933,-0.036597,-3.59396,32.4711,-5.94188,1.15848,35.583
-13.8478,15.9616,65.3628,-17.7113,-15.7061,56.7229,-5.71437,-4.89863,23.3853,-11.5601,2.60235,27.2487
-11.5582,13.9674,62.482,-14.89,-13.84,54.4537,-4.70806,-5.06151,23.9471,-10.3968,2.64075,27.5303
-8.17909,10.4742,55.0601,-10.1644,-10.3209,48.0254,-2.53899,-4.10093,29.1618,-8.01191,1.46482,32.9131
-4.6989,7.57104,47.755,-5.38469,-7.31466,41.6084,0.015148,-3.10172,34.5026,-5.13945,0.329716,38.207
-1.59859,5.2854,41.2091,-1.12906,-4.87769,35.8096,2.26939,-2.46104,38.7256,-2.5638,-0.462036,42.2838
-0.0146266,3.36098,35.8045,2.65147,-3.14557,30.7192,4.62075,-1.76313,42.4364,-0.24428,-0.970347,46.0953
0.97234,1.76799,31.5027,5.68218,-2.01371,26.6172,6.67944,-1.06986,45.7674,1.59781,-1.32309,49.5737
1.73922,0.43266,27.8293,7.4256,-1.33929,23.3173,7.46839,-0.234177,49.295,3.34797,-1.43723,52.8603
2.29293,-0.520605,24.8392,8.15717,-0.8064,20.767,7.91331,0.489323,52.7468,4.95221,-1.67908,55.9564
2.85506,-0.982807,23.2188,8.72917,-0.439502,19.2352,8.22462,0.959036,55.0396,5.52643,-1.96737,58.022
3.26664,-1.24778,22.3529,9.19859,-0.0339204,17.9845,8.31574,1.39175,57.1421,5.66598,-2.27883,59.9911
3.67584,-1.34974,22.2207,9.68041,0.462697,17.0245,8.17975,1.75689,59.2427,5.1158,-2.69593,62.0708
3.90682,-1.14397,22.6156,10.0646,0.349724,16.6482,8.11345,2.01145,60.2124,4.67002,-2.94295,63.0872
-4.3838,6.99898,20.4378,-0.474324,-6.4726,12.7587,9.5861,-0.778414,49.3281,3.24567,-4.19583,54.6173
-8.77329,12.8488,43.136,-6.19174,-13.0618,31.6576,10.1067,-0.091488,49.7955,3.82422,-4.06131,53.334
-6.02912,8.39339,32.4407,-3.67084,-9.06133,25.0372,9.92072,-0.285025,49.6182,3.74994,-4.09728,54.1272
-5.68898,8.0668,30.9628,-2.77769,-8.40163,23.1669,9.94176,-0.254967,49.7457,3.86835,-4.14385,54.564
-5.7254,8.2235,31.1332,-2.67793,-8.46056,23.5314,10.0133,-0.176772,49.9431,4.00984,-4.26186,54.977
-5.80921,8.35916,31.2539,-2.71222,-8.46914,23.9546,10.0282,-0.0617631,50.213,4.0639,-4.33804,55.2823
-5.85187,8.46888,31.3614,-2.71057,-8.42979,24.2789,10.0411,0.043813,50.4964,4.12446,-4.44355,55.6612
-5.86477,8.56422,31.5224,-2.70965,-8.39026,24.6154,10.0511,0.150307,50.8064,4.18716,-4.56924,56.1053
-5.91352,8.65226,31.6956,-2.73645,-8.36604,24.9227,10.0545,0.299089,51.195,4.21767,-4.67175,56.5457
-5.89797,8.71882,31.9122,-2.73475,-8.35677,25.2924,10.0805,0.433143,51.5915,4.27836,-4.78616,57.0002
-5.95245,8.79886,32.0236,-2.81343,-8.31638,25.4971,10.041,0.580176,51.9359,4.25791,-4.83952,57.2871
-5.97629,8.87487,32.2253,-2.86394,-8.32001,25.8093,10.0307,0.690185,52.2352,4.26993,-4.917,57.6261
-6.04349,8.966,32.3866,-2.96444,-8.32332,26.0529,9.98361,0.804426,52.4924,4.23776,-4.97133,57.8819
-6.07479,9.05204,32.5552,-3.04801,-8.32162,26.311,9.9378,0.888484,52.7056,4.21995,-5.03499,58.124
-6.12099,9.141,32.7122,-3.11418,-8.3116,26.533,9.90913,0.973159,52.9145,4.21175,-5.07969,58.3248
-6.18659,9.23027,32.8222,-3.18663,-8.29422,26.6778,9.8767,1.07006,53.1294,4.1887,-5.10184,58.4717
-6.23098,9.31535,32.9234,-3.25204,-8.27836,26.8135,9.84725,1.15824,53.3388,4.17402,-5.13316,58.6229
-6.3047,9.39695,32.9781,-3.3312,-8.25598,26.876,9.81382,1.25191,53.526,4.13908,-5.1242,58.6822
-6.35719,9.47276,33.0409,-3.39792,-8.23968,26.9468,9.79342,1.3359,53.7117,4.11821,-5.12263,58.7546
-6.43204,9.54973,33.0694,-3.47708,-8.22006,26.963,9.76436,1.4258,53.8859,4.08013,-5.10047,58.775
-6.49581,9.62075,33.0888,-3.55162,-8.20105,26.9654,9.74273,1.50866,54.0543,4.04736,-5.075,58.7858
-6.5724,9.69406,33.0836,-3.63237,-8.17717,26.9291,9.71595,1.5921,54.2098,4.00548,-5.03465,58.757
-6.64989,9.7598,33.0529,-3.71156,-8.15425,26.8711,9.69029,1.66235,54.3249,3.9629,-4.98751,58.7021
-6.72928,9.82209,33.0018,-3.7906,-8.12792,26.7934,9.66189,1.72512,54.4204,3.91842,-4.93207,58.6216
-6.81985,9.88024,32.9108,-3.87915,-8.10056,26.6674,9.63054,1.78918,54.5049,3.8634,-4.86701,58.516
-6.90022,9.93833,32.8381,-3.95348,-8.08316,26.567,9.60681,1.84764,54.5894,3.82155,-4.81383,58.433
-6.97408,9.99421,32.7757,-4.01938,-8.07302,26.4816,9.59132,1.90304,54.683,3.78952,-4.77509,58.3922
-7.03339,10.0491,32.74,-4.07264,-8.06712,26.4302,9.57889,1.94915,54.7586,3.76738,-4.7443,58.3529
-7.08813,10.1025,32.7135,-4.11977,-8.06369,26.3888,9.57263,1.98994,54.8262,3.75177,-4.71613,58.3166
-7.13838,10.1558,32.6933,-4.16381,-8.06136,26.3539,9.5669,2.02455,54.885,3.73859,-4.68937,58.2794
-7.08262,10.1718,32.7924,-4.20945,-8.03447,26.4708,9.40781,1.93884,54.5756,3.58783,-4.56967,57.8737
-6.42886,9.97808,33.5468,-4.26979,-7.86162,27.4273,8.37316,1.22651,52.326,2.6457,-3.94346,55.4884
-5.29057,9.53058,34.9724,-4.20004,-7.53336,29.1792,6.60303,0.0251745,48.4687,1.00017,-2.87018,51.4731
-5.36183,9.35365,37.1794,-4.56078,-7.59798,31.3478,5.21574,-0.959074,44.8206,-0.469483,-1.76762,47.7593
-7.55408,10.6678,42.979,-7.69231,-9.13087,36.4766,3.10736,-2.02785,39.9148,-2.67194,-0.57122,42.8979
-10.6094,12.9997,52.0469,-12.2662,-11.8801,44.5933,-0.036597,-3.59396,32.4711,-5.94188,1.15848,35.583
-13.8478,15.9616,65.3628,-17.7113,-15.7061,56.7229,-5.71437,-4.89863,23.3853,-11.5601,2.60235,27.2487
-11.5582,13.9674,62.482,-14.89,-13.84,54.4537,-4.70806,-5.06151,23.9471,-10.3968,2.64075,27.5303
-8.17909,10.4742,55.0601,-10.1644,-10.3209,48.0254,-2.53899,-4.10093,29.1618,-8.01191,1.46482,32.9131
-4.6989,7.57104,47.755,-5.38469,-7.31466,41.6084,0.015148,-3.10172,34.5026,-5.13945,0.329716,38.207
-1.59859,5.2854,41.2091,-1.12906,-4.87769,35.8096,2.26939,-2.46104,38.7256,-2.5638,-0.462036,42.2838
-0.0146266,3.36098,35.8045,2.65147,-3.14557,30.7192,4.62075,-1.76313,42.4364,-0.24428,-0.970347,46.0953
0.97234,1.76799,31.5027,5.68218,-2.01371,26.6172,6.67944,-1.06986,45.7674,1.59781,-1.32309,49.5737
1.73922,0.43266,27.8293,7.4256,-1.33929,23.3173,7.46839,-0.234177,49.295,3.34797,-1.43723,52.8603
2.29293,-0.520605,24.8392,8.15717,-0.8064,20.767,7.91331,0.489323,52.7468,4.95221,-1.67908,55.9564
2.85506,-0.982807,23.2188,8.72917,-0.439502,19.2352,8.22462,0.959036,55.0396,5.52643,-1.96737,58.022
3.26664,-1.24778,22.3529,9.19859,-0.0339204,17.9845,8.31574,1.39175,57.1421,5.66598,-2.27883,59.9911
3.67584,-1.34974,22.2207,9.68041,0.462697,17.0245,8.17975,1.75689,59.2427,5.1158,-2.69593,62.0708
3.90682,-1.14397,22.6156,10.0646,0.349724,16.6482,8.11345,2.01145,60.2124,4.67002,-2.94295,63.0872
-4.3838,6.99898,20.4378,-0.474324,-6.4726,12.7587,9.5861,-0.778414,49.3281,3.24567,-4.19583,54.6173
-8.77329,12.8488,43.136,-6.19174,-13.0618,31.6576,10.1067,-0.091488,49.7955,3.82422,-4.06131,53.334
-6.02912,8.39339,32.4407,-3.67084,-9.06133,25.0372,9.92072,-0.285025,49.6182,3.74994,-4.09728,54.1272
-5.68898,8.0668,30.9628,-2.77769,-8.40163,23.1669,9.94176,-0.254967,49.7457,3.86835,-4.14385,54.564
-5.7254,8.2235,31.1332,-2.67793,-8.46056,23.5314,10.0133,-0.176772,49.9431,4.00984,-4.26186,54.977
-5.80921,8.35916,31.2539,-2.71222,-8.46914,23.9546,10.0282,-0.0617631,50.213,4.0639,-4.33804,55.2823
-5.85187,8.46888,31.3614,-2.71057,-8.42979,24.2789,10.0411,0.043813,50.4964,4.12446,-4.44355,55.6612
-5.86477,8.56422,31.5224,-2.70965,-8.39026,24.6154,10.0511,0.150307,50.8064,4.18716,-4.56924,56.1053
-5.91352,8.65226,31.6956,-2.73645,-8.36604,24.9227,10.0545,0.299089,51.195,4.21767,-4.67175,56.5457
-5.89797,8.71882,31.9122,-2.73475,-8.35677,25.2924,10.0805,0.433143,51.5915,4.27836,-4.78616,57.0002
-5.95245,8.79886,32.0236,-2.81343,-8.31638,25.4971,10.041,0.580176,51.9359,4.25791,-4.83952,57.2871
-5.97629,8.87487,32.2253,-2.86394,-8.32001,25.8093,10.0307,0.690185,52.2352,4.26993,-4.917,57.6261
-6.04349,8.966,32.3866,-2.96444,-8.32332,26.0529,9.98361,0.804426,52.4924,4.23776,-4.97133,57.8819
-6.07479,9.05204,32.5552,-3.04801,-8.32162,26.311,9.9378,0.888484,52.7056,4.21995,-5.03499,58.124
-6.12099,9.141,32.7122,-3.11418,-8.3116,26.533,9.90913,0.973159,52.9145,4.21175,-5.07969,58.3248
-6.18659,9.23027,32.8222,-3.18663,-8.29422,26.6778,9.8767,1.07006,53.1294,4.1887,-5.10184,58.4717
-6.23098,9.31535,32.9234,-3.25204,-8.27836,26.8135,9.84725,1.15824,53.3388,4.17402,-5.13316,58.6229
-6.3047,9.39695,32.9781,-3.3312,-8.25598,26.876,9.81382,1.25191,53.526,4.13908,-5.1242,58.6822
-6.35719,9.47276,33.0409,-3.39792,-8.23968,26.9468,9.79342,1.3359,53.7117,4.11821,-5.12263,58.7546
-6.43204,9.54973,33.0694,-3.47708,-8.22006,26.963,9.76436,1.4258,53.8859,4.08013,-5.10047,58.775
-6.49581,9.62075,33.0888,-3.55162,-8.20105,26.9654,9.74273,1.50866,54.0543,4.04736,-5.075,58.7858
-6.5724,9.69406,33.0836,-3.63237,-8.17717,26.9291,9.71595,1.5921,54.2098,4.00548,-5.03465,58.757
-6.64989,9.7598,33.0529,-3.71156,-8.15425,26.8711,9.69029,1.66235,54.3249,3.9629,-4.98751,58.7021
-6.72928,9.82209,33.0018,-3.7906,-8.12792,26.7934,9.66189,1.72512,54.4204,3.91842,-4.93207,58.6216
-6.81985,9.88024,32.9108,-3.87915,-8.10056,26.6674,9.63054,1.78918,54.5049,3.8634,-4.86701,58.516
-6.90022,9.93833,32.8381,-3.95348,-8.08316,26.567,9.60681,1.84764,54.5894,3.82155,-4.81383,58.433
-6.97408,9.99421,32.7757,-4.01938,-8.07302,26.4816,9.59132,1.90304,54.683,3.78952,-4.77509,58.3922
-7.03339,10.0491,32.74,-4.07264,-8.06712,26.4302,9.57889,1.94915,54.7586,3.76738,-4.7443,58.3529
-7.08813,10.1025,32.7135,-4.11977,-8.06369,26.3888,9.57263,1.98994,54.8262,3.75177,-4.71613,58.3166
-7.13838,10.1558,32.6933,-4.16381,-8.06136,26.3539,9.5669,2.02455,54.885,3.73859,-4.68937,58.2794
-7.08262,10.1718,32.7924,-4.20945,-8.03447,26.4708,9.40781,1.93884,54.5756,3.58783,-4.56967,57.8737
-6.42886,9.97808,33.5468,-4.26979,-7.86162,27.4273,8.37316,1.22651,52.326,2.6457,-3.94346,55.4884
-5.29057,9.53058,34.9724,-4.20004,-7.53336,29.1792,6.60303,0.0251745,48.4687,1.00017,-2.87018,51.4731
-5.36183,9.35365,37.1794,-4.56078,-7.59798,31.3478,5.21574,-0.959074,44.8206,-0.469483,-1.76762,47.7593
-7.55408,10.6678,42.979,-7.69231,-9.13087,36.4766,3.10736,-2.02785,39.9148,-2.67194,-0.57122,42.8979
-10.6094,12.9997,52.0469,-12.2662,-11.8801,44.5933,-0.036597,-3.59396,32.4711,-5.94188,1.15848,35.583
-13.8478,15.9616,65.3628,-17.7113,-15.7061,56.7229,-5.71437,-4.89863,23.3853,-11.5601,2.60235,27.2487
-11.5582,13.9674,62.482,-14.89,-13.84,54.4537,-4.70806,-5.06151,23.9471,-10.3968,2.64075,27.5303
-8.17909,10.4742,55.0601,-10.1644,-10.3209,48.0254,-2.53899,-4.10093,29.1618,-8.01191,1.46482,32.9131
-4.6989,7.57104,47.755,-5.38469,-7.31466,41.6084,0.015148,-3.10172,34.5026,-5.13945,0.329716,38.207
-1.59859,5.2854,41.2091,-1.12906,-4.87769,35.8096,2.26939,-2.46104,38.7256,-2.5638,-0.462036,42.2838
-0.0146266,3.36098,35.8045,2.65147,-3.14557,30.7192,4.62075,-1.76313,42.4364,-0.24428,-0.970347,46.0953
0.97234,1.76799,31.5027,5.68218,-2.01371,26.6172,6.67944,-1.06986,45.7674,1.59781,-1.32309,49.5737
1.73922,0.43266,27.8293,7.4256,-1.33929,23.3173,7.46839,-0.234177,49.295,3.34797,-1.43723,52.8603
2.29293,-0.520605,24.8392,8.15717,-0.8064,20.767,7.91331,0.489323,52.7468,4.95221,-1.67908,55.9564
2.85506,-0.982807,23.2188,8.72917,-0.439502,19.2352,8.22462,0.959036,55.0396,5.52643,-1.96737,58.022
3.26664,-1.24778,22.3529,9.19859,-0.0339204,17.9845,8.31574,1.39175,57.1421,5.66598,-2.27883,59.9911
3.67584,-1.34974,22.2207,9.68041,0.462697,17.0245,8.17975,1.75689,59.2427,5.1158,-2.69593,62.0708
3.90682,-1.14397,22.6156,10.0646,0.349724,16.6482,8.11345,2.01145,60.2124,4.67002,-2.94295,63.0872
