5.85758,6.56826,75.1222,-0.154898,-0.123407,0.93465,-0.0140183,-0.39693,2.30537,4.2234,-0.722391,125.228
5.45593,8.85421,76.3257,-0.312908,-0.202654,1.59297,1.22066,-3.43987,10.7127,3.15219,-1.17962,120.947
5.5388,8.92541,76.3472,-0.608471,-0.365481,2.38108,-3.19291,-7.97402,30.4958,3.51564,-0.76376,121.606
3.76502,10.356,71.4322,-7.69041,-3.73596,16.3832,-6.93692,-7.78571,58.7257,1.34005,0.0332906,102.527
4.01244,10.2004,71.2897,-13.1193,-10.9286,37.0049,-8.19469,-7.2437,63.2896,1.39271,0.637005,99.5
2.73305,9.42677,52.9632,-5.83787,-10.4042,66.1685,-3.79176,-3.13203,68.4241,-0.712115,0.14226,62.9955
3.00387,8.99576,47.3993,-2.66849,-9.99511,70.104,-2.75384,-2.31532,66.3523,0.101513,0.910963,59.8247
1.34439,7.25098,31.837,1.3335,-0.0444886,69.2426,2.88835,3.44966,84.9685,-3.66394,-3.25483,10.9337
1.01628,6.86175,27.9955,2.4904,1.59268,64.9508,3.26753,3.77239,84.5551,-3.56165,-3.13034,9.88323
-0.334726,5.7551,23.3907,3.73002,7.25604,63.4821,7.34164,8.85269,97.7434,-1.49287,-1.61621,3.87927
-0.746069,5.22995,21.5926,4.01554,7.57858,61.8404,7.47443,8.54506,98.2512,-1.05086,-1.17388,3.00595
-1.24512,4.53274,22.2286,3.9998,7.02506,62.2469,7.66668,11.7719,100.892,-0.522781,-0.583695,1.69191
-1.63006,3.82993,20.7422,4.05432,6.91852,61.8168,7.71059,11.5866,101.746,-0.308271,-0.344478,1.22068
-2.42738,1.49882,16.6124,4.4761,4.24437,65.5372,6.99718,12.8555,102.032,-0.203966,-0.22384,0.921752
-2.70257,0.997254,15.6142,4.44642,4.05448,65.8115,7.06338,12.8426,102.915,-0.141472,-0.151756,0.759176
-3.3479,-1.94168,9.58797,5.43385,1.93807,72.7727,6.54831,12.5024,105.158,-0.108962,-0.115392,0.659305
-3.62025,-2.12759,9.55228,5.31238,1.66273,74.1223,6.59948,12.5733,106.081,-0.0854835,-0.0887097,0.58805
-3.58944,-3.12463,7.74223,6.44192,0.782128,83.2341,6.08152,11.0094,110.639,-0.0735869,-0.0758395,0.554085
-5.55336,-4.87854,10.8877,6.16415,0.699313,85.0597,6.10807,11.1829,111.522,-0.0634045,-0.0640046,0.520058
-7.16986,-6.92755,13.5372,6.82418,0.68628,94.9418,4.80857,8.97998,116.716,-0.0599956,-0.0598921,0.520031
-6.94788,-6.69396,13.0762,6.59642,0.610116,96.8675,4.85833,9.14186,117.458,-0.0553512,-0.05454,0.505705
-6.02597,-5.86514,11.3326,6.17357,1.42054,100.37,3.07449,6.85011,122.146,-0.058093,-0.0541912,0.543586
-3.42195,-3.33701,6.75973,6.24345,1.37125,101.628,3.17249,7.08257,122.678,-0.0574633,-0.0516283,0.54384
-2.11667,-2.02597,4.37694,5.77482,2.56205,99.36,1.41287,5.02649,124.747,-0.0652553,-0.0542594,0.614492
-1.13627,-1.10147,2.65741,5.96895,2.67799,99.9845,1.51456,5.37936,125.246,-0.0713822,-0.0559862,0.657332
-0.921387,-0.876408,2.26712,5.74713,3.27933,95.1389,-0.0413642,3.50209,124.218,-0.101602,-0.0651704,0.842022
-0.61712,-0.594352,1.72439,6.07179,3.45686,95.2474,0.107416,3.99611,124.842,-0.126463,-0.0801134,0.9665
-0.596742,-0.576425,1.77548,6.22586,3.25258,89.9718,-1.09023,3.26795,123.073,-0.217608,-0.111754,1.39255
-0.511251,-0.495873,1.64136,6.59026,3.40971,89.8685,-0.903706,3.77591,123.768,-0.388355,-0.18993,1.99968
-0.726337,-0.713667,2.29115,7.26318,2.74735,83.0103,-1.44746,4.09983,116.198,-1.18141,-0.44412,4.26939
-0.982482,-0.959083,2.90094,7.68058,2.8523,83.0885,-1.12795,4.59194,117.025,-5.42037,-2.89173,13.7129
-4.542,-4.53242,10.3762,8.28405,1.84467,73.219,-1.63881,3.88213,95.3301,-4.59618,-6.28535,32.6363
-12.9362,-12.7522,27.5821,8.41615,2.09902,73.1878,-1.05114,4.20285,93.2394,-2.80489,-7.95704,41.8202
-13.2392,-10.4115,45.5655,7.33447,0.0872374,57.0819,-3.64807,0.686446,54.6085,0.853352,-7.7287,56.525
-9.24943,-3.54431,52.4926,7.05214,1.34364,51.6363,-2.96224,1.77377,52.2428,1.48615,-7.11213,57.1257
-0.366975,2.4714,58.107,5.24122,-1.0035,30.6342,-3.09113,-2.09945,7.69702,3.43194,-6.04776,98.6194
1.11525,3.87136,55.5556,5.16507,-0.715537,27.2019,-3.35661,-2.21521,7.49848,3.33891,-6.19307,100.42
5.89116,5.82183,61.291,4.21493,-1.52838,21.4659,-0.960895,-0.742242,2.37251,5.67258,-3.60515,120.865
6.16032,5.98105,60.0609,3.8013,-1.58676,19.702,-0.552993,-0.404647,1.64289,5.18425,-3.73608,122.67
7.86064,7.28496,67.1668,2.13027,-1.26238,16.4674,-0.26691,-0.198726,0.944031,6.56141,-0.886022,119.768
7.74125,7.23456,66.9287,1.65771,-1.38302,15.2749,-0.154491,-0.111755,0.708442,6.3745,-0.875183,121.249
7.98893,8.58528,72.7788,0.206012,-1.49983,12.4519,-0.0979994,-0.071054,0.535104,6.63063,0.702967,115.424
7.84547,8.51712,73.0258,-0.120713,-1.62072,11.6753,-0.0641147,-0.0464824,0.447051,6.74097,0.887383,116.123
7.59072,9.33747,77.9082,-1.06496,-2.04699,9.86324,-0.0450247,-0.0331436,0.383693,6.90591,1.56565,115.935
7.53232,9.28064,78.2909,-1.26568,-2.14697,9.45629,-0.0320791,-0.0240461,0.342773,7.21291,1.78578,116.187
7.09759,9.53494,84.178,-2.16294,-2.60753,7.61696,-0.0244436,-0.0190969,0.318512,7.62247,2.30828,120.497
7.14379,9.46035,84.3852,-2.32454,-2.79214,7.68832,-0.0189295,-0.0153968,0.29778,7.9769,2.53955,120.481
6.91113,8.74547,90.4075,-3.6528,-3.87513,8.20725,-0.0158984,-0.0141576,0.292789,7.97501,3.60742,126.095
6.84068,8.60407,91.4521,-5.19106,-5.52359,11.0051,-0.013779,-0.0128086,0.282543,8.17924,3.85949,125.737
7.33634,7.38275,95.7598,-5.3339,-5.35369,10.4021,-0.0128473,-0.0136086,0.289844,5.99056,4.64478,124.853
7.33363,7.35982,96.34,-3.89693,-3.90535,7.82213,-0.0122668,-0.0133466,0.286731,6.26785,4.96223,124.724
7.89342,6.22978,94.8737,-1.78303,-1.75948,3.82375,-0.0118643,-0.0157674,0.307644,4.27296,4.33362,124.353
7.96526,6.36539,95.0085,-0.824983,-0.807692,2.09569,-0.0123798,-0.0162101,0.312007,4.66763,4.61107,124.273
8.03585,5.45312,88.5961,-0.465121,-0.457214,1.38701,-0.0122878,-0.0209878,0.353939,3.74108,3.17321,123.64
8.10232,5.70642,88.6701,-0.282947,-0.275613,1.02779,-0.0142457,-0.0225699,0.371811,4.22099,3.3533,123.717
7.56629,5.11805,81.4705,-0.214838,-0.209712,0.890563,-0.0142033,-0.0329058,0.458306,3.7883,1.57745,121.886
7.59078,5.42757,81.6075,-0.157774,-0.151815,0.761718,-0.0191274,-0.0384209,0.50994,4.35106,1.67452,122.313
6.36461,5.09628,76.2259,-0.143395,-0.134673,0.766234,-0.0202694,-0.0594422,0.670404,3.65765,0.173064,122.456
6.39427,5.35795,76.3843,-0.124516,-0.114505,0.729558,-0.0295063,-0.086259,0.849056,4.25846,0.219856,123.264
5.73044,6.39843,75.346,-0.155656,-0.13042,0.915469,-0.0114774,-0.169569,1.34769,3.48803,-0.72458,125.082
5.77625,6.58494,75.5689,-0.167175,-0.135129,0.968322,-0.0151583,-0.385274,2.2384,4.15263,-0.704457,126.223
5.35782,8.7598,76.6001,-0.360781,-0.238766,1.71462,1.13879,-3.21381,9.98536,3.09826,-1.18933,122.241
5.44407,8.83441,76.6074,-0.729009,-0.448113,2.63875,-2.79331,-7.76047,28.5066,3.48189,-0.778096,122.914
3.76862,10.27,71.7179,-8.60554,-4.67101,18.0023,-6.4427,-7.59966,55.8405,1.44802,0.0293113,104.163
4.20367,9.98047,70.2183,-11.8649,-11.4638,39.0288,-7.66791,-7.03721,60.9486,1.65526,0.742449,100.985
2.64493,9.09479,51.433,-4.59667,-8.96859,62.571,-3.19847,-3.15835,66.5119,-0.148565,0.131344,65.0185
2.85534,8.70207,46.0341,-1.79656,-8.30266,65.0819,-2.25869,-2.38504,64.5322,0.607802,0.886884,61.7455
1.20815,7.03036,30.9162,1.8829,1.2638,65.2518,3.16325,3.30469,83.8933,-3.78179,-3.44315,11.0797
0.917243,6.69709,27.5879,2.73724,2.47522,62.2314,3.4319,3.6273,83.5142,-3.47861,-3.09099,10.0653
-0.416568,5.50797,22.9186,3.81599,7.89106,62.2967,7.30199,8.7163,96.6988,-1.51125,-1.66446,4.01203
-0.799151,4.95598,21.0424,4.05173,8.10004,61.1418,7.39149,8.43785,97.468,-1.06528,-1.21204,3.0635
-1.28106,4.17143,21.3633,4.17694,7.45633,62.2866,7.62812,11.6398,99.9616,-0.531394,-0.604089,1.72024
-1.64473,3.48422,19.9389,4.19734,7.24705,62.2735,7.66368,11.4381,100.89,-0.312914,-0.356313,1.23797
-2.35855,1.29484,16.2875,4.51193,4.51056,66.0976,6.8555,12.7277,101.216,-0.205857,-0.230049,0.930736
-2.62603,0.79462,15.3,4.47289,4.2808,66.5638,6.91399,12.7058,102.146,-0.142256,-0.15539,0.764688
-3.37211,-2.12553,9.43726,5.34812,2.13308,73.6477,6.37823,12.3004,104.719,-0.110801,-0.119511,0.665196
-3.52341,-2.19462,9.43684,5.22312,1.86546,75.04,6.43537,12.3532,105.659,-0.086092,-0.0906506,0.5914
-3.76301,-3.37617,7.93908,6.3511,0.936359,84.2021,6.01186,10.8313,110.005,-0.0751354,-0.0786165,0.561108
-5.68833,-5.17319,11.2707,6.05261,0.832947,86.1184,6.04535,10.999,110.789,-0.0641389,-0.0653944,0.523416
-7.16478,-7.11533,13.6333,6.57597,0.717279,96.2189,4.72736,8.64437,115.78,-0.061407,-0.062156,0.529132
-6.48412,-6.40827,12.4202,6.39018,0.685678,97.8671,4.8176,8.8274,116.454,-0.0558232,-0.0557369,0.510405
-5.52124,-5.49351,10.5625,6.00941,1.50914,100.999,3.18442,6.56469,121.056,-0.0582013,-0.0550593,0.548243
-3.15353,-3.14321,6.35996,6.10271,1.45243,102.287,3.28436,6.78933,121.601,-0.0571067,-0.0521731,0.547834
-2.01083,-1.96316,4.23812,5.77159,2.51869,100.055,1.65121,4.78165,123.844,-0.0644219,-0.0546747,0.61731
-1.11482,-1.1014,2.65015,5.97753,2.63667,100.68,1.75058,5.12506,124.364,-0.0703273,-0.0561657,0.659188
-0.921275,-0.891992,2.29299,5.86957,3.17313,95.8391,0.219424,3.42821,123.849,-0.0995386,-0.0655123,0.839798
-0.624387,-0.612045,1.75918,6.19212,3.35765,95.9606,0.355296,3.91183,124.468,-0.123615,-0.080139,0.960172
-0.613848,-0.601931,1.82748,6.35161,3.11808,90.8136,-0.879344,3.18054,123.094,-0.211085,-0.109712,1.37395
-0.530305,-0.521058,1.69527,6.71167,3.28231,90.716,-0.705905,3.67906,123.788,-0.37131,-0.180725,1.94862
-0.765081,-0.761035,2.3837,7.30378,2.63015,83.9901,-1.34575,3.84805,116.61,-1.09321,-0.387011,4.05074
-1.04271,-1.02824,3.03206,7.7115,2.75353,84.038,-1.04807,4.34669,117.446,-4.94953,-2.37348,12.5155
-4.84638,-4.87178,11.0098,8.35893,2.08466,74.4546,-1.4981,3.97875,97.3128,-5.47545,-6.50128,32.7378
-13.1596,-13.032,28.2087,8.48814,2.34318,74.3747,-0.859943,4.24044,95.2781,-3.49132,-8.65071,43.9397
-10.8224,-7.8783,42.8917,7.32015,0.427728,55.501,-3.48875,0.911895,53.9623,0.439486,-8.21031,60.1376
-7.57147,-2.30681,47.9427,7.1679,1.54104,50.6487,-2.81063,1.94508,52.2448,1.16426,-7.55033,60.4256
0.620841,2.96798,54.5421,5.46421,-0.90705,30.3616,-3.23662,-2.22101,7.61699,2.98011,-6.76048,101.609
1.6797,4.01448,53.0103,5.40779,-0.638334,27.5388,-3.14629,-2.09596,7.20414,3.01118,-6.69745,102.47
6.20135,5.89938,59.995,4.30411,-1.39274,21.6841,-0.914816,-0.714881,2.30835,5.39137,-4.02939,121.332
6.34811,5.98206,59.1982,3.86866,-1.43774,19.8641,-0.540801,-0.401299,1.63164,4.99084,-4.04851,122.87
8.04062,7.30844,67.2367,2.13647,-1.08484,16.4564,-0.264061,-0.199521,0.944488,6.37182,-1.13822,120.416
7.86798,7.2241,67.2621,1.65405,-1.20203,15.2082,-0.153989,-0.113037,0.71198,6.22925,-1.05644,121.678
8.09038,8.56127,73.4767,0.186677,-1.33618,12.3147,-0.0979181,-0.0719532,0.539012,6.58242,0.518704,116.202
7.93344,8.47523,73.8485,-0.139479,-1.45972,11.4943,-0.0642122,-0.047161,0.45077,6.72455,0.743077,116.741
7.67931,9.28157,79.1773,-1.10833,-1.89788,9.50712,-0.0452488,-0.0337354,0.387614,6.94175,1.44689,116.696
7.61692,9.21762,79.6075,-1.29654,-1.99514,9.10201,-0.0323508,-0.0245379,0.346489,7.25963,1.69718,116.83
7.26934,9.40794,85.293,-2.11164,-2.46232,7.31862,-0.024699,-0.0194958,0.32192,7.5679,2.41803,120.658
7.32283,9.33426,85.5181,-2.2743,-2.63907,7.3857,-0.0191562,-0.0157118,0.301052,7.93087,2.67094,120.561
7.14464,8.69524,91.7096,-3.92041,-4.07257,8.58354,-0.0161303,-0.0144463,0.296149,7.60081,3.80695,124.486
7.08375,8.57892,92.6947,-5.30102,-5.56634,11.1159,-0.0139954,-0.0130576,0.285806,7.82024,4.08331,124.143
7.46444,7.35665,96.4223,-5.09167,-5.09683,9.95368,-0.0130123,-0.01393,0.294095,5.62662,4.55603,123.959
7.48094,7.35838,96.9121,-3.49934,-3.48857,7.0924,-0.0124611,-0.0137053,0.291216,5.91442,4.87174,123.824
7.86907,6.12475,94.9838,-1.55496,-1.53047,3.41827,-0.0120149,-0.0162993,0.313828,4.09214,4.11272,124.225
7.96612,6.27197,95.0138,-0.741649,-0.724118,1.94569,-0.0126248,-0.0168454,0.319031,4.49887,4.37684,124.172
7.97444,5.29638,88.412,-0.429351,-0.422167,1.32346,-0.0125267,-0.0219452,0.364083,3.73266,2.97379,123.579
8.05674,5.55507,88.406,-0.265775,-0.259341,0.997159,-0.0147096,-0.0237829,0.383997,4.22511,3.14507,123.718
7.54019,5.06744,81.0372,-0.203749,-0.200014,0.871636,-0.0147439,-0.0349407,0.477358,3.88712,1.48766,121.199
7.5792,5.38135,81.1375,-0.150947,-0.146463,0.750598,-0.0203243,-0.0413668,0.535016,4.46923,1.58197,121.71
6.36343,5.13723,76.0834,-0.143832,-0.135784,0.780129,-0.0200398,-0.0693703,0.737687,3.78465,0.0801663,121.809
6.40999,5.39977,76.3087,-0.12378,-0.114696,0.73307,-0.0341373,-0.100773,0.93297,4.4321,0.110868,122.71
5.9508,6.60689,75.8512,-0.155826,-0.131575,0.92719,-0.0104621,-0.219773,1.57886,3.56872,-0.760537,124.317
6.01135,6.7835,76.016,-0.1675,-0.136365,0.982086,-0.0161597,-0.602289,2.91985,4.24632,-0.733768,125.537
5.54618,8.98294,76.999,-0.363144,-0.237549,1.74594,0.64294,-6.33305,17.4448,3.16215,-1.12967,121.338
5.56593,9.01939,76.9505,-0.750784,-0.449747,2.71021,-5.65894,-9.33428,39.897,3.27259,-0.546047,121.309
3.57313,10.318,71.1066,-9.27481,-4.91178,19.7951,-7.68106,-8.04499,61.7448,1.07904,0.170314,100.725
4.00765,10.0506,69.7853,-11.6562,-11.3466,39.917,-8.15104,-7.21118,64.039,1.34701,0.81415,97.6306
2.53247,9.15723,51.0653,-4.44773,-8.78784,62.643,-3.59905,-3.1475,68.7612,-0.54556,0.102933,60.8182
2.74013,8.78608,45.736,-1.67942,-8.11009,64.9459,-2.55502,-2.32618,66.3998,0.218705,0.842421,57.5795
1.15424,7.14712,30.8482,1.92968,1.3359,64.6654,2.89339,3.37096,85.6369,-3.56332,-3.28287,10.1108
0.858294,6.82757,27.6381,2.76747,2.53914,61.5901,3.19205,3.68153,85.1499,-3.33393,-2.99841,9.28298
-0.36317,5.779,23.5105,3.70637,7.74726,61.1947,6.9384,8.84216,97.8334,-1.38566,-1.52196,3.68184
-0.75113,5.23374,21.7384,3.91845,7.91117,60.0584,7.07805,8.53658,98.4112,-0.972593,-1.10187,2.85702
-1.15643,4.53559,22.2674,3.94495,7.1926,61.0569,7.22353,11.7777,101.057,-0.494332,-0.560185,1.64129
-1.52928,3.84184,20.8096,3.96499,7.00606,60.9406,7.27844,11.5991,101.928,-0.294597,-0.334201,1.19653
-2.28169,1.61872,16.9346,4.28223,4.35455,64.6709,6.5479,12.8788,102.505,-0.19591,-0.218565,0.90852
-2.56009,1.10493,15.8953,4.24327,4.13079,65.0818,6.62462,12.869,103.408,-0.136361,-0.148887,0.751512
-3.33271,-2.00925,9.46625,5.18062,1.96756,72.1702,6.14169,12.3582,105.888,-0.106698,-0.115449,0.656472
-3.478,-2.07393,9.44823,5.05266,1.68062,73.608,6.20614,12.4184,106.821,-0.0832648,-0.0881549,0.585613
-3.73057,-3.32873,7.88518,6.28766,0.819031,82.8208,5.83462,10.8641,111.263,-0.0729992,-0.0770187,0.556418
-5.21015,-4.63921,10.3837,5.98952,0.731214,84.6617,5.87197,11.0487,112.045,-0.062568,-0.0643722,0.519995
-6.64445,-6.53504,12.6511,6.65108,0.760731,94.7009,4.61974,8.69619,117.12,-0.0603075,-0.0613919,0.526225
-5.97335,-5.85497,11.4677,6.43783,0.726145,96.3845,4.70432,8.89623,117.756,-0.055142,-0.0552045,0.508079
-5.06537,-5.02167,9.72977,6.13361,1.57671,99.9724,2.99076,6.66067,122.485,-0.05785,-0.0545779,0.546825
-2.87036,-2.8534,5.84168,6.198,1.52776,101.278,3.08498,6.90827,122.971,-0.0570586,-0.0518295,0.546874
-1.8473,-1.80198,3.94099,5.83639,2.65272,99.209,1.39015,4.83314,124.852,-0.0646973,-0.0543874,0.617821
-1.0451,-1.03292,2.51862,6.02284,2.77032,99.8494,1.49164,5.19548,125.321,-0.0709601,-0.0560052,0.660988
-0.812267,-0.788613,2.09182,5.90492,3.34607,95.309,-0.0183525,3.45242,124.463,-0.0949885,-0.0648427,0.81625
-0.575656,-0.56521,1.66614,6.20724,3.53698,95.3836,0.132146,3.92101,124.991,-0.121617,-0.0782979,0.955244
-0.614547,-0.603421,1.8367,6.38467,3.29524,89.9008,-1.05494,3.2211,123.132,-0.221278,-0.105819,1.41859
-0.522332,-0.514988,1.67052,6.75822,3.44237,89.9003,-0.881113,3.75064,123.883,-0.381771,-0.183449,1.97786
4.85399,5.78253,73.3513,-0.17676,-0.138686,0.91247,-0.159596,-0.57486,2.47084,3.8094,-2.17868,127.965
3.57761,7.42933,92.0137,-0.385505,-0.259574,1.43906,-2.96023,-8.40393,16.1708,3.86765,-0.894195,118.898
4.36821,8.03531,84.9588,-1.49571,-0.98028,3.42862,-14.9545,-17.5439,50.0752,3.97311,-0.520513,120.362
2.87284,9.61144,79.034,-15.3956,-10.5364,25.6747,-11.0946,-9.27889,63.7217,2.03413,0.0892461,102.097
2.86538,9.79687,80.0384,-15.0038,-12.8046,29.1373,-10.0573,-7.89798,64.7733,1.90487,0.549289,100.439
1.43049,9.25853,63.3541,-10.9025,-11.7085,50.9291,-6.34962,-4.73702,73.1475,-0.503721,-0.260281,66.0844
2.01341,8.804,57.7879,-4.69596,-12.1838,72.0079,-6.05907,-4.54118,74.7668,0.180062,0.338021,65.3083
0.323092,7.36927,43.5019,-0.396115,-0.842155,67.6626,-1.0392,0.77258,95.5117,-5.03957,-4.725,16.8515
0.109831,7.26969,39.9097,-0.00623552,-0.337911,67.4414,-0.698546,1.16362,95.8656,-3.42753,-2.95297,11.1912
-1.1988,6.40521,36.6395,0.61194,4.15115,69.9244,3.68838,6.48362,108.179,-2.29958,-2.50885,5.82762
-1.60851,6.09863,35.6611,0.507596,3.85003,70.9878,4.19457,6.60391,107.747,-0.736438,-0.831367,2.48031
-2.04684,5.37355,37.8119,0.246441,2.83535,73.1846,4.86164,10.1891,109.101,-0.415431,-0.47295,1.54211
-2.43726,4.7368,37.1961,0.198468,2.50058,74.008,5.23836,10.3291,109.056,-0.233102,-0.266245,1.06745
-3.502,2.21976,31.5107,0.557541,-0.434334,78.5619,4.81379,11.7751,108.7,-0.163586,-0.18411,0.836603
-3.83378,1.66459,29.2222,0.618525,-0.642785,79.2694,5.11429,11.9684,109.038,-0.116493,-0.12866,0.691238
-5.88771,-3.0822,18.0681,1.66425,-2.84467,86.2729,4.80815,11.7963,110.836,-0.0926869,-0.101204,0.604784
-5.37813,-2.70141,15.0673,1.75416,-2.84806,87.0782,5.08345,12.0794,111.248,-0.0743576,-0.079796,0.540279
-6.21697,-5.22688,12.7068,2.95983,-3.4641,95.2709,4.78186,10.7803,115.274,-0.0643226,-0.0684232,0.5034
-2.97991,-2.48861,6.6584,3.05077,-3.3767,96.2826,5.07904,11.0578,115.562,-0.0564201,-0.0588801,0.471922
-2.40593,-2.23312,5.17232,3.89911,-3.12637,104.887,4.03884,9.08427,120.131,-0.0525456,-0.0539131,0.46027
-0.984183,-0.93139,2.55384,4.02539,-2.73689,105.384,4.39464,9.49848,120.083,-0.0498399,-0.0499981,0.450265
-0.678694,-0.655489,1.87043,3.85187,-1.38986,107.367,2.89634,7.60695,123.932,-0.0512533,-0.0479181,0.46537
-0.425287,-0.418084,1.36042,4.15323,-0.906521,107.304,3.27651,8.16438,123.734,-0.0534809,-0.0484961,0.479287
-0.354857,-0.345929,1.166,3.9581,0.929709,103.519,1.7632,6.4982,125.208,-0.0621286,-0.051113,0.528107
-0.288106,-0.278416,1.00342,4.34989,1.48203,103.115,2.14215,7.19643,125.115,-0.0743519,-0.0590441,0.586051
-0.262754,-0.247419,0.929624,4.33751,2.31598,98.07,0.816892,5.58593,123.562,-0.106145,-0.0744585,0.718461
-0.233241,-0.216668,0.853502,4.79106,2.57115,98.2981,1.18857,6.27909,123.796,-0.158313,-0.108942,0.901126
-0.221618,-0.201975,0.847059,5.12133,2.39162,93.483,0.167247,5.69702,121.737,-0.311459,-0.194252,1.33877
-0.230041,-0.207258,0.870094,5.58057,2.53301,93.9634,0.536859,6.38266,122.267,-0.870446,-0.546184,2.52301
-0.283329,-0.252545,1.047,6.42304,1.85032,87.7909,0.157781,6.66782,114.465,-6.47606,-4.33879,11.8807
-0.473818,-0.414182,1.46368,6.88968,1.92074,88.5942,0.655814,7.19216,115.452,-14.1178,-12.7023,27.48
-1.75902,-1.50381,3.90742,7.78908,0.728569,79.964,-0.0584395,6.14434,94.4889,-11.6171,-15.0642,36.9285
-16.3645,-13.5214,28.2498,7.93419,1.07914,80.5103,0.622547,6.28987,93.7889,-7.83719,-17.1932,56.571
-23.4984,-18.194,44.9908,7.12512,-1.05051,65.9206,-2.68045,1.89594,57.1374,-4.01748,-15.3432,68.2857
-19.0758,-8.39675,75.3944,6.56805,0.661564,61.2315,-2.24414,3.07169,57.0969,-3.62977,-14.1282,68.5452
-4.56272,1.13126,68.4506,5.21264,-2.10639,42.0275,-4.91045,-3.37152,12.1628,-4.66608,-15.9439,111.158
-2.36573,2.54643,62.2696,5.58025,-2.0087,39.2591,-2.20439,-1.38057,6.20993,-4.25885,-15.4753,111.965
1.44789,3.85772,70.472,4.92993,-3.0879,35.4544,-1.12378,-0.866921,2.85463,-2.28145,-12.6819,129.294
1.29483,3.66473,71.5329,4.7157,-3.28426,34.7388,-0.395292,-0.297073,1.39623,-2.00543,-11.7085,128.309
2.55378,4.79526,79.5105,2.98858,-3.03225,32.5202,-0.226792,-0.17224,0.896414,0.131708,-7.73397,123.203
2.45263,4.77088,79.806,2.46572,-3.20412,31.5326,-0.126067,-0.0939709,0.641931,0.249499,-7.21597,123.257
2.53698,6.18404,85.6642,0.470475,-3.45795,27.3419,-0.0852751,-0.0631415,0.502114,1.00744,-5.02646,116.816
2.49047,6.2604,85.8959,-0.244936,-3.63492,24.6008,-0.0568686,-0.0417938,0.415145,1.17292,-4.72859,117.224
2.21988,7.22604,90.4007,-2.04626,-4.46276,20.3864,-0.0411522,-0.0303205,0.359073,1.3857,-4.01039,117.122
2.39863,7.35904,90.2746,-2.45369,-4.58936,18.2925,-0.0300277,-0.0223711,0.320245,1.76758,-3.72791,117.359
2.05127,7.7921,95.3784,-4.27854,-5.54831,14.6135,-0.0229885,-0.0177094,0.295616,2.08286,-3.30738,121.553
2.39453,7.94401,94.8426,-3.69101,-4.82338,12.1109,-0.018137,-0.0144857,0.276973,2.61457,-2.89841,121.245
2.28893,7.43462,99.8794,-4.13006,-4.66253,9.89754,-0.0149311,-0.0129339,0.26776,2.52753,-1.90595,126.408
2.38646,7.55752,100.19,-1.92084,-2.1452,5.18704,-0.0129879,-0.0118151,0.259634,2.90041,-1.40622,125.52
3.08634,6.56768,103.402,-1.40991,-1.46151,3.53788,-0.0116267,-0.0119156,0.259511,0.938658,-0.385843,123.999
3.41211,6.75996,102.971,-0.665421,-0.678791,2.00974,-0.0110144,-0.0119264,0.259138,1.38232,0.0659446,123.612
4.52334,5.85206,100,-0.469683,-0.468538,1.46178,-0.0103689,-0.0133696,0.269772,-0.33074,-0.444454,122.947
4.86333,6.12854,99.3919,-0.291538,-0.2878,1.06152,-0.0108083,-0.014497,0.279518,0.239109,-0.0719396,122.733
5.23449,5.30386,92.9139,-0.215891,-0.212413,0.860479,-0.0107968,-0.0177777,0.3053,-0.536298,-1.39204,121.806
5.30075,5.58365,93.3163,-0.157284,-0.152458,0.714117,-0.012502,-0.0207166,0.331522,0.0170358,-1.14547,121.753
4.92209,4.99142,86.8279,-0.127937,-0.122654,0.637423,-0.0132021,-0.0284154,0.388625,-0.268116,-2.76358,119.706
4.88705,5.28949,87.6759,-0.105988,-0.0991055,0.575718,-0.0176907,-0.0375329,0.457141,0.325146,-2.64186,120.083
3.74561,4.93557,83.1465,-0.096725,-0.0868042,0.565705,-0.0207156,-0.0597375,0.593902,-0.344638,-4.11062,120.054
3.73041,5.19039,84.0878,-0.0963273,-0.082679,0.56976,-0.0343029,-0.103722,0.817038,0.293857,-4.02825,120.727
3.04748,6.22444,83.9034,-0.11536,-0.0892821,0.661192,-0.0451833,-0.248159,1.37212,-0.506687,-4.97217,122.23
3.0954,6.44912,84.6339,-0.161617,-0.119483,0.80615,-0.197402,-1.16672,3.44642,0.175641,-4.85284,123.016
2.71668,8.66238,85.7341,-0.357065,-0.222969,1.33161,-4.90878,-14.9072,27.1331,-0.846173,-4.88543,118.447
2.81735,8.71512,85.986,-2.05772,-1.25767,4.32144,-11.7419,-12.5555,43.6562,-0.502026,-4.51615,118.928
1.73662,10.0839,80.2981,-23.4262,-17.1607,39.8948,-8.00568,-6.90577,52.8431,-1.34403,-3.26344,101.27
1.90938,10.0094,79.6453,-15.4785,-17.6951,44.5936,-8.8891,-7.39718,59.5988,-1.49236,-2.66853,99.5064
0.650701,9.20281,62.2887,-3.97209,-9.63635,61.6417,-5.77422,-5.19376,69.4597,-2.27333,-2.21224,65.7758
0.910724,8.97151,57.802,-1.75755,-7.73298,62.6735,-5.70494,-5.24718,71.0872,-1.77896,-1.81062,65.2208
-0.287611,7.48505,43.9088,0.544165,0.588642,66.168,-1.36084,-0.653473,92.4057,-4.64929,-4.67927,16.7959
-0.41505,7.42823,40.7681,0.488962,0.505879,67.6447,-1.27325,-0.317342,93.0221,-3.23195,-2.95906,11.4226
-1.67373,6.48296,37.4099,0.976383,5.02181,70.7531,2.43075,4.53394,105.769,-1.83004,-2.11724,5.19923
-2.0479,6.12577,36.2572,0.866419,4.75032,71.6781,2.77585,4.57776,105.776,-0.625983,-0.752361,2.37735
-2.57976,5.29119,38.0189,0.746822,3.75261,74.1476,3.3363,7.99711,107.206,-0.341017,-0.413847,1.44812
-2.94661,4.64247,37.4576,0.650982,3.38426,75.0354,3.59832,8.04256,107.35,-0.18786,-0.229499,1.00428
-3.75342,2.193,32.4188,0.867214,0.447469,79.4395,2.9931,9.44632,107.135,-0.129349,-0.155579,0.782692
-4.02861,1.53701,30.0808,0.876981,0.201932,80.1765,3.1756,9.54154,107.607,-0.0909249,-0.107324,0.647275
-5.73733,-3.38279,18.258,1.76217,-1.99389,87.1263,2.7107,9.16328,109.771,-0.0718731,-0.083616,0.566443
-5.14293,-2.94866,15.2776,1.79289,-2.03862,87.9361,2.88593,9.33132,110.27,-0.0572289,-0.0653033,0.507588
-5.82902,-5.34242,12.4993,2.91669,-2.69276,96.084,2.50059,7.89183,114.064,-0.0495448,-0.0557182,0.474522
-2.61914,-2.41173,6.36756,2.9228,-2.69342,97.1888,2.69073,8.04294,114.39,-0.043317,-0.0476544,0.446296
-2.09762,-2.13349,4.86732,3.5176,-2.53989,105.929,1.43288,5.72104,118.715,-0.0403212,-0.0433061,0.436859
-0.871798,-0.913421,2.50454,3.59659,-2.16893,106.212,1.70486,6.04876,118.765,-0.0380661,-0.0396711,0.428215
-0.625224,-0.668546,1.88755,3.37274,-0.879493,107.88,0.14386,3.95109,122.573,-0.0388909,-0.0372444,0.442905
-0.398874,-0.437397,1.40054,3.61626,-0.50139,107.907,0.41557,4.38842,122.503,-0.0403194,-0.0371184,0.457145
-0.337616,-0.365339,1.20677,3.49789,1.10183,104.261,-1.11784,2.60437,124.103,-0.0464614,-0.0377278,0.50377
-0.274575,-0.294583,1.04034,3.81262,1.55058,103.956,-0.85268,3.17974,124.064,-0.0551765,-0.0424235,0.559395
-0.251956,-0.262566,0.965839,3.86764,2.23606,98.9446,-2.22742,1.68202,122.921,-0.0772657,-0.0498692,0.682446
-0.224813,-0.230775,0.889343,4.22136,2.42481,99.178,-1.9921,2.25181,123.137,-0.113234,-0.0699682,0.849381
-0.215357,-0.216903,0.888883,4.51219,2.1405,94.4801,-3.10948,1.61783,121.37,-0.212781,-0.108462,1.23214
-0.226626,-0.225264,0.920636,4.85782,2.21872,94.9338,-2.89792,2.16498,121.858,-0.544317,-0.26649,2.13272
-0.282258,-0.279347,1.12377,5.60361,1.47386,88.9234,-3.28633,2.48437,114.449,-3.46833,-1.63041,7.53383
-0.491803,-0.477394,1.61314,5.94483,1.49882,89.6211,-2.92978,2.81491,115.333,-12.8723,-10.1691,27.1796
-2.09684,-2.01204,4.84416,6.86767,0.540481,81.2859,-2.98117,2.69882,95.6983,-6.70068,-11.4534,38.2459
-16.7785,-15.4158,30.8397,6.82544,0.937109,81.6346,-2.55757,2.91071,95.1911,-4.0049,-12.2289,49.7628
-19.9246,-15.7067,51.6246,5.92998,-0.907521,64.2292,-4.56594,0.155944,56.0814,-1.64715,-12.1127,66.2404
-14.0961,-4.73627,73.8327,5.53575,0.460206,60.1597,-4.23532,1.00622,56.5772,-1.91579,-12.1304,69.4309
-1.78079,2.49471,63.1915,4.72568,-2.53647,42.2954,-4.63159,-3.0623,11.8555,-1.97751,-13.1869,111.394
-1.10011,2.96524,61.8949,5.02679,-2.40964,39.9797,-2.09587,-1.23672,6.31945,-1.68025,-12.7889,111.794
2.55528,4.25695,71.2666,4.29462,-3.42062,35.9702,-0.943138,-0.704697,2.61416,0.575733,-9.79229,128.051
2.40368,4.05743,72.0406,4.04289,-3.59634,34.9843,-0.337866,-0.2462,1.32888,0.686678,-8.9879,127.245
3.82396,5.31744,80.4472,2.30582,-3.28106,32.3479,-0.190471,-0.140315,0.846064,2.52602,-5.27921,122.802
3.68109,5.26717,80.6498,1.78866,-3.42848,31.187,-0.105603,-0.0762201,0.610724,2.5597,-4.82345,122.836
3.83243,6.71049,86.5561,-0.0686712,-3.6317,27.1223,-0.0711481,-0.0508462,0.47839,3.15461,-2.90478,116.871
3.77598,6.75644,86.6422,-0.649525,-3.77759,24.7779,-0.0474122,-0.0335719,0.39743,3.28065,-2.64251,117.215
3.5487,7.7259,91.3634,-2.31173,-4.57189,20.7434,-0.0343655,-0.0243808,0.345179,3.45621,-1.98627,117.317
3.70138,7.83281,91.0852,-2.60488,-4.6851,19.0358,-0.0251135,-0.0180131,0.309184,3.78524,-1.73171,117.471
3.46831,8.22323,95.8551,-4.30559,-5.67482,15.1811,-0.0192604,-0.0143513,0.286248,4.01097,-1.09439,121.215
3.75698,8.33978,95.2768,-3.73988,-5.03272,12.9399,-0.0151772,-0.0117517,0.268922,4.4727,-0.740785,120.872
3.65721,7.91654,100.549,-3.98816,-4.63596,9.94304,-0.0125181,-0.0106654,0.260621,4.10099,0.37284,124.427
3.68722,8.02015,100.883,-1.86429,-2.14861,5.28987,-0.010909,-0.00980175,0.253399,4.37968,0.778509,123.695
4.24095,7.01114,103.639,-1.34054,-1.42954,3.5184,-0.00978865,-0.0101632,0.254306,2.29685,1.3526,123.045
4.51341,7.18468,103.22,-0.638711,-0.668933,2.02512,-0.00934101,-0.0103073,0.255064,2.69642,1.73686,122.706
5.36969,6.13893,99.9316,-0.443541,-0.454584,1.45631,-0.00878872,-0.0119043,0.266944,1.0949,1.03563,122.852
5.65659,6.3922,99.397,-0.274485,-0.278085,1.05978,-0.00922456,-0.0130526,0.278227,1.63344,1.36926,122.611
5.86996,5.45837,92.8294,-0.202438,-0.204709,0.858372,-0.00913419,-0.0163804,0.306121,0.988613,0.0570154,121.714
5.92615,5.72613,93.2123,-0.147547,-0.147185,0.714329,-0.0106981,-0.0193,0.33542,1.52882,0.274616,121.689
5.49936,5.19738,86.5935,-0.120612,-0.119259,0.640074,-0.0110183,-0.0270318,0.398044,1.32225,-1.25127,118.981
5.46989,5.49148,87.4373,-0.100634,-0.0973049,0.580958,-0.0151443,-0.0365192,0.476562,1.91227,-1.15475,119.468
4.27951,5.19344,83.3603,-0.0930091,-0.085887,0.575288,-0.0166242,-0.0604362,0.636508,1.25115,-2.63576,119.464
4.28292,5.45478,84.3395,-0.0929574,-0.0820873,0.579535,-0.0295904,-0.110148,0.90388,1.92781,-2.58371,120.242
3.79344,6.6648,84.6686,-0.111151,-0.0877702,0.673728,-0.0272634,-0.298734,1.64615,1.06043,-3.43291,121.563
3.8707,6.89705,85.2532,-0.155797,-0.117252,0.82299,-0.264791,-2.27275,5.69356,1.74393,-3.284,122.415
3.44503,9.12212,86.285,-0.346877,-0.214072,1.36571,-8.21288,-17.128,39.2024,0.586105,-3.22404,117.473
3.50135,9.22206,86.5632,-2.05298,-1.22814,4.43342,-10.7391,-9.23576,46.4898,0.891591,-2.79901,117.657
2.10584,10.4347,79.7886,-23.6302,-17.2757,41.6811,-6.96013,-5.71767,53.2924,-0.289706,-1.79561,98.287
2.33079,10.3426,79.1346,-12.3895,-16.6725,48.3159,-8.58097,-6.85373,61.0941,-0.471481,-1.22748,96.5976
0.895698,9.54698,62.2551,-2.1748,-7.05255,57.885,-5.65581,-4.54312,70.9861,-1.80234,-1.35514,62.1679
1.15817,9.32899,57.8246,-1.02852,-6.19323,60.4325,-5.48393,-4.5014,72.3024,-1.25049,-0.94206,61.6846
-0.0415317,7.79072,44.0705,0.984317,1.48287,65.2054,-0.971717,0.346249,93.4395,-4.5204,-4.49769,15.6911
-0.192991,7.74086,41.0633,0.906279,1.37041,66.8348,-0.832487,0.686315,93.9272,-2.93691,-2.65797,10.41
-1.3598,6.90501,38.3551,1.28115,5.7069,69.5322,2.86349,5.77708,106.091,-1.74101,-1.99354,4.89583
-1.74546,6.55761,37.4632,1.15341,5.43694,70.5208,3.26372,5.83369,105.927,-0.585462,-0.694829,2.23532
-2.15188,5.85045,39.4927,0.952651,4.40397,72.963,3.73939,9.3358,107.52,-0.327715,-0.392388,1.39823
-2.51606,5.22847,38.8908,0.8675,4.07812,73.8483,4.02702,9.43381,107.652,-0.185531,-0.222967,0.989048
-3.40309,2.76172,33.4473,1.12983,1.29344,78.3061,3.49969,10.843,107.724,-0.130536,-0.154409,0.781798
-3.72466,2.03042,30.6869,1.16057,1.05692,79.1318,3.72234,10.9803,108.206,-0.0933587,-0.108242,0.65325
-5.56496,-3.21351,18.0412,2.17576,-1.01958,86.2191,3.35336,10.5704,110.312,-0.0748983,-0.0856767,0.576734
-4.987,-2.80797,14.9534,2.22942,-1.01026,87.119,3.57302,10.8126,110.823,-0.0605015,-0.0678551,0.52066
-5.74558,-5.28828,12.3565,3.5446,-1.38736,95.35,3.31136,9.45692,114.735,-0.0530829,-0.0586883,0.48994
-2.6777,-2.46382,6.46861,3.5795,-1.25189,96.3926,3.56005,9.72434,115.023,-0.0470396,-0.0507785,0.46339
-2.29304,-2.33812,5.22934,4.4306,-0.71071,105.098,2.46778,7.55175,119.429,-0.0443242,-0.0464846,0.4563
-0.970155,-1.01423,2.69581,4.53875,-0.253628,105.434,2.80168,7.9788,119.401,-0.0424046,-0.0430054,0.449628
-0.730837,-0.776377,2.09195,4.45768,1.17015,107.634,1.26885,6.04505,123.324,-0.0436296,-0.0403314,0.468316
-0.479052,-0.517001,1.5621,4.75145,1.637,107.821,1.62645,6.61414,123.136,-0.045676,-0.0404195,0.486285
-0.420331,-0.445479,1.37799,4.67242,3.31653,104.473,0.161549,4.93519,124.392,-0.0524554,-0.0401546,0.540333
-0.347902,-0.365336,1.20507,5.08322,3.86925,104.316,0.530858,5.66372,124.327,-0.0622178,-0.0444664,0.60384
-0.326485,-0.334869,1.14756,5.18538,4.64967,99.4758,-0.732132,4.20645,122.936,-0.0855548,-0.0496208,0.743349
-0.298693,-0.305523,1.09072,5.63018,5.01667,99.6545,-0.366627,4.91463,123.13,-0.126177,-0.0686527,0.941849
-0.298116,-0.302913,1.14636,5.96362,4.75757,94.6945,-1.33811,4.43597,121.003,-0.23432,-0.0966773,1.38939
-0.328001,-0.337949,1.26301,6.41853,5.02094,95.0411,-1.01728,5.16434,121.721,-0.527404,-0.223607,2.27756
4.87421,5.77753,74.0204,-0.174046,-0.137707,0.902805,-0.146789,-0.537408,2.37028,3.90317,-2.2453,128.142
3.65029,7.43522,92.6026,-0.356916,-0.245134,1.3709,-1.91684,-6.42158,12.7473,4.01843,-0.975428,119.102
4.43587,8.10531,85.4333,-1.11805,-0.746708,2.78393,-13.5291,-17.7593,46.665,4.09429,-0.543503,120.554
2.83685,9.7489,79.722,-11.0059,-7.26175,18.454,-11.6732,-10.0582,65.5427,2.01418,0.156194,102.141
2.94896,9.85401,80.3434,-15.8555,-12.7203,28.8042,-10.1447,-8.0288,65.2927,1.97998,0.58319,100.5
1.51757,9.27483,63.5038,-14.6936,-13.4786,49.8121,-6.31047,-4.77324,73.1652,-0.410002,-0.29486,66.2402
2.23688,8.75151,57.5859,-6.17799,-14.1857,76.3238,-5.98094,-4.48811,74.7489,0.306374,0.356577,65.2906
0.467034,7.40759,43.4153,-0.918129,-1.41952,68.6197,-0.982662,0.792675,95.5482,-5.01448,-4.75274,16.388
0.235014,7.33527,39.8937,-0.384175,-0.67072,67.6513,-0.62214,1.1608,95.8729,-3.33238,-2.90228,10.7235
-1.07712,6.48382,36.6391,0.230985,3.81249,70.1435,3.79298,6.44302,108.163,-2.22369,-2.41883,5.64841
-1.49042,6.18647,35.6979,0.14472,3.475,71.2354,4.32368,6.51359,107.736,-0.720451,-0.809512,2.4308
-1.91156,5.4662,37.9089,-0.115579,2.50745,73.3282,5.00451,10.1122,109.118,-0.406419,-0.460842,1.51568
-2.27756,4.86844,37.6175,-0.151443,2.21799,74.0477,5.40225,10.2448,109.067,-0.228387,-0.259784,1.05213
-3.31431,2.43142,32.2618,0.186238,-0.653153,78.4354,4.99297,11.7187,108.721,-0.160115,-0.179564,0.825552
-3.76667,1.8169,29.48,0.267957,-0.894641,79.1581,5.3074,11.8766,109.085,-0.113949,-0.125507,0.682917
-5.94333,-3.22674,17.0485,1.28711,-3.27737,86.4054,5.00001,11.622,110.983,-0.0905301,-0.0988093,0.597905
-5.1752,-2.84646,13.3246,1.3568,-3.31258,87.2824,5.26271,11.8888,111.438,-0.0725648,-0.0779615,0.534491
-5.70887,-4.84089,11.5859,2.45079,-3.81976,95.2467,4.94374,10.652,115.442,-0.0627409,-0.0667859,0.498169
-2.91017,-2.47745,6.40647,2.5162,-3.53038,95.8681,5.24128,11.0318,115.694,-0.0550584,-0.0573319,0.467253
-2.71408,-2.52355,5.64967,3.30464,-3.17348,104.133,4.20634,9.11808,120.242,-0.0513061,-0.0523259,0.455959
-1.29697,-1.21693,3.061,3.43397,-2.75098,104.497,4.56684,9.5491,120.194,-0.0487643,-0.0483641,0.446489
-1.01515,-0.964565,2.43738,3.26366,-1.48756,106.51,3.08559,7.58959,124.021,-0.0502644,-0.0462132,0.462039
-0.660444,-0.634348,1.76877,3.56082,-1.09662,106.628,3.48518,8.12381,123.711,-0.0525818,-0.0466954,0.476793
-0.556674,-0.531847,1.52945,3.37765,0.479263,103.521,1.9955,6.33962,125.022,-0.061158,-0.0488988,0.526928
-0.428125,-0.409107,1.27131,3.73607,0.769843,103.798,2.36801,6.9339,124.837,-0.0734648,-0.0562518,0.587739
-0.37414,-0.351689,1.15339,3.75315,1.52253,99.0135,1.02329,5.2708,123.277,-0.106152,-0.0704493,0.727539
-0.312176,-0.291813,1.02407,4.19622,1.72954,99.357,1.37809,5.94271,123.509,-0.162941,-0.104689,0.9291
-0.289687,-0.267704,1.00451,4.55563,1.5955,94.5057,0.33344,5.37345,121.455,-0.345468,-0.195421,1.44335
-0.294405,-0.27039,1.02548,5.01713,1.73713,94.9337,0.701699,6.04727,121.976,-1.21362,-0.688555,3.16915
-0.380748,-0.349688,1.27996,5.90898,1.15784,88.5636,0.377778,6.3267,114.065,-11.0892,-7.39948,19.4664
-0.717835,-0.649803,1.97636,6.39248,1.19875,89.3624,0.852476,6.85289,115.079,-13.2869,-12.9031,28.6547
-4.79713,-4.26902,9.24141,7.24453,0.245802,80.35,0.0146104,6.02004,94.1795,-7.62428,-12.2255,36.1972
-20.4628,-17.3529,35.7117,7.31267,0.756246,80.5272,0.600758,6.30747,93.5928,-5.43148,-14.0059,52.3555
-19.2409,-14.6966,40.6388,6.73238,-1.5907,66.2168,-2.7288,1.80631,57.0903,-2.95301,-13.7693,66.5891
-16.5636,-6.72966,69.1852,6.1875,0.137584,61.3811,-2.30275,2.93237,56.9662,-2.88168,-13.2507,68.5241
-4.45705,0.750988,66.0325,4.96541,-2.43514,41.9924,-4.92904,-3.3258,12.1595,-3.40927,-14.5182,111.069
-2.93904,1.70831,62.316,5.29813,-2.27071,39.0669,-2.26583,-1.38166,6.29772,-3.05292,-14.0501,111.834
0.732717,2.80834,70.6776,4.69176,-3.31522,35.1491,-1.13636,-0.861903,2.86907,-0.889188,-11.0437,129.103
0.547643,2.61764,71.6859,4.48127,-3.50771,34.233,-0.398912,-0.294701,1.40168,-0.699516,-10.0802,128.107
1.75625,3.62046,79.6086,2.76331,-3.19602,31.7734,-0.228309,-0.17054,0.898568,1.38304,-6.16379,122.979
1.669,3.6038,79.8368,2.2841,-3.3554,30.9655,-0.126799,-0.0928833,0.643161,1.48063,-5.63077,123.013
1.80366,4.93174,85.4806,0.473118,-3.54821,27.6357,-0.085671,-0.0623003,0.502797,2.20565,-3.50521,116.554
1.83413,5.01183,85.5239,-0.0479683,-3.72303,25.9963,-0.0570818,-0.0411537,0.415597,2.39382,-3.18707,116.941
1.54551,5.89776,89.9875,-1.86432,-4.5638,21.8926,-0.0412804,-0.0298023,0.359403,2.61157,-2.48076,116.87
1.66232,6.01752,90.0247,-2.45919,-4.69009,18.9648,-0.0301228,-0.0219505,0.320522,2.96867,-2.22979,117.168
1.21183,6.33633,95.2715,-4.29121,-5.42969,14.2168,-0.023081,-0.0173592,0.29587,3.30896,-1.79102,121.414
1.58748,6.47855,94.6947,-3.60641,-4.54078,11.3984,-0.0182274,-0.0141865,0.277203,3.85282,-1.40471,121.111
1.5181,5.85835,99.5035,-4.02244,-4.4577,9.53578,-0.0150229,-0.0126685,0.267976,3.86459,-0.343855,126.253
1.72192,5.9686,99.5772,-2.17251,-2.38819,5.60769,-0.0130681,-0.011559,0.259838,4.29781,0.138144,125.365
2.42137,4.89762,102.67,-1.79625,-1.84862,4.23241,-0.0117128,-0.0116553,0.259731,2.34538,1.13081,123.885
2.71558,5.0644,102.358,-0.880702,-0.893614,2.40975,-0.0111058,-0.0116579,0.259387,2.78294,1.55185,123.484
3.64237,4.12365,100.059,-0.60577,-0.599711,1.71905,-0.0104746,-0.0130864,0.270099,0.957294,1.00624,122.782
3.86841,4.35082,99.8826,-0.35446,-0.345552,1.18921,-0.0109246,-0.0141939,0.279958,1.47169,1.33841,122.541
4.2626,3.62686,93.5125,-0.250302,-0.24244,0.935534,-0.0109695,-0.0174486,0.305976,0.66833,-0.0203031,121.656
4.34212,3.87798,93.9052,-0.174948,-0.166531,0.757595,-0.0127472,-0.0203643,0.332559,1.24244,0.196975,121.616
4.03788,3.40427,87.3685,-0.13831,-0.130013,0.666265,-0.0136487,-0.0280411,0.390508,0.951375,-1.47024,119.617
4.02403,3.66571,88.1649,-0.111614,-0.102192,0.594558,-0.0184939,-0.0372171,0.460639,1.58344,-1.37267,120.008
2.95197,3.38668,83.5703,-0.100657,-0.0881727,0.580968,-0.0224393,-0.0598507,0.601953,0.954947,-2.87306,120.017
2.9517,3.60687,84.4519,-0.0990105,-0.0827056,0.582525,-0.0387704,-0.106176,0.83828,1.63357,-2.80589,120.694
2.30594,4.63513,84.2165,-0.119111,-0.0888575,0.677373,-0.0605615,-0.269872,1.45775,0.902709,-3.75969,122.214
2.35629,4.84329,84.8802,-0.167344,-0.118405,0.82868,-0.383194,-1.62066,4.30716,1.60089,-3.62925,122.981
2.01125,7.02947,85.8737,-0.385578,-0.22405,1.40045,-8.6854,-17.8233,35.162,0.466608,-3.60924,118.24
2.10316,7.12105,86.3061,-2.57516,-1.46207,5.11951,-11.1383,-9.76872,41.4367,0.967741,-3.31857,118.869
1.18284,8.59929,80.3907,-24.8708,-17.8031,42.5963,-7.12954,-5.61134,49.7131,0.0343362,-2.27686,101.339
1.31124,8.55619,79.7347,-13.2585,-16.1059,43.822,-8.88481,-6.89823,59.1317,-0.172327,-1.6661,99.5807
0.182967,8.15761,62.5044,-3.1632,-8.36629,58.8537,-5.90396,-4.78269,69.4374,-1.38571,-1.56465,65.9681
0.529242,7.98744,57.9801,-1.70706,-7.40372,61.6155,-5.79522,-4.8249,71.0418,-0.846682,-1.12602,65.1662
-0.527969,6.81559,44.0294,0.427657,0.577782,65.9798,-1.48706,-0.118425,92.3815,-4.5593,-4.41558,15.6266
-0.649549,6.80559,40.9126,0.353855,0.452294,67.482,-1.37588,0.169969,92.9589,-2.97509,-2.58821,10.1504
-1.9006,5.92302,37.546,0.824641,4.92693,70.5742,2.37658,5.03125,105.6,-1.75359,-1.9515,4.89904
-2.28416,5.58195,36.3832,0.71661,4.60978,71.5228,2.75054,5.00447,105.601,-0.619324,-0.715206,2.29634
-2.8358,4.6832,38.0958,0.587819,3.62794,73.9309,3.32546,8.42942,107.051,-0.342961,-0.401835,1.41967
-3.20924,4.07468,37.6631,0.495089,3.26197,74.7718,3.60802,8.43711,107.203,-0.190741,-0.224863,0.990512
-3.9912,1.80728,32.8767,0.700411,0.367081,79.0362,3.0184,9.84289,107.008,-0.131857,-0.153351,0.7751
-4.35431,1.23895,30.3981,0.723746,0.0992852,79.755,3.21802,9.89488,107.509,-0.092983,-0.106185,0.642512
-6.07495,-3.49013,17.7096,1.60679,-2.25838,86.8913,2.75593,9.42359,109.776,-0.0735165,-0.0830109,0.563252
-5.30763,-3.03997,14.1092,1.62208,-2.36715,87.8173,2.92091,9.54807,110.344,-0.0585952,-0.065003,0.50534
-5.57227,-4.86936,11.5744,2.68303,-2.99149,95.8464,2.52198,8.13285,114.15,-0.0507033,-0.0554802,0.472796
-2.66681,-2.33956,6.16576,2.66429,-2.84263,96.6651,2.71187,8.35989,114.463,-0.0443866,-0.0473926,0.445007
-2.28398,-2.19259,5.01988,3.23498,-2.64815,105.177,1.4588,6.07428,118.767,-0.0413111,-0.042934,0.435876
-1.06845,-1.04133,2.75214,3.3046,-2.25884,105.388,1.73775,6.41342,118.799,-0.0390821,-0.0391987,0.42762
-0.824852,-0.817392,2.17646,3.09103,-1.05159,107.106,0.195143,4.26161,122.567,-0.0399576,-0.0366418,0.442712
-0.542197,-0.547622,1.62011,3.31954,-0.76075,107.338,0.493549,4.68666,122.375,-0.0414755,-0.0363998,0.457592
-0.454213,-0.457523,1.40018,3.19867,0.5964,104.335,-1.01487,2.79566,123.837,-0.04771,-0.0366065,0.505373
-0.351083,-0.355632,1.1803,3.48189,0.811353,104.635,-0.746152,3.28034,123.727,-0.056664,-0.0407669,0.563204
-0.309279,-0.308876,1.08153,3.5546,1.42496,99.8618,-2.13043,1.72547,122.597,-0.0797301,-0.0468694,0.691763
-0.262154,-0.261049,0.976344,3.90721,1.56627,100.206,-1.8984,2.27399,122.826,-0.118626,-0.0654256,0.871019
-0.247847,-0.244662,0.975466,4.21785,1.32836,95.4679,-3.02749,1.64604,121.088,-0.232382,-0.0993674,1.29762
-0.257831,-0.253029,1.01273,4.58006,1.40266,95.8786,-2.80628,2.18381,121.594,-0.668166,-0.266163,2.41326
-0.340368,-0.335628,1.28921,5.36095,0.751152,89.7122,-3.17071,2.51161,114.176,-5.5907,-2.30432,10.9472
-0.677077,-0.656701,2.04505,5.73304,0.751605,90.3587,-2.75146,2.78924,114.988,-13.0574,-10.9197,30.5479
-5.33427,-5.08173,10.7525,6.61415,0.0903972,81.6577,-2.91613,2.90404,95.5021,-4.19679,-9.19207,36.1107
-20.7988,-18.4027,38.4001,6.53674,0.623223,81.672,-2.52861,3.20898,95.0828,-2.77282,-10.189,46.3592
-16.0336,-10.1946,51.9985,5.80057,-1.28751,64.4435,-4.53741,0.287749,56.1145,-1.01286,-10.9912,65.4148
-11.5144,-2.86732,63.7955,5.63672,-0.154234,60.7366,-4.16702,1.06183,56.5534,-1.3527,-11.2941,69.2544
-2.1337,2.08739,61.6339,4.77053,-2.82869,42.5365,-4.52514,-2.98655,11.523,-1.04392,-11.8426,111.029
-1.94348,2.1784,62.1822,5.03219,-2.63823,40.1058,-2.01849,-1.17842,6.08553,-0.794382,-11.4492,111.426
1.57206,3.27055,71.5311,4.30295,-3.60857,36.0196,-0.916176,-0.674267,2.54888,1.57402,-8.28097,127.623
1.39707,3.07774,72.2594,4.04541,-3.78028,34.9337,-0.332578,-0.238465,1.30984,1.61387,-7.48466,126.831
2.71947,4.1855,80.6432,2.2913,-3.40664,32.1562,-0.188314,-0.13651,0.837403,3.43105,-3.81799,122.399
2.58841,4.13822,80.7993,1.78931,-3.5502,31.1647,-0.104738,-0.0743261,0.606108,3.44391,-3.35424,122.429
2.73624,5.48142,86.5542,0.000387152,-3.70581,27.6306,-0.0706567,-0.0496179,0.47551,4.02587,-1.48943,116.47
2.72771,5.52457,86.5307,-0.51362,-3.85916,25.8914,-0.0471253,-0.0327568,0.395505,4.1592,-1.22097,116.811
2.44052,6.39458,91.2787,-2.27845,-4.64517,21.6344,-0.0341775,-0.0237782,0.343814,4.33407,-0.584772,116.965
2.53908,6.48123,91.1918,-2.73758,-4.72657,19.0375,-0.0249975,-0.0175559,0.308197,4.63498,-0.370543,117.199
2.19196,6.74651,96.1322,-4.3374,-5.4384,14.3566,-0.019194,-0.0139812,0.285506,4.86254,0.266426,121.016
2.50629,6.8493,95.5605,-3.64707,-4.583,11.663,-0.0151426,-0.0114427,0.268357,5.32413,0.590854,120.702
2.40782,6.30076,100.645,-3.7211,-4.1667,9.06243,-0.0125019,-0.0103844,0.260167,5.00221,1.7425,124.254
2.5369,6.38832,100.755,-1.91182,-2.12068,5.17116,-0.010894,-0.00953003,0.253039,5.32961,2.13387,123.521
3.09104,5.30528,103.354,-1.44672,-1.5052,3.6319,-0.009778,-0.00987508,0.254019,3.25805,2.69828,122.884
3.34824,5.45206,103.018,-0.720377,-0.736857,2.13421,-0.00932993,-0.0100029,0.254862,3.65031,3.06057,122.509
4.04187,4.3794,100.356,-0.48695,-0.487489,1.5181,-0.0087906,-0.0115588,0.266839,1.93064,2.32894,122.604
4.24181,4.58865,100.153,-0.291969,-0.287729,1.08426,-0.00924482,-0.0126709,0.278261,2.4212,2.62302,122.344
4.51349,3.76451,93.6461,-0.208852,-0.205012,0.866928,-0.00920191,-0.0159079,0.306364,1.74786,1.27419,121.482
4.57784,4.00451,94.0063,-0.148679,-0.143585,0.715363,-0.0108285,-0.0187417,0.335995,2.30351,1.46379,121.469
4.25315,3.60333,87.3254,-0.119579,-0.114253,0.637971,-0.0112975,-0.0262352,0.399313,2.08468,-0.113642,118.806
4.23305,3.86113,88.1139,-0.0983934,-0.0917393,0.577416,-0.0156963,-0.0354685,0.479213,2.70293,-0.0393737,119.304
3.12272,3.6333,83.9541,-0.0906257,-0.080211,0.572037,-0.0178592,-0.0587996,0.643068,2.06943,-1.55261,119.336
3.12679,3.86039,84.8679,-0.0901547,-0.0759531,0.576741,-0.0329603,-0.108428,0.92212,2.76927,-1.51509,120.12
2.6619,5.05511,85.1371,-0.108698,-0.0804453,0.673706,-0.0389297,-0.305888,1.72816,1.94544,-2.37984,121.458
2.73096,5.27297,85.641,-0.153478,-0.107122,0.82802,-0.531455,-2.84644,6.89148,2.62022,-2.21723,122.293
2.30292,7.4592,86.6575,-0.355964,-0.194455,1.40432,-10.6394,-16.8309,44.1945,1.36978,-2.15282,117.216
2.34685,7.59071,86.9181,-2.44401,-1.28721,5.05138,-9.74953,-7.48409,43.3786,1.81027,-1.82184,117.623
1.16574,8.91417,79.8758,-24.945,-17.5345,45.1839,-6.58562,-4.79634,51.7943,0.55386,-0.979818,98.2905
1.34977,8.85867,79.1911,-9.77097,-14.9924,48.3846,-8.63495,-6.22161,60.9967,0.33335,-0.397993,96.6323
0.100665,8.48431,62.5021,-1.34806,-5.56257,54.4904,-5.72204,-3.89138,70.9223,-1.2669,-0.854387,62.3649
0.479837,8.30321,57.9715,-0.921393,-5.7615,59.5842,-5.52964,-3.83445,72.2102,-0.691529,-0.40914,61.5881
-0.49637,7.09306,44.1323,0.922989,1.62314,65.1542,-1.07009,1.20606,93.3556,-4.46414,-4.31047,14.7876
-0.621255,7.08537,41.135,0.834572,1.48306,66.7594,-0.91212,1.48617,93.8065,-2.7676,-2.38555,9.45614
-1.75771,6.30313,38.403,1.19112,5.79442,69.436,2.80141,6.63469,105.876,-1.67939,-1.86379,4.66388
-2.14707,5.97004,37.4669,1.06003,5.47291,70.4713,3.21575,6.61642,105.713,-0.583548,-0.669286,2.1821
-2.59489,5.19162,39.3874,0.841828,4.45846,72.875,3.68463,10.1293,107.321,-0.330766,-0.384785,1.38201
-2.95316,4.60951,38.8829,0.751587,4.14147,73.7171,3.97761,10.1985,107.456,-0.18896,-0.220537,0.983486
-3.74666,2.36685,33.8585,0.988198,1.43672,78.0169,3.45034,11.6263,107.532,-0.133492,-0.153744,0.780777
-4.09666,1.84393,31.4591,1.01335,1.22966,78.7529,3.67481,11.7553,108.019,-0.0958301,-0.10828,0.65438
-5.94005,-3.1427,18.0915,2.00697,-0.959081,86.0034,3.29041,11.2778,110.208,-0.0770174,-0.0861726,0.579309
-5.30634,-2.76277,14.5905,2.02726,-1.016,87.0456,3.47823,11.4858,110.778,-0.062348,-0.0685995,0.524219
-5.6421,-4.88637,11.7589,3.26742,-1.3757,95.2482,3.17472,10.1628,114.715,-0.0548316,-0.0595876,0.494462
-2.73995,-2.35835,6.31891,3.25861,-1.12398,96.0831,3.39801,10.4999,114.989,-0.0487347,-0.0517353,0.468719
-2.36303,-2.26295,5.17683,4.04781,-0.530619,104.645,2.27322,8.38206,119.394,-0.0460997,-0.0474838,0.462753
-1.07255,-1.04256,2.77508,4.11332,-0.0436607,104.933,2.58127,8.83149,119.355,-0.0443063,-0.0440548,0.457194
-0.818812,-0.812057,2.17845,4.01606,1.3512,107.122,1.02662,6.89742,123.278,-0.0458964,-0.0414404,0.477908
-0.530211,-0.536218,1.61168,4.25283,1.78825,107.39,1.36356,7.45769,122.998,-0.0483531,-0.041877,0.498131
-0.441061,-0.446015,1.39282,4.11321,3.26938,104.52,-0.137928,5.66722,124.136,-0.0560999,-0.0420417,0.556641
-0.341109,-0.348212,1.18394,4.42378,3.66231,104.824,0.181013,6.30644,123.979,-0.0672803,-0.0474141,0.626135
-0.302877,-0.306176,1.10083,4.49636,4.3821,100.187,-1.1279,4.81209,122.565,-0.0945194,-0.0540412,0.779693
-0.265131,-0.269524,1.02579,4.88216,4.73114,100.471,-0.810886,5.51805,122.736,-0.143503,-0.0774689,1.00431
-0.2602,-0.263016,1.06659,5.2023,4.49818,95.489,-1.82738,5.04172,120.617,-0.283877,-0.116067,1.53518
-0.283406,-0.288649,1.15765,5.61641,4.73888,96.036,-1.56031,5.76219,121.426,-0.715954,-0.306291,2.70626
4.88315,5.80946,73.9907,-0.174109,-0.137768,0.903201,-0.148977,-0.539367,2.37089,3.94284,-2.22863,128.135
3.6614,7.46218,92.5819,-0.358099,-0.245961,1.3733,-1.9749,-6.4554,12.7588,4.05684,-0.962798,119.095
4.44668,8.12737,85.4248,-1.12853,-0.753965,2.79955,-13.5169,-17.8492,46.3549,4.1319,-0.53804,120.564
2.84377,9.76262,79.7339,-11.0766,-7.317,18.553,-11.686,-10.1174,65.5371,2.03916,0.161047,102.13
2.94314,9.87693,80.3917,-15.7429,-12.5823,28.5141,-10.1487,-8.04679,65.3332,1.99666,0.591148,100.489
1.50342,9.29804,63.5676,-14.9623,-13.4722,49.2703,-6.30155,-4.78064,73.1351,-0.399577,-0.290241,66.2207
2.23767,8.7608,57.5986,-6.31804,-14.3379,76.6459,-5.9713,-4.48708,74.7087,0.31537,0.366044,65.277
0.469055,7.40709,43.4278,-0.96597,-1.48633,68.7655,-0.977214,0.773684,95.5109,-5.01257,-4.74426,16.4618
0.237956,7.33326,39.9081,-0.41455,-0.705238,67.6956,-0.621176,1.14006,95.8466,-3.35111,-2.90456,10.8055
-1.06812,6.47693,36.6449,0.205605,3.77933,70.1808,3.79489,6.41361,108.145,-2.24138,-2.4353,5.6844
-1.48201,6.18081,35.6961,0.115845,3.44348,71.2742,4.3216,6.48913,107.718,-0.724666,-0.812991,2.44039
-1.90192,5.4598,37.9114,-0.146714,2.47164,73.3716,5.00465,10.0855,109.093,-0.408667,-0.462667,1.52062
-2.26758,4.8631,37.6299,-0.185142,2.18312,74.0907,5.40034,10.219,109.041,-0.229591,-0.260659,1.05494
-3.30137,2.42614,32.2946,0.148191,-0.691449,78.481,4.99217,11.6909,108.69,-0.160967,-0.180133,0.827548
-3.75644,1.7989,29.4801,0.228799,-0.93925,79.2134,5.30644,11.8428,109.053,-0.114567,-0.12587,0.684425
-5.92655,-3.28191,16.9638,1.24087,-3.33582,86.4854,4.99689,11.58,110.952,-0.0910353,-0.0990772,0.599156
-5.12197,-2.89332,13.1764,1.30887,-3.37022,87.3646,5.25831,11.8444,111.409,-0.0729783,-0.0781464,0.535537
-5.62439,-4.8007,11.4246,2.40256,-3.88932,95.3444,4.93873,10.5983,115.425,-0.0630968,-0.0669314,0.4991
-2.76787,-2.37179,6.13771,2.47295,-3.61147,95.976,5.23848,10.9681,115.681,-0.0553611,-0.0574564,0.468078
-2.44886,-2.28409,5.17536,3.25563,-3.25998,104.237,4.20155,9.04753,120.22,-0.0515856,-0.0524466,0.456739
-1.16326,-1.09445,2.81148,3.38299,-2.80506,104.531,4.56287,9.49322,120.164,-0.0490162,-0.0484815,0.44723
-0.898457,-0.854548,2.21957,3.20712,-1.5159,106.489,3.07551,7.54781,123.981,-0.0505256,-0.0463267,0.462844
-0.593014,-0.569674,1.63704,3.50211,-1.11464,106.579,3.4764,8.0852,123.664,-0.0528466,-0.0468232,0.477705
-0.502659,-0.480091,1.42381,3.31657,0.466013,103.463,1.98115,6.30341,124.971,-0.0615003,-0.0490528,0.528183
-0.392715,-0.375203,1.20026,3.67313,0.752183,103.741,2.35331,6.89473,124.784,-0.0739286,-0.056492,0.589588
-0.347851,-0.327051,1.10065,3.69099,1.50516,98.957,1.00268,5.23556,123.224,-0.107081,-0.0708985,0.731054
-0.295649,-0.276493,0.990643,4.13426,1.70526,99.3039,1.35636,5.90477,123.459,-0.165073,-0.105876,0.936427
-0.27963,-0.258737,0.984449,4.4951,1.57042,94.4547,0.306066,5.33994,121.408,-0.354435,-0.200165,1.4667
-0.290995,-0.267542,1.01993,4.95386,1.70712,94.8855,0.670518,6.01326,121.93,-1.29837,-0.738365,3.32275
-0.391147,-0.359869,1.30403,5.84591,1.13007,88.5083,0.356565,6.28725,113.997,-11.8582,-8.08292,20.8617
-0.804773,-0.728686,2.14254,6.33205,1.15749,89.3296,0.826605,6.80792,115.029,-12.9095,-12.8967,28.6311
-6.9614,-6.17442,12.9186,7.12355,0.324064,80.1297,-0.0280507,6.04792,94.1297,-7.04171,-11.8635,36.0664
-21.8213,-18.3624,38.0684,7.19548,0.784603,80.3761,0.545748,6.296,93.5585,-5.18443,-13.6732,51.7815
-18.2856,-13.4558,41.0422,6.64117,-1.64299,66.1866,-2.76917,1.74324,57.0272,-2.89676,-13.6646,66.3849
-15.4661,-5.77364,67.7577,6.13497,0.0343289,61.4225,-2.34333,2.84956,56.9344,-2.87344,-13.2218,68.4986
-4.04902,0.988731,64.7773,4.93209,-2.51042,41.9998,-4.93296,-3.33413,12.167,-3.36356,-14.4479,111.06
-2.87612,1.72999,62.2424,5.24628,-2.3102,39.0114,-2.26293,-1.38179,6.29463,-3.00068,-13.9706,111.828
0.772142,2.80297,70.7042,4.64169,-3.34725,35.0815,-1.13239,-0.858176,2.86241,-0.819496,-10.9511,129.09
0.592602,2.61515,71.6824,4.42993,-3.54012,34.1667,-0.397697,-0.293524,1.39962,-0.631829,-9.99061,128.09
1.8047,3.61901,79.6039,2.71319,-3.22855,31.7152,-0.227603,-0.169789,0.897295,1.44738,-6.07825,122.95
1.71357,3.60295,79.834,2.23151,-3.38559,30.8982,-0.126423,-0.0924707,0.64245,1.54254,-5.54605,122.982
1.8482,4.93076,85.4823,0.426662,-3.5744,27.5779,-0.0854254,-0.0620158,0.50231,2.26233,-3.42598,116.517
1.88073,5.01013,85.5168,-0.078612,-3.74722,26.0193,-0.0569218,-0.040962,0.415268,2.45015,-3.10815,116.902
1.59792,5.89364,89.9717,-1.86701,-4.58974,22.0556,-0.0411685,-0.0296607,0.35917,2.66739,-2.40219,116.824
1.7079,6.01023,90.022,-2.47836,-4.73024,19.1176,-0.0300456,-0.0218434,0.320363,3.02054,-2.1544,117.12
1.24844,6.32876,95.2914,-4.31169,-5.45525,14.2372,-0.0230283,-0.0172755,0.295765,3.35759,-1.71573,121.365
1.61567,6.47283,94.7264,-3.58712,-4.52108,11.2984,-0.0181917,-0.0141186,0.277142,3.89778,-1.33141,121.065
1.53754,5.85474,99.5538,-3.90302,-4.33667,9.28285,-0.0150005,-0.0126158,0.26795,3.90631,-0.268544,126.209
1.73469,5.96313,99.6367,-2.03269,-2.2378,5.31359,-0.0130554,-0.0115183,0.259843,4.33379,0.211154,125.317
2.44403,4.89255,102.702,-1.63302,-1.68238,3.9215,-0.0117079,-0.0116282,0.259765,2.38315,1.20617,123.83
2.75478,5.05922,102.349,-0.81435,-0.826995,2.2769,-0.0111046,-0.0116376,0.259452,2.8299,1.62833,123.425
3.6835,4.1171,100.041,-0.564139,-0.558856,1.63636,-0.0104791,-0.013078,0.270212,1.00474,1.08222,122.721
3.91074,4.3421,99.8632,-0.334918,-0.326584,1.14763,-0.0109343,-0.0141922,0.280131,1.52106,1.41221,122.479
4.30153,3.61856,93.4915,-0.238461,-0.23093,0.909231,-0.0109896,-0.0174666,0.306259,0.71772,0.0516513,121.598
4.38032,3.86856,93.8875,-0.168018,-0.159825,0.741111,-0.012782,-0.0204003,0.333002,1.29307,0.267179,121.557
4.07139,3.39585,87.3534,-0.133628,-0.125451,0.654521,-0.013713,-0.028136,0.391305,1.00141,-1.40201,119.561
4.05644,3.65634,88.156,-0.108459,-0.0991222,0.586314,-0.0186234,-0.0374079,0.462061,1.63437,-1.30548,119.949
2.9816,3.37731,83.566,-0.0983311,-0.085882,0.574567,-0.0227132,-0.060383,0.605048,1.00775,-2.80738,119.96
2.98097,3.59643,84.4541,-0.0972014,-0.0808918,0.577631,-0.0395886,-0.107861,0.845894,1.68797,-2.74124,120.635
2.33578,4.6241,84.2235,-0.117615,-0.0872293,0.673346,-0.0635175,-0.279427,1.48697,0.960628,-3.6957,122.155
2.386,4.83282,84.8876,-0.166313,-0.11685,0.826441,-0.443243,-1.80516,4.62549,1.65619,-3.56161,122.917
2.04122,7.01508,85.8801,-0.38885,-0.223416,1.4071,-9.49078,-18.4241,37.0493,0.499176,-3.52357,118.132
2.13763,7.1091,86.3119,-2.74497,-1.54633,5.37662,-10.7703,-9.20887,40.458,1.04732,-3.27528,118.84
1.23451,8.58144,80.3517,-25.4726,-18.3319,43.7943,-6.93574,-5.43337,49.0375,0.105143,-2.2331,101.301
1.33433,8.54489,79.7399,-12.823,-15.9241,43.8891,-8.90474,-6.88389,59.0827,-0.139192,-1.61162,99.5169
0.186792,8.15382,62.5369,-3.03317,-8.15236,58.3357,-5.94267,-4.78687,69.4467,-1.36757,-1.53282,65.9043
0.54297,7.98253,57.9839,-1.7282,-7.36772,61.4557,-5.81928,-4.81891,71.0279,-0.817673,-1.09837,65.1622
-0.513925,6.80025,44.0242,0.375672,0.547677,65.9861,-1.49775,-0.114148,92.3411,-4.56683,-4.44269,15.8845
-0.630935,6.78868,40.9023,0.305912,0.42,67.4926,-1.38845,0.174504,92.936,-3.02956,-2.63173,10.4287
-1.87523,5.90408,37.5254,0.786062,4.89912,70.5756,2.36587,5.04078,105.59,-1.80712,-2.01191,5.02101
-2.25824,5.56456,36.3569,0.678049,4.58356,71.5244,2.73866,5.01996,105.589,-0.633057,-0.730627,2.33286
-2.80673,4.66519,38.0745,0.548319,3.59787,73.937,3.31872,8.44717,107.03,-0.349837,-0.409412,1.43771
-3.18063,4.05874,37.6492,0.453962,3.23303,74.778,3.60038,8.45921,107.178,-0.194131,-0.228509,1.00049
-3.96512,1.79098,32.8803,0.655067,0.33516,79.0455,3.0124,9.86627,106.978,-0.134101,-0.155681,0.781955
-4.33487,1.20732,30.375,0.677643,0.0622173,79.7761,3.21126,9.9166,107.481,-0.0945047,-0.107705,0.647561
-6.05807,-3.54926,17.6291,1.55324,-2.30503,86.9313,2.74743,9.44412,109.746,-0.0746991,-0.0841574,0.567358
-5.2514,-3.09715,13.9684,1.566,-2.41065,87.8577,2.91177,9.57107,110.311,-0.0595222,-0.0658649,0.508756
-5.50392,-4.85266,11.4622,2.62223,-3.03301,95.8806,2.5117,8.16,114.117,-0.0514903,-0.0561944,0.475849
-2.59064,-2.29228,6.02477,2.61138,-2.88516,96.6879,2.70558,8.38413,114.434,-0.0450607,-0.0479963,0.447744
-2.17117,-2.0913,4.81475,3.17917,-2.6914,105.184,1.45083,6.10017,118.735,-0.0419223,-0.043487,0.438502
-1.01706,-0.9931,2.65134,3.25207,-2.28432,105.347,1.73152,6.44707,118.766,-0.039649,-0.0397214,0.430145
-0.783046,-0.775926,2.09373,3.03367,-1.06354,107.034,0.18201,4.30697,122.529,-0.0405317,-0.0371576,0.445392
-0.518821,-0.523524,1.57069,3.2612,-0.769131,107.251,0.481264,4.73284,122.334,-0.0420826,-0.0369583,0.460453
-0.436892,-0.439463,1.36331,3.13866,0.591702,104.241,-1.0331,2.84639,123.794,-0.0484461,-0.0372455,0.508859
-0.340739,-0.344649,1.15744,3.42117,0.802652,104.541,-0.764441,3.32969,123.682,-0.0576287,-0.0416041,0.567605
-0.302869,-0.30205,1.06735,3.4955,1.41707,99.7673,-2.1542,1.77921,122.553,-0.0813619,-0.0481072,0.698608
-0.259714,-0.258205,0.970962,3.8489,1.55292,100.113,-1.92286,2.32739,122.784,-0.121767,-0.0676997,0.882592
-0.249133,-0.245509,0.978783,4.16136,1.31486,95.3756,-3.05729,1.70386,121.049,-0.24196,-0.104844,1.32589
-0.264404,-0.258778,1.02822,4.5205,1.38632,95.7865,-2.8407,2.24519,121.554,-0.722862,-0.29385,2.52775
-0.363091,-0.356588,1.34051,5.30224,0.739151,89.6089,-3.19761,2.56706,114.123,-6.39725,-2.81149,12.2924
-0.794919,-0.766026,2.27674,5.66879,0.727701,90.2698,-2.77543,2.83238,114.92,-12.781,-11.2919,31.0399
-7.82208,-7.35021,15.0872,6.48163,0.214477,81.3482,-2.9762,3.03748,95.467,-3.7119,-8.81281,35.328
-21.4625,-18.601,39.8179,6.4322,0.637201,81.5275,-2.58557,3.26107,95.0395,-2.60969,-10.0027,45.8491
-14.7026,-8.50567,52.0091,5.71136,-1.34633,64.3981,-4.57647,0.255543,56.0414,-0.996415,-11.0179,65.3955
-10.6188,-2.26425,61.2248,5.59005,-0.286475,60.7789,-4.21768,1.00093,56.5361,-1.36115,-11.3698,69.3033
-1.96104,2.2116,61.2342,4.7078,-2.87775,42.4707,-4.5492,-3.00211,11.5858,-1.01734,-11.866,111.054
-1.87604,2.22609,62.2021,4.96455,-2.66988,40.0059,-2.0364,-1.1886,6.13283,-0.764274,-11.4667,111.451
1.664,3.33336,71.5085,4.2417,-3.63928,35.9261,-0.921428,-0.679066,2.56114,1.61649,-8.29482,127.642
1.49171,3.14555,72.2197,3.98333,-3.81089,34.8424,-0.333635,-0.239582,1.31366,1.65368,-7.49705,126.846
2.82215,4.26588,80.6074,2.23172,-3.43728,32.0755,-0.188706,-0.136991,0.839121,3.46751,-3.82674,122.4
2.68656,4.22047,80.7672,1.72744,-3.57851,31.0817,-0.10488,-0.0745304,0.607071,3.4774,-3.3606,122.426
2.8375,5.57217,86.5271,-0.0568323,-3.73189,27.5545,-0.070727,-0.049732,0.476134,4.05468,-1.49388,116.459
2.82616,5.6161,86.5045,-0.568229,-3.88404,25.8286,-0.0471592,-0.0328217,0.39596,4.18593,-1.22382,116.796
2.54268,6.49221,91.2548,-2.31961,-4.66865,21.6104,-0.0341981,-0.0238209,0.344176,4.35879,-0.585767,116.942
2.63924,6.579,91.1682,-2.77198,-4.7522,19.0345,-0.025011,-0.0175855,0.308504,4.65831,-0.370251,117.172
2.29918,6.85433,96.1,-4.34509,-5.45989,14.3902,-0.0192052,-0.0140044,0.285784,4.88704,0.270859,120.983
2.6136,6.96013,95.5211,-3.65705,-4.61722,11.7214,-0.0151512,-0.011463,0.268617,5.35073,0.597135,120.671
2.51839,6.42373,100.611,-3.72569,-4.18799,9.08654,-0.0125106,-0.0104051,0.260427,5.03028,1.75063,124.229
2.64357,6.51273,100.726,-1.89541,-2.1094,5.14391,-0.0109021,-0.00955436,0.253302,5.35605,2.14246,123.498
3.20032,5.43467,103.325,-1.42088,-1.48147,3.58554,-0.00978825,-0.00990607,0.254303,3.28175,2.70937,122.856
3.46036,5.58132,102.978,-0.708082,-0.72553,2.11079,-0.00934117,-0.0100419,0.25517,3.67489,3.07331,122.477
4.15102,4.50622,100.315,-0.478766,-0.479948,1.50232,-0.00880677,-0.0116117,0.267207,1.95268,2.34327,122.569
4.35032,4.71535,100.113,-0.28774,-0.283882,1.07554,-0.009266,-0.0127413,0.278698,2.44289,2.63815,122.305
4.61364,3.88446,93.6057,-0.206146,-0.202544,0.861113,-0.00923429,-0.0160133,0.306947,1.768,1.29043,121.444
4.67705,4.12576,93.9702,-0.147017,-0.142091,0.711606,-0.0108772,-0.0188946,0.336769,2.32327,1.4812,121.427
4.34295,3.71723,87.2929,-0.118444,-0.113233,0.635331,-0.0113782,-0.0265042,0.400532,2.1027,-0.0951149,118.763
4.32252,3.97704,88.0877,-0.0976367,-0.091072,0.575689,-0.0158492,-0.0359424,0.481181,2.72055,-0.0193247,119.257
3.207,3.74439,83.933,-0.0901331,-0.0797671,0.570978,-0.0181608,-0.0599058,0.64709,2.08728,-1.5317,119.288
3.21229,3.97344,84.8525,-0.0898801,-0.0756906,0.576416,-0.0338512,-0.11149,0.93163,2.78783,-1.49289,120.07
2.74842,5.16921,85.1239,-0.108804,-0.0803949,0.674607,-0.0419127,-0.322361,1.76729,1.96519,-2.35633,121.407
2.81989,5.3905,85.6195,-0.154497,-0.107555,0.831659,-0.651999,-3.23975,7.49959,2.63416,-2.18433,122.235
2.39159,7.57511,86.646,-0.364045,-0.197784,1.42324,-11.1511,-17.1225,45.2213,1.37617,-2.11462,117.136
2.44248,7.713,86.9026,-2.66989,-1.40504,5.40371,-9.43539,-7.22062,42.3269,1.84988,-1.80654,117.593
1.27265,9.01406,79.8123,-25.4015,-18.1068,46.5505,-6.5484,-4.75751,51.5104,0.579459,-0.952875,98.2342
1.41483,8.97216,79.2139,-9.26322,-14.6595,48.0185,-8.71065,-6.26143,61.0238,0.322252,-0.368122,96.5615
0.142074,8.57497,62.537,-1.23727,-5.33117,53.8681,-5.79161,-3.92944,70.9233,-1.27796,-0.83835,62.2995
0.531739,8.38684,57.9665,-0.92337,-5.71332,59.4985,-5.58784,-3.86124,72.1987,-0.691231,-0.393658,61.5809
-0.454612,7.14349,44.1227,0.903287,1.6345,65.1653,-1.12541,1.16936,93.3224,-4.47871,-4.33857,15.0119
-0.578771,7.13459,41.1252,0.820221,1.50307,66.7556,-0.970775,1.45562,93.7883,-2.82297,-2.42847,9.70825
-1.71024,6.347,38.3881,1.18576,5.82241,69.4228,2.73953,6.6071,105.872,-1.72938,-1.92167,4.77855
-2.10032,6.01625,37.4496,1.05402,5.50582,70.4587,3.15074,6.59817,105.71,-0.596059,-0.683825,2.21658
-2.54246,5.24264,39.3769,0.836092,4.49037,72.8702,3.62284,10.1151,107.31,-0.337326,-0.392309,1.40011
-2.90035,4.66179,38.8822,0.744967,4.17653,73.7147,3.9148,10.1902,107.444,-0.1924,-0.224377,0.994218
-3.69822,2.41124,33.8834,0.980396,1.47397,78.0225,3.38874,11.6213,107.516,-0.135907,-0.156336,0.788612
-4.05759,1.87591,31.4746,1.00471,1.26286,78.7762,3.612,11.7497,108.008,-0.0975636,-0.110055,0.660519
-5.92862,-3.16889,18.0218,1.99953,-0.928015,86.0475,3.22695,11.2706,110.195,-0.0784478,-0.0875951,0.584629
-5.2677,-2.78957,14.4609,2.01931,-0.978998,87.0907,3.41546,11.4824,110.761,-0.063537,-0.0697419,0.528949
-5.5994,-4.87432,11.6875,3.2571,-1.31766,95.2772,3.10929,10.1685,114.69,-0.0559173,-0.0606037,0.498994
-2.70309,-2.33764,6.25055,3.25282,-1.05915,96.1036,3.33544,10.5083,114.966,-0.0497344,-0.0526476,0.47308
-2.31766,-2.22477,5.09486,4.04145,-0.451842,104.66,2.20559,8.39485,119.369,-0.0470924,-0.0483612,0.467274
-1.05139,-1.0235,2.73293,4.10944,0.0472935,104.927,2.51555,8.85014,119.331,-0.0453143,-0.0449241,0.461893
-0.800971,-0.794811,2.14243,4.00789,1.45867,107.101,0.952222,6.92672,123.252,-0.0470355,-0.0423217,0.483338
-0.51936,-0.525306,1.58786,4.24518,1.90265,107.36,1.29167,7.48872,122.973,-0.049682,-0.0428796,0.50441
-0.431768,-0.436553,1.37216,4.10411,3.39048,104.48,-0.215295,5.70531,124.111,-0.0578953,-0.04319,0.564949
-0.334154,-0.34102,1.16762,4.41607,3.7879,104.78,0.104908,6.34769,123.957,-0.0698519,-0.0489864,0.63736
-0.296568,-0.299647,1.08577,4.48941,4.50686,100.14,-1.20681,4.85868,122.545,-0.0992337,-0.0563329,0.798293
-0.259693,-0.263852,1.01239,4.87484,4.85702,100.429,-0.890095,5.56781,122.715,-0.153311,-0.082146,1.03771
-0.254477,-0.257016,1.05207,5.19103,4.6199,95.4573,-1.90995,5.09758,120.584,-0.315249,-0.127642,1.62058
-0.276634,-0.281668,1.14084,5.59742,4.87802,95.9213,-1.62634,5.81943,121.258,-0.859553,-0.367827,3.00346
4.88822,5.80834,73.9778,-0.174065,-0.137785,0.903068,-0.149144,-0.53881,2.36879,3.94516,-2.22914,128.142
3.66641,7.46117,92.5687,-0.357651,-0.245859,1.37229,-1.96315,-6.41738,12.6899,4.05974,-0.963889,119.102
4.45127,8.12665,85.412,-1.12319,-0.751142,2.79048,-13.4903,-17.867,46.24,4.13557,-0.539609,120.573
2.84519,9.76212,79.7281,-10.9916,-7.26154,18.4197,-11.7089,-10.1498,65.588,2.03836,0.161281,102.132
2.94593,9.87564,80.3834,-15.7373,-12.57,28.4793,-10.1578,-8.0569,65.3633,1.99757,0.590992,100.491
1.50536,9.29734,63.5618,-15.0471,-13.5053,49.1943,-6.30261,-4.78509,73.1388,-0.397494,-0.291501,66.2255
2.24225,8.75808,57.5829,-6.35471,-14.3869,76.731,-5.97128,-4.4894,74.7095,0.317372,0.366491,65.2761
0.472108,7.40543,43.4138,-0.975944,-1.50296,68.7867,-0.978794,0.770391,95.5149,-5.01228,-4.74358,16.4436
0.240111,7.33169,39.8953,-0.420589,-0.713943,67.6915,-0.622453,1.1363,95.849,-3.34735,-2.90221,10.7868
-1.06621,6.47491,36.6323,0.199581,3.77051,70.1755,3.79409,6.40863,108.147,-2.23804,-2.43142,5.67678
-1.48038,6.1786,35.6832,0.109877,3.43425,71.2685,4.3211,6.48392,107.719,-0.724071,-0.812247,2.43862
-1.9003,5.45772,37.8985,-0.152785,2.46273,73.3634,5.00416,10.0805,109.094,-0.408391,-0.462333,1.51982
-2.26602,4.86131,37.6207,-0.191037,2.17484,74.0798,5.39998,10.2144,109.042,-0.229465,-0.260512,1.05453
-3.3006,2.4235,32.2794,0.142217,-0.700528,78.4678,4.99187,11.6863,108.692,-0.160883,-0.180045,0.82728
-3.75955,1.78669,29.4161,0.223899,-0.952331,79.2043,5.30621,11.8364,109.056,-0.114508,-0.125822,0.684237
-5.91419,-3.29865,16.8902,1.23458,-3.35217,86.4788,4.99584,11.5732,110.956,-0.0909883,-0.0990456,0.599007
-5.09745,-2.90109,13.1195,1.30093,-3.37735,87.3409,5.25658,11.8427,111.411,-0.0729413,-0.0781211,0.535415
-5.63602,-4.82074,11.4561,2.39263,-3.88115,95.2883,4.93676,10.6055,115.425,-0.0630653,-0.0669025,0.498996
-2.84108,-2.43713,6.27032,2.4651,-3.58674,95.8855,5.23696,10.9854,115.683,-0.0553315,-0.05742,0.468001
-2.57943,-2.40624,5.40604,3.24768,-3.23549,104.14,4.19983,9.06642,120.225,-0.0515573,-0.0524042,0.456701
-1.22388,-1.15151,2.92199,3.37476,-2.79952,104.467,4.56048,9.50222,120.171,-0.0489948,-0.0484413,0.447246
-0.948838,-0.902658,2.31184,3.19665,-1.52337,106.448,3.07205,7.54954,123.988,-0.0505145,-0.0462899,0.462933
-0.62197,-0.597721,1.69215,3.49017,-1.13117,106.553,3.47185,8.08177,123.671,-0.0528515,-0.0467944,0.477888
-0.525842,-0.50246,1.46816,3.30375,0.446189,103.443,1.97571,6.297,124.976,-0.0615325,-0.0490315,0.528528
-0.408392,-0.390328,1.23109,3.65919,0.72969,103.723,2.34684,6.88642,124.788,-0.0740121,-0.056494,0.590183
-0.360451,-0.338975,1.12562,3.67663,1.4824,98.94,0.99531,5.2258,123.226,-0.107313,-0.0709491,0.732248
-0.304979,-0.285212,1.00956,4.11872,1.68132,99.2855,1.34777,5.89382,123.459,-0.165721,-0.106135,0.938909
-0.288146,-0.266519,1.00206,4.47916,1.54709,94.4351,0.296346,5.32813,121.407,-0.3573,-0.201448,1.47431
-0.300008,-0.275621,1.03856,4.93661,1.68291,94.8631,0.65983,5.99987,121.926,-1.32554,-0.753443,3.37129
-0.40713,-0.374071,1.33635,5.82843,1.10815,88.4807,0.349122,6.27081,113.985,-12.0691,-8.26524,21.2432
-0.861997,-0.77885,2.24745,6.31255,1.13466,89.3007,0.814381,6.79278,115.022,-12.7933,-12.8611,28.5772
-7.8796,-6.96137,14.4586,7.08004,0.354809,80.0207,-0.0438173,6.06266,94.1155,-6.89109,-11.7495,35.9854
-21.8747,-18.3098,38.1617,7.17381,0.767755,80.339,0.531764,6.2826,93.5532,-5.12232,-13.5903,51.6422
-17.8895,-12.936,41.0177,6.62504,-1.66567,66.1659,-2.77496,1.7274,57.0168,-2.87353,-13.6313,66.3427
-15.1223,-5.47186,67.224,6.12704,-0.00262204,61.4236,-2.35099,2.82675,56.9314,-2.85807,-13.2116,68.4961
-3.92794,1.07231,64.4322,4.927,-2.53539,41.9958,-4.93125,-3.334,12.1657,-3.33302,-14.428,111.052
-2.84665,1.75569,62.2086,5.23526,-2.32624,38.9939,-2.26194,-1.38107,6.2938,-2.97023,-13.9493,111.818
0.795784,2.82456,70.6941,4.63074,-3.36106,35.0633,-1.13099,-0.856807,2.86012,-0.785358,-10.9276,129.078
0.616917,2.63704,71.6652,4.41843,-3.55441,34.1495,-0.397285,-0.293091,1.39894,-0.599657,-9.96873,128.079
1.83109,3.643,79.5849,2.70174,-3.24232,31.6993,-0.227356,-0.16952,0.896859,1.47727,-6.05846,122.938
1.73862,3.62608,79.8159,2.2195,-3.39937,30.883,-0.126291,-0.0923229,0.642199,1.57133,-5.52746,122.971
1.87405,4.95497,85.4635,0.415659,-3.58666,27.5637,-0.0853384,-0.0619148,0.50213,2.28875,-3.40948,116.506
1.90534,5.03363,85.4986,-0.0899704,-3.75892,26.002,-0.0568659,-0.0408946,0.415141,2.47578,-3.09269,116.892
1.62257,5.91784,89.9536,-1.87682,-4.59831,22.0337,-0.0411298,-0.0296122,0.359073,2.69214,-2.38789,116.815
1.73172,6.03369,90.0041,-2.48824,-4.73564,19.0907,-0.0300187,-0.0218081,0.320289,3.04484,-2.14125,117.111
1.27531,6.35264,95.2686,-4.3144,-5.45364,14.2324,-0.0230085,-0.0172492,0.295707,3.38347,-1.70303,121.357
1.64722,6.49577,94.6923,-3.60059,-4.53302,11.3363,-0.0181757,-0.0140982,0.277097,3.92608,-1.31916,121.055
1.57562,5.87914,99.5064,-3.95048,-4.38592,9.38082,-0.0149865,-0.0125995,0.267918,3.9388,-0.255962,126.201
1.7738,5.98811,99.5854,-2.08566,-2.29516,5.42336,-0.013042,-0.0115035,0.259825,4.36738,0.222958,125.312
2.47711,4.9168,102.666,-1.6873,-1.73775,4.02496,-0.0116962,-0.0116153,0.259763,2.41277,1.21596,123.827
2.77881,5.08107,102.334,-0.835461,-0.848027,2.3193,-0.0110948,-0.0116263,0.259468,2.85414,1.63598,123.421
3.70384,4.13743,100.032,-0.576383,-0.570679,1.66096,-0.0104719,-0.0130693,0.270251,1.0266,1.08884,122.718
3.92948,4.36173,99.8575,-0.340457,-0.331789,1.15971,-0.0109295,-0.0141853,0.280198,1.54178,1.41792,122.476
4.31835,3.63633,93.4868,-0.241706,-0.23394,0.916734,-0.0109879,-0.0174641,0.306373,0.737623,0.0566058,121.595
4.39677,3.886,93.8829,-0.169896,-0.161525,0.745874,-0.0127849,-0.0204027,0.333179,1.31263,0.271379,121.554
4.08631,3.41159,87.3491,-0.13493,-0.126612,0.658065,-0.0137227,-0.0281532,0.391616,1.02032,-1.39857,119.558
4.07126,3.67195,88.1513,-0.109378,-0.0999208,0.589,-0.0186515,-0.0374532,0.462598,1.65322,-1.30273,119.946
2.99533,3.39172,83.5614,-0.099115,-0.0865376,0.576997,-0.022776,-0.060527,0.606167,1.02648,-2.80525,119.957
2.99467,3.61083,84.4491,-0.0979433,-0.08149,0.579962,-0.0398005,-0.108358,0.848523,1.70669,-2.73968,120.632
2.34921,4.63828,84.2179,-0.118611,-0.0879562,0.676368,-0.0642847,-0.282382,1.49667,0.979473,-3.69456,122.151
2.39958,4.84709,84.8798,-0.167965,-0.118008,0.830899,-0.462172,-1.86571,4.73048,1.67403,-3.55977,122.913
2.05478,7.02757,85.8707,-0.395156,-0.227077,1.42028,-9.70751,-18.5685,37.583,0.510149,-3.51658,118.114
2.15371,7.12199,86.3011,-2.86211,-1.61676,5.55771,-10.6464,-9.03078,40.1436,1.07198,-3.27955,118.841
1.25517,8.5911,80.3242,-25.608,-18.5232,44.1321,-6.87461,-5.37261,48.8418,0.127342,-2.23507,101.301
1.34185,8.55929,79.7391,-12.6199,-15.7729,43.6295,-8.90474,-6.87679,59.0768,-0.12683,-1.6129,99.5138
0.191961,8.16479,62.5384,-2.98277,-8.07384,58.121,-5.94649,-4.78203,69.4532,-1.3587,-1.53464,65.9044
0.551758,7.99065,57.976,-1.72254,-7.35934,61.4295,-5.81959,-4.81036,71.0252,-0.807604,-1.09896,65.1508
-0.506174,6.80649,44.0132,0.378033,0.549127,65.9829,-1.49893,-0.100857,92.3421,-4.56852,-4.43971,15.8329
-0.624168,6.79399,40.892,0.307929,0.421896,67.4846,-1.38855,0.186911,92.9327,-3.02267,-2.62608,10.3783
-1.86936,5.90789,37.518,0.788276,4.89962,70.5677,2.36787,5.05289,105.583,-1.80137,-2.00359,5.0047
-2.25279,5.56801,36.3508,0.680134,4.58344,71.5172,2.74088,5.03154,105.582,-0.632023,-0.728704,2.32858
-2.8009,4.66905,38.0686,0.550333,3.59787,73.9291,3.32123,8.45908,107.022,-0.349443,-0.408593,1.43596
-3.17493,4.06272,37.6456,0.456088,3.2332,74.7693,3.60314,8.47115,107.17,-0.194003,-0.228157,0.999694
-3.96038,1.79403,32.8747,0.657288,0.335237,79.036,3.01538,9.87832,106.97,-0.134045,-0.155486,0.781526
-4.33134,1.20559,30.3464,0.680469,0.0604485,79.769,3.21447,9.9279,107.474,-0.0944881,-0.107596,0.647335
-6.04994,-3.55717,17.5901,1.55597,-2.30837,86.9265,2.75041,9.4554,109.74,-0.0747016,-0.0840917,0.567249
-5.23741,-3.1015,13.9349,1.56821,-2.41009,87.8462,2.91472,9.58472,110.304,-0.0595387,-0.0658255,0.508732
-5.50947,-4.86277,11.4767,2.62438,-3.02512,95.8547,2.51489,8.17837,114.11,-0.0515176,-0.0561699,0.475893
-2.61925,-2.31919,6.07751,2.61471,-2.87069,96.6488,2.70922,8.4068,114.427,-0.0450957,-0.0479812,0.447851
-2.21642,-2.13532,4.89629,3.1834,-2.6777,105.145,1.45466,6.12356,118.731,-0.0419679,-0.0434815,0.438684
-1.03666,-1.01241,2.68823,3.25663,-2.27795,105.32,1.73555,6.46663,118.761,-0.0397069,-0.0397272,0.430405
-0.799066,-0.791911,2.12405,3.03843,-1.06099,107.014,0.186171,4.32503,122.526,-0.0406119,-0.0371761,0.445772
-0.528396,-0.53323,1.58962,3.26619,-0.768969,107.234,0.485502,4.74982,122.33,-0.0421907,-0.0369954,0.460975
-0.444747,-0.447354,1.37889,3.14388,0.590859,104.225,-1.02878,2.86307,123.791,-0.0486125,-0.0373073,0.509647
-0.346376,-0.35028,1.16893,3.42667,0.801128,104.526,-0.76008,3.34636,123.678,-0.0578905,-0.0417169,0.568787
-0.307751,-0.306795,1.07735,3.50101,1.41529,99.7523,-2.14997,1.7958,122.55,-0.0818858,-0.0483189,0.700729
-0.263722,-0.262009,0.9793,3.85464,1.55081,100.097,-1.91871,2.34435,122.78,-0.122901,-0.0682078,0.886573
-0.253252,-0.249295,0.98746,4.16689,1.31272,95.3601,-3.05341,1.72099,121.045,-0.245749,-0.106339,1.33644
-0.269324,-0.263183,1.0385,4.52622,1.38389,95.7702,-2.83663,2.26249,121.55,-0.745849,-0.303556,2.57357
-0.372758,-0.365218,1.36027,5.30807,0.737967,89.587,-3.18855,2.57986,114.11,-6.72267,-3.01013,12.8292
-0.833411,-0.800533,2.3482,5.67436,0.723877,90.2527,-2.76698,2.84447,114.908,-12.6705,-11.3722,31.1453
-8.43853,-7.88645,16.1331,6.4702,0.247817,81.2776,-2.97922,3.07442,95.462,-3.55974,-8.66798,35.0161
-21.441,-18.4573,39.7863,6.43951,0.634309,81.5147,-2.583,3.27572,95.0369,-2.56251,-9.93645,45.6783
-14.4733,-8.20783,51.8251,5.71993,-1.35697,64.3996,-4.57281,0.257925,56.0373,-0.989523,-11.0132,65.3923
-10.4983,-2.17203,60.8293,5.60252,-0.302442,60.7883,-4.21419,1.00252,56.5325,-1.35595,-11.3695,69.3072
-1.95014,2.22984,61.1812,4.71343,-2.88295,42.467,-4.546,-3.00098,11.5776,-1.00403,-11.8565,111.045
-1.87889,2.23389,62.2007,4.96868,-2.67314,39.9991,-2.03393,-1.18729,6.12661,-0.751643,-11.4562,111.44
1.66196,3.34276,71.4999,4.24531,-3.64255,35.9209,-0.92086,-0.678635,2.5599,1.63046,-8.28249,127.629
1.48989,3.1552,72.2095,3.98666,-3.81438,34.8382,-0.333562,-0.239511,1.31341,1.66697,-7.4848,126.833
2.8197,4.27655,80.5975,2.2346,-3.44047,32.072,-0.188707,-0.136983,0.839088,3.48032,-3.81447,122.387
2.68387,4.23096,80.7581,1.73018,-3.58171,31.0794,-0.104896,-0.0745352,0.607101,3.48989,-3.34825,122.413
2.83452,5.58344,86.518,-0.0544615,-3.73464,27.5531,-0.0707458,-0.0497413,0.476188,4.06651,-1.4818,116.446
2.82305,5.62731,86.4961,-0.5666,-3.88679,25.8258,-0.0471765,-0.0328309,0.396025,4.19762,-1.21163,116.784
2.53907,6.5041,91.247,-2.31986,-4.67079,21.6027,-0.034214,-0.02383,0.344248,4.37032,-0.573481,116.93
2.63539,6.59084,91.1618,-2.77375,-4.75326,19.02,-0.0250253,-0.0175943,0.308581,4.66973,-0.357927,117.16
2.2953,6.86673,96.0938,-4.34474,-5.45661,14.378,-0.0192185,-0.014013,0.285868,4.89891,0.283728,120.971
2.61048,6.97236,95.5145,-3.65654,-4.61218,11.7098,-0.0151636,-0.0114718,0.268707,5.36294,0.610176,120.659
2.51622,6.43693,100.603,-3.72633,-4.18556,9.08401,-0.0125228,-0.0104144,0.260527,5.04335,1.76468,124.216
2.64248,6.52651,100.716,-1.8996,-2.11233,5.15031,-0.0109144,-0.00956455,0.253412,5.36971,2.157,123.484
3.19887,5.44938,103.315,-1.42567,-1.4855,3.59368,-0.0098016,-0.00991764,0.254431,3.29492,2.72438,122.843
3.45823,5.59633,102.971,-0.710433,-0.72743,2.11499,-0.00935619,-0.0100558,0.255317,3.68771,3.08862,122.463
4.1488,4.52141,100.308,-0.480329,-0.4812,1.50519,-0.00882488,-0.0116295,0.267387,1.96516,2.35902,122.556
4.34805,4.73112,100.106,-0.288632,-0.284565,1.07732,-0.00928871,-0.0127653,0.278918,2.45549,2.65438,122.292
4.61163,3.89978,93.5992,-0.206787,-0.203034,0.862485,-0.00926467,-0.0160483,0.307243,1.78049,1.30693,121.431
4.67503,4.14188,93.9636,-0.147483,-0.14244,0.712703,-0.0109205,-0.0189474,0.337166,2.33605,1.49829,121.415
4.34119,3.73282,87.2864,-0.118849,-0.113537,0.636358,-0.0114447,-0.0265979,0.401154,2.11529,-0.0780041,118.751
4.32069,3.99359,88.081,-0.0979963,-0.0913405,0.576672,-0.0159665,-0.0361168,0.482179,2.73351,-0.00146565,119.246
3.20529,3.76086,83.9263,-0.0905222,-0.0800477,0.572103,-0.018386,-0.0603291,0.649095,2.10035,-1.51338,119.277
3.2104,3.99101,84.8456,-0.0903325,-0.076013,0.577752,-0.0344529,-0.112741,0.936294,2.80122,-1.47361,120.06
2.74639,5.18772,85.1164,-0.109541,-0.0808679,0.676735,-0.0439714,-0.32956,1.78622,1.97863,-2.33594,121.396
2.81854,5.41031,85.6065,-0.155948,-0.108461,0.835464,-0.721473,-3.42782,7.7984,2.64504,-2.15944,122.221
2.38917,7.59332,86.6387,-0.370464,-0.201086,1.43664,-11.3917,-17.1867,45.655,1.38351,-2.0883,117.112
2.44379,7.73304,86.8918,-2.80918,-1.48238,5.6174,-9.29,-7.08056,41.8479,1.87418,-1.79118,117.591
1.28306,9.02852,79.7754,-25.584,-18.3662,47.0926,-6.52834,-4.71981,51.3848,0.59861,-0.93401,98.2256
1.40642,8.99524,79.2184,-9.05548,-14.4787,47.6836,-8.73791,-6.26168,61.0435,0.330205,-0.349571,96.5518
0.135935,8.5929,62.5412,-1.19302,-5.24551,53.6333,-5.8155,-3.92385,70.9255,-1.27196,-0.827734,62.2969
0.530359,8.40192,57.9593,-0.920829,-5.69833,59.4816,-5.60873,-3.85117,72.1925,-0.68385,-0.380837,61.5664
-0.454275,7.15517,44.1121,0.901496,1.64467,65.1683,-1.15273,1.18608,93.3195,-4.47863,-4.33643,14.972
-0.579026,7.14559,41.1156,0.818428,1.51545,66.7512,-0.996937,1.47212,93.781,-2.8162,-2.42304,9.66931
-1.71032,6.35662,38.3815,1.18412,5.83494,69.4176,2.71265,6.62557,105.86,-1.7259,-1.9167,4.76888
-2.10047,6.02598,37.4445,1.05212,5.51899,70.4543,3.12406,6.61707,105.698,-0.595974,-0.683191,2.21545
-2.54273,5.25394,39.3721,0.833774,4.50521,72.8659,3.59597,10.1364,107.298,-0.337622,-0.392377,1.40055
-2.90059,4.67347,38.878,0.742435,4.1926,73.7106,3.8878,10.2127,107.432,-0.19272,-0.22456,0.995044
-3.69815,2.42175,33.8787,0.977329,1.49243,78.0188,3.36161,11.6456,107.504,-0.136229,-0.156566,0.789613
-4.05713,1.88625,31.4673,1.00144,1.28261,78.7731,3.58453,11.7755,107.996,-0.0978607,-0.110274,0.661605
-5.9258,-3.16504,18.0147,1.99553,-0.904655,86.0449,3.19844,11.2984,110.183,-0.0787459,-0.0878256,0.585822
-5.26538,-2.78498,14.4597,2.01472,-0.952556,87.0862,3.38643,11.5127,110.748,-0.0638279,-0.0699681,0.530229
-5.60438,-4.87787,11.6972,3.25182,-1.28566,95.2703,3.07854,10.202,114.677,-0.0562253,-0.0608444,0.500426
-2.71136,-2.3437,6.26493,3.24719,-1.02435,96.0956,3.30416,10.5442,114.953,-0.0500562,-0.0528991,0.474648
-2.32784,-2.23427,5.11284,4.03465,-0.412406,104.654,2.17179,8.43323,119.357,-0.0474545,-0.0486358,0.469092
-1.05415,-1.02608,2.73786,4.10196,0.08767,104.924,2.48114,8.88971,119.319,-0.0457227,-0.0452307,0.463967
-0.802115,-0.795956,2.1444,3.9997,1.50233,107.097,0.915253,6.96923,123.239,-0.0475471,-0.0426614,0.485937
-0.519364,-0.525328,1.58763,4.23629,1.94985,107.355,1.25411,7.534,122.96,-0.0503283,-0.0433063,0.507619
-0.431226,-0.436035,1.37082,4.09503,3.43985,104.472,-0.254659,5.75347,124.099,-0.0588392,-0.0437135,0.569446
-0.333387,-0.340276,1.16575,4.40618,3.84154,104.769,0.0647769,6.39934,123.945,-0.0712874,-0.0497708,0.643731
-0.295589,-0.298688,1.08339,4.47933,4.56195,100.126,-1.24804,4.91279,122.534,-0.102035,-0.0575573,0.809334
-0.258647,-0.262838,1.00981,4.86375,4.91667,100.412,-0.932407,5.6261,122.704,-0.159475,-0.0848975,1.05839
-0.253244,-0.255786,1.04893,5.17959,4.68098,95.4351,-1.95296,5.15855,120.574,-0.336504,-0.135164,1.67658
-0.275124,-0.280189,1.1371,5.58477,4.94235,95.8993,-1.66966,5.88386,121.247,-0.967869,-0.413952,3.21791
4.88744,5.80839,73.9791,-0.174071,-0.137784,0.903098,-0.149302,-0.538856,2.3685,3.94558,-2.22995,128.144
3.66567,7.46121,92.5703,-0.35774,-0.245902,1.3725,-1.96409,-6.41361,12.6803,4.06027,-0.964791,119.104
4.4507,8.12672,85.4131,-1.12419,-0.751759,2.79216,-13.4879,-17.8758,46.2119,4.13649,-0.540786,120.576
2.84487,9.76178,79.7289,-11.0051,-7.27105,18.4407,-11.7152,-10.1593,65.5985,2.03878,0.160523,102.134
2.94506,9.87549,80.3857,-15.7347,-12.5682,28.4752,-10.1615,-8.06103,65.3719,1.99753,0.590192,100.492
1.50431,9.29728,63.5648,-15.0472,-13.5021,49.1819,-6.30394,-4.78777,73.1394,-0.397544,-0.29234,66.2259
2.24136,8.7578,57.5853,-6.35611,-14.3876,76.7329,-5.97234,-4.49192,74.7091,0.317328,0.365651,65.277
0.471446,7.40487,43.4163,-0.976988,-1.50463,68.7915,-0.97991,0.76694,95.5142,-5.01272,-4.74341,16.4481
0.239587,7.33101,39.8983,-0.42136,-0.715358,67.6953,-0.623541,1.1326,95.8486,-3.34883,-2.90214,10.7918
-1.06662,6.47413,36.6354,0.198828,3.76905,70.1794,3.79286,6.40441,108.147,-2.2392,-2.43219,5.6789
-1.48076,6.17778,35.6863,0.108953,3.4327,71.2727,4.3198,6.47959,107.719,-0.724386,-0.812383,2.43929
-1.90075,5.45685,37.9018,-0.153927,2.46096,73.3682,5.00287,10.076,109.094,-0.408576,-0.46242,1.52022
-2.26649,4.8605,37.6244,-0.192429,2.17295,74.0851,5.3986,10.2096,109.042,-0.229576,-0.260557,1.0548
-3.30098,2.42292,32.2856,0.140455,-0.702412,78.4736,4.99048,11.6814,108.691,-0.160971,-0.180081,0.82751
-3.76012,1.7861,29.4261,0.221802,-0.954114,79.2103,5.30474,11.8313,109.054,-0.114579,-0.125847,0.684441
-5.91645,-3.30107,16.8931,1.23225,-3.35501,86.4872,4.99431,11.5672,110.954,-0.0910523,-0.0990698,0.599205
-5.09776,-2.90325,13.1056,1.299,-3.38406,87.3557,5.25521,11.8344,111.41,-0.0729987,-0.0781447,0.535608
-5.61644,-4.8028,11.4137,2.39076,-3.8943,95.3144,4.93544,10.593,115.424,-0.0631208,-0.0669304,0.499194
-2.79767,-2.40065,6.19017,2.46191,-3.6064,95.924,5.23537,10.9686,115.68,-0.055386,-0.0574531,0.468197
-2.50924,-2.3414,5.28131,3.24384,-3.25468,104.177,4.19812,9.04884,120.219,-0.0516143,-0.0524426,0.4569
-1.19349,-1.12318,2.86575,3.37084,-2.80894,104.486,4.55898,9.48975,120.164,-0.0490516,-0.0484815,0.447443
-0.924222,-0.87927,2.26617,3.19336,-1.5281,106.456,3.07066,7.53918,123.98,-0.0505767,-0.0463324,0.463147
-0.608132,-0.584373,1.66533,3.4872,-1.13301,106.556,3.4707,8.07301,123.663,-0.0529186,-0.0468419,0.478118
-0.51489,-0.491915,1.44686,3.30122,0.445033,103.444,1.97455,6.28851,124.969,-0.0616177,-0.0490885,0.52881
-0.401131,-0.38332,1.21656,3.65687,0.728764,103.722,2.34579,6.87817,124.781,-0.0741234,-0.056571,0.590536
-0.35483,-0.333639,1.11432,3.67464,1.48139,98.9388,0.994215,5.21769,123.219,-0.107505,-0.0710722,0.732798
-0.301099,-0.281547,1.00162,4.11692,1.68004,99.2843,1.34677,5.88565,123.453,-0.166083,-0.106376,0.93984
-0.285136,-0.26373,0.995851,4.47757,1.54568,94.4338,0.295345,5.32012,121.401,-0.358452,-0.202162,1.47674
-0.297633,-0.273437,1.03379,4.93522,1.68114,94.862,0.659064,5.99153,121.921,-1.33386,-0.758754,3.38525
-0.405024,-0.372173,1.33244,5.82712,1.10641,88.479,0.349366,6.26223,113.978,-12.121,-8.31526,21.3363
-0.862628,-0.779345,2.24921,6.31153,1.13214,89.3004,0.813645,6.78453,115.018,-12.763,-12.8473,28.5401
-8.01375,-7.07628,14.6849,7.07521,0.360412,80.0083,-0.0454511,6.06053,94.112,-6.87522,-11.7326,35.9463
-22,-18.3958,38.3783,7.16866,0.77316,80.3274,0.53047,6.27922,93.5493,-5.12098,-13.5847,51.6302
-17.843,-12.8342,41.2116,6.62039,-1.66217,66.1575,-2.77539,1.72423,57.0118,-2.87707,-13.6295,66.3416
-15.0222,-5.38065,67.108,6.12845,-0.0084841,61.4299,-2.35098,2.81958,56.9298,-2.86182,-13.2127,68.4939
-3.88706,1.09918,64.3062,4.92892,-2.5409,42.0023,-4.93133,-3.33399,12.1657,-3.33691,-14.4298,111.048
-2.84016,1.76113,62.1997,5.23502,-2.32848,38.9953,-2.2619,-1.38082,6.29376,-2.97342,-13.9505,111.814
0.798985,2.82751,70.6969,4.63017,-3.36253,35.0634,-1.13085,-0.856447,2.85976,-0.788858,-10.9293,129.075
0.620767,2.64039,71.665,4.41778,-3.55583,34.1498,-0.397253,-0.292972,1.39886,-0.6032,-9.97073,128.076
1.83542,3.6468,79.5844,2.70109,-3.24368,31.7,-0.227339,-0.16945,0.896814,1.47401,-6.06072,122.936
1.74279,3.62981,79.8156,2.21873,-3.40063,30.8836,-0.126285,-0.0922846,0.642184,1.56799,-5.52999,122.968
1.87837,4.95888,85.4636,0.41489,-3.58771,27.5643,-0.0853354,-0.0618895,0.502127,2.28561,-3.41215,116.504
1.9096,5.03741,85.4988,-0.0906347,-3.75997,26.0041,-0.0568648,-0.0408779,0.415145,2.47261,-3.09561,116.889
1.62721,5.92174,89.9535,-1.87711,-4.59961,22.0402,-0.0411299,-0.0296004,0.359083,2.68904,-2.39101,116.812
1.73627,6.03746,90.0041,-2.48862,-4.73779,19.0997,-0.0300193,-0.0217994,0.320304,3.04168,-2.1446,117.108
1.27906,6.3567,95.2706,-4.31493,-5.45527,14.2333,-0.0230098,-0.0172427,0.295726,3.37963,-1.7068,121.354
1.64877,6.49959,94.6989,-3.59625,-4.52826,11.3205,-0.0181778,-0.0140931,0.27712,3.92114,-1.32342,121.053
1.575,5.8828,99.5183,-3.9311,-4.36479,9.33994,-0.0149895,-0.012596,0.267945,3.93232,-0.260878,126.198
1.77276,5.99116,99.5985,-2.06579,-2.27302,5.38165,-0.0130461,-0.0115012,0.259855,4.36055,0.217753,125.307
2.47827,4.92029,102.674,-1.6669,-1.7165,3.98583,-0.0117009,-0.0116144,0.259797,2.40712,1.21116,123.822
2.78257,5.08489,102.335,-0.827751,-0.840079,2.30373,-0.0111,-0.0116261,0.259506,2.85025,1.63134,123.416
3.70813,4.14123,100.033,-0.571918,-0.566175,1.65198,-0.0104776,-0.0130704,0.270295,1.02323,1.08419,122.713
3.93404,4.36548,99.857,-0.338499,-0.329819,1.15546,-0.0109363,-0.0141874,0.280251,1.53887,1.41307,122.472
4.32262,3.6398,93.4861,-0.240608,-0.232823,0.914233,-0.0109961,-0.0174685,0.306443,0.73488,0.0516347,121.59
4.40108,3.88948,93.8822,-0.169308,-0.160918,0.744429,-0.0127961,-0.0204096,0.33327,1.31016,0.266208,121.55
4.09027,3.41483,87.3484,-0.134576,-0.126233,0.657138,-0.0137384,-0.0281675,0.391756,1.01798,-1.40381,119.554
4.07524,3.67524,88.1507,-0.109176,-0.099692,0.588444,-0.0186781,-0.0374799,0.462816,1.65108,-1.30817,119.943
2.99904,3.3949,83.5609,-0.0990049,-0.0863921,0.576671,-0.0228239,-0.0605945,0.606585,1.02441,-2.81083,119.954
2.99837,3.61407,84.4487,-0.0979063,-0.0814064,0.579849,-0.0399224,-0.108559,0.849449,1.70476,-2.74546,120.629
2.3529,4.64157,84.2176,-0.118679,-0.0879329,0.67654,-0.0646848,-0.283453,1.49993,0.977541,-3.70051,122.148
2.40332,4.85044,84.8791,-0.168272,-0.118118,0.831656,-0.469531,-1.88628,4.76549,1.67184,-3.56554,122.909
2.05864,7.03036,85.87,-0.397129,-0.227952,1.42417,-9.78196,-18.6151,37.748,0.506252,-3.52056,118.107
2.15877,7.12481,86.2995,-2.91295,-1.64532,5.6348,-10.6083,-8.97642,40.0388,1.07274,-3.28721,118.84
1.2632,8.59231,80.3145,-25.7031,-18.6211,44.3323,-6.85742,-5.35436,48.7833,0.128897,-2.24086,101.299
1.34424,8.5626,79.7408,-12.5346,-15.7157,43.5615,-8.9061,-6.87514,59.0758,-0.129546,-1.6183,99.5108
0.192725,8.16781,62.543,-2.95811,-8.03421,58.0267,-5.94863,-4.78139,69.4545,-1.36063,-1.5385,65.9013
0.553976,7.99252,57.9768,-1.72078,-7.35196,61.4138,-5.82044,-4.80839,71.0231,-0.808625,-1.10304,65.15
-0.504125,6.80713,44.0135,0.376616,0.549311,65.9853,-1.49861,-0.0989818,92.3379,-4.56897,-4.43947,15.8448
-0.62193,6.79445,40.8926,0.306998,0.422466,67.4855,-1.38821,0.188389,92.9295,-3.02545,-2.62639,10.391
-1.86714,5.90833,37.5184,0.787894,4.90064,70.5676,2.36841,5.05463,105.58,-1.80328,-2.00497,5.0087
-2.25057,5.56843,36.3511,0.679677,4.58452,71.5171,2.74139,5.03319,105.579,-0.63253,-0.728975,2.32984
-2.79869,4.66958,38.069,0.549675,3.59887,73.9292,3.322,8.46073,107.019,-0.349701,-0.40872,1.4366
-3.17282,4.06328,37.646,0.45528,3.23417,74.7696,3.60386,8.47273,107.167,-0.194142,-0.228214,1.00009
-3.95863,1.79462,32.8762,0.656094,0.336229,79.0365,3.01617,9.87991,106.967,-0.134146,-0.155527,0.781828
-4.32969,1.2062,30.3493,0.679131,0.0614361,79.7697,3.21523,9.92943,107.471,-0.0945651,-0.107625,0.647589
-6.04977,-3.55737,17.5903,1.55432,-2.30772,86.9279,2.75111,9.4567,109.737,-0.0747689,-0.0841186,0.567485
-5.23656,-3.10154,13.9285,1.56674,-2.41082,87.8498,2.91551,9.58518,110.301,-0.0595976,-0.0658503,0.508955
-5.50273,-4.85574,11.4614,2.62291,-3.02788,95.8617,2.51566,8.17756,114.106,-0.0515741,-0.0561969,0.476119
-2.60595,-2.30722,6.05192,2.61288,-2.87534,96.6592,2.70998,8.40466,114.423,-0.0451505,-0.0480102,0.448079
-2.19794,-2.11726,4.86227,3.18136,-2.68143,105.154,1.45525,6.12175,118.726,-0.0420248,-0.0435138,0.438927
-1.02937,-1.00512,2.67395,3.25469,-2.27854,105.323,1.73623,6.46655,118.757,-0.039766,-0.0397621,0.430663
-0.793535,-0.786238,2.11314,3.03673,-1.06028,107.013,0.186675,4.32569,122.521,-0.0406794,-0.0372144,0.446071
-0.525374,-0.530024,1.58328,3.26461,-0.767615,107.232,0.486099,4.75085,122.325,-0.0422694,-0.0370415,0.461322
-0.442503,-0.444952,1.37414,3.14253,0.592348,104.223,-1.02838,2.86428,123.786,-0.0487182,-0.0373646,0.510101
-0.344978,-0.348745,1.16583,3.4254,0.802628,104.523,-0.759643,3.34765,123.673,-0.0580396,-0.0418001,0.569395
-0.306756,-0.305692,1.0751,3.49989,1.41669,99.7496,-2.14976,1.7972,122.545,-0.0821551,-0.0484525,0.70172
-0.26312,-0.26131,0.977886,3.85355,1.55211,100.095,-1.9185,2.34581,122.776,-0.123434,-0.0684828,0.888289
-0.252892,-0.248834,0.986568,4.16583,1.31389,95.3575,-3.05337,1.72256,121.041,-0.247384,-0.10707,1.3407
-0.269215,-0.262945,1.03817,4.52517,1.38497,95.7676,-2.83651,2.26402,121.545,-0.755088,-0.307756,2.5913
-0.373154,-0.365379,1.36099,5.30718,0.73922,89.5825,-3.18651,2.57996,114.103,-6.84276,-3.0872,13.0258
-0.837127,-0.803464,2.35495,5.67355,0.723745,90.2508,-2.76558,2.84419,114.902,-12.6289,-11.3942,31.1552
-8.52296,-7.9553,16.2732,6.46725,0.252761,81.2686,-2.98077,3.07919,95.46,-3.51608,-8.62183,34.8973
-21.463,-18.4478,39.8247,6.43784,0.635911,81.5107,-2.58364,3.27759,95.0338,-2.55167,-9.91938,45.6298
-14.4384,-8.14926,51.8437,5.71871,-1.35686,64.3978,-4.57275,0.258103,56.0336,-0.990752,-11.0132,65.3946
-10.4704,-2.14758,60.7467,5.60334,-0.305253,60.7908,-4.21413,1.00163,56.5304,-1.35729,-11.3694,69.3071
-1.94519,2.23849,61.1674,4.71302,-2.88384,42.4667,-4.54707,-3.00049,11.5794,-1.00418,-11.8535,111.039
-1.87764,2.23996,62.2011,4.96801,-2.67352,39.9977,-2.03493,-1.18713,6.1286,-0.751699,-11.4532,111.435
1.6636,3.34972,71.499,4.24464,-3.64288,35.9195,-0.9213,-0.678704,2.56059,1.63077,-8.27907,127.623
1.49169,3.16243,72.2079,3.98592,-3.81462,34.8368,-0.333706,-0.239514,1.31369,1.66715,-7.48141,126.827
2.82159,4.28471,80.5958,2.23391,-3.44063,32.0707,-0.188787,-0.136987,0.839257,3.48075,-3.81108,122.381
2.68574,4.23922,80.7563,1.72941,-3.58175,31.078,-0.104941,-0.0745357,0.607218,3.49023,-3.34482,122.407
2.83648,5.59243,86.5161,-0.0551878,-3.73457,27.5517,-0.0707764,-0.0497425,0.47628,4.0669,-1.47842,116.44
2.82498,5.63639,86.4942,-0.567388,-3.88664,25.8241,-0.0471978,-0.0328318,0.396102,4.19793,-1.20818,116.778
2.54106,6.51386,91.2451,-2.32061,-4.67049,21.601,-0.0342304,-0.0238312,0.344318,4.37061,-0.569906,116.923
2.6374,6.6007,91.1597,-2.77441,-4.75282,19.0184,-0.0250381,-0.0175955,0.308647,4.67,-0.354259,117.154
2.29739,6.87737,96.0916,-4.34507,-5.45586,14.3772,-0.0192293,-0.0140145,0.285932,4.89919,0.287693,120.964
2.61252,6.98304,95.5124,-3.65683,-4.61124,11.7088,-0.0151731,-0.0114736,0.268771,5.36325,0.614231,120.652
2.51821,6.44848,100.601,-3.72603,-4.18418,9.0823,-0.0125317,-0.0104166,0.260594,5.04364,1.76915,124.208
2.64454,6.53824,100.714,-1.89926,-2.11125,5.14895,-0.010923,-0.00956744,0.253482,5.37006,2.16163,123.476
3.20103,5.46177,103.313,-1.42553,-1.4849,3.59303,-0.00981067,-0.00992141,0.254509,3.29518,2.72947,122.835
3.46057,5.60898,102.967,-0.710592,-0.727338,2.11511,-0.00936595,-0.0100609,0.255403,3.68812,3.09397,122.455
4.15102,4.53405,100.305,-0.480568,-0.481278,1.50557,-0.00883619,-0.0116364,0.267491,1.96529,2.36472,122.547
4.35023,4.74409,100.103,-0.288845,-0.28467,1.07772,-0.00930238,-0.0127751,0.27904,2.45566,2.66034,122.283
4.61362,3.91222,93.5958,-0.20699,-0.203156,0.862915,-0.00928253,-0.0160632,0.307405,1.78039,1.31307,121.422
4.67694,4.15478,93.9602,-0.147661,-0.142554,0.713127,-0.0109452,-0.0189706,0.337378,2.33596,1.50475,121.406
4.34292,3.74515,87.283,-0.119025,-0.113656,0.636815,-0.0114823,-0.0266401,0.401482,2.11495,-0.071511,118.742
4.3223,4.00651,88.0776,-0.0981683,-0.0914601,0.577154,-0.0160313,-0.0361973,0.482697,2.73315,0.0053941,119.237
3.20673,3.77363,83.9229,-0.0907202,-0.080181,0.572688,-0.0185099,-0.0605287,0.650123,2.09964,-1.50628,119.268
3.21167,4.00443,84.8423,-0.0905735,-0.0761758,0.578474,-0.0347783,-0.113345,0.938665,2.80042,-1.46607,120.05
2.74757,5.20168,85.113,-0.109942,-0.0811088,0.677905,-0.0450989,-0.333123,1.79582,1.97734,-2.32784,121.387
2.81999,5.42496,85.6003,-0.156752,-0.10894,0.837572,-0.759002,-3.52357,7.95154,2.64218,-2.14912,122.209
2.3901,7.60727,86.6357,-0.374041,-0.202848,1.44406,-11.5108,-17.2064,45.8576,1.37904,-2.07738,117.095
2.44683,7.74785,86.8864,-2.88816,-1.52576,5.73795,-9.21966,-7.00863,41.61,1.87789,-1.78561,117.585
1.29019,9.04019,79.7577,-25.677,-18.4919,47.3679,-6.5205,-4.69765,51.321,0.600599,-0.926291,98.2164
1.40352,9.0115,79.2227,-8.94889,-14.3775,47.4995,-8.75421,-6.25779,61.0511,0.326158,-0.341937,96.5414
0.134061,8.60552,62.5445,-1.17098,-5.19612,53.5114,-5.83035,-3.91621,70.9238,-1.27442,-0.823141,62.2891
0.53073,8.41276,57.9568,-0.920768,-5.68495,59.4736,-5.62206,-3.84118,72.1858,-0.685228,-0.375938,61.561
-0.45328,7.16235,44.1096,0.89942,1.65466,65.1705,-1.16796,1.19919,93.3095,-4.48028,-4.33625,14.9867
-0.577788,7.15249,41.1136,0.817109,1.52739,66.7487,-1.01211,1.48522,93.7717,-2.82108,-2.42371,9.6884
-1.70883,6.36326,38.3795,1.18328,5.84843,69.4136,2.69597,6.64185,105.85,-1.73046,-1.92108,4.77883
-2.09898,6.03287,37.4425,1.05095,5.53338,70.4503,3.10701,6.63398,105.689,-0.597407,-0.684481,2.21929
-2.54146,5.26198,39.3703,0.832043,4.5207,72.8624,3.57873,10.1551,107.288,-0.338513,-0.393218,1.40301
-2.89939,4.68179,38.8765,0.740258,4.20896,73.7073,3.87008,10.2323,107.422,-0.19326,-0.225052,0.996794
-3.69704,2.42936,33.8776,0.974307,1.51051,78.0163,3.34354,11.6666,107.494,-0.136658,-0.156951,0.791095
-4.05607,1.89421,31.4677,0.997975,1.30172,78.7708,3.56589,11.7976,107.986,-0.0982036,-0.11057,0.662931
-5.92544,-3.16058,18.0155,1.99118,-0.882801,86.043,3.17878,11.322,110.172,-0.0790593,-0.0880944,0.587112
-5.26613,-2.78064,14.4596,2.01008,-0.929876,87.0851,3.36622,11.5373,110.737,-0.0641134,-0.0702088,0.531503
-5.60417,-4.87519,11.6946,3.24635,-1.26023,95.2705,3.05666,10.2282,114.666,-0.0565125,-0.0610842,0.501767
-2.7086,-2.33979,6.2584,3.2411,-0.997988,96.0973,3.28159,10.5713,114.942,-0.0503452,-0.0531383,0.476054
-2.32295,-2.22879,5.10315,4.02723,-0.381725,104.655,2.14687,8.46267,119.345,-0.0477698,-0.0488874,0.470665
-1.05167,-1.02327,2.73261,4.09382,0.120864,104.924,2.45551,8.92111,119.308,-0.0460699,-0.0455025,0.465714
-0.79967,-0.793291,2.13934,3.99074,1.53887,107.095,0.887139,7.00354,123.228,-0.0479733,-0.0429551,0.488081
-0.517665,-0.523456,1.58388,4.2266,1.98919,107.351,1.22532,7.57048,122.949,-0.0508601,-0.0436675,0.510229
-0.4296,-0.434283,1.36723,4.08501,3.48084,104.466,-0.285356,5.79236,124.088,-0.0596095,-0.0441504,0.573071
-0.332055,-0.338852,1.16267,4.39529,3.88562,104.761,0.0332293,6.44081,123.934,-0.0724568,-0.0504183,0.648848
-0.294293,-0.297327,1.08035,4.46821,4.60688,100.116,-1.28085,4.95616,122.524,-0.104329,-0.0585655,0.818225
-0.257456,-0.261611,1.00693,4.85158,4.96496,100.4,-0.96631,5.67255,122.694,-0.164595,-0.0871783,1.07522
-0.251953,-0.254452,1.04568,5.1671,4.73013,95.42,-1.9877,5.20698,120.564,-0.354794,-0.141597,1.72352
-0.273582,-0.27864,1.13329,5.5712,4.99385,95.885,-1.70462,5.93473,121.236,-1.06791,-0.456626,3.41008
4.88761,5.80826,73.9748,-0.174063,-0.137795,0.903088,-0.149324,-0.538863,2.36834,3.94594,-2.23034,128.145
3.66588,7.46104,92.5658,-0.357686,-0.245926,1.37242,-1.9633,-6.41138,12.6752,4.06069,-0.965256,119.105
4.45087,8.1265,85.4092,-1.12369,-0.75165,2.79143,-13.485,-17.8794,46.1996,4.13705,-0.541357,120.577
2.84481,9.7615,79.7256,-10.9976,-7.26811,18.4305,-11.7174,-10.1637,65.6032,2.03892,0.160151,102.134
2.94515,9.87509,80.3822,-15.7335,-12.5697,28.4741,-10.1624,-8.06294,65.3753,1.99781,0.589809,100.492
1.50439,9.29686,63.5615,-15.0506,-13.5066,49.1792,-6.30386,-4.78903,73.1397,-0.397164,-0.292784,66.2265
2.24156,8.75728,57.5817,-6.35753,-14.3914,76.7371,-5.97214,-4.49309,74.7092,0.317735,0.365278,65.2772
0.471587,7.40438,43.413,-0.976887,-1.5062,68.7915,-0.979791,0.765522,95.5147,-5.01273,-4.74338,16.4469
0.239709,7.3305,39.8949,-0.42097,-0.7165,67.6939,-0.623346,1.13111,95.849,-3.34862,-2.90191,10.7903
-1.06648,6.47358,36.632,0.199301,3.76791,70.1778,3.79316,6.4027,108.147,-2.23897,-2.43182,5.67824
-1.48066,6.17722,35.6828,0.109483,3.43157,71.2709,4.32018,6.47785,107.719,-0.724347,-0.812298,2.43911
-1.90068,5.45634,37.8983,-0.153355,2.45993,73.366,5.00331,10.0743,109.094,-0.408556,-0.462376,1.52012
-2.26645,4.86002,37.6213,-0.191801,2.17204,74.0825,5.39911,10.2079,109.042,-0.229567,-0.260534,1.05474
-3.3011,2.42225,32.2809,0.141174,-0.703466,78.4706,4.99106,11.6796,108.691,-0.160963,-0.180066,0.827465
-3.76074,1.78407,29.4137,0.222709,-0.95574,79.2079,5.30539,11.8292,109.055,-0.114573,-0.125837,0.684404
-5.91416,-3.30295,16.8826,1.233,-3.35668,86.4844,4.9949,11.5652,110.955,-0.0910468,-0.0990619,0.59917
-5.09443,-2.90411,13.1022,1.29936,-3.38339,87.3489,5.25571,11.8336,111.41,-0.0729941,-0.0781369,0.535574
-5.62347,-4.81067,11.4297,2.39093,-3.88998,95.3004,4.93596,10.5942,115.424,-0.0631165,-0.0669208,0.49916
-2.81871,-2.4189,6.2286,2.46272,-3.59839,95.9025,5.23612,10.972,115.681,-0.0553814,-0.0574411,0.468167
-2.54372,-2.37345,5.34236,3.24486,-3.24721,104.156,4.19892,9.05205,120.222,-0.0516094,-0.0524285,0.456875
-1.2084,-1.13715,2.89313,3.37175,-2.80661,104.474,4.55972,9.49003,120.167,-0.0490479,-0.0484676,0.447427
-0.936188,-0.890666,2.28823,3.19383,-1.52843,106.449,3.07129,7.53777,123.983,-0.0505748,-0.0463181,0.46314
-0.614829,-0.590841,1.6782,3.48736,-1.13505,106.552,3.47124,8.07039,123.666,-0.0529194,-0.0468279,0.478122
-0.520152,-0.496978,1.45702,3.30111,0.442491,103.441,1.97503,6.28521,124.971,-0.0616225,-0.0490729,0.528831
-0.404612,-0.386669,1.22347,3.65652,0.725843,103.72,2.34622,6.87432,124.783,-0.0741353,-0.0565546,0.590583
-0.357545,-0.336201,1.11975,3.67406,1.47847,98.9368,0.994552,5.21345,123.221,-0.107536,-0.0710519,0.732903
-0.30302,-0.28334,1.00554,4.11609,1.67701,99.2822,1.34703,5.88097,123.454,-0.166163,-0.106361,0.940069
-0.28675,-0.2652,0.999199,4.47651,1.54275,94.4316,0.2955,5.31513,121.402,-0.358777,-0.202191,1.47746
-0.299146,-0.274787,1.03691,4.93387,1.67816,94.8594,0.659133,5.98611,121.921,-1.33672,-0.759827,3.3899
-0.407245,-0.37412,1.3369,5.82558,1.10369,88.4759,0.349633,6.25657,113.978,-12.1423,-8.3279,21.3703
-0.869061,-0.784908,2.26091,6.30962,1.12942,89.2969,0.813451,6.77873,115.018,-12.7547,-12.8389,28.5317
-8.08906,-7.1394,14.8102,7.07128,0.362043,79.9983,-0.0460199,6.05773,94.1108,-6.86511,-11.7203,35.9365
-21.9795,-18.3681,38.3431,7.16711,0.769484,80.325,0.530237,6.27301,93.5487,-5.11777,-13.5774,51.6191
-17.8052,-12.7865,41.1956,6.6188,-1.66534,66.1553,-2.77535,1.72012,57.0104,-2.87648,-13.6264,66.3387
-14.9941,-5.3555,67.0648,6.12741,-0.0123089,61.4291,-2.35104,2.81501,56.9291,-2.86148,-13.2111,68.4937
-3.87586,1.10776,64.2823,4.92815,-2.54351,42.0011,-4.93134,-3.33342,12.1655,-3.33566,-14.4274,111.047
-2.83521,1.76569,62.1967,5.23383,-2.33053,38.9933,-2.26194,-1.38045,6.29374,-2.97209,-13.9483,111.813
0.803898,2.83201,70.6953,4.62898,-3.3644,35.0614,-1.13072,-0.856099,2.8594,-0.78719,-10.9273,129.073
0.625602,2.64488,71.6629,4.41647,-3.55772,34.1479,-0.39722,-0.292855,1.39875,-0.601654,-9.96905,128.075
1.84063,3.65169,79.5821,2.69978,-3.24544,31.6983,-0.227319,-0.169379,0.896746,1.4756,-6.05951,122.934
1.74778,3.63458,79.8134,2.21731,-3.40235,30.8819,-0.126274,-0.0922448,0.642146,1.56949,-5.52905,122.967
1.88354,4.96391,85.4613,0.413541,-3.58918,27.5627,-0.0853289,-0.0618622,0.502099,2.28707,-3.41157,116.503
1.91452,5.04234,85.4965,-0.0921529,-3.76133,26.0015,-0.0568609,-0.0408593,0.415126,2.474,-3.09529,116.888
1.63214,5.92687,89.9514,-1.87862,-4.60048,22.0362,-0.0411275,-0.0295866,0.359068,2.69038,-2.39097,116.811
1.7411,6.04246,90.0018,-2.48984,-4.73814,19.0957,-0.0300179,-0.021789,0.320292,3.04304,-2.14481,117.107
1.28444,6.36191,95.2674,-4.31534,-5.45497,14.2336,-0.0230089,-0.0172346,0.295717,3.38124,-1.70723,121.353
1.65475,6.50464,94.6941,-3.59854,-4.53042,11.3276,-0.0181772,-0.0140864,0.277113,3.92319,-1.32403,121.052
1.58182,5.88817,99.5117,-3.93867,-4.37248,9.35548,-0.014989,-0.0125903,0.26794,3.93497,-0.261649,126.197
1.77955,5.99655,99.5916,-2.07349,-2.28122,5.39761,-0.0130456,-0.011496,0.259851,4.36338,0.21674,125.307
2.48414,4.92559,102.669,-1.67463,-1.72424,4.0005,-0.0117006,-0.0116096,0.259795,2.40953,1.20988,123.822
2.78727,5.08984,102.333,-0.830767,-0.843005,2.30976,-0.0111,-0.0116215,0.259506,2.85208,1.62968,123.416
3.71227,4.14587,100.031,-0.573716,-0.567857,1.65556,-0.010478,-0.013066,0.270298,1.0248,1.0824,122.713
3.93794,4.36998,99.8556,-0.339342,-0.33058,1.15728,-0.010937,-0.0141829,0.280257,1.54038,1.41105,122.472
4.32611,3.64387,93.4849,-0.241127,-0.233282,0.915413,-0.0109975,-0.0174639,0.306454,0.73625,0.0494755,121.59
4.40446,3.89348,93.881,-0.169626,-0.16119,0.745215,-0.0127984,-0.0204048,0.333288,1.31153,0.26382,121.55
4.09329,3.41845,87.3472,-0.134809,-0.126429,0.657754,-0.0137424,-0.0281624,0.391788,1.01921,-1.40633,119.554
4.07817,3.67883,88.1495,-0.109352,-0.0998355,0.588938,-0.0186851,-0.0374752,0.462872,1.65232,-1.31093,119.942
3.0017,3.39826,83.5598,-0.0991643,-0.0865169,0.577144,-0.0228376,-0.060594,0.606704,1.02555,-2.81374,119.954
3.00095,3.61741,84.4476,-0.0980673,-0.0815281,0.580329,-0.0399583,-0.108582,0.849728,1.70591,-2.74861,120.628
2.35542,4.64487,84.2164,-0.118905,-0.088089,0.677195,-0.0648048,-0.283684,1.50095,0.978632,-3.70385,122.148
2.40578,4.85372,84.8777,-0.168667,-0.118384,0.832675,-0.471853,-1.89224,4.77652,1.67285,-3.569,122.909
2.06114,7.03339,85.8685,-0.39868,-0.22884,1.42733,-9.80718,-18.6248,37.8039,0.506547,-3.52342,118.105
2.162,7.12766,86.2969,-2.9434,-1.66358,5.68153,-10.5957,-8.95498,40.0058,1.07486,-3.29145,118.84
1.26746,8.59444,80.3085,-25.7371,-18.6665,44.4139,-6.85103,-5.34551,48.7612,0.130984,-2.2442,101.299
1.34526,8.56591,79.7416,-12.4892,-15.6792,43.4986,-8.90691,-6.87302,59.0745,-0.129403,-1.62182,99.5102
0.1935,8.17034,62.544,-2.9467,-8.01559,57.9784,-5.94985,-4.77969,69.4549,-1.36041,-1.54095,65.901
0.555569,7.99433,57.9756,-1.71922,-7.34929,61.4091,-5.82121,-4.80618,71.0223,-0.808012,-1.10547,65.1488
-0.502663,6.80835,44.0121,0.377911,0.550081,65.9856,-1.49911,-0.096539,92.3372,-4.56934,-4.43865,15.8415
-0.620529,6.79549,40.8914,0.308431,0.423444,67.4845,-1.38858,0.190482,92.9286,-3.02522,-2.62529,10.3876
-1.86587,5.90921,37.5175,0.789737,4.90153,70.5665,2.3685,5.05648,105.579,-1.80285,-2.00379,5.00704
-2.24938,5.56926,36.3503,0.681441,4.58535,71.516,2.74151,5.03483,105.578,-0.632468,-0.72863,2.32938
-2.79758,4.67053,38.0681,0.551319,3.59974,73.9281,3.32238,8.46231,107.018,-0.349679,-0.408549,1.43639
-3.17183,4.06424,37.6453,0.456851,3.23504,74.7685,3.60425,8.47418,107.166,-0.19414,-0.228128,0.99999
-3.95793,1.79547,32.8749,0.657451,0.337095,79.0354,3.01668,9.88131,106.966,-0.134149,-0.155473,0.781775
-4.32912,1.2068,30.3464,0.680462,0.0621693,79.7687,3.21577,9.93066,107.47,-0.0945705,-0.10759,0.647563
-6.04924,-3.557,17.5882,1.55547,-2.30692,86.9268,2.75159,9.45794,109.735,-0.0747757,-0.0840936,0.567474
-5.23611,-3.10109,13.929,1.56775,-2.4094,87.8476,2.91599,9.58664,110.3,-0.0596055,-0.0658319,0.508957
-5.50583,-4.85811,11.4674,2.6239,-3.02552,95.8578,2.51602,8.17952,114.105,-0.0515833,-0.0561823,0.476132
-2.61166,-2.31187,6.06234,2.61402,-2.87224,96.6538,2.71042,8.40698,114.422,-0.0451606,-0.0479984,0.448101
-2.20583,-2.12446,4.87629,3.18263,-2.67867,105.149,1.45548,6.1239,118.725,-0.0420365,-0.0435041,0.438961
-1.03251,-1.00799,2.67981,3.25593,-2.27709,105.32,1.7365,6.46782,118.756,-0.0397797,-0.0397548,0.43071
-0.795958,-0.788491,2.11768,3.03799,-1.05929,107.012,0.186742,4.32667,122.52,-0.0406969,-0.0372085,0.446138
-0.526752,-0.531312,1.58599,3.26582,-0.766903,107.231,0.486213,4.75152,122.324,-0.0422917,-0.037038,0.461411
-0.443583,-0.445949,1.37626,3.14375,0.59297,104.222,-1.02845,2.86486,123.785,-0.0487505,-0.0373626,0.510232
-0.345714,-0.349413,1.16732,3.42657,0.803207,104.522,-0.759668,3.34806,123.672,-0.0580882,-0.0418031,0.569587
-0.307353,-0.306213,1.07631,3.50097,1.41723,99.7487,-2.14996,1.79757,122.544,-0.0822475,-0.0484623,0.702055
-0.263571,-0.261689,0.978812,3.85456,1.55265,100.094,-1.91867,2.34606,122.775,-0.123626,-0.0685242,0.888903
-0.2533,-0.249156,0.987411,4.16667,1.31439,95.3565,-3.05366,1.7228,121.039,-0.247996,-0.107214,1.34229
-0.269632,-0.263259,1.03901,4.52592,1.38548,95.7664,-2.83675,2.26412,121.543,-0.758673,-0.30895,2.59811
-0.3738,-0.365851,1.36225,5.3078,0.739759,89.5806,-3.18603,2.57949,114.1,-6.88981,-3.11306,13.1014
-0.839102,-0.804968,2.35842,5.67412,0.723788,90.2498,-2.76538,2.84348,114.899,-12.6138,-11.3962,31.1581
-8.54438,-7.97014,16.3066,6.46718,0.253953,81.2659,-2.98152,3.08008,95.4586,-3.49913,-8.60112,34.851
-21.4576,-18.4303,39.8094,6.43846,0.635551,81.5101,-2.58404,3.27719,95.0321,-2.54752,-9.91053,45.6085
-14.429,-8.13186,51.8323,5.71898,-1.35734,64.3973,-4.573,0.257885,56.0318,-0.991155,-11.0112,65.3945
-10.4651,-2.13951,60.7321,5.60373,-0.305815,60.7903,-4.21438,1.00137,56.5287,-1.35776,-11.3672,69.3065
-1.94353,2.24343,61.1651,4.71293,-2.88422,42.4659,-4.54754,-2.99966,11.5793,-1.00369,-11.849,111.036
-1.87643,2.24466,62.2004,4.96788,-2.67389,39.9968,-2.03531,-1.1867,6.12888,-0.751157,-11.4489,111.431
1.66497,3.35484,71.4981,4.24439,-3.64324,35.9187,-0.921474,-0.67855,2.5607,1.63197,-8.27421,127.619
1.49301,3.16765,72.2069,3.9856,-3.81493,34.836,-0.33378,-0.239457,1.31377,1.66831,-7.47659,126.823
2.82304,4.29056,80.5948,2.23359,-3.44077,32.0699,-0.18883,-0.136958,0.839309,3.48227,-3.80645,122.377
2.68714,4.24514,80.7553,1.72903,-3.5818,31.0771,-0.104967,-0.0745193,0.607259,3.49171,-3.34014,122.402
2.83802,5.5989,86.515,-0.0555965,-3.73444,27.5509,-0.0707951,-0.0497322,0.476315,4.0685,-1.4739,116.436
2.82649,5.64294,86.4931,-0.567863,-3.88642,25.8232,-0.0472113,-0.032825,0.396134,4.19952,-1.20358,116.773
2.54266,6.52098,91.2439,-2.3212,-4.67004,21.5998,-0.0342411,-0.0238264,0.344348,4.37225,-0.565207,116.919
2.63898,6.6079,91.1585,-2.77508,-4.75219,19.017,-0.0250468,-0.0175921,0.308675,4.67166,-0.349481,117.149
2.29907,6.88519,96.0904,-4.34568,-5.4549,14.3763,-0.0192369,-0.0140121,0.285961,4.90101,0.292777,120.959
2.61424,6.9909,95.511,-3.65749,-4.61028,11.7081,-0.0151798,-0.0114719,0.2688,5.36516,0.619392,120.646
2.51999,6.45706,100.599,-3.72682,-4.18364,9.08248,-0.0125382,-0.0104155,0.260625,5.04576,1.77478,124.202
2.64637,6.54702,100.712,-1.89996,-2.11121,5.14959,-0.0109294,-0.00956684,0.253515,5.3723,2.1674,123.47
3.20279,5.47108,103.311,-1.42627,-1.48515,3.59399,-0.00981764,-0.00992133,0.254545,3.29736,2.73571,122.828
3.4623,5.61852,102.966,-0.711028,-0.72751,2.11575,-0.00937345,-0.0100614,0.255443,3.69037,3.1004,122.448
4.15259,4.54362,100.303,-0.480914,-0.481451,1.50612,-0.0088453,-0.0116378,0.267539,1.96734,2.37154,122.54
4.35177,4.75396,100.101,-0.289073,-0.284788,1.07813,-0.00931318,-0.0127778,0.279098,2.45778,2.66739,122.276
4.61499,3.92171,93.5939,-0.207173,-0.20326,0.863274,-0.00929722,-0.016068,0.307481,1.7823,1.32032,121.415
4.67824,4.16471,93.9583,-0.147806,-0.142639,0.713443,-0.0109647,-0.018979,0.337479,2.33793,1.51226,121.398
4.3441,3.75469,87.2811,-0.119158,-0.113737,0.637131,-0.0115131,-0.0266568,0.401637,2.11668,-0.0639832,118.735
4.32341,4.01658,88.0758,-0.0982909,-0.091537,0.577469,-0.0160812,-0.0362314,0.482944,2.73494,0.0132473,119.229
3.20775,3.78369,83.921,-0.0908545,-0.0802629,0.573055,-0.0186072,-0.0606182,0.65062,2.10117,-1.49816,119.261
3.21259,4.01508,84.8404,-0.0907305,-0.0762731,0.578914,-0.0350134,-0.113627,0.939824,2.80198,-1.45756,120.042
2.74852,5.21285,85.1109,-0.110195,-0.0812484,0.678599,-0.0459333,-0.33486,1.80057,1.97863,-2.31879,121.379
2.82109,5.43672,85.5969,-0.157242,-0.109214,0.838801,-0.781297,-3.57203,8.02971,2.64279,-2.13872,122.2
2.39111,7.61894,86.6339,-0.376164,-0.203849,1.44835,-11.582,-17.2131,45.96,1.37882,-2.06666,117.084
2.44905,7.7602,86.8829,-2.93438,-1.5508,5.80797,-9.18873,-6.97092,41.4906,1.88202,-1.77736,117.579
1.2947,9.05073,79.7475,-25.7306,-18.5571,47.5164,-6.52196,-4.68385,51.2882,0.603616,-0.917617,98.2092
1.40247,9.02483,79.2247,-8.8937,-14.3195,47.3927,-8.76881,-6.25256,61.0536,0.325997,-0.333213,96.5335
0.133817,8.6159,62.5454,-1.16101,-5.168,53.4466,-5.84463,-3.90851,70.9212,-1.27441,-0.81778,62.2843
0.531705,8.42208,57.9544,-0.922596,-5.67529,59.4698,-5.63562,-3.8321,72.1807,-0.68464,-0.370077,61.5553
-0.451921,7.169,44.1071,0.897188,1.66342,65.1708,-1.18394,1.21136,93.3031,-4.48133,-4.33536,14.9874
-0.576364,7.15884,41.1115,0.815125,1.53729,66.7466,-1.02773,1.49739,93.7647,-2.82256,-2.42264,9.69182
-1.70726,6.36928,38.3778,1.18182,5.85919,69.4107,2.67949,6.65627,105.842,-1.73252,-1.9225,4.7827
-2.09743,6.03911,37.4412,1.04924,5.54491,70.4474,3.09039,6.64888,105.681,-0.598266,-0.685061,2.22133
-2.54009,5.26928,39.3691,0.829814,4.53334,72.8598,3.56218,10.1716,107.28,-0.339122,-0.393704,1.40457
-2.8981,4.68941,38.8754,0.737693,4.22247,73.7049,3.85324,10.2497,107.413,-0.193659,-0.225366,0.998014
-3.69593,2.43641,33.8766,0.970886,1.52563,78.0143,3.32657,11.6853,107.485,-0.136989,-0.157218,0.792195
-4.05504,1.90149,31.4673,0.994231,1.31782,78.7689,3.54853,11.8174,107.977,-0.0984772,-0.110785,0.663959
-5.92519,-3.15649,18.0152,1.98655,-0.864272,86.0414,3.16056,11.3432,110.163,-0.0793154,-0.0882976,0.588143
-5.26674,-2.77668,14.4594,2.00517,-0.910255,87.0837,3.34758,11.5596,110.728,-0.0643512,-0.0703962,0.532546
-5.6053,-4.87372,11.6946,3.24064,-1.23773,95.2695,3.03652,10.2522,114.656,-0.0567556,-0.0612754,0.502887
-2.70881,-2.33841,6.25726,3.23498,-0.974207,96.0966,3.26098,10.5965,114.933,-0.0505932,-0.0533328,0.477245
-2.32218,-2.22713,5.10077,4.01999,-0.354297,104.655,2.12412,8.48985,119.335,-0.0480438,-0.0490954,0.472017
-1.05072,-1.02189,2.73021,4.086,0.150026,104.923,2.43224,8.9497,119.298,-0.0463753,-0.0457312,0.467234
-0.798372,-0.79171,2.13643,3.9823,1.5709,107.093,0.861625,7.03473,123.217,-0.0483526,-0.0432053,0.489968
-0.516601,-0.522189,1.58139,4.21754,2.02379,107.347,1.19929,7.60363,122.939,-0.0513388,-0.0439804,0.51255
-0.42847,-0.432999,1.36462,4.07581,3.517,104.461,-0.313103,5.82778,124.078,-0.0603115,-0.0445338,0.57633
-0.331067,-0.33775,1.16031,4.38535,3.92468,104.754,0.00481195,6.4786,123.924,-0.0735362,-0.0509974,0.653499
-0.293285,-0.296231,1.0779,4.45816,4.64682,100.107,-1.31039,4.99575,122.515,-0.106481,-0.059484,0.826423
-0.256501,-0.260599,1.00457,4.84063,5.00801,100.388,-0.996759,5.71497,122.685,-0.169499,-0.0893167,1.09103
-0.250898,-0.253334,1.04298,5.1559,4.77406,95.4054,-2.01885,5.25125,120.556,-0.372996,-0.1479,1.76907
-0.27231,-0.277337,1.1301,5.55909,5.03999,95.8709,-1.73571,5.98112,121.227,-1.17441,-0.502043,3.60921
4.88694,5.80835,73.9746,-0.174064,-0.137799,0.903095,-0.149338,-0.538899,2.3683,3.94615,-2.23089,128.147
3.66523,7.4611,92.5658,-0.357701,-0.245952,1.37247,-1.96316,-6.41122,12.6737,4.06092,-0.965823,119.106
4.4503,8.12654,85.4091,-1.1239,-0.751859,2.79185,-13.4838,-17.8822,46.1941,4.13738,-0.54198,120.578
2.84437,9.76142,79.7253,-11.001,-7.27135,18.4364,-11.7185,-10.1664,65.6055,2.03918,0.159637,102.135
2.94464,9.87502,80.3821,-15.7331,-12.5709,28.4749,-10.163,-8.06442,65.3772,1.998,0.589293,100.493
1.5039,9.29677,63.5616,-15.0489,-13.5068,49.1795,-6.304,-4.79023,73.1399,-0.39699,-0.29328,66.2271
2.24106,8.75718,57.582,-6.35718,-14.3913,76.7365,-5.97222,-4.49431,74.7093,0.317918,0.364749,65.2779
0.471226,7.4042,43.4133,-0.976886,-1.50669,68.7922,-0.979817,0.764011,95.5148,-5.01294,-4.74332,16.4474
0.239423,7.33027,39.8953,-0.42097,-0.717157,67.6949,-0.62331,1.12948,95.8493,-3.34896,-2.90171,10.7908
-1.06671,6.47331,36.6325,0.199324,3.76719,70.1789,3.79326,6.40082,108.147,-2.23914,-2.43176,5.67839
-1.48088,6.17694,35.6833,0.109465,3.43082,71.2721,4.3203,6.47589,107.719,-0.724406,-0.812261,2.43916
-1.90095,5.45605,37.8989,-0.153439,2.45913,73.3674,5.00347,10.0722,109.094,-0.40859,-0.462358,1.52016
-2.26675,4.85974,37.6218,-0.191955,2.1712,74.084,5.39928,10.2057,109.042,-0.229589,-0.260523,1.05477
-3.30135,2.42206,32.282,0.140902,-0.704281,78.4723,4.99127,11.6774,108.691,-0.160981,-0.180059,0.827494
-3.76087,1.78426,29.4175,0.222305,-0.956355,79.2094,5.30563,11.8269,109.055,-0.114588,-0.125832,0.684432
-5.91504,-3.30274,16.8858,1.23253,-3.35737,86.4861,4.99519,11.5627,110.955,-0.0910606,-0.0990581,0.599199
-5.09538,-2.9041,13.1018,1.29898,-3.38512,87.3524,5.25611,11.8303,111.41,-0.0730066,-0.0781346,0.535605
-5.61936,-4.80648,11.4207,2.39055,-3.89352,95.3071,4.93642,10.5897,115.424,-0.0631288,-0.0669203,0.499193
-2.80799,-2.40973,6.20901,2.46194,-3.6037,95.9128,5.23654,10.9662,115.68,-0.0553937,-0.0574425,0.468199
-2.52631,-2.35731,5.31152,3.24389,-3.25238,104.166,4.19938,9.04599,120.22,-0.0516224,-0.0524314,0.456908
-1.2009,-1.13014,2.87934,3.37074,-2.80926,104.479,4.56029,9.48517,120.165,-0.0490609,-0.0484707,0.447459
-0.930145,-0.884919,2.27708,3.19297,-1.52988,106.452,3.07196,7.53328,123.981,-0.050589,-0.0463211,0.463174
-0.61143,-0.587565,1.67167,3.48656,-1.13573,106.553,3.47204,8.06619,123.664,-0.0529345,-0.046831,0.478157
-0.517463,-0.494394,1.45183,3.30042,0.442037,103.442,1.97589,6.28097,124.969,-0.0616413,-0.0490759,0.528872
-0.402821,-0.384948,1.21993,3.65585,0.725516,103.721,2.34719,6.87002,124.781,-0.074159,-0.0565585,0.590632
-0.356145,-0.33488,1.11697,3.67347,1.47817,98.9373,0.995551,5.20911,123.22,-0.107575,-0.0710571,0.732974
-0.302035,-0.282419,1.00356,4.11551,1.67671,99.2827,1.34814,5.87648,123.453,-0.166229,-0.106372,0.940181
-0.285946,-0.264465,0.997569,4.47596,1.54245,94.4321,0.296653,5.31061,121.401,-0.358961,-0.20223,1.47774
-0.298442,-0.274154,1.03551,4.93333,1.67784,94.8599,0.660411,5.98139,121.921,-1.3378,-0.760208,3.39139
-0.406376,-0.373357,1.33527,5.82505,1.10334,88.4764,0.350959,6.252,113.977,-12.1486,-8.33039,21.3784
-0.867419,-0.783489,2.25811,6.30915,1.12894,89.2978,0.814761,6.77398,115.017,-12.7535,-12.8344,28.5252
-8.08629,-7.13743,14.8064,7.07086,0.361501,79.9992,-0.0449516,6.0538,94.1106,-6.86741,-11.7183,35.9308
-22.0011,-18.3862,38.3814,7.16593,0.770334,80.3238,0.53138,6.26948,93.5481,-5.12013,-13.5774,51.6203
-17.805,-12.7803,41.2326,6.61762,-1.66464,66.1542,-2.77475,1.71804,57.0096,-2.87867,-13.6259,66.3396
-14.9824,-5.34485,67.056,6.12717,-0.012949,61.43,-2.35024,2.81218,56.9288,-2.86345,-13.2107,68.4934
-3.86982,1.11127,64.2667,4.92816,-2.54441,42.0023,-4.93163,-3.33303,12.1656,-3.33807,-14.4271,111.047
-2.8335,1.76645,62.1957,5.2336,-2.33106,38.9938,-2.26212,-1.3802,6.29382,-2.97422,-13.9481,111.813
0.80526,2.83226,70.696,4.6287,-3.36483,35.0617,-1.13076,-0.8559,2.85931,-0.789294,-10.9273,129.073
0.627014,2.64521,71.6632,4.41614,-3.5581,34.1482,-0.39724,-0.292784,1.39873,-0.603639,-9.96924,128.074
1.8422,3.65205,79.5823,2.69946,-3.24573,31.6986,-0.227329,-0.169337,0.89673,1.47395,-6.05995,122.934
1.74928,3.63495,79.8136,2.21694,-3.40258,30.8822,-0.126281,-0.0922204,0.642139,1.56791,-5.52963,122.966
1.88513,4.9643,85.4615,0.413169,-3.58931,27.5628,-0.0853336,-0.0618454,0.502094,2.28573,-3.41229,116.502
1.91606,5.0427,85.4967,-0.0925278,-3.76142,26.0019,-0.0568644,-0.0408476,0.415123,2.47272,-3.09616,116.888
1.63377,5.92726,89.9515,-1.87893,-4.60054,22.0372,-0.0411303,-0.0295778,0.359067,2.6892,-2.39196,116.811
1.74269,6.04282,90.0018,-2.49008,-4.73829,19.0974,-0.0300202,-0.0217822,0.320292,3.04193,-2.14594,117.107
1.28593,6.36233,95.2677,-4.31568,-5.4551,14.2341,-0.023011,-0.017229,0.295717,3.38011,-1.70854,121.353
1.65587,6.50497,94.695,-3.5982,-4.52973,11.3259,-0.018179,-0.0140817,0.277114,3.92198,-1.32555,121.052
1.58258,5.88847,99.5133,-3.93627,-4.3695,9.35012,-0.0149909,-0.0125862,0.267941,3.93364,-0.263393,126.197
1.78018,5.99671,99.5934,-2.0709,-2.27813,5.39202,-0.0130475,-0.0114923,0.259853,4.36211,0.214824,125.307
2.48499,4.92575,102.67,-1.67198,-1.72132,3.99529,-0.0117026,-0.0116062,0.259797,2.40855,1.20802,123.821
2.78844,5.09,102.333,-0.829794,-0.841923,2.30774,-0.0111021,-0.0116182,0.259508,2.85145,1.6277,123.416
3.71341,4.14595,100.031,-0.573177,-0.567259,1.65444,-0.0104804,-0.0130627,0.270301,1.02429,1.08042,122.713
3.93907,4.36999,99.8554,-0.339122,-0.330324,1.15678,-0.0109397,-0.0141794,0.280261,1.54002,1.40889,122.471
4.32709,3.64379,93.4846,-0.241016,-0.233143,0.915143,-0.0110009,-0.0174599,0.306459,0.735912,0.0472378,121.59
4.40539,3.89336,93.8807,-0.169576,-0.16112,0.745081,-0.0128025,-0.0204001,0.333296,1.31131,0.261405,121.549
4.09408,3.41829,87.3469,-0.134788,-0.126389,0.65769,-0.0137484,-0.0281564,0.3918,1.01898,-1.40883,119.553
4.07892,3.67863,88.1492,-0.109349,-0.099816,0.588923,-0.0186941,-0.0374674,0.462891,1.65219,-1.31361,119.942
3.00234,3.39808,83.5596,-0.0991754,-0.0865097,0.577169,-0.0228537,-0.0605828,0.606742,1.02539,-2.81654,119.953
3.00154,3.6172,84.4473,-0.0980924,-0.0815319,0.580396,-0.0399924,-0.108568,0.849817,1.70584,-2.75161,120.628
2.356,4.64465,84.2162,-0.118961,-0.0881086,0.677345,-0.0649104,-0.283694,1.50127,0.978569,-3.707,122.147
2.40631,4.85345,84.8774,-0.168798,-0.118446,0.832999,-0.473067,-1.89368,4.77985,1.67283,-3.57233,122.908
2.06173,7.03299,85.8683,-0.399323,-0.229145,1.42861,-9.81994,-18.6246,37.8237,0.506322,-3.5265,118.104
2.16295,7.12712,86.2959,-2.95831,-1.67204,5.70416,-10.5929,-8.94595,39.9958,1.07543,-3.29515,118.84
1.2692,8.59361,80.3057,-25.7603,-18.6905,44.4635,-6.84943,-5.34098,48.7528,0.131799,-2.24729,101.298
1.34539,8.56561,79.742,-12.4661,-15.6616,43.4759,-8.90822,-6.87108,59.0737,-0.129526,-1.62502,99.5097
0.193477,8.17019,62.545,-2.94014,-8.00425,57.9528,-5.95141,-4.77816,69.4549,-1.36049,-1.54316,65.9006
0.555984,7.99385,57.9755,-1.71858,-7.34668,61.4054,-5.82256,-4.80451,71.0218,-0.807823,-1.10779,65.1485
-0.502122,6.80785,44.0119,0.378379,0.550877,65.9861,-1.50021,-0.0949864,92.3365,-4.56979,-4.43803,15.8419
-0.619924,6.79491,40.8914,0.309004,0.424272,67.4847,-1.38956,0.191713,92.928,-3.02568,-2.62458,10.388
-1.86529,5.90868,37.5176,0.79071,4.90233,70.5664,2.36781,5.05745,105.578,-1.80294,-2.00322,5.00665
-2.24884,5.56873,36.3503,0.682333,4.58613,71.516,2.74084,5.03561,105.577,-0.632507,-0.728414,2.32925
-2.79718,4.66999,38.0681,0.552065,3.60051,73.9282,3.32197,8.46297,107.017,-0.349698,-0.40843,1.43631
-3.17153,4.06373,37.6451,0.457497,3.23578,74.7686,3.60385,8.47467,107.165,-0.194154,-0.228062,0.999954
-3.95782,1.7951,32.8748,0.657799,0.337846,79.0356,3.0164,9.88172,106.965,-0.13416,-0.155429,0.781756
-4.329,1.20671,30.3474,0.680699,0.0629798,79.7688,3.2155,9.93096,107.469,-0.0945795,-0.107559,0.647554
-6.04973,-3.5563,17.59,1.55547,-2.30603,86.9268,2.75129,9.45815,109.734,-0.0747841,-0.0840697,0.567473
-5.23694,-3.10041,13.9307,1.56775,-2.40877,87.848,2.91574,9.58655,110.299,-0.0596133,-0.0658134,0.508962
-5.50584,-4.85679,11.4662,2.62387,-3.02542,95.859,2.51564,8.17901,114.104,-0.0515913,-0.0561673,0.476142
-2.61,-2.30975,6.05884,2.61388,-2.87263,96.6558,2.71006,8.40601,114.421,-0.0451687,-0.0479863,0.448116
-2.20313,-2.12132,4.87099,3.18243,-2.67902,105.151,1.45487,6.12284,118.724,-0.0420453,-0.0434937,0.438982
-1.03141,-1.00665,2.67753,3.25569,-2.27699,105.321,1.73594,6.46685,118.754,-0.0397891,-0.0397457,0.430735
-0.795081,-0.78741,2.11585,3.03782,-1.05899,107.013,0.185938,4.32573,122.518,-0.0407079,-0.0371995,0.446172
-0.526256,-0.530661,1.58489,3.26561,-0.766518,107.231,0.485464,4.75047,122.323,-0.0423047,-0.0370295,0.461454
-0.443197,-0.445434,1.3754,3.14362,0.593362,104.222,-1.02941,2.86378,123.783,-0.048768,-0.0373526,0.510294
-0.345461,-0.349057,1.16673,3.42638,0.803605,104.523,-0.760578,3.34683,123.67,-0.0581131,-0.0417929,0.569675
-0.307159,-0.30593,1.07585,3.50079,1.41759,99.7489,-2.15104,1.79632,122.542,-0.082292,-0.0484478,0.702205
-0.263441,-0.261482,0.978487,3.8543,1.553,100.094,-1.91972,2.34466,122.773,-0.123714,-0.0685117,0.889169
-0.253198,-0.248977,0.98715,4.16632,1.31469,95.3565,-3.0548,1.72139,121.037,-0.248267,-0.107204,1.34296
-0.269551,-0.263095,1.0388,4.52548,1.38577,95.7663,-2.83788,2.26255,121.541,-0.760193,-0.309207,2.60091
-0.373709,-0.365623,1.36202,5.30726,0.739987,89.5802,-3.18685,2.57778,114.098,-6.90885,-3.12089,13.1308
-0.838965,-0.804505,2.35801,5.67353,0.723778,90.2497,-2.76638,2.84155,114.897,-12.6084,-11.3922,31.1561
-8.5452,-7.96675,16.305,6.46656,0.253812,81.2658,-2.98264,3.07876,95.4571,-3.49314,-8.59095,34.8311
-21.4639,-18.4255,39.8164,6.43761,0.635704,81.5094,-2.58507,3.27572,95.0302,-2.54626,-9.90532,45.5993
-14.4251,-8.11852,51.845,5.71796,-1.35721,64.3964,-4.57376,0.257275,56.03,-0.991572,-11.0083,65.3936
-10.4592,-2.13134,60.7177,5.60331,-0.3065,60.7906,-4.2151,1.00032,56.5271,-1.35823,-11.3643,69.3052
-1.9414,2.24833,61.1619,4.71228,-2.88475,42.4658,-4.54809,-2.99876,11.5794,-1.00328,-11.844,111.032
-1.87515,2.24905,62.2003,4.96717,-2.67435,39.9965,-2.03575,-1.18624,6.12923,-0.750686,-11.444,111.428
1.66638,3.35956,71.4979,4.24363,-3.64366,35.9183,-0.92162,-0.678348,2.56074,1.63312,-8.26874,127.615
1.4944,3.1725,72.2065,3.98477,-3.81527,34.8356,-0.333841,-0.23938,1.31381,1.66943,-7.47118,126.819
2.82454,4.29598,80.5944,2.23281,-3.44095,32.0695,-0.188864,-0.136916,0.839334,3.48376,-3.80129,122.373
2.68858,4.25066,80.7549,1.72819,-3.58187,31.0766,-0.104987,-0.0744952,0.60728,3.49316,-3.33494,122.398
2.83959,5.60492,86.5145,-0.0564186,-3.73432,27.5503,-0.0708095,-0.0497161,0.476333,4.07005,-1.46894,116.432
2.82801,5.64905,86.4925,-0.568725,-3.8862,25.8225,-0.0472217,-0.0328139,0.39615,4.20106,-1.19855,116.769
2.54427,6.5276,91.2432,-2.32205,-4.66961,21.5992,-0.0342493,-0.0238183,0.344362,4.37383,-0.560091,116.914
2.64058,6.61461,91.1577,-2.77591,-4.75162,19.0167,-0.0250535,-0.017586,0.30869,4.67326,-0.344301,117.144
2.3007,6.8925,96.0896,-4.34646,-5.45414,14.3762,-0.0192427,-0.0140073,0.285975,4.90272,0.29826,120.954
2.61583,6.99825,95.5102,-3.65827,-4.60953,11.7081,-0.0151851,-0.011468,0.268815,5.36693,0.624923,120.641
2.52151,6.46509,100.598,-3.72743,-4.18298,9.08243,-0.0125435,-0.0104122,0.260641,5.04768,1.78076,124.197
2.64788,6.55524,100.711,-1.90033,-2.11086,5.14965,-0.0109347,-0.00956407,0.253531,5.37429,2.17348,123.464
3.20415,5.47979,103.31,-1.4266,-1.48501,3.5942,-0.00982351,-0.00991888,0.254563,3.29926,2.74224,122.822
3.46364,5.62745,102.965,-0.711244,-0.727476,2.11597,-0.00937975,-0.0100593,0.255462,3.69235,3.1071,122.442
4.15373,4.55256,100.302,-0.481092,-0.48147,1.50635,-0.00885319,-0.0116359,0.267562,1.96909,2.37863,122.533
4.35284,4.76319,100.1,-0.289197,-0.284813,1.07832,-0.0093224,-0.0127763,0.279125,2.45958,2.67468,122.269
4.61589,3.93059,93.5929,-0.207277,-0.203291,0.863452,-0.0093101,-0.0160669,0.307517,1.78386,1.32777,121.408
4.67906,4.17399,93.9573,-0.147889,-0.142669,0.713609,-0.0109813,-0.0189791,0.337526,2.33953,1.51995,121.391
4.34482,3.76362,87.28,-0.119236,-0.113769,0.637302,-0.01154,-0.0266593,0.40171,2.11802,-0.0563019,118.728
4.32402,4.02602,88.0746,-0.0983634,-0.091571,0.577645,-0.016123,-0.0362402,0.483062,2.7363,0.0212248,119.221
3.20829,3.79314,83.9199,-0.0909349,-0.0803001,0.573264,-0.0186902,-0.0606482,0.650857,2.10225,-1.48994,119.253
3.213,4.0251,84.8393,-0.0908246,-0.0763199,0.579168,-0.0352016,-0.11374,0.940385,2.80308,-1.44899,120.034
2.74898,5.22335,85.1096,-0.110347,-0.0813145,0.679002,-0.0466129,-0.335642,1.8029,1.97947,-2.30973,121.37
2.82156,5.44775,85.5949,-0.157535,-0.109354,0.839517,-0.795552,-3.59583,8.06931,2.64329,-2.1288,122.19
2.39165,7.63017,86.6325,-0.377427,-0.204365,1.45084,-11.63,-17.2124,46.0141,1.37879,-2.05654,117.073
2.45024,7.77205,86.8804,-2.96168,-1.56495,5.84893,-9.17697,-6.94905,41.4282,1.88435,-1.76835,117.571
1.29723,9.06136,79.7413,-25.7635,-18.5883,47.6,-6.5281,-4.6732,51.2696,0.605335,-0.908975,98.2013
1.4018,9.03725,79.2253,-8.86323,-14.2833,47.3311,-8.7829,-6.24553,61.0528,0.325895,-0.324385,96.5252
0.133781,8.62563,62.5453,-1.15644,-5.14837,53.4089,-5.85912,-3.89946,70.9174,-1.27449,-0.812278,62.2787
0.532352,8.43104,57.9524,-0.925217,-5.66562,59.4673,-5.64976,-3.82217,72.1754,-0.684305,-0.364241,61.55
-0.450858,7.17532,44.1053,0.894675,1.67289,65.1704,-1.20045,1.22444,93.2959,-4.48261,-4.33459,14.9919
-0.575148,7.16489,41.1099,0.812806,1.54772,66.7447,-1.04392,1.51049,93.7571,-2.8249,-2.42192,9.69929
-1.70586,6.3751,38.3765,1.18004,5.87058,69.4079,2.66228,6.67193,105.834,-1.7352,-1.92461,4.78807
-2.09605,6.04518,37.4399,1.04717,5.55717,70.4446,3.07301,6.66506,105.672,-0.599254,-0.685782,2.22378
-2.53894,5.27643,39.368,0.827205,4.54677,72.8572,3.54489,10.1895,107.271,-0.33979,-0.394253,1.40632
-2.89702,4.69689,38.8744,0.734716,4.2368,73.7024,3.83562,10.2685,107.404,-0.194085,-0.225707,0.999337
-3.69502,2.44336,33.8757,0.966975,1.54165,78.0123,3.30881,11.7053,107.476,-0.137338,-0.157501,0.793365
-4.05417,1.90876,31.4674,0.989953,1.33489,78.767,3.53036,11.8386,107.967,-0.0987623,-0.11101,0.665039
-5.92507,-3.1522,18.0157,1.98127,-0.844616,86.0397,3.14147,11.3658,110.153,-0.0795809,-0.0885081,0.589218
-5.26764,-2.7725,14.46,1.99961,-0.88954,87.0824,3.32807,11.5833,110.718,-0.064597,-0.0705892,0.533629
-5.60637,-4.87187,11.6942,3.23421,-1.21419,95.2688,3.01543,10.2776,114.646,-0.0570067,-0.061472,0.504047
-2.70837,-2.33629,6.25485,3.2281,-0.949487,96.0965,3.23939,10.623,114.922,-0.0508495,-0.0535327,0.478477
-2.32036,-2.22432,5.0964,4.01185,-0.325732,104.655,2.10027,8.51847,119.324,-0.0483274,-0.0493091,0.473414
-1.04935,-1.02005,2.72698,4.07725,0.180567,104.923,2.40784,8.97986,119.287,-0.0466924,-0.0459668,0.468806
-0.796747,-0.789758,2.13286,3.97285,1.60452,107.091,0.834842,7.06765,123.206,-0.0487482,-0.0434633,0.491923
-0.51535,-0.520702,1.5785,4.20741,2.0601,107.344,1.17195,7.63857,122.928,-0.0518412,-0.0443049,0.514963
-0.427191,-0.431541,1.36169,4.06551,3.55497,104.455,-0.342267,5.86507,124.067,-0.0610539,-0.0449332,0.579736
-0.329973,-0.336523,1.1577,4.37424,3.96567,104.746,-0.0250657,6.51833,123.913,-0.0746895,-0.051607,0.658398
-0.292187,-0.295033,1.07526,4.44693,4.68874,100.097,-1.34148,5.03733,122.505,-0.108815,-0.0604636,0.835158
-0.255472,-0.259503,1.00203,4.8284,5.05319,100.376,-1.02882,5.75948,122.676,-0.174926,-0.0916488,1.10816
-0.249768,-0.252134,1.04008,5.1434,4.82014,95.39,-2.05166,5.29765,120.547,-0.393943,-0.155067,1.82017
-0.270949,-0.275946,1.1267,5.54564,5.08845,95.8556,-1.76821,6.02952,121.216,-1.306,-0.558231,3.84889
4.88649,5.80839,73.9724,-0.17406,-0.137808,0.903096,-0.149332,-0.538938,2.36826,3.94644,-2.23143,128.148
3.66483,7.4611,92.5636,-0.357685,-0.245983,1.37246,-1.96269,-6.41122,12.6726,4.06124,-0.966393,119.108
4.44994,8.12648,85.4071,-1.12382,-0.751966,2.79181,-13.4819,-17.8848,46.1892,4.13781,-0.542609,120.579
2.84403,9.76126,79.7234,-11,-7.27244,18.436,-11.7192,-10.1689,65.6073,2.03949,0.159102,102.136
2.94433,9.87483,80.3803,-15.7323,-12.5728,28.4753,-10.1633,-8.06587,65.3787,1.99833,0.588761,100.494
1.50363,9.29654,63.5599,-15.0485,-13.5091,49.1795,-6.3038,-4.79142,73.1401,-0.39664,-0.293807,66.2279
2.24082,8.75692,57.5803,-6.35719,-14.3927,76.7373,-5.97196,-4.49551,74.7093,0.318294,0.364217,65.2785
0.471056,7.40391,43.4118,-0.976642,-1.50762,68.7922,-0.979499,0.762559,95.5151,-5.01307,-4.74328,16.4472
0.239304,7.32994,39.8938,-0.420618,-0.718064,67.6947,-0.622917,1.12793,95.8496,-3.34908,-2.9015,10.7905
-1.06679,6.47295,36.631,0.199739,3.76626,70.1787,3.79378,6.39904,108.148,-2.23914,-2.43155,5.67816
-1.48097,6.17657,35.6819,0.109891,3.42988,71.2719,4.32087,6.47405,107.719,-0.724418,-0.812192,2.43908
-1.90108,5.4557,37.8974,-0.153022,2.45823,73.367,5.0041,10.0703,109.095,-0.408596,-0.46232,1.52012
-2.26692,4.8594,37.6203,-0.191545,2.17034,74.0836,5.39996,10.2038,109.043,-0.229594,-0.260502,1.05474
-3.30156,2.42169,32.2801,0.1413,-0.705192,78.4717,4.99202,11.6753,108.692,-0.160985,-0.180044,0.827473
-3.76111,1.78373,29.4144,0.222705,-0.957318,79.2089,5.30643,11.8248,109.056,-0.114591,-0.125821,0.684415
-5.91455,-3.30291,16.8842,1.23284,-3.35825,86.4853,4.99605,11.5604,110.955,-0.091063,-0.0990489,0.599184
-5.09488,-2.90415,13.1024,1.29916,-3.3854,87.3506,5.257,11.8283,111.411,-0.0730088,-0.0781265,0.535591
-5.62153,-4.80869,11.4255,2.39065,-3.893,95.3037,4.93736,10.5879,115.424,-0.0631308,-0.0669122,0.49918
-2.81341,-2.41439,6.21902,2.46215,-3.60233,95.9076,5.2376,10.9649,115.681,-0.0553955,-0.0574342,0.468188
-2.535,-2.36537,5.32696,3.24412,-3.25123,104.161,4.20051,9.04435,120.221,-0.0516243,-0.0524225,0.456898
-1.20458,-1.13359,2.88617,3.37088,-2.80939,104.477,4.56147,9.48264,120.166,-0.0490632,-0.0484619,0.447451
-0.933072,-0.887709,2.28252,3.19299,-1.53066,106.451,3.07319,7.53012,123.982,-0.0505922,-0.0463115,0.463168
-0.61305,-0.589134,1.67482,3.48646,-1.13689,106.553,3.47332,8.06258,123.665,-0.0529387,-0.0468208,0.478153
-0.518726,-0.495614,1.4543,3.30024,0.440792,103.442,1.97721,6.27701,124.97,-0.0616477,-0.0490634,0.528871
-0.403649,-0.385749,1.2216,3.65557,0.724203,103.721,2.34857,6.86574,124.782,-0.0741684,-0.0565431,0.590636
-0.356785,-0.335489,1.11827,3.67311,1.4769,98.9372,0.99693,5.20462,123.22,-0.107592,-0.0710336,0.732989
-0.302481,-0.28284,1.00449,4.11504,1.67543,99.2825,1.34959,5.87168,123.453,-0.166264,-0.106337,0.940218
-0.286311,-0.264802,0.998356,4.47538,1.54123,94.4319,0.298093,5.30564,121.401,-0.359073,-0.202157,1.47787
-0.298772,-0.274453,1.03622,4.93262,1.67663,94.8596,0.6619,5.9761,121.921,-1.33857,-0.760106,3.39232
-0.406819,-0.373752,1.3362,5.82426,1.1022,88.476,0.352402,6.2468,113.977,-12.1546,-8.32962,21.3845
-0.868548,-0.784473,2.26022,6.30821,1.1278,89.2972,0.816176,6.76849,115.017,-12.7543,-12.8293,28.5222
-8.09602,-7.14558,14.8228,7.06966,0.36093,79.9978,-0.0438045,6.04941,94.1105,-6.86816,-11.7143,35.9283
-21.9937,-18.3786,38.3695,7.16514,0.768775,80.3237,0.53271,6.26418,93.548,-5.12134,-13.5753,51.6189
-17.7962,-12.7706,41.2286,6.61677,-1.66592,66.1539,-2.774,1.71489,57.0091,-2.88008,-13.6245,66.3394
-14.9754,-5.33873,67.048,6.12642,-0.0142584,61.4299,-2.34942,2.80876,56.9286,-2.86475,-13.2096,68.4934
-3.86596,1.11379,64.262,4.92763,-2.5455,42.0021,-4.93192,-3.33244,12.1656,-3.33951,-14.4257,111.046
-2.83093,1.76806,62.1952,5.23301,-2.33207,38.9935,-2.26231,-1.37985,6.29392,-2.97547,-13.947,111.812
0.807988,2.83375,70.6957,4.6281,-3.36579,35.0614,-1.13077,-0.85563,2.85914,-0.790385,-10.9265,129.073
0.629654,2.64671,71.6628,4.41546,-3.55902,34.1479,-0.39725,-0.292688,1.39868,-0.604663,-9.96869,128.074
1.84504,3.65364,79.5819,2.69878,-3.24653,31.6983,-0.227334,-0.169279,0.896696,1.47322,-6.05979,122.934
1.75199,3.63651,79.8131,2.21619,-3.40333,30.8819,-0.126284,-0.0921873,0.642119,1.56722,-5.52968,122.966
1.88796,4.96594,85.4611,0.412428,-3.58988,27.5625,-0.0853359,-0.0618224,0.50208,2.28521,-3.41261,116.502
1.91875,5.04428,85.4963,-0.0933204,-3.76193,26.0013,-0.0568663,-0.0408316,0.415113,2.47224,-3.09667,116.888
1.63652,5.9289,89.951,-1.87964,-4.60081,22.0367,-0.0411318,-0.0295658,0.359059,2.6888,-2.39268,116.81
1.74538,6.04439,90.0012,-2.4906,-4.73843,19.0976,-0.0300216,-0.0217729,0.320285,3.0416,-2.14687,117.107
1.28873,6.36397,95.2669,-4.31612,-5.45509,14.235,-0.0230122,-0.0172214,0.295712,3.37986,-1.7097,121.352
1.65865,6.5065,94.694,-3.59896,-4.53022,11.3279,-0.0181802,-0.0140753,0.277109,3.92186,-1.32692,121.051
1.58538,5.89005,99.5122,-3.93777,-4.37065,9.35291,-0.0149921,-0.0125806,0.267937,3.93367,-0.265015,126.196
1.78285,5.99821,99.5924,-2.07217,-2.27926,5.39454,-0.0130487,-0.0114871,0.259849,4.36225,0.212967,125.307
2.4874,4.92717,102.669,-1.67316,-1.72231,3.99741,-0.0117039,-0.0116012,0.259793,2.40872,1.20609,123.821
2.7906,5.09126,102.333,-0.830254,-0.842276,2.30862,-0.0111035,-0.0116132,0.259505,2.85164,1.62552,123.416
3.71531,4.14703,100.031,-0.573451,-0.567451,1.65495,-0.0104821,-0.0130575,0.270298,1.02446,1.07818,122.713
3.94086,4.37096,99.8552,-0.339254,-0.330405,1.15705,-0.0109416,-0.0141737,0.280257,1.54028,1.40642,122.471
4.32864,3.64457,93.4844,-0.241101,-0.233191,0.915324,-0.0110035,-0.0174534,0.306456,0.736124,0.044653,121.59
4.40686,3.89405,93.8805,-0.169631,-0.161147,0.745209,-0.0128058,-0.0203923,0.333293,1.3116,0.258584,121.549
4.09535,3.41885,87.3467,-0.134832,-0.12641,0.657798,-0.0137534,-0.0281458,0.391797,1.0192,-1.41177,119.553
4.08011,3.67913,88.149,-0.109384,-0.0998316,0.589017,-0.0187013,-0.0374526,0.462891,1.65248,-1.3168,119.942
3.00338,3.39854,83.5593,-0.0992093,-0.0865241,0.577266,-0.0228669,-0.0605582,0.606745,1.02563,-2.81989,119.953
3.0025,3.6176,84.447,-0.098129,-0.0815477,0.580503,-0.0400189,-0.108523,0.849832,1.70614,-2.75522,120.628
2.35695,4.64502,84.2159,-0.119015,-0.0881308,0.677502,-0.0649913,-0.283579,1.50133,0.978854,-3.71081,122.147
2.40719,4.85375,84.8771,-0.168898,-0.118492,0.833259,-0.47376,-1.89325,4.78039,1.67317,-3.57642,122.908
2.06267,7.03316,85.8681,-0.399734,-0.229328,1.42945,-9.82814,-18.6188,37.8323,0.506539,-3.53045,118.103
2.16407,7.12717,86.2951,-2.96686,-1.67678,5.71717,-10.5929,-8.93947,39.9938,1.07607,-3.29953,118.839
1.2707,8.59348,80.3039,-25.7713,-18.7011,44.4878,-6.84889,-5.33694,48.7473,0.132601,-2.25111,101.298
1.34598,8.56571,79.7419,-12.4522,-15.6498,43.4618,-8.90959,-6.8685,59.0724,-0.129179,-1.62897,99.5092
0.19393,8.17028,62.5453,-2.93601,-7.99669,57.9371,-5.95307,-4.77601,69.4546,-1.36026,-1.54583,65.9003
0.556682,7.99366,57.9752,-1.71804,-7.34449,61.4029,-5.8241,-4.80239,71.0214,-0.807386,-1.11061,65.148
-0.50137,6.80758,44.0115,0.379255,0.551824,65.9863,-1.50151,-0.0929921,92.3359,-4.57032,-4.43727,15.8414
-0.61912,6.79454,40.8911,0.309957,0.425171,67.4845,-1.39071,0.193327,92.9275,-3.02602,-2.62368,10.3873
-1.86455,5.90834,37.5175,0.792126,4.90314,70.5662,2.36702,5.05874,105.578,-1.80286,-2.00235,5.00575
-2.24816,5.56839,36.3502,0.683655,4.5869,71.5158,2.74008,5.03664,105.577,-0.632503,-0.728105,2.32895
-2.79666,4.66966,38.068,0.553226,3.6013,73.9281,3.32153,8.46385,107.016,-0.349692,-0.408259,1.43614
-3.17113,4.06343,37.6447,0.458551,3.23654,74.7685,3.60343,8.47535,107.164,-0.194154,-0.227967,0.999858
-3.95766,1.7949,32.8742,0.658521,0.338597,79.0356,3.01613,9.8823,106.964,-0.13416,-0.155364,0.78169
-4.32888,1.20668,30.3473,0.681317,0.0637384,79.7687,3.21525,9.93136,107.468,-0.0945807,-0.107514,0.647508
-6.05005,-3.55554,17.5912,1.55581,-2.30516,86.9264,2.75099,9.45849,109.733,-0.0747857,-0.0840344,0.567438
-5.23768,-3.09967,13.9331,1.56801,-2.40783,87.8474,2.91548,9.58674,110.298,-0.0596153,-0.0657852,0.508936
-5.50747,-4.85695,11.4685,2.62408,-3.02454,95.8583,2.51521,8.17905,114.103,-0.0515937,-0.0561431,0.476122
-2.61149,-2.31034,6.06122,2.61407,-2.87181,96.6552,2.70968,8.40583,114.42,-0.0451714,-0.0479654,0.448103
-2.20477,-2.12229,4.87355,3.1826,-2.67839,105.15,1.45419,6.12246,118.723,-0.0420486,-0.0434745,0.438973
-1.03202,-1.00694,2.67851,3.2558,-2.27668,105.322,1.73531,6.46609,118.753,-0.039793,-0.0397279,0.430732
-0.795513,-0.787601,2.11653,3.03798,-1.05878,107.013,0.18502,4.32481,122.517,-0.0407125,-0.0371812,0.446174
-0.52649,-0.530733,1.58527,3.26569,-0.766387,107.232,0.484604,4.7493,122.321,-0.0423107,-0.0370107,0.461463
-0.443371,-0.44547,1.37567,3.14375,0.59345,104.223,-1.03051,2.8625,123.782,-0.0487761,-0.0373303,0.510313
-0.345577,-0.349063,1.16691,3.42644,0.803663,104.523,-0.761625,3.34532,123.669,-0.0581251,-0.0417663,0.569708
-0.307253,-0.305922,1.076,3.50081,1.4176,99.7491,-2.15228,1.79475,122.54,-0.0823137,-0.0484081,0.702271
-0.263514,-0.261466,0.978601,3.85423,1.553,100.094,-1.92093,2.34287,122.771,-0.123759,-0.0684546,0.889297
-0.253266,-0.248951,0.987257,4.1661,1.31464,95.3566,-3.05612,1.71957,121.036,-0.248406,-0.107086,1.3433
-0.269623,-0.263062,1.03891,4.52514,1.38571,95.7663,-2.83919,2.26052,121.539,-0.760998,-0.308967,2.60233
-0.373813,-0.365554,1.36217,5.30678,0.739834,89.5799,-3.188,2.57572,114.096,-6.91883,-3.12112,13.1448
-0.839249,-0.804369,2.35834,5.67292,0.723511,90.2496,-2.76768,2.83927,114.894,-12.6064,-11.3842,31.1535
-8.54751,-7.96388,16.3054,6.46586,0.253429,81.2655,-2.98381,3.07697,95.4552,-3.4899,-8.58272,34.8198
-21.4667,-18.4156,39.8156,6.43687,0.635274,81.509,-2.58618,3.27359,95.0282,-2.54551,-9.9001,45.5924
-14.4202,-8.10347,51.8527,5.71696,-1.35751,64.3957,-4.57465,0.256403,56.028,-0.991607,-11.0042,65.3918
-10.4532,-2.12234,60.7039,5.60279,-0.307445,60.7908,-4.21595,0.99905,56.5253,-1.35833,-11.3604,69.3036
-1.93903,2.25405,61.159,4.71153,-2.88551,42.4656,-4.54871,-2.99765,11.5793,-1.00216,-11.8375,111.029
-1.87353,2.25435,62.2001,4.96636,-2.67508,39.9961,-2.03623,-1.18567,6.1295,-0.749499,-11.4377,111.424
1.66814,3.36523,71.4977,4.24275,-3.64433,35.918,-0.92177,-0.678084,2.56073,1.63524,-8.26169,127.611
1.49611,3.1783,72.2061,3.9838,-3.81585,34.8352,-0.333907,-0.239282,1.31383,1.6715,-7.46421,126.814
2.8264,4.30245,80.594,2.23189,-3.44131,32.069,-0.188901,-0.136862,0.839345,3.48625,-3.79467,122.368
2.69036,4.25722,80.7544,1.72721,-3.58212,31.0761,-0.10501,-0.0744636,0.607291,3.49562,-3.32828,122.394
2.84152,5.61207,86.5139,-0.0573862,-3.73433,27.5498,-0.0708248,-0.0496948,0.476342,4.0726,-1.46259,116.427
2.82988,5.6563,86.4919,-0.569743,-3.88608,25.8218,-0.0472328,-0.0327991,0.396159,4.20359,-1.19213,116.764
2.54625,6.53546,91.2426,-2.32307,-4.6692,21.5987,-0.0342581,-0.0238073,0.344371,4.37643,-0.553583,116.909
2.64253,6.62256,91.1571,-2.77692,-4.75104,19.0164,-0.0250607,-0.0175775,0.308697,4.67589,-0.337724,117.139
2.30271,6.90115,96.0889,-4.34745,-5.45329,14.3762,-0.0192492,-0.0140005,0.285983,4.90553,0.3052,120.948
2.61779,7.00694,95.5096,-3.65927,-4.60867,11.7082,-0.0151909,-0.0114624,0.268822,5.36981,0.631908,120.635
2.52337,6.47458,100.598,-3.72822,-4.18219,9.08241,-0.0125495,-0.0104073,0.260648,5.05078,1.78828,124.19
2.6497,6.56494,100.711,-1.90079,-2.11042,5.14967,-0.0109406,-0.00955967,0.253539,5.37746,2.18111,123.458
3.20577,5.49009,103.31,-1.42693,-1.48475,3.59428,-0.00983019,-0.00991471,0.254571,3.30235,2.7504,122.815
3.46522,5.63799,102.964,-0.711439,-0.727365,2.11607,-0.0093869,-0.0100553,0.255471,3.69552,3.11546,122.434
4.15508,4.56314,100.302,-0.481238,-0.481422,1.50646,-0.00886231,-0.0116317,0.267571,1.97202,2.38745,122.525
4.35412,4.7741,100.099,-0.289296,-0.284791,1.07842,-0.00933292,-0.012772,0.279136,2.46259,2.68374,122.261
4.61696,3.94109,93.5923,-0.207356,-0.203285,0.863552,-0.00932506,-0.0160621,0.307531,1.7866,1.33704,121.399
4.68005,4.18498,93.9567,-0.147952,-0.14267,0.713704,-0.0110002,-0.0189739,0.337543,2.34234,1.52951,121.382
4.34567,3.7742,87.2792,-0.119294,-0.113775,0.637403,-0.0115712,-0.0266529,0.401737,2.12054,-0.0467649,118.719
4.32478,4.03721,88.0739,-0.0984165,-0.0915807,0.57775,-0.0161697,-0.0362337,0.483105,2.73888,0.0311177,119.212
3.20898,3.80437,83.919,-0.0909932,-0.0803115,0.57339,-0.0187839,-0.0606437,0.650947,2.10454,-1.47976,119.243
3.21357,4.037,84.8385,-0.0908914,-0.0763376,0.579321,-0.0354022,-0.113757,0.940612,2.80544,-1.43839,120.024
2.74964,5.23584,85.1086,-0.110453,-0.0813376,0.679246,-0.0473469,-0.335889,1.80388,1.98161,-2.29854,121.36
2.82217,5.46088,85.5936,-0.157733,-0.109414,0.83995,-0.806913,-3.60614,8.08803,2.64537,-2.11689,122.179
2.39251,7.64379,86.6314,-0.37825,-0.204596,1.45235,-11.6719,-17.2078,46.0441,1.3805,-2.04445,117.061
2.45146,7.78642,86.8785,-2.97859,-1.5728,5.87365,-9.17755,-6.93511,41.3958,1.88746,-1.75655,117.561
1.29929,9.07469,79.7372,-25.7877,-18.5989,47.6472,-6.53939,-4.66338,51.2583,0.607917,-0.898289,98.1919
1.40199,9.05194,79.2249,-8.84855,-14.2586,47.2935,-8.79977,-6.23627,61.0495,0.327458,-0.313335,96.5154
0.134514,8.6372,62.5442,-1.15616,-5.13321,53.3877,-5.87702,-3.88819,70.912,-1.27356,-0.805325,62.2724
0.533442,8.44194,57.9501,-0.929412,-5.65493,59.4657,-5.66751,-3.8102,72.1691,-0.682995,-0.356916,61.5437
-0.449388,7.18308,44.1033,0.891156,1.68417,65.1692,-1.22124,1.2402,93.2875,-4.48406,-4.3336,14.9965
-0.573496,7.17233,41.1081,0.809416,1.55992,66.7425,-1.06424,1.5263,93.7483,-2.82735,-2.42086,9.70696
-1.70401,6.38227,38.375,1.1773,5.88389,69.4049,2.64071,6.69078,105.824,-1.73819,-1.92686,4.79392
-2.09421,6.05268,37.4386,1.04412,5.57154,70.4415,3.05132,6.68454,105.662,-0.600355,-0.686546,2.22647
-2.53735,5.28524,39.3668,0.823505,4.56258,72.8543,3.52339,10.211,107.26,-0.340542,-0.394851,1.40827
-2.89552,4.70611,38.8733,0.730604,4.25374,73.6995,3.81382,10.2911,107.393,-0.194565,-0.22608,1.00082
-3.69374,2.45192,33.8748,0.961725,1.56066,78.01,3.28692,11.7295,107.464,-0.137732,-0.157813,0.794684
-4.05295,1.91766,31.4675,0.984299,1.35519,78.7647,3.50805,11.8642,107.956,-0.0990858,-0.111258,0.666261
-5.9249,-3.14706,18.0159,1.9744,-0.821217,86.0377,3.11812,11.3931,110.141,-0.0798833,-0.0887421,0.59044
-5.26863,-2.76748,14.4602,1.99243,-0.86483,87.0807,3.30428,11.6119,110.705,-0.0648781,-0.0708049,0.534863
-5.60766,-4.86961,11.6937,3.22596,-1.18601,95.2677,2.9898,10.3082,114.633,-0.0572951,-0.0616926,0.505372
-2.70796,-2.3338,6.25207,3.21935,-0.919818,96.0961,3.21325,10.6549,114.91,-0.0511456,-0.0537586,0.479891
-2.31837,-2.2211,5.09144,4.00158,-0.291401,104.654,2.07146,8.553,119.311,-0.048657,-0.0495519,0.475025
-1.04779,-1.01788,2.72321,4.06628,0.217279,104.922,2.37845,9.0162,119.274,-0.0470636,-0.0462364,0.470627
-0.794859,-0.787454,2.12866,3.96107,1.64496,107.088,0.80264,7.10728,123.193,-0.0492149,-0.0437602,0.494201
-0.513887,-0.51894,1.57507,4.19485,2.10383,107.339,1.13918,7.6806,122.914,-0.0524397,-0.0446824,0.517795
-0.425686,-0.429808,1.35822,4.05279,3.60072,104.447,-0.377189,5.90993,124.054,-0.061949,-0.0454024,0.583769
-0.328683,-0.335065,1.1546,4.36056,4.0151,104.736,-0.0607647,6.56608,123.9,-0.0760992,-0.0523347,0.664262
-0.290888,-0.293605,1.0721,4.43315,4.73929,100.085,-1.37859,5.08728,122.493,-0.111722,-0.0616551,0.845785
-0.254251,-0.258196,0.998994,4.81342,5.10769,100.361,-1.06703,5.81292,122.663,-0.18186,-0.0945706,1.12949
-0.248423,-0.250702,1.03663,5.12813,4.87574,95.371,-2.09073,5.35332,120.535,-0.422029,-0.164532,1.88659
-0.269324,-0.274287,1.12263,5.52931,5.14708,95.8361,-1.80639,6.08729,121.203,-1.49853,-0.640628,4.1892
4.88566,5.80847,73.9706,-0.174058,-0.137819,0.903101,-0.149327,-0.538999,2.36824,3.9468,-2.23225,128.149
3.66404,7.46113,92.5618,-0.357682,-0.246026,1.37249,-1.96227,-6.4117,12.6718,4.06162,-0.967227,119.109
4.44924,8.12644,85.4055,-1.12388,-0.752182,2.79203,-13.48,-17.8884,46.184,4.13831,-0.543509,120.581
2.84344,9.76109,79.7218,-11.0011,-7.2753,18.4392,-11.72,-10.1721,65.6093,2.0399,0.158316,102.137
2.94372,9.87463,80.3788,-15.7314,-12.575,28.4762,-10.1637,-8.0678,65.3805,1.99871,0.587979,100.495
1.50308,9.29629,63.5586,-15.0474,-13.5113,49.1796,-6.30368,-4.79309,73.1404,-0.396242,-0.294567,66.2289
2.2403,8.75665,57.5791,-6.35718,-14.3939,76.7379,-5.97175,-4.4972,74.7095,0.31872,0.363435,65.2795
0.470668,7.40357,43.4107,-0.976555,-1.50878,68.7929,-0.979198,0.760507,95.5154,-5.01332,-4.74322,16.4474
0.239004,7.32953,39.8929,-0.420437,-0.719275,67.6953,-0.622519,1.12573,95.85,-3.34939,-2.90122,10.7905
-1.06702,6.47251,36.6302,0.19998,3.76499,70.1793,3.79432,6.39651,108.148,-2.23923,-2.43135,5.67805
-1.4812,6.17612,35.6811,0.110112,3.42859,71.2725,4.32146,6.47143,107.72,-0.724459,-0.81211,2.43904
-1.90139,5.45526,37.8966,-0.152852,2.45693,73.3677,5.00478,10.0676,109.095,-0.408618,-0.462275,1.52009
-2.26727,4.85896,37.6194,-0.191426,2.16904,74.0843,5.40069,10.2009,109.043,-0.229609,-0.260475,1.05473
-3.3019,2.4213,32.2794,0.141327,-0.70651,78.4724,4.99281,11.6724,108.692,-0.160997,-0.180025,0.827468
-3.76135,1.78358,29.4149,0.222638,-0.9585,79.2094,5.30729,11.8217,109.056,-0.114601,-0.125807,0.684413
-5.91481,-3.30267,16.8858,1.23265,-3.35938,86.4856,4.99699,11.5572,110.956,-0.0910717,-0.0990375,0.599185
-5.09535,-2.90404,13.1035,1.29893,-3.38675,87.3513,5.25803,11.8247,111.411,-0.0730167,-0.0781171,0.535593
-5.62085,-4.80788,11.424,2.39034,-3.89494,95.3053,4.93848,10.5838,115.425,-0.0631386,-0.066904,0.499184
-2.81089,-2.41221,6.21454,2.46166,-3.60476,95.9103,5.23878,10.9602,115.681,-0.0554032,-0.0574272,0.468193
-2.53073,-2.36142,5.31948,3.2435,-3.25377,104.164,4.20177,9.03922,120.221,-0.0516324,-0.0524159,0.456904
-1.20268,-1.13183,2.88275,3.37019,-2.81132,104.478,4.56285,9.47758,120.166,-0.0490715,-0.0484555,0.447457
-0.931514,-0.886235,2.2797,3.19228,-1.53231,106.452,3.07467,7.52481,123.982,-0.0506016,-0.0463042,0.463176
-0.612153,-0.588278,1.67315,3.48569,-1.13834,106.554,3.47493,8.0571,123.665,-0.0529492,-0.0468128,0.478163
-0.518004,-0.494928,1.45296,3.29949,0.439449,103.442,1.97889,6.27123,124.97,-0.0616613,-0.0490527,0.528883
-0.403159,-0.385286,1.22067,3.65475,0.722902,103.721,2.35039,6.85968,124.782,-0.074186,-0.0565296,0.590652
-0.356396,-0.335128,1.11754,3.67228,1.47566,98.9376,0.99876,5.19838,123.22,-0.107621,-0.0710119,0.733016
-0.302203,-0.282585,1.00397,4.11413,1.6742,99.2828,1.35154,5.8651,123.453,-0.166315,-0.106303,0.940267
-0.286078,-0.264594,0.997923,4.47442,1.54006,94.4322,0.300076,5.29889,121.401,-0.359216,-0.202084,1.47801
-0.298563,-0.274271,1.03585,4.93156,1.67544,94.8599,0.663999,5.96898,121.92,-1.33938,-0.759953,3.39318
-0.406543,-0.373517,1.33575,5.82316,1.10105,88.4762,0.354433,6.23989,113.977,-12.1602,-8.32758,21.389
-0.867977,-0.783993,2.25935,6.30703,1.12659,89.2976,0.818242,6.76119,115.017,-12.756,-12.8233,28.5178
-8.09296,-7.14321,14.8182,7.06857,0.359601,79.9983,-0.0420621,6.04319,94.1104,-6.87135,-11.7109,35.925
-21.9985,-18.3829,38.3794,7.16374,0.767856,80.3235,0.534607,6.25772,93.5477,-5.12399,-13.5739,51.6195
-17.7925,-12.7651,41.243,6.61535,-1.66667,66.1534,-2.77299,1.71112,57.0085,-2.88251,-13.6231,66.3399
-14.9671,-5.33144,67.0423,6.12546,-0.0155144,61.4303,-2.34823,2.80441,56.9282,-2.86695,-13.2084,68.4934
-3.86085,1.11667,64.254,4.92704,-2.54677,42.0026,-4.93236,-3.3317,12.1657,-3.3421,-14.4243,111.046
-2.82811,1.76941,62.1947,5.23231,-2.33319,38.9936,-2.26259,-1.37941,6.29407,-2.97775,-13.946,111.812
0.810841,2.83475,70.696,4.62738,-3.36682,35.0615,-1.13081,-0.855291,2.85895,-0.792501,-10.9258,129.072
0.632439,2.64774,71.6629,4.41465,-3.56,34.1479,-0.397273,-0.292566,1.39863,-0.606644,-9.9683,128.074
1.84806,3.65471,79.5819,2.69798,-3.24735,31.6983,-0.227344,-0.169206,0.896658,1.47168,-6.05988,122.934
1.75487,3.63757,79.8131,2.2153,-3.40406,30.8818,-0.126291,-0.0921452,0.642097,1.56576,-5.53002,122.966
1.89096,4.96703,85.461,0.411554,-3.59042,27.5623,-0.0853406,-0.0617932,0.502064,2.28405,-3.41326,116.502
1.92162,5.04532,85.4962,-0.0942329,-3.76238,26.0011,-0.0568698,-0.0408112,0.415101,2.47114,-3.09758,116.888
1.63948,5.92996,89.9509,-1.88042,-4.60105,22.0371,-0.0411347,-0.0295503,0.35905,2.68783,-2.39384,116.81
1.74828,6.04538,90.0009,-2.49117,-4.7386,19.0989,-0.030024,-0.0217608,0.320278,3.04074,-2.14828,117.107
1.29165,6.36503,95.2665,-4.31672,-5.45518,14.2363,-0.0230144,-0.0172116,0.295706,3.37906,-1.71141,121.352
1.66137,6.50741,94.6938,-3.59953,-4.53038,11.3291,-0.0181822,-0.0140669,0.277104,3.92115,-1.32894,121.051
1.58791,5.89095,99.5122,-3.93803,-4.37032,9.35298,-0.014994,-0.0125732,0.267932,3.93304,-0.267375,126.196
1.78519,5.99896,99.5926,-2.07208,-2.27881,5.39414,-0.0130506,-0.0114802,0.259845,4.36173,0.2103,125.306
2.48957,4.92781,102.67,-1.6729,-1.72177,3.99674,-0.011706,-0.0115947,0.259789,2.40838,1.20337,123.821
2.79267,5.09176,102.333,-0.830153,-0.842032,2.30833,-0.0111057,-0.0116066,0.259501,2.85147,1.62251,123.416
3.71714,4.14733,100.031,-0.573385,-0.567288,1.65476,-0.0104846,-0.0130507,0.270293,1.02434,1.0751,122.713
3.94259,4.37111,99.8553,-0.339228,-0.33032,1.15696,-0.0109446,-0.0141662,0.280253,1.54031,1.40303,122.471
4.33008,3.64454,93.4844,-0.241089,-0.233136,0.915278,-0.0110073,-0.0174446,0.30645,0.736111,0.0411168,121.589
4.40821,3.8939,93.8806,-0.169627,-0.161113,0.745189,-0.0128104,-0.0203816,0.333287,1.31172,0.254732,121.549
4.09647,3.41862,87.3467,-0.134833,-0.126385,0.657793,-0.0137605,-0.0281311,0.391791,1.01923,-1.41578,119.553
4.08115,3.67879,88.149,-0.109389,-0.0998144,0.589023,-0.0187113,-0.0374317,0.462883,1.65262,-1.32115,119.941
3.00424,3.39821,83.5593,-0.0992166,-0.0865103,0.577283,-0.0228852,-0.0605226,0.606736,1.02571,-2.82444,119.952
3.00327,3.61717,84.4469,-0.0981398,-0.0815367,0.580532,-0.0400547,-0.108455,0.84982,1.70632,-2.76014,120.627
2.35772,4.64455,84.2157,-0.119035,-0.0881196,0.67756,-0.0650992,-0.283382,1.5013,0.979031,-3.71602,122.146
2.40785,4.85316,84.8769,-0.168941,-0.118486,0.833373,-0.474516,-1.89188,4.7798,1.67345,-3.58201,122.907
2.06342,7.03241,85.868,-0.399933,-0.229355,1.42987,-9.83722,-18.609,37.8379,0.506725,-3.53591,118.102
2.16486,7.12629,86.2946,-2.97147,-1.67889,5.72404,-10.5947,-8.93277,39.995,1.07657,-3.30546,118.838
1.27183,8.59254,80.3027,-25.7792,-18.7046,44.5029,-6.84899,-5.33228,48.7421,0.133348,-2.25638,101.297
1.34661,8.56477,79.7414,-12.4431,-15.6415,43.4579,-8.91153,-6.86489,59.0708,-0.128638,-1.63436,99.5086
0.194392,8.16959,62.5454,-2.93269,-7.9899,57.9258,-5.95538,-4.773,69.4543,-1.35994,-1.54945,65.8998
0.557298,7.99272,57.975,-1.71767,-7.34173,61.4002,-5.82631,-4.79954,71.0209,-0.80686,-1.11448,65.1476
-0.500622,6.80674,44.0114,0.380199,0.553136,65.9864,-1.50343,-0.0903467,92.3353,-4.57105,-4.43631,15.8412
-0.618282,6.79357,40.8911,0.310964,0.426332,67.4847,-1.39244,0.195461,92.927,-3.02652,-2.62253,10.3868
-1.86377,5.90747,37.5176,0.793736,4.90415,70.5662,2.36573,5.06042,105.577,-1.80278,-2.00121,5.00464
-2.24745,5.56751,36.3503,0.685135,4.58788,71.5158,2.73883,5.03799,105.576,-0.632494,-0.727691,2.32855
-2.79619,4.66877,38.0679,0.55448,3.60228,73.9282,3.32072,8.46497,107.015,-0.349679,-0.408026,1.4359
-3.17082,4.06258,37.6444,0.459652,3.23747,74.7687,3.60262,8.47618,107.163,-0.194149,-0.227837,0.999724
-3.95765,1.79426,32.8736,0.659153,0.339511,79.0359,3.01553,9.88296,106.963,-0.134157,-0.155275,0.781596
-4.32888,1.20638,30.3478,0.681788,0.0646977,79.7689,3.21466,9.9318,107.467,-0.0945795,-0.10745,0.647441
-6.05071,-3.55449,17.5935,1.55588,-2.30406,86.9263,2.75033,9.45882,109.732,-0.0747852,-0.0839842,0.567386
-5.23894,-3.09865,13.9367,1.568,-2.40681,87.8472,2.91488,9.58676,110.296,-0.0596156,-0.0657449,0.508896
-5.50907,-4.85647,11.4702,2.62399,-3.0239,95.8585,2.51438,8.17867,114.102,-0.0515945,-0.0561085,0.47609
-2.61204,-2.3098,6.06169,2.61389,-2.87154,96.6559,2.7089,8.40498,114.419,-0.0451729,-0.0479354,0.448079
-2.20486,-2.12151,4.87312,3.18233,-2.67833,105.151,1.45299,6.12135,118.721,-0.0420505,-0.0434467,0.438955
-1.03199,-1.00648,2.6782,3.25544,-2.2767,105.323,1.73417,6.46464,118.752,-0.0397956,-0.0397019,0.43072
-0.795431,-0.787186,2.11617,3.03768,-1.05882,107.014,0.183469,4.3232,122.515,-0.0407156,-0.0371543,0.446168
-0.526428,-0.53044,1.58501,3.26529,-0.766476,107.233,0.483126,4.74738,122.32,-0.0423149,-0.0369828,0.461463
-0.443311,-0.445213,1.37544,3.14344,0.593317,104.224,-1.03234,2.86045,123.78,-0.0487815,-0.0372965,0.510323
-0.345537,-0.348865,1.16674,3.42601,0.803487,104.524,-0.763381,3.34295,123.667,-0.0581336,-0.0417254,0.569731
-0.307223,-0.305751,1.07586,3.50036,1.41737,99.7496,-2.15432,1.7923,122.538,-0.0823287,-0.0483459,0.702322
-0.263499,-0.261329,0.978513,3.85363,1.55272,100.094,-1.92291,2.34011,122.768,-0.123792,-0.0683608,0.8894
-0.25326,-0.248818,0.987195,4.16534,1.3143,95.3568,-3.05826,1.71675,121.033,-0.248512,-0.106883,1.34358
-0.26963,-0.26293,1.03888,4.5242,1.38533,95.7664,-2.84133,2.2574,121.536,-0.761634,-0.308416,2.60346
-0.373832,-0.365343,1.36214,5.30566,0.739318,89.5799,-3.19003,2.57265,114.093,-6.92648,-3.1175,13.1544
-0.839333,-0.803901,2.35825,5.67162,0.722877,90.2495,-2.76989,2.83587,114.892,-12.6049,-11.3721,31.1499
-8.54865,-7.95823,16.3026,6.46452,0.252522,81.2655,-2.98568,3.07411,95.4527,-3.48655,-8.57296,34.8097
-21.4727,-18.4044,39.8192,6.43532,0.634547,81.5084,-2.58804,3.27045,95.0253,-2.54424,-9.89297,45.5843
-14.4138,-8.08276,51.8676,5.71515,-1.35802,64.3947,-4.57608,0.255095,56.0253,-0.99084,-10.9979,65.389
-10.4445,-2.10985,60.6835,5.60177,-0.309028,60.7913,-4.21734,0.997095,56.5229,-1.35769,-11.3546,69.3014
-1.93566,2.26173,61.1546,4.71028,-2.88673,42.4656,-4.54956,-2.99612,11.5792,-0.999344,-11.8277,111.024
-1.87132,2.26133,62.2,4.96503,-2.67623,39.9957,-2.03689,-1.18488,6.12982,-0.746627,-11.4282,111.419
1.67053,3.37269,71.4975,4.24133,-3.64539,35.9176,-0.921953,-0.677703,2.56067,1.63956,-8.25112,127.605
1.49842,3.18593,72.2057,3.98226,-3.8168,34.8347,-0.333991,-0.23914,1.31383,1.67575,-7.45379,126.808
2.8289,4.31096,80.5936,2.23045,-3.44196,32.0685,-0.188945,-0.136782,0.839345,3.49101,-3.78476,122.362
2.69276,4.26584,80.754,1.72567,-3.5826,31.0755,-0.105037,-0.0744176,0.607296,3.50033,-3.31832,122.387
2.84411,5.62147,86.5134,-0.0588772,-3.73447,27.549,-0.0708438,-0.0496635,0.476346,4.07736,-1.45313,116.42
2.83238,5.66582,86.4913,-0.571293,-3.88604,25.8209,-0.0472467,-0.0327773,0.396163,4.20835,-1.18257,116.757
2.5489,6.54579,91.2419,-2.32457,-4.66875,21.5981,-0.0342691,-0.0237909,0.344374,4.38128,-0.543919,116.902
2.64515,6.633,91.1563,-2.77839,-4.75035,19.0164,-0.0250698,-0.0175648,0.308701,4.6808,-0.327977,117.132
2.30538,6.91251,96.0882,-4.34886,-5.45222,14.3765,-0.0192574,-0.0139901,0.285986,4.91074,0.315454,120.94
2.62038,7.01834,95.5089,-3.6607,-4.6076,11.7085,-0.0151985,-0.0114537,0.268825,5.37512,0.642204,120.627
2.52582,6.48705,100.597,-3.72926,-4.18111,9.08233,-0.0125573,-0.0103996,0.260651,5.05643,1.79932,124.181
2.65207,6.5777,100.71,-1.90134,-2.10975,5.14956,-0.0109484,-0.00955266,0.253541,5.38322,2.19227,123.448
3.20785,5.50364,103.31,-1.42725,-1.48428,3.59415,-0.00983918,-0.0099079,0.254573,3.30799,2.76228,122.805
3.46722,5.65187,102.964,-0.711623,-0.727134,2.11604,-0.00939651,-0.0100485,0.255471,3.7013,3.12759,122.424
4.15675,4.57707,100.301,-0.481365,-0.481287,1.50647,-0.00887475,-0.0116244,0.267571,1.9775,2.40021,122.514
4.3557,4.7885,100.099,-0.289383,-0.284718,1.07845,-0.00934719,-0.0127641,0.279134,2.4682,2.6968,122.25
4.61827,3.95497,93.5918,-0.207426,-0.20324,0.863592,-0.00934561,-0.0160525,0.307528,1.79188,1.35038,121.388
4.68124,4.19952,93.9563,-0.148007,-0.142643,0.71375,-0.0110259,-0.0189626,0.337539,2.34775,1.54322,121.37
4.34672,3.78823,87.2786,-0.119345,-0.113757,0.637457,-0.011614,-0.0266371,0.401731,2.12556,-0.0330973,118.707
4.32568,4.05206,88.0733,-0.0984623,-0.0915699,0.577811,-0.0162328,-0.0362122,0.483098,2.74404,0.0452676,119.199
3.20981,3.81929,83.9182,-0.0910436,-0.0803017,0.573466,-0.0189112,-0.0606076,0.650939,2.10937,-1.46521,119.23
3.21424,4.05286,84.8378,-0.0909474,-0.0763324,0.579417,-0.035666,-0.113695,0.940623,2.81042,-1.42327,120.011
2.75046,5.25251,85.1076,-0.110542,-0.0813266,0.679401,-0.0483202,-0.335747,1.80401,1.98642,-2.28264,121.346
2.82288,5.47842,85.5926,-0.157889,-0.109415,0.840225,-0.81883,-3.60779,8.09424,2.65036,-2.10022,122.164
2.39367,7.66215,86.6301,-0.378863,-0.204621,1.45331,-11.72,-17.1986,46.0628,1.38512,-2.0276,117.046
2.45276,7.80584,86.8765,-2.98987,-1.57669,5.88917,-9.18832,-6.92392,41.3795,1.8931,-1.73941,117.546
1.30121,9.09304,79.734,-25.8102,-18.5935,47.6729,-6.55781,-4.65165,51.2498,0.612784,-0.883202,98.1789
1.40279,9.07158,79.2236,-8.84485,-14.2389,47.2686,-8.8233,-6.22273,61.0434,0.331784,-0.297638,96.5019
0.135934,8.65268,62.5419,-1.1599,-5.11858,53.3765,-5.90236,-3.87212,70.904,-1.27092,-0.795395,62.2636
0.535007,8.45674,57.9471,-0.936232,-5.64085,59.4645,-5.69281,-3.79346,72.1602,-0.679868,-0.346538,61.5354
-0.447364,7.19364,44.1008,0.885633,1.69969,65.1669,-1.25091,1.2622,93.2758,-4.48592,-4.33225,15.0031
-0.571219,7.1825,41.1058,0.804004,1.57659,66.7395,-1.09325,1.54844,93.736,-2.83039,-2.41929,9.71731
-1.70147,6.39213,38.373,1.17277,5.90208,69.4009,2.6099,6.71718,105.81,-1.74206,-1.92973,4.80152
-2.09169,6.06299,37.4369,1.03917,5.59124,70.4373,3.02043,6.71178,105.649,-0.601727,-0.687458,2.22986
-2.53515,5.29735,39.3652,0.817691,4.58431,72.8502,3.49287,10.2411,107.245,-0.341477,-0.395571,1.4107
-2.89343,4.71878,38.8718,0.724254,4.27706,73.6955,3.78298,10.3226,107.378,-0.195157,-0.226523,1.00267
-3.69195,2.46368,33.8735,0.953795,1.58687,78.0067,3.25609,11.7632,107.448,-0.138221,-0.158186,0.79633
-4.05124,1.92986,31.4675,0.975848,1.3832,78.7613,3.47673,11.8997,107.939,-0.0994871,-0.111555,0.66779
-5.92466,-3.14001,18.0163,1.96422,-0.788891,86.0346,3.08547,11.431,110.123,-0.0802603,-0.0890233,0.591971
-5.27002,-2.76057,14.4605,1.98188,-0.830678,87.0779,3.27115,11.6516,110.688,-0.0652308,-0.0710657,0.536416
-5.6095,-4.86641,11.6929,3.21393,-1.14706,95.2657,2.95423,10.3506,114.614,-0.0576595,-0.0619614,0.507048
-2.70738,-2.33026,6.2481,3.20668,-0.87881,96.0949,3.1771,10.699,114.891,-0.0515234,-0.054037,0.481688
-2.31558,-2.2165,5.08441,3.98679,-0.243924,104.653,2.03172,8.60056,119.292,-0.0490818,-0.0498535,0.477085
-1.04563,-1.01483,2.71796,4.05057,0.268093,104.919,2.33806,9.06616,119.254,-0.0475481,-0.0465761,0.472973
-0.79226,-0.78424,2.12284,3.94426,1.70098,107.083,0.758451,7.16172,123.172,-0.0498323,-0.0441372,0.497163
-0.51188,-0.516493,1.57034,4.17699,2.16442,107.331,1.09434,7.73823,122.894,-0.0532443,-0.045171,0.521517
-0.423626,-0.427412,1.35343,4.03477,3.66412,104.436,-0.424895,5.97134,124.034,-0.0631745,-0.0460186,0.589145
-0.326917,-0.333051,1.15034,4.34122,4.0836,104.721,-0.109407,6.63134,123.88,-0.0780708,-0.0533153,0.672216
-0.28911,-0.291639,1.06777,4.41372,4.80934,100.067,-1.42909,5.15546,122.474,-0.115902,-0.0633067,0.860554
-0.252576,-0.256398,0.994824,4.79231,5.18322,100.338,-1.11895,5.88577,122.645,-0.192207,-0.098803,1.16014
-0.246576,-0.248734,1.03188,5.1066,4.95272,95.3438,-2.14379,5.42912,120.518,-0.466981,-0.179348,1.9884
-0.26708,-0.27201,1.11703,5.5065,5.22866,95.8062,-1.85701,6.16516,121.181,-1.84763,-0.790761,4.78312
4.88449,5.8085,73.9671,-0.174054,-0.137836,0.903106,-0.149322,-0.539094,2.36822,3.94729,-2.2335,128.152
3.66295,7.46109,92.5584,-0.35767,-0.246091,1.37251,-1.96172,-6.41257,12.671,4.06215,-0.968499,119.111
4.44826,8.12628,85.4023,-1.12389,-0.752472,2.79221,-13.4772,-17.8937,46.1766,4.13902,-0.544875,120.583
2.84259,9.76076,79.7186,-11.0015,-7.27882,18.4419,-11.7212,-10.1769,65.6123,2.04047,0.157116,102.139
2.94287,9.87424,80.3759,-15.73,-12.5785,28.4772,-10.1643,-8.07072,65.3833,1.99927,0.586786,100.496
1.5023,9.29584,63.5561,-15.0467,-13.5152,49.1792,-6.30353,-4.79562,73.1409,-0.395662,-0.295729,66.2305
2.23957,8.75614,57.5767,-6.35752,-14.3965,76.7395,-5.97147,-4.49976,74.7098,0.319348,0.362254,65.2809
0.470124,7.40298,43.4085,-0.976485,-1.51074,68.7937,-0.978786,0.757437,95.5161,-5.01366,-4.7432,16.4475
0.238574,7.32886,39.8907,-0.420178,-0.721217,67.6958,-0.621964,1.12245,95.8507,-3.34978,-2.90085,10.7904
-1.06736,6.47178,36.6281,0.200337,3.76298,70.1799,3.79509,6.39276,108.149,-2.23933,-2.43102,5.67781
-1.48154,6.17538,35.6791,0.110453,3.42655,71.273,4.3223,6.46755,107.721,-0.724504,-0.811986,2.43895
-1.90184,5.45454,37.8945,-0.152568,2.45491,73.3681,5.00575,10.0635,109.096,-0.40864,-0.462206,1.52004
-2.2678,4.85826,37.6173,-0.191198,2.16703,74.0847,5.40173,10.1967,109.044,-0.229625,-0.260434,1.0547
-3.30243,2.42062,32.2771,0.141449,-0.708573,78.4728,4.99397,11.668,108.693,-0.161008,-0.179996,0.827446
-3.76179,1.78306,29.4132,0.222665,-0.960454,79.2096,5.30855,11.8171,109.057,-0.11461,-0.125785,0.684398
-5.91475,-3.30248,16.8864,1.23248,-3.36121,86.4853,4.99836,11.5525,110.956,-0.0910802,-0.0990193,0.599172
-5.09554,-2.90391,13.1054,1.29861,-3.38837,87.3506,5.25951,11.8198,111.411,-0.0730245,-0.0781016,0.535584
-5.62191,-4.80879,11.4264,2.38987,-3.89658,95.3044,4.94006,10.5785,115.425,-0.0631462,-0.0668897,0.499176
-2.81246,-2.41354,6.21764,2.4611,-3.60629,95.9091,5.2405,10.9546,115.682,-0.0554106,-0.0574139,0.468187
-2.533,-2.36352,5.32361,3.2428,-3.2556,104.163,4.2036,9.03306,120.222,-0.0516402,-0.0524026,0.4569
-1.20355,-1.13265,2.88445,3.36933,-2.81352,104.478,4.56481,9.47082,120.166,-0.0490798,-0.0484423,0.447456
-0.93215,-0.886852,2.28096,3.19132,-1.53472,106.452,3.07675,7.51735,123.983,-0.0506115,-0.0462895,0.463176
-0.61247,-0.588598,1.67384,3.48457,-1.14083,106.554,3.47715,8.04914,123.665,-0.0529607,-0.0467968,0.478166
-0.518231,-0.495158,1.45347,3.29833,0.436994,103.442,1.9812,6.26274,124.97,-0.0616767,-0.0490324,0.528891
-0.403292,-0.385425,1.22101,3.65343,0.72043,103.721,2.35285,6.85068,124.782,-0.0742068,-0.0565041,0.590665
-0.356489,-0.335225,1.11779,3.6709,1.47329,98.9378,1.00122,5.18904,123.22,-0.107657,-0.0709717,0.733045
-0.302262,-0.282649,1.00415,4.11257,1.67182,99.2831,1.35415,5.85521,123.453,-0.166381,-0.106241,0.940327
-0.286119,-0.26464,0.998084,4.47273,1.53776,94.4324,0.302696,5.28871,121.401,-0.359409,-0.201948,1.47821
-0.2986,-0.274312,1.03601,4.92967,1.67313,94.86,0.666738,5.9582,121.92,-1.34057,-0.759649,3.39445
-0.406585,-0.373567,1.33597,5.82119,1.09884,88.4762,0.357069,6.22937,113.977,-12.1692,-8.32443,21.3965
-0.868153,-0.784165,2.25987,6.30485,1.1243,89.2975,0.820887,6.75006,115.017,-12.7585,-12.8142,28.5124
-8.09476,-7.14488,14.8219,7.06638,0.357491,79.9981,-0.0398564,6.03382,94.1103,-6.8746,-11.7049,35.921
-21.9968,-18.381,38.3786,7.16151,0.765472,80.3234,0.537045,6.24752,93.5475,-5.12703,-13.5709,51.6186
-17.7831,-12.7541,41.2521,6.61311,-1.66863,66.1529,-2.7717,1.70513,57.0076,-2.88553,-13.6207,66.3402
-14.9549,-5.32094,67.0324,6.12366,-0.0178904,61.4305,-2.34673,2.79769,56.9277,-2.86972,-13.2065,68.4934
-3.85346,1.12105,64.2443,4.92585,-2.54891,42.003,-4.93301,-3.33053,12.1658,-3.3452,-14.4219,111.046
-2.82352,1.77187,62.194,5.231,-2.33517,38.9936,-2.263,-1.37871,6.29428,-2.98044,-13.9442,111.811
0.815618,2.83681,70.6962,4.62607,-3.36867,35.0614,-1.13083,-0.854751,2.85861,-0.794883,-10.9246,129.072
0.637071,2.64983,71.6628,4.41317,-3.56177,34.1478,-0.397293,-0.292373,1.39853,-0.608876,-9.96759,128.073
1.85305,3.6569,79.5817,2.69653,-3.24887,31.6982,-0.227352,-0.16909,0.896588,1.47004,-6.05992,122.933
1.75962,3.63969,79.8129,2.21372,-3.40548,30.8817,-0.126296,-0.0920782,0.642056,1.5642,-5.53048,122.966
1.89591,4.96923,85.4608,0.410003,-3.59151,27.562,-0.0853445,-0.0617467,0.502034,2.28285,-3.41423,116.502
1.92632,5.0474,85.496,-0.0958508,-3.76333,26.0005,-0.056873,-0.0407787,0.415079,2.47001,-3.09895,116.888
1.64432,5.9321,89.9505,-1.88179,-4.6016,22.0372,-0.0411374,-0.0295258,0.359032,2.68687,-2.39563,116.81
1.75301,6.04737,90.0003,-2.49213,-4.73899,19.1008,-0.0300264,-0.0217417,0.320264,3.0399,-2.15048,117.107
1.29646,6.36711,95.2658,-4.31766,-5.45542,14.2385,-0.0230166,-0.017196,0.295693,3.37833,-1.71409,121.352
1.66592,6.50926,94.6931,-3.60066,-4.53103,11.3321,-0.0181843,-0.0140536,0.277093,3.92056,-1.33211,121.051
1.59222,5.89279,99.5118,-3.93923,-4.37073,9.35487,-0.0149962,-0.0125614,0.267922,3.9326,-0.271089,126.196
1.78918,6.00056,99.5925,-2.07269,-2.27898,5.39517,-0.0130529,-0.0114693,0.259836,4.36144,0.206091,125.306
2.49319,4.92922,102.67,-1.6732,-1.72168,3.99708,-0.0117085,-0.0115842,0.25978,2.40825,1.19904,123.821
2.79603,5.0929,102.333,-0.830239,-0.841908,2.30841,-0.0111084,-0.0115962,0.259492,2.85151,1.61768,123.416
3.72006,4.14813,100.031,-0.573406,-0.567161,1.65473,-0.010488,-0.0130397,0.270284,1.02439,1.07015,122.712
3.94532,4.37167,99.8556,-0.339232,-0.330235,1.15694,-0.0109484,-0.0141543,0.280244,1.54055,1.39759,122.471
4.33237,3.64479,93.4847,-0.24109,-0.233072,0.915258,-0.0110124,-0.0174304,0.30644,0.736274,0.035415,121.589
4.41035,3.89395,93.8808,-0.169628,-0.161067,0.745179,-0.0128167,-0.0203645,0.333276,1.31205,0.248527,121.549
4.09823,3.41848,87.3468,-0.134835,-0.126349,0.65779,-0.0137702,-0.0281073,0.391777,1.01943,-1.42225,119.552
4.08277,3.67849,88.149,-0.109391,-0.0997856,0.589027,-0.0187251,-0.0373981,0.462868,1.65296,-1.32815,119.941
3.00559,3.39788,83.5593,-0.0992209,-0.0864842,0.577295,-0.0229105,-0.0604647,0.606714,1.02593,-2.83179,119.952
3.00447,3.61668,84.4469,-0.0981461,-0.0815121,0.580553,-0.0401041,-0.108343,0.849787,1.70666,-2.76806,120.626
2.3589,4.64397,84.2156,-0.119045,-0.0880888,0.677601,-0.0652482,-0.283052,1.5012,0.979354,-3.72441,122.146
2.40885,4.85239,84.8767,-0.168965,-0.118449,0.833453,-0.475491,-1.88939,4.77834,1.6739,-3.59102,122.906
2.06453,7.03137,85.8681,-0.400048,-0.229282,1.43015,-9.84963,-18.5927,37.8441,0.507041,-3.54476,118.1
2.16591,7.12508,86.2942,-2.97431,-1.67956,5.72815,-10.5977,-8.92292,39.9984,1.07722,-3.31501,118.837
1.2732,8.59128,80.3018,-25.7854,-18.7023,44.5129,-6.84921,-5.32521,48.7347,0.134333,-2.26492,101.297
1.34764,8.56331,79.7406,-12.4347,-15.6329,43.4596,-8.91435,-6.8591,59.0682,-0.127737,-1.64306,99.5077
0.195149,8.16849,62.5454,-2.92896,-7.98162,57.9143,-5.95883,-4.76811,69.4537,-1.35943,-1.55527,65.8991
0.558168,7.9913,57.9747,-1.71728,-7.33771,61.3964,-5.82966,-4.79495,71.0201,-0.80609,-1.12072,65.147
-0.499575,6.80545,44.0112,0.381504,0.555126,65.9865,-1.50635,-0.0860092,92.3344,-4.5721,-4.43494,15.841
-0.617108,6.79211,40.8911,0.31232,0.428036,67.4849,-1.3951,0.199018,92.9261,-3.02722,-2.62087,10.3862
-1.86269,5.90615,37.5178,0.795967,4.9056,70.5664,2.36368,5.06333,105.576,-1.80258,-1.99947,5.00287
-2.24648,5.56619,36.3505,0.687157,4.58926,71.516,2.73681,5.04036,105.575,-0.63244,-0.727042,2.3279
-2.7956,4.6674,38.0679,0.556152,3.60365,73.9285,3.31933,8.46697,107.014,-0.349634,-0.407655,1.43551
-3.17047,4.06128,37.6439,0.461088,3.23875,74.7691,3.60124,8.47772,107.162,-0.194127,-0.227628,0.999497
-3.95773,1.79325,32.8727,0.659867,0.340748,79.0364,3.01444,9.88424,106.962,-0.134141,-0.155131,0.781434
-4.32897,1.20586,30.3485,0.682255,0.0659789,79.7692,3.21357,9.93273,107.465,-0.0945682,-0.107347,0.647324
-6.05167,-3.55297,17.597,1.55571,-2.30257,86.926,2.74911,9.45957,109.731,-0.0747765,-0.0839026,0.567292
-5.24083,-3.09718,13.9423,1.56768,-2.40539,87.8467,2.91373,9.58707,110.295,-0.0596093,-0.0656792,0.508823
-5.51182,-4.8561,11.4736,2.62349,-3.023,95.8585,2.51285,8.17843,114.1,-0.0515894,-0.0560516,0.47603
-2.61356,-2.3096,6.06371,2.61326,-2.87111,96.6565,2.70743,8.40408,114.417,-0.0451693,-0.0478858,0.448031
-2.20593,-2.12126,4.87419,3.18153,-2.67833,105.153,1.45085,6.12001,118.719,-0.0420477,-0.0434006,0.438917
-1.03231,-1.00616,2.67845,3.25449,-2.277,105.324,1.73209,6.46271,118.749,-0.039794,-0.0396587,0.430692
-0.795583,-0.786844,2.11617,3.03678,-1.05925,107.016,0.180737,4.32098,122.513,-0.040714,-0.0371093,0.446149
-0.526488,-0.530159,1.58495,3.26421,-0.767041,107.234,0.480473,4.74464,122.317,-0.0423145,-0.0369358,0.461455
-0.443338,-0.444951,1.37534,3.14248,0.592654,104.225,-1.03555,2.85748,123.777,-0.0487811,-0.0372397,0.510328
-0.345551,-0.348649,1.16666,3.42485,0.802726,104.525,-0.766518,3.33949,123.664,-0.0581356,-0.0416562,0.569755
-0.307237,-0.305556,1.07579,3.49917,1.41651,99.7506,-2.1579,1.78868,122.535,-0.0823334,-0.0482401,0.702385
-0.263518,-0.261167,0.978475,3.8522,1.55177,100.095,-1.92646,2.336,122.765,-0.123814,-0.0681998,0.889537
-0.253285,-0.248656,0.987181,4.16366,1.31324,95.3573,-3.06207,1.71253,121.029,-0.248602,-0.106529,1.34396
-0.269669,-0.262764,1.03889,4.52223,1.38418,95.7668,-2.84519,2.25269,121.532,-0.762328,-0.307409,2.60493
-0.373898,-0.365069,1.36218,5.30344,0.737963,89.5799,-3.19374,2.56801,114.089,-6.93519,-3.10985,13.1655
-0.839548,-0.803299,2.35831,5.66908,0.721312,90.2496,-2.77387,2.83066,114.887,-12.6007,-11.3528,31.1465
-8.55077,-7.95035,16.2993,6.46194,0.250607,81.2654,-2.98905,3.06973,95.4486,-3.47882,-8.55693,34.796
-21.4804,-18.3869,39.8227,6.43241,0.632795,81.5077,-2.59152,3.26567,95.021,-2.53997,-9.88023,45.5696
-14.4036,-8.05201,51.8883,5.71196,-1.35934,64.3934,-4.57864,0.253093,56.0211,-0.987014,-10.9867,65.3839
-10.4316,-2.09152,60.6531,5.59973,-0.311898,60.7921,-4.21987,0.994131,56.519,-1.35417,-11.3442,69.298
-1.93069,2.27285,61.1483,4.70804,-2.88892,42.4656,-4.55082,-2.99377,11.5788,-0.990826,-11.8106,111.017
-1.86808,2.27142,62.1998,4.96267,-2.67834,39.9953,-2.0379,-1.18367,6.13024,-0.738115,-11.4116,111.412
1.67401,3.3834,71.4973,4.23888,-3.64732,35.9171,-0.922206,-0.677105,2.56053,1.65091,-8.23243,127.596
1.50179,3.19689,72.2052,3.97964,-3.81856,34.8341,-0.334112,-0.238918,1.31382,1.68694,-7.43534,126.799
2.83252,4.32315,80.5931,2.22799,-3.44326,32.0679,-0.18901,-0.136657,0.839332,3.50278,-3.76716,122.352
2.69622,4.27819,80.7534,1.72308,-3.58366,31.0746,-0.105077,-0.0743453,0.607292,3.51207,-3.30067,122.377
2.84786,5.63494,86.5127,-0.0613586,-3.73498,27.548,-0.0708716,-0.049614,0.476344,4.08894,-1.43635,116.41
2.836,5.67945,86.4905,-0.573851,-3.88629,25.8197,-0.0472674,-0.0327427,0.396162,4.21998,-1.16566,116.747
2.55273,6.56058,91.241,-2.32702,-4.66833,21.5973,-0.0342857,-0.0237647,0.344374,4.39309,-0.526847,116.891
2.64893,6.64797,91.1553,-2.78079,-4.74953,19.0161,-0.0250838,-0.0175445,0.3087,4.69275,-0.310788,117.12
2.30925,6.92882,96.0872,-4.35105,-5.45065,14.3766,-0.0192703,-0.0139735,0.285985,4.92337,0.333473,120.928
2.62416,7.03473,95.5081,-3.66292,-4.60594,11.7087,-0.0152105,-0.0114396,0.268823,5.38796,0.660268,120.614
2.52937,6.50501,100.597,-3.73071,-4.17929,9.08183,-0.0125699,-0.010387,0.260648,5.07002,1.81858,124.167
2.65554,6.59611,100.71,-1.90211,-2.10863,5.14915,-0.010961,-0.00954102,0.253537,5.39703,2.2117,123.433
3.21089,5.52324,103.31,-1.42762,-1.48343,3.59369,-0.00985386,-0.00989641,0.254567,3.32173,2.78278,122.789
3.47019,5.67202,102.964,-0.711849,-0.726716,2.11585,-0.00941226,-0.010037,0.255464,3.71534,3.14846,122.407
4.15924,4.59735,100.301,-0.481511,-0.481028,1.50636,-0.00889533,-0.0116117,0.26756,1.99123,2.42204,122.498
4.35808,4.80952,100.099,-0.289486,-0.284571,1.0784,-0.00937079,-0.0127501,0.27912,2.48225,2.71909,122.232
4.62026,3.9753,93.5913,-0.207507,-0.203144,0.863575,-0.0093798,-0.0160351,0.307507,1.80555,1.37308,121.37
4.68308,4.2209,93.9558,-0.148072,-0.142581,0.713753,-0.0110684,-0.0189415,0.33751,2.36176,1.56651,121.351
4.34835,3.80892,87.2778,-0.119405,-0.11371,0.637474,-0.0116854,-0.0266064,0.401688,2.13902,-0.0099172,118.688
4.32713,4.07406,88.0726,-0.0985162,-0.0915363,0.577838,-0.0163372,-0.0361682,0.483033,2.7579,0.0692115,119.18
3.21118,3.8415,83.9172,-0.0911036,-0.0802693,0.573507,-0.0191228,-0.0605272,0.650823,2.12296,-1.44064,119.211
3.21539,4.07654,84.8368,-0.0910123,-0.0763044,0.579473,-0.036098,-0.113531,0.940401,2.82449,-1.39779,119.99
2.75188,5.2775,85.1062,-0.110645,-0.0812812,0.679496,-0.0499207,-0.335147,1.80325,2.00058,-2.2559,121.325
2.82414,5.50478,85.5915,-0.158057,-0.109361,0.840396,-0.835817,-3.60086,8.08927,2.66523,-2.07244,122.142
2.39575,7.68993,86.6282,-0.37946,-0.20446,1.45392,-11.7927,-17.1823,46.0762,1.39953,-1.99958,117.023
2.45485,7.83538,86.8738,-2.9986,-1.57765,5.89943,-9.21393,-6.91273,41.3754,1.90868,-1.71044,117.524
1.30385,9.1213,79.7308,-25.8396,-18.571,47.6822,-6.59023,-4.63488,51.2419,0.626385,-0.858051,98.1594
1.40481,9.10147,79.2209,-8.85522,-14.2203,47.2481,-8.86179,-6.20113,61.0324,0.345358,-0.271454,96.4818
0.138895,8.67629,62.5375,-1.17107,-5.10288,53.3763,-5.94411,-3.84673,70.8908,-1.26231,-0.778725,62.2505
0.537879,8.47955,57.9422,-0.949264,-5.62064,59.4643,-5.7345,-3.76729,72.1462,-0.670379,-0.329226,61.5232
-0.443974,7.21004,44.0968,0.875029,1.72298,65.1628,-1.3,1.29661,93.2573,-4.48815,-4.33011,15.0133
-0.567489,7.19844,41.102,0.793522,1.60165,66.7348,-1.14123,1.58316,93.7168,-2.83363,-2.41635,9.73084
-1.69741,6.40771,38.3697,1.16365,5.92952,69.3947,2.55893,6.75854,105.789,-1.74699,-1.93313,4.81112
-2.08764,6.07927,37.4338,1.02948,5.62109,70.4307,2.96964,6.75438,105.627,-0.603316,-0.688346,2.23385
-2.53154,5.31644,39.3623,0.806718,4.6174,72.8437,3.44302,10.2879,107.222,-0.342567,-0.396312,1.41357
-2.88993,4.7387,38.869,0.712565,4.31273,73.6888,3.73298,10.3715,107.354,-0.195838,-0.226964,1.00485
-3.68893,2.4821,33.871,0.939651,1.62709,78.0007,3.20651,11.8155,107.422,-0.138787,-0.158566,0.798284
-4.04834,1.94884,31.4668,0.961036,1.4263,78.7549,3.42676,11.9547,107.912,-0.0999554,-0.111858,0.669619
-5.92424,-3.12915,18.016,1.94667,-0.739086,86.0286,3.03377,11.4895,110.094,-0.0807073,-0.0893189,0.593822
-5.27208,-2.74983,14.4599,1.96392,-0.777963,87.0722,3.2191,11.7127,110.658,-0.0656569,-0.0713466,0.538315
-5.6125,-4.86122,11.6915,3.19365,-1.08681,95.2606,2.89875,10.4158,114.583,-0.0581087,-0.0622584,0.509122
-2.70664,-2.32464,6.2419,3.18562,-0.815273,96.0908,3.12119,10.7665,114.86,-0.0520017,-0.0543555,0.483944
-2.31149,-2.20935,5.07369,3.96241,-0.170241,104.649,1.97057,8.67318,119.258,-0.049633,-0.0502068,0.479711
-1.04243,-1.01011,2.70993,4.02494,0.347026,104.913,2.27637,9.14217,119.221,-0.0481967,-0.0469897,0.476022
-0.78838,-0.779302,2.11399,3.91703,1.7881,107.072,0.69123,7.24434,123.137,-0.050684,-0.0446057,0.501094
-0.508875,-0.512735,1.56314,4.14826,2.25867,107.315,1.02661,7.82538,122.859,-0.0543947,-0.0458082,0.526583
-0.420529,-0.423739,1.34614,4.00598,3.7628,104.414,-0.496706,6.06395,123.999,-0.0649944,-0.0468501,0.596687
-0.324251,-0.329965,1.14383,4.31046,4.1902,104.694,-0.182191,6.72945,123.846,-0.0811244,-0.0547165,0.683793
-0.286412,-0.288624,1.06114,4.38294,4.91834,100.035,-1.50445,5.25769,122.441,-0.122716,-0.0658066,0.883108
-0.250023,-0.253639,0.988428,4.75889,5.30071,100.3,-1.19617,5.9948,122.613,-0.210212,-0.105762,1.21006
-0.243745,-0.245715,1.02457,5.07251,5.07228,95.2992,-2.22255,5.54228,120.489,-0.555386,-0.207359,2.17492
-0.263596,-0.26852,1.10838,5.47111,5.35678,95.7501,-1.92761,6.27851,121.139,-2.69073,-1.1583,6.14376
4.88449,5.8085,73.9671,-0.174054,-0.137836,0.903106,-0.149322,-0.539094,2.36822,3.94729,-2.2335,128.152
3.66295,7.46109,92.5584,-0.35767,-0.246091,1.37251,-1.96172,-6.41257,12.671,4.06215,-0.968499,119.111
4.44826,8.12628,85.4023,-1.12389,-0.752472,2.79221,-13.4772,-17.8937,46.1766,4.13902,-0.544875,120.583
2.84259,9.76076,79.7186,-11.0015,-7.27882,18.4419,-11.7212,-10.1769,65.6123,2.04047,0.157116,102.139
2.94287,9.87424,80.3759,-15.73,-12.5785,28.4772,-10.1643,-8.07072,65.3833,1.99927,0.586786,100.496
1.5023,9.29584,63.5561,-15.0467,-13.5152,49.1792,-6.30353,-4.79562,73.1409,-0.395662,-0.295729,66.2305
2.23957,8.75614,57.5767,-6.35752,-14.3965,76.7395,-5.97147,-4.49976,74.7098,0.319348,0.362254,65.2809
0.470124,7.40298,43.4085,-0.976485,-1.51074,68.7937,-0.978786,0.757437,95.5161,-5.01366,-4.7432,16.4475
0.238574,7.32886,39.8907,-0.420178,-0.721217,67.6958,-0.621964,1.12245,95.8507,-3.34978,-2.90085,10.7904
-1.06736,6.47178,36.6281,0.200337,3.76298,70.1799,3.79509,6.39276,108.149,-2.23933,-2.43102,5.67781
-1.48154,6.17538,35.6791,0.110453,3.42655,71.273,4.3223,6.46755,107.721,-0.724504,-0.811986,2.43895
-1.90184,5.45454,37.8945,-0.152568,2.45491,73.3681,5.00575,10.0635,109.096,-0.40864,-0.462206,1.52004
-2.2678,4.85826,37.6173,-0.191198,2.16703,74.0847,5.40173,10.1967,109.044,-0.229625,-0.260434,1.0547
-3.30243,2.42062,32.2771,0.141449,-0.708573,78.4728,4.99397,11.668,108.693,-0.161008,-0.179996,0.827446
-3.76179,1.78306,29.4132,0.222665,-0.960454,79.2096,5.30855,11.8171,109.057,-0.11461,-0.125785,0.684398
-5.91475,-3.30248,16.8864,1.23248,-3.36121,86.4853,4.99836,11.5525,110.956,-0.0910802,-0.0990193,0.599172
-5.09554,-2.90391,13.1054,1.29861,-3.38837,87.3506,5.25951,11.8198,111.411,-0.0730245,-0.0781016,0.535584
-5.62191,-4.80879,11.4264,2.38987,-3.89658,95.3044,4.94006,10.5785,115.425,-0.0631462,-0.0668897,0.499176
-2.81246,-2.41354,6.21764,2.4611,-3.60629,95.9091,5.2405,10.9546,115.682,-0.0554106,-0.0574139,0.468187
-2.533,-2.36352,5.32361,3.2428,-3.2556,104.163,4.2036,9.03306,120.222,-0.0516402,-0.0524026,0.4569
-1.20355,-1.13265,2.88445,3.36933,-2.81352,104.478,4.56481,9.47082,120.166,-0.0490798,-0.0484423,0.447456
-0.93215,-0.886852,2.28096,3.19132,-1.53472,106.452,3.07675,7.51735,123.983,-0.0506115,-0.0462895,0.463176
-0.61247,-0.588598,1.67384,3.48457,-1.14083,106.554,3.47715,8.04914,123.665,-0.0529607,-0.0467968,0.478166
-0.518231,-0.495158,1.45347,3.29833,0.436994,103.442,1.9812,6.26274,124.97,-0.0616767,-0.0490324,0.528891
-0.403292,-0.385425,1.22101,3.65343,0.72043,103.721,2.35285,6.85068,124.782,-0.0742068,-0.0565041,0.590665
-0.356489,-0.335225,1.11779,3.6709,1.47329,98.9378,1.00122,5.18904,123.22,-0.107657,-0.0709717,0.733045
-0.302262,-0.282649,1.00415,4.11257,1.67182,99.2831,1.35415,5.85521,123.453,-0.166381,-0.106241,0.940327
-0.286119,-0.26464,0.998084,4.47273,1.53776,94.4324,0.302696,5.28871,121.401,-0.359409,-0.201948,1.47821
-0.2986,-0.274312,1.03601,4.92967,1.67313,94.86,0.666738,5.9582,121.92,-1.34057,-0.759649,3.39445
-0.406585,-0.373567,1.33597,5.82119,1.09884,88.4762,0.357069,6.22937,113.977,-12.1692,-8.32443,21.3965
-0.868153,-0.784165,2.25987,6.30485,1.1243,89.2975,0.820887,6.75006,115.017,-12.7585,-12.8142,28.5124
-8.09476,-7.14488,14.8219,7.06638,0.357491,79.9981,-0.0398564,6.03382,94.1103,-6.8746,-11.7049,35.921
-21.9968,-18.381,38.3786,7.16151,0.765472,80.3234,0.537045,6.24752,93.5475,-5.12703,-13.5709,51.6186
-17.7831,-12.7541,41.2521,6.61311,-1.66863,66.1529,-2.7717,1.70513,57.0076,-2.88553,-13.6207,66.3402
-14.9549,-5.32094,67.0324,6.12366,-0.0178904,61.4305,-2.34673,2.79769,56.9277,-2.86972,-13.2065,68.4934
-3.85346,1.12105,64.2443,4.92585,-2.54891,42.003,-4.93301,-3.33053,12.1658,-3.3452,-14.4219,111.046
-2.82352,1.77187,62.194,5.231,-2.33517,38.9936,-2.263,-1.37871,6.29428,-2.98044,-13.9442,111.811
0.815618,2.83681,70.6962,4.62607,-3.36867,35.0614,-1.13083,-0.854751,2.85861,-0.794883,-10.9246,129.072
0.637071,2.64983,71.6628,4.41317,-3.56177,34.1478,-0.397293,-0.292373,1.39853,-0.608876,-9.96759,128.073
1.85305,3.6569,79.5817,2.69653,-3.24887,31.6982,-0.227352,-0.16909,0.896588,1.47004,-6.05992,122.933
1.75962,3.63969,79.8129,2.21372,-3.40548,30.8817,-0.126296,-0.0920782,0.642056,1.5642,-5.53048,122.966
1.89591,4.96923,85.4608,0.410003,-3.59151,27.562,-0.0853445,-0.0617467,0.502034,2.28285,-3.41423,116.502
1.92632,5.0474,85.496,-0.0958508,-3.76333,26.0005,-0.056873,-0.0407787,0.415079,2.47001,-3.09895,116.888
1.64432,5.9321,89.9505,-1.88179,-4.6016,22.0372,-0.0411374,-0.0295258,0.359032,2.68687,-2.39563,116.81
1.75301,6.04737,90.0003,-2.49213,-4.73899,19.1008,-0.0300264,-0.0217417,0.320264,3.0399,-2.15048,117.107
1.29646,6.36711,95.2658,-4.31766,-5.45542,14.2385,-0.0230166,-0.017196,0.295693,3.37833,-1.71409,121.352
1.66592,6.50926,94.6931,-3.60066,-4.53103,11.3321,-0.0181843,-0.0140536,0.277093,3.92056,-1.33211,121.051
1.59222,5.89279,99.5118,-3.93923,-4.37073,9.35487,-0.0149962,-0.0125614,0.267922,3.9326,-0.271089,126.196
1.78918,6.00056,99.5925,-2.07269,-2.27898,5.39517,-0.0130529,-0.0114693,0.259836,4.36144,0.206091,125.306
2.49319,4.92922,102.67,-1.6732,-1.72168,3.99708,-0.0117085,-0.0115842,0.25978,2.40825,1.19904,123.821
2.79603,5.0929,102.333,-0.830239,-0.841908,2.30841,-0.0111084,-0.0115962,0.259492,2.85151,1.61768,123.416
3.72006,4.14813,100.031,-0.573406,-0.567161,1.65473,-0.010488,-0.0130397,0.270284,1.02439,1.07015,122.712
3.94532,4.37167,99.8556,-0.339232,-0.330235,1.15694,-0.0109484,-0.0141543,0.280244,1.54055,1.39759,122.471
4.33237,3.64479,93.4847,-0.24109,-0.233072,0.915258,-0.0110124,-0.0174304,0.30644,0.736274,0.035415,121.589
4.41035,3.89395,93.8808,-0.169628,-0.161067,0.745179,-0.0128167,-0.0203645,0.333276,1.31205,0.248527,121.549
4.09823,3.41848,87.3468,-0.134835,-0.126349,0.65779,-0.0137702,-0.0281073,0.391777,1.01943,-1.42225,119.552
4.08277,3.67849,88.149,-0.109391,-0.0997856,0.589027,-0.0187251,-0.0373981,0.462868,1.65296,-1.32815,119.941
3.00559,3.39788,83.5593,-0.0992209,-0.0864842,0.577295,-0.0229105,-0.0604647,0.606714,1.02593,-2.83179,119.952
3.00447,3.61668,84.4469,-0.0981461,-0.0815121,0.580553,-0.0401041,-0.108343,0.849787,1.70666,-2.76806,120.626
2.3589,4.64397,84.2156,-0.119045,-0.0880888,0.677601,-0.0652482,-0.283052,1.5012,0.979354,-3.72441,122.146
2.40885,4.85239,84.8767,-0.168965,-0.118449,0.833453,-0.475491,-1.88939,4.77834,1.6739,-3.59102,122.906
2.06453,7.03137,85.8681,-0.400048,-0.229282,1.43015,-9.84963,-18.5927,37.8441,0.507041,-3.54476,118.1
2.16591,7.12508,86.2942,-2.97431,-1.67956,5.72815,-10.5977,-8.92292,39.9984,1.07722,-3.31501,118.837
1.2732,8.59128,80.3018,-25.7854,-18.7023,44.5129,-6.84921,-5.32521,48.7347,0.134333,-2.26492,101.297
1.34764,8.56331,79.7406,-12.4347,-15.6329,43.4596,-8.91435,-6.8591,59.0682,-0.127737,-1.64306,99.5077
0.195149,8.16849,62.5454,-2.92896,-7.98162,57.9143,-5.95883,-4.76811,69.4537,-1.35943,-1.55527,65.8991
0.558168,7.9913,57.9747,-1.71728,-7.33771,61.3964,-5.82966,-4.79495,71.0201,-0.80609,-1.12072,65.147
-0.499575,6.80545,44.0112,0.381504,0.555126,65.9865,-1.50635,-0.0860092,92.3344,-4.5721,-4.43494,15.841
-0.617108,6.79211,40.8911,0.31232,0.428036,67.4849,-1.3951,0.199018,92.9261,-3.02722,-2.62087,10.3862
-1.86269,5.90615,37.5178,0.795967,4.9056,70.5664,2.36368,5.06333,105.576,-1.80258,-1.99947,5.00287
-2.24648,5.56619,36.3505,0.687157,4.58926,71.516,2.73681,5.04036,105.575,-0.63244,-0.727042,2.3279
-2.7956,4.6674,38.0679,0.556152,3.60365,73.9285,3.31933,8.46697,107.014,-0.349634,-0.407655,1.43551
-3.17047,4.06128,37.6439,0.461088,3.23875,74.7691,3.60124,8.47772,107.162,-0.194127,-0.227628,0.999497
-3.95773,1.79325,32.8727,0.659867,0.340748,79.0364,3.01444,9.88424,106.962,-0.134141,-0.155131,0.781434
-4.32897,1.20586,30.3485,0.682255,0.0659789,79.7692,3.21357,9.93273,107.465,-0.0945682,-0.107347,0.647324
-6.05167,-3.55297,17.597,1.55571,-2.30257,86.926,2.74911,9.45957,109.731,-0.0747765,-0.0839026,0.567292
-5.24083,-3.09718,13.9423,1.56768,-2.40539,87.8467,2.91373,9.58707,110.295,-0.0596093,-0.0656792,0.508823
-5.51182,-4.8561,11.4736,2.62349,-3.023,95.8585,2.51285,8.17843,114.1,-0.0515894,-0.0560516,0.47603
-2.61356,-2.3096,6.06371,2.61326,-2.87111,96.6565,2.70743,8.40408,114.417,-0.0451693,-0.0478858,0.448031
-2.20593,-2.12126,4.87419,3.18153,-2.67833,105.153,1.45085,6.12001,118.719,-0.0420477,-0.0434006,0.438917
-1.03231,-1.00616,2.67845,3.25449,-2.277,105.324,1.73209,6.46271,118.749,-0.039794,-0.0396587,0.430692
-0.795583,-0.786844,2.11617,3.03678,-1.05925,107.016,0.180737,4.32098,122.513,-0.040714,-0.0371093,0.446149
-0.526488,-0.530159,1.58495,3.26421,-0.767041,107.234,0.480473,4.74464,122.317,-0.0423145,-0.0369358,0.461455
-0.443338,-0.444951,1.37534,3.14248,0.592654,104.225,-1.03555,2.85748,123.777,-0.0487811,-0.0372397,0.510328
-0.345551,-0.348649,1.16666,3.42485,0.802726,104.525,-0.766518,3.33949,123.664,-0.0581356,-0.0416562,0.569755
-0.307237,-0.305556,1.07579,3.49917,1.41651,99.7506,-2.1579,1.78868,122.535,-0.0823334,-0.0482401,0.702385
-0.263518,-0.261167,0.978475,3.8522,1.55177,100.095,-1.92646,2.336,122.765,-0.123814,-0.0681998,0.889537
-0.253285,-0.248656,0.987181,4.16366,1.31324,95.3573,-3.06207,1.71253,121.029,-0.248602,-0.106529,1.34396
-0.269669,-0.262764,1.03889,4.52223,1.38418,95.7668,-2.84519,2.25269,121.532,-0.762328,-0.307409,2.60493
-0.373898,-0.365069,1.36218,5.30344,0.737963,89.5799,-3.19374,2.56801,114.089,-6.93519,-3.10985,13.1655
-0.839548,-0.803299,2.35831,5.66908,0.721312,90.2496,-2.77387,2.83066,114.887,-12.6007,-11.3528,31.1465
-8.55077,-7.95035,16.2993,6.46194,0.250607,81.2654,-2.98905,3.06973,95.4486,-3.47882,-8.55693,34.796
-21.4804,-18.3869,39.8227,6.43241,0.632795,81.5077,-2.59152,3.26567,95.021,-2.53997,-9.88023,45.5696
-14.4036,-8.05201,51.8883,5.71196,-1.35934,64.3934,-4.57864,0.253093,56.0211,-0.987014,-10.9867,65.3839
-10.4316,-2.09152,60.6531,5.59973,-0.311898,60.7921,-4.21987,0.994131,56.519,-1.35417,-11.3442,69.298
-1.93069,2.27285,61.1483,4.70804,-2.88892,42.4656,-4.55082,-2.99377,11.5788,-0.990826,-11.8106,111.017
-1.86808,2.27142,62.1998,4.96267,-2.67834,39.9953,-2.0379,-1.18367,6.13024,-0.738115,-11.4116,111.412
1.67401,3.3834,71.4973,4.23888,-3.64732,35.9171,-0.922206,-0.677105,2.56053,1.65091,-8.23243,127.596
1.50179,3.19689,72.2052,3.97964,-3.81856,34.8341,-0.334112,-0.238918,1.31382,1.68694,-7.43534,126.799
2.83252,4.32315,80.5931,2.22799,-3.44326,32.0679,-0.18901,-0.136657,0.839332,3.50278,-3.76716,122.352
2.69622,4.27819,80.7534,1.72308,-3.58366,31.0746,-0.105077,-0.0743453,0.607292,3.51207,-3.30067,122.377
2.84786,5.63494,86.5127,-0.0613586,-3.73498,27.548,-0.0708716,-0.049614,0.476344,4.08894,-1.43635,116.41
2.836,5.67945,86.4905,-0.573851,-3.88629,25.8197,-0.0472674,-0.0327427,0.396162,4.21998,-1.16566,116.747
2.55273,6.56058,91.241,-2.32702,-4.66833,21.5973,-0.0342857,-0.0237647,0.344374,4.39309,-0.526847,116.891
2.64893,6.64797,91.1553,-2.78079,-4.74953,19.0161,-0.0250838,-0.0175445,0.3087,4.69275,-0.310788,117.12
2.30925,6.92882,96.0872,-4.35105,-5.45065,14.3766,-0.0192703,-0.0139735,0.285985,4.92337,0.333473,120.928
2.62416,7.03473,95.5081,-3.66292,-4.60594,11.7087,-0.0152105,-0.0114396,0.268823,5.38796,0.660268,120.614
2.52937,6.50501,100.597,-3.73071,-4.17929,9.08183,-0.0125699,-0.010387,0.260648,5.07002,1.81858,124.167
2.65554,6.59611,100.71,-1.90211,-2.10863,5.14915,-0.010961,-0.00954102,0.253537,5.39703,2.2117,123.433
3.21089,5.52324,103.31,-1.42762,-1.48343,3.59369,-0.00985386,-0.00989641,0.254567,3.32173,2.78278,122.789
3.47019,5.67202,102.964,-0.711849,-0.726716,2.11585,-0.00941226,-0.010037,0.255464,3.71534,3.14846,122.407
4.15924,4.59735,100.301,-0.481511,-0.481028,1.50636,-0.00889533,-0.0116117,0.26756,1.99123,2.42204,122.498
4.35808,4.80952,100.099,-0.289486,-0.284571,1.0784,-0.00937079,-0.0127501,0.27912,2.48225,2.71909,122.232
4.62026,3.9753,93.5913,-0.207507,-0.203144,0.863575,-0.0093798,-0.0160351,0.307507,1.80555,1.37308,121.37
4.68308,4.2209,93.9558,-0.148072,-0.142581,0.713753,-0.0110684,-0.0189415,0.33751,2.36176,1.56651,121.351
4.34835,3.80892,87.2778,-0.119405,-0.11371,0.637474,-0.0116854,-0.0266064,0.401688,2.13902,-0.0099172,118.688
4.32713,4.07406,88.0726,-0.0985162,-0.0915363,0.577838,-0.0163372,-0.0361682,0.483033,2.7579,0.0692115,119.18
3.21118,3.8415,83.9172,-0.0911036,-0.0802693,0.573507,-0.0191228,-0.0605272,0.650823,2.12296,-1.44064,119.211
3.21539,4.07654,84.8368,-0.0910123,-0.0763044,0.579473,-0.036098,-0.113531,0.940401,2.82449,-1.39779,119.99
2.75188,5.2775,85.1062,-0.110645,-0.0812812,0.679496,-0.0499207,-0.335147,1.80325,2.00058,-2.2559,121.325
2.82414,5.50478,85.5915,-0.158057,-0.109361,0.840396,-0.835817,-3.60086,8.08927,2.66523,-2.07244,122.142
2.39575,7.68993,86.6282,-0.37946,-0.20446,1.45392,-11.7927,-17.1823,46.0762,1.39953,-1.99958,117.023
2.45485,7.83538,86.8738,-2.9986,-1.57765,5.89943,-9.21393,-6.91273,41.3754,1.90868,-1.71044,117.524
1.30385,9.1213,79.7308,-25.8396,-18.571,47.6822,-6.59023,-4.63488,51.2419,0.626385,-0.858051,98.1594
1.40481,9.10147,79.2209,-8.85522,-14.2203,47.2481,-8.86179,-6.20113,61.0324,0.345358,-0.271454,96.4818
0.138895,8.67629,62.5375,-1.17107,-5.10288,53.3763,-5.94411,-3.84673,70.8908,-1.26231,-0.778725,62.2505
0.537879,8.47955,57.9422,-0.949264,-5.62064,59.4643,-5.7345,-3.76729,72.1462,-0.670379,-0.329226,61.5232
-0.443974,7.21004,44.0968,0.875029,1.72298,65.1628,-1.3,1.29661,93.2573,-4.48815,-4.33011,15.0133
-0.567489,7.19844,41.102,0.793522,1.60165,66.7348,-1.14123,1.58316,93.7168,-2.83363,-2.41635,9.73084
-1.69741,6.40771,38.3697,1.16365,5.92952,69.3947,2.55893,6.75854,105.789,-1.74699,-1.93313,4.81112
-2.08764,6.07927,37.4338,1.02948,5.62109,70.4307,2.96964,6.75438,105.627,-0.603316,-0.688346,2.23385
-2.53154,5.31644,39.3623,0.806718,4.6174,72.8437,3.44302,10.2879,107.222,-0.342567,-0.396312,1.41357
-2.88993,4.7387,38.869,0.712565,4.31273,73.6888,3.73298,10.3715,107.354,-0.195838,-0.226964,1.00485
-3.68893,2.4821,33.871,0.939651,1.62709,78.0007,3.20651,11.8155,107.422,-0.138787,-0.158566,0.798284
-4.04834,1.94884,31.4668,0.961036,1.4263,78.7549,3.42676,11.9547,107.912,-0.0999554,-0.111858,0.669619
-5.92424,-3.12915,18.016,1.94667,-0.739086,86.0286,3.03377,11.4895,110.094,-0.0807073,-0.0893189,0.593822
-5.27208,-2.74983,14.4599,1.96392,-0.777963,87.0722,3.2191,11.7127,110.658,-0.0656569,-0.0713466,0.538315
-5.6125,-4.86122,11.6915,3.19365,-1.08681,95.2606,2.89875,10.4158,114.583,-0.0581087,-0.0622584,0.509122
-2.70664,-2.32464,6.2419,3.18562,-0.815273,96.0908,3.12119,10.7665,114.86,-0.0520017,-0.0543555,0.483944
-2.31149,-2.20935,5.07369,3.96241,-0.170241,104.649,1.97057,8.67318,119.258,-0.049633,-0.0502068,0.479711
-1.04243,-1.01011,2.70993,4.02494,0.347026,104.913,2.27637,9.14217,119.221,-0.0481967,-0.0469897,0.476022
-0.78838,-0.779302,2.11399,3.91703,1.7881,107.072,0.69123,7.24434,123.137,-0.050684,-0.0446057,0.501094
-0.508875,-0.512735,1.56314,4.14826,2.25867,107.315,1.02661,7.82538,122.859,-0.0543947,-0.0458082,0.526583
-0.420529,-0.423739,1.34614,4.00598,3.7628,104.414,-0.496706,6.06395,123.999,-0.0649944,-0.0468501,0.596687
-0.324251,-0.329965,1.14383,4.31046,4.1902,104.694,-0.182191,6.72945,123.846,-0.0811244,-0.0547165,0.683793
-0.286412,-0.288624,1.06114,4.38294,4.91834,100.035,-1.50445,5.25769,122.441,-0.122716,-0.0658066,0.883108
-0.250023,-0.253639,0.988428,4.75889,5.30071,100.3,-1.19617,5.9948,122.613,-0.210212,-0.105762,1.21006
-0.243745,-0.245715,1.02457,5.07251,5.07228,95.2992,-2.22255,5.54228,120.489,-0.555386,-0.207359,2.17492
-0.263596,-0.26852,1.10838,5.47111,5.35678,95.7501,-1.92761,6.27851,121.139,-2.69073,-1.1583,6.14376
