5.18958,-0.420761,29.9147,4.46201,-0.808078,31.8388,-3.51996,5.85255,50.7718,-4.02418,-6.50085,52.9515
5.18659,-0.418052,29.9253,4.46236,-0.807013,31.8396,-3.52057,5.85473,50.7794,-4.02401,-6.50085,52.9552
5.18634,-0.416422,29.9283,4.46506,-0.805029,31.8339,-3.5194,5.85528,50.7789,-4.02218,-6.49924,52.9511
5.1851,-0.414553,29.9336,4.46638,-0.803665,31.8317,-3.51926,5.85661,50.7822,-4.02151,-6.4987,52.9516
5.18401,-0.412809,29.9386,4.46749,-0.802382,31.8301,-3.51921,5.85799,50.7859,-4.02108,-6.49823,52.9527
5.18314,-0.411046,29.9435,4.46862,-0.801033,31.8287,-3.51911,5.8594,50.7903,-4.02056,-6.49772,52.9545
5.18108,-0.409075,29.9506,4.46829,-0.800425,31.8307,-3.52006,5.86156,50.7976,-4.02126,-6.49834,52.96
5.18165,-0.408004,29.9511,4.47043,-0.798749,31.8263,-3.51907,5.86203,50.7972,-4.01998,-6.49709,52.9577
5.18108,-0.406586,29.9543,4.47128,-0.797657,31.8252,-3.519,5.86326,50.8003,-4.01964,-6.49677,52.9591
5.18066,-0.405097,29.9577,4.47215,-0.79646,31.8244,-3.51885,5.86452,50.8042,-4.01925,-6.49638,52.9613
5.18022,-0.40382,29.9604,4.47281,-0.795487,31.8238,-3.51883,5.86574,50.8072,-4.01904,-6.49611,52.9628
5.17869,-0.402095,29.9662,4.47229,-0.794973,31.8264,-3.51963,5.86772,50.814,-4.0197,-6.49667,52.9684
5.17962,-0.40126,29.9658,4.47409,-0.793476,31.8229,-3.51858,5.86807,50.8133,-4.01849,-6.49544,52.9663
5.1793,-0.400036,29.9682,4.47466,-0.79255,31.8225,-3.51848,5.86919,50.816,-4.01828,-6.49521,52.968
5.17903,-0.398669,29.9707,4.47522,-0.791514,31.8223,-3.51839,5.87053,50.8192,-4.01805,-6.4949,52.9698
5.17888,-0.397728,29.9725,4.47563,-0.790779,31.8221,-3.51829,5.87142,50.8215,-4.01783,-6.49465,52.9711
5.17879,-0.396609,29.9744,4.47614,-0.789879,31.822,-3.51811,5.87246,50.824,-4.01755,-6.49431,52.9725
5.17863,-0.395391,29.9767,4.47665,-0.788924,31.8219,-3.51798,5.87359,50.8271,-4.01724,-6.49396,52.9743
5.17852,-0.394283,29.9786,4.47707,-0.788062,31.8219,-3.51783,5.87464,50.8297,-4.01699,-6.49365,52.9759
5.17733,-0.392788,29.9835,4.47632,-0.787681,31.8251,-3.51862,5.87655,50.8362,-4.01769,-6.49415,52.9813
5.17834,-0.392129,29.9823,4.47782,-0.786406,31.8222,-3.51762,5.87679,50.835,-4.01658,-6.49306,52.979
5.17826,-0.391012,29.9841,4.47825,-0.785531,31.8222,-3.51743,5.87779,50.8375,-4.01627,-6.49274,52.9806
5.17819,-0.389948,29.9859,4.47859,-0.784716,31.8224,-3.51734,5.87886,50.8402,-4.01604,-6.49243,52.9821
5.17811,-0.388938,29.9875,4.47889,-0.783958,31.8226,-3.51723,5.87987,50.8425,-4.01586,-6.49217,52.9834
5.17704,-0.387388,29.9922,4.47829,-0.783445,31.8256,-3.51784,5.88163,50.8488,-4.01632,-6.49253,52.9887
5.17802,-0.386785,29.991,4.47962,-0.782268,31.8229,-3.51693,5.8819,50.8477,-4.01531,-6.49148,52.9864
5.17894,-0.385918,29.9903,4.48102,-0.780911,31.8204,-3.51602,5.8824,50.8472,-4.01425,-6.4904,52.9847
5.17798,-0.384736,29.9941,4.48028,-0.780658,31.8233,-3.51668,5.88391,50.8526,-4.01482,-6.49082,52.9892
5.17793,-0.383703,29.9958,4.48058,-0.779869,31.8236,-3.51657,5.88493,50.8551,-4.01458,-6.49049,52.9905
-1.80805,8.29674,35.2084,10.8612,7.75538,27.7468,-9.11522,-1.73458,50.4466,1.70583,-13.9838,54.1671
-11.8017,20.2923,41.8336,13.9107,17.6182,29.6882,-15.8392,-14.3771,51.527,9.55406,-26.144,60.3071
-17.8185,23.7649,42.0841,15.4088,20.6514,33.0477,-19.3092,-19.3721,52.6332,14.3275,-32.4517,67.226
-19.0301,23.8241,39.6355,17.9451,25.1325,39.2273,-19.7326,-22.089,50.8532,17.2588,-34.4581,67.3626
-23.6795,28.3097,47.3471,17.4663,26.4463,40.1588,-18.0149,-22.9936,46.22,18.9258,-34.4534,63.7017
-18.5992,23.9912,38.6781,16.9475,26.2398,39.535,-14.7572,-22.8772,40.0422,19.8716,-32.3041,56.715
-22.3214,28.8812,46.4762,15.7947,25.0878,37.5461,-13.2066,-22.4621,37.9281,19.4398,-30.1742,54.2233
-16.3727,26.6785,39.9017,14.8522,25.0936,36.9742,-10.0907,-20.6767,35.6319,17.1676,-27.1047,58.3392
-12.8206,25.6911,36.8268,14.9506,25.2143,37.219,-9.96385,-17.3366,40.0012,14.2561,-21.2366,48.8143
-11.358,28.7917,40.4892,12.1187,20.4679,30.3524,-7.56784,-13.3157,35.3517,13.5303,-17.0716,43.5533
-3.93525,18.3358,25.9614,14.6545,22.3645,34.3816,-5.89936,-8.96511,31.927,11.3864,-11.7223,40.7238
0.986909,15.1649,26.6416,10.2578,13.5157,22.4736,-4.50117,-5.92425,30.6663,8.60572,-8.31331,40.9193
5.23427,5.92673,18.5476,9.42604,10.6935,22.9243,-4.18821,-3.20816,30.8356,5.73821,-5.88494,42.165
7.89269,0.733799,15.5094,5.76008,4.00725,19.9607,-3.4456,-0.685623,30.5358,3.4245,-3.46754,42.0898
8.92882,-2.00308,15.0114,3.46909,-0.0610606,20.2572,-2.81467,1.30382,30.4461,1.6232,-1.61986,41.6875
9.93368,-4.14627,17.3225,1.56948,-2.95003,21.8597,-2.55119,2.98711,31.0319,0.402709,-0.384471,41.4964
10.2614,-5.53067,17.2273,-0.128887,-5.43347,23.4273,-1.76344,4.78366,31.1366,-1.05665,1.29357,40.9996
10.5183,-6.5114,17.5046,-1.39063,-6.95158,25.3889,-1.23169,6.15477,31.6926,-2.02339,2.3517,41.1034
12.5506,-8.58986,21.144,-2.39924,-7.91936,27.3974,-0.827577,7.23804,32.2181,-2.74316,3.18157,41.4253
11.5572,-8.59265,20.0758,-3.0442,-8.4059,29.016,-0.596612,7.88513,32.9679,-3.09792,3.47552,41.9071
5.18386,0.653463,30.109,5.59354,0.821394,29.2676,-3.40544,6.06665,50.5421,-3.45059,-5.68573,51.4877
1.43442,2.34827,40.7879,2.19145,-0.716723,39.0842,-3.15076,6.25387,50.3627,-3.01332,-5.69503,50.4365
3.06621,1.51728,36.0677,3.51493,-0.263726,35.1351,-3.27945,6.18758,50.4373,-3.27806,-5.80609,51.0444
3.25199,1.38225,35.6352,3.62239,-0.298651,34.9078,-3.29415,6.17147,50.4348,-3.31751,-5.85377,51.1453
3.24236,1.3332,35.6678,3.54508,-0.395825,35.1322,-3.29597,6.16344,50.4291,-3.32959,-5.9017,51.2185
3.24587,1.28526,35.6519,3.48837,-0.475992,35.2978,-3.29995,6.15516,50.4268,-3.33702,-5.94954,51.2976
3.25395,1.24217,35.6222,3.4448,-0.544443,35.437,-3.30549,6.14634,50.4251,-3.33936,-5.99729,51.377
3.26188,1.20517,35.5927,3.40838,-0.604413,35.5655,-3.3121,6.13725,50.4258,-3.33678,-6.04499,51.4574
3.26937,1.17315,35.5628,3.37769,-0.657514,35.6852,-3.31985,6.12773,50.4274,-3.33009,-6.093,51.5381
3.27647,1.14554,35.5336,3.35185,-0.704715,35.7979,-3.3286,6.11798,50.4314,-3.31978,-6.14121,51.6198
3.28302,1.1213,35.5045,3.32971,-0.747461,35.9053,-3.33843,6.10789,50.4357,-3.30672,-6.18992,51.7014
3.28904,1.09995,35.476,3.31048,-0.786609,36.009,-3.34916,6.09763,50.4415,-3.29117,-6.23907,51.7837
3.29445,1.08101,35.4493,3.29332,-0.823074,36.111,-3.3607,6.08737,50.4494,-3.27364,-6.28862,51.8672
3.2992,1.06358,35.4234,3.2773,-0.858039,36.2124,-3.37301,6.07703,50.458,-3.25459,-6.33879,51.9509
3.30328,1.04737,35.3992,3.26161,-0.8922,36.3152,-3.38595,6.06705,50.4687,-3.23445,-6.38939,52.0358
3.30667,1.03118,35.3767,3.24532,-0.927036,36.4207,-3.39945,6.05689,50.4799,-3.21372,-6.44064,52.1206
3.30926,1.01499,35.3565,3.22755,-0.96304,36.531,-3.41336,6.04737,50.4933,-3.19275,-6.49221,52.2065
3.31099,0.997999,35.3393,3.20728,-1.00142,36.648,-3.42758,6.03847,50.5085,-3.17205,-6.54403,52.293
3.31168,0.979394,35.325,3.18325,-1.04347,36.7737,-3.44203,6.03034,50.5248,-3.15231,-6.596,52.3793
3.31117,0.958449,35.3146,3.15413,-1.09044,36.9106,-3.45661,6.02328,50.5422,-3.13418,-6.64779,52.4651
3.3091,0.934562,35.3092,3.11844,-1.14372,37.0616,-3.47116,6.01758,50.5606,-3.11833,-6.69906,52.5499
3.30507,0.906766,35.3099,3.07428,-1.20499,37.23,-3.48562,6.01356,50.5798,-3.1057,-6.74934,52.6327
3.2985,0.874043,35.3183,3.01941,-1.2763,37.4201,-3.49999,6.01155,50.5989,-3.09752,-6.79808,52.7121
3.28852,0.835174,35.3364,2.95119,-1.36014,37.6365,-3.51426,6.01172,50.6169,-3.09511,-6.84483,52.7862
3.27389,0.788784,35.368,2.8667,-1.45942,37.8849,-3.52855,6.01398,50.6339,-3.09987,-6.88915,52.8534
3.25271,0.732246,35.4168,2.76247,-1.57874,38.171,-3.54335,6.01704,50.6474,-3.11411,-6.93166,52.91
3.22284,0.660098,35.4878,2.63116,-1.72773,38.5114,-3.55937,6.01702,50.6574,-3.13933,-6.97541,52.9527
3.1818,0.556862,35.5846,2.44845,-1.93622,38.9741,-3.57724,6.00149,50.6618,-3.17546,-7.03126,52.9721
3.10496,0.425621,35.7592,2.27939,-2.1684,39.4123,-3.6053,5.94707,50.6565,-3.2321,-7.11537,52.9585
-4.11322,9.53406,41.4862,10.1073,7.38362,32.3853,-9.62959,-1.76568,50.1312,2.05141,-14.9132,54.0486
-14.3627,21.9666,48.6727,13.7979,18.3898,30.3463,-17.1585,-14.4592,51.5375,8.99807,-27.1394,60.4995
-19.9927,25.014,44.9192,15.1181,19.3168,31.4012,-20.7373,-18.7886,54.6212,12.6592,-32.5011,68.8766
-20.1212,23.5022,39.8425,15.5244,19.08,31.2446,-21.0861,-19.8875,56.4928,14.0245,-33.3574,72.2714
-14.2797,16.9272,28.2955,14.6099,18.049,29.4202,-20.0099,-18.9632,56.2278,14.0119,-31.9585,72.5506
-12.0015,16.554,26.0375,14.2132,17.5843,28.61,-17.5163,-17.4088,54.7977,13.6378,-29.3757,70.7653
-9.45307,14.246,21.8028,13.9844,17.2434,28.0879,-16.1244,-16.0562,53.6539,12.8899,-25.5602,67.9393
-8.49263,17.2631,24.5314,12.0373,15.1912,24.5748,-12.4665,-12.7153,52.1874,10.8166,-18.0239,59.8926
-6.01433,18.6317,25.1759,11.0282,14.1794,22.8395,-10.1711,-8.87249,49.8147,9.1133,-15.2128,56.1512
-3.74021,18.6765,25.7802,10.7431,14.1832,22.7195,-9.7132,-6.23936,49.8131,8.70159,-13.2029,54.8059
-2.43349,13.0011,33.1885,9.98809,12.9496,21.2037,-8.55522,-2.1588,48.1163,7.40903,-8.69699,52.4298
1.17237,3.89508,29.1129,8.94688,12.5248,24.0864,-7.4438,-0.106825,46.8863,5.5382,-6.11609,50.9513
4.7995,-2.03601,22.1937,-1.92276,3.90451,47.8934,-6.32241,1.80088,45.9493,3.95353,-4.2046,49.4274
6.35553,-3.52122,21.5735,-1.79815,-0.182082,38.9398,-5.73465,3.55803,45.0221,2.11422,-2.00156,48.2231
7.30419,-5.03528,21.2675,-2.25179,-1.77721,37.0619,-5.37588,4.92012,44.4855,0.696506,-0.476658,47.5263
7.77352,-6.73897,20.2884,-3.12446,-2.73174,38.1157,-5.23617,5.90829,44.3212,-0.287326,0.547779,46.8353
8.68074,-8.36829,20.2935,-4.31342,-4.08411,39.3319,-4.66174,7.33883,44.3067,-1.61182,2.15952,46.2684
9.17828,-9.56611,20.2911,-5.1494,-4.96647,40.2675,-4.25743,8.38609,44.4289,-2.42888,3.34978,45.7837
9.35685,-10.5974,20.2851,-5.9016,-5.82625,40.7959,-3.87326,9.28917,44.3344,-3.08791,4.38382,45.3178
9.10151,-11.5396,20.2277,-6.68525,-6.38226,42.9452,-3.64616,10.2651,45.6778,-3.45718,4.85744,45.6175
5.26622,0.587465,30.0448,5.58728,0.725446,29.4333,-3.32459,5.98357,50.3228,-3.4133,-5.66426,51.4005
1.5509,2.18132,40.647,2.14164,-0.823616,39.3249,-3.06729,6.19562,50.1454,-2.9724,-5.68986,50.3321
3.18822,1.36403,35.9061,3.49209,-0.369452,35.2996,-3.20058,6.13911,50.2853,-3.24382,-5.79901,50.9794
3.37702,1.22615,35.4622,3.59898,-0.404502,35.0577,-3.22045,6.13633,50.3149,-3.29055,-5.8445,51.0923
3.36703,1.17429,35.4905,3.51909,-0.49953,35.2715,-3.22701,6.14167,50.3346,-3.30969,-5.89006,51.1732
3.36943,1.12469,35.4714,3.4601,-0.576874,35.4256,-3.23574,6.14604,50.3566,-3.32448,-5.93574,51.2603
3.37594,1.08043,35.4397,3.41412,-0.642426,35.5533,-3.24582,6.14919,50.3775,-3.33446,-5.98143,51.3469
3.38195,1.04238,35.4094,3.37499,-0.69968,35.6706,-3.25664,6.15156,50.3994,-3.33982,-6.027,51.4336
3.3873,1.00937,35.3798,3.34127,-0.750386,35.7793,-3.26811,6.15323,50.421,-3.34139,-6.07263,51.5194
3.39218,0.980627,35.3518,3.31201,-0.795647,35.8813,-3.28,6.15458,50.4439,-3.3397,-6.11802,51.6052
3.39658,0.955033,35.3247,3.28602,-0.836998,35.9782,-3.2923,6.15567,50.4662,-3.33565,-6.16334,51.6895
3.40058,0.932044,35.2991,3.26247,-0.875378,36.0719,-3.30474,6.15682,50.4892,-3.32952,-6.2084,51.7733
3.40426,0.911007,35.2756,3.24045,-0.911785,36.1642,-3.31721,6.15836,50.5138,-3.32188,-6.25303,51.8569
3.4076,0.891097,35.2536,3.21907,-0.947431,36.2562,-3.32958,6.16031,50.5386,-3.3132,-6.29741,51.9394
3.41069,0.871927,35.2338,3.19749,-0.983079,36.3499,-3.34167,6.16325,50.565,-3.30394,-6.34126,52.0218
3.41355,0.852255,35.216,3.17474,-1.02024,36.4466,-3.35339,6.16673,50.5919,-3.29465,-6.38476,52.103
3.4162,0.832043,35.2011,3.14999,-1.05944,36.5483,-3.36454,6.17166,50.6207,-3.28569,-6.42755,52.184
3.41861,0.810456,35.1892,3.12221,-1.10194,36.6568,-3.37497,6.17813,50.6514,-3.27761,-6.46958,52.2646
3.42074,0.786652,35.1806,3.09022,-1.14904,36.7741,-3.38459,6.18637,50.6833,-3.27112,-6.51076,52.3442
3.42252,0.759899,35.1759,3.05277,-1.202,36.9024,-3.39324,6.19674,50.7167,-3.26689,-6.55082,52.4225
3.4238,0.729452,35.1759,3.00851,-1.26223,37.0443,-3.40075,6.20961,50.7516,-3.26556,-6.58952,52.4995
3.42437,0.694395,35.1816,2.95579,-1.33136,37.2028,-3.40701,6.22534,50.788,-3.26804,-6.62656,52.5745
3.42392,0.653593,35.194,2.89268,-1.41138,37.3812,-3.41194,6.24428,50.8254,-3.27547,-6.66161,52.6465
3.422,0.605711,35.2146,2.81701,-1.50467,37.5836,-3.41548,6.26662,50.8632,-3.28905,-6.6945,52.7143
3.41789,0.549199,35.2459,2.72644,-1.61403,37.8145,-3.41761,6.29222,50.9018,-3.30994,-6.72521,52.7773
3.41049,0.481117,35.2904,2.61822,-1.74377,38.0786,-3.41865,6.31981,50.9392,-3.34009,-6.75477,52.8329
3.39809,0.396975,35.3521,2.48925,-1.90036,38.3827,-3.41913,6.34588,50.9754,-3.38086,-6.78615,52.8795
3.37918,0.283739,35.4324,2.32811,-2.10352,38.762,-3.41984,6.35975,51.0078,-3.43284,-6.82874,52.9115
3.34586,0.123797,35.5486,2.13429,-2.37218,39.2474,-3.42329,6.33911,51.0368,-3.49643,-6.90512,52.925
-3.81245,9.05156,41.1772,9.45012,6.8379,33.3142,-9.27916,-1.34604,50.623,1.92611,-14.6174,54.1096
-14.1883,21.3121,48.8349,13.3685,18.6697,30.2282,-16.6056,-13.9758,52.2195,8.91961,-26.6514,60.735
-20.3907,24.673,44.8617,14.7289,19.3491,31.0967,-20.0037,-18.2649,55.4305,12.5847,-31.8434,69.1135
-20.6584,23.0229,39.7172,15.2202,18.9807,30.8855,-20.2624,-19.3987,57.2736,13.9096,-32.5731,72.449
-13.9314,16.4343,27.4868,14.4239,17.8793,29.0944,-19.2137,-18.616,56.8251,13.7934,-31.0126,72.7764
-11.6551,16.3186,25.5114,14.1151,17.4504,28.3933,-16.799,-17.0874,55.2913,13.2674,-28.3027,71.2008
-9.35198,14.6363,22.1231,13.9618,17.1229,27.9481,-15.4609,-15.8851,53.9849,12.5635,-24.6583,68.1947
-8.56075,17.8768,25.2539,12.115,15.173,24.6176,-11.8891,-12.6645,52.1389,10.5498,-17.4194,59.8164
-6.13299,19.3756,26.1578,11.1836,14.2737,23.0628,-9.62138,-8.83621,49.5856,8.87973,-14.6186,56.0694
-3.9015,18.9663,27.3155,10.9127,14.4772,23.1839,-9.1759,-6.16613,49.5319,8.4903,-12.5628,54.7589
-3.15706,10.789,36.2178,10.1239,13.5334,22.1251,-8.08901,-2.04176,47.7287,7.19348,-8.03678,52.346
1.89123,2.35097,27.2468,5.92144,10.7576,31.4553,-6.94401,-0.107858,46.6333,5.39205,-5.73408,50.6581
4.79989,-2.18408,22.3002,-3.23928,2.10102,49.267,-5.88306,1.83458,45.6429,3.7562,-3.79944,49.1883
5.94707,-2.78387,22.7484,-1.56558,-0.60156,36.7781,-5.35499,3.55554,44.7781,1.91716,-1.65905,48.1607
6.64329,-3.7665,23.1347,-2.24325,-2.07495,36.3432,-4.9138,4.92866,44.2576,0.537885,-0.219844,47.5297
7.12695,-5.16128,22.3883,-3.03611,-3.09753,37.1966,-4.74815,5.89882,44.1127,-0.426567,0.72832,46.9281
8.17223,-6.96742,22.1368,-4.15456,-4.51511,38.2215,-4.21925,7.32036,44.1187,-1.75307,2.26096,46.4498
8.89808,-8.7927,21.333,-4.98791,-5.39074,39.3086,-3.93918,8.32496,44.3153,-2.5763,3.3385,46.066
9.22307,-10.291,20.545,-5.71193,-6.08151,40.1912,-3.74105,9.13887,44.455,-3.21563,4.20424,45.7425
9.0223,-11.2381,19.9775,-6.25859,-6.45218,41.7024,-3.65462,9.82524,45.3891,-3.48373,4.82217,45.6037
5.25245,0.613919,30.0935,5.58364,0.724605,29.4502,-3.32788,5.99996,50.353,-3.41542,-5.65238,51.4012
1.54117,2.19553,40.6857,2.13988,-0.816146,39.3361,-3.06661,6.22025,50.1776,-2.97167,-5.68511,50.335
3.17983,1.37911,35.9418,3.48889,-0.367631,35.3132,-3.20069,6.15966,50.3136,-3.24457,-5.79025,50.9784
3.36912,1.2401,35.4962,3.59547,-0.403966,35.0715,-3.22029,6.15583,50.3413,-3.29129,-5.83505,51.0897
3.36032,1.18675,35.521,3.51602,-0.499183,35.2838,-3.22661,6.16046,50.3595,-3.31021,-5.88042,51.1697
3.36373,1.13614,35.4989,3.45767,-0.576361,35.4362,-3.23525,6.16407,50.3798,-3.32473,-5.9259,51.2559
3.37103,1.09128,35.4646,3.41246,-0.641453,35.5622,-3.24535,6.16642,50.3992,-3.33439,-5.97142,51.3418
3.37766,1.05297,35.432,3.37422,-0.697989,35.6775,-3.25627,6.168,50.4196,-3.33941,-6.01683,51.4279
3.38348,1.01995,35.4004,3.34147,-0.747756,35.7839,-3.26791,6.16888,50.4397,-3.34062,-6.06227,51.5132
3.38872,0.991436,35.3707,3.31325,-0.791886,35.8838,-3.28003,6.16946,50.4611,-3.33856,-6.10746,51.5984
3.39337,0.966263,35.3421,3.28836,-0.831935,35.9783,-3.2926,6.16981,50.4819,-3.33412,-6.15252,51.6823
3.39755,0.943857,35.3151,3.26597,-0.868854,36.0696,-3.30534,6.17025,50.5035,-3.32758,-6.19728,51.7655
3.40135,0.92354,35.2904,3.24515,-0.90365,36.1593,-3.31812,6.17112,50.5266,-3.31951,-6.24154,51.8485
3.40476,0.904462,35.2672,3.22503,-0.937543,36.2487,-3.33081,6.17246,50.55,-3.31037,-6.28548,51.9304
3.4079,0.886214,35.2464,3.20475,-0.971296,36.3397,-3.34323,6.17481,50.575,-3.30061,-6.32879,52.0121
3.41081,0.867532,35.2276,3.18336,-1.00642,36.4337,-3.35527,6.17777,50.6004,-3.29078,-6.37166,52.0924
3.41349,0.848355,35.2116,3.16002,-1.04345,36.5325,-3.36671,6.18224,50.6278,-3.28124,-6.41372,52.1726
3.41595,0.827826,35.1987,3.13369,-1.08364,36.6381,-3.37742,6.1883,50.657,-3.27253,-6.45489,52.2522
3.41814,0.805079,35.189,3.10318,-1.12828,36.7523,-3.38727,6.1962,50.6875,-3.26536,-6.49506,52.3307
3.42001,0.779355,35.1831,3.06723,-1.17865,36.8776,-3.3961,6.20633,50.7194,-3.26039,-6.53396,52.4078
3.42139,0.749882,35.1819,3.02445,-1.23615,37.0165,-3.40374,6.21906,50.7529,-3.25829,-6.5713,52.4834
3.42206,0.715716,35.1863,2.97316,-1.30242,37.1721,-3.41003,6.2348,50.7879,-3.25997,-6.60674,52.5567
3.42171,0.6757,35.1975,2.91136,-1.37946,37.3479,-3.41489,6.25395,50.8238,-3.2666,-6.63991,52.6268
3.41984,0.628481,35.2169,2.83679,-1.46962,37.548,-3.41823,6.27676,50.8601,-3.27943,-6.67053,52.6924
3.4157,0.572515,35.2472,2.747,-1.57572,37.7773,-3.42001,6.30322,50.8972,-3.29968,-6.69848,52.7528
3.4081,0.504895,35.291,2.63906,-1.70205,38.0407,-3.42051,6.3322,50.9331,-3.32937,-6.72462,52.8053
3.39519,0.421248,35.3528,2.50985,-1.85488,38.3449,-3.42026,6.36042,50.9677,-3.37,-6.7517,52.8482
3.37513,0.308783,35.4346,2.34856,-2.05301,38.7227,-3.42015,6.37737,50.9987,-3.42239,-6.789,52.8756
3.34074,0.14729,35.5518,2.1473,-2.32221,39.2277,-3.42231,6.35991,51.027,-3.48607,-6.86048,52.8831
-3.79345,9.05162,41.1417,9.35033,6.74944,33.5407,-9.26558,-1.30214,50.6094,1.93872,-14.5567,54.0587
-14.1674,21.3036,48.8496,13.3246,18.6716,30.192,-16.598,-13.8876,52.1833,8.89088,-26.5424,60.6758
-20.3035,24.5065,44.4857,14.7249,19.303,31.0469,-20.0118,-18.18,55.4083,12.5455,-31.7214,69.0494
-20.3727,22.5828,39.0481,15.2478,18.939,30.8675,-20.2947,-19.3106,57.2574,13.8633,-32.4273,72.3802
-13.5806,16.1668,26.9463,14.4743,17.8517,29.1097,-19.2548,-18.5405,56.7938,13.754,-30.8494,72.6969
-11.4535,16.256,25.3053,14.1845,17.4483,28.4497,-16.8317,-17.001,55.2577,13.2494,-28.1405,71.1273
-9.23921,14.6856,22.1087,14.0471,17.15,28.048,-15.4906,-15.7928,53.9527,12.5685,-24.5046,68.1258
-8.47813,18.0499,25.4266,12.2069,15.2486,24.7737,-11.9066,-12.5674,52.1067,10.5814,-17.2807,59.7575
-6.02588,19.5879,26.4518,11.2773,14.4128,23.2926,-9.63062,-8.7492,49.5512,8.93127,-14.5011,56.0151
-3.82308,18.5363,28.027,10.9862,14.727,23.544,-9.18611,-6.0864,49.4926,8.55768,-12.4541,54.7121
-2.97933,9.74587,36.237,10.085,13.8565,22.7694,-8.11142,-2.01414,47.7122,7.27059,-7.96879,52.2789
2.4941,1.29859,25.7118,3.23655,8.75874,37.8391,-6.85468,-0.0721209,46.626,5.56238,-5.77404,50.5539
4.87298,-2.18798,22.1586,-2.77528,1.67635,46.2789,-5.95762,1.82747,45.6178,3.8152,-3.74156,49.1601
5.99267,-2.93842,22.6042,-1.62229,-0.725462,36.3882,-5.40336,3.53692,44.7563,1.99511,-1.63126,48.0988
6.7264,-4.0663,22.8328,-2.41539,-2.16563,36.443,-4.95936,4.90202,44.2448,0.623862,-0.204606,47.4746
7.14268,-5.32934,22.2649,-3.19732,-3.18265,37.2411,-4.7716,5.8717,44.0951,-0.330813,0.73991,46.8895
8.03207,-6.71248,22.5483,-4.2794,-4.59634,38.1173,-4.18907,7.29787,44.0861,-1.63775,2.26983,46.4356
8.73699,-8.50355,21.8316,-5.11512,-5.46149,39.2142,-3.90573,8.29699,44.2839,-2.45587,3.33459,46.0734
9.10571,-10.2777,20.7235,-5.87739,-6.13069,40.2365,-3.75181,9.09415,44.4378,-3.10389,4.18119,45.7623
8.92811,-11.2549,19.9761,-6.43017,-6.50399,41.6187,-3.66248,9.71872,45.1821,-3.37267,4.8711,45.4405
5.25213,0.62212,30.1099,5.58098,0.718834,29.4625,-3.32536,6.00884,50.3643,-3.41549,-5.64153,51.3934
1.54255,2.19771,40.697,2.13876,-0.816559,39.344,-3.06249,6.23277,50.1903,-2.97012,-5.67874,50.3298
3.18097,1.38277,35.9528,3.48779,-0.369895,35.3208,-3.19742,6.16965,50.3248,-3.24375,-5.78285,50.9725
3.37014,1.2437,35.5066,3.59442,-0.406295,35.0785,-3.2172,6.16502,50.3517,-3.29056,-5.82794,51.0841
3.36148,1.19005,35.5303,3.5153,-0.501158,35.2897,-3.22364,6.16915,50.3692,-3.30952,-5.87369,51.1643
3.36499,1.13926,35.5072,3.45728,-0.577964,35.4411,-3.23238,6.17228,50.3889,-3.32407,-5.91947,51.2508
3.37236,1.0943,35.4721,3.41239,-0.642673,35.566,-3.24258,6.1742,50.4077,-3.33379,-5.96521,51.337
3.37904,1.05594,35.4388,3.37445,-0.698814,35.6803,-3.25359,6.1754,50.4275,-3.33886,-6.01078,51.4233
3.38491,1.02293,35.4066,3.34199,-0.748178,35.7859,-3.2653,6.17596,50.447,-3.34014,-6.05632,51.5088
3.39019,0.994452,35.3763,3.31404,-0.791902,35.8848,-3.27747,6.17626,50.4679,-3.33815,-6.10154,51.5941
3.39489,0.969339,35.3471,3.28942,-0.83154,35.9785,-3.29007,6.17638,50.4882,-3.3338,-6.14657,51.6781
3.39913,0.947008,35.3196,3.26729,-0.868048,36.0688,-3.30281,6.17666,50.5092,-3.32735,-6.19123,51.7614
3.40301,0.926773,35.2944,3.24673,-0.90243,36.1577,-3.31557,6.1774,50.5318,-3.31937,-6.23533,51.8444
3.40653,0.907774,35.2707,3.22687,-0.935908,36.2462,-3.32821,6.17867,50.5547,-3.31032,-6.27904,51.9263
3.40981,0.889593,35.2493,3.20685,-0.969245,36.3364,-3.34054,6.18101,50.5792,-3.30065,-6.32207,52.0079
3.4129,0.870954,35.2299,3.18572,-1.00395,36.4294,-3.35245,6.18401,50.6041,-3.29092,-6.36458,52.0881
3.41583,0.851787,35.2132,3.16265,-1.04057,36.5272,-3.36373,6.18858,50.6311,-3.28147,-6.40621,52.1681
3.41861,0.83122,35.1995,3.13661,-1.08035,36.6318,-3.37422,6.19481,50.6599,-3.27286,-6.44688,52.2475
3.42119,0.808369,35.1888,3.10639,-1.12461,36.745,-3.3838,6.20295,50.69,-3.26578,-6.48646,52.3257
3.42355,0.782456,35.1819,3.07074,-1.17461,36.8692,-3.39229,6.2134,50.7215,-3.26091,-6.52469,52.4025
3.42552,0.752685,35.1795,3.02825,-1.23178,37.0069,-3.39951,6.22654,50.7547,-3.25892,-6.56126,52.4776
3.42693,0.718084,35.1824,2.97724,-1.29778,37.1613,-3.40531,6.2428,50.7893,-3.26073,-6.59581,52.5504
3.42746,0.67746,35.1918,2.91568,-1.37462,37.3359,-3.40957,6.2626,50.825,-3.26752,-6.62796,52.6199
3.42664,0.629421,35.2093,2.8413,-1.4647,37.5348,-3.4122,6.28622,50.861,-3.28056,-6.65742,52.6848
3.42375,0.572379,35.2374,2.7516,-1.57084,37.7629,-3.41312,6.31367,50.8978,-3.30108,-6.68402,52.7443
3.41761,0.503379,35.2786,2.6436,-1.69738,38.0254,-3.41261,6.34388,50.9335,-3.33113,-6.7086,52.7956
3.40639,0.418017,35.3375,2.51415,-1.85061,38.3288,-3.41116,6.37366,50.9679,-3.37225,-6.73386,52.8371
3.38825,0.303531,35.4161,2.35245,-2.04925,38.7056,-3.40966,6.39259,50.9985,-3.42532,-6.76897,52.8628
3.35608,0.139523,35.53,2.14926,-2.32018,39.2133,-3.41007,6.3777,51.0264,-3.4897,-6.83793,52.868
-3.76849,9.03147,41.1071,9.32578,6.72663,33.5778,-9.24434,-1.2737,50.6103,1.93582,-14.5235,54.042
-14.1434,21.2827,48.7993,13.318,18.6725,30.192,-16.5681,-13.8442,52.1863,8.88133,-26.4926,60.6535
-20.3208,24.5075,44.2679,14.7322,19.2807,31.0329,-19.9764,-18.1473,55.4315,12.535,-31.6781,69.0187
-20.2888,22.5247,38.9124,15.2636,18.9355,30.8787,-20.2598,-19.2578,57.2623,13.8542,-32.3537,72.3564
-13.5441,16.1972,26.9458,14.4911,17.852,29.1254,-19.2228,-18.4915,56.7892,13.7466,-30.7714,72.6704
-11.4646,16.3453,25.4079,14.2023,17.4569,28.4745,-16.8014,-16.9465,55.2475,13.2474,-28.0636,71.102
-9.28574,14.8181,22.2871,14.0631,17.169,28.0819,-15.4633,-15.7338,53.9371,12.5723,-24.43,68.1031
-8.52683,18.2513,25.6987,12.216,15.2839,24.8192,-11.8804,-12.5023,52.0852,10.592,-17.2129,59.7394
-6.04203,19.8196,26.8144,11.273,14.4678,23.3497,-9.60519,-8.68088,49.5225,8.94801,-14.4381,56.0014
-3.88611,18.0497,28.8883,10.9597,14.8132,23.6248,-9.16608,-6.01026,49.4533,8.57774,-12.3787,54.709
-2.78564,9.01686,36.0042,10.0075,13.9259,22.8832,-8.1195,-1.99617,47.6982,7.28493,-7.93952,52.2485
2.78951,0.900227,24.9719,2.7028,8.35466,38.9947,-6.84398,-0.0609373,46.616,5.59721,-5.7811,50.5129
4.93044,-2.24636,22.0575,-2.66438,1.59103,45.6017,-5.97054,1.83571,45.5962,3.83406,-3.7297,49.1394
6.01427,-2.98757,22.5792,-1.64049,-0.758787,36.3131,-5.40685,3.54256,44.7343,2.02266,-1.62935,48.0771
6.74116,-4.10922,22.8143,-2.44749,-2.19321,36.4276,-4.96066,4.90548,44.2237,0.655179,-0.207445,47.4574
7.15052,-5.36224,22.2563,-3.2278,-3.20968,37.2168,-4.77103,5.87387,44.0746,-0.296816,0.734215,46.8774
8.01255,-6.6834,22.621,-4.30393,-4.62251,38.0678,-4.17875,7.30083,44.0644,-1.59864,2.26309,46.4301
8.69222,-8.37877,22.0249,-5.13132,-5.48889,39.1298,-3.88154,8.30152,44.2588,-2.41137,3.32766,46.0741
9.07485,-10.2543,20.817,-5.90683,-6.15319,40.1993,-3.74094,9.09529,44.4178,-3.06181,4.1724,45.763
8.88716,-11.2756,19.9892,-6.47066,-6.5198,41.616,-3.6613,9.71747,45.1548,-3.33586,4.85442,45.4427
5.24996,0.630564,30.1216,5.58178,0.720119,29.4628,-3.3251,6.01425,50.3718,-3.41481,-5.63551,51.3883
1.54116,2.20289,40.7063,2.14038,-0.812912,39.3422,-3.06146,6.23978,50.1984,-2.96887,-5.67465,50.3257
3.17987,1.38815,35.9611,3.48893,-0.367752,35.3199,-3.19667,6.1755,50.332,-3.24286,-5.77835,50.9682
3.36909,1.2488,35.5145,3.59548,-0.404491,35.0777,-3.21646,6.1705,50.3584,-3.28973,-5.82358,51.0799
3.36063,1.19476,35.5375,3.51637,-0.49948,35.2888,-3.22289,6.17435,50.3756,-3.30869,-5.86953,51.1604
3.36431,1.14368,35.5136,3.45839,-0.576349,35.4401,-3.23166,6.17723,50.3949,-3.32325,-5.91548,51.2471
3.37181,1.09852,35.4779,3.41356,-0.641066,35.5649,-3.24189,6.17893,50.4133,-3.33294,-5.96135,51.3335
3.3786,1.06003,35.4441,3.37569,-0.697165,35.6791,-3.25294,6.17991,50.4327,-3.33799,-6.00703,51.42
3.38455,1.02694,35.4114,3.34332,-0.746447,35.7845,-3.26469,6.18028,50.4519,-3.33923,-6.05265,51.5056
3.3899,0.998439,35.3807,3.31547,-0.790052,35.8832,-3.27691,6.18042,50.4724,-3.3372,-6.09792,51.5911
3.39465,0.973335,35.3511,3.29096,-0.829541,35.9768,-3.28954,6.1804,50.4923,-3.33279,-6.14297,51.6752
3.39894,0.951047,35.3232,3.26895,-0.865872,36.0669,-3.30233,6.18056,50.513,-3.32628,-6.18762,51.7586
3.40287,0.930879,35.2977,3.24852,-0.900053,36.1556,-3.31512,6.18122,50.5353,-3.31824,-6.23169,51.8417
3.40644,0.911967,35.2737,3.22879,-0.933306,36.244,-3.32779,6.18243,50.5579,-3.30911,-6.27533,51.9237
3.40978,0.893888,35.252,3.20892,-0.966399,36.3339,-3.34014,6.18475,50.5821,-3.29937,-6.31825,52.0054
3.41295,0.875359,35.2322,3.18795,-1.00084,36.4266,-3.35206,6.18774,50.6067,-3.28954,-6.36062,52.0856
3.41596,0.856304,35.2152,3.16504,-1.03719,36.5242,-3.36332,6.19234,50.6334,-3.28,-6.40207,52.1656
3.41884,0.835845,35.2011,3.13916,-1.07668,36.6285,-3.37379,6.19863,50.6619,-3.27128,-6.44253,52.2451
3.42156,0.813089,35.19,3.10912,-1.12063,36.7415,-3.38332,6.20688,50.6917,-3.26409,-6.48186,52.3232
3.42408,0.787251,35.1826,3.07365,-1.17033,36.8653,-3.39175,6.21747,50.723,-3.25911,-6.51979,52.4
3.42626,0.757524,35.1797,3.03133,-1.22719,37.0028,-3.39887,6.2308,50.7559,-3.25701,-6.556,52.475
3.4279,0.722923,35.182,2.98047,-1.2929,37.1569,-3.40453,6.2473,50.7903,-3.25871,-6.59015,52.5477
3.42872,0.682242,35.1908,2.91905,-1.36946,37.3312,-3.40862,6.26739,50.8258,-3.26541,-6.62182,52.617
3.42824,0.634073,35.2076,2.84477,-1.45929,37.5299,-3.41103,6.29138,50.8616,-3.27836,-6.65073,52.6816
3.42574,0.576809,35.2349,2.7551,-1.56523,37.758,-3.41167,6.31929,50.8982,-3.29882,-6.6767,52.7408
3.42005,0.507474,35.2753,2.64705,-1.69165,38.0204,-3.41083,6.35006,50.9336,-3.32886,-6.70056,52.7917
3.40933,0.421643,35.3333,2.51741,-1.84483,38.324,-3.40899,6.38051,50.9678,-3.37004,-6.72497,52.8325
3.39172,0.306566,35.4111,2.35542,-2.04346,38.701,-3.40701,6.40027,50.9981,-3.42324,-6.75911,52.8575
3.35981,0.142086,35.525,2.15157,-2.31457,39.2098,-3.40682,6.38641,51.0256,-3.4878,-6.82699,52.8617
-3.76038,9.0306,41.0987,9.32042,6.72269,33.5892,-9.23871,-1.25974,50.6095,1.93667,-14.5088,54.0346
-14.1356,21.2927,48.7508,13.3238,18.6663,30.1947,-16.5608,-13.8254,52.1875,8.87908,-26.4744,60.6411
-20.3635,24.5361,43.9586,14.7495,19.2441,31.0131,-19.9696,-18.1546,55.4594,12.5304,-31.6856,68.9917
-20.1454,22.4492,38.7035,15.2868,18.9348,30.8987,-20.2579,-19.2328,57.258,13.8505,-32.3182,72.3442
-13.5242,16.2238,26.9537,14.5102,17.8587,29.149,-19.2187,-18.4607,56.7792,13.7462,-30.7323,72.6627
-11.5075,16.4385,25.5365,14.2184,17.4682,28.5,-16.7958,-16.9092,55.2355,13.2515,-28.0234,71.096
-9.36188,14.9534,22.4875,14.0757,17.1846,28.109,-15.4574,-15.6909,53.9223,12.5803,-24.3888,68.1
-8.60716,18.448,25.9814,12.2226,15.3064,24.8485,-11.8724,-12.4532,52.0664,10.6041,-17.1716,59.7401
-6.09337,20.0381,27.1793,11.2703,14.4964,23.3786,-9.59458,-8.62682,49.4981,8.9635,-14.3951,56.0055
-3.99772,17.5082,29.7755,10.948,14.8517,23.6595,-9.15859,-5.94565,49.4177,8.59389,-12.3154,54.7232
-2.55711,8.45741,35.5586,9.97843,13.9291,22.8967,-8.13855,-1.99016,47.6904,7.29313,-7.92159,52.2319
2.96149,0.687254,24.5314,2.55758,8.23327,39.2857,-6.85219,-0.057843,46.6088,5.61415,-5.77987,50.4919
4.96097,-2.29068,22.0021,-2.63286,1.56684,45.3919,-5.9791,1.84109,45.5831,3.84948,-3.72297,49.1277
6.02278,-3.02181,22.5681,-1.64756,-0.768458,36.2812,-5.41166,3.54687,44.7198,2.04142,-1.62522,48.0657
6.74734,-4.14441,22.8,-2.45869,-2.20101,36.4121,-4.96441,4.90872,44.2091,0.675643,-0.204699,47.4479
7.15328,-5.39094,22.2476,-3.23835,-3.21717,37.1973,-4.77321,5.87659,44.0599,-0.274961,0.736084,46.8702
8.00381,-6.68403,22.6485,-4.31215,-4.62971,38.0372,-4.17597,7.30364,44.0488,-1.57427,2.2649,46.4257
8.6704,-8.33272,22.1106,-5.13562,-5.49691,39.0822,-3.87153,8.30523,44.2414,-2.38432,3.32998,46.0723
9.06083,-10.2439,20.8697,-5.91543,-6.16037,40.1663,-3.73406,9.09807,44.4025,-3.03519,4.17505,45.7609
8.86418,-11.293,20.0021,-6.48551,-6.52273,41.6053,-3.66005,9.71984,45.1369,-3.31254,4.84878,45.4485
5.24914,0.635261,30.127,5.58331,0.721894,29.4608,-3.32485,6.01666,50.3754,-3.41393,-5.63258,51.3855
1.54064,2.20607,40.7106,2.14227,-0.810182,39.3393,-3.06088,6.24286,50.2021,-2.96778,-5.67259,50.3235
3.17948,1.39128,35.9651,3.49036,-0.365917,35.3179,-3.19619,6.17808,50.3353,-3.24195,-5.77614,50.9659
3.36873,1.25172,35.5183,3.59681,-0.402925,35.076,-3.21597,6.17291,50.3616,-3.28886,-5.82147,51.0777
3.36037,1.19744,35.5409,3.51762,-0.498083,35.2874,-3.2224,6.17665,50.3785,-3.30784,-5.86754,51.1583
3.36414,1.14617,35.5167,3.45958,-0.575081,35.4388,-3.23116,6.17942,50.3977,-3.32238,-5.91358,51.2452
3.37171,1.10087,35.4807,3.41472,-0.639889,35.5637,-3.24139,6.18101,50.4159,-3.33205,-5.95955,51.3317
3.37856,1.06227,35.4466,3.37683,-0.696047,35.678,-3.25243,6.18189,50.4352,-3.33707,-6.0053,51.4183
3.38457,1.02911,35.4136,3.34447,-0.745362,35.7835,-3.26419,6.18217,50.4542,-3.33826,-6.05099,51.5041
3.38996,1.00055,35.3827,3.31664,-0.788981,35.8823,-3.2764,6.18223,50.4745,-3.33617,-6.09632,51.5897
3.39477,0.975414,35.3529,3.29214,-0.828465,35.976,-3.28904,6.18215,50.4943,-3.33169,-6.14142,51.6739
3.3991,0.953107,35.3249,3.27016,-0.864778,36.0662,-3.30182,6.18226,50.5148,-3.32511,-6.18611,51.7575
3.40308,0.932933,35.2992,3.24977,-0.898931,36.155,-3.3146,6.18287,50.537,-3.31698,-6.23019,51.8407
3.4067,0.914023,35.275,3.23008,-0.932149,36.2434,-3.32725,6.18405,50.5594,-3.30777,-6.27384,51.9228
3.4101,0.89595,35.2531,3.21025,-0.965201,36.3333,-3.33958,6.18635,50.5835,-3.29793,-6.31675,52.0046
3.41332,0.877427,35.2332,3.18933,-0.999602,36.4262,-3.35145,6.18935,50.608,-3.28801,-6.3591,52.0849
3.41641,0.858376,35.216,3.16646,-1.03591,36.5239,-3.36268,6.19397,50.6345,-3.27836,-6.4005,52.165
3.41938,0.837912,35.2017,3.14061,-1.07536,36.6283,-3.37308,6.2003,50.663,-3.26954,-6.44089,52.2445
3.42219,0.815139,35.1905,3.1106,-1.11929,36.7413,-3.38254,6.20861,50.6927,-3.26225,-6.48014,52.3227
3.42482,0.789266,35.1829,3.07514,-1.16898,36.8653,-3.39087,6.21928,50.7238,-3.25718,-6.51796,52.3995
3.42712,0.75948,35.1797,3.03281,-1.22585,37.003,-3.39788,6.23272,50.7567,-3.25498,-6.55404,52.4745
3.42891,0.724788,35.1818,2.98191,-1.2916,37.1573,-3.40341,6.24936,50.791,-3.2566,-6.58801,52.5472
3.4299,0.683976,35.1904,2.92042,-1.36824,37.332,-3.40734,6.26964,50.8263,-3.26322,-6.61948,52.6164
3.42961,0.635626,35.2069,2.84601,-1.4582,37.5311,-3.40956,6.29385,50.862,-3.27613,-6.64815,52.6809
3.42731,0.578119,35.234,2.75614,-1.56434,37.7597,-3.40999,6.32203,50.8985,-3.29658,-6.67382,52.7399
3.42184,0.508465,35.2742,2.6478,-1.69103,38.0228,-3.4089,6.35312,50.9337,-3.32665,-6.69732,52.7905
3.41136,0.42221,35.332,2.51777,-1.8446,38.3273,-3.40677,6.38395,50.9677,-3.3679,-6.72133,52.831
3.39397,0.306599,35.4096,2.35524,-2.04374,38.7055,-3.40449,6.40415,50.9978,-3.42126,-6.75503,52.8555
3.36175,0.141961,35.5252,2.15067,-2.31549,39.2158,-3.40386,6.39081,51.0249,-3.48601,-6.82241,52.8592
-3.75703,9.02933,41.1024,9.31724,6.7189,33.5993,-9.23472,-1.25287,50.6082,1.93753,-14.5024,54.0315
-14.1392,21.3137,48.6957,13.3277,18.6592,30.1922,-16.5567,-13.8208,52.1907,8.87759,-26.4711,60.6327
-20.4496,24.5674,43.5112,14.7657,19.1843,30.9687,-19.9661,-18.1966,55.5045,12.5264,-31.7297,68.9594
-19.9221,22.326,38.3702,15.3086,18.937,30.92,-20.2614,-19.2221,57.2486,13.8482,-32.2946,72.3375
-13.5282,16.2797,27.0061,14.5232,17.8726,29.1742,-19.2144,-18.4393,56.7652,13.749,-30.7072,72.6651
-11.595,16.5761,25.7414,14.2252,17.4846,28.5226,-16.788,-16.882,55.223,13.2585,-27.9986,71.0992
-9.4688,15.1135,22.7335,14.0781,17.2019,28.1288,-15.4488,-15.66,53.9099,12.5896,-24.3637,68.1051
-8.70591,18.6374,26.2633,12.2209,15.3255,24.867,-11.8623,-12.4186,52.0524,10.6152,-17.1458,59.7474
-6.15888,20.2181,27.4971,11.263,14.5164,23.3937,-9.58307,-8.58904,49.481,8.97596,-14.3672,56.0143
-4.10888,17.0302,30.5061,10.9381,14.8751,23.6766,-9.15017,-5.89957,49.3921,8.60559,-12.269,54.7397
-2.34556,8.06169,35.0729,9.96423,13.9222,22.8862,-8.1526,-1.99209,47.6887,7.29724,-7.91283,52.2217
3.05612,0.57644,24.2802,2.52204,8.20114,39.3429,-6.8575,-0.0584606,46.6055,5.62306,-5.77845,50.4806
4.97406,-2.31544,21.9747,-2.62869,1.55917,45.336,-5.9811,1.84317,45.576,3.8592,-3.72017,49.1205
6.02309,-3.03791,22.5661,-1.65101,-0.772586,36.2633,-5.41227,3.54864,44.7115,2.05222,-1.62285,48.0592
6.74655,-4.16022,22.7965,-2.46313,-2.20484,36.3977,-4.96448,4.91006,44.2005,0.687094,-0.202752,47.4421
7.15138,-5.4041,22.2458,-3.24271,-3.22111,37.1816,-4.7725,5.87773,44.0512,-0.262962,0.737743,46.8653
7.99713,-6.68563,22.6619,-4.31563,-4.63377,38.0168,-4.17299,7.30484,44.0396,-1.5612,2.26663,46.4221
8.65792,-8.3126,22.1512,-5.13732,-5.50165,39.0536,-3.86505,8.30691,44.2312,-2.37003,3.33204,46.0698
9.05315,-10.2385,20.8972,-5.91885,-6.16523,40.143,-3.72852,9.09941,44.3932,-3.021,4.17731,45.7586
8.85226,-11.3023,20.0094,-6.49229,-6.52572,41.5934,-3.6575,9.72089,45.1261,-3.30013,4.84709,45.4496
5.25039,0.634895,30.1246,5.58484,0.722832,29.4579,-3.32434,6.01591,50.3746,-3.4132,-5.63223,51.385
1.54193,2.20552,40.7083,2.14386,-0.809254,39.3365,-3.06032,6.24224,50.2013,-2.96704,-5.67245,50.323
3.18055,1.39072,35.9633,3.49154,-0.365343,35.3161,-3.19565,6.17742,50.3345,-3.24127,-5.77604,50.9654
3.36977,1.2511,35.5166,3.59786,-0.40252,35.0745,-3.21543,6.17225,50.3607,-3.28821,-5.82143,51.0773
3.36137,1.19677,35.5393,3.51854,-0.49783,35.2862,-3.22183,6.176,50.3777,-3.30717,-5.86757,51.158
3.36513,1.14544,35.5153,3.46041,-0.574964,35.438,-3.23055,6.17878,50.3969,-3.32169,-5.9137,51.2449
3.3727,1.10009,35.4793,3.41547,-0.639896,35.5632,-3.24074,6.18037,50.4152,-3.33133,-5.95975,51.3316
3.37956,1.06144,35.4453,3.37754,-0.696174,35.6777,-3.25173,6.18125,50.4345,-3.33629,-6.00559,51.4184
3.38559,1.02822,35.4124,3.34513,-0.745608,35.7835,-3.26343,6.18152,50.4535,-3.33742,-6.05137,51.5043
3.39102,0.999601,35.3815,3.31726,-0.789347,35.8825,-3.27557,6.18157,50.4739,-3.33526,-6.0968,51.5901
3.39587,0.974393,35.3517,3.29274,-0.828959,35.9764,-3.28812,6.18148,50.4937,-3.33071,-6.142,51.6745
3.40026,0.952006,35.3237,3.27074,-0.865409,36.0669,-3.30081,6.18157,50.5144,-3.32405,-6.18679,51.7581
3.40431,0.931739,35.298,3.25032,-0.899713,36.1559,-3.31349,6.18217,50.5365,-3.31584,-6.23098,51.8415
3.408,0.912723,35.2738,3.23059,-0.933101,36.2446,-3.32602,6.18334,50.559,-3.30655,-6.27473,51.9238
3.41148,0.894526,35.2519,3.21072,-0.966344,36.3348,-3.33822,6.18563,50.5832,-3.29663,-6.31775,52.0058
3.41481,0.87586,35.232,3.18973,-1.00096,36.428,-3.34995,6.18862,50.6078,-3.28663,-6.36021,52.0863
3.418,0.856643,35.2148,3.16679,-1.03752,36.5261,-3.36102,6.19323,50.6344,-3.2769,-6.40172,52.1665
3.42108,0.835986,35.2005,3.14085,-1.07726,36.6309,-3.37125,6.19957,50.6629,-3.26801,-6.44221,52.2462
3.42401,0.81299,35.1893,3.1107,-1.12152,36.7445,-3.38051,6.20789,50.6927,-3.26066,-6.48156,52.3246
3.42677,0.786858,35.1818,3.07507,-1.1716,36.8691,-3.38863,6.21859,50.7239,-3.25553,-6.51947,52.4015
3.42922,0.756771,35.1787,3.03252,-1.22893,37.0074,-3.3954,6.23207,50.7568,-3.2533,-6.55563,52.4766
3.43116,0.72173,35.1809,2.98135,-1.2952,37.1626,-3.40067,6.24878,50.7912,-3.25491,-6.58967,52.5494
3.43229,0.680515,35.1896,2.9195,-1.37246,37.3382,-3.40431,6.26914,50.8266,-3.26156,-6.62118,52.6187
3.43215,0.631697,35.2063,2.84463,-1.46315,37.5385,-3.40622,6.29346,50.8623,-3.27453,-6.64987,52.6832
3.42999,0.573646,35.2336,2.7542,-1.57015,37.7684,-3.40631,6.32179,50.8988,-3.2951,-6.67554,52.7421
3.42465,0.503359,35.2742,2.64515,-1.69785,38.0333,-3.40486,6.35306,50.9341,-3.32535,-6.69901,52.7926
3.41429,0.41634,35.3323,2.51423,-1.85264,38.3397,-3.40235,6.38409,50.968,-3.36688,-6.72295,52.8328
3.39696,0.299799,35.4106,2.35057,-2.05329,38.7205,-3.39965,6.40449,50.998,-3.42061,-6.75659,52.8569
3.36391,0.134828,35.5295,2.14465,-2.32676,39.2341,-3.39847,6.39135,51.0247,-3.48575,-6.82395,52.8601
-3.75663,9.02163,41.1189,9.31169,6.71009,33.6153,-9.22824,-1.25195,50.607,1.93713,-14.5027,54.0322
-14.1565,21.3425,48.6298,13.324,18.6521,30.1796,-16.5507,-13.829,52.1972,8.87385,-26.4799,60.6267
-20.5755,24.5435,42.8906,14.7772,19.0913,30.887,-19.9602,-18.2785,55.5748,12.5193,-31.813,68.9176
-19.5392,22.0859,37.7737,15.3269,18.9436,30.9421,-20.2668,-19.2236,57.2328,13.843,-32.2724,72.336
-13.5529,16.3729,27.106,14.5266,17.8981,29.2025,-19.2033,-18.4242,56.7452,13.7524,-30.6872,72.6779
-11.7472,16.7873,26.0661,14.2183,17.5113,28.5436,-16.7707,-16.8614,55.2092,13.2667,-27.9818,71.1114
-9.62468,15.3235,23.0633,14.0653,17.2259,28.1422,-15.4302,-15.6392,53.9002,12.5985,-24.3488,68.1177
-8.8355,18.8351,26.5682,12.2062,15.3461,24.8757,-11.8438,-12.3975,52.0443,10.6236,-17.1314,59.7602
-6.24636,20.3669,27.7733,11.2463,14.5336,23.3972,-9.56548,-8.56798,49.4728,8.984,-14.3521,56.0265
-4.21434,16.6738,31.0338,10.9239,14.8907,23.6798,-9.13621,-5.87452,49.3789,8.61172,-12.2405,54.7558
-2.18724,7.80154,34.6549,9.9559,13.918,22.8632,-8.15614,-2.00047,47.6925,7.29669,-7.91028,52.2182
3.09812,0.536199,24.1466,2.56207,8.2382,39.237,-6.85678,-0.0646762,46.6071,5.62356,-5.77781,50.4769
4.97278,-2.32353,21.9645,-2.64918,1.56158,45.4043,-5.9746,1.84042,45.5757,3.8622,-3.72156,49.1171
6.01471,-3.03659,22.5705,-1.65401,-0.774258,36.2602,-5.40673,3.54604,44.71,2.05443,-1.62334,48.0566
6.73831,-4.15832,22.7998,-2.4647,-2.20732,36.3885,-4.95936,4.90742,44.1988,0.689027,-0.203327,47.4393
7.14427,-5.40292,22.2478,-3.2445,-3.224,37.1732,-4.76763,5.87502,44.0493,-0.261191,0.737015,46.8623
7.98952,-6.68246,22.6667,-4.31722,-4.63709,38.0076,-4.16808,7.30222,44.0375,-1.55953,2.26573,46.4191
8.64991,-8.30465,22.1626,-5.13844,-5.50545,39.0424,-3.85963,8.3044,44.2287,-2.36831,3.33104,46.067
9.04847,-10.2362,20.9035,-5.92062,-6.16934,40.1336,-3.72397,9.09659,44.3904,-3.0196,4.17554,45.7565
8.84992,-11.3022,20.0103,-6.49503,-6.52996,41.5867,-3.6542,9.71746,45.1239,-3.29918,4.84625,45.4447
5.25478,0.627978,30.1147,5.58521,0.72031,29.4585,-3.32275,6.01222,50.3698,-3.41273,-5.63453,51.3872
1.54608,2.19966,40.6993,2.14397,-0.81242,39.3381,-3.05891,6.23835,50.1963,-2.96661,-5.67458,50.325
3.18399,1.3852,35.9558,3.49163,-0.368031,35.3176,-3.1943,6.17375,50.3298,-3.24081,-5.77828,50.9674
3.37307,1.24575,35.5095,3.59787,-0.405096,35.0762,-3.21412,6.16871,50.3562,-3.28774,-5.8237,51.0792
3.36446,1.19165,35.5329,3.5185,-0.500343,35.2881,-3.22053,6.17256,50.3733,-3.3067,-5.86986,51.1599
3.36805,1.14049,35.5094,3.46032,-0.577452,35.4399,-3.22922,6.17543,50.3928,-3.3212,-5.91603,51.2469
3.37551,1.09525,35.4739,3.41534,-0.6424,35.5653,-3.23934,6.1771,50.4113,-3.33082,-5.96212,51.3336
3.3823,1.05665,35.4402,3.37737,-0.698737,35.6799,-3.25024,6.17805,50.4308,-3.33576,-6.00803,51.4204
3.3883,1.02342,35.4077,3.34492,-0.74827,35.7858,-3.26182,6.17838,50.4501,-3.33687,-6.05389,51.5064
3.39373,0.994756,35.3771,3.31702,-0.792152,35.885,-3.27381,6.17847,50.4707,-3.33469,-6.09941,51.5923
3.39861,0.969455,35.3476,3.29245,-0.83195,35.979,-3.2862,6.17841,50.4907,-3.33012,-6.14471,51.6767
3.40306,0.94693,35.3197,3.27039,-0.868631,36.0697,-3.2987,6.17852,50.5116,-3.32344,-6.18962,51.7605
3.40718,0.926483,35.2943,3.2499,-0.903214,36.1589,-3.31116,6.17913,50.534,-3.31521,-6.23394,51.844
3.41098,0.90724,35.2702,3.23009,-0.936931,36.2478,-3.32346,6.1803,50.5567,-3.3059,-6.27784,51.9264
3.41458,0.888772,35.2485,3.2101,-0.97056,36.3384,-3.33539,6.18257,50.5811,-3.29597,-6.32101,52.0085
3.41804,0.869788,35.2287,3.18898,-1.00562,36.4319,-3.34684,6.18554,50.6059,-3.28597,-6.36364,52.0891
3.42139,0.850203,35.2116,3.16587,-1.04269,36.5305,-3.35759,6.19014,50.6328,-3.27626,-6.40533,52.1695
3.42465,0.829125,35.1975,3.13972,-1.08302,36.6358,-3.36748,6.19644,50.6615,-3.26739,-6.44601,52.2493
3.42777,0.805652,35.1864,3.10931,-1.12795,36.75,-3.37638,6.20473,50.6915,-3.26008,-6.48556,52.3278
3.43073,0.77898,35.1791,3.07337,-1.17879,36.8754,-3.3841,6.2154,50.723,-3.25501,-6.52367,52.4048
3.43339,0.748287,35.1762,3.03043,-1.23699,37.0146,-3.39045,6.22886,50.7561,-3.25288,-6.56003,52.48
3.43554,0.712566,35.1786,2.97878,-1.30426,37.1709,-3.39526,6.24554,50.7906,-3.25462,-6.59428,52.5528
3.4369,0.670588,35.1876,2.91636,-1.38266,37.3478,-3.39842,6.2659,50.8262,-3.26145,-6.62599,52.6221
3.43697,0.620917,35.2047,2.84079,-1.47465,37.5496,-3.39981,6.29023,50.8621,-3.27465,-6.65487,52.6866
3.43502,0.56191,35.2326,2.7495,-1.58314,37.7813,-3.39935,6.31858,50.8987,-3.29553,-6.6807,52.7454
3.42986,0.490544,35.2738,2.63942,-1.71257,38.0484,-3.39731,6.3499,50.9341,-3.32618,-6.70433,52.7956
3.41967,0.402271,35.3327,2.50725,-1.86937,38.3574,-3.39419,6.38098,50.968,-3.36821,-6.72843,52.8355
3.40244,0.284245,35.4118,2.34203,-2.07245,38.7415,-3.39086,6.40138,50.9979,-3.42255,-6.76225,52.859
3.36827,0.118588,35.5356,2.13427,-2.34871,39.2596,-3.38884,6.38817,51.0243,-3.48832,-6.82992,52.8615
-3.75708,9.00408,41.1455,9.30301,6.69592,33.6339,-9.21639,-1.25676,50.6056,1.93478,-14.5073,54.0336
-14.1867,21.3742,48.5516,13.3098,18.6449,30.1539,-16.5382,-13.8494,52.2073,8.8677,-26.4971,60.62
-20.7101,24.3861,42.1674,14.781,18.9682,30.7684,-19.9465,-18.3955,55.6679,12.509,-31.9257,68.866
-18.9496,21.6813,36.832,15.339,18.9557,30.9641,-20.2708,-19.2363,57.2115,13.8341,-32.2434,72.3375
-13.5963,16.5131,27.2604,14.5182,17.9387,29.2357,-19.1798,-18.4129,56.7191,13.757,-30.6641,72.6991
-11.9824,17.0985,26.5504,14.195,17.5521,28.5648,-16.7372,-16.844,55.1942,13.277,-27.9652,71.1308
-9.8512,15.6114,23.5216,14.0342,17.2605,28.1507,-15.3953,-15.6246,53.8931,12.6081,-24.3367,68.1363
-9.01664,19.0709,26.9421,12.1753,15.3723,24.8763,-11.8106,-12.3856,52.0418,10.6303,-17.1215,59.7772
-6.372,20.5136,28.0539,11.2165,14.5517,23.3902,-9.53605,-8.55891,49.4725,8.98851,-14.343,56.0408
-4.33055,16.4041,31.4425,10.9011,14.9026,23.6695,-9.1116,-5.86515,49.3764,8.61292,-12.2215,54.771
-2.07231,7.62133,34.2917,9.9494,13.9171,22.824,-8.14713,-2.01519,47.7023,7.29092,-7.90954,52.2179
3.1065,0.547627,24.0776,2.68423,8.3508,38.9463,-6.84913,-0.0780638,46.6148,5.61477,-5.77573,50.4767
4.95983,-2.31857,21.9647,-2.69792,1.57385,45.6083,-5.95733,1.83224,45.5824,3.8583,-3.72579,49.1139
5.9974,-3.01806,22.5815,-1.6569,-0.774374,36.2702,-5.39307,3.53837,44.7155,2.04779,-1.62548,48.0548
6.72215,-4.13845,22.8102,-2.46327,-2.20957,36.3819,-4.94723,4.90002,44.2039,0.681213,-0.20557,47.4367
7.13148,-5.38674,22.2539,-3.24351,-3.22708,37.1698,-4.75677,5.86759,44.0544,-0.269801,0.734427,46.8588
7.97982,-6.67177,22.6662,-4.3164,-4.64103,38.0069,-4.15918,7.29494,44.0424,-1.56932,2.26242,46.4147
8.64464,-8.30293,22.1521,-5.13812,-5.50986,39.0451,-3.85281,8.29692,44.2335,-2.3791,3.32697,46.0621
9.04605,-10.2349,20.8919,-5.92029,-6.17417,40.1368,-3.71842,9.0887,44.3939,-3.03103,4.16941,45.7534
8.85625,-11.2925,20.0055,-6.49367,-6.53673,41.5856,-3.64858,9.70862,45.1305,-3.30992,4.84604,45.4322
5.26141,0.616583,30.1017,5.58379,0.713671,29.4654,-3.31997,6.00732,50.3633,-3.4125,-5.63853,51.3918
1.55223,2.19008,40.6878,2.14206,-0.819884,39.346,-3.05644,6.23308,50.1898,-2.96637,-5.6783,50.3292
3.18914,1.37629,35.9462,3.49026,-0.374209,35.3242,-3.19199,6.1688,50.3235,-3.24051,-5.78208,50.9715
3.37801,1.23725,35.5004,3.59654,-0.410819,35.0826,-3.21195,6.16389,50.3502,-3.28743,-5.82748,51.0832
3.36905,1.18361,35.5246,3.51726,-0.505697,35.2941,-3.21841,6.16786,50.3676,-3.30639,-5.87361,51.1637
3.37236,1.13281,35.5019,3.45915,-0.582525,35.4456,-3.22711,6.17085,50.3873,-3.32091,-5.91974,51.2506
3.37961,1.08782,35.467,3.41423,-0.647287,35.5706,-3.23719,6.17262,50.4061,-3.33056,-5.96582,51.3371
3.38626,1.04937,35.4339,3.37629,-0.703522,35.685,-3.24801,6.17368,50.4259,-3.33554,-6.01171,51.4238
3.39217,1.01622,35.4018,3.34385,-0.753033,35.7906,-3.25946,6.17409,50.4454,-3.3367,-6.05757,51.5097
3.39755,0.987544,35.3716,3.31594,-0.796967,35.8896,-3.27129,6.17424,50.4663,-3.33459,-6.10311,51.5955
3.40243,0.962167,35.3424,3.29135,-0.836889,35.9835,-3.28348,6.17424,50.4867,-3.33008,-6.14844,51.6798
3.4069,0.9395,35.3149,3.26923,-0.873764,36.0741,-3.29575,6.17438,50.5078,-3.32348,-6.1934,51.7635
3.41109,0.918845,35.2897,3.24867,-0.90861,36.1632,-3.30795,6.17502,50.5304,-3.31533,-6.23778,51.847
3.41498,0.899334,35.2659,3.22877,-0.942659,36.2522,-3.31996,6.17618,50.5534,-3.30611,-6.28176,51.9293
3.4187,0.880536,35.2443,3.20866,-0.976692,36.3428,-3.33157,6.17845,50.578,-3.29628,-6.32503,52.0113
3.42231,0.861162,35.2247,3.18739,-1.01223,36.4365,-3.34267,6.18139,50.6031,-3.28639,-6.36777,52.0919
3.42583,0.841125,35.2078,3.1641,-1.04986,36.5352,-3.35305,6.18594,50.6302,-3.27681,-6.4096,52.1722
3.42927,0.819532,35.1939,3.13772,-1.09083,36.6409,-3.36253,6.19219,50.6591,-3.26808,-6.45042,52.2518
3.43261,0.795478,35.183,3.10705,-1.13649,36.7554,-3.37099,6.20041,50.6893,-3.26093,-6.49012,52.3302
3.43579,0.768157,35.1759,3.07078,-1.18816,36.8812,-3.37825,6.21101,50.721,-3.25605,-6.5284,52.4071
3.43869,0.736741,35.1732,3.02746,-1.2473,37.0211,-3.38409,6.22438,50.7543,-3.25413,-6.56494,52.4823
3.4411,0.700219,35.1759,2.97535,-1.31563,37.1781,-3.38837,6.24097,50.7891,-3.25612,-6.59937,52.5549
3.44272,0.657356,35.1852,2.91237,-1.39524,37.3559,-3.39096,6.26124,50.8248,-3.26323,-6.63127,52.624
3.44305,0.606709,35.2026,2.83615,-1.48859,37.5588,-3.39175,6.28548,50.8609,-3.27678,-6.66034,52.6882
3.44136,0.546623,35.2309,2.74409,-1.59863,37.7919,-3.39066,6.31374,50.8976,-3.29807,-6.68636,52.7467
3.43645,0.474061,35.2726,2.63309,-1.72983,38.0605,-3.38795,6.34497,50.933,-3.3292,-6.71017,52.7965
3.4265,0.384423,35.3322,2.49983,-1.88867,38.3716,-3.38414,6.37595,50.967,-3.37181,-6.73446,52.8358
3.40947,0.264814,35.4121,2.33325,-2.09419,38.7583,-3.3801,6.39619,50.9969,-3.42683,-6.76852,52.8587
3.37432,0.098379,35.5403,2.12391,-2.37319,39.2801,-3.37715,6.38272,51.023,-3.49325,-6.83655,52.8604
-3.75707,8.98159,41.1728,9.29399,6.68153,33.6461,-9.20152,-1.26518,50.6039,1.93122,-14.5121,54.0326
-14.2197,21.3994,48.4783,13.289,18.6383,30.1218,-16.5209,-13.8751,52.2179,8.86146,-26.5143,60.6116
-20.8099,24.1241,41.5508,14.7766,18.8517,30.6493,-19.9268,-18.5099,55.756,12.4996,-32.0295,68.8177
-18.32,21.2304,35.8203,15.3425,18.9678,30.9785,-20.2708,-19.2564,57.1948,13.8245,-32.2128,72.3378
-13.6387,16.6666,27.4258,14.5021,17.9832,29.2662,-19.1491,-18.4057,56.6968,13.7622,-30.6393,72.7196
-12.2376,17.4345,27.0732,14.1636,17.5975,28.5838,-16.6953,-16.8296,55.1835,13.2878,-27.9471,71.1501
-10.0973,15.9158,24.0094,13.9949,17.2987,28.1558,-15.3519,-15.6139,53.8912,12.6173,-24.3236,68.1544
-9.21434,19.3087,27.3254,12.1375,15.3999,24.8723,-11.7699,-12.3784,52.0451,10.6354,-17.1114,59.793
-6.51265,20.6512,28.3215,11.1812,14.5692,23.3775,-9.50057,-8.55574,49.4787,8.99055,-14.3346,56.0529
-4.44572,16.2043,31.767,10.8748,14.9112,23.6518,-9.08141,-5.86372,49.3816,8.61103,-12.206,54.7824
-1.99157,7.49747,33.9969,9.94386,13.9161,22.7762,-8.13075,-2.03176,47.7164,7.28215,-7.90731,52.217
3.09785,0.587177,24.0464,2.85227,8.50361,38.551,-6.83798,-0.0945235,46.6269,5.6005,-5.77086,50.476
4.94273,-2.30716,21.9701,-2.7605,1.59159,45.8827,-5.93451,1.82176,45.5942,3.85028,-3.72982,49.1086
5.97763,-2.99144,22.595,-1.65908,-0.773683,36.2868,-5.37526,3.52844,44.7255,2.03603,-1.62694,48.0515
6.7041,-4.11026,22.8235,-2.45948,-2.21185,36.3762,-4.93145,4.89044,44.2134,0.66787,-0.207268,47.4324
7.11776,-5.36342,22.2618,-3.24019,-3.23054,37.1686,-4.74264,5.85797,44.0636,-0.284196,0.732187,46.8534
7.97081,-6.65702,22.6634,-4.31333,-4.64568,38.0103,-4.14783,7.2855,44.0515,-1.5854,2.2591,46.4081
8.64223,-8.30337,22.1316,-5.13596,-5.51509,39.0545,-3.84459,8.28711,44.2426,-2.39663,3.3225,46.0547
9.04594,-10.233,20.8724,-5.91771,-6.18003,40.1465,-3.71142,9.07844,44.4008,-3.04935,4.16231,45.7482
8.86701,-11.278,19.998,-6.48914,-6.54545,41.5876,-3.64074,9.69737,45.1416,-3.32697,4.84737,45.4148
5.26645,0.607878,30.0929,5.58218,0.707737,29.4727,-3.31762,6.00389,50.3589,-3.4123,-5.64183,51.3958
1.5568,2.18284,40.6802,2.14002,-0.826457,39.3541,-3.05436,6.22931,50.1852,-2.96618,-5.68132,50.3329
3.19303,1.36959,35.9399,3.48884,-0.379599,35.3307,-3.19006,6.16528,50.3192,-3.24026,-5.78514,50.9751
3.38172,1.23089,35.4944,3.59519,-0.415769,35.0888,-3.21014,6.16046,50.3461,-3.28717,-5.8305,51.0865
3.37249,1.17764,35.5192,3.51603,-0.510278,35.2998,-3.21668,6.16451,50.3637,-3.30615,-5.87656,51.1669
3.37558,1.12713,35.4969,3.45802,-0.586815,35.4508,-3.22541,6.16758,50.3835,-3.32071,-5.92263,51.2536
3.38267,1.08235,35.4625,3.41317,-0.651366,35.5755,-3.23548,6.16943,50.4025,-3.33041,-5.96866,51.3399
3.38919,1.04404,35.4297,3.37527,-0.707459,35.6895,-3.24625,6.17055,50.4225,-3.33545,-6.0145,51.4265
3.39502,1.01096,35.398,3.34287,-0.756893,35.7948,-3.25763,6.17103,50.4422,-3.33668,-6.06032,51.5122
3.40035,0.9823,35.3681,3.31496,-0.800808,35.8936,-3.26937,6.17124,50.4633,-3.33464,-6.10582,51.5978
3.4052,0.956885,35.3391,3.29036,-0.840767,35.9872,-3.28143,6.17127,50.4838,-3.33022,-6.15114,51.682
3.40968,0.934131,35.3118,3.26822,-0.877732,36.0775,-3.29355,6.17145,50.5051,-3.32371,-6.19608,51.7656
3.41389,0.913344,35.2868,3.24762,-0.912717,36.1665,-3.30558,6.17209,50.5279,-3.31566,-6.24046,51.8488
3.41783,0.893657,35.2632,3.22765,-0.946954,36.2553,-3.3174,6.17327,50.551,-3.30655,-6.28445,51.931
3.42161,0.874642,35.2418,3.20747,-0.981223,36.3459,-3.3288,6.17552,50.5758,-3.29682,-6.32774,52.0129
3.4253,0.855009,35.2224,3.18611,-1.01705,36.4395,-3.33967,6.17844,50.601,-3.28705,-6.37052,52.0933
3.42892,0.834674,35.2056,3.1627,-1.05501,36.5382,-3.3498,6.18296,50.6282,-3.27759,-6.41239,52.1735
3.43247,0.812743,35.1918,3.13619,-1.09636,36.6439,-3.35901,6.18916,50.6573,-3.269,-6.45327,52.253
3.43592,0.78831,35.1811,3.10535,-1.14247,36.7585,-3.36718,6.19732,50.6876,-3.26199,-6.49304,52.3312
3.43924,0.76057,35.174,3.06889,-1.19464,36.8845,-3.37413,6.20784,50.7194,-3.25727,-6.53139,52.4079
3.44228,0.728693,35.1715,3.02534,-1.25434,37.0245,-3.37966,6.22113,50.7528,-3.25553,-6.56802,52.4828
3.44483,0.691666,35.1744,2.97297,-1.32331,37.1818,-3.38359,6.23763,50.7877,-3.25771,-6.60254,52.5553
3.44658,0.648253,35.1839,2.90968,-1.40362,37.36,-3.38582,6.2578,50.8235,-3.26505,-6.63454,52.6241
3.44706,0.597007,35.2016,2.8331,-1.49777,37.5633,-3.38624,6.28193,50.8596,-3.27884,-6.6637,52.6881
3.4455,0.536272,35.2302,2.74062,-1.60871,37.7971,-3.38475,6.31007,50.8964,-3.3004,-6.68984,52.7462
3.44071,0.463001,35.2723,2.62912,-1.74092,38.0664,-3.38164,6.34117,50.9319,-3.33186,-6.71376,52.7957
3.43086,0.372572,35.3322,2.49529,-1.90091,38.3783,-3.37741,6.37199,50.9658,-3.37483,-6.73817,52.8346
3.41391,0.252066,35.4127,2.32801,-2.10779,38.7663,-3.37294,6.39201,50.9957,-3.43026,-6.7724,52.857
3.37807,0.0852925,35.5438,2.11787,-2.38827,39.2899,-3.36943,6.37827,51.0216,-3.49706,-6.84067,52.8582
-3.7576,8.96698,41.191,9.28847,6.67317,33.6506,-9.1916,-1.27218,50.6023,1.92877,-14.5151,54.0304
-14.2428,21.4153,48.4317,13.2739,18.6331,30.0982,-16.509,-13.894,52.2246,8.85785,-26.5253,60.6048
-20.8649,23.9109,41.1889,14.7718,18.7809,30.5751,-19.9134,-18.5795,55.8091,12.4944,-32.0906,68.7885
-17.907,20.9432,35.1709,15.3419,18.9723,30.9823,-20.2703,-19.2758,57.1862,13.8185,-32.1951,72.3352
-13.6578,16.7746,27.5347,14.4903,18.012,29.2848,-19.1278,-18.404,56.6834,13.7663,-30.6232,72.7313
-12.4062,17.663,27.425,14.1418,17.6281,28.5961,-16.6661,-16.8212,55.1776,13.2957,-27.9346,71.1623
-10.2652,16.1225,24.3409,13.9677,17.3245,28.1588,-15.3215,-15.6074,53.8913,12.6239,-24.3141,68.166
-9.35187,19.4696,27.5867,12.1114,15.418,24.8688,-11.7416,-12.3743,52.0489,10.6389,-17.1038,59.8029
-6.61162,20.7431,28.5026,11.1571,14.5797,23.3674,-9.4762,-8.55447,49.4844,8.99161,-14.3281,56.0602
-4.52243,16.0799,31.9753,10.8572,14.9145,23.6371,-9.06083,-5.86408,49.3869,8.60917,-12.195,54.7888
-1.94086,7.42375,33.8082,9.9416,13.9121,22.74,-8.11917,-2.04348,47.7273,7.2756,-7.90481,52.2156
3.08987,0.619794,24.0317,2.98188,8.61849,38.2472,-6.83086,-0.106578,46.6365,5.58953,-5.76618,50.4748
4.93163,-2.29918,21.9732,-2.80676,1.60555,46.0893,-5.91861,1.814,45.6036,3.84407,-3.73185,49.1038
5.96521,-2.973,22.6028,-1.6605,-0.772869,36.3005,-5.36299,3.52114,44.7337,2.02705,-1.627,48.0483
6.69298,-4.09086,22.8311,-2.45637,-2.2133,36.373,-4.92059,4.88342,44.2211,0.657713,-0.207442,47.4285
7.10968,-5.34744,22.2656,-3.23745,-3.23289,37.169,-4.73286,5.85095,44.0712,-0.295113,0.731674,46.8487
7.96622,-6.64733,22.6594,-4.31079,-4.64893,38.0143,-4.13995,7.27863,44.0588,-1.59755,2.25786,46.4027
8.64234,-8.30525,22.1139,-5.13417,-5.5188,39.0634,-3.83895,8.28001,44.2499,-2.40987,3.32046,46.0487
9.0469,-10.2317,20.8568,-5.91546,-6.18424,40.1553,-3.70629,9.0711,44.4067,-3.0631,4.15856,45.7436
8.87532,-11.267,19.992,-6.48533,-6.55191,41.5899,-3.63468,9.68941,45.15,-3.33974,4.84979,45.4015
5.26873,0.603992,30.0893,5.58144,0.70494,29.4764,-3.31645,6.00238,50.357,-3.41211,-5.6435,51.3977
1.55881,2.17972,40.6772,2.13905,-0.829634,39.3583,-3.05337,6.22755,50.1832,-2.96602,-5.68279,50.3346
3.19477,1.36668,35.9374,3.48819,-0.382163,35.3341,-3.18913,6.16367,50.3173,-3.24007,-5.78664,50.9768
3.38338,1.22814,35.492,3.59457,-0.418112,35.0919,-3.20927,6.1589,50.3443,-3.28698,-5.83197,51.0882
3.37403,1.17506,35.517,3.51547,-0.512441,35.3026,-3.21585,6.16299,50.3619,-3.30598,-5.87799,51.1685
3.37701,1.12469,35.495,3.45751,-0.588833,35.4534,-3.2246,6.1661,50.3819,-3.32056,-5.92402,51.255
3.38402,1.08,35.4608,3.41269,-0.653277,35.5778,-3.23468,6.16799,50.4009,-3.33029,-5.97,51.3413
3.39049,1.04175,35.4282,3.37482,-0.709296,35.6917,-3.24544,6.16914,50.421,-3.33537,-6.01581,51.4277
3.39627,1.00871,35.3965,3.34242,-0.758685,35.7969,-3.25679,6.16965,50.4408,-3.33664,-6.0616,51.5133
3.40157,0.980057,35.3667,3.31452,-0.802582,35.8954,-3.26849,6.16988,50.4619,-3.33464,-6.10707,51.5989
3.4064,0.954628,35.3379,3.28991,-0.842546,35.9889,-3.2805,6.16994,50.4825,-3.33026,-6.15237,51.683
3.41087,0.931839,35.3107,3.26776,-0.879539,36.0792,-3.29257,6.17013,50.5039,-3.3238,-6.19729,51.7665
3.41509,0.910997,35.2858,3.24713,-0.914574,36.1681,-3.30453,6.17079,50.5268,-3.3158,-6.24166,51.8496
3.41904,0.891237,35.2622,3.22714,-0.948882,36.2568,-3.31627,6.17196,50.55,-3.30674,-6.28564,51.9317
3.42284,0.872132,35.2409,3.20693,-0.983241,36.3473,-3.32759,6.17421,50.5748,-3.29707,-6.32894,52.0135
3.42656,0.852395,35.2215,3.18552,-1.01918,36.4408,-3.33837,6.17712,50.6001,-3.28736,-6.37172,52.0938
3.4302,0.831939,35.2049,3.16206,-1.05726,36.5395,-3.34839,6.18162,50.6273,-3.27796,-6.41359,52.1739
3.43378,0.809873,35.1911,3.13549,-1.09877,36.6452,-3.3575,6.18779,50.6565,-3.26943,-6.45449,52.2533
3.43727,0.785292,35.1805,3.10459,-1.14504,36.7598,-3.36556,6.19592,50.6868,-3.26249,-6.49428,52.3314
3.44062,0.75739,35.1735,3.06804,-1.1974,36.8858,-3.37239,6.2064,50.7187,-3.25784,-6.53266,52.408
3.44369,0.725338,35.1711,3.02441,-1.25732,37.0259,-3.3778,6.21965,50.7521,-3.25618,-6.56932,52.4828
3.44627,0.688125,35.1741,2.97193,-1.32652,37.1833,-3.3816,6.23609,50.787,-3.25844,-6.60388,52.5551
3.44805,0.644513,35.1837,2.90852,-1.40709,37.3616,-3.3837,6.25619,50.8228,-3.26587,-6.63592,52.6239
3.44855,0.593057,35.2016,2.8318,-1.50153,37.5651,-3.38398,6.28025,50.8589,-3.27977,-6.66513,52.6877
3.44699,0.532101,35.2303,2.73916,-1.61278,37.799,-3.38236,6.3083,50.8958,-3.30144,-6.69131,52.7457
3.44219,0.458601,35.2727,2.62749,-1.74535,38.0686,-3.37911,6.33931,50.9312,-3.33302,-6.71529,52.795
3.43233,0.367922,35.3329,2.49344,-1.90574,38.3808,-3.37475,6.37001,50.9651,-3.37614,-6.73977,52.8337
3.41532,0.247147,35.4137,2.32593,-2.11308,38.7692,-3.37014,6.38989,50.9949,-3.43172,-6.77408,52.8559
3.37908,0.0803914,35.5462,2.11552,-2.39403,39.2935,-3.36645,6.37595,51.0208,-3.49866,-6.84247,52.8568
-3.7586,8.96173,41.1999,9.28636,6.67021,33.6517,-9.18784,-1.27586,50.6014,1.92785,-14.5166,54.0291
-14.2543,21.4243,48.4099,13.2674,18.63,30.087,-16.5046,-13.9033,52.2273,8.85656,-26.5306,60.6015
-20.8905,23.801,41.03,14.7702,18.7506,30.5436,-19.9086,-18.609,55.8314,12.4925,-32.1167,68.7764
-17.7185,20.824,34.8876,15.3418,18.972,30.9819,-20.2712,-19.2882,57.182,13.816,-32.1891,72.3323
-13.6602,16.8282,27.5838,14.4855,18.0244,29.293,-19.1191,-18.4052,56.6763,13.7687,-30.6169,72.7358
-12.4812,17.7709,27.5879,14.1324,17.642,28.6022,-16.6536,-16.818,55.174,13.2998,-27.9292,71.1679
-10.3435,16.2204,24.4972,13.9557,17.3363,28.1606,-15.3083,-15.6045,53.8905,12.6274,-24.3099,68.1716
-9.41765,19.5471,27.7125,12.0999,15.4261,24.8672,-11.7292,-12.3724,52.0499,10.6409,-17.1002,59.8077
-6.65908,20.7877,28.5918,11.1464,14.5837,23.3622,-9.46565,-8.55386,49.4866,8.9924,-14.3249,56.0638
-4.55846,16.0155,32.0804,10.8498,14.9145,23.6292,-9.05213,-5.86421,49.3888,8.60846,-12.1895,54.7921
-1.91312,7.386,33.7116,9.94173,13.9079,22.7211,-8.11476,-2.04939,47.7323,7.27262,-7.90358,52.2148
3.08709,0.635106,24.0231,3.04811,8.67535,38.0927,-6.82853,-0.112633,46.641,5.58434,-5.76373,50.4742
4.92711,-2.29617,21.9735,-2.82954,1.61296,46.1922,-5.91175,1.8101,45.608,3.84131,-3.73262,49.1013
5.96013,-2.96507,22.6052,-1.66124,-0.772162,36.3079,-5.35778,3.51755,44.7376,2.02295,-1.6267,48.0467
6.6885,-4.08246,22.8334,-2.45489,-2.21371,36.3719,-4.91597,4.88003,44.2248,0.653048,-0.20706,47.4266
7.10657,-5.34061,22.2663,-3.23619,-3.23371,37.1698,-4.72867,5.84763,44.0748,-0.300146,0.731987,46.8465
7.96486,-6.64381,22.6559,-4.30971,-4.65016,38.0171,-4.13663,7.27542,44.0624,-1.60317,2.25791,46.4
8.64324,-8.30778,22.1032,-5.13352,-5.5202,39.0688,-3.83671,8.27672,44.2535,-2.41603,3.32022,46.0457
9.0477,-10.2314,20.8482,-5.91448,-6.18589,40.1603,-3.70405,9.0678,44.4097,-3.06946,4.15763,45.7412
8.87945,-11.2617,19.9889,-6.48351,-6.5547,41.5913,-3.63181,9.68587,45.1539,-3.34561,4.8517,45.3953
5.26957,0.602627,30.0881,5.58122,0.703959,29.4778,-3.316,6.00184,50.3563,-3.41198,-5.64418,51.3985
1.55951,2.17869,40.6763,2.13872,-0.830807,39.3598,-3.05301,6.22686,50.1825,-2.96593,-5.68336,50.3353
3.19538,1.3657,35.9366,3.48798,-0.383089,35.3353,-3.18877,6.16306,50.3167,-3.23995,-5.78723,50.9775
3.38396,1.22721,35.4912,3.59439,-0.418954,35.0931,-3.20894,6.15831,50.3436,-3.28688,-5.83254,51.0888
3.37457,1.17419,35.5164,3.5153,-0.513217,35.3037,-3.21554,6.16243,50.3613,-3.30588,-5.87854,51.169
3.37751,1.12387,35.4944,3.45736,-0.589557,35.4544,-3.2243,6.16555,50.3813,-3.32047,-5.92455,51.2555
3.3845,1.07921,35.4602,3.41254,-0.653962,35.5787,-3.23438,6.16745,50.4004,-3.33021,-5.97052,51.3418
3.39094,1.04099,35.4277,3.37467,-0.709954,35.6925,-3.24514,6.16862,50.4205,-3.33531,-6.01631,51.4282
3.3967,1.00796,35.3961,3.34228,-0.759327,35.7976,-3.25649,6.16914,50.4403,-3.33659,-6.06208,51.5138
3.40199,0.979308,35.3664,3.31437,-0.803216,35.8961,-3.26818,6.16938,50.4615,-3.33461,-6.10754,51.5993
3.40681,0.953874,35.3376,3.28976,-0.843182,35.9896,-3.28018,6.16945,50.4821,-3.33025,-6.15282,51.6833
3.41128,0.931071,35.3104,3.2676,-0.880184,36.0798,-3.29222,6.16964,50.5035,-3.3238,-6.19774,51.7668
3.4155,0.91021,35.2855,3.24697,-0.915235,36.1687,-3.30416,6.1703,50.5264,-3.31582,-6.24211,51.8499
3.41945,0.890425,35.262,3.22696,-0.949565,36.2573,-3.31588,6.17148,50.5496,-3.30678,-6.28608,51.9319
3.42326,0.87129,35.2407,3.20673,-0.983953,36.3478,-3.32717,6.17373,50.5745,-3.29714,-6.32937,52.0137
3.42697,0.851517,35.2213,3.18531,-1.01993,36.4413,-3.33792,6.17663,50.5997,-3.28744,-6.37215,52.094
3.43062,0.831023,35.2047,3.16183,-1.05805,36.54,-3.34792,6.18112,50.627,-3.27807,-6.41403,52.174
3.43421,0.808914,35.191,3.13524,-1.0996,36.6457,-3.357,6.18729,50.6562,-3.26956,-6.45493,52.2533
3.4377,0.784287,35.1804,3.10431,-1.14593,36.7603,-3.36502,6.1954,50.6865,-3.26264,-6.49473,52.3314
3.44105,0.756336,35.1734,3.06774,-1.19835,36.8863,-3.37182,6.20586,50.7184,-3.25802,-6.53312,52.408
3.44412,0.724233,35.171,3.02407,-1.25833,37.0264,-3.37719,6.21908,50.7518,-3.25638,-6.56979,52.4828
3.4467,0.686968,35.1741,2.97156,-1.3276,37.1838,-3.38096,6.2355,50.7867,-3.25868,-6.60436,52.555
3.44847,0.643303,35.1838,2.90811,-1.40825,37.3621,-3.38302,6.25557,50.8225,-3.26614,-6.63642,52.6237
3.44895,0.591794,35.2017,2.83135,-1.50277,37.5657,-3.38327,6.27959,50.8586,-3.28007,-6.66566,52.6875
3.44738,0.530788,35.2306,2.73866,-1.61411,37.7997,-3.38161,6.30761,50.8954,-3.30178,-6.69186,52.7454
3.44255,0.457239,35.2731,2.62692,-1.74678,38.0694,-3.37833,6.33856,50.9309,-3.33339,-6.71587,52.7946
3.43265,0.366513,35.3334,2.49282,-1.90727,38.3817,-3.37394,6.36921,50.9648,-3.37655,-6.74038,52.8333
3.41558,0.245695,35.4143,2.32524,-2.11472,38.7701,-3.36931,6.38902,50.9945,-3.43218,-6.77472,52.8554
3.37916,0.0790183,35.5474,2.11476,-2.39578,39.2947,-3.36558,6.37499,51.0203,-3.49915,-6.84316,52.8563
-3.75927,8.96042,41.2035,9.28577,6.66944,33.6519,-9.18681,-1.27742,50.6009,1.92761,-14.5173,54.0286
-14.2589,21.4288,48.4012,13.2653,18.6284,30.0828,-16.5035,-13.9072,52.2282,8.85625,-26.5328,60.6003
-20.9015,23.7567,40.971,14.7701,18.7396,30.5325,-19.9075,-18.6197,55.8393,12.492,-32.1263,68.7722
-17.6466,20.7835,34.7845,15.342,18.9712,30.9813,-20.2722,-19.2941,57.1801,13.8152,-32.1878,72.3308
-13.6587,16.8502,27.6022,14.4841,18.0287,29.2961,-19.1165,-18.4063,56.6731,13.7698,-30.615,72.7373
-12.5085,17.8131,27.6501,14.1292,17.6473,28.6048,-16.6494,-16.8171,55.1721,13.3016,-27.9275,71.1701
-10.3734,16.2588,24.558,13.9515,17.3408,28.1615,-15.3037,-15.6034,53.8898,12.629,-24.3085,68.1738
-9.44339,19.5783,27.7628,12.0957,15.4291,24.8667,-11.7249,-12.3717,52.0499,10.6419,-17.0989,59.8098
-6.67777,20.806,28.6286,11.1424,14.5851,23.3601,-9.46199,-8.55353,49.487,8.99289,-14.3237,56.0654
-4.57276,15.987,32.1261,10.8471,14.9141,23.6258,-9.04918,-5.86413,49.3893,8.60834,-12.1873,54.7935
-1.90032,7.36928,33.6698,9.94218,13.9055,22.7131,-8.11352,-2.05181,47.7341,7.27157,-7.90322,52.2146
3.08649,0.640855,24.0189,3.07554,8.69835,38.0289,-6.82804,-0.11508,46.6426,5.58239,-5.76281,50.474
4.92556,-2.29524,21.9734,-2.83863,1.61619,46.2337,-5.90933,1.80854,45.6096,3.84036,-3.73291,49.1004
5.95835,-2.96219,22.6059,-1.66149,-0.7717,36.3108,-5.35597,3.51617,44.739,2.02147,-1.6265,48.0461
6.68694,-4.07937,22.8341,-2.45426,-2.21369,36.3714,-4.91434,4.87877,44.2262,0.65135,-0.206776,47.4259
7.10554,-5.33812,22.2663,-3.23566,-3.23386,37.17,-4.72718,5.84642,44.0762,-0.301993,0.73229,46.8456
7.96461,-6.64291,22.654,-4.3093,-4.65045,38.0183,-4.13548,7.27427,44.0637,-1.60525,2.25816,46.399
8.64396,-8.30966,22.0978,-5.13333,-5.52055,39.0712,-3.83601,8.27556,44.2549,-2.41833,3.32038,46.0446
9.04819,-10.2316,20.8443,-5.91408,-6.18634,40.1624,-3.70324,9.06667,44.4108,-3.07181,4.15758,45.7403
8.88117,-11.2596,19.9876,-6.48273,-6.55562,41.5916,-3.63067,9.68469,45.1554,-3.34774,4.8527,45.393
5.26985,0.602179,30.0878,5.58117,0.703651,29.4783,-3.31584,6.00165,50.3561,-3.41191,-5.64444,51.3988
1.55973,2.17838,40.6761,2.13863,-0.831204,39.3604,-3.05288,6.22661,50.1823,-2.96588,-5.68357,50.3355
3.19558,1.36539,35.9364,3.48793,-0.383393,35.3357,-3.18865,6.16284,50.3164,-3.2399,-5.78745,50.9777
3.38416,1.22692,35.491,3.59434,-0.419229,35.0934,-3.20882,6.1581,50.3434,-3.28682,-5.83275,51.089
3.37475,1.17393,35.5162,3.51526,-0.51347,35.304,-3.21543,6.16222,50.3611,-3.30583,-5.87874,51.1692
3.37768,1.12362,35.4943,3.45732,-0.589794,35.4547,-3.2242,6.16535,50.3811,-3.32043,-5.92474,51.2557
3.38465,1.07897,35.4601,3.41251,-0.654186,35.579,-3.23428,6.16726,50.4002,-3.33017,-5.9707,51.342
3.39109,1.04075,35.4276,3.37463,-0.71017,35.6928,-3.24504,6.16843,50.4203,-3.33527,-6.01649,51.4284
3.39684,1.00772,35.396,3.34224,-0.759537,35.7979,-3.25639,6.16896,50.4401,-3.33656,-6.06226,51.5139
3.40213,0.979077,35.3662,3.31433,-0.803425,35.8964,-3.26807,6.16921,50.4613,-3.33459,-6.10771,51.5994
3.40695,0.95364,35.3375,3.28971,-0.843391,35.9898,-3.28007,6.16927,50.4819,-3.33023,-6.15299,51.6835
3.41141,0.930832,35.3103,3.26755,-0.880396,36.08,-3.29211,6.16947,50.5033,-3.32379,-6.1979,51.7669
3.41563,0.909965,35.2854,3.24691,-0.915452,36.1689,-3.30405,6.17013,50.5263,-3.31582,-6.24226,51.85
3.41957,0.890172,35.2619,3.22691,-0.94979,36.2575,-3.31576,6.17131,50.5495,-3.30679,-6.28623,51.932
3.42338,0.871027,35.2406,3.20667,-0.984187,36.348,-3.32704,6.17356,50.5743,-3.29715,-6.32952,52.0137
3.4271,0.851244,35.2213,3.18524,-1.02017,36.4415,-3.33778,6.17646,50.5996,-3.28746,-6.3723,52.094
3.43075,0.830737,35.2046,3.16176,-1.05831,36.5402,-3.34777,6.18094,50.6269,-3.27809,-6.41419,52.174
3.43433,0.808616,35.191,3.13516,-1.09988,36.6459,-3.35684,6.1871,50.656,-3.26959,-6.45509,52.2533
3.43782,0.783976,35.1803,3.10422,-1.14622,36.7605,-3.36486,6.19521,50.6864,-3.26268,-6.49489,52.3314
3.44117,0.756012,35.1735,3.06764,-1.19865,36.8865,-3.37164,6.20567,50.7183,-3.25806,-6.53328,52.408
3.44424,0.723896,35.1711,3.02396,-1.25865,37.0266,-3.377,6.21888,50.7517,-3.25643,-6.56996,52.4827
3.44681,0.686618,35.1741,2.97143,-1.32794,37.184,-3.38077,6.23529,50.7866,-3.25874,-6.60454,52.5549
3.44858,0.642941,35.1839,2.90797,-1.40861,37.3624,-3.38282,6.25534,50.8224,-3.2662,-6.63661,52.6236
3.44905,0.591423,35.2019,2.83119,-1.50316,37.5659,-3.38306,6.27934,50.8585,-3.28015,-6.66585,52.6873
3.44746,0.53041,35.2308,2.73849,-1.61452,37.7999,-3.3814,6.30734,50.8953,-3.30187,-6.69207,52.7452
3.44261,0.456857,35.2733,2.62674,-1.74721,38.0696,-3.37812,6.33828,50.9307,-3.3335,-6.71608,52.7945
3.43268,0.366131,35.3337,2.49263,-1.90772,38.382,-3.37373,6.3689,50.9646,-3.37667,-6.7406,52.8331
3.41559,0.245318,35.4147,2.32503,-2.1152,38.7705,-3.3691,6.38868,50.9943,-3.4323,-6.77497,52.8552
3.37909,0.0786939,35.548,2.11454,-2.39628,39.2951,-3.36537,6.37461,51.0201,-3.49928,-6.84342,52.8561
-3.7596,8.96019,41.2049,9.28565,6.66929,33.6519,-9.18659,-1.27803,50.6006,1.92757,-14.5175,54.0284
-14.2606,21.4307,48.398,13.2647,18.6278,30.0814,-16.5033,-13.9086,52.2284,8.8562,-26.5337,60.5998
-20.906,23.7406,40.9507,14.7701,18.7358,30.5288,-19.9074,-18.6233,55.8419,12.4919,-32.1297,68.7708
-17.621,20.7705,34.7493,15.3422,18.9708,30.981,-20.2728,-19.2966,57.1793,13.8149,-32.1876,72.3301
-13.6575,16.8585,27.6087,14.4837,18.0302,29.2972,-19.1159,-18.407,56.6718,13.7702,-30.6146,72.7377
-12.5178,17.8284,27.6722,14.1282,17.6491,28.6058,-16.6481,-16.8169,55.1713,13.3023,-27.9271,71.1709
-10.3839,16.2727,24.5799,13.95,17.3424,28.1619,-15.3023,-15.6031,53.8894,12.6296,-24.3081,68.1747
-9.45265,19.5898,27.7813,12.0942,15.4302,24.8666,-11.7236,-12.3714,52.0498,10.6424,-17.0985,59.8105
-6.68455,20.813,28.6426,11.1411,14.5855,23.3594,-9.46081,-8.55339,49.4871,8.99315,-14.3233,56.066
-4.57807,15.9757,32.1442,10.8462,14.9139,23.6246,-9.04824,-5.86404,49.3893,8.60837,-12.1864,54.7941
-1.89512,7.36262,33.6535,9.94244,13.9045,22.71,-8.11321,-2.0527,47.7347,7.27124,-7.90315,52.2145
3.0864,0.642886,24.0171,3.08591,8.70694,38.0048,-6.82798,-0.115979,46.6431,5.58172,-5.7625,50.474
4.92504,-2.29494,21.9733,-2.84196,1.61748,46.249,-5.90853,1.80797,45.6101,3.84007,-3.73303,49.1001
5.95774,-2.96118,22.6061,-1.66156,-0.771455,36.3119,-5.35537,3.5157,44.7395,2.02098,-1.62641,48.0459
6.68641,-4.07828,22.8343,-2.45399,-2.21361,36.3712,-4.91379,4.87835,44.2266,0.650779,-0.206639,47.4257
7.1052,-5.33726,22.2663,-3.23544,-3.23384,37.1701,-4.72667,5.84603,44.0766,-0.302618,0.732451,46.8453
7.96461,-6.64274,22.6531,-4.30913,-4.65048,38.0187,-4.13509,7.27391,44.0642,-1.60597,2.25832,46.3986
8.64435,-8.31069,22.0955,-5.13326,-5.5206,39.0721,-3.8358,8.27519,44.2554,-2.41913,3.32051,46.0442
9.04844,-10.2317,20.8427,-5.91391,-6.18644,40.1631,-3.70295,9.06633,44.4113,-3.07261,4.15766,45.7399
8.88185,-11.2589,19.9871,-6.4824,-6.55591,41.5916,-3.63023,9.68434,45.1559,-3.34846,4.85315,45.3922
5.26995,0.602033,30.0876,5.58116,0.703559,29.4784,-3.31578,6.00159,50.356,-3.41188,-5.64454,51.3989
1.55981,2.17829,40.676,2.13861,-0.831336,39.3605,-3.05284,6.22651,50.1822,-2.96585,-5.68364,50.3356
3.19565,1.3653,35.9363,3.48793,-0.383491,35.3358,-3.18861,6.16276,50.3164,-3.23987,-5.78752,50.9778
3.38422,1.22683,35.4909,3.59433,-0.419316,35.0936,-3.20879,6.15803,50.3433,-3.2868,-5.83282,51.0891
3.37481,1.17384,35.5161,3.51525,-0.513551,35.3041,-3.2154,6.16215,50.361,-3.30581,-5.87881,51.1693
3.37773,1.12355,35.4942,3.45731,-0.589869,35.4548,-3.22416,6.16528,50.381,-3.32041,-5.92481,51.2558
3.3847,1.0789,35.46,3.4125,-0.654257,35.5791,-3.23425,6.16719,50.4001,-3.33015,-5.97076,51.342
3.39113,1.04068,35.4275,3.37463,-0.710239,35.6929,-3.24501,6.16837,50.4202,-3.33526,-6.01655,51.4284
3.39689,1.00765,35.396,3.34223,-0.759604,35.798,-3.25635,6.16889,50.4401,-3.33655,-6.06232,51.514
3.40217,0.979007,35.3662,3.31432,-0.803492,35.8965,-3.26804,6.16914,50.4612,-3.33457,-6.10777,51.5994
3.40699,0.953569,35.3374,3.2897,-0.843459,35.9899,-3.28003,6.16921,50.4819,-3.33022,-6.15304,51.6835
3.41146,0.93076,35.3103,3.26754,-0.880464,36.0801,-3.29207,6.16941,50.5033,-3.32378,-6.19795,51.7669
3.41567,0.90989,35.2854,3.2469,-0.915522,36.1689,-3.30401,6.17007,50.5262,-3.31581,-6.24232,51.85
3.41961,0.890094,35.2619,3.22689,-0.949862,36.2576,-3.31572,6.17125,50.5494,-3.30678,-6.28629,51.932
3.42342,0.870947,35.2406,3.20665,-0.984263,36.348,-3.327,6.17349,50.5743,-3.29714,-6.32958,52.0137
3.42714,0.85116,35.2213,3.18522,-1.02025,36.4416,-3.33774,6.1764,50.5996,-3.28746,-6.37236,52.094
3.43078,0.83065,35.2046,3.16173,-1.05839,36.5403,-3.34772,6.18088,50.6268,-3.27809,-6.41424,52.174
3.43437,0.808525,35.191,3.13513,-1.09996,36.6459,-3.35679,6.18704,50.656,-3.26959,-6.45515,52.2533
3.43786,0.783882,35.1803,3.10419,-1.14631,36.7606,-3.36481,6.19514,50.6864,-3.26269,-6.49495,52.3314
3.44121,0.755914,35.1735,3.0676,-1.19875,36.8866,-3.37159,6.2056,50.7182,-3.25807,-6.53334,52.408
3.44427,0.723795,35.1711,3.02392,-1.25876,37.0267,-3.37695,6.2188,50.7517,-3.25644,-6.57002,52.4827
3.44683,0.686515,35.1742,2.97139,-1.32805,37.1841,-3.38071,6.23521,50.7865,-3.25875,-6.6046,52.5549
3.4486,0.642837,35.184,2.90793,-1.40873,37.3624,-3.38277,6.25525,50.8223,-3.26622,-6.63667,52.6236
3.44906,0.591318,35.2019,2.83115,-1.50328,37.566,-3.38301,6.27925,50.8584,-3.28016,-6.66592,52.6873
3.44746,0.530306,35.2308,2.73844,-1.61465,37.8,-3.38135,6.30724,50.8952,-3.30189,-6.69214,52.7452
3.4426,0.456757,35.2734,2.62669,-1.74733,38.0697,-3.37807,6.33817,50.9306,-3.33352,-6.71616,52.7944
3.43267,0.366036,35.3338,2.49256,-1.90785,38.3821,-3.37368,6.36878,50.9645,-3.37669,-6.74069,52.8331
3.41557,0.245232,35.4148,2.32496,-2.11534,38.7706,-3.36905,6.38855,50.9942,-3.43233,-6.77506,52.8552
3.37903,0.0786353,35.5482,2.11447,-2.39641,39.2952,-3.36532,6.37447,51.02,-3.49931,-6.84352,52.856
-3.75975,8.96019,41.2054,9.28563,6.66927,33.6518,-9.18656,-1.27827,50.6005,1.92757,-14.5176,54.0283
-14.2613,21.4315,48.3968,13.2646,18.6276,30.0809,-16.5033,-13.9092,52.2285,8.85621,-26.5341,60.5996
-20.9076,23.7351,40.9438,14.7702,18.7346,30.5276,-19.9074,-18.6246,55.8428,12.4919,-32.1309,68.7703
-17.6121,20.7663,34.7374,15.3423,18.9706,30.9809,-20.2731,-19.2975,57.179,13.8149,-32.1876,72.3298
-13.657,16.8615,27.611,14.4836,18.0307,29.2976,-19.1157,-18.4073,56.6713,13.7704,-30.6145,72.7379
-12.5209,17.8338,27.6799,14.1279,17.6498,28.6062,-16.6478,-16.8168,55.171,13.3026,-27.927,71.1711
-10.3876,16.2777,24.5875,13.9496,17.343,28.1621,-15.3019,-15.603,53.8893,12.6299,-24.308,68.175
-9.45588,19.594,27.7879,12.0937,15.4305,24.8666,-11.7231,-12.3713,52.0497,10.6425,-17.0985,59.8108
-6.68695,20.8155,28.6477,11.1406,14.5857,23.3592,-9.46044,-8.55334,49.4871,8.99326,-14.3232,56.0662
-4.58,15.9715,32.151,10.8459,14.9138,23.6242,-9.04795,-5.86401,49.3893,8.6084,-12.1862,54.7944
-1.89316,7.36014,33.6475,9.94254,13.9041,22.7089,-8.11314,-2.05303,47.7349,7.27114,-7.90315,52.2145
3.08639,0.643599,24.0165,3.08969,8.71006,37.996,-6.82799,-0.1163,46.6433,5.5815,-5.76241,50.474
4.92485,-2.29484,21.9733,-2.84314,1.61797,46.2545,-5.90827,1.80778,45.6103,3.83998,-3.73308,49.0999
5.95753,-2.96083,22.6062,-1.66157,-0.771342,36.3122,-5.35517,3.51554,44.7396,2.02082,-1.62638,48.0458
6.68623,-4.07789,22.8344,-2.45388,-2.21356,36.3711,-4.9136,4.87821,44.2268,0.650592,-0.20658,47.4256
7.10509,-5.33696,22.2663,-3.23535,-3.23381,37.1701,-4.72649,5.84591,44.0768,-0.302827,0.732525,46.8452
7.96464,-6.64274,22.6527,-4.30907,-4.65047,38.0189,-4.13496,7.27381,44.0643,-1.60621,2.2584,46.3985
8.64454,-8.31118,22.0945,-5.13324,-5.52059,39.0725,-3.83573,8.27509,44.2556,-2.41941,3.32059,46.044
9.04856,-10.2318,20.842,-5.91384,-6.18646,40.1633,-3.70284,9.06624,44.4114,-3.07288,4.15772,45.7398
8.88212,-11.2586,19.9869,-6.48226,-6.55599,41.5915,-3.63005,9.68425,45.1561,-3.34869,4.85334,45.392
5.26998,0.601985,30.0876,5.58116,0.703533,29.4785,-3.31576,6.00157,50.356,-3.41187,-5.64457,51.3989
1.55983,2.17826,40.676,2.1386,-0.83138,39.3606,-3.05283,6.22647,50.1821,-2.96584,-5.68367,50.3356
3.19567,1.36527,35.9363,3.48793,-0.383522,35.3359,-3.18859,6.16274,50.3163,-3.23986,-5.78755,50.9778
3.38424,1.22681,35.4909,3.59433,-0.419344,35.0936,-3.20877,6.158,50.3433,-3.28679,-5.83285,51.0891
3.37482,1.17382,35.5161,3.51525,-0.513576,35.3042,-3.21538,6.16212,50.361,-3.3058,-5.87883,51.1693
3.37775,1.12352,35.4942,3.45731,-0.589893,35.4549,-3.22415,6.16525,50.381,-3.3204,-5.92483,51.2558
3.38472,1.07888,35.46,3.4125,-0.65428,35.5792,-3.23424,6.16717,50.4001,-3.33015,-5.97079,51.342
3.39115,1.04066,35.4275,3.37463,-0.710261,35.6929,-3.245,6.16834,50.4202,-3.33525,-6.01657,51.4284
3.3969,1.00763,35.3959,3.34223,-0.759626,35.798,-3.25634,6.16887,50.44,-3.33654,-6.06234,51.514
3.40218,0.978986,35.3662,3.31432,-0.803513,35.8965,-3.26803,6.16912,50.4612,-3.33457,-6.10779,51.5994
3.407,0.953547,35.3374,3.2897,-0.84348,35.9899,-3.28002,6.16919,50.4818,-3.33022,-6.15306,51.6835
3.41147,0.930738,35.3103,3.26754,-0.880486,36.0801,-3.29206,6.16939,50.5032,-3.32378,-6.19797,51.7669
3.41568,0.909867,35.2854,3.2469,-0.915545,36.169,-3.30399,6.17005,50.5262,-3.31581,-6.24233,51.85
3.41963,0.89007,35.2619,3.22688,-0.949886,36.2576,-3.3157,6.17122,50.5494,-3.30678,-6.28631,51.932
3.42343,0.870922,35.2406,3.20665,-0.984287,36.3481,-3.32698,6.17347,50.5743,-3.29714,-6.3296,52.0137
3.42715,0.851134,35.2213,3.18522,-1.02027,36.4416,-3.33772,6.17637,50.5995,-3.28746,-6.37238,52.094
3.43079,0.830623,35.2046,3.16172,-1.05842,36.5403,-3.34771,6.18086,50.6268,-3.27809,-6.41426,52.174
3.43438,0.808498,35.191,3.13512,-1.09999,36.6459,-3.35677,6.18701,50.656,-3.26959,-6.45517,52.2533
3.43787,0.783854,35.1804,3.10418,-1.14634,36.7606,-3.36479,6.19512,50.6864,-3.26268,-6.49497,52.3314
3.44121,0.755886,35.1735,3.06759,-1.19878,36.8866,-3.37158,6.20557,50.7182,-3.25807,-6.53336,52.408
3.44428,0.723766,35.1711,3.02391,-1.25879,37.0267,-3.37693,6.21877,50.7516,-3.25644,-6.57004,52.4827
3.44684,0.686486,35.1742,2.97138,-1.32808,37.1841,-3.3807,6.23518,50.7865,-3.25875,-6.60463,52.5549
3.4486,0.642808,35.184,2.90792,-1.40876,37.3625,-3.38275,6.25522,50.8223,-3.26622,-6.6367,52.6236
3.44906,0.59129,35.202,2.83113,-1.50331,37.5661,-3.38299,6.27922,50.8584,-3.28016,-6.66595,52.6873
3.44746,0.53028,35.2309,2.73842,-1.61468,37.8001,-3.38133,6.3072,50.8952,-3.30189,-6.69217,52.7452
3.4426,0.456733,35.2734,2.62667,-1.74737,38.0698,-3.37805,6.33813,50.9306,-3.33352,-6.71619,52.7944
3.43266,0.366017,35.3339,2.49255,-1.90789,38.3821,-3.37367,6.36874,50.9645,-3.37669,-6.74072,52.8331
3.41555,0.245219,35.4149,2.32494,-2.11537,38.7707,-3.36904,6.3885,50.9942,-3.43233,-6.77509,52.8551
3.379,0.078634,35.5483,2.11445,-2.39645,39.2953,-3.36532,6.37441,51.02,-3.49932,-6.84356,52.856
-3.75981,8.96022,41.2056,9.28564,6.66928,33.6518,-9.18657,-1.27836,50.6004,1.92757,-14.5177,54.0283
-14.2615,21.4318,48.3964,13.2645,18.6275,30.0808,-16.5034,-13.9094,52.2285,8.85622,-26.5342,60.5996
-20.9082,23.7332,40.9415,14.7702,18.7341,30.5272,-19.9074,-18.6251,55.8431,12.492,-32.1314,68.7701
-17.6091,20.7649,34.7334,15.3423,18.9705,30.9809,-20.2733,-19.2979,57.1789,13.8149,-32.1876,72.3297
-13.6568,16.8625,27.6118,14.4836,18.0308,29.2978,-19.1157,-18.4074,56.6712,13.7705,-30.6145,72.7379
-12.5219,17.8356,27.6825,14.1278,17.65,28.6063,-16.6477,-16.8168,55.1709,13.3027,-27.927,71.1712
-10.3888,16.2794,24.5902,13.9494,17.3431,28.1622,-15.3018,-15.603,53.8892,12.63,-24.308,68.1751
-9.457,19.5954,27.7902,12.0936,15.4307,24.8666,-11.723,-12.3713,52.0497,10.6426,-17.0984,59.8109
-6.68779,20.8165,28.6496,11.1404,14.5857,23.3591,-9.46033,-8.55333,49.4871,8.99331,-14.3232,56.0663
-4.58068,15.97,32.1535,10.8458,14.9138,23.624,-9.04786,-5.86399,49.3893,8.60842,-12.1861,54.7945
-1.89246,7.35925,33.6454,9.94258,13.9039,22.7085,-8.11312,-2.05314,47.735,7.27111,-7.90316,52.2145
3.08639,0.643854,24.0163,3.09104,8.71118,37.9929,-6.828,-0.116414,46.6434,5.58143,-5.76238,50.474
4.92479,-2.2948,21.9733,-2.84356,1.61815,46.2565,-5.90818,1.80771,45.6104,3.83995,-3.7331,49.0999
5.95745,-2.96071,22.6063,-1.66156,-0.771294,36.3124,-5.3551,3.51549,44.7397,2.02077,-1.62637,48.0458
6.68617,-4.07776,22.8345,-2.45384,-2.21353,36.371,-4.91353,4.87817,44.2268,0.650529,-0.206556,47.4256
7.10505,-5.33686,22.2663,-3.23531,-3.23379,37.1701,-4.72643,5.84587,44.0768,-0.302897,0.732557,46.8452
7.96466,-6.64276,22.6526,-4.30904,-4.65046,38.0189,-4.13491,7.27378,44.0644,-1.60629,2.25843,46.3985
8.64462,-8.31139,22.0941,-5.13323,-5.52058,39.0726,-3.83571,8.27506,44.2556,-2.4195,3.32062,46.044
9.04862,-10.2319,20.8418,-5.91381,-6.18645,40.1634,-3.70279,9.06622,44.4115,-3.07297,4.15775,45.7398
8.88223,-11.2585,19.9868,-6.4822,-6.55602,41.5915,-3.62998,9.68423,45.1562,-3.34877,4.85342,45.3919
5.27,0.601969,30.0876,5.58117,0.703525,29.4785,-3.31575,6.00156,50.356,-3.41186,-5.64458,51.3989
1.55984,2.17825,40.676,2.1386,-0.831395,39.3606,-3.05282,6.22646,50.1821,-2.96584,-5.68368,50.3357
3.19568,1.36526,35.9363,3.48793,-0.383532,35.3359,-3.18859,6.16272,50.3163,-3.23986,-5.78756,50.9778
3.38425,1.2268,35.4909,3.59433,-0.419353,35.0936,-3.20877,6.15799,50.3433,-3.28678,-5.83286,51.0891
3.37483,1.17381,35.5161,3.51525,-0.513584,35.3042,-3.21538,6.16211,50.361,-3.30579,-5.87884,51.1694
3.37776,1.12352,35.4942,3.45731,-0.5899,35.4549,-3.22415,6.16524,50.381,-3.3204,-5.92484,51.2558
3.38472,1.07887,35.46,3.4125,-0.654287,35.5792,-3.23423,6.16716,50.4001,-3.33014,-5.97079,51.342
3.39115,1.04066,35.4275,3.37463,-0.710268,35.6929,-3.24499,6.16834,50.4202,-3.33524,-6.01658,51.4284
3.39691,1.00763,35.3959,3.34223,-0.759633,35.798,-3.25634,6.16886,50.44,-3.33654,-6.06234,51.514
3.40219,0.978979,35.3662,3.31432,-0.80352,35.8965,-3.26802,6.16911,50.4612,-3.33457,-6.1078,51.5995
3.40701,0.953541,35.3374,3.2897,-0.843487,35.9899,-3.28002,6.16918,50.4818,-3.33022,-6.15307,51.6835
3.41147,0.930731,35.3103,3.26753,-0.880493,36.0801,-3.29206,6.16938,50.5032,-3.32378,-6.19798,51.7669
3.41568,0.90986,35.2854,3.2469,-0.915552,36.169,-3.30399,6.17004,50.5262,-3.31581,-6.24234,51.85
3.41963,0.890063,35.2619,3.22688,-0.949893,36.2576,-3.3157,6.17122,50.5494,-3.30678,-6.28631,51.932
3.42344,0.870915,35.2406,3.20665,-0.984295,36.3481,-3.32698,6.17346,50.5742,-3.29714,-6.3296,52.0137
3.42715,0.851127,35.2213,3.18521,-1.02028,36.4416,-3.33772,6.17636,50.5995,-3.28745,-6.37238,52.094
3.4308,0.830615,35.2046,3.16172,-1.05843,36.5403,-3.3477,6.18085,50.6268,-3.27808,-6.41427,52.174
3.43438,0.80849,35.191,3.13512,-1.1,36.646,-3.35677,6.18701,50.656,-3.26959,-6.45517,52.2533
3.43787,0.783845,35.1804,3.10418,-1.14635,36.7606,-3.36479,6.19511,50.6863,-3.26268,-6.49497,52.3314
3.44122,0.755877,35.1735,3.06759,-1.19879,36.8866,-3.37157,6.20556,50.7182,-3.25807,-6.53337,52.408
3.44428,0.723758,35.1711,3.02391,-1.2588,37.0268,-3.37693,6.21876,50.7516,-3.25644,-6.57005,52.4827
3.44684,0.686478,35.1742,2.97138,-1.32809,37.1841,-3.38069,6.23516,50.7865,-3.25875,-6.60463,52.5549
3.4486,0.642801,35.184,2.90791,-1.40877,37.3625,-3.38275,6.25521,50.8223,-3.26622,-6.63671,52.6235
3.44906,0.591284,35.202,2.83113,-1.50332,37.5661,-3.38299,6.2792,50.8584,-3.28016,-6.66596,52.6873
3.44745,0.530274,35.2309,2.73841,-1.61469,37.8001,-3.38133,6.30719,50.8952,-3.30189,-6.69218,52.7452
3.44259,0.456729,35.2734,2.62666,-1.74738,38.0698,-3.37805,6.33811,50.9306,-3.33352,-6.71621,52.7944
3.43265,0.366015,35.3339,2.49254,-1.9079,38.3821,-3.37367,6.36872,50.9645,-3.37669,-6.74074,52.8331
3.41554,0.24522,35.4149,2.32494,-2.11538,38.7707,-3.36905,6.38848,50.9942,-3.43233,-6.77511,52.8551
3.37899,0.0786404,35.5483,2.11445,-2.39646,39.2953,-3.36532,6.37439,51.02,-3.49931,-6.84357,52.856
-3.75984,8.96025,41.2056,9.28564,6.66929,33.6518,-9.18658,-1.2784,50.6004,1.92758,-14.5177,54.0283
-14.2616,21.432,48.3963,13.2645,18.6275,30.0807,-16.5034,-13.9095,52.2285,8.85623,-26.5343,60.5996
-20.9084,23.7325,40.9407,14.7703,18.734,30.5271,-19.9075,-18.6253,55.8432,12.492,-32.1315,68.7701
-17.608,20.7645,34.732,15.3423,18.9705,30.9809,-20.2733,-19.298,57.1788,13.8149,-32.1876,72.3297
-13.6567,16.8629,27.6121,14.4836,18.0309,29.2978,-19.1157,-18.4074,56.6711,13.7705,-30.6146,72.7379
-12.5223,17.8363,27.6835,14.1278,17.6501,28.6063,-16.6477,-16.8168,55.1708,13.3028,-27.927,71.1713
-10.3892,16.28,24.5911,13.9494,17.3432,28.1622,-15.3017,-15.603,53.8892,12.63,-24.308,68.1751
-9.45739,19.596,27.791,12.0935,15.4307,24.8666,-11.723,-12.3713,52.0496,10.6427,-17.0984,59.811
-6.68808,20.8168,28.6502,11.1404,14.5858,23.3591,-9.46029,-8.55333,49.4871,8.99333,-14.3232,56.0663
-4.58092,15.9695,32.1544,10.8458,14.9138,23.624,-9.04783,-5.86399,49.3893,8.60843,-12.1861,54.7945
-1.89222,7.35895,33.6447,9.9426,13.9039,22.7084,-8.11312,-2.05318,47.735,7.2711,-7.90317,52.2145
3.08639,0.643946,24.0162,3.09153,8.71158,37.9917,-6.82801,-0.116455,46.6434,5.5814,-5.76238,50.474
4.92476,-2.29479,21.9733,-2.8437,1.61822,46.2572,-5.90815,1.80768,45.6104,3.83994,-3.7331,49.0999
5.95743,-2.96066,22.6063,-1.66156,-0.771274,36.3124,-5.35507,3.51547,44.7397,2.02076,-1.62636,48.0458
6.68615,-4.07771,22.8345,-2.45383,-2.21352,36.371,-4.91351,4.87816,44.2269,0.650508,-0.206546,47.4256
7.10504,-5.33683,22.2663,-3.2353,-3.23378,37.1701,-4.72641,5.84587,44.0769,-0.30292,0.73257,46.8452
7.96467,-6.64277,22.6525,-4.30903,-4.65045,38.0189,-4.1349,7.27377,44.0644,-1.60632,2.25845,46.3985
8.64465,-8.31148,22.0939,-5.13322,-5.52057,39.0727,-3.8357,8.27505,44.2557,-2.41953,3.32064,46.044
9.04864,-10.2319,20.8417,-5.9138,-6.18645,40.1634,-3.70278,9.06622,44.4115,-3.073,4.15777,45.7398
8.88227,-11.2585,19.9868,-6.48218,-6.55603,41.5915,-3.62996,9.68423,45.1562,-3.34879,4.85345,45.3918
5.27,0.601963,30.0876,5.58117,0.703523,29.4785,-3.31575,6.00156,50.356,-3.41186,-5.64459,51.399
1.55984,2.17825,40.676,2.1386,-0.8314,39.3606,-3.05282,6.22645,50.1821,-2.96584,-5.68368,50.3357
3.19568,1.36526,35.9363,3.48793,-0.383535,35.3359,-3.18859,6.16272,50.3163,-3.23986,-5.78757,50.9778
3.38425,1.22679,35.4909,3.59433,-0.419355,35.0936,-3.20876,6.15799,50.3433,-3.28678,-5.83286,51.0891
3.37483,1.17381,35.5161,3.51525,-0.513587,35.3042,-3.21538,6.16211,50.361,-3.30579,-5.87884,51.1694
3.37776,1.12351,35.4942,3.45731,-0.589903,35.4549,-3.22415,6.16524,50.381,-3.32039,-5.92484,51.2558
3.38473,1.07887,35.46,3.4125,-0.654289,35.5792,-3.23423,6.16716,50.4001,-3.33014,-5.9708,51.342
3.39116,1.04065,35.4275,3.37463,-0.71027,35.6929,-3.24499,6.16833,50.4202,-3.33524,-6.01658,51.4284
3.39691,1.00762,35.3959,3.34223,-0.759635,35.798,-3.25634,6.16886,50.44,-3.33654,-6.06235,51.514
3.40219,0.978977,35.3662,3.31432,-0.803522,35.8965,-3.26802,6.16911,50.4612,-3.33456,-6.1078,51.5995
3.40701,0.953539,35.3374,3.2897,-0.843489,35.9899,-3.28002,6.16918,50.4818,-3.33021,-6.15307,51.6835
3.41147,0.930729,35.3103,3.26753,-0.880495,36.0801,-3.29205,6.16938,50.5032,-3.32378,-6.19798,51.7669
3.41568,0.909858,35.2854,3.24689,-0.915554,36.169,-3.30399,6.17004,50.5262,-3.31581,-6.24234,51.85
3.41963,0.890061,35.2619,3.22688,-0.949896,36.2577,-3.3157,6.17121,50.5494,-3.30677,-6.28632,51.932
3.42344,0.870912,35.2406,3.20665,-0.984297,36.3481,-3.32698,6.17346,50.5742,-3.29714,-6.32961,52.0137
3.42715,0.851124,35.2213,3.18521,-1.02029,36.4416,-3.33772,6.17636,50.5995,-3.28745,-6.37239,52.094
3.4308,0.830613,35.2046,3.16172,-1.05843,36.5403,-3.3477,6.18084,50.6268,-3.27808,-6.41427,52.174
3.43438,0.808488,35.191,3.13512,-1.1,36.646,-3.35677,6.187,50.656,-3.26959,-6.45518,52.2533
3.43787,0.783843,35.1804,3.10417,-1.14635,36.7606,-3.36478,6.19511,50.6863,-3.26268,-6.49498,52.3314
3.44122,0.755875,35.1735,3.06759,-1.19879,36.8866,-3.37157,6.20556,50.7182,-3.25807,-6.53337,52.408
3.44428,0.723756,35.1711,3.02391,-1.2588,37.0268,-3.37693,6.21876,50.7516,-3.25644,-6.57005,52.4827
3.44684,0.686476,35.1742,2.97138,-1.3281,37.1841,-3.38069,6.23516,50.7865,-3.25875,-6.60464,52.5549
3.4486,0.642799,35.184,2.90791,-1.40877,37.3625,-3.38275,6.2552,50.8223,-3.26622,-6.63671,52.6235
3.44906,0.591282,35.202,2.83112,-1.50332,37.5661,-3.38299,6.2792,50.8584,-3.28016,-6.66596,52.6873
3.44745,0.530274,35.2309,2.73841,-1.6147,37.8001,-3.38133,6.30718,50.8952,-3.30189,-6.69219,52.7452
3.44259,0.456729,35.2735,2.62666,-1.74738,38.0698,-3.37805,6.3381,50.9306,-3.33352,-6.71621,52.7944
3.43264,0.366016,35.3339,2.49254,-1.9079,38.3821,-3.37367,6.36871,50.9644,-3.37669,-6.74074,52.833
3.41553,0.245222,35.4149,2.32493,-2.11538,38.7707,-3.36905,6.38847,50.9942,-3.43233,-6.77511,52.8551
3.37898,0.0786454,35.5483,2.11445,-2.39646,39.2953,-3.36532,6.37439,51.02,-3.49931,-6.84357,52.856
-3.75985,8.96026,41.2057,9.28564,6.66929,33.6518,-9.18658,-1.27841,50.6004,1.92758,-14.5177,54.0283
-14.2616,21.432,48.3962,13.2645,18.6275,30.0807,-16.5034,-13.9095,52.2285,8.85623,-26.5343,60.5996
-20.9085,23.7323,40.9405,14.7703,18.7339,30.527,-19.9075,-18.6253,55.8432,12.492,-32.1316,68.77
-17.6077,20.7644,34.7316,15.3423,18.9705,30.9809,-20.2733,-19.298,57.1788,13.8149,-32.1876,72.3296
-13.6567,16.8631,27.6122,14.4836,18.0309,29.2978,-19.1157,-18.4074,56.6711,13.7705,-30.6146,72.7379
-12.5224,17.8365,27.6838,14.1277,17.6501,28.6064,-16.6477,-16.8168,55.1708,13.3028,-27.927,71.1713
-10.3894,16.2802,24.5914,13.9493,17.3432,28.1622,-15.3017,-15.603,53.8892,12.63,-24.308,68.1751
-9.45753,19.5961,27.7913,12.0935,15.4307,24.8666,-11.723,-12.3713,52.0496,10.6427,-17.0985,59.811
-6.68819,20.8169,28.6504,11.1404,14.5858,23.3591,-9.46028,-8.55333,49.4871,8.99334,-14.3232,56.0663
-4.58101,15.9693,32.1547,10.8458,14.9138,23.624,-9.04782,-5.86399,49.3893,8.60843,-12.186,54.7945
-1.89214,7.35885,33.6444,9.94261,13.9039,22.7083,-8.11312,-2.0532,47.735,7.2711,-7.90317,52.2145
3.08639,0.64398,24.0162,3.0917,8.71172,37.9913,-6.82801,-0.116469,46.6434,5.58139,-5.76237,50.474
4.92475,-2.29478,21.9734,-2.84376,1.61825,46.2574,-5.90814,1.80767,45.6104,3.83994,-3.73311,49.0999
5.95742,-2.96065,22.6063,-1.66156,-0.771266,36.3124,-5.35506,3.51547,44.7397,2.02076,-1.62636,48.0458
6.68614,-4.07769,22.8345,-2.45382,-2.21351,36.371,-4.9135,4.87816,44.2269,0.650501,-0.206542,47.4256
7.10504,-5.33681,22.2663,-3.23529,-3.23377,37.1701,-4.7264,5.84586,44.0769,-0.302928,0.732576,46.8452
7.96468,-6.64278,22.6525,-4.30903,-4.65044,38.0189,-4.13489,7.27377,44.0644,-1.60633,2.25845,46.3984
8.64467,-8.31151,22.0939,-5.13322,-5.52057,39.0727,-3.8357,8.27505,44.2557,-2.41954,3.32065,46.044
9.04865,-10.2319,20.8417,-5.91379,-6.18645,40.1634,-3.70277,9.06622,44.4115,-3.07301,4.15777,45.7398
8.88228,-11.2585,19.9868,-6.48217,-6.55603,41.5915,-3.62994,9.68423,45.1562,-3.3488,4.85346,45.3918
5.27,0.601961,30.0876,5.58117,0.703523,29.4785,-3.31575,6.00156,50.356,-3.41186,-5.64459,51.399
1.55984,2.17825,40.676,2.1386,-0.831401,39.3606,-3.05282,6.22645,50.1821,-2.96584,-5.68368,50.3357
3.19568,1.36526,35.9363,3.48793,-0.383536,35.3359,-3.18859,6.16272,50.3163,-3.23986,-5.78757,50.9778
3.38425,1.22679,35.4909,3.59433,-0.419356,35.0936,-3.20876,6.15799,50.3433,-3.28678,-5.83286,51.0891
3.37483,1.17381,35.5161,3.51525,-0.513588,35.3042,-3.21538,6.16211,50.361,-3.30579,-5.87885,51.1694
3.37776,1.12351,35.4942,3.45731,-0.589903,35.4549,-3.22415,6.16524,50.381,-3.32039,-5.92484,51.2558
3.38473,1.07887,35.46,3.4125,-0.65429,35.5792,-3.23423,6.16715,50.4001,-3.33014,-5.9708,51.342
3.39116,1.04065,35.4275,3.37463,-0.71027,35.6929,-3.24499,6.16833,50.4202,-3.33524,-6.01659,51.4284
3.39691,1.00762,35.3959,3.34223,-0.759636,35.798,-3.25634,6.16885,50.44,-3.33654,-6.06235,51.514
3.40219,0.978977,35.3662,3.31432,-0.803523,35.8965,-3.26802,6.16911,50.4612,-3.33456,-6.1078,51.5995
3.40701,0.953538,35.3374,3.2897,-0.84349,35.9899,-3.28002,6.16917,50.4818,-3.33021,-6.15307,51.6835
3.41147,0.930728,35.3103,3.26753,-0.880496,36.0801,-3.29205,6.16937,50.5032,-3.32378,-6.19798,51.7669
3.41568,0.909857,35.2854,3.24689,-0.915555,36.169,-3.30399,6.17004,50.5262,-3.31581,-6.24234,51.85
3.41963,0.890061,35.2619,3.22688,-0.949896,36.2577,-3.3157,6.17121,50.5494,-3.30677,-6.28632,51.932
3.42344,0.870912,35.2406,3.20664,-0.984298,36.3481,-3.32698,6.17346,50.5742,-3.29714,-6.32961,52.0137
3.42715,0.851124,35.2213,3.18521,-1.02029,36.4416,-3.33772,6.17636,50.5995,-3.28745,-6.37239,52.094
3.4308,0.830612,35.2046,3.16172,-1.05843,36.5403,-3.3477,6.18084,50.6268,-3.27808,-6.41427,52.174
3.43438,0.808487,35.191,3.13512,-1.1,36.646,-3.35677,6.187,50.656,-3.26959,-6.45518,52.2533
3.43787,0.783842,35.1804,3.10417,-1.14635,36.7606,-3.36478,6.19511,50.6863,-3.26268,-6.49498,52.3314
3.44122,0.755874,35.1735,3.06759,-1.1988,36.8866,-3.37157,6.20555,50.7182,-3.25807,-6.53338,52.408
3.44428,0.723755,35.1711,3.02391,-1.2588,37.0268,-3.37693,6.21876,50.7516,-3.25644,-6.57006,52.4827
3.44684,0.686475,35.1742,2.97138,-1.3281,37.1841,-3.38069,6.23516,50.7865,-3.25875,-6.60464,52.5549
3.4486,0.642799,35.184,2.90791,-1.40877,37.3625,-3.38275,6.2552,50.8223,-3.26622,-6.63671,52.6235
3.44905,0.591282,35.202,2.83112,-1.50333,37.5661,-3.38299,6.2792,50.8584,-3.28016,-6.66596,52.6873
3.44745,0.530274,35.2309,2.73841,-1.6147,37.8001,-3.38133,6.30718,50.8952,-3.30189,-6.69219,52.7452
3.44259,0.45673,35.2735,2.62666,-1.74738,38.0698,-3.37805,6.3381,50.9306,-3.33352,-6.71621,52.7944
3.43264,0.366017,35.3339,2.49254,-1.9079,38.3821,-3.37367,6.36871,50.9644,-3.37669,-6.74074,52.833
3.41553,0.245224,35.4149,2.32493,-2.11538,38.7707,-3.36905,6.38847,50.9942,-3.43233,-6.77511,52.8551
3.37898,0.0786482,35.5483,2.11445,-2.39646,39.2953,-3.36532,6.37438,51.0199,-3.49931,-6.84358,52.856
-3.75986,8.96026,41.2057,9.28564,6.66929,33.6518,-9.18659,-1.27842,50.6004,1.92758,-14.5177,54.0283
-14.2616,21.432,48.3962,13.2645,18.6275,30.0807,-16.5034,-13.9095,52.2285,8.85623,-26.5343,60.5996
-20.9085,23.7323,40.9404,14.7703,18.7339,30.527,-19.9075,-18.6253,55.8432,12.492,-32.1316,68.77
-17.6075,20.7643,34.7314,15.3423,18.9705,30.9809,-20.2734,-19.2981,57.1788,13.8149,-32.1877,72.3296
-13.6567,16.8631,27.6122,14.4836,18.0309,29.2979,-19.1157,-18.4075,56.6711,13.7705,-30.6146,72.7379
-12.5224,17.8366,27.6839,14.1277,17.6501,28.6064,-16.6477,-16.8169,55.1708,13.3028,-27.927,71.1713
-10.3894,16.2803,24.5916,13.9493,17.3432,28.1622,-15.3017,-15.603,53.8892,12.6301,-24.308,68.1751
-9.45757,19.5962,27.7914,12.0935,15.4307,24.8666,-11.723,-12.3713,52.0496,10.6427,-17.0985,59.811
-6.68822,20.817,28.6505,11.1404,14.5858,23.3591,-9.46028,-8.55333,49.4871,8.99334,-14.3232,56.0663
-4.58104,15.9693,32.1548,10.8458,14.9138,23.624,-9.04782,-5.86399,49.3893,8.60843,-12.186,54.7945
-1.89211,7.35882,33.6443,9.94261,13.9039,22.7083,-8.11312,-2.0532,47.735,7.2711,-7.90318,52.2145
3.08638,0.643993,24.0162,3.09176,8.71177,37.9912,-6.82801,-0.116475,46.6434,5.58139,-5.76237,50.474
4.92475,-2.29478,21.9734,-2.84377,1.61826,46.2575,-5.90814,1.80767,45.6104,3.83994,-3.73311,49.0999
5.95742,-2.96064,22.6063,-1.66156,-0.771262,36.3124,-5.35506,3.51547,44.7397,2.02075,-1.62636,48.0458
6.68614,-4.07769,22.8345,-2.45382,-2.21351,36.371,-4.9135,4.87815,44.2269,0.650499,-0.20654,47.4256
7.10504,-5.33681,22.2663,-3.23529,-3.23377,37.1701,-4.7264,5.84586,44.0769,-0.302931,0.732578,46.8452
7.96467,-6.64278,22.6525,-4.30903,-4.65044,38.0189,-4.13489,7.27377,44.0644,-1.60633,2.25846,46.3984
8.64468,-8.31153,22.0939,-5.13322,-5.52057,39.0727,-3.8357,8.27505,44.2557,-2.41955,3.32065,46.0439
9.04866,-10.2319,20.8416,-5.91379,-6.18645,40.1634,-3.70277,9.06622,44.4115,-3.07301,4.15778,45.7398
8.88229,-11.2585,19.9868,-6.48217,-6.55603,41.5915,-3.62994,9.68423,45.1562,-3.34881,4.85347,45.3918
5.27,0.601962,30.0876,5.58117,0.703523,29.4785,-3.31575,6.00156,50.356,-3.41186,-5.64459,51.399
1.55984,2.17825,40.676,2.1386,-0.831401,39.3606,-3.05282,6.22645,50.1821,-2.96584,-5.68368,50.3357
3.19568,1.36526,35.9363,3.48793,-0.383536,35.3359,-3.18859,6.16272,50.3163,-3.23986,-5.78757,50.9778
3.38425,1.22679,35.4909,3.59433,-0.419356,35.0936,-3.20876,6.15799,50.3433,-3.28678,-5.83286,51.0891
3.37483,1.17381,35.5161,3.51525,-0.513587,35.3042,-3.21538,6.16211,50.361,-3.30579,-5.87885,51.1694
3.37776,1.12351,35.4942,3.45731,-0.589903,35.4549,-3.22415,6.16524,50.381,-3.32039,-5.92484,51.2558
3.38473,1.07887,35.46,3.4125,-0.65429,35.5792,-3.23423,6.16715,50.4001,-3.33014,-5.9708,51.342
3.39116,1.04065,35.4275,3.37463,-0.71027,35.6929,-3.24499,6.16833,50.4202,-3.33524,-6.01658,51.4284
3.39691,1.00762,35.3959,3.34223,-0.759635,35.798,-3.25634,6.16886,50.44,-3.33654,-6.06235,51.514
3.40219,0.978977,35.3662,3.31432,-0.803522,35.8965,-3.26802,6.16911,50.4612,-3.33456,-6.1078,51.5995
3.40701,0.953538,35.3374,3.2897,-0.84349,35.9899,-3.28002,6.16917,50.4818,-3.33021,-6.15307,51.6835
3.41147,0.930729,35.3103,3.26753,-0.880496,36.0801,-3.29205,6.16938,50.5032,-3.32378,-6.19798,51.7669
3.41568,0.909858,35.2854,3.24689,-0.915555,36.169,-3.30399,6.17004,50.5262,-3.31581,-6.24234,51.85
3.41963,0.890061,35.2619,3.22688,-0.949896,36.2577,-3.3157,6.17121,50.5494,-3.30677,-6.28632,51.932
3.42344,0.870912,35.2406,3.20665,-0.984298,36.3481,-3.32698,6.17346,50.5742,-3.29714,-6.32961,52.0137
3.42715,0.851124,35.2213,3.18521,-1.02029,36.4416,-3.33772,6.17636,50.5995,-3.28745,-6.37239,52.094
3.4308,0.830613,35.2046,3.16172,-1.05843,36.5403,-3.3477,6.18084,50.6268,-3.27808,-6.41427,52.174
3.43438,0.808487,35.191,3.13512,-1.1,36.646,-3.35677,6.187,50.656,-3.26959,-6.45518,52.2533
3.43787,0.783843,35.1804,3.10417,-1.14635,36.7606,-3.36478,6.19511,50.6863,-3.26268,-6.49498,52.3314
3.44122,0.755875,35.1735,3.06759,-1.19879,36.8866,-3.37157,6.20556,50.7182,-3.25807,-6.53338,52.408
3.44428,0.723756,35.1711,3.02391,-1.2588,37.0268,-3.37693,6.21876,50.7516,-3.25644,-6.57006,52.4827
3.44684,0.686475,35.1742,2.97138,-1.3281,37.1841,-3.38069,6.23516,50.7865,-3.25875,-6.60464,52.5549
3.4486,0.642799,35.184,2.90791,-1.40877,37.3625,-3.38275,6.2552,50.8223,-3.26622,-6.63671,52.6235
3.44906,0.591282,35.202,2.83112,-1.50332,37.5661,-3.38299,6.2792,50.8584,-3.28016,-6.66596,52.6873
3.44745,0.530274,35.2309,2.73841,-1.6147,37.8001,-3.38133,6.30718,50.8952,-3.30189,-6.69219,52.7452
3.44259,0.45673,35.2735,2.62666,-1.74738,38.0698,-3.37805,6.3381,50.9306,-3.33352,-6.71621,52.7944
3.43264,0.366017,35.3339,2.49254,-1.9079,38.3821,-3.37367,6.36871,50.9644,-3.37669,-6.74074,52.833
3.41553,0.245223,35.4149,2.32493,-2.11538,38.7707,-3.36905,6.38847,50.9942,-3.43233,-6.77511,52.8551
3.37898,0.0786468,35.5483,2.11445,-2.39646,39.2953,-3.36532,6.37438,51.0199,-3.49931,-6.84358,52.856
-3.75985,8.96026,41.2057,9.28564,6.66929,33.6518,-9.18658,-1.27841,50.6004,1.92758,-14.5177,54.0283
-14.2616,21.432,48.3962,13.2645,18.6275,30.0807,-16.5034,-13.9095,52.2285,8.85623,-26.5343,60.5996
-20.9085,23.7323,40.9404,14.7703,18.7339,30.527,-19.9075,-18.6253,55.8432,12.492,-32.1316,68.77
-17.6076,20.7643,34.7315,15.3423,18.9705,30.9809,-20.2733,-19.2981,57.1788,13.8149,-32.1876,72.3296
-13.6567,16.8631,27.6122,14.4836,18.0309,29.2979,-19.1157,-18.4075,56.6711,13.7705,-30.6146,72.7379
-12.5224,17.8366,27.6838,14.1277,17.6501,28.6064,-16.6477,-16.8168,55.1708,13.3028,-27.927,71.1713
-10.3894,16.2802,24.5915,13.9493,17.3432,28.1622,-15.3017,-15.603,53.8892,12.6301,-24.308,68.1751
-9.45755,19.5962,27.7914,12.0935,15.4307,24.8666,-11.723,-12.3713,52.0496,10.6427,-17.0985,59.811
-6.6882,20.8169,28.6505,11.1404,14.5858,23.3591,-9.46028,-8.55333,49.4871,8.99334,-14.3232,56.0663
-4.58103,15.9693,32.1547,10.8458,14.9138,23.624,-9.04782,-5.86399,49.3893,8.60843,-12.186,54.7945
-1.89213,7.35883,33.6444,9.9426,13.9039,22.7083,-8.11312,-2.0532,47.735,7.2711,-7.90318,52.2145
3.08639,0.643987,24.0162,3.09173,8.71175,37.9913,-6.82801,-0.116472,46.6434,5.58139,-5.76237,50.474
4.92475,-2.29478,21.9734,-2.84377,1.61825,46.2575,-5.90814,1.80767,45.6104,3.83994,-3.73311,49.0999
5.95742,-2.96065,22.6063,-1.66156,-0.771264,36.3124,-5.35506,3.51547,44.7397,2.02076,-1.62636,48.0458
6.68614,-4.07769,22.8345,-2.45382,-2.21351,36.371,-4.9135,4.87816,44.2269,0.6505,-0.206541,47.4256
7.10504,-5.33681,22.2663,-3.23529,-3.23377,37.1701,-4.7264,5.84586,44.0769,-0.30293,0.732577,46.8452
7.96467,-6.64278,22.6525,-4.30903,-4.65044,38.0189,-4.13489,7.27377,44.0644,-1.60633,2.25846,46.3984
8.64467,-8.31152,22.0939,-5.13322,-5.52057,39.0727,-3.8357,8.27505,44.2557,-2.41954,3.32065,46.0439
9.04865,-10.2319,20.8417,-5.91379,-6.18645,40.1634,-3.70277,9.06622,44.4115,-3.07301,4.15777,45.7398
8.88229,-11.2585,19.9868,-6.48217,-6.55603,41.5915,-3.62994,9.68423,45.1562,-3.3488,4.85347,45.3918
5.27,0.601963,30.0876,5.58117,0.703523,29.4785,-3.31575,6.00156,50.356,-3.41186,-5.64459,51.399
1.55984,2.17825,40.676,2.1386,-0.8314,39.3606,-3.05282,6.22645,50.1821,-2.96584,-5.68368,50.3357
3.19568,1.36526,35.9363,3.48793,-0.383535,35.3359,-3.18859,6.16272,50.3163,-3.23986,-5.78757,50.9778
3.38425,1.22679,35.4909,3.59433,-0.419356,35.0936,-3.20876,6.15799,50.3433,-3.28678,-5.83286,51.0891
3.37483,1.17381,35.5161,3.51525,-0.513587,35.3042,-3.21538,6.16211,50.361,-3.30579,-5.87884,51.1694
3.37776,1.12351,35.4942,3.45731,-0.589903,35.4549,-3.22415,6.16524,50.381,-3.32039,-5.92484,51.2558
3.38473,1.07887,35.46,3.4125,-0.65429,35.5792,-3.23423,6.16715,50.4001,-3.33014,-5.9708,51.342
3.39116,1.04065,35.4275,3.37463,-0.71027,35.6929,-3.24499,6.16833,50.4202,-3.33524,-6.01658,51.4284
3.39691,1.00762,35.3959,3.34223,-0.759635,35.798,-3.25634,6.16886,50.44,-3.33654,-6.06235,51.514
3.40219,0.978977,35.3662,3.31432,-0.803522,35.8965,-3.26802,6.16911,50.4612,-3.33456,-6.1078,51.5995
3.40701,0.953538,35.3374,3.2897,-0.843489,35.9899,-3.28002,6.16918,50.4818,-3.33021,-6.15307,51.6835
3.41147,0.930729,35.3103,3.26753,-0.880496,36.0801,-3.29205,6.16938,50.5032,-3.32378,-6.19798,51.7669
3.41568,0.909858,35.2854,3.24689,-0.915554,36.169,-3.30399,6.17004,50.5262,-3.31581,-6.24234,51.85
3.41963,0.890061,35.2619,3.22688,-0.949896,36.2577,-3.3157,6.17121,50.5494,-3.30677,-6.28632,51.932
3.42344,0.870912,35.2406,3.20665,-0.984297,36.3481,-3.32698,6.17346,50.5742,-3.29714,-6.32961,52.0137
3.42715,0.851124,35.2213,3.18521,-1.02029,36.4416,-3.33772,6.17636,50.5995,-3.28745,-6.37239,52.094
3.4308,0.830613,35.2046,3.16172,-1.05843,36.5403,-3.3477,6.18084,50.6268,-3.27808,-6.41427,52.174
3.43438,0.808487,35.191,3.13512,-1.1,36.646,-3.35677,6.187,50.656,-3.26959,-6.45518,52.2533
3.43787,0.783843,35.1804,3.10417,-1.14635,36.7606,-3.36478,6.19511,50.6863,-3.26268,-6.49498,52.3314
3.44122,0.755875,35.1735,3.06759,-1.19879,36.8866,-3.37157,6.20556,50.7182,-3.25807,-6.53337,52.408
3.44428,0.723756,35.1711,3.02391,-1.2588,37.0268,-3.37693,6.21876,50.7516,-3.25644,-6.57006,52.4827
3.44684,0.686476,35.1742,2.97138,-1.3281,37.1841,-3.38069,6.23516,50.7865,-3.25875,-6.60464,52.5549
3.4486,0.642799,35.184,2.90791,-1.40877,37.3625,-3.38275,6.2552,50.8223,-3.26622,-6.63671,52.6235
3.44906,0.591282,35.202,2.83112,-1.50332,37.5661,-3.38299,6.2792,50.8584,-3.28016,-6.66596,52.6873
3.44745,0.530274,35.2309,2.73841,-1.6147,37.8001,-3.38133,6.30718,50.8952,-3.30189,-6.69219,52.7452
3.44259,0.456729,35.2735,2.62666,-1.74738,38.0698,-3.37805,6.3381,50.9306,-3.33352,-6.71621,52.7944
3.43264,0.366016,35.3339,2.49254,-1.9079,38.3821,-3.37367,6.36871,50.9644,-3.37669,-6.74074,52.833
3.41553,0.245223,35.4149,2.32493,-2.11538,38.7707,-3.36905,6.38847,50.9942,-3.43233,-6.77511,52.8551
3.37898,0.0786461,35.5483,2.11445,-2.39646,39.2953,-3.36532,6.37439,51.0199,-3.49931,-6.84357,52.856
-3.75985,8.96026,41.2057,9.28564,6.66929,33.6518,-9.18658,-1.27841,50.6004,1.92758,-14.5177,54.0283
-14.2616,21.432,48.3962,13.2645,18.6275,30.0807,-16.5034,-13.9095,52.2285,8.85623,-26.5343,60.5996
-20.9085,23.7323,40.9404,14.7703,18.7339,30.527,-19.9075,-18.6253,55.8432,12.492,-32.1316,68.77
-17.6076,20.7643,34.7315,15.3423,18.9705,30.9809,-20.2733,-19.2981,57.1788,13.8149,-32.1876,72.3296
-13.6567,16.8631,27.6122,14.4836,18.0309,29.2979,-19.1157,-18.4075,56.6711,13.7705,-30.6146,72.7379
-12.5224,17.8365,27.6838,14.1277,17.6501,28.6064,-16.6477,-16.8168,55.1708,13.3028,-27.927,71.1713
-10.3894,16.2802,24.5915,13.9493,17.3432,28.1622,-15.3017,-15.603,53.8892,12.6301,-24.308,68.1751
-9.45754,19.5961,27.7913,12.0935,15.4307,24.8666,-11.723,-12.3713,52.0496,10.6427,-17.0985,59.811
-6.68819,20.8169,28.6504,11.1404,14.5858,23.3591,-9.46028,-8.55333,49.4871,8.99334,-14.3232,56.0663
-4.58102,15.9693,32.1547,10.8458,14.9138,23.624,-9.04782,-5.86399,49.3893,8.60843,-12.186,54.7945
-1.89213,7.35884,33.6444,9.9426,13.9039,22.7083,-8.11312,-2.0532,47.735,7.2711,-7.90317,52.2145
3.08639,0.643984,24.0162,3.09172,8.71173,37.9913,-6.82801,-0.116471,46.6434,5.58139,-5.76237,50.474
4.92475,-2.29478,21.9734,-2.84376,1.61825,46.2574,-5.90814,1.80767,45.6104,3.83994,-3.73311,49.0999
5.95742,-2.96065,22.6063,-1.66156,-0.771265,36.3124,-5.35506,3.51547,44.7397,2.02075,-1.62636,48.0458
6.68614,-4.07769,22.8345,-2.45382,-2.21351,36.371,-4.9135,4.87816,44.2269,0.650501,-0.206541,47.4256
7.10504,-5.33681,22.2663,-3.23529,-3.23377,37.1701,-4.7264,5.84586,44.0769,-0.302929,0.732576,46.8452
7.96467,-6.64278,22.6525,-4.30903,-4.65045,38.0189,-4.13489,7.27377,44.0644,-1.60633,2.25845,46.3984
8.64467,-8.31152,22.0939,-5.13322,-5.52057,39.0727,-3.8357,8.27505,44.2557,-2.41954,3.32065,46.044
9.04865,-10.2319,20.8417,-5.91379,-6.18645,40.1634,-3.70277,9.06622,44.4115,-3.07301,4.15777,45.7398
8.88228,-11.2585,19.9868,-6.48217,-6.55603,41.5915,-3.62994,9.68423,45.1562,-3.3488,4.85346,45.3918
5.27,0.601961,30.0876,5.58117,0.703523,29.4785,-3.31575,6.00156,50.356,-3.41186,-5.64459,51.399
1.55984,2.17825,40.676,2.1386,-0.831402,39.3606,-3.05282,6.22645,50.1821,-2.96584,-5.68368,50.3357
3.19568,1.36526,35.9363,3.48793,-0.383536,35.3359,-3.18859,6.16272,50.3163,-3.23986,-5.78757,50.9778
3.38425,1.22679,35.4909,3.59433,-0.419356,35.0936,-3.20876,6.15799,50.3433,-3.28678,-5.83286,51.0891
3.37483,1.17381,35.5161,3.51525,-0.513588,35.3042,-3.21538,6.16211,50.361,-3.30579,-5.87885,51.1694
3.37776,1.12351,35.4942,3.45731,-0.589903,35.4549,-3.22415,6.16524,50.381,-3.32039,-5.92484,51.2558
3.38473,1.07887,35.46,3.4125,-0.65429,35.5792,-3.23423,6.16715,50.4001,-3.33014,-5.9708,51.342
3.39116,1.04065,35.4275,3.37463,-0.71027,35.6929,-3.24499,6.16833,50.4202,-3.33524,-6.01659,51.4284
3.39691,1.00762,35.3959,3.34223,-0.759636,35.798,-3.25634,6.16885,50.44,-3.33654,-6.06235,51.514
3.40219,0.978977,35.3662,3.31432,-0.803523,35.8965,-3.26802,6.16911,50.4612,-3.33456,-6.1078,51.5995
3.40701,0.953538,35.3374,3.2897,-0.84349,35.9899,-3.28002,6.16917,50.4818,-3.33021,-6.15307,51.6835
3.41147,0.930728,35.3103,3.26753,-0.880496,36.0801,-3.29205,6.16937,50.5032,-3.32378,-6.19798,51.7669
3.41568,0.909857,35.2854,3.24689,-0.915555,36.169,-3.30399,6.17004,50.5262,-3.31581,-6.24234,51.85
3.41963,0.89006,35.2619,3.22688,-0.949896,36.2577,-3.3157,6.17121,50.5494,-3.30677,-6.28632,51.932
3.42344,0.870912,35.2406,3.20664,-0.984298,36.3481,-3.32698,6.17346,50.5742,-3.29714,-6.32961,52.0137
3.42715,0.851124,35.2213,3.18521,-1.02029,36.4416,-3.33772,6.17636,50.5995,-3.28745,-6.37239,52.094
3.4308,0.830612,35.2046,3.16172,-1.05843,36.5403,-3.3477,6.18084,50.6268,-3.27808,-6.41427,52.174
3.43438,0.808487,35.191,3.13512,-1.1,36.646,-3.35677,6.187,50.656,-3.26959,-6.45518,52.2533
3.43787,0.783842,35.1804,3.10417,-1.14635,36.7606,-3.36478,6.1951,50.6863,-3.26268,-6.49498,52.3314
3.44122,0.755874,35.1735,3.06759,-1.1988,36.8866,-3.37157,6.20555,50.7182,-3.25807,-6.53338,52.408
3.44428,0.723755,35.1711,3.02391,-1.2588,37.0268,-3.37693,6.21876,50.7516,-3.25644,-6.57006,52.4827
3.44684,0.686475,35.1742,2.97138,-1.3281,37.1841,-3.38069,6.23516,50.7865,-3.25875,-6.60464,52.5549
3.4486,0.642799,35.184,2.90791,-1.40877,37.3625,-3.38275,6.2552,50.8223,-3.26622,-6.63671,52.6235
3.44905,0.591282,35.202,2.83112,-1.50333,37.5661,-3.38299,6.2792,50.8584,-3.28016,-6.66596,52.6873
3.44745,0.530274,35.2309,2.73841,-1.6147,37.8001,-3.38133,6.30718,50.8952,-3.30189,-6.69219,52.7452
3.44259,0.45673,35.2735,2.62666,-1.74738,38.0698,-3.37805,6.3381,50.9306,-3.33352,-6.71621,52.7944
3.43264,0.366017,35.3339,2.49254,-1.9079,38.3821,-3.37367,6.36871,50.9644,-3.37669,-6.74074,52.833
3.41553,0.245224,35.4149,2.32493,-2.11538,38.7707,-3.36905,6.38847,50.9942,-3.43233,-6.77511,52.8551
3.37898,0.0786485,35.5483,2.11445,-2.39646,39.2953,-3.36532,6.37438,51.0199,-3.49931,-6.84358,52.856
-3.75986,8.96026,41.2057,9.28564,6.66929,33.6518,-9.18659,-1.27842,50.6004,1.92758,-14.5177,54.0283
-14.2616,21.432,48.3962,13.2645,18.6275,30.0807,-16.5034,-13.9095,52.2285,8.85623,-26.5343,60.5996
-20.9085,23.7323,40.9404,14.7703,18.7339,30.527,-19.9075,-18.6253,55.8432,12.492,-32.1316,68.77
-17.6075,20.7643,34.7314,15.3423,18.9705,30.9809,-20.2734,-19.2981,57.1788,13.8149,-32.1877,72.3296
-13.6567,16.8631,27.6122,14.4836,18.0309,29.2979,-19.1157,-18.4075,56.6711,13.7705,-30.6146,72.7379
-12.5224,17.8366,27.6839,14.1277,17.6501,28.6064,-16.6477,-16.8169,55.1708,13.3028,-27.927,71.1713
-10.3894,16.2803,24.5916,13.9493,17.3432,28.1622,-15.3017,-15.603,53.8892,12.6301,-24.308,68.1751
-9.45758,19.5962,27.7914,12.0935,15.4307,24.8666,-11.723,-12.3713,52.0496,10.6427,-17.0985,59.811
-6.68823,20.817,28.6505,11.1404,14.5858,23.3591,-9.46028,-8.55333,49.4871,8.99334,-14.3232,56.0663
-4.58104,15.9693,32.1548,10.8458,14.9138,23.624,-9.04782,-5.86399,49.3893,8.60843,-12.186,54.7945
-1.89211,7.35881,33.6443,9.94261,13.9039,22.7083,-8.11312,-2.0532,47.735,7.2711,-7.90318,52.2145
3.08638,0.643995,24.0162,3.09177,8.71178,37.9912,-6.82801,-0.116475,46.6434,5.58139,-5.76237,50.474
4.92475,-2.29478,21.9734,-2.84378,1.61826,46.2575,-5.90814,1.80767,45.6104,3.83994,-3.73311,49.0999
5.95742,-2.96064,22.6063,-1.66156,-0.771262,36.3124,-5.35506,3.51547,44.7397,2.02075,-1.62636,48.0458
6.68614,-4.07769,22.8345,-2.45382,-2.21351,36.371,-4.9135,4.87815,44.2269,0.650499,-0.20654,47.4256
7.10504,-5.33681,22.2663,-3.23529,-3.23377,37.1701,-4.7264,5.84586,44.0769,-0.302931,0.732578,46.8452
7.96467,-6.64278,22.6525,-4.30903,-4.65044,38.0189,-4.13489,7.27377,44.0644,-1.60633,2.25846,46.3984
8.64468,-8.31153,22.0939,-5.13322,-5.52057,39.0727,-3.8357,8.27505,44.2557,-2.41955,3.32065,46.0439
9.04866,-10.2319,20.8416,-5.91379,-6.18645,40.1634,-3.70277,9.06622,44.4115,-3.07301,4.15778,45.7398
8.88229,-11.2585,19.9868,-6.48217,-6.55603,41.5915,-3.62994,9.68423,45.1562,-3.34881,4.85347,45.3918
5.27,0.601962,30.0876,5.58117,0.703523,29.4785,-3.31575,6.00156,50.356,-3.41186,-5.64459,51.399
1.55984,2.17825,40.676,2.1386,-0.831401,39.3606,-3.05282,6.22645,50.1821,-2.96584,-5.68368,50.3357
3.19568,1.36526,35.9363,3.48793,-0.383536,35.3359,-3.18859,6.16272,50.3163,-3.23986,-5.78757,50.9778
3.38425,1.22679,35.4909,3.59433,-0.419356,35.0936,-3.20876,6.15799,50.3433,-3.28678,-5.83286,51.0891
3.37483,1.17381,35.5161,3.51525,-0.513587,35.3042,-3.21538,6.16211,50.361,-3.30579,-5.87885,51.1694
3.37776,1.12351,35.4942,3.45731,-0.589903,35.4549,-3.22415,6.16524,50.381,-3.32039,-5.92484,51.2558
3.38473,1.07887,35.46,3.4125,-0.65429,35.5792,-3.23423,6.16715,50.4001,-3.33014,-5.9708,51.342
3.39116,1.04065,35.4275,3.37463,-0.71027,35.6929,-3.24499,6.16833,50.4202,-3.33524,-6.01658,51.4284
3.39691,1.00762,35.3959,3.34223,-0.759635,35.798,-3.25634,6.16885,50.44,-3.33654,-6.06235,51.514
3.40219,0.978977,35.3662,3.31432,-0.803522,35.8965,-3.26802,6.16911,50.4612,-3.33456,-6.1078,51.5995
3.40701,0.953538,35.3374,3.2897,-0.84349,35.9899,-3.28002,6.16917,50.4818,-3.33021,-6.15307,51.6835
3.41147,0.930728,35.3103,3.26753,-0.880496,36.0801,-3.29205,6.16937,50.5032,-3.32378,-6.19798,51.7669
3.41568,0.909857,35.2854,3.24689,-0.915555,36.169,-3.30399,6.17004,50.5262,-3.31581,-6.24234,51.85
3.41963,0.890061,35.2619,3.22688,-0.949896,36.2577,-3.3157,6.17121,50.5494,-3.30677,-6.28632,51.932
3.42344,0.870912,35.2406,3.20665,-0.984298,36.3481,-3.32698,6.17346,50.5742,-3.29714,-6.32961,52.0137
3.42715,0.851124,35.2213,3.18521,-1.02029,36.4416,-3.33772,6.17636,50.5995,-3.28745,-6.37239,52.094
3.4308,0.830613,35.2046,3.16172,-1.05843,36.5403,-3.3477,6.18084,50.6268,-3.27808,-6.41427,52.174
3.43438,0.808487,35.191,3.13512,-1.1,36.646,-3.35677,6.187,50.656,-3.26959,-6.45518,52.2533
3.43787,0.783843,35.1804,3.10417,-1.14635,36.7606,-3.36478,6.19511,50.6863,-3.26268,-6.49498,52.3314
3.44122,0.755875,35.1735,3.06759,-1.19879,36.8866,-3.37157,6.20556,50.7182,-3.25807,-6.53338,52.408
3.44428,0.723755,35.1711,3.02391,-1.2588,37.0268,-3.37693,6.21876,50.7516,-3.25644,-6.57006,52.4827
3.44684,0.686475,35.1742,2.97138,-1.3281,37.1841,-3.38069,6.23516,50.7865,-3.25875,-6.60464,52.5549
3.4486,0.642799,35.184,2.90791,-1.40877,37.3625,-3.38275,6.2552,50.8223,-3.26622,-6.63671,52.6235
3.44906,0.591282,35.202,2.83112,-1.50332,37.5661,-3.38299,6.2792,50.8584,-3.28016,-6.66596,52.6873
3.44745,0.530274,35.2309,2.73841,-1.6147,37.8001,-3.38133,6.30718,50.8952,-3.30189,-6.69219,52.7452
3.44259,0.45673,35.2735,2.62666,-1.74738,38.0698,-3.37805,6.3381,50.9306,-3.33352,-6.71621,52.7944
3.43264,0.366017,35.3339,2.49254,-1.9079,38.3821,-3.37367,6.36871,50.9644,-3.37669,-6.74074,52.833
3.41553,0.245223,35.4149,2.32493,-2.11538,38.7707,-3.36905,6.38847,50.9942,-3.43233,-6.77511,52.8551
3.37898,0.0786473,35.5483,2.11445,-2.39646,39.2953,-3.36532,6.37438,51.0199,-3.49931,-6.84358,52.856
-3.75985,8.96026,41.2057,9.28564,6.66929,33.6518,-9.18659,-1.27841,50.6004,1.92758,-14.5177,54.0283
-14.2616,21.432,48.3962,13.2645,18.6275,30.0807,-16.5034,-13.9095,52.2285,8.85623,-26.5343,60.5996
-20.9085,23.7323,40.9404,14.7703,18.7339,30.527,-19.9075,-18.6253,55.8432,12.492,-32.1316,68.77
-17.6076,20.7643,34.7315,15.3423,18.9705,30.9809,-20.2733,-19.2981,57.1788,13.8149,-32.1877,72.3296
-13.6567,16.8631,27.6122,14.4836,18.0309,29.2979,-19.1157,-18.4075,56.6711,13.7705,-30.6146,72.7379
-12.5224,17.8366,27.6839,14.1277,17.6501,28.6064,-16.6477,-16.8169,55.1708,13.3028,-27.927,71.1713
-10.3894,16.2802,24.5915,13.9493,17.3432,28.1622,-15.3017,-15.603,53.8892,12.6301,-24.308,68.1751
-9.45756,19.5962,27.7914,12.0935,15.4307,24.8666,-11.723,-12.3713,52.0496,10.6427,-17.0985,59.811
-6.68821,20.8169,28.6505,11.1404,14.5858,23.3591,-9.46028,-8.55333,49.4871,8.99334,-14.3232,56.0663
-4.58103,15.9693,32.1548,10.8458,14.9138,23.624,-9.04782,-5.86399,49.3893,8.60843,-12.186,54.7945
-1.89212,7.35883,33.6444,9.94261,13.9039,22.7083,-8.11312,-2.0532,47.735,7.2711,-7.90318,52.2145
3.08638,0.643989,24.0162,3.09174,8.71176,37.9912,-6.82801,-0.116473,46.6434,5.58139,-5.76237,50.474
4.92475,-2.29478,21.9734,-2.84377,1.61825,46.2575,-5.90814,1.80767,45.6104,3.83994,-3.73311,49.0999
5.95742,-2.96064,22.6063,-1.66156,-0.771263,36.3124,-5.35506,3.51547,44.7397,2.02075,-1.62636,48.0458
6.68614,-4.07769,22.8345,-2.45382,-2.21351,36.371,-4.9135,4.87815,44.2269,0.6505,-0.20654,47.4256
7.10504,-5.33681,22.2663,-3.23529,-3.23377,37.1701,-4.7264,5.84586,44.0769,-0.30293,0.732577,46.8452
7.96467,-6.64278,22.6525,-4.30903,-4.65044,38.0189,-4.13489,7.27377,44.0644,-1.60633,2.25846,46.3984
8.64467,-8.31152,22.0939,-5.13322,-5.52057,39.0727,-3.8357,8.27505,44.2557,-2.41955,3.32065,46.0439
9.04865,-10.2319,20.8416,-5.91379,-6.18645,40.1634,-3.70277,9.06622,44.4115,-3.07301,4.15778,45.7398
8.88229,-11.2585,19.9868,-6.48217,-6.55603,41.5915,-3.62994,9.68423,45.1562,-3.3488,4.85347,45.3918
5.27,0.601961,30.0876,5.58117,0.703523,29.4785,-3.31575,6.00155,50.356,-3.41186,-5.64459,51.399
1.55984,2.17825,40.676,2.1386,-0.831402,39.3606,-3.05282,6.22645,50.1821,-2.96584,-5.68368,50.3357
3.19568,1.36526,35.9363,3.48793,-0.383536,35.3359,-3.18859,6.16272,50.3163,-3.23986,-5.78757,50.9778
3.38425,1.22679,35.4909,3.59433,-0.419357,35.0936,-3.20876,6.15799,50.3433,-3.28678,-5.83286,51.0891
3.37483,1.17381,35.5161,3.51525,-0.513588,35.3042,-3.21538,6.16211,50.361,-3.30579,-5.87885,51.1694
3.37776,1.12351,35.4942,3.45731,-0.589904,35.4549,-3.22415,6.16524,50.381,-3.32039,-5.92484,51.2558
3.38473,1.07887,35.46,3.4125,-0.65429,35.5792,-3.23423,6.16715,50.4001,-3.33014,-5.9708,51.342
3.39116,1.04065,35.4275,3.37463,-0.710271,35.6929,-3.24499,6.16833,50.4202,-3.33524,-6.01659,51.4284
3.39691,1.00762,35.3959,3.34223,-0.759636,35.798,-3.25634,6.16885,50.44,-3.33654,-6.06235,51.514
3.40219,0.978977,35.3662,3.31432,-0.803523,35.8965,-3.26802,6.16911,50.4612,-3.33456,-6.1078,51.5995
3.40701,0.953538,35.3374,3.2897,-0.84349,35.9899,-3.28002,6.16917,50.4818,-3.33021,-6.15307,51.6835
3.41147,0.930728,35.3103,3.26753,-0.880496,36.0801,-3.29205,6.16937,50.5032,-3.32378,-6.19798,51.7669
3.41568,0.909857,35.2854,3.2469,-0.915555,36.169,-3.30399,6.17004,50.5262,-3.31581,-6.24235,51.85
3.41963,0.89006,35.2619,3.22688,-0.949896,36.2577,-3.3157,6.17121,50.5494,-3.30677,-6.28632,51.932
3.42344,0.870912,35.2406,3.20664,-0.984298,36.3481,-3.32698,6.17346,50.5742,-3.29714,-6.32961,52.0137
3.42715,0.851124,35.2213,3.18521,-1.02029,36.4416,-3.33772,6.17636,50.5995,-3.28745,-6.37239,52.094
3.4308,0.830612,35.2046,3.16172,-1.05843,36.5403,-3.3477,6.18084,50.6268,-3.27808,-6.41427,52.174
3.43438,0.808487,35.191,3.13512,-1.1,36.646,-3.35677,6.187,50.656,-3.26959,-6.45518,52.2533
3.43787,0.783842,35.1804,3.10417,-1.14635,36.7606,-3.36478,6.1951,50.6863,-3.26268,-6.49498,52.3314
3.44122,0.755874,35.1735,3.06759,-1.1988,36.8866,-3.37157,6.20555,50.7182,-3.25807,-6.53338,52.408
3.44428,0.723755,35.1711,3.02391,-1.2588,37.0268,-3.37693,6.21876,50.7516,-3.25644,-6.57006,52.4827
3.44684,0.686475,35.1742,2.97138,-1.3281,37.1841,-3.38069,6.23516,50.7865,-3.25875,-6.60464,52.5549
3.4486,0.642799,35.184,2.90791,-1.40877,37.3625,-3.38275,6.2552,50.8223,-3.26622,-6.63671,52.6235
3.44905,0.591282,35.202,2.83112,-1.50333,37.5661,-3.38299,6.2792,50.8584,-3.28016,-6.66596,52.6873
3.44745,0.530274,35.2309,2.73841,-1.6147,37.8001,-3.38133,6.30718,50.8952,-3.30189,-6.69219,52.7452
3.44258,0.45673,35.2735,2.62666,-1.74738,38.0698,-3.37805,6.3381,50.9306,-3.33352,-6.71621,52.7944
3.43264,0.366018,35.3339,2.49254,-1.9079,38.3821,-3.37367,6.36871,50.9644,-3.37669,-6.74074,52.833
3.41553,0.245225,35.4149,2.32493,-2.11538,38.7707,-3.36905,6.38847,50.9942,-3.43233,-6.77511,52.8551
3.37898,0.0786491,35.5483,2.11445,-2.39646,39.2953,-3.36532,6.37438,51.0199,-3.49931,-6.84358,52.856
-3.75986,8.96027,41.2057,9.28564,6.66929,33.6518,-9.18659,-1.27842,50.6004,1.92758,-14.5177,54.0283
-14.2616,21.432,48.3962,13.2645,18.6275,30.0807,-16.5034,-13.9095,52.2285,8.85623,-26.5343,60.5996
-20.9085,23.7323,40.9404,14.7703,18.7339,30.527,-19.9075,-18.6253,55.8432,12.492,-32.1316,68.77
-17.6075,20.7643,34.7314,15.3423,18.9705,30.9809,-20.2734,-19.2981,57.1788,13.8149,-32.1877,72.3296
-13.6567,16.8631,27.6122,14.4836,18.0309,29.2979,-19.1157,-18.4075,56.6711,13.7705,-30.6146,72.7379
-12.5225,17.8366,27.6839,14.1277,17.6501,28.6064,-16.6477,-16.8169,55.1708,13.3028,-27.927,71.1713
-10.3894,16.2803,24.5916,13.9493,17.3433,28.1622,-15.3017,-15.603,53.8892,12.6301,-24.308,68.1751
-9.45759,19.5962,27.7914,12.0935,15.4307,24.8666,-11.723,-12.3713,52.0496,10.6427,-17.0985,59.811
-6.68823,20.817,28.6505,11.1404,14.5858,23.3591,-9.46028,-8.55333,49.4871,8.99334,-14.3232,56.0663
-4.58105,15.9693,32.1548,10.8458,14.9138,23.624,-9.04782,-5.86399,49.3893,8.60843,-12.186,54.7945
-1.89211,7.35881,33.6443,9.94261,13.9039,22.7083,-8.11312,-2.0532,47.735,7.2711,-7.90318,52.2145
3.08638,0.643997,24.0162,3.09178,8.71179,37.9912,-6.82801,-0.116476,46.6434,5.58139,-5.76237,50.474
4.92475,-2.29478,21.9734,-2.84378,1.61826,46.2575,-5.90814,1.80767,45.6104,3.83994,-3.73311,49.0999
5.95741,-2.96064,22.6063,-1.66156,-0.771262,36.3124,-5.35506,3.51547,44.7397,2.02075,-1.62636,48.0458
6.68614,-4.07769,22.8345,-2.45382,-2.21351,36.371,-4.9135,4.87815,44.2269,0.650498,-0.206539,47.4256
7.10504,-5.33681,22.2663,-3.23529,-3.23377,37.1701,-4.7264,5.84586,44.0769,-0.302932,0.732579,46.8452
7.96468,-6.64278,22.6525,-4.30903,-4.65044,38.0189,-4.13489,7.27377,44.0644,-1.60633,2.25846,46.3984
8.64468,-8.31153,22.0938,-5.13322,-5.52057,39.0727,-3.8357,8.27505,44.2557,-2.41955,3.32065,46.0439
9.04866,-10.2319,20.8416,-5.91379,-6.18645,40.1634,-3.70277,9.06622,44.4115,-3.07301,4.15778,45.7398
8.88229,-11.2585,19.9868,-6.48217,-6.55603,41.5915,-3.62994,9.68423,45.1562,-3.34881,4.85347,45.3918
5.27,0.601961,30.0876,5.58117,0.703523,29.4785,-3.31575,6.00156,50.356,-3.41186,-5.64459,51.399
1.55984,2.17825,40.676,2.1386,-0.831401,39.3606,-3.05282,6.22645,50.1821,-2.96584,-5.68368,50.3357
3.19568,1.36526,35.9363,3.48793,-0.383536,35.3359,-3.18859,6.16272,50.3163,-3.23986,-5.78757,50.9778
3.38425,1.22679,35.4909,3.59433,-0.419356,35.0936,-3.20876,6.15799,50.3433,-3.28678,-5.83286,51.0891
3.37483,1.17381,35.5161,3.51525,-0.513588,35.3042,-3.21538,6.16211,50.361,-3.30579,-5.87885,51.1694
3.37776,1.12351,35.4942,3.45731,-0.589903,35.4549,-3.22415,6.16524,50.381,-3.32039,-5.92484,51.2558
3.38473,1.07887,35.46,3.4125,-0.65429,35.5792,-3.23423,6.16715,50.4001,-3.33014,-5.9708,51.342
3.39116,1.04065,35.4275,3.37463,-0.71027,35.6929,-3.24499,6.16833,50.4202,-3.33524,-6.01659,51.4284
3.39691,1.00762,35.3959,3.34223,-0.759635,35.798,-3.25634,6.16885,50.44,-3.33654,-6.06235,51.514
3.40219,0.978977,35.3662,3.31432,-0.803523,35.8965,-3.26802,6.16911,50.4612,-3.33456,-6.1078,51.5995
3.40701,0.953538,35.3374,3.2897,-0.84349,35.9899,-3.28002,6.16917,50.4818,-3.33021,-6.15307,51.6835
3.41147,0.930728,35.3103,3.26753,-0.880496,36.0801,-3.29205,6.16937,50.5032,-3.32378,-6.19798,51.7669
3.41568,0.909857,35.2854,3.24689,-0.915555,36.169,-3.30399,6.17004,50.5262,-3.31581,-6.24234,51.85
3.41963,0.890061,35.2619,3.22688,-0.949896,36.2577,-3.3157,6.17121,50.5494,-3.30677,-6.28632,51.932
3.42344,0.870912,35.2406,3.20664,-0.984298,36.3481,-3.32698,6.17346,50.5742,-3.29714,-6.32961,52.0137
3.42715,0.851124,35.2213,3.18521,-1.02029,36.4416,-3.33772,6.17636,50.5995,-3.28745,-6.37239,52.094
3.4308,0.830612,35.2046,3.16172,-1.05843,36.5403,-3.3477,6.18084,50.6268,-3.27808,-6.41427,52.174
3.43438,0.808487,35.191,3.13512,-1.1,36.646,-3.35677,6.187,50.656,-3.26959,-6.45518,52.2533
3.43787,0.783842,35.1804,3.10417,-1.14635,36.7606,-3.36478,6.19511,50.6863,-3.26268,-6.49498,52.3314
3.44122,0.755874,35.1735,3.06759,-1.1988,36.8866,-3.37157,6.20555,50.7182,-3.25807,-6.53338,52.408
3.44428,0.723755,35.1711,3.02391,-1.2588,37.0268,-3.37693,6.21876,50.7516,-3.25644,-6.57006,52.4827
3.44684,0.686475,35.1742,2.97138,-1.3281,37.1841,-3.38069,6.23516,50.7865,-3.25875,-6.60464,52.5549
3.4486,0.642799,35.184,2.90791,-1.40877,37.3625,-3.38275,6.2552,50.8223,-3.26622,-6.63671,52.6235
3.44905,0.591282,35.202,2.83112,-1.50333,37.5661,-3.38299,6.2792,50.8584,-3.28016,-6.66596,52.6873
3.44745,0.530274,35.2309,2.73841,-1.6147,37.8001,-3.38133,6.30718,50.8952,-3.30189,-6.69219,52.7452
3.44259,0.45673,35.2735,2.62666,-1.74738,38.0698,-3.37805,6.3381,50.9306,-3.33352,-6.71621,52.7944
3.43264,0.366017,35.3339,2.49254,-1.9079,38.3821,-3.37367,6.36871,50.9644,-3.37669,-6.74074,52.833
3.41553,0.245224,35.4149,2.32493,-2.11538,38.7707,-3.36905,6.38847,50.9942,-3.43233,-6.77511,52.8551
3.37898,0.0786482,35.5483,2.11445,-2.39646,39.2953,-3.36532,6.37438,51.0199,-3.49931,-6.84358,52.856
-3.75986,8.96026,41.2057,9.28564,6.66929,33.6518,-9.18659,-1.27842,50.6004,1.92758,-14.5177,54.0283
-14.2616,21.432,48.3962,13.2645,18.6275,30.0807,-16.5034,-13.9095,52.2285,8.85623,-26.5343,60.5996
-20.9085,23.7323,40.9404,14.7703,18.7339,30.527,-19.9075,-18.6253,55.8432,12.492,-32.1316,68.77
-17.6075,20.7643,34.7314,15.3423,18.9705,30.9809,-20.2734,-19.2981,57.1788,13.8149,-32.1877,72.3296
-13.6567,16.8631,27.6122,14.4836,18.0309,29.2979,-19.1157,-18.4075,56.6711,13.7705,-30.6146,72.7379
-12.5224,17.8366,27.6839,14.1277,17.6501,28.6064,-16.6477,-16.8169,55.1708,13.3028,-27.927,71.1713
-10.3894,16.2803,24.5915,13.9493,17.3432,28.1622,-15.3017,-15.603,53.8892,12.6301,-24.308,68.1751
-9.45757,19.5962,27.7914,12.0935,15.4307,24.8666,-11.723,-12.3713,52.0496,10.6427,-17.0985,59.811
-6.68822,20.8169,28.6505,11.1404,14.5858,23.3591,-9.46028,-8.55333,49.4871,8.99334,-14.3232,56.0663
-4.58104,15.9693,32.1548,10.8458,14.9138,23.624,-9.04782,-5.86399,49.3893,8.60843,-12.186,54.7945
-1.89212,7.35882,33.6443,9.94261,13.9039,22.7083,-8.11312,-2.0532,47.735,7.2711,-7.90318,52.2145
3.08638,0.643993,24.0162,3.09176,8.71177,37.9912,-6.82801,-0.116474,46.6434,5.58139,-5.76237,50.474
4.92475,-2.29478,21.9734,-2.84377,1.61826,46.2575,-5.90814,1.80767,45.6104,3.83994,-3.73311,49.0999
5.95742,-2.96064,22.6063,-1.66156,-0.771263,36.3124,-5.35506,3.51547,44.7397,2.02075,-1.62636,48.0458
6.68614,-4.07769,22.8345,-2.45382,-2.21351,36.371,-4.9135,4.87815,44.2269,0.650499,-0.20654,47.4256
7.10504,-5.33681,22.2663,-3.23529,-3.23377,37.1701,-4.7264,5.84586,44.0769,-0.302931,0.732578,46.8452
7.96467,-6.64278,22.6525,-4.30903,-4.65044,38.0189,-4.13489,7.27377,44.0644,-1.60633,2.25846,46.3984
8.64467,-8.31153,22.0939,-5.13322,-5.52057,39.0727,-3.8357,8.27505,44.2557,-2.41955,3.32065,46.0439
9.04865,-10.2319,20.8416,-5.91379,-6.18645,40.1634,-3.70277,9.06622,44.4115,-3.07301,4.15778,45.7398
8.88229,-11.2585,19.9868,-6.48217,-6.55603,41.5915,-3.62994,9.68423,45.1562,-3.3488,4.85347,45.3918
5.27,0.601962,30.0876,5.58117,0.703523,29.4785,-3.31575,6.00156,50.356,-3.41186,-5.64459,51.399
1.55984,2.17825,40.676,2.1386,-0.831401,39.3606,-3.05282,6.22645,50.1821,-2.96584,-5.68368,50.3357
3.19568,1.36526,35.9363,3.48793,-0.383536,35.3359,-3.18859,6.16272,50.3163,-3.23986,-5.78757,50.9778
3.38425,1.22679,35.4909,3.59433,-0.419356,35.0936,-3.20876,6.15799,50.3433,-3.28678,-5.83286,51.0891
3.37483,1.17381,35.5161,3.51525,-0.513587,35.3042,-3.21538,6.16211,50.361,-3.30579,-5.87885,51.1694
3.37776,1.12351,35.4942,3.45731,-0.589903,35.4549,-3.22415,6.16524,50.381,-3.32039,-5.92484,51.2558
3.38473,1.07887,35.46,3.4125,-0.65429,35.5792,-3.23423,6.16715,50.4001,-3.33014,-5.9708,51.342
3.39116,1.04065,35.4275,3.37463,-0.71027,35.6929,-3.24499,6.16833,50.4202,-3.33524,-6.01658,51.4284
3.39691,1.00762,35.3959,3.34223,-0.759635,35.798,-3.25634,6.16885,50.44,-3.33654,-6.06235,51.514
3.40219,0.978977,35.3662,3.31432,-0.803523,35.8965,-3.26802,6.16911,50.4612,-3.33456,-6.1078,51.5995
3.40701,0.953538,35.3374,3.2897,-0.84349,35.9899,-3.28002,6.16917,50.4818,-3.33021,-6.15307,51.6835
3.41147,0.930728,35.3103,3.26753,-0.880496,36.0801,-3.29205,6.16937,50.5032,-3.32378,-6.19798,51.7669
3.41568,0.909857,35.2854,3.24689,-0.915555,36.169,-3.30399,6.17004,50.5262,-3.31581,-6.24234,51.85
3.41963,0.890061,35.2619,3.22688,-0.949896,36.2577,-3.3157,6.17121,50.5494,-3.30677,-6.28632,51.932
3.42344,0.870912,35.2406,3.20665,-0.984298,36.3481,-3.32698,6.17346,50.5742,-3.29714,-6.32961,52.0137
3.42715,0.851124,35.2213,3.18521,-1.02029,36.4416,-3.33772,6.17636,50.5995,-3.28745,-6.37239,52.094
3.4308,0.830613,35.2046,3.16172,-1.05843,36.5403,-3.3477,6.18084,50.6268,-3.27808,-6.41427,52.174
3.43438,0.808487,35.191,3.13512,-1.1,36.646,-3.35677,6.187,50.656,-3.26959,-6.45518,52.2533
3.43787,0.783842,35.1804,3.10417,-1.14635,36.7606,-3.36478,6.19511,50.6863,-3.26268,-6.49498,52.3314
3.44122,0.755874,35.1735,3.06759,-1.1988,36.8866,-3.37157,6.20556,50.7182,-3.25807,-6.53338,52.408
3.44428,0.723755,35.1711,3.02391,-1.2588,37.0268,-3.37693,6.21876,50.7516,-3.25644,-6.57006,52.4827
3.44684,0.686475,35.1742,2.97138,-1.3281,37.1841,-3.38069,6.23516,50.7865,-3.25875,-6.60464,52.5549
3.4486,0.642799,35.184,2.90791,-1.40877,37.3625,-3.38275,6.2552,50.8223,-3.26622,-6.63671,52.6235
3.44905,0.591282,35.202,2.83112,-1.50333,37.5661,-3.38299,6.2792,50.8584,-3.28016,-6.66596,52.6873
3.44745,0.530274,35.2309,2.73841,-1.6147,37.8001,-3.38133,6.30718,50.8952,-3.30189,-6.69219,52.7452
3.44259,0.45673,35.2735,2.62666,-1.74738,38.0698,-3.37805,6.3381,50.9306,-3.33352,-6.71621,52.7944
3.43264,0.366017,35.3339,2.49254,-1.9079,38.3821,-3.37367,6.36871,50.9644,-3.37669,-6.74074,52.833
3.41553,0.245224,35.4149,2.32493,-2.11538,38.7707,-3.36905,6.38847,50.9942,-3.43233,-6.77511,52.8551
3.37898,0.0786477,35.5483,2.11445,-2.39646,39.2953,-3.36532,6.37438,51.0199,-3.49931,-6.84358,52.856
-3.75986,8.96026,41.2057,9.28564,6.66929,33.6518,-9.18659,-1.27841,50.6004,1.92758,-14.5177,54.0283
-14.2616,21.432,48.3962,13.2645,18.6275,30.0807,-16.5034,-13.9095,52.2285,8.85623,-26.5343,60.5996
-20.9085,23.7323,40.9404,14.7703,18.7339,30.527,-19.9075,-18.6253,55.8432,12.492,-32.1316,68.77
-17.6076,20.7643,34.7315,15.3423,18.9705,30.9809,-20.2733,-19.2981,57.1788,13.8149,-32.1877,72.3296
-13.6567,16.8631,27.6122,14.4836,18.0309,29.2979,-19.1157,-18.4075,56.6711,13.7705,-30.6146,72.7379
-12.5224,17.8366,27.6839,14.1277,17.6501,28.6064,-16.6477,-16.8169,55.1708,13.3028,-27.927,71.1713
-10.3894,16.2802,24.5915,13.9493,17.3432,28.1622,-15.3017,-15.603,53.8892,12.6301,-24.308,68.1751
-9.45757,19.5962,27.7914,12.0935,15.4307,24.8666,-11.723,-12.3713,52.0496,10.6427,-17.0985,59.811
-6.68821,20.8169,28.6505,11.1404,14.5858,23.3591,-9.46028,-8.55333,49.4871,8.99334,-14.3232,56.0663
-4.58104,15.9693,32.1548,10.8458,14.9138,23.624,-9.04782,-5.86399,49.3893,8.60843,-12.186,54.7945
-1.89212,7.35882,33.6444,9.94261,13.9039,22.7083,-8.11312,-2.0532,47.735,7.2711,-7.90318,52.2145
3.08638,0.643991,24.0162,3.09175,8.71176,37.9912,-6.82801,-0.116474,46.6434,5.58139,-5.76237,50.474
4.92475,-2.29478,21.9734,-2.84377,1.61826,46.2575,-5.90814,1.80767,45.6104,3.83994,-3.73311,49.0999
5.95742,-2.96064,22.6063,-1.66156,-0.771263,36.3124,-5.35506,3.51547,44.7397,2.02075,-1.62636,48.0458
6.68614,-4.07769,22.8345,-2.45382,-2.21351,36.371,-4.9135,4.87815,44.2269,0.650499,-0.20654,47.4256
7.10504,-5.33681,22.2663,-3.23529,-3.23377,37.1701,-4.7264,5.84586,44.0769,-0.30293,0.732578,46.8452
7.96467,-6.64278,22.6525,-4.30903,-4.65044,38.0189,-4.13489,7.27377,44.0644,-1.60633,2.25846,46.3984
8.64467,-8.31152,22.0939,-5.13322,-5.52057,39.0727,-3.8357,8.27505,44.2557,-2.41955,3.32065,46.0439
9.04865,-10.2319,20.8416,-5.91379,-6.18645,40.1634,-3.70277,9.06622,44.4115,-3.07301,4.15778,45.7398
8.88229,-11.2585,19.9868,-6.48217,-6.55603,41.5915,-3.62994,9.68423,45.1562,-3.3488,4.85347,45.3918
5.27,0.601962,30.0876,5.58117,0.703523,29.4785,-3.31575,6.00156,50.356,-3.41186,-5.64459,51.399
1.55984,2.17825,40.676,2.1386,-0.831401,39.3606,-3.05282,6.22645,50.1821,-2.96584,-5.68368,50.3357
3.19568,1.36526,35.9363,3.48793,-0.383536,35.3359,-3.18859,6.16272,50.3163,-3.23986,-5.78757,50.9778
3.38425,1.22679,35.4909,3.59433,-0.419356,35.0936,-3.20876,6.15799,50.3433,-3.28678,-5.83286,51.0891
3.37483,1.17381,35.5161,3.51525,-0.513587,35.3042,-3.21538,6.16211,50.361,-3.30579,-5.87885,51.1694
3.37776,1.12351,35.4942,3.45731,-0.589903,35.4549,-3.22415,6.16524,50.381,-3.32039,-5.92484,51.2558
3.38473,1.07887,35.46,3.4125,-0.65429,35.5792,-3.23423,6.16715,50.4001,-3.33014,-5.9708,51.342
3.39116,1.04065,35.4275,3.37463,-0.71027,35.6929,-3.24499,6.16833,50.4202,-3.33524,-6.01658,51.4284
3.39691,1.00762,35.3959,3.34223,-0.759635,35.798,-3.25634,6.16885,50.44,-3.33654,-6.06235,51.514
3.40219,0.978977,35.3662,3.31432,-0.803522,35.8965,-3.26802,6.16911,50.4612,-3.33456,-6.1078,51.5995
3.40701,0.953538,35.3374,3.2897,-0.84349,35.9899,-3.28002,6.16917,50.4818,-3.33021,-6.15307,51.6835
3.41147,0.930728,35.3103,3.26753,-0.880496,36.0801,-3.29205,6.16937,50.5032,-3.32378,-6.19798,51.7669
3.41568,0.909857,35.2854,3.24689,-0.915555,36.169,-3.30399,6.17004,50.5262,-3.31581,-6.24234,51.85
3.41963,0.890061,35.2619,3.22688,-0.949896,36.2577,-3.3157,6.17121,50.5494,-3.30677,-6.28632,51.932
3.42344,0.870912,35.2406,3.20665,-0.984298,36.3481,-3.32698,6.17346,50.5742,-3.29714,-6.32961,52.0137
3.42715,0.851124,35.2213,3.18521,-1.02029,36.4416,-3.33772,6.17636,50.5995,-3.28745,-6.37239,52.094
3.4308,0.830613,35.2046,3.16172,-1.05843,36.5403,-3.3477,6.18084,50.6268,-3.27808,-6.41427,52.174
3.43438,0.808487,35.191,3.13512,-1.1,36.646,-3.35677,6.187,50.656,-3.26959,-6.45518,52.2533
3.43787,0.783842,35.1804,3.10417,-1.14635,36.7606,-3.36478,6.19511,50.6863,-3.26268,-6.49498,52.3314
3.44122,0.755875,35.1735,3.06759,-1.1988,36.8866,-3.37157,6.20556,50.7182,-3.25807,-6.53338,52.408
3.44428,0.723755,35.1711,3.02391,-1.2588,37.0268,-3.37693,6.21876,50.7516,-3.25644,-6.57006,52.4827
3.44684,0.686475,35.1742,2.97138,-1.3281,37.1841,-3.38069,6.23516,50.7865,-3.25875,-6.60464,52.5549
3.4486,0.642799,35.184,2.90791,-1.40877,37.3625,-3.38275,6.2552,50.8223,-3.26622,-6.63671,52.6235
3.44905,0.591282,35.202,2.83112,-1.50333,37.5661,-3.38299,6.2792,50.8584,-3.28016,-6.66596,52.6873
3.44745,0.530274,35.2309,2.73841,-1.6147,37.8001,-3.38133,6.30718,50.8952,-3.30189,-6.69219,52.7452
3.44259,0.45673,35.2735,2.62666,-1.74738,38.0698,-3.37805,6.3381,50.9306,-3.33352,-6.71621,52.7944
3.43264,0.366017,35.3339,2.49254,-1.9079,38.3821,-3.37367,6.36871,50.9644,-3.37669,-6.74074,52.833
3.41553,0.245224,35.4149,2.32493,-2.11538,38.7707,-3.36905,6.38847,50.9942,-3.43233,-6.77511,52.8551
3.37898,0.0786475,35.5483,2.11445,-2.39646,39.2953,-3.36532,6.37438,51.0199,-3.49931,-6.84358,52.856
-3.75986,8.96026,41.2057,9.28564,6.66929,33.6518,-9.18659,-1.27841,50.6004,1.92758,-14.5177,54.0283
-14.2616,21.432,48.3962,13.2645,18.6275,30.0807,-16.5034,-13.9095,52.2285,8.85623,-26.5343,60.5996
-20.9085,23.7323,40.9404,14.7703,18.7339,30.527,-19.9075,-18.6253,55.8432,12.492,-32.1316,68.77
-17.6076,20.7643,34.7315,15.3423,18.9705,30.9809,-20.2733,-19.2981,57.1788,13.8149,-32.1877,72.3296
-13.6567,16.8631,27.6122,14.4836,18.0309,29.2979,-19.1157,-18.4075,56.6711,13.7705,-30.6146,72.7379
-12.5224,17.8366,27.6839,14.1277,17.6501,28.6064,-16.6477,-16.8169,55.1708,13.3028,-27.927,71.1713
-10.3894,16.2802,24.5915,13.9493,17.3432,28.1622,-15.3017,-15.603,53.8892,12.6301,-24.308,68.1751
-9.45756,19.5962,27.7914,12.0935,15.4307,24.8666,-11.723,-12.3713,52.0496,10.6427,-17.0985,59.811
-6.68821,20.8169,28.6505,11.1404,14.5858,23.3591,-9.46028,-8.55333,49.4871,8.99334,-14.3232,56.0663
-4.58103,15.9693,32.1548,10.8458,14.9138,23.624,-9.04782,-5.86399,49.3893,8.60843,-12.186,54.7945
-1.89212,7.35882,33.6444,9.9426,13.9039,22.7083,-8.11312,-2.0532,47.735,7.2711,-7.90318,52.2145
3.08638,0.64399,24.0162,3.09175,8.71176,37.9912,-6.82801,-0.116473,46.6434,5.58139,-5.76237,50.474
4.92475,-2.29478,21.9734,-2.84377,1.61826,46.2575,-5.90814,1.80767,45.6104,3.83994,-3.73311,49.0999
5.95742,-2.96064,22.6063,-1.66156,-0.771263,36.3124,-5.35506,3.51547,44.7397,2.02075,-1.62636,48.0458
6.68614,-4.07769,22.8345,-2.45382,-2.21351,36.371,-4.9135,4.87815,44.2269,0.6505,-0.20654,47.4256
7.10504,-5.33681,22.2663,-3.23529,-3.23377,37.1701,-4.7264,5.84586,44.0769,-0.30293,0.732578,46.8452
7.96467,-6.64278,22.6525,-4.30903,-4.65044,38.0189,-4.13489,7.27377,44.0644,-1.60633,2.25846,46.3984
8.64467,-8.31152,22.0939,-5.13322,-5.52057,39.0727,-3.8357,8.27505,44.2557,-2.41955,3.32065,46.0439
9.04865,-10.2319,20.8416,-5.91379,-6.18645,40.1634,-3.70277,9.06622,44.4115,-3.07301,4.15778,45.7398
8.88229,-11.2585,19.9868,-6.48217,-6.55603,41.5915,-3.62994,9.68423,45.1562,-3.3488,4.85347,45.3918
5.27,0.601962,30.0876,5.58117,0.703523,29.4785,-3.31575,6.00156,50.356,-3.41186,-5.64459,51.399
1.55984,2.17825,40.676,2.1386,-0.831401,39.3606,-3.05282,6.22645,50.1821,-2.96584,-5.68368,50.3357
3.19568,1.36526,35.9363,3.48793,-0.383536,35.3359,-3.18859,6.16272,50.3163,-3.23986,-5.78757,50.9778
3.38425,1.22679,35.4909,3.59433,-0.419356,35.0936,-3.20876,6.15799,50.3433,-3.28678,-5.83286,51.0891
3.37483,1.17381,35.5161,3.51525,-0.513587,35.3042,-3.21538,6.16211,50.361,-3.30579,-5.87885,51.1694
3.37776,1.12351,35.4942,3.45731,-0.589903,35.4549,-3.22415,6.16524,50.381,-3.32039,-5.92484,51.2558
3.38473,1.07887,35.46,3.4125,-0.65429,35.5792,-3.23423,6.16715,50.4001,-3.33014,-5.9708,51.342
3.39116,1.04065,35.4275,3.37463,-0.71027,35.6929,-3.24499,6.16833,50.4202,-3.33524,-6.01658,51.4284
3.39691,1.00762,35.3959,3.34223,-0.759635,35.798,-3.25634,6.16885,50.44,-3.33654,-6.06235,51.514
3.40219,0.978977,35.3662,3.31432,-0.803522,35.8965,-3.26802,6.16911,50.4612,-3.33456,-6.1078,51.5995
3.40701,0.953538,35.3374,3.2897,-0.84349,35.9899,-3.28002,6.16917,50.4818,-3.33021,-6.15307,51.6835
3.41147,0.930728,35.3103,3.26753,-0.880496,36.0801,-3.29205,6.16937,50.5032,-3.32378,-6.19798,51.7669
3.41568,0.909857,35.2854,3.24689,-0.915555,36.169,-3.30399,6.17004,50.5262,-3.31581,-6.24234,51.85
3.41963,0.890061,35.2619,3.22688,-0.949896,36.2577,-3.3157,6.17121,50.5494,-3.30677,-6.28632,51.932
3.42344,0.870912,35.2406,3.20665,-0.984298,36.3481,-3.32698,6.17346,50.5742,-3.29714,-6.32961,52.0137
3.42715,0.851124,35.2213,3.18521,-1.02029,36.4416,-3.33772,6.17636,50.5995,-3.28745,-6.37239,52.094
3.4308,0.830613,35.2046,3.16172,-1.05843,36.5403,-3.3477,6.18084,50.6268,-3.27808,-6.41427,52.174
3.43438,0.808487,35.191,3.13512,-1.1,36.646,-3.35677,6.187,50.656,-3.26959,-6.45518,52.2533
3.43787,0.783843,35.1804,3.10417,-1.14635,36.7606,-3.36478,6.19511,50.6863,-3.26268,-6.49498,52.3314
3.44122,0.755875,35.1735,3.06759,-1.1988,36.8866,-3.37157,6.20556,50.7182,-3.25807,-6.53338,52.408
3.44428,0.723755,35.1711,3.02391,-1.2588,37.0268,-3.37693,6.21876,50.7516,-3.25644,-6.57006,52.4827
3.44684,0.686475,35.1742,2.97138,-1.3281,37.1841,-3.38069,6.23516,50.7865,-3.25875,-6.60464,52.5549
3.4486,0.642799,35.184,2.90791,-1.40877,37.3625,-3.38275,6.2552,50.8223,-3.26622,-6.63671,52.6235
3.44906,0.591282,35.202,2.83112,-1.50333,37.5661,-3.38299,6.2792,50.8584,-3.28016,-6.66596,52.6873
3.44745,0.530274,35.2309,2.73841,-1.6147,37.8001,-3.38133,6.30718,50.8952,-3.30189,-6.69219,52.7452
3.44259,0.45673,35.2735,2.62666,-1.74738,38.0698,-3.37805,6.3381,50.9306,-3.33352,-6.71621,52.7944
3.43264,0.366017,35.3339,2.49254,-1.9079,38.3821,-3.37367,6.36871,50.9644,-3.37669,-6.74074,52.833
3.41553,0.245223,35.4149,2.32493,-2.11538,38.7707,-3.36905,6.38847,50.9942,-3.43233,-6.77511,52.8551
3.37898,0.0786474,35.5483,2.11445,-2.39646,39.2953,-3.36532,6.37438,51.0199,-3.49931,-6.84358,52.856
-3.75985,8.96026,41.2057,9.28564,6.66929,33.6518,-9.18659,-1.27841,50.6004,1.92758,-14.5177,54.0283
-14.2616,21.432,48.3962,13.2645,18.6275,30.0807,-16.5034,-13.9095,52.2285,8.85623,-26.5343,60.5996
-20.9085,23.7323,40.9404,14.7703,18.7339,30.527,-19.9075,-18.6253,55.8432,12.492,-32.1316,68.77
-17.6076,20.7643,34.7315,15.3423,18.9705,30.9809,-20.2733,-19.2981,57.1788,13.8149,-32.1877,72.3296
-13.6567,16.8631,27.6122,14.4836,18.0309,29.2979,-19.1157,-18.4075,56.6711,13.7705,-30.6146,72.7379
-12.5224,17.8366,27.6839,14.1277,17.6501,28.6064,-16.6477,-16.8169,55.1708,13.3028,-27.927,71.1713
-10.3894,16.2802,24.5915,13.9493,17.3432,28.1622,-15.3017,-15.603,53.8892,12.6301,-24.308,68.1751
-9.45756,19.5962,27.7914,12.0935,15.4307,24.8666,-11.723,-12.3713,52.0496,10.6427,-17.0985,59.811
-6.68821,20.8169,28.6505,11.1404,14.5858,23.3591,-9.46028,-8.55333,49.4871,8.99334,-14.3232,56.0663
-4.58103,15.9693,32.1548,10.8458,14.9138,23.624,-9.04782,-5.86399,49.3893,8.60843,-12.186,54.7945
-1.89212,7.35883,33.6444,9.9426,13.9039,22.7083,-8.11312,-2.0532,47.735,7.2711,-7.90318,52.2145
3.08638,0.64399,24.0162,3.09174,8.71176,37.9912,-6.82801,-0.116473,46.6434,5.58139,-5.76237,50.474
4.92475,-2.29478,21.9734,-2.84377,1.61825,46.2575,-5.90814,1.80767,45.6104,3.83994,-3.73311,49.0999
5.95742,-2.96064,22.6063,-1.66156,-0.771263,36.3124,-5.35506,3.51547,44.7397,2.02075,-1.62636,48.0458
6.68614,-4.07769,22.8345,-2.45382,-2.21351,36.371,-4.9135,4.87815,44.2269,0.6505,-0.20654,47.4256
7.10504,-5.33681,22.2663,-3.23529,-3.23377,37.1701,-4.7264,5.84586,44.0769,-0.30293,0.732577,46.8452
7.96467,-6.64278,22.6525,-4.30903,-4.65044,38.0189,-4.13489,7.27377,44.0644,-1.60633,2.25846,46.3984
8.64467,-8.31152,22.0939,-5.13322,-5.52057,39.0727,-3.8357,8.27505,44.2557,-2.41955,3.32065,46.0439
9.04865,-10.2319,20.8416,-5.91379,-6.18645,40.1634,-3.70277,9.06622,44.4115,-3.07301,4.15778,45.7398
8.88229,-11.2585,19.9868,-6.48217,-6.55603,41.5915,-3.62994,9.68423,45.1562,-3.3488,4.85347,45.3918
5.27,0.601962,30.0876,5.58117,0.703523,29.4785,-3.31575,6.00156,50.356,-3.41186,-5.64459,51.399
1.55984,2.17825,40.676,2.1386,-0.831401,39.3606,-3.05282,6.22645,50.1821,-2.96584,-5.68368,50.3357
3.19568,1.36526,35.9363,3.48793,-0.383536,35.3359,-3.18859,6.16272,50.3163,-3.23986,-5.78757,50.9778
3.38425,1.22679,35.4909,3.59433,-0.419356,35.0936,-3.20876,6.15799,50.3433,-3.28678,-5.83286,51.0891
3.37483,1.17381,35.5161,3.51525,-0.513587,35.3042,-3.21538,6.16211,50.361,-3.30579,-5.87885,51.1694
3.37776,1.12351,35.4942,3.45731,-0.589903,35.4549,-3.22415,6.16524,50.381,-3.32039,-5.92484,51.2558
3.38473,1.07887,35.46,3.4125,-0.65429,35.5792,-3.23423,6.16715,50.4001,-3.33014,-5.9708,51.342
3.39116,1.04065,35.4275,3.37463,-0.71027,35.6929,-3.24499,6.16833,50.4202,-3.33524,-6.01658,51.4284
3.39691,1.00762,35.3959,3.34223,-0.759635,35.798,-3.25634,6.16885,50.44,-3.33654,-6.06235,51.514
3.40219,0.978977,35.3662,3.31432,-0.803522,35.8965,-3.26802,6.16911,50.4612,-3.33456,-6.1078,51.5995
3.40701,0.953538,35.3374,3.2897,-0.84349,35.9899,-3.28002,6.16917,50.4818,-3.33021,-6.15307,51.6835
3.41147,0.930728,35.3103,3.26753,-0.880496,36.0801,-3.29205,6.16937,50.5032,-3.32378,-6.19798,51.7669
3.41568,0.909857,35.2854,3.24689,-0.915555,36.169,-3.30399,6.17004,50.5262,-3.31581,-6.24234,51.85
3.41963,0.890061,35.2619,3.22688,-0.949896,36.2577,-3.3157,6.17121,50.5494,-3.30677,-6.28632,51.932
3.42344,0.870912,35.2406,3.20665,-0.984298,36.3481,-3.32698,6.17346,50.5742,-3.29714,-6.32961,52.0137
3.42715,0.851124,35.2213,3.18521,-1.02029,36.4416,-3.33772,6.17636,50.5995,-3.28745,-6.37239,52.094
3.4308,0.830613,35.2046,3.16172,-1.05843,36.5403,-3.3477,6.18084,50.6268,-3.27808,-6.41427,52.174
3.43438,0.808487,35.191,3.13512,-1.1,36.646,-3.35677,6.187,50.656,-3.26959,-6.45518,52.2533
3.43787,0.783843,35.1804,3.10417,-1.14635,36.7606,-3.36478,6.19511,50.6863,-3.26268,-6.49498,52.3314
3.44122,0.755875,35.1735,3.06759,-1.1988,36.8866,-3.37157,6.20556,50.7182,-3.25807,-6.53338,52.408
3.44428,0.723755,35.1711,3.02391,-1.2588,37.0268,-3.37693,6.21876,50.7516,-3.25644,-6.57006,52.4827
3.44684,0.686475,35.1742,2.97138,-1.3281,37.1841,-3.38069,6.23516,50.7865,-3.25875,-6.60464,52.5549
3.4486,0.642799,35.184,2.90791,-1.40877,37.3625,-3.38275,6.2552,50.8223,-3.26622,-6.63671,52.6235
3.44906,0.591282,35.202,2.83112,-1.50333,37.5661,-3.38299,6.2792,50.8584,-3.28016,-6.66596,52.6873
3.44745,0.530274,35.2309,2.73841,-1.6147,37.8001,-3.38133,6.30718,50.8952,-3.30189,-6.69219,52.7452
3.44259,0.45673,35.2735,2.62666,-1.74738,38.0698,-3.37805,6.3381,50.9306,-3.33352,-6.71621,52.7944
3.43264,0.366017,35.3339,2.49254,-1.9079,38.3821,-3.37367,6.36871,50.9644,-3.37669,-6.74074,52.833
3.41553,0.245223,35.4149,2.32493,-2.11538,38.7707,-3.36905,6.38847,50.9942,-3.43233,-6.77511,52.8551
3.37898,0.0786474,35.5483,2.11445,-2.39646,39.2953,-3.36532,6.37438,51.0199,-3.49931,-6.84358,52.856
-3.75985,8.96026,41.2057,9.28564,6.66929,33.6518,-9.18659,-1.27841,50.6004,1.92758,-14.5177,54.0283
-14.2616,21.432,48.3962,13.2645,18.6275,30.0807,-16.5034,-13.9095,52.2285,8.85623,-26.5343,60.5996
-20.9085,23.7323,40.9404,14.7703,18.7339,30.527,-19.9075,-18.6253,55.8432,12.492,-32.1316,68.77
-17.6076,20.7643,34.7315,15.3423,18.9705,30.9809,-20.2733,-19.2981,57.1788,13.8149,-32.1877,72.3296
-13.6567,16.8631,27.6122,14.4836,18.0309,29.2979,-19.1157,-18.4075,56.6711,13.7705,-30.6146,72.7379
-12.5224,17.8366,27.6839,14.1277,17.6501,28.6064,-16.6477,-16.8169,55.1708,13.3028,-27.927,71.1713
-10.3894,16.2802,24.5915,13.9493,17.3432,28.1622,-15.3017,-15.603,53.8892,12.6301,-24.308,68.1751
-9.45756,19.5962,27.7914,12.0935,15.4307,24.8666,-11.723,-12.3713,52.0496,10.6427,-17.0985,59.811
-6.68821,20.8169,28.6505,11.1404,14.5858,23.3591,-9.46028,-8.55333,49.4871,8.99334,-14.3232,56.0663
-4.58103,15.9693,32.1548,10.8458,14.9138,23.624,-9.04782,-5.86399,49.3893,8.60843,-12.186,54.7945
-1.89212,7.35883,33.6444,9.94261,13.9039,22.7083,-8.11312,-2.0532,47.735,7.2711,-7.90318,52.2145
3.08638,0.643989,24.0162,3.09174,8.71176,37.9912,-6.82801,-0.116473,46.6434,5.58139,-5.76237,50.474
4.92475,-2.29478,21.9734,-2.84377,1.61825,46.2575,-5.90814,1.80767,45.6104,3.83994,-3.73311,49.0999
5.95742,-2.96064,22.6063,-1.66156,-0.771263,36.3124,-5.35506,3.51547,44.7397,2.02075,-1.62636,48.0458
6.68614,-4.07769,22.8345,-2.45382,-2.21351,36.371,-4.9135,4.87815,44.2269,0.6505,-0.20654,47.4256
7.10504,-5.33681,22.2663,-3.23529,-3.23377,37.1701,-4.7264,5.84586,44.0769,-0.30293,0.732577,46.8452
7.96467,-6.64278,22.6525,-4.30903,-4.65044,38.0189,-4.13489,7.27377,44.0644,-1.60633,2.25846,46.3984
8.64467,-8.31152,22.0939,-5.13322,-5.52057,39.0727,-3.8357,8.27505,44.2557,-2.41955,3.32065,46.0439
9.04865,-10.2319,20.8416,-5.91379,-6.18645,40.1634,-3.70277,9.06622,44.4115,-3.07301,4.15778,45.7398
8.88229,-11.2585,19.9868,-6.48217,-6.55603,41.5915,-3.62994,9.68423,45.1562,-3.3488,4.85347,45.3918
5.27,0.601962,30.0876,5.58117,0.703523,29.4785,-3.31575,6.00156,50.356,-3.41186,-5.64459,51.399
1.55984,2.17825,40.676,2.1386,-0.831401,39.3606,-3.05282,6.22645,50.1821,-2.96584,-5.68368,50.3357
3.19568,1.36526,35.9363,3.48793,-0.383536,35.3359,-3.18859,6.16272,50.3163,-3.23986,-5.78757,50.9778
3.38425,1.22679,35.4909,3.59433,-0.419356,35.0936,-3.20876,6.15799,50.3433,-3.28678,-5.83286,51.0891
3.37483,1.17381,35.5161,3.51525,-0.513587,35.3042,-3.21538,6.16211,50.361,-3.30579,-5.87885,51.1694
3.37776,1.12351,35.4942,3.45731,-0.589903,35.4549,-3.22415,6.16524,50.381,-3.32039,-5.92484,51.2558
3.38473,1.07887,35.46,3.4125,-0.65429,35.5792,-3.23423,6.16715,50.4001,-3.33014,-5.9708,51.342
3.39116,1.04065,35.4275,3.37463,-0.71027,35.6929,-3.24499,6.16833,50.4202,-3.33524,-6.01658,51.4284
3.39691,1.00762,35.3959,3.34223,-0.759635,35.798,-3.25634,6.16885,50.44,-3.33654,-6.06235,51.514
3.40219,0.978977,35.3662,3.31432,-0.803522,35.8965,-3.26802,6.16911,50.4612,-3.33456,-6.1078,51.5995
3.40701,0.953538,35.3374,3.2897,-0.84349,35.9899,-3.28002,6.16917,50.4818,-3.33021,-6.15307,51.6835
3.41147,0.930728,35.3103,3.26753,-0.880496,36.0801,-3.29205,6.16937,50.5032,-3.32378,-6.19798,51.7669
3.41568,0.909857,35.2854,3.24689,-0.915555,36.169,-3.30399,6.17004,50.5262,-3.31581,-6.24234,51.85
3.41963,0.890061,35.2619,3.22688,-0.949896,36.2577,-3.3157,6.17121,50.5494,-3.30677,-6.28632,51.932
3.42344,0.870912,35.2406,3.20665,-0.984298,36.3481,-3.32698,6.17346,50.5742,-3.29714,-6.32961,52.0137
3.42715,0.851124,35.2213,3.18521,-1.02029,36.4416,-3.33772,6.17636,50.5995,-3.28745,-6.37239,52.094
3.4308,0.830613,35.2046,3.16172,-1.05843,36.5403,-3.3477,6.18084,50.6268,-3.27808,-6.41427,52.174
3.43438,0.808487,35.191,3.13512,-1.1,36.646,-3.35677,6.187,50.656,-3.26959,-6.45518,52.2533
3.43787,0.783843,35.1804,3.10417,-1.14635,36.7606,-3.36478,6.19511,50.6863,-3.26268,-6.49498,52.3314
3.44122,0.755875,35.1735,3.06759,-1.19879,36.8866,-3.37157,6.20556,50.7182,-3.25807,-6.53338,52.408
3.44428,0.723755,35.1711,3.02391,-1.2588,37.0268,-3.37693,6.21876,50.7516,-3.25644,-6.57006,52.4827
3.44684,0.686475,35.1742,2.97138,-1.3281,37.1841,-3.38069,6.23516,50.7865,-3.25875,-6.60464,52.5549
3.4486,0.642799,35.184,2.90791,-1.40877,37.3625,-3.38275,6.2552,50.8223,-3.26622,-6.63671,52.6235
3.44906,0.591282,35.202,2.83112,-1.50332,37.5661,-3.38299,6.2792,50.8584,-3.28016,-6.66596,52.6873
3.44745,0.530274,35.2309,2.73841,-1.6147,37.8001,-3.38133,6.30718,50.8952,-3.30189,-6.69219,52.7452
3.44259,0.45673,35.2735,2.62666,-1.74738,38.0698,-3.37805,6.3381,50.9306,-3.33352,-6.71621,52.7944
3.43264,0.366017,35.3339,2.49254,-1.9079,38.3821,-3.37367,6.36871,50.9644,-3.37669,-6.74074,52.833
3.41553,0.245223,35.4149,2.32493,-2.11538,38.7707,-3.36905,6.38847,50.9942,-3.43233,-6.77511,52.8551
3.37898,0.0786473,35.5483,2.11445,-2.39646,39.2953,-3.36532,6.37438,51.0199,-3.49931,-6.84358,52.856
-3.75985,8.96026,41.2057,9.28564,6.66929,33.6518,-9.18659,-1.27841,50.6004,1.92758,-14.5177,54.0283
-14.2616,21.432,48.3962,13.2645,18.6275,30.0807,-16.5034,-13.9095,52.2285,8.85623,-26.5343,60.5996
-20.9085,23.7323,40.9404,14.7703,18.7339,30.527,-19.9075,-18.6253,55.8432,12.492,-32.1316,68.77
-17.6076,20.7643,34.7315,15.3423,18.9705,30.9809,-20.2733,-19.2981,57.1788,13.8149,-32.1877,72.3296
-13.6567,16.8631,27.6122,14.4836,18.0309,29.2979,-19.1157,-18.4075,56.6711,13.7705,-30.6146,72.7379
-12.5224,17.8366,27.6839,14.1277,17.6501,28.6064,-16.6477,-16.8169,55.1708,13.3028,-27.927,71.1713
-10.3894,16.2802,24.5915,13.9493,17.3432,28.1622,-15.3017,-15.603,53.8892,12.6301,-24.308,68.1751
-9.45756,19.5962,27.7914,12.0935,15.4307,24.8666,-11.723,-12.3713,52.0496,10.6427,-17.0985,59.811
-6.68821,20.8169,28.6505,11.1404,14.5858,23.3591,-9.46028,-8.55333,49.4871,8.99334,-14.3232,56.0663
-4.58103,15.9693,32.1548,10.8458,14.9138,23.624,-9.04782,-5.86399,49.3893,8.60843,-12.186,54.7945
-1.89212,7.35883,33.6444,9.94261,13.9039,22.7083,-8.11312,-2.0532,47.735,7.2711,-7.90318,52.2145
3.08638,0.643989,24.0162,3.09174,8.71176,37.9912,-6.82801,-0.116473,46.6434,5.58139,-5.76237,50.474
4.92475,-2.29478,21.9734,-2.84377,1.61825,46.2575,-5.90814,1.80767,45.6104,3.83994,-3.73311,49.0999
5.95742,-2.96064,22.6063,-1.66156,-0.771263,36.3124,-5.35506,3.51547,44.7397,2.02075,-1.62636,48.0458
6.68614,-4.07769,22.8345,-2.45382,-2.21351,36.371,-4.9135,4.87815,44.2269,0.6505,-0.20654,47.4256
7.10504,-5.33681,22.2663,-3.23529,-3.23377,37.1701,-4.7264,5.84586,44.0769,-0.30293,0.732577,46.8452
7.96467,-6.64278,22.6525,-4.30903,-4.65044,38.0189,-4.13489,7.27377,44.0644,-1.60633,2.25846,46.3984
8.64468,-8.31153,22.0939,-5.13322,-5.52057,39.0727,-3.8357,8.27505,44.2557,-2.41955,3.32065,46.0439
9.04865,-10.2319,20.8416,-5.91379,-6.18645,40.1634,-3.70277,9.06622,44.4115,-3.07301,4.15778,45.7398
8.88229,-11.2585,19.9868,-6.48217,-6.55603,41.5915,-3.62994,9.68423,45.1562,-3.3488,4.85347,45.3918
5.27,0.601962,30.0876,5.58117,0.703523,29.4785,-3.31575,6.00156,50.356,-3.41186,-5.64459,51.399
1.55984,2.17825,40.676,2.1386,-0.831401,39.3606,-3.05282,6.22645,50.1821,-2.96584,-5.68368,50.3357
3.19568,1.36526,35.9363,3.48793,-0.383536,35.3359,-3.18859,6.16272,50.3163,-3.23986,-5.78757,50.9778
3.38425,1.22679,35.4909,3.59433,-0.419356,35.0936,-3.20876,6.15799,50.3433,-3.28678,-5.83286,51.0891
3.37483,1.17381,35.5161,3.51525,-0.513587,35.3042,-3.21538,6.16211,50.361,-3.30579,-5.87885,51.1694
3.37776,1.12351,35.4942,3.45731,-0.589903,35.4549,-3.22415,6.16524,50.381,-3.32039,-5.92484,51.2558
3.38473,1.07887,35.46,3.4125,-0.65429,35.5792,-3.23423,6.16715,50.4001,-3.33014,-5.9708,51.342
3.39116,1.04065,35.4275,3.37463,-0.71027,35.6929,-3.24499,6.16833,50.4202,-3.33524,-6.01658,51.4284
3.39691,1.00762,35.3959,3.34223,-0.759635,35.798,-3.25634,6.16885,50.44,-3.33654,-6.06235,51.514
3.40219,0.978977,35.3662,3.31432,-0.803522,35.8965,-3.26802,6.16911,50.4612,-3.33456,-6.1078,51.5995
3.40701,0.953538,35.3374,3.2897,-0.84349,35.9899,-3.28002,6.16917,50.4818,-3.33021,-6.15307,51.6835
3.41147,0.930728,35.3103,3.26753,-0.880496,36.0801,-3.29205,6.16937,50.5032,-3.32378,-6.19798,51.7669
3.41568,0.909857,35.2854,3.24689,-0.915555,36.169,-3.30399,6.17004,50.5262,-3.31581,-6.24234,51.85
3.41963,0.890061,35.2619,3.22688,-0.949896,36.2577,-3.3157,6.17121,50.5494,-3.30677,-6.28632,51.932
3.42344,0.870912,35.2406,3.20665,-0.984298,36.3481,-3.32698,6.17346,50.5742,-3.29714,-6.32961,52.0137
3.42715,0.851124,35.2213,3.18521,-1.02029,36.4416,-3.33772,6.17636,50.5995,-3.28745,-6.37239,52.094
3.4308,0.830613,35.2046,3.16172,-1.05843,36.5403,-3.3477,6.18084,50.6268,-3.27808,-6.41427,52.174
3.43438,0.808487,35.191,3.13512,-1.1,36.646,-3.35677,6.187,50.656,-3.26959,-6.45518,52.2533
3.43787,0.783843,35.1804,3.10417,-1.14635,36.7606,-3.36478,6.19511,50.6863,-3.26268,-6.49498,52.3314
3.44122,0.755875,35.1735,3.06759,-1.19879,36.8866,-3.37157,6.20556,50.7182,-3.25807,-6.53338,52.408
3.44428,0.723755,35.1711,3.02391,-1.2588,37.0268,-3.37693,6.21876,50.7516,-3.25644,-6.57006,52.4827
3.44684,0.686475,35.1742,2.97138,-1.3281,37.1841,-3.38069,6.23516,50.7865,-3.25875,-6.60464,52.5549
3.4486,0.642799,35.184,2.90791,-1.40877,37.3625,-3.38275,6.2552,50.8223,-3.26622,-6.63671,52.6235
3.44906,0.591282,35.202,2.83112,-1.50332,37.5661,-3.38299,6.2792,50.8584,-3.28016,-6.66596,52.6873
3.44745,0.530274,35.2309,2.73841,-1.6147,37.8001,-3.38133,6.30718,50.8952,-3.30189,-6.69219,52.7452
3.44259,0.45673,35.2735,2.62666,-1.74738,38.0698,-3.37805,6.3381,50.9306,-3.33352,-6.71621,52.7944
3.43264,0.366017,35.3339,2.49254,-1.9079,38.3821,-3.37367,6.36871,50.9644,-3.37669,-6.74074,52.833
3.41553,0.245223,35.4149,2.32493,-2.11538,38.7707,-3.36905,6.38847,50.9942,-3.43233,-6.77511,52.8551
3.37898,0.0786473,35.5483,2.11445,-2.39646,39.2953,-3.36532,6.37438,51.0199,-3.49931,-6.84358,52.856
-3.75985,8.96026,41.2057,9.28564,6.66929,33.6518,-9.18659,-1.27841,50.6004,1.92758,-14.5177,54.0283
-14.2616,21.432,48.3962,13.2645,18.6275,30.0807,-16.5034,-13.9095,52.2285,8.85623,-26.5343,60.5996
-20.9085,23.7323,40.9404,14.7703,18.7339,30.527,-19.9075,-18.6253,55.8432,12.492,-32.1316,68.77
-17.6076,20.7643,34.7315,15.3423,18.9705,30.9809,-20.2733,-19.2981,57.1788,13.8149,-32.1877,72.3296
-13.6567,16.8631,27.6122,14.4836,18.0309,29.2979,-19.1157,-18.4075,56.6711,13.7705,-30.6146,72.7379
-12.5224,17.8366,27.6839,14.1277,17.6501,28.6064,-16.6477,-16.8169,55.1708,13.3028,-27.927,71.1713
-10.3894,16.2802,24.5915,13.9493,17.3432,28.1622,-15.3017,-15.603,53.8892,12.6301,-24.308,68.1751
-9.45756,19.5962,27.7914,12.0935,15.4307,24.8666,-11.723,-12.3713,52.0496,10.6427,-17.0985,59.811
-6.68821,20.8169,28.6505,11.1404,14.5858,23.3591,-9.46028,-8.55333,49.4871,8.99334,-14.3232,56.0663
-4.58103,15.9693,32.1548,10.8458,14.9138,23.624,-9.04782,-5.86399,49.3893,8.60843,-12.186,54.7945
-1.89212,7.35883,33.6444,9.9426,13.9039,22.7083,-8.11312,-2.0532,47.735,7.2711,-7.90318,52.2145
3.08638,0.643989,24.0162,3.09174,8.71176,37.9912,-6.82801,-0.116473,46.6434,5.58139,-5.76237,50.474
4.92475,-2.29478,21.9734,-2.84377,1.61825,46.2575,-5.90814,1.80767,45.6104,3.83994,-3.73311,49.0999
5.95742,-2.96064,22.6063,-1.66156,-0.771263,36.3124,-5.35506,3.51547,44.7397,2.02075,-1.62636,48.0458
6.68614,-4.07769,22.8345,-2.45382,-2.21351,36.371,-4.9135,4.87815,44.2269,0.6505,-0.20654,47.4256
7.10504,-5.33681,22.2663,-3.23529,-3.23377,37.1701,-4.7264,5.84586,44.0769,-0.30293,0.732577,46.8452
7.96468,-6.64278,22.6525,-4.30903,-4.65044,38.0189,-4.13489,7.27377,44.0644,-1.60633,2.25846,46.3984
8.64468,-8.31153,22.0939,-5.13322,-5.52057,39.0727,-3.8357,8.27505,44.2557,-2.41955,3.32065,46.0439
9.04865,-10.2319,20.8417,-5.91379,-6.18645,40.1634,-3.70277,9.06622,44.4115,-3.07301,4.15778,45.7398
8.88229,-11.2585,19.9868,-6.48217,-6.55603,41.5915,-3.62994,9.68423,45.1562,-3.3488,4.85347,45.3918
5.27,0.601962,30.0876,5.58117,0.703523,29.4785,-3.31575,6.00156,50.356,-3.41186,-5.64459,51.399
1.55984,2.17825,40.676,2.1386,-0.831401,39.3606,-3.05282,6.22645,50.1821,-2.96584,-5.68368,50.3357
3.19568,1.36526,35.9363,3.48793,-0.383536,35.3359,-3.18859,6.16272,50.3163,-3.23986,-5.78757,50.9778
3.38425,1.22679,35.4909,3.59433,-0.419356,35.0936,-3.20876,6.15799,50.3433,-3.28678,-5.83286,51.0891
3.37483,1.17381,35.5161,3.51525,-0.513587,35.3042,-3.21538,6.16211,50.361,-3.30579,-5.87885,51.1694
3.37776,1.12351,35.4942,3.45731,-0.589903,35.4549,-3.22415,6.16524,50.381,-3.32039,-5.92484,51.2558
3.38473,1.07887,35.46,3.4125,-0.65429,35.5792,-3.23423,6.16715,50.4001,-3.33014,-5.9708,51.342
3.39116,1.04065,35.4275,3.37463,-0.71027,35.6929,-3.24499,6.16833,50.4202,-3.33524,-6.01658,51.4284
3.39691,1.00762,35.3959,3.34223,-0.759635,35.798,-3.25634,6.16885,50.44,-3.33654,-6.06235,51.514
3.40219,0.978977,35.3662,3.31432,-0.803522,35.8965,-3.26802,6.16911,50.4612,-3.33456,-6.1078,51.5995
3.40701,0.953538,35.3374,3.2897,-0.84349,35.9899,-3.28002,6.16917,50.4818,-3.33021,-6.15307,51.6835
3.41147,0.930728,35.3103,3.26753,-0.880496,36.0801,-3.29205,6.16937,50.5032,-3.32378,-6.19798,51.7669
3.41568,0.909857,35.2854,3.24689,-0.915555,36.169,-3.30399,6.17004,50.5262,-3.31581,-6.24234,51.85
3.41963,0.890061,35.2619,3.22688,-0.949896,36.2577,-3.3157,6.17121,50.5494,-3.30677,-6.28632,51.932
3.42344,0.870912,35.2406,3.20665,-0.984298,36.3481,-3.32698,6.17346,50.5742,-3.29714,-6.32961,52.0137
3.42715,0.851124,35.2213,3.18521,-1.02029,36.4416,-3.33772,6.17636,50.5995,-3.28745,-6.37239,52.094
3.4308,0.830613,35.2046,3.16172,-1.05843,36.5403,-3.3477,6.18084,50.6268,-3.27808,-6.41427,52.174
3.43438,0.808487,35.191,3.13512,-1.1,36.646,-3.35677,6.187,50.656,-3.26959,-6.45518,52.2533
3.43787,0.783843,35.1804,3.10417,-1.14635,36.7606,-3.36478,6.19511,50.6863,-3.26268,-6.49498,52.3314
3.44122,0.755875,35.1735,3.06759,-1.19879,36.8866,-3.37157,6.20556,50.7182,-3.25807,-6.53338,52.408
3.44428,0.723755,35.1711,3.02391,-1.2588,37.0268,-3.37693,6.21876,50.7516,-3.25644,-6.57006,52.4827
3.44684,0.686475,35.1742,2.97138,-1.3281,37.1841,-3.38069,6.23516,50.7865,-3.25875,-6.60464,52.5549
3.4486,0.642799,35.184,2.90791,-1.40877,37.3625,-3.38275,6.2552,50.8223,-3.26622,-6.63671,52.6235
3.44906,0.591282,35.202,2.83112,-1.50332,37.5661,-3.38299,6.2792,50.8584,-3.28016,-6.66596,52.6873
3.44745,0.530274,35.2309,2.73841,-1.6147,37.8001,-3.38133,6.30718,50.8952,-3.30189,-6.69219,52.7452
3.44259,0.45673,35.2735,2.62666,-1.74738,38.0698,-3.37805,6.3381,50.9306,-3.33352,-6.71621,52.7944
3.43264,0.366017,35.3339,2.49254,-1.9079,38.3821,-3.37367,6.36871,50.9644,-3.37669,-6.74074,52.833
3.41553,0.245223,35.4149,2.32493,-2.11538,38.7707,-3.36905,6.38847,50.9942,-3.43233,-6.77511,52.8551
3.37898,0.0786473,35.5483,2.11445,-2.39646,39.2953,-3.36532,6.37438,51.0199,-3.49931,-6.84358,52.856
-3.75985,8.96026,41.2057,9.28564,6.66929,33.6518,-9.18659,-1.27841,50.6004,1.92758,-14.5177,54.0283
-14.2616,21.432,48.3962,13.2645,18.6275,30.0807,-16.5034,-13.9095,52.2285,8.85623,-26.5343,60.5996
-20.9085,23.7323,40.9404,14.7703,18.7339,30.527,-19.9075,-18.6253,55.8432,12.492,-32.1316,68.77
-17.6076,20.7643,34.7315,15.3423,18.9705,30.9809,-20.2733,-19.2981,57.1788,13.8149,-32.1877,72.3296
-13.6567,16.8631,27.6122,14.4836,18.0309,29.2979,-19.1157,-18.4075,56.6711,13.7705,-30.6146,72.7379
-12.5224,17.8366,27.6839,14.1277,17.6501,28.6064,-16.6477,-16.8169,55.1708,13.3028,-27.927,71.1713
-10.3894,16.2802,24.5915,13.9493,17.3432,28.1622,-15.3017,-15.603,53.8892,12.6301,-24.308,68.1751
-9.45756,19.5962,27.7914,12.0935,15.4307,24.8666,-11.723,-12.3713,52.0496,10.6427,-17.0985,59.811
-6.68821,20.8169,28.6505,11.1404,14.5858,23.3591,-9.46028,-8.55333,49.4871,8.99334,-14.3232,56.0663
-4.58103,15.9693,32.1548,10.8458,14.9138,23.624,-9.04782,-5.86399,49.3893,8.60843,-12.186,54.7945
-1.89212,7.35883,33.6444,9.9426,13.9039,22.7083,-8.11312,-2.0532,47.735,7.2711,-7.90318,52.2145
3.08638,0.643989,24.0162,3.09174,8.71176,37.9912,-6.82801,-0.116473,46.6434,5.58139,-5.76237,50.474
4.92475,-2.29478,21.9734,-2.84377,1.61825,46.2575,-5.90814,1.80767,45.6104,3.83994,-3.73311,49.0999
5.95742,-2.96064,22.6063,-1.66156,-0.771263,36.3124,-5.35506,3.51547,44.7397,2.02076,-1.62636,48.0458
6.68614,-4.07769,22.8345,-2.45382,-2.21351,36.371,-4.9135,4.87815,44.2269,0.6505,-0.20654,47.4256
7.10504,-5.33681,22.2663,-3.23529,-3.23377,37.1701,-4.7264,5.84586,44.0769,-0.30293,0.732577,46.8452
7.96467,-6.64278,22.6525,-4.30903,-4.65044,38.0189,-4.13489,7.27377,44.0644,-1.60633,2.25846,46.3984
8.64467,-8.31152,22.0939,-5.13322,-5.52057,39.0727,-3.8357,8.27505,44.2557,-2.41955,3.32065,46.0439
9.04865,-10.2319,20.8416,-5.91379,-6.18645,40.1634,-3.70277,9.06622,44.4115,-3.07301,4.15778,45.7398
8.88229,-11.2585,19.9868,-6.48217,-6.55603,41.5915,-3.62994,9.68423,45.1562,-3.3488,4.85347,45.3918
5.27,0.601962,30.0876,5.58117,0.703523,29.4785,-3.31575,6.00156,50.356,-3.41186,-5.64459,51.399
1.55984,2.17825,40.676,2.1386,-0.831401,39.3606,-3.05282,6.22645,50.1821,-2.96584,-5.68368,50.3357
3.19568,1.36526,35.9363,3.48793,-0.383536,35.3359,-3.18859,6.16272,50.3163,-3.23986,-5.78757,50.9778
3.38425,1.22679,35.4909,3.59433,-0.419356,35.0936,-3.20876,6.15799,50.3433,-3.28678,-5.83286,51.0891
3.37483,1.17381,35.5161,3.51525,-0.513587,35.3042,-3.21538,6.16211,50.361,-3.30579,-5.87885,51.1694
3.37776,1.12351,35.4942,3.45731,-0.589903,35.4549,-3.22415,6.16524,50.381,-3.32039,-5.92484,51.2558
3.38473,1.07887,35.46,3.4125,-0.65429,35.5792,-3.23423,6.16715,50.4001,-3.33014,-5.9708,51.342
3.39116,1.04065,35.4275,3.37463,-0.71027,35.6929,-3.24499,6.16833,50.4202,-3.33524,-6.01658,51.4284
3.39691,1.00762,35.3959,3.34223,-0.759635,35.798,-3.25634,6.16885,50.44,-3.33654,-6.06235,51.514
3.40219,0.978977,35.3662,3.31432,-0.803522,35.8965,-3.26802,6.16911,50.4612,-3.33456,-6.1078,51.5995
3.40701,0.953538,35.3374,3.2897,-0.84349,35.9899,-3.28002,6.16917,50.4818,-3.33021,-6.15307,51.6835
3.41147,0.930728,35.3103,3.26753,-0.880496,36.0801,-3.29205,6.16937,50.5032,-3.32378,-6.19798,51.7669
3.41568,0.909857,35.2854,3.24689,-0.915555,36.169,-3.30399,6.17004,50.5262,-3.31581,-6.24234,51.85
3.41963,0.890061,35.2619,3.22688,-0.949896,36.2577,-3.3157,6.17121,50.5494,-3.30677,-6.28632,51.932
3.42344,0.870912,35.2406,3.20665,-0.984298,36.3481,-3.32698,6.17346,50.5742,-3.29714,-6.32961,52.0137
3.42715,0.851124,35.2213,3.18521,-1.02029,36.4416,-3.33772,6.17636,50.5995,-3.28745,-6.37239,52.094
3.4308,0.830613,35.2046,3.16172,-1.05843,36.5403,-3.3477,6.18084,50.6268,-3.27808,-6.41427,52.174
3.43438,0.808487,35.191,3.13512,-1.1,36.646,-3.35677,6.187,50.656,-3.26959,-6.45518,52.2533
3.43787,0.783843,35.1804,3.10417,-1.14635,36.7606,-3.36478,6.19511,50.6863,-3.26268,-6.49498,52.3314
3.44122,0.755875,35.1735,3.06759,-1.19879,36.8866,-3.37157,6.20556,50.7182,-3.25807,-6.53338,52.408
3.44428,0.723755,35.1711,3.02391,-1.2588,37.0268,-3.37693,6.21876,50.7516,-3.25644,-6.57006,52.4827
3.44684,0.686475,35.1742,2.97138,-1.3281,37.1841,-3.38069,6.23516,50.7865,-3.25875,-6.60464,52.5549
3.4486,0.642799,35.184,2.90791,-1.40877,37.3625,-3.38275,6.2552,50.8223,-3.26622,-6.63671,52.6235
3.44906,0.591282,35.202,2.83112,-1.50332,37.5661,-3.38299,6.2792,50.8584,-3.28016,-6.66596,52.6873
3.44745,0.530274,35.2309,2.73841,-1.6147,37.8001,-3.38133,6.30718,50.8952,-3.30189,-6.69219,52.7452
3.44259,0.45673,35.2735,2.62666,-1.74738,38.0698,-3.37805,6.3381,50.9306,-3.33352,-6.71621,52.7944
3.43264,0.366017,35.3339,2.49254,-1.9079,38.3821,-3.37367,6.36871,50.9644,-3.37669,-6.74074,52.833
3.41553,0.245223,35.4149,2.32493,-2.11538,38.7707,-3.36905,6.38847,50.9942,-3.43233,-6.77511,52.8551
3.37898,0.0786473,35.5483,2.11445,-2.39646,39.2953,-3.36532,6.37438,51.0199,-3.49931,-6.84358,52.856
-3.75985,8.96026,41.2057,9.28564,6.66929,33.6518,-9.18659,-1.27841,50.6004,1.92758,-14.5177,54.0283
-14.2616,21.432,48.3962,13.2645,18.6275,30.0807,-16.5034,-13.9095,52.2285,8.85623,-26.5343,60.5996
-20.9085,23.7323,40.9404,14.7703,18.7339,30.527,-19.9075,-18.6253,55.8432,12.492,-32.1316,68.77
-17.6076,20.7643,34.7315,15.3423,18.9705,30.9809,-20.2733,-19.2981,57.1788,13.8149,-32.1877,72.3296
-13.6567,16.8631,27.6122,14.4836,18.0309,29.2979,-19.1157,-18.4075,56.6711,13.7705,-30.6146,72.7379
-12.5224,17.8366,27.6839,14.1277,17.6501,28.6064,-16.6477,-16.8169,55.1708,13.3028,-27.927,71.1713
-10.3894,16.2802,24.5915,13.9493,17.3432,28.1622,-15.3017,-15.603,53.8892,12.6301,-24.308,68.1751
-9.45756,19.5962,27.7914,12.0935,15.4307,24.8666,-11.723,-12.3713,52.0496,10.6427,-17.0985,59.811
-6.68821,20.8169,28.6505,11.1404,14.5858,23.3591,-9.46028,-8.55333,49.4871,8.99334,-14.3232,56.0663
-4.58103,15.9693,32.1548,10.8458,14.9138,23.624,-9.04782,-5.86399,49.3893,8.60843,-12.186,54.7945
-1.89212,7.35883,33.6444,9.94261,13.9039,22.7083,-8.11312,-2.0532,47.735,7.2711,-7.90318,52.2145
3.08638,0.643989,24.0162,3.09174,8.71176,37.9912,-6.82801,-0.116473,46.6434,5.58139,-5.76237,50.474
4.92475,-2.29478,21.9734,-2.84377,1.61825,46.2575,-5.90814,1.80767,45.6104,3.83994,-3.73311,49.0999
5.95742,-2.96064,22.6063,-1.66156,-0.771263,36.3124,-5.35506,3.51547,44.7397,2.02075,-1.62636,48.0458
6.68614,-4.07769,22.8345,-2.45382,-2.21351,36.371,-4.9135,4.87815,44.2269,0.6505,-0.20654,47.4256
7.10504,-5.33681,22.2663,-3.23529,-3.23377,37.1701,-4.7264,5.84586,44.0769,-0.30293,0.732577,46.8452
7.96467,-6.64278,22.6525,-4.30903,-4.65044,38.0189,-4.13489,7.27377,44.0644,-1.60633,2.25846,46.3984
8.64468,-8.31153,22.0939,-5.13322,-5.52057,39.0727,-3.8357,8.27505,44.2557,-2.41955,3.32065,46.0439
9.04865,-10.2319,20.8416,-5.91379,-6.18645,40.1634,-3.70277,9.06622,44.4115,-3.07301,4.15778,45.7398
8.88229,-11.2585,19.9868,-6.48217,-6.55603,41.5915,-3.62994,9.68423,45.1562,-3.3488,4.85347,45.3918
5.27,0.601962,30.0876,5.58117,0.703523,29.4785,-3.31575,6.00156,50.356,-3.41186,-5.64459,51.399
1.55984,2.17825,40.676,2.1386,-0.831401,39.3606,-3.05282,6.22645,50.1821,-2.96584,-5.68368,50.3357
3.19568,1.36526,35.9363,3.48793,-0.383536,35.3359,-3.18859,6.16272,50.3163,-3.23986,-5.78757,50.9778
3.38425,1.22679,35.4909,3.59433,-0.419356,35.0936,-3.20876,6.15799,50.3433,-3.28678,-5.83286,51.0891
3.37483,1.17381,35.5161,3.51525,-0.513587,35.3042,-3.21538,6.16211,50.361,-3.30579,-5.87885,51.1694
3.37776,1.12351,35.4942,3.45731,-0.589903,35.4549,-3.22415,6.16524,50.381,-3.32039,-5.92484,51.2558
3.38473,1.07887,35.46,3.4125,-0.65429,35.5792,-3.23423,6.16715,50.4001,-3.33014,-5.9708,51.342
3.39116,1.04065,35.4275,3.37463,-0.71027,35.6929,-3.24499,6.16833,50.4202,-3.33524,-6.01658,51.4284
3.39691,1.00762,35.3959,3.34223,-0.759635,35.798,-3.25634,6.16885,50.44,-3.33654,-6.06235,51.514
3.40219,0.978977,35.3662,3.31432,-0.803522,35.8965,-3.26802,6.16911,50.4612,-3.33456,-6.1078,51.5995
3.40701,0.953538,35.3374,3.2897,-0.84349,35.9899,-3.28002,6.16917,50.4818,-3.33021,-6.15307,51.6835
3.41147,0.930728,35.3103,3.26753,-0.880496,36.0801,-3.29205,6.16937,50.5032,-3.32378,-6.19798,51.7669
3.41568,0.909857,35.2854,3.24689,-0.915555,36.169,-3.30399,6.17004,50.5262,-3.31581,-6.24234,51.85
3.41963,0.890061,35.2619,3.22688,-0.949896,36.2577,-3.3157,6.17121,50.5494,-3.30677,-6.28632,51.932
3.42344,0.870912,35.2406,3.20665,-0.984298,36.3481,-3.32698,6.17346,50.5742,-3.29714,-6.32961,52.0137
3.42715,0.851124,35.2213,3.18521,-1.02029,36.4416,-3.33772,6.17636,50.5995,-3.28745,-6.37239,52.094
3.4308,0.830613,35.2046,3.16172,-1.05843,36.5403,-3.3477,6.18084,50.6268,-3.27808,-6.41427,52.174
3.43438,0.808487,35.191,3.13512,-1.1,36.646,-3.35677,6.187,50.656,-3.26959,-6.45518,52.2533
3.43787,0.783843,35.1804,3.10417,-1.14635,36.7606,-3.36478,6.19511,50.6863,-3.26268,-6.49498,52.3314
3.44122,0.755875,35.1735,3.06759,-1.19879,36.8866,-3.37157,6.20556,50.7182,-3.25807,-6.53338,52.408
3.44428,0.723755,35.1711,3.02391,-1.2588,37.0268,-3.37693,6.21876,50.7516,-3.25644,-6.57006,52.4827
3.44684,0.686475,35.1742,2.97138,-1.3281,37.1841,-3.38069,6.23516,50.7865,-3.25875,-6.60464,52.5549
3.4486,0.642799,35.184,2.90791,-1.40877,37.3625,-3.38275,6.2552,50.8223,-3.26622,-6.63671,52.6235
3.44906,0.591282,35.202,2.83112,-1.50332,37.5661,-3.38299,6.2792,50.8584,-3.28016,-6.66596,52.6873
3.44745,0.530274,35.2309,2.73841,-1.6147,37.8001,-3.38133,6.30718,50.8952,-3.30189,-6.69219,52.7452
3.44259,0.45673,35.2735,2.62666,-1.74738,38.0698,-3.37805,6.3381,50.9306,-3.33352,-6.71621,52.7944
3.43264,0.366017,35.3339,2.49254,-1.9079,38.3821,-3.37367,6.36871,50.9644,-3.37669,-6.74074,52.833
3.41553,0.245223,35.4149,2.32493,-2.11538,38.7707,-3.36905,6.38847,50.9942,-3.43233,-6.77511,52.8551
3.37898,0.0786473,35.5483,2.11445,-2.39646,39.2953,-3.36532,6.37438,51.0199,-3.49931,-6.84358,52.856
-3.75985,8.96026,41.2057,9.28564,6.66929,33.6518,-9.18659,-1.27841,50.6004,1.92758,-14.5177,54.0283
-14.2616,21.432,48.3962,13.2645,18.6275,30.0807,-16.5034,-13.9095,52.2285,8.85623,-26.5343,60.5996
-20.9085,23.7323,40.9404,14.7703,18.7339,30.527,-19.9075,-18.6253,55.8432,12.492,-32.1316,68.77
-17.6076,20.7643,34.7315,15.3423,18.9705,30.9809,-20.2733,-19.2981,57.1788,13.8149,-32.1877,72.3296
-13.6567,16.8631,27.6122,14.4836,18.0309,29.2979,-19.1157,-18.4075,56.6711,13.7705,-30.6146,72.7379
-12.5224,17.8366,27.6839,14.1277,17.6501,28.6064,-16.6477,-16.8169,55.1708,13.3028,-27.927,71.1713
-10.3894,16.2802,24.5915,13.9493,17.3432,28.1622,-15.3017,-15.603,53.8892,12.6301,-24.308,68.1751
-9.45756,19.5962,27.7914,12.0935,15.4307,24.8666,-11.723,-12.3713,52.0496,10.6427,-17.0985,59.811
-6.68821,20.8169,28.6505,11.1404,14.5858,23.3591,-9.46028,-8.55333,49.4871,8.99334,-14.3232,56.0663
-4.58103,15.9693,32.1548,10.8458,14.9138,23.624,-9.04782,-5.86399,49.3893,8.60843,-12.186,54.7945
-1.89212,7.35883,33.6444,9.94261,13.9039,22.7083,-8.11312,-2.0532,47.735,7.2711,-7.90318,52.2145
3.08638,0.643989,24.0162,3.09174,8.71176,37.9912,-6.82801,-0.116473,46.6434,5.58139,-5.76237,50.474
4.92475,-2.29478,21.9734,-2.84377,1.61825,46.2575,-5.90814,1.80767,45.6104,3.83994,-3.73311,49.0999
5.95742,-2.96064,22.6063,-1.66156,-0.771263,36.3124,-5.35506,3.51547,44.7397,2.02075,-1.62636,48.0458
6.68614,-4.07769,22.8345,-2.45382,-2.21351,36.371,-4.9135,4.87815,44.2269,0.6505,-0.20654,47.4256
7.10504,-5.33681,22.2663,-3.23529,-3.23377,37.1701,-4.7264,5.84586,44.0769,-0.30293,0.732577,46.8452
7.96467,-6.64278,22.6525,-4.30903,-4.65044,38.0189,-4.13489,7.27377,44.0644,-1.60633,2.25846,46.3984
8.64468,-8.31153,22.0939,-5.13322,-5.52057,39.0727,-3.8357,8.27505,44.2557,-2.41955,3.32065,46.0439
9.04865,-10.2319,20.8416,-5.91379,-6.18645,40.1634,-3.70277,9.06622,44.4115,-3.07301,4.15778,45.7398
8.88229,-11.2585,19.9868,-6.48217,-6.55603,41.5915,-3.62994,9.68423,45.1562,-3.3488,4.85347,45.3918
5.27,0.601962,30.0876,5.58117,0.703523,29.4785,-3.31575,6.00156,50.356,-3.41186,-5.64459,51.399
1.55984,2.17825,40.676,2.1386,-0.831401,39.3606,-3.05282,6.22645,50.1821,-2.96584,-5.68368,50.3357
3.19568,1.36526,35.9363,3.48793,-0.383536,35.3359,-3.18859,6.16272,50.3163,-3.23986,-5.78757,50.9778
3.38425,1.22679,35.4909,3.59433,-0.419356,35.0936,-3.20876,6.15799,50.3433,-3.28678,-5.83286,51.0891
3.37483,1.17381,35.5161,3.51525,-0.513587,35.3042,-3.21538,6.16211,50.361,-3.30579,-5.87885,51.1694
3.37776,1.12351,35.4942,3.45731,-0.589903,35.4549,-3.22415,6.16524,50.381,-3.32039,-5.92484,51.2558
3.38473,1.07887,35.46,3.4125,-0.65429,35.5792,-3.23423,6.16715,50.4001,-3.33014,-5.9708,51.342
3.39116,1.04065,35.4275,3.37463,-0.71027,35.6929,-3.24499,6.16833,50.4202,-3.33524,-6.01658,51.4284
3.39691,1.00762,35.3959,3.34223,-0.759635,35.798,-3.25634,6.16885,50.44,-3.33654,-6.06235,51.514
3.40219,0.978977,35.3662,3.31432,-0.803522,35.8965,-3.26802,6.16911,50.4612,-3.33456,-6.1078,51.5995
3.40701,0.953538,35.3374,3.2897,-0.84349,35.9899,-3.28002,6.16917,50.4818,-3.33021,-6.15307,51.6835
3.41147,0.930728,35.3103,3.26753,-0.880496,36.0801,-3.29205,6.16937,50.5032,-3.32378,-6.19798,51.7669
3.41568,0.909857,35.2854,3.24689,-0.915555,36.169,-3.30399,6.17004,50.5262,-3.31581,-6.24234,51.85
3.41963,0.890061,35.2619,3.22688,-0.949896,36.2577,-3.3157,6.17121,50.5494,-3.30677,-6.28632,51.932
3.42344,0.870912,35.2406,3.20665,-0.984298,36.3481,-3.32698,6.17346,50.5742,-3.29714,-6.32961,52.0137
3.42715,0.851124,35.2213,3.18521,-1.02029,36.4416,-3.33772,6.17636,50.5995,-3.28745,-6.37239,52.094
3.4308,0.830613,35.2046,3.16172,-1.05843,36.5403,-3.3477,6.18084,50.6268,-3.27808,-6.41427,52.174
3.43438,0.808487,35.191,3.13512,-1.1,36.646,-3.35677,6.187,50.656,-3.26959,-6.45518,52.2533
3.43787,0.783843,35.1804,3.10417,-1.14635,36.7606,-3.36478,6.19511,50.6863,-3.26268,-6.49498,52.3314
3.44122,0.755875,35.1735,3.06759,-1.19879,36.8866,-3.37157,6.20556,50.7182,-3.25807,-6.53338,52.408
3.44428,0.723755,35.1711,3.02391,-1.2588,37.0268,-3.37693,6.21876,50.7516,-3.25644,-6.57006,52.4827
3.44684,0.686475,35.1742,2.97138,-1.3281,37.1841,-3.38069,6.23516,50.7865,-3.25875,-6.60464,52.5549
3.4486,0.642799,35.184,2.90791,-1.40877,37.3625,-3.38275,6.2552,50.8223,-3.26622,-6.63671,52.6235
3.44906,0.591282,35.202,2.83112,-1.50332,37.5661,-3.38299,6.2792,50.8584,-3.28016,-6.66596,52.6873
3.44745,0.530274,35.2309,2.73841,-1.6147,37.8001,-3.38133,6.30718,50.8952,-3.30189,-6.69219,52.7452
3.44259,0.45673,35.2735,2.62666,-1.74738,38.0698,-3.37805,6.3381,50.9306,-3.33352,-6.71621,52.7944
3.43264,0.366017,35.3339,2.49254,-1.9079,38.3821,-3.37367,6.36871,50.9644,-3.37669,-6.74074,52.833
3.41553,0.245223,35.4149,2.32493,-2.11538,38.7707,-3.36905,6.38847,50.9942,-3.43233,-6.77511,52.8551
3.37898,0.0786473,35.5483,2.11445,-2.39646,39.2953,-3.36532,6.37438,51.0199,-3.49931,-6.84358,52.856
-3.75985,8.96026,41.2057,9.28564,6.66929,33.6518,-9.18659,-1.27841,50.6004,1.92758,-14.5177,54.0283
-14.2616,21.432,48.3962,13.2645,18.6275,30.0807,-16.5034,-13.9095,52.2285,8.85623,-26.5343,60.5996
-20.9085,23.7323,40.9404,14.7703,18.7339,30.527,-19.9075,-18.6253,55.8432,12.492,-32.1316,68.77
-17.6076,20.7643,34.7315,15.3423,18.9705,30.9809,-20.2733,-19.2981,57.1788,13.8149,-32.1877,72.3296
-13.6567,16.8631,27.6122,14.4836,18.0309,29.2979,-19.1157,-18.4075,56.6711,13.7705,-30.6146,72.7379
-12.5224,17.8366,27.6839,14.1277,17.6501,28.6064,-16.6477,-16.8169,55.1708,13.3028,-27.927,71.1713
-10.3894,16.2802,24.5915,13.9493,17.3432,28.1622,-15.3017,-15.603,53.8892,12.6301,-24.308,68.1751
-9.45756,19.5962,27.7914,12.0935,15.4307,24.8666,-11.723,-12.3713,52.0496,10.6427,-17.0985,59.811
-6.68821,20.8169,28.6505,11.1404,14.5858,23.3591,-9.46028,-8.55333,49.4871,8.99334,-14.3232,56.0663
-4.58103,15.9693,32.1548,10.8458,14.9138,23.624,-9.04782,-5.86399,49.3893,8.60843,-12.186,54.7945
-1.89212,7.35883,33.6444,9.94261,13.9039,22.7083,-8.11312,-2.0532,47.735,7.2711,-7.90318,52.2145
3.08638,0.643989,24.0162,3.09174,8.71176,37.9912,-6.82801,-0.116473,46.6434,5.58139,-5.76237,50.474
4.92475,-2.29478,21.9734,-2.84377,1.61825,46.2575,-5.90814,1.80767,45.6104,3.83994,-3.73311,49.0999
5.95742,-2.96064,22.6063,-1.66156,-0.771263,36.3124,-5.35506,3.51547,44.7397,2.02075,-1.62636,48.0458
6.68614,-4.07769,22.8345,-2.45382,-2.21351,36.371,-4.9135,4.87815,44.2269,0.6505,-0.20654,47.4256
7.10504,-5.33681,22.2663,-3.23529,-3.23377,37.1701,-4.7264,5.84586,44.0769,-0.30293,0.732577,46.8452
7.96467,-6.64278,22.6525,-4.30903,-4.65044,38.0189,-4.13489,7.27377,44.0644,-1.60633,2.25846,46.3984
8.64467,-8.31152,22.0939,-5.13322,-5.52057,39.0727,-3.8357,8.27505,44.2557,-2.41955,3.32065,46.0439
9.04865,-10.2319,20.8416,-5.91379,-6.18645,40.1634,-3.70277,9.06622,44.4115,-3.07301,4.15778,45.7398
8.88229,-11.2585,19.9868,-6.48217,-6.55603,41.5915,-3.62994,9.68423,45.1562,-3.3488,4.85347,45.3918
