-7.64961,-8.02373,14.9412,5.68048,-0.309622,100.128,3.50544,8.38532,122.506,-0.0556496,-0.0588638,0.51649
-6.94182,-7.35989,13.5071,5.34854,0.520331,104.44,1.9143,6.02908,127.45,-0.0582759,-0.058293,0.55379
-4.29731,-4.56089,8.65543,5.42135,0.462259,105.796,2.03021,6.2668,127.997,-0.0574495,-0.055381,0.552825
-2.88061,-3.0089,5.94175,5.15446,1.7078,103.967,0.456656,4.25242,129.881,-0.0683412,-0.0594584,0.639553
-1.39241,-1.4705,3.23417,5.37203,1.7973,104.708,0.584474,4.63292,130.379,-0.0734929,-0.0620142,0.672059
-1.07809,-1.11561,2.63558,5.24025,2.39369,100.005,-0.909572,2.75477,129.201,-0.105437,-0.074439,0.864204
-0.685173,-0.718448,1.91247,5.55922,2.58397,100.241,-0.75369,3.25916,129.808,-0.130784,-0.091157,0.988531
-0.656093,-0.686722,1.941,5.75985,2.36147,95.0835,-1.93956,2.46135,128.025,-0.228413,-0.131081,1.43072
-0.54911,-0.576595,1.759,6.12793,2.54633,95.0647,-1.74683,2.98731,128.704,-0.410139,-0.224559,2.05666
-0.78057,-0.831914,2.45371,6.75079,1.98682,88.3894,-2.36916,3.1739,122.034,-1.32384,-0.574849,4.53391
-1.03621,-1.09903,3.07332,7.17026,2.1338,88.4887,-2.04308,3.67836,122.828,-5.98334,-3.58498,14.788
-5.94764,-6.52313,13.779,8.00433,1.64642,79.127,-2.31047,3.58231,102.505,-5.98434,-7.99537,35.8647
-13.7093,-14.6288,30.1207,8.16826,1.8331,79.4906,-1.67501,3.82908,100.867,-3.97284,-10.1513,47.2568
-11.8187,-9.53804,46.4235,6.9615,0.0456552,60.5289,-4.11401,0.451855,60.4516,-0.00886844,-9.51432,63.2886
-8.54179,-3.58494,51.1809,6.80801,1.20304,55.6248,-3.45094,1.52833,58.7443,0.691161,-8.80267,63.6187
-0.390472,2.14364,57.4242,5.4438,-1.22559,34.7008,-4.11725,-2.9622,9.54994,2.49958,-8.02326,104.873
0.660725,3.26155,55.9421,5.46921,-0.900198,31.8072,-3.98316,-2.76431,8.98044,2.5395,-7.96064,105.749
5.21767,5.40713,62.9709,4.57689,-1.72274,25.5225,-1.16938,-0.967514,2.91333,4.8706,-5.09247,125.077
5.43984,5.53553,62.1713,4.21659,-1.73935,23.4329,-0.686622,-0.543419,1.93849,4.50414,-5.20625,127.091
7.24292,7.06526,69.8978,2.54518,-1.43061,19.8255,-0.318354,-0.257481,1.09229,5.85157,-2.14137,125.375
7.05319,6.94984,70.2237,2.05735,-1.54225,18.5007,-0.180496,-0.141524,0.782916,5.7119,-2.07774,126.673
7.2383,8.23305,76.6091,0.472675,-1.62635,15.3934,-0.110034,-0.0865883,0.582432,5.95829,-0.546283,121.142
7.0404,8.12173,77.2215,0.0692902,-1.77127,14.3876,-0.0716207,-0.0558253,0.476076,6.09536,-0.313612,121.661
6.7335,9.08681,82.5602,-1.1133,-2.32111,11.8185,-0.0495476,-0.0391161,0.403872,6.27182,0.399601,120.956
6.66145,9.02183,83.0697,-1.35404,-2.43958,11.2341,-0.0348211,-0.0279399,0.357381,6.57711,0.673279,121.147
6.28549,9.26871,88.8329,-2.4256,-3.06963,8.86776,-0.0261856,-0.0217769,0.329203,6.93614,1.30528,125.181
6.3309,9.19614,89.1846,-2.60519,-3.27174,8.90548,-0.020024,-0.0172574,0.306038,7.28721,1.57729,125.097
6.19266,8.64556,95.5181,-4.12034,-4.5989,9.4479,-0.0165624,-0.0155073,0.299259,7.29273,2.77074,130.077
6.14562,8.51055,96.6142,-5.88533,-6.58009,12.7437,-0.0141505,-0.0137992,0.287672,7.50447,3.05521,129.684
6.53265,7.26455,100.98,-6.22152,-6.60519,12.3714,-0.0129512,-0.0144319,0.29454,5.22569,3.72008,129.176
6.55944,7.24984,101.582,-4.87484,-5.17052,9.88055,-0.0122234,-0.0140372,0.290653,5.50477,4.06452,129.016
7.06917,6.1035,100.526,-2.2553,-2.35748,4.80558,-0.0116532,-0.0164845,0.311641,3.59517,3.40777,128.92
7.16128,6.25322,100.638,-0.972716,-1.0088,2.43569,-0.0121107,-0.0169376,0.315697,3.98535,3.71924,128.844
7.27123,5.2701,94.6048,-0.507264,-0.527666,1.51314,-0.0119731,-0.0208428,0.351157,3.1811,2.40576,128.692
7.3838,5.5215,94.5132,-0.302722,-0.313452,1.09695,-0.0133592,-0.0231114,0.373366,3.64146,2.62826,128.733
6.96237,5.00315,87.18,-0.224804,-0.234549,0.932899,-0.0131377,-0.0332451,0.457705,3.45263,1.04487,126.605
7.02534,5.33154,87.2346,-0.162112,-0.167338,0.788011,-0.0179962,-0.0389565,0.509141,4.0319,1.18787,127.025
5.79481,4.89872,81.366,-0.150872,-0.152072,0.802803,-0.0170409,-0.0643797,0.694854,3.45865,-0.391195,126.618
5.86128,5.1884,81.58,-0.126939,-0.125595,0.743978,-0.0288551,-0.0909725,0.86441,4.11169,-0.315452,127.442
5.23817,6.07085,80.4044,-0.156788,-0.142004,0.925931,-0.00953846,-0.186406,1.40702,3.31364,-1.38165,129.386
5.30587,6.27956,80.5736,-0.164116,-0.143505,0.965334,-0.0155049,-0.44676,2.40259,3.98704,-1.31318,130.538
4.88604,8.49661,81.7504,-0.347949,-0.248933,1.68317,1.13971,-4.26996,12.1216,2.78629,-1.85838,126.971
4.99366,8.58276,81.7012,-0.665063,-0.440808,2.49644,-3.88144,-9.20888,32.9,3.13286,-1.39366,127.573
3.2066,10.0042,76.6521,-8.51358,-4.82408,17.9655,-7.67884,-8.96198,61.2115,0.962641,-0.683687,108.622
3.47819,9.88145,76.4382,-13.5242,-12.1475,38.0845,-8.94276,-8.43133,65.8487,1.01736,-0.0500132,105.606
2.22877,9.17109,58.3211,-6.20547,-11.4852,67.0395,-4.79223,-4.32288,70.7201,-0.850879,-0.557603,70.7645
2.50604,8.79359,52.1728,-2.90112,-10.8122,70.8428,-3.73462,-3.42292,68.599,-0.0588044,0.316013,66.9423
0.836967,7.09441,35.5933,0.722653,-0.769054,70.6686,1.47463,2.35177,87.6746,-4.45428,-4.19539,13.5017
0.59599,6.85982,31.992,1.69457,0.666029,67.2529,1.76692,2.70519,87.3007,-4.09765,-3.74984,12.2077
-0.734561,5.67266,26.5344,2.78482,6.50323,66.6078,5.63562,7.98288,100.938,-1.75738,-2.02884,4.74666
-1.13091,5.1738,24.3623,3.10246,6.94111,64.9253,5.76116,7.71196,101.892,-1.38063,-1.66454,3.83833
-1.59797,4.44821,24.9557,3.14021,6.56355,65.573,6.11633,10.9826,105.363,-0.658937,-0.798183,2.0807
-1.95032,3.77314,23.524,3.17039,6.38561,65.5187,6.13595,10.8032,106.354,-0.368509,-0.447783,1.40541
-2.63937,1.55192,19.8621,3.46807,3.64944,68.9497,5.28171,12.1436,106.61,-0.231534,-0.277164,1.01902
-2.93637,1.00156,18.7166,3.44844,3.43307,69.3567,5.35643,12.1118,107.605,-0.154964,-0.181794,0.817527
-3.86273,-2.48912,11.246,4.41209,1.12814,76.4599,4.83958,11.74,109.829,-0.117939,-0.136615,0.698831
-4.0313,-2.58881,11.2016,4.30658,0.845449,77.8793,4.91444,11.7904,110.817,-0.090122,-0.101913,0.614429
-4.3229,-4.13449,9.27947,5.42124,-0.193014,87.148,4.46431,10.2628,115.215,-0.0774379,-0.0871129,0.577564
-6.08769,-5.82315,12.3757,5.13686,-0.265848,88.959,4.51605,10.4525,116.066,-0.0652804,-0.0715331,0.535328
-7.70644,-8.16819,15.1072,5.7918,-0.292493,98.8877,3.47527,8.09668,120.379,-0.062013,-0.0675339,0.537252
-7.23075,-7.65177,14.2511,5.58182,-0.320659,100.628,3.5776,8.30081,121.108,-0.0558908,-0.0599806,0.515785
-6.39656,-6.83678,12.5619,5.48589,0.504136,104.692,2.18924,6.08535,125.488,-0.058221,-0.0591254,0.552024
-3.90123,-4.16651,7.96008,5.56991,0.439878,106.149,2.297,6.31934,126.061,-0.0569149,-0.0557732,0.549625
-2.64846,-2.77998,5.53921,5.23127,1.61544,104.453,0.674666,4.2716,128.75,-0.0672345,-0.0595106,0.634199
-1.32392,-1.40485,3.12187,5.44507,1.71536,105.215,0.77998,4.64645,129.27,-0.0719029,-0.0615109,0.664633
-1.05386,-1.0954,2.60491,5.23365,2.4383,100.7,-0.686582,2.86148,129.049,-0.102366,-0.0734301,0.850708
-0.684431,-0.720829,1.92295,5.55128,2.62433,100.968,-0.553418,3.34707,129.687,-0.126168,-0.0890154,0.969587
-0.737315,-0.774293,2.12845,5.76505,2.47229,95.241,-1.73166,2.59919,127.869,-0.235565,-0.128642,1.45733
-0.608779,-0.641101,1.89006,6.15139,2.62496,95.4169,-1.57137,3.12458,128.664,-0.403474,-0.222321,2.02431
-1.11016,-1.1915,3.19816,6.78893,2.06877,88.7448,-2.19659,3.38849,122.162,-1.41444,-0.578794,4.7419
-1.50472,-1.5931,4.01557,7.20931,2.17691,89.1477,-1.91513,3.87767,123.155,-6.03467,-3.63604,14.7758
-8.73195,-9.54547,19.4468,7.81977,1.9806,79.4968,-2.13921,3.67438,103.402,-6.19627,-8.17293,35.864
-16.497,-17.5877,36.8156,7.93413,2.20446,79.7676,-1.50999,3.93305,101.801,-4.10374,-10.2477,46.9374
-10.9635,-8.11454,48.3003,6.80135,0.414807,58.9304,-3.88345,0.745035,59.7574,-0.148826,-9.3857,64.7855
-7.76504,-2.81967,50.8169,6.74969,1.41834,54.2605,-3.21695,1.74826,58.0361,0.556281,-8.71897,64.9584
-0.0947193,2.56821,57.1987,5.4493,-1.17945,33.8836,-3.91737,-2.84817,9.17928,2.48323,-7.8924,104.733
0.876307,3.55065,55.5738,5.47696,-0.885851,31.1208,-3.80595,-2.67298,8.65177,2.51698,-7.85157,105.653
5.24957,5.58312,62.7671,4.54482,-1.73026,25.0931,-1.13362,-0.943575,2.85461,4.83562,-5.07703,123.939
5.43213,5.6812,62.0561,4.17714,-1.74755,23.0391,-0.661544,-0.526495,1.89779,4.47924,-5.19125,125.983
7.13989,7.13972,69.965,2.54634,-1.42131,19.5868,-0.304542,-0.24662,1.0454,5.84027,-2.22651,124.734
6.93167,7.03419,70.2164,2.06551,-1.54077,18.2637,-0.170822,-0.134254,0.764426,5.65179,-2.17826,126.139
7.10819,8.36192,76.8235,0.428346,-1.67906,15.0405,-0.105423,-0.0829634,0.565744,5.95869,-0.594076,120.634
6.93041,8.26001,77.352,0.0534768,-1.82267,14.0772,-0.0679495,-0.0534124,0.467644,6.06201,-0.388853,121.322
6.64293,9.08502,82.9964,-1.12632,-2.33284,11.5942,-0.0472256,-0.0376588,0.398391,6.28265,0.332869,121.296
6.57783,9.01521,83.5214,-1.36342,-2.45351,11.0463,-0.0333949,-0.0270719,0.354076,6.58808,0.594014,121.518
6.26961,9.28739,89.2589,-2.2887,-2.94625,8.70269,-0.0251282,-0.0209929,0.326516,6.95899,1.34558,125.269
6.31481,9.21129,89.6976,-2.59724,-3.28002,8.79877,-0.0193144,-0.016833,0.304966,7.31141,1.59701,125.329
6.33458,8.72961,95.439,-3.65775,-4.13492,8.71999,-0.0160226,-0.0149534,0.297119,7.37367,2.82933,130.225
6.28432,8.59339,96.6558,-5.2679,-6.00369,11.6192,-0.0137213,-0.0135854,0.287495,7.57658,3.08606,130.017
6.83095,7.40152,100.911,-5.72785,-6.1847,11.5995,-0.0126438,-0.0139852,0.292205,5.54356,3.7823,130.027
6.84705,7.36143,101.66,-4.47983,-4.80958,9.17955,-0.0120082,-0.0139682,0.290535,5.79267,4.11483,129.857
7.35298,6.25117,100.723,-2.05539,-2.17538,4.45089,-0.0115822,-0.01655,0.311519,3.94466,3.54887,129.846
7.45008,6.39372,100.756,-0.884163,-0.928659,2.26722,-0.012179,-0.0171274,0.316057,4.33865,3.86372,129.763
7.55561,5.39819,94.1684,-0.474383,-0.501209,1.43893,-0.0119563,-0.022132,0.359259,3.46327,2.4938,128.782
7.65043,5.66487,94.1731,-0.281632,-0.295123,1.04611,-0.0139661,-0.023933,0.377676,3.95504,2.71484,128.84
7.17008,5.1461,86.8486,-0.209545,-0.220598,0.894165,-0.0136891,-0.0347888,0.467043,3.61837,1.00536,126
7.22053,5.47478,86.9346,-0.152072,-0.157993,0.759396,-0.0187395,-0.0408951,0.520695,4.20125,1.15057,126.408
5.93545,5.01358,81.3381,-0.142086,-0.1436,0.7775,-0.0174901,-0.068306,0.716788,3.46701,-0.505589,125.769
5.99568,5.30567,81.5448,-0.120494,-0.119214,0.724115,-0.0298841,-0.0978441,0.899457,4.12702,-0.426788,126.608
5.39691,6.30041,80.5927,-0.13748,-0.127497,0.856523,-0.0175779,-0.198262,1.44515,3.28984,-1.44854,128.462
5.47585,6.5119,80.7027,-0.149926,-0.129501,0.925386,-0.00922357,-0.524819,2.6408,3.95824,-1.37628,129.697
4.96788,8.78127,81.7686,-0.261205,-0.195426,1.42308,0.745329,-4.90396,13.1638,2.86676,-1.88975,126.199
5.06524,8.87803,81.7164,-0.510578,-0.331203,2.15934,-4.72512,-9.93042,36.2895,3.1355,-1.37446,126.651
3.02312,10.2222,76.7584,-5.91946,-2.7819,12.9108,-8.20145,-9.39725,63.8818,0.84408,-0.704854,107.362
3.46614,10.0185,76.291,-16.3869,-13.665,44.2068,-9.2954,-8.71735,68.1037,0.985232,-0.0742757,104.272
2.0695,9.54628,60.3154,-7.15852,-12.3651,67.8396,-5.47833,-4.5625,72.4912,-1.32076,-0.47491,69.1511
2.49843,9.09847,54.4031,-3.58116,-12.454,74.6289,-4.3768,-3.63657,70.3504,-0.461224,0.382379,65.9564
0.731204,7.19041,36.9486,0.242389,-2.02735,73.8907,1.02277,2.31768,88.8459,-4.46454,-4.12132,13.0708
0.494779,6.94672,33.19,1.38198,-0.39409,70.0345,1.37665,2.68763,88.4618,-4.14437,-3.70744,11.9096
-0.888809,5.70555,27.2294,2.60943,5.68786,68.6011,5.30656,7.96365,102.205,-1.68625,-1.96633,4.44418
-1.28219,5.2168,25.1745,2.95658,6.16006,66.6428,5.47959,7.67097,102.828,-1.22006,-1.46779,3.49293
-1.71177,4.44632,25.6281,3.1141,5.93479,66.758,5.74984,11.0919,105.732,-0.576612,-0.695759,1.87055
-2.08371,3.75012,24.006,3.20021,5.88833,66.225,5.81619,10.8952,106.661,-0.332496,-0.401917,1.32058
-2.82312,1.46079,19.9362,3.64627,3.30753,69.7248,5.02234,12.1742,107.091,-0.213601,-0.253934,0.981846
-3.12633,0.884544,18.7091,3.6258,3.10154,70.0637,5.08441,12.1822,108.005,-0.147644,-0.171704,0.798912
-4.02498,-2.63923,11.2742,4.64732,0.937996,77.3103,4.63359,11.8039,110.414,-0.114383,-0.131783,0.690863
-4.18873,-2.70572,11.2013,4.54326,0.705631,78.5724,4.72265,11.8737,111.353,-0.0883572,-0.0995553,0.611231
-4.12715,-3.95477,9.06486,5.72446,-0.174571,87.7001,4.30714,10.3381,115.822,-0.075281,-0.08428,0.57309
-6.25919,-6.05636,12.6531,5.45492,-0.232364,89.4899,4.3547,10.5394,116.711,-0.064326,-0.0705821,0.535794
-7.92389,-8.43421,15.509,6.05415,-0.173624,99.5173,3.21473,8.16199,122.097,-0.0617315,-0.0673297,0.539945
-7.302,-7.74547,14.3628,5.8438,-0.176959,101.173,3.31469,8.3729,122.727,-0.0562286,-0.0604024,0.519999
-6.20828,-6.67271,12.2586,5.57219,0.757687,104.859,1.84226,6.1315,126.657,-0.0569658,-0.0589434,0.548096
-3.92818,-4.21326,8.00927,5.64101,0.69028,106.332,1.94113,6.34536,127.216,-0.0567864,-0.0556683,0.553284
-2.51921,-2.65155,5.30663,5.42647,1.84036,104.522,0.366068,4.21722,128.902,-0.0646409,-0.0586362,0.622938
-1.30217,-1.38618,3.07483,5.63294,1.96778,105.198,0.484408,4.58288,129.377,-0.0710791,-0.0608256,0.665925
-1.02696,-1.07351,2.54864,5.45015,2.65583,100.515,-0.970282,2.78621,128.776,-0.102261,-0.0729792,0.853179
-0.662672,-0.701347,1.87254,5.77449,2.86829,100.666,-0.82133,3.29359,129.368,-0.127695,-0.0903935,0.979127
-0.694662,-0.734489,2.03281,5.81244,2.67207,95.2211,-2.03463,2.40485,127.848,-0.243202,-0.132454,1.48902
-0.564181,-0.598984,1.78859,6.1956,2.85271,95.2442,-1.86132,2.94494,128.617,-0.428484,-0.236893,2.10657
-0.958711,-1.03823,2.87645,6.73677,2.27767,88.2184,-2.44783,3.17831,121.705,-1.62899,-0.687042,5.23616
-1.2216,-1.30723,3.44472,7.16631,2.39687,88.5202,-2.13563,3.66352,122.684,-6.89362,-4.50308,17.0121
-7.39327,-8.15945,16.6921,7.70492,1.69529,78.2189,-2.36816,3.17014,101.135,-5.36935,-8.20825,37.2331
-15.1364,-16.2909,33.332,7.85993,1.90532,78.5604,-1.79426,3.48126,99.4944,-3.45035,-9.80589,46.2918
-12.7881,-10.4952,48.5542,6.82406,-0.0130631,60.2943,-4.2319,0.217194,60,0.258406,-9.20091,62.2964
-8.88578,-3.88174,52.3387,6.65141,1.11679,54.9355,-3.55739,1.28474,57.636,0.902779,-8.52956,62.6298
-0.646824,2.10561,57.8824,5.35252,-1.32553,34.5889,-3.83798,-2.8411,9.57889,2.84313,-7.53726,103.21
0.614768,3.38453,55.6686,5.34645,-0.99804,31.2055,-4.09038,-2.93122,9.19407,2.78753,-7.65305,104.813
5.12054,5.54198,62.2071,4.497,-1.78995,25.1154,-1.21044,-1.01993,2.99899,5.08586,-4.87393,124.371
5.3535,5.66756,61.3418,4.14745,-1.81945,23.0856,-0.692293,-0.556957,1.95662,4.67505,-5.07183,126.571
7.03281,7.05751,68.5975,2.57671,-1.49106,19.8104,-0.318591,-0.261423,1.09785,5.91017,-2.24487,124.815
6.8435,6.93834,68.9098,2.09268,-1.60752,18.5153,-0.180038,-0.143256,0.785345,5.7519,-2.23343,126.279
6.9642,8.15737,75.3243,0.494571,-1.69279,15.3377,-0.109793,-0.0878078,0.584287,5.93823,-0.714984,121.091
6.75962,8.03937,75.9587,0.0990374,-1.83859,14.3708,-0.0714855,-0.0567377,0.477763,6.06371,-0.50522,121.736
6.46023,8.91116,81.3,-1.06296,-2.37593,11.8756,-0.0491595,-0.0395716,0.405656,6.20394,0.271767,121.37
6.3623,8.82306,81.9727,-1.32426,-2.51196,11.3027,-0.0348418,-0.0284691,0.358663,6.50346,0.52549,121.604
5.96957,9.10208,87.8688,-2.4029,-3.13557,8.92188,-0.0262411,-0.0222348,0.330477,6.84443,1.15505,125.262
6.0061,9.02186,88.2622,-2.57513,-3.33707,8.95702,-0.0200725,-0.0176393,0.307118,7.1939,1.42024,125.26
5.97584,8.5108,94.2665,-3.59949,-4.15723,8.61013,-0.0165303,-0.0157976,0.30044,7.23066,2.56925,130.407
5.92686,8.37477,95.37,-5.2347,-6.03116,11.669,-0.0140935,-0.0140598,0.288836,7.44765,2.84162,130.078
-7.92018,-8.3087,15.4406,4.87671,-0.626336,99.5328,2.81306,7.66716,123,-0.0564015,-0.059909,0.510482
-1.73618,-1.85116,3.99558,4.70316,-1.04292,111.736,2.92815,7.04692,122.646,-0.0606312,-0.0603305,0.532339
-0.691818,-0.745369,1.97724,5.5205,0.642095,106.701,3.01543,7.35022,123.712,-0.0657754,-0.064022,0.551556
-0.476165,-0.505619,1.47643,5.44943,2.43167,103.342,1.62255,5.67324,124.929,-0.0790438,-0.0703105,0.613584
-0.337019,-0.353036,1.15797,5.79705,2.96747,102.963,1.94941,6.37571,124.83,-0.0961933,-0.0840482,0.679693
-0.286143,-0.290463,1.02093,5.7516,3.73281,97.9073,0.615617,4.748,123.119,-0.138972,-0.109371,0.836241
-0.240343,-0.239104,0.903484,6.16363,4.00352,98.1464,0.926003,5.41997,123.341,-0.210101,-0.163624,1.05174
-0.222326,-0.215336,0.877588,6.42077,3.71327,93.4016,-0.143728,4.74328,121.252,-0.429773,-0.307838,1.60667
-0.224469,-0.213458,0.884041,6.85554,3.85468,93.929,0.175855,5.39019,121.741,-1.30225,-0.944705,3.3032
-0.269262,-0.252254,1.04508,7.50103,3.15801,87.9009,-0.291734,5.55006,114.779,-8.27834,-6.46491,15.2137
-0.431506,-0.394223,1.41508,7.95593,3.20596,88.7928,0.0784504,6.08773,115.781,-11.5732,-11.2963,23.4006
-1.39304,-1.2295,3.34403,8.96178,2.27273,81.0531,-0.526993,5.82429,96.735,-9.66768,-12.1612,27.5978
-12.897,-10.9655,22.819,9.26086,2.4507,82.0363,0.279667,5.81723,96.2213,-8.29243,-17.2745,52.1185
-24.7705,-19.9794,48.1621,7.81665,0.509119,64.4515,-2.79807,1.83319,58.2237,-3.76031,-15.8592,70.8019
-19.586,-9.79475,78.4701,7.26948,2.08855,60.0869,-2.41183,3.03117,58.5684,-2.92831,-13.7617,69.2083
-4.62572,0.348528,67.2796,5.97594,-1.27847,42.0518,-4.90743,-3.41698,12.9981,-3.48385,-15.3158,110.454
-2.63456,1.69724,61.4106,6.37559,-1.24174,39.9687,-2.53846,-1.52514,7.65053,-3.11226,-14.8521,110.932
1.072,3.1844,70.434,5.59834,-2.41179,35.847,-1.42739,-1.15781,3.55581,-1.16107,-11.944,127.907
1.00975,3.05336,71.2762,5.39517,-2.56193,34.7111,-0.481449,-0.382919,1.6327,-0.933041,-11.1073,127.472
2.46946,4.4123,79.3985,3.71199,-2.38376,32.2481,-0.261324,-0.211137,1.0006,1.03645,-7.01371,123.599
2.37352,4.38701,79.7671,3.24607,-2.55996,31.556,-0.140406,-0.111373,0.691858,1.16883,-6.46274,123.511
2.46253,5.71568,85.7943,1.32832,-2.79711,28.206,-0.0921319,-0.0724632,0.52929,1.86241,-4.34034,117.279
2.41918,5.78242,86.0341,0.634364,-3.01437,25.9778,-0.0604261,-0.0470546,0.430396,2.04403,-4.00507,117.519
2.10416,6.88231,90.7849,-1.36758,-3.99225,21.2566,-0.0430642,-0.0334891,0.368051,2.27152,-3.27247,116.953
2.24587,7.02686,90.6967,-1.89506,-4.16237,18.6792,-0.0310668,-0.0243227,0.325734,2.62112,-2.98867,117.223
1.95072,7.43306,95.5938,-3.83318,-5.30025,14.5415,-0.0235557,-0.0189557,0.298702,2.90515,-2.47704,121.233
2.27198,7.59531,95.1395,-3.36134,-4.65176,12.0247,-0.0183808,-0.0152487,0.278431,3.41045,-2.06244,120.92
2.23962,7.22183,100.408,-3.90852,-4.6475,9.81965,-0.0149534,-0.0133746,0.267865,3.38166,-0.92162,125.515
2.33926,7.35039,100.721,-1.85821,-2.17724,5.23121,-0.0128405,-0.0120115,0.258676,3.73039,-0.428758,124.649
2.92594,6.32466,103.883,-1.38592,-1.50987,3.5865,-0.0113167,-0.0119653,0.257759,1.64323,0.426243,123.545
3.2534,6.52676,103.474,-0.647421,-0.693724,2.02535,-0.0105904,-0.0118534,0.256704,2.0761,0.890548,123.109
4.3074,5.6267,100.805,-0.458315,-0.479873,1.47029,-0.00985283,-0.0132227,0.266444,0.446038,0.333497,122.726
4.73679,5.93893,99.8633,-0.286276,-0.296815,1.07096,-0.0101784,-0.0142251,0.275121,1.05848,0.738087,122.498
5.17987,5.09668,93.492,-0.214966,-0.222702,0.871815,-0.0100684,-0.0173475,0.299157,0.402085,-0.497335,122.041
5.2808,5.3542,93.7169,-0.158335,-0.162164,0.72478,-0.0115511,-0.0204196,0.325726,0.951356,-0.211084,121.889
4.99322,4.85619,87.1076,-0.129329,-0.131682,0.645425,-0.0123577,-0.0282425,0.382676,0.907311,-1.64254,119.523
4.97602,5.13818,87.9117,-0.107217,-0.10688,0.581631,-0.0169462,-0.0376447,0.451937,1.51814,-1.49398,119.869
3.80743,4.67497,83.0566,-0.097543,-0.0935418,0.567966,-0.0204762,-0.0611114,0.592278,0.996443,-3.03382,119.309
3.8052,4.92586,84.0795,-0.0955434,-0.0878203,0.564331,-0.0362756,-0.106319,0.815006,1.68215,-2.95265,120.009
3.14802,5.7734,83.818,-0.110536,-0.0921244,0.641068,-0.0553683,-0.25629,1.37285,0.867634,-4.04445,121.66
3.19863,5.99995,84.5239,-0.148247,-0.117763,0.76084,-0.274433,-1.24946,3.54031,1.55648,-3.88515,122.446
2.80047,8.2197,85.8212,-0.298155,-0.199968,1.18205,-6.27401,-16.4083,29.3848,0.319106,-4.02544,118.234
2.87916,8.30152,86.1579,-1.21018,-0.776294,2.90932,-12.113,-13.0843,43.9877,0.673145,-3.63342,118.687
1.5607,9.72816,80.6262,-19.9851,-14.171,33.3591,-8.36763,-7.57225,53.5846,-0.489237,-2.60261,100.86
1.58903,9.79842,81.1107,-17.25,-17.585,39.1553,-9.34068,-8.09192,60.0609,-0.718051,-2.11049,99.2353
0.472186,9.29635,64.5391,-6.14616,-11.0987,58.1479,-6.57353,-5.76972,69.324,-1.93533,-1.74124,66.0647
0.864158,8.97871,59.2394,-2.24127,-9.1644,64.6455,-6.41434,-5.7728,70.9136,-1.3994,-1.23429,65.0242
-0.443877,7.36216,44.3648,0.219654,0.256012,65.6836,-2.33348,-1.31066,91.8626,-4.37199,-4.638,17.849
-0.543796,7.31384,41.1663,0.246121,0.252993,67.0253,-2.18923,-0.991704,92.452,-3.23577,-3.15032,13.4091
-1.78723,6.30771,37.3273,0.666453,4.95939,70.0524,1.38321,3.95551,105.859,-2.02767,-2.50723,5.82782
-2.13771,5.96761,35.9415,0.623291,4.76038,70.8179,1.76418,4.0165,105.99,-0.640173,-0.824965,2.47492
-2.63323,5.23991,37.9691,0.404944,3.95584,73.0095,2.42075,7.54169,108.317,-0.33713,-0.436467,1.46666
-2.95726,4.61139,37.6748,0.310204,3.56733,73.9898,2.70407,7.64142,108.355,-0.182667,-0.23816,0.999276
-3.64249,2.32054,33.3547,0.522752,0.655294,78.0204,2.08981,9.1557,107.914,-0.123724,-0.15909,0.770235
-3.91905,1.7541,31.4402,0.54334,0.41061,78.7403,2.29765,9.27222,108.357,-0.086194,-0.108798,0.633801
-5.62096,-3.15354,19.3571,1.50798,-1.9281,85.7301,1.86103,8.94945,110.116,-0.0678344,-0.0842612,0.552987
-5.21718,-2.85162,16.479,1.55,-2.02497,86.6342,2.04594,9.12094,110.618,-0.0539279,-0.0655361,0.495166
-5.88107,-5.57667,12.982,2.66477,-2.80924,94.8919,1.61572,7.65663,114.413,-0.046558,-0.0557064,0.462534
-2.83197,-2.6691,6.95105,2.68393,-2.79752,95.9344,1.81735,7.83674,114.759,-0.0407364,-0.04751,0.435453
-2.31935,-2.46181,5.41496,3.42578,-2.58228,104.513,0.83838,5.50151,118.356,-0.0380647,-0.0432876,0.426198
-0.931312,-1.0154,2.69079,3.48201,-2.23994,104.887,1.09947,5.82527,118.466,-0.0361481,-0.0396929,0.418354
-0.667582,-0.743793,2.01413,3.52564,-0.970996,107.436,-0.240407,3.73777,122.054,-0.037293,-0.0375874,0.433239
-0.411385,-0.469526,1.45758,3.73025,-0.643107,107.718,0.0164488,4.1657,121.992,-0.03907,-0.0377684,0.448754
-0.338024,-0.382759,1.23444,3.54351,0.971384,104.781,-1.54427,2.2941,123.999,-0.0459216,-0.0388725,0.49728
-0.268821,-0.30181,1.05055,3.85059,1.49097,104.298,-1.30882,2.89927,124,-0.0548246,-0.0443498,0.55198
-0.245644,-0.267473,0.970559,3.78931,2.41979,99.3568,-2.63669,1.31296,123.115,-0.0772732,-0.0528815,0.673611
-0.220073,-0.235343,0.894268,4.13893,2.63996,99.5535,-2.41148,1.88547,123.298,-0.114272,-0.0752223,0.842141
-0.213147,-0.222096,0.897122,4.47111,2.42814,94.2887,-3.47308,1.24551,121.074,-0.222954,-0.122884,1.24001
-0.225726,-0.231127,0.928426,4.84182,2.48825,94.8986,-3.28837,1.78528,121.621,-0.587317,-0.322287,2.1883
-0.278244,-0.280936,1.12612,5.59872,1.77813,89.0695,-3.70368,2.1509,115.021,-4.08627,-2.26331,8.48311
-0.467374,-0.460622,1.56832,5.96322,1.76168,90.0132,-3.37135,2.45665,115.957,-13.0284,-11.582,27.6929
-1.59385,-1.52845,3.92058,6.9603,0.967086,82.1665,-3.25992,2.38967,97.19,-6.89189,-11.9448,35.9748
-12.9366,-11.9804,24.0697,7.0479,1.12872,82.9139,-2.78607,2.47462,96.8786,-4.18487,-13.2025,49.2966
-21.4432,-17.8214,52.1227,6.01303,-0.281514,63.2378,-4.48591,0.286838,57.0223,-1.61766,-12.6119,67.3407
-15.3438,-6.2958,79.3309,5.52817,1.15243,58.9969,-4.19465,1.18778,57.3825,-1.78861,-12.4109,70.049
-2.11751,2.44408,64.1407,4.97428,-2.18195,41.7561,-4.59757,-3.11176,12.434,-1.68116,-13.4428,110.113
-1.18675,3.11575,61.5731,5.3102,-2.10632,39.6924,-2.30277,-1.34329,7.20253,-1.40837,-13.0925,110.557
2.43334,4.63458,70.9706,4.63629,-3.24198,35.8036,-1.04858,-0.827305,2.9127,0.69144,-10.1426,126.56
2.35655,4.48112,71.6201,4.41934,-3.39036,34.6553,-0.365358,-0.282804,1.41582,0.779682,-9.43973,126.23
3.88212,5.94628,79.5982,2.85504,-3.16548,32.2239,-0.196318,-0.154029,0.871853,2.55327,-5.65852,122.885
3.74033,5.89874,79.8072,2.37173,-3.32535,31.2813,-0.106082,-0.0815151,0.619505,2.54904,-5.18744,122.898
3.90422,7.36426,85.8669,0.542365,-3.54726,27.7103,-0.0706577,-0.0537901,0.481114,3.12646,-3.17888,116.73
3.85606,7.4035,85.9318,0.0208712,-3.71179,25.9083,-0.0466509,-0.0351799,0.397596,3.22851,-2.9117,117.09
3.63008,8.40985,90.812,-1.62313,-4.52336,22.2221,-0.0335891,-0.0253667,0.343965,3.42189,-2.23096,117.134
3.77439,8.50862,90.5585,-1.91166,-4.67066,20.8132,-0.024361,-0.0185858,0.307177,3.72823,-1.9849,117.363
3.56452,8.97793,95.397,-3.83901,-5.8487,16.4229,-0.0185381,-0.0146653,0.283533,3.99712,-1.3651,121.084
3.83194,9.0959,94.9403,-3.47155,-5.37216,14.3365,-0.0144933,-0.0119168,0.265859,4.43708,-1.02051,120.86
3.95627,8.81774,99.7646,-4.29741,-5.49816,11.4373,-0.011873,-0.010716,0.256922,4.42189,0.114065,125.436
3.96975,8.90399,100.282,-2.19676,-2.77917,6.40222,-0.0102637,-0.00982575,0.249534,4.68957,0.508242,124.726
4.64062,7.92415,103.625,-1.61432,-1.86424,4.23867,-0.0092145,-0.01017,0.249763,2.7371,1.29843,124.187
4.86043,8.0553,103.481,-0.721197,-0.816041,2.26842,-0.0087827,-0.0103906,0.250476,3.08661,1.69116,123.723
5.79542,7.13185,101.083,-0.470866,-0.518939,1.54723,-0.00835455,-0.0120472,0.261589,1.45864,1.17125,123.422
6.1619,7.39015,100.156,-0.277511,-0.30245,1.08317,-0.00882018,-0.0132091,0.271885,2.02714,1.53968,123.164
6.47753,6.42172,93.3837,-0.198743,-0.216187,0.857402,-0.00876218,-0.0165328,0.297679,1.29593,0.248472,121.888
6.55105,6.67846,93.6901,-0.141064,-0.151411,0.700536,-0.0102221,-0.0193548,0.324221,1.83424,0.485148,121.801
6.12108,6.07929,87.0813,-0.112283,-0.11942,0.616687,-0.0105543,-0.0268673,0.381147,1.63147,-1.10351,118.8
6.09895,6.36288,87.8891,-0.0910498,-0.0946313,0.55048,-0.0142852,-0.0356125,0.450482,2.21615,-0.991634,119.213
4.82108,5.8007,83.2808,-0.0812187,-0.0807201,0.532561,-0.015703,-0.0576455,0.591037,1.52561,-2.64398,118.506
4.83003,6.06334,84.2617,-0.0773394,-0.0734583,0.521932,-0.0267782,-0.0994985,0.813686,2.20034,-2.58672,119.281
4.19456,7.02629,84.1197,-0.0860564,-0.073376,0.580131,-0.027811,-0.237296,1.37204,1.34376,-3.66473,120.92
4.27536,7.25888,84.7358,-0.110431,-0.0886977,0.674427,-0.110254,-1.21154,3.62393,2.02232,-3.50905,121.82
3.78527,9.5591,85.871,-0.201942,-0.133886,0.985755,-4.97697,-16.098,30.6934,0.866354,-3.61161,117.601
3.86691,9.65693,86.2275,-0.639608,-0.391082,1.97907,-11.5363,-11.8675,46.1374,1.16318,-3.17521,117.957
2.14646,10.973,80.9358,-14.0008,-8.81814,23.3768,-7.50332,-6.99984,53.3282,-0.180424,-2.27617,99.925
2.53771,10.8972,80.5916,-20.3257,-21.0141,47.8053,-8.83371,-7.84837,60.6462,-0.256775,-1.73778,98.2341
1.00511,10.4194,66.454,-5.07719,-10.9603,57.9067,-6.61253,-5.68719,70.061,-2.16373,-1.53713,65.5164
1.35701,10.0716,61.716,-1.94382,-8.72324,61.5591,-6.49695,-5.76346,71.8285,-1.59314,-1.07592,64.9573
-0.147111,8.00989,45.7193,0.0335302,0.0559705,65.1321,-2.18391,-1.0042,92.3899,-4.52625,-4.63946,17.0999
-0.253083,7.91767,42.2388,0.00211289,-0.131051,67.239,-2.03519,-0.666071,93.1236,-3.24148,-2.97639,12.0495
-1.52257,6.7683,37.8821,0.444434,4.58629,70.1019,1.68341,4.34991,106.51,-1.87898,-2.3061,5.40134
-1.89643,6.43717,36.6106,0.3593,4.30398,71.0617,2.09893,4.41776,106.421,-0.603344,-0.766796,2.36734
-2.28636,5.7173,38.5187,0.235038,3.53838,73.1077,2.68012,8.09043,108.241,-0.330552,-0.42568,1.44844
-2.62383,5.06722,38.0256,0.174102,3.1988,73.9101,2.99165,8.1851,108.338,-0.182581,-0.237196,1.00788
-3.43356,2.63093,33.145,0.49944,0.321237,78.328,2.40369,9.63546,108.184,-0.126816,-0.162266,0.788169
-3.74031,2.00899,31.0426,0.515362,0.0486319,79.1538,2.60183,9.78767,108.613,-0.0897925,-0.112785,0.651771
-5.61459,-3.20277,18.9748,1.52124,-2.16864,86.3755,2.23794,9.46832,110.603,-0.0709534,-0.0880554,0.569209
-5.14239,-2.78301,16.1748,1.57346,-2.21413,87.175,2.44454,9.67301,111.098,-0.0563955,-0.0685803,0.508809
-5.94761,-5.77085,13.142,2.7322,-2.86321,95.4324,2.07651,8.21805,115.049,-0.0484885,-0.0583507,0.474442
-2.8691,-2.78249,6.94268,2.7867,-2.85109,96.515,2.29957,8.42191,115.433,-0.0424162,-0.0500142,0.446199
-2.31225,-2.49977,5.38161,3.47011,-2.53819,105.189,1.26741,6.08642,120.087,-0.0395278,-0.0454997,0.436012
-0.918496,-1.01678,2.63766,3.54521,-2.15347,105.505,1.57103,6.47353,120.028,-0.0373795,-0.0415349,0.426236
-0.66514,-0.752871,1.99943,3.42304,-0.750753,107.701,0.213782,4.39788,123.191,-0.0380444,-0.0388782,0.439504
-0.423019,-0.489984,1.46925,3.64087,-0.412279,108.027,0.495327,4.86072,123.073,-0.0398319,-0.038725,0.455193
-0.351539,-0.404601,1.25463,3.62927,1.22272,104.95,-0.935821,2.94616,124.124,-0.0465556,-0.0395822,0.504642
-0.282783,-0.323121,1.07362,3.96801,1.75359,104.54,-0.64701,3.58346,124.091,-0.0563178,-0.0448577,0.565064
-0.259001,-0.287888,0.994836,3.9679,2.64332,99.5381,-1.92913,1.99586,122.921,-0.0807937,-0.0532887,0.698991
-0.231952,-0.253883,0.917811,4.35466,2.89842,99.7098,-1.66312,2.61368,123.129,-0.123255,-0.0771307,0.890698
-0.224313,-0.240314,0.920835,4.53845,2.65564,94.7734,-2.75111,1.83068,121.283,-0.254666,-0.1273,1.36252
-0.237554,-0.25088,0.955365,4.94502,2.77318,95.277,-2.50987,2.42903,121.834,-0.781848,-0.383947,2.65018
-0.294764,-0.308711,1.16807,5.6504,2.09544,89.0502,-2.86555,2.74506,114.813,-6.80151,-3.70057,13.1664
-0.512809,-0.525896,1.67539,6.05199,2.10623,90.0146,-2.49213,3.12993,115.784,-11.9953,-11.7287,29.5384
-2.11961,-2.1243,4.95717,6.96943,0.936009,81.3967,-2.52162,2.74328,95.3368,-4.35568,-10.3988,38.4645
-15.2658,-14.7909,28.808,7.02626,1.25696,82.0802,-2.1188,3.00291,95.1489,-2.65058,-11.3528,48.9968
-18.6465,-15.9254,49.5011,6.22708,-0.61149,64.9941,-4.22774,0.184252,57.3243,-0.422359,-11.4205,66.5092
-13.4016,-5.11937,75.8497,5.66869,0.885489,60.2749,-3.8917,1.13184,57.3596,-0.6071,-11.3456,69.5845
-1.1489,3.04244,63.3786,5.03213,-2.17345,42.5056,-4.8063,-3.31001,13.1137,0.148495,-11.4655,110.915
-0.3205,3.68393,61.2552,5.32161,-2.01039,39.8785,-2.51938,-1.49995,7.64934,0.461403,-11.0758,111.597
3.47683,5.33607,70.3541,4.72376,-3.06457,35.826,-1.1591,-0.935043,3.12802,2.94528,-7.54486,128.364
3.41607,5.18277,71.1638,4.52747,-3.21845,34.8171,-0.399827,-0.315934,1.50101,3.11264,-6.73812,127.837
5.05761,6.64568,78.8365,2.99816,-3.00931,32.9975,-0.217951,-0.17531,0.930709,4.81424,-2.97672,123.697
4.98001,6.62066,79.238,2.58017,-3.20268,32.9332,-0.119292,-0.0943549,0.657862,4.9476,-2.42235,123.678
5.232,8.07671,85.3734,0.814052,-3.39582,29.7787,-0.0794655,-0.0625976,0.50951,5.37188,-0.49974,117.711
5.13021,8.16095,85.8632,0.0966182,-3.57278,26.8073,-0.0528768,-0.0414328,0.419711,5.54522,-0.145033,118.098
4.88607,9.33585,91.0476,-1.95833,-4.41557,20.2388,-0.0383137,-0.0302077,0.362738,5.69838,0.671197,117.861
4.91955,9.50576,91.4373,-2.54126,-4.35493,15.7665,-0.0281351,-0.0225294,0.324306,6.05238,0.991887,118.182
4.83176,10.1614,96.6173,-3.54592,-4.7009,11.5639,-0.0217043,-0.0181154,0.300629,6.48732,1.72241,121.84
5.22239,10.3848,96.0966,-2.79114,-3.6611,8.6631,-0.0172258,-0.0150905,0.283655,7.05524,2.20488,121.628
5.74293,10.3373,100.776,-2.88549,-3.54668,7.33001,-0.0142353,-0.0138157,0.277048,7.36397,3.61644,126.373
6.06197,10.534,100.842,-1.75907,-2.15632,4.79143,-0.0124488,-0.0130231,0.272446,7.843,4.12191,125.877
-7.9077,-8.38643,15.5061,4.99211,-0.235785,98.5308,2.86479,7.89289,122.968,-0.0563051,-0.0600473,0.510321
-2.24442,-2.39307,4.93434,4.82577,-0.373183,110.138,2.98406,7.43479,122.622,-0.0603753,-0.0603567,0.531865
-1.00698,-1.07255,2.56056,5.64184,1.26559,105.178,3.07581,7.7249,123.678,-0.0653847,-0.0638891,0.550818
-0.760605,-0.79661,2.008,5.57638,2.87563,102.248,1.70585,5.9752,124.795,-0.0783316,-0.0699396,0.61263
-0.530837,-0.552119,1.53606,5.91465,3.13391,102.642,2.04066,6.56922,124.57,-0.0949626,-0.0832127,0.679019
-0.446103,-0.453717,1.34242,5.86598,3.7425,98.0094,0.701249,4.87603,122.827,-0.137128,-0.107776,0.837393
-0.358363,-0.360234,1.152,6.27561,3.9305,98.4974,0.998704,5.51828,123.036,-0.208958,-0.16181,1.05994
-0.32739,-0.322631,1.1072,6.52744,3.62645,93.8154,-0.0844127,4.84269,120.948,-0.440594,-0.311136,1.65038
-0.326052,-0.317175,1.10953,6.9655,3.76003,94.3752,0.230178,5.48947,121.432,-1.48721,-1.06365,3.66201
-0.414633,-0.40046,1.36437,7.60622,3.09993,88.2686,-0.209269,5.64643,114.413,-10.0917,-8.01773,18.4718
-0.757785,-0.718069,2.06946,8.09101,3.16292,89.1688,0.162982,6.21277,115.441,-11.2879,-11.457,23.8909
-4.44693,-4.1172,8.75653,8.96055,2.39581,81.0344,-0.52504,6.04548,96.4336,-8.176,-11.1237,27.4586
-17.545,-15.6256,31.2817,9.13764,2.70622,81.69,0.200966,6.10657,95.9593,-6.67782,-15.5208,50.9422
-19.9838,-16.7435,40.8701,7.89583,0.351431,64.6507,-2.87839,1.84117,58.1362,-3.07782,-14.8045,69.2839
-17.9144,-9.26928,71.4504,7.28083,1.97883,60.0578,-2.51643,3.03893,58.4093,-2.53454,-13.3549,69.1383
-5.07467,-0.398625,67.0776,5.87872,-1.23532,41.6873,-4.93696,-3.44336,12.9231,-2.87157,-14.6348,110.561
-3.15595,0.894553,61.6531,6.27174,-1.18527,39.5419,-2.571,-1.54286,7.60593,-2.53949,-14.1511,110.997
0.509812,2.26198,70.5722,5.51181,-2.36291,35.4385,-1.4173,-1.14894,3.53061,-0.496814,-11.1151,127.933
0.430363,2.13938,71.4053,5.32298,-2.52256,34.2484,-0.479141,-0.380995,1.6251,-0.304647,-10.268,127.478
1.84575,3.39616,79.5227,3.64296,-2.31977,31.6029,-0.259937,-0.210076,0.99668,1.64394,-6.1867,123.593
1.74724,3.38397,79.885,3.19346,-2.48906,30.8452,-0.13971,-0.110814,0.689507,1.76693,-5.61941,123.499
1.86292,4.65124,85.7938,1.36422,-2.7016,27.9005,-0.0916348,-0.072032,0.527565,2.45554,-3.5212,117.269
1.88528,4.73841,85.8859,0.833718,-2.90935,26.5065,-0.0600748,-0.0467217,0.429035,2.66456,-3.15814,117.495
1.57266,5.78994,90.5705,-1.13308,-3.90263,22.0285,-0.0427945,-0.0332068,0.366906,2.90628,-2.4176,116.943
1.65482,5.93912,90.6271,-1.8797,-4.11076,18.5617,-0.0308749,-0.0240897,0.324744,3.24095,-2.14618,117.255
1.28653,6.26952,95.6334,-3.80096,-5.07388,13.6505,-0.0234253,-0.0187533,0.297803,3.5453,-1.61881,121.301
1.65373,6.44343,95.0792,-3.22107,-4.26163,10.8768,-0.0182851,-0.0150746,0.277593,4.07967,-1.20042,120.977
1.70127,6.00262,100.045,-3.78389,-4.43572,9.37603,-0.0148763,-0.0132056,0.267044,4.14559,-5.85708e-05,125.54
1.92431,6.14846,100.052,-2.15992,-2.51307,5.76436,-0.0127536,-0.0118393,0.257885,4.57234,0.504437,124.674
2.52637,5.07554,103.074,-1.93769,-2.11822,4.62827,-0.0112325,-0.0117636,0.256985,2.51835,1.34916,123.611
2.82529,5.27497,102.723,-0.961475,-1.03909,2.63779,-0.0105016,-0.0116369,0.25598,2.94942,1.7985,123.185
3.69319,4.33333,100.713,-0.684437,-0.721879,1.91495,-0.00975847,-0.0129623,0.265758,1.22191,1.22312,122.744
3.92815,4.58786,100.447,-0.39724,-0.413165,1.3037,-0.010054,-0.0139434,0.274535,1.72993,1.59568,122.475
4.34537,3.81554,94.2863,-0.28093,-0.290989,1.01854,-0.00993394,-0.0170017,0.2987,1.03612,0.340176,122.038
4.4472,4.06524,94.5133,-0.194998,-0.199453,0.814457,-0.0113859,-0.0200349,0.325539,1.59305,0.612391,121.902
4.21801,3.66576,87.8595,-0.15248,-0.155093,0.707539,-0.0121834,-0.027738,0.383027,1.54745,-0.847662,119.566
4.21678,3.9319,88.6039,-0.121296,-0.120902,0.624096,-0.0167686,-0.0371199,0.453487,2.18545,-0.710003,119.928
3.10647,3.53749,83.67,-0.107583,-0.103317,0.601954,-0.0203733,-0.0606571,0.597231,1.69015,-2.26825,119.395
3.11683,3.76968,84.6176,-0.102763,-0.0946532,0.591753,-0.036891,-0.107406,0.830051,2.40661,-2.19432,120.105
2.48945,4.62242,84.2744,-0.11793,-0.0985216,0.670529,-0.0593256,-0.27138,1.43759,1.64247,-3.28672,121.77
2.54278,4.84199,84.8986,-0.156824,-0.124675,0.794587,-0.380768,-1.60956,4.21659,2.34539,-3.11973,122.547
2.16684,7.04496,86.0808,-0.322012,-0.214633,1.25197,-8.71665,-18.694,35.5462,1.04025,-3.21559,118.206
2.2329,7.15712,86.519,-1.4129,-0.901997,3.28493,-11.3191,-10.7718,42.2601,1.52785,-2.89499,118.799
1.05148,8.65919,80.7412,-21.1411,-15.3801,35.815,-7.45583,-6.39822,51.021,0.344772,-1.99768,101.055
0.999147,8.7277,81.2052,-15.2849,-16.5291,37.9698,-9.17247,-7.61769,59.7039,0.0378433,-1.50613,99.4366
0.0241381,8.48366,64.624,-4.95412,-10.0906,56.5588,-6.51727,-5.35452,69.3759,-1.40254,-1.36462,66.3609
0.475607,8.24107,59.3366,-1.98573,-8.81439,63.2552,-6.32437,-5.33815,70.9417,-0.841521,-0.827682,65.0584
-0.683282,6.88008,44.398,0.277562,0.148934,65.5615,-2.25825,-0.718276,91.9896,-4.33942,-4.44452,16.043
-0.788895,6.86429,41.2096,0.254861,0.0802509,67.0235,-2.10324,-0.424339,92.5061,-2.96398,-2.7884,11.2051
-2.02882,5.89575,37.3832,0.65314,4.73505,70.0505,1.54865,4.53639,105.752,-1.82631,-2.20049,5.24087
-2.39023,5.56264,36.0017,0.60335,4.50088,70.8331,1.95217,4.53956,105.86,-0.605746,-0.762217,2.32583
-2.91512,4.78301,38.0078,0.371428,3.69951,72.9933,2.61323,8.05937,108.211,-0.324457,-0.411802,1.40478
-3.25089,4.17342,37.7958,0.271312,3.31278,73.9468,2.90292,8.12747,108.272,-0.177929,-0.227444,0.967212
-3.91909,1.96993,33.545,0.47183,0.425072,77.8847,2.29174,9.63253,107.865,-0.121002,-0.152769,0.749864
-4.265,1.39578,31.2203,0.506044,0.155116,78.6063,2.51204,9.70798,108.34,-0.084569,-0.104895,0.619461
-5.89511,-3.40705,18.3477,1.4769,-2.31117,85.7313,2.08218,9.31478,110.18,-0.066574,-0.0814664,0.541834
-5.30142,-3.1236,14.6793,1.50882,-2.46539,86.7463,2.25633,9.44545,110.753,-0.052953,-0.0635308,0.486143
-5.48265,-5.08754,11.7804,2.55645,-3.19163,94.8586,1.81296,8.02973,114.563,-0.0457103,-0.054038,0.454653
-2.70658,-2.51892,6.42321,2.54345,-3.01003,95.5833,2.00979,8.29505,114.893,-0.0400222,-0.0460557,0.428539
-2.33516,-2.4028,5.27246,3.26446,-2.70593,103.871,1.03739,6.03526,118.474,-0.0374115,-0.0418879,0.419776
-1.07735,-1.12432,2.84866,3.3119,-2.29976,104.092,1.30404,6.39757,118.564,-0.0355679,-0.0383078,0.412493
-0.838241,-0.888403,2.25554,3.36133,-1.086,106.657,-0.0190336,4.29406,122.128,-0.0367367,-0.0361898,0.427516
-0.543226,-0.58517,1.65643,3.56529,-0.787241,106.98,0.259653,4.73059,121.977,-0.0384988,-0.0362763,0.443371
-0.454573,-0.488152,1.42831,3.39435,0.674836,104.474,-1.26162,2.8292,123.833,-0.0451529,-0.0370499,0.491987
-0.349003,-0.376866,1.20031,3.68285,0.916603,104.76,-1.00612,3.34908,123.696,-0.0536614,-0.0417959,0.547547
-0.310531,-0.330776,1.10665,3.63286,1.73159,100.189,-2.34552,1.7107,122.813,-0.0755449,-0.0487554,0.671201
-0.26751,-0.284194,1.00929,3.98334,1.88714,100.574,-2.12781,2.2669,123.014,-0.112311,-0.0684286,0.846092
-0.260807,-0.274006,1.02548,4.33102,1.71765,95.3011,-3.2089,1.64165,120.835,-0.224465,-0.108824,1.26862
-0.278516,-0.29062,1.0789,4.7163,1.77908,95.9037,-3.02268,2.19371,121.413,-0.639294,-0.301484,2.34728
-0.38343,-0.401169,1.41244,5.49592,1.16323,89.9325,-3.43724,2.57568,114.822,-5.40037,-2.67498,10.7262
-0.810976,-0.833455,2.34919,5.88994,1.14525,90.8447,-3.051,2.87174,115.71,-12.9322,-11.9818,30.2358
-6.50409,-6.55495,13.1367,6.76195,0.737732,82.4477,-3.06744,3.00953,96.9994,-4.54057,-9.96824,35.2738
-18.4094,-17.4002,35.0881,6.79563,1.04614,82.8723,-2.65717,3.19706,96.8058,-2.93956,-11.0992,46.0386
-15.9072,-11.3256,51.5329,5.9521,-0.599854,63.5848,-4.39718,0.571269,57.0582,-1.03173,-11.5324,66.2763
-11.916,-3.82943,66.0683,5.75472,0.551219,59.7756,-4.04196,1.38094,57.3807,-1.29913,-11.7342,69.8622
-2.43333,1.89831,62.0073,5.05271,-2.41554,42.0466,-4.4343,-3.06635,11.8869,-0.884668,-12.3316,109.884
-2.10531,2.08932,61.8725,5.33173,-2.26326,39.8319,-2.14697,-1.2792,6.71924,-0.658445,-11.953,110.294
1.37211,3.37082,71.2403,4.64568,-3.37482,35.8928,-0.999552,-0.788155,2.79968,1.5295,-8.84855,126.246
1.29521,3.22339,71.8082,4.42976,-3.53584,34.7127,-0.355842,-0.27521,1.3841,1.57587,-8.15274,125.931
2.7216,4.5153,79.7759,2.8502,-3.28086,32.1982,-0.192765,-0.15105,0.858663,3.3329,-4.40229,122.605
2.58612,4.46781,79.9671,2.3755,-3.45078,31.3418,-0.104629,-0.0802844,0.612417,3.31571,-3.92773,122.634
2.71908,5.81322,85.932,0.566087,-3.64596,28.0148,-0.0698193,-0.0530451,0.476684,3.87588,-1.97126,116.492
2.70026,5.85612,85.9295,0.0656134,-3.81977,26.4413,-0.0461482,-0.0347103,0.39453,3.98363,-1.69653,116.859
2.40674,6.75529,90.8207,-1.66787,-4.61871,22.3978,-0.0332484,-0.0250193,0.34169,4.17779,-1.02633,116.94
2.50093,6.84634,90.7267,-2.14402,-4.75098,19.9575,-0.0241329,-0.0183231,0.305418,4.46148,-0.808892,117.232
2.17894,7.18178,95.7159,-3.93481,-5.636,14.9879,-0.0183795,-0.0144436,0.2821,4.73626,-0.185933,121.023
2.46649,7.29592,95.2644,-3.43624,-4.89941,12.3381,-0.0143786,-0.011728,0.264665,5.17709,0.138644,120.826
2.59331,6.88789,99.9023,-3.89869,-4.85365,10.0769,-0.011778,-0.0105311,0.255871,5.2203,1.32188,125.392
2.70359,6.96535,100.168,-2.12543,-2.61799,5.93643,-0.0101704,-0.00964008,0.248611,5.53582,1.71531,124.676
3.37698,5.89618,103.304,-1.62483,-1.85623,4.14944,-0.00911537,-0.00995289,0.248926,3.61227,2.50846,124.143
3.61014,6.01649,103.114,-0.773573,-0.868803,2.31105,-0.00867183,-0.0101503,0.249746,3.96966,2.89174,123.653
4.40775,5.06061,101.266,-0.499139,-0.546459,1.57657,-0.0082179,-0.0117476,0.260954,2.24913,2.35054,123.289
4.62397,5.26741,100.904,-0.286389,-0.308888,1.088,-0.00865335,-0.0128725,0.271419,2.72647,2.6781,122.991
4.97898,4.42161,94.2918,-0.19883,-0.213405,0.851588,-0.00855704,-0.0160962,0.297435,1.95297,1.34855,121.745
5.05127,4.656,94.5825,-0.137824,-0.145578,0.691296,-0.00998009,-0.0188496,0.324369,2.49864,1.56054,121.677
4.72765,4.20408,87.9134,-0.107834,-0.11266,0.606472,-0.0102301,-0.0261448,0.382039,2.28464,-0.0775416,118.722
4.71038,4.45539,88.6485,-0.0862102,-0.0878316,0.540666,-0.0139029,-0.0347296,0.452857,2.89336,0.0143497,119.158
3.51994,3.99148,83.9398,-0.0765941,-0.0742908,0.523855,-0.0150934,-0.0563912,0.597367,2.22486,-1.66974,118.495
3.52623,4.21853,84.8346,-0.0726051,-0.0670004,0.514398,-0.0262347,-0.0987223,0.830905,2.92441,-1.62918,119.288
2.9165,5.18197,84.6085,-0.0813757,-0.0665444,0.574596,-0.0261373,-0.24476,1.43965,2.1138,-2.71681,120.955
2.98453,5.39438,85.1401,-0.104999,-0.0800487,0.671863,-0.140429,-1.49853,4.27021,2.79816,-2.56321,121.851
2.49325,7.66592,86.1988,-0.197152,-0.119648,0.996357,-6.98967,-17.3028,36.6113,1.55714,-2.64049,117.497
2.5457,7.78201,86.6325,-0.669628,-0.366309,2.08264,-10.5572,-9.46519,43.7401,1.98415,-2.29364,118.024
0.996486,9.21627,81.1184,-15.9875,-9.56886,26.7178,-6.54562,-5.76307,50.8454,0.607514,-1.5531,100.051
1.38925,9.11708,80.5421,-17.5869,-20.1568,49.8427,-8.53313,-7.14174,60.3114,0.470242,-0.986688,98.3503
0.00283266,9.06006,66.6333,-3.2332,-9.0704,55.1886,-6.36851,-5.03466,70.0258,-1.66713,-1.05667,65.7452
0.445683,8.80825,61.9217,-1.46161,-7.92539,59.3435,-6.21368,-5.08594,71.7364,-1.06416,-0.577381,64.9971
-0.740796,7.1586,45.8423,0.193508,0.108994,64.94,-1.84519,-0.144916,92.3068,-4.46615,-4.44768,15.8973
-0.81535,7.12429,42.3862,0.102813,-0.170038,67.2275,-1.6863,0.155758,92.9784,-3.00037,-2.67303,10.679
-2.03652,6.07187,38.0341,0.536618,4.52075,70.0528,2.11858,5.20741,106.233,-1.76167,-2.10835,5.03445
-2.41727,5.7549,36.7567,0.438923,4.19764,71.0295,2.54136,5.20189,106.135,-0.585116,-0.725729,2.27075
-2.86811,4.95259,38.6156,0.289037,3.43416,73.0431,3.11647,8.85622,107.982,-0.324063,-0.40853,1.40661
-3.21757,4.32724,38.1591,0.212758,3.08892,73.8195,3.42302,8.90431,108.104,-0.180376,-0.229341,0.985114
-3.96438,2.03392,33.3237,0.509957,0.230676,78.1402,2.82654,10.3307,107.983,-0.125517,-0.157435,0.773194
-4.31165,1.45333,30.9625,0.522051,-0.0552228,78.933,3.02411,10.4383,108.439,-0.0889927,-0.109706,0.640966
-5.97837,-3.43751,18.4286,1.50966,-2.36825,86.2346,2.65703,10.0553,110.508,-0.0702635,-0.0858103,0.560642
-5.38051,-3.04411,15.1577,1.53073,-2.44647,87.1022,2.83977,10.2226,111.074,-0.0558159,-0.0669417,0.501754
-5.72478,-5.39859,12.3473,2.61055,-3.06562,95.2696,2.44479,8.79606,115.07,-0.0479427,-0.056954,0.46816
-2.8466,-2.70972,6.70398,2.61619,-2.9144,96.0866,2.64733,9.06119,115.447,-0.0419312,-0.0487611,0.440568
-2.38573,-2.50322,5.39568,3.25629,-2.55021,104.549,1.60633,6.77914,120.11,-0.0390597,-0.0442613,0.430665
-1.06457,-1.13431,2.83896,3.30275,-2.13911,104.785,1.89706,7.17377,120.047,-0.0369526,-0.0402922,0.421262
-0.825449,-0.895008,2.25107,3.17347,-0.805173,107.025,0.540141,5.06662,123.212,-0.0376243,-0.0376024,0.434534
-0.544091,-0.600409,1.66945,3.37712,-0.503899,107.385,0.825627,5.51645,123.033,-0.0393959,-0.0373828,0.450356
-0.454256,-0.500002,1.43747,3.35749,0.972425,104.714,-0.604232,3.55261,123.975,-0.0459951,-0.0380954,0.499668
-0.350026,-0.387299,1.20827,3.6493,1.24668,104.963,-0.332865,4.08631,123.86,-0.0555708,-0.0431793,0.56046
-0.309995,-0.338526,1.11051,3.64989,2.03357,100.272,-1.64854,2.44371,122.71,-0.0798536,-0.0511493,0.695221
-0.26566,-0.289576,1.01002,4.02073,2.2335,100.585,-1.40551,3.0374,122.946,-0.122637,-0.0744339,0.890879
-0.256226,-0.277178,1.02138,4.2117,2.02816,95.6219,-2.5247,2.26539,121.14,-0.258834,-0.12378,1.38117
-0.271282,-0.29211,1.07079,4.61605,2.14783,96.0943,-2.29479,2.86466,121.723,-0.852912,-0.401384,2.80801
-0.366178,-0.397842,1.39312,5.34011,1.55287,89.7214,-2.65282,3.17349,114.691,-8.18526,-4.55886,15.6307
-0.769758,-0.822987,2.30643,5.75931,1.55289,90.6297,-2.23644,3.51806,115.656,-11.3867,-12.1954,30.9272
-6.40069,-6.74112,13.2601,6.56102,0.737853,81.4847,-2.40449,3.30367,95.2542,-3.27443,-9.44483,37.5808
-18.5924,-18.3245,36.4722,6.59608,1.10695,82.0003,-2.02903,3.58593,95.1176,-2.22102,-10.4928,47.4988
-13.8002,-9.74863,50.2602,5.97843,-0.879795,65.1599,-4.1422,0.458155,57.3176,-0.307287,-11.0188,66.1032
-10.2887,-2.76804,63.5065,5.70532,0.330016,60.8747,-3.77102,1.30282,57.3079,-0.504208,-11.1575,69.4862
-1.31109,2.65407,61.2407,4.99829,-2.40583,42.6991,-4.6302,-3.29516,12.5029,0.319649,-11.1168,110.824
-1.03386,2.84063,61.3822,5.23068,-2.17703,39.9646,-2.33333,-1.44364,7.09739,0.585707,-10.6993,111.454
2.64633,4.28665,70.4282,4.63857,-3.2206,35.9633,-1.09578,-0.887653,2.9901,3.05708,-7.14252,128.186
2.56943,4.13294,71.1502,4.45041,-3.38646,34.9129,-0.386755,-0.307036,1.46196,3.17906,-6.34869,127.66
4.10193,5.44746,78.8292,2.9096,-3.1252,32.6672,-0.212471,-0.17139,0.913394,4.87193,-2.625,123.552
3.97927,5.40847,79.2658,2.46079,-3.2937,32.0676,-0.116829,-0.0926861,0.648335,4.96804,-2.09093,123.547
4.19769,6.74977,85.275,0.724478,-3.4373,29.1007,-0.0779459,-0.0615289,0.503295,5.41256,-0.196191,117.595
4.18387,6.82299,85.4934,0.215481,-3.61665,27.5964,-0.0518691,-0.0407344,0.415215,5.60981,0.161545,117.961
3.92162,7.89294,90.5089,-1.80484,-4.52111,21.9077,-0.0375449,-0.0296636,0.359206,5.7755,0.957845,117.749
3.88997,8.02911,90.9981,-2.65124,-4.57646,16.9006,-0.0275347,-0.0220963,0.321391,6.09716,1.22682,118.134
3.70355,8.55781,96.1696,-3.75878,-4.90047,12.1182,-0.0212081,-0.0177361,0.298064,6.51641,1.9209,121.828
4.14366,8.76557,95.4838,-3.11948,-4.02289,9.47658,-0.0167881,-0.0147334,0.281312,7.09807,2.37256,121.625
4.6524,8.59667,99.9005,-3.70756,-4.50838,9.02315,-0.0138281,-0.0134259,0.274738,7.42611,3.74849,126.437
4.9613,8.78379,99.9356,-2.71097,-3.31682,6.72298,-0.0120422,-0.0125546,0.270097,7.91606,4.24609,125.905
-7.81319,-8.29658,15.3274,4.99141,-0.33913,98.7338,2.86305,7.84502,122.951,-0.056345,-0.0600872,0.510331
-2.02425,-2.1657,4.52201,4.82809,-0.477286,110.334,2.9841,7.38248,122.602,-0.0604656,-0.0604382,0.531854
-0.901756,-0.963014,2.35347,5.64569,1.23083,105.225,3.08,7.71054,123.649,-0.0654906,-0.0639722,0.55076
-0.6738,-0.706468,1.83589,5.57994,2.87049,102.231,1.71024,5.97986,124.759,-0.0784576,-0.0700241,0.612533
-0.475024,-0.494072,1.42119,5.91838,3.1398,102.601,2.04668,6.58116,124.529,-0.0950923,-0.0832853,0.67894
-0.40179,-0.408456,1.25049,5.86982,3.75222,97.9606,0.705916,4.8941,122.785,-0.137328,-0.107876,0.837507
-0.327598,-0.329059,1.08653,6.28124,3.93889,98.4486,1.00356,5.53842,122.995,-0.209356,-0.162021,1.06076
-0.302633,-0.298155,1.05365,6.53417,3.63303,93.7701,-0.0813209,4.86657,120.91,-0.442558,-0.312292,1.65493
-0.305507,-0.297103,1.06532,6.97392,3.76295,94.3356,0.23233,5.51526,121.397,-1.50838,-1.07856,3.70085
-0.392979,-0.379814,1.31888,7.61484,3.09979,88.2361,-0.206371,5.67184,114.375,-10.2579,-8.17681,18.7844
-0.733513,-0.695207,2.02296,8.1034,3.15609,89.1497,0.166079,6.23723,115.408,-11.2658,-11.5019,23.9845
-4.67933,-4.33129,9.15708,8.96324,2.40038,81.002,-0.526745,6.07559,96.4012,-8.01747,-11.0676,27.5773
-18.4794,-16.4389,32.877,9.12014,2.74192,81.625,0.195692,6.15333,95.9266,-6.51074,-15.3504,50.8217
-20.178,-16.8245,41.713,7.87609,0.360432,64.6355,-2.89149,1.85756,58.0895,-3.01994,-14.6893,69.0413
-17.7034,-9.02698,71.4656,7.28009,1.96723,60.073,-2.52577,3.04753,58.3883,-2.52577,-13.3074,69.0671
-4.9706,-0.359114,66.5399,5.88881,-1.25848,41.718,-4.94201,-3.45031,12.9534,-2.86048,-14.5823,110.524
-3.19732,0.831453,61.638,6.27283,-1.19537,39.5495,-2.57805,-1.54924,7.63535,-2.52361,-14.0967,110.964
0.446583,2.17418,70.6198,5.51148,-2.36967,35.4369,-1.42266,-1.1555,3.54316,-0.477331,-11.0537,127.901
0.371503,2.05363,71.4372,5.32285,-2.52883,34.2441,-0.480137,-0.382575,1.62847,-0.285425,-10.2076,127.448
1.78174,3.30263,79.552,3.64142,-2.32618,31.5991,-0.260365,-0.210835,0.998283,1.6594,-6.12634,123.559
1.68351,3.2906,79.9134,3.19117,-2.49538,30.8398,-0.139878,-0.111171,0.690382,1.78119,-5.55932,123.465
1.79431,4.55104,85.8236,1.36283,-2.70742,27.9048,-0.0917308,-0.0722493,0.528157,2.46649,-3.46296,117.233
1.81906,4.63768,85.9117,0.841394,-2.91364,26.5537,-0.0601268,-0.0468548,0.429475,2.67477,-3.09993,117.458
1.50392,5.68138,90.5965,-1.11427,-3.90633,22.1308,-0.0428276,-0.0332963,0.367268,2.91449,-2.3597,116.902
1.57917,5.82739,90.6724,-1.8876,-4.12726,18.6007,-0.0308978,-0.0241504,0.325061,3.24472,-2.09117,117.213
1.19988,6.15017,95.6955,-3.80758,-5.08053,13.6065,-0.0234436,-0.0187959,0.298097,3.54401,-1.56442,121.26
1.55923,6.32767,95.1548,-3.1919,-4.22549,10.7152,-0.0183016,-0.0151058,0.277873,4.07191,-1.1474,120.942
1.58735,5.88071,100.15,-3.63639,-4.27341,9.0382,-0.0148925,-0.0132312,0.267323,4.12639,0.0521113,125.512
1.79814,6.02255,100.18,-1.96261,-2.28518,5.32698,-0.0127726,-0.0118668,0.25816,4.54146,0.554286,124.639
2.41203,4.94657,103.157,-1.67944,-1.83705,4.11867,-0.0112502,-0.0117945,0.257266,2.49096,1.40218,123.565
2.73914,5.14853,102.741,-0.852708,-0.922303,2.41279,-0.0105162,-0.0116697,0.256268,2.93685,1.85608,123.13
3.61617,4.20779,100.713,-0.612719,-0.646883,1.76904,-0.00976607,-0.0129976,0.266083,1.21284,1.28031,122.684
3.85352,4.45959,100.445,-0.364032,-0.378901,1.23152,-0.0100592,-0.013984,0.274907,1.72222,1.65155,122.411
4.27532,3.69412,94.2837,-0.260763,-0.270184,0.972956,-0.00993025,-0.0170523,0.29918,1.02901,0.393587,121.974
4.37593,3.94191,94.5126,-0.183284,-0.187421,0.786127,-0.0113819,-0.0201038,0.326172,1.58567,0.664221,121.838
4.15008,3.55114,87.86,-0.144564,-0.146915,0.687368,-0.0121638,-0.0278497,0.384014,1.54014,-0.79816,119.505
4.14653,3.81471,88.6073,-0.115952,-0.115405,0.609817,-0.0167633,-0.0373201,0.455064,2.17742,-0.661791,119.866
3.03843,3.42587,83.6752,-0.103503,-0.0991472,0.590505,-0.0203498,-0.0611362,0.60037,1.68273,-2.22249,119.334
3.04622,3.65506,84.6255,-0.0994535,-0.0913041,0.58251,-0.0370623,-0.108837,0.837073,2.3981,-2.14988,120.043
2.41755,4.50715,84.2854,-0.114704,-0.0953222,0.66158,-0.0600422,-0.278924,1.4621,1.63412,-3.24438,121.708
2.46847,4.72512,84.9073,-0.153264,-0.121084,0.785832,-0.414278,-1.74714,4.45614,2.33211,-3.07581,122.481
2.08862,6.92316,86.0888,-0.31669,-0.208961,1.24109,-9.19216,-19.1262,36.9107,1.00929,-3.16115,118.108
2.15051,7.03643,86.535,-1.41219,-0.892146,3.28386,-10.9768,-10.2598,41.4651,1.52472,-2.87073,118.757
0.985459,8.54231,80.7311,-21.5399,-15.6465,36.4997,-7.23882,-6.20632,50.4276,0.345875,-1.97666,101.009
0.925834,8.60497,81.1953,-15.1659,-16.6302,38.4902,-9.12037,-7.56147,59.6295,0.0157642,-1.47649,99.3622
-0.0481394,8.39178,64.643,-4.73223,-9.93672,56.5492,-6.47933,-5.30974,69.3521,-1.42681,-1.34198,66.2543
0.400068,8.15973,59.3703,-1.94972,-8.70212,62.8923,-6.27763,-5.2921,70.8907,-0.857418,-0.820444,65.0732
-0.73948,6.80293,44.4316,0.240051,0.127232,65.5307,-2.17187,-0.668664,91.8583,-4.31694,-4.48466,16.6906
-0.833712,6.78776,41.2452,0.218871,0.0428846,67.0349,-2.02033,-0.38105,92.4065,-3.0388,-2.86946,12.0075
-2.06059,5.83179,37.3995,0.62757,4.71775,70.0422,1.62003,4.60378,105.709,-1.93165,-2.33927,5.51061
-2.41912,5.50079,36.008,0.579956,4.4845,70.8193,2.02007,4.60725,105.821,-0.627415,-0.792142,2.39526
-2.94663,4.71599,38.0134,0.346202,3.68096,72.9789,2.67927,8.12994,108.165,-0.334063,-0.424791,1.43551
-3.28255,4.10755,37.8038,0.243892,3.2926,73.9318,2.96621,8.19824,108.224,-0.182263,-0.233306,0.983212
-3.94734,1.90809,33.5517,0.441837,0.399718,77.8711,2.35145,9.70097,107.815,-0.123704,-0.156326,0.760244
-4.29765,1.3194,31.1737,0.474396,0.121509,78.6044,2.5688,9.77256,108.291,-0.0863105,-0.107141,0.626812
-5.89417,-3.48452,18.2599,1.43873,-2.35528,85.7444,2.13533,9.37659,110.133,-0.0678843,-0.0831268,0.547603
-5.25947,-3.19204,14.5746,1.46516,-2.50271,86.7495,2.30527,9.51102,110.704,-0.0539501,-0.0647585,0.490803
-5.43599,-5.09011,11.7137,2.51007,-3.23062,94.8536,1.86194,8.09645,114.523,-0.0465332,-0.0550379,0.458691
-2.66607,-2.50333,6.34833,2.50278,-3.05005,95.5657,2.05916,8.35985,114.859,-0.0407106,-0.0468784,0.432056
-2.2508,-2.3258,5.11627,3.22153,-2.7596,103.854,1.0879,6.0938,118.443,-0.0380188,-0.0426169,0.423043
-1.02977,-1.0788,2.75442,3.26815,-2.34631,104.046,1.35254,6.45815,118.532,-0.036122,-0.0389696,0.415528
-0.792606,-0.842068,2.16496,3.31212,-1.12626,106.582,0.0269073,4.35986,122.092,-0.0372772,-0.0368144,0.430603
-0.515129,-0.555985,1.59743,3.51227,-0.822814,106.884,0.302763,4.79867,121.937,-0.0390565,-0.036922,0.446524
-0.431061,-0.463614,1.37878,3.33774,0.641239,104.368,-1.2229,2.89886,123.79,-0.0457988,-0.0377457,0.495632
-0.332778,-0.359918,1.16504,3.62305,0.879739,104.649,-0.970375,3.41774,123.65,-0.0544697,-0.0426584,0.551839
-0.297673,-0.317667,1.07892,3.57389,1.69441,100.075,-2.3142,1.77949,122.767,-0.0768042,-0.0499293,0.677335
-0.258857,-0.275497,0.990858,3.92376,1.84414,100.458,-2.09926,2.33543,122.968,-0.114592,-0.0704412,0.855651
-0.255649,-0.269225,1.01548,4.27416,1.67581,95.1819,-3.18633,1.71238,120.791,-0.231097,-0.113393,1.29027
-0.27858,-0.291148,1.08175,4.65721,1.73158,95.7819,-3.00431,2.26522,121.368,-0.674731,-0.323256,2.42703
-0.400194,-0.419399,1.45456,5.43809,1.12176,89.7986,-3.41875,2.64349,114.769,-5.92015,-3.052,11.634
-0.948818,-0.97401,2.62855,5.82336,1.09585,90.7128,-3.03506,2.93373,115.648,-12.7031,-12.2194,30.5543
-9.21527,-9.22175,18.0461,6.60874,0.855878,82.0623,-3.09745,3.16532,96.9544,-4.14374,-9.62202,34.7483
-19.0185,-17.6661,36.575,6.68708,1.03855,82.691,-2.67766,3.263,96.7646,-2.78148,-10.8888,45.6131
-14.592,-9.41472,52.51,5.83427,-0.638938,63.4575,-4.41955,0.558735,56.9729,-0.982127,-11.4875,66.2164
-10.8711,-3.09099,62.9602,5.70304,0.399036,59.7956,-4.07686,1.31311,57.3877,-1.27584,-11.7664,69.8872
-2.25399,1.99765,61.4859,4.97509,-2.47378,41.9595,-4.48514,-3.0973,12.0429,-0.812575,-12.2856,109.868
-2.06332,2.08072,61.9167,5.24646,-2.29921,39.7035,-2.19725,-1.30548,6.85994,-0.582491,-11.9035,110.288
1.43712,3.37046,71.2456,4.56855,-3.40747,35.772,-1.01829,-0.805384,2.84078,1.61955,-8.78695,126.241
1.3658,3.22765,71.7879,4.35366,-3.56987,34.5959,-0.359949,-0.27933,1.39609,1.66281,-8.09253,125.925
2.80246,4.52411,79.7521,2.77715,-3.31535,32.091,-0.194408,-0.152855,0.863952,3.41169,-4.34103,122.591
2.66394,4.47592,79.9456,2.30155,-3.48524,31.2361,-0.105313,-0.0810865,0.615259,3.39174,-3.86667,122.616
2.80061,5.82263,85.9132,0.496594,-3.67839,27.9077,-0.0702022,-0.0535132,0.478484,3.94236,-1.91332,116.469
2.77684,5.86419,85.9166,-0.00628308,-3.851,26.3077,-0.0463656,-0.0349861,0.395779,4.04748,-1.63933,116.833
2.48636,6.7628,90.8099,-1.72632,-4.64435,22.2759,-0.0333893,-0.025201,0.342628,4.23889,-0.969491,116.909
2.58482,6.85344,90.7008,-2.17657,-4.77411,19.9343,-0.0242257,-0.0184449,0.306156,4.52352,-0.750914,117.195
2.27818,7.1915,95.6591,-3.93322,-5.66868,15.1179,-0.0184441,-0.0145309,0.282715,4.80286,-0.122567,120.981
2.56598,7.30736,95.2004,-3.45777,-4.97533,12.5742,-0.0144247,-0.0117925,0.265188,5.24413,0.201469,120.79
2.69165,6.90207,99.8558,-3.96138,-4.94883,10.2554,-0.0118131,-0.0105826,0.256343,5.28908,1.38283,125.372
2.79697,6.98075,100.127,-2.14522,-2.65078,6.0015,-0.0101985,-0.00968393,0.249042,5.60195,1.77457,124.661
3.47127,5.91099,103.266,-1.62306,-1.85822,4.1547,-0.00913956,-0.00999532,0.249344,3.67454,2.56511,124.127
3.7049,6.02958,103.07,-0.768435,-0.864753,2.30478,-0.00869445,-0.0101929,0.250156,4.03145,2.94743,123.633
4.50082,5.07184,101.219,-0.494549,-0.542444,1.56929,-0.00824034,-0.0117964,0.261393,2.30929,2.40363,123.266
4.71559,5.27576,100.858,-0.283661,-0.306487,1.08324,-0.00867915,-0.012928,0.271892,2.78557,2.72947,122.961
5.06256,4.42833,94.2478,-0.196897,-0.211686,0.847919,-0.00858736,-0.0161708,0.298009,2.01103,1.39694,121.713
5.1333,4.66071,94.5428,-0.136516,-0.144425,0.688609,-0.0100224,-0.0189467,0.325074,2.5557,1.60754,121.641
4.80076,4.20751,87.8786,-0.10684,-0.111787,0.604303,-0.0102891,-0.0263054,0.383078,2.34017,-0.0335174,118.683
4.7825,4.45696,88.6198,-0.0854572,-0.0871852,0.538966,-0.014009,-0.0349929,0.45445,2.94823,0.0573548,119.115
3.58596,3.991,83.9177,-0.0759661,-0.0737606,0.522404,-0.0152773,-0.0569898,0.600484,2.28031,-1.62953,118.45
3.59244,4.21621,84.8179,-0.0720609,-0.0665531,0.513215,-0.0267403,-0.100325,0.837867,2.98011,-1.59001,119.239
2.98117,5.17788,84.5977,-0.0808323,-0.0660938,0.573561,-0.0273991,-0.252566,1.46433,2.1711,-2.67975,120.903
3.04977,5.38957,85.1285,-0.104432,-0.0795425,0.671185,-0.165468,-1.64057,4.52207,2.85304,-2.52412,121.793
2.55703,7.65575,86.1868,-0.196654,-0.118856,0.99696,-7.60612,-17.7726,38.1855,1.58968,-2.58833,117.401
2.60959,7.77581,86.6214,-0.674179,-0.366892,2.09589,-10.2443,-9.04217,42.7547,2.05564,-2.27667,117.999
1.0624,9.20501,81.091,-16.2479,-9.74714,27.2048,-6.42507,-5.66147,50.3628,0.66662,-1.53602,100.017
1.45174,9.09814,80.5138,-17.2714,-20.1394,50.1994,-8.56186,-7.15705,60.2924,0.505079,-0.962471,98.2892
0.0323504,9.04049,66.6381,-3.07856,-8.88437,54.8964,-6.41754,-5.06919,70.0321,-1.65642,-1.05141,65.6731
0.475807,8.7898,61.9173,-1.41465,-7.83673,59.1584,-6.25141,-5.11401,71.7198,-1.04417,-0.577784,64.9896
-0.721782,7.13228,45.8349,0.210841,0.13652,64.9218,-1.87415,-0.174691,92.2539,-4.46406,-4.47837,16.2096
-0.792611,7.09724,42.3804,0.127545,-0.145451,67.2208,-1.71518,0.125339,92.943,-3.05398,-2.72194,11.0348
-2.0107,6.0458,38.0222,0.569879,4.55645,70.0345,2.08123,5.18523,106.219,-1.81761,-2.18185,5.17345
-2.39064,5.72937,36.7432,0.476179,4.23396,71.0111,2.50427,5.18174,106.123,-0.597242,-0.742329,2.30818
-2.83607,4.9257,38.6057,0.330186,3.46959,73.0285,3.08018,8.83823,107.965,-0.329958,-0.416489,1.42459
-3.18459,4.30102,38.1563,0.255501,3.12378,73.8071,3.38776,8.88739,108.083,-0.183178,-0.233139,0.994912
-3.93532,2.00762,33.337,0.558469,0.266038,78.134,2.79171,10.3144,107.961,-0.127356,-0.159852,0.779817
-4.29106,1.41393,30.9584,0.572683,-0.0260511,78.9449,2.98966,10.4197,108.421,-0.0902224,-0.11128,0.645755
-5.96626,-3.50059,18.3575,1.56865,-2.34414,86.2706,2.62267,10.0327,110.491,-0.0712035,-0.0869881,0.564447
-5.32829,-3.10493,14.9986,1.59144,-2.42413,87.1459,2.80636,10.1994,111.053,-0.0565401,-0.0678209,0.504846
-5.65451,-5.37495,12.2267,2.68173,-3.03371,95.3004,2.41466,8.77299,115.041,-0.0485432,-0.0576793,0.470851
-2.7762,-2.66275,6.57047,2.69588,-2.88084,96.106,2.62138,9.03683,115.42,-0.042441,-0.0493692,0.442926
-2.28601,-2.40759,5.20857,3.34985,-2.51239,104.557,1.58318,6.74981,120.08,-0.0395142,-0.0448132,0.432861
-1.019,-1.08956,2.74731,3.40127,-2.08383,104.747,1.87642,7.15184,120.018,-0.0373726,-0.0407987,0.423294
-0.786323,-0.85465,2.1721,3.27493,-0.737821,106.958,0.519703,5.04783,123.177,-0.0380331,-0.0380956,0.436586
-0.521197,-0.576319,1.62062,3.47977,-0.430571,107.299,0.806797,5.5009,122.994,-0.0398229,-0.0379003,0.452452
-0.436636,-0.481471,1.39977,3.4573,1.04582,104.62,-0.622721,3.53633,123.932,-0.0464934,-0.038692,0.502094
-0.338899,-0.375659,1.1837,3.75117,1.31794,104.867,-0.349669,4.0701,123.815,-0.0562135,-0.0439459,0.563364
-0.302262,-0.330721,1.09362,3.74969,2.10011,100.177,-1.66446,2.42785,122.664,-0.0808895,-0.0523119,0.699489
-0.261672,-0.285695,1.00152,4.1256,2.29536,100.492,-1.41904,3.0218,122.899,-0.124596,-0.0765324,0.897824
-0.255681,-0.277115,1.02125,4.31484,2.08572,95.5294,-2.53824,2.25268,121.096,-0.264912,-0.12916,1.39831
-0.276075,-0.297531,1.0834,4.72284,2.20143,96.0043,-2.30675,2.85256,121.677,-0.892339,-0.43069,2.8875
-0.387861,-0.421715,1.4454,5.43983,1.60571,89.6244,-2.65734,3.16158,114.634,-8.61855,-5.00793,16.4679
-0.90687,-0.96756,2.58726,5.86005,1.60168,90.5418,-2.24361,3.50641,115.605,-11.1164,-12.283,30.9119
-8.89426,-9.30848,17.884,6.56877,0.933691,81.1656,-2.43757,3.38775,95.2049,-3.05332,-9.26418,37.1975
-18.9432,-18.4006,37.6048,6.65871,1.17465,81.9012,-2.04323,3.57598,95.0616,-2.12356,-10.4532,47.3293
-12.5402,-8.01037,50.8436,6.01887,-0.858075,65.1445,-4.14809,0.418461,57.2269,-0.238484,-11.0614,66.0656
-9.31817,-2.09753,60.8027,5.80437,0.261093,61.0007,-3.7794,1.22508,57.3057,-0.434102,-11.2383,69.4582
-1.04663,2.7871,60.8317,5.03315,-2.41301,42.7146,-4.67437,-3.31776,12.6728,0.447598,-11.1886,110.766
-0.872237,2.88285,61.4433,5.25863,-2.16623,39.9477,-2.38883,-1.47505,7.26628,0.721017,-10.7716,111.416
2.84966,4.34397,70.4458,4.6663,-3.21049,35.9545,-1.11972,-0.909941,3.04281,3.21873,-7.22782,128.158
2.78135,4.19392,71.1499,4.47969,-3.37799,34.9156,-0.392185,-0.312626,1.47803,3.3435,-6.43583,127.634
4.3399,5.5162,78.8346,2.93674,-3.11916,32.6727,-0.214915,-0.174022,0.921076,5.03088,-2.70847,123.526
4.21779,5.47578,79.2844,2.4868,-3.28621,32.0509,-0.117944,-0.0939579,0.652742,5.13107,-2.17657,123.521
4.45921,6.82143,85.3011,0.749459,-3.42977,29.0941,-0.0786363,-0.0623201,0.506302,5.57062,-0.278594,117.57
4.46398,6.89345,85.4966,0.275607,-3.61127,27.8304,-0.0522953,-0.0412382,0.417475,5.78079,0.0797939,117.934
4.24776,7.96463,90.4682,-1.67509,-4.52959,22.6084,-0.0378418,-0.0300186,0.361061,5.95995,0.880711,117.709
4.20004,8.09518,91.0267,-2.61269,-4.6541,17.4324,-0.0277556,-0.0223535,0.323007,6.27922,1.14198,118.095
3.98058,8.62246,96.3543,-3.74197,-4.90494,12.0486,-0.0213959,-0.0179402,0.299565,6.68548,1.81977,121.802
4.37585,8.82466,95.7902,-2.86314,-3.71062,8.80202,-0.0169639,-0.014907,0.282736,7.24799,2.26411,121.601
4.88776,8.654,100.268,-3.0793,-3.75353,7.70423,-0.0139957,-0.0136012,0.276156,7.57776,3.63568,126.391
5.32572,8.85715,99.8651,-2.1699,-2.66218,5.61244,-0.0122165,-0.0127412,0.271504,8.12797,4.16632,125.706
-7.84145,-8.32952,15.3859,4.99558,-0.300497,98.6319,2.86548,7.86411,122.943,-0.0563373,-0.0600812,0.510326
-2.10247,-2.24799,4.66819,4.83359,-0.423826,110.203,2.98604,7.41211,122.6,-0.0604434,-0.0604146,0.531852
-0.93856,-1.00185,2.42477,5.65019,1.25844,105.15,3.08099,7.72585,123.649,-0.065462,-0.063944,0.550779
-0.703605,-0.737711,1.89393,5.58301,2.88516,102.185,1.71033,5.98807,124.759,-0.0784235,-0.0699916,0.612593
-0.494074,-0.514083,1.45946,5.92033,3.14708,102.572,2.04609,6.58505,124.528,-0.0950612,-0.0832565,0.679069
-0.416826,-0.424015,1.28093,5.87068,3.75614,97.9395,0.704718,4.89605,122.784,-0.137311,-0.107851,0.837798
-0.338141,-0.339922,1.10839,6.28118,3.94108,98.4319,1.00188,5.53914,122.992,-0.209425,-0.162056,1.06143
-0.311527,-0.30717,1.07236,6.53317,3.63465,93.7548,-0.0834738,4.86682,120.907,-0.443197,-0.312674,1.65713
-0.313675,-0.305301,1.08247,6.97209,3.76428,94.3208,0.22985,5.51502,121.392,-1.51594,-1.08393,3.71554
-0.404382,-0.391144,1.34236,7.61205,3.10166,88.2194,-0.20813,5.671,114.367,-10.3103,-8.22646,18.8842
-0.760961,-0.721821,2.07511,8.09956,3.15843,89.1318,0.163328,6.23681,115.399,-11.2505,-11.5065,23.9987
-4.98445,-4.61779,9.68935,8.94955,2.41902,80.9566,-0.530477,6.0839,96.3881,-7.96124,-11.0402,27.5975
-18.5017,-16.4678,32.9378,9.11454,2.74622,81.6013,0.192473,6.15311,95.9174,-6.45844,-15.3002,50.7937
-19.9824,-16.6486,41.4817,7.87663,0.354682,64.6288,-2.89289,1.8531,58.0832,-2.99474,-14.6537,68.9872
-17.6012,-8.94976,71.2747,7.27969,1.96246,60.0644,-2.52742,3.04367,58.381,-2.50939,-13.2918,69.0606
-4.94517,-0.354708,66.4421,5.88755,-1.26086,41.7057,-4.93987,-3.44991,12.9461,-2.8331,-14.5585,110.523
-3.19636,0.819299,61.6264,6.26956,-1.19564,39.5334,-2.57532,-1.54814,7.62741,-2.49679,-14.0719,110.962
0.444483,2.15798,70.6144,5.50792,-2.36976,35.4213,-1.4209,-1.15397,3.53969,-0.446103,-11.0243,127.897
0.369364,2.03782,71.43,5.31919,-2.52912,34.2289,-0.479775,-0.382239,1.62755,-0.254663,-10.178,127.444
1.77905,3.28515,79.5442,3.63784,-2.32645,31.5841,-0.260206,-0.210675,0.997844,1.68948,-6.09753,123.555
1.68078,3.27341,79.905,3.18773,-2.49571,30.8271,-0.139812,-0.111099,0.690145,1.81149,-5.53029,123.462
1.79168,4.53289,85.8139,1.36013,-2.70765,27.8962,-0.0916936,-0.0722058,0.527998,2.4957,-3.43524,117.23
1.81591,4.61995,85.9022,0.83754,-2.91378,26.537,-0.0601071,-0.0468288,0.42936,2.70421,-3.07205,117.456
1.49844,5.66294,90.5906,-1.12317,-3.90558,22.0793,-0.0428167,-0.0332792,0.367175,2.94343,-2.33232,116.901
1.57199,5.80913,90.67,-1.90229,-4.12305,18.5106,-0.0308927,-0.0241395,0.324983,3.27382,-2.06425,117.213
1.19741,6.1308,95.6826,-3.80656,-5.06611,13.5642,-0.0234411,-0.0187889,0.298027,3.57732,-1.53597,121.261
1.5673,6.30959,95.1183,-3.20536,-4.2333,10.7439,-0.0182987,-0.0151012,0.277809,4.11112,-1.11744,120.943
1.60691,5.8636,100.086,-3.70788,-4.35223,9.18875,-0.014888,-0.0132269,0.267263,4.17457,0.085012,125.514
1.82264,6.00818,100.103,-2.05237,-2.38896,5.51763,-0.0127654,-0.0118611,0.258108,4.59403,0.587701,124.647
2.42787,4.92975,103.101,-1.78739,-1.95507,4.32943,-0.0112425,-0.0117874,0.257225,2.54,1.43355,123.577
2.73969,5.12824,102.723,-0.896829,-0.969822,2.50265,-0.0105091,-0.0116627,0.256241,2.97713,1.88467,123.142
3.61109,4.18635,100.708,-0.640538,-0.676014,1.82512,-0.00976107,-0.0129911,0.266071,1.24982,1.30818,122.697
3.8458,4.43767,100.447,-0.376621,-0.391853,1.25859,-0.0100555,-0.0139783,0.274915,1.75743,1.67891,122.423
4.26723,3.67321,94.2867,-0.268177,-0.277773,0.989612,-0.00992949,-0.0170478,0.299217,1.06359,0.420819,121.987
4.3675,3.92076,94.5158,-0.187487,-0.19168,0.79629,-0.0113841,-0.020102,0.326253,1.62005,0.691189,121.851
4.14206,3.53135,87.8631,-0.147349,-0.149739,0.69452,-0.0121721,-0.0278545,0.384182,1.57377,-0.771844,119.517
4.13846,3.79458,88.6098,-0.117799,-0.117262,0.614857,-0.0167838,-0.0373424,0.455388,2.21136,-0.635664,119.877
3.03074,3.40675,83.6772,-0.104922,-0.100553,0.594609,-0.0203972,-0.0612209,0.601103,1.71679,-2.19652,119.346
3.03853,3.63561,84.6266,-0.100612,-0.0924353,0.585923,-0.0372161,-0.109163,0.838872,2.43274,-2.12399,120.055
2.41006,4.48777,84.2858,-0.115927,-0.0964581,0.665186,-0.0605981,-0.280948,1.46888,1.6698,-3.21797,121.72
2.46111,4.70571,84.9055,-0.154789,-0.12247,0.789963,-0.427068,-1.78915,4.52909,2.36776,-3.04858,122.493
2.08147,6.90233,86.0854,-0.320289,-0.211799,1.24915,-9.35668,-19.2497,37.3248,1.03946,-3.13042,118.109
2.14341,7.01645,86.5336,-1.43838,-0.911479,3.32826,-10.8917,-10.116,41.2518,1.56482,-2.84738,118.772
0.983817,8.52273,80.7171,-21.6156,-15.7629,36.6736,-7.19169,-6.15372,50.2771,0.382762,-1.95591,101.023
0.91613,8.58784,81.1977,-15.0461,-16.5358,38.2839,-9.11962,-7.55214,59.626,0.0469179,-1.45558,99.3759
-0.0541776,8.37775,64.6447,-4.71146,-9.90141,56.4281,-6.48191,-5.30317,69.3621,-1.40366,-1.33064,66.2796
0.397833,8.14571,59.3656,-1.94721,-8.70431,62.8948,-6.27842,-5.28312,70.8985,-0.835901,-0.804186,65.0525
-0.738976,6.79841,44.4195,0.248222,0.133463,65.5271,-2.18179,-0.650341,91.8922,-4.32617,-4.4733,16.4383
-0.836068,6.78339,41.2335,0.223299,0.0491819,67.0277,-2.02882,-0.36152,92.4257,-3.01352,-2.84637,11.7096
-2.06505,5.82492,37.3979,0.62926,4.71608,70.0416,1.61935,4.6174,105.708,-1.89936,-2.29541,5.42416
-2.42407,5.49351,36.0102,0.581004,4.48163,70.8209,2.02017,4.61992,105.82,-0.621445,-0.783222,2.37404
-2.95158,4.70772,38.0161,0.347482,3.67813,72.9803,2.68022,8.142,108.164,-0.331587,-0.421106,1.42661
-3.28713,4.09955,37.8079,0.245575,3.29005,73.9327,2.96791,8.21002,108.223,-0.181219,-0.231702,0.978755
-3.95157,1.90078,33.5545,0.44385,0.397352,77.8714,2.35403,9.71238,107.814,-0.123078,-0.155381,0.757476
-4.30302,1.30785,31.1549,0.47735,0.117618,78.607,2.57218,9.78301,108.29,-0.0859254,-0.106561,0.624937
-5.89297,-3.49801,18.2238,1.4422,-2.36116,85.7505,2.13914,9.38642,110.134,-0.0676057,-0.0827087,0.546202
-5.25054,-3.20047,14.5384,1.4685,-2.5056,86.7509,2.3096,9.5224,110.705,-0.0537496,-0.0644541,0.489732
-5.43526,-5.09249,11.7129,2.51363,-3.22756,94.8438,1.86696,8.11169,114.523,-0.0463775,-0.0547933,0.457822
-2.68474,-2.52179,6.38247,2.50721,-3.04073,95.5442,2.06496,8.37883,114.859,-0.0405884,-0.04668,0.431363
-2.28303,-2.35863,5.17526,3.22765,-2.74955,103.831,1.09446,6.11431,118.445,-0.0379215,-0.0424477,0.422474
-1.04438,-1.09381,2.78213,3.27522,-2.34145,104.032,1.35992,6.47582,118.535,-0.0360451,-0.0388264,0.415084
-0.804428,-0.854377,2.18754,3.32022,-1.12516,106.575,0.0351159,4.37626,122.096,-0.0372212,-0.0366919,0.43026
-0.521735,-0.562942,1.61053,3.52107,-0.824302,106.882,0.311712,4.81359,121.941,-0.0390193,-0.0368146,0.446304
-0.436048,-0.468805,1.38868,3.34729,0.638788,104.368,-1.21317,2.91384,123.795,-0.0457937,-0.037653,0.495565
-0.335981,-0.3632,1.17151,3.63343,0.876767,104.65,-0.959879,3.43251,123.654,-0.0545091,-0.0425837,0.552009
-0.30015,-0.320102,1.08387,3.58466,1.69154,100.076,-2.30317,1.79469,122.772,-0.07697,-0.0498879,0.678004
-0.260645,-0.277153,0.994404,3.93539,1.84132,100.458,-2.08747,2.35094,122.972,-0.115065,-0.070518,0.857391
-0.25733,-0.270678,1.01876,4.28581,1.67349,95.1809,-3.17415,1.7285,120.795,-0.233056,-0.113958,1.2959
-0.280412,-0.292607,1.08525,4.6698,1.72948,95.7798,-2.9911,2.28171,121.372,-0.687633,-0.328697,2.45365
-0.40398,-0.422472,1.46178,5.45079,1.12091,89.7916,-3.40187,2.65743,114.767,-6.13153,-3.18617,11.987
-0.966104,-0.988963,2.6598,5.83708,1.09307,90.7086,-3.0166,2.94646,115.645,-12.6555,-12.2882,30.6802
-9.467,-9.43294,18.4683,6.61457,0.868309,82.0356,-3.08739,3.1885,96.9566,-4.03343,-9.51825,34.5621
-19.0614,-17.6124,36.6309,6.70029,1.04052,82.6828,-2.66546,3.28059,96.7688,-2.74961,-10.8325,45.4733
-14.5215,-9.25621,52.5817,5.84304,-0.638516,63.4515,-4.41181,0.5669,56.9758,-0.985174,-11.4835,66.2106
-10.8129,-3.04432,62.7221,5.71797,0.39097,59.8025,-4.0679,1.31843,57.3849,-1.28244,-11.7708,69.8982
-2.25793,1.99454,61.4452,4.98407,-2.47653,41.9592,-4.47799,-3.09614,12.0164,-0.817102,-12.2857,109.875
-2.07801,2.06926,61.9172,5.25412,-2.30076,39.7013,-2.18802,-1.3021,6.83257,-0.587143,-11.9015,110.291
1.42084,3.35669,71.244,4.57494,-3.40911,35.7708,-1.01529,-0.802999,2.834,1.61439,-8.78334,126.241
1.35006,3.21426,71.7851,4.35999,-3.57162,34.5956,-0.359346,-0.278842,1.39418,1.65804,-8.08838,125.925
2.78557,4.50935,79.7496,2.78303,-3.31664,32.0911,-0.1942,-0.152674,0.863192,3.4079,-4.33679,122.59
2.64739,4.46131,79.9435,2.30755,-3.48648,31.2373,-0.105239,-0.0810191,0.614877,3.38841,-3.86202,122.616
2.78365,5.80715,85.911,0.501998,-3.6792,27.9106,-0.0701676,-0.0534798,0.478267,3.93993,-1.90866,116.468
2.76042,5.84883,85.9147,-0.00135512,-3.85203,26.3115,-0.0463501,-0.0349698,0.395644,4.0455,-1.63436,116.832
2.46929,6.74667,90.8089,-1.72432,-4.64555,22.2744,-0.0333818,-0.0251922,0.34254,4.23736,-0.964368,116.908
2.56735,6.83728,90.7025,-2.1779,-4.77497,19.9173,-0.0242228,-0.0184405,0.306099,4.52206,-0.745817,117.195
2.25928,7.17421,95.664,-3.93415,-5.66373,15.0903,-0.0184435,-0.0145286,0.282678,4.80149,-0.117426,120.981
2.54728,7.29003,95.2067,-3.45394,-4.9618,12.5298,-0.0144256,-0.0117919,0.265168,5.2429,0.206677,120.79
2.6732,6.88369,99.8605,-3.94754,-4.92715,10.2152,-0.0118147,-0.0105829,0.256335,5.28839,1.38874,125.371
2.78037,6.96246,100.129,-2.13803,-2.63916,5.97964,-0.0102006,-0.0096852,0.249046,5.60233,1.78085,124.659
3.45541,5.89239,103.265,-1.61871,-1.85167,4.14311,-0.00914185,-0.009997,0.24936,3.67592,2.572,124.126
3.68965,6.01119,103.068,-0.76744,-0.862847,2.30106,-0.00869725,-0.0101955,0.250185,4.03332,2.95447,123.632
4.48593,5.05383,101.217,-0.494136,-0.541509,1.56749,-0.00824361,-0.0117997,0.26144,2.3114,2.41104,123.265
4.70104,5.25796,100.857,-0.283551,-0.306077,1.08236,-0.00868375,-0.0129334,0.271962,2.78809,2.73697,122.961
5.04904,4.41175,94.2465,-0.196853,-0.211433,0.84736,-0.0085931,-0.0161789,0.298116,2.01364,1.40465,121.713
5.11997,4.64421,94.5413,-0.136508,-0.144269,0.688234,-0.0100317,-0.0189606,0.325233,2.55872,1.61531,121.641
4.78845,4.1923,87.877,-0.106845,-0.111674,0.604016,-0.010302,-0.0263311,0.383344,2.34321,-0.0257353,118.684
4.77025,4.44174,88.6179,-0.0854683,-0.0871016,0.538741,-0.0140357,-0.0350457,0.454896,2.95165,0.0652171,119.115
3.57445,3.97674,83.9156,-0.0759884,-0.0736972,0.522212,-0.0153228,-0.057125,0.601396,2.28395,-1.62152,118.451
3.58083,4.20191,84.8156,-0.0720873,-0.0664991,0.513049,-0.0268791,-0.100744,0.839943,2.98402,-1.58188,119.24
2.96974,5.1638,84.5952,-0.0808885,-0.0660534,0.573407,-0.0277365,-0.254764,1.47167,2.17536,-2.67125,120.904
3.03824,5.37565,85.1246,-0.104524,-0.0795013,0.67105,-0.173193,-1.68354,4.5981,2.85659,-2.51461,121.794
2.54538,7.64048,86.1824,-0.196963,-0.118847,0.996952,-7.77105,-17.8869,38.613,1.58798,-2.57461,117.391
2.59729,7.7621,86.6208,-0.67595,-0.367294,2.09756,-10.1503,-8.91775,42.4782,2.0642,-2.27126,118.006
1.05292,9.19169,81.0853,-16.2985,-9.77371,27.2716,-6.38577,-5.62208,50.2396,0.674053,-1.53031,100.021
1.44064,9.0852,80.5101,-17.2891,-20.14,50.1698,-8.5602,-7.14815,60.3006,0.509843,-0.955455,98.2921
0.0242201,9.02946,66.6328,-3.10034,-8.90103,54.897,-6.41542,-5.05917,70.0416,-1.65243,-1.04736,65.6794
0.468696,8.77935,61.9112,-1.43591,-7.85334,59.1651,-6.24736,-5.10228,71.7241,-1.04109,-0.572216,64.9804
-0.726326,7.12631,45.8265,0.190449,0.123822,64.9197,-1.87117,-0.157573,92.2657,-4.4668,-4.4752,16.131
-0.797919,7.09127,42.3719,0.104878,-0.159016,67.2181,-1.71157,0.142516,92.949,-3.04342,-2.71455,10.9501
-2.01603,6.03932,38.0168,0.545741,4.53934,70.0346,2.08833,5.20179,106.219,-1.80757,-2.16793,5.14644
-2.39621,5.72284,36.7386,0.451325,4.21617,71.0117,2.51132,5.19799,106.122,-0.595401,-0.739428,2.30137
-2.84203,4.91861,38.6004,0.304489,3.45158,73.0278,3.08741,8.85437,107.963,-0.329154,-0.415204,1.42161
-3.19056,4.29405,38.1511,0.22953,3.10576,73.8054,3.39494,8.90346,108.082,-0.182844,-0.232565,0.993414
-3.94068,2.00105,33.3295,0.530674,0.247111,78.1307,2.7988,10.3302,107.96,-0.127155,-0.159508,0.778894
-4.29616,1.40523,30.9393,0.544806,-0.0458769,78.9418,2.99663,10.4351,108.42,-0.0901023,-0.111068,0.645152
-5.96369,-3.50776,18.3371,1.53735,-2.36603,86.2672,2.62923,10.0486,110.491,-0.0711216,-0.0868374,0.564019
-5.32136,-3.10979,14.9855,1.55891,-2.44341,87.1372,2.81233,10.2168,111.053,-0.0564863,-0.0677127,0.504542
-5.6585,-5.38278,12.2396,2.64523,-3.05051,95.2823,2.42024,8.79381,115.041,-0.0485073,-0.0575934,0.470631
-2.79778,-2.68438,6.61253,2.65944,-2.89309,96.0774,2.62663,9.06067,115.421,-0.0424169,-0.0492996,0.442778
-2.31907,-2.44207,5.27058,3.31022,-2.52725,104.527,1.58818,6.77493,120.083,-0.0395012,-0.0447547,0.432775
-1.03276,-1.10389,2.77416,3.36157,-2.10449,104.726,1.881,7.17384,120.022,-0.0373686,-0.0407522,0.423272
-0.797551,-0.86645,2.19401,3.23364,-0.762561,106.941,0.523716,5.06887,123.182,-0.0380438,-0.0380583,0.436637
-0.527792,-0.58325,1.63392,3.43762,-0.457772,107.285,0.81003,5.52056,122.998,-0.0398475,-0.0378732,0.452586
-0.441833,-0.486826,1.41022,3.41554,1.01813,104.607,-0.620335,3.55578,123.937,-0.0465492,-0.0386737,0.502366
-0.342465,-0.379235,1.19099,3.70838,1.28931,104.854,-0.348289,4.08904,123.819,-0.0563135,-0.0439475,0.563841
-0.305241,-0.333562,1.09964,3.708,2.07234,100.162,-1.66422,2.44667,122.669,-0.0811229,-0.0523469,0.700442
-0.264039,-0.28783,1.0063,4.08265,2.26701,100.476,-1.42001,3.04037,122.904,-0.125138,-0.0767038,0.899764
-0.258112,-0.279163,1.02611,4.27294,2.05868,95.5116,-2.54051,2.27115,121.1,-0.267,-0.129867,1.40403
-0.278934,-0.299837,1.08904,4.67948,2.17381,95.9842,-2.31016,2.87063,121.68,-0.907502,-0.43762,2.91682
-0.393719,-0.426457,1.45673,5.39836,1.58064,89.5995,-2.6585,3.1763,114.631,-8.78819,-5.13948,16.7744
-0.931783,-0.989429,2.63256,5.81686,1.57452,90.5174,-2.2476,3.52103,115.605,-11.0279,-12.2703,30.8933
-9.22439,-9.58541,18.4368,6.51948,0.928626,81.1103,-2.44607,3.41213,95.2048,-2.9924,-9.18544,37.0462
-18.9665,-18.273,37.5956,6.61715,1.15119,81.8717,-2.04981,3.58837,95.0633,-2.1168,-10.4203,47.2583
-12.4575,-7.80025,50.8138,5.98573,-0.878379,65.1199,-4.1506,0.423337,57.2278,-0.255227,-11.0532,66.0661
-9.268,-2.02444,60.5223,5.77755,0.235294,60.985,-3.78224,1.22843,57.2965,-0.452591,-11.2334,69.4618
-1.06572,2.80933,60.7765,5.01427,-2.42612,42.689,-4.66268,-3.31304,12.63,0.418329,-11.1788,110.77
-0.902894,2.89704,61.4258,5.23839,-2.17755,39.9163,-2.37456,-1.46704,7.22365,0.689458,-10.7607,111.415
2.81237,4.35963,70.4231,4.64737,-3.22057,35.9214,-1.11301,-0.904051,3.02878,3.17844,-7.2148,128.154
2.74331,4.21041,71.1222,4.46022,-3.38764,34.8785,-0.390603,-0.311137,1.47377,3.30109,-6.42284,127.63
4.29584,5.53494,78.8025,2.91791,-3.12759,32.6311,-0.214175,-0.173309,0.918998,4.98835,-2.69593,123.522
4.17248,5.49548,79.2474,2.46688,-3.29377,32.0008,-0.117598,-0.0936088,0.651541,5.08628,-2.16394,123.518
4.40829,6.84347,85.258,0.730023,-3.43512,29.03,-0.0784193,-0.0621006,0.505469,5.52671,-0.266428,117.568
4.41194,6.91678,85.4464,0.256317,-3.6141,27.7536,-0.0521589,-0.041097,0.416838,5.73481,0.0922447,117.932
4.19325,7.99045,90.4028,-1.67458,-4.52155,22.5714,-0.0377439,-0.0299177,0.360527,5.91334,0.894191,117.708
4.14786,8.12217,90.9442,-2.6051,-4.64219,17.4417,-0.0276823,-0.0222795,0.322531,6.23285,1.15626,118.095
3.93517,8.65194,96.2351,-3.76767,-4.92904,12.1372,-0.0213348,-0.0178815,0.299114,6.64318,1.83557,121.803
4.35767,8.85927,95.5938,-2.97988,-3.85683,9.11114,-0.0169044,-0.0148562,0.282299,7.22043,2.285,121.603
4.88409,8.69671,100.012,-3.38742,-4.13123,8.35349,-0.0139348,-0.0135465,0.275714,7.56018,3.66068,126.405
5.30294,8.9005,99.6448,-2.45284,-3.0125,6.19717,-0.0121529,-0.0126817,0.271062,8.10129,4.18626,125.73
-7.82975,-8.317,15.3627,4.99401,-0.314843,98.6637,2.86408,7.85701,122.944,-0.0563425,-0.0600856,0.510329
-2.07365,-2.2179,4.61433,4.83149,-0.44192,110.242,2.98483,7.40219,122.598,-0.0604556,-0.0604268,0.531856
-0.925255,-0.987881,2.39881,5.64839,1.24995,105.168,3.08019,7.72134,123.646,-0.0654777,-0.063959,0.550778
-0.692866,-0.726486,1.87283,5.58166,2.88084,102.194,1.70983,5.98593,124.756,-0.078444,-0.0700107,0.612587
-0.48722,-0.5069,1.44551,5.91932,3.14488,102.576,2.0458,6.5842,124.525,-0.095085,-0.0832788,0.679056
-0.411399,-0.418414,1.26979,5.86999,3.75476,97.9418,0.704558,4.89578,122.781,-0.137346,-0.107885,0.837778
-0.334327,-0.336003,1.10036,6.28078,3.94001,98.4332,1.00181,5.53922,122.99,-0.209473,-0.162106,1.0614
-0.308334,-0.303947,1.06554,6.53303,3.63363,93.7559,-0.0835,4.8671,120.904,-0.443305,-0.312795,1.65714
-0.310806,-0.302431,1.07638,6.97221,3.76317,94.322,0.229887,5.51542,121.39,-1.51642,-1.08446,3.71609
-0.400661,-0.387466,1.33467,7.61239,3.10037,88.2211,-0.20804,5.67135,114.365,-10.313,-8.23046,18.8891
-0.753314,-0.714388,2.06065,8.10033,3.15668,89.1342,0.163538,6.23702,115.398,-11.2508,-11.5086,23.9987
-4.92929,-4.56515,9.59283,8.95202,2.41444,80.9641,-0.530167,6.08256,96.3878,-7.96486,-11.0454,27.597
-18.5596,-16.5133,33.0314,9.11352,2.74783,81.5992,0.192228,6.15539,95.9166,-6.46353,-15.3058,50.7943
-20.0382,-16.6818,41.6218,7.87441,0.357884,64.6244,-2.89344,1.85537,58.0817,-2.99948,-14.6581,68.9897
-17.5941,-8.92996,71.3337,7.27917,1.96304,60.0648,-2.52774,3.04456,58.3807,-2.51417,-13.2953,69.0594
-4.931,-0.342909,66.3953,5.88893,-1.26291,41.7108,-4.94046,-3.45061,12.9487,-2.84078,-14.5654,110.521
-3.19499,0.822433,61.623,6.27015,-1.19666,39.537,-2.57599,-1.54869,7.62996,-2.50406,-14.0785,110.96
0.444058,2.16012,70.6182,5.50833,-2.3704,35.4241,-1.42135,-1.1545,3.54076,-0.454705,-11.0321,127.896
0.369208,2.03999,71.4331,5.31963,-2.52971,34.2317,-0.479854,-0.382368,1.62786,-0.263285,-10.1859,127.443
1.77905,3.28767,79.5472,3.63823,-2.32707,31.5872,-0.260242,-0.21074,0.998007,1.68082,-6.1052,123.554
1.68076,3.2758,79.9084,3.1881,-2.49634,30.8302,-0.139826,-0.111132,0.690246,1.80265,-5.53808,123.46
1.79157,4.53535,85.8178,1.3604,-2.70831,27.8994,-0.0917022,-0.0722275,0.528074,2.48699,-3.44268,117.228
1.81581,4.62219,85.9065,0.837886,-2.91457,26.5419,-0.0601117,-0.0468432,0.429423,2.69525,-3.07961,117.455
1.49849,5.66513,90.5951,-1.1229,-3.90693,22.0881,-0.0428196,-0.03329,0.367232,2.93428,-2.3399,116.899
1.57199,5.81116,90.6749,-1.90244,-4.12587,18.5223,-0.0308944,-0.0241476,0.325036,3.2643,-2.0719,117.211
1.19598,6.13296,95.6905,-3.80626,-5.069,13.5659,-0.0234424,-0.0187953,0.29808,3.56622,-1.54399,121.258
1.5617,6.31124,95.1353,-3.19776,-4.22607,10.7176,-0.0183005,-0.0151066,0.277862,4.09752,-1.12606,120.94
1.59643,5.86437,100.114,-3.67302,-4.31324,9.11336,-0.0148907,-0.0132325,0.267318,4.15719,0.0752799,125.511
1.81042,6.00772,100.136,-2.01179,-2.34182,5.43025,-0.0127695,-0.0118675,0.258164,4.5749,0.577713,124.641
2.41952,4.93014,103.124,-1.73942,-1.90259,4.23539,-0.0112469,-0.0117949,0.257282,2.52242,1.42441,123.569
2.73733,5.12981,102.732,-0.87758,-0.949054,2.4632,-0.0105136,-0.0116708,0.256299,2.96294,1.87656,123.134
3.61066,4.18835,100.712,-0.628371,-0.663241,1.80049,-0.00976477,-0.0130003,0.266134,1.23669,1.30021,122.689
3.84625,4.43976,100.449,-0.371112,-0.386154,1.24669,-0.0100595,-0.0139888,0.274984,1.74487,1.67101,122.415
4.26787,3.67524,94.2886,-0.264907,-0.274398,0.982252,-0.00993275,-0.0170613,0.2993,1.05122,0.412851,121.979
4.36831,3.92284,94.5176,-0.185618,-0.189764,0.791781,-0.0113884,-0.0201194,0.326354,1.60776,0.683233,121.843
4.14285,3.53331,87.8647,-0.146103,-0.148455,0.691342,-0.0121759,-0.0278818,0.384325,1.56175,-0.779678,119.509
4.13933,3.79659,88.6114,-0.116967,-0.116409,0.612622,-0.0167925,-0.0373856,0.455595,2.19924,-0.643497,119.87
3.03161,3.40865,83.6788,-0.104287,-0.0999063,0.592815,-0.0204098,-0.0613116,0.601477,1.70466,-2.2044,119.338
3.03942,3.63755,84.6282,-0.100099,-0.0919164,0.584467,-0.0372644,-0.109386,0.83964,2.42035,-2.13189,120.047
2.41093,4.4897,84.2874,-0.115412,-0.0959499,0.663734,-0.0607588,-0.281928,1.4714,1.65699,-3.22609,121.713
2.46202,4.70766,84.9069,-0.154197,-0.121881,0.788454,-0.431184,-1.80457,4.55392,2.3543,-3.05645,122.485
2.0823,6.90393,86.0866,-0.319182,-0.210741,1.24678,-9.39958,-19.2937,37.4377,1.02479,-3.13712,118.099
2.1439,7.01843,86.5367,-1.43386,-0.90704,3.32056,-10.8609,-10.0778,41.1691,1.55218,-2.8565,118.766
0.984636,8.5242,80.719,-21.6391,-15.7635,36.7046,-7.17694,-6.14398,50.2345,0.371726,-1.9636,101.017
0.91825,8.5886,81.1956,-15.0532,-16.5574,38.3663,-9.11652,-7.55185,59.624,0.0349309,-1.46212,99.3679
-0.0540226,8.3788,64.6454,-4.69201,-9.88868,56.4455,-6.47916,-5.30332,69.3608,-1.41296,-1.33412,66.2668
0.396564,8.14708,59.3693,-1.9425,-8.69025,62.8606,-6.27499,-5.28315,70.8933,-0.844368,-0.809894,65.0582
-0.740304,6.7967,44.4247,0.244949,0.133257,65.5256,-2.1735,-0.652314,91.8752,-4.32283,-4.47843,16.5391
-0.8361,6.78167,41.2386,0.221018,0.0479451,67.0301,-2.02107,-0.364118,92.4145,-3.02465,-2.85659,11.8312
-2.06405,5.82453,37.3993,0.628242,4.71833,70.0406,1.6244,4.61791,105.705,-1.91336,-2.31417,5.46115
-2.42285,5.4933,36.0102,0.580271,4.48419,70.8192,2.02476,4.62065,105.817,-0.624155,-0.787129,2.38339
-2.95035,4.70756,38.0161,0.346627,3.68059,72.9786,2.68435,8.14313,108.161,-0.33275,-0.422765,1.43067
-3.28597,4.09939,37.8082,0.244535,3.29238,73.9312,2.97166,8.21128,108.22,-0.181733,-0.232444,0.980869
-3.95045,1.90058,33.5555,0.442725,0.39956,77.8701,2.35724,9.71373,107.811,-0.1234,-0.155832,0.758851
-4.30204,1.3073,31.156,0.476014,0.119591,78.606,2.575,9.78441,108.288,-0.0861346,-0.106847,0.625921
-5.89211,-3.49966,18.2226,1.44069,-2.35952,85.7503,2.14162,9.38767,110.131,-0.0677665,-0.0829245,0.546986
-5.24898,-3.20188,14.5325,1.46695,-2.50499,86.7521,2.31176,9.52325,110.702,-0.0538744,-0.0646186,0.490377
-5.42986,-5.0884,11.702,2.51194,-3.22836,94.8475,1.86905,8.11163,114.52,-0.0464839,-0.054933,0.458394
-2.6749,-2.51327,6.36365,2.50521,-3.04314,95.5505,2.0667,8.3779,114.856,-0.040681,-0.0468002,0.431873
-2.26885,-2.34452,5.14894,3.22507,-2.75181,103.837,1.09606,6.11324,118.441,-0.0380072,-0.0425585,0.422959
-1.03867,-1.08807,2.77093,3.27235,-2.3417,104.033,1.3611,6.47607,118.531,-0.0361266,-0.0389298,0.415544
-0.79993,-0.849744,2.1787,3.31701,-1.1247,106.575,0.0360912,4.37686,122.092,-0.0373051,-0.0367929,0.430738
-0.519244,-0.560339,1.60539,3.5177,-0.823486,106.881,0.312297,4.81461,121.936,-0.03911,-0.0369215,0.446803
-0.434126,-0.466804,1.3847,3.3437,0.639474,104.366,-1.21285,2.91478,123.79,-0.0459047,-0.0377727,0.496151
-0.334714,-0.361882,1.16881,3.62967,0.877328,104.648,-0.959973,3.4336,123.65,-0.0546536,-0.0427351,0.552708
-0.299148,-0.319083,1.08174,3.58084,1.69186,100.074,-2.30356,1.79564,122.768,-0.0772045,-0.0501032,0.679006
-0.259918,-0.276424,0.992848,3.93139,1.84145,100.456,-2.08828,2.35201,122.968,-0.115493,-0.0708934,0.858936
-0.256714,-0.270078,1.01746,4.28187,1.67348,95.1793,-3.17531,1.72947,120.791,-0.234275,-0.114844,1.29933
-0.279873,-0.292093,1.08417,4.66568,1.72925,95.7782,-2.99257,2.28266,121.368,-0.693761,-0.332782,2.46615
-0.403354,-0.421907,1.46066,5.44693,1.12087,89.7887,-3.40223,2.65733,114.762,-6.20944,-3.24955,12.1212
-0.965471,-0.988481,2.65901,5.83314,1.09185,90.7077,-3.01785,2.94616,115.64,-12.6214,-12.3108,30.6798
-9.48199,-9.44841,18.4969,6.61045,0.868486,82.0333,-3.09062,3.19033,96.9549,-4.00033,-9.48672,34.4719
-19.0766,-17.6247,36.6675,6.69547,1.04084,82.6798,-2.66848,3.28204,96.7658,-2.73873,-10.8223,45.4423
-14.5084,-9.23543,52.6195,5.8392,-0.638333,63.4491,-4.41307,0.566999,56.9718,-0.980423,-11.4837,66.2146
-10.7973,-3.03477,62.6807,5.71554,0.388885,59.8036,-4.06961,1.31762,57.3842,-1.27759,-11.7701,69.8983
-2.2543,1.99655,61.4369,4.98201,-2.47734,41.9591,-4.47956,-3.0973,12.0233,-0.809796,-12.2822,109.871
-2.07642,2.06966,61.9173,5.25195,-2.30116,39.7004,-2.19018,-1.30339,6.83952,-0.58005,-11.8982,110.288
1.42268,3.35765,71.2435,4.57321,-3.40944,35.7698,-1.01607,-0.803882,2.83597,1.62183,-8.77949,126.238
1.352,3.2152,71.7841,4.3583,-3.57198,34.5945,-0.359504,-0.279067,1.39477,1.66513,-8.08471,125.922
2.78749,4.51044,79.7486,2.78143,-3.31721,32.0901,-0.194259,-0.152778,0.863456,3.4141,-4.33299,122.588
2.64927,4.46228,79.9425,2.30595,-3.48711,31.2362,-0.105261,-0.0810684,0.615024,3.39434,-3.85834,122.613
2.78536,5.80808,85.9101,0.5006,-3.68001,27.9092,-0.0701792,-0.0535105,0.478363,3.94505,-1.90513,116.466
2.76198,5.84964,85.9138,-0.00276268,-3.85285,26.3091,-0.046356,-0.0349893,0.395714,4.0504,-1.63092,116.83
2.47076,6.74737,90.808,-1.72509,-4.64638,22.2722,-0.0333854,-0.0252061,0.342596,4.24194,-0.960994,116.906
2.56896,6.83792,90.701,-2.17772,-4.77577,19.9185,-0.0242248,-0.0184507,0.306145,4.52652,-0.742443,117.193
2.26123,7.17477,95.6615,-3.93329,-5.66544,15.0958,-0.0184447,-0.0145368,0.282719,4.80595,-0.113917,120.978
2.54932,7.29056,95.2037,-3.45432,-4.96556,12.5403,-0.0144262,-0.0117986,0.265205,5.24723,0.21017,120.787
2.67527,6.88415,99.8577,-3.9505,-4.93301,10.2254,-0.0118149,-0.0105889,0.256371,5.2926,1.39221,125.369
2.78211,6.96283,100.127,-2.14014,-2.64299,5.98645,-0.0102007,-0.00969069,0.249081,5.60619,1.78419,124.657
3.45693,5.89259,103.264,-1.62017,-1.85406,4.14714,-0.00914187,-0.0100026,0.249397,3.67925,2.57491,124.124
3.6909,6.01122,103.068,-0.767777,-0.863552,2.30237,-0.00869737,-0.0102014,0.250224,4.03631,2.95727,123.63
4.48722,5.05382,101.217,-0.494243,-0.54182,1.56807,-0.00824356,-0.0118067,0.261484,2.31423,2.41349,123.263
4.70229,5.25784,100.856,-0.28356,-0.306197,1.08262,-0.00868402,-0.0129415,0.272011,2.79072,2.73937,122.959
5.05031,4.41161,94.246,-0.196842,-0.211497,0.847512,-0.00859317,-0.0161898,0.298179,2.0163,1.40679,121.711
5.12124,4.64395,94.5408,-0.13649,-0.144303,0.688332,-0.0100327,-0.0189748,0.325311,2.56123,1.61743,121.639
4.78968,4.19198,87.8765,-0.106827,-0.111696,0.60409,-0.0103028,-0.026354,0.383458,2.34577,-0.0238233,118.682
4.77149,4.44129,88.6174,-0.085452,-0.0871171,0.538802,-0.0140396,-0.0350821,0.455066,2.95411,0.0671189,119.113
3.57566,3.9761,83.9152,-0.0759715,-0.0737084,0.522272,-0.0153285,-0.0572028,0.601715,2.2865,-1.61985,118.449
3.58209,4.20115,84.8151,-0.0720718,-0.0665092,0.51311,-0.0269059,-0.100936,0.840617,2.9865,-1.5802,119.238
2.97088,5.16287,84.5948,-0.0808673,-0.0660604,0.573484,-0.0277942,-0.255604,1.47394,2.17784,-2.66975,120.902
3.0395,5.37465,85.1239,-0.1045,-0.0795105,0.67116,-0.175236,-1.69752,4.62128,2.8588,-2.51287,121.792
2.54643,7.63893,86.1816,-0.196925,-0.118851,0.997175,-7.81293,-17.9274,38.727,1.58868,-2.57211,117.386
2.59837,7.76084,86.6211,-0.676019,-0.367406,2.09837,-10.1213,-8.88693,42.3915,2.06773,-2.27118,118.006
1.0539,9.19013,81.085,-16.2994,-9.77795,27.2814,-6.37558,-5.61696,50.2057,0.676461,-1.53002,100.02
1.44165,9.08348,80.5093,-17.2635,-20.1344,50.1811,-8.5597,-7.15201,60.3009,0.511194,-0.954619,98.2894
0.0240712,9.02827,66.6341,-3.08409,-8.88602,54.8776,-6.41507,-5.06331,70.0412,-1.6519,-1.047,65.6761
0.468619,8.77816,61.9124,-1.42483,-7.84468,59.1553,-6.24635,-5.10595,71.7212,-1.0402,-0.572266,64.9815
-0.72652,7.12479,45.8281,0.199566,0.129154,64.9193,-1.86971,-0.161899,92.2601,-4.46563,-4.47657,16.1533
-0.797818,7.08986,42.3737,0.114773,-0.153576,67.218,-1.71029,0.138118,92.9451,-3.04641,-2.71712,10.9749
-2.01568,6.03814,38.018,0.555812,4.54588,70.0334,2.08854,5.19805,106.216,-1.81071,-2.17264,5.15522
-2.39574,5.72166,36.7396,0.461771,4.22278,71.0104,2.51154,5.19431,106.12,-0.596016,-0.740496,2.30374
-2.84133,4.91726,38.6017,0.315463,3.45814,73.0269,3.08724,8.8508,107.961,-0.329448,-0.415725,1.42276
-3.18975,4.29265,38.1525,0.240755,3.11223,73.8048,3.39482,8.89989,108.08,-0.182979,-0.232818,0.994052
-3.93972,1.99974,33.3318,0.543122,0.253794,78.1307,2.79856,10.3266,107.958,-0.127246,-0.159673,0.779335
-4.29512,1.40394,30.9431,0.557482,-0.0392076,78.9421,2.99647,10.4315,108.418,-0.0901645,-0.111179,0.645482
-5.96308,-3.50945,18.3391,1.55179,-2.35899,86.2682,2.62928,10.0447,110.489,-0.0711712,-0.0869244,0.564293
-5.32049,-3.11185,14.9829,1.57384,-2.4373,87.1399,2.81256,10.2124,111.051,-0.0565262,-0.0677812,0.504775
-5.65395,-5.38042,12.2313,2.66207,-3.045,95.2875,2.42097,8.78837,115.039,-0.0485421,-0.0576537,0.470844
-2.78883,-2.67724,6.5962,2.67647,-2.88881,96.0851,2.62755,9.05446,115.419,-0.0424487,-0.0493537,0.442974
-2.3068,-2.43032,5.24829,3.32904,-2.522,104.535,1.58974,6.76828,120.08,-0.0395316,-0.0448067,0.432968
-1.028,-1.09939,2.76511,3.38066,-2.09735,104.73,1.88278,7.16837,120.019,-0.0373989,-0.0408021,0.42346
-0.793821,-0.862823,2.18688,3.25358,-0.754601,106.944,0.526191,5.06335,123.178,-0.0380753,-0.038109,0.436837
-0.525671,-0.581198,1.62972,3.45817,-0.449464,107.287,0.812858,5.51541,122.995,-0.0398832,-0.0379283,0.452804
-0.440217,-0.485287,1.40703,3.43597,1.02619,104.609,-0.616796,3.55035,123.933,-0.046594,-0.0387394,0.502634
-0.341411,-0.378258,1.18887,3.72952,1.29731,104.856,-0.344326,4.08377,123.816,-0.0563768,-0.0440345,0.564181
-0.304433,-0.332854,1.09805,3.72868,2.07982,100.166,-1.6596,2.44121,122.666,-0.0812333,-0.0524826,0.700968
-0.263485,-0.287375,1.00522,4.10415,2.27436,100.48,-1.41488,3.03503,122.901,-0.125367,-0.0769577,0.900652
-0.257683,-0.278862,1.02534,4.29404,2.0655,95.516,-2.53482,2.26572,121.097,-0.267758,-0.130542,1.40625
-0.27864,-0.299689,1.08861,4.70151,2.1805,95.9892,-2.30375,2.8652,121.678,-0.912647,-0.441475,2.92719
-0.393595,-0.426638,1.45691,5.41956,1.58697,89.6042,-2.65085,3.17041,114.628,-8.83843,-5.19514,16.8742
-0.93358,-0.991994,2.63698,5.83944,1.58013,90.5243,-2.23984,3.51527,115.603,-10.9923,-12.2754,30.8775
-9.26767,-9.63798,18.525,6.53869,0.936641,81.1132,-2.44063,3.40983,95.2047,-2.96856,-9.16921,36.9966
-18.9692,-18.2869,37.6309,6.63819,1.15742,81.8785,-2.04325,3.58466,95.0627,-2.10431,-10.4181,47.2441
-12.4249,-7.77482,50.8483,6.00274,-0.873979,65.1284,-4.14652,0.420255,57.2269,-0.242641,-11.0573,66.069
-9.23877,-2.01727,60.4717,5.79562,0.236903,60.9985,-3.77784,1.22426,57.3002,-0.43919,-11.2378,69.4628
-1.05071,2.80573,60.775,5.02582,-2.42452,42.7012,-4.66511,-3.31579,12.6418,0.440853,-11.1836,110.769
-0.889708,2.891,61.4363,5.24966,-2.17576,39.9296,-2.37795,-1.47018,7.23556,0.712625,-10.7657,111.415
2.82897,4.35337,70.4334,4.65791,-3.21922,35.9364,-1.11497,-0.906175,3.03322,3.20593,-7.22065,128.155
2.76062,4.20371,71.1338,4.47102,-3.38665,34.8962,-0.391078,-0.311735,1.47521,3.32938,-6.42903,127.631
4.31583,5.52724,78.8165,2.92821,-3.12718,32.6501,-0.214416,-0.173614,0.919763,5.01585,-2.70202,123.523
4.19277,5.48696,79.2648,2.47734,-3.29366,32.0194,-0.117716,-0.0937676,0.652015,5.11469,-2.17052,123.519
4.43112,6.83356,85.2787,0.740027,-3.43569,29.0536,-0.0784973,-0.0622048,0.505819,5.55411,-0.273089,117.569
4.43729,6.90596,85.4667,0.270715,-3.61586,27.8126,-0.0522092,-0.0411663,0.417121,5.76406,0.0854423,117.932
4.2237,7.97821,90.4212,-1.65611,-4.52705,22.6811,-0.0377801,-0.029968,0.360775,5.94419,0.887573,117.707
4.17574,8.10897,90.9744,-2.59629,-4.6551,17.5225,-0.0277099,-0.0223167,0.322761,6.26291,1.14865,118.094
3.95294,8.63648,96.3013,-3.75578,-4.92114,12.0991,-0.0213595,-0.0179114,0.299339,6.66877,1.82489,121.804
4.35976,8.84073,95.7038,-2.90422,-3.76302,8.91407,-0.0169307,-0.0148827,0.282522,7.23742,2.27125,121.604
4.87973,8.67381,100.15,-3.19871,-3.90155,7.9571,-0.0139629,-0.0135757,0.275941,7.5725,3.64448,126.399
5.31257,8.87754,99.7509,-2.28823,-2.81038,5.85772,-0.0121829,-0.0127135,0.271288,8.12004,4.17515,125.71
-7.83374,-8.32147,15.3708,4.99449,-0.30967,98.6511,2.86463,7.85931,122.943,-0.056341,-0.0600841,0.510329
-2.08397,-2.22872,4.6336,4.83216,-0.435091,110.226,2.98531,7.40571,122.598,-0.0604519,-0.0604226,0.531855
-0.930019,-0.992901,2.40807,5.64892,1.25333,105.16,3.08051,7.72294,123.646,-0.0654731,-0.0639539,0.55078
-0.696697,-0.7305,1.88032,5.58202,2.88266,102.189,1.71004,5.98665,124.757,-0.0784384,-0.0700045,0.612594
-0.489655,-0.509458,1.45043,5.91955,3.14586,102.573,2.04593,6.58443,124.525,-0.0950795,-0.0832724,0.67907
-0.413316,-0.420398,1.2737,5.87008,3.7554,97.9396,0.704623,4.89579,122.781,-0.13734,-0.107877,0.837807
-0.335667,-0.337384,1.10316,6.28076,3.94049,98.4314,1.00183,5.53908,122.99,-0.209473,-0.162101,1.06146
-0.309457,-0.305086,1.06792,6.53289,3.63406,93.7543,-0.0835181,4.86689,120.904,-0.443342,-0.312804,1.65731
-0.311825,-0.303455,1.07853,6.97197,3.76361,94.3203,0.229841,5.51514,121.389,-1.51691,-1.08477,3.71707
-0.402043,-0.388841,1.33753,7.61204,3.10087,88.2192,-0.208047,5.67104,114.364,-10.3161,-8.2331,18.895
-0.756484,-0.717475,2.06669,8.09983,3.1573,89.1321,0.163435,6.23676,115.398,-11.2496,-11.5081,23.9988
-4.96089,-4.59502,9.64813,8.9505,2.41675,80.9591,-0.53038,6.08324,96.3867,-7.96079,-11.0424,27.5974
-18.5537,-16.5098,33.0243,9.1131,2.74819,81.5973,0.192162,6.15489,95.9158,-6.45955,-15.3017,50.7922
-20.0151,-16.6625,41.589,7.87458,0.357299,64.624,-2.89332,1.85461,58.0812,-2.99706,-14.6552,68.9863
-17.5845,-8.92366,71.3123,7.27913,1.96282,60.0638,-2.52765,3.04402,58.3801,-2.51218,-13.2937,69.0592
-4.92886,-0.342597,66.3893,5.8887,-1.2628,41.7091,-4.94023,-3.45047,12.9479,-2.83746,-14.5627,110.521
-3.19419,0.821871,61.6215,6.26981,-1.19643,39.5351,-2.57577,-1.54854,7.62916,-2.5008,-14.0757,110.96
0.444813,2.15937,70.6167,5.50797,-2.37019,35.4223,-1.42121,-1.15433,3.54044,-0.450849,-11.0288,127.896
0.369914,2.03929,71.4315,5.31925,-2.52952,34.2298,-0.479836,-0.38233,1.62778,-0.259444,-10.1826,127.443
1.7798,3.2869,79.5456,3.63788,-2.32687,31.5853,-0.260235,-0.210722,0.997966,1.68467,-6.10198,123.554
1.68152,3.2751,79.9066,3.18777,-2.49614,30.8288,-0.139825,-0.111123,0.690222,1.80659,-5.53481,123.46
1.79245,4.53467,85.8157,1.36018,-2.70811,27.8984,-0.0917021,-0.0722218,0.528057,2.49088,-3.43955,117.228
1.81657,4.6216,85.9045,0.837376,-2.91434,26.539,-0.0601123,-0.0468397,0.429409,2.69921,-3.07645,117.455
1.49891,5.66458,90.5937,-1.12439,-3.90659,22.0789,-0.0428205,-0.0332876,0.36722,2.93822,-2.33681,116.9
1.57223,5.81067,90.6738,-1.90448,-4.12483,18.5081,-0.0308955,-0.024146,0.325025,3.26836,-2.06884,117.212
1.19721,6.13248,95.6873,-3.80617,-5.06679,13.5606,-0.0234434,-0.0187942,0.298069,3.57109,-1.54068,121.259
1.56491,6.31102,95.1277,-3.20095,-4.22866,10.7264,-0.0183011,-0.0151058,0.277851,4.10356,-1.12245,120.941
1.60191,5.8646,100.102,-3.68812,-4.33009,9.14552,-0.0148908,-0.0132316,0.267308,4.16494,0.079387,125.511
1.81666,6.0085,100.121,-2.02959,-2.36249,5.46828,-0.0127689,-0.0118663,0.258154,4.58344,0.581931,124.643
2.42404,4.93056,103.114,-1.76037,-1.92552,4.27637,-0.0112462,-0.0117935,0.257274,2.53026,1.42826,123.572
2.7391,5.12966,102.728,-0.885999,-0.95814,2.4804,-0.0105129,-0.0116693,0.256292,2.96925,1.87994,123.137
3.61149,4.188,100.711,-0.63367,-0.668803,1.8112,-0.00976452,-0.0129988,0.266129,1.24249,1.30352,122.691
3.84666,4.43937,100.448,-0.373508,-0.38863,1.25186,-0.0100595,-0.0139873,0.27498,1.75043,1.67429,122.418
4.26813,3.67485,94.2881,-0.266324,-0.275859,0.985438,-0.00993335,-0.0170599,0.299299,1.05669,0.416151,121.982
4.36851,3.92245,94.5171,-0.186426,-0.19059,0.793731,-0.0113895,-0.0201181,0.326357,1.61323,0.686523,121.846
4.143,3.53295,87.8643,-0.146641,-0.149008,0.692717,-0.0121785,-0.0278809,0.384335,1.5671,-0.77644,119.512
4.13946,3.79623,88.611,-0.117326,-0.116776,0.613591,-0.0167969,-0.037386,0.455618,2.20467,-0.640263,119.873
3.0317,3.40833,83.6783,-0.104563,-0.100186,0.593599,-0.0204194,-0.0613172,0.601537,1.7101,-2.20115,119.341
3.03951,3.63725,84.6278,-0.100324,-0.092142,0.585112,-0.0372884,-0.109413,0.839794,2.42592,-2.12862,120.05
2.41103,4.48943,84.2869,-0.115644,-0.0961755,0.664396,-0.0608411,-0.282112,1.472,1.66274,-3.22271,121.715
2.46214,4.70744,84.9062,-0.154475,-0.122151,0.789177,-0.432602,-1.80856,4.56078,2.36014,-3.05297,122.487
2.08247,6.90363,86.0857,-0.319776,-0.211264,1.24807,-9.41668,-19.3055,37.4765,1.03014,-3.13328,118.101
2.1441,7.01826,86.5359,-1.43736,-0.909955,3.3265,-10.8539,-10.0652,41.1499,1.55859,-2.85329,118.769
0.985256,8.52404,80.7172,-21.6407,-15.7754,36.7141,-7.17372,-6.1395,50.2218,0.377451,-1.9607,101.019
0.917794,8.5889,81.1963,-15.0414,-16.5444,38.3271,-9.11751,-7.55139,59.6244,0.0402229,-1.45933,99.3705
-0.0538618,8.37889,64.6454,-4.69601,-9.88993,56.4306,-6.48035,-5.30302,69.3622,-1.40892,-1.33262,66.2714
0.39736,8.14698,59.3679,-1.94412,-8.69499,62.8702,-6.27598,-5.28252,70.8948,-0.840554,-0.807518,65.0554
-0.739489,6.79765,44.4226,0.245875,0.13283,65.5259,-2.17614,-0.650669,91.8811,-4.32419,-4.47628,16.4988
-0.835786,6.78259,41.2365,0.22153,0.0478516,67.029,-2.02344,-0.362279,92.4182,-3.02036,-2.85242,11.7831
-2.06414,5.82489,37.3988,0.628344,4.71687,70.0408,1.62332,4.61858,105.705,-1.90804,-2.30684,5.44684
-2.42304,5.49358,36.0103,0.580261,4.48261,70.8197,2.02388,4.62123,105.817,-0.623178,-0.785629,2.37987
-2.95052,4.70787,38.0162,0.34664,3.67907,72.9791,2.68371,8.1436,108.161,-0.332351,-0.422148,1.4292
-3.28612,4.09974,37.8084,0.244608,3.29094,73.9315,2.97119,8.21172,108.22,-0.181568,-0.232176,0.980134
-3.95064,1.90092,33.5554,0.442785,0.398165,77.8703,2.357,9.71417,107.812,-0.123303,-0.155675,0.758396
-4.30229,1.30741,31.1544,0.476182,0.118182,78.6063,2.57493,9.78479,108.288,-0.086076,-0.106751,0.625613
-5.89202,-3.49987,18.2204,1.44085,-2.361,85.7506,2.14168,9.38808,110.131,-0.0677248,-0.0828555,0.546756
-5.24858,-3.20192,14.5317,1.46709,-2.50593,86.7517,2.31195,9.52391,110.702,-0.053845,-0.0645685,0.490202
-5.43145,-5.0899,11.7053,2.51209,-3.22855,94.8456,1.86932,8.11282,114.52,-0.0464617,-0.0548929,0.458253
-2.6788,-2.51681,6.371,2.50552,-3.04254,95.5473,2.06715,8.37952,114.857,-0.0406641,-0.0467678,0.43176
-2.27459,-2.35027,5.15951,3.2256,-2.7513,103.834,1.0966,6.11497,118.442,-0.0379943,-0.042531,0.422866
-1.04096,-1.09039,2.77537,3.27301,-2.342,104.032,1.36183,6.47728,118.532,-0.036117,-0.0389067,0.415471
-0.801734,-0.851601,2.1822,3.31782,-1.12529,106.574,0.0369265,4.37798,122.093,-0.0372991,-0.0367732,0.430681
-0.520247,-0.561382,1.60742,3.51859,-0.824208,106.88,0.313299,4.81559,121.937,-0.0391072,-0.0369041,0.446764
-0.434902,-0.467606,1.38627,3.34472,0.638823,104.366,-1.21175,2.91585,123.791,-0.0459075,-0.0377577,0.496134
-0.33523,-0.362412,1.16988,3.63077,0.876735,104.648,-0.958707,3.43466,123.651,-0.0546642,-0.0427227,0.552726
-0.299563,-0.319498,1.0826,3.58199,1.6914,100.074,-2.30222,1.7968,122.769,-0.0772367,-0.0500958,0.679095
-0.260228,-0.276726,0.993493,3.93262,1.84108,100.456,-2.08679,2.35319,122.969,-0.115576,-0.070903,0.859181
-0.256994,-0.270341,1.01804,4.28309,1.67321,95.1792,-3.17374,1.73074,120.792,-0.234596,-0.114927,1.30014
-0.280148,-0.292342,1.08471,4.66698,1.72907,95.778,-2.99082,2.28397,121.369,-0.695796,-0.333592,2.47009
-0.403768,-0.422276,1.46144,5.44824,1.12084,89.788,-3.39988,2.65827,114.762,-6.2416,-3.26943,12.1737
-0.966644,-0.989534,2.66105,5.83458,1.09151,90.7076,-3.01537,2.94692,115.64,-12.6161,-12.3184,30.694
-9.48986,-9.45456,18.5093,6.61164,0.868645,82.0326,-3.0891,3.19183,96.956,-3.98794,-9.47317,34.4445
-19.0722,-17.6174,36.6557,6.69715,1.04039,82.6801,-2.66676,3.28317,96.7669,-2.73641,-10.8164,45.4256
-14.5091,-9.23522,52.6072,5.84053,-0.638754,63.4494,-4.41197,0.56767,56.9726,-0.982375,-11.4845,66.215
-10.8,-3.03564,62.6847,5.71664,0.388964,59.8032,-4.06834,1.31852,57.3843,-1.27978,-11.771,69.8997
-2.25554,1.9961,61.4381,4.98277,-2.47739,41.9588,-4.47935,-3.09698,12.0218,-0.812564,-12.2833,109.871
-2.07734,2.06946,61.9172,5.25273,-2.30129,39.7003,-2.18978,-1.30306,6.83801,-0.5827,-11.8991,110.288
1.42169,3.35725,71.2434,4.57383,-3.40955,35.7698,-1.016,-0.803725,2.83567,1.61908,-8.78064,126.238
1.35097,3.21483,71.7842,4.3589,-3.57209,34.5946,-0.359506,-0.279029,1.39469,1.66249,-8.08579,125.922
2.78646,4.51,79.7486,2.782,-3.31721,32.0901,-0.194267,-0.152763,0.863432,3.41182,-4.3341,122.588
2.64824,4.46188,79.9426,2.30651,-3.48709,31.2363,-0.105267,-0.0810619,0.615014,3.39215,-3.85941,122.614
2.78439,5.80768,85.9101,0.501079,-3.67989,27.9094,-0.0701846,-0.0535068,0.478359,3.94318,-1.90615,116.466
2.76107,5.84929,85.9138,-0.0022971,-3.85272,26.3096,-0.04636,-0.0349871,0.395713,4.0486,-1.63191,116.83
2.46987,6.74705,90.808,-1.7249,-4.64621,22.2725,-0.0333885,-0.0252047,0.342596,4.24026,-0.961958,116.906
2.56803,6.83761,90.7013,-2.17788,-4.77558,19.9174,-0.0242274,-0.0184498,0.306146,4.52489,-0.743412,117.193
2.26019,7.17447,95.6621,-3.93361,-5.66474,15.0934,-0.0184468,-0.014536,0.282721,4.80432,-0.114926,120.979
2.54827,7.29026,95.2046,-3.45421,-4.96408,12.5361,-0.014428,-0.0117981,0.265208,5.24567,0.209159,120.788
2.67421,6.88385,99.8585,-3.94945,-4.93073,10.2214,-0.0118165,-0.0105885,0.256374,5.29109,1.39122,125.369
2.78122,6.96256,100.127,-2.1394,-2.64151,5.98383,-0.0102022,-0.00969041,0.249085,5.60484,1.78324,124.657
3.45612,5.89236,103.264,-1.61965,-1.8531,4.14556,-0.00914329,-0.0100024,0.249402,3.67808,2.57414,124.124
3.69022,6.01105,103.067,-0.767671,-0.863267,2.30186,-0.00869878,-0.0102012,0.250229,4.03528,2.95653,123.63
4.48653,5.05366,101.217,-0.494216,-0.541691,1.56784,-0.00824504,-0.0118065,0.261491,2.31324,2.41289,123.263
4.70163,5.25771,100.856,-0.283567,-0.306146,1.08252,-0.00868568,-0.0129415,0.27202,2.7898,2.73878,122.959
5.04965,4.41149,94.2458,-0.196854,-0.21147,0.847451,-0.00859509,-0.0161899,0.298191,2.01534,1.40629,121.711
5.12058,4.64388,94.5406,-0.136503,-0.144288,0.688292,-0.0100351,-0.0189754,0.325328,2.56033,1.61693,121.639
4.78904,4.19194,87.8764,-0.106839,-0.111686,0.60406,-0.0103061,-0.0263553,0.383485,2.34482,-0.0242649,118.682
4.77085,4.44129,88.6173,-0.0854626,-0.0871102,0.538777,-0.0140448,-0.0350856,0.45511,2.9532,0.0666712,119.114
3.57503,3.97617,83.9151,-0.0759827,-0.0737038,0.522247,-0.015337,-0.0572129,0.601802,2.28552,-1.62022,118.449
3.58143,4.20127,84.815,-0.0720824,-0.0665051,0.513085,-0.0269264,-0.10097,0.840808,2.98553,-1.58058,119.238
2.97026,5.16306,84.5947,-0.0808828,-0.0660586,0.573453,-0.0278456,-0.255791,1.47459,2.17682,-2.67006,120.902
3.03884,5.37488,85.1237,-0.10452,-0.0795082,0.671116,-0.176075,-1.70126,4.62791,2.85769,-2.51311,121.792
2.54583,7.63909,86.1814,-0.196972,-0.118855,0.997096,-7.82795,-17.9359,38.7624,1.58717,-2.57189,117.385
2.59766,7.76118,86.6213,-0.676126,-0.367402,2.09815,-10.1136,-8.87582,42.3678,2.06704,-2.27166,118.006
1.05338,9.19051,81.0849,-16.302,-9.77767,27.2807,-6.37269,-5.6129,50.1957,0.675844,-1.53028,100.02
1.44094,9.08393,80.5096,-17.2763,-20.1365,50.172,-8.56006,-7.15028,60.3021,0.510524,-0.954821,98.2898
0.0239837,9.02848,66.6333,-3.09314,-8.89403,54.8864,-6.41524,-5.06126,70.0423,-1.65222,-1.04701,65.6766
0.468518,8.77836,61.9116,-1.43139,-7.84978,59.1606,-6.24638,-5.10377,71.7219,-1.04062,-0.572192,64.9808
-0.726555,7.12508,45.8274,0.193766,0.125642,64.9196,-1.86962,-0.15937,92.2614,-4.46614,-4.47602,16.1471
-0.797912,7.09009,42.3729,0.108697,-0.15713,67.218,-1.71014,0.140594,92.946,-3.0458,-2.71622,10.9682
-2.01582,6.0383,38.0174,0.549605,4.54186,70.0339,2.08914,5.20043,106.217,-1.80997,-2.1713,5.1529
-2.39593,5.72182,36.739,0.455365,4.21869,71.0109,2.51209,5.19664,106.12,-0.595901,-0.740194,2.30317
-2.84163,4.91746,38.601,0.308748,3.45402,73.0271,3.08791,8.85312,107.961,-0.329401,-0.415586,1.42251
-3.19011,4.29288,38.1517,0.233881,3.10812,73.8049,3.39543,8.9022,108.08,-0.182964,-0.232753,0.993928
-3.94014,1.99994,33.3307,0.535574,0.249503,78.1305,2.79915,10.329,107.958,-0.127239,-0.159633,0.779262
-4.29559,1.40402,30.941,0.549792,-0.0435573,78.9417,2.99697,10.4338,108.419,-0.0901618,-0.111154,0.645436
-5.96317,-3.50922,18.3374,1.54309,-2.36372,86.2676,2.62963,10.047,110.49,-0.0711707,-0.0869064,0.564263
-5.32047,-3.11137,14.9824,1.56489,-2.44175,87.1386,2.81278,10.215,111.051,-0.056527,-0.0677682,0.504757
-5.65517,-5.3809,12.2333,2.65202,-3.04943,95.2852,2.42094,8.79134,115.039,-0.0485442,-0.0576433,0.470834
-2.79179,-2.67952,6.60141,2.66627,-2.8928,96.0817,2.62737,9.05771,115.419,-0.0424514,-0.0493453,0.442972
-2.31087,-2.4341,5.25553,3.31774,-2.52659,104.531,1.58923,6.77173,120.081,-0.0395353,-0.0447996,0.432972
-1.0296,-1.10083,2.76806,3.36916,-2.10263,104.727,1.88209,7.1714,120.019,-0.0374034,-0.0407964,0.423471
-0.795079,-0.863985,2.18921,3.24157,-0.760287,106.942,0.525117,5.06642,123.179,-0.0380817,-0.0381041,0.436857
-0.5264,-0.581856,1.63111,3.44582,-0.455328,107.285,0.811524,5.51832,122.996,-0.0398916,-0.0379245,0.452834
-0.440783,-0.485783,1.40809,3.42367,1.02043,104.607,-0.618545,3.55335,123.934,-0.0466074,-0.0387358,0.502682
-0.341794,-0.378577,1.1896,3.71682,1.2915,104.854,-0.346391,4.08669,123.817,-0.056397,-0.0440328,0.564255
-0.304743,-0.333093,1.09863,3.71625,2.07429,100.163,-1.66208,2.44418,122.667,-0.0812746,-0.0524826,0.701105
-0.263717,-0.287538,1.00565,4.09124,2.2688,100.477,-1.41774,3.03794,122.902,-0.125453,-0.076971,0.900912
-0.257896,-0.278989,1.02571,4.28138,2.06024,95.5126,-2.53807,2.26863,121.098,-0.268058,-0.130606,1.40699
-0.278846,-0.299792,1.08894,4.68833,2.17521,95.9854,-2.3074,2.86802,121.678,-0.914642,-0.442233,2.93083
-0.393904,-0.426744,1.45734,5.40689,1.5821,89.5997,-2.65428,3.17276,114.627,-8.85921,-5.20927,16.9099
-0.934248,-0.992143,2.63774,5.82622,1.57492,90.5198,-2.24394,3.51753,115.603,-10.9834,-12.2709,30.871
-9.27097,-9.63382,18.524,6.52654,0.932092,81.1082,-2.4445,3.41191,95.2046,-2.9646,-9.16012,36.9777
-18.9712,-18.2741,37.6196,6.62551,1.15254,81.8732,-2.04736,3.58639,95.0624,-2.10645,-10.4143,47.2369
-12.4322,-7.77,50.8357,5.99254,-0.877734,65.1226,-4.14879,0.421366,57.2263,-0.248232,-11.0557,66.0692
-9.24625,-2.01443,60.4708,5.78552,0.233758,60.9915,-3.78042,1.2256,57.2984,-0.445196,-11.2358,69.4627
-1.05784,2.80909,60.7711,5.01907,-2.42654,42.6939,-4.66434,-3.31451,12.638,0.430703,-11.1807,110.768
-0.896904,2.89473,61.4305,5.24301,-2.17767,39.9213,-2.37695,-1.46886,7.23173,0.702126,-10.7629,111.414
2.82001,4.35743,70.4271,4.65177,-3.22076,35.9272,-1.11422,-0.905319,3.03154,3.19324,-7.21749,128.154
2.75133,4.208,71.1264,4.46475,-3.38801,34.8855,-0.390885,-0.311477,1.47464,3.31615,-6.42582,127.63
4.30502,5.53212,78.8077,2.92221,-3.12821,32.6383,-0.214311,-0.173477,0.919438,5.00282,-2.69891,123.522
4.18171,5.49221,79.2543,2.47114,-3.29447,32.0063,-0.117662,-0.0936938,0.651805,5.10108,-2.16728,123.518
4.41858,6.83953,85.2663,0.734036,-3.43598,29.0368,-0.0784602,-0.0621553,0.505658,5.54087,-0.269894,117.568
4.42384,6.91238,85.4534,0.263409,-3.61544,27.7831,-0.0521845,-0.0411326,0.416986,5.74999,0.0886827,117.932
4.20852,7.98539,90.4061,-1.66174,-4.52415,22.6424,-0.0377617,-0.029943,0.360654,5.92958,0.890887,117.707
4.16178,8.11662,90.953,-2.59748,-4.64941,17.5004,-0.0276954,-0.0222979,0.322647,6.24861,1.15238,118.094
3.94313,8.64512,96.2638,-3.76336,-4.92735,12.124,-0.0213463,-0.0178961,0.299225,6.65654,1.82968,121.804
4.35881,8.85106,95.6413,-2.94448,-3.81324,9.01936,-0.0169165,-0.0148689,0.282407,7.23007,2.27771,121.604
4.88311,8.68664,100.07,-3.30157,-4.0273,8.17343,-0.0139474,-0.0135603,0.275823,7.5682,3.65222,126.403
5.30852,8.89026,99.6875,-2.37992,-2.92346,6.04698,-0.0121661,-0.0126964,0.27117,8.11232,4.18034,125.72
-7.83228,-8.31986,15.3678,4.99427,-0.311625,98.6554,2.86435,7.85845,122.943,-0.0563417,-0.0600848,0.510329
-2.08025,-2.22482,4.62664,4.83188,-0.437574,110.231,2.98507,7.40445,122.598,-0.0604535,-0.0604244,0.531856
-0.928306,-0.991094,2.40473,5.6487,1.25211,105.163,3.08033,7.72238,123.646,-0.0654751,-0.0639563,0.55078
-0.695318,-0.729053,1.87761,5.58185,2.88199,102.19,1.7099,5.9864,124.756,-0.078441,-0.0700076,0.612593
-0.488777,-0.508533,1.44865,5.91943,3.14548,102.574,2.04582,6.58435,124.525,-0.0950824,-0.083276,0.679067
-0.412623,-0.419678,1.27228,5.87001,3.75513,97.9401,0.704535,4.89578,122.781,-0.137344,-0.107882,0.837801
-0.335182,-0.336881,1.10214,6.28073,3.94027,98.4318,1.00175,5.53911,122.99,-0.209478,-0.162108,1.06145
-0.309051,-0.304672,1.06705,6.53289,3.63386,93.7546,-0.0835843,4.86694,120.904,-0.443345,-0.312818,1.65728
-0.31146,-0.303086,1.07776,6.972,3.76339,94.3207,0.229781,5.51522,121.389,-1.51687,-1.08478,3.71695
-0.401564,-0.388362,1.33654,7.61211,3.10063,88.2196,-0.20811,5.67111,114.364,-10.3157,-8.23305,18.8943
-0.755471,-0.716478,2.06476,8.09994,3.15701,89.1326,0.163387,6.23683,115.398,-11.2498,-11.5084,23.9987
-4.95275,-4.58718,9.63383,8.95087,2.41604,80.9604,-0.530411,6.08307,96.3868,-7.96199,-11.0435,27.597
-18.5599,-16.5142,33.0339,9.11302,2.74824,81.5973,0.192067,6.15516,95.9158,-6.46097,-15.3032,50.7927
-20.0226,-16.667,41.6057,7.87434,0.357591,64.6237,-2.89344,1.85489,58.0811,-2.99809,-14.6563,68.9874
-17.5845,-8.92187,71.3201,7.27908,1.96281,60.064,-2.52775,3.04413,58.3801,-2.51307,-13.2944,69.0592
-4.9276,-0.34119,66.3851,5.88885,-1.26307,41.7099,-4.94031,-3.45057,12.9482,-2.83889,-14.5641,110.521
-3.19413,0.822457,61.6214,6.26988,-1.1966,39.5357,-2.57583,-1.54862,7.6295,-2.50218,-14.077,110.96
0.444679,2.15991,70.6174,5.50803,-2.37031,35.4228,-1.42126,-1.1544,3.54056,-0.45249,-11.0303,127.896
0.369823,2.03982,71.4321,5.31931,-2.52963,34.2304,-0.47984,-0.382346,1.62781,-0.261091,-10.1842,127.443
1.77971,3.2875,79.5462,3.63793,-2.327,31.5859,-0.260237,-0.21073,0.997986,1.68301,-6.10348,123.554
1.68143,3.27566,79.9073,3.18782,-2.49626,30.8294,-0.139825,-0.111127,0.690235,1.80488,-5.53633,123.46
1.79231,4.53525,85.8165,1.36021,-2.70824,27.8989,-0.091702,-0.0722248,0.528067,2.48918,-3.441,117.228
1.81644,4.62214,85.9053,0.837445,-2.9145,26.5399,-0.0601121,-0.0468417,0.429418,2.69746,-3.07792,117.455
1.49885,5.66511,90.5945,-1.12419,-3.90684,22.0813,-0.0428203,-0.0332891,0.367228,2.93643,-2.33827,116.899
1.5722,5.81117,90.6746,-1.90421,-4.12535,18.5117,-0.0308952,-0.0241472,0.325033,3.2665,-2.0703,117.211
1.19685,6.13301,95.6888,-3.80613,-5.0675,13.5618,-0.0234431,-0.0187952,0.298077,3.5689,-1.54222,121.258
1.56372,6.31144,95.131,-3.19951,-4.2274,10.722,-0.018301,-0.0151066,0.277859,4.10087,-1.12412,120.94
1.59974,5.86485,100.107,-3.68142,-4.32262,9.13117,-0.0148909,-0.0132325,0.267316,4.16149,0.077505,125.511
1.81415,6.00851,100.127,-2.02176,-2.35341,5.45151,-0.0127694,-0.0118673,0.258163,4.57964,0.580003,124.642
2.42228,4.93075,103.118,-1.75114,-1.91543,4.25832,-0.0112467,-0.0117947,0.257282,2.52675,1.4265,123.571
2.73852,5.13009,102.729,-0.882296,-0.954148,2.47283,-0.0105135,-0.0116706,0.2563,2.9664,1.87839,123.135
3.6113,4.18851,100.712,-0.631332,-0.666353,1.80648,-0.0097649,-0.0130003,0.266138,1.23984,1.30199,122.69
3.84665,4.43989,100.449,-0.372449,-0.387538,1.24958,-0.0100599,-0.013989,0.27499,1.74788,1.67278,122.417
4.26817,3.67536,94.2885,-0.265696,-0.275213,0.98403,-0.00993354,-0.017062,0.299311,1.05417,0.414631,121.98
4.36857,3.92296,94.5174,-0.186067,-0.190224,0.792869,-0.0113897,-0.0201208,0.32637,1.61071,0.685011,121.844
4.14307,3.53343,87.8646,-0.146402,-0.148763,0.692109,-0.0121784,-0.027885,0.384354,1.56463,-0.777926,119.511
4.13953,3.79672,88.6113,-0.117166,-0.116613,0.613163,-0.0167972,-0.0373922,0.455644,2.20216,-0.641743,119.871
3.03178,3.40879,83.6786,-0.10444,-0.100062,0.593254,-0.0204192,-0.0613297,0.60158,1.70758,-2.20263,119.34
3.0396,3.63771,84.628,-0.100224,-0.0920425,0.58483,-0.0372907,-0.109442,0.839878,2.42334,-2.1301,120.049
2.41111,4.48988,84.2872,-0.115542,-0.0960771,0.664112,-0.0608492,-0.282227,1.47226,1.66005,-3.22423,121.714
2.46222,4.70789,84.9064,-0.154355,-0.122035,0.788874,-0.432962,-1.81019,4.56329,2.35735,-3.05447,122.486
2.08253,6.90404,86.0859,-0.319536,-0.211048,1.24756,-9.41999,-19.3102,37.4865,1.02725,-3.13467,118.099
2.14411,7.0187,86.5364,-1.43615,-0.908893,3.32446,-10.8506,-10.0619,41.1412,1.55581,-2.85492,118.768
0.985205,8.52441,80.7178,-21.6424,-15.773,36.7151,-7.17221,-6.13899,50.218,0.374971,-1.9621,101.018
0.918107,8.58909,81.1959,-15.0444,-16.5494,38.3439,-9.11695,-7.55156,59.6243,0.0376963,-1.46056,99.3692
-0.0538912,8.37911,64.6454,-4.69291,-9.88824,56.4354,-6.4798,-5.30323,69.3619,-1.41085,-1.3333,66.2693
0.397048,8.14727,59.3685,-1.94311,-8.69246,62.8646,-6.27539,-5.28276,70.8941,-0.842393,-0.808557,65.0563
-0.739797,6.79742,44.4234,0.245537,0.133026,65.5257,-2.17481,-0.651237,91.8785,-4.32365,-4.47718,16.515
-0.835896,6.78236,41.2373,0.221319,0.0478494,67.0295,-2.02223,-0.362921,92.4164,-3.02212,-2.85415,11.8027
-2.06409,5.82486,37.399,0.628299,4.71743,70.0407,1.62404,4.61844,105.705,-1.9102,-2.30983,5.4527
-2.42294,5.49358,36.0103,0.580263,4.48322,70.8194,2.02449,4.62113,105.817,-0.623582,-0.786251,2.38134
-2.95043,4.70787,38.0162,0.346632,3.67966,72.9789,2.68422,8.14357,108.161,-0.332521,-0.422409,1.42983
-3.28603,4.09972,37.8083,0.244575,3.2915,73.9313,2.97161,8.21172,108.22,-0.181641,-0.232292,0.980463
-3.95054,1.90089,33.5554,0.442762,0.398711,77.8702,2.35731,9.71417,107.811,-0.123348,-0.155745,0.758609
-4.30217,1.30742,31.1548,0.476118,0.118722,78.6061,2.57516,9.78482,108.288,-0.0861046,-0.106796,0.625765
-5.89197,-3.49988,18.2209,1.44079,-2.36045,85.7505,2.14185,9.3881,110.131,-0.0677467,-0.0828889,0.546876
-5.24857,-3.20196,14.5315,1.46703,-2.50558,86.7518,2.31204,9.52386,110.702,-0.0538618,-0.0645939,0.490301
-5.4307,-5.08928,11.7038,2.51203,-3.22847,94.8463,1.86938,8.11258,114.52,-0.0464758,-0.0549145,0.45834
-2.67718,-2.51538,6.36795,2.50539,-3.04275,95.5485,2.06712,8.37914,114.856,-0.0406763,-0.0467864,0.431838
-2.27225,-2.34796,5.15522,3.22537,-2.75146,103.835,1.09653,6.11456,118.442,-0.0380056,-0.0425482,0.422939
-1.04003,-1.08947,2.77358,3.27272,-2.34181,104.032,1.36167,6.47711,118.531,-0.0361278,-0.0389227,0.415541
-0.80101,-0.850869,2.1808,3.31747,-1.12498,106.574,0.0367057,4.37786,122.092,-0.03731,-0.0367888,0.430753
-0.519846,-0.560974,1.60661,3.5182,-0.823837,106.88,0.31299,4.81555,121.937,-0.039119,-0.0369206,0.446839
-0.434593,-0.467294,1.38565,3.34426,0.639171,104.366,-1.21212,2.91579,123.791,-0.0459219,-0.037776,0.496223
-0.335026,-0.362209,1.16946,3.63027,0.877066,104.647,-0.95917,3.43463,123.65,-0.054683,-0.0427459,0.55283
-0.2994,-0.31934,1.08227,3.58146,1.69168,100.074,-2.30275,1.79674,122.768,-0.0772674,-0.0501286,0.679244
-0.260108,-0.276613,0.993247,3.93204,1.84133,100.456,-2.0874,2.35315,122.968,-0.115633,-0.0709598,0.859408
-0.256887,-0.270246,1.01782,4.2825,1.67342,95.179,-3.17442,1.73068,120.792,-0.234759,-0.11506,1.30064
-0.280046,-0.292256,1.08452,4.66636,1.72925,95.7779,-2.99158,2.28391,121.368,-0.696637,-0.334197,2.47188
-0.403621,-0.422159,1.46118,5.44764,1.12103,89.7877,-3.40048,2.65806,114.761,-6.25218,-3.27859,12.1925
-0.966277,-0.98925,2.66046,5.83396,1.09152,90.7075,-3.01612,2.94667,115.64,-12.6104,-12.3217,30.6937
-9.48807,-9.45373,18.5071,6.61109,0.868623,82.0327,-3.09005,3.19179,96.9558,-3.98273,-9.46878,34.4319
-19.0736,-17.6202,36.6602,6.69639,1.04056,82.6799,-2.66775,3.28321,96.7664,-2.73444,-10.8148,45.421
-14.5081,-9.2348,52.6118,5.83993,-0.638622,63.4492,-4.41248,0.567556,56.9721,-0.981239,-11.4845,66.2155
-10.7986,-3.03518,62.682,5.71614,0.388871,59.8033,-4.06893,1.31832,57.384,-1.27865,-11.7708,69.8998
-2.25498,1.99625,61.4374,4.98242,-2.47737,41.9589,-4.47936,-3.09715,12.0222,-0.81092,-12.2826,109.871
-2.07696,2.06948,61.9172,5.25236,-2.30124,39.7003,-2.18986,-1.3032,6.83846,-0.581136,-11.8985,110.288
1.42209,3.35735,71.2434,4.57353,-3.40951,35.7697,-1.016,-0.803787,2.83575,1.62071,-8.77987,126.238
1.3514,3.21491,71.784,4.35861,-3.57205,34.5945,-0.359498,-0.279047,1.39471,1.66404,-8.08506,125.922
2.78688,4.5101,79.7485,2.78172,-3.31723,32.09,-0.194261,-0.152771,0.86344,3.41319,-4.33335,122.588
2.64866,4.46196,79.9424,2.30623,-3.48712,31.2362,-0.105263,-0.081066,0.615019,3.39346,-3.85868,122.613
2.78477,5.80775,85.91,0.500842,-3.67997,27.9093,-0.0701817,-0.0535095,0.478362,3.94431,-1.90544,116.466
2.76142,5.84933,85.9137,-0.00252896,-3.85281,26.3093,-0.046358,-0.0349889,0.395715,4.04969,-1.63122,116.829
2.47021,6.74706,90.8079,-1.725,-4.64632,22.2723,-0.033387,-0.025206,0.342598,4.24129,-0.961277,116.906
2.56839,6.83762,90.701,-2.1778,-4.7757,19.9179,-0.0242262,-0.0184508,0.306148,4.52589,-0.742727,117.193
2.26059,7.17446,95.6617,-3.93344,-5.66509,15.0945,-0.0184459,-0.0145369,0.282723,4.80532,-0.114214,120.978
2.54867,7.29025,95.2041,-3.45422,-4.96478,12.538,-0.0144272,-0.0117988,0.265209,5.24662,0.209872,120.787
2.67461,6.88383,99.8581,-3.94984,-4.93174,10.2231,-0.0118159,-0.0105892,0.256376,5.29201,1.39193,125.369
2.78153,6.96252,100.127,-2.13966,-2.64214,5.98491,-0.0102016,-0.00969107,0.249087,5.60567,1.78393,124.657
3.4564,5.8923,103.264,-1.61982,-1.85349,4.14617,-0.00914273,-0.0100031,0.249404,3.67882,2.57475,124.124
3.69045,6.01096,103.067,-0.76769,-0.863377,2.30205,-0.00869826,-0.010202,0.250232,4.03595,2.95712,123.63
4.48677,5.05356,101.217,-0.49421,-0.541739,1.56792,-0.0082445,-0.0118075,0.261495,2.31389,2.41341,123.263
4.70186,5.2576,100.856,-0.283554,-0.306164,1.08255,-0.00868515,-0.0129426,0.272024,2.79042,2.7393,122.959
5.04989,4.41139,94.2458,-0.196842,-0.211479,0.84747,-0.00859448,-0.0161914,0.298196,2.01597,1.40676,121.711
5.12083,4.64375,94.5406,-0.136493,-0.144293,0.688305,-0.0100345,-0.0189772,0.325335,2.56093,1.6174,121.639
4.78929,4.19181,87.8764,-0.106831,-0.11169,0.60407,-0.0103052,-0.0263583,0.383495,2.34544,-0.0238378,118.682
4.7711,4.44113,88.6173,-0.0854556,-0.0871126,0.538786,-0.0140439,-0.0350901,0.455124,2.95381,0.0671032,119.113
3.57528,3.97599,83.915,-0.0759757,-0.0737054,0.522257,-0.0153354,-0.0572221,0.601828,2.28616,-1.61983,118.449
3.5817,4.20106,84.815,-0.0720759,-0.0665067,0.513095,-0.0269248,-0.100991,0.840864,2.98616,-1.58018,119.238
2.97051,5.16282,84.5947,-0.0808738,-0.0660593,0.573467,-0.0278398,-0.255876,1.47479,2.17747,-2.66969,120.902
3.03912,5.37463,85.1236,-0.104509,-0.0795093,0.671137,-0.176177,-1.70256,4.62995,2.85833,-2.51271,121.792
2.54607,7.63878,86.1813,-0.196947,-0.118853,0.997136,-7.83075,-17.9403,38.7717,1.58768,-2.57147,117.385
2.59793,7.76088,86.6213,-0.676071,-0.36741,2.09827,-10.111,-8.87372,42.3602,2.0678,-2.27144,118.006
1.05359,9.19018,81.0849,-16.3007,-9.7781,27.2814,-6.37177,-5.61308,50.193,0.676411,-1.53008,100.02
1.44123,9.08354,80.5093,-17.2694,-20.1356,50.1768,-8.55984,-7.15126,60.302,0.510976,-0.954549,98.2895
0.0239591,9.02825,66.6337,-3.08831,-8.88996,54.8816,-6.41505,-5.06238,70.042,-1.65199,-1.0469,65.6764
0.468508,8.77815,61.912,-1.42786,-7.84729,59.1577,-6.24613,-5.10485,71.7215,-1.04035,-0.572103,64.9809
-0.726577,7.12488,45.8276,0.196926,0.127325,64.9194,-1.8694,-0.160543,92.2608,-4.46589,-4.47626,16.1489
-0.797921,7.08992,42.3732,0.111972,-0.15545,67.2179,-1.70995,0.13945,92.9454,-3.0459,-2.71655,10.9702
-2.01581,6.03815,38.0176,0.552941,4.54372,70.0336,2.0892,5.19931,106.216,-1.81018,-2.17177,5.15366
-2.39589,5.72167,36.7393,0.458807,4.22058,71.0106,2.51218,5.19554,106.12,-0.595933,-0.740309,2.30337
-2.84154,4.91728,38.6013,0.31236,3.45593,73.027,3.08794,8.85203,107.961,-0.329417,-0.415644,1.42261
-3.18998,4.29268,38.1521,0.237584,3.11002,73.8048,3.39549,8.90112,108.08,-0.18297,-0.232782,0.993985
-3.93998,1.99977,33.3312,0.539645,0.251483,78.1305,2.79923,10.3279,107.958,-0.127243,-0.159653,0.779302
-4.2954,1.40387,30.9418,0.553949,-0.0415599,78.9418,2.9971,10.4327,108.418,-0.0901645,-0.111167,0.645466
-5.96308,-3.50945,18.338,1.54779,-2.36155,86.2678,2.62984,10.0459,110.489,-0.0711729,-0.086917,0.564288
-5.32036,-3.11171,14.9825,1.56971,-2.43967,87.1391,2.81305,10.2138,111.051,-0.0565289,-0.0677766,0.504778
-5.65466,-5.3809,12.2327,2.65742,-3.04729,95.286,2.42136,8.79,115.039,-0.0485458,-0.0576508,0.470854
-2.79074,-2.67886,6.59968,2.67177,-2.89079,96.0829,2.62787,9.0563,115.419,-0.042453,-0.0493521,0.44299
-2.30948,-2.43292,5.25316,3.32385,-2.52433,104.532,1.58992,6.77021,120.08,-0.0395369,-0.0448062,0.43299
-1.02905,-1.10039,2.7671,3.37539,-2.10014,104.728,1.88288,7.17003,120.019,-0.0374051,-0.0408028,0.423489
-0.794646,-0.863631,2.18845,3.24808,-0.757658,106.943,0.526123,5.06499,123.179,-0.0380835,-0.0381107,0.436876
-0.526148,-0.581661,1.63066,3.45252,-0.452648,107.286,0.812666,5.51696,122.995,-0.0398937,-0.0379318,0.452855
-0.440588,-0.48564,1.40776,3.43034,1.02305,104.608,-0.617184,3.55193,123.934,-0.04661,-0.0387449,0.502708
-0.341662,-0.378489,1.18937,3.72371,1.29413,104.855,-0.344868,4.08532,123.817,-0.0564012,-0.0440448,0.564288
-0.304639,-0.333033,1.09845,3.72299,2.07678,100.164,-1.66035,2.44278,122.666,-0.081282,-0.052502,0.701157
-0.263641,-0.287502,1.00553,4.09824,2.27129,100.478,-1.41582,3.03658,122.901,-0.125471,-0.0770065,0.901004
-0.25783,-0.278971,1.02562,4.28824,2.06259,95.5143,-2.53596,2.26727,121.097,-0.268124,-0.1307,1.40722
-0.27879,-0.299791,1.08888,4.69548,2.17756,95.9874,-2.30505,2.86668,121.678,-0.915167,-0.442739,2.93197
-0.393838,-0.426789,1.45733,5.41376,1.58429,89.6017,-2.65174,3.17143,114.627,-8.86454,-5.21649,16.9215
-0.934298,-0.992475,2.63813,5.83348,1.57705,90.5223,-2.2412,3.51623,115.603,-10.9787,-12.2727,30.8705
-9.2738,-9.64046,18.5328,6.53307,0.934263,81.1104,-2.44229,3.41112,95.2049,-2.96084,-9.15882,36.9726
-18.9693,-18.2791,37.6245,6.63246,1.15458,81.876,-2.0449,3.58553,95.0626,-2.10371,-10.4144,47.2353
-12.4263,-7.76991,50.8414,5.99813,-0.876219,65.1258,-4.14737,0.420712,57.2267,-0.244841,-11.0568,66.0698
-9.24096,-2.01513,60.4677,5.79111,0.234889,60.9954,-3.77882,1.2248,57.2993,-0.441572,-11.237,69.4631
-1.05361,2.8074,60.7728,5.02279,-2.42577,42.6979,-4.66458,-3.31521,12.6395,0.436932,-11.1823,110.768
-0.892771,2.89272,61.4337,5.24664,-2.17695,39.9258,-2.37727,-1.46952,7.23323,0.708512,-10.7645,111.415
2.82515,4.35522,70.4305,4.65512,-3.22022,35.9323,-1.11455,-0.905726,3.0323,3.20091,-7.21927,128.155
2.75666,4.20564,71.1304,4.46817,-3.38758,34.8914,-0.390973,-0.311605,1.47491,3.32411,-6.42767,127.63
4.31122,5.52941,78.8125,2.92548,-3.12794,32.6447,-0.214362,-0.173547,0.9196,5.01064,-2.70073,123.522
4.18803,5.48928,79.2601,2.47448,-3.29431,32.0131,-0.117689,-0.0937323,0.651913,5.10922,-2.16922,123.518
4.42574,6.83617,85.2732,0.73726,-3.43606,29.0455,-0.0784792,-0.0621815,0.505744,5.54877,-0.271837,117.568
4.43165,6.90874,85.4605,0.2677,-3.6159,27.801,-0.0521973,-0.0411506,0.417059,5.75842,0.0867063,117.932
4.21763,7.98132,90.4135,-1.65733,-4.52588,22.6707,-0.0377713,-0.0299564,0.36072,5.93843,0.888917,117.706
4.17011,8.11227,90.9641,-2.59582,-4.65306,17.5192,-0.027703,-0.0223081,0.32271,6.25723,1.15013,118.094
3.94865,8.64014,96.2852,-3.75924,-4.92413,12.1104,-0.0213534,-0.0179045,0.299289,6.66384,1.82664,121.804
4.35929,8.8451,95.6769,-2.92073,-3.7836,8.95724,-0.0169243,-0.0148765,0.282471,7.23459,2.27371,121.604
4.88133,8.67926,100.115,-3.24181,-3.95431,8.04774,-0.013956,-0.0135688,0.27589,7.57112,3.64748,126.401
5.31114,8.88292,99.7226,-2.3274,-2.85877,5.93854,-0.0121755,-0.012706,0.271237,8.11727,4.17715,125.714
-7.83278,-8.32044,15.3689,4.99435,-0.310902,98.6538,2.86449,7.85872,122.943,-0.0563414,-0.0600845,0.510329
-2.08158,-2.22622,4.62913,4.83197,-0.436646,110.229,2.98519,7.40487,122.598,-0.0604529,-0.0604236,0.531856
-0.928919,-0.991743,2.40592,5.64877,1.25258,105.162,3.08043,7.72255,123.646,-0.0654744,-0.0639553,0.55078
-0.69581,-0.729571,1.87858,5.58191,2.88226,102.19,1.70998,5.98646,124.756,-0.0784401,-0.0700063,0.612593
-0.48909,-0.508864,1.44928,5.91946,3.14565,102.574,2.04589,6.58435,124.525,-0.0950815,-0.0832745,0.679069
-0.412869,-0.419935,1.27278,5.87002,3.75525,97.9398,0.704597,4.89575,122.781,-0.137343,-0.10788,0.837804
-0.335353,-0.33706,1.1025,6.28073,3.94037,98.4316,1.00181,5.53907,122.99,-0.209477,-0.162105,1.06146
-0.309194,-0.304819,1.06736,6.53288,3.63396,93.7544,-0.0835322,4.86689,120.904,-0.443347,-0.312813,1.6573
-0.311589,-0.303218,1.07803,6.97198,3.76349,94.3205,0.229833,5.51516,121.389,-1.51691,-1.08478,3.71703
-0.401737,-0.388537,1.3369,7.61207,3.10074,88.2194,-0.208058,5.67105,114.364,-10.316,-8.23316,18.8948
-0.755859,-0.716862,2.06551,8.09989,3.15714,89.1324,0.163433,6.23677,115.398,-11.2496,-11.5082,23.9987
-4.95642,-4.59071,9.64029,8.95069,2.41636,80.9598,-0.530378,6.08313,96.3867,-7.96146,-11.043,27.5971
-18.5587,-16.5135,33.0323,9.11299,2.74831,81.5971,0.19212,6.15507,95.9157,-6.46037,-15.3026,50.7925
-20.0196,-16.6648,41.6011,7.87438,0.357554,64.6236,-2.89338,1.85478,58.0811,-2.99767,-14.6558,68.9869
-17.5835,-8.92147,71.3173,7.27908,1.96285,60.0639,-2.52769,3.04407,58.38,-2.51271,-13.2941,69.0592
-4.92742,-0.341319,66.3848,5.88882,-1.263,41.7096,-4.94028,-3.45054,12.9481,-2.8383,-14.5635,110.521
-3.19398,0.822315,61.6212,6.26985,-1.19653,39.5355,-2.57581,-1.54859,7.62937,-2.5016,-14.0765,110.96
0.444854,2.15974,70.6171,5.508,-2.37025,35.4226,-1.42124,-1.15437,3.54052,-0.451797,-11.0297,127.896
0.369982,2.03967,71.4318,5.31928,-2.52958,34.2301,-0.479841,-0.38234,1.6278,-0.260396,-10.1835,127.443
1.77989,3.28733,79.5459,3.6379,-2.32694,31.5856,-0.260238,-0.210727,0.99798,1.68372,-6.10287,123.554
1.68161,3.27551,79.9069,3.1878,-2.4962,30.8291,-0.139825,-0.111126,0.690232,1.80561,-5.53571,123.46
1.79252,4.5351,85.8161,1.36019,-2.70818,27.8988,-0.0917026,-0.0722238,0.528065,2.48992,-3.44041,117.228
1.81663,4.62201,85.9049,0.837385,-2.91443,26.5395,-0.0601125,-0.0468411,0.429416,2.69822,-3.07732,117.455
1.49899,5.66499,90.5942,-1.1244,-3.90674,22.0798,-0.0428207,-0.0332886,0.367226,2.9372,-2.33768,116.899
1.57232,5.81106,90.6743,-1.90451,-4.12513,18.5093,-0.0308956,-0.0241468,0.325031,3.2673,-2.06972,117.211
1.19715,6.1329,95.6881,-3.80612,-5.06711,13.5609,-0.0234435,-0.0187949,0.298075,3.56986,-1.54159,121.258
1.56439,6.31139,95.1295,-3.20013,-4.22791,10.7237,-0.0183013,-0.0151064,0.277857,4.10206,-1.12343,120.94
1.60085,5.86488,100.105,-3.68434,-4.32587,9.13739,-0.0148911,-0.0132323,0.267314,4.16302,0.0782883,125.511
1.81541,6.00865,100.124,-2.0252,-2.35739,5.45885,-0.0127694,-0.011867,0.25816,4.58133,0.580808,124.642
2.42321,4.93082,103.116,-1.75519,-1.91986,4.26624,-0.0112467,-0.0117943,0.25728,2.52831,1.42724,123.571
2.73893,5.13006,102.729,-0.883923,-0.955903,2.47616,-0.0105134,-0.0116702,0.256299,2.96768,1.87903,123.136
3.61153,4.18844,100.711,-0.632359,-0.66743,1.80855,-0.00976494,-0.0129999,0.266136,1.24104,1.30263,122.691
3.8468,4.43982,100.449,-0.372915,-0.388018,1.25058,-0.0100599,-0.0139886,0.274989,1.74904,1.67341,122.417
4.26829,3.67529,94.2883,-0.265972,-0.275496,0.984648,-0.00993376,-0.0170615,0.299309,1.05532,0.415267,121.981
4.36868,3.92289,94.5173,-0.186225,-0.190385,0.793247,-0.0113901,-0.0201203,0.326369,1.61186,0.685644,121.845
4.14317,3.53337,87.8645,-0.146507,-0.148871,0.692376,-0.012179,-0.0278843,0.384353,1.56576,-0.777301,119.511
4.13963,3.79666,88.6112,-0.117236,-0.116685,0.613351,-0.0167982,-0.0373914,0.455644,2.20332,-0.641119,119.872
3.03187,3.40874,83.6785,-0.104494,-0.100116,0.593406,-0.0204213,-0.0613287,0.601582,1.70875,-2.202,119.34
3.03969,3.63767,84.6279,-0.100268,-0.0920865,0.584954,-0.0372951,-0.109441,0.839887,2.42454,-2.12947,120.049
2.4112,4.48985,84.2871,-0.115588,-0.096121,0.664238,-0.0608635,-0.282235,1.47231,1.6613,-3.22358,121.715
2.46232,4.70787,84.9063,-0.154409,-0.122087,0.78901,-0.433132,-1.8105,4.56386,2.35864,-3.05381,122.487
2.08265,6.90402,86.0857,-0.319647,-0.211147,1.24779,-9.42206,-19.3111,37.4903,1.02849,-3.13397,118.099
2.14424,7.0187,86.5362,-1.43675,-0.909413,3.32547,-10.8502,-10.0607,41.1398,1.55719,-2.85427,118.768
0.985387,8.52442,80.7175,-21.6422,-15.7747,36.7157,-7.17207,-6.13847,50.2168,0.376203,-1.96151,101.019
0.918105,8.58919,81.1961,-15.0428,-16.5471,38.3362,-9.11724,-7.55147,59.6243,0.0388937,-1.46002,99.3697
-0.0537715,8.37917,64.6454,-4.69422,-9.88894,56.433,-6.48011,-5.30314,69.3621,-1.40994,-1.33299,66.2702
0.397291,8.14728,59.3682,-1.94362,-8.69363,62.867,-6.27567,-5.28263,70.8943,-0.841508,-0.808099,65.0559
-0.739581,6.7976,44.4231,0.245612,0.132825,65.5258,-2.17536,-0.65097,91.8795,-4.32388,-4.47677,16.5084
-0.835759,6.78254,41.237,0.221355,0.0477383,67.0293,-2.02272,-0.362632,92.4171,-3.02142,-2.85339,11.7947
-2.06402,5.82495,37.3989,0.628284,4.71709,70.0407,1.62378,4.61852,105.705,-1.90937,-2.30862,5.45037
-2.42289,5.49366,36.0103,0.58023,4.48286,70.8195,2.02429,4.6212,105.817,-0.623435,-0.786004,2.38077
-2.95038,4.70796,38.0162,0.3466,3.67931,72.9789,2.68407,8.14362,108.161,-0.332463,-0.422309,1.42959
-3.28598,4.09983,37.8083,0.244553,3.29118,73.9314,2.97151,8.21176,108.22,-0.181618,-0.232249,0.980345
-3.95051,1.90099,33.5554,0.442728,0.398398,77.8702,2.35727,9.71422,107.811,-0.123335,-0.15572,0.758536
-4.30215,1.3075,31.1546,0.476102,0.118414,78.6062,2.57516,9.78486,108.288,-0.0860973,-0.10678,0.625716
-5.89196,-3.49987,18.2205,1.44077,-2.36077,85.7506,2.14188,9.38814,110.131,-0.0677416,-0.0828779,0.54684
-5.24853,-3.20192,14.5314,1.46701,-2.50581,86.7518,2.31211,9.52393,110.702,-0.0538584,-0.064586,0.490273
-5.43098,-5.08949,11.7043,2.512,-3.22859,94.846,1.86947,8.11274,114.52,-0.0464734,-0.0549081,0.458318
-2.67782,-2.51594,6.36913,2.50539,-3.04273,95.5479,2.06725,8.37937,114.856,-0.0406747,-0.0467812,0.43182
-2.2732,-2.34889,5.15694,3.22541,-2.75146,103.834,1.09668,6.11481,118.442,-0.0380045,-0.0425438,0.422924
-1.04041,-1.08984,2.7743,3.27279,-2.34193,104.032,1.36187,6.47727,118.531,-0.0361271,-0.038919,0.415529
-0.801309,-0.851167,2.18137,3.31756,-1.12514,106.574,0.0369327,4.37801,122.092,-0.03731,-0.0367856,0.430744
-0.520013,-0.561142,1.60694,3.51832,-0.824009,106.88,0.313261,4.81567,121.937,-0.0391195,-0.0369177,0.446832
-0.434723,-0.467423,1.38591,3.34441,0.639019,104.366,-1.21182,2.91593,123.791,-0.0459235,-0.0377735,0.496219
-0.335113,-0.362294,1.16964,3.63044,0.876931,104.647,-0.95883,3.43477,123.651,-0.0546859,-0.0427436,0.552831
-0.29947,-0.319407,1.08241,3.58165,1.69158,100.074,-2.30239,1.79691,122.768,-0.0772742,-0.0501269,0.679255
-0.260161,-0.276661,0.993351,3.93226,1.84125,100.456,-2.087,2.35332,122.969,-0.115648,-0.0709602,0.859441
-0.256934,-0.270286,1.01791,4.28272,1.67336,95.179,-3.174,1.73087,120.792,-0.234814,-0.11507,1.30075
-0.280092,-0.292293,1.0846,4.66659,1.72921,95.7779,-2.99111,2.2841,121.368,-0.696959,-0.334309,2.47246
-0.403686,-0.422211,1.46129,5.44787,1.12101,89.7876,-3.39992,2.6582,114.761,-6.25714,-3.28146,12.2003
-0.966441,-0.98938,2.66072,5.83423,1.09147,90.7075,-3.01553,2.9468,115.64,-12.6102,-12.3226,30.6955
-9.48889,-9.45413,18.5081,6.61133,0.868616,82.0327,-3.08961,3.19202,96.956,-3.98144,-9.46691,34.4278
-19.073,-17.619,36.6582,6.69672,1.04048,82.68,-2.66725,3.28337,96.7667,-2.73444,-10.8142,45.4189
-14.5087,-9.23508,52.6096,5.84019,-0.638692,63.4493,-4.41218,0.567679,56.9723,-0.981826,-11.4847,66.2157
-10.7993,-3.03539,62.6834,5.71635,0.388912,59.8032,-4.06859,1.31849,57.3841,-1.27924,-11.771,69.9
-2.25526,1.99621,61.4377,4.98257,-2.47739,41.9588,-4.47939,-3.09707,12.0221,-0.811709,-12.283,109.871
-2.07714,2.06951,61.9172,5.25252,-2.30127,39.7003,-2.18985,-1.30314,6.83833,-0.581884,-11.8988,110.288
1.4219,3.35734,71.2434,4.57366,-3.40954,35.7697,-1.01602,-0.803771,2.83574,1.61994,-8.78023,126.238
1.3512,3.21491,71.7841,4.35873,-3.57208,34.5945,-0.359507,-0.279042,1.39471,1.6633,-8.0854,125.922
2.78668,4.5101,79.7485,2.78184,-3.31723,32.09,-0.194267,-0.152769,0.863443,3.41254,-4.3337,122.588
2.64846,4.46197,79.9425,2.30635,-3.48711,31.2362,-0.105267,-0.081065,0.615021,3.39284,-3.85902,122.613
2.78459,5.80777,85.91,0.500939,-3.67993,27.9093,-0.070184,-0.0535089,0.478364,3.94378,-1.90577,116.466
2.76126,5.84936,85.9138,-0.00243468,-3.85277,26.3095,-0.0463596,-0.0349885,0.395717,4.04918,-1.63154,116.829
2.47005,6.74711,90.808,-1.72497,-4.64627,22.2723,-0.0333882,-0.0252057,0.342599,4.2408,-0.961592,116.906
2.56822,6.83767,90.7011,-2.17786,-4.77564,19.9176,-0.0242271,-0.0184505,0.306149,4.52542,-0.743045,117.193
2.2604,7.17453,95.6619,-3.93353,-5.6649,15.0939,-0.0184466,-0.0145367,0.282723,4.80485,-0.114544,120.978
2.54848,7.29031,95.2043,-3.45422,-4.96442,12.537,-0.0144278,-0.0117986,0.26521,5.24618,0.209541,120.787
2.67443,6.88391,99.8582,-3.94966,-4.93124,10.2223,-0.0118164,-0.010589,0.256377,5.29159,1.3916,125.369
2.7814,6.9626,100.127,-2.13955,-2.64184,5.9844,-0.010202,-0.00969092,0.249088,5.60529,1.78362,124.657
3.45628,5.89239,103.264,-1.61975,-1.85332,4.1459,-0.00914314,-0.0100029,0.249405,3.67848,2.57447,124.124
3.69036,6.01107,103.067,-0.767689,-0.86333,2.30197,-0.00869865,-0.0102018,0.250233,4.03565,2.95686,123.63
4.48667,5.05367,101.216,-0.494218,-0.541719,1.56789,-0.00824491,-0.0118073,0.261496,2.31359,2.41318,123.263
4.70177,5.25772,100.856,-0.283563,-0.306157,1.08254,-0.00868559,-0.0129424,0.272025,2.79014,2.73907,122.959
5.04979,4.4115,94.2457,-0.19685,-0.211476,0.847463,-0.00859499,-0.0161911,0.298197,2.01568,1.40655,121.711
5.12072,4.64387,94.5406,-0.136499,-0.144292,0.6883,-0.0100351,-0.0189769,0.325336,2.56065,1.61719,121.639
4.78918,4.19193,87.8764,-0.106836,-0.111689,0.604066,-0.010306,-0.0263578,0.383497,2.34515,-0.0240233,118.682
4.77099,4.44127,88.6173,-0.0854596,-0.0871118,0.538782,-0.014045,-0.0350897,0.455128,2.95352,0.0669154,119.113
3.57517,3.97614,83.915,-0.0759797,-0.0737049,0.522252,-0.0153374,-0.0572217,0.601836,2.28585,-1.62,118.449
3.58157,4.20122,84.815,-0.0720796,-0.0665062,0.51309,-0.0269288,-0.100992,0.840881,2.98586,-1.58036,119.238
2.9704,5.163,84.5947,-0.0808789,-0.0660594,0.57346,-0.0278505,-0.255886,1.47485,2.17716,-2.66984,120.902
3.03899,5.37482,85.1236,-0.104515,-0.0795093,0.671126,-0.176293,-1.70284,4.6305,2.858,-2.51286,121.792
2.54596,7.63897,86.1813,-0.196962,-0.118855,0.997114,-7.83247,-17.9406,38.7749,1.58732,-2.57156,117.385
2.59779,7.7611,86.6213,-0.676103,-0.36741,2.0982,-10.1104,-8.87251,42.3583,2.06751,-2.27159,118.006
1.05349,9.1904,81.0849,-16.3014,-9.77794,27.281,-6.37158,-5.61242,50.1921,0.67617,-1.53018,100.02
1.44108,9.08379,80.5095,-17.2733,-20.1362,50.1739,-8.55999,-7.15076,60.3022,0.510755,-0.954664,98.2896
0.023984,9.02841,66.6335,-3.09112,-8.89237,54.8844,-6.41517,-5.06178,70.0423,-1.6521,-1.04694,65.6764
0.468523,8.77829,61.9118,-1.42991,-7.84879,59.1594,-6.24624,-5.10425,71.7217,-1.04048,-0.572135,64.9808
-0.726561,7.12499,45.8275,0.195072,0.126282,64.9195,-1.86946,-0.159895,92.261,-4.46602,-4.47613,16.1484
-0.797905,7.09001,42.3731,0.110066,-0.15649,67.218,-1.70999,0.140074,92.9456,-3.04592,-2.71639,10.9696
-2.0158,6.03823,38.0175,0.550998,4.54259,70.0338,2.08922,5.19994,106.217,-1.81014,-2.17161,5.15344
-2.3959,5.72175,36.7392,0.456805,4.21943,71.0107,2.51218,5.19616,106.12,-0.595935,-0.740268,2.30332
-2.84157,4.91738,38.6011,0.310259,3.45477,73.0271,3.08797,8.85265,107.961,-0.329419,-0.415624,1.42258
-3.19004,4.29279,38.1519,0.235431,3.10886,73.8049,3.3955,8.90174,108.08,-0.182972,-0.232772,0.993974
-3.94005,1.99987,33.3309,0.537282,0.250272,78.1305,2.79923,10.3285,107.958,-0.127245,-0.159647,0.779296
-4.29549,1.40396,30.9414,0.551535,-0.0427795,78.9418,2.99707,10.4334,108.418,-0.0901664,-0.111163,0.645463
-5.96313,-3.50933,18.3377,1.54507,-2.36288,86.2677,2.62976,10.0466,110.489,-0.0711745,-0.086914,0.564286
-5.32043,-3.11153,14.9824,1.56692,-2.44097,87.1388,2.81293,10.2144,111.051,-0.0565304,-0.0677744,0.504778
-5.65485,-5.3808,12.2328,2.6543,-3.04867,95.2856,2.42116,8.79072,115.039,-0.0485472,-0.057649,0.470854
-2.79111,-2.67902,6.60022,2.66859,-2.89213,96.0824,2.62763,9.05704,115.419,-0.0424543,-0.0493506,0.442991
-2.30995,-2.43326,5.25391,3.32031,-2.52582,104.532,1.58957,6.77102,120.08,-0.0395384,-0.0448049,0.432992
-1.02924,-1.10052,2.7674,3.37178,-2.1017,104.728,1.88246,7.17078,120.019,-0.0374066,-0.0408016,0.423492
-0.794798,-0.863731,2.18869,3.2443,-0.759287,106.942,0.525584,5.06578,123.179,-0.0380853,-0.0381096,0.43688
-0.526239,-0.581714,1.6308,3.44864,-0.454296,107.285,0.812045,5.51772,122.996,-0.0398958,-0.0379307,0.45286
-0.440659,-0.485678,1.40786,3.42647,1.02144,104.607,-0.617932,3.55273,123.934,-0.0466131,-0.0387435,0.502716
-0.341711,-0.378511,1.18944,3.71971,1.29251,104.854,-0.345715,4.08609,123.817,-0.0564054,-0.0440434,0.5643
-0.304678,-0.333046,1.09851,3.71908,2.07525,100.163,-1.66132,2.44357,122.667,-0.0812899,-0.0524998,0.701177
-0.26367,-0.287508,1.00557,4.09418,2.26975,100.477,-1.41691,3.03735,122.901,-0.125486,-0.0770044,0.90104
-0.257857,-0.27897,1.02565,4.28426,2.06114,95.5133,-2.53717,2.26804,121.097,-0.268172,-0.130698,1.40732
-0.278813,-0.299782,1.08889,4.69134,2.1761,95.9862,-2.30639,2.86743,121.678,-0.915447,-0.442794,2.93243
-0.393866,-0.426755,1.45732,5.40978,1.58295,89.6004,-2.65307,3.17209,114.627,-8.8673,-5.21771,16.9257
-0.934265,-0.992283,2.6379,5.82931,1.57564,90.5209,-2.24272,3.51687,115.602,-10.9781,-12.2714,30.869
-9.27251,-9.63701,18.5284,6.52931,0.9329,81.1091,-2.44361,3.41159,95.2048,-2.96106,-9.1575,36.97
-18.9706,-18.2764,37.6223,6.62844,1.15329,81.8744,-2.04633,3.586,95.0625,-2.10476,-10.4138,47.2345
-12.4294,-7.76961,50.8387,5.9949,-0.877192,65.1239,-4.14818,0.421044,57.2264,-0.246641,-11.0563,66.0697
-9.24373,-2.01458,60.4688,5.78791,0.234103,60.9932,-3.77974,1.2252,57.2988,-0.443497,-11.2364,69.4629
-1.05596,2.80839,60.7717,5.02065,-2.4263,42.6956,-4.66448,-3.31483,12.6388,0.433621,-11.1814,110.768
-0.895097,2.89387,61.4319,5.24455,-2.17744,39.9232,-2.37714,-1.46917,7.23254,0.705111,-10.7636,111.414
2.82226,4.35648,70.4286,4.6532,-3.2206,35.9293,-1.11438,-0.905515,3.03191,3.1968,-7.21827,128.154
2.75367,4.20698,71.1281,4.46621,-3.3879,34.888,-0.390927,-0.311537,1.47477,3.31983,-6.42664,127.63
4.30774,5.53095,78.8097,2.9236,-3.12817,32.641,-0.214334,-0.173509,0.919515,5.00643,-2.69973,123.522
4.18447,5.49094,79.2568,2.47256,-3.29447,32.009,-0.117674,-0.0937114,0.651855,5.10482,-2.16816,123.518
4.42171,6.83806,85.2692,0.735403,-3.43607,29.0403,-0.0784688,-0.0621672,0.505697,5.54449,-0.270783,117.568
4.42729,6.91078,85.4563,0.265321,-3.6157,27.7912,-0.0521902,-0.0411408,0.417019,5.75386,0.0877744,117.932
4.21261,7.9836,90.409,-1.65951,-4.52493,22.6563,-0.0377659,-0.029949,0.360684,5.93365,0.889991,117.706
4.1655,8.11471,90.9575,-2.59651,-4.65111,17.51,-0.0276988,-0.0223024,0.322675,6.25257,1.15135,118.094
3.94552,8.6429,96.2731,-3.76159,-4.92601,12.1181,-0.0213494,-0.0178998,0.299253,6.65989,1.82825,121.804
4.35903,8.84842,95.6567,-2.93394,-3.80009,8.99176,-0.0169199,-0.0148723,0.282436,7.23223,2.27586,121.604
4.88241,8.68338,100.09,-3.27534,-3.9953,8.11826,-0.0139511,-0.0135641,0.275853,7.56971,3.65005,126.402
5.30977,8.887,99.7025,-2.35708,-2.89536,5.99981,-0.0121702,-0.0127006,0.2712,8.11472,4.17887,125.717
-7.8326,-8.32023,15.3685,4.99431,-0.311182,98.6544,2.86442,7.85863,122.943,-0.0563415,-0.0600847,0.510329
-2.0811,-2.22572,4.62824,4.83193,-0.436994,110.23,2.98512,7.40472,122.598,-0.0604531,-0.060424,0.531856
-0.9287,-0.99151,2.40549,5.64874,1.2524,105.162,3.08038,7.7225,123.646,-0.0654747,-0.0639557,0.55078
-0.695634,-0.729385,1.87823,5.58188,2.88215,102.19,1.70993,5.98645,124.756,-0.0784405,-0.0700068,0.612593
-0.488978,-0.508745,1.44905,5.91944,3.14558,102.574,2.04585,6.58435,124.525,-0.0950819,-0.0832752,0.679068
-0.412781,-0.419842,1.2726,5.87001,3.7552,97.9399,0.704557,4.89577,122.781,-0.137343,-0.107881,0.837803
-0.335292,-0.336995,1.10237,6.28072,3.94032,98.4316,1.00177,5.53909,122.99,-0.209477,-0.162107,1.06145
-0.309143,-0.304766,1.06725,6.53288,3.63391,93.7544,-0.0835692,4.86691,120.904,-0.443347,-0.312817,1.6573
-0.311543,-0.303171,1.07793,6.97198,3.76344,94.3205,0.229795,5.51518,121.389,-1.5169,-1.08479,3.71701
-0.401677,-0.388475,1.33677,7.61208,3.10069,88.2194,-0.208095,5.67108,114.364,-10.316,-8.23318,18.8947
-0.755731,-0.716733,2.06526,8.0999,3.15708,89.1324,0.163396,6.23679,115.398,-11.2497,-11.5083,23.9987
-4.95536,-4.58966,9.6384,8.95074,2.41625,80.9599,-0.530412,6.08312,96.3867,-7.96166,-11.0432,27.597
-18.5594,-16.514,33.0334,9.11298,2.74829,81.5971,0.192079,6.15511,95.9157,-6.46062,-15.3029,50.7926
-20.0207,-16.6654,41.6031,7.87435,0.357564,64.6236,-2.89341,1.85482,58.0811,-2.99786,-14.656,68.9871
-17.5836,-8.92128,71.3184,7.27907,1.96281,60.0639,-2.52773,3.04408,58.38,-2.51288,-13.2943,69.0592
-4.92735,-0.341139,66.3844,5.88884,-1.26305,41.7097,-4.94029,-3.45056,12.9481,-2.83856,-14.5638,110.521
-3.19403,0.822413,61.6212,6.26985,-1.19657,39.5356,-2.57582,-1.5486,7.62943,-2.50186,-14.0767,110.96
0.444781,2.15984,70.6172,5.508,-2.37029,35.4227,-1.42125,-1.15438,3.54054,-0.452104,-11.03,127.896
0.369919,2.03977,71.4319,5.31928,-2.52961,34.2302,-0.47984,-0.382343,1.62781,-0.260705,-10.1838,127.443
1.77982,3.28744,79.546,3.6379,-2.32697,31.5857,-0.260237,-0.210729,0.997983,1.6834,-6.10315,123.554
1.68153,3.27561,79.9071,3.1878,-2.49624,30.8292,-0.139825,-0.111126,0.690233,1.80528,-5.53599,123.46
1.79244,4.5352,85.8163,1.36019,-2.70821,27.8988,-0.0917023,-0.0722244,0.528066,2.48958,-3.44068,117.228
1.81655,4.6221,85.9051,0.837396,-2.91447,26.5396,-0.0601123,-0.0468414,0.429417,2.69787,-3.07759,117.455
1.49892,5.66508,90.5943,-1.12435,-3.90679,22.0803,-0.0428205,-0.0332889,0.367227,2.93685,-2.33795,116.899
1.57226,5.81114,90.6744,-1.90442,-4.12523,18.5101,-0.0308954,-0.024147,0.325032,3.26693,-2.06998,117.211
1.19702,6.13299,95.6884,-3.80612,-5.06727,13.5612,-0.0234433,-0.0187951,0.298076,3.56942,-1.54188,121.258
1.5641,6.31145,95.1301,-3.19986,-4.22768,10.7229,-0.0183012,-0.0151066,0.277859,4.10151,-1.12374,120.94
1.60036,5.86491,100.106,-3.68306,-4.32445,9.13467,-0.014891,-0.0132324,0.267315,4.16232,0.07794,125.511
1.81486,6.00863,100.126,-2.02369,-2.35565,5.45564,-0.0127694,-0.0118672,0.258162,4.58056,0.580451,124.642
2.4228,4.93083,103.117,-1.75341,-1.91792,4.26276,-0.0112467,-0.0117946,0.257282,2.5276,1.42691,123.571
2.73875,5.13012,102.729,-0.883208,-0.955132,2.4747,-0.0105135,-0.0116705,0.2563,2.96708,1.87875,123.136
3.61142,4.18851,100.711,-0.631907,-0.666956,1.80764,-0.00976493,-0.0130002,0.266138,1.24047,1.30235,122.69
3.84673,4.4399,100.449,-0.372709,-0.387807,1.25014,-0.0100599,-0.0139889,0.27499,1.74849,1.67313,122.417
4.26823,3.67536,94.2884,-0.26585,-0.275371,0.984376,-0.00993368,-0.0170619,0.299311,1.05477,0.414985,121.981
4.36863,3.92296,94.5173,-0.186155,-0.190314,0.79308,-0.01139,-0.0201208,0.326371,1.61131,0.685364,121.845
4.14312,3.53343,87.8645,-0.14646,-0.148823,0.692258,-0.0121788,-0.027885,0.384355,1.56522,-0.777577,119.511
4.13958,3.79672,88.6112,-0.117205,-0.116653,0.613268,-0.0167979,-0.0373925,0.455647,2.20276,-0.641394,119.872
3.03183,3.40879,83.6785,-0.10447,-0.100092,0.593339,-0.0204206,-0.0613307,0.601588,1.70818,-2.20228,119.34
3.03964,3.63772,84.628,-0.100248,-0.0920671,0.5849,-0.0372941,-0.109446,0.839898,2.42396,-2.12975,120.049
2.41115,4.4899,84.2871,-0.115568,-0.0961017,0.664183,-0.0608606,-0.282251,1.47234,1.66069,-3.22387,121.714
2.46227,4.70791,84.9063,-0.154385,-0.122065,0.788952,-0.433146,-1.81069,4.56414,2.358,-3.05409,122.486
2.08259,6.90406,86.0858,-0.319599,-0.211104,1.24769,-9.42212,-19.3117,37.4911,1.02784,-3.13425,118.099
2.14417,7.01874,86.5363,-1.4365,-0.909196,3.32506,-10.8498,-10.0604,41.1387,1.55653,-2.85457,118.768
0.985301,8.52444,80.7176,-21.6424,-15.7741,36.7157,-7.17185,-6.13848,50.2165,0.375615,-1.96178,101.019
0.918093,8.58918,81.196,-15.0433,-16.5481,38.3396,-9.1171,-7.55152,59.6243,0.0382987,-1.46025,99.3694
-0.0538406,8.37917,64.6454,-4.69351,-9.88853,56.4339,-6.47996,-5.3032,69.3621,-1.41039,-1.33313,66.2698
0.397166,8.1473,59.3683,-1.94334,-8.69306,62.8658,-6.27552,-5.28269,70.8942,-0.841952,-0.808297,65.056
-0.739688,6.79754,44.4232,0.24561,0.132933,65.5257,-2.1751,-0.651087,91.879,-4.32378,-4.47696,16.5112
-0.835835,6.78248,41.2371,0.221363,0.0478015,67.0294,-2.02249,-0.362755,92.4168,-3.02171,-2.85372,11.798
-2.06406,5.82492,37.3989,0.628309,4.71725,70.0407,1.62391,4.61848,105.705,-1.90971,-2.30913,5.45134
-2.42293,5.49363,36.0103,0.580263,4.48303,70.8195,2.02439,4.62117,105.817,-0.623495,-0.786109,2.38102
-2.95041,4.70793,38.0162,0.346633,3.67947,72.9789,2.68414,8.1436,108.161,-0.332487,-0.422352,1.4297
-3.28602,4.09979,37.8083,0.244582,3.29133,73.9313,2.97156,8.21174,108.22,-0.181628,-0.232268,0.980398
-3.95053,1.90095,33.5554,0.442765,0.398545,77.8702,2.35729,9.71421,107.811,-0.12334,-0.155731,0.75857
-4.30217,1.30747,31.1547,0.476131,0.118559,78.6062,2.57516,9.78485,108.288,-0.0861007,-0.106787,0.62574
-5.89196,-3.49988,18.2207,1.44081,-2.36062,85.7505,2.14186,9.38814,110.131,-0.0677441,-0.0828833,0.546859
-5.24854,-3.20194,14.5315,1.46704,-2.50569,86.7518,2.31207,9.52391,110.702,-0.0538603,-0.06459,0.490289
-5.43086,-5.08942,11.7041,2.51204,-3.22851,94.8461,1.86942,8.11269,114.52,-0.046475,-0.0549115,0.458331
-2.67756,-2.51573,6.36867,2.50541,-3.04271,95.5481,2.06718,8.37929,114.856,-0.040676,-0.0467842,0.431832
-2.27282,-2.34852,5.15626,3.22542,-2.75143,103.834,1.0966,6.11473,118.442,-0.0380057,-0.0425465,0.422936
-1.04026,-1.0897,2.77402,3.27278,-2.34185,104.032,1.36176,6.47722,118.531,-0.0361282,-0.0389215,0.41554
-0.801187,-0.851049,2.18114,3.31754,-1.12504,106.574,0.0368086,4.37797,122.092,-0.0373111,-0.036788,0.430755
-0.519945,-0.561076,1.60681,3.51828,-0.823907,106.88,0.313113,4.81565,121.937,-0.0391207,-0.0369203,0.446843
-0.43467,-0.467373,1.3858,3.34436,0.639113,104.366,-1.21199,2.9159,123.791,-0.0459249,-0.0377763,0.496232
-0.335077,-0.36226,1.16957,3.63038,0.877019,104.647,-0.959019,3.43474,123.651,-0.0546878,-0.0427471,0.552847
-0.299442,-0.319381,1.08235,3.58157,1.69165,100.074,-2.30259,1.79687,122.768,-0.0772773,-0.0501319,0.679277
-0.260139,-0.276643,0.99331,3.93217,1.84131,100.456,-2.08723,2.35329,122.968,-0.115654,-0.0709688,0.859475
-0.256915,-0.270271,1.01788,4.28263,1.67342,95.179,-3.17424,1.73083,120.792,-0.234832,-0.11509,1.30082
-0.280073,-0.29228,1.08457,4.66649,1.72926,95.7778,-2.99138,2.28406,121.368,-0.697062,-0.334397,2.4727
-0.403659,-0.422193,1.46125,5.44777,1.12106,89.7875,-3.40017,2.65814,114.761,-6.25845,-3.28276,12.2028
-0.966376,-0.989338,2.66063,5.83412,1.09148,90.7075,-3.01581,2.94672,115.64,-12.6091,-12.3232,30.6955
-9.48855,-9.45406,18.5078,6.61123,0.868625,82.0327,-3.0899,3.19197,96.9559,-3.98044,-9.46626,34.4261
-19.0731,-17.6195,36.659,6.69657,1.04052,82.6799,-2.66756,3.28335,96.7666,-2.73398,-10.8139,45.4181
-14.5084,-9.23497,52.6104,5.84008,-0.638662,63.4493,-4.41235,0.567632,56.9722,-0.981497,-11.4846,66.2157
-10.799,-3.0353,62.6827,5.71625,0.388895,59.8032,-4.06878,1.31842,57.384,-1.27893,-11.7709,69.9
-2.25512,1.99623,61.4376,4.9825,-2.47738,41.9588,-4.47937,-3.09711,12.0222,-0.811265,-12.2828,109.871
-2.07704,2.0695,61.9172,5.25244,-2.30125,39.7003,-2.18985,-1.30317,6.83838,-0.581464,-11.8986,110.288
1.42201,3.35735,71.2433,4.57359,-3.40952,35.7697,-1.016,-0.803779,2.83574,1.62037,-8.78003,126.238
1.35131,3.21491,71.784,4.35867,-3.57206,34.5945,-0.359501,-0.279045,1.39471,1.66372,-8.0852,125.922
2.78679,4.51011,79.7485,2.78178,-3.31723,32.09,-0.194263,-0.152771,0.863442,3.4129,-4.3335,122.588
2.64857,4.46196,79.9424,2.30629,-3.48712,31.2362,-0.105265,-0.0810656,0.61502,3.39319,-3.85882,122.613
2.78469,5.80776,85.91,0.50089,-3.67995,27.9093,-0.0701827,-0.0535093,0.478363,3.94408,-1.90558,116.466
2.76135,5.84935,85.9137,-0.0024826,-3.85279,26.3094,-0.0463587,-0.0349888,0.395716,4.04947,-1.63136,116.829
2.47013,6.74709,90.8079,-1.72498,-4.64629,22.2723,-0.0333876,-0.025206,0.342599,4.24108,-0.961412,116.906
2.56831,6.83765,90.7011,-2.17783,-4.77567,19.9177,-0.0242266,-0.0184507,0.306149,4.52568,-0.742864,117.193
2.2605,7.1745,95.6618,-3.93348,-5.66501,15.0942,-0.0184462,-0.0145369,0.282723,4.80511,-0.114356,120.978
2.54858,7.29028,95.2042,-3.45422,-4.96461,12.5375,-0.0144275,-0.0117988,0.26521,5.24643,0.20973,120.787
2.67452,6.88387,99.8581,-3.94975,-4.9315,10.2227,-0.0118161,-0.0105891,0.256377,5.29183,1.39179,125.369
2.78147,6.96256,100.127,-2.1396,-2.64199,5.98466,-0.0102018,-0.00969106,0.249088,5.60551,1.7838,124.657
3.45634,5.89234,103.264,-1.61978,-1.8534,4.14603,-0.00914293,-0.0100031,0.249405,3.67868,2.57463,124.124
3.69041,6.01101,103.067,-0.767686,-0.863352,2.302,-0.00869846,-0.010202,0.250233,4.03582,2.95701,123.63
4.48672,5.05362,101.217,-0.494212,-0.541728,1.5679,-0.00824471,-0.0118075,0.261496,2.31376,2.41332,123.263
4.70182,5.25766,100.856,-0.283558,-0.30616,1.08255,-0.00868538,-0.0129426,0.272025,2.79029,2.7392,122.959
5.04984,4.41144,94.2458,-0.196845,-0.211477,0.847466,-0.00859475,-0.0161914,0.298198,2.01584,1.40667,121.711
5.12078,4.64381,94.5406,-0.136496,-0.144292,0.688302,-0.0100348,-0.0189773,0.325337,2.56081,1.61731,121.639
4.78924,4.19186,87.8764,-0.106833,-0.111689,0.604067,-0.0103056,-0.0263584,0.383498,2.34531,-0.0239113,118.682
4.77105,4.4412,88.6173,-0.0854573,-0.0871122,0.538784,-0.0140445,-0.0350905,0.45513,2.95368,0.0670288,119.113
3.57523,3.97606,83.915,-0.0759774,-0.0737051,0.522254,-0.0153366,-0.0572233,0.601838,2.28602,-1.6199,118.449
3.58164,4.20114,84.815,-0.0720775,-0.0665064,0.513093,-0.0269274,-0.100995,0.840886,2.98603,-1.58025,119.238
2.97046,5.16291,84.5947,-0.080876,-0.0660593,0.573464,-0.0278464,-0.255898,1.47486,2.17733,-2.66975,120.902
3.03906,5.37472,85.1236,-0.104512,-0.0795093,0.671132,-0.176277,-1.70298,4.63069,2.85817,-2.51276,121.792
2.54602,7.63886,86.1812,-0.196954,-0.118854,0.997125,-7.83246,-17.9412,38.7756,1.58748,-2.57147,117.385
2.59787,7.76098,86.6213,-0.676084,-0.36741,2.09824,-10.1101,-8.87248,42.3575,2.06769,-2.27152,118.006
1.05354,9.19028,81.0849,-16.301,-9.77805,27.2812,-6.37147,-5.61261,50.1919,0.676313,-1.53013,100.02
1.44117,9.08366,80.5094,-17.2712,-20.1359,50.1755,-8.5599,-7.15104,60.3021,0.510875,-0.954589,98.2895
0.0239686,9.02833,66.6336,-3.08955,-8.89104,54.8828,-6.41509,-5.06212,70.0422,-1.65204,-1.04691,65.6764
0.468513,8.77821,61.9119,-1.42875,-7.84797,59.1585,-6.24616,-5.10458,71.7216,-1.04041,-0.572108,64.9808
-0.726571,7.12494,45.8276,0.196124,0.126845,64.9194,-1.8694,-0.160247,92.2609,-4.46595,-4.4762,16.1486
-0.797916,7.08997,42.3731,0.111145,-0.155931,67.2179,-1.70994,0.139735,92.9455,-3.04589,-2.71647,10.9698
-2.01581,6.03819,38.0175,0.5521,4.5432,70.0337,2.08925,5.19959,106.216,-1.81015,-2.17168,5.15352
-2.3959,5.72171,36.7392,0.457939,4.22005,71.0106,2.51221,5.19582,106.12,-0.595932,-0.740288,2.30334
-2.84156,4.91733,38.6012,0.311449,3.45539,73.027,3.08799,8.85231,107.961,-0.329417,-0.415634,1.4226
-3.19001,4.29274,38.152,0.23665,3.10948,73.8048,3.39553,8.9014,108.08,-0.182971,-0.232778,0.993981
-3.94002,1.99982,33.331,0.538619,0.25092,78.1305,2.79926,10.3281,107.958,-0.127244,-0.15965,0.7793
-4.29545,1.40391,30.9416,0.552901,-0.0421271,78.9418,2.99712,10.433,108.418,-0.0901657,-0.111166,0.645466
-5.9631,-3.5094,18.3379,1.54661,-2.36217,86.2677,2.62984,10.0462,110.489,-0.071174,-0.0869159,0.564289
-5.32038,-3.11163,14.9825,1.56849,-2.44027,87.139,2.81303,10.2141,111.051,-0.0565299,-0.0677759,0.50478
-5.65477,-5.38089,12.2328,2.65606,-3.04791,95.2858,2.42131,8.79034,115.039,-0.0485468,-0.0576503,0.470856
-2.79097,-2.679,6.60006,2.67038,-2.89138,96.0826,2.6278,9.05666,115.419,-0.042454,-0.0493518,0.442993
-2.30979,-2.43318,5.25369,3.32231,-2.52499,104.532,1.5898,6.7706,120.08,-0.0395381,-0.044806,0.432994
-1.02917,-1.10049,2.76731,3.37382,-2.10085,104.728,1.88273,7.17038,120.019,-0.0374063,-0.0408027,0.423493
-0.794744,-0.863709,2.18862,3.24644,-0.758409,106.942,0.525921,5.06536,123.179,-0.0380849,-0.0381107,0.436882
-0.526205,-0.581704,1.63076,3.45083,-0.453411,107.285,0.812427,5.51731,122.996,-0.0398955,-0.037932,0.452862
-0.440633,-0.485671,1.40783,3.42866,1.0223,104.608,-0.617481,3.5523,123.934,-0.0466126,-0.0387452,0.502718
-0.341693,-0.378509,1.18942,3.72197,1.29338,104.855,-0.345209,4.08567,123.817,-0.0564049,-0.0440455,0.564302
-0.304663,-0.333046,1.09849,3.72128,2.07607,100.164,-1.66075,2.44314,122.667,-0.0812891,-0.0525034,0.701181
-0.263659,-0.287511,1.00556,4.09647,2.27057,100.478,-1.41627,3.03693,122.901,-0.125485,-0.0770108,0.901048
-0.257847,-0.278975,1.02564,4.2865,2.06191,95.5139,-2.53647,2.26763,121.097,-0.268173,-0.130715,1.40734
-0.278805,-0.299792,1.0889,4.69367,2.17688,95.9868,-2.30561,2.86703,121.678,-0.915482,-0.442873,2.93255
-0.393858,-0.426782,1.45734,5.41202,1.58367,89.6011,-2.65226,3.17171,114.627,-8.86772,-5.21879,16.927
-0.934307,-0.992416,2.63808,5.83167,1.57637,90.5217,-2.24183,3.5165,115.602,-10.9773,-12.2721,30.8693
-9.27341,-9.63913,18.5312,6.53143,0.933627,81.1098,-2.44287,3.41136,95.2048,-2.96026,-9.15751,36.9697
-18.9697,-18.2778,37.6233,6.63072,1.15396,81.8753,-2.04552,3.58575,95.0626,-2.104,-10.4139,47.2344
-12.4275,-7.76969,50.8401,5.99673,-0.876693,65.125,-4.14771,0.420855,57.2265,-0.2456,-11.0566,66.0698
-9.24213,-2.01487,60.4681,5.78972,0.2345,60.9944,-3.77921,1.22497,57.299,-0.442385,-11.2368,69.4631
-1.05461,2.80784,60.7723,5.02186,-2.42603,42.6969,-4.66453,-3.31504,12.6391,0.435546,-11.1819,110.768
-0.893765,2.89322,61.4329,5.24573,-2.17719,39.9247,-2.3772,-1.46936,7.2329,0.707083,-10.7641,111.414
2.82392,4.35577,70.4297,4.65428,-3.22042,35.931,-1.11447,-0.905629,3.03212,3.19918,-7.21884,128.154
2.75538,4.20622,71.1294,4.46731,-3.38775,34.8899,-0.390952,-0.311575,1.47485,3.32231,-6.42723,127.63
4.30973,5.53008,78.8113,2.92466,-3.12807,32.6431,-0.214349,-0.17353,0.919562,5.00887,-2.7003,123.522
4.1865,5.48999,79.2587,2.47364,-3.29441,32.0113,-0.117682,-0.0937231,0.651888,5.10736,-2.16877,123.518
4.42401,6.83698,85.2715,0.736445,-3.43608,29.0432,-0.0784746,-0.0621752,0.505723,5.54697,-0.271394,117.568
4.42979,6.90962,85.4587,0.266681,-3.61583,27.7969,-0.0521942,-0.0411463,0.417042,5.7565,0.0871538,117.932
4.2155,7.9823,90.4115,-1.6582,-4.52548,22.6648,-0.0377689,-0.0299532,0.360704,5.93641,0.889369,117.706
4.16815,8.11332,90.9612,-2.59607,-4.65224,17.5155,-0.0277012,-0.0223056,0.322695,6.25527,1.15064,118.094
3.9473,8.64132,96.28,-3.76024,-4.92492,12.1136,-0.0213517,-0.0179024,0.299273,6.66217,1.82731,121.804
4.35918,8.84652,95.6682,-2.92634,-3.7906,8.97188,-0.0169224,-0.0148747,0.282456,7.23361,2.27461,121.604
4.88182,8.68103,100.104,-3.25616,-3.97186,8.07791,-0.0139539,-0.0135668,0.275874,7.57056,3.64855,126.401
5.31059,8.88466,99.7138,-2.34018,-2.87453,5.96491,-0.0121732,-0.0127036,0.271221,8.11623,4.17787,125.716
-7.83267,-8.3203,15.3686,4.99433,-0.311073,98.6542,2.86446,7.85865,122.943,-0.0563415,-0.0600846,0.510329
-2.08127,-2.2259,4.62856,4.83195,-0.436861,110.23,2.98516,7.40477,122.598,-0.0604531,-0.0604238,0.531856
-0.928778,-0.991593,2.40565,5.64875,1.25247,105.162,3.08041,7.72251,123.646,-0.0654746,-0.0639555,0.55078
-0.695696,-0.729452,1.87835,5.58189,2.8822,102.19,1.70996,5.98645,124.756,-0.0784404,-0.0700066,0.612593
-0.489018,-0.508788,1.44913,5.91945,3.14561,102.574,2.04588,6.58435,124.525,-0.0950818,-0.0832748,0.679068
-0.412812,-0.419875,1.27266,5.87002,3.75522,97.9399,0.704582,4.89576,122.781,-0.137343,-0.10788,0.837804
-0.335314,-0.337018,1.10241,6.28072,3.94035,98.4316,1.0018,5.53908,122.99,-0.209477,-0.162106,1.06146
-0.309161,-0.304785,1.06729,6.53288,3.63393,93.7544,-0.0835454,4.8669,120.904,-0.443347,-0.312815,1.6573
-0.311559,-0.303188,1.07797,6.97198,3.76347,94.3205,0.229819,5.51517,121.389,-1.5169,-1.08479,3.71702
-0.401698,-0.388497,1.33682,7.61207,3.10071,88.2194,-0.208072,5.67106,114.364,-10.316,-8.23316,18.8947
-0.755777,-0.716781,2.06535,8.0999,3.15711,89.1324,0.16342,6.23678,115.398,-11.2497,-11.5083,23.9987
-4.95578,-4.59009,9.63916,8.95072,2.4163,80.9599,-0.530389,6.08312,96.3867,-7.96158,-11.0431,27.5971
-18.5592,-16.5139,33.0331,9.11298,2.74831,81.5971,0.192103,6.15509,95.9157,-6.46051,-15.3027,50.7925
-20.0202,-16.6652,41.6025,7.87436,0.357572,64.6236,-2.89339,1.8548,58.0811,-2.99777,-14.6559,68.987
-17.5835,-8.92128,71.318,7.27907,1.96283,60.0639,-2.52771,3.04407,58.38,-2.5128,-13.2942,69.0592
-4.92732,-0.341183,66.3844,5.88884,-1.26303,41.7097,-4.94028,-3.45055,12.9481,-2.83844,-14.5637,110.521
-3.19399,0.822375,61.6212,6.26985,-1.19655,39.5355,-2.57582,-1.54859,7.6294,-2.50174,-14.0766,110.96
0.444831,2.1598,70.6172,5.508,-2.37027,35.4226,-1.42125,-1.15438,3.54053,-0.451964,-11.0299,127.896
0.369963,2.03972,71.4319,5.31928,-2.52959,34.2302,-0.479841,-0.382342,1.62781,-0.260563,-10.1837,127.443
1.77987,3.28739,79.5459,3.6379,-2.32695,31.5857,-0.260238,-0.210728,0.997982,1.68355,-6.10302,123.554
1.68158,3.27557,79.907,3.1878,-2.49622,30.8292,-0.139825,-0.111126,0.690233,1.80544,-5.53586,123.46
1.79249,4.53516,85.8162,1.36019,-2.70819,27.8988,-0.0917025,-0.0722241,0.528066,2.48974,-3.44055,117.228
1.81661,4.62207,85.905,0.83739,-2.91445,26.5396,-0.0601125,-0.0468413,0.429417,2.69803,-3.07747,117.455
1.49897,5.66505,90.5943,-1.12438,-3.90677,22.08,-0.0428206,-0.0332888,0.367227,2.93701,-2.33783,116.899
1.5723,5.81111,90.6744,-1.90447,-4.12518,18.5097,-0.0308955,-0.0241469,0.325032,3.2671,-2.06986,117.211
1.1971,6.13296,95.6883,-3.80612,-5.06719,13.5611,-0.0234434,-0.018795,0.298076,3.56962,-1.54175,121.258
1.56425,6.31143,95.1299,-3.19997,-4.22778,10.7233,-0.0183012,-0.0151065,0.277858,4.10177,-1.12359,120.94
1.6006,5.86491,100.105,-3.68362,-4.32507,9.13585,-0.0148911,-0.0132324,0.267315,4.16265,0.0781005,125.511
1.81512,6.00865,100.125,-2.02435,-2.35641,5.45704,-0.0127694,-0.0118671,0.258161,4.58092,0.580615,124.642
2.42301,4.93084,103.117,-1.75419,-1.91877,4.26429,-0.0112467,-0.0117945,0.257281,2.52793,1.42706,123.571
2.73885,5.1301,102.729,-0.883522,-0.955471,2.47534,-0.0105135,-0.0116704,0.256299,2.96737,1.87888,123.136
3.61149,4.18849,100.711,-0.632106,-0.667164,1.80804,-0.00976497,-0.0130001,0.266137,1.24075,1.30248,122.69
3.84679,4.43987,100.449,-0.3728,-0.3879,1.25033,-0.01006,-0.0139888,0.27499,1.74876,1.67326,122.417
4.26828,3.67534,94.2884,-0.265904,-0.275426,0.984495,-0.00993377,-0.0170618,0.299311,1.05504,0.415119,121.981
4.36867,3.92294,94.5173,-0.186186,-0.190345,0.793153,-0.0113901,-0.0201206,0.32637,1.61158,0.685497,121.845
4.14316,3.53342,87.8645,-0.146481,-0.148844,0.69231,-0.012179,-0.0278848,0.384355,1.56549,-0.777446,119.511
4.13963,3.79671,88.6112,-0.117219,-0.116667,0.613305,-0.0167982,-0.0373922,0.455647,2.20304,-0.641263,119.872
3.03187,3.40878,83.6785,-0.104481,-0.100103,0.593368,-0.0204212,-0.0613302,0.601587,1.70847,-2.20215,119.34
3.03969,3.63771,84.6279,-0.100257,-0.0920757,0.584924,-0.0372953,-0.109445,0.839898,2.42425,-2.12962,120.049
2.4112,4.48989,84.2871,-0.115576,-0.0961104,0.664207,-0.0608643,-0.282249,1.47234,1.661,-3.22373,121.714
2.46231,4.70791,84.9063,-0.154396,-0.122075,0.788977,-0.433174,-1.8107,4.56417,2.35832,-3.05395,122.486
2.08264,6.90406,86.0858,-0.31962,-0.211124,1.24774,-9.42246,-19.3117,37.4915,1.02816,-3.1341,118.099
2.14422,7.01875,86.5363,-1.43662,-0.909294,3.32524,-10.8498,-10.0603,41.1387,1.55687,-2.85443,118.768
0.985365,8.52445,80.7175,-21.6423,-15.7744,36.7158,-7.17189,-6.13841,50.2164,0.375921,-1.96165,101.019
0.918123,8.58921,81.196,-15.0431,-16.5477,38.3381,-9.11718,-7.5515,59.6243,0.0386061,-1.46013,99.3695
-0.0537876,8.37918,64.6454,-4.69387,-9.88875,56.4335,-6.48005,-5.30317,69.3621,-1.41016,-1.33306,66.27
0.397244,8.14731,59.3683,-1.94349,-8.69335,62.8663,-6.2756,-5.28266,70.8943,-0.841721,-0.8082,65.056
-0.739623,6.79758,44.4232,0.245592,0.132859,65.5257,-2.17522,-0.651033,91.8792,-4.32382,-4.47687,16.51
-0.835782,6.78251,41.2371,0.221345,0.0477497,67.0293,-2.02259,-0.362701,92.4169,-3.02159,-2.85357,11.7966
-2.06403,5.82495,37.3989,0.628288,4.71716,70.0407,1.62385,4.6185,105.705,-1.90957,-2.30892,5.45094
-2.4229,5.49365,36.0103,0.580238,4.48293,70.8195,2.02435,4.62118,105.817,-0.623474,-0.786066,2.38092
-2.95038,4.70796,38.0162,0.346608,3.67938,72.9789,2.68412,8.14361,108.161,-0.332479,-0.422335,1.42966
-3.28598,4.09982,37.8083,0.244558,3.29124,73.9314,2.97155,8.21175,108.22,-0.181625,-0.23226,0.980379
-3.9505,1.90098,33.5554,0.442736,0.398463,77.8702,2.35729,9.71421,107.811,-0.123339,-0.155727,0.758558
-4.30215,1.3075,31.1547,0.476106,0.118479,78.6062,2.57517,9.78486,108.288,-0.0861001,-0.106785,0.625732
-5.89196,-3.49987,18.2206,1.44078,-2.36071,85.7505,2.14188,9.38814,110.131,-0.0677438,-0.0828814,0.546853
-5.24854,-3.20193,14.5314,1.46702,-2.50576,86.7518,2.31211,9.52393,110.702,-0.0538602,-0.0645887,0.490284
-5.43091,-5.08944,11.7042,2.51201,-3.22856,94.846,1.86946,8.11272,114.52,-0.046475,-0.0549105,0.458328
-2.67766,-2.51581,6.36884,2.50539,-3.04274,95.5481,2.06723,8.37933,114.856,-0.040676,-0.0467833,0.431829
-2.27297,-2.34867,5.15653,3.2254,-2.75146,103.834,1.09666,6.11477,118.442,-0.0380058,-0.0425457,0.422933
-1.04032,-1.08976,2.77413,3.27277,-2.3419,104.032,1.36183,6.47725,118.531,-0.0361284,-0.0389208,0.415538
-0.801237,-0.851097,2.18124,3.31754,-1.12509,106.574,0.0368889,4.378,122.092,-0.0373113,-0.0367875,0.430753
-0.519974,-0.561102,1.60687,3.51829,-0.823957,106.88,0.313206,4.81567,121.937,-0.0391211,-0.0369198,0.446842
-0.434693,-0.467393,1.38585,3.34438,0.639069,104.366,-1.21189,2.91593,123.791,-0.0459255,-0.0377759,0.496231
-0.335093,-0.362274,1.1696,3.6304,0.876979,104.647,-0.958905,3.43477,123.651,-0.0546887,-0.0427467,0.552846
-0.299454,-0.319391,1.08237,3.5816,1.69162,100.074,-2.30247,1.7969,122.768,-0.077279,-0.0501315,0.679278
-0.260148,-0.276651,0.993327,3.9322,1.84129,100.456,-2.0871,2.35332,122.968,-0.115658,-0.0709687,0.859479
-0.256924,-0.270277,1.01789,4.28266,1.6734,95.179,-3.1741,1.73087,120.792,-0.234843,-0.115091,1.30084
-0.280082,-0.292285,1.08458,4.66653,1.72924,95.7778,-2.99122,2.2841,121.368,-0.697118,-0.334413,2.47279
-0.403671,-0.4222,1.46127,5.44782,1.12105,89.7875,-3.4,2.65817,114.761,-6.25928,-3.28318,12.204
-0.966403,-0.989354,2.66067,5.83417,1.09147,90.7075,-3.01563,2.94676,115.64,-12.6092,-12.3232,30.6957
-9.48868,-9.45406,18.5079,6.61128,0.868617,82.0327,-3.08976,3.19202,96.956,-3.98041,-9.466,34.4255
-19.0731,-17.6193,36.6586,6.69664,1.0405,82.6799,-2.6674,3.28339,96.7666,-2.73408,-10.8138,45.4179
-14.5086,-9.23505,52.61,5.84013,-0.638676,63.4493,-4.41226,0.567664,56.9722,-0.981674,-11.4847,66.2158
-10.7991,-3.03535,62.6831,5.71629,0.388905,59.8032,-4.06868,1.31846,57.384,-1.2791,-11.771,69.9
-2.25519,1.99622,61.4376,4.98253,-2.47738,41.9588,-4.47938,-3.09709,12.0221,-0.811494,-12.2829,109.871
-2.07709,2.06951,61.9172,5.25247,-2.30126,39.7003,-2.18985,-1.30315,6.83836,-0.58168,-11.8987,110.288
1.42195,3.35735,71.2433,4.57362,-3.40953,35.7697,-1.01601,-0.803775,2.83575,1.62015,-8.78013,126.238
1.35125,3.21492,71.784,4.3587,-3.57207,34.5945,-0.359505,-0.279044,1.39471,1.6635,-8.0853,125.922
2.78673,4.51011,79.7485,2.78181,-3.31723,32.09,-0.194265,-0.15277,0.863443,3.41272,-4.3336,122.588
2.64851,4.46197,79.9424,2.30632,-3.48712,31.2362,-0.105266,-0.0810654,0.615021,3.39301,-3.85892,122.613
2.78464,5.80777,85.91,0.500912,-3.67994,27.9093,-0.0701835,-0.0535091,0.478364,3.94393,-1.90568,116.466
2.7613,5.84936,85.9137,-0.00246107,-3.85278,26.3094,-0.0463592,-0.0349887,0.395717,4.04932,-1.63145,116.829
2.47009,6.74711,90.8079,-1.72498,-4.64628,22.2723,-0.0333879,-0.0252058,0.342599,4.24094,-0.961502,116.906
2.56826,6.83767,90.7011,-2.17785,-4.77566,19.9176,-0.0242269,-0.0184507,0.306149,4.52555,-0.742955,117.193
2.26045,7.17452,95.6618,-3.93351,-5.66495,15.094,-0.0184464,-0.0145368,0.282723,4.80498,-0.11445,120.978
2.54853,7.29031,95.2042,-3.45422,-4.96451,12.5373,-0.0144277,-0.0117987,0.26521,5.2463,0.209635,120.787
2.67448,6.88389,99.8582,-3.9497,-4.93136,10.2225,-0.0118163,-0.0105891,0.256377,5.29171,1.3917,125.369
2.78143,6.96259,100.127,-2.13958,-2.64191,5.98452,-0.010202,-0.009691,0.249088,5.6054,1.78371,124.657
3.45631,5.89238,103.264,-1.61977,-1.85336,4.14596,-0.00914305,-0.010003,0.249405,3.67858,2.57455,124.124
3.69038,6.01105,103.067,-0.767688,-0.863341,2.30199,-0.00869857,-0.0102019,0.250233,4.03574,2.95694,123.63
4.4867,5.05365,101.216,-0.494216,-0.541724,1.56789,-0.00824483,-0.0118074,0.261496,2.31367,2.41325,123.263
4.70179,5.2577,100.856,-0.283561,-0.306159,1.08254,-0.00868551,-0.0129425,0.272025,2.79022,2.73914,122.959
5.04981,4.41148,94.2457,-0.196848,-0.211476,0.847465,-0.00859489,-0.0161913,0.298198,2.01576,1.40662,121.711
5.12075,4.64385,94.5406,-0.136498,-0.144292,0.688301,-0.010035,-0.0189771,0.325337,2.56073,1.61725,121.639
4.78921,4.1919,87.8764,-0.106835,-0.111689,0.604067,-0.0103059,-0.0263582,0.383498,2.34523,-0.0239651,118.682
4.77102,4.44124,88.6173,-0.0854586,-0.087112,0.538783,-0.0140449,-0.0350903,0.45513,2.9536,0.0669743,119.113
3.5752,3.97611,83.915,-0.0759787,-0.0737051,0.522253,-0.0153371,-0.0572228,0.601839,2.28594,-1.61994,118.449
3.58161,4.20119,84.815,-0.0720787,-0.0665063,0.513091,-0.0269285,-0.100994,0.840887,2.98595,-1.5803,119.238
2.97043,5.16296,84.5947,-0.0808776,-0.0660594,0.573461,-0.0278494,-0.255896,1.47487,2.17725,-2.66979,120.902
3.03902,5.37478,85.1236,-0.104514,-0.0795093,0.671129,-0.176301,-1.70299,4.63073,2.85809,-2.51281,121.792
2.54599,7.63893,86.1812,-0.196958,-0.118855,0.997119,-7.83275,-17.9411,38.7759,1.58739,-2.57151,117.385
2.59783,7.76105,86.6213,-0.676094,-0.36741,2.09822,-10.1101,-8.87229,42.3574,2.06761,-2.27156,118.006
1.05351,9.19035,81.0849,-16.3012,-9.778,27.2811,-6.37147,-5.61245,50.1918,0.676245,-1.53016,100.02
1.44112,9.08374,80.5094,-17.2724,-20.1361,50.1746,-8.55995,-7.15089,60.3022,0.510816,-0.954624,98.2895
0.0239784,9.02837,66.6335,-3.09044,-8.8918,54.8837,-6.41514,-5.06193,70.0422,-1.65207,-1.04692,65.6764
0.46852,8.77826,61.9118,-1.42941,-7.84844,59.159,-6.2462,-5.10439,71.7216,-1.04044,-0.572119,64.9808
-0.726565,7.12497,45.8275,0.195522,0.126518,64.9195,-1.86943,-0.160048,92.2609,-4.46599,-4.47616,16.1485
-0.797908,7.08999,42.3731,0.110529,-0.156256,67.218,-1.70997,0.139925,92.9456,-3.04592,-2.71643,10.9697
-2.0158,6.03821,38.0175,0.55147,4.54285,70.0337,2.08924,5.19979,106.216,-1.81015,-2.17164,5.15349
-2.3959,5.72173,36.7392,0.457291,4.21969,71.0107,2.5122,5.19601,106.12,-0.595935,-0.740279,2.30333
-2.84156,4.91736,38.6012,0.310769,3.45503,73.0271,3.08798,8.8525,107.961,-0.329419,-0.415629,1.42259
-3.19002,4.29277,38.152,0.235953,3.10912,73.8048,3.39552,8.90159,108.08,-0.182972,-0.232775,0.993979
-3.94003,1.99984,33.331,0.537856,0.250544,78.1305,2.79924,10.3283,107.958,-0.127245,-0.159649,0.779299
-4.29547,1.40394,30.9415,0.552121,-0.0425047,78.9418,2.99709,10.4332,108.418,-0.0901664,-0.111165,0.645466
-5.96311,-3.50936,18.3378,1.54573,-2.36258,86.2677,2.6298,10.0464,110.489,-0.0711746,-0.0869151,0.564289
-5.32041,-3.11157,14.9824,1.5676,-2.44068,87.1389,2.81298,10.2143,111.051,-0.0565304,-0.0677753,0.50478
-5.65481,-5.38083,12.2328,2.65506,-3.04836,95.2857,2.42123,8.79055,115.039,-0.0485473,-0.0576498,0.470856
-2.79102,-2.67899,6.6001,2.66936,-2.89183,96.0825,2.6277,9.05687,115.419,-0.0424545,-0.0493514,0.442993
-2.30985,-2.43319,5.25374,3.32117,-2.52548,104.532,1.58967,6.77083,120.08,-0.0395385,-0.0448056,0.432994
-1.0292,-1.10049,2.76734,3.37265,-2.10135,104.728,1.88258,7.17061,120.019,-0.0374067,-0.0408024,0.423494
-0.794764,-0.86371,2.18864,3.24522,-0.758918,106.942,0.525732,5.0656,123.179,-0.0380855,-0.0381104,0.436883
-0.526218,-0.581703,1.63077,3.44958,-0.453923,107.285,0.812212,5.51755,122.996,-0.0398961,-0.0379316,0.452863
-0.440643,-0.48567,1.40784,3.42741,1.0218,104.607,-0.617735,3.55254,123.934,-0.0466134,-0.0387447,0.502719
-0.3417,-0.378507,1.18943,3.72068,1.29288,104.855,-0.345495,4.08591,123.817,-0.0564059,-0.0440449,0.564304
-0.304669,-0.333043,1.0985,3.72002,2.07559,100.164,-1.66107,2.44339,122.667,-0.081291,-0.0525024,0.701185
-0.263664,-0.287507,1.00556,4.09516,2.2701,100.478,-1.41663,3.03717,122.901,-0.125488,-0.0770092,0.901054
-0.257851,-0.278971,1.02564,4.28522,2.06147,95.5135,-2.53686,2.26787,121.097,-0.268183,-0.130711,1.40736
-0.278808,-0.299785,1.08889,4.69234,2.17643,95.9865,-2.30605,2.86726,121.678,-0.915529,-0.442868,2.93261
-0.393861,-0.426765,1.45732,5.41074,1.58325,89.6007,-2.65271,3.17192,114.627,-8.86815,-5.2188,16.9275
-0.934279,-0.992337,2.63797,5.83032,1.57594,90.5212,-2.24233,3.5167,115.602,-10.9774,-12.2717,30.8689
-9.27289,-9.63792,18.5296,6.53022,0.933202,81.1094,-2.4433,3.41149,95.2048,-2.9605,-9.15727,36.9692
-18.9703,-18.277,37.6228,6.62942,1.15357,81.8748,-2.04598,3.58589,95.0625,-2.10437,-10.4138,47.2343
-12.4286,-7.76964,50.8394,5.99569,-0.876984,65.1244,-4.14798,0.42096,57.2264,-0.246179,-11.0565,66.0698
-9.24302,-2.0147,60.4684,5.78869,0.234264,60.9937,-3.77951,1.2251,57.2989,-0.443003,-11.2366,69.463
-1.05538,2.80815,60.7719,5.02117,-2.42619,42.6961,-4.6645,-3.31492,12.6389,0.434476,-11.1817,110.768
-0.894519,2.89359,61.4323,5.24506,-2.17734,39.9239,-2.37716,-1.46926,7.2327,0.705986,-10.7638,111.414
2.82298,4.35617,70.429,4.65366,-3.22053,35.93,-1.11442,-0.905565,3.03201,3.19785,-7.21852,128.154
2.75441,4.20665,71.1287,4.46669,-3.38784,34.8888,-0.390938,-0.311554,1.4748,3.32093,-6.4269,127.63
4.3086,5.53057,78.8104,2.92406,-3.12813,32.6419,-0.214341,-0.173518,0.919535,5.00751,-2.69998,123.522
4.18535,5.49053,79.2576,2.47302,-3.29445,32.01,-0.117678,-0.0937165,0.651869,5.10594,-2.16843,123.518
4.42271,6.83759,85.2702,0.735853,-3.43608,29.0416,-0.0784713,-0.0621707,0.505709,5.54558,-0.271052,117.568
4.42838,6.91028,85.4573,0.265913,-3.61576,27.7937,-0.052192,-0.0411432,0.417029,5.75502,0.0875012,117.932
4.21387,7.98304,90.41,-1.65893,-4.52517,22.66,-0.0377672,-0.0299509,0.360693,5.93487,0.889717,117.706
4.16665,8.1141,90.9591,-2.59632,-4.65161,17.5124,-0.0276998,-0.0223038,0.322684,6.25376,1.15104,118.094
3.94629,8.64221,96.2761,-3.761,-4.92553,12.1161,-0.0213504,-0.017901,0.299262,6.6609,1.82783,121.804
4.3591,8.84759,95.6617,-2.93062,-3.79595,8.98308,-0.016921,-0.0148733,0.282444,7.23285,2.27531,121.604
4.88217,8.68235,100.096,-3.26702,-3.98513,8.10075,-0.0139523,-0.0135652,0.275862,7.5701,3.64939,126.402
5.31013,8.88598,99.7074,-2.34976,-2.88635,5.9847,-0.0121715,-0.0127019,0.271209,8.1154,4.17843,125.717
-7.83267,-8.3203,15.3686,4.99433,-0.311073,98.6542,2.86446,7.85865,122.943,-0.0563415,-0.0600846,0.510329
-2.08127,-2.2259,4.62856,4.83195,-0.436861,110.23,2.98516,7.40477,122.598,-0.0604531,-0.0604238,0.531856
-0.928778,-0.991593,2.40565,5.64875,1.25247,105.162,3.08041,7.72251,123.646,-0.0654746,-0.0639555,0.55078
-0.695696,-0.729452,1.87835,5.58189,2.8822,102.19,1.70996,5.98645,124.756,-0.0784404,-0.0700066,0.612593
-0.489018,-0.508788,1.44913,5.91945,3.14561,102.574,2.04588,6.58435,124.525,-0.0950818,-0.0832748,0.679068
-0.412812,-0.419875,1.27266,5.87002,3.75522,97.9399,0.704582,4.89576,122.781,-0.137343,-0.10788,0.837804
-0.335314,-0.337018,1.10241,6.28072,3.94035,98.4316,1.0018,5.53908,122.99,-0.209477,-0.162106,1.06146
-0.309161,-0.304785,1.06729,6.53288,3.63393,93.7544,-0.0835454,4.8669,120.904,-0.443347,-0.312815,1.6573
-0.311559,-0.303188,1.07797,6.97198,3.76347,94.3205,0.229819,5.51517,121.389,-1.5169,-1.08479,3.71702
-0.401698,-0.388497,1.33682,7.61207,3.10071,88.2194,-0.208072,5.67106,114.364,-10.316,-8.23316,18.8947
-0.755777,-0.716781,2.06535,8.0999,3.15711,89.1324,0.16342,6.23678,115.398,-11.2497,-11.5083,23.9987
-4.95578,-4.59009,9.63916,8.95072,2.4163,80.9599,-0.530389,6.08312,96.3867,-7.96158,-11.0431,27.5971
-18.5592,-16.5139,33.0331,9.11298,2.74831,81.5971,0.192103,6.15509,95.9157,-6.46051,-15.3027,50.7925
-20.0202,-16.6652,41.6025,7.87436,0.357572,64.6236,-2.89339,1.8548,58.0811,-2.99777,-14.6559,68.987
-17.5835,-8.92128,71.318,7.27907,1.96283,60.0639,-2.52771,3.04407,58.38,-2.5128,-13.2942,69.0592
-4.92732,-0.341183,66.3844,5.88884,-1.26303,41.7097,-4.94028,-3.45055,12.9481,-2.83844,-14.5637,110.521
-3.19399,0.822375,61.6212,6.26985,-1.19655,39.5355,-2.57582,-1.54859,7.6294,-2.50174,-14.0766,110.96
0.444831,2.1598,70.6172,5.508,-2.37027,35.4226,-1.42125,-1.15438,3.54053,-0.451964,-11.0299,127.896
0.369963,2.03972,71.4319,5.31928,-2.52959,34.2302,-0.479841,-0.382342,1.62781,-0.260563,-10.1837,127.443
1.77987,3.28739,79.5459,3.6379,-2.32695,31.5857,-0.260238,-0.210728,0.997982,1.68355,-6.10302,123.554
1.68158,3.27557,79.907,3.1878,-2.49622,30.8292,-0.139825,-0.111126,0.690233,1.80544,-5.53586,123.46
1.79249,4.53516,85.8162,1.36019,-2.70819,27.8988,-0.0917025,-0.0722241,0.528066,2.48974,-3.44055,117.228
1.81661,4.62207,85.905,0.83739,-2.91445,26.5396,-0.0601125,-0.0468413,0.429417,2.69803,-3.07747,117.455
1.49897,5.66505,90.5943,-1.12438,-3.90677,22.08,-0.0428206,-0.0332888,0.367227,2.93701,-2.33783,116.899
1.5723,5.81111,90.6744,-1.90447,-4.12518,18.5097,-0.0308955,-0.0241469,0.325032,3.2671,-2.06986,117.211
1.1971,6.13296,95.6883,-3.80612,-5.06719,13.5611,-0.0234434,-0.018795,0.298076,3.56962,-1.54175,121.258
1.56425,6.31143,95.1299,-3.19997,-4.22778,10.7233,-0.0183012,-0.0151065,0.277858,4.10177,-1.12359,120.94
1.6006,5.86491,100.105,-3.68362,-4.32507,9.13585,-0.0148911,-0.0132324,0.267315,4.16265,0.0781005,125.511
1.81512,6.00865,100.125,-2.02435,-2.35641,5.45704,-0.0127694,-0.0118671,0.258161,4.58092,0.580615,124.642
2.42301,4.93084,103.117,-1.75419,-1.91877,4.26429,-0.0112467,-0.0117945,0.257281,2.52793,1.42706,123.571
2.73885,5.1301,102.729,-0.883522,-0.955471,2.47534,-0.0105135,-0.0116704,0.256299,2.96737,1.87888,123.136
3.61149,4.18849,100.711,-0.632106,-0.667164,1.80804,-0.00976497,-0.0130001,0.266137,1.24075,1.30248,122.69
3.84679,4.43987,100.449,-0.3728,-0.3879,1.25033,-0.01006,-0.0139888,0.27499,1.74876,1.67326,122.417
4.26828,3.67534,94.2884,-0.265904,-0.275426,0.984495,-0.00993377,-0.0170618,0.299311,1.05504,0.415119,121.981
4.36867,3.92294,94.5173,-0.186186,-0.190345,0.793153,-0.0113901,-0.0201206,0.32637,1.61158,0.685497,121.845
4.14316,3.53342,87.8645,-0.146481,-0.148844,0.69231,-0.012179,-0.0278848,0.384355,1.56549,-0.777446,119.511
4.13963,3.79671,88.6112,-0.117219,-0.116667,0.613305,-0.0167982,-0.0373922,0.455647,2.20304,-0.641263,119.872
3.03187,3.40878,83.6785,-0.104481,-0.100103,0.593368,-0.0204212,-0.0613302,0.601587,1.70847,-2.20215,119.34
3.03969,3.63771,84.6279,-0.100257,-0.0920757,0.584924,-0.0372953,-0.109445,0.839898,2.42425,-2.12962,120.049
2.4112,4.48989,84.2871,-0.115576,-0.0961104,0.664207,-0.0608643,-0.282249,1.47234,1.661,-3.22373,121.714
2.46231,4.70791,84.9063,-0.154396,-0.122075,0.788977,-0.433174,-1.8107,4.56417,2.35832,-3.05395,122.486
2.08264,6.90406,86.0858,-0.31962,-0.211124,1.24774,-9.42246,-19.3117,37.4915,1.02816,-3.1341,118.099
2.14422,7.01875,86.5363,-1.43662,-0.909294,3.32524,-10.8498,-10.0603,41.1387,1.55687,-2.85443,118.768
0.985365,8.52445,80.7175,-21.6423,-15.7744,36.7158,-7.17189,-6.13841,50.2164,0.375921,-1.96165,101.019
0.918123,8.58921,81.196,-15.0431,-16.5477,38.3381,-9.11718,-7.5515,59.6243,0.0386061,-1.46013,99.3695
-0.0537876,8.37918,64.6454,-4.69387,-9.88875,56.4335,-6.48005,-5.30317,69.3621,-1.41016,-1.33306,66.27
0.397244,8.14731,59.3683,-1.94349,-8.69335,62.8663,-6.2756,-5.28266,70.8943,-0.841721,-0.8082,65.056
-0.739623,6.79758,44.4232,0.245592,0.132859,65.5257,-2.17522,-0.651033,91.8792,-4.32382,-4.47687,16.51
-0.835782,6.78251,41.2371,0.221345,0.0477497,67.0293,-2.02259,-0.362701,92.4169,-3.02159,-2.85357,11.7966
-2.06403,5.82495,37.3989,0.628288,4.71716,70.0407,1.62385,4.6185,105.705,-1.90957,-2.30892,5.45094
-2.4229,5.49365,36.0103,0.580238,4.48293,70.8195,2.02435,4.62118,105.817,-0.623474,-0.786066,2.38092
-2.95038,4.70796,38.0162,0.346608,3.67938,72.9789,2.68412,8.14361,108.161,-0.332479,-0.422335,1.42966
-3.28598,4.09982,37.8083,0.244558,3.29124,73.9314,2.97155,8.21175,108.22,-0.181625,-0.23226,0.980379
-3.9505,1.90098,33.5554,0.442736,0.398463,77.8702,2.35729,9.71421,107.811,-0.123339,-0.155727,0.758558
-4.30215,1.3075,31.1547,0.476106,0.118479,78.6062,2.57517,9.78486,108.288,-0.0861001,-0.106785,0.625732
-5.89196,-3.49987,18.2206,1.44078,-2.36071,85.7505,2.14188,9.38814,110.131,-0.0677438,-0.0828814,0.546853
-5.24854,-3.20193,14.5314,1.46702,-2.50576,86.7518,2.31211,9.52393,110.702,-0.0538602,-0.0645887,0.490284
-5.43091,-5.08944,11.7042,2.51201,-3.22856,94.846,1.86946,8.11272,114.52,-0.046475,-0.0549105,0.458328
-2.67766,-2.51581,6.36884,2.50539,-3.04274,95.5481,2.06723,8.37933,114.856,-0.040676,-0.0467833,0.431829
-2.27297,-2.34867,5.15653,3.2254,-2.75146,103.834,1.09666,6.11477,118.442,-0.0380058,-0.0425457,0.422933
-1.04032,-1.08976,2.77413,3.27277,-2.3419,104.032,1.36183,6.47725,118.531,-0.0361284,-0.0389208,0.415538
-0.801237,-0.851097,2.18124,3.31754,-1.12509,106.574,0.0368889,4.378,122.092,-0.0373113,-0.0367875,0.430753
-0.519974,-0.561102,1.60687,3.51829,-0.823957,106.88,0.313206,4.81567,121.937,-0.0391211,-0.0369198,0.446842
-0.434693,-0.467393,1.38585,3.34438,0.639069,104.366,-1.21189,2.91593,123.791,-0.0459255,-0.0377759,0.496231
-0.335093,-0.362274,1.1696,3.6304,0.876979,104.647,-0.958905,3.43477,123.651,-0.0546887,-0.0427467,0.552846
-0.299454,-0.319391,1.08237,3.5816,1.69162,100.074,-2.30247,1.7969,122.768,-0.077279,-0.0501315,0.679278
-0.260148,-0.276651,0.993327,3.9322,1.84129,100.456,-2.0871,2.35332,122.968,-0.115658,-0.0709687,0.859479
-0.256924,-0.270277,1.01789,4.28266,1.6734,95.179,-3.1741,1.73087,120.792,-0.234843,-0.115091,1.30084
-0.280082,-0.292285,1.08458,4.66653,1.72924,95.7778,-2.99122,2.2841,121.368,-0.697118,-0.334413,2.47279
-0.403671,-0.4222,1.46127,5.44782,1.12105,89.7875,-3.4,2.65817,114.761,-6.25928,-3.28318,12.204
-0.966403,-0.989354,2.66067,5.83417,1.09147,90.7075,-3.01563,2.94676,115.64,-12.6092,-12.3232,30.6957
-9.48868,-9.45406,18.5079,6.61128,0.868617,82.0327,-3.08976,3.19202,96.956,-3.98041,-9.466,34.4255
-19.0731,-17.6193,36.6586,6.69664,1.0405,82.6799,-2.6674,3.28339,96.7666,-2.73408,-10.8138,45.4179
-14.5086,-9.23505,52.61,5.84013,-0.638676,63.4493,-4.41226,0.567664,56.9722,-0.981674,-11.4847,66.2158
-10.7991,-3.03535,62.6831,5.71629,0.388905,59.8032,-4.06868,1.31846,57.384,-1.2791,-11.771,69.9
-2.25519,1.99622,61.4376,4.98253,-2.47738,41.9588,-4.47938,-3.09709,12.0221,-0.811494,-12.2829,109.871
-2.07709,2.06951,61.9172,5.25247,-2.30126,39.7003,-2.18985,-1.30315,6.83836,-0.58168,-11.8987,110.288
1.42195,3.35735,71.2433,4.57362,-3.40953,35.7697,-1.01601,-0.803775,2.83575,1.62015,-8.78013,126.238
1.35125,3.21492,71.784,4.3587,-3.57207,34.5945,-0.359505,-0.279044,1.39471,1.6635,-8.0853,125.922
2.78673,4.51011,79.7485,2.78181,-3.31723,32.09,-0.194265,-0.15277,0.863443,3.41272,-4.3336,122.588
2.64851,4.46197,79.9424,2.30632,-3.48712,31.2362,-0.105266,-0.0810654,0.615021,3.39301,-3.85892,122.613
2.78464,5.80777,85.91,0.500912,-3.67994,27.9093,-0.0701835,-0.0535091,0.478364,3.94393,-1.90568,116.466
2.7613,5.84936,85.9137,-0.00246107,-3.85278,26.3094,-0.0463592,-0.0349887,0.395717,4.04932,-1.63145,116.829
2.47009,6.74711,90.8079,-1.72498,-4.64628,22.2723,-0.0333879,-0.0252058,0.342599,4.24094,-0.961502,116.906
2.56826,6.83767,90.7011,-2.17785,-4.77566,19.9176,-0.0242269,-0.0184507,0.306149,4.52555,-0.742955,117.193
2.26045,7.17452,95.6618,-3.93351,-5.66495,15.094,-0.0184464,-0.0145368,0.282723,4.80498,-0.11445,120.978
2.54853,7.29031,95.2042,-3.45422,-4.96451,12.5373,-0.0144277,-0.0117987,0.26521,5.2463,0.209635,120.787
2.67448,6.88389,99.8582,-3.9497,-4.93136,10.2225,-0.0118163,-0.0105891,0.256377,5.29171,1.3917,125.369
2.78143,6.96259,100.127,-2.13958,-2.64191,5.98452,-0.010202,-0.009691,0.249088,5.6054,1.78371,124.657
3.45631,5.89238,103.264,-1.61977,-1.85336,4.14596,-0.00914305,-0.010003,0.249405,3.67858,2.57455,124.124
3.69038,6.01105,103.067,-0.767688,-0.863341,2.30199,-0.00869857,-0.0102019,0.250233,4.03574,2.95694,123.63
4.4867,5.05365,101.216,-0.494216,-0.541724,1.56789,-0.00824483,-0.0118074,0.261496,2.31367,2.41325,123.263
4.70179,5.2577,100.856,-0.283561,-0.306159,1.08254,-0.00868551,-0.0129425,0.272025,2.79022,2.73914,122.959
5.04981,4.41148,94.2457,-0.196848,-0.211476,0.847465,-0.00859489,-0.0161913,0.298198,2.01576,1.40662,121.711
5.12075,4.64385,94.5406,-0.136498,-0.144292,0.688301,-0.010035,-0.0189771,0.325337,2.56073,1.61725,121.639
4.78921,4.1919,87.8764,-0.106835,-0.111689,0.604067,-0.0103059,-0.0263582,0.383498,2.34523,-0.0239651,118.682
4.77102,4.44124,88.6173,-0.0854586,-0.087112,0.538783,-0.0140449,-0.0350903,0.45513,2.9536,0.0669743,119.113
3.5752,3.97611,83.915,-0.0759787,-0.0737051,0.522253,-0.0153371,-0.0572228,0.601839,2.28594,-1.61994,118.449
3.58161,4.20119,84.815,-0.0720787,-0.0665063,0.513091,-0.0269285,-0.100994,0.840887,2.98595,-1.5803,119.238
2.97043,5.16296,84.5947,-0.0808776,-0.0660594,0.573461,-0.0278494,-0.255896,1.47487,2.17725,-2.66979,120.902
3.03902,5.37478,85.1236,-0.104514,-0.0795093,0.671129,-0.176301,-1.70299,4.63073,2.85809,-2.51281,121.792
2.54599,7.63893,86.1812,-0.196958,-0.118855,0.997119,-7.83275,-17.9411,38.7759,1.58739,-2.57151,117.385
2.59783,7.76105,86.6213,-0.676094,-0.36741,2.09822,-10.1101,-8.87229,42.3574,2.06761,-2.27156,118.006
1.05351,9.19035,81.0849,-16.3012,-9.778,27.2811,-6.37147,-5.61245,50.1918,0.676245,-1.53016,100.02
1.44112,9.08374,80.5094,-17.2724,-20.1361,50.1746,-8.55995,-7.15089,60.3022,0.510816,-0.954624,98.2895
0.0239784,9.02837,66.6335,-3.09044,-8.8918,54.8837,-6.41514,-5.06193,70.0422,-1.65207,-1.04692,65.6764
0.46852,8.77826,61.9118,-1.42941,-7.84844,59.159,-6.2462,-5.10439,71.7216,-1.04044,-0.572119,64.9808
-0.726565,7.12497,45.8275,0.195522,0.126518,64.9195,-1.86943,-0.160048,92.2609,-4.46599,-4.47616,16.1485
-0.797908,7.08999,42.3731,0.110529,-0.156256,67.218,-1.70997,0.139925,92.9456,-3.04592,-2.71643,10.9697
-2.0158,6.03821,38.0175,0.55147,4.54285,70.0337,2.08924,5.19979,106.216,-1.81015,-2.17164,5.15349
-2.3959,5.72173,36.7392,0.457291,4.21969,71.0107,2.5122,5.19601,106.12,-0.595935,-0.740279,2.30333
-2.84156,4.91736,38.6012,0.310769,3.45503,73.0271,3.08798,8.8525,107.961,-0.329419,-0.415629,1.42259
-3.19002,4.29277,38.152,0.235953,3.10912,73.8048,3.39552,8.90159,108.08,-0.182972,-0.232775,0.993979
-3.94003,1.99984,33.331,0.537856,0.250544,78.1305,2.79924,10.3283,107.958,-0.127245,-0.159649,0.779299
-4.29547,1.40394,30.9415,0.552121,-0.0425047,78.9418,2.99709,10.4332,108.418,-0.0901664,-0.111165,0.645466
-5.96311,-3.50936,18.3378,1.54573,-2.36258,86.2677,2.6298,10.0464,110.489,-0.0711746,-0.0869151,0.564289
-5.32041,-3.11157,14.9824,1.5676,-2.44068,87.1389,2.81298,10.2143,111.051,-0.0565304,-0.0677753,0.50478
-5.65481,-5.38083,12.2328,2.65506,-3.04836,95.2857,2.42123,8.79055,115.039,-0.0485473,-0.0576498,0.470856
-2.79102,-2.67899,6.6001,2.66936,-2.89183,96.0825,2.6277,9.05687,115.419,-0.0424545,-0.0493514,0.442993
-2.30985,-2.43319,5.25374,3.32117,-2.52548,104.532,1.58967,6.77083,120.08,-0.0395385,-0.0448056,0.432994
-1.0292,-1.10049,2.76734,3.37265,-2.10135,104.728,1.88258,7.17061,120.019,-0.0374067,-0.0408024,0.423494
-0.794764,-0.86371,2.18864,3.24522,-0.758918,106.942,0.525732,5.0656,123.179,-0.0380855,-0.0381104,0.436883
-0.526218,-0.581703,1.63077,3.44958,-0.453923,107.285,0.812212,5.51755,122.996,-0.0398961,-0.0379316,0.452863
-0.440643,-0.48567,1.40784,3.42741,1.0218,104.607,-0.617735,3.55254,123.934,-0.0466134,-0.0387447,0.502719
-0.3417,-0.378507,1.18943,3.72068,1.29288,104.855,-0.345495,4.08591,123.817,-0.0564059,-0.0440449,0.564304
-0.304669,-0.333043,1.0985,3.72002,2.07559,100.164,-1.66107,2.44339,122.667,-0.081291,-0.0525024,0.701185
-0.263664,-0.287507,1.00556,4.09516,2.2701,100.478,-1.41663,3.03717,122.901,-0.125488,-0.0770092,0.901054
-0.257851,-0.278971,1.02564,4.28522,2.06147,95.5135,-2.53686,2.26787,121.097,-0.268183,-0.130711,1.40736
-0.278808,-0.299785,1.08889,4.69234,2.17643,95.9865,-2.30605,2.86726,121.678,-0.915529,-0.442868,2.93261
-0.393861,-0.426765,1.45732,5.41074,1.58325,89.6007,-2.65271,3.17192,114.627,-8.86815,-5.2188,16.9275
-0.934279,-0.992337,2.63797,5.83032,1.57594,90.5212,-2.24233,3.5167,115.602,-10.9774,-12.2717,30.8689
-9.27289,-9.63792,18.5296,6.53022,0.933202,81.1094,-2.4433,3.41149,95.2048,-2.9605,-9.15727,36.9692
-18.9703,-18.277,37.6228,6.62942,1.15357,81.8748,-2.04598,3.58589,95.0625,-2.10437,-10.4138,47.2343
-12.4286,-7.76964,50.8394,5.99569,-0.876984,65.1244,-4.14798,0.42096,57.2264,-0.246179,-11.0565,66.0698
-9.24302,-2.0147,60.4684,5.78869,0.234264,60.9937,-3.77951,1.2251,57.2989,-0.443003,-11.2366,69.463
-1.05538,2.80815,60.7719,5.02117,-2.42619,42.6961,-4.6645,-3.31492,12.6389,0.434476,-11.1817,110.768
-0.894519,2.89359,61.4323,5.24506,-2.17734,39.9239,-2.37716,-1.46926,7.2327,0.705986,-10.7638,111.414
2.82298,4.35617,70.429,4.65366,-3.22053,35.93,-1.11442,-0.905565,3.03201,3.19785,-7.21852,128.154
2.75441,4.20665,71.1287,4.46669,-3.38784,34.8888,-0.390938,-0.311554,1.4748,3.32093,-6.4269,127.63
4.3086,5.53057,78.8104,2.92406,-3.12813,32.6419,-0.214341,-0.173518,0.919535,5.00751,-2.69998,123.522
4.18535,5.49053,79.2576,2.47302,-3.29445,32.01,-0.117678,-0.0937165,0.651869,5.10594,-2.16843,123.518
4.42271,6.83759,85.2702,0.735853,-3.43608,29.0416,-0.0784713,-0.0621707,0.505709,5.54558,-0.271052,117.568
4.42838,6.91028,85.4573,0.265913,-3.61576,27.7937,-0.052192,-0.0411432,0.417029,5.75502,0.0875012,117.932
4.21387,7.98304,90.41,-1.65893,-4.52517,22.66,-0.0377672,-0.0299509,0.360693,5.93487,0.889717,117.706
4.16665,8.1141,90.9591,-2.59632,-4.65161,17.5124,-0.0276998,-0.0223038,0.322684,6.25376,1.15104,118.094
3.94629,8.64221,96.2761,-3.761,-4.92553,12.1161,-0.0213504,-0.017901,0.299262,6.6609,1.82783,121.804
4.3591,8.84759,95.6617,-2.93062,-3.79595,8.98308,-0.016921,-0.0148733,0.282444,7.23285,2.27531,121.604
4.88217,8.68235,100.096,-3.26702,-3.98513,8.10075,-0.0139523,-0.0135652,0.275862,7.5701,3.64939,126.402
5.31013,8.88598,99.7074,-2.34976,-2.88635,5.9847,-0.0121715,-0.0127019,0.271209,8.1154,4.17843,125.717
