1.66326,1.07507,78.7285,1.95261,-0.805358,78.7227,-1.07434,2.25438,69.8892,-1.2851,-2.32236,70.9582
1.51648,1.08696,76.6203,1.79371,-0.853611,76.6474,-0.780838,2.02126,66.077,-1.00972,-2.11063,67.1892
4.88581,0.0153903,74.2867,5.12945,0.229738,74.4058,3.23918,0.307751,61.2284,2.98098,-0.331202,62.4338
0.969983,1.4396,83.7459,1.22573,-1.28213,83.9071,-0.36957,2.01891,68.4801,-0.633109,-2.15835,69.7825
0.752102,1.54833,84.8475,0.997081,-1.41637,85.0518,-0.112117,1.90855,67.5495,-0.390642,-2.06889,68.9298
0.723416,1.47444,81.6995,0.957221,-1.35501,81.9068,0.310317,1.52143,62.9764,0.0194678,-1.70316,64.3951
-4.54307,3.29435,98.3753,-4.29408,-3.27302,98.6311,-4.51035,3.64835,77.0223,-4.80274,-3.93257,78.5729
0.198505,1.87356,88.0376,0.424549,-1.78736,88.3124,0.667829,1.56232,64.8749,0.350079,-1.79354,66.5091
0.0524182,1.90711,84.6519,0.278222,-1.82558,84.8866,0.894031,1.41186,60.114,0.562682,-1.67563,61.8108
0.528471,1.72231,86.8555,0.753901,-1.62692,87.0974,1.76831,0.748031,60.116,1.41894,-1.04486,61.941
0.666902,1.73506,84.6371,0.905181,-1.62566,84.7951,2.22391,0.481874,56.2196,1.87777,-0.810193,58.106
0.304114,2.03918,81.4978,0.563841,-1.91031,81.514,1.65308,0.943532,53.6955,1.34227,-1.27326,55.5072
1.1596,1.39414,69.7764,1.44424,-1.21637,69.552,1.75392,0.278076,44.8793,1.40591,-0.668723,46.7835
-7.10278,4.94677,82.9481,-6.70599,-4.8262,82.2701,-7.47648,5.46671,67.4297,-7.68333,-5.72559,69.3721
-0.0186479,-0.00831331,0.104516,-0.0186023,0.00781859,0.10425,-0.016938,-0.0110031,0.0962012,-0.0167284,0.010334,0.0957677
0.0011551,0.00714196,0.153889,0.0012639,-0.00764206,0.154023,0.00509772,0.00981852,0.146001,0.00443536,-0.00933647,0.144068
-0.000952099,0.000738026,0.0938344,-0.000963774,-0.000841724,0.0936641,-0.000788368,0.000591184,0.081262,-0.000782442,-0.000733412,0.0812832
-7.25348e-05,0.00021245,0.0781603,-6.81315e-05,-0.000284556,0.0780271,-0.000108278,0.000197786,0.0677503,-9.48997e-05,-0.000324222,0.0677181
0.000649659,0.000127682,0.0666809,0.000662773,-0.000165457,0.0665758,0.000306906,9.56505e-05,0.0574905,0.000337494,-0.00021154,0.0575017
0.000993024,4.08342e-05,0.0590012,0.00100543,-6.2249e-05,0.0589066,0.000497061,8.69362e-06,0.050671,0.000521483,-0.000108318,0.0506695
0.00102401,7.37342e-07,0.052823,0.001034,-3.27729e-05,0.0527411,0.000461168,-3.83326e-05,0.0451188,0.000482808,-6.94239e-05,0.0451346
0.00129553,-3.83392e-05,0.0502376,0.00130884,1.91022e-06,0.050169,0.00067065,-6.36267e-05,0.0430235,0.000695447,-6.39654e-05,0.0430693
0.00115234,-7.46797e-05,0.0473928,0.00115983,3.85252e-05,0.0473208,0.000641606,-5.51243e-05,0.04073,0.000663602,-6.93716e-05,0.0407915
0.000914785,-7.5132e-05,0.0454236,0.000925066,4.3543e-05,0.0453722,0.000426837,-7.80074e-05,0.0386726,0.000441914,-3.01282e-05,0.0387364
0.000709536,-7.99771e-05,0.0437903,0.000715675,5.53171e-05,0.0437302,0.000403936,-4.6471e-05,0.0375546,0.0004164,-5.06414e-05,0.0376292
0.000540729,-8.319e-05,0.042692,0.000545469,5.66349e-05,0.042629,0.00035562,-3.88136e-05,0.0366944,0.000364825,-5.47762e-05,0.0367723
0.000463797,-7.48344e-05,0.042058,0.000467247,5.23809e-05,0.0419902,0.000331408,-4.1475e-05,0.0361474,0.000338451,-4.82212e-05,0.0362276
0.000381136,-5.0808e-05,0.0420187,0.000383785,2.86066e-05,0.0419435,0.000223246,-5.02916e-05,0.0357438,0.000228441,-3.77378e-05,0.0358252
0.000333893,-5.09564e-05,0.0421015,0.000335734,2.72904e-05,0.042019,0.000213845,-4.9517e-05,0.0358125,0.000217946,-3.76848e-05,0.0358949
0.000302186,-6.70796e-05,0.0424711,0.000303324,3.88025e-05,0.0423807,0.00024993,-4.33056e-05,0.036259,0.000253292,-4.49308e-05,0.036342
0.000277534,-8.29327e-05,0.043299,0.000278128,5.34005e-05,0.0431993,0.00028937,-3.79814e-05,0.0370159,0.000292173,-5.20952e-05,0.0370993
0.000272939,-5.34883e-05,0.0450367,0.000273736,2.33084e-05,0.0449215,0.000188527,-5.72456e-05,0.0378537,0.00019045,-3.81844e-05,0.0379377
0.000262457,-5.79425e-05,0.0471129,0.000262888,2.28517e-05,0.0469774,0.000184821,-6.183e-05,0.0393257,0.000186303,-4.05189e-05,0.0394106
0.00026723,-9.6571e-05,0.049636,0.000267074,5.31777e-05,0.0494796,0.000292294,-5.12306e-05,0.0414849,0.000294063,-5.99551e-05,0.0415739
0.000282713,-0.000103066,0.0536047,0.000282602,5.658e-05,0.0534144,0.000287123,-6.10564e-05,0.044079,0.000288395,-6.29082e-05,0.0441712
0.000357918,-8.38171e-05,0.0592162,0.000357573,2.87397e-05,0.0589709,0.000239232,-8.83045e-05,0.0474782,0.000240294,-5.44034e-05,0.0475772
0.000439684,-0.000142971,0.0664557,0.000438257,6.91601e-05,0.0661327,0.000397477,-9.20823e-05,0.0525206,0.000398942,-8.03744e-05,0.0526288
0.000507917,-0.000217711,0.0775862,0.000505645,0.000114957,0.0771281,0.00049875,-0.000103494,0.0593578,0.000500082,-0.000114516,0.0594795
0.000888802,-0.00024847,0.101292,0.000883065,7.70824e-05,0.100476,0.000478633,-0.000186107,0.0714567,0.000479827,-0.000134315,0.071612
0.00142036,-0.000532545,0.128021,0.00140168,0.00025343,0.126664,0.00100054,-0.000215649,0.0850901,0.001004,-0.000226833,0.0852769
0.00307761,-0.0015179,0.202534,0.00300098,0.000799865,0.199022,0.0017658,-0.000343561,0.113299,0.00177217,-0.000435494,0.11357
0.0229152,-0.00948913,0.567959,0.0211476,0.00383557,0.540146,0.00356119,-0.000848098,0.175619,0.00357749,-0.00102459,0.17611
-12.139,6.03847,48.9349,-11.151,-5.94343,45.9031,0.0335854,0.000727965,0.44353,0.034235,-0.0118956,0.447565
-33.0375,27.2162,160.775,-31.6068,-26.911,156.554,-9.88567,14.1242,78.8056,-10.1418,-15.4895,81.1434
-30.071,37.4356,199.103,-28.779,-37.3191,196.116,-37.7222,47.5916,270.077,-37.3296,-48.3576,271.745
-23.5604,10.4342,65.9376,-23.0199,-10.7062,64.7272,-30.7935,22.5527,130.131,-30.6342,-23.0968,130.932
-13.2337,6.47049,34.2469,-12.8774,-6.62084,33.4879,-16.1301,12.0374,60.7371,-16.0666,-12.3481,61.2126
-8.20864,4.53642,20.2007,-7.94887,-4.67078,19.7049,-5.07242,6.18162,27.1549,-5.1154,-6.09313,27.2197
-0.475829,0.522448,2.58892,-0.444887,-0.527534,2.519,1.98878,0.407147,3.83671,2.02877,-0.369961,3.88785
-0.430396,-0.653744,73.4137,-0.172016,0.696568,73.4181,-6.21618,2.44965,70.1115,-6.50714,-2.60655,71.1071
1.67014,-0.806251,69.7225,1.8714,0.865551,69.8116,-3.85051,1.80138,65.3497,-3.96049,-1.95491,66.117
2.14908,-0.709359,74.6212,2.35678,0.758175,74.7417,-2.61508,1.39967,67.5523,-2.7808,-1.61026,68.5172
2.36273,-0.3956,76.7581,2.56596,0.414497,76.9217,-1.7825,1.42935,67.3552,-1.94081,-1.68099,68.3977
2.74133,-0.27216,77.7367,2.93751,0.276182,77.9331,-0.837922,1.18926,66.3171,-0.988669,-1.46653,67.4203
3.26039,-0.337487,74.4624,3.45021,0.338249,74.652,0.183117,0.696462,61.6655,0.0394942,-0.996598,62.7892
3.80777,-0.302895,78.8548,3.99588,0.290687,79.0926,1.21739,0.351899,63.5218,1.07888,-0.689788,64.749
3.71033,0.106257,80.884,3.90382,-0.132387,81.1242,1.49777,0.616554,63.8165,1.36653,-0.978989,65.1136
3.9302,0.155278,77.592,4.12962,-0.185912,77.7826,2.01835,0.452659,59.2843,1.89182,-0.845936,60.6152
4.7941,0.0019711,80.0266,4.99986,-0.0247321,80.2155,3.17969,-0.207369,59.6232,3.05558,-0.230108,61.0517
5.15849,-0.00925308,78.1454,5.38072,-0.010235,78.2402,3.73034,-0.453686,56.3231,3.60151,-0.0420642,57.8455
4.95794,0.3968,75.8622,5.20284,-0.411644,75.795,3.68367,-0.159162,53.11,3.53939,-0.394476,54.753
5.75463,-0.291665,64.4745,6.01145,0.302381,64.1508,4.64727,-1.45312,41.1439,4.46976,0.793112,42.8939
6.06793,-1.00073,48.1518,6.33295,0.97711,47.4302,4.59613,-2.32576,26.1644,4.46316,1.61037,27.3922
-0.0263217,-0.01057,0.137089,-0.0264965,0.0100108,0.137532,-0.0222097,-0.0142642,0.123432,-0.0220067,0.0120818,0.122905
-0.00360863,-4.89504e-05,0.072513,-0.00362679,-7.83649e-06,0.0728164,-0.00240698,-0.000371961,0.0668836,-0.00246268,0.000338245,0.0668232
-0.00114474,0.000444566,0.0546215,-0.00115641,-0.000419902,0.0548607,-0.00075604,0.000349319,0.0505505,-0.00077557,-0.00018457,0.0504858
-0.000369389,0.000398596,0.0459586,-0.000372838,-0.000354606,0.0461634,-0.000254998,0.000360565,0.0424466,-0.000261458,-0.000156484,0.0424423
6.37586e-05,0.000352712,0.0411443,6.90909e-05,-0.000300693,0.0413348,6.85113e-06,0.000334993,0.0379436,1.34289e-05,-0.000125729,0.0380332
0.000330271,0.000301072,0.0382034,0.000340222,-0.000247404,0.038383,0.000167562,0.000291347,0.035224,0.000180416,-8.50202e-05,0.0354066
0.000470123,0.000256406,0.0363811,0.000480533,-0.000210777,0.0365475,0.000219054,0.000238045,0.0333977,0.000234842,-5.40264e-05,0.0336652
0.000644962,0.000207307,0.0352841,0.000657683,-0.000171891,0.0354416,0.000310161,0.000183331,0.0322671,0.000329894,-2.85533e-05,0.0326141
0.000726321,0.000148626,0.0345801,0.000736329,-0.000123768,0.0347211,0.000377913,0.000152871,0.0316754,0.000401009,-2.58652e-05,0.0320991
0.000672041,0.000104575,0.0341795,0.00068163,-8.64911e-05,0.0343144,0.000315181,0.000106366,0.0311916,0.000335354,-6.43553e-06,0.0316745
0.000574157,6.76709e-05,0.0339573,0.00058223,-4.79389e-05,0.0340901,0.000267559,8.42454e-05,0.0309076,0.000284498,-3.30787e-06,0.0314403
0.000461868,3.12425e-05,0.0338628,0.000468377,-1.10748e-05,0.0339975,0.000231763,6.9192e-05,0.0308406,0.000245243,-5.04453e-06,0.0314168
0.000377912,-1.00149e-06,0.03389,0.000383223,2.22507e-05,0.0340299,0.000222103,5.51924e-05,0.0310098,0.00023319,-6.39824e-06,0.0316262
0.000297673,-1.22413e-05,0.034213,0.000302097,3.55839e-05,0.0343623,0.000161784,3.36965e-05,0.0312936,0.000168715,-3.2825e-06,0.0319445
0.000237816,-2.10959e-05,0.0348533,0.000241543,4.70817e-05,0.0350156,0.000110502,1.35619e-05,0.0317185,0.000113892,-4.30419e-08,0.0324002
0.000196157,-4.02264e-05,0.0357602,0.000199132,6.69921e-05,0.035938,9.85155e-05,1.14641e-06,0.032379,0.000100323,-1.06481e-06,0.0330926
0.000162265,-7.50003e-05,0.0368534,0.000164265,0.000100002,0.0370474,0.000138998,-1.04525e-07,0.0334092,0.000141914,-1.04295e-05,0.0341621
0.000133119,-8.40241e-05,0.0384356,0.000134659,0.000109455,0.0386497,0.000100955,-1.88133e-05,0.0346715,0.000101659,-9.42769e-06,0.0354646
0.000107914,-9.64826e-05,0.0406345,0.000108881,0.000121086,0.0408729,6.04787e-05,-3.93692e-05,0.0362246,5.92226e-05,-9.96692e-06,0.0370606
8.37234e-05,-0.000137514,0.0434266,8.34233e-05,0.000158296,0.0436918,9.33772e-05,-4.79642e-05,0.0383081,9.38644e-05,-2.10427e-05,0.0391986
5.94051e-05,-0.000188273,0.0470344,5.76112e-05,0.0002049,0.0473307,0.000137971,-5.83475e-05,0.0410756,0.000140962,-3.55234e-05,0.0420357
6.08961e-05,-0.000227842,0.0521043,5.78036e-05,0.000241264,0.0524409,0.00010485,-9.58297e-05,0.0445653,0.000107054,-3.87981e-05,0.0456062
6.53088e-05,-0.000325677,0.0591517,5.93795e-05,0.000328306,0.0595387,0.000155886,-0.000135626,0.0492455,0.000161725,-5.60994e-05,0.0503896
2.59951e-05,-0.000516608,0.0692003,1.38622e-05,0.000495902,0.0696512,0.000284743,-0.000185201,0.0558224,0.000298238,-9.35853e-05,0.0571049
-2.65156e-05,-0.000815421,0.0853215,-4.94421e-05,0.000748543,0.0858677,0.000252509,-0.000314494,0.0650306,0.00026644,-0.000127671,0.0664815
-0.000117369,-0.00164698,0.113486,-0.00016928,0.00145054,0.114174,0.000429688,-0.000534085,0.0792396,0.000454035,-0.000215804,0.08091
-0.00082625,-0.0045431,0.172242,-0.000977931,0.00386515,0.173131,0.000967555,-0.00104899,0.103889,0.00101274,-0.00043018,0.105823
-0.00694425,-0.024404,0.369859,-0.00772785,0.0199352,0.370418,0.00189777,-0.0028039,0.155002,0.00194826,-0.00108414,0.156968
-4.81727,-2.14614,14.7311,-4.91877,1.206,14.9178,0.00571869,-0.0136191,0.318839,0.00552339,-0.00632403,0.316236
-30.3816,24.7365,157.175,-29.7062,-24.7399,155.432,1.40863,1.85626,19.6233,1.80865,-5.29385,17.7903
-8.56916,26.583,133.279,-7.97196,-26.2976,131.801,-31.6364,41.2887,235.455,-30.9935,-41.7522,235.387
-4.53026,1.3521,11.0401,-4.51448,-1.52343,11.0296,-0.610482,-0.0720405,1.63191,-0.645901,0.0613237,1.68782
-3.60189,1.35166,8.68339,-3.59302,-1.47718,8.69209,-0.139049,-0.0111968,0.566493,-0.145891,0.0090645,0.580938
-2.01377,0.711629,5.22031,-2.09889,-0.832383,5.41551,-0.0382432,-0.00881204,0.319994,-0.0410593,0.00914398,0.327701
-1.83984,1.41878,5.40489,-1.99181,-1.10802,5.61861,-0.0362507,-0.000650277,0.220187,-0.0369189,-0.00251039,0.223646
-0.574769,0.0286708,75.399,-0.301522,0.173337,75.3503,-5.9818,3.09605,71.4373,-6.24026,-3.03054,72.3721
1.58269,-0.220068,71.4439,1.80405,0.417306,71.4781,-3.62124,2.34307,66.5166,-3.69863,-2.31812,67.2282
2.12017,-0.218636,76.0862,2.3492,0.390502,76.1547,-2.37917,1.83644,68.5303,-2.51364,-1.89777,69.4456
2.39291,0.00691698,77.9765,2.61614,0.125783,78.0931,-1.53999,1.77031,68.1421,-1.67011,-1.89057,69.1408
2.83189,0.0502614,78.7169,3.04676,0.0617797,78.8706,-0.583104,1.43983,66.9086,-0.708398,-1.59899,67.9726
3.4111,-0.0882615,75.2037,3.61813,0.193365,75.3537,0.456075,0.860784,62.0487,0.335356,-1.05302,63.1365
3.99548,-0.113862,79.4011,4.19917,0.205695,79.6038,1.48729,0.44961,63.7142,1.36862,-0.684367,64.91
4.00386,0.224527,81.1609,4.2119,-0.144561,81.3688,1.834,0.61862,63.7477,1.72151,-0.884525,65.0173
4.30512,0.207658,77.5912,4.51817,-0.130791,77.7501,2.39984,0.368646,58.9413,2.29062,-0.671666,60.2473
5.26081,-0.0067577,79.732,5.47988,0.0962869,79.8898,3.61718,-0.377481,58.9684,3.50949,0.0259817,60.3752
5.69357,-0.0773702,77.5555,5.92876,0.17266,77.6169,4.19958,-0.699934,55.3571,4.0861,0.284289,56.8609
5.64502,0.218324,74.7147,5.90365,-0.11315,74.6043,4.26972,-0.56135,51.5485,4.13839,0.0735581,53.1859
6.57324,-0.624913,62.49,6.84522,0.755377,62.1005,5.30049,-2.0163,38.9265,5.1511,1.41869,40.6195
6.46783,-1.14325,47.0154,6.71088,1.18553,46.3599,3.29696,-0.74854,30.6558,3.43018,0.450556,30.9006
-0.0279468,-0.0107249,0.139321,-0.0281406,0.00999688,0.139769,-0.022892,-0.0144127,0.124343,-0.0226502,0.0120484,0.123669
-0.00388237,-2.33476e-05,0.0730773,-0.00390329,-9.01783e-05,0.0734057,-0.0025181,-0.000366517,0.0670604,-0.00257423,0.000244212,0.0669636
-0.00125411,0.000449095,0.0548751,-0.00126808,-0.000455536,0.0551316,-0.000809214,0.000331887,0.0506051,-0.000829342,-0.000184268,0.0505157
-0.000427621,0.000393238,0.0460579,-0.000432868,-0.000372322,0.0462748,-0.000289128,0.000337885,0.0424354,-0.000295976,-0.000139958,0.0424111
2.7793e-05,0.000343661,0.0411398,3.16957e-05,-0.000310929,0.0413394,-1.90998e-05,0.000312278,0.0378799,-1.28768e-05,-0.000108919,0.037952
0.000304281,0.000290707,0.0381188,0.000312932,-0.000254013,0.0383057,0.000144864,0.000270087,0.035111,0.000157187,-7.11694e-05,0.0352772
0.000449297,0.000245314,0.0362294,0.00045841,-0.000215001,0.0364023,0.00019746,0.000218562,0.0332378,0.000212555,-4.31721e-05,0.0334889
0.000625671,0.000195822,0.0350725,0.000637068,-0.000174573,0.0352359,0.00028846,0.00016527,0.0320602,0.000307292,-1.97595e-05,0.0323899
0.000707145,0.000136772,0.0343164,0.000715745,-0.000125218,0.0344632,0.000355328,0.0001353,0.0314198,0.000377296,-1.77269e-05,0.0318243
0.000654339,9.17726e-05,0.0338693,0.00066237,-8.62531e-05,0.03401,0.000292578,8.96492e-05,0.0308924,0.000311571,7.28119e-07,0.0313543
0.000558053,5.37344e-05,0.0336064,0.000564375,-4.61833e-05,0.0337449,0.000245191,6.74597e-05,0.0305674,0.000260947,3.86715e-06,0.0310771
0.000447502,1.61544e-05,0.0334763,0.000452061,-7.90347e-06,0.0336166,0.000209663,5.17606e-05,0.0304605,0.00022201,2.64871e-06,0.0310113
0.000364787,-1.71774e-05,0.0334717,0.000367946,2.66837e-05,0.0336174,0.000199762,3.65941e-05,0.0305886,0.000209756,2.23465e-06,0.0311771
0.000286468,-3.02608e-05,0.0337603,0.000288471,4.19098e-05,0.0339156,0.000140481,1.39878e-05,0.0308335,0.000146528,6.22542e-06,0.0314538
0.000228039,-4.12656e-05,0.034361,0.000229014,5.53899e-05,0.03453,9.04478e-05,-7.62788e-06,0.0312204,9.32102e-05,1.05776e-05,0.031869
0.000186981,-6.25285e-05,0.0352231,0.000186831,7.70951e-05,0.0354084,7.90815e-05,-2.23613e-05,0.0318403,8.04832e-05,1.12164e-05,0.0325179
0.000153024,-9.90898e-05,0.0362682,0.000151492,0.000111468,0.0364712,0.000118841,-2.73157e-05,0.0328207,0.00012147,4.54203e-06,0.0335342
0.000124308,-0.000111725,0.0377861,0.00012168,0.000123852,0.0380116,8.26041e-05,-4.92988e-05,0.0340298,8.34629e-05,7.8025e-06,0.0347798
9.8651e-05,-0.000128911,0.0398969,9.45619e-05,0.000139199,0.0401504,4.43322e-05,-7.37495e-05,0.0355247,4.3754e-05,1.00792e-05,0.0363136
7.2442e-05,-0.000174962,0.0425734,6.59978e-05,0.000180094,0.0428592,7.77558e-05,-8.84138e-05,0.0375345,7.93437e-05,3.44512e-06,0.038373
4.42175e-05,-0.00023258,0.0460217,3.47741e-05,0.000231732,0.0463469,0.000122834,-0.000106678,0.0402048,0.000127479,-5.28503e-06,0.0411069
3.75199e-05,-0.000284425,0.050843,2.43971e-05,0.000277684,0.0512221,9.35893e-05,-0.000152209,0.0435749,9.85578e-05,-2.72058e-06,0.0445508
2.42527e-05,-0.000398941,0.0574944,4.82226e-06,0.000377809,0.0579467,0.000146197,-0.00020378,0.0480904,0.000156015,-1.10082e-05,0.0491606
-4.92469e-05,-0.000613734,0.0668713,-8.03042e-05,0.000564733,0.0674283,0.000273827,-0.00027083,0.0544165,0.000292928,-3.46301e-05,0.0556131
-0.000179008,-0.000959439,0.0816464,-0.000231187,0.000858986,0.0823832,0.000246275,-0.000419606,0.0632457,0.000269382,-5.23107e-05,0.0645952
-0.000479608,-0.00185422,0.106667,-0.000580979,0.00162653,0.10775,0.000412768,-0.000669988,0.0767759,0.000451702,-0.000111183,0.0783232
-0.00180255,-0.00466486,0.155752,-0.00205699,0.00404324,0.157689,0.00088725,-0.00122965,0.0999386,0.000957777,-0.000267908,0.10172
-0.00989966,-0.0194649,0.295043,-0.0110668,0.0168096,0.300722,0.00155096,-0.00298839,0.146716,0.00166164,-0.000775868,0.148522
-1.01465,-1.20431,3.19423,-1.25271,1.11393,3.50703,0.00214493,-0.012907,0.285274,0.00228563,-0.00427967,0.283427
-31.4992,19.3501,154.109,-31.5752,-20.6231,154.646,2.50345,-0.363663,7.21702,2.4007,-2.30898,6.9513
-12.7198,27.1122,148.134,-11.7093,-26.2903,144.626,-31.7772,42.9248,255.892,-29.9715,-43.617,250.863
-4.81845,1.63614,12.7889,-4.81988,-1.64823,12.755,-0.935947,0.0959546,2.13826,-1.10646,-0.133791,2.38843
-4.18211,1.95997,11.3101,-4.17708,-1.8942,11.3105,-0.17659,0.0329162,0.659144,-0.192577,-0.0354569,0.689315
-4.94437,2.49476,11.7186,-5.01456,-2.42707,11.9767,-0.0499034,0.0155006,0.386689,-0.0539686,-0.0142664,0.396758
-4.27614,2.11318,8.88738,-4.49615,-2.0021,9.25013,0.00203996,0.00879672,0.332449,0.00154857,-0.00765459,0.339532
-0.646153,0.139831,75.7471,-0.364789,0.0892889,75.6772,-5.99645,3.21703,71.6802,-6.24439,-3.11364,72.5931
1.52344,-0.120593,71.7585,1.75224,0.341309,71.7736,-3.63655,2.45193,66.7467,-3.70461,-2.39504,67.4389
2.0732,-0.130816,76.3681,2.30882,0.323472,76.4195,-2.39469,1.93329,68.7455,-2.52125,-1.9671,69.6438
2.35729,0.0843621,78.2295,2.58624,0.0672927,78.3308,-1.55589,1.85607,68.3428,-1.67941,-1.952,69.3264
2.80629,0.118687,78.9444,3.02605,0.0111317,79.0841,-0.599262,1.51556,67.0949,-0.719173,-1.65262,68.1454
3.39438,-0.0279761,75.4068,3.60552,0.149908,75.5441,0.440061,0.927146,62.2196,0.323646,-1.09912,63.2953
3.98735,-0.0603631,79.5836,4.19442,0.16892,79.7745,1.47187,0.507612,63.8696,1.35655,-0.722952,65.0544
4.00535,0.271009,81.3224,4.21607,-0.174328,81.5193,1.82041,0.668035,63.8857,1.71043,-0.915254,65.145
4.31618,0.246698,77.7272,4.53127,-0.1535,77.8756,2.38891,0.409224,59.0582,2.28147,-0.694659,60.3547
5.28271,0.0261666,79.8428,5.50317,0.0800642,79.9902,3.60963,-0.34509,59.0618,3.50308,0.0108792,60.4594
5.72998,-0.0537077,77.6268,5.96583,0.165614,77.6776,4.19616,-0.676695,55.4224,4.08361,0.277862,56.9162
5.70329,0.227769,74.7232,5.96189,-0.106055,74.6007,4.27499,-0.551901,51.5742,4.14478,0.0807185,53.1974
6.67271,-0.64337,62.3435,6.94655,0.79066,61.9259,5.43497,-2.14855,38.5093,5.25608,1.52374,40.29
6.57646,-1.12423,46.9399,6.82007,1.17114,46.2342,4.17705,-1.75065,27.6802,4.03631,1.0615,28.9439
-0.028274,-0.0107223,0.139721,-0.0284519,0.00996663,0.140148,-0.0228977,-0.0144317,0.124398,-0.0226668,0.012064,0.12375
-0.00393411,-1.43213e-05,0.0731227,-0.00395031,-0.000106155,0.0734468,-0.00250689,-0.000375174,0.0670855,-0.00256487,0.000249702,0.0670002
-0.0012707,0.000454132,0.0548279,-0.00128157,-0.000464704,0.055082,-0.000799609,0.000326332,0.0506222,-0.00082056,-0.000181206,0.0505416
-0.000433534,0.000397382,0.0459525,-0.000436266,-0.000379712,0.0461676,-0.000280702,0.000333968,0.0424477,-0.000287965,-0.000138046,0.0424311
2.52833e-05,0.000347857,0.0409864,3.14185e-05,-0.000318059,0.0411843,-1.12337e-05,0.000309332,0.0378889,-5.14529e-06,-0.000107579,0.0379683
0.000301872,0.000295528,0.0379214,0.000312618,-0.000261702,0.0381064,0.000152356,0.000267802,0.0351174,0.000164753,-7.01551e-05,0.0352906
0.00044592,0.000251035,0.0359883,0.000457114,-0.000223549,0.0361589,0.000204492,0.000216772,0.0332422,0.000219799,-4.23856e-05,0.0335001
0.000619218,0.000202984,0.0347857,0.000632721,-0.000184511,0.0349463,0.000295252,0.000163846,0.0320627,0.000314426,-1.91101e-05,0.0323992
0.000697801,0.000145874,0.0339825,0.000708638,-0.000137008,0.034126,0.000361985,0.000134134,0.0314204,0.0003844,-1.71545e-05,0.0318321
0.000644298,0.000102848,0.033486,0.000654723,-9.99907e-05,0.0336223,0.000298657,8.87477e-05,0.0308916,0.000318105,1.19314e-06,0.0313607
0.000548501,6.69051e-05,0.0331716,0.000557429,-6.21619e-05,0.0333047,0.000250802,6.6758e-05,0.0305654,0.000267003,4.27132e-06,0.0310828
0.000439287,3.16816e-05,0.0329875,0.000446708,-2.63462e-05,0.033121,0.000214846,5.12213e-05,0.0304578,0.000227614,3.02222e-06,0.0310167
0.000357584,9.06638e-07,0.0329251,0.000363886,5.57373e-06,0.0330624,0.000204534,3.61981e-05,0.0305852,0.000214923,2.61209e-06,0.0311827
0.000280577,-9.63093e-06,0.0331442,0.000286121,1.80628e-05,0.0332894,0.000144593,1.37374e-05,0.0308298,0.00015095,6.61169e-06,0.0314601
0.000223086,-1.75396e-05,0.0336596,0.000228106,2.82039e-05,0.0338161,9.38181e-05,-7.73865e-06,0.0312167,9.67837e-05,1.09993e-05,0.0318767
0.00018249,-3.46997e-05,0.0344182,0.000186976,4.56489e-05,0.0345884,8.17164e-05,-2.23378e-05,0.0318366,8.32217e-05,1.17117e-05,0.0325274
0.00014882,-6.58824e-05,0.0353406,0.000152584,7.46766e-05,0.0355255,0.000120761,-2.71531e-05,0.0328168,0.000123423,5.16641e-06,0.033546
0.000120276,-7.24583e-05,0.0366965,0.000123892,8.0888e-05,0.0368998,8.32634e-05,-4.89645e-05,0.0340257,8.39564e-05,8.56788e-06,0.0347947
9.46904e-05,-8.13039e-05,0.0385876,9.8128e-05,8.7892e-05,0.0388135,4.33778e-05,-7.32192e-05,0.0355201,4.23665e-05,1.10375e-05,0.0363324
6.86856e-05,-0.000115014,0.0409714,7.13758e-05,0.000116863,0.0412225,7.49266e-05,-8.7644e-05,0.0375285,7.58487e-05,4.69241e-06,0.0383965
4.09661e-05,-0.000155343,0.0440159,4.28181e-05,0.00015198,0.0442963,0.000117326,-0.000105602,0.0401963,0.000120998,-3.61972e-06,0.0411365
3.27193e-05,-0.000182339,0.0482293,3.41484e-05,0.000174238,0.0485476,8.38697e-05,-0.000150756,0.0435618,8.72273e-05,-4.66739e-07,0.0445882
1.81058e-05,-0.000254366,0.0539392,1.80099e-05,0.000234992,0.0543042,0.000130311,-0.000201835,0.0480682,0.000137814,-7.81471e-06,0.0492079
-4.84972e-05,-0.000392104,0.0617786,-5.25322e-05,0.000352145,0.0622011,0.000247847,-0.000268251,0.0543767,0.000263775,-2.98035e-05,0.0556734
-0.000158095,-0.000585267,0.0736746,-0.000168583,0.000510796,0.074178,0.000202377,-0.000416273,0.0631708,0.000220026,-4.4435e-05,0.0646725
-0.000383495,-0.00108121,0.0925874,-0.000411163,0.000929508,0.0931978,0.000333851,-0.000665554,0.0766217,0.000364314,-9.64075e-05,0.0784209
-0.00121244,-0.00246181,0.125673,-0.00129011,0.00210461,0.126405,0.000724771,-0.00122276,0.0995742,0.000782686,-0.000233372,0.101834
-0.00452311,-0.00744433,0.197898,-0.00477209,0.00630771,0.198607,0.00112978,-0.00296677,0.145631,0.00121596,-0.000661394,0.148587
-0.0374701,-0.0501464,0.470012,-0.0385048,0.0413904,0.466312,0.000200184,-0.0126877,0.279565,0.000238649,-0.00341323,0.282522
-18.3576,13.1074,101.256,-17.6707,-13.2904,98.6127,1.45682,-0.841113,5.05125,1.47025,-1.34748,5.26508
-26.3316,34.8809,197.922,-25.6967,-34.7914,196.828,-29.919,41.9499,251.297,-29.0036,-43.6573,249.641
-4.68216,1.43787,11.6986,-4.6755,-1.52196,11.6714,-1.20948,0.131244,2.5444,-1.25331,-0.174504,2.6055
-4.1561,1.71057,10.5078,-4.15543,-1.74083,10.5012,-0.205874,0.039343,0.718359,-0.208448,-0.0417435,0.722462
-5.18641,2.26792,12.3963,-5.18714,-2.32647,12.5187,-0.0561812,0.0177741,0.411779,-0.0574242,-0.0162144,0.412252
-5.7744,2.43256,11.3711,-5.85487,-2.44557,11.6069,0.00403149,0.00983974,0.355052,0.0036147,-0.00824109,0.354799
-0.667862,0.150489,75.7993,-0.387149,0.0740954,75.7335,-6.00154,3.22504,71.6973,-6.2512,-3.13135,72.6169
1.50702,-0.113226,71.7989,1.73509,0.329584,71.818,-3.6393,2.45641,66.7566,-3.70897,-2.4084,67.455
2.06175,-0.126635,76.3972,2.29669,0.3151,76.4525,-2.39524,1.934,68.7474,-2.52325,-1.97615,69.6515
2.35036,0.0855606,78.2479,2.57874,0.0620413,78.3529,-1.55436,1.85295,68.3358,-1.67917,-1.95692,69.325
2.80348,0.117046,78.9522,3.02281,0.00882499,79.0957,-0.595702,1.5086,67.0782,-0.716714,-1.65362,68.1341
3.39535,-0.0323933,75.4038,3.60624,0.150497,75.5448,0.445689,0.916364,62.1922,0.328347,-1.09628,63.2731
3.99204,-0.0674968,79.5696,4.1991,0.172253,79.7641,1.47966,0.492731,63.8298,1.36362,-0.716315,65.0199
4.01388,0.261001,81.2962,4.22485,-0.168055,81.4966,1.8304,0.648906,63.8317,1.71991,-0.904714,65.0965
4.3285,0.23355,77.6863,4.54405,-0.143919,77.8383,2.40114,0.385787,58.988,2.29337,-0.680013,60.2901
5.29924,0.00954358,79.7846,5.52049,0.0931654,79.9356,3.62434,-0.373595,58.9719,3.5177,0.0299938,60.3754
5.75114,-0.0746725,77.5459,5.98809,0.183264,77.6002,4.21353,-0.711015,55.308,4.10085,0.302116,56.8089
5.72996,0.201106,74.6115,5.99004,-0.0822744,74.4919,4.29836,-0.59641,51.4165,4.16652,0.112688,53.0538
6.70527,-0.68017,62.1751,6.98066,0.826598,61.7616,5.44122,-2.18208,38.3688,5.27392,1.56247,40.1191
6.60161,-1.1915,46.6452,6.8394,1.2365,45.9884,3.71435,-1.2444,29.1224,3.77961,0.842391,29.6146
-0.0283217,-0.0107405,0.139801,-0.0285098,0.00998398,0.140236,-0.0229,-0.0144287,0.124418,-0.022655,0.0120644,0.123743
-0.00394258,-2.15896e-05,0.0731508,-0.00396189,-0.000100032,0.0734749,-0.00250569,-0.000374756,0.0670992,-0.00256177,0.000249539,0.0670031
-0.0012749,0.000448367,0.0548481,-0.00128783,-0.000459768,0.0551005,-0.000798421,0.000326051,0.0506352,-0.000818804,-0.000181393,0.050547
-0.000436494,0.000392179,0.0459693,-0.000440936,-0.000375193,0.0461818,-0.000279655,0.000333525,0.0424608,-0.000286775,-0.000138251,0.0424381
2.27878e-05,0.000342814,0.0410016,2.72987e-05,-0.00031363,0.0411961,-1.02601e-05,0.000308875,0.0379027,-4.22386e-06,-0.000107811,0.0379765
0.000299474,0.000290421,0.037936,0.000308559,-0.000257178,0.0381168,0.000153319,0.000267361,0.035132,0.000165547,-7.0401e-05,0.0353
0.000443385,0.000245688,0.0360031,0.000452819,-0.000218772,0.0361687,0.000205419,0.000216349,0.0332575,0.000220487,-4.26261e-05,0.0335103
0.000616492,0.000197248,0.0348014,0.000628063,-0.000179354,0.0349562,0.000296213,0.000163428,0.0320789,0.000315075,-1.9359e-05,0.0324103
0.000694772,0.000139671,0.0339997,0.000703506,-0.000131398,0.0341366,0.000362986,0.00013373,0.0314376,0.000385024,-1.74246e-05,0.0318439
0.000640787,9.60811e-05,0.0335054,0.000648959,-9.3809e-05,0.0336344,0.000299558,8.83502e-05,0.0309095,0.000318603,9.49664e-07,0.0313731
0.000544433,5.95246e-05,0.0331937,0.000550977,-5.53442e-05,0.0333187,0.000251607,6.6388e-05,0.030584,0.000267383,4.03732e-06,0.0310956
0.000434609,2.36252e-05,0.0330129,0.000439525,-1.88221e-05,0.0331375,0.000215568,5.08859e-05,0.030477,0.000227885,2.79089e-06,0.03103
0.000352292,-7.90596e-06,0.0329544,0.000355949,1.38878e-05,0.0330818,0.000205209,3.58982e-05,0.0306052,0.000215113,2.38067e-06,0.0311964
0.000274478,-1.94812e-05,0.0331783,0.000277164,2.74623e-05,0.0333125,0.000145155,1.34754e-05,0.0308505,0.000151017,6.40192e-06,0.0314742
0.000216038,-2.87164e-05,0.0336998,0.000217916,3.8983e-05,0.0338441,9.42811e-05,-7.95515e-06,0.0312381,9.67402e-05,1.08137e-05,0.031891
0.000174408,-4.74782e-05,0.0344661,0.000175412,5.80786e-05,0.0346225,8.21399e-05,-2.24969e-05,0.0318588,8.31101e-05,1.15406e-05,0.0325421
0.000139678,-8.04996e-05,0.0353978,0.000139599,8.89817e-05,0.0355671,0.000121231,-2.72394e-05,0.0328402,0.000123297,4.9956e-06,0.0335612
0.000109605,-8.97156e-05,0.0367663,0.000108821,9.7904e-05,0.0369517,8.36843e-05,-4.89728e-05,0.0340503,8.37594e-05,8.43831e-06,0.0348105
8.20441e-05,-0.000102166,0.0386747,8.03362e-05,0.000108591,0.0388799,4.37624e-05,-7.31331e-05,0.0355461,4.21138e-05,1.09651e-05,0.0363487
5.38008e-05,-0.000140487,0.0410823,5.04748e-05,0.000142217,0.0413091,7.54074e-05,-8.7436e-05,0.0375564,7.56228e-05,4.67513e-06,0.0384136
2.32749e-05,-0.000187128,0.0441606,1.7983e-05,0.000183681,0.0444121,0.000117969,-0.000105243,0.0402265,0.000120846,-3.5435e-06,0.0411545
1.10349e-05,-0.000223822,0.0484265,3.5655e-06,0.000215697,0.0487098,8.464e-05,-0.000150225,0.0435947,8.7162e-05,-1.94804e-07,0.0446072
-8.6371e-06,-0.000310428,0.0542207,-1.99821e-05,0.000290931,0.0545431,0.000131461,-0.000201089,0.0481047,0.000138019,-7.23879e-06,0.0492279
-8.22396e-05,-0.000471458,0.0622035,-0.000100706,0.000430902,0.0625738,0.000249748,-0.000267227,0.054418,0.000264534,-2.86746e-05,0.0556944
-0.000203533,-0.000708336,0.0743778,-0.000233904,0.000632039,0.0748172,0.000205328,-0.000414933,0.0632184,0.000221742,-4.2119e-05,0.0646937
-0.000447452,-0.0012961,0.093899,-0.000503924,0.00113808,0.094436,0.000339357,-0.000663868,0.0766781,0.000368235,-9.14243e-05,0.0784398
-0.00132543,-0.00292333,0.128585,-0.00144855,0.00254211,0.129261,0.000736744,-0.00122083,0.0996441,0.000792049,-0.000220866,0.101841
-0.00493181,-0.00900434,0.206896,-0.00528226,0.00774151,0.207752,0.00116166,-0.0029653,0.145721,0.00124253,-0.000619633,0.148544
-0.0477554,-0.0706997,0.541028,-0.0498192,0.0595146,0.53945,0.000347848,-0.0126879,0.279674,0.00037071,-0.00315786,0.282106
-20.9419,13.301,110.285,-20.5852,-13.7282,108.509,1.58944,-0.79067,5.16315,1.58854,-1.35575,5.30147
-24.6921,32.8265,189.939,-24.1209,-32.5713,188.317,-29.9575,41.9194,251.215,-28.9423,-43.4338,249.026
-4.65206,1.43196,11.6647,-4.64606,-1.50277,11.6654,-1.21084,0.122173,2.5393,-1.26841,-0.171354,2.62323
-4.09512,1.71117,10.574,-4.09988,-1.73439,10.6109,-0.204151,0.0380724,0.713946,-0.208133,-0.0412771,0.721262
-5.10974,2.26471,12.7898,-5.11466,-2.32619,12.9164,-0.0553981,0.0173463,0.408987,-0.0569426,-0.0160383,0.410705
-5.85947,2.51058,11.8285,-5.87362,-2.55805,12.0034,0.00429379,0.00970391,0.352261,0.00388364,-0.00816599,0.353016
-0.678116,0.156699,75.8145,-0.395649,0.0735536,75.7439,-6.01273,3.23549,71.7134,-6.26031,-3.13361,72.6275
1.49795,-0.107308,71.8133,1.72758,0.328933,71.8279,-3.64994,2.4664,66.7732,-3.71778,-2.41084,67.4665
2.05373,-0.120954,76.4107,2.29001,0.314382,76.4619,-2.40544,1.9436,68.7645,-2.53188,-1.97868,69.6639
2.34321,0.0910741,78.2608,2.57272,0.0612885,78.362,-1.56428,1.8623,68.3536,-1.68776,-1.9595,69.3384
2.79701,0.122471,78.9648,3.01728,0.00804394,79.1046,-0.605469,1.51782,67.0969,-0.72538,-1.65622,68.1486
3.38948,-0.02704,75.4161,3.6011,0.149675,75.5536,0.436032,0.925542,62.2121,0.31959,-1.09896,63.289
3.98655,-0.0620648,79.5818,4.19413,0.17141,79.7731,1.4699,0.502074,63.8514,1.35456,-0.719042,65.0374
4.00878,0.266472,81.3084,4.22005,-0.168886,81.5057,1.82055,0.658483,63.8552,1.71057,-0.907525,65.1159
4.3239,0.238966,77.6983,4.53955,-0.144771,77.8472,2.39131,0.395628,59.014,2.28389,-0.683062,60.3118
5.29497,0.0150816,79.7966,5.51607,0.0922931,79.9445,3.61429,-0.363165,59.0012,3.50781,0.0266504,60.4003
5.74752,-0.069245,77.5572,5.98405,0.18243,77.6085,4.20318,-0.699672,55.3424,4.09069,0.298229,56.8379
5.72744,0.20611,74.6208,5.98677,-0.082897,74.4985,4.2868,-0.582973,51.4618,4.15599,0.108036,53.0893
6.70618,-0.676144,62.1799,6.98109,0.825794,61.7603,5.45482,-2.19406,38.3452,5.27462,1.56447,40.1323
6.60061,-1.16974,46.7167,6.84225,1.21645,46.0226,3.98296,-1.55496,28.2336,3.88234,0.924111,29.3428
-0.0283322,-0.0107408,0.139824,-0.0285153,0.00997996,0.14025,-0.022885,-0.0144299,0.1244,-0.0226502,0.0120623,0.123743
-0.00394369,-2.05501e-05,0.0731582,-0.00396214,-0.000101543,0.0734803,-0.00250241,-0.000375902,0.0670942,-0.00256014,0.000249517,0.0670045
-0.001275,0.000449199,0.0548518,-0.00128755,-0.000460687,0.0551031,-0.000796809,0.000325539,0.0506323,-0.000817869,-0.000181347,0.050548
-0.000436301,0.000392901,0.045971,-0.000440522,-0.000375902,0.0461828,-0.000278678,0.000333283,0.0424589,-0.000286141,-0.000138206,0.0424388
2.30915e-05,0.000343497,0.041002,2.77576e-05,-0.000314261,0.041196,-9.59726e-06,0.000308762,0.0379012,-3.74623e-06,-0.000107772,0.0379771
0.000299812,0.0002911,0.0379354,0.000309023,-0.000257789,0.0381159,0.000153795,0.000267322,0.0351309,0.000165929,-7.03709e-05,0.0353004
0.000443729,0.000246381,0.0360017,0.000453278,-0.000219391,0.0361671,0.000205767,0.000216361,0.0332566,0.000220799,-4.26093e-05,0.0335106
0.000616819,0.000197978,0.0347993,0.000628505,-0.000180006,0.034954,0.000296467,0.000163476,0.0320781,0.000315335,-1.935e-05,0.0324105
0.000695079,0.000140443,0.0339971,0.000703934,-0.000132092,0.0341339,0.000363168,0.000133805,0.0314369,0.000385243,-1.74222e-05,0.0318441
0.000641095,9.68982e-05,0.0335022,0.000649397,-9.45497e-05,0.0336312,0.000299672,8.84532e-05,0.0309089,0.000318778,9.38789e-07,0.0313733
0.000544756,6.03877e-05,0.0331901,0.00055144,-5.61352e-05,0.0333151,0.000251663,6.65139e-05,0.0305835,0.000267518,4.01703e-06,0.0310958
0.000434954,2.4538e-05,0.033009,0.000440022,-1.96659e-05,0.0331336,0.00021557,5.10332e-05,0.0304766,0.000227982,2.76311e-06,0.0310302
0.000352657,-6.93852e-06,0.0329501,0.00035648,1.2988e-05,0.0330776,0.000205158,3.60677e-05,0.0306049,0.000215172,2.34645e-06,0.0311966
0.000274871,-1.84387e-05,0.0331738,0.000277743,2.64874e-05,0.033308,0.000145049,1.3669e-05,0.0308503,0.000151032,6.35976e-06,0.0314744
0.000216462,-2.75754e-05,0.0336949,0.000218551,3.79115e-05,0.0338392,9.41167e-05,-7.73607e-06,0.031238,9.67083e-05,1.07646e-05,0.0318913
0.000174861,-4.62174e-05,0.0344608,0.000176107,5.68923e-05,0.0346173,8.19136e-05,-2.22493e-05,0.0318587,8.30269e-05,1.14859e-05,0.0325425
0.000140157,-7.9105e-05,0.0353923,0.000140354,8.76715e-05,0.0355616,0.000120933,-2.69558e-05,0.0328401,0.000123155,4.93503e-06,0.0335616
0.000110125,-8.81264e-05,0.0367603,0.000109666,9.64112e-05,0.0369458,8.3299e-05,-4.86456e-05,0.0340503,8.3541e-05,8.36969e-06,0.0348109
8.26182e-05,-0.000100311,0.0386682,8.1301e-05,0.000106851,0.0388734,4.32719e-05,-7.27528e-05,0.0355461,4.18014e-05,1.08875e-05,0.0363492
5.44294e-05,-0.000138302,0.0410752,5.15755e-05,0.000140178,0.041302,7.47811e-05,-8.69848e-05,0.0375563,7.51892e-05,4.58662e-06,0.0384142
2.39669e-05,-0.000184503,0.0441527,1.92554e-05,0.000181247,0.0444043,0.000117157,-0.000104694,0.0402262,0.000120244,-3.64687e-06,0.041155
1.18131e-05,-0.000220519,0.0484173,5.09062e-06,0.000212651,0.0487009,8.35754e-05,-0.000149547,0.0435941,8.63227e-05,-3.16462e-07,0.0446077
-7.77178e-06,-0.000306146,0.0542098,-1.81315e-05,0.00028702,0.0545326,0.000130022,-0.000200223,0.0481037,0.000136825,-7.38571e-06,0.0492282
-8.12936e-05,-0.000465696,0.0621897,-9.8418e-05,0.000425712,0.0625607,0.000247706,-0.000266067,0.054416,0.000262761,-2.88585e-05,0.0556942
-0.000202522,-0.000699872,0.0743584,-0.000230903,0.000624523,0.0747991,0.000202314,-0.000413309,0.0632145,0.000218997,-4.2349e-05,0.0646924
-0.000446648,-0.00128247,0.0938677,-0.000499925,0.00112624,0.0944069,0.000334468,-0.000661388,0.0766701,0.000363595,-9.1713e-05,0.0784357
-0.00132568,-0.00289768,0.128522,-0.001443,0.00252062,0.129203,0.000727534,-0.00121644,0.0996254,0.000782977,-0.000221184,0.101829
-0.00493547,-0.00893428,0.206702,-0.00527201,0.00768564,0.207571,0.00113982,-0.002955,0.145667,0.0012202,-0.000619519,0.148503
-0.0476231,-0.0699874,0.539283,-0.0496129,0.0589737,0.537827,0.00026269,-0.0126364,0.2794,0.000280781,-0.00314956,0.281885
-20.8919,13.337,110.066,-20.5194,-13.7555,108.288,1.57014,-0.785528,5.10422,1.56856,-1.33371,5.23783
-24.7237,32.9285,190.075,-24.1309,-32.6716,188.448,-29.9403,41.8818,250.977,-28.9236,-43.4145,248.786
-4.65083,1.42598,11.6217,-4.64376,-1.49385,11.6124,-1.22244,0.123592,2.55731,-1.28113,-0.173116,2.64248
-4.08455,1.70524,10.5347,-4.08674,-1.72365,10.5523,-0.205365,0.0383304,0.716662,-0.209366,-0.041532,0.723932
-5.08386,2.26473,12.8828,-5.08711,-2.32482,12.9931,-0.0556521,0.0174369,0.410179,-0.0572012,-0.0161088,0.411841
-5.86271,2.50948,11.9868,-5.87128,-2.56599,12.1543,0.00434475,0.00976659,0.353295,0.00392659,-0.00819254,0.353998
-0.678325,0.154298,75.8113,-0.396673,0.0726967,75.7433,-6.0128,3.23234,71.7097,-6.26157,-3.13563,72.6271
1.49784,-0.109727,71.8097,1.72673,0.328339,71.8268,-3.64975,2.46319,66.7687,-3.71865,-2.41234,67.4652
2.0537,-0.123412,76.4069,2.28934,0.314018,76.4603,-2.40504,1.94028,68.7593,-2.53239,-1.97974,69.6616
2.34324,0.0885485,78.2566,2.57222,0.0611281,78.3599,-1.56367,1.8588,68.3476,-1.68792,-1.96018,69.335
2.79709,0.119851,78.9602,3.01695,0.00806989,79.102,-0.604667,1.51409,67.09,-0.725215,-1.65658,68.1442
3.3896,-0.0297619,75.411,3.60093,0.149893,75.5504,0.43702,0.921553,62.204,0.320063,-1.09899,63.2834
3.9867,-0.0649437,79.5762,4.19413,0.17179,79.7692,1.47107,0.497729,63.8419,1.35535,-0.718797,65.0304
4.00894,0.263432,81.3022,4.22021,-0.168333,81.5011,1.82187,0.65375,63.8442,1.71164,-0.907002,65.1073
4.32407,0.235782,77.6914,4.53986,-0.143994,77.8418,2.39279,0.390511,59.0011,2.28521,-0.68219,60.3015
5.29514,0.0116741,79.7887,5.51656,0.0932851,79.9382,3.61593,-0.368843,58.986,3.50942,0.0278784,60.3877
5.74767,-0.0728523,77.5483,5.9847,0.183711,77.601,4.20507,-0.706072,55.3239,4.09254,0.299915,56.8226
5.7275,0.202316,74.6108,5.98756,-0.0812444,74.4896,4.28971,-0.591052,51.4358,4.15816,0.110318,53.07
6.70584,-0.680336,62.1665,6.98136,0.828725,61.7499,5.44692,-2.19124,38.348,5.27441,1.5671,40.1135
6.60053,-1.18165,46.6691,6.83883,1.22715,46.0038,3.82565,-1.37189,28.7537,3.84398,0.904641,29.4196
-0.0283277,-0.0107396,0.139816,-0.0285139,0.0099808,0.140248,-0.0228885,-0.0144281,0.124407,-0.0226459,0.0120627,0.123737
-0.00394273,-2.06502e-05,0.0731564,-0.00396166,-0.000101381,0.0734799,-0.00250278,-0.000375324,0.0670969,-0.00255924,0.00024956,0.0670025
-0.00127449,0.000449056,0.0548508,-0.00128722,-0.000460643,0.055103,-0.000796806,0.000325713,0.050634,-0.000817346,-0.000181367,0.050547
-0.00043596,0.000392768,0.0459705,-0.000440264,-0.0003759,0.046183,-0.000278559,0.000333313,0.0424602,-0.000285756,-0.000138246,0.0424383
2.33522e-05,0.000343372,0.0410018,2.79792e-05,-0.00031428,0.0411963,-9.42851e-06,0.000308731,0.0379024,-3.42664e-06,-0.00010782,0.0379769
0.000300031,0.000290981,0.0379354,0.000309224,-0.000257821,0.0381163,0.000153999,0.000267262,0.035132,0.000166221,-7.04212e-05,0.0353005
0.000443925,0.000246266,0.0360018,0.000453466,-0.000219431,0.0361676,0.000206,0.000216282,0.0332577,0.00022108,-4.26574e-05,0.0335109
0.000617003,0.000197865,0.0347996,0.000628688,-0.000180052,0.0349546,0.000296724,0.000163385,0.0320792,0.000315615,-1.93979e-05,0.032411
0.000695256,0.000140331,0.0339975,0.000704113,-0.000132144,0.0341346,0.00036345,0.000133704,0.0314381,0.00038553,-1.74706e-05,0.0318447
0.000641264,9.67857e-05,0.0335027,0.000649568,-9.46046e-05,0.0336319,0.000299974,8.83425e-05,0.0309101,0.00031907,8.94453e-07,0.031374
0.000544916,6.02746e-05,0.0331907,0.0005516,-5.61932e-05,0.0333159,0.00025198,6.63957e-05,0.0305847,0.000267812,3.97452e-06,0.0310966
0.000435105,2.44237e-05,0.0330096,0.000440171,-1.97271e-05,0.0331344,0.000215901,5.09079e-05,0.0304778,0.00022828,2.72102e-06,0.031031
0.000352797,-7.05433e-06,0.0329508,0.000356617,1.29226e-05,0.0330785,0.000205506,3.59348e-05,0.0306061,0.000215478,2.30369e-06,0.0311975
0.000275,-1.85577e-05,0.0331745,0.000277868,2.64163e-05,0.0333089,0.000145411,1.35281e-05,0.0308515,0.000151343,6.31732e-06,0.0314754
0.00021658,-2.76993e-05,0.0336958,0.000218663,3.78324e-05,0.0338402,9.44927e-05,-7.8851e-06,0.0312392,9.7026e-05,1.07217e-05,0.0318923
0.000174971,-4.63476e-05,0.0344618,0.00017621,5.68031e-05,0.0346184,8.23087e-05,-2.24071e-05,0.03186,8.33565e-05,1.14409e-05,0.0325435
0.000140258,-7.92423e-05,0.0353934,0.000140447,8.75696e-05,0.0355628,0.000121357,-2.71246e-05,0.0328415,0.000123507,4.8853e-06,0.0335628
0.000110214,-8.82741e-05,0.0367615,0.000109746,9.62922e-05,0.0369472,8.37511e-05,-4.88273e-05,0.0340517,8.39118e-05,8.31638e-06,0.0348121
8.26931e-05,-0.000100473,0.0386697,8.13649e-05,0.000106708,0.038875,4.37557e-05,-7.29491e-05,0.0355476,4.21943e-05,1.08294e-05,0.0363505
5.44898e-05,-0.000138483,0.0410769,5.16231e-05,0.000140004,0.0413039,7.53129e-05,-8.71998e-05,0.0375579,7.5619e-05,4.51983e-06,0.0384155
2.40063e-05,-0.000184708,0.0441547,1.92803e-05,0.000181029,0.0444065,0.000117751,-0.000104934,0.0402279,0.000120722,-3.72558e-06,0.0411565
1.18156e-05,-0.000220761,0.0484198,5.07664e-06,0.000212366,0.0487036,8.42382e-05,-0.000149818,0.043596,8.68496e-05,-4.09377e-07,0.0446093
-7.82599e-06,-0.000306443,0.0542129,-1.82037e-05,0.000286634,0.0545358,0.000130781,-0.000200536,0.0481057,0.000137421,-7.501e-06,0.0492299
-8.14532e-05,-0.00046608,0.0621936,-9.8596e-05,0.000425167,0.0625648,0.000248598,-0.000266444,0.0544183,0.000263448,-2.90089e-05,0.055696
-0.000202923,-0.000700413,0.0743635,-0.00023132,0.000623689,0.0748043,0.000203348,-0.000413778,0.0632167,0.00021976,-4.25489e-05,0.0646941
-0.000447594,-0.00128332,0.0938739,-0.00050087,0.00112483,0.0944132,0.000335682,-0.000662014,0.0766718,0.000364416,-9.1993e-05,0.0784369
-0.00132812,-0.00289919,0.128527,-0.00144537,0.00251778,0.129208,0.000728871,-0.00121736,0.0996248,0.000783653,-0.000221579,0.101828
-0.00494327,-0.00893665,0.206691,-0.00527931,0.00767672,0.207559,0.00114056,-0.00295645,0.145655,0.00121953,-0.000619899,0.14849
-0.0476352,-0.0699226,0.538934,-0.0496165,0.0588474,0.537463,0.000256327,-0.0126351,0.279304,0.00026948,-0.00314594,0.281786
-20.8862,13.3225,109.984,-20.5145,-13.749,108.21,1.56376,-0.785177,5.07803,1.56152,-1.32189,5.20608
-24.7476,32.9287,190.091,-24.1547,-32.6743,188.463,-29.9114,41.8489,250.845,-28.8947,-43.3973,248.664
-4.64712,1.42255,11.6062,-4.64023,-1.49123,11.6,-1.22905,0.124081,2.56687,-1.28856,-0.174093,2.65315
-4.07744,1.70167,10.5298,-4.08043,-1.72088,10.55,-0.20594,0.0384256,0.717795,-0.209981,-0.0416738,0.725116
-5.07393,2.26341,12.9287,-5.07793,-2.32294,13.0329,-0.0557563,0.0174705,0.410603,-0.0573146,-0.0161537,0.412269
-5.85675,2.50734,12.0573,-5.86298,-2.56692,12.2205,0.00437183,0.00978558,0.353641,0.00395028,-0.00821859,0.354347
-0.680471,0.15609,75.814,-0.398153,0.0734073,75.744,-6.01597,3.23567,71.7142,-6.26386,-3.1351,72.6292
1.49586,-0.108,71.8125,1.72535,0.328916,71.8277,-3.65275,2.46635,66.7734,-3.72087,-2.412,67.4675
2.05185,-0.12172,76.4097,2.28801,0.314477,76.4614,-2.40788,1.94332,68.7641,-2.53457,-1.97953,69.6643
2.34151,0.0902285,78.2594,2.5709,0.0614898,78.3612,-1.5664,1.86177,68.3525,-1.6901,-1.96006,69.3381
2.79543,0.121541,78.9631,3.01561,0.00834868,79.1034,-0.607322,1.51704,67.0952,-0.727421,-1.65653,68.1476
3.388,-0.0280605,75.4141,3.59957,0.15009,75.5521,0.434428,0.924526,62.2097,0.317825,-1.09902,63.2872
3.98512,-0.063181,79.5794,4.19267,0.171922,79.7711,1.46848,0.500798,63.8481,1.35301,-0.718876,65.0348
4.00738,0.265251,81.3056,4.21867,-0.168264,81.5033,1.81928,0.65694,63.851,1.70921,-0.907133,65.1124
4.32256,0.237629,77.695,4.53826,-0.144011,77.8443,2.39023,0.39382,59.0087,2.28273,-0.682425,60.3073
5.29365,0.0136057,79.7926,5.51485,0.0931934,79.941,3.61333,-0.3653,58.9946,3.50681,0.0275459,60.3945
5.74626,-0.0708848,77.5525,5.98293,0.183519,77.6042,4.20241,-0.702202,55.3341,4.08988,0.299435,56.8305
5.72625,0.204269,74.615,5.98578,-0.0815552,74.4931,4.28653,-0.586287,51.45,4.15545,0.109698,53.0795
6.70512,-0.678453,62.1716,6.98022,0.827868,61.7529,5.45095,-2.19398,38.3423,5.27269,1.5657,40.1239
6.59957,-1.17572,46.6944,6.84039,1.22224,46.0078,3.92061,-1.4861,28.431,3.85243,0.900436,29.4186
-0.0283293,-0.0107403,0.139821,-0.0285132,0.00997981,0.140249,-0.0228836,-0.0144291,0.1244,-0.0226465,0.012062,0.123739
-0.00394291,-2.06041e-05,0.0731578,-0.00396151,-0.000101552,0.0734802,-0.00250182,-0.000375783,0.0670949,-0.00255917,0.000249513,0.0670037
-0.00127454,0.000449136,0.0548516,-0.00128714,-0.000460699,0.0551031,-0.000796359,0.000325526,0.0506328,-0.000817271,-0.000181344,0.0505476
-0.000435968,0.000392845,0.045971,-0.000440217,-0.000375919,0.0461829,-0.000278299,0.000333233,0.0424594,-0.00028569,-0.000138207,0.0424387
2.33582e-05,0.000343449,0.0410021,2.80087e-05,-0.000314283,0.0411961,-9.25702e-06,0.000308699,0.0379017,-3.36839e-06,-0.000107775,0.0379771
0.000300041,0.000291057,0.0379356,0.000309241,-0.000257816,0.0381161,0.000154119,0.000267256,0.0351314,0.000166272,-7.03755e-05,0.0353005
0.000443932,0.000246342,0.0360019,0.000453473,-0.000219421,0.0361673,0.000206086,0.000216293,0.0332572,0.000221126,-4.26135e-05,0.0335108
0.000617006,0.000197943,0.0347995,0.000628685,-0.00018004,0.0349543,0.000296786,0.000163407,0.0320787,0.000315656,-1.93543e-05,0.0324108
0.000695254,0.000140412,0.0339974,0.000704103,-0.000132131,0.0341342,0.000363494,0.000133734,0.0314376,0.000385566,-1.74264e-05,0.0318445
0.000641258,9.68691e-05,0.0335026,0.000649552,-9.45907e-05,0.0336316,0.000300003,8.83819e-05,0.0309096,0.000319103,9.36566e-07,0.0313737
0.000544905,6.03609e-05,0.0331905,0.000551582,-5.61787e-05,0.0333155,0.000251998,6.64423e-05,0.0305843,0.000267844,4.01619e-06,0.0310962
0.00043509,2.45134e-05,0.0330095,0.00044015,-1.9712e-05,0.033134,0.00021591,5.09613e-05,0.0304774,0.00022831,2.76331e-06,0.0310307
0.000352778,-6.96035e-06,0.0329507,0.000356593,1.29384e-05,0.0330781,0.000205507,3.59952e-05,0.0306058,0.000215506,2.34754e-06,0.0311972
0.000274975,-1.84577e-05,0.0331744,0.000277838,2.6433e-05,0.0333086,0.000145403,1.35966e-05,0.0308512,0.00015137,6.36249e-06,0.031475
0.000216546,-2.75911e-05,0.0336956,0.000218626,3.785e-05,0.0338399,9.4477e-05,-7.80805e-06,0.0312389,9.70513e-05,1.07689e-05,0.0318919
0.000174927,-4.62289e-05,0.0344617,0.000176163,5.68219e-05,0.0346181,8.22843e-05,-2.23206e-05,0.0318597,8.33784e-05,1.14915e-05,0.0325431
0.000140203,-7.91114e-05,0.0353933,0.00014039,8.759e-05,0.0355626,0.000121323,-2.70264e-05,0.0328412,0.000123523,4.94142e-06,0.0335623
0.000110143,-8.81257e-05,0.0367615,0.000109673,9.63137e-05,0.036947,8.37044e-05,-4.8714e-05,0.0340514,8.39225e-05,8.37809e-06,0.0348117
8.25983e-05,-0.000100301,0.0386697,8.12698e-05,0.000106731,0.0388749,4.36941e-05,-7.2817e-05,0.0355472,4.21977e-05,1.08981e-05,0.03635
5.43663e-05,-0.000138279,0.041077,5.15005e-05,0.000140029,0.0413038,7.52306e-05,-8.70432e-05,0.0375575,7.5609e-05,4.59907e-06,0.038415
2.38427e-05,-0.000184462,0.0441549,1.9119e-05,0.000181057,0.0444066,0.000117639,-0.000104743,0.0402275,0.000120692,-3.63208e-06,0.041156
1.15879e-05,-0.00022045,0.0484202,4.85326e-06,0.000212398,0.0487038,8.40847e-05,-0.000149579,0.0435955,8.67927e-05,-2.97708e-07,0.0446087
-8.15046e-06,-0.000306037,0.0542135,-1.8521e-05,0.000286672,0.0545363,0.000130562,-0.000200227,0.0481051,0.000137317,-7.36209e-06,0.0492292
-8.19356e-05,-0.000465527,0.0621944,-9.9067e-05,0.000425219,0.0625656,0.000248266,-0.000266024,0.0544173,0.000263258,-2.88266e-05,0.055695
-0.000203715,-0.000699591,0.0743646,-0.000232093,0.000623763,0.0748056,0.000202825,-0.000413175,0.0632153,0.000219426,-4.22975e-05,0.0646927
-0.000449027,-0.00128197,0.0938754,-0.000502273,0.00112497,0.0944153,0.000334768,-0.000661068,0.0766693,0.000363767,-9.1607e-05,0.0784346
-0.00133115,-0.00289662,0.128529,-0.00144836,0.00251812,0.129211,0.000727004,-0.00121564,0.0996194,0.000782209,-0.000220872,0.101823
-0.00495197,-0.00892959,0.206688,-0.00528805,0.00767772,0.207562,0.00113576,-0.00295236,0.14564,0.00121557,-0.000618126,0.148477
-0.0476834,-0.0698542,0.53883,-0.0496703,0.0588438,0.537414,0.000236112,-0.0126158,0.279232,0.000252203,-0.00313687,0.281724
-20.8907,13.3257,109.962,-20.519,-13.747,108.19,1.55923,-0.782801,5.06343,1.55714,-1.31517,5.18943
-24.7586,32.9347,190.091,-24.1642,-32.6773,188.46,-29.9057,41.8417,250.799,-28.8876,-43.3882,248.606
-4.6463,1.42134,11.5982,-4.63932,-1.48958,11.5915,-1.23229,0.124292,2.57165,-1.29216,-0.174461,2.65843
-4.07491,1.70033,10.5242,-4.07784,-1.71887,10.5432,-0.20624,0.0384731,0.718419,-0.210295,-0.0417298,0.725769
-5.06946,2.2632,12.9475,-5.07355,-2.32194,13.049,-0.0558157,0.017489,0.410859,-0.057376,-0.01617,0.412532
-5.85422,2.50722,12.0938,-5.85955,-2.56661,12.2539,0.00438508,0.00979824,0.353863,0.00396347,-0.00822571,0.354569
-0.680292,0.154924,75.8125,-0.398428,0.0728187,75.7438,-6.01579,3.23407,71.7126,-6.26431,-3.1362,72.6293
1.49603,-0.109126,71.8109,1.72511,0.328426,71.8274,-3.65251,2.4648,66.7716,-3.72119,-2.4129,67.4674
2.052,-0.122819,76.4081,2.28781,0.314067,76.461,-2.40761,1.94179,68.7621,-2.53478,-1.98028,69.6638
2.34163,0.0891399,78.2578,2.57075,0.0611471,78.3606,-1.56608,1.86022,68.3504,-1.69018,-1.96068,69.3373
2.79553,0.120447,78.9614,3.01549,0.00806266,79.1028,-0.606971,1.51546,67.0928,-0.727398,-1.65705,68.1465
3.38809,-0.0291628,75.4123,3.5995,0.149863,75.5513,0.434815,0.922888,62.207,0.317952,-1.09945,63.2858
3.98518,-0.0643191,79.5775,4.19265,0.171734,79.7702,1.4689,0.499062,63.845,1.35324,-0.719238,65.033
4.00741,0.264077,81.3036,4.21869,-0.168411,81.5021,1.81974,0.655093,63.8475,1.70954,-0.907432,65.1101
4.32256,0.236433,77.6929,4.53833,-0.144094,77.8429,2.39071,0.391871,59.0047,2.28314,-0.682634,60.3045
5.29361,0.0123542,79.7903,5.51497,0.0931597,79.9394,3.61385,-0.367421,58.99,3.50732,0.0274135,60.3911
5.74617,-0.0721683,77.5499,5.9831,0.183564,77.6023,4.203,-0.704548,55.3284,4.09046,0.299404,56.8265
5.72608,0.202976,74.6123,5.98599,-0.0814063,74.4909,4.28748,-0.589218,51.4419,4.15606,0.10972,53.0746
6.70479,-0.679719,62.1681,6.9802,0.828424,61.7508,5.44772,-2.19236,38.3461,5.27331,1.56677,40.1169
6.59976,-1.17918,46.6782,6.83874,1.2249,46.0068,3.86216,-1.4153,28.6298,3.85444,0.912189,29.3925
-0.0283273,-0.0107396,0.139818,-0.0285128,0.00998032,0.140248,-0.0228856,-0.0144283,0.124404,-0.0226446,0.0120623,0.123736
-0.00394253,-2.05903e-05,0.0731569,-0.00396135,-0.000101478,0.0734801,-0.00250209,-0.000375503,0.0670962,-0.00255882,0.000249565,0.0670027
-0.00127435,0.000449107,0.0548511,-0.00128704,-0.000460689,0.0551031,-0.000796432,0.000325622,0.0506336,-0.000817086,-0.000181349,0.0505471
-0.000435848,0.000392812,0.0459707,-0.000440132,-0.00037593,0.0461829,-0.000278306,0.000333262,0.0424599,-0.000285564,-0.000138228,0.0424383
2.34465e-05,0.000343414,0.0410018,2.80835e-05,-0.000314303,0.0411962,-9.23474e-06,0.000308698,0.0379022,-3.26904e-06,-0.000107802,0.0379769
0.000300113,0.000291023,0.0379354,0.000309311,-0.000257842,0.0381162,0.00015416,0.00026724,0.0351318,0.000166359,-7.04055e-05,0.0353005
0.000443997,0.000246309,0.0360018,0.000453541,-0.000219451,0.0361675,0.00020614,0.000216268,0.0332575,0.000221208,-4.26433e-05,0.0335108
0.000617067,0.000197909,0.0347995,0.000628754,-0.000180074,0.0349545,0.000296851,0.000163376,0.0320791,0.000315735,-1.93847e-05,0.0324109
0.000695314,0.000140378,0.0339974,0.000704172,-0.000132167,0.0341345,0.000363569,0.000133698,0.0314379,0.000385645,-1.74576e-05,0.0318446
0.000641318,9.68348e-05,0.0335026,0.000649622,-9.46301e-05,0.0336318,0.000300086,8.83416e-05,0.03091,0.000319183,9.06314e-07,0.0313738
0.000544965,6.03262e-05,0.0331906,0.00055165,-5.62207e-05,0.0333157,0.000252087,6.63985e-05,0.0305846,0.000267924,3.98599e-06,0.0310964
0.000435149,2.44782e-05,0.0330096,0.000440217,-1.97567e-05,0.0331343,0.000216004,5.09144e-05,0.0304778,0.000228391,2.73256e-06,0.0310309
0.000352836,-6.99641e-06,0.0329508,0.000356659,1.28906e-05,0.0330784,0.000205607,3.59449e-05,0.0306061,0.000215588,2.31565e-06,0.0311974
0.000275032,-1.8495e-05,0.0331745,0.000277903,2.6381e-05,0.0333089,0.000145509,1.35428e-05,0.0308515,0.000151454,6.3297e-06,0.0314752
0.000216604,-2.76301e-05,0.0336958,0.000218691,3.77927e-05,0.0338402,9.45884e-05,-7.86536e-06,0.0312392,9.71364e-05,1.07349e-05,0.0318922
0.000174985,-4.62702e-05,0.0344619,0.00017623,5.6758e-05,0.0346184,8.24021e-05,-2.23818e-05,0.0318601,8.34666e-05,1.14553e-05,0.0325434
0.000140263,-7.91554e-05,0.0353935,0.000140459,8.75186e-05,0.0355629,0.00012145,-2.70926e-05,0.0328415,0.000123617,4.90168e-06,0.0335626
0.000110204,-8.81733e-05,0.0367618,0.000109745,9.62317e-05,0.0369474,8.38405e-05,-4.87861e-05,0.0340517,8.40217e-05,8.33491e-06,0.034812
8.26628e-05,-0.000100353,0.03867,8.13464e-05,0.000106634,0.0388753,4.38408e-05,-7.28961e-05,0.0355476,4.23028e-05,1.08507e-05,0.0363504
5.44351e-05,-0.000138339,0.0410774,5.15835e-05,0.000139914,0.0413043,7.53924e-05,-8.71314e-05,0.0375579,7.57243e-05,4.54507e-06,0.0384154
2.39167e-05,-0.000184531,0.0441554,1.92105e-05,0.000180918,0.0444071,0.000117821,-0.000104844,0.040228,0.000120821,-3.69493e-06,0.0411564
1.16689e-05,-0.000220532,0.0484207,4.95683e-06,0.00021222,0.0487044,8.42895e-05,-0.000149696,0.043596,8.69353e-05,-3.71476e-07,0.0446091
-8.06069e-06,-0.00030614,0.0542141,-1.84008e-05,0.000286439,0.0545371,0.000130799,-0.000200367,0.0481056,0.000137479,-7.45204e-06,0.0492296
-8.18376e-05,-0.000465665,0.0621953,-9.89261e-05,0.000424899,0.0625665,0.000248549,-0.000266201,0.0544179,0.000263448,-2.89414e-05,0.0556955
-0.000203615,-0.000699791,0.0743657,-0.000231925,0.000623286,0.0748067,0.000203165,-0.000413408,0.0632158,0.000219641,-4.24484e-05,0.0646931
-0.000448946,-0.0012823,0.0938768,-0.000502075,0.00112418,0.0944165,0.000335192,-0.000661402,0.0766697,0.00036401,-9.18194e-05,0.0784347
-0.00133119,-0.00289725,0.12853,-0.00144816,0.00251659,0.129212,0.000727541,-0.00121619,0.0996192,0.000782443,-0.000221198,0.101823
-0.00495251,-0.00893098,0.206685,-0.00528787,0.00767335,0.207557,0.00113638,-0.00295344,0.145637,0.00121555,-0.000618671,0.148473
-0.047678,-0.0698443,0.538742,-0.0496577,0.0587972,0.537307,0.000236167,-0.0126182,0.279206,0.000249995,-0.00313745,0.281695
-20.8876,13.3217,109.941,-20.5156,-13.7471,108.17,1.55769,-0.783047,5.05655,1.55534,-1.31226,5.18107
-24.7628,32.9352,190.096,-24.1681,-32.6797,188.466,-29.8974,41.8317,250.76,-28.8794,-43.3847,248.574
-4.64542,1.4204,11.5938,-4.6385,-1.48886,11.5875,-1.23415,0.124424,2.57435,-1.29426,-0.174741,2.66145
-4.07315,1.69939,10.5218,-4.0762,-1.71801,10.5405,-0.206405,0.0384991,0.718748,-0.210471,-0.0417703,0.726109
-5.06697,2.26297,12.9578,-5.07116,-2.32146,13.0568,-0.0558464,0.0174977,0.410985,-0.0574099,-0.016183,0.412657
-5.85251,2.50679,12.1115,-5.85761,-2.56674,12.2705,0.00439229,0.00980238,0.353967,0.00396916,-0.00823371,0.354672
-0.68092,0.15568,75.8134,-0.398739,0.0732673,75.7438,-6.01674,3.23539,71.7142,-6.26485,-3.13568,72.6297
1.49545,-0.108406,71.8119,1.72481,0.328814,71.8274,-3.65342,2.46604,66.7732,-3.72172,-2.41246,67.4678
2.05146,-0.122124,76.409,2.28751,0.314404,76.4611,-2.40846,1.94297,68.7637,-2.53531,-1.9799,69.6644
2.34112,0.0898221,78.2588,2.57044,0.0614436,78.3608,-1.5669,1.86137,68.352,-1.69073,-1.96035,69.338
2.79505,0.121126,78.9624,3.01516,0.00832634,79.1031,-0.607755,1.5166,67.0945,-0.727963,-1.65675,68.1473
3.38763,-0.0284865,75.4133,3.59915,0.150094,75.5516,0.434056,0.924029,62.2088,0.317365,-1.09918,63.2867
3.98473,-0.0636247,79.5786,4.19226,0.171945,79.7706,1.46815,0.500238,63.847,1.35262,-0.718982,65.0341
4.00697,0.264788,81.3047,4.21826,-0.168221,81.5027,1.81899,0.656313,63.8497,1.70887,-0.907187,65.1114
4.32215,0.237148,77.694,4.53787,-0.143937,77.8436,2.38998,0.39313,59.0071,2.28245,-0.682421,60.3061
5.29321,0.0130955,79.7916,5.51446,0.093294,79.9402,3.61312,-0.366078,58.9927,3.50659,0.0276098,60.393
5.74581,-0.0714204,77.5512,5.98256,0.18366,77.6032,4.20226,-0.703093,55.3316,4.08971,0.299572,56.8286
5.72578,0.203711,74.6137,5.98543,-0.0813627,74.4919,4.28653,-0.587421,51.4465,4.15534,0.109916,53.077
6.70462,-0.679053,62.1699,6.97982,0.828237,61.7516,5.44944,-2.19351,38.343,5.27236,1.56604,40.1213
6.59922,-1.1773,46.6878,6.83952,1.22361,46.0058,3.89856,-1.46045,28.5036,3.84862,0.89981,29.4232
-0.028328,-0.01074,0.139819,-0.0285124,0.00997987,0.140248,-0.0228837,-0.0144287,0.124401,-0.0226453,0.012062,0.123738
-0.00394261,-2.05938e-05,0.0731574,-0.00396128,-0.000101539,0.0734801,-0.00250174,-0.0003757,0.0670953,-0.0025589,0.000249529,0.0670034
-0.00127438,0.00044913,0.0548514,-0.00128701,-0.000460702,0.055103,-0.000796275,0.000325547,0.0506331,-0.000817109,-0.000181343,0.0505474
-0.00043586,0.000392839,0.0459709,-0.00044012,-0.000375928,0.0461829,-0.000278219,0.000333232,0.0424596,-0.00028557,-0.000138211,0.0424385
2.34409e-05,0.000343442,0.041002,2.80878e-05,-0.000314296,0.0411961,-9.18014e-06,0.00030869,0.0379019,-3.26859e-06,-0.000107781,0.037977
0.00030011,0.000291051,0.0379355,0.000309311,-0.000257831,0.0381161,0.000154196,0.000267242,0.0351316,0.000166362,-7.03827e-05,0.0353005
0.000443995,0.000246338,0.0360019,0.000453537,-0.000219439,0.0361674,0.000206164,0.000216277,0.0332573,0.000221212,-4.26208e-05,0.0335108
0.000617064,0.000197939,0.0347996,0.000628746,-0.00018006,0.0349543,0.000296866,0.00016339,0.0320789,0.00031574,-1.93619e-05,0.0324108
0.000695311,0.000140409,0.0339974,0.000704162,-0.000132152,0.0341343,0.000363578,0.000133716,0.0314378,0.00038565,-1.74343e-05,0.0318445
0.000641313,9.68674e-05,0.0335027,0.000649611,-9.46141e-05,0.0336317,0.00030009,8.83623e-05,0.0309098,0.000319189,9.29146e-07,0.0313738
0.000544958,6.03602e-05,0.0331906,0.000551639,-5.62039e-05,0.0333156,0.000252087,6.6422e-05,0.0305845,0.00026793,4.00895e-06,0.0310963
0.000435142,2.45136e-05,0.0330096,0.000440205,-1.9739e-05,0.0331342,0.000216001,5.09404e-05,0.0304776,0.000228398,2.75608e-06,0.0310308
0.000352828,-6.95916e-06,0.0329508,0.000356646,1.29094e-05,0.0330783,0.0002056,3.59737e-05,0.030606,0.000215595,2.34018e-06,0.0311973
0.000275021,-1.84552e-05,0.0331745,0.000277888,2.64011e-05,0.0333088,0.000145499,1.35747e-05,0.0308514,0.000151461,6.35519e-06,0.0314751
0.00021659,-2.7587e-05,0.0336958,0.000218674,3.78145e-05,0.0338401,9.4576e-05,-7.83018e-06,0.0312391,9.71438e-05,1.07616e-05,0.0318921
0.000174969,-4.62229e-05,0.0344619,0.00017621,5.67818e-05,0.0346183,8.23869e-05,-2.23429e-05,0.0318599,8.34736e-05,1.14839e-05,0.0325433
0.000140244,-7.91033e-05,0.0353936,0.000140436,8.75449e-05,0.0355628,0.000121431,-2.70491e-05,0.0328414,0.000123623,4.93323e-06,0.0335625
0.00011018,-8.81145e-05,0.0367618,0.000109717,9.6261e-05,0.0369473,8.3818e-05,-4.87366e-05,0.0340516,8.40268e-05,8.36952e-06,0.0348118
8.26319e-05,-0.000100285,0.0386701,8.1312e-05,0.000106668,0.0388753,4.38135e-05,-7.28393e-05,0.0355475,4.23067e-05,1.08891e-05,0.0363502
5.4396e-05,-0.000138259,0.0410774,5.15407e-05,0.000139953,0.0413043,7.53584e-05,-8.70649e-05,0.0375578,7.57253e-05,4.589e-06,0.0384152
2.38663e-05,-0.000184435,0.0441554,1.91559e-05,0.000180964,0.0444071,0.000117778,-0.000104764,0.0402278,0.000120817,-3.64351e-06,0.0411562
1.16003e-05,-0.000220411,0.0484208,4.88325e-06,0.000212276,0.0487045,8.42334e-05,-0.000149597,0.0435958,8.69258e-05,-3.10518e-07,0.0446089
-8.15638e-06,-0.000305983,0.0542143,-1.85027e-05,0.00028651,0.0545372,0.000130723,-0.000200241,0.0481054,0.000137459,-7.377e-06,0.0492294
-8.19771e-05,-0.00046545,0.0621955,-9.90738e-05,0.000424997,0.0625667,0.000248439,-0.000266031,0.0544176,0.000263407,-2.88443e-05,0.0556952
-0.000203839,-0.000699472,0.074366,-0.000232162,0.000623429,0.0748071,0.000202999,-0.000413166,0.0632154,0.000219566,-4.23171e-05,0.0646927
-0.000449344,-0.00128178,0.0938772,-0.000502496,0.00112442,0.0944172,0.000334912,-0.000661027,0.0766689,0.000363859,-9.16238e-05,0.078434
-0.00133201,-0.00289625,0.12853,-0.00144903,0.00251707,0.129213,0.000726988,-0.00121551,0.0996176,0.000782099,-0.000220857,0.101821
-0.00495483,-0.00892824,0.206684,-0.00529039,0.00767467,0.207558,0.001135,-0.00295186,0.145633,0.00121459,-0.000617883,0.14847
-0.0476905,-0.0698203,0.538713,-0.049674,0.0588042,0.537302,0.000230515,-0.0126112,0.279187,0.000245787,-0.00313393,0.28168
-20.889,13.3232,109.936,-20.5171,-13.746,108.165,1.55651,-0.782176,5.05275,1.55425,-1.31038,5.17679
-24.7659,32.937,190.096,-24.1707,-32.6801,188.464,-29.8962,41.8307,250.75,-28.8777,-43.3818,248.558
-4.6452,1.42014,11.5919,-4.63825,-1.48846,11.5856,-1.23498,0.124475,2.57557,-1.29517,-0.174819,2.66279
-4.07253,1.69909,10.5205,-4.07557,-1.71756,10.5393,-0.206481,0.0385113,0.718905,-0.21055,-0.0417824,0.726274
-5.0659,2.26295,12.9624,-5.07013,-2.32122,13.0611,-0.0558616,0.0175028,0.411049,-0.0574251,-0.0161864,0.412723
-5.85177,2.50686,12.1207,-5.8566,-2.56648,12.2785,0.00439545,0.00980624,0.354023,0.00397261,-0.00823482,0.354728
-0.680798,0.155167,75.8128,-0.398837,0.0729386,75.7439,-6.01659,3.23465,71.7135,-6.26499,-3.13622,72.6298
1.49556,-0.108894,71.8112,1.72473,0.328527,71.8275,-3.65326,2.46534,66.7725,-3.72183,-2.41293,67.4679
2.05156,-0.122592,76.4084,2.28744,0.314151,76.4611,-2.4083,1.94229,68.763,-2.53537,-1.98031,69.6643
2.34121,0.0893641,78.2582,2.57039,0.061217,78.3608,-1.56673,1.8607,68.3512,-1.69075,-1.96072,69.3378
2.79512,0.120672,78.9618,3.01513,0.00812091,79.1029,-0.607587,1.51592,67.0937,-0.727951,-1.65708,68.1471
3.38769,-0.0289381,75.4127,3.59913,0.14991,75.5514,0.434227,0.923345,62.2078,0.317412,-1.09948,63.2864
3.98478,-0.0640862,79.578,4.19227,0.171772,79.7704,1.46833,0.499523,63.846,1.3527,-0.719264,65.0336
4.007,0.264317,81.3041,4.21829,-0.168381,81.5024,1.81917,0.655561,63.8485,1.70899,-0.907455,65.1108
4.32216,0.236674,77.6933,4.53792,-0.144075,77.8432,2.39016,0.392347,59.0058,2.2826,-0.682662,60.3053
5.29321,0.0126055,79.7908,5.51453,0.0931704,79.9397,3.6133,-0.366919,58.9912,3.50677,0.0273803,60.392
5.74578,-0.0719151,77.5504,5.98266,0.183563,77.6027,4.20246,-0.704011,55.3298,4.08991,0.299362,56.8275
5.72571,0.203223,74.6128,5.98554,-0.0814209,74.4913,4.28687,-0.588562,51.4437,4.15552,0.109676,53.0758
6.70451,-0.679493,62.1687,6.97985,0.828338,61.7511,5.44813,-2.19277,38.3452,5.27286,1.56655,40.1184
6.59946,-1.17843,46.6816,6.83883,1.22431,46.007,3.87541,-1.43156,28.584,3.85451,0.910428,29.3957
-0.0283272,-0.0107396,0.139818,-0.0285124,0.00998014,0.140248,-0.0228846,-0.0144284,0.124403,-0.0226445,0.0120622,0.123737
-0.00394248,-2.058e-05,0.073157,-0.00396126,-0.000101505,0.0734801,-0.00250189,-0.000375574,0.0670958,-0.00255875,0.00024956,0.0670029
-0.00127432,0.000449121,0.0548512,-0.00128699,-0.000460698,0.0551031,-0.000796325,0.000325591,0.0506334,-0.000817037,-0.000181344,0.0505472
-0.000435823,0.000392826,0.0459707,-0.000440099,-0.000375934,0.0461829,-0.000278237,0.000333246,0.0424598,-0.000285524,-0.000138221,0.0424384
2.34672e-05,0.000343428,0.0410019,2.81078e-05,-0.000314305,0.0411962,-9.18316e-06,0.00030869,0.0379021,-3.235e-06,-0.000107794,0.0379769
0.000300131,0.000291036,0.0379354,0.00030933,-0.000257843,0.0381162,0.000154202,0.000267236,0.0351317,0.00016639,-7.03974e-05,0.0353005
0.000444013,0.000246323,0.0360018,0.000453557,-0.000219452,0.0361675,0.000206175,0.000216266,0.0332575,0.000221237,-4.26357e-05,0.0335108
0.000617081,0.000197923,0.0347995,0.000628767,-0.000180075,0.0349544,0.000296882,0.000163376,0.032079,0.000315763,-1.93771e-05,0.0324108
0.000695327,0.000140393,0.0339974,0.000704184,-0.000132169,0.0341344,0.000363598,0.0001337,0.0314379,0.000385673,-1.74499e-05,0.0318445
0.000641329,9.68508e-05,0.0335027,0.000649632,-9.46314e-05,0.0336318,0.000300113,8.8345e-05,0.0309099,0.00031921,9.13744e-07,0.0313738
0.000544975,6.03431e-05,0.0331906,0.00055166,-5.62222e-05,0.0333157,0.000252112,6.64033e-05,0.0305846,0.000267952,3.99343e-06,0.0310964
0.000435158,2.4496e-05,0.0330096,0.000440225,-1.97584e-05,0.0331343,0.000216029,5.09203e-05,0.0304777,0.000228419,2.74017e-06,0.0310308
0.000352844,-6.97755e-06,0.0329508,0.000356666,1.28886e-05,0.0330784,0.00020563,3.59521e-05,0.0306061,0.000215616,2.3236e-06,0.0311973
0.000275037,-1.84746e-05,0.0331746,0.000277909,2.63787e-05,0.0333089,0.000145532,1.35515e-05,0.0308514,0.000151482,6.33799e-06,0.0314752
0.000216607,-2.76076e-05,0.0336959,0.000218695,3.77898e-05,0.0338402,9.46101e-05,-7.85503e-06,0.0312392,9.7165e-05,1.07436e-05,0.0318921
0.000174986,-4.62452e-05,0.0344619,0.000176231,5.67544e-05,0.0346185,8.24232e-05,-2.23696e-05,0.03186,8.34954e-05,1.14647e-05,0.0325433
0.000140261,-7.91276e-05,0.0353936,0.000140458,8.75143e-05,0.035563,0.00012147,-2.70782e-05,0.0328415,0.000123646,4.91219e-06,0.0335626
0.000110198,-8.81412e-05,0.0367619,0.00010974,9.62262e-05,0.0369474,8.38604e-05,-4.87686e-05,0.0340517,8.40512e-05,8.34657e-06,0.0348119
8.26514e-05,-0.000100315,0.0386701,8.13368e-05,0.000106627,0.0388754,4.38595e-05,-7.28747e-05,0.0355476,4.23324e-05,1.08638e-05,0.0363503
5.44171e-05,-0.000138293,0.0410775,5.15681e-05,0.000139905,0.0413044,7.54094e-05,-8.71049e-05,0.0375579,7.57535e-05,4.5602e-06,0.0384153
2.38895e-05,-0.000184476,0.0441556,1.91867e-05,0.000180905,0.0444073,0.000117836,-0.00010481,0.0402279,0.000120849,-3.67701e-06,0.0411563
1.16263e-05,-0.000220462,0.048421,4.9191e-06,0.000212203,0.0487047,8.4299e-05,-0.000149652,0.043596,8.69609e-05,-3.49931e-07,0.044609
-8.12646e-06,-0.000306047,0.0542145,-1.84598e-05,0.000286414,0.0545374,0.000130799,-0.000200308,0.0481055,0.000137499,-7.42508e-06,0.0492295
-8.19427e-05,-0.000465537,0.0621957,-9.90211e-05,0.000424865,0.062567,0.000248532,-0.000266117,0.0544177,0.000263454,-2.89057e-05,0.0556953
-0.0002038,-0.0006996,0.0743663,-0.000232095,0.000623233,0.0748074,0.000203113,-0.000413284,0.0632156,0.00021962,-4.23983e-05,0.0646928
-0.000449301,-0.00128199,0.0938775,-0.000502404,0.0011241,0.0944175,0.00033506,-0.000661201,0.0766691,0.00036392,-9.17398e-05,0.0784341
-0.00133198,-0.00289665,0.128531,-0.0014489,0.00251644,0.129213,0.000727193,-0.00121581,0.0996176,0.000782159,-0.000221043,0.101821
-0.00495488,-0.00892926,0.206683,-0.00529013,0.00767291,0.207557,0.0011353,-0.00295249,0.145632,0.00121459,-0.000618236,0.148469
-0.0476888,-0.0698225,0.538693,-0.0496689,0.0587875,0.537271,0.000231019,-0.0126132,0.279181,0.000245245,-0.00313485,0.281672
-20.8881,13.3217,109.93,-20.516,-13.7464,108.16,1.55615,-0.782409,5.05108,1.55379,-1.30975,5.17472
-24.7668,32.9369,190.097,-24.1715,-32.6809,188.466,-29.8939,41.8277,250.739,-28.8755,-43.3813,248.551
-4.64497,1.41987,11.5908,-4.63804,-1.48829,11.5846,-1.23546,0.124508,2.57627,-1.29572,-0.174899,2.66358
-4.07208,1.69883,10.5199,-4.07516,-1.71733,10.5384,-0.206524,0.0385175,0.71899,-0.210597,-0.041794,0.726362
-5.06527,2.26289,12.965,-5.06952,-2.32109,13.0628,-0.0558695,0.0175047,0.411082,-0.0574341,-0.0161902,0.412756
-5.85132,2.50673,12.1251,-5.85613,-2.56655,12.2826,0.00439734,0.00980687,0.35405,0.00397391,-0.00823736,0.354755
-0.681004,0.155502,75.8132,-0.398893,0.0731728,75.7438,-6.0169,3.2352,71.7141,-6.2651,-3.13591,72.6298
1.49537,-0.108578,71.8116,1.72467,0.328735,71.8274,-3.65355,2.46585,66.7731,-3.72194,-2.41266,67.4679
2.05138,-0.12229,76.4088,2.28738,0.314336,76.4611,-2.40857,1.94278,68.7635,-2.5355,-1.98007,69.6644
2.34105,0.0896574,78.2585,2.57032,0.0613854,78.3608,-1.56699,1.86118,68.3518,-1.69089,-1.9605,69.338
2.79497,0.120961,78.9621,3.01505,0.00827625,79.103,-0.607836,1.51639,67.0943,-0.728097,-1.65687,68.1473
3.38755,-0.0286525,75.4131,3.59904,0.150053,75.5515,0.433989,0.923812,62.2085,0.317256,-1.09928,63.2866
3.98464,-0.0637954,79.5783,4.19216,0.171908,79.7705,1.46809,0.500003,63.8466,1.35253,-0.719072,65.0339
4.00688,0.264612,81.3045,4.21817,-0.168252,81.5025,1.81894,0.656059,63.8493,1.7088,-0.907265,65.1112
4.32205,0.236969,77.6937,4.53778,-0.143958,77.8434,2.38994,0.392858,59.0066,2.2824,-0.682482,60.3057
5.2931,0.0129086,79.7912,5.51438,0.0932798,79.9399,3.61308,-0.366377,58.9921,3.50655,0.0275609,60.3925
5.74569,-0.0716124,77.5509,5.98248,0.183658,77.6029,4.20223,-0.703426,55.3309,4.08968,0.299539,56.8281
5.72565,0.203516,74.6133,5.98536,-0.0813481,74.4916,4.28657,-0.58784,51.4454,4.15532,0.10989,53.0764
6.70448,-0.679243,62.1693,6.97973,0.828314,61.7513,5.44889,-2.19328,38.3436,5.27239,1.5662,40.1203
6.59919,-1.17779,46.6855,6.83921,1.22396,46.0057,3.89022,-1.45035,28.5318,3.84941,0.90214,29.4175
-0.0283275,-0.0107398,0.139819,-0.0285122,0.00997994,0.140248,-0.0228838,-0.0144286,0.124401,-0.0226449,0.012062,0.123738
-0.00394253,-2.05875e-05,0.0731572,-0.00396123,-0.00010153,0.07348,-0.00250175,-0.00037566,0.0670955,-0.00255881,0.00024954,0.0670032
-0.00127434,0.000449128,0.0548513,-0.00128698,-0.000460702,0.055103,-0.000796265,0.000325559,0.0506332,-0.00081706,-0.000181342,0.0505474
-0.000435831,0.000392836,0.0459708,-0.000440095,-0.000375931,0.0461829,-0.000278204,0.000333235,0.0424596,-0.000285535,-0.000138213,0.0424385
2.34631e-05,0.000343439,0.0410019,2.81081e-05,-0.0003143,0.0411961,-9.16379e-06,0.000308688,0.037902,-3.24087e-06,-0.000107785,0.037977
0.000300129,0.000291048,0.0379355,0.000309329,-0.000257837,0.0381162,0.000154213,0.000267238,0.0351316,0.000166387,-7.03868e-05,0.0353005
0.000444011,0.000246334,0.0360019,0.000453554,-0.000219445,0.0361674,0.000206182,0.000216272,0.0332574,0.000221235,-4.2625e-05,0.0335108
0.000617079,0.000197936,0.0347996,0.000628763,-0.000180067,0.0349544,0.000296886,0.000163384,0.0320789,0.000315762,-1.93662e-05,0.0324108
0.000695325,0.000140406,0.0339974,0.000704179,-0.00013216,0.0341344,0.000363599,0.000133709,0.0314378,0.000385672,-1.74388e-05,0.0318445
0.000641327,9.68644e-05,0.0335027,0.000649627,-9.46223e-05,0.0336317,0.000300112,8.83551e-05,0.0309099,0.000319211,9.24779e-07,0.0313738
0.000544972,6.03573e-05,0.0331907,0.000551654,-5.62126e-05,0.0333157,0.00025211,6.64145e-05,0.0305845,0.000267952,4.00458e-06,0.0310963
0.000435155,2.45109e-05,0.0330096,0.00044022,-1.97483e-05,0.0331342,0.000216025,5.09326e-05,0.0304777,0.00022842,2.75164e-06,0.0310308
0.000352841,-6.96185e-06,0.0329508,0.000356661,1.28994e-05,0.0330783,0.000205626,3.59655e-05,0.030606,0.000215617,2.33558e-06,0.0311973
0.000275034,-1.84578e-05,0.0331746,0.000277903,2.63902e-05,0.0333088,0.000145526,1.35661e-05,0.0308514,0.000151484,6.35047e-06,0.0314751
0.000216602,-2.75895e-05,0.0336959,0.000218688,3.78023e-05,0.0338402,9.4603e-05,-7.83905e-06,0.0312392,9.71671e-05,1.07567e-05,0.0318921
0.000174981,-4.62253e-05,0.034462,0.000176224,5.67682e-05,0.0346184,8.2415e-05,-2.23521e-05,0.03186,8.34976e-05,1.14788e-05,0.0325433
0.000140255,-7.91056e-05,0.0353936,0.00014045,8.75296e-05,0.0355629,0.000121461,-2.70587e-05,0.0328415,0.000123648,4.92762e-06,0.0335625
0.000110191,-8.81164e-05,0.0367619,0.000109731,9.62433e-05,0.0369474,8.38494e-05,-4.87467e-05,0.0340517,8.40531e-05,8.36348e-06,0.0348119
8.26419e-05,-0.000100287,0.0386701,8.13252e-05,0.000106647,0.0388754,4.38467e-05,-7.28498e-05,0.0355476,4.23342e-05,1.08825e-05,0.0363502
5.44052e-05,-0.00013826,0.0410775,5.15539e-05,0.000139928,0.0413044,7.53942e-05,-8.7076e-05,0.0375579,7.57546e-05,4.58158e-06,0.0384153
2.38744e-05,-0.000184435,0.0441556,1.91689e-05,0.000180933,0.0444073,0.000117817,-0.000104776,0.0402279,0.000120849,-3.65206e-06,0.0411562
1.16062e-05,-0.000220411,0.048421,4.89558e-06,0.000212237,0.0487047,8.42758e-05,-0.00014961,0.0435959,8.69596e-05,-3.2042e-07,0.0446089
-8.15421e-06,-0.000305981,0.0542145,-1.84919e-05,0.000286458,0.0545374,0.000130769,-0.000200255,0.0481055,0.000137495,-7.38889e-06,0.0492294
-8.19825e-05,-0.000465448,0.0621958,-9.90669e-05,0.000424924,0.062567,0.00024849,-0.000266046,0.0544176,0.000263445,-2.88592e-05,0.0556952
-0.000203863,-0.000699468,0.0743664,-0.000232167,0.000623321,0.0748075,0.000203053,-0.000413183,0.0632154,0.000219603,-4.23357e-05,0.0646927
-0.000449412,-0.00128178,0.0938776,-0.000502531,0.00112424,0.0944176,0.000334963,-0.000661045,0.0766688,0.000363885,-9.16478e-05,0.0784339
-0.00133221,-0.00289624,0.128531,-0.00144916,0.00251672,0.129213,0.00072701,-0.00121553,0.0996172,0.000782076,-0.000220886,0.101821
-0.0049555,-0.00892812,0.206683,-0.00529087,0.00767369,0.207557,0.00113487,-0.00295185,0.145631,0.00121436,-0.000617889,0.148468
-0.047692,-0.0698134,0.538684,-0.0496741,0.0587927,0.537273,0.0002293,-0.0126105,0.279175,0.000244216,-0.00313342,0.281669
-20.8885,13.3224,109.929,-20.5165,-13.7458,108.159,1.55583,-0.782073,5.05008,1.55353,-1.30921,5.17362
-24.7676,32.9375,190.097,-24.1722,-32.6808,188.465,-29.8937,41.8278,250.737,-28.8751,-43.3803,248.547
-4.64493,1.41982,11.5904,-4.63798,-1.48818,11.5841,-1.23567,0.124521,2.57657,-1.29594,-0.174912,2.6639
-4.07193,1.69877,10.5195,-4.07501,-1.71722,10.5382,-0.206543,0.0385208,0.719029,-0.210616,-0.0417962,0.726403
-5.06501,2.2629,12.9661,-5.06928,-2.32103,13.0639,-0.0558734,0.0175062,0.411098,-0.0574377,-0.0161907,0.412772
-5.85114,2.50679,12.1274,-5.85586,-2.56644,12.2845,0.00439806,0.00980813,0.354064,0.00397482,-0.0082373,0.354769
-0.68094,0.155275,75.8129,-0.398932,0.0730082,75.7439,-6.01681,3.23486,71.7138,-6.26515,-3.13617,72.6299
1.49543,-0.108792,71.8114,1.72464,0.328588,71.8274,-3.65346,2.46554,66.7728,-3.72198,-2.41289,67.468
2.05144,-0.122494,76.4085,2.28736,0.314205,76.4611,-2.40849,1.94248,68.7632,-2.53552,-1.98027,69.6644
2.34109,0.0894598,78.2583,2.5703,0.0612648,78.3608,-1.56691,1.86088,68.3515,-1.69089,-1.96068,69.338
2.79501,0.120767,78.9619,3.01504,0.00816421,79.103,-0.607759,1.5161,67.0939,-0.728091,-1.65705,68.1472
3.38758,-0.0288442,75.4128,3.59904,0.149949,75.5515,0.434064,0.923518,62.2081,0.317274,-1.09944,63.2865
3.98467,-0.06399,79.5781,4.19217,0.171809,79.7704,1.46817,0.499698,63.8463,1.35256,-0.71923,65.0338
4.0069,0.264415,81.3042,4.21818,-0.168347,81.5025,1.81902,0.655741,63.8488,1.70885,-0.90742,65.111
4.32206,0.236772,77.6935,4.53781,-0.144045,77.8433,2.39001,0.39253,59.0061,2.28246,-0.682628,60.3055
5.29311,0.0127066,79.791,5.51442,0.0931971,79.9398,3.61315,-0.366727,58.9915,3.50662,0.0274142,60.3923
5.74568,-0.0718141,77.5506,5.98253,0.183585,77.6028,4.20231,-0.703804,55.3302,4.08976,0.299394,56.8278
5.72562,0.20332,74.613,5.98542,-0.0814052,74.4914,4.2867,-0.588309,51.4444,4.15538,0.109718,53.0761
6.70444,-0.679409,62.1689,6.97976,0.828323,61.7512,5.44834,-2.19294,38.3447,5.27267,1.56644,40.119
6.59934,-1.17818,46.6829,6.83892,1.22415,46.0067,3.8806,-1.43808,28.5658,3.85335,0.908305,29.401
-0.0283272,-0.0107397,0.139818,-0.0285123,0.00998007,0.140248,-0.0228843,-0.0144284,0.124402,-0.0226446,0.0120621,0.123737
-0.00394248,-2.05795e-05,0.0731571,-0.00396123,-0.000101515,0.0734801,-0.00250182,-0.000375603,0.0670957,-0.00255875,0.000249555,0.067003
-0.00127432,0.000449125,0.0548512,-0.00128698,-0.000460701,0.055103,-0.000796291,0.000325579,0.0506333,-0.00081703,-0.000181343,0.0505472
-0.000435818,0.00039283,0.0459707,-0.00044009,-0.000375934,0.0461829,-0.000278216,0.000333241,0.0424597,-0.000285518,-0.000138218,0.0424384
2.34714e-05,0.000343432,0.0410019,2.81136e-05,-0.000314305,0.0411962,-9.16843e-06,0.000308688,0.037902,-3.22849e-06,-0.000107791,0.0379769
0.000300135,0.000291041,0.0379355,0.000309335,-0.000257842,0.0381162,0.000154213,0.000267235,0.0351317,0.000166396,-7.03938e-05,0.0353005
0.000444016,0.000246328,0.0360018,0.00045356,-0.000219451,0.0361674,0.000206185,0.000216267,0.0332574,0.000221243,-4.26321e-05,0.0335108
0.000617084,0.000197929,0.0347995,0.000628769,-0.000180074,0.0349544,0.00029689,0.000163378,0.032079,0.000315769,-1.93735e-05,0.0324108
0.00069533,0.000140399,0.0339974,0.000704186,-0.000132167,0.0341344,0.000363604,0.000133702,0.0314379,0.000385679,-1.74463e-05,0.0318445
0.000641331,9.68567e-05,0.0335027,0.000649633,-9.463e-05,0.0336318,0.000300119,8.83475e-05,0.0309099,0.000319217,9.1737e-07,0.0313738
0.000544977,6.03492e-05,0.0331907,0.000551661,-5.62208e-05,0.0333157,0.000252118,6.64062e-05,0.0305846,0.000267958,3.99709e-06,0.0310964
0.00043516,2.45024e-05,0.0330096,0.000440227,-1.9757e-05,0.0331343,0.000216034,5.09237e-05,0.0304777,0.000228425,2.74393e-06,0.0310308
0.000352845,-6.97073e-06,0.0329508,0.000356667,1.28902e-05,0.0330784,0.000205635,3.59559e-05,0.0306061,0.000215623,2.32753e-06,0.0311973
0.000275038,-1.84673e-05,0.0331746,0.000277909,2.63802e-05,0.0333089,0.000145536,1.35558e-05,0.0308514,0.000151489,6.3421e-06,0.0314752
0.000216607,-2.75996e-05,0.0336959,0.000218695,3.77914e-05,0.0338402,9.46142e-05,-7.85007e-06,0.0312392,9.71722e-05,1.0748e-05,0.0318921
0.000174986,-4.62363e-05,0.034462,0.000176231,5.67561e-05,0.0346184,8.2427e-05,-2.2364e-05,0.03186,8.35028e-05,1.14694e-05,0.0325433
0.00014026,-7.91176e-05,0.0353936,0.000140457,8.75162e-05,0.035563,0.000121474,-2.70717e-05,0.0328415,0.000123653,4.91732e-06,0.0335626
0.000110196,-8.81299e-05,0.0367619,0.000109738,9.62281e-05,0.0369474,8.38636e-05,-4.87611e-05,0.0340517,8.40587e-05,8.35222e-06,0.0348119
8.26479e-05,-0.000100302,0.0386702,8.13335e-05,0.000106629,0.0388754,4.38622e-05,-7.28659e-05,0.0355476,4.23401e-05,1.08701e-05,0.0363503
5.44118e-05,-0.000138278,0.0410776,5.15632e-05,0.000139907,0.0413044,7.54115e-05,-8.70942e-05,0.0375579,7.57611e-05,4.56744e-06,0.0384153
2.38818e-05,-0.000184457,0.0441556,1.91795e-05,0.000180908,0.0444073,0.000117837,-0.000104797,0.0402279,0.000120856,-3.66853e-06,0.0411563
1.16146e-05,-0.000220437,0.048421,4.90809e-06,0.000212205,0.0487047,8.42983e-05,-0.000149635,0.043596,8.69677e-05,-3.39817e-07,0.0446089
-8.14432e-06,-0.000306015,0.0542146,-1.84765e-05,0.000286417,0.0545375,0.000130796,-0.000200286,0.0481055,0.000137504,-7.41257e-06,0.0492294
-8.19708e-05,-0.000465494,0.0621958,-9.90476e-05,0.000424868,0.0625671,0.000248523,-0.000266087,0.0544177,0.000263456,-2.88894e-05,0.0556952
-0.000203849,-0.000699535,0.0743665,-0.000232141,0.000623237,0.0748076,0.000203094,-0.000413239,0.0632155,0.000219615,-4.23759e-05,0.0646927
-0.000449394,-0.00128189,0.0938777,-0.000502493,0.00112411,0.0944177,0.000335019,-0.00066113,0.0766689,0.000363899,-9.17057e-05,0.0784339
-0.00133219,-0.00289645,0.128531,-0.0014491,0.00251646,0.129213,0.000727091,-0.00121568,0.0996172,0.000782089,-0.00022098,0.101821
-0.00495548,-0.00892868,0.206683,-0.00529073,0.00767294,0.207557,0.00113501,-0.00295217,0.145631,0.00121435,-0.000618078,0.148467
-0.0476915,-0.069816,0.53868,-0.049672,0.0587862,0.537263,0.000229633,-0.0126116,0.279174,0.000244069,-0.00313402,0.281667
-20.8882,13.3218,109.928,-20.5162,-13.7461,108.157,1.55576,-0.782211,5.0497,1.55341,-1.3091,5.17312
-24.7678,32.9374,190.097,-24.1724,-32.6811,188.466,-29.8931,41.8268,250.734,-28.8745,-43.3804,248.545
-4.64486,1.41975,11.5901,-4.63793,-1.48814,11.5839,-1.23579,0.124528,2.57675,-1.29609,-0.174936,2.66411
-4.07181,1.6987,10.5194,-4.0749,-1.71717,10.5379,-0.206553,0.0385221,0.719051,-0.210628,-0.0417997,0.726425
-5.06485,2.26288,12.9668,-5.06912,-2.321,13.0643,-0.0558754,0.0175066,0.411106,-0.0574401,-0.0161919,0.41278
-5.85102,2.50673,12.1285,-5.85575,-2.56648,12.2856,0.00439857,0.00980809,0.354071,0.0039751,-0.00823817,0.354775
-0.681013,0.155425,75.8131,-0.398936,0.0731222,75.7438,-6.01692,3.2351,71.714,-6.26517,-3.13601,72.6299
1.49536,-0.108651,71.8115,1.72463,0.32869,71.8274,-3.65357,2.46576,66.773,-3.722,-2.41274,67.468
2.05138,-0.122361,76.4087,2.28735,0.314297,76.4611,-2.40859,1.94269,68.7635,-2.53554,-1.98014,69.6644
2.34104,0.0895888,78.2584,2.57028,0.0613499,78.3608,-1.567,1.86109,68.3517,-1.69093,-1.96056,69.338
2.79496,0.120893,78.9621,3.01502,0.00824382,79.103,-0.607845,1.5163,67.0942,-0.728129,-1.65693,68.1473
3.38753,-0.02872,75.413,3.59902,0.150024,75.5515,0.433983,0.923717,62.2084,0.317231,-1.09934,63.2866
3.98463,-0.0638641,79.5783,4.19214,0.17188,79.7705,1.46809,0.499903,63.8465,1.35251,-0.719123,65.0339
4.00686,0.264542,81.3044,4.21815,-0.168278,81.5025,1.81894,0.655952,63.8491,1.70879,-0.907313,65.1111
4.32203,0.236898,77.6936,4.53776,-0.143981,77.8434,2.38994,0.392746,59.0064,2.28239,-0.682524,60.3056
5.29308,0.0128356,79.7911,5.51436,0.0932592,79.9399,3.61308,-0.366498,58.9919,3.50655,0.0275197,60.3924
5.74566,-0.0716861,77.5508,5.98247,0.183641,77.6028,4.20224,-0.703558,55.3306,4.08969,0.299501,56.8279
5.72561,0.203443,74.6132,5.98535,-0.0813585,74.4915,4.28659,-0.588006,51.445,4.15532,0.109847,53.0763
6.70444,-0.679309,62.1692,6.97971,0.828328,61.7512,5.44868,-2.19317,38.3439,5.27245,1.56628,40.1199
6.59921,-1.17795,46.6846,6.83909,1.22405,46.0059,3.88687,-1.44616,28.5435,3.8504,0.903864,29.413
-0.0283274,-0.0107398,0.139818,-0.0285122,0.00997997,0.140248,-0.0228839,-0.0144285,0.124402,-0.0226448,0.0120621,0.123737
-0.0039425,-2.05844e-05,0.0731572,-0.00396122,-0.000101525,0.07348,-0.00250176,-0.000375642,0.0670955,-0.00255878,0.000249545,0.0670031
-0.00127432,0.000449128,0.0548513,-0.00128697,-0.000460702,0.055103,-0.000796267,0.000325565,0.0506332,-0.000817044,-0.000181342,0.0505473
-0.000435822,0.000392834,0.0459708,-0.000440089,-0.000375933,0.0461829,-0.000278203,0.000333236,0.0424597,-0.000285525,-0.000138214,0.0424385
2.34692e-05,0.000343437,0.0410019,2.81134e-05,-0.000314302,0.0411962,-9.16099e-06,0.000308687,0.037902,-3.23266e-06,-0.000107786,0.037977
0.000300134,0.000291046,0.0379355,0.000309334,-0.000257839,0.0381162,0.000154217,0.000267237,0.0351316,0.000166394,-7.03889e-05,0.0353005
0.000444015,0.000246333,0.0360019,0.000453559,-0.000219448,0.0361674,0.000206187,0.00021627,0.0332574,0.000221241,-4.26271e-05,0.0335108
0.000617083,0.000197934,0.0347996,0.000628767,-0.00018007,0.0349544,0.000296891,0.000163381,0.0320789,0.000315768,-1.93684e-05,0.0324108
0.000695329,0.000140404,0.0339974,0.000704184,-0.000132163,0.0341344,0.000363604,0.000133706,0.0314378,0.000385678,-1.74411e-05,0.0318445
0.000641331,9.68625e-05,0.0335027,0.000649631,-9.46255e-05,0.0336317,0.000300118,8.83523e-05,0.0309099,0.000319216,9.22533e-07,0.0313738
0.000544976,6.03553e-05,0.0331907,0.000551659,-5.6216e-05,0.0333157,0.000252116,6.64114e-05,0.0305845,0.000267958,4.00232e-06,0.0310964
0.000435159,2.45089e-05,0.0330096,0.000440224,-1.97519e-05,0.0331342,0.000216032,5.09294e-05,0.0304777,0.000228425,2.74932e-06,0.0310308
0.000352844,-6.96392e-06,0.0329508,0.000356665,1.28956e-05,0.0330784,0.000205633,3.59621e-05,0.030606,0.000215623,2.33316e-06,0.0311973
0.000275037,-1.846e-05,0.0331746,0.000277907,2.63861e-05,0.0333088,0.000145533,1.35625e-05,0.0308514,0.00015149,6.34797e-06,0.0314752
0.000216606,-2.75917e-05,0.0336959,0.000218692,3.77978e-05,0.0338402,9.46106e-05,-7.84283e-06,0.0312392,9.71729e-05,1.07541e-05,0.0318921
0.000174984,-4.62276e-05,0.034462,0.000176228,5.67631e-05,0.0346184,8.2423e-05,-2.23561e-05,0.03186,8.35035e-05,1.1476e-05,0.0325433
0.000140258,-7.91081e-05,0.0353936,0.000140454,8.75239e-05,0.0355629,0.000121469,-2.7063e-05,0.0328415,0.000123654,4.92458e-06,0.0335625
0.000110194,-8.81191e-05,0.0367619,0.000109735,9.62368e-05,0.0369474,8.38584e-05,-4.87513e-05,0.0340517,8.40595e-05,8.36018e-06,0.0348119
8.26447e-05,-0.00010029,0.0386702,8.13293e-05,0.000106639,0.0388754,4.38563e-05,-7.28548e-05,0.0355476,4.23409e-05,1.08789e-05,0.0363503
5.4408e-05,-0.000138263,0.0410776,5.15581e-05,0.000139918,0.0413044,7.54046e-05,-8.70815e-05,0.0375579,7.57618e-05,4.57747e-06,0.0384153
2.3877e-05,-0.000184439,0.0441556,1.91732e-05,0.000180922,0.0444073,0.000117828,-0.000104782,0.0402279,0.000120857,-3.65683e-06,0.0411563
1.16083e-05,-0.000220416,0.048421,4.89996e-06,0.000212222,0.0487047,8.42884e-05,-0.000149617,0.0435959,8.69679e-05,-3.25997e-07,0.0446089
-8.15288e-06,-0.000305987,0.0542146,-1.84875e-05,0.000286439,0.0545375,0.000130783,-0.000200263,0.0481055,0.000137504,-7.39565e-06,0.0492294
-8.19828e-05,-0.000465455,0.0621959,-9.90629e-05,0.000424899,0.0625671,0.000248506,-0.000266056,0.0544177,0.000263455,-2.88677e-05,0.0556952
-0.000203867,-0.000699479,0.0743665,-0.000232165,0.000623282,0.0748076,0.000203071,-0.000413196,0.0632154,0.000219612,-4.23468e-05,0.0646927
-0.000449426,-0.00128179,0.0938777,-0.000502534,0.00112418,0.0944177,0.000334982,-0.000661063,0.0766688,0.000363891,-9.16632e-05,0.0784339
-0.00133225,-0.00289627,0.128531,-0.00144918,0.0025166,0.129213,0.000727025,-0.00121556,0.0996171,0.00078207,-0.000220909,0.101821
-0.00495566,-0.00892819,0.206682,-0.00529096,0.00767335,0.207557,0.00113485,-0.0029519,0.145631,0.0012143,-0.000617923,0.148467
-0.0476924,-0.0698123,0.538677,-0.0496738,0.0587891,0.537265,0.000229066,-0.0126105,0.279173,0.000243823,-0.00313342,0.281666
-20.8884,13.3221,109.928,-20.5164,-13.7459,108.157,1.55567,-0.782073,5.04942,1.55334,-1.30893,5.17284
-24.768,32.9376,190.097,-24.1726,-32.6811,188.466,-29.8931,41.827,250.734,-28.8744,-43.38,248.544
-4.64486,1.41974,11.59,-4.63792,-1.48811,11.5838,-1.23584,0.124532,2.57682,-1.29614,-0.174937,2.66418
-4.07178,1.69869,10.5193,-4.07487,-1.71714,10.5379,-0.206558,0.0385231,0.71906,-0.210632,-0.0417998,0.726435
-5.06479,2.26289,12.967,-5.06906,-2.32098,13.0646,-0.0558764,0.017507,0.41111,-0.0574409,-0.0161919,0.412784
-5.85098,2.50677,12.1291,-5.85568,-2.56643,12.286,0.00439872,0.00980854,0.354074,0.00397536,-0.008238,0.354779
-0.680982,0.155323,75.813,-0.398952,0.0730436,75.7439,-6.01688,3.23495,71.7139,-6.26519,-3.13613,72.6299
1.49539,-0.108746,71.8114,1.72462,0.32862,71.8274,-3.65353,2.46562,66.7728,-3.72202,-2.41285,67.468
2.0514,-0.122451,76.4086,2.28734,0.314233,76.4611,-2.40855,1.94255,68.7633,-2.53555,-1.98024,69.6645
2.34106,0.0895019,78.2583,2.57028,0.0612907,78.3608,-1.56697,1.86096,68.3516,-1.69093,-1.96065,69.338
2.79498,0.120808,78.962,3.01502,0.00818828,79.103,-0.607809,1.51617,67.094,-0.728126,-1.65702,68.1473
3.38755,-0.0288035,75.4129,3.59902,0.149972,75.5515,0.434016,0.923588,62.2082,0.317238,-1.09941,63.2866
3.98464,-0.0639486,79.5782,4.19214,0.17183,79.7704,1.46812,0.49977,63.8464,1.35252,-0.719202,65.0338
4.00687,0.264457,81.3043,4.21815,-0.168327,81.5025,1.81897,0.655814,63.8489,1.70881,-0.907392,65.1111
4.32203,0.236814,77.6935,4.53778,-0.144026,77.8433,2.38997,0.392605,59.0062,2.28242,-0.682601,60.3056
5.29308,0.0127493,79.791,5.51438,0.093215,79.9399,3.61311,-0.366648,58.9917,3.50658,0.0274421,60.3924
5.74566,-0.0717717,77.5507,5.98249,0.183601,77.6028,4.20227,-0.70372,55.3304,4.08972,0.299422,56.8279
5.7256,0.203361,74.613,5.98538,-0.0813922,74.4914,4.28664,-0.588205,51.4446,4.15534,0.109752,53.0762
6.70443,-0.679376,62.169,6.97973,0.828323,61.7512,5.44845,-2.19302,38.3444,5.27259,1.56639,40.1193
6.59929,-1.1781,46.6835,6.83896,1.22411,46.0065,3.88274,-1.44082,28.5582,3.85251,0.907003,29.4045
-0.0283273,-0.0107397,0.139818,-0.0285122,0.00998003,0.140248,-0.0228841,-0.0144285,0.124402,-0.0226446,0.0120621,0.123737
-0.00394248,-2.05803e-05,0.0731571,-0.00396122,-0.000101519,0.0734801,-0.00250179,-0.000375616,0.0670956,-0.00255875,0.000249552,0.067003
-0.00127432,0.000449126,0.0548512,-0.00128697,-0.000460702,0.055103,-0.00079628,0.000325574,0.0506333,-0.000817031,-0.000181342,0.0505473
-0.000435818,0.000392832,0.0459708,-0.000440088,-0.000375934,0.0461829,-0.000278209,0.000333239,0.0424597,-0.000285517,-0.000138217,0.0424384
2.34721e-05,0.000343434,0.0410019,2.81149e-05,-0.000314304,0.0411962,-9.1639e-06,0.000308687,0.037902,-3.22775e-06,-0.000107789,0.0379769
0.000300136,0.000291043,0.0379355,0.000309336,-0.000257841,0.0381162,0.000154216,0.000267235,0.0351317,0.000166397,-7.03921e-05,0.0353005
0.000444017,0.000246329,0.0360018,0.000453561,-0.00021945,0.0361674,0.000206187,0.000216268,0.0332574,0.000221244,-4.26304e-05,0.0335108
0.000617085,0.000197931,0.0347996,0.00062877,-0.000180073,0.0349544,0.000296892,0.000163379,0.032079,0.00031577,-1.93718e-05,0.0324108
0.00069533,0.000140401,0.0339974,0.000704186,-0.000132166,0.0341344,0.000363606,0.000133703,0.0314379,0.00038568,-1.74445e-05,0.0318445
0.000641332,9.68589e-05,0.0335027,0.000649634,-9.46289e-05,0.0336318,0.00030012,8.83489e-05,0.0309099,0.000319218,9.19068e-07,0.0313738
0.000544977,6.03516e-05,0.0331907,0.000551661,-5.62196e-05,0.0333157,0.000252119,6.64077e-05,0.0305846,0.00026796,3.9988e-06,0.0310964
0.00043516,2.45049e-05,0.0330096,0.000440227,-1.97558e-05,0.0331343,0.000216035,5.09254e-05,0.0304777,0.000228427,2.7457e-06,0.0310308
0.000352846,-6.96808e-06,0.0329508,0.000356667,1.28914e-05,0.0330784,0.000205636,3.59578e-05,0.0306061,0.000215625,2.32938e-06,0.0311973
0.000275038,-1.84644e-05,0.0331746,0.000277909,2.63816e-05,0.0333089,0.000145537,1.35579e-05,0.0308514,0.000151491,6.34403e-06,0.0314752
0.000216607,-2.75965e-05,0.0336959,0.000218695,3.77929e-05,0.0338402,9.46146e-05,-7.84776e-06,0.0312392,9.71741e-05,1.075e-05,0.0318921
0.000174985,-4.62329e-05,0.034462,0.00017623,5.67577e-05,0.0346184,8.24273e-05,-2.23614e-05,0.03186,8.35047e-05,1.14716e-05,0.0325433
0.00014026,-7.91138e-05,0.0353936,0.000140456,8.75179e-05,0.0355629,0.000121474,-2.70688e-05,0.0328415,0.000123655,4.91972e-06,0.0335625
0.000110195,-8.81256e-05,0.0367619,0.000109738,9.623e-05,0.0369474,8.38636e-05,-4.87578e-05,0.0340517,8.40607e-05,8.35486e-06,0.0348119
8.26467e-05,-0.000100297,0.0386702,8.13322e-05,0.000106631,0.0388754,4.3862e-05,-7.28621e-05,0.0355476,4.23421e-05,1.0873e-05,0.0363503
5.44102e-05,-0.000138272,0.0410776,5.15615e-05,0.000139909,0.0413045,7.5411e-05,-8.70898e-05,0.0375579,7.57631e-05,4.57078e-06,0.0384153
2.38795e-05,-0.000184449,0.0441556,1.91771e-05,0.000180911,0.0444073,0.000117836,-0.000104792,0.0402279,0.000120858,-3.66461e-06,0.0411563
1.16112e-05,-0.000220428,0.0484211,4.90462e-06,0.000212208,0.0487047,8.42968e-05,-0.000149628,0.043596,8.69695e-05,-3.35174e-07,0.0446089
-8.14937e-06,-0.000306003,0.0542146,-1.84816e-05,0.000286421,0.0545375,0.000130793,-0.000200278,0.0481055,0.000137506,-7.40686e-06,0.0492294
-8.19785e-05,-0.000465478,0.0621959,-9.90554e-05,0.000424874,0.0625671,0.000248519,-0.000266075,0.0544177,0.000263457,-2.8882e-05,0.0556952
-0.000203862,-0.000699512,0.0743665,-0.000232154,0.000623246,0.0748076,0.000203087,-0.000413222,0.0632154,0.000219614,-4.23659e-05,0.0646927
-0.000449419,-0.00128185,0.0938778,-0.000502518,0.00112412,0.0944177,0.000335004,-0.000661103,0.0766688,0.000363894,-9.16908e-05,0.0784339
-0.00133224,-0.00289638,0.128531,-0.00144915,0.00251648,0.129213,0.000727059,-0.00121563,0.0996171,0.000782072,-0.000220954,0.101821
-0.00495564,-0.00892847,0.206682,-0.00529089,0.00767302,0.207557,0.00113492,-0.00295205,0.145631,0.0012143,-0.000618016,0.148467
-0.0476922,-0.069814,0.538677,-0.049673,0.0587864,0.537261,0.000229241,-0.012611,0.279173,0.000243779,-0.00313373,0.281665
-20.8883,13.3219,109.927,-20.5162,-13.746,108.157,1.55566,-0.782143,5.04934,1.55332,-1.30893,5.17272
-24.7681,32.9375,190.097,-24.1726,-32.6812,188.466,-29.8929,41.8266,250.733,-28.8743,-43.3801,248.543
-4.64484,1.41972,11.5899,-4.6379,-1.48811,11.5837,-1.23587,0.124534,2.57687,-1.29618,-0.174945,2.66424
-4.07175,1.69867,10.5193,-4.07484,-1.71712,10.5378,-0.206561,0.0385233,0.719066,-0.210635,-0.041801,0.726441
-5.06475,2.26288,12.9672,-5.06902,-2.32097,13.0646,-0.0558768,0.017507,0.411112,-0.0574416,-0.0161923,0.412786
-5.85095,2.50674,12.1294,-5.85566,-2.56645,12.2863,0.00439887,0.00980844,0.354076,0.00397541,-0.00823832,0.35478
-0.681011,0.155391,75.8131,-0.398949,0.0730973,75.7438,-6.01692,3.23506,71.714,-6.26519,-3.13605,72.6299
1.49536,-0.108683,71.8115,1.72462,0.328668,71.8274,-3.65357,2.46572,66.7729,-3.72202,-2.41278,67.468
2.05138,-0.122391,76.4087,2.28734,0.314277,76.4611,-2.40858,1.94265,68.7634,-2.53556,-1.98018,69.6644
2.34104,0.0895594,78.2584,2.57028,0.0613315,78.3608,-1.567,1.86105,68.3517,-1.69094,-1.96059,69.338
2.79496,0.120864,78.962,3.01502,0.00822671,79.103,-0.607841,1.51626,67.0941,-0.728136,-1.65696,68.1473
3.38753,-0.0287485,75.413,3.59901,0.150008,75.5515,0.433986,0.923675,62.2083,0.317226,-1.09936,63.2866
3.98462,-0.0638916,79.5782,4.19213,0.171863,79.7705,1.46809,0.499859,63.8465,1.3525,-0.719149,65.0338
4.00686,0.264513,81.3043,4.21814,-0.168292,81.5025,1.81894,0.655906,63.8491,1.70879,-0.907338,65.1111
4.32202,0.236869,77.6936,4.53776,-0.143994,77.8433,2.38994,0.392699,59.0064,2.2824,-0.682548,60.3056
5.29307,0.0128056,79.7911,5.51436,0.0932464,79.9399,3.61308,-0.366548,58.9918,3.50655,0.0274957,60.3924
5.74565,-0.0717161,77.5507,5.98247,0.18363,77.6028,4.20224,-0.703613,55.3305,4.08969,0.299477,56.8279
5.7256,0.203414,74.6131,5.98535,-0.0813674,74.4915,4.2866,-0.588074,51.4449,4.15532,0.109819,53.0762
6.70443,-0.679334,62.1691,6.97971,0.828329,61.7512,5.44859,-2.19312,38.3441,5.27249,1.56631,40.1197
6.59923,-1.178,46.6842,6.83905,1.22408,46.0061,3.88546,-1.44436,28.5484,3.85102,0.904816,29.4104
-0.0283273,-0.0107398,0.139818,-0.0285122,0.00997999,0.140248,-0.022884,-0.0144285,0.124402,-0.0226447,0.0120621,0.123737
-0.00394249,-2.05829e-05,0.0731572,-0.00396121,-0.000101523,0.07348,-0.00250177,-0.000375634,0.0670956,-0.00255877,0.000249547,0.0670031
-0.00127432,0.000449127,0.0548513,-0.00128697,-0.000460702,0.055103,-0.000796269,0.000325568,0.0506332,-0.000817038,-0.000181342,0.0505473
-0.00043582,0.000392833,0.0459708,-0.000440088,-0.000375933,0.0461829,-0.000278204,0.000333237,0.0424597,-0.000285521,-0.000138215,0.0424385
2.3471e-05,0.000343436,0.0410019,2.81148e-05,-0.000314303,0.0411962,-9.16087e-06,0.000308687,0.037902,-3.23002e-06,-0.000107787,0.0379769
0.000300135,0.000291045,0.0379355,0.000309335,-0.00025784,0.0381162,0.000154218,0.000267236,0.0351316,0.000166396,-7.03899e-05,0.0353005
0.000444016,0.000246332,0.0360019,0.00045356,-0.000219449,0.0361674,0.000206188,0.000216269,0.0332574,0.000221243,-4.26282e-05,0.0335108
0.000617084,0.000197933,0.0347996,0.000628769,-0.000180071,0.0349544,0.000296892,0.00016338,0.0320789,0.00031577,-1.93695e-05,0.0324108
0.00069533,0.000140403,0.0339974,0.000704185,-0.000132164,0.0341344,0.000363606,0.000133705,0.0314378,0.00038568,-1.74422e-05,0.0318445
0.000641332,9.68615e-05,0.0335027,0.000649633,-9.46268e-05,0.0336317,0.00030012,8.83511e-05,0.0309099,0.000319218,9.21446e-07,0.0313738
0.000544977,6.03543e-05,0.0331907,0.00055166,-5.62173e-05,0.0333157,0.000252118,6.64101e-05,0.0305845,0.00026796,4.00122e-06,0.0310964
0.00043516,2.45077e-05,0.0330096,0.000440226,-1.97533e-05,0.0331343,0.000216033,5.0928e-05,0.0304777,0.000228427,2.74819e-06,0.0310308
0.000352845,-6.96508e-06,0.0329508,0.000356666,1.2894e-05,0.0330784,0.000205635,3.59606e-05,0.0306061,0.000215625,2.33198e-06,0.0311973
0.000275038,-1.84612e-05,0.0331746,0.000277908,2.63844e-05,0.0333088,0.000145535,1.3561e-05,0.0308514,0.000151491,6.34674e-06,0.0314752
0.000216606,-2.7593e-05,0.0336959,0.000218693,3.77959e-05,0.0338402,9.46129e-05,-7.84448e-06,0.0312392,9.71743e-05,1.07529e-05,0.0318921
0.000174985,-4.62291e-05,0.034462,0.000176229,5.67611e-05,0.0346184,8.24254e-05,-2.23579e-05,0.03186,8.35049e-05,1.14746e-05,0.0325433
0.000140259,-7.91096e-05,0.0353936,0.000140455,8.75216e-05,0.0355629,0.000121472,-2.70649e-05,0.0328415,0.000123656,4.92308e-06,0.0335625
0.000110194,-8.81208e-05,0.0367619,0.000109736,9.62342e-05,0.0369474,8.38612e-05,-4.87534e-05,0.0340517,8.40611e-05,8.35854e-06,0.0348119
8.26456e-05,-0.000100292,0.0386702,8.13306e-05,0.000106636,0.0388754,4.38593e-05,-7.28571e-05,0.0355476,4.23425e-05,1.08771e-05,0.0363503
5.44088e-05,-0.000138265,0.0410776,5.15595e-05,0.000139915,0.0413044,7.54079e-05,-8.70841e-05,0.0375579,7.57635e-05,4.57541e-06,0.0384153
2.38778e-05,-0.000184442,0.0441556,1.91747e-05,0.000180917,0.0444073,0.000117832,-0.000104785,0.0402279,0.000120859,-3.65922e-06,0.0411563
1.16091e-05,-0.000220419,0.0484211,4.90158e-06,0.000212217,0.0487047,8.42925e-05,-0.00014962,0.043596,8.69698e-05,-3.28805e-07,0.0446089
-8.15222e-06,-0.000305991,0.0542146,-1.84857e-05,0.000286432,0.0545375,0.000130788,-0.000200267,0.0481055,0.000137506,-7.39907e-06,0.0492294
-8.19825e-05,-0.000465461,0.0621959,-9.9061e-05,0.000424889,0.0625671,0.000248512,-0.000266061,0.0544177,0.000263457,-2.88721e-05,0.0556952
-0.000203868,-0.000699487,0.0743665,-0.000232163,0.000623268,0.0748076,0.000203077,-0.000413203,0.0632154,0.000219614,-4.23526e-05,0.0646927
-0.000449429,-0.00128181,0.0938778,-0.000502532,0.00112416,0.0944178,0.00033499,-0.000661074,0.0766688,0.000363892,-9.16713e-05,0.0784339
-0.00133226,-0.0028963,0.128531,-0.00144918,0.00251656,0.129213,0.000727034,-0.00121558,0.0996171,0.000782068,-0.000220922,0.101821
-0.00495569,-0.00892826,0.206682,-0.00529098,0.00767322,0.207557,0.00113486,-0.00295194,0.145631,0.00121428,-0.000617947,0.148467
-0.0476925,-0.0698124,0.538676,-0.0496736,0.0587878,0.537262,0.000229038,-0.0126106,0.279172,0.000243723,-0.00313347,0.281665
-20.8883,13.322,109.927,-20.5163,-13.7459,108.157,1.55563,-0.782085,5.04926,1.5533,-1.30887,5.17265
-24.7681,32.9376,190.097,-24.1727,-32.6811,188.466,-29.8929,41.8267,250.733,-28.8743,-43.38,248.543
-4.64484,1.41972,11.5899,-4.6379,-1.4881,11.5837,-1.23588,0.124535,2.57688,-1.29619,-0.174944,2.66425
-4.07174,1.69866,10.5193,-4.07483,-1.71712,10.5378,-0.206562,0.0385236,0.719068,-0.210636,-0.0418009,0.726443
-5.06473,2.26288,12.9673,-5.06901,-2.32097,13.0647,-0.0558771,0.0175072,0.411113,-0.0574418,-0.0161922,0.412787
-5.85094,2.50676,12.1295,-5.85563,-2.56643,12.2864,0.0043989,0.00980862,0.354077,0.00397548,-0.00823821,0.354781
-0.680996,0.155345,75.813,-0.398956,0.0730607,75.7438,-6.0169,3.23499,71.7139,-6.2652,-3.13611,72.6299
1.49537,-0.108726,71.8114,1.72461,0.328635,71.8274,-3.65355,2.46565,66.7729,-3.72203,-2.41283,67.468
2.05139,-0.122431,76.4086,2.28733,0.314247,76.4611,-2.40856,1.94259,68.7634,-2.53556,-1.98022,69.6645
2.34105,0.0895207,78.2584,2.57027,0.0613036,78.3608,-1.56698,1.86099,68.3516,-1.69094,-1.96063,69.338
2.79497,0.120827,78.962,3.01501,0.00820036,79.103,-0.607825,1.5162,67.0941,-0.728135,-1.657,68.1473
3.38754,-0.0287854,75.4129,3.59901,0.149983,75.5515,0.434001,0.923618,62.2082,0.317229,-1.0994,63.2866
3.98463,-0.0639303,79.5782,4.19214,0.171841,79.7705,1.46811,0.4998,63.8464,1.35251,-0.719186,65.0338
4.00686,0.264475,81.3043,4.21815,-0.168316,81.5025,1.81896,0.655846,63.849,1.7088,-0.907376,65.1111
4.32203,0.236832,77.6936,4.53777,-0.144016,77.8433,2.38995,0.392637,59.0063,2.2824,-0.682587,60.3056
5.29307,0.0127679,79.791,5.51437,0.0932247,79.9399,3.6131,-0.366615,58.9917,3.50657,0.027458,60.3924
5.74565,-0.0717533,77.5507,5.98248,0.18361,77.6028,4.20226,-0.703684,55.3304,4.0897,0.299439,56.8279
5.7256,0.203379,74.6131,5.98536,-0.0813847,74.4915,4.28663,-0.588161,51.4447,4.15533,0.109772,53.0762
6.70443,-0.679362,62.169,6.97972,0.828324,61.7512,5.44849,-2.19305,38.3443,5.27256,1.56636,40.1194
6.59927,-1.17806,46.6837,6.83899,1.22409,46.0064,3.88366,-1.44201,28.5549,3.85206,0.906325,29.4063
-0.0283273,-0.0107397,0.139818,-0.0285122,0.00998002,0.140248,-0.0228841,-0.0144285,0.124402,-0.0226446,0.0120621,0.123737
-0.00394248,-2.0581e-05,0.0731571,-0.00396122,-0.00010152,0.0734801,-0.00250178,-0.000375622,0.0670956,-0.00255876,0.000249551,0.0670031
-0.00127432,0.000449127,0.0548512,-0.00128697,-0.000460702,0.055103,-0.000796276,0.000325572,0.0506333,-0.000817032,-0.000181342,0.0505473
-0.000435818,0.000392832,0.0459708,-0.000440088,-0.000375934,0.0461829,-0.000278207,0.000333238,0.0424597,-0.000285518,-0.000138216,0.0424384
2.34721e-05,0.000343435,0.0410019,2.81152e-05,-0.000314304,0.0411962,-9.16239e-06,0.000308687,0.037902,-3.22797e-06,-0.000107789,0.0379769
0.000300136,0.000291044,0.0379355,0.000309336,-0.000257841,0.0381162,0.000154217,0.000267235,0.0351317,0.000166397,-7.03914e-05,0.0353005
0.000444017,0.00024633,0.0360018,0.000453561,-0.00021945,0.0361674,0.000206188,0.000216268,0.0332574,0.000221244,-4.26297e-05,0.0335108
0.000617085,0.000197932,0.0347996,0.00062877,-0.000180072,0.0349544,0.000296893,0.000163379,0.032079,0.00031577,-1.9371e-05,0.0324108
0.00069533,0.000140402,0.0339974,0.000704186,-0.000132166,0.0341344,0.000363606,0.000133704,0.0314378,0.00038568,-1.74438e-05,0.0318445
0.000641332,9.68598e-05,0.0335027,0.000649633,-9.46283e-05,0.0336317,0.000300121,8.83495e-05,0.0309099,0.000319219,9.19851e-07,0.0313738
0.000544977,6.03525e-05,0.0331907,0.000551661,-5.6219e-05,0.0333157,0.000252119,6.64085e-05,0.0305846,0.00026796,3.9996e-06,0.0310964
0.00043516,2.45059e-05,0.0330096,0.000440226,-1.97551e-05,0.0331343,0.000216035,5.09262e-05,0.0304777,0.000228427,2.74652e-06,0.0310308
0.000352846,-6.96699e-06,0.0329508,0.000356667,1.28922e-05,0.0330784,0.000205636,3.59587e-05,0.0306061,0.000215625,2.33023e-06,0.0311973
0.000275038,-1.84632e-05,0.0331746,0.000277909,2.63824e-05,0.0333089,0.000145536,1.35589e-05,0.0308514,0.000151492,6.34492e-06,0.0314752
0.000216607,-2.75952e-05,0.0336959,0.000218694,3.77937e-05,0.0338402,9.46145e-05,-7.8467e-06,0.0312392,9.71746e-05,1.07509e-05,0.0318921
0.000174985,-4.62315e-05,0.034462,0.00017623,5.67587e-05,0.0346184,8.24271e-05,-2.23603e-05,0.03186,8.35052e-05,1.14726e-05,0.0325433
0.000140259,-7.91123e-05,0.0353936,0.000140456,8.75189e-05,0.0355629,0.000121474,-2.70675e-05,0.0328415,0.000123656,4.92083e-06,0.0335625
0.000110195,-8.81238e-05,0.0367619,0.000109737,9.62311e-05,0.0369474,8.38632e-05,-4.87563e-05,0.0340517,8.40613e-05,8.35608e-06,0.0348119
8.26463e-05,-0.000100295,0.0386702,8.13317e-05,0.000106632,0.0388754,4.38615e-05,-7.28604e-05,0.0355476,4.23427e-05,1.08743e-05,0.0363503
5.44097e-05,-0.000138269,0.0410776,5.15608e-05,0.000139911,0.0413045,7.54104e-05,-8.70878e-05,0.0375579,7.57637e-05,4.57232e-06,0.0384153
2.38787e-05,-0.000184447,0.0441556,1.91762e-05,0.000180912,0.0444073,0.000117835,-0.000104789,0.0402279,0.000120859,-3.66282e-06,0.0411563
1.16102e-05,-0.000220425,0.0484211,4.90343e-06,0.000212211,0.0487047,8.42958e-05,-0.000149626,0.043596,8.69701e-05,-3.33055e-07,0.0446089
-8.15088e-06,-0.000305999,0.0542146,-1.84833e-05,0.000286424,0.0545375,0.000130792,-0.000200274,0.0481055,0.000137506,-7.40426e-06,0.0492294
-8.19808e-05,-0.000465471,0.0621959,-9.90579e-05,0.000424878,0.0625671,0.000248517,-0.00026607,0.0544177,0.000263457,-2.88787e-05,0.0556952
-0.000203866,-0.000699502,0.0743665,-0.000232159,0.000623251,0.0748076,0.000203084,-0.000413215,0.0632154,0.000219614,-4.23614e-05,0.0646927
-0.000449426,-0.00128183,0.0938778,-0.000502525,0.00112413,0.0944178,0.000334999,-0.000661092,0.0766688,0.000363892,-9.16841e-05,0.0784339
-0.00133226,-0.00289635,0.128531,-0.00144917,0.0025165,0.129213,0.000727048,-0.00121561,0.0996171,0.000782068,-0.000220943,0.101821
-0.00495568,-0.00892839,0.206682,-0.00529094,0.00767307,0.207557,0.00113489,-0.00295201,0.145631,0.00121428,-0.000617991,0.148467
-0.0476924,-0.0698132,0.538676,-0.0496733,0.0587867,0.537261,0.000229123,-0.0126109,0.279172,0.000243709,-0.00313362,0.281665
-20.8883,13.3219,109.927,-20.5163,-13.746,108.157,1.55563,-0.782119,5.04925,1.55329,-1.30888,5.17262
-24.7682,32.9376,190.097,-24.1727,-32.6812,188.466,-29.8928,41.8266,250.733,-28.8742,-43.38,248.543
-4.64483,1.41971,11.5898,-4.6379,-1.4881,11.5836,-1.23589,0.124535,2.5769,-1.2962,-0.174946,2.66427
-4.07173,1.69866,10.5192,-4.07483,-1.71711,10.5378,-0.206563,0.0385237,0.719069,-0.210637,-0.0418013,0.726445
-5.06472,2.26288,12.9673,-5.069,-2.32096,13.0647,-0.0558772,0.0175072,0.411114,-0.0574419,-0.0161924,0.412788
-5.85093,2.50675,12.1296,-5.85563,-2.56644,12.2865,0.00439894,0.00980855,0.354077,0.00397549,-0.00823834,0.354782
-0.681004,0.155368,75.813,-0.398953,0.073079,75.7438,-6.01691,3.23502,71.7139,-6.26519,-3.13608,72.6299
1.49537,-0.108705,71.8115,1.72462,0.328652,71.8274,-3.65356,2.46568,66.7729,-3.72202,-2.41281,67.468
2.05138,-0.122411,76.4086,2.28733,0.314262,76.4611,-2.40857,1.94262,68.7634,-2.53556,-1.9802,69.6644
2.34104,0.08954,78.2584,2.57027,0.0613175,78.3608,-1.56699,1.86102,68.3516,-1.69094,-1.96061,69.338
2.79496,0.120846,78.962,3.01502,0.00821354,79.103,-0.607833,1.51623,67.0941,-0.728136,-1.65698,68.1473
3.38754,-0.028767,75.4129,3.59901,0.149995,75.5515,0.433994,0.923647,62.2083,0.317227,-1.09938,63.2866
3.98463,-0.0639117,79.5782,4.19214,0.171853,79.7704,1.4681,0.49983,63.8464,1.35251,-0.719168,65.0338
4.00686,0.264494,81.3043,4.21814,-0.168304,81.5025,1.81895,0.655876,63.849,1.70879,-0.907357,65.1111
4.32203,0.236851,77.6936,4.53777,-0.144005,77.8433,2.38995,0.392668,59.0063,2.2824,-0.682567,60.3056
5.29307,0.0127868,79.7911,5.51437,0.0932355,79.9399,3.61309,-0.366582,58.9918,3.50656,0.027477,60.3924
5.74565,-0.0717347,77.5507,5.98248,0.18362,77.6028,4.20225,-0.703649,55.3305,4.0897,0.299458,56.8279
5.7256,0.203396,74.6131,5.98536,-0.081376,74.4915,4.28661,-0.588118,51.4448,4.15532,0.109796,53.0762
6.70443,-0.679348,62.1691,6.97971,0.828327,61.7512,5.44854,-2.19309,38.3442,5.27252,1.56634,40.1196
6.59925,-1.17803,46.684,6.83902,1.22409,46.0062,3.88456,-1.44319,28.5517,3.85154,0.905571,29.4084
-0.0283273,-0.0107398,0.139818,-0.0285122,0.00998001,0.140248,-0.022884,-0.0144285,0.124402,-0.0226447,0.0120621,0.123737
-0.00394249,-2.0582e-05,0.0731572,-0.00396122,-0.000101522,0.07348,-0.00250178,-0.000375628,0.0670956,-0.00255876,0.000249549,0.0670031
-0.00127432,0.000449127,0.0548512,-0.00128697,-0.000460702,0.055103,-0.000796273,0.00032557,0.0506333,-0.000817035,-0.000181342,0.0505473
-0.000435819,0.000392833,0.0459708,-0.000440088,-0.000375933,0.0461829,-0.000278205,0.000333238,0.0424597,-0.000285519,-0.000138215,0.0424384
2.34716e-05,0.000343436,0.0410019,2.8115e-05,-0.000314303,0.0411962,-9.16163e-06,0.000308687,0.037902,-3.229e-06,-0.000107788,0.0379769
0.000300135,0.000291044,0.0379355,0.000309335,-0.00025784,0.0381162,0.000154217,0.000267236,0.0351316,0.000166397,-7.03906e-05,0.0353005
0.000444017,0.000246331,0.0360019,0.000453561,-0.000219449,0.0361674,0.000206188,0.000216268,0.0332574,0.000221244,-4.26289e-05,0.0335108
0.000617085,0.000197932,0.0347996,0.000628769,-0.000180071,0.0349544,0.000296892,0.00016338,0.032079,0.00031577,-1.93703e-05,0.0324108
0.00069533,0.000140403,0.0339974,0.000704185,-0.000132165,0.0341344,0.000363606,0.000133705,0.0314378,0.00038568,-1.7443e-05,0.0318445
0.000641332,9.68607e-05,0.0335027,0.000649633,-9.46275e-05,0.0336317,0.00030012,8.83503e-05,0.0309099,0.000319218,9.20648e-07,0.0313738
0.000544977,6.03534e-05,0.0331907,0.000551661,-5.62182e-05,0.0333157,0.000252119,6.64093e-05,0.0305846,0.00026796,4.00041e-06,0.0310964
0.00043516,2.45068e-05,0.0330096,0.000440226,-1.97542e-05,0.0331343,0.000216034,5.09271e-05,0.0304777,0.000228427,2.74735e-06,0.0310308
0.000352845,-6.96603e-06,0.0329508,0.000356667,1.28931e-05,0.0330784,0.000205635,3.59597e-05,0.0306061,0.000215625,2.33111e-06,0.0311973
0.000275038,-1.84622e-05,0.0331746,0.000277908,2.63834e-05,0.0333088,0.000145536,1.35599e-05,0.0308514,0.000151491,6.34583e-06,0.0314752
0.000216607,-2.75941e-05,0.0336959,0.000218694,3.77948e-05,0.0338402,9.46137e-05,-7.84559e-06,0.0312392,9.71744e-05,1.07519e-05,0.0318921
0.000174985,-4.62303e-05,0.034462,0.00017623,5.67599e-05,0.0346184,8.24262e-05,-2.23591e-05,0.03186,8.35051e-05,1.14736e-05,0.0325433
0.000140259,-7.9111e-05,0.0353936,0.000140456,8.75202e-05,0.0355629,0.000121473,-2.70662e-05,0.0328415,0.000123656,4.92195e-06,0.0335625
0.000110195,-8.81223e-05,0.0367619,0.000109737,9.62326e-05,0.0369474,8.38622e-05,-4.87549e-05,0.0340517,8.40612e-05,8.35731e-06,0.0348119
8.26459e-05,-0.000100293,0.0386702,8.13312e-05,0.000106634,0.0388754,4.38604e-05,-7.28587e-05,0.0355476,4.23426e-05,1.08757e-05,0.0363503
5.44093e-05,-0.000138267,0.0410776,5.15602e-05,0.000139913,0.0413044,7.54092e-05,-8.70859e-05,0.0375579,7.57636e-05,4.57387e-06,0.0384153
2.38783e-05,-0.000184444,0.0441556,1.91755e-05,0.000180915,0.0444073,0.000117834,-0.000104787,0.0402279,0.000120859,-3.66102e-06,0.0411563
1.16096e-05,-0.000220422,0.0484211,4.90251e-06,0.000212214,0.0487047,8.42941e-05,-0.000149623,0.043596,8.69699e-05,-3.3093e-07,0.0446089
-8.15155e-06,-0.000305995,0.0542146,-1.84845e-05,0.000286428,0.0545375,0.00013079,-0.000200271,0.0481055,0.000137506,-7.40167e-06,0.0492294
-8.19817e-05,-0.000465466,0.0621959,-9.90595e-05,0.000424883,0.0625671,0.000248514,-0.000266066,0.0544177,0.000263457,-2.88754e-05,0.0556952
-0.000203867,-0.000699494,0.0743665,-0.000232161,0.000623259,0.0748076,0.00020308,-0.000413209,0.0632154,0.000219614,-4.2357e-05,0.0646927
-0.000449427,-0.00128182,0.0938778,-0.000502529,0.00112414,0.0944178,0.000334994,-0.000661083,0.0766688,0.000363892,-9.16777e-05,0.0784339
-0.00133226,-0.00289632,0.128531,-0.00144918,0.00251653,0.129213,0.000727041,-0.00121559,0.0996171,0.000782068,-0.000220932,0.101821
-0.00495569,-0.00892832,0.206682,-0.00529096,0.00767314,0.207557,0.00113487,-0.00295197,0.145631,0.00121428,-0.000617969,0.148467
-0.0476924,-0.0698128,0.538676,-0.0496735,0.0587873,0.537262,0.00022908,-0.0126107,0.279172,0.000243716,-0.00313355,0.281665
-20.8883,13.322,109.927,-20.5163,-13.7459,108.157,1.55563,-0.782102,5.04926,1.55329,-1.30887,5.17263
-24.7682,32.9376,190.097,-24.1727,-32.6811,188.466,-29.8929,41.8267,250.733,-28.8743,-43.38,248.543
-4.64483,1.41972,11.5898,-4.6379,-1.4881,11.5837,-1.23589,0.124535,2.57689,-1.29619,-0.174945,2.66426
-4.07174,1.69866,10.5192,-4.07483,-1.71711,10.5378,-0.206562,0.0385236,0.719069,-0.210637,-0.0418011,0.726444
-5.06473,2.26288,12.9673,-5.06901,-2.32096,13.0647,-0.0558771,0.0175072,0.411113,-0.0574418,-0.0161923,0.412788
-5.85093,2.50675,12.1295,-5.85563,-2.56644,12.2864,0.00439892,0.00980858,0.354077,0.00397548,-0.00823827,0.354781
-0.681007,0.15538,75.8131,-0.398951,0.0730881,75.7438,-6.01692,3.23504,71.7139,-6.26519,-3.13606,72.6299
1.49536,-0.108694,71.8115,1.72462,0.32866,71.8274,-3.65356,2.4657,66.7729,-3.72202,-2.41279,67.468
2.05138,-0.122401,76.4087,2.28734,0.31427,76.4611,-2.40858,1.94263,68.7634,-2.53556,-1.98019,69.6644
2.34104,0.0895497,78.2584,2.57028,0.0613245,78.3608,-1.567,1.86103,68.3517,-1.69094,-1.9606,69.338
2.79496,0.120855,78.962,3.01502,0.00822012,79.103,-0.607837,1.51624,67.0941,-0.728136,-1.65697,68.1473
3.38753,-0.0287578,75.413,3.59901,0.150002,75.5515,0.43399,0.923661,62.2083,0.317227,-1.09937,63.2866
3.98463,-0.0639024,79.5782,4.19213,0.171859,79.7704,1.4681,0.499845,63.8464,1.35251,-0.719158,65.0338
4.00686,0.264504,81.3043,4.21814,-0.168298,81.5025,1.81895,0.655891,63.849,1.70879,-0.907347,65.1111
4.32202,0.23686,77.6936,4.53776,-0.144,77.8433,2.38995,0.392683,59.0063,2.2824,-0.682557,60.3056
5.29307,0.0127962,79.7911,5.51436,0.093241,79.9399,3.61309,-0.366565,58.9918,3.50656,0.0274863,60.3924
5.74565,-0.0717254,77.5507,5.98247,0.183625,77.6028,4.20225,-0.703631,55.3305,4.08969,0.299468,56.8279
5.7256,0.203405,74.6131,5.98535,-0.0813717,74.4915,4.28661,-0.588096,51.4448,4.15532,0.109807,53.0762
6.70443,-0.679341,62.1691,6.97971,0.828328,61.7512,5.44857,-2.1931,38.3441,5.2725,1.56632,40.1196
6.59924,-1.17802,46.6841,6.83903,1.22408,46.0062,3.88502,-1.44378,28.55,3.85128,0.905194,29.4094
-0.0283273,-0.0107398,0.139818,-0.0285122,0.00998,0.140248,-0.022884,-0.0144285,0.124402,-0.0226447,0.0120621,0.123737
-0.00394249,-2.05825e-05,0.0731572,-0.00396122,-0.000101523,0.07348,-0.00250177,-0.000375631,0.0670956,-0.00255877,0.000249548,0.0670031
-0.00127432,0.000449127,0.0548512,-0.00128697,-0.000460702,0.055103,-0.000796271,0.000325569,0.0506332,-0.000817037,-0.000181342,0.0505473
-0.000435819,0.000392833,0.0459708,-0.000440088,-0.000375933,0.0461829,-0.000278205,0.000333237,0.0424597,-0.00028552,-0.000138215,0.0424384
2.34713e-05,0.000343436,0.0410019,2.81149e-05,-0.000314303,0.0411962,-9.16125e-06,0.000308687,0.037902,-3.22951e-06,-0.000107788,0.0379769
0.000300135,0.000291045,0.0379355,0.000309335,-0.00025784,0.0381162,0.000154218,0.000267236,0.0351316,0.000166396,-7.03903e-05,0.0353005
0.000444016,0.000246331,0.0360019,0.00045356,-0.000219449,0.0361674,0.000206188,0.000216269,0.0332574,0.000221243,-4.26285e-05,0.0335108
0.000617085,0.000197933,0.0347996,0.000628769,-0.000180071,0.0349544,0.000296892,0.00016338,0.032079,0.00031577,-1.93699e-05,0.0324108
0.00069533,0.000140403,0.0339974,0.000704185,-0.000132164,0.0341344,0.000363606,0.000133705,0.0314378,0.00038568,-1.74426e-05,0.0318445
0.000641332,9.68611e-05,0.0335027,0.000649633,-9.46271e-05,0.0336317,0.00030012,8.83507e-05,0.0309099,0.000319218,9.21047e-07,0.0313738
0.000544977,6.03538e-05,0.0331907,0.00055166,-5.62177e-05,0.0333157,0.000252118,6.64097e-05,0.0305845,0.00026796,4.00081e-06,0.0310964
0.00043516,2.45073e-05,0.0330096,0.000440226,-1.97538e-05,0.0331343,0.000216034,5.09275e-05,0.0304777,0.000228427,2.74777e-06,0.0310308
0.000352845,-6.96556e-06,0.0329508,0.000356666,1.28936e-05,0.0330784,0.000205635,3.59602e-05,0.0306061,0.000215625,2.33154e-06,0.0311973
0.000275038,-1.84617e-05,0.0331746,0.000277908,2.63839e-05,0.0333088,0.000145535,1.35605e-05,0.0308514,0.000151491,6.34629e-06,0.0314752
0.000216607,-2.75936e-05,0.0336959,0.000218694,3.77954e-05,0.0338402,9.46133e-05,-7.84504e-06,0.0312392,9.71744e-05,1.07524e-05,0.0318921
0.000174985,-4.62297e-05,0.034462,0.000176229,5.67605e-05,0.0346184,8.24258e-05,-2.23585e-05,0.03186,8.3505e-05,1.14741e-05,0.0325433
0.000140259,-7.91103e-05,0.0353936,0.000140455,8.75209e-05,0.0355629,0.000121472,-2.70656e-05,0.0328415,0.000123656,4.92251e-06,0.0335625
0.000110195,-8.81216e-05,0.0367619,0.000109736,9.62334e-05,0.0369474,8.38617e-05,-4.87541e-05,0.0340517,8.40611e-05,8.35792e-06,0.0348119
8.26458e-05,-0.000100293,0.0386702,8.13309e-05,0.000106635,0.0388754,4.38598e-05,-7.28579e-05,0.0355476,4.23426e-05,1.08764e-05,0.0363503
5.44091e-05,-0.000138266,0.0410776,5.15598e-05,0.000139914,0.0413044,7.54085e-05,-8.7085e-05,0.0375579,7.57635e-05,4.57464e-06,0.0384153
2.3878e-05,-0.000184443,0.0441556,1.91751e-05,0.000180916,0.0444073,0.000117833,-0.000104786,0.0402279,0.000120859,-3.66012e-06,0.0411563
1.16093e-05,-0.00022042,0.0484211,4.90205e-06,0.000212215,0.0487047,8.42933e-05,-0.000149622,0.043596,8.69699e-05,-3.29868e-07,0.0446089
-8.15188e-06,-0.000305993,0.0542146,-1.84851e-05,0.00028643,0.0545375,0.000130789,-0.000200269,0.0481055,0.000137506,-7.40037e-06,0.0492294
-8.19821e-05,-0.000465463,0.0621959,-9.90602e-05,0.000424886,0.0625671,0.000248513,-0.000266063,0.0544177,0.000263457,-2.88737e-05,0.0556952
-0.000203867,-0.00069949,0.0743665,-0.000232162,0.000623263,0.0748076,0.000203079,-0.000413206,0.0632154,0.000219614,-4.23548e-05,0.0646927
-0.000449428,-0.00128181,0.0938778,-0.00050253,0.00112415,0.0944178,0.000334992,-0.000661079,0.0766688,0.000363892,-9.16745e-05,0.0784339
-0.00133226,-0.00289631,0.128531,-0.00144918,0.00251654,0.129213,0.000727037,-0.00121559,0.0996171,0.000782068,-0.000220927,0.101821
-0.00495569,-0.00892829,0.206682,-0.00529097,0.00767318,0.207557,0.00113487,-0.00295195,0.145631,0.00121428,-0.000617958,0.148467
-0.0476925,-0.0698126,0.538676,-0.0496736,0.0587875,0.537262,0.000229059,-0.0126106,0.279172,0.00024372,-0.00313351,0.281665
-20.8883,13.322,109.927,-20.5163,-13.7459,108.157,1.55563,-0.782093,5.04926,1.5533,-1.30887,5.17264
-24.7681,32.9376,190.097,-24.1727,-32.6811,188.466,-29.8929,41.8267,250.733,-28.8742,-43.38,248.543
-4.64484,1.41972,11.5898,-4.6379,-1.4881,11.5837,-1.23588,0.124535,2.57689,-1.29619,-0.174944,2.66426
-4.07174,1.69866,10.5192,-4.07483,-1.71711,10.5378,-0.206562,0.0385236,0.719068,-0.210637,-0.041801,0.726443
-5.06473,2.26288,12.9673,-5.06901,-2.32097,13.0647,-0.0558771,0.0175072,0.411113,-0.0574418,-0.0161923,0.412787
-5.85094,2.50676,12.1295,-5.85564,-2.56644,12.2864,0.00439891,0.0098086,0.354077,0.00397548,-0.00823824,0.354781
-0.681009,0.155385,75.8131,-0.39895,0.0730927,75.7438,-6.01692,3.23505,71.714,-6.26519,-3.13606,72.6299
1.49536,-0.108689,71.8115,1.72462,0.328664,71.8274,-3.65356,2.46571,66.7729,-3.72202,-2.41279,67.468
2.05138,-0.122396,76.4087,2.28734,0.314273,76.4611,-2.40858,1.94264,68.7634,-2.53556,-1.98018,69.6644
2.34104,0.0895545,78.2584,2.57028,0.061328,78.3608,-1.567,1.86104,68.3517,-1.69094,-1.9606,69.338
2.79496,0.12086,78.962,3.01502,0.00822342,79.103,-0.607839,1.51625,67.0941,-0.728136,-1.65697,68.1473
3.38753,-0.0287532,75.413,3.59901,0.150005,75.5515,0.433988,0.923668,62.2083,0.317226,-1.09937,63.2866
3.98463,-0.0638978,79.5782,4.19213,0.171862,79.7704,1.46809,0.499852,63.8465,1.35251,-0.719153,65.0338
4.00686,0.264508,81.3043,4.21814,-0.168295,81.5025,1.81895,0.655899,63.849,1.70879,-0.907343,65.1111
4.32202,0.236865,77.6936,4.53776,-0.143997,77.8433,2.38994,0.392691,59.0063,2.2824,-0.682553,60.3056
5.29307,0.0128009,79.7911,5.51436,0.0932437,79.9399,3.61309,-0.366557,58.9918,3.50656,0.0274911,60.3924
5.74565,-0.0717208,77.5507,5.98247,0.183627,77.6028,4.20224,-0.703622,55.3305,4.08969,0.299473,56.8279
5.7256,0.20341,74.6131,5.98535,-0.0813696,74.4915,4.28661,-0.588085,51.4448,4.15532,0.109813,53.0762
6.70443,-0.679337,62.1691,6.97971,0.828328,61.7512,5.44858,-2.19311,38.3441,5.2725,1.56632,40.1196
6.59923,-1.17801,46.6841,6.83904,1.22408,46.0061,3.88524,-1.44408,28.5492,3.85115,0.905005,29.4099
-0.0283273,-0.0107398,0.139818,-0.0285122,0.00997999,0.140248,-0.022884,-0.0144285,0.124402,-0.0226447,0.0120621,0.123737
-0.00394249,-2.05827e-05,0.0731572,-0.00396122,-0.000101523,0.07348,-0.00250177,-0.000375632,0.0670956,-0.00255877,0.000249548,0.0670031
-0.00127432,0.000449127,0.0548512,-0.00128697,-0.000460702,0.055103,-0.00079627,0.000325568,0.0506332,-0.000817037,-0.000181342,0.0505473
-0.00043582,0.000392833,0.0459708,-0.000440088,-0.000375933,0.0461829,-0.000278204,0.000333237,0.0424597,-0.000285521,-0.000138215,0.0424384
2.34712e-05,0.000343436,0.0410019,2.81148e-05,-0.000314303,0.0411962,-9.16106e-06,0.000308687,0.037902,-3.22976e-06,-0.000107787,0.0379769
0.000300135,0.000291045,0.0379355,0.000309335,-0.00025784,0.0381162,0.000154218,0.000267236,0.0351316,0.000166396,-7.03901e-05,0.0353005
0.000444016,0.000246332,0.0360019,0.00045356,-0.000219449,0.0361674,0.000206188,0.000216269,0.0332574,0.000221243,-4.26283e-05,0.0335108
0.000617085,0.000197933,0.0347996,0.000628769,-0.000180071,0.0349544,0.000296892,0.00016338,0.032079,0.00031577,-1.93697e-05,0.0324108
0.00069533,0.000140403,0.0339974,0.000704185,-0.000132164,0.0341344,0.000363606,0.000133705,0.0314378,0.00038568,-1.74424e-05,0.0318445
0.000641332,9.68612e-05,0.0335027,0.000649633,-9.46269e-05,0.0336317,0.00030012,8.83509e-05,0.0309099,0.000319218,9.21258e-07,0.0313738
0.000544977,6.0354e-05,0.0331907,0.00055166,-5.62175e-05,0.0333157,0.000252118,6.64099e-05,0.0305845,0.00026796,4.00102e-06,0.0310964
0.00043516,2.45075e-05,0.0330096,0.000440226,-1.97535e-05,0.0331343,0.000216034,5.09278e-05,0.0304777,0.000228427,2.74798e-06,0.0310308
0.000352845,-6.96534e-06,0.0329508,0.000356666,1.28938e-05,0.0330784,0.000205635,3.59604e-05,0.0306061,0.000215625,2.33176e-06,0.0311973
0.000275038,-1.84615e-05,0.0331746,0.000277908,2.63841e-05,0.0333088,0.000145535,1.35607e-05,0.0308514,0.000151491,6.34651e-06,0.0314752
0.000216607,-2.75933e-05,0.0336959,0.000218694,3.77957e-05,0.0338402,9.46131e-05,-7.84476e-06,0.0312392,9.71743e-05,1.07526e-05,0.0318921
0.000174985,-4.62294e-05,0.034462,0.000176229,5.67608e-05,0.0346184,8.24256e-05,-2.23582e-05,0.03186,8.3505e-05,1.14744e-05,0.0325433
0.000140259,-7.911e-05,0.0353936,0.000140455,8.75212e-05,0.0355629,0.000121472,-2.70652e-05,0.0328415,0.000123656,4.92279e-06,0.0335625
0.000110194,-8.81212e-05,0.0367619,0.000109736,9.62338e-05,0.0369474,8.38614e-05,-4.87538e-05,0.0340517,8.40611e-05,8.35822e-06,0.0348119
8.26457e-05,-0.000100292,0.0386702,8.13307e-05,0.000106635,0.0388754,4.38595e-05,-7.28575e-05,0.0355476,4.23425e-05,1.08767e-05,0.0363503
5.44089e-05,-0.000138266,0.0410776,5.15597e-05,0.000139914,0.0413044,7.54082e-05,-8.70845e-05,0.0375579,7.57635e-05,4.57502e-06,0.0384153
2.38779e-05,-0.000184442,0.0441556,1.91749e-05,0.000180917,0.0444073,0.000117832,-0.000104785,0.0402279,0.000120859,-3.65968e-06,0.0411563
1.16092e-05,-0.000220419,0.0484211,4.90179e-06,0.000212216,0.0487047,8.42929e-05,-0.000149621,0.043596,8.69698e-05,-3.29349e-07,0.0446089
-8.15208e-06,-0.000305992,0.0542146,-1.84854e-05,0.000286431,0.0545375,0.000130788,-0.000200268,0.0481055,0.000137506,-7.39973e-06,0.0492294
-8.19823e-05,-0.000465462,0.0621959,-9.90607e-05,0.000424887,0.0625671,0.000248512,-0.000266062,0.0544177,0.000263457,-2.88729e-05,0.0556952
-0.000203868,-0.000699488,0.0743665,-0.000232162,0.000623265,0.0748076,0.000203078,-0.000413205,0.0632154,0.000219614,-4.23537e-05,0.0646927
-0.000449429,-0.00128181,0.0938778,-0.000502531,0.00112415,0.0944178,0.000334991,-0.000661076,0.0766688,0.000363892,-9.16729e-05,0.0784339
-0.00133226,-0.0028963,0.128531,-0.00144918,0.00251655,0.129213,0.000727036,-0.00121558,0.0996171,0.000782068,-0.000220924,0.101821
-0.00495569,-0.00892827,0.206682,-0.00529097,0.0076732,0.207557,0.00113486,-0.00295194,0.145631,0.00121428,-0.000617953,0.148467
-0.0476925,-0.0698125,0.538676,-0.0496736,0.0587877,0.537262,0.000229049,-0.0126106,0.279172,0.000243722,-0.00313349,0.281665
-20.8883,13.322,109.927,-20.5163,-13.7459,108.157,1.55563,-0.782089,5.04926,1.5533,-1.30887,5.17264
-24.7681,32.9376,190.097,-24.1727,-32.6811,188.466,-29.8929,41.8267,250.733,-28.8743,-43.38,248.543
-4.64484,1.41972,11.5898,-4.6379,-1.4881,11.5837,-1.23588,0.124535,2.57688,-1.29619,-0.174944,2.66425
-4.07174,1.69866,10.5192,-4.07483,-1.71711,10.5378,-0.206562,0.0385236,0.719068,-0.210636,-0.0418009,0.726443
-5.06473,2.26288,12.9673,-5.06901,-2.32097,13.0647,-0.0558771,0.0175072,0.411113,-0.0574418,-0.0161922,0.412787
-5.85094,2.50676,12.1295,-5.85563,-2.56643,12.2864,0.0043989,0.00980861,0.354077,0.00397548,-0.00823822,0.354781
-0.680998,0.155349,75.813,-0.398956,0.0730638,75.7438,-6.0169,3.23499,71.7139,-6.2652,-3.1361,72.6299
1.49537,-0.108722,71.8114,1.72462,0.328638,71.8274,-3.65355,2.46566,66.7729,-3.72203,-2.41283,67.468
2.05139,-0.122428,76.4086,2.28733,0.314249,76.4611,-2.40857,1.94259,68.7634,-2.53556,-1.98022,69.6645
2.34105,0.0895239,78.2584,2.57027,0.0613059,78.3608,-1.56698,1.86099,68.3516,-1.69094,-1.96063,69.338
2.79497,0.12083,78.962,3.01501,0.00820259,79.103,-0.607827,1.51621,67.0941,-0.728136,-1.657,68.1473
3.38754,-0.0287824,75.4129,3.59901,0.149985,75.5515,0.434,0.923623,62.2083,0.317228,-1.0994,63.2866
3.98462,-0.0639255,79.5782,4.19213,0.171841,79.7705,1.4681,0.499805,63.8464,1.35251,-0.719183,65.0338
4.00686,0.264478,81.3043,4.21815,-0.168314,81.5025,1.81896,0.655851,63.849,1.70879,-0.907373,65.1111
4.32203,0.236835,77.6936,4.53777,-0.144014,77.8433,2.38995,0.392642,59.0063,2.2824,-0.682582,60.3056
5.29307,0.012771,79.791,5.51437,0.0932265,79.9399,3.6131,-0.366609,58.9917,3.50657,0.0274613,60.3924
5.74565,-0.0717503,77.5507,5.98248,0.183611,77.6028,4.20225,-0.703678,55.3304,4.0897,0.299442,56.8279
5.7256,0.203382,74.6131,5.98536,-0.0813832,74.4915,4.28662,-0.588154,51.4447,4.15533,0.109776,53.0762
6.70443,-0.679359,62.169,6.97972,0.828325,61.7512,5.4485,-2.19306,38.3443,5.27255,1.56636,40.1194
6.59926,-1.17806,46.6838,6.83899,1.22409,46.0063,3.8838,-1.4422,28.5544,3.85197,0.906197,29.4067
-0.0283273,-0.0107397,0.139818,-0.0285122,0.00998002,0.140248,-0.0228841,-0.0144285,0.124402,-0.0226446,0.0120621,0.123737
-0.00394248,-2.05811e-05,0.0731571,-0.00396122,-0.000101521,0.0734801,-0.00250178,-0.000375623,0.0670956,-0.00255876,0.00024955,0.0670031
-0.00127432,0.000449127,0.0548512,-0.00128697,-0.000460702,0.055103,-0.000796275,0.000325571,0.0506333,-0.000817033,-0.000181342,0.0505473
-0.000435818,0.000392833,0.0459708,-0.000440088,-0.000375934,0.0461829,-0.000278206,0.000333238,0.0424597,-0.000285518,-0.000138216,0.0424384
2.3472e-05,0.000343435,0.0410019,2.81152e-05,-0.000314304,0.0411962,-9.16222e-06,0.000308687,0.037902,-3.2281e-06,-0.000107789,0.0379769
0.000300136,0.000291044,0.0379355,0.000309336,-0.000257841,0.0381162,0.000154217,0.000267236,0.0351317,0.000166397,-7.03913e-05,0.0353005
0.000444017,0.00024633,0.0360018,0.000453561,-0.00021945,0.0361674,0.000206188,0.000216268,0.0332574,0.000221244,-4.26295e-05,0.0335108
0.000617085,0.000197932,0.0347996,0.00062877,-0.000180072,0.0349544,0.000296893,0.000163379,0.032079,0.00031577,-1.93709e-05,0.0324108
0.00069533,0.000140402,0.0339974,0.000704186,-0.000132165,0.0341344,0.000363606,0.000133704,0.0314378,0.00038568,-1.74436e-05,0.0318445
0.000641332,9.686e-05,0.0335027,0.000649633,-9.46282e-05,0.0336317,0.000300121,8.83497e-05,0.0309099,0.000319219,9.19976e-07,0.0313738
0.000544977,6.03527e-05,0.0331907,0.000551661,-5.62188e-05,0.0333157,0.000252119,6.64086e-05,0.0305846,0.00026796,3.99975e-06,0.0310964
0.00043516,2.45061e-05,0.0330096,0.000440226,-1.97549e-05,0.0331343,0.000216034,5.09263e-05,0.0304777,0.000228427,2.74666e-06,0.0310308
0.000352845,-6.96684e-06,0.0329508,0.000356667,1.28923e-05,0.0330784,0.000205636,3.59589e-05,0.0306061,0.000215625,2.33038e-06,0.0311973
0.000275038,-1.84631e-05,0.0331746,0.000277909,2.63825e-05,0.0333089,0.000145536,1.35591e-05,0.0308514,0.000151492,6.34508e-06,0.0314752
0.000216607,-2.7595e-05,0.0336959,0.000218694,3.77939e-05,0.0338402,9.46144e-05,-7.84653e-06,0.0312392,9.71746e-05,1.07511e-05,0.0318921
0.000174985,-4.62313e-05,0.034462,0.00017623,5.67589e-05,0.0346184,8.2427e-05,-2.23601e-05,0.03186,8.35052e-05,1.14728e-05,0.0325433
0.000140259,-7.91121e-05,0.0353936,0.000140456,8.75191e-05,0.0355629,0.000121474,-2.70673e-05,0.0328415,0.000123656,4.92102e-06,0.0335625
0.000110195,-8.81236e-05,0.0367619,0.000109737,9.62314e-05,0.0369474,8.38631e-05,-4.87561e-05,0.0340517,8.40613e-05,8.35628e-06,0.0348119
8.26462e-05,-0.000100295,0.0386702,8.13317e-05,0.000106633,0.0388754,4.38613e-05,-7.28601e-05,0.0355476,4.23427e-05,1.08746e-05,0.0363503
5.44096e-05,-0.000138269,0.0410776,5.15607e-05,0.000139911,0.0413045,7.54102e-05,-8.70875e-05,0.0375579,7.57637e-05,4.57258e-06,0.0384153
2.38787e-05,-0.000184446,0.0441556,1.91761e-05,0.000180913,0.0444073,0.000117835,-0.000104789,0.0402279,0.000120859,-3.66252e-06,0.0411563
1.16101e-05,-0.000220424,0.0484211,4.9033e-06,0.000212211,0.0487047,8.42956e-05,-0.000149625,0.043596,8.69701e-05,-3.327e-07,0.0446089
-8.15099e-06,-0.000305998,0.0542146,-1.84835e-05,0.000286425,0.0545375,0.000130792,-0.000200273,0.0481055,0.000137506,-7.40383e-06,0.0492294
-8.1981e-05,-0.00046547,0.0621959,-9.90582e-05,0.000424879,0.0625671,0.000248516,-0.000266069,0.0544177,0.000263457,-2.88782e-05,0.0556952
-0.000203866,-0.000699501,0.0743665,-0.000232159,0.000623253,0.0748076,0.000203083,-0.000413214,0.0632154,0.000219614,-4.23607e-05,0.0646927
-0.000449426,-0.00128183,0.0938778,-0.000502526,0.00112413,0.0944178,0.000334998,-0.000661091,0.0766688,0.000363892,-9.16831e-05,0.0784339
-0.00133226,-0.00289634,0.128531,-0.00144917,0.00251651,0.129213,0.000727047,-0.00121561,0.0996171,0.000782068,-0.000220941,0.101821
-0.00495568,-0.00892838,0.206682,-0.00529095,0.00767308,0.207557,0.00113489,-0.002952,0.145631,0.00121428,-0.000617987,0.148467
-0.0476924,-0.0698131,0.538676,-0.0496733,0.0587868,0.537261,0.000229113,-0.0126108,0.279172,0.000243707,-0.00313361,0.281665
-20.8883,13.3219,109.927,-20.5163,-13.746,108.157,1.55563,-0.782116,5.04925,1.55329,-1.30888,5.17262
-24.7682,32.9376,190.097,-24.1727,-32.6812,188.466,-29.8929,41.8266,250.733,-28.8742,-43.38,248.543
-4.64483,1.41971,11.5898,-4.6379,-1.4881,11.5836,-1.23589,0.124535,2.5769,-1.2962,-0.174946,2.66427
-4.07173,1.69866,10.5192,-4.07483,-1.71711,10.5378,-0.206563,0.0385237,0.71907,-0.210637,-0.0418012,0.726445
-5.06472,2.26288,12.9673,-5.069,-2.32096,13.0647,-0.0558772,0.0175072,0.411114,-0.0574419,-0.0161924,0.412788
-5.85093,2.50675,12.1296,-5.85563,-2.56644,12.2865,0.00439894,0.00980856,0.354077,0.00397549,-0.00823833,0.354782
-0.681003,0.155367,75.813,-0.398953,0.0730783,75.7438,-6.01691,3.23502,71.7139,-6.2652,-3.13608,72.6299
1.49537,-0.108705,71.8115,1.72462,0.328651,71.8274,-3.65356,2.46568,66.7729,-3.72202,-2.41281,67.468
2.05138,-0.122412,76.4086,2.28733,0.314261,76.4611,-2.40857,1.94261,68.7634,-2.53556,-1.9802,69.6644
2.34104,0.0895392,78.2584,2.57027,0.061317,78.3608,-1.56699,1.86102,68.3516,-1.69094,-1.96061,69.338
2.79496,0.120845,78.962,3.01502,0.008213,79.103,-0.607833,1.51623,67.0941,-0.728136,-1.65698,68.1473
3.38754,-0.0287678,75.4129,3.59901,0.149995,75.5515,0.433994,0.923646,62.2083,0.317227,-1.09938,63.2866
3.98463,-0.0639125,79.5782,4.19214,0.171853,79.7704,1.4681,0.499829,63.8464,1.35251,-0.719168,65.0338
4.00686,0.264493,81.3043,4.21814,-0.168305,81.5025,1.81895,0.655875,63.849,1.70879,-0.907358,65.1111
4.32203,0.23685,77.6936,4.53777,-0.144006,77.8433,2.38995,0.392667,59.0063,2.2824,-0.682569,60.3056
5.29307,0.0127859,79.7911,5.51437,0.0932351,79.9399,3.61309,-0.366583,58.9917,3.50656,0.0274762,60.3924
5.74565,-0.0717355,77.5507,5.98248,0.183619,77.6028,4.20225,-0.70365,55.3305,4.0897,0.299457,56.8279
5.7256,0.203396,74.6131,5.98536,-0.0813763,74.4915,4.28662,-0.58812,51.4448,4.15532,0.109795,53.0762
6.70443,-0.679348,62.1691,6.97971,0.828326,61.7512,5.44854,-2.19309,38.3442,5.27252,1.56634,40.1195
6.59925,-1.17803,46.684,6.83902,1.22409,46.0062,3.88452,-1.44314,28.5518,3.85156,0.905601,29.4083
-0.0283273,-0.0107398,0.139818,-0.0285122,0.00998001,0.140248,-0.022884,-0.0144285,0.124402,-0.0226447,0.0120621,0.123737
-0.00394249,-2.05819e-05,0.0731572,-0.00396122,-0.000101522,0.07348,-0.00250178,-0.000375628,0.0670956,-0.00255876,0.000249549,0.0670031
-0.00127432,0.000449127,0.0548512,-0.00128697,-0.000460702,0.055103,-0.000796273,0.00032557,0.0506333,-0.000817035,-0.000181342,0.0505473
-0.000435819,0.000392833,0.0459708,-0.000440088,-0.000375933,0.0461829,-0.000278205,0.000333238,0.0424597,-0.000285519,-0.000138215,0.0424384
2.34716e-05,0.000343436,0.0410019,2.8115e-05,-0.000314303,0.0411962,-9.16164e-06,0.000308687,0.037902,-3.22893e-06,-0.000107788,0.0379769
0.000300135,0.000291044,0.0379355,0.000309335,-0.00025784,0.0381162,0.000154217,0.000267236,0.0351316,0.000166397,-7.03907e-05,0.0353005
0.000444017,0.000246331,0.0360019,0.000453561,-0.000219449,0.0361674,0.000206188,0.000216268,0.0332574,0.000221244,-4.26289e-05,0.0335108
0.000617085,0.000197932,0.0347996,0.000628769,-0.000180071,0.0349544,0.000296892,0.00016338,0.032079,0.00031577,-1.93703e-05,0.0324108
0.00069533,0.000140403,0.0339974,0.000704185,-0.000132165,0.0341344,0.000363606,0.000133705,0.0314378,0.00038568,-1.7443e-05,0.0318445
0.000641332,9.68606e-05,0.0335027,0.000649633,-9.46276e-05,0.0336317,0.00030012,8.83503e-05,0.0309099,0.000319218,9.20611e-07,0.0313738
0.000544977,6.03534e-05,0.0331907,0.000551661,-5.62182e-05,0.0333157,0.000252119,6.64093e-05,0.0305846,0.00026796,4.00037e-06,0.0310964
0.00043516,2.45068e-05,0.0330096,0.000440226,-1.97543e-05,0.0331343,0.000216034,5.09271e-05,0.0304777,0.000228427,2.74732e-06,0.0310308
0.000352845,-6.96607e-06,0.0329508,0.000356667,1.2893e-05,0.0330784,0.000205635,3.59596e-05,0.0306061,0.000215625,2.33107e-06,0.0311973
0.000275038,-1.84623e-05,0.0331746,0.000277908,2.63833e-05,0.0333088,0.000145536,1.35599e-05,0.0308514,0.000151491,6.3458e-06,0.0314752
0.000216607,-2.75942e-05,0.0336959,0.000218694,3.77948e-05,0.0338402,9.46137e-05,-7.84564e-06,0.0312392,9.71745e-05,1.07519e-05,0.0318921
0.000174985,-4.62303e-05,0.034462,0.00017623,5.67598e-05,0.0346184,8.24263e-05,-2.23591e-05,0.03186,8.35051e-05,1.14736e-05,0.0325433
0.000140259,-7.9111e-05,0.0353936,0.000140456,8.75202e-05,0.0355629,0.000121473,-2.70663e-05,0.0328415,0.000123656,4.92191e-06,0.0335625
0.000110195,-8.81224e-05,0.0367619,0.000109737,9.62326e-05,0.0369474,8.38623e-05,-4.87549e-05,0.0340517,8.40612e-05,8.35726e-06,0.0348119
8.2646e-05,-0.000100293,0.0386702,8.13312e-05,0.000106634,0.0388754,4.38605e-05,-7.28588e-05,0.0355476,4.23426e-05,1.08757e-05,0.0363503
5.44093e-05,-0.000138267,0.0410776,5.15602e-05,0.000139913,0.0413044,7.54092e-05,-8.7086e-05,0.0375579,7.57636e-05,4.57381e-06,0.0384153
2.38783e-05,-0.000184444,0.0441556,1.91755e-05,0.000180915,0.0444073,0.000117834,-0.000104787,0.0402279,0.000120859,-3.66109e-06,0.0411563
1.16096e-05,-0.000220422,0.0484211,4.90256e-06,0.000212214,0.0487047,8.42942e-05,-0.000149623,0.043596,8.697e-05,-3.31012e-07,0.0446089
-8.15151e-06,-0.000305995,0.0542146,-1.84844e-05,0.000286428,0.0545375,0.00013079,-0.000200271,0.0481055,0.000137506,-7.40177e-06,0.0492294
-8.19816e-05,-0.000465466,0.0621959,-9.90594e-05,0.000424883,0.0625671,0.000248514,-0.000266066,0.0544177,0.000263457,-2.88755e-05,0.0556952
-0.000203867,-0.000699495,0.0743665,-0.000232161,0.000623259,0.0748076,0.00020308,-0.000413209,0.0632154,0.000219614,-4.23572e-05,0.0646927
-0.000449427,-0.00128182,0.0938778,-0.000502529,0.00112414,0.0944178,0.000334994,-0.000661083,0.0766688,0.000363892,-9.1678e-05,0.0784339
-0.00133226,-0.00289632,0.128531,-0.00144918,0.00251653,0.129213,0.000727041,-0.0012156,0.0996171,0.000782068,-0.000220933,0.101821
-0.00495569,-0.00892833,0.206682,-0.00529096,0.00767314,0.207557,0.00113487,-0.00295197,0.145631,0.00121428,-0.00061797,0.148467
-0.0476924,-0.0698128,0.538676,-0.0496735,0.0587872,0.537262,0.000229081,-0.0126107,0.279172,0.000243714,-0.00313355,0.281665
-20.8883,13.322,109.927,-20.5163,-13.7459,108.157,1.55563,-0.782102,5.04926,1.55329,-1.30887,5.17263
-24.7682,32.9376,190.097,-24.1727,-32.6812,188.466,-29.8929,41.8267,250.733,-28.8743,-43.38,248.543
-4.64483,1.41972,11.5898,-4.6379,-1.4881,11.5837,-1.23589,0.124535,2.57689,-1.29619,-0.174945,2.66426
-4.07174,1.69866,10.5192,-4.07483,-1.71711,10.5378,-0.206562,0.0385237,0.719069,-0.210637,-0.0418011,0.726444
-5.06473,2.26288,12.9673,-5.069,-2.32096,13.0647,-0.0558772,0.0175072,0.411113,-0.0574419,-0.0161923,0.412788
-5.85093,2.50675,12.1295,-5.85563,-2.56644,12.2864,0.00439892,0.00980858,0.354077,0.00397549,-0.00823828,0.354781
-0.681006,0.155376,75.813,-0.398951,0.0730855,75.7438,-6.01692,3.23504,71.7139,-6.26519,-3.13607,72.6299
1.49536,-0.108697,71.8115,1.72462,0.328658,71.8274,-3.65356,2.4657,66.7729,-3.72202,-2.4128,67.468
2.05138,-0.122404,76.4086,2.28734,0.314267,76.4611,-2.40858,1.94263,68.7634,-2.53556,-1.98019,69.6644
2.34104,0.0895468,78.2584,2.57027,0.0613225,78.3608,-1.56699,1.86103,68.3517,-1.69094,-1.96061,69.338
2.79496,0.120852,78.962,3.01502,0.00821821,79.103,-0.607836,1.51624,67.0941,-0.728136,-1.65698,68.1473
3.38753,-0.0287605,75.4129,3.59901,0.15,75.5515,0.433991,0.923657,62.2083,0.317227,-1.09937,63.2866
3.98463,-0.0639052,79.5782,4.19213,0.171857,79.7704,1.4681,0.49984,63.8464,1.35251,-0.719161,65.0338
4.00686,0.264501,81.3043,4.21814,-0.1683,81.5025,1.81895,0.655887,63.849,1.70879,-0.90735,65.1111
4.32202,0.236857,77.6936,4.53776,-0.144001,77.8433,2.38995,0.392679,59.0063,2.2824,-0.68256,60.3056
5.29307,0.0127934,79.7911,5.51436,0.0932394,79.9399,3.61309,-0.36657,58.9918,3.50656,0.0274838,60.3924
5.74565,-0.0717282,77.5507,5.98248,0.183623,77.6028,4.20225,-0.703636,55.3305,4.08969,0.299465,56.8279
5.7256,0.203403,74.6131,5.98536,-0.0813728,74.4915,4.28661,-0.588103,51.4448,4.15532,0.109804,53.0762
6.70443,-0.679343,62.1691,6.97971,0.828327,61.7512,5.44856,-2.1931,38.3442,5.27251,1.56633,40.1196
6.59924,-1.17802,46.6841,6.83903,1.22408,46.0062,3.88487,-1.4436,28.5505,3.85135,0.905303,29.4091
-0.0283273,-0.0107398,0.139818,-0.0285122,0.00998,0.140248,-0.022884,-0.0144285,0.124402,-0.0226447,0.0120621,0.123737
-0.00394249,-2.05823e-05,0.0731572,-0.00396122,-0.000101522,0.07348,-0.00250177,-0.00037563,0.0670956,-0.00255876,0.000249548,0.0670031
-0.00127432,0.000449127,0.0548512,-0.00128697,-0.000460702,0.055103,-0.000796271,0.000325569,0.0506333,-0.000817036,-0.000181342,0.0505473
-0.000435819,0.000392833,0.0459708,-0.000440088,-0.000375933,0.0461829,-0.000278205,0.000333237,0.0424597,-0.00028552,-0.000138215,0.0424384
2.34714e-05,0.000343436,0.0410019,2.81149e-05,-0.000314303,0.0411962,-9.16136e-06,0.000308687,0.037902,-3.22935e-06,-0.000107788,0.0379769
0.000300135,0.000291045,0.0379355,0.000309335,-0.00025784,0.0381162,0.000154218,0.000267236,0.0351316,0.000166396,-7.03904e-05,0.0353005
0.000444017,0.000246331,0.0360019,0.000453561,-0.000219449,0.0361674,0.000206188,0.000216268,0.0332574,0.000221243,-4.26286e-05,0.0335108
0.000617085,0.000197933,0.0347996,0.000628769,-0.000180071,0.0349544,0.000296892,0.00016338,0.032079,0.00031577,-1.937e-05,0.0324108
0.00069533,0.000140403,0.0339974,0.000704185,-0.000132165,0.0341344,0.000363606,0.000133705,0.0314378,0.00038568,-1.74427e-05,0.0318445
0.000641332,9.6861e-05,0.0335027,0.000649633,-9.46273e-05,0.0336317,0.00030012,8.83506e-05,0.0309099,0.000319218,9.20929e-07,0.0313738
0.000544977,6.03537e-05,0.0331907,0.000551661,-5.62179e-05,0.0333157,0.000252119,6.64096e-05,0.0305846,0.00026796,4.00069e-06,0.0310964
0.00043516,2.45072e-05,0.0330096,0.000440226,-1.97539e-05,0.0331343,0.000216034,5.09274e-05,0.0304777,0.000228427,2.74765e-06,0.0310308
0.000352845,-6.96569e-06,0.0329508,0.000356666,1.28934e-05,0.0330784,0.000205635,3.596e-05,0.0306061,0.000215625,2.33141e-06,0.0311973
0.000275038,-1.84619e-05,0.0331746,0.000277908,2.63837e-05,0.0333088,0.000145535,1.35603e-05,0.0308514,0.000151491,6.34616e-06,0.0314752
0.000216607,-2.75937e-05,0.0336959,0.000218694,3.77952e-05,0.0338402,9.46134e-05,-7.8452e-06,0.0312392,9.71744e-05,1.07522e-05,0.0318921
0.000174985,-4.62298e-05,0.034462,0.000176229,5.67603e-05,0.0346184,8.2426e-05,-2.23587e-05,0.03186,8.3505e-05,1.1474e-05,0.0325433
0.000140259,-7.91105e-05,0.0353936,0.000140455,8.75207e-05,0.0355629,0.000121472,-2.70658e-05,0.0328415,0.000123656,4.92235e-06,0.0335625
0.000110195,-8.81218e-05,0.0367619,0.000109736,9.62332e-05,0.0369474,8.38618e-05,-4.87543e-05,0.0340517,8.40611e-05,8.35774e-06,0.0348119
8.26458e-05,-0.000100293,0.0386702,8.1331e-05,0.000106635,0.0388754,4.386e-05,-7.28582e-05,0.0355476,4.23426e-05,1.08762e-05,0.0363503
5.44091e-05,-0.000138267,0.0410776,5.15599e-05,0.000139914,0.0413044,7.54087e-05,-8.70853e-05,0.0375579,7.57636e-05,4.57442e-06,0.0384153
2.38781e-05,-0.000184443,0.0441556,1.91752e-05,0.000180916,0.0444073,0.000117833,-0.000104786,0.0402279,0.000120859,-3.66038e-06,0.0411563
1.16094e-05,-0.000220421,0.0484211,4.90218e-06,0.000212215,0.0487047,8.42936e-05,-0.000149622,0.043596,8.69699e-05,-3.30174e-07,0.0446089
-8.15179e-06,-0.000305993,0.0542146,-1.84849e-05,0.000286429,0.0545375,0.000130789,-0.000200269,0.0481055,0.000137506,-7.40074e-06,0.0492294
-8.1982e-05,-0.000465464,0.0621959,-9.906e-05,0.000424885,0.0625671,0.000248513,-0.000266064,0.0544177,0.000263457,-2.88742e-05,0.0556952
-0.000203867,-0.000699492,0.0743665,-0.000232162,0.000623262,0.0748076,0.000203079,-0.000413207,0.0632154,0.000219614,-4.23554e-05,0.0646927
-0.000449428,-0.00128181,0.0938778,-0.00050253,0.00112415,0.0944178,0.000334993,-0.00066108,0.0766688,0.000363892,-9.16754e-05,0.0784339
-0.00133226,-0.00289631,0.128531,-0.00144918,0.00251654,0.129213,0.000727038,-0.00121559,0.0996171,0.000782068,-0.000220929,0.101821
-0.00495569,-0.0089283,0.206682,-0.00529096,0.00767317,0.207557,0.00113487,-0.00295196,0.145631,0.00121428,-0.000617961,0.148467
-0.0476925,-0.0698127,0.538676,-0.0496735,0.0587875,0.537262,0.000229065,-0.0126107,0.279172,0.000243718,-0.00313352,0.281665
-20.8883,13.322,109.927,-20.5163,-13.7459,108.157,1.55563,-0.782096,5.04926,1.5533,-1.30887,5.17264
-24.7682,32.9376,190.097,-24.1727,-32.6811,188.466,-29.8929,41.8267,250.733,-28.8743,-43.38,248.543
-4.64483,1.41972,11.5898,-4.6379,-1.4881,11.5837,-1.23588,0.124535,2.57689,-1.29619,-0.174945,2.66426
-4.07174,1.69866,10.5192,-4.07483,-1.71711,10.5378,-0.206562,0.0385236,0.719069,-0.210637,-0.041801,0.726444
-5.06473,2.26288,12.9673,-5.06901,-2.32097,13.0647,-0.0558771,0.0175072,0.411113,-0.0574418,-0.0161923,0.412787
-5.85094,2.50676,12.1295,-5.85563,-2.56644,12.2864,0.00439891,0.00980859,0.354077,0.00397548,-0.00823825,0.354781
-0.681008,0.155381,75.8131,-0.398951,0.0730891,75.7438,-6.01692,3.23504,71.7139,-6.26519,-3.13606,72.6299
1.49536,-0.108693,71.8115,1.72462,0.328661,71.8274,-3.65356,2.4657,66.7729,-3.72202,-2.41279,67.468
2.05138,-0.1224,76.4087,2.28734,0.31427,76.4611,-2.40858,1.94263,68.7634,-2.53556,-1.98019,69.6644
2.34104,0.0895507,78.2584,2.57027,0.0613254,78.3608,-1.567,1.86103,68.3517,-1.69094,-1.9606,69.338
2.79496,0.120856,78.962,3.01502,0.00822081,79.103,-0.607838,1.51625,67.0941,-0.728136,-1.65697,68.1473
3.38753,-0.0287568,75.413,3.59901,0.150002,75.5515,0.43399,0.923663,62.2083,0.317227,-1.09937,63.2866
3.98463,-0.0639015,79.5782,4.19213,0.17186,79.7704,1.4681,0.499846,63.8464,1.35251,-0.719157,65.0338
4.00686,0.264504,81.3043,4.21814,-0.168298,81.5025,1.81895,0.655893,63.849,1.70879,-0.907346,65.1111
4.32202,0.236861,77.6936,4.53776,-0.143999,77.8433,2.38995,0.392685,59.0063,2.2824,-0.682556,60.3056
5.29307,0.0127971,79.7911,5.51436,0.0932416,79.9399,3.61309,-0.366564,58.9918,3.50656,0.0274875,60.3924
5.74565,-0.0717245,77.5507,5.98247,0.183625,77.6028,4.20225,-0.703629,55.3305,4.08969,0.299469,56.8279
5.7256,0.203406,74.6131,5.98535,-0.0813713,74.4915,4.28661,-0.588094,51.4448,4.15532,0.109809,53.0762
6.70443,-0.67934,62.1691,6.97971,0.828328,61.7512,5.44858,-2.19311,38.3441,5.2725,1.56632,40.1196
6.59924,-1.17802,46.6841,6.83903,1.22408,46.0062,3.88506,-1.44384,28.5499,3.85125,0.905154,29.4095
-0.0283273,-0.0107398,0.139818,-0.0285122,0.00998,0.140248,-0.022884,-0.0144285,0.124402,-0.0226447,0.0120621,0.123737
-0.00394249,-2.05825e-05,0.0731572,-0.00396122,-0.000101523,0.07348,-0.00250177,-0.000375631,0.0670956,-0.00255877,0.000249548,0.0670031
-0.00127432,0.000449127,0.0548512,-0.00128697,-0.000460702,0.055103,-0.000796271,0.000325569,0.0506332,-0.000817037,-0.000181342,0.0505473
-0.000435819,0.000392833,0.0459708,-0.000440088,-0.000375933,0.0461829,-0.000278204,0.000333237,0.0424597,-0.00028552,-0.000138215,0.0424384
2.34713e-05,0.000343436,0.0410019,2.81149e-05,-0.000314303,0.0411962,-9.1612e-06,0.000308687,0.037902,-3.22956e-06,-0.000107788,0.0379769
0.000300135,0.000291045,0.0379355,0.000309335,-0.00025784,0.0381162,0.000154218,0.000267236,0.0351316,0.000166396,-7.03902e-05,0.0353005
0.000444016,0.000246331,0.0360019,0.00045356,-0.000219449,0.0361674,0.000206188,0.000216269,0.0332574,0.000221243,-4.26285e-05,0.0335108
0.000617085,0.000197933,0.0347996,0.000628769,-0.000180071,0.0349544,0.000296892,0.00016338,0.032079,0.00031577,-1.93698e-05,0.0324108
0.00069533,0.000140403,0.0339974,0.000704185,-0.000132164,0.0341344,0.000363606,0.000133705,0.0314378,0.00038568,-1.74425e-05,0.0318445
0.000641332,9.68611e-05,0.0335027,0.000649633,-9.46271e-05,0.0336317,0.00030012,8.83507e-05,0.0309099,0.000319218,9.21088e-07,0.0313738
0.000544977,6.03539e-05,0.0331907,0.00055166,-5.62177e-05,0.0333157,0.000252118,6.64098e-05,0.0305845,0.00026796,4.00085e-06,0.0310964
0.00043516,2.45073e-05,0.0330096,0.000440226,-1.97537e-05,0.0331343,0.000216034,5.09276e-05,0.0304777,0.000228427,2.74781e-06,0.0310308
0.000352845,-6.9655e-06,0.0329508,0.000356666,1.28936e-05,0.0330784,0.000205635,3.59602e-05,0.0306061,0.000215625,2.33159e-06,0.0311973
0.000275038,-1.84617e-05,0.0331746,0.000277908,2.63839e-05,0.0333088,0.000145535,1.35605e-05,0.0308514,0.000151491,6.34634e-06,0.0314752
0.000216607,-2.75935e-05,0.0336959,0.000218694,3.77954e-05,0.0338402,9.46133e-05,-7.84498e-06,0.0312392,9.71744e-05,1.07524e-05,0.0318921
0.000174985,-4.62296e-05,0.034462,0.000176229,5.67605e-05,0.0346184,8.24258e-05,-2.23584e-05,0.03186,8.3505e-05,1.14742e-05,0.0325433
0.000140259,-7.91102e-05,0.0353936,0.000140455,8.7521e-05,0.0355629,0.000121472,-2.70655e-05,0.0328415,0.000123656,4.92257e-06,0.0335625
0.000110195,-8.81215e-05,0.0367619,0.000109736,9.62335e-05,0.0369474,8.38616e-05,-4.87541e-05,0.0340517,8.40611e-05,8.35799e-06,0.0348119
8.26457e-05,-0.000100292,0.0386702,8.13309e-05,0.000106635,0.0388754,4.38598e-05,-7.28578e-05,0.0355476,4.23426e-05,1.08765e-05,0.0363503
5.4409e-05,-0.000138266,0.0410776,5.15598e-05,0.000139914,0.0413044,7.54085e-05,-8.70849e-05,0.0375579,7.57635e-05,4.57472e-06,0.0384153
2.3878e-05,-0.000184443,0.0441556,1.91751e-05,0.000180916,0.0444073,0.000117833,-0.000104786,0.0402279,0.000120859,-3.66002e-06,0.0411563
1.16093e-05,-0.00022042,0.0484211,4.902e-06,0.000212215,0.0487047,8.42932e-05,-0.000149621,0.043596,8.69699e-05,-3.29755e-07,0.0446089
-8.15191e-06,-0.000305993,0.0542146,-1.84851e-05,0.00028643,0.0545375,0.000130789,-0.000200269,0.0481055,0.000137506,-7.40023e-06,0.0492294
-8.19821e-05,-0.000465463,0.0621959,-9.90603e-05,0.000424886,0.0625671,0.000248513,-0.000266063,0.0544177,0.000263457,-2.88735e-05,0.0556952
-0.000203867,-0.00069949,0.0743665,-0.000232162,0.000623264,0.0748076,0.000203079,-0.000413206,0.0632154,0.000219614,-4.23546e-05,0.0646927
-0.000449428,-0.00128181,0.0938778,-0.000502531,0.00112415,0.0944178,0.000334992,-0.000661078,0.0766688,0.000363892,-9.16742e-05,0.0784339
-0.00133226,-0.00289631,0.128531,-0.00144918,0.00251654,0.129213,0.000727037,-0.00121559,0.0996171,0.000782068,-0.000220926,0.101821
-0.00495569,-0.00892829,0.206682,-0.00529097,0.00767318,0.207557,0.00113487,-0.00295195,0.145631,0.00121428,-0.000617957,0.148467
-0.0476925,-0.0698126,0.538676,-0.0496736,0.0587876,0.537262,0.000229057,-0.0126106,0.279172,0.00024372,-0.0031335,0.281665
-20.8883,13.322,109.927,-20.5163,-13.7459,108.157,1.55563,-0.782092,5.04926,1.5533,-1.30887,5.17264
-24.7681,32.9376,190.097,-24.1727,-32.6811,188.466,-29.8929,41.8267,250.733,-28.8743,-43.38,248.543
-4.64484,1.41972,11.5898,-4.6379,-1.4881,11.5837,-1.23588,0.124535,2.57689,-1.29619,-0.174944,2.66426
-4.07174,1.69866,10.5192,-4.07483,-1.71711,10.5378,-0.206562,0.0385236,0.719068,-0.210637,-0.0418009,0.726443
-5.06473,2.26288,12.9673,-5.06901,-2.32097,13.0647,-0.0558771,0.0175072,0.411113,-0.0574418,-0.0161923,0.412787
-5.85094,2.50676,12.1295,-5.85563,-2.56643,12.2864,0.00439891,0.0098086,0.354077,0.00397548,-0.00823824,0.354781
-0.681008,0.155383,75.8131,-0.39895,0.0730909,75.7438,-6.01692,3.23505,71.7139,-6.26519,-3.13606,72.6299
1.49536,-0.108691,71.8115,1.72462,0.328662,71.8274,-3.65356,2.46571,66.7729,-3.72202,-2.41279,67.468
2.05138,-0.122398,76.4087,2.28734,0.314272,76.4611,-2.40858,1.94264,68.7634,-2.53556,-1.98018,69.6644
2.34104,0.0895526,78.2584,2.57028,0.0613266,78.3608,-1.567,1.86104,68.3517,-1.69094,-1.9606,69.338
2.79496,0.120858,78.962,3.01502,0.00822212,79.103,-0.607839,1.51625,67.0941,-0.728136,-1.65697,68.1473
3.38753,-0.028755,75.413,3.59901,0.150004,75.5515,0.433989,0.923665,62.2083,0.317226,-1.09937,63.2866
3.98463,-0.0638996,79.5782,4.19213,0.171861,79.7704,1.46809,0.499849,63.8464,1.35251,-0.719155,65.0338
4.00686,0.264506,81.3043,4.21814,-0.168296,81.5025,1.81895,0.655896,63.849,1.70879,-0.907345,65.1111
4.32202,0.236863,77.6936,4.53776,-0.143998,77.8433,2.38994,0.392688,59.0063,2.2824,-0.682555,60.3056
5.29307,0.012799,79.7911,5.51436,0.0932426,79.9399,3.61309,-0.36656,58.9918,3.50656,0.0274894,60.3924
5.74565,-0.0717226,77.5507,5.98247,0.183626,77.6028,4.20224,-0.703625,55.3305,4.08969,0.299471,56.8279
5.7256,0.203408,74.6131,5.98535,-0.0813704,74.4915,4.28661,-0.588089,51.4448,4.15532,0.109811,53.0762
6.70443,-0.679339,62.1691,6.97971,0.828328,61.7512,5.44858,-2.19311,38.3441,5.2725,1.56632,40.1196
6.59923,-1.17801,46.6841,6.83904,1.22408,46.0061,3.88515,-1.44396,28.5495,3.8512,0.905079,29.4097
-0.0283273,-0.0107398,0.139818,-0.0285122,0.00998,0.140248,-0.022884,-0.0144285,0.124402,-0.0226447,0.0120621,0.123737
-0.00394249,-2.05826e-05,0.0731572,-0.00396122,-0.000101523,0.07348,-0.00250177,-0.000375632,0.0670956,-0.00255877,0.000249548,0.0670031
-0.00127432,0.000449127,0.0548512,-0.00128697,-0.000460702,0.055103,-0.00079627,0.000325568,0.0506332,-0.000817037,-0.000181342,0.0505473
-0.000435819,0.000392833,0.0459708,-0.000440088,-0.000375933,0.0461829,-0.000278204,0.000333237,0.0424597,-0.000285521,-0.000138215,0.0424384
2.34712e-05,0.000343436,0.0410019,2.81148e-05,-0.000314303,0.0411962,-9.16113e-06,0.000308687,0.037902,-3.22966e-06,-0.000107788,0.0379769
0.000300135,0.000291045,0.0379355,0.000309335,-0.00025784,0.0381162,0.000154218,0.000267236,0.0351316,0.000166396,-7.03902e-05,0.0353005
0.000444016,0.000246331,0.0360019,0.00045356,-0.000219449,0.0361674,0.000206188,0.000216269,0.0332574,0.000221243,-4.26284e-05,0.0335108
0.000617085,0.000197933,0.0347996,0.000628769,-0.000180071,0.0349544,0.000296892,0.00016338,0.032079,0.00031577,-1.93698e-05,0.0324108
0.00069533,0.000140403,0.0339974,0.000704185,-0.000132164,0.0341344,0.000363606,0.000133705,0.0314378,0.00038568,-1.74424e-05,0.0318445
0.000641332,9.68612e-05,0.0335027,0.000649633,-9.4627e-05,0.0336317,0.00030012,8.83508e-05,0.0309099,0.000319218,9.21168e-07,0.0313738
0.000544977,6.0354e-05,0.0331907,0.00055166,-5.62176e-05,0.0333157,0.000252118,6.64099e-05,0.0305845,0.00026796,4.00094e-06,0.0310964
0.00043516,2.45074e-05,0.0330096,0.000440226,-1.97536e-05,0.0331343,0.000216034,5.09277e-05,0.0304777,0.000228427,2.7479e-06,0.0310308
0.000352845,-6.96542e-06,0.0329508,0.000356666,1.28937e-05,0.0330784,0.000205635,3.59603e-05,0.0306061,0.000215625,2.33168e-06,0.0311973
0.000275038,-1.84616e-05,0.0331746,0.000277908,2.6384e-05,0.0333088,0.000145535,1.35606e-05,0.0308514,0.000151491,6.34643e-06,0.0314752
0.000216607,-2.75934e-05,0.0336959,0.000218694,3.77956e-05,0.0338402,9.46132e-05,-7.84487e-06,0.0312392,9.71743e-05,1.07525e-05,0.0318921
0.000174985,-4.62295e-05,0.034462,0.000176229,5.67606e-05,0.0346184,8.24257e-05,-2.23583e-05,0.03186,8.3505e-05,1.14743e-05,0.0325433
0.000140259,-7.91101e-05,0.0353936,0.000140455,8.75211e-05,0.0355629,0.000121472,-2.70654e-05,0.0328415,0.000123656,4.92268e-06,0.0335625
0.000110195,-8.81213e-05,0.0367619,0.000109736,9.62336e-05,0.0369474,8.38615e-05,-4.87539e-05,0.0340517,8.40611e-05,8.35811e-06,0.0348119
8.26457e-05,-0.000100292,0.0386702,8.13308e-05,0.000106635,0.0388754,4.38597e-05,-7.28577e-05,0.0355476,4.23426e-05,1.08766e-05,0.0363503
5.4409e-05,-0.000138266,0.0410776,5.15597e-05,0.000139914,0.0413044,7.54084e-05,-8.70847e-05,0.0375579,7.57635e-05,4.57487e-06,0.0384153
2.3878e-05,-0.000184443,0.0441556,1.9175e-05,0.000180916,0.0444073,0.000117833,-0.000104786,0.0402279,0.000120859,-3.65985e-06,0.0411563
1.16092e-05,-0.00022042,0.0484211,4.90191e-06,0.000212216,0.0487047,8.4293e-05,-0.000149621,0.043596,8.69699e-05,-3.2955e-07,0.0446089
-8.15199e-06,-0.000305992,0.0542146,-1.84853e-05,0.000286431,0.0545375,0.000130789,-0.000200268,0.0481055,0.000137506,-7.39998e-06,0.0492294
-8.19822e-05,-0.000465463,0.0621959,-9.90605e-05,0.000424887,0.0625671,0.000248513,-0.000266063,0.0544177,0.000263457,-2.88732e-05,0.0556952
-0.000203867,-0.000699489,0.0743665,-0.000232162,0.000623265,0.0748076,0.000203078,-0.000413205,0.0632154,0.000219614,-4.23541e-05,0.0646927
-0.000449428,-0.00128181,0.0938778,-0.000502531,0.00112415,0.0944178,0.000334991,-0.000661077,0.0766688,0.000363892,-9.16736e-05,0.0784339
-0.00133226,-0.0028963,0.128531,-0.00144918,0.00251655,0.129213,0.000727036,-0.00121558,0.0996171,0.000782068,-0.000220925,0.101821
-0.00495569,-0.00892828,0.206682,-0.00529097,0.00767319,0.207557,0.00113487,-0.00295195,0.145631,0.00121428,-0.000617955,0.148467
-0.0476925,-0.0698125,0.538676,-0.0496736,0.0587876,0.537262,0.000229053,-0.0126106,0.279172,0.000243721,-0.0031335,0.281665
-20.8883,13.322,109.927,-20.5163,-13.7459,108.157,1.55563,-0.782091,5.04926,1.5533,-1.30887,5.17264
-24.7681,32.9376,190.097,-24.1727,-32.6811,188.466,-29.8929,41.8267,250.733,-28.8743,-43.38,248.543
-4.64484,1.41972,11.5898,-4.6379,-1.4881,11.5837,-1.23588,0.124535,2.57689,-1.29619,-0.174944,2.66426
-4.07174,1.69866,10.5192,-4.07483,-1.71711,10.5378,-0.206562,0.0385236,0.719068,-0.210636,-0.0418009,0.726443
-5.06473,2.26288,12.9673,-5.06901,-2.32097,13.0647,-0.0558771,0.0175072,0.411113,-0.0574418,-0.0161923,0.412787
-5.85094,2.50676,12.1295,-5.85563,-2.56643,12.2864,0.0043989,0.0098086,0.354077,0.00397548,-0.00823823,0.354781
-0.681009,0.155384,75.8131,-0.39895,0.0730918,75.7438,-6.01692,3.23505,71.714,-6.26519,-3.13606,72.6299
1.49536,-0.10869,71.8115,1.72462,0.328663,71.8274,-3.65356,2.46571,66.7729,-3.72202,-2.41279,67.468
2.05138,-0.122397,76.4087,2.28734,0.314273,76.4611,-2.40858,1.94264,68.7634,-2.53556,-1.98018,69.6644
2.34104,0.0895536,78.2584,2.57028,0.0613274,78.3608,-1.567,1.86104,68.3517,-1.69094,-1.9606,69.338
2.79496,0.120859,78.962,3.01502,0.00822277,79.103,-0.607839,1.51625,67.0941,-0.728136,-1.65697,68.1473
3.38753,-0.0287541,75.413,3.59901,0.150004,75.5515,0.433988,0.923667,62.2083,0.317226,-1.09937,63.2866
3.98463,-0.0638987,79.5782,4.19213,0.171862,79.7704,1.46809,0.499851,63.8465,1.35251,-0.719154,65.0338
4.00686,0.264507,81.3043,4.21814,-0.168296,81.5025,1.81895,0.655897,63.849,1.70879,-0.907344,65.1111
4.32202,0.236864,77.6936,4.53776,-0.143997,77.8433,2.38994,0.39269,59.0064,2.28239,-0.682556,60.3056
5.29307,0.0127999,79.7911,5.51436,0.0932432,79.9399,3.61309,-0.366558,58.9918,3.50656,0.0274901,60.3924
5.74565,-0.0717217,77.5507,5.98247,0.183627,77.6028,4.20224,-0.703624,55.3305,4.08969,0.299472,56.8279
5.7256,0.203409,74.6131,5.98535,-0.08137,74.4915,4.28661,-0.588087,51.4448,4.15532,0.109812,53.0762
6.70443,-0.679338,62.1691,6.97971,0.828328,61.7512,5.44858,-2.19311,38.3441,5.2725,1.56632,40.1196
6.59923,-1.17801,46.6841,6.83904,1.22408,46.0061,3.8852,-1.44402,28.5494,3.85117,0.905042,29.4098
-0.0283273,-0.0107398,0.139818,-0.0285122,0.00998,0.140248,-0.022884,-0.0144285,0.124402,-0.0226447,0.0120621,0.123737
-0.00394249,-2.05826e-05,0.0731572,-0.00396122,-0.000101523,0.07348,-0.00250177,-0.000375632,0.0670956,-0.00255877,0.000249548,0.0670031
-0.00127432,0.000449127,0.0548512,-0.00128697,-0.000460702,0.055103,-0.00079627,0.000325568,0.0506332,-0.000817037,-0.000181342,0.0505473
-0.00043582,0.000392833,0.0459708,-0.000440088,-0.000375933,0.0461829,-0.000278204,0.000333237,0.0424597,-0.000285521,-0.000138215,0.0424384
2.34712e-05,0.000343436,0.0410019,2.81148e-05,-0.000314303,0.0411962,-9.16109e-06,0.000308687,0.037902,-3.22971e-06,-0.000107788,0.0379769
0.000300135,0.000291045,0.0379355,0.000309335,-0.00025784,0.0381162,0.000154218,0.000267236,0.0351316,0.000166396,-7.03901e-05,0.0353005
0.000444016,0.000246331,0.0360019,0.00045356,-0.000219449,0.0361674,0.000206188,0.000216269,0.0332574,0.000221243,-4.26284e-05,0.0335108
0.000617085,0.000197933,0.0347996,0.000628769,-0.000180071,0.0349544,0.000296892,0.00016338,0.032079,0.00031577,-1.93697e-05,0.0324108
0.00069533,0.000140403,0.0339974,0.000704185,-0.000132164,0.0341344,0.000363606,0.000133705,0.0314378,0.00038568,-1.74424e-05,0.0318445
0.000641332,9.68612e-05,0.0335027,0.000649633,-9.4627e-05,0.0336317,0.00030012,8.83508e-05,0.0309099,0.000319218,9.21207e-07,0.0313738
0.000544977,6.0354e-05,0.0331907,0.00055166,-5.62176e-05,0.0333157,0.000252118,6.64099e-05,0.0305845,0.00026796,4.00098e-06,0.0310964
0.00043516,2.45075e-05,0.0330096,0.000440226,-1.97536e-05,0.0331343,0.000216034,5.09277e-05,0.0304777,0.000228427,2.74794e-06,0.0310308
0.000352845,-6.96537e-06,0.0329508,0.000356666,1.28937e-05,0.0330784,0.000205635,3.59603e-05,0.0306061,0.000215625,2.33172e-06,0.0311973
0.000275038,-1.84615e-05,0.0331746,0.000277908,2.63841e-05,0.0333088,0.000145535,1.35607e-05,0.0308514,0.000151491,6.34647e-06,0.0314752
0.000216607,-2.75933e-05,0.0336959,0.000218694,3.77956e-05,0.0338402,9.46131e-05,-7.84482e-06,0.0312392,9.71743e-05,1.07526e-05,0.0318921
0.000174985,-4.62294e-05,0.034462,0.000176229,5.67607e-05,0.0346184,8.24257e-05,-2.23582e-05,0.03186,8.3505e-05,1.14743e-05,0.0325433
0.000140259,-7.911e-05,0.0353936,0.000140455,8.75212e-05,0.0355629,0.000121472,-2.70653e-05,0.0328415,0.000123656,4.92274e-06,0.0335625
0.000110194,-8.81213e-05,0.0367619,0.000109736,9.62337e-05,0.0369474,8.38615e-05,-4.87538e-05,0.0340517,8.40611e-05,8.35817e-06,0.0348119
8.26457e-05,-0.000100292,0.0386702,8.13308e-05,0.000106635,0.0388754,4.38596e-05,-7.28576e-05,0.0355476,4.23426e-05,1.08767e-05,0.0363503
5.4409e-05,-0.000138266,0.0410776,5.15597e-05,0.000139914,0.0413044,7.54083e-05,-8.70846e-05,0.0375579,7.57635e-05,4.57495e-06,0.0384153
2.38779e-05,-0.000184442,0.0441556,1.91749e-05,0.000180916,0.0444073,0.000117833,-0.000104785,0.0402279,0.000120859,-3.65976e-06,0.0411563
1.16092e-05,-0.00022042,0.0484211,4.90186e-06,0.000212216,0.0487047,8.4293e-05,-0.000149621,0.043596,8.69699e-05,-3.29443e-07,0.0446089
-8.15202e-06,-0.000305992,0.0542146,-1.84853e-05,0.000286431,0.0545375,0.000130788,-0.000200268,0.0481055,0.000137506,-7.39985e-06,0.0492294
-8.19822e-05,-0.000465462,0.0621959,-9.90606e-05,0.000424887,0.0625671,0.000248512,-0.000266063,0.0544177,0.000263457,-2.88731e-05,0.0556952
-0.000203868,-0.000699489,0.0743665,-0.000232162,0.000623265,0.0748076,0.000203078,-0.000413205,0.0632154,0.000219614,-4.23539e-05,0.0646927
-0.000449428,-0.00128181,0.0938778,-0.000502531,0.00112415,0.0944178,0.000334991,-0.000661077,0.0766688,0.000363892,-9.16732e-05,0.0784339
-0.00133226,-0.0028963,0.128531,-0.00144918,0.00251655,0.129213,0.000727036,-0.00121558,0.0996171,0.000782068,-0.000220925,0.101821
-0.00495569,-0.00892828,0.206682,-0.00529097,0.00767319,0.207557,0.00113486,-0.00295195,0.145631,0.00121428,-0.000617954,0.148467
-0.0476925,-0.0698125,0.538676,-0.0496736,0.0587877,0.537262,0.000229051,-0.0126106,0.279172,0.000243721,-0.00313349,0.281665
-20.8883,13.322,109.927,-20.5163,-13.7459,108.157,1.55563,-0.78209,5.04926,1.5533,-1.30887,5.17264
-24.7681,32.9376,190.097,-24.1727,-32.6811,188.466,-29.8929,41.8267,250.733,-28.8742,-43.38,248.543
-4.64484,1.41972,11.5898,-4.6379,-1.4881,11.5837,-1.23588,0.124535,2.57688,-1.29619,-0.174944,2.66425
-4.07174,1.69866,10.5192,-4.07483,-1.71711,10.5378,-0.206562,0.0385236,0.719068,-0.210636,-0.0418009,0.726443
-5.06473,2.26288,12.9673,-5.06901,-2.32097,13.0647,-0.0558771,0.0175072,0.411113,-0.0574418,-0.0161923,0.412787
-5.85094,2.50676,12.1295,-5.85563,-2.56643,12.2864,0.0043989,0.00980861,0.354077,0.00397548,-0.00823823,0.354781
-0.681009,0.155385,75.8131,-0.39895,0.0730923,75.7438,-6.01692,3.23505,71.714,-6.26519,-3.13606,72.6299
1.49536,-0.108689,71.8115,1.72462,0.328664,71.8274,-3.65356,2.46571,66.7729,-3.72202,-2.41279,67.468
2.05138,-0.122397,76.4087,2.28734,0.314273,76.4611,-2.40858,1.94264,68.7634,-2.53556,-1.98018,69.6644
2.34104,0.089554,78.2584,2.57028,0.0613277,78.3608,-1.567,1.86104,68.3517,-1.69094,-1.9606,69.338
2.79496,0.120859,78.962,3.01502,0.00822309,79.103,-0.607839,1.51625,67.0941,-0.728136,-1.65697,68.1473
3.38753,-0.0287536,75.413,3.59901,0.150004,75.5515,0.433988,0.923668,62.2083,0.317226,-1.09937,63.2866
3.98463,-0.0638983,79.5782,4.19213,0.171862,79.7704,1.46809,0.499851,63.8465,1.35251,-0.719154,65.0338
4.00686,0.264508,81.3043,4.21814,-0.168295,81.5025,1.81895,0.655898,63.849,1.70879,-0.907343,65.1111
4.32202,0.236864,77.6936,4.53776,-0.143997,77.8433,2.38994,0.39269,59.0063,2.2824,-0.682553,60.3056
5.29307,0.0128004,79.7911,5.51436,0.0932434,79.9399,3.61309,-0.366558,58.9918,3.50656,0.0274906,60.3924
5.74565,-0.0717212,77.5507,5.98247,0.183627,77.6028,4.20224,-0.703623,55.3305,4.08969,0.299472,56.8279
5.7256,0.203409,74.6131,5.98535,-0.0813697,74.4915,4.28661,-0.588086,51.4448,4.15532,0.109813,53.0762
6.70443,-0.679338,62.1691,6.97971,0.828328,61.7512,5.44858,-2.19311,38.3441,5.2725,1.56632,40.1196
6.59923,-1.17801,46.6841,6.83904,1.22408,46.0061,3.88522,-1.44405,28.5493,3.85116,0.905024,29.4099
-0.0283273,-0.0107398,0.139818,-0.0285122,0.00997999,0.140248,-0.022884,-0.0144285,0.124402,-0.0226447,0.0120621,0.123737
-0.00394249,-2.05827e-05,0.0731572,-0.00396122,-0.000101523,0.07348,-0.00250177,-0.000375632,0.0670956,-0.00255877,0.000249548,0.0670031
-0.00127432,0.000449127,0.0548512,-0.00128697,-0.000460702,0.055103,-0.00079627,0.000325568,0.0506332,-0.000817037,-0.000181342,0.0505473
-0.00043582,0.000392833,0.0459708,-0.000440088,-0.000375933,0.0461829,-0.000278204,0.000333237,0.0424597,-0.000285521,-0.000138215,0.0424384
2.34712e-05,0.000343436,0.0410019,2.81148e-05,-0.000314303,0.0411962,-9.16107e-06,0.000308687,0.037902,-3.22974e-06,-0.000107788,0.0379769
0.000300135,0.000291045,0.0379355,0.000309335,-0.00025784,0.0381162,0.000154218,0.000267236,0.0351316,0.000166396,-7.03901e-05,0.0353005
0.000444016,0.000246331,0.0360019,0.00045356,-0.000219449,0.0361674,0.000206188,0.000216269,0.0332574,0.000221243,-4.26284e-05,0.0335108
0.000617085,0.000197933,0.0347996,0.000628769,-0.000180071,0.0349544,0.000296892,0.00016338,0.032079,0.00031577,-1.93697e-05,0.0324108
0.00069533,0.000140403,0.0339974,0.000704185,-0.000132164,0.0341344,0.000363606,0.000133705,0.0314378,0.00038568,-1.74424e-05,0.0318445
0.000641332,9.68613e-05,0.0335027,0.000649633,-9.4627e-05,0.0336317,0.00030012,8.83509e-05,0.0309099,0.000319218,9.21227e-07,0.0313738
0.000544977,6.0354e-05,0.0331907,0.00055166,-5.62176e-05,0.0333157,0.000252118,6.64099e-05,0.0305845,0.00026796,4.001e-06,0.0310964
0.00043516,2.45075e-05,0.0330096,0.000440226,-1.97536e-05,0.0331343,0.000216034,5.09277e-05,0.0304777,0.000228427,2.74796e-06,0.0310308
0.000352845,-6.96534e-06,0.0329508,0.000356666,1.28938e-05,0.0330784,0.000205635,3.59604e-05,0.0306061,0.000215625,2.33174e-06,0.0311973
0.000275038,-1.84615e-05,0.0331746,0.000277908,2.63841e-05,0.0333088,0.000145535,1.35607e-05,0.0308514,0.000151491,6.34649e-06,0.0314752
0.000216607,-2.75933e-05,0.0336959,0.000218694,3.77956e-05,0.0338402,9.46131e-05,-7.84479e-06,0.0312392,9.71743e-05,1.07526e-05,0.0318921
0.000174985,-4.62294e-05,0.034462,0.000176229,5.67607e-05,0.0346184,8.24256e-05,-2.23582e-05,0.03186,8.3505e-05,1.14744e-05,0.0325433
0.000140259,-7.911e-05,0.0353936,0.000140455,8.75212e-05,0.0355629,0.000121472,-2.70653e-05,0.0328415,0.000123656,4.92277e-06,0.0335625
0.000110194,-8.81212e-05,0.0367619,0.000109736,9.62337e-05,0.0369474,8.38615e-05,-4.87538e-05,0.0340517,8.40611e-05,8.3582e-06,0.0348119
8.26457e-05,-0.000100292,0.0386702,8.13307e-05,0.000106635,0.0388754,4.38596e-05,-7.28576e-05,0.0355476,4.23426e-05,1.08767e-05,0.0363503
5.4409e-05,-0.000138266,0.0410776,5.15597e-05,0.000139914,0.0413044,7.54083e-05,-8.70846e-05,0.0375579,7.57635e-05,4.57499e-06,0.0384153
2.38779e-05,-0.000184442,0.0441556,1.91749e-05,0.000180917,0.0444073,0.000117832,-0.000104785,0.0402279,0.000120859,-3.65971e-06,0.0411563
1.16092e-05,-0.00022042,0.0484211,4.90184e-06,0.000212216,0.0487047,8.42929e-05,-0.000149621,0.043596,8.69699e-05,-3.29389e-07,0.0446089
-8.15203e-06,-0.000305992,0.0542146,-1.84853e-05,0.000286431,0.0545375,0.000130788,-0.000200268,0.0481055,0.000137506,-7.39978e-06,0.0492294
-8.19823e-05,-0.000465462,0.0621959,-9.90606e-05,0.000424887,0.0625671,0.000248512,-0.000266062,0.0544177,0.000263457,-2.8873e-05,0.0556952
-0.000203868,-0.000699489,0.0743665,-0.000232162,0.000623265,0.0748076,0.000203078,-0.000413205,0.0632154,0.000219614,-4.23538e-05,0.0646927
-0.000449428,-0.00128181,0.0938778,-0.000502531,0.00112415,0.0944178,0.000334991,-0.000661076,0.0766688,0.000363892,-9.16731e-05,0.0784339
-0.00133226,-0.0028963,0.128531,-0.00144918,0.00251655,0.129213,0.000727036,-0.00121558,0.0996171,0.000782068,-0.000220925,0.101821
-0.00495569,-0.00892828,0.206682,-0.00529097,0.0076732,0.207557,0.00113486,-0.00295195,0.145631,0.00121428,-0.000617953,0.148467
-0.0476925,-0.0698125,0.538676,-0.0496736,0.0587877,0.537262,0.00022905,-0.0126106,0.279172,0.000243721,-0.00313349,0.281665
-20.8883,13.322,109.927,-20.5163,-13.7459,108.157,1.55563,-0.78209,5.04926,1.5533,-1.30887,5.17264
-24.7681,32.9376,190.097,-24.1727,-32.6811,188.466,-29.8929,41.8267,250.733,-28.8743,-43.38,248.543
-4.64484,1.41972,11.5898,-4.6379,-1.4881,11.5837,-1.23588,0.124535,2.57688,-1.29619,-0.174944,2.66425
-4.07174,1.69866,10.5192,-4.07483,-1.71711,10.5378,-0.206562,0.0385236,0.719068,-0.210636,-0.0418009,0.726443
-5.06473,2.26288,12.9673,-5.06901,-2.32097,13.0647,-0.0558771,0.0175072,0.411113,-0.0574418,-0.0161923,0.412787
-5.85094,2.50676,12.1295,-5.85563,-2.56643,12.2864,0.0043989,0.00980861,0.354077,0.00397548,-0.00823823,0.354781
-0.681009,0.155385,75.8131,-0.39895,0.0730925,75.7438,-6.01692,3.23505,71.714,-6.26519,-3.13606,72.6299
1.49536,-0.108689,71.8115,1.72462,0.328664,71.8274,-3.65356,2.46571,66.7729,-3.72202,-2.41279,67.468
2.05138,-0.122397,76.4087,2.28734,0.314273,76.4611,-2.40858,1.94264,68.7634,-2.53556,-1.98018,69.6644
2.34104,0.0895543,78.2584,2.57028,0.0613279,78.3608,-1.567,1.86104,68.3517,-1.69094,-1.9606,69.338
2.79496,0.120859,78.962,3.01502,0.00822326,79.103,-0.607839,1.51625,67.0941,-0.728136,-1.65697,68.1473
3.38753,-0.0287534,75.413,3.59901,0.150005,75.5515,0.433988,0.923668,62.2083,0.317226,-1.09937,63.2866
3.98463,-0.0638978,79.5782,4.19213,0.171862,79.7705,1.46809,0.499852,63.8465,1.35251,-0.719154,65.0338
4.00686,0.264508,81.3043,4.21814,-0.168295,81.5025,1.81895,0.655898,63.849,1.70879,-0.907343,65.1111
4.32202,0.236864,77.6936,4.53776,-0.143997,77.8433,2.38994,0.392691,59.0063,2.2824,-0.682553,60.3056
5.29307,0.0128007,79.7911,5.51436,0.0932436,79.9399,3.61309,-0.366558,58.9918,3.50656,0.027491,60.3924
5.74565,-0.071721,77.5507,5.98247,0.183627,77.6028,4.20224,-0.703622,55.3305,4.08969,0.299472,56.8279
5.7256,0.20341,74.6131,5.98535,-0.0813697,74.4915,4.28661,-0.588085,51.4448,4.15532,0.109813,53.0762
6.70443,-0.679337,62.1691,6.97971,0.828328,61.7512,5.44858,-2.19311,38.3441,5.2725,1.56632,40.1196
6.59923,-1.17801,46.6841,6.83904,1.22408,46.0061,3.88523,-1.44406,28.5493,3.85116,0.905014,29.4099
-0.0283273,-0.0107398,0.139818,-0.0285122,0.00997999,0.140248,-0.022884,-0.0144285,0.124402,-0.0226447,0.0120621,0.123737
-0.00394249,-2.05827e-05,0.0731572,-0.00396122,-0.000101523,0.07348,-0.00250177,-0.000375632,0.0670956,-0.00255877,0.000249548,0.0670031
-0.00127432,0.000449127,0.0548512,-0.00128697,-0.000460702,0.055103,-0.00079627,0.000325568,0.0506332,-0.000817037,-0.000181342,0.0505473
-0.00043582,0.000392833,0.0459708,-0.000440088,-0.000375933,0.0461829,-0.000278204,0.000333237,0.0424597,-0.000285521,-0.000138215,0.0424384
2.34712e-05,0.000343436,0.0410019,2.81148e-05,-0.000314303,0.0411962,-9.16107e-06,0.000308687,0.037902,-3.22975e-06,-0.000107787,0.0379769
0.000300135,0.000291045,0.0379355,0.000309335,-0.00025784,0.0381162,0.000154218,0.000267236,0.0351316,0.000166396,-7.03901e-05,0.0353005
0.000444016,0.000246332,0.0360019,0.00045356,-0.000219449,0.0361674,0.000206188,0.000216269,0.0332574,0.000221243,-4.26283e-05,0.0335108
0.000617085,0.000197933,0.0347996,0.000628769,-0.000180071,0.0349544,0.000296892,0.00016338,0.032079,0.00031577,-1.93697e-05,0.0324108
0.00069533,0.000140403,0.0339974,0.000704185,-0.000132164,0.0341344,0.000363606,0.000133705,0.0314378,0.00038568,-1.74424e-05,0.0318445
0.000641332,9.68613e-05,0.0335027,0.000649633,-9.4627e-05,0.0336317,0.00030012,8.83509e-05,0.0309099,0.000319218,9.21236e-07,0.0313738
0.000544977,6.0354e-05,0.0331907,0.00055166,-5.62175e-05,0.0333157,0.000252118,6.64099e-05,0.0305845,0.00026796,4.00101e-06,0.0310964
0.00043516,2.45075e-05,0.0330096,0.000440226,-1.97536e-05,0.0331343,0.000216034,5.09278e-05,0.0304777,0.000228427,2.74797e-06,0.0310308
0.000352845,-6.96533e-06,0.0329508,0.000356666,1.28938e-05,0.0330784,0.000205635,3.59604e-05,0.0306061,0.000215625,2.33175e-06,0.0311973
0.000275038,-1.84615e-05,0.0331746,0.000277908,2.63841e-05,0.0333088,0.000145535,1.35607e-05,0.0308514,0.000151491,6.34651e-06,0.0314752
0.000216607,-2.75933e-05,0.0336959,0.000218694,3.77956e-05,0.0338402,9.46131e-05,-7.84477e-06,0.0312392,9.71743e-05,1.07526e-05,0.0318921
0.000174985,-4.62294e-05,0.034462,0.000176229,5.67608e-05,0.0346184,8.24256e-05,-2.23582e-05,0.03186,8.3505e-05,1.14744e-05,0.0325433
0.000140259,-7.911e-05,0.0353936,0.000140455,8.75212e-05,0.0355629,0.000121472,-2.70653e-05,0.0328415,0.000123656,4.92278e-06,0.0335625
0.000110194,-8.81212e-05,0.0367619,0.000109736,9.62338e-05,0.0369474,8.38614e-05,-4.87538e-05,0.0340517,8.40611e-05,8.35821e-06,0.0348119
8.26457e-05,-0.000100292,0.0386702,8.13307e-05,0.000106635,0.0388754,4.38596e-05,-7.28575e-05,0.0355476,4.23426e-05,1.08767e-05,0.0363503
5.4409e-05,-0.000138266,0.0410776,5.15597e-05,0.000139914,0.0413044,7.54082e-05,-8.70846e-05,0.0375579,7.57635e-05,4.57501e-06,0.0384153
2.38779e-05,-0.000184442,0.0441556,1.91749e-05,0.000180917,0.0444073,0.000117832,-0.000104785,0.0402279,0.000120859,-3.65969e-06,0.0411563
1.16092e-05,-0.00022042,0.0484211,4.90183e-06,0.000212216,0.0487047,8.42929e-05,-0.000149621,0.043596,8.69699e-05,-3.29363e-07,0.0446089
-8.15204e-06,-0.000305992,0.0542146,-1.84854e-05,0.000286431,0.0545375,0.000130788,-0.000200268,0.0481055,0.000137506,-7.39975e-06,0.0492294
-8.19823e-05,-0.000465462,0.0621959,-9.90606e-05,0.000424887,0.0625671,0.000248512,-0.000266062,0.0544177,0.000263457,-2.88729e-05,0.0556952
-0.000203868,-0.000699489,0.0743665,-0.000232162,0.000623265,0.0748076,0.000203078,-0.000413205,0.0632154,0.000219614,-4.23537e-05,0.0646927
-0.000449428,-0.00128181,0.0938778,-0.000502531,0.00112415,0.0944178,0.000334991,-0.000661076,0.0766688,0.000363892,-9.1673e-05,0.0784339
-0.00133226,-0.0028963,0.128531,-0.00144918,0.00251655,0.129213,0.000727036,-0.00121558,0.0996171,0.000782068,-0.000220924,0.101821
-0.00495569,-0.00892828,0.206682,-0.00529097,0.0076732,0.207557,0.00113486,-0.00295195,0.145631,0.00121428,-0.000617953,0.148467
-0.0476925,-0.0698125,0.538676,-0.0496736,0.0587877,0.537262,0.000229049,-0.0126106,0.279172,0.000243721,-0.00313349,0.281665
-20.8883,13.322,109.927,-20.5163,-13.7459,108.157,1.55563,-0.782089,5.04926,1.5533,-1.30887,5.17264
-24.7681,32.9376,190.097,-24.1727,-32.6811,188.466,-29.8929,41.8267,250.733,-28.8743,-43.38,248.543
-4.64484,1.41972,11.5898,-4.6379,-1.4881,11.5837,-1.23588,0.124535,2.57688,-1.29619,-0.174944,2.66425
-4.07174,1.69866,10.5192,-4.07483,-1.71711,10.5378,-0.206562,0.0385236,0.719068,-0.210636,-0.0418009,0.726443
-5.06473,2.26288,12.9673,-5.06901,-2.32097,13.0647,-0.0558771,0.0175072,0.411113,-0.0574418,-0.0161923,0.412787
-5.85094,2.50676,12.1295,-5.85563,-2.56643,12.2864,0.0043989,0.00980861,0.354077,0.00397548,-0.00823823,0.354781
-0.681009,0.155385,75.8131,-0.39895,0.0730926,75.7438,-6.01692,3.23505,71.714,-6.26519,-3.13606,72.6299
1.49536,-0.108689,71.8115,1.72462,0.328664,71.8274,-3.65356,2.46571,66.7729,-3.72202,-2.41279,67.468
2.05138,-0.122396,76.4087,2.28734,0.314273,76.4611,-2.40858,1.94264,68.7634,-2.53556,-1.98018,69.6644
2.34104,0.0895544,78.2584,2.57028,0.0613279,78.3608,-1.567,1.86104,68.3517,-1.69094,-1.9606,69.338
2.79496,0.12086,78.962,3.01502,0.00822334,79.103,-0.607839,1.51625,67.0941,-0.728136,-1.65697,68.1473
3.38753,-0.0287533,75.413,3.59901,0.150005,75.5515,0.433988,0.923668,62.2083,0.317226,-1.09937,63.2866
3.98463,-0.0638979,79.5782,4.19213,0.171862,79.7704,1.46809,0.499852,63.8465,1.35251,-0.719154,65.0338
4.00686,0.264508,81.3043,4.21814,-0.168295,81.5025,1.81895,0.655899,63.849,1.70879,-0.907343,65.1111
4.32202,0.236864,77.6936,4.53776,-0.143997,77.8433,2.38994,0.392691,59.0063,2.2824,-0.682553,60.3056
5.29307,0.0128008,79.7911,5.51436,0.0932436,79.9399,3.61309,-0.366557,58.9918,3.50656,0.0274911,60.3924
5.74565,-0.0717209,77.5507,5.98247,0.183627,77.6028,4.20224,-0.703622,55.3305,4.08969,0.299473,56.8279
5.7256,0.20341,74.6131,5.98535,-0.0813695,74.4915,4.28661,-0.588085,51.4448,4.15532,0.109813,53.0762
6.70443,-0.679337,62.1691,6.97971,0.828328,61.7512,5.44859,-2.19311,38.3441,5.2725,1.56632,40.1196
6.59923,-1.17801,46.6841,6.83904,1.22408,46.0061,3.88524,-1.44407,28.5492,3.85115,0.90501,29.4099
-0.0283273,-0.0107398,0.139818,-0.0285122,0.00997999,0.140248,-0.022884,-0.0144285,0.124402,-0.0226447,0.0120621,0.123737
-0.00394249,-2.05827e-05,0.0731572,-0.00396122,-0.000101523,0.07348,-0.00250177,-0.000375632,0.0670956,-0.00255877,0.000249548,0.0670031
-0.00127432,0.000449127,0.0548512,-0.00128697,-0.000460702,0.055103,-0.00079627,0.000325568,0.0506332,-0.000817037,-0.000181342,0.0505473
-0.00043582,0.000392833,0.0459708,-0.000440088,-0.000375933,0.0461829,-0.000278204,0.000333237,0.0424597,-0.000285521,-0.000138215,0.0424384
2.34712e-05,0.000343436,0.0410019,2.81148e-05,-0.000314303,0.0411962,-9.16106e-06,0.000308687,0.037902,-3.22976e-06,-0.000107787,0.0379769
0.000300135,0.000291045,0.0379355,0.000309335,-0.00025784,0.0381162,0.000154218,0.000267236,0.0351316,0.000166396,-7.03901e-05,0.0353005
0.000444016,0.000246332,0.0360019,0.00045356,-0.000219449,0.0361674,0.000206188,0.000216269,0.0332574,0.000221243,-4.26283e-05,0.0335108
0.000617085,0.000197933,0.0347996,0.000628769,-0.000180071,0.0349544,0.000296892,0.00016338,0.032079,0.00031577,-1.93697e-05,0.0324108
0.00069533,0.000140403,0.0339974,0.000704185,-0.000132164,0.0341344,0.000363606,0.000133705,0.0314378,0.00038568,-1.74424e-05,0.0318445
0.000641332,9.68613e-05,0.0335027,0.000649633,-9.4627e-05,0.0336317,0.00030012,8.83509e-05,0.0309099,0.000319218,9.21241e-07,0.0313738
0.000544977,6.0354e-05,0.0331907,0.00055166,-5.62175e-05,0.0333157,0.000252118,6.64099e-05,0.0305845,0.00026796,4.00101e-06,0.0310964
0.00043516,2.45075e-05,0.0330096,0.000440226,-1.97536e-05,0.0331343,0.000216034,5.09278e-05,0.0304777,0.000228427,2.74797e-06,0.0310308
0.000352845,-6.96532e-06,0.0329508,0.000356666,1.28938e-05,0.0330784,0.000205635,3.59604e-05,0.0306061,0.000215625,2.33175e-06,0.0311973
0.000275038,-1.84615e-05,0.0331746,0.000277908,2.63841e-05,0.0333088,0.000145535,1.35607e-05,0.0308514,0.000151491,6.34651e-06,0.0314752
0.000216607,-2.75933e-05,0.0336959,0.000218694,3.77957e-05,0.0338402,9.46131e-05,-7.84477e-06,0.0312392,9.71743e-05,1.07526e-05,0.0318921
0.000174985,-4.62294e-05,0.034462,0.000176229,5.67608e-05,0.0346184,8.24256e-05,-2.23582e-05,0.03186,8.3505e-05,1.14744e-05,0.0325433
0.000140259,-7.911e-05,0.0353936,0.000140455,8.75212e-05,0.0355629,0.000121472,-2.70653e-05,0.0328415,0.000123656,4.92279e-06,0.0335625
0.000110194,-8.81212e-05,0.0367619,0.000109736,9.62338e-05,0.0369474,8.38614e-05,-4.87538e-05,0.0340517,8.40611e-05,8.35822e-06,0.0348119
8.26457e-05,-0.000100292,0.0386702,8.13307e-05,0.000106635,0.0388754,4.38596e-05,-7.28575e-05,0.0355476,4.23426e-05,1.08767e-05,0.0363503
5.4409e-05,-0.000138266,0.0410776,5.15597e-05,0.000139914,0.0413044,7.54082e-05,-8.70846e-05,0.0375579,7.57635e-05,4.57502e-06,0.0384153
2.38779e-05,-0.000184442,0.0441556,1.91749e-05,0.000180917,0.0444073,0.000117832,-0.000104785,0.0402279,0.000120859,-3.65968e-06,0.0411563
1.16092e-05,-0.000220419,0.0484211,4.90182e-06,0.000212216,0.0487047,8.42929e-05,-0.000149621,0.043596,8.69699e-05,-3.29349e-07,0.0446089
-8.15204e-06,-0.000305992,0.0542146,-1.84854e-05,0.000286431,0.0545375,0.000130788,-0.000200268,0.0481055,0.000137506,-7.39973e-06,0.0492294
-8.19823e-05,-0.000465462,0.0621959,-9.90606e-05,0.000424887,0.0625671,0.000248512,-0.000266062,0.0544177,0.000263457,-2.88729e-05,0.0556952
-0.000203868,-0.000699488,0.0743665,-0.000232162,0.000623265,0.0748076,0.000203078,-0.000413205,0.0632154,0.000219614,-4.23537e-05,0.0646927
-0.000449428,-0.00128181,0.0938778,-0.000502531,0.00112415,0.0944178,0.000334991,-0.000661076,0.0766688,0.000363892,-9.16729e-05,0.0784339
-0.00133226,-0.0028963,0.128531,-0.00144918,0.00251655,0.129213,0.000727036,-0.00121558,0.0996171,0.000782068,-0.000220924,0.101821
-0.00495569,-0.00892827,0.206682,-0.00529097,0.0076732,0.207557,0.00113486,-0.00295194,0.145631,0.00121428,-0.000617953,0.148467
-0.0476925,-0.0698125,0.538676,-0.0496736,0.0587877,0.537262,0.000229049,-0.0126106,0.279172,0.000243721,-0.00313349,0.281665
-20.8883,13.322,109.927,-20.5163,-13.7459,108.157,1.55563,-0.782089,5.04926,1.5533,-1.30887,5.17264
-24.7681,32.9376,190.097,-24.1727,-32.6811,188.466,-29.8929,41.8267,250.733,-28.8743,-43.38,248.543
-4.64484,1.41972,11.5898,-4.6379,-1.4881,11.5837,-1.23588,0.124535,2.57688,-1.29619,-0.174944,2.66425
-4.07174,1.69866,10.5192,-4.07483,-1.71711,10.5378,-0.206562,0.0385236,0.719068,-0.210636,-0.0418009,0.726443
-5.06473,2.26288,12.9673,-5.06901,-2.32097,13.0647,-0.0558771,0.0175072,0.411113,-0.0574418,-0.0161922,0.412787
-5.85094,2.50676,12.1295,-5.85563,-2.56643,12.2864,0.0043989,0.00980861,0.354077,0.00397548,-0.00823822,0.354781
-0.681009,0.155385,75.8131,-0.39895,0.0730927,75.7438,-6.01692,3.23505,71.714,-6.26519,-3.13606,72.6299
1.49536,-0.108689,71.8115,1.72462,0.328664,71.8274,-3.65356,2.46571,66.7729,-3.72202,-2.41279,67.468
2.05138,-0.122396,76.4087,2.28734,0.314273,76.4611,-2.40858,1.94264,68.7634,-2.53556,-1.98018,69.6644
2.34104,0.0895545,78.2584,2.57028,0.061328,78.3608,-1.567,1.86104,68.3517,-1.69094,-1.9606,69.338
2.79496,0.12086,78.962,3.01502,0.00822338,79.103,-0.607839,1.51625,67.0941,-0.728136,-1.65697,68.1473
3.38753,-0.0287532,75.413,3.59901,0.150005,75.5515,0.433988,0.923668,62.2083,0.317226,-1.09937,63.2866
3.98463,-0.0638979,79.5782,4.19213,0.171862,79.7704,1.46809,0.499852,63.8465,1.35251,-0.719154,65.0338
4.00686,0.264508,81.3043,4.21814,-0.168295,81.5025,1.81895,0.655899,63.849,1.70879,-0.907343,65.1111
4.32202,0.236864,77.6936,4.53776,-0.143997,77.8433,2.38994,0.392691,59.0063,2.2824,-0.682553,60.3056
5.29307,0.0128008,79.7911,5.51436,0.0932437,79.9399,3.61309,-0.366557,58.9918,3.50656,0.0274912,60.3924
5.74565,-0.0717208,77.5507,5.98247,0.183627,77.6028,4.20224,-0.703622,55.3305,4.08969,0.299473,56.8279
5.7256,0.20341,74.6131,5.98535,-0.0813696,74.4915,4.28661,-0.588085,51.4448,4.15532,0.109813,53.0762
6.70443,-0.679337,62.1691,6.97971,0.828328,61.7512,5.44859,-2.19311,38.3441,5.2725,1.56632,40.1196
6.59923,-1.17801,46.6841,6.83904,1.22408,46.0061,3.88524,-1.44407,28.5492,3.85115,0.905007,29.4099
-0.0283273,-0.0107398,0.139818,-0.0285122,0.00997999,0.140248,-0.022884,-0.0144285,0.124402,-0.0226447,0.0120621,0.123737
-0.00394249,-2.05827e-05,0.0731572,-0.00396122,-0.000101523,0.07348,-0.00250177,-0.000375632,0.0670956,-0.00255877,0.000249548,0.0670031
-0.00127432,0.000449127,0.0548512,-0.00128697,-0.000460702,0.055103,-0.00079627,0.000325568,0.0506332,-0.000817037,-0.000181342,0.0505473
-0.00043582,0.000392833,0.0459708,-0.000440088,-0.000375933,0.0461829,-0.000278204,0.000333237,0.0424597,-0.000285521,-0.000138215,0.0424384
2.34712e-05,0.000343436,0.0410019,2.81148e-05,-0.000314303,0.0411962,-9.16106e-06,0.000308687,0.037902,-3.22976e-06,-0.000107787,0.0379769
0.000300135,0.000291045,0.0379355,0.000309335,-0.00025784,0.0381162,0.000154218,0.000267236,0.0351316,0.000166396,-7.03901e-05,0.0353005
0.000444016,0.000246332,0.0360019,0.00045356,-0.000219449,0.0361674,0.000206188,0.000216269,0.0332574,0.000221243,-4.26283e-05,0.0335108
0.000617085,0.000197933,0.0347996,0.000628769,-0.000180071,0.0349544,0.000296892,0.00016338,0.032079,0.00031577,-1.93697e-05,0.0324108
0.00069533,0.000140403,0.0339974,0.000704185,-0.000132164,0.0341344,0.000363606,0.000133705,0.0314378,0.00038568,-1.74424e-05,0.0318445
0.000641332,9.68612e-05,0.0335027,0.000649633,-9.46269e-05,0.0336317,0.00030012,8.83509e-05,0.0309099,0.000319218,9.21254e-07,0.0313738
0.000544977,6.0354e-05,0.0331907,0.00055166,-5.62175e-05,0.0333157,0.000252118,6.64099e-05,0.0305845,0.00026796,4.00102e-06,0.0310964
0.00043516,2.45075e-05,0.0330096,0.000440226,-1.97535e-05,0.0331343,0.000216034,5.09278e-05,0.0304777,0.000228427,2.74798e-06,0.0310308
0.000352845,-6.96534e-06,0.0329508,0.000356666,1.28938e-05,0.0330784,0.000205635,3.59604e-05,0.0306061,0.000215625,2.33176e-06,0.0311973
0.000275038,-1.84615e-05,0.0331746,0.000277908,2.63841e-05,0.0333088,0.000145535,1.35607e-05,0.0308514,0.000151491,6.34651e-06,0.0314752
0.000216607,-2.75933e-05,0.0336959,0.000218694,3.77957e-05,0.0338402,9.46131e-05,-7.84476e-06,0.0312392,9.71743e-05,1.07526e-05,0.0318921
0.000174985,-4.62294e-05,0.034462,0.000176229,5.67608e-05,0.0346184,8.24256e-05,-2.23582e-05,0.03186,8.3505e-05,1.14744e-05,0.0325433
0.000140259,-7.911e-05,0.0353936,0.000140455,8.75212e-05,0.0355629,0.000121472,-2.70652e-05,0.0328415,0.000123656,4.92279e-06,0.0335625
0.000110194,-8.81212e-05,0.0367619,0.000109736,9.62338e-05,0.0369474,8.38614e-05,-4.87538e-05,0.0340517,8.40611e-05,8.35822e-06,0.0348119
8.26457e-05,-0.000100292,0.0386702,8.13307e-05,0.000106635,0.0388754,4.38595e-05,-7.28575e-05,0.0355476,4.23425e-05,1.08767e-05,0.0363503
5.44089e-05,-0.000138266,0.0410776,5.15597e-05,0.000139914,0.0413044,7.54082e-05,-8.70845e-05,0.0375579,7.57635e-05,4.57502e-06,0.0384153
2.38779e-05,-0.000184442,0.0441556,1.91749e-05,0.000180917,0.0444073,0.000117832,-0.000104785,0.0402279,0.000120859,-3.65968e-06,0.0411563
1.16092e-05,-0.000220419,0.0484211,4.9018e-06,0.000212216,0.0487047,8.42929e-05,-0.000149621,0.043596,8.69698e-05,-3.29354e-07,0.0446089
-8.15208e-06,-0.000305992,0.0542146,-1.84854e-05,0.000286431,0.0545375,0.000130788,-0.000200268,0.0481055,0.000137506,-7.39974e-06,0.0492294
-8.19823e-05,-0.000465462,0.0621959,-9.90607e-05,0.000424887,0.0625671,0.000248512,-0.000266062,0.0544177,0.000263457,-2.88729e-05,0.0556952
-0.000203868,-0.000699488,0.0743665,-0.000232162,0.000623265,0.0748076,0.000203078,-0.000413205,0.0632154,0.000219614,-4.23537e-05,0.0646927
-0.000449429,-0.00128181,0.0938778,-0.000502531,0.00112415,0.0944178,0.000334991,-0.000661076,0.0766688,0.000363892,-9.1673e-05,0.0784339
-0.00133226,-0.0028963,0.128531,-0.00144918,0.00251655,0.129213,0.000727036,-0.00121558,0.0996171,0.000782068,-0.000220924,0.101821
-0.00495569,-0.00892827,0.206682,-0.00529097,0.0076732,0.207557,0.00113486,-0.00295194,0.145631,0.00121428,-0.000617953,0.148467
-0.0476925,-0.0698125,0.538676,-0.0496736,0.0587877,0.537262,0.000229049,-0.0126106,0.279172,0.000243722,-0.00313349,0.281665
-20.8883,13.322,109.927,-20.5163,-13.7459,108.157,1.55563,-0.782089,5.04926,1.5533,-1.30887,5.17264
-24.7681,32.9376,190.097,-24.1727,-32.6811,188.466,-29.8929,41.8267,250.733,-28.8743,-43.38,248.543
-4.64484,1.41972,11.5898,-4.6379,-1.4881,11.5837,-1.23588,0.124535,2.57688,-1.29619,-0.174944,2.66425
-4.07174,1.69866,10.5192,-4.07483,-1.71711,10.5378,-0.206562,0.0385236,0.719068,-0.210636,-0.0418009,0.726443
-5.06473,2.26288,12.9673,-5.06901,-2.32097,13.0647,-0.0558771,0.0175072,0.411113,-0.0574418,-0.0161922,0.412787
-5.85094,2.50676,12.1295,-5.85563,-2.56643,12.2864,0.0043989,0.00980861,0.354077,0.00397548,-0.00823822,0.354781
-0.681009,0.155385,75.8131,-0.39895,0.0730927,75.7438,-6.01692,3.23505,71.714,-6.26519,-3.13606,72.6299
1.49536,-0.108689,71.8115,1.72462,0.328664,71.8274,-3.65356,2.46571,66.7729,-3.72202,-2.41279,67.468
2.05138,-0.122396,76.4087,2.28734,0.314273,76.4611,-2.40858,1.94264,68.7634,-2.53556,-1.98018,69.6644
2.34104,0.0895545,78.2584,2.57028,0.061328,78.3608,-1.567,1.86104,68.3517,-1.69094,-1.9606,69.338
2.79496,0.12086,78.962,3.01502,0.0082234,79.103,-0.607839,1.51625,67.0941,-0.728136,-1.65697,68.1473
3.38753,-0.0287532,75.413,3.59901,0.150005,75.5515,0.433988,0.923668,62.2083,0.317226,-1.09937,63.2866
3.98463,-0.0638978,79.5782,4.19213,0.171862,79.7704,1.46809,0.499852,63.8465,1.35251,-0.719153,65.0338
4.00686,0.264508,81.3043,4.21814,-0.168295,81.5025,1.81895,0.655899,63.849,1.70879,-0.907343,65.1111
4.32202,0.236865,77.6936,4.53776,-0.143997,77.8433,2.38994,0.392691,59.0063,2.2824,-0.682553,60.3056
5.29307,0.0128009,79.7911,5.51436,0.0932437,79.9399,3.61309,-0.366557,58.9918,3.50656,0.0274912,60.3924
5.74565,-0.0717208,77.5507,5.98247,0.183627,77.6028,4.20224,-0.703622,55.3305,4.08969,0.299473,56.8279
5.7256,0.20341,74.6131,5.98535,-0.0813695,74.4915,4.28661,-0.588085,51.4448,4.15532,0.109813,53.0762
6.70443,-0.679337,62.1691,6.97971,0.828328,61.7512,5.44858,-2.19311,38.3441,5.2725,1.56632,40.1196
6.59923,-1.17801,46.6841,6.83904,1.22408,46.0061,3.88524,-1.44407,28.5492,3.85115,0.905006,29.4099
-0.0283273,-0.0107398,0.139818,-0.0285122,0.00997999,0.140248,-0.022884,-0.0144285,0.124402,-0.0226447,0.0120621,0.123737
-0.00394249,-2.05827e-05,0.0731572,-0.00396122,-0.000101523,0.07348,-0.00250177,-0.000375632,0.0670956,-0.00255877,0.000249548,0.0670031
-0.00127432,0.000449127,0.0548512,-0.00128697,-0.000460702,0.055103,-0.00079627,0.000325568,0.0506332,-0.000817037,-0.000181342,0.0505473
-0.00043582,0.000392833,0.0459708,-0.000440088,-0.000375933,0.0461829,-0.000278204,0.000333237,0.0424597,-0.000285521,-0.000138215,0.0424384
2.34712e-05,0.000343436,0.0410019,2.81148e-05,-0.000314303,0.0411962,-9.16106e-06,0.000308687,0.037902,-3.22976e-06,-0.000107787,0.0379769
0.000300135,0.000291045,0.0379355,0.000309335,-0.00025784,0.0381162,0.000154218,0.000267236,0.0351316,0.000166396,-7.03901e-05,0.0353005
0.000444016,0.000246332,0.0360019,0.00045356,-0.000219449,0.0361674,0.000206188,0.000216269,0.0332574,0.000221243,-4.26283e-05,0.0335108
0.000617085,0.000197933,0.0347996,0.000628769,-0.000180071,0.0349544,0.000296892,0.00016338,0.032079,0.00031577,-1.93697e-05,0.0324108
0.00069533,0.000140403,0.0339974,0.000704185,-0.000132164,0.0341344,0.000363606,0.000133705,0.0314378,0.00038568,-1.74424e-05,0.0318445
0.000641332,9.68613e-05,0.0335027,0.000649633,-9.4627e-05,0.0336317,0.00030012,8.83509e-05,0.0309099,0.000319218,9.21245e-07,0.0313738
0.000544977,6.03541e-05,0.0331907,0.00055166,-5.62175e-05,0.0333157,0.000252118,6.64099e-05,0.0305845,0.00026796,4.00101e-06,0.0310964
0.00043516,2.45075e-05,0.0330096,0.000440226,-1.97536e-05,0.0331343,0.000216034,5.09278e-05,0.0304777,0.000228427,2.74798e-06,0.0310308
0.000352845,-6.96532e-06,0.0329508,0.000356666,1.28938e-05,0.0330784,0.000205635,3.59604e-05,0.0306061,0.000215625,2.33176e-06,0.0311973
0.000275038,-1.84615e-05,0.0331746,0.000277908,2.63841e-05,0.0333088,0.000145535,1.35607e-05,0.0308514,0.000151491,6.34651e-06,0.0314752
0.000216607,-2.75933e-05,0.0336959,0.000218694,3.77957e-05,0.0338402,9.46131e-05,-7.84476e-06,0.0312392,9.71743e-05,1.07526e-05,0.0318921
0.000174985,-4.62294e-05,0.034462,0.000176229,5.67608e-05,0.0346184,8.24256e-05,-2.23582e-05,0.03186,8.3505e-05,1.14744e-05,0.0325433
0.000140259,-7.911e-05,0.0353936,0.000140455,8.75212e-05,0.0355629,0.000121472,-2.70652e-05,0.0328415,0.000123656,4.92279e-06,0.0335625
0.000110194,-8.81212e-05,0.0367619,0.000109736,9.62338e-05,0.0369474,8.38614e-05,-4.87538e-05,0.0340517,8.40611e-05,8.35823e-06,0.0348119
8.26457e-05,-0.000100292,0.0386702,8.13307e-05,0.000106635,0.0388754,4.38596e-05,-7.28575e-05,0.0355476,4.23425e-05,1.08767e-05,0.0363503
5.4409e-05,-0.000138266,0.0410776,5.15597e-05,0.000139914,0.0413044,7.54082e-05,-8.70845e-05,0.0375579,7.57635e-05,4.57503e-06,0.0384153
2.38779e-05,-0.000184442,0.0441556,1.91749e-05,0.000180917,0.0444073,0.000117832,-0.000104785,0.0402279,0.000120859,-3.65967e-06,0.0411563
1.16092e-05,-0.000220419,0.0484211,4.90182e-06,0.000212216,0.0487047,8.42929e-05,-0.000149621,0.043596,8.69699e-05,-3.2934e-07,0.0446089
-8.15205e-06,-0.000305992,0.0542146,-1.84854e-05,0.000286431,0.0545375,0.000130788,-0.000200268,0.0481055,0.000137506,-7.39972e-06,0.0492294
-8.19823e-05,-0.000465462,0.0621959,-9.90606e-05,0.000424888,0.0625671,0.000248512,-0.000266062,0.0544177,0.000263457,-2.88729e-05,0.0556952
-0.000203868,-0.000699488,0.0743665,-0.000232162,0.000623265,0.0748076,0.000203078,-0.000413205,0.0632154,0.000219614,-4.23537e-05,0.0646927
-0.000449428,-0.00128181,0.0938778,-0.000502531,0.00112415,0.0944178,0.000334991,-0.000661076,0.0766688,0.000363892,-9.16729e-05,0.0784339
-0.00133226,-0.0028963,0.128531,-0.00144918,0.00251655,0.129213,0.000727036,-0.00121558,0.0996171,0.000782068,-0.000220924,0.101821
-0.00495569,-0.00892827,0.206682,-0.00529097,0.0076732,0.207557,0.00113486,-0.00295194,0.145631,0.00121428,-0.000617953,0.148467
-0.0476925,-0.0698125,0.538676,-0.0496736,0.0587877,0.537262,0.000229049,-0.0126106,0.279172,0.000243721,-0.00313349,0.281665
-20.8883,13.322,109.927,-20.5163,-13.7459,108.157,1.55563,-0.782089,5.04926,1.5533,-1.30887,5.17264
-24.7681,32.9376,190.097,-24.1727,-32.6811,188.466,-29.8929,41.8267,250.733,-28.8743,-43.38,248.543
-4.64484,1.41972,11.5898,-4.6379,-1.4881,11.5837,-1.23588,0.124535,2.57688,-1.29619,-0.174944,2.66425
-4.07174,1.69866,10.5192,-4.07483,-1.71711,10.5378,-0.206562,0.0385236,0.719068,-0.210636,-0.0418009,0.726443
-5.06473,2.26288,12.9673,-5.06901,-2.32097,13.0647,-0.0558771,0.0175072,0.411113,-0.0574418,-0.0161922,0.412787
-5.85094,2.50676,12.1295,-5.85563,-2.56643,12.2864,0.0043989,0.00980861,0.354077,0.00397548,-0.00823822,0.354781
-0.680998,0.155349,75.813,-0.398956,0.0730638,75.7438,-6.0169,3.23499,71.7139,-6.2652,-3.1361,72.6299
1.49537,-0.108722,71.8114,1.72462,0.328638,71.8274,-3.65355,2.46566,66.7729,-3.72203,-2.41283,67.468
2.05139,-0.122428,76.4086,2.28733,0.314249,76.4611,-2.40857,1.94259,68.7634,-2.53556,-1.98022,69.6645
2.34105,0.0895239,78.2584,2.57027,0.0613059,78.3608,-1.56698,1.86099,68.3516,-1.69094,-1.96063,69.338
2.79497,0.12083,78.962,3.01501,0.00820259,79.103,-0.607827,1.51621,67.0941,-0.728136,-1.657,68.1473
3.38754,-0.0287824,75.4129,3.59901,0.149985,75.5515,0.434,0.923623,62.2083,0.317228,-1.0994,63.2866
3.98462,-0.0639258,79.5782,4.19213,0.171841,79.7705,1.4681,0.499805,63.8464,1.35251,-0.719183,65.0338
4.00686,0.264478,81.3043,4.21815,-0.168314,81.5025,1.81896,0.655851,63.849,1.70879,-0.907373,65.1111
4.32203,0.236835,77.6936,4.53777,-0.144014,77.8433,2.38995,0.392642,59.0063,2.2824,-0.682582,60.3056
5.29307,0.012771,79.791,5.51437,0.0932265,79.9399,3.6131,-0.366609,58.9917,3.50657,0.0274612,60.3924
5.74565,-0.0717503,77.5507,5.98248,0.183611,77.6028,4.20225,-0.703678,55.3304,4.0897,0.299442,56.8279
5.7256,0.203382,74.6131,5.98536,-0.0813832,74.4915,4.28662,-0.588154,51.4447,4.15533,0.109776,53.0762
6.70443,-0.679359,62.169,6.97972,0.828325,61.7512,5.4485,-2.19306,38.3443,5.27255,1.56636,40.1194
6.59926,-1.17806,46.6838,6.83899,1.22409,46.0063,3.8838,-1.4422,28.5544,3.85197,0.906197,29.4067
-0.0283273,-0.0107397,0.139818,-0.0285122,0.00998002,0.140248,-0.0228841,-0.0144285,0.124402,-0.0226446,0.0120621,0.123737
-0.00394248,-2.05811e-05,0.0731571,-0.00396122,-0.000101521,0.0734801,-0.00250178,-0.000375623,0.0670956,-0.00255876,0.00024955,0.0670031
-0.00127432,0.000449127,0.0548512,-0.00128697,-0.000460702,0.055103,-0.000796275,0.000325571,0.0506333,-0.000817033,-0.000181342,0.0505473
-0.000435818,0.000392833,0.0459708,-0.000440088,-0.000375934,0.0461829,-0.000278206,0.000333238,0.0424597,-0.000285518,-0.000138216,0.0424384
2.3472e-05,0.000343435,0.0410019,2.81152e-05,-0.000314304,0.0411962,-9.16222e-06,0.000308687,0.037902,-3.2281e-06,-0.000107789,0.0379769
0.000300136,0.000291044,0.0379355,0.000309336,-0.000257841,0.0381162,0.000154217,0.000267236,0.0351317,0.000166397,-7.03913e-05,0.0353005
0.000444017,0.00024633,0.0360018,0.000453561,-0.00021945,0.0361674,0.000206188,0.000216268,0.0332574,0.000221244,-4.26295e-05,0.0335108
0.000617085,0.000197932,0.0347996,0.00062877,-0.000180072,0.0349544,0.000296893,0.000163379,0.032079,0.00031577,-1.93709e-05,0.0324108
0.00069533,0.000140402,0.0339974,0.000704186,-0.000132165,0.0341344,0.000363606,0.000133704,0.0314378,0.00038568,-1.74436e-05,0.0318445
0.000641332,9.686e-05,0.0335027,0.000649633,-9.46282e-05,0.0336317,0.000300121,8.83497e-05,0.0309099,0.000319219,9.19976e-07,0.0313738
0.000544977,6.03527e-05,0.0331907,0.000551661,-5.62189e-05,0.0333157,0.000252119,6.64086e-05,0.0305846,0.00026796,3.99973e-06,0.0310964
0.00043516,2.45061e-05,0.0330096,0.000440226,-1.9755e-05,0.0331343,0.000216035,5.09264e-05,0.0304777,0.000228427,2.74666e-06,0.0310308
0.000352846,-6.96682e-06,0.0329508,0.000356667,1.28923e-05,0.0330784,0.000205636,3.59589e-05,0.0306061,0.000215625,2.33038e-06,0.0311973
0.000275038,-1.84631e-05,0.0331746,0.000277909,2.63825e-05,0.0333089,0.000145536,1.35591e-05,0.0308514,0.000151492,6.34508e-06,0.0314752
0.000216607,-2.7595e-05,0.0336959,0.000218694,3.77939e-05,0.0338402,9.46144e-05,-7.84652e-06,0.0312392,9.71746e-05,1.07511e-05,0.0318921
0.000174985,-4.62313e-05,0.034462,0.00017623,5.67588e-05,0.0346184,8.2427e-05,-2.23601e-05,0.03186,8.35052e-05,1.14728e-05,0.0325433
0.000140259,-7.91121e-05,0.0353936,0.000140456,8.75191e-05,0.0355629,0.000121474,-2.70673e-05,0.0328415,0.000123656,4.92102e-06,0.0335625
0.000110195,-8.81236e-05,0.0367619,0.000109737,9.62314e-05,0.0369474,8.38631e-05,-4.87561e-05,0.0340517,8.40613e-05,8.35629e-06,0.0348119
8.26463e-05,-0.000100295,0.0386702,8.13317e-05,0.000106633,0.0388754,4.38614e-05,-7.28601e-05,0.0355476,4.23427e-05,1.08746e-05,0.0363503
5.44096e-05,-0.000138269,0.0410776,5.15607e-05,0.000139911,0.0413044,7.54103e-05,-8.70875e-05,0.0375579,7.57637e-05,4.57259e-06,0.0384153
2.38787e-05,-0.000184446,0.0441556,1.91761e-05,0.000180913,0.0444073,0.000117835,-0.000104789,0.0402279,0.000120859,-3.66251e-06,0.0411563
1.16101e-05,-0.000220424,0.0484211,4.90331e-06,0.000212211,0.0487047,8.42956e-05,-0.000149625,0.043596,8.69701e-05,-3.32687e-07,0.0446089
-8.15098e-06,-0.000305998,0.0542146,-1.84835e-05,0.000286425,0.0545375,0.000130792,-0.000200273,0.0481055,0.000137506,-7.40381e-06,0.0492294
-8.1981e-05,-0.00046547,0.0621959,-9.90582e-05,0.000424879,0.0625671,0.000248516,-0.000266069,0.0544177,0.000263457,-2.88781e-05,0.0556952
-0.000203866,-0.000699501,0.0743665,-0.000232159,0.000623253,0.0748076,0.000203083,-0.000413214,0.0632154,0.000219614,-4.23607e-05,0.0646927
-0.000449426,-0.00128183,0.0938778,-0.000502526,0.00112413,0.0944178,0.000334998,-0.000661091,0.0766688,0.000363892,-9.1683e-05,0.0784339
-0.00133226,-0.00289634,0.128531,-0.00144917,0.00251651,0.129213,0.000727047,-0.00121561,0.0996171,0.000782068,-0.000220941,0.101821
-0.00495568,-0.00892838,0.206682,-0.00529095,0.00767308,0.207557,0.00113489,-0.002952,0.145631,0.00121428,-0.000617987,0.148467
-0.0476924,-0.0698131,0.538676,-0.0496733,0.0587868,0.537261,0.000229113,-0.0126108,0.279172,0.000243707,-0.00313361,0.281665
-20.8883,13.3219,109.927,-20.5163,-13.746,108.157,1.55563,-0.782116,5.04925,1.55329,-1.30888,5.17262
-24.7682,32.9376,190.097,-24.1727,-32.6812,188.466,-29.8929,41.8266,250.733,-28.8742,-43.38,248.543
-4.64483,1.41971,11.5898,-4.6379,-1.4881,11.5836,-1.23589,0.124535,2.5769,-1.2962,-0.174946,2.66427
-4.07173,1.69866,10.5192,-4.07483,-1.71711,10.5378,-0.206563,0.0385237,0.71907,-0.210637,-0.0418012,0.726445
-5.06472,2.26288,12.9673,-5.069,-2.32096,13.0647,-0.0558772,0.0175072,0.411114,-0.0574419,-0.0161924,0.412788
-5.85093,2.50675,12.1296,-5.85563,-2.56644,12.2865,0.00439894,0.00980856,0.354077,0.00397549,-0.00823833,0.354782
-0.681003,0.155367,75.813,-0.398953,0.0730783,75.7438,-6.01691,3.23502,71.7139,-6.2652,-3.13608,72.6299
1.49537,-0.108705,71.8115,1.72462,0.328651,71.8274,-3.65356,2.46568,66.7729,-3.72202,-2.41281,67.468
2.05138,-0.122412,76.4086,2.28733,0.314261,76.4611,-2.40857,1.94261,68.7634,-2.53556,-1.9802,69.6644
2.34104,0.0895392,78.2584,2.57027,0.061317,78.3608,-1.56699,1.86102,68.3516,-1.69094,-1.96061,69.338
2.79496,0.120845,78.962,3.01502,0.008213,79.103,-0.607833,1.51623,67.0941,-0.728136,-1.65698,68.1473
3.38754,-0.0287678,75.4129,3.59901,0.149995,75.5515,0.433994,0.923646,62.2083,0.317227,-1.09938,63.2866
3.98463,-0.0639125,79.5782,4.19214,0.171853,79.7704,1.4681,0.499829,63.8464,1.35251,-0.719168,65.0338
4.00686,0.264493,81.3043,4.21814,-0.168305,81.5025,1.81895,0.655875,63.849,1.70879,-0.907358,65.1111
4.32203,0.23685,77.6936,4.53777,-0.144006,77.8433,2.38995,0.392666,59.0063,2.2824,-0.682567,60.3056
5.29307,0.0127859,79.7911,5.51437,0.0932351,79.9399,3.61309,-0.366582,58.9918,3.50656,0.0274759,60.3924
5.74565,-0.0717355,77.5507,5.98248,0.183619,77.6028,4.20225,-0.70365,55.3305,4.0897,0.299457,56.8279
5.7256,0.203396,74.6131,5.98536,-0.0813763,74.4915,4.28662,-0.58812,51.4448,4.15533,0.109795,53.0762
6.70443,-0.679348,62.1691,6.97971,0.828326,61.7512,5.44854,-2.19308,38.3442,5.27252,1.56634,40.1195
6.59925,-1.17803,46.684,6.83902,1.22409,46.0062,3.88452,-1.44314,28.5518,3.85156,0.905601,29.4083
-0.0283273,-0.0107398,0.139818,-0.0285122,0.00998001,0.140248,-0.022884,-0.0144285,0.124402,-0.0226447,0.0120621,0.123737
-0.00394249,-2.05819e-05,0.0731572,-0.00396122,-0.000101522,0.07348,-0.00250178,-0.000375628,0.0670956,-0.00255876,0.000249549,0.0670031
-0.00127432,0.000449127,0.0548512,-0.00128697,-0.000460702,0.055103,-0.000796273,0.00032557,0.0506333,-0.000817035,-0.000181342,0.0505473
-0.000435819,0.000392833,0.0459708,-0.000440088,-0.000375933,0.0461829,-0.000278205,0.000333238,0.0424597,-0.000285519,-0.000138215,0.0424384
2.34716e-05,0.000343436,0.0410019,2.8115e-05,-0.000314303,0.0411962,-9.16164e-06,0.000308687,0.037902,-3.22893e-06,-0.000107788,0.0379769
0.000300135,0.000291044,0.0379355,0.000309335,-0.00025784,0.0381162,0.000154217,0.000267236,0.0351316,0.000166397,-7.03907e-05,0.0353005
0.000444017,0.000246331,0.0360019,0.000453561,-0.000219449,0.0361674,0.000206188,0.000216268,0.0332574,0.000221244,-4.26289e-05,0.0335108
0.000617085,0.000197932,0.0347996,0.000628769,-0.000180071,0.0349544,0.000296892,0.00016338,0.032079,0.00031577,-1.93703e-05,0.0324108
0.00069533,0.000140403,0.0339974,0.000704185,-0.000132165,0.0341344,0.000363606,0.000133705,0.0314378,0.00038568,-1.7443e-05,0.0318445
0.000641332,9.68606e-05,0.0335027,0.000649633,-9.46276e-05,0.0336317,0.00030012,8.83503e-05,0.0309099,0.000319218,9.20611e-07,0.0313738
0.000544977,6.03534e-05,0.0331907,0.000551661,-5.62182e-05,0.0333157,0.000252119,6.64093e-05,0.0305846,0.00026796,4.00037e-06,0.0310964
0.00043516,2.45068e-05,0.0330096,0.000440226,-1.97543e-05,0.0331343,0.000216034,5.09271e-05,0.0304777,0.000228427,2.74732e-06,0.0310308
0.000352845,-6.96607e-06,0.0329508,0.000356667,1.2893e-05,0.0330784,0.000205635,3.59596e-05,0.0306061,0.000215625,2.33107e-06,0.0311973
0.000275038,-1.84623e-05,0.0331746,0.000277908,2.63833e-05,0.0333088,0.000145536,1.35599e-05,0.0308514,0.000151491,6.3458e-06,0.0314752
0.000216607,-2.75942e-05,0.0336959,0.000218694,3.77948e-05,0.0338402,9.46137e-05,-7.84564e-06,0.0312392,9.71745e-05,1.07519e-05,0.0318921
0.000174985,-4.62303e-05,0.034462,0.00017623,5.67598e-05,0.0346184,8.24263e-05,-2.23591e-05,0.03186,8.35051e-05,1.14736e-05,0.0325433
0.000140259,-7.9111e-05,0.0353936,0.000140456,8.75202e-05,0.0355629,0.000121473,-2.70663e-05,0.0328415,0.000123656,4.92191e-06,0.0335625
0.000110195,-8.81224e-05,0.0367619,0.000109737,9.62326e-05,0.0369474,8.38623e-05,-4.87549e-05,0.0340517,8.40612e-05,8.35726e-06,0.0348119
8.2646e-05,-0.000100293,0.0386702,8.13312e-05,0.000106634,0.0388754,4.38605e-05,-7.28588e-05,0.0355476,4.23426e-05,1.08757e-05,0.0363503
5.44093e-05,-0.000138267,0.0410776,5.15602e-05,0.000139913,0.0413044,7.54092e-05,-8.7086e-05,0.0375579,7.57636e-05,4.57381e-06,0.0384153
2.38783e-05,-0.000184444,0.0441556,1.91755e-05,0.000180915,0.0444073,0.000117834,-0.000104787,0.0402279,0.000120859,-3.66109e-06,0.0411563
1.16096e-05,-0.000220422,0.0484211,4.90256e-06,0.000212214,0.0487047,8.42942e-05,-0.000149623,0.043596,8.697e-05,-3.31013e-07,0.0446089
-8.15151e-06,-0.000305995,0.0542146,-1.84844e-05,0.000286428,0.0545375,0.00013079,-0.000200271,0.0481055,0.000137506,-7.40177e-06,0.0492294
-8.19816e-05,-0.000465466,0.0621959,-9.90594e-05,0.000424883,0.0625671,0.000248514,-0.000266066,0.0544177,0.000263457,-2.88755e-05,0.0556952
-0.000203867,-0.000699495,0.0743665,-0.000232161,0.000623259,0.0748076,0.00020308,-0.000413209,0.0632154,0.000219614,-4.23572e-05,0.0646927
-0.000449427,-0.00128182,0.0938778,-0.000502529,0.00112414,0.0944178,0.000334994,-0.000661083,0.0766688,0.000363892,-9.1678e-05,0.0784339
-0.00133226,-0.00289632,0.128531,-0.00144918,0.00251653,0.129213,0.000727041,-0.0012156,0.0996171,0.000782068,-0.000220933,0.101821
-0.00495569,-0.00892833,0.206682,-0.00529096,0.00767314,0.207557,0.00113487,-0.00295197,0.145631,0.00121428,-0.00061797,0.148467
-0.0476924,-0.0698128,0.538676,-0.0496735,0.0587872,0.537262,0.000229081,-0.0126107,0.279172,0.000243714,-0.00313355,0.281665
-20.8883,13.322,109.927,-20.5163,-13.7459,108.157,1.55563,-0.782102,5.04926,1.55329,-1.30887,5.17263
-24.7682,32.9376,190.097,-24.1727,-32.6812,188.466,-29.8929,41.8267,250.733,-28.8743,-43.38,248.543
-4.64483,1.41972,11.5898,-4.6379,-1.4881,11.5837,-1.23589,0.124535,2.57689,-1.29619,-0.174945,2.66426
-4.07174,1.69866,10.5192,-4.07483,-1.71711,10.5378,-0.206562,0.0385237,0.719069,-0.210637,-0.0418011,0.726444
-5.06473,2.26288,12.9673,-5.069,-2.32096,13.0647,-0.0558772,0.0175072,0.411113,-0.0574419,-0.0161923,0.412788
-5.85093,2.50676,12.1296,-5.85564,-2.56644,12.2864,0.00439892,0.00980858,0.354077,0.00397549,-0.00823828,0.354781
-0.681006,0.155376,75.813,-0.398951,0.0730855,75.7438,-6.01692,3.23504,71.7139,-6.26519,-3.13607,72.6299
1.49536,-0.108697,71.8115,1.72462,0.328658,71.8274,-3.65356,2.4657,66.7729,-3.72202,-2.4128,67.468
2.05138,-0.122404,76.4086,2.28734,0.314267,76.4611,-2.40858,1.94263,68.7634,-2.53556,-1.98019,69.6644
2.34104,0.0895468,78.2584,2.57027,0.0613225,78.3608,-1.56699,1.86103,68.3517,-1.69094,-1.96061,69.338
2.79496,0.120852,78.962,3.01502,0.00821821,79.103,-0.607836,1.51624,67.0941,-0.728136,-1.65698,68.1473
3.38753,-0.0287605,75.4129,3.59901,0.15,75.5515,0.433991,0.923657,62.2083,0.317227,-1.09937,63.2866
3.98463,-0.0639052,79.5782,4.19213,0.171857,79.7704,1.4681,0.49984,63.8464,1.35251,-0.719161,65.0338
4.00686,0.264501,81.3043,4.21814,-0.1683,81.5025,1.81895,0.655887,63.849,1.70879,-0.90735,65.1111
4.32202,0.236857,77.6936,4.53776,-0.144001,77.8433,2.38995,0.392679,59.0063,2.2824,-0.682561,60.3056
5.29307,0.0127934,79.7911,5.51436,0.0932394,79.9399,3.61309,-0.36657,58.9918,3.50656,0.0274837,60.3924
5.74565,-0.0717282,77.5507,5.98248,0.183623,77.6028,4.20225,-0.703636,55.3305,4.08969,0.299465,56.8279
5.7256,0.203403,74.6131,5.98536,-0.0813729,74.4915,4.28661,-0.588102,51.4448,4.15532,0.109804,53.0762
6.70443,-0.679343,62.1691,6.97971,0.828327,61.7512,5.44856,-2.1931,38.3442,5.27251,1.56633,40.1196
6.59924,-1.17802,46.6841,6.83903,1.22408,46.0062,3.88488,-1.44361,28.5505,3.85135,0.905303,29.4091
-0.0283273,-0.0107398,0.139818,-0.0285122,0.00998,0.140248,-0.022884,-0.0144285,0.124402,-0.0226447,0.0120621,0.123737
-0.00394249,-2.05823e-05,0.0731572,-0.00396122,-0.000101522,0.07348,-0.00250177,-0.00037563,0.0670956,-0.00255876,0.000249548,0.0670031
-0.00127432,0.000449127,0.0548512,-0.00128697,-0.000460702,0.055103,-0.000796271,0.000325569,0.0506333,-0.000817036,-0.000181342,0.0505473
-0.000435819,0.000392833,0.0459708,-0.000440088,-0.000375933,0.0461829,-0.000278205,0.000333237,0.0424597,-0.00028552,-0.000138215,0.0424384
2.34714e-05,0.000343436,0.0410019,2.81149e-05,-0.000314303,0.0411962,-9.16135e-06,0.000308687,0.037902,-3.22935e-06,-0.000107788,0.0379769
0.000300135,0.000291045,0.0379355,0.000309335,-0.00025784,0.0381162,0.000154218,0.000267236,0.0351316,0.000166396,-7.03904e-05,0.0353005
0.000444017,0.000246331,0.0360019,0.000453561,-0.000219449,0.0361674,0.000206188,0.000216268,0.0332574,0.000221243,-4.26286e-05,0.0335108
0.000617085,0.000197933,0.0347996,0.000628769,-0.000180071,0.0349544,0.000296892,0.00016338,0.032079,0.00031577,-1.937e-05,0.0324108
0.00069533,0.000140403,0.0339974,0.000704185,-0.000132165,0.0341344,0.000363606,0.000133705,0.0314378,0.00038568,-1.74427e-05,0.0318445
0.000641332,9.6861e-05,0.0335027,0.000649633,-9.46273e-05,0.0336317,0.00030012,8.83506e-05,0.0309099,0.000319218,9.20931e-07,0.0313738
0.000544977,6.03537e-05,0.0331907,0.000551661,-5.62179e-05,0.0333157,0.000252119,6.64096e-05,0.0305846,0.00026796,4.0007e-06,0.0310964
0.00043516,2.45072e-05,0.0330096,0.000440226,-1.97539e-05,0.0331343,0.000216034,5.09274e-05,0.0304777,0.000228427,2.74765e-06,0.0310308
0.000352845,-6.9657e-06,0.0329508,0.000356666,1.28934e-05,0.0330784,0.000205635,3.596e-05,0.0306061,0.000215625,2.33141e-06,0.0311973
0.000275038,-1.84619e-05,0.0331746,0.000277908,2.63837e-05,0.0333088,0.000145535,1.35603e-05,0.0308514,0.000151491,6.34616e-06,0.0314752
0.000216607,-2.75937e-05,0.0336959,0.000218694,3.77952e-05,0.0338402,9.46134e-05,-7.8452e-06,0.0312392,9.71744e-05,1.07522e-05,0.0318921
0.000174985,-4.62298e-05,0.034462,0.000176229,5.67603e-05,0.0346184,8.2426e-05,-2.23587e-05,0.03186,8.3505e-05,1.1474e-05,0.0325433
0.000140259,-7.91105e-05,0.0353936,0.000140455,8.75207e-05,0.0355629,0.000121472,-2.70658e-05,0.0328415,0.000123656,4.92235e-06,0.0335625
0.000110195,-8.81218e-05,0.0367619,0.000109736,9.62332e-05,0.0369474,8.38618e-05,-4.87543e-05,0.0340517,8.40611e-05,8.35774e-06,0.0348119
8.26458e-05,-0.000100293,0.0386702,8.1331e-05,0.000106635,0.0388754,4.386e-05,-7.28582e-05,0.0355476,4.23426e-05,1.08762e-05,0.0363503
5.44091e-05,-0.000138267,0.0410776,5.15599e-05,0.000139913,0.0413044,7.54087e-05,-8.70853e-05,0.0375579,7.57636e-05,4.57442e-06,0.0384153
2.38781e-05,-0.000184443,0.0441556,1.91752e-05,0.000180916,0.0444073,0.000117833,-0.000104786,0.0402279,0.000120859,-3.66038e-06,0.0411563
1.16094e-05,-0.000220421,0.0484211,4.90218e-06,0.000212215,0.0487047,8.42936e-05,-0.000149622,0.043596,8.69699e-05,-3.30177e-07,0.0446089
-8.15179e-06,-0.000305993,0.0542146,-1.84849e-05,0.000286429,0.0545375,0.000130789,-0.000200269,0.0481055,0.000137506,-7.40075e-06,0.0492294
-8.1982e-05,-0.000465464,0.0621959,-9.906e-05,0.000424885,0.0625671,0.000248513,-0.000266064,0.0544177,0.000263457,-2.88742e-05,0.0556952
-0.000203867,-0.000699492,0.0743665,-0.000232162,0.000623262,0.0748076,0.000203079,-0.000413207,0.0632154,0.000219614,-4.23554e-05,0.0646927
-0.000449428,-0.00128181,0.0938778,-0.00050253,0.00112415,0.0944178,0.000334993,-0.00066108,0.0766688,0.000363892,-9.16754e-05,0.0784339
-0.00133226,-0.00289631,0.128531,-0.00144918,0.00251654,0.129213,0.000727038,-0.00121559,0.0996171,0.000782068,-0.000220929,0.101821
-0.00495569,-0.0089283,0.206682,-0.00529096,0.00767317,0.207557,0.00113487,-0.00295196,0.145631,0.00121428,-0.000617961,0.148467
-0.0476925,-0.0698127,0.538676,-0.0496735,0.0587875,0.537262,0.000229065,-0.0126107,0.279172,0.000243718,-0.00313352,0.281665
-20.8883,13.322,109.927,-20.5163,-13.7459,108.157,1.55563,-0.782096,5.04926,1.5533,-1.30887,5.17264
-24.7682,32.9376,190.097,-24.1727,-32.6811,188.466,-29.8929,41.8267,250.733,-28.8743,-43.38,248.543
-4.64483,1.41972,11.5898,-4.6379,-1.4881,11.5837,-1.23588,0.124535,2.57689,-1.29619,-0.174945,2.66426
-4.07174,1.69866,10.5192,-4.07483,-1.71711,10.5378,-0.206562,0.0385236,0.719069,-0.210637,-0.041801,0.726444
-5.06473,2.26288,12.9673,-5.06901,-2.32097,13.0647,-0.0558771,0.0175072,0.411113,-0.0574418,-0.0161923,0.412787
-5.85094,2.50676,12.1295,-5.85564,-2.56644,12.2864,0.00439891,0.00980859,0.354077,0.00397548,-0.00823825,0.354781
-0.681008,0.155381,75.8131,-0.398951,0.0730891,75.7438,-6.01692,3.23504,71.7139,-6.26519,-3.13606,72.6299
1.49536,-0.108693,71.8115,1.72462,0.328661,71.8274,-3.65356,2.4657,66.7729,-3.72202,-2.41279,67.468
2.05138,-0.1224,76.4087,2.28734,0.31427,76.4611,-2.40858,1.94263,68.7634,-2.53556,-1.98019,69.6644
2.34104,0.0895507,78.2584,2.57028,0.0613253,78.3608,-1.567,1.86103,68.3517,-1.69094,-1.9606,69.338
2.79496,0.120856,78.962,3.01502,0.00822082,79.103,-0.607838,1.51625,67.0941,-0.728136,-1.65697,68.1473
3.38753,-0.0287568,75.413,3.59901,0.150002,75.5515,0.43399,0.923663,62.2083,0.317227,-1.09937,63.2866
3.98463,-0.0639015,79.5782,4.19213,0.17186,79.7704,1.4681,0.499846,63.8464,1.35251,-0.719157,65.0338
4.00686,0.264504,81.3043,4.21814,-0.168298,81.5025,1.81895,0.655893,63.849,1.70879,-0.907346,65.1111
4.32202,0.236861,77.6936,4.53776,-0.143999,77.8433,2.38995,0.392685,59.0063,2.2824,-0.682556,60.3056
5.29307,0.0127971,79.7911,5.51436,0.0932416,79.9399,3.61309,-0.366564,58.9918,3.50656,0.0274875,60.3924
5.74565,-0.0717244,77.5507,5.98247,0.183625,77.6028,4.20225,-0.703629,55.3305,4.08969,0.299469,56.8279
5.7256,0.203406,74.6131,5.98535,-0.0813712,74.4915,4.28661,-0.588094,51.4448,4.15532,0.109809,53.0762
6.70443,-0.67934,62.1691,6.97971,0.828328,61.7512,5.44858,-2.19311,38.3441,5.2725,1.56632,40.1196
6.59924,-1.17802,46.6841,6.83903,1.22408,46.0062,3.88506,-1.44384,28.5499,3.85125,0.905154,29.4095
-0.0283273,-0.0107398,0.139818,-0.0285122,0.00998,0.140248,-0.022884,-0.0144285,0.124402,-0.0226447,0.0120621,0.123737
-0.00394249,-2.05825e-05,0.0731572,-0.00396122,-0.000101523,0.07348,-0.00250177,-0.000375631,0.0670956,-0.00255877,0.000249548,0.0670031
-0.00127432,0.000449127,0.0548512,-0.00128697,-0.000460702,0.055103,-0.000796271,0.000325569,0.0506332,-0.000817037,-0.000181342,0.0505473
-0.000435819,0.000392833,0.0459708,-0.000440088,-0.000375933,0.0461829,-0.000278204,0.000333237,0.0424597,-0.00028552,-0.000138215,0.0424384
2.34713e-05,0.000343436,0.0410019,2.81149e-05,-0.000314303,0.0411962,-9.1612e-06,0.000308687,0.037902,-3.22956e-06,-0.000107788,0.0379769
0.000300135,0.000291045,0.0379355,0.000309335,-0.00025784,0.0381162,0.000154218,0.000267236,0.0351316,0.000166396,-7.03902e-05,0.0353005
0.000444016,0.000246331,0.0360019,0.00045356,-0.000219449,0.0361674,0.000206188,0.000216269,0.0332574,0.000221243,-4.26285e-05,0.0335108
0.000617085,0.000197933,0.0347996,0.000628769,-0.000180071,0.0349544,0.000296892,0.00016338,0.032079,0.00031577,-1.93698e-05,0.0324108
0.00069533,0.000140403,0.0339974,0.000704185,-0.000132164,0.0341344,0.000363606,0.000133705,0.0314378,0.00038568,-1.74425e-05,0.0318445
0.000641332,9.68611e-05,0.0335027,0.000649633,-9.46271e-05,0.0336317,0.00030012,8.83507e-05,0.0309099,0.000319218,9.21088e-07,0.0313738
0.000544977,6.03539e-05,0.0331907,0.00055166,-5.62177e-05,0.0333157,0.000252118,6.64098e-05,0.0305845,0.00026796,4.00085e-06,0.0310964
0.00043516,2.45073e-05,0.0330096,0.000440226,-1.97537e-05,0.0331343,0.000216034,5.09276e-05,0.0304777,0.000228427,2.74781e-06,0.0310308
0.000352845,-6.9655e-06,0.0329508,0.000356666,1.28936e-05,0.0330784,0.000205635,3.59602e-05,0.0306061,0.000215625,2.33159e-06,0.0311973
0.000275038,-1.84617e-05,0.0331746,0.000277908,2.63839e-05,0.0333088,0.000145535,1.35605e-05,0.0308514,0.000151491,6.34634e-06,0.0314752
0.000216607,-2.75935e-05,0.0336959,0.000218694,3.77954e-05,0.0338402,9.46133e-05,-7.84498e-06,0.0312392,9.71744e-05,1.07524e-05,0.0318921
0.000174985,-4.62296e-05,0.034462,0.000176229,5.67605e-05,0.0346184,8.24258e-05,-2.23584e-05,0.03186,8.3505e-05,1.14742e-05,0.0325433
0.000140259,-7.91102e-05,0.0353936,0.000140455,8.7521e-05,0.0355629,0.000121472,-2.70655e-05,0.0328415,0.000123656,4.92257e-06,0.0335625
0.000110195,-8.81215e-05,0.0367619,0.000109736,9.62335e-05,0.0369474,8.38616e-05,-4.87541e-05,0.0340517,8.40611e-05,8.35799e-06,0.0348119
8.26457e-05,-0.000100292,0.0386702,8.13309e-05,0.000106635,0.0388754,4.38598e-05,-7.28578e-05,0.0355476,4.23426e-05,1.08765e-05,0.0363503
5.4409e-05,-0.000138266,0.0410776,5.15598e-05,0.000139914,0.0413044,7.54085e-05,-8.70849e-05,0.0375579,7.57635e-05,4.57472e-06,0.0384153
2.3878e-05,-0.000184443,0.0441556,1.91751e-05,0.000180916,0.0444073,0.000117833,-0.000104786,0.0402279,0.000120859,-3.66002e-06,0.0411563
1.16093e-05,-0.00022042,0.0484211,4.902e-06,0.000212215,0.0487047,8.42932e-05,-0.000149621,0.043596,8.69699e-05,-3.29755e-07,0.0446089
-8.15191e-06,-0.000305993,0.0542146,-1.84851e-05,0.00028643,0.0545375,0.000130789,-0.000200269,0.0481055,0.000137506,-7.40023e-06,0.0492294
-8.19821e-05,-0.000465463,0.0621959,-9.90603e-05,0.000424886,0.0625671,0.000248513,-0.000266063,0.0544177,0.000263457,-2.88735e-05,0.0556952
-0.000203867,-0.00069949,0.0743665,-0.000232162,0.000623264,0.0748076,0.000203079,-0.000413206,0.0632154,0.000219614,-4.23546e-05,0.0646927
-0.000449428,-0.00128181,0.0938778,-0.000502531,0.00112415,0.0944178,0.000334992,-0.000661078,0.0766688,0.000363892,-9.16742e-05,0.0784339
-0.00133226,-0.00289631,0.128531,-0.00144918,0.00251654,0.129213,0.000727037,-0.00121559,0.0996171,0.000782068,-0.000220926,0.101821
-0.00495569,-0.00892829,0.206682,-0.00529097,0.00767318,0.207557,0.00113487,-0.00295195,0.145631,0.00121428,-0.000617957,0.148467
-0.0476925,-0.0698126,0.538676,-0.0496736,0.0587876,0.537262,0.000229057,-0.0126106,0.279172,0.00024372,-0.0031335,0.281665
-20.8883,13.322,109.927,-20.5163,-13.7459,108.157,1.55563,-0.782092,5.04926,1.5533,-1.30887,5.17264
-24.7681,32.9376,190.097,-24.1727,-32.6811,188.466,-29.8929,41.8267,250.733,-28.8743,-43.38,248.543
-4.64484,1.41972,11.5898,-4.6379,-1.4881,11.5837,-1.23588,0.124535,2.57689,-1.29619,-0.174944,2.66426
-4.07174,1.69866,10.5192,-4.07483,-1.71711,10.5378,-0.206562,0.0385236,0.719068,-0.210637,-0.0418009,0.726443
-5.06473,2.26288,12.9673,-5.06901,-2.32097,13.0647,-0.0558771,0.0175072,0.411113,-0.0574418,-0.0161923,0.412787
-5.85094,2.50676,12.1295,-5.85563,-2.56643,12.2864,0.00439891,0.0098086,0.354077,0.00397548,-0.00823824,0.354781
-0.681008,0.155383,75.8131,-0.39895,0.0730909,75.7438,-6.01692,3.23505,71.7139,-6.26519,-3.13606,72.6299
1.49536,-0.108691,71.8115,1.72462,0.328662,71.8274,-3.65356,2.46571,66.7729,-3.72202,-2.41279,67.468
2.05138,-0.122398,76.4087,2.28734,0.314272,76.4611,-2.40858,1.94264,68.7634,-2.53556,-1.98018,69.6644
2.34104,0.0895526,78.2584,2.57028,0.0613266,78.3608,-1.567,1.86104,68.3517,-1.69094,-1.9606,69.338
2.79496,0.120858,78.962,3.01502,0.00822212,79.103,-0.607839,1.51625,67.0941,-0.728136,-1.65697,68.1473
3.38753,-0.028755,75.413,3.59901,0.150004,75.5515,0.433989,0.923665,62.2083,0.317226,-1.09937,63.2866
3.98463,-0.0638996,79.5782,4.19213,0.171861,79.7704,1.46809,0.499849,63.8464,1.35251,-0.719155,65.0338
4.00686,0.264506,81.3043,4.21814,-0.168296,81.5025,1.81895,0.655896,63.849,1.70879,-0.907345,65.1111
4.32202,0.236863,77.6936,4.53776,-0.143998,77.8433,2.38994,0.392689,59.0063,2.28239,-0.682556,60.3056
5.29307,0.012799,79.7911,5.51436,0.0932426,79.9399,3.61309,-0.36656,58.9918,3.50656,0.0274893,60.3924
5.74565,-0.0717226,77.5507,5.98247,0.183626,77.6028,4.20224,-0.703625,55.3305,4.08969,0.299471,56.8279
5.7256,0.203408,74.6131,5.98535,-0.0813704,74.4915,4.28661,-0.588089,51.4448,4.15532,0.109811,53.0762
6.70443,-0.679339,62.1691,6.97971,0.828328,61.7512,5.44858,-2.19311,38.3441,5.2725,1.56632,40.1196
6.59923,-1.17801,46.6841,6.83904,1.22408,46.0061,3.88515,-1.44396,28.5495,3.8512,0.905079,29.4097
-0.0283273,-0.0107398,0.139818,-0.0285122,0.00998,0.140248,-0.022884,-0.0144285,0.124402,-0.0226447,0.0120621,0.123737
-0.00394249,-2.05826e-05,0.0731572,-0.00396122,-0.000101523,0.07348,-0.00250177,-0.000375632,0.0670956,-0.00255877,0.000249548,0.0670031
-0.00127432,0.000449127,0.0548512,-0.00128697,-0.000460702,0.055103,-0.00079627,0.000325568,0.0506332,-0.000817037,-0.000181342,0.0505473
-0.000435819,0.000392833,0.0459708,-0.000440088,-0.000375933,0.0461829,-0.000278204,0.000333237,0.0424597,-0.000285521,-0.000138215,0.0424384
2.34712e-05,0.000343436,0.0410019,2.81148e-05,-0.000314303,0.0411962,-9.16113e-06,0.000308687,0.037902,-3.22966e-06,-0.000107788,0.0379769
0.000300135,0.000291045,0.0379355,0.000309335,-0.00025784,0.0381162,0.000154218,0.000267236,0.0351316,0.000166396,-7.03902e-05,0.0353005
0.000444016,0.000246331,0.0360019,0.00045356,-0.000219449,0.0361674,0.000206188,0.000216269,0.0332574,0.000221243,-4.26284e-05,0.0335108
0.000617085,0.000197933,0.0347996,0.000628769,-0.000180071,0.0349544,0.000296892,0.00016338,0.032079,0.00031577,-1.93698e-05,0.0324108
0.00069533,0.000140403,0.0339974,0.000704185,-0.000132164,0.0341344,0.000363606,0.000133705,0.0314378,0.00038568,-1.74424e-05,0.0318445
0.000641332,9.68612e-05,0.0335027,0.000649633,-9.4627e-05,0.0336317,0.00030012,8.83508e-05,0.0309099,0.000319218,9.21167e-07,0.0313738
0.000544977,6.0354e-05,0.0331907,0.00055166,-5.62176e-05,0.0333157,0.000252118,6.64099e-05,0.0305845,0.00026796,4.00094e-06,0.0310964
0.00043516,2.45074e-05,0.0330096,0.000440226,-1.97536e-05,0.0331343,0.000216034,5.09277e-05,0.0304777,0.000228427,2.74789e-06,0.0310308
0.000352845,-6.96541e-06,0.0329508,0.000356666,1.28937e-05,0.0330784,0.000205635,3.59603e-05,0.0306061,0.000215625,2.33167e-06,0.0311973
0.000275038,-1.84616e-05,0.0331746,0.000277908,2.6384e-05,0.0333088,0.000145535,1.35606e-05,0.0308514,0.000151491,6.34643e-06,0.0314752
0.000216607,-2.75934e-05,0.0336959,0.000218694,3.77955e-05,0.0338402,9.46132e-05,-7.84487e-06,0.0312392,9.71744e-05,1.07525e-05,0.0318921
0.000174985,-4.62295e-05,0.034462,0.000176229,5.67606e-05,0.0346184,8.24257e-05,-2.23583e-05,0.03186,8.3505e-05,1.14743e-05,0.0325433
0.000140259,-7.91101e-05,0.0353936,0.000140455,8.75211e-05,0.0355629,0.000121472,-2.70654e-05,0.0328415,0.000123656,4.92268e-06,0.0335625
0.000110195,-8.81213e-05,0.0367619,0.000109736,9.62336e-05,0.0369474,8.38615e-05,-4.87539e-05,0.0340517,8.40611e-05,8.35811e-06,0.0348119
8.26457e-05,-0.000100292,0.0386702,8.13308e-05,0.000106635,0.0388754,4.38597e-05,-7.28577e-05,0.0355476,4.23426e-05,1.08766e-05,0.0363503
5.4409e-05,-0.000138266,0.0410776,5.15597e-05,0.000139914,0.0413044,7.54084e-05,-8.70847e-05,0.0375579,7.57635e-05,4.57488e-06,0.0384153
2.3878e-05,-0.000184443,0.0441556,1.9175e-05,0.000180916,0.0444073,0.000117833,-0.000104786,0.0402279,0.000120859,-3.65985e-06,0.0411563
1.16092e-05,-0.00022042,0.0484211,4.90191e-06,0.000212216,0.0487047,8.42931e-05,-0.000149621,0.043596,8.69699e-05,-3.29546e-07,0.0446089
-8.15198e-06,-0.000305992,0.0542146,-1.84853e-05,0.000286431,0.0545375,0.000130789,-0.000200268,0.0481055,0.000137506,-7.39997e-06,0.0492294
-8.19822e-05,-0.000465463,0.0621959,-9.90605e-05,0.000424887,0.0625671,0.000248513,-0.000266063,0.0544177,0.000263457,-2.88732e-05,0.0556952
-0.000203867,-0.000699489,0.0743665,-0.000232162,0.000623265,0.0748076,0.000203078,-0.000413205,0.0632154,0.000219614,-4.23541e-05,0.0646927
-0.000449428,-0.00128181,0.0938778,-0.000502531,0.00112415,0.0944178,0.000334991,-0.000661077,0.0766688,0.000363892,-9.16735e-05,0.0784339
-0.00133226,-0.0028963,0.128531,-0.00144918,0.00251655,0.129213,0.000727036,-0.00121558,0.0996171,0.000782068,-0.000220925,0.101821
-0.00495569,-0.00892828,0.206682,-0.00529097,0.00767319,0.207557,0.00113487,-0.00295195,0.145631,0.00121428,-0.000617955,0.148467
-0.0476925,-0.0698125,0.538676,-0.0496736,0.0587876,0.537262,0.000229053,-0.0126106,0.279172,0.000243721,-0.0031335,0.281665
-20.8883,13.322,109.927,-20.5163,-13.7459,108.157,1.55563,-0.782091,5.04926,1.5533,-1.30887,5.17264
-24.7681,32.9376,190.097,-24.1727,-32.6811,188.466,-29.8929,41.8267,250.733,-28.8743,-43.38,248.543
-4.64484,1.41972,11.5898,-4.6379,-1.4881,11.5837,-1.23588,0.124535,2.57689,-1.29619,-0.174944,2.66426
-4.07174,1.69866,10.5192,-4.07483,-1.71711,10.5378,-0.206562,0.0385236,0.719068,-0.210636,-0.0418009,0.726443
-5.06473,2.26288,12.9673,-5.06901,-2.32097,13.0647,-0.0558771,0.0175072,0.411113,-0.0574418,-0.0161923,0.412787
-5.85094,2.50676,12.1295,-5.85563,-2.56643,12.2864,0.0043989,0.0098086,0.354077,0.00397548,-0.00823823,0.354781
-0.681009,0.155384,75.8131,-0.39895,0.0730918,75.7438,-6.01692,3.23505,71.714,-6.26519,-3.13606,72.6299
1.49536,-0.10869,71.8115,1.72462,0.328663,71.8274,-3.65356,2.46571,66.7729,-3.72202,-2.41279,67.468
2.05138,-0.122397,76.4087,2.28734,0.314273,76.4611,-2.40858,1.94264,68.7634,-2.53556,-1.98018,69.6644
2.34104,0.0895536,78.2584,2.57028,0.0613274,78.3608,-1.567,1.86104,68.3517,-1.69094,-1.9606,69.338
2.79496,0.120859,78.962,3.01502,0.00822277,79.103,-0.607839,1.51625,67.0941,-0.728136,-1.65697,68.1473
3.38753,-0.0287541,75.413,3.59901,0.150004,75.5515,0.433988,0.923667,62.2083,0.317226,-1.09937,63.2866
3.98463,-0.0638987,79.5782,4.19213,0.171862,79.7704,1.46809,0.499851,63.8465,1.35251,-0.719154,65.0338
4.00686,0.264507,81.3043,4.21814,-0.168296,81.5025,1.81895,0.655897,63.849,1.70879,-0.907344,65.1111
4.32202,0.236864,77.6936,4.53776,-0.143997,77.8433,2.38994,0.39269,59.0063,2.28239,-0.682555,60.3056
5.29307,0.0127999,79.7911,5.51436,0.0932432,79.9399,3.61309,-0.366559,58.9918,3.50656,0.0274903,60.3924
5.74565,-0.0717217,77.5507,5.98247,0.183627,77.6028,4.20224,-0.703624,55.3305,4.08969,0.299472,56.8279
5.7256,0.203409,74.6131,5.98535,-0.0813699,74.4915,4.28661,-0.588087,51.4448,4.15532,0.109812,53.0762
6.70443,-0.679338,62.1691,6.97971,0.828328,61.7512,5.44858,-2.19311,38.3441,5.2725,1.56632,40.1196
6.59923,-1.17801,46.6841,6.83904,1.22408,46.0061,3.8852,-1.44402,28.5494,3.85117,0.905042,29.4098
-0.0283273,-0.0107398,0.139818,-0.0285122,0.00998,0.140248,-0.022884,-0.0144285,0.124402,-0.0226447,0.0120621,0.123737
-0.00394249,-2.05826e-05,0.0731572,-0.00396122,-0.000101523,0.07348,-0.00250177,-0.000375632,0.0670956,-0.00255877,0.000249548,0.0670031
-0.00127432,0.000449127,0.0548512,-0.00128697,-0.000460702,0.055103,-0.00079627,0.000325568,0.0506332,-0.000817037,-0.000181342,0.0505473
-0.00043582,0.000392833,0.0459708,-0.000440088,-0.000375933,0.0461829,-0.000278204,0.000333237,0.0424597,-0.000285521,-0.000138215,0.0424384
2.34712e-05,0.000343436,0.0410019,2.81148e-05,-0.000314303,0.0411962,-9.16109e-06,0.000308687,0.037902,-3.22971e-06,-0.000107788,0.0379769
0.000300135,0.000291045,0.0379355,0.000309335,-0.00025784,0.0381162,0.000154218,0.000267236,0.0351316,0.000166396,-7.03901e-05,0.0353005
0.000444016,0.000246331,0.0360019,0.00045356,-0.000219449,0.0361674,0.000206188,0.000216269,0.0332574,0.000221243,-4.26284e-05,0.0335108
0.000617085,0.000197933,0.0347996,0.000628769,-0.000180071,0.0349544,0.000296892,0.00016338,0.032079,0.00031577,-1.93697e-05,0.0324108
0.00069533,0.000140403,0.0339974,0.000704185,-0.000132164,0.0341344,0.000363606,0.000133705,0.0314378,0.00038568,-1.74424e-05,0.0318445
0.000641332,9.68612e-05,0.0335027,0.000649633,-9.4627e-05,0.0336317,0.00030012,8.83508e-05,0.0309099,0.000319218,9.21207e-07,0.0313738
0.000544977,6.0354e-05,0.0331907,0.00055166,-5.62176e-05,0.0333157,0.000252118,6.64099e-05,0.0305845,0.00026796,4.00098e-06,0.0310964
0.00043516,2.45075e-05,0.0330096,0.000440226,-1.97536e-05,0.0331343,0.000216034,5.09277e-05,0.0304777,0.000228427,2.74794e-06,0.0310308
0.000352845,-6.96536e-06,0.0329508,0.000356666,1.28937e-05,0.0330784,0.000205635,3.59603e-05,0.0306061,0.000215625,2.33172e-06,0.0311973
0.000275038,-1.84615e-05,0.0331746,0.000277908,2.63841e-05,0.0333088,0.000145535,1.35607e-05,0.0308514,0.000151491,6.34647e-06,0.0314752
0.000216607,-2.75933e-05,0.0336959,0.000218694,3.77956e-05,0.0338402,9.46131e-05,-7.84482e-06,0.0312392,9.71743e-05,1.07526e-05,0.0318921
0.000174985,-4.62294e-05,0.034462,0.000176229,5.67607e-05,0.0346184,8.24257e-05,-2.23582e-05,0.03186,8.3505e-05,1.14743e-05,0.0325433
0.000140259,-7.911e-05,0.0353936,0.000140455,8.75212e-05,0.0355629,0.000121472,-2.70653e-05,0.0328415,0.000123656,4.92274e-06,0.0335625
0.000110194,-8.81213e-05,0.0367619,0.000109736,9.62337e-05,0.0369474,8.38615e-05,-4.87538e-05,0.0340517,8.40611e-05,8.35817e-06,0.0348119
8.26457e-05,-0.000100292,0.0386702,8.13308e-05,0.000106635,0.0388754,4.38596e-05,-7.28576e-05,0.0355476,4.23426e-05,1.08767e-05,0.0363503
5.4409e-05,-0.000138266,0.0410776,5.15597e-05,0.000139914,0.0413044,7.54083e-05,-8.70846e-05,0.0375579,7.57635e-05,4.57495e-06,0.0384153
2.38779e-05,-0.000184442,0.0441556,1.91749e-05,0.000180917,0.0444073,0.000117833,-0.000104785,0.0402279,0.000120859,-3.65976e-06,0.0411563
1.16092e-05,-0.00022042,0.0484211,4.90186e-06,0.000212216,0.0487047,8.4293e-05,-0.000149621,0.043596,8.69699e-05,-3.29441e-07,0.0446089
-8.15201e-06,-0.000305992,0.0542146,-1.84853e-05,0.000286431,0.0545375,0.000130788,-0.000200268,0.0481055,0.000137506,-7.39985e-06,0.0492294
-8.19822e-05,-0.000465462,0.0621959,-9.90606e-05,0.000424887,0.0625671,0.000248512,-0.000266063,0.0544177,0.000263457,-2.88731e-05,0.0556952
-0.000203868,-0.000699489,0.0743665,-0.000232162,0.000623265,0.0748076,0.000203078,-0.000413205,0.0632154,0.000219614,-4.23539e-05,0.0646927
-0.000449428,-0.00128181,0.0938778,-0.000502531,0.00112415,0.0944178,0.000334991,-0.000661077,0.0766688,0.000363892,-9.16732e-05,0.0784339
-0.00133226,-0.0028963,0.128531,-0.00144918,0.00251655,0.129213,0.000727036,-0.00121558,0.0996171,0.000782068,-0.000220925,0.101821
-0.00495569,-0.00892828,0.206682,-0.00529097,0.00767319,0.207557,0.00113486,-0.00295195,0.145631,0.00121428,-0.000617954,0.148467
-0.0476925,-0.0698125,0.538676,-0.0496736,0.0587877,0.537262,0.000229051,-0.0126106,0.279172,0.000243721,-0.00313349,0.281665
-20.8883,13.322,109.927,-20.5163,-13.7459,108.157,1.55563,-0.78209,5.04926,1.5533,-1.30887,5.17264
-24.7681,32.9376,190.097,-24.1727,-32.6811,188.466,-29.8929,41.8267,250.733,-28.8743,-43.38,248.543
-4.64484,1.41972,11.5898,-4.6379,-1.4881,11.5837,-1.23588,0.124535,2.57688,-1.29619,-0.174944,2.66425
-4.07174,1.69866,10.5192,-4.07483,-1.71711,10.5378,-0.206562,0.0385236,0.719068,-0.210636,-0.0418009,0.726443
-5.06473,2.26288,12.9673,-5.06901,-2.32097,13.0647,-0.0558771,0.0175072,0.411113,-0.0574418,-0.0161923,0.412787
-5.85094,2.50676,12.1295,-5.85564,-2.56644,12.2864,0.0043989,0.00980861,0.354077,0.00397548,-0.00823823,0.354781
-0.681009,0.155385,75.8131,-0.39895,0.0730923,75.7438,-6.01692,3.23505,71.714,-6.26519,-3.13606,72.6299
1.49536,-0.108689,71.8115,1.72462,0.328664,71.8274,-3.65356,2.46571,66.7729,-3.72202,-2.41279,67.468
2.05138,-0.122397,76.4087,2.28734,0.314273,76.4611,-2.40858,1.94264,68.7634,-2.53556,-1.98018,69.6644
2.34104,0.089554,78.2584,2.57028,0.0613277,78.3608,-1.567,1.86104,68.3517,-1.69094,-1.9606,69.338
2.79496,0.120859,78.962,3.01502,0.00822309,79.103,-0.607839,1.51625,67.0941,-0.728136,-1.65697,68.1473
3.38753,-0.0287536,75.413,3.59901,0.150004,75.5515,0.433988,0.923668,62.2083,0.317226,-1.09937,63.2866
3.98463,-0.0638983,79.5782,4.19213,0.171862,79.7704,1.46809,0.499851,63.8465,1.35251,-0.719154,65.0338
4.00686,0.264508,81.3043,4.21814,-0.168295,81.5025,1.81895,0.655898,63.849,1.70879,-0.907343,65.1111
4.32202,0.236864,77.6936,4.53776,-0.143997,77.8433,2.38994,0.39269,59.0063,2.2824,-0.682553,60.3056
5.29307,0.0128004,79.7911,5.51436,0.0932434,79.9399,3.61309,-0.366558,58.9918,3.50656,0.0274908,60.3924
5.74565,-0.0717212,77.5507,5.98247,0.183627,77.6028,4.20224,-0.703623,55.3305,4.08969,0.299472,56.8279
5.7256,0.203409,74.6131,5.98535,-0.0813696,74.4915,4.28661,-0.588086,51.4448,4.15532,0.109813,53.0762
6.70443,-0.679338,62.1691,6.97971,0.828328,61.7512,5.44858,-2.19311,38.3441,5.2725,1.56632,40.1196
6.59923,-1.17801,46.6841,6.83904,1.22408,46.0061,3.88522,-1.44404,28.5493,3.85116,0.905024,29.4099
-0.0283273,-0.0107398,0.139818,-0.0285122,0.00997999,0.140248,-0.022884,-0.0144285,0.124402,-0.0226447,0.0120621,0.123737
-0.00394249,-2.05827e-05,0.0731572,-0.00396122,-0.000101523,0.07348,-0.00250177,-0.000375632,0.0670956,-0.00255877,0.000249548,0.0670031
-0.00127432,0.000449127,0.0548512,-0.00128697,-0.000460702,0.055103,-0.00079627,0.000325568,0.0506332,-0.000817037,-0.000181342,0.0505473
-0.00043582,0.000392833,0.0459708,-0.000440088,-0.000375933,0.0461829,-0.000278204,0.000333237,0.0424597,-0.000285521,-0.000138215,0.0424384
2.34712e-05,0.000343436,0.0410019,2.81148e-05,-0.000314303,0.0411962,-9.16108e-06,0.000308687,0.037902,-3.22974e-06,-0.000107788,0.0379769
0.000300135,0.000291045,0.0379355,0.000309335,-0.00025784,0.0381162,0.000154218,0.000267236,0.0351316,0.000166396,-7.03901e-05,0.0353005
0.000444016,0.000246331,0.0360019,0.00045356,-0.000219449,0.0361674,0.000206188,0.000216269,0.0332574,0.000221243,-4.26284e-05,0.0335108
0.000617085,0.000197933,0.0347996,0.000628769,-0.000180071,0.0349544,0.000296892,0.00016338,0.032079,0.00031577,-1.93697e-05,0.0324108
0.00069533,0.000140403,0.0339974,0.000704185,-0.000132164,0.0341344,0.000363606,0.000133705,0.0314378,0.00038568,-1.74424e-05,0.0318445
0.000641332,9.68613e-05,0.0335027,0.000649633,-9.4627e-05,0.0336317,0.00030012,8.83509e-05,0.0309099,0.000319218,9.21226e-07,0.0313738
0.000544977,6.0354e-05,0.0331907,0.00055166,-5.62176e-05,0.0333157,0.000252118,6.64099e-05,0.0305845,0.00026796,4.001e-06,0.0310964
0.00043516,2.45075e-05,0.0330096,0.000440226,-1.97536e-05,0.0331343,0.000216034,5.09277e-05,0.0304777,0.000228427,2.74796e-06,0.0310308
0.000352845,-6.96534e-06,0.0329508,0.000356666,1.28938e-05,0.0330784,0.000205635,3.59604e-05,0.0306061,0.000215625,2.33174e-06,0.0311973
0.000275038,-1.84615e-05,0.0331746,0.000277908,2.63841e-05,0.0333088,0.000145535,1.35607e-05,0.0308514,0.000151491,6.34649e-06,0.0314752
0.000216607,-2.75933e-05,0.0336959,0.000218694,3.77956e-05,0.0338402,9.46131e-05,-7.84479e-06,0.0312392,9.71743e-05,1.07526e-05,0.0318921
0.000174985,-4.62294e-05,0.034462,0.000176229,5.67607e-05,0.0346184,8.24256e-05,-2.23582e-05,0.03186,8.3505e-05,1.14744e-05,0.0325433
0.000140259,-7.911e-05,0.0353936,0.000140455,8.75212e-05,0.0355629,0.000121472,-2.70653e-05,0.0328415,0.000123656,4.92277e-06,0.0335625
0.000110194,-8.81212e-05,0.0367619,0.000109736,9.62337e-05,0.0369474,8.38615e-05,-4.87538e-05,0.0340517,8.40611e-05,8.3582e-06,0.0348119
8.26457e-05,-0.000100292,0.0386702,8.13307e-05,0.000106635,0.0388754,4.38596e-05,-7.28576e-05,0.0355476,4.23426e-05,1.08767e-05,0.0363503
5.4409e-05,-0.000138266,0.0410776,5.15597e-05,0.000139914,0.0413044,7.54083e-05,-8.70846e-05,0.0375579,7.57635e-05,4.57499e-06,0.0384153
2.38779e-05,-0.000184442,0.0441556,1.91749e-05,0.000180917,0.0444073,0.000117832,-0.000104785,0.0402279,0.000120859,-3.65971e-06,0.0411563
1.16092e-05,-0.00022042,0.0484211,4.90184e-06,0.000212216,0.0487047,8.42929e-05,-0.000149621,0.043596,8.69699e-05,-3.29389e-07,0.0446089
-8.15203e-06,-0.000305992,0.0542146,-1.84854e-05,0.000286431,0.0545375,0.000130788,-0.000200268,0.0481055,0.000137506,-7.39978e-06,0.0492294
-8.19823e-05,-0.000465462,0.0621959,-9.90606e-05,0.000424887,0.0625671,0.000248512,-0.000266062,0.0544177,0.000263457,-2.8873e-05,0.0556952
-0.000203868,-0.000699489,0.0743665,-0.000232162,0.000623265,0.0748076,0.000203078,-0.000413205,0.0632154,0.000219614,-4.23538e-05,0.0646927
-0.000449428,-0.00128181,0.0938778,-0.000502531,0.00112415,0.0944178,0.000334991,-0.000661076,0.0766688,0.000363892,-9.16731e-05,0.0784339
-0.00133226,-0.0028963,0.128531,-0.00144918,0.00251655,0.129213,0.000727036,-0.00121558,0.0996171,0.000782068,-0.000220925,0.101821
-0.00495569,-0.00892828,0.206682,-0.00529097,0.0076732,0.207557,0.00113486,-0.00295195,0.145631,0.00121428,-0.000617953,0.148467
-0.0476925,-0.0698125,0.538676,-0.0496736,0.0587877,0.537262,0.00022905,-0.0126106,0.279172,0.000243721,-0.00313349,0.281665
-20.8883,13.322,109.927,-20.5163,-13.7459,108.157,1.55563,-0.78209,5.04926,1.5533,-1.30887,5.17264
-24.7681,32.9376,190.097,-24.1727,-32.6811,188.466,-29.8929,41.8267,250.733,-28.8743,-43.38,248.543
-4.64484,1.41972,11.5898,-4.6379,-1.4881,11.5837,-1.23588,0.124535,2.57688,-1.29619,-0.174944,2.66425
-4.07174,1.69866,10.5192,-4.07483,-1.71711,10.5378,-0.206562,0.0385236,0.719068,-0.210636,-0.0418009,0.726443
-5.06473,2.26288,12.9673,-5.06901,-2.32097,13.0647,-0.0558771,0.0175072,0.411113,-0.0574418,-0.0161923,0.412787
-5.85094,2.50676,12.1295,-5.85563,-2.56643,12.2864,0.0043989,0.00980861,0.354077,0.00397548,-0.00823823,0.354781
-0.681009,0.155385,75.8131,-0.39895,0.0730925,75.7438,-6.01692,3.23505,71.714,-6.26519,-3.13606,72.6299
1.49536,-0.108689,71.8115,1.72462,0.328664,71.8274,-3.65356,2.46571,66.7729,-3.72202,-2.41279,67.468
2.05138,-0.122397,76.4087,2.28734,0.314273,76.4611,-2.40858,1.94264,68.7634,-2.53556,-1.98018,69.6644
2.34104,0.0895543,78.2584,2.57028,0.0613279,78.3608,-1.567,1.86104,68.3517,-1.69094,-1.9606,69.338
2.79496,0.120859,78.962,3.01502,0.00822326,79.103,-0.607839,1.51625,67.0941,-0.728136,-1.65697,68.1473
3.38753,-0.0287534,75.413,3.59901,0.150005,75.5515,0.433988,0.923668,62.2083,0.317226,-1.09937,63.2866
3.98461,-0.0638951,79.5782,4.19212,0.171858,79.7705,1.46809,0.499852,63.8465,1.35251,-0.719154,65.0338
4.00686,0.264508,81.3043,4.21814,-0.168295,81.5025,1.81895,0.655898,63.849,1.70879,-0.907343,65.1111
4.32202,0.236864,77.6936,4.53776,-0.143997,77.8433,2.38994,0.392691,59.0063,2.2824,-0.682553,60.3056
5.29307,0.0128007,79.7911,5.51436,0.0932436,79.9399,3.61309,-0.366558,58.9918,3.50656,0.027491,60.3924
5.74565,-0.071721,77.5507,5.98247,0.183627,77.6028,4.20224,-0.703622,55.3305,4.08969,0.299472,56.8279
5.7256,0.20341,74.6131,5.98535,-0.0813697,74.4915,4.28661,-0.588085,51.4448,4.15532,0.109813,53.0762
6.70443,-0.679337,62.1691,6.97971,0.828328,61.7512,5.44858,-2.19311,38.3441,5.2725,1.56632,40.1196
6.59923,-1.17801,46.6841,6.83904,1.22408,46.0061,3.88523,-1.44406,28.5493,3.85116,0.905014,29.4099
-0.0283273,-0.0107398,0.139818,-0.0285122,0.00997999,0.140248,-0.022884,-0.0144285,0.124402,-0.0226447,0.0120621,0.123737
-0.00394249,-2.05827e-05,0.0731572,-0.00396122,-0.000101523,0.07348,-0.00250177,-0.000375632,0.0670956,-0.00255877,0.000249548,0.0670031
-0.00127432,0.000449127,0.0548512,-0.00128697,-0.000460702,0.055103,-0.00079627,0.000325568,0.0506332,-0.000817037,-0.000181342,0.0505473
-0.00043582,0.000392833,0.0459708,-0.000440088,-0.000375933,0.0461829,-0.000278204,0.000333237,0.0424597,-0.000285521,-0.000138215,0.0424384
2.34712e-05,0.000343436,0.0410019,2.81148e-05,-0.000314303,0.0411962,-9.16107e-06,0.000308687,0.037902,-3.22975e-06,-0.000107787,0.0379769
0.000300135,0.000291045,0.0379355,0.000309335,-0.00025784,0.0381162,0.000154218,0.000267236,0.0351316,0.000166396,-7.03901e-05,0.0353005
0.000444016,0.000246332,0.0360019,0.00045356,-0.000219449,0.0361674,0.000206188,0.000216269,0.0332574,0.000221243,-4.26283e-05,0.0335108
0.000617085,0.000197933,0.0347996,0.000628769,-0.000180071,0.0349544,0.000296892,0.00016338,0.032079,0.00031577,-1.93697e-05,0.0324108
0.00069533,0.000140403,0.0339974,0.000704185,-0.000132164,0.0341344,0.000363606,0.000133705,0.0314378,0.00038568,-1.74424e-05,0.0318445
0.000641332,9.68613e-05,0.0335027,0.000649633,-9.4627e-05,0.0336317,0.00030012,8.83509e-05,0.0309099,0.000319218,9.21236e-07,0.0313738
0.000544977,6.0354e-05,0.0331907,0.00055166,-5.62175e-05,0.0333157,0.000252118,6.64099e-05,0.0305845,0.00026796,4.00101e-06,0.0310964
0.00043516,2.45075e-05,0.0330096,0.000440226,-1.97536e-05,0.0331343,0.000216034,5.09278e-05,0.0304777,0.000228427,2.74797e-06,0.0310308
0.000352845,-6.96533e-06,0.0329508,0.000356666,1.28938e-05,0.0330784,0.000205635,3.59604e-05,0.0306061,0.000215625,2.33175e-06,0.0311973
0.000275038,-1.84615e-05,0.0331746,0.000277908,2.63841e-05,0.0333088,0.000145535,1.35607e-05,0.0308514,0.000151491,6.34651e-06,0.0314752
0.000216607,-2.75933e-05,0.0336959,0.000218694,3.77956e-05,0.0338402,9.46131e-05,-7.84477e-06,0.0312392,9.71743e-05,1.07526e-05,0.0318921
0.000174985,-4.62294e-05,0.034462,0.000176229,5.67608e-05,0.0346184,8.24256e-05,-2.23582e-05,0.03186,8.3505e-05,1.14744e-05,0.0325433
0.000140259,-7.911e-05,0.0353936,0.000140455,8.75212e-05,0.0355629,0.000121472,-2.70653e-05,0.0328415,0.000123656,4.92278e-06,0.0335625
0.000110194,-8.81212e-05,0.0367619,0.000109736,9.62338e-05,0.0369474,8.38614e-05,-4.87538e-05,0.0340517,8.40611e-05,8.35821e-06,0.0348119
8.26457e-05,-0.000100292,0.0386702,8.13307e-05,0.000106635,0.0388754,4.38596e-05,-7.28575e-05,0.0355476,4.23426e-05,1.08767e-05,0.0363503
5.4409e-05,-0.000138266,0.0410776,5.15597e-05,0.000139914,0.0413044,7.54082e-05,-8.70846e-05,0.0375579,7.57635e-05,4.57501e-06,0.0384153
2.38779e-05,-0.000184442,0.0441556,1.91749e-05,0.000180917,0.0444073,0.000117832,-0.000104785,0.0402279,0.000120859,-3.65969e-06,0.0411563
1.16092e-05,-0.00022042,0.0484211,4.90183e-06,0.000212216,0.0487047,8.42929e-05,-0.000149621,0.043596,8.69699e-05,-3.29363e-07,0.0446089
-8.15204e-06,-0.000305992,0.0542146,-1.84854e-05,0.000286431,0.0545375,0.000130788,-0.000200268,0.0481055,0.000137506,-7.39975e-06,0.0492294
-8.19823e-05,-0.000465462,0.0621959,-9.90606e-05,0.000424887,0.0625671,0.000248512,-0.000266062,0.0544177,0.000263457,-2.88729e-05,0.0556952
-0.000203868,-0.000699489,0.0743665,-0.000232162,0.000623265,0.0748076,0.000203078,-0.000413205,0.0632154,0.000219614,-4.23537e-05,0.0646927
-0.000449428,-0.00128181,0.0938778,-0.000502531,0.00112415,0.0944178,0.000334991,-0.000661076,0.0766688,0.000363892,-9.1673e-05,0.0784339
-0.00133226,-0.0028963,0.128531,-0.00144918,0.00251655,0.129213,0.000727036,-0.00121558,0.0996171,0.000782068,-0.000220924,0.101821
-0.00495569,-0.00892828,0.206682,-0.00529097,0.0076732,0.207557,0.00113486,-0.00295195,0.145631,0.00121428,-0.000617953,0.148467
-0.0476925,-0.0698125,0.538676,-0.0496736,0.0587877,0.537262,0.000229049,-0.0126106,0.279172,0.000243721,-0.00313349,0.281665
-20.8883,13.322,109.927,-20.5163,-13.7459,108.157,1.55563,-0.782089,5.04926,1.5533,-1.30887,5.17264
-24.7681,32.9376,190.097,-24.1727,-32.6811,188.466,-29.8929,41.8267,250.733,-28.8742,-43.38,248.543
-4.64484,1.41972,11.5898,-4.6379,-1.4881,11.5837,-1.23588,0.124535,2.57688,-1.29619,-0.174944,2.66425
-4.07174,1.69866,10.5192,-4.07483,-1.71711,10.5378,-0.206562,0.0385236,0.719068,-0.210636,-0.0418009,0.726443
-5.06473,2.26288,12.9673,-5.06901,-2.32097,13.0647,-0.0558771,0.0175072,0.411113,-0.0574418,-0.0161923,0.412787
-5.85094,2.50676,12.1295,-5.85563,-2.56643,12.2864,0.0043989,0.00980861,0.354077,0.00397548,-0.00823823,0.354781
-0.681009,0.155385,75.8131,-0.39895,0.0730926,75.7438,-6.01692,3.23505,71.714,-6.26519,-3.13606,72.6299
1.49536,-0.108689,71.8115,1.72462,0.328664,71.8274,-3.65356,2.46571,66.7729,-3.72202,-2.41279,67.468
2.05138,-0.122396,76.4087,2.28734,0.314273,76.4611,-2.40858,1.94264,68.7634,-2.53556,-1.98018,69.6644
2.34104,0.0895544,78.2584,2.57028,0.0613279,78.3608,-1.567,1.86104,68.3517,-1.69094,-1.9606,69.338
2.79496,0.12086,78.962,3.01502,0.00822334,79.103,-0.607839,1.51625,67.0941,-0.728136,-1.65697,68.1473
3.38753,-0.0287533,75.413,3.59901,0.150005,75.5515,0.433988,0.923668,62.2083,0.317226,-1.09937,63.2866
3.98463,-0.0638979,79.5782,4.19213,0.171862,79.7704,1.46809,0.499852,63.8465,1.35251,-0.719154,65.0338
4.00686,0.264508,81.3043,4.21814,-0.168295,81.5025,1.81895,0.655899,63.849,1.70879,-0.907343,65.1111
4.32202,0.236864,77.6936,4.53776,-0.143997,77.8433,2.38994,0.392691,59.0063,2.2824,-0.682553,60.3056
5.29307,0.0128008,79.7911,5.51436,0.0932436,79.9399,3.61309,-0.366557,58.9918,3.50656,0.0274911,60.3924
5.74565,-0.0717209,77.5507,5.98247,0.183627,77.6028,4.20224,-0.703622,55.3305,4.08969,0.299473,56.8279
5.7256,0.20341,74.6131,5.98535,-0.0813695,74.4915,4.28661,-0.588085,51.4448,4.15532,0.109813,53.0762
6.70443,-0.679337,62.1691,6.97971,0.828328,61.7512,5.44859,-2.19311,38.3441,5.2725,1.56632,40.1196
6.59923,-1.17801,46.6841,6.83904,1.22408,46.0061,3.88523,-1.44406,28.5493,3.85115,0.90501,29.4099
-0.0283273,-0.0107398,0.139818,-0.0285122,0.00997999,0.140248,-0.022884,-0.0144285,0.124402,-0.0226447,0.0120621,0.123737
-0.00394249,-2.05827e-05,0.0731572,-0.00396122,-0.000101523,0.07348,-0.00250177,-0.000375632,0.0670956,-0.00255877,0.000249548,0.0670031
-0.00127432,0.000449127,0.0548512,-0.00128697,-0.000460702,0.055103,-0.00079627,0.000325568,0.0506332,-0.000817037,-0.000181342,0.0505473
-0.00043582,0.000392833,0.0459708,-0.000440088,-0.000375933,0.0461829,-0.000278204,0.000333237,0.0424597,-0.000285521,-0.000138215,0.0424384
2.34712e-05,0.000343436,0.0410019,2.81148e-05,-0.000314303,0.0411962,-9.16107e-06,0.000308687,0.037902,-3.22976e-06,-0.000107787,0.0379769
0.000300135,0.000291045,0.0379355,0.000309335,-0.00025784,0.0381162,0.000154218,0.000267236,0.0351316,0.000166396,-7.03901e-05,0.0353005
0.000444016,0.000246332,0.0360019,0.00045356,-0.000219449,0.0361674,0.000206188,0.000216269,0.0332574,0.000221243,-4.26283e-05,0.0335108
0.000617085,0.000197933,0.0347996,0.000628769,-0.000180071,0.0349544,0.000296892,0.00016338,0.032079,0.00031577,-1.93697e-05,0.0324108
0.00069533,0.000140403,0.0339974,0.000704185,-0.000132164,0.0341344,0.000363606,0.000133705,0.0314378,0.00038568,-1.74424e-05,0.0318445
0.000641332,9.68613e-05,0.0335027,0.000649633,-9.46269e-05,0.0336317,0.00030012,8.83509e-05,0.0309099,0.000319218,9.21244e-07,0.0313738
0.000544977,6.0354e-05,0.0331907,0.00055166,-5.62175e-05,0.0333157,0.000252118,6.64099e-05,0.0305845,0.00026796,4.00101e-06,0.0310964
0.00043516,2.45075e-05,0.0330096,0.000440226,-1.97536e-05,0.0331343,0.000216034,5.09278e-05,0.0304777,0.000228427,2.74797e-06,0.0310308
0.000352845,-6.96533e-06,0.0329508,0.000356666,1.28938e-05,0.0330784,0.000205635,3.59604e-05,0.0306061,0.000215625,2.33175e-06,0.0311973
0.000275038,-1.84615e-05,0.0331746,0.000277908,2.63841e-05,0.0333088,0.000145535,1.35607e-05,0.0308514,0.000151491,6.34651e-06,0.0314752
0.000216607,-2.75933e-05,0.0336959,0.000218694,3.77957e-05,0.0338402,9.46131e-05,-7.84477e-06,0.0312392,9.71743e-05,1.07526e-05,0.0318921
0.000174985,-4.62294e-05,0.034462,0.000176229,5.67608e-05,0.0346184,8.24256e-05,-2.23582e-05,0.03186,8.3505e-05,1.14744e-05,0.0325433
0.000140259,-7.911e-05,0.0353936,0.000140455,8.75212e-05,0.0355629,0.000121472,-2.70652e-05,0.0328415,0.000123656,4.92279e-06,0.0335625
0.000110194,-8.81212e-05,0.0367619,0.000109736,9.62338e-05,0.0369474,8.38614e-05,-4.87538e-05,0.0340517,8.40611e-05,8.35822e-06,0.0348119
8.26457e-05,-0.000100292,0.0386702,8.13307e-05,0.000106635,0.0388754,4.38596e-05,-7.28575e-05,0.0355476,4.23425e-05,1.08767e-05,0.0363503
5.44089e-05,-0.000138266,0.0410776,5.15597e-05,0.000139914,0.0413044,7.54082e-05,-8.70846e-05,0.0375579,7.57635e-05,4.57502e-06,0.0384153
2.38779e-05,-0.000184442,0.0441556,1.91749e-05,0.000180917,0.0444073,0.000117832,-0.000104785,0.0402279,0.000120859,-3.65968e-06,0.0411563
1.16092e-05,-0.000220419,0.0484211,4.90182e-06,0.000212216,0.0487047,8.42929e-05,-0.000149621,0.043596,8.69698e-05,-3.29352e-07,0.0446089
-8.15205e-06,-0.000305992,0.0542146,-1.84854e-05,0.000286431,0.0545375,0.000130788,-0.000200268,0.0481055,0.000137506,-7.39974e-06,0.0492294
-8.19823e-05,-0.000465462,0.0621959,-9.90606e-05,0.000424887,0.0625671,0.000248512,-0.000266062,0.0544177,0.000263457,-2.88729e-05,0.0556952
-0.000203868,-0.000699488,0.0743665,-0.000232162,0.000623265,0.0748076,0.000203078,-0.000413205,0.0632154,0.000219614,-4.23537e-05,0.0646927
-0.000449428,-0.00128181,0.0938778,-0.000502531,0.00112415,0.0944178,0.000334991,-0.000661076,0.0766688,0.000363892,-9.1673e-05,0.0784339
-0.00133226,-0.0028963,0.128531,-0.00144918,0.00251655,0.129213,0.000727036,-0.00121558,0.0996171,0.000782068,-0.000220924,0.101821
-0.00495569,-0.00892827,0.206682,-0.00529097,0.0076732,0.207557,0.00113486,-0.00295194,0.145631,0.00121428,-0.000617953,0.148467
-0.0476925,-0.0698125,0.538676,-0.0496736,0.0587877,0.537262,0.000229049,-0.0126106,0.279172,0.000243721,-0.00313349,0.281665
-20.8883,13.322,109.927,-20.5163,-13.7459,108.157,1.55563,-0.782089,5.04926,1.5533,-1.30887,5.17264
-24.7681,32.9376,190.097,-24.1727,-32.6811,188.466,-29.8929,41.8267,250.733,-28.8743,-43.38,248.543
-4.64484,1.41972,11.5898,-4.6379,-1.4881,11.5837,-1.23588,0.124535,2.57688,-1.29619,-0.174944,2.66425
-4.07174,1.69866,10.5192,-4.07483,-1.71711,10.5378,-0.206562,0.0385236,0.719068,-0.210636,-0.0418009,0.726443
-5.06473,2.26288,12.9673,-5.06901,-2.32097,13.0647,-0.0558771,0.0175072,0.411113,-0.0574418,-0.0161922,0.412787
-5.85094,2.50676,12.1295,-5.85563,-2.56643,12.2864,0.0043989,0.00980861,0.354077,0.00397548,-0.00823822,0.354781
-0.681009,0.155385,75.8131,-0.39895,0.0730927,75.7438,-6.01692,3.23505,71.714,-6.26519,-3.13606,72.6299
1.49536,-0.108689,71.8115,1.72462,0.328664,71.8274,-3.65356,2.46571,66.7729,-3.72202,-2.41279,67.468
2.05138,-0.122396,76.4087,2.28734,0.314273,76.4611,-2.40858,1.94264,68.7634,-2.53556,-1.98018,69.6644
2.34104,0.0895545,78.2584,2.57028,0.061328,78.3608,-1.567,1.86104,68.3517,-1.69094,-1.9606,69.338
2.79496,0.12086,78.962,3.01502,0.00822338,79.103,-0.607839,1.51625,67.0941,-0.728136,-1.65697,68.1473
3.38753,-0.0287532,75.413,3.59901,0.150005,75.5515,0.433988,0.923668,62.2083,0.317226,-1.09937,63.2866
3.98463,-0.0638979,79.5782,4.19213,0.171862,79.7704,1.46809,0.499852,63.8465,1.35251,-0.719154,65.0338
4.00686,0.264508,81.3043,4.21814,-0.168295,81.5025,1.81895,0.655899,63.849,1.70879,-0.907343,65.1111
4.32202,0.236864,77.6936,4.53776,-0.143997,77.8433,2.38994,0.392691,59.0063,2.2824,-0.682553,60.3056
5.29307,0.0128008,79.7911,5.51436,0.0932437,79.9399,3.61309,-0.366557,58.9918,3.50656,0.0274912,60.3924
5.74565,-0.0717208,77.5507,5.98247,0.183627,77.6028,4.20224,-0.703622,55.3305,4.08969,0.299473,56.8279
5.7256,0.20341,74.6131,5.98535,-0.0813696,74.4915,4.28661,-0.588085,51.4448,4.15532,0.109813,53.0762
6.70443,-0.679337,62.1691,6.97971,0.828328,61.7512,5.44859,-2.19311,38.3441,5.2725,1.56632,40.1196
6.59923,-1.17801,46.6841,6.83904,1.22408,46.0061,3.88524,-1.44407,28.5492,3.85115,0.905007,29.4099
-0.0283273,-0.0107398,0.139818,-0.0285122,0.00997999,0.140248,-0.022884,-0.0144285,0.124402,-0.0226447,0.0120621,0.123737
-0.00394249,-2.05827e-05,0.0731572,-0.00396122,-0.000101523,0.07348,-0.00250177,-0.000375632,0.0670956,-0.00255877,0.000249548,0.0670031
-0.00127432,0.000449127,0.0548512,-0.00128697,-0.000460702,0.055103,-0.00079627,0.000325568,0.0506332,-0.000817037,-0.000181342,0.0505473
-0.00043582,0.000392833,0.0459708,-0.000440088,-0.000375933,0.0461829,-0.000278204,0.000333237,0.0424597,-0.000285521,-0.000138215,0.0424384
2.34712e-05,0.000343436,0.0410019,2.81148e-05,-0.000314303,0.0411962,-9.16106e-06,0.000308687,0.037902,-3.22976e-06,-0.000107787,0.0379769
0.000300135,0.000291045,0.0379355,0.000309335,-0.00025784,0.0381162,0.000154218,0.000267236,0.0351316,0.000166396,-7.03901e-05,0.0353005
0.000444016,0.000246332,0.0360019,0.00045356,-0.000219449,0.0361674,0.000206188,0.000216269,0.0332574,0.000221243,-4.26283e-05,0.0335108
0.000617085,0.000197933,0.0347996,0.000628769,-0.000180071,0.0349544,0.000296892,0.00016338,0.032079,0.00031577,-1.93697e-05,0.0324108
0.00069533,0.000140403,0.0339974,0.000704185,-0.000132164,0.0341344,0.000363606,0.000133705,0.0314378,0.00038568,-1.74424e-05,0.0318445
0.000641332,9.68612e-05,0.0335027,0.000649633,-9.46269e-05,0.0336317,0.00030012,8.83509e-05,0.0309099,0.000319218,9.21254e-07,0.0313738
0.000544977,6.0354e-05,0.0331907,0.00055166,-5.62175e-05,0.0333157,0.000252118,6.64099e-05,0.0305845,0.00026796,4.00102e-06,0.0310964
0.00043516,2.45075e-05,0.0330096,0.000440226,-1.97535e-05,0.0331343,0.000216034,5.09278e-05,0.0304777,0.000228427,2.74798e-06,0.0310308
0.000352845,-6.96534e-06,0.0329508,0.000356666,1.28938e-05,0.0330784,0.000205635,3.59604e-05,0.0306061,0.000215625,2.33176e-06,0.0311973
0.000275038,-1.84615e-05,0.0331746,0.000277908,2.63841e-05,0.0333088,0.000145535,1.35607e-05,0.0308514,0.000151491,6.34651e-06,0.0314752
0.000216607,-2.75933e-05,0.0336959,0.000218694,3.77957e-05,0.0338402,9.46131e-05,-7.84476e-06,0.0312392,9.71743e-05,1.07526e-05,0.0318921
0.000174985,-4.62294e-05,0.034462,0.000176229,5.67608e-05,0.0346184,8.24256e-05,-2.23582e-05,0.03186,8.3505e-05,1.14744e-05,0.0325433
0.000140259,-7.911e-05,0.0353936,0.000140455,8.75212e-05,0.0355629,0.000121472,-2.70652e-05,0.0328415,0.000123656,4.92279e-06,0.0335625
0.000110194,-8.81212e-05,0.0367619,0.000109736,9.62338e-05,0.0369474,8.38614e-05,-4.87538e-05,0.0340517,8.40611e-05,8.35822e-06,0.0348119
8.26457e-05,-0.000100292,0.0386702,8.13307e-05,0.000106635,0.0388754,4.38595e-05,-7.28575e-05,0.0355476,4.23425e-05,1.08767e-05,0.0363503
5.44089e-05,-0.000138266,0.0410776,5.15597e-05,0.000139914,0.0413044,7.54082e-05,-8.70845e-05,0.0375579,7.57635e-05,4.57502e-06,0.0384153
2.38779e-05,-0.000184442,0.0441556,1.91749e-05,0.000180917,0.0444073,0.000117832,-0.000104785,0.0402279,0.000120859,-3.65968e-06,0.0411563
1.16092e-05,-0.000220419,0.0484211,4.9018e-06,0.000212216,0.0487047,8.42929e-05,-0.000149621,0.043596,8.69698e-05,-3.29354e-07,0.0446089
-8.15208e-06,-0.000305992,0.0542146,-1.84854e-05,0.000286431,0.0545375,0.000130788,-0.000200268,0.0481055,0.000137506,-7.39974e-06,0.0492294
-8.19823e-05,-0.000465462,0.0621959,-9.90607e-05,0.000424887,0.0625671,0.000248512,-0.000266062,0.0544177,0.000263457,-2.88729e-05,0.0556952
-0.000203868,-0.000699488,0.0743665,-0.000232162,0.000623265,0.0748076,0.000203078,-0.000413205,0.0632154,0.000219614,-4.23537e-05,0.0646927
-0.000449429,-0.00128181,0.0938778,-0.000502531,0.00112415,0.0944178,0.000334991,-0.000661076,0.0766688,0.000363892,-9.1673e-05,0.0784339
-0.00133226,-0.0028963,0.128531,-0.00144918,0.00251655,0.129213,0.000727036,-0.00121558,0.0996171,0.000782068,-0.000220924,0.101821
-0.00495569,-0.00892827,0.206682,-0.00529097,0.0076732,0.207557,0.00113486,-0.00295194,0.145631,0.00121428,-0.000617953,0.148467
-0.0476925,-0.0698125,0.538676,-0.0496736,0.0587877,0.537262,0.000229049,-0.0126106,0.279172,0.000243722,-0.00313349,0.281665
-20.8883,13.322,109.927,-20.5163,-13.7459,108.157,1.55563,-0.782089,5.04926,1.5533,-1.30887,5.17264
-24.7681,32.9376,190.097,-24.1727,-32.6811,188.466,-29.8929,41.8267,250.733,-28.8743,-43.38,248.543
-4.64484,1.41972,11.5898,-4.6379,-1.4881,11.5837,-1.23588,0.124535,2.57688,-1.29619,-0.174944,2.66425
-4.07174,1.69866,10.5192,-4.07483,-1.71711,10.5378,-0.206562,0.0385236,0.719068,-0.210636,-0.0418009,0.726443
-5.06473,2.26288,12.9673,-5.06901,-2.32097,13.0647,-0.0558771,0.0175072,0.411113,-0.0574418,-0.0161922,0.412787
-5.85094,2.50676,12.1295,-5.85563,-2.56643,12.2864,0.0043989,0.00980861,0.354077,0.00397548,-0.00823822,0.354781
-0.681009,0.155385,75.8131,-0.39895,0.0730927,75.7438,-6.01692,3.23505,71.714,-6.26519,-3.13606,72.6299
1.49536,-0.108689,71.8115,1.72462,0.328664,71.8274,-3.65356,2.46571,66.7729,-3.72202,-2.41279,67.468
2.05138,-0.122396,76.4087,2.28734,0.314273,76.4611,-2.40858,1.94264,68.7634,-2.53556,-1.98018,69.6644
2.34104,0.0895545,78.2584,2.57028,0.061328,78.3608,-1.567,1.86104,68.3517,-1.69094,-1.9606,69.338
2.79496,0.12086,78.962,3.01502,0.0082234,79.103,-0.607839,1.51625,67.0941,-0.728136,-1.65697,68.1473
3.38753,-0.0287532,75.413,3.59901,0.150005,75.5515,0.433988,0.923668,62.2083,0.317226,-1.09937,63.2866
3.98463,-0.0638978,79.5782,4.19213,0.171862,79.7704,1.46809,0.499852,63.8465,1.35251,-0.719153,65.0338
4.00686,0.264508,81.3043,4.21814,-0.168295,81.5025,1.81895,0.655899,63.849,1.70879,-0.907343,65.1111
4.32202,0.236865,77.6936,4.53776,-0.143997,77.8433,2.38994,0.392691,59.0063,2.2824,-0.682553,60.3056
5.29307,0.0128009,79.7911,5.51436,0.0932437,79.9399,3.61309,-0.366557,58.9918,3.50656,0.0274912,60.3924
5.74565,-0.0717208,77.5507,5.98247,0.183627,77.6028,4.20224,-0.703622,55.3305,4.08969,0.299473,56.8279
5.7256,0.20341,74.6131,5.98535,-0.0813695,74.4915,4.28661,-0.588085,51.4448,4.15532,0.109813,53.0762
6.70443,-0.679337,62.1691,6.97971,0.828328,61.7512,5.44858,-2.19311,38.3441,5.2725,1.56632,40.1196
6.59923,-1.17801,46.6841,6.83904,1.22408,46.0061,3.88524,-1.44407,28.5492,3.85115,0.905006,29.4099
-0.0283273,-0.0107398,0.139818,-0.0285122,0.00997999,0.140248,-0.022884,-0.0144285,0.124402,-0.0226447,0.0120621,0.123737
-0.00394249,-2.05827e-05,0.0731572,-0.00396122,-0.000101523,0.07348,-0.00250177,-0.000375632,0.0670956,-0.00255877,0.000249548,0.0670031
-0.00127432,0.000449127,0.0548512,-0.00128697,-0.000460702,0.055103,-0.00079627,0.000325568,0.0506332,-0.000817037,-0.000181342,0.0505473
-0.00043582,0.000392833,0.0459708,-0.000440088,-0.000375933,0.0461829,-0.000278204,0.000333237,0.0424597,-0.000285521,-0.000138215,0.0424384
2.34712e-05,0.000343436,0.0410019,2.81148e-05,-0.000314303,0.0411962,-9.16106e-06,0.000308687,0.037902,-3.22976e-06,-0.000107787,0.0379769
0.000300135,0.000291045,0.0379355,0.000309335,-0.00025784,0.0381162,0.000154218,0.000267236,0.0351316,0.000166396,-7.03901e-05,0.0353005
0.000444016,0.000246332,0.0360019,0.00045356,-0.000219449,0.0361674,0.000206188,0.000216269,0.0332574,0.000221243,-4.26283e-05,0.0335108
0.000617085,0.000197933,0.0347996,0.000628769,-0.000180071,0.0349544,0.000296892,0.00016338,0.032079,0.00031577,-1.93697e-05,0.0324108
0.00069533,0.000140403,0.0339974,0.000704185,-0.000132164,0.0341344,0.000363606,0.000133705,0.0314378,0.00038568,-1.74424e-05,0.0318445
0.000641332,9.68613e-05,0.0335027,0.000649633,-9.4627e-05,0.0336317,0.00030012,8.83509e-05,0.0309099,0.000319218,9.21245e-07,0.0313738
0.000544977,6.03541e-05,0.0331907,0.00055166,-5.62175e-05,0.0333157,0.000252118,6.64099e-05,0.0305845,0.00026796,4.00101e-06,0.0310964
0.00043516,2.45075e-05,0.0330096,0.000440226,-1.97536e-05,0.0331343,0.000216034,5.09278e-05,0.0304777,0.000228427,2.74798e-06,0.0310308
0.000352845,-6.96532e-06,0.0329508,0.000356666,1.28938e-05,0.0330784,0.000205635,3.59604e-05,0.0306061,0.000215625,2.33176e-06,0.0311973
0.000275038,-1.84615e-05,0.0331746,0.000277908,2.63841e-05,0.0333088,0.000145535,1.35607e-05,0.0308514,0.000151491,6.34651e-06,0.0314752
0.000216607,-2.75933e-05,0.0336959,0.000218694,3.77957e-05,0.0338402,9.46131e-05,-7.84476e-06,0.0312392,9.71743e-05,1.07526e-05,0.0318921
0.000174985,-4.62294e-05,0.034462,0.000176229,5.67608e-05,0.0346184,8.24256e-05,-2.23582e-05,0.03186,8.3505e-05,1.14744e-05,0.0325433
0.000140259,-7.911e-05,0.0353936,0.000140455,8.75212e-05,0.0355629,0.000121472,-2.70652e-05,0.0328415,0.000123656,4.92279e-06,0.0335625
0.000110194,-8.81212e-05,0.0367619,0.000109736,9.62338e-05,0.0369474,8.38614e-05,-4.87538e-05,0.0340517,8.40611e-05,8.35823e-06,0.0348119
8.26457e-05,-0.000100292,0.0386702,8.13307e-05,0.000106635,0.0388754,4.38596e-05,-7.28575e-05,0.0355476,4.23425e-05,1.08767e-05,0.0363503
5.4409e-05,-0.000138266,0.0410776,5.15597e-05,0.000139914,0.0413044,7.54082e-05,-8.70845e-05,0.0375579,7.57635e-05,4.57503e-06,0.0384153
2.38779e-05,-0.000184442,0.0441556,1.91749e-05,0.000180917,0.0444073,0.000117832,-0.000104785,0.0402279,0.000120859,-3.65967e-06,0.0411563
1.16092e-05,-0.000220419,0.0484211,4.90182e-06,0.000212216,0.0487047,8.42929e-05,-0.000149621,0.043596,8.69699e-05,-3.2934e-07,0.0446089
-8.15205e-06,-0.000305992,0.0542146,-1.84854e-05,0.000286431,0.0545375,0.000130788,-0.000200268,0.0481055,0.000137506,-7.39972e-06,0.0492294
-8.19823e-05,-0.000465462,0.0621959,-9.90606e-05,0.000424888,0.0625671,0.000248512,-0.000266062,0.0544177,0.000263457,-2.88729e-05,0.0556952
-0.000203868,-0.000699488,0.0743665,-0.000232162,0.000623265,0.0748076,0.000203078,-0.000413205,0.0632154,0.000219614,-4.23537e-05,0.0646927
-0.000449428,-0.00128181,0.0938778,-0.000502531,0.00112415,0.0944178,0.000334991,-0.000661076,0.0766688,0.000363892,-9.16729e-05,0.0784339
-0.00133226,-0.0028963,0.128531,-0.00144918,0.00251655,0.129213,0.000727036,-0.00121558,0.0996171,0.000782068,-0.000220924,0.101821
-0.00495569,-0.00892827,0.206682,-0.00529097,0.0076732,0.207557,0.00113486,-0.00295194,0.145631,0.00121428,-0.000617953,0.148467
-0.0476925,-0.0698125,0.538676,-0.0496736,0.0587877,0.537262,0.000229049,-0.0126106,0.279172,0.000243721,-0.00313349,0.281665
-20.8883,13.322,109.927,-20.5163,-13.7459,108.157,1.55563,-0.782089,5.04926,1.5533,-1.30887,5.17264
-24.7681,32.9376,190.097,-24.1727,-32.6811,188.466,-29.8929,41.8267,250.733,-28.8743,-43.38,248.543
-4.64484,1.41972,11.5898,-4.6379,-1.4881,11.5837,-1.23588,0.124535,2.57688,-1.29619,-0.174944,2.66425
-4.07174,1.69866,10.5192,-4.07483,-1.71711,10.5378,-0.206562,0.0385236,0.719068,-0.210636,-0.0418009,0.726443
-5.06473,2.26288,12.9673,-5.06901,-2.32097,13.0647,-0.0558771,0.0175072,0.411113,-0.0574418,-0.0161922,0.412787
-5.85094,2.50676,12.1295,-5.85563,-2.56643,12.2864,0.0043989,0.00980861,0.354077,0.00397548,-0.00823822,0.354781
-0.680998,0.155349,75.813,-0.398956,0.0730638,75.7438,-6.0169,3.23499,71.7139,-6.2652,-3.1361,72.6299
1.49537,-0.108722,71.8114,1.72462,0.328638,71.8274,-3.65355,2.46566,66.7729,-3.72203,-2.41283,67.468
2.05139,-0.122428,76.4086,2.28733,0.314249,76.4611,-2.40857,1.94259,68.7634,-2.53556,-1.98022,69.6645
2.34105,0.0895239,78.2584,2.57027,0.0613059,78.3608,-1.56698,1.86099,68.3516,-1.69094,-1.96063,69.338
2.79497,0.12083,78.962,3.01501,0.00820259,79.103,-0.607827,1.51621,67.0941,-0.728136,-1.657,68.1473
3.38754,-0.0287824,75.4129,3.59901,0.149985,75.5515,0.434,0.923623,62.2083,0.317228,-1.0994,63.2866
3.98463,-0.0639272,79.5782,4.19214,0.171843,79.7705,1.4681,0.499805,63.8464,1.35251,-0.719183,65.0338
4.00686,0.264478,81.3043,4.21815,-0.168314,81.5025,1.81896,0.655851,63.849,1.70879,-0.907373,65.1111
4.32203,0.236835,77.6936,4.53777,-0.144015,77.8433,2.38995,0.392642,59.0063,2.2824,-0.682582,60.3056
5.29307,0.012771,79.791,5.51437,0.0932265,79.9399,3.6131,-0.366609,58.9917,3.50656,0.0274611,60.3924
5.74565,-0.0717503,77.5507,5.98248,0.183611,77.6028,4.20225,-0.703678,55.3304,4.0897,0.299442,56.8279
5.7256,0.203382,74.6131,5.98536,-0.0813832,74.4915,4.28662,-0.588154,51.4447,4.15533,0.109776,53.0762
6.70443,-0.679359,62.169,6.97972,0.828325,61.7512,5.4485,-2.19306,38.3443,5.27255,1.56636,40.1194
6.59926,-1.17806,46.6838,6.83899,1.22409,46.0063,3.8838,-1.4422,28.5544,3.85197,0.906197,29.4067
-0.0283273,-0.0107397,0.139818,-0.0285122,0.00998002,0.140248,-0.0228841,-0.0144285,0.124402,-0.0226446,0.0120621,0.123737
-0.00394248,-2.05811e-05,0.0731571,-0.00396122,-0.000101521,0.0734801,-0.00250178,-0.000375623,0.0670956,-0.00255876,0.00024955,0.0670031
-0.00127432,0.000449127,0.0548512,-0.00128697,-0.000460702,0.055103,-0.000796275,0.000325571,0.0506333,-0.000817033,-0.000181342,0.0505473
-0.000435818,0.000392833,0.0459708,-0.000440088,-0.000375934,0.0461829,-0.000278206,0.000333238,0.0424597,-0.000285518,-0.000138216,0.0424384
2.3472e-05,0.000343435,0.0410019,2.81152e-05,-0.000314304,0.0411962,-9.16222e-06,0.000308687,0.037902,-3.2281e-06,-0.000107789,0.0379769
0.000300136,0.000291044,0.0379355,0.000309336,-0.000257841,0.0381162,0.000154217,0.000267236,0.0351317,0.000166397,-7.03913e-05,0.0353005
0.000444017,0.00024633,0.0360018,0.000453561,-0.00021945,0.0361674,0.000206188,0.000216268,0.0332574,0.000221244,-4.26295e-05,0.0335108
0.000617085,0.000197932,0.0347996,0.00062877,-0.000180072,0.0349544,0.000296893,0.000163379,0.032079,0.00031577,-1.93709e-05,0.0324108
0.00069533,0.000140402,0.0339974,0.000704186,-0.000132165,0.0341344,0.000363606,0.000133704,0.0314378,0.00038568,-1.74436e-05,0.0318445
0.000641332,9.686e-05,0.0335027,0.000649633,-9.46282e-05,0.0336317,0.000300121,8.83497e-05,0.0309099,0.000319219,9.19976e-07,0.0313738
0.000544977,6.03527e-05,0.0331907,0.000551661,-5.62189e-05,0.0333157,0.000252119,6.64086e-05,0.0305846,0.00026796,3.99973e-06,0.0310964
0.00043516,2.45061e-05,0.0330096,0.000440226,-1.9755e-05,0.0331343,0.000216035,5.09264e-05,0.0304777,0.000228427,2.74666e-06,0.0310308
0.000352846,-6.96682e-06,0.0329508,0.000356667,1.28923e-05,0.0330784,0.000205636,3.59589e-05,0.0306061,0.000215625,2.33038e-06,0.0311973
0.000275038,-1.84631e-05,0.0331746,0.000277909,2.63825e-05,0.0333089,0.000145536,1.35591e-05,0.0308514,0.000151492,6.34508e-06,0.0314752
0.000216607,-2.7595e-05,0.0336959,0.000218694,3.77939e-05,0.0338402,9.46144e-05,-7.84652e-06,0.0312392,9.71746e-05,1.07511e-05,0.0318921
0.000174985,-4.62313e-05,0.034462,0.00017623,5.67588e-05,0.0346184,8.2427e-05,-2.23601e-05,0.03186,8.35052e-05,1.14728e-05,0.0325433
0.000140259,-7.91121e-05,0.0353936,0.000140456,8.75191e-05,0.0355629,0.000121474,-2.70673e-05,0.0328415,0.000123656,4.92102e-06,0.0335625
0.000110195,-8.81236e-05,0.0367619,0.000109737,9.62314e-05,0.0369474,8.38631e-05,-4.87561e-05,0.0340517,8.40613e-05,8.35629e-06,0.0348119
8.26463e-05,-0.000100295,0.0386702,8.13317e-05,0.000106633,0.0388754,4.38614e-05,-7.28601e-05,0.0355476,4.23427e-05,1.08746e-05,0.0363503
5.44096e-05,-0.000138269,0.0410776,5.15607e-05,0.000139911,0.0413044,7.54103e-05,-8.70875e-05,0.0375579,7.57637e-05,4.57259e-06,0.0384153
2.38787e-05,-0.000184446,0.0441556,1.91761e-05,0.000180913,0.0444073,0.000117835,-0.000104789,0.0402279,0.000120859,-3.66251e-06,0.0411563
1.16101e-05,-0.000220424,0.0484211,4.90331e-06,0.000212211,0.0487047,8.42956e-05,-0.000149625,0.043596,8.69701e-05,-3.32687e-07,0.0446089
-8.15098e-06,-0.000305998,0.0542146,-1.84835e-05,0.000286425,0.0545375,0.000130792,-0.000200273,0.0481055,0.000137506,-7.40381e-06,0.0492294
-8.1981e-05,-0.00046547,0.0621959,-9.90582e-05,0.000424879,0.0625671,0.000248516,-0.000266069,0.0544177,0.000263457,-2.88781e-05,0.0556952
-0.000203866,-0.000699501,0.0743665,-0.000232159,0.000623253,0.0748076,0.000203083,-0.000413214,0.0632154,0.000219614,-4.23607e-05,0.0646927
-0.000449426,-0.00128183,0.0938778,-0.000502526,0.00112413,0.0944178,0.000334998,-0.000661091,0.0766688,0.000363892,-9.1683e-05,0.0784339
-0.00133226,-0.00289634,0.128531,-0.00144917,0.00251651,0.129213,0.000727047,-0.00121561,0.0996171,0.000782068,-0.000220941,0.101821
-0.00495568,-0.00892838,0.206682,-0.00529095,0.00767308,0.207557,0.00113489,-0.002952,0.145631,0.00121428,-0.000617987,0.148467
-0.0476924,-0.0698131,0.538676,-0.0496733,0.0587868,0.537261,0.000229113,-0.0126108,0.279172,0.000243707,-0.00313361,0.281665
-20.8883,13.3219,109.927,-20.5163,-13.746,108.157,1.55563,-0.782116,5.04925,1.55329,-1.30888,5.17262
-24.7682,32.9376,190.097,-24.1727,-32.6812,188.466,-29.8929,41.8266,250.733,-28.8742,-43.38,248.543
-4.64483,1.41971,11.5898,-4.6379,-1.4881,11.5836,-1.23589,0.124535,2.5769,-1.2962,-0.174946,2.66427
-4.07173,1.69866,10.5192,-4.07483,-1.71711,10.5378,-0.206563,0.0385237,0.71907,-0.210637,-0.0418012,0.726445
-5.06472,2.26288,12.9673,-5.069,-2.32096,13.0647,-0.0558772,0.0175072,0.411114,-0.0574419,-0.0161924,0.412788
-5.85093,2.50675,12.1296,-5.85563,-2.56644,12.2865,0.00439894,0.00980856,0.354077,0.00397549,-0.00823833,0.354782
-0.681003,0.155367,75.813,-0.398953,0.0730783,75.7438,-6.01691,3.23502,71.7139,-6.2652,-3.13608,72.6299
1.49537,-0.108705,71.8115,1.72462,0.328651,71.8274,-3.65356,2.46568,66.7729,-3.72202,-2.41281,67.468
2.05138,-0.122412,76.4086,2.28733,0.314261,76.4611,-2.40857,1.94261,68.7634,-2.53556,-1.9802,69.6644
2.34104,0.0895392,78.2584,2.57027,0.061317,78.3608,-1.56699,1.86102,68.3516,-1.69094,-1.96061,69.338
2.79496,0.120845,78.962,3.01502,0.008213,79.103,-0.607833,1.51623,67.0941,-0.728136,-1.65698,68.1473
3.38754,-0.0287678,75.4129,3.59901,0.149995,75.5515,0.433994,0.923646,62.2083,0.317227,-1.09938,63.2866
3.98463,-0.0639125,79.5782,4.19214,0.171853,79.7704,1.4681,0.499829,63.8464,1.35251,-0.719168,65.0338
4.00686,0.264493,81.3043,4.21814,-0.168305,81.5025,1.81895,0.655875,63.849,1.70879,-0.907358,65.1111
4.32203,0.23685,77.6936,4.53777,-0.144006,77.8433,2.38995,0.392666,59.0063,2.2824,-0.682567,60.3056
5.29307,0.0127859,79.7911,5.51437,0.0932351,79.9399,3.61309,-0.366583,58.9918,3.50656,0.0274759,60.3924
5.74565,-0.0717355,77.5507,5.98248,0.183619,77.6028,4.20225,-0.70365,55.3305,4.0897,0.299457,56.8279
5.7256,0.203396,74.6131,5.98536,-0.0813762,74.4915,4.28662,-0.58812,51.4448,4.15533,0.109795,53.0762
6.70443,-0.679348,62.1691,6.97971,0.828326,61.7512,5.44854,-2.19308,38.3442,5.27252,1.56634,40.1195
6.59925,-1.17803,46.684,6.83902,1.22409,46.0062,3.88452,-1.44314,28.5518,3.85156,0.905601,29.4083
-0.0283273,-0.0107398,0.139818,-0.0285122,0.00998001,0.140248,-0.022884,-0.0144285,0.124402,-0.0226447,0.0120621,0.123737
-0.00394249,-2.05819e-05,0.0731572,-0.00396122,-0.000101522,0.07348,-0.00250178,-0.000375628,0.0670956,-0.00255876,0.000249549,0.0670031
-0.00127432,0.000449127,0.0548512,-0.00128697,-0.000460702,0.055103,-0.000796273,0.00032557,0.0506333,-0.000817035,-0.000181342,0.0505473
-0.000435819,0.000392833,0.0459708,-0.000440088,-0.000375933,0.0461829,-0.000278205,0.000333238,0.0424597,-0.000285519,-0.000138215,0.0424384
2.34716e-05,0.000343436,0.0410019,2.8115e-05,-0.000314303,0.0411962,-9.16164e-06,0.000308687,0.037902,-3.22893e-06,-0.000107788,0.0379769
0.000300135,0.000291044,0.0379355,0.000309335,-0.00025784,0.0381162,0.000154217,0.000267236,0.0351316,0.000166397,-7.03907e-05,0.0353005
0.000444017,0.000246331,0.0360019,0.000453561,-0.000219449,0.0361674,0.000206188,0.000216268,0.0332574,0.000221244,-4.26289e-05,0.0335108
0.000617085,0.000197932,0.0347996,0.000628769,-0.000180071,0.0349544,0.000296892,0.00016338,0.032079,0.00031577,-1.93703e-05,0.0324108
0.00069533,0.000140403,0.0339974,0.000704185,-0.000132165,0.0341344,0.000363606,0.000133705,0.0314378,0.00038568,-1.7443e-05,0.0318445
0.000641332,9.68606e-05,0.0335027,0.000649633,-9.46276e-05,0.0336317,0.00030012,8.83503e-05,0.0309099,0.000319218,9.20611e-07,0.0313738
0.000544977,6.03534e-05,0.0331907,0.000551661,-5.62182e-05,0.0333157,0.000252119,6.64093e-05,0.0305846,0.00026796,4.00037e-06,0.0310964
0.00043516,2.45068e-05,0.0330096,0.000440226,-1.97543e-05,0.0331343,0.000216034,5.09271e-05,0.0304777,0.000228427,2.74732e-06,0.0310308
0.000352845,-6.96607e-06,0.0329508,0.000356667,1.2893e-05,0.0330784,0.000205635,3.59596e-05,0.0306061,0.000215625,2.33107e-06,0.0311973
0.000275038,-1.84623e-05,0.0331746,0.000277908,2.63833e-05,0.0333088,0.000145536,1.35599e-05,0.0308514,0.000151491,6.3458e-06,0.0314752
0.000216607,-2.75942e-05,0.0336959,0.000218694,3.77948e-05,0.0338402,9.46137e-05,-7.84564e-06,0.0312392,9.71745e-05,1.07519e-05,0.0318921
0.000174985,-4.62303e-05,0.034462,0.00017623,5.67598e-05,0.0346184,8.24263e-05,-2.23591e-05,0.03186,8.35051e-05,1.14736e-05,0.0325433
0.000140259,-7.9111e-05,0.0353936,0.000140456,8.75202e-05,0.0355629,0.000121473,-2.70663e-05,0.0328415,0.000123656,4.92191e-06,0.0335625
0.000110195,-8.81224e-05,0.0367619,0.000109737,9.62326e-05,0.0369474,8.38623e-05,-4.87549e-05,0.0340517,8.40612e-05,8.35726e-06,0.0348119
8.2646e-05,-0.000100293,0.0386702,8.13312e-05,0.000106634,0.0388754,4.38605e-05,-7.28588e-05,0.0355476,4.23426e-05,1.08757e-05,0.0363503
5.44093e-05,-0.000138267,0.0410776,5.15602e-05,0.000139913,0.0413044,7.54092e-05,-8.7086e-05,0.0375579,7.57636e-05,4.57381e-06,0.0384153
2.38783e-05,-0.000184444,0.0441556,1.91755e-05,0.000180915,0.0444073,0.000117834,-0.000104787,0.0402279,0.000120859,-3.66109e-06,0.0411563
1.16096e-05,-0.000220422,0.0484211,4.90256e-06,0.000212214,0.0487047,8.42942e-05,-0.000149623,0.043596,8.697e-05,-3.31012e-07,0.0446089
-8.15151e-06,-0.000305995,0.0542146,-1.84844e-05,0.000286428,0.0545375,0.00013079,-0.000200271,0.0481055,0.000137506,-7.40177e-06,0.0492294
-8.19816e-05,-0.000465466,0.0621959,-9.90594e-05,0.000424883,0.0625671,0.000248514,-0.000266066,0.0544177,0.000263457,-2.88755e-05,0.0556952
-0.000203867,-0.000699495,0.0743665,-0.000232161,0.000623259,0.0748076,0.000203081,-0.000413209,0.0632154,0.000219614,-4.23572e-05,0.0646927
-0.000449427,-0.00128182,0.0938778,-0.000502529,0.00112414,0.0944178,0.000334994,-0.000661083,0.0766688,0.000363892,-9.1678e-05,0.0784339
-0.00133226,-0.00289632,0.128531,-0.00144918,0.00251653,0.129213,0.000727041,-0.0012156,0.0996171,0.000782068,-0.000220933,0.101821
-0.00495569,-0.00892833,0.206682,-0.00529096,0.00767314,0.207557,0.00113487,-0.00295197,0.145631,0.00121428,-0.00061797,0.148467
-0.0476924,-0.0698128,0.538676,-0.0496735,0.0587872,0.537262,0.000229081,-0.0126107,0.279172,0.000243714,-0.00313355,0.281665
-20.8883,13.322,109.927,-20.5163,-13.7459,108.157,1.55563,-0.782102,5.04926,1.55329,-1.30887,5.17263
-24.7682,32.9376,190.097,-24.1727,-32.6812,188.466,-29.8929,41.8267,250.733,-28.8743,-43.38,248.543
-4.64483,1.41972,11.5898,-4.6379,-1.4881,11.5837,-1.23589,0.124535,2.57689,-1.29619,-0.174945,2.66426
-4.07174,1.69866,10.5192,-4.07483,-1.71711,10.5378,-0.206562,0.0385237,0.719069,-0.210637,-0.0418011,0.726444
-5.06473,2.26288,12.9673,-5.069,-2.32096,13.0647,-0.0558772,0.0175072,0.411113,-0.0574419,-0.0161923,0.412788
-5.85093,2.50676,12.1296,-5.85563,-2.56644,12.2864,0.00439892,0.00980858,0.354077,0.00397549,-0.00823828,0.354781
-0.681006,0.155376,75.813,-0.398951,0.0730855,75.7438,-6.01692,3.23504,71.7139,-6.26519,-3.13607,72.6299
1.49536,-0.108697,71.8115,1.72462,0.328658,71.8274,-3.65356,2.4657,66.7729,-3.72202,-2.4128,67.468
2.05138,-0.122404,76.4086,2.28734,0.314267,76.4611,-2.40858,1.94263,68.7634,-2.53556,-1.98019,69.6644
2.34104,0.0895469,78.2584,2.57028,0.0613225,78.3608,-1.56699,1.86103,68.3517,-1.69094,-1.96061,69.338
2.79496,0.120852,78.962,3.01502,0.00821821,79.103,-0.607836,1.51624,67.0941,-0.728136,-1.65698,68.1473
3.38753,-0.0287605,75.4129,3.59901,0.15,75.5515,0.433991,0.923657,62.2083,0.317227,-1.09937,63.2866
3.98463,-0.0639052,79.5782,4.19213,0.171857,79.7704,1.4681,0.49984,63.8464,1.35251,-0.719161,65.0338
4.00686,0.264501,81.3043,4.21814,-0.1683,81.5025,1.81895,0.655887,63.849,1.70879,-0.90735,65.1111
4.32202,0.236857,77.6936,4.53776,-0.144001,77.8433,2.38995,0.392679,59.0063,2.2824,-0.68256,60.3056
5.29307,0.0127934,79.7911,5.51436,0.0932394,79.9399,3.61309,-0.36657,58.9918,3.50656,0.0274838,60.3924
5.74565,-0.0717282,77.5507,5.98248,0.183623,77.6028,4.20225,-0.703636,55.3305,4.08969,0.299465,56.8279
5.7256,0.203403,74.6131,5.98536,-0.0813729,74.4915,4.28661,-0.588102,51.4448,4.15532,0.109804,53.0762
6.70443,-0.679343,62.1691,6.97971,0.828327,61.7512,5.44856,-2.1931,38.3442,5.27251,1.56633,40.1196
6.59924,-1.17802,46.6841,6.83903,1.22408,46.0062,3.88488,-1.4436,28.5505,3.85135,0.905303,29.4091
-0.0283273,-0.0107398,0.139818,-0.0285122,0.00998,0.140248,-0.022884,-0.0144285,0.124402,-0.0226447,0.0120621,0.123737
-0.00394249,-2.05823e-05,0.0731572,-0.00396122,-0.000101522,0.07348,-0.00250177,-0.00037563,0.0670956,-0.00255876,0.000249548,0.0670031
-0.00127432,0.000449127,0.0548512,-0.00128697,-0.000460702,0.055103,-0.000796271,0.000325569,0.0506333,-0.000817036,-0.000181342,0.0505473
-0.000435819,0.000392833,0.0459708,-0.000440088,-0.000375933,0.0461829,-0.000278205,0.000333237,0.0424597,-0.00028552,-0.000138215,0.0424384
2.34714e-05,0.000343436,0.0410019,2.81149e-05,-0.000314303,0.0411962,-9.16135e-06,0.000308687,0.037902,-3.22935e-06,-0.000107788,0.0379769
0.000300135,0.000291045,0.0379355,0.000309335,-0.00025784,0.0381162,0.000154218,0.000267236,0.0351316,0.000166396,-7.03904e-05,0.0353005
0.000444017,0.000246331,0.0360019,0.000453561,-0.000219449,0.0361674,0.000206188,0.000216268,0.0332574,0.000221243,-4.26286e-05,0.0335108
0.000617085,0.000197933,0.0347996,0.000628769,-0.000180071,0.0349544,0.000296892,0.00016338,0.032079,0.00031577,-1.937e-05,0.0324108
0.00069533,0.000140403,0.0339974,0.000704185,-0.000132165,0.0341344,0.000363606,0.000133705,0.0314378,0.00038568,-1.74427e-05,0.0318445
0.000641332,9.6861e-05,0.0335027,0.000649633,-9.46273e-05,0.0336317,0.00030012,8.83506e-05,0.0309099,0.000319218,9.20929e-07,0.0313738
0.000544977,6.03537e-05,0.0331907,0.000551661,-5.62179e-05,0.0333157,0.000252119,6.64096e-05,0.0305846,0.00026796,4.00069e-06,0.0310964
0.00043516,2.45072e-05,0.0330096,0.000440226,-1.97539e-05,0.0331343,0.000216034,5.09274e-05,0.0304777,0.000228427,2.74765e-06,0.0310308
0.000352845,-6.96569e-06,0.0329508,0.000356666,1.28934e-05,0.0330784,0.000205635,3.596e-05,0.0306061,0.000215625,2.33141e-06,0.0311973
0.000275038,-1.84619e-05,0.0331746,0.000277908,2.63837e-05,0.0333088,0.000145535,1.35603e-05,0.0308514,0.000151491,6.34616e-06,0.0314752
0.000216607,-2.75937e-05,0.0336959,0.000218694,3.77952e-05,0.0338402,9.46134e-05,-7.8452e-06,0.0312392,9.71744e-05,1.07522e-05,0.0318921
0.000174985,-4.62298e-05,0.034462,0.000176229,5.67603e-05,0.0346184,8.2426e-05,-2.23587e-05,0.03186,8.3505e-05,1.1474e-05,0.0325433
0.000140259,-7.91105e-05,0.0353936,0.000140455,8.75207e-05,0.0355629,0.000121472,-2.70658e-05,0.0328415,0.000123656,4.92235e-06,0.0335625
0.000110195,-8.81218e-05,0.0367619,0.000109736,9.62332e-05,0.0369474,8.38618e-05,-4.87543e-05,0.0340517,8.40611e-05,8.35774e-06,0.0348119
8.26458e-05,-0.000100293,0.0386702,8.1331e-05,0.000106635,0.0388754,4.386e-05,-7.28582e-05,0.0355476,4.23426e-05,1.08762e-05,0.0363503
5.44091e-05,-0.000138267,0.0410776,5.15599e-05,0.000139914,0.0413044,7.54087e-05,-8.70853e-05,0.0375579,7.57636e-05,4.57442e-06,0.0384153
2.38781e-05,-0.000184443,0.0441556,1.91752e-05,0.000180916,0.0444073,0.000117833,-0.000104786,0.0402279,0.000120859,-3.66038e-06,0.0411563
1.16094e-05,-0.000220421,0.0484211,4.90219e-06,0.000212215,0.0487047,8.42936e-05,-0.000149622,0.043596,8.69699e-05,-3.30174e-07,0.0446089
-8.15178e-06,-0.000305993,0.0542146,-1.84849e-05,0.000286429,0.0545375,0.000130789,-0.000200269,0.0481055,0.000137506,-7.40074e-06,0.0492294
-8.1982e-05,-0.000465464,0.0621959,-9.906e-05,0.000424885,0.0625671,0.000248513,-0.000266064,0.0544177,0.000263457,-2.88742e-05,0.0556952
-0.000203867,-0.000699492,0.0743665,-0.000232161,0.000623262,0.0748076,0.000203079,-0.000413207,0.0632154,0.000219614,-4.23554e-05,0.0646927
-0.000449428,-0.00128181,0.0938778,-0.00050253,0.00112415,0.0944178,0.000334993,-0.00066108,0.0766688,0.000363892,-9.16754e-05,0.0784339
-0.00133226,-0.00289631,0.128531,-0.00144918,0.00251654,0.129213,0.000727038,-0.00121559,0.0996171,0.000782068,-0.000220929,0.101821
-0.00495569,-0.0089283,0.206682,-0.00529096,0.00767317,0.207557,0.00113487,-0.00295196,0.145631,0.00121428,-0.000617961,0.148467
-0.0476925,-0.0698127,0.538676,-0.0496735,0.0587875,0.537262,0.000229065,-0.0126107,0.279172,0.000243718,-0.00313352,0.281665
-20.8883,13.322,109.927,-20.5163,-13.7459,108.157,1.55563,-0.782096,5.04926,1.5533,-1.30887,5.17264
-24.7682,32.9376,190.097,-24.1727,-32.6811,188.466,-29.8929,41.8267,250.733,-28.8743,-43.38,248.543
-4.64483,1.41972,11.5898,-4.6379,-1.4881,11.5837,-1.23588,0.124535,2.57689,-1.29619,-0.174945,2.66426
-4.07174,1.69866,10.5192,-4.07483,-1.71711,10.5378,-0.206562,0.0385236,0.719069,-0.210637,-0.041801,0.726444
-5.06473,2.26288,12.9673,-5.06901,-2.32097,13.0647,-0.0558771,0.0175072,0.411113,-0.0574418,-0.0161923,0.412787
-5.85093,2.50676,12.1295,-5.85563,-2.56643,12.2864,0.00439891,0.00980859,0.354077,0.00397548,-0.00823825,0.354781
-0.681008,0.155381,75.8131,-0.398951,0.0730891,75.7438,-6.01692,3.23504,71.7139,-6.26519,-3.13606,72.6299
1.49536,-0.108693,71.8115,1.72462,0.328661,71.8274,-3.65356,2.4657,66.7729,-3.72202,-2.41279,67.468
2.05138,-0.1224,76.4087,2.28734,0.31427,76.4611,-2.40858,1.94263,68.7634,-2.53556,-1.98019,69.6644
2.34104,0.0895507,78.2584,2.57028,0.0613252,78.3608,-1.567,1.86103,68.3517,-1.69094,-1.9606,69.338
2.79496,0.120856,78.962,3.01502,0.00822081,79.103,-0.607838,1.51625,67.0941,-0.728136,-1.65697,68.1473
3.38753,-0.0287568,75.413,3.59901,0.150002,75.5515,0.43399,0.923663,62.2083,0.317227,-1.09937,63.2866
3.98463,-0.0639015,79.5782,4.19213,0.17186,79.7704,1.4681,0.499846,63.8464,1.35251,-0.719157,65.0338
4.00686,0.264504,81.3043,4.21814,-0.168298,81.5025,1.81895,0.655893,63.849,1.70879,-0.907346,65.1111
4.32202,0.236861,77.6936,4.53776,-0.143999,77.8433,2.38994,0.392686,59.0063,2.28239,-0.682558,60.3056
5.29307,0.0127971,79.7911,5.51436,0.0932416,79.9399,3.61309,-0.366563,58.9918,3.50656,0.0274871,60.3924
5.74565,-0.0717245,77.5507,5.98247,0.183625,77.6028,4.20225,-0.703629,55.3305,4.08969,0.299469,56.8279
5.7256,0.203406,74.6131,5.98535,-0.0813713,74.4915,4.28661,-0.588094,51.4448,4.15532,0.109809,53.0762
6.70443,-0.67934,62.1691,6.97971,0.828328,61.7512,5.44858,-2.19311,38.3441,5.2725,1.56632,40.1196
6.59924,-1.17802,46.6841,6.83903,1.22408,46.0062,3.88506,-1.44384,28.5499,3.85125,0.905154,29.4095
-0.0283273,-0.0107398,0.139818,-0.0285122,0.00998,0.140248,-0.022884,-0.0144285,0.124402,-0.0226447,0.0120621,0.123737
-0.00394249,-2.05825e-05,0.0731572,-0.00396122,-0.000101523,0.07348,-0.00250177,-0.000375631,0.0670956,-0.00255877,0.000249548,0.0670031
-0.00127432,0.000449127,0.0548512,-0.00128697,-0.000460702,0.055103,-0.000796271,0.000325569,0.0506332,-0.000817037,-0.000181342,0.0505473
-0.000435819,0.000392833,0.0459708,-0.000440088,-0.000375933,0.0461829,-0.000278204,0.000333237,0.0424597,-0.00028552,-0.000138215,0.0424384
2.34713e-05,0.000343436,0.0410019,2.81149e-05,-0.000314303,0.0411962,-9.1612e-06,0.000308687,0.037902,-3.22956e-06,-0.000107788,0.0379769
0.000300135,0.000291045,0.0379355,0.000309335,-0.00025784,0.0381162,0.000154218,0.000267236,0.0351316,0.000166396,-7.03902e-05,0.0353005
0.000444016,0.000246331,0.0360019,0.00045356,-0.000219449,0.0361674,0.000206188,0.000216269,0.0332574,0.000221243,-4.26285e-05,0.0335108
0.000617085,0.000197933,0.0347996,0.000628769,-0.000180071,0.0349544,0.000296892,0.00016338,0.032079,0.00031577,-1.93698e-05,0.0324108
0.00069533,0.000140403,0.0339974,0.000704185,-0.000132164,0.0341344,0.000363606,0.000133705,0.0314378,0.00038568,-1.74425e-05,0.0318445
0.000641332,9.68611e-05,0.0335027,0.000649633,-9.46271e-05,0.0336317,0.00030012,8.83507e-05,0.0309099,0.000319218,9.21088e-07,0.0313738
0.000544977,6.03539e-05,0.0331907,0.00055166,-5.62177e-05,0.0333157,0.000252118,6.64098e-05,0.0305845,0.00026796,4.00085e-06,0.0310964
0.00043516,2.45073e-05,0.0330096,0.000440226,-1.97537e-05,0.0331343,0.000216034,5.09276e-05,0.0304777,0.000228427,2.74781e-06,0.0310308
0.000352845,-6.9655e-06,0.0329508,0.000356666,1.28936e-05,0.0330784,0.000205635,3.59602e-05,0.0306061,0.000215625,2.33159e-06,0.0311973
0.000275038,-1.84617e-05,0.0331746,0.000277908,2.63839e-05,0.0333088,0.000145535,1.35605e-05,0.0308514,0.000151491,6.34634e-06,0.0314752
0.000216607,-2.75935e-05,0.0336959,0.000218694,3.77954e-05,0.0338402,9.46133e-05,-7.84498e-06,0.0312392,9.71744e-05,1.07524e-05,0.0318921
0.000174985,-4.62296e-05,0.034462,0.000176229,5.67605e-05,0.0346184,8.24258e-05,-2.23584e-05,0.03186,8.3505e-05,1.14742e-05,0.0325433
0.000140259,-7.91102e-05,0.0353936,0.000140455,8.7521e-05,0.0355629,0.000121472,-2.70655e-05,0.0328415,0.000123656,4.92257e-06,0.0335625
0.000110195,-8.81215e-05,0.0367619,0.000109736,9.62335e-05,0.0369474,8.38616e-05,-4.87541e-05,0.0340517,8.40611e-05,8.35799e-06,0.0348119
8.26457e-05,-0.000100292,0.0386702,8.13309e-05,0.000106635,0.0388754,4.38598e-05,-7.28578e-05,0.0355476,4.23426e-05,1.08765e-05,0.0363503
5.4409e-05,-0.000138266,0.0410776,5.15598e-05,0.000139914,0.0413044,7.54085e-05,-8.70849e-05,0.0375579,7.57635e-05,4.57472e-06,0.0384153
2.3878e-05,-0.000184443,0.0441556,1.91751e-05,0.000180916,0.0444073,0.000117833,-0.000104786,0.0402279,0.000120859,-3.66002e-06,0.0411563
1.16093e-05,-0.00022042,0.0484211,4.902e-06,0.000212215,0.0487047,8.42932e-05,-0.000149621,0.043596,8.69699e-05,-3.29755e-07,0.0446089
-8.15191e-06,-0.000305993,0.0542146,-1.84851e-05,0.00028643,0.0545375,0.000130789,-0.000200269,0.0481055,0.000137506,-7.40023e-06,0.0492294
-8.19821e-05,-0.000465463,0.0621959,-9.90603e-05,0.000424886,0.0625671,0.000248513,-0.000266063,0.0544177,0.000263457,-2.88735e-05,0.0556952
-0.000203867,-0.00069949,0.0743665,-0.000232162,0.000623264,0.0748076,0.000203079,-0.000413206,0.0632154,0.000219614,-4.23546e-05,0.0646927
-0.000449428,-0.00128181,0.0938778,-0.000502531,0.00112415,0.0944178,0.000334992,-0.000661078,0.0766688,0.000363892,-9.16742e-05,0.0784339
-0.00133226,-0.00289631,0.128531,-0.00144918,0.00251654,0.129213,0.000727037,-0.00121559,0.0996171,0.000782068,-0.000220926,0.101821
-0.00495569,-0.00892829,0.206682,-0.00529097,0.00767318,0.207557,0.00113487,-0.00295195,0.145631,0.00121428,-0.000617957,0.148467
-0.0476925,-0.0698126,0.538676,-0.0496736,0.0587876,0.537262,0.000229057,-0.0126106,0.279172,0.00024372,-0.0031335,0.281665
-20.8883,13.322,109.927,-20.5163,-13.7459,108.157,1.55563,-0.782092,5.04926,1.5533,-1.30887,5.17264
-24.7681,32.9376,190.097,-24.1727,-32.6811,188.466,-29.8929,41.8267,250.733,-28.8743,-43.38,248.543
-4.64484,1.41972,11.5898,-4.6379,-1.4881,11.5837,-1.23588,0.124535,2.57689,-1.29619,-0.174944,2.66426
-4.07174,1.69866,10.5192,-4.07483,-1.71711,10.5378,-0.206562,0.0385236,0.719068,-0.210637,-0.0418009,0.726443
-5.06473,2.26288,12.9673,-5.06901,-2.32097,13.0647,-0.0558771,0.0175072,0.411113,-0.0574418,-0.0161923,0.412787
-5.85094,2.50676,12.1295,-5.85563,-2.56643,12.2864,0.00439891,0.0098086,0.354077,0.00397548,-0.00823824,0.354781
-0.681008,0.155383,75.8131,-0.39895,0.0730909,75.7438,-6.01692,3.23505,71.7139,-6.26519,-3.13606,72.6299
1.49536,-0.108691,71.8115,1.72462,0.328662,71.8274,-3.65356,2.46571,66.7729,-3.72202,-2.41279,67.468
2.05138,-0.122398,76.4087,2.28734,0.314272,76.4611,-2.40858,1.94264,68.7634,-2.53556,-1.98018,69.6644
2.34104,0.0895526,78.2584,2.57028,0.0613266,78.3608,-1.567,1.86104,68.3517,-1.69094,-1.9606,69.338
2.79496,0.120858,78.962,3.01502,0.00822212,79.103,-0.607839,1.51625,67.0941,-0.728136,-1.65697,68.1473
3.38753,-0.028755,75.413,3.59901,0.150004,75.5515,0.433989,0.923665,62.2083,0.317226,-1.09937,63.2866
3.98462,-0.063899,79.5782,4.19213,0.17186,79.7705,1.46809,0.499849,63.8464,1.35251,-0.719155,65.0338
4.00686,0.264506,81.3043,4.21814,-0.168296,81.5025,1.81895,0.655896,63.849,1.70879,-0.907345,65.1111
4.32202,0.236863,77.6936,4.53776,-0.143998,77.8433,2.38994,0.392688,59.0063,2.2824,-0.682555,60.3056
5.29307,0.012799,79.7911,5.51436,0.0932426,79.9399,3.61309,-0.36656,58.9918,3.50656,0.0274893,60.3924
5.74565,-0.0717226,77.5507,5.98247,0.183626,77.6028,4.20224,-0.703626,55.3305,4.08969,0.299471,56.8279
5.7256,0.203408,74.6131,5.98535,-0.0813704,74.4915,4.28661,-0.588089,51.4448,4.15532,0.109811,53.0762
6.70443,-0.679339,62.1691,6.97971,0.828328,61.7512,5.44858,-2.19311,38.3441,5.2725,1.56632,40.1196
6.59923,-1.17801,46.6841,6.83904,1.22408,46.0061,3.88515,-1.44396,28.5495,3.8512,0.905079,29.4097
-0.0283273,-0.0107398,0.139818,-0.0285122,0.00998,0.140248,-0.022884,-0.0144285,0.124402,-0.0226447,0.0120621,0.123737
-0.00394249,-2.05826e-05,0.0731572,-0.00396122,-0.000101523,0.07348,-0.00250177,-0.000375632,0.0670956,-0.00255877,0.000249548,0.0670031
-0.00127432,0.000449127,0.0548512,-0.00128697,-0.000460702,0.055103,-0.00079627,0.000325568,0.0506332,-0.000817037,-0.000181342,0.0505473
-0.000435819,0.000392833,0.0459708,-0.000440088,-0.000375933,0.0461829,-0.000278204,0.000333237,0.0424597,-0.000285521,-0.000138215,0.0424384
2.34712e-05,0.000343436,0.0410019,2.81148e-05,-0.000314303,0.0411962,-9.16113e-06,0.000308687,0.037902,-3.22966e-06,-0.000107788,0.0379769
0.000300135,0.000291045,0.0379355,0.000309335,-0.00025784,0.0381162,0.000154218,0.000267236,0.0351316,0.000166396,-7.03902e-05,0.0353005
0.000444016,0.000246331,0.0360019,0.00045356,-0.000219449,0.0361674,0.000206188,0.000216269,0.0332574,0.000221243,-4.26284e-05,0.0335108
0.000617085,0.000197933,0.0347996,0.000628769,-0.000180071,0.0349544,0.000296892,0.00016338,0.032079,0.00031577,-1.93698e-05,0.0324108
0.00069533,0.000140403,0.0339974,0.000704185,-0.000132164,0.0341344,0.000363606,0.000133705,0.0314378,0.00038568,-1.74424e-05,0.0318445
0.000641332,9.68612e-05,0.0335027,0.000649633,-9.4627e-05,0.0336317,0.00030012,8.83508e-05,0.0309099,0.000319218,9.21167e-07,0.0313738
0.000544977,6.0354e-05,0.0331907,0.00055166,-5.62176e-05,0.0333157,0.000252118,6.64099e-05,0.0305845,0.00026796,4.00094e-06,0.0310964
0.00043516,2.45074e-05,0.0330096,0.000440226,-1.97536e-05,0.0331343,0.000216034,5.09277e-05,0.0304777,0.000228427,2.74789e-06,0.0310308
0.000352845,-6.96541e-06,0.0329508,0.000356666,1.28937e-05,0.0330784,0.000205635,3.59603e-05,0.0306061,0.000215625,2.33167e-06,0.0311973
0.000275038,-1.84616e-05,0.0331746,0.000277908,2.6384e-05,0.0333088,0.000145535,1.35606e-05,0.0308514,0.000151491,6.34643e-06,0.0314752
0.000216607,-2.75934e-05,0.0336959,0.000218694,3.77955e-05,0.0338402,9.46132e-05,-7.84487e-06,0.0312392,9.71744e-05,1.07525e-05,0.0318921
0.000174985,-4.62295e-05,0.034462,0.000176229,5.67606e-05,0.0346184,8.24257e-05,-2.23583e-05,0.03186,8.3505e-05,1.14743e-05,0.0325433
0.000140259,-7.91101e-05,0.0353936,0.000140455,8.75211e-05,0.0355629,0.000121472,-2.70654e-05,0.0328415,0.000123656,4.92268e-06,0.0335625
0.000110195,-8.81213e-05,0.0367619,0.000109736,9.62336e-05,0.0369474,8.38615e-05,-4.87539e-05,0.0340517,8.40611e-05,8.35811e-06,0.0348119
8.26457e-05,-0.000100292,0.0386702,8.13308e-05,0.000106635,0.0388754,4.38597e-05,-7.28577e-05,0.0355476,4.23426e-05,1.08766e-05,0.0363503
5.4409e-05,-0.000138266,0.0410776,5.15597e-05,0.000139914,0.0413044,7.54084e-05,-8.70847e-05,0.0375579,7.57635e-05,4.57488e-06,0.0384153
2.3878e-05,-0.000184443,0.0441556,1.9175e-05,0.000180916,0.0444073,0.000117833,-0.000104786,0.0402279,0.000120859,-3.65985e-06,0.0411563
1.16092e-05,-0.00022042,0.0484211,4.90191e-06,0.000212216,0.0487047,8.42931e-05,-0.000149621,0.043596,8.69699e-05,-3.29546e-07,0.0446089
-8.15198e-06,-0.000305992,0.0542146,-1.84853e-05,0.000286431,0.0545375,0.000130789,-0.000200268,0.0481055,0.000137506,-7.39997e-06,0.0492294
-8.19822e-05,-0.000465463,0.0621959,-9.90605e-05,0.000424887,0.0625671,0.000248513,-0.000266063,0.0544177,0.000263457,-2.88732e-05,0.0556952
-0.000203867,-0.000699489,0.0743665,-0.000232162,0.000623265,0.0748076,0.000203078,-0.000413205,0.0632154,0.000219614,-4.23541e-05,0.0646927
-0.000449428,-0.00128181,0.0938778,-0.000502531,0.00112415,0.0944178,0.000334991,-0.000661077,0.0766688,0.000363892,-9.16735e-05,0.0784339
-0.00133226,-0.0028963,0.128531,-0.00144918,0.00251655,0.129213,0.000727036,-0.00121558,0.0996171,0.000782068,-0.000220925,0.101821
-0.00495569,-0.00892828,0.206682,-0.00529097,0.00767319,0.207557,0.00113487,-0.00295195,0.145631,0.00121428,-0.000617955,0.148467
-0.0476925,-0.0698125,0.538676,-0.0496736,0.0587876,0.537262,0.000229053,-0.0126106,0.279172,0.000243721,-0.0031335,0.281665
-20.8883,13.322,109.927,-20.5163,-13.7459,108.157,1.55563,-0.782091,5.04926,1.5533,-1.30887,5.17264
-24.7681,32.9376,190.097,-24.1727,-32.6811,188.466,-29.8929,41.8267,250.733,-28.8742,-43.38,248.543
-4.64484,1.41972,11.5898,-4.6379,-1.4881,11.5837,-1.23588,0.124535,2.57689,-1.29619,-0.174944,2.66426
-4.07174,1.69866,10.5192,-4.07483,-1.71711,10.5378,-0.206562,0.0385236,0.719068,-0.210636,-0.0418009,0.726443
-5.06473,2.26288,12.9673,-5.06901,-2.32097,13.0647,-0.0558771,0.0175072,0.411113,-0.0574418,-0.0161923,0.412787
-5.85094,2.50676,12.1295,-5.85564,-2.56644,12.2864,0.0043989,0.0098086,0.354077,0.00397548,-0.00823823,0.354781
-0.681009,0.155384,75.8131,-0.39895,0.0730918,75.7438,-6.01692,3.23505,71.714,-6.26519,-3.13606,72.6299
1.49536,-0.10869,71.8115,1.72462,0.328663,71.8274,-3.65356,2.46571,66.7729,-3.72202,-2.41279,67.468
2.05138,-0.122397,76.4087,2.28734,0.314273,76.4611,-2.40858,1.94264,68.7634,-2.53556,-1.98018,69.6644
2.34104,0.0895536,78.2584,2.57028,0.0613274,78.3608,-1.567,1.86104,68.3517,-1.69094,-1.9606,69.338
2.79496,0.120859,78.962,3.01502,0.00822277,79.103,-0.607839,1.51625,67.0941,-0.728136,-1.65697,68.1473
3.38753,-0.0287541,75.413,3.59901,0.150004,75.5515,0.433988,0.923667,62.2083,0.317226,-1.09937,63.2866
3.98463,-0.0638987,79.5782,4.19213,0.171862,79.7704,1.46809,0.499851,63.8465,1.35251,-0.719154,65.0338
4.00686,0.264507,81.3043,4.21814,-0.168296,81.5025,1.81895,0.655897,63.849,1.70879,-0.907344,65.1111
4.32202,0.236864,77.6936,4.53776,-0.143997,77.8433,2.38994,0.39269,59.0063,2.2824,-0.682554,60.3056
5.29307,0.0127999,79.7911,5.51436,0.0932432,79.9399,3.61309,-0.366559,58.9918,3.50656,0.0274903,60.3924
5.74565,-0.0717217,77.5507,5.98247,0.183627,77.6028,4.20224,-0.703624,55.3305,4.08969,0.299472,56.8279
5.7256,0.203409,74.6131,5.98535,-0.08137,74.4915,4.28661,-0.588087,51.4448,4.15532,0.109812,53.0762
6.70443,-0.679338,62.1691,6.97971,0.828328,61.7512,5.44858,-2.19311,38.3441,5.2725,1.56632,40.1196
6.59923,-1.17801,46.6841,6.83904,1.22408,46.0061,3.8852,-1.44402,28.5494,3.85117,0.905042,29.4098
-0.0283273,-0.0107398,0.139818,-0.0285122,0.00998,0.140248,-0.022884,-0.0144285,0.124402,-0.0226447,0.0120621,0.123737
-0.00394249,-2.05826e-05,0.0731572,-0.00396122,-0.000101523,0.07348,-0.00250177,-0.000375632,0.0670956,-0.00255877,0.000249548,0.0670031
-0.00127432,0.000449127,0.0548512,-0.00128697,-0.000460702,0.055103,-0.00079627,0.000325568,0.0506332,-0.000817037,-0.000181342,0.0505473
-0.00043582,0.000392833,0.0459708,-0.000440088,-0.000375933,0.0461829,-0.000278204,0.000333237,0.0424597,-0.000285521,-0.000138215,0.0424384
2.34712e-05,0.000343436,0.0410019,2.81148e-05,-0.000314303,0.0411962,-9.16109e-06,0.000308687,0.037902,-3.22971e-06,-0.000107788,0.0379769
0.000300135,0.000291045,0.0379355,0.000309335,-0.00025784,0.0381162,0.000154218,0.000267236,0.0351316,0.000166396,-7.03901e-05,0.0353005
0.000444016,0.000246331,0.0360019,0.00045356,-0.000219449,0.0361674,0.000206188,0.000216269,0.0332574,0.000221243,-4.26284e-05,0.0335108
0.000617085,0.000197933,0.0347996,0.000628769,-0.000180071,0.0349544,0.000296892,0.00016338,0.032079,0.00031577,-1.93697e-05,0.0324108
0.00069533,0.000140403,0.0339974,0.000704185,-0.000132164,0.0341344,0.000363606,0.000133705,0.0314378,0.00038568,-1.74424e-05,0.0318445
0.000641332,9.68612e-05,0.0335027,0.000649633,-9.4627e-05,0.0336317,0.00030012,8.83508e-05,0.0309099,0.000319218,9.21207e-07,0.0313738
0.000544977,6.0354e-05,0.0331907,0.00055166,-5.62176e-05,0.0333157,0.000252118,6.64099e-05,0.0305845,0.00026796,4.00098e-06,0.0310964
0.00043516,2.45075e-05,0.0330096,0.000440226,-1.97536e-05,0.0331343,0.000216034,5.09277e-05,0.0304777,0.000228427,2.74794e-06,0.0310308
0.000352845,-6.96537e-06,0.0329508,0.000356666,1.28938e-05,0.0330784,0.000205635,3.59603e-05,0.0306061,0.000215625,2.33172e-06,0.0311973
0.000275038,-1.84615e-05,0.0331746,0.000277908,2.63841e-05,0.0333088,0.000145535,1.35607e-05,0.0308514,0.000151491,6.34647e-06,0.0314752
0.000216607,-2.75933e-05,0.0336959,0.000218694,3.77956e-05,0.0338402,9.46131e-05,-7.84482e-06,0.0312392,9.71743e-05,1.07526e-05,0.0318921
0.000174985,-4.62294e-05,0.034462,0.000176229,5.67607e-05,0.0346184,8.24257e-05,-2.23582e-05,0.03186,8.3505e-05,1.14743e-05,0.0325433
0.000140259,-7.911e-05,0.0353936,0.000140455,8.75212e-05,0.0355629,0.000121472,-2.70653e-05,0.0328415,0.000123656,4.92274e-06,0.0335625
0.000110194,-8.81213e-05,0.0367619,0.000109736,9.62337e-05,0.0369474,8.38615e-05,-4.87538e-05,0.0340517,8.40611e-05,8.35817e-06,0.0348119
8.26457e-05,-0.000100292,0.0386702,8.13308e-05,0.000106635,0.0388754,4.38596e-05,-7.28576e-05,0.0355476,4.23425e-05,1.08767e-05,0.0363503
5.4409e-05,-0.000138266,0.0410776,5.15597e-05,0.000139914,0.0413044,7.54083e-05,-8.70846e-05,0.0375579,7.57635e-05,4.57495e-06,0.0384153
2.38779e-05,-0.000184442,0.0441556,1.91749e-05,0.000180916,0.0444073,0.000117833,-0.000104785,0.0402279,0.000120859,-3.65976e-06,0.0411563
1.16092e-05,-0.00022042,0.0484211,4.90186e-06,0.000212216,0.0487047,8.4293e-05,-0.000149621,0.043596,8.69699e-05,-3.29447e-07,0.0446089
-8.15202e-06,-0.000305992,0.0542146,-1.84853e-05,0.000286431,0.0545375,0.000130788,-0.000200268,0.0481055,0.000137506,-7.39985e-06,0.0492294
-8.19822e-05,-0.000465462,0.0621959,-9.90606e-05,0.000424887,0.0625671,0.000248512,-0.000266063,0.0544177,0.000263457,-2.88731e-05,0.0556952
-0.000203868,-0.000699489,0.0743665,-0.000232162,0.000623265,0.0748076,0.000203078,-0.000413205,0.0632154,0.000219614,-4.23539e-05,0.0646927
-0.000449428,-0.00128181,0.0938778,-0.000502531,0.00112415,0.0944178,0.000334991,-0.000661077,0.0766688,0.000363892,-9.16732e-05,0.0784339
-0.00133226,-0.0028963,0.128531,-0.00144918,0.00251655,0.129213,0.000727036,-0.00121558,0.0996171,0.000782068,-0.000220925,0.101821
-0.00495569,-0.00892828,0.206682,-0.00529097,0.00767319,0.207557,0.00113486,-0.00295195,0.145631,0.00121428,-0.000617954,0.148467
-0.0476925,-0.0698125,0.538676,-0.0496736,0.0587877,0.537262,0.000229051,-0.0126106,0.279172,0.000243721,-0.00313349,0.281665
-20.8883,13.322,109.927,-20.5163,-13.7459,108.157,1.55563,-0.78209,5.04926,1.5533,-1.30887,5.17265
-24.7681,32.9376,190.097,-24.1727,-32.6811,188.466,-29.8929,41.8267,250.733,-28.8743,-43.38,248.543
-4.64484,1.41972,11.5898,-4.6379,-1.4881,11.5837,-1.23588,0.124535,2.57688,-1.29619,-0.174944,2.66425
-4.07174,1.69866,10.5192,-4.07483,-1.71711,10.5378,-0.206562,0.0385236,0.719068,-0.210636,-0.0418009,0.726443
-5.06473,2.26288,12.9673,-5.06901,-2.32097,13.0647,-0.0558771,0.0175072,0.411113,-0.0574418,-0.0161923,0.412787
-5.85094,2.50676,12.1295,-5.85563,-2.56643,12.2864,0.0043989,0.00980861,0.354077,0.00397548,-0.00823823,0.354781
-0.681009,0.155385,75.8131,-0.39895,0.0730923,75.7438,-6.01692,3.23505,71.714,-6.26519,-3.13606,72.6299
1.49536,-0.108689,71.8115,1.72462,0.328664,71.8274,-3.65356,2.46571,66.7729,-3.72202,-2.41279,67.468
2.05138,-0.122397,76.4087,2.28734,0.314273,76.4611,-2.40858,1.94264,68.7634,-2.53556,-1.98018,69.6644
2.34104,0.089554,78.2584,2.57028,0.0613277,78.3608,-1.567,1.86104,68.3517,-1.69094,-1.9606,69.338
2.79496,0.120859,78.962,3.01502,0.00822309,79.103,-0.607839,1.51625,67.0941,-0.728136,-1.65697,68.1473
3.38753,-0.0287536,75.413,3.59901,0.150004,75.5515,0.433988,0.923668,62.2083,0.317226,-1.09937,63.2866
3.98463,-0.0638983,79.5782,4.19213,0.171862,79.7704,1.46809,0.499851,63.8465,1.35251,-0.719154,65.0338
4.00686,0.264508,81.3043,4.21814,-0.168295,81.5025,1.81895,0.655898,63.849,1.70879,-0.907343,65.1111
4.32202,0.236864,77.6936,4.53776,-0.143997,77.8433,2.38994,0.392691,59.0064,2.28239,-0.682554,60.3056
5.29307,0.0128004,79.7911,5.51436,0.0932434,79.9399,3.61309,-0.366558,58.9918,3.50656,0.0274906,60.3924
5.74565,-0.0717212,77.5507,5.98247,0.183627,77.6028,4.20224,-0.703623,55.3305,4.08969,0.299472,56.8279
5.7256,0.203409,74.6131,5.98535,-0.0813698,74.4915,4.28661,-0.588086,51.4448,4.15532,0.109813,53.0762
6.70443,-0.679338,62.1691,6.97971,0.828328,61.7512,5.44858,-2.19311,38.3441,5.2725,1.56632,40.1196
6.59923,-1.17801,46.6841,6.83904,1.22408,46.0061,3.88521,-1.44404,28.5493,3.85116,0.905024,29.4099
-0.0283273,-0.0107398,0.139818,-0.0285122,0.00997999,0.140248,-0.022884,-0.0144285,0.124402,-0.0226447,0.0120621,0.123737
-0.00394249,-2.05827e-05,0.0731572,-0.00396122,-0.000101523,0.07348,-0.00250177,-0.000375632,0.0670956,-0.00255877,0.000249548,0.0670031
-0.00127432,0.000449127,0.0548512,-0.00128697,-0.000460702,0.055103,-0.00079627,0.000325568,0.0506332,-0.000817037,-0.000181342,0.0505473
-0.00043582,0.000392833,0.0459708,-0.000440088,-0.000375933,0.0461829,-0.000278204,0.000333237,0.0424597,-0.000285521,-0.000138215,0.0424384
2.34712e-05,0.000343436,0.0410019,2.81148e-05,-0.000314303,0.0411962,-9.16108e-06,0.000308687,0.037902,-3.22974e-06,-0.000107788,0.0379769
0.000300135,0.000291045,0.0379355,0.000309335,-0.00025784,0.0381162,0.000154218,0.000267236,0.0351316,0.000166396,-7.03901e-05,0.0353005
0.000444016,0.000246331,0.0360019,0.00045356,-0.000219449,0.0361674,0.000206188,0.000216269,0.0332574,0.000221243,-4.26284e-05,0.0335108
0.000617085,0.000197933,0.0347996,0.000628769,-0.000180071,0.0349544,0.000296892,0.00016338,0.032079,0.00031577,-1.93697e-05,0.0324108
0.00069533,0.000140403,0.0339974,0.000704185,-0.000132164,0.0341344,0.000363606,0.000133705,0.0314378,0.00038568,-1.74424e-05,0.0318445
0.000641332,9.68613e-05,0.0335027,0.000649633,-9.4627e-05,0.0336317,0.00030012,8.83509e-05,0.0309099,0.000319218,9.21227e-07,0.0313738
0.000544977,6.0354e-05,0.0331907,0.00055166,-5.62176e-05,0.0333157,0.000252118,6.64099e-05,0.0305845,0.00026796,4.001e-06,0.0310964
0.00043516,2.45075e-05,0.0330096,0.000440226,-1.97536e-05,0.0331343,0.000216034,5.09277e-05,0.0304777,0.000228427,2.74796e-06,0.0310308
0.000352845,-6.96534e-06,0.0329508,0.000356666,1.28938e-05,0.0330784,0.000205635,3.59604e-05,0.0306061,0.000215625,2.33174e-06,0.0311973
0.000275038,-1.84615e-05,0.0331746,0.000277908,2.63841e-05,0.0333088,0.000145535,1.35607e-05,0.0308514,0.000151491,6.34649e-06,0.0314752
0.000216607,-2.75933e-05,0.0336959,0.000218694,3.77956e-05,0.0338402,9.46131e-05,-7.84479e-06,0.0312392,9.71743e-05,1.07526e-05,0.0318921
0.000174985,-4.62294e-05,0.034462,0.000176229,5.67607e-05,0.0346184,8.24256e-05,-2.23582e-05,0.03186,8.3505e-05,1.14744e-05,0.0325433
0.000140259,-7.911e-05,0.0353936,0.000140455,8.75212e-05,0.0355629,0.000121472,-2.70653e-05,0.0328415,0.000123656,4.92277e-06,0.0335625
0.000110194,-8.81212e-05,0.0367619,0.000109736,9.62337e-05,0.0369474,8.38615e-05,-4.87538e-05,0.0340517,8.40611e-05,8.3582e-06,0.0348119
8.26457e-05,-0.000100292,0.0386702,8.13307e-05,0.000106635,0.0388754,4.38596e-05,-7.28576e-05,0.0355476,4.23426e-05,1.08767e-05,0.0363503
5.4409e-05,-0.000138266,0.0410776,5.15597e-05,0.000139914,0.0413044,7.54083e-05,-8.70846e-05,0.0375579,7.57635e-05,4.57499e-06,0.0384153
2.38779e-05,-0.000184442,0.0441556,1.91749e-05,0.000180917,0.0444073,0.000117832,-0.000104785,0.0402279,0.000120859,-3.65971e-06,0.0411563
1.16092e-05,-0.00022042,0.0484211,4.90184e-06,0.000212216,0.0487047,8.42929e-05,-0.000149621,0.043596,8.69699e-05,-3.29389e-07,0.0446089
-8.15203e-06,-0.000305992,0.0542146,-1.84854e-05,0.000286431,0.0545375,0.000130788,-0.000200268,0.0481055,0.000137506,-7.39978e-06,0.0492294
-8.19823e-05,-0.000465462,0.0621959,-9.90606e-05,0.000424887,0.0625671,0.000248512,-0.000266062,0.0544177,0.000263457,-2.8873e-05,0.0556952
-0.000203868,-0.000699489,0.0743665,-0.000232162,0.000623265,0.0748076,0.000203078,-0.000413205,0.0632154,0.000219614,-4.23538e-05,0.0646927
-0.000449428,-0.00128181,0.0938778,-0.000502531,0.00112415,0.0944178,0.000334991,-0.000661076,0.0766688,0.000363892,-9.16731e-05,0.0784339
-0.00133226,-0.0028963,0.128531,-0.00144918,0.00251655,0.129213,0.000727036,-0.00121558,0.0996171,0.000782068,-0.000220925,0.101821
-0.00495569,-0.00892828,0.206682,-0.00529097,0.0076732,0.207557,0.00113486,-0.00295195,0.145631,0.00121428,-0.000617953,0.148467
-0.0476925,-0.0698125,0.538676,-0.0496736,0.0587877,0.537262,0.00022905,-0.0126106,0.279172,0.000243721,-0.00313349,0.281665
-20.8883,13.322,109.927,-20.5163,-13.7459,108.157,1.55563,-0.78209,5.04926,1.5533,-1.30887,5.17264
-24.7681,32.9376,190.097,-24.1727,-32.6811,188.466,-29.8929,41.8267,250.733,-28.8743,-43.38,248.543
-4.64484,1.41972,11.5898,-4.6379,-1.4881,11.5837,-1.23588,0.124535,2.57688,-1.29619,-0.174944,2.66425
-4.07174,1.69866,10.5192,-4.07483,-1.71711,10.5378,-0.206562,0.0385236,0.719068,-0.210636,-0.0418009,0.726443
-5.06473,2.26288,12.9673,-5.06901,-2.32097,13.0647,-0.0558771,0.0175072,0.411113,-0.0574418,-0.0161923,0.412787
-5.85094,2.50676,12.1295,-5.85563,-2.56643,12.2864,0.0043989,0.00980861,0.354077,0.00397548,-0.00823823,0.354781
-0.681009,0.155385,75.8131,-0.39895,0.0730925,75.7438,-6.01692,3.23505,71.714,-6.26519,-3.13606,72.6299
1.49536,-0.108689,71.8115,1.72462,0.328664,71.8274,-3.65356,2.46571,66.7729,-3.72202,-2.41279,67.468
2.05138,-0.122397,76.4087,2.28734,0.314273,76.4611,-2.40858,1.94264,68.7634,-2.53556,-1.98018,69.6644
2.34104,0.0895543,78.2584,2.57028,0.0613279,78.3608,-1.567,1.86104,68.3517,-1.69094,-1.9606,69.338
2.79496,0.120859,78.962,3.01502,0.00822326,79.103,-0.607839,1.51625,67.0941,-0.728136,-1.65697,68.1473
3.38753,-0.0287534,75.413,3.59901,0.150005,75.5515,0.433988,0.923668,62.2083,0.317226,-1.09937,63.2866
3.98463,-0.063898,79.5782,4.19213,0.171862,79.7704,1.46809,0.499852,63.8465,1.35251,-0.719154,65.0338
4.00686,0.264508,81.3043,4.21814,-0.168295,81.5025,1.81895,0.655898,63.849,1.70879,-0.907343,65.1111
4.32202,0.236864,77.6936,4.53776,-0.143997,77.8433,2.38994,0.392691,59.0064,2.28239,-0.682554,60.3056
5.29307,0.0128007,79.7911,5.51436,0.0932436,79.9399,3.61309,-0.366558,58.9918,3.50656,0.027491,60.3924
5.74565,-0.071721,77.5507,5.98247,0.183627,77.6028,4.20224,-0.703622,55.3305,4.08969,0.299472,56.8279
5.7256,0.20341,74.6131,5.98535,-0.0813696,74.4915,4.28661,-0.588086,51.4448,4.15532,0.109813,53.0762
6.70443,-0.679337,62.1691,6.97971,0.828328,61.7512,5.44858,-2.19311,38.3441,5.2725,1.56632,40.1196
6.59923,-1.17801,46.6841,6.83904,1.22408,46.0061,3.88523,-1.44406,28.5493,3.85116,0.905014,29.4099
-0.0283273,-0.0107398,0.139818,-0.0285122,0.00997999,0.140248,-0.022884,-0.0144285,0.124402,-0.0226447,0.0120621,0.123737
-0.00394249,-2.05827e-05,0.0731572,-0.00396122,-0.000101523,0.07348,-0.00250177,-0.000375632,0.0670956,-0.00255877,0.000249548,0.0670031
-0.00127432,0.000449127,0.0548512,-0.00128697,-0.000460702,0.055103,-0.00079627,0.000325568,0.0506332,-0.000817037,-0.000181342,0.0505473
-0.00043582,0.000392833,0.0459708,-0.000440088,-0.000375933,0.0461829,-0.000278204,0.000333237,0.0424597,-0.000285521,-0.000138215,0.0424384
2.34712e-05,0.000343436,0.0410019,2.81148e-05,-0.000314303,0.0411962,-9.16107e-06,0.000308687,0.037902,-3.22975e-06,-0.000107787,0.0379769
0.000300135,0.000291045,0.0379355,0.000309335,-0.00025784,0.0381162,0.000154218,0.000267236,0.0351316,0.000166396,-7.03901e-05,0.0353005
0.000444016,0.000246332,0.0360019,0.00045356,-0.000219449,0.0361674,0.000206188,0.000216269,0.0332574,0.000221243,-4.26283e-05,0.0335108
0.000617085,0.000197933,0.0347996,0.000628769,-0.000180071,0.0349544,0.000296892,0.00016338,0.032079,0.00031577,-1.93697e-05,0.0324108
0.00069533,0.000140403,0.0339974,0.000704185,-0.000132164,0.0341344,0.000363606,0.000133705,0.0314378,0.00038568,-1.74424e-05,0.0318445
0.000641332,9.68613e-05,0.0335027,0.000649633,-9.4627e-05,0.0336317,0.00030012,8.83509e-05,0.0309099,0.000319218,9.21236e-07,0.0313738
0.000544977,6.0354e-05,0.0331907,0.00055166,-5.62175e-05,0.0333157,0.000252118,6.64099e-05,0.0305845,0.00026796,4.00101e-06,0.0310964
0.00043516,2.45075e-05,0.0330096,0.000440226,-1.97536e-05,0.0331343,0.000216034,5.09278e-05,0.0304777,0.000228427,2.74797e-06,0.0310308
0.000352845,-6.96533e-06,0.0329508,0.000356666,1.28938e-05,0.0330784,0.000205635,3.59604e-05,0.0306061,0.000215625,2.33175e-06,0.0311973
0.000275038,-1.84615e-05,0.0331746,0.000277908,2.63841e-05,0.0333088,0.000145535,1.35607e-05,0.0308514,0.000151491,6.34651e-06,0.0314752
0.000216607,-2.75933e-05,0.0336959,0.000218694,3.77956e-05,0.0338402,9.46131e-05,-7.84477e-06,0.0312392,9.71743e-05,1.07526e-05,0.0318921
0.000174985,-4.62294e-05,0.034462,0.000176229,5.67608e-05,0.0346184,8.24256e-05,-2.23582e-05,0.03186,8.3505e-05,1.14744e-05,0.0325433
0.000140259,-7.911e-05,0.0353936,0.000140455,8.75212e-05,0.0355629,0.000121472,-2.70653e-05,0.0328415,0.000123656,4.92278e-06,0.0335625
0.000110194,-8.81212e-05,0.0367619,0.000109736,9.62338e-05,0.0369474,8.38614e-05,-4.87538e-05,0.0340517,8.40611e-05,8.35821e-06,0.0348119
8.26457e-05,-0.000100292,0.0386702,8.13307e-05,0.000106635,0.0388754,4.38596e-05,-7.28575e-05,0.0355476,4.23426e-05,1.08767e-05,0.0363503
5.4409e-05,-0.000138266,0.0410776,5.15597e-05,0.000139914,0.0413044,7.54082e-05,-8.70846e-05,0.0375579,7.57635e-05,4.57501e-06,0.0384153
2.38779e-05,-0.000184442,0.0441556,1.91749e-05,0.000180917,0.0444073,0.000117832,-0.000104785,0.0402279,0.000120859,-3.65969e-06,0.0411563
1.16092e-05,-0.00022042,0.0484211,4.90183e-06,0.000212216,0.0487047,8.42929e-05,-0.000149621,0.043596,8.69699e-05,-3.29363e-07,0.0446089
-8.15204e-06,-0.000305992,0.0542146,-1.84854e-05,0.000286431,0.0545375,0.000130788,-0.000200268,0.0481055,0.000137506,-7.39975e-06,0.0492294
-8.19823e-05,-0.000465462,0.0621959,-9.90606e-05,0.000424887,0.0625671,0.000248512,-0.000266062,0.0544177,0.000263457,-2.88729e-05,0.0556952
-0.000203868,-0.000699489,0.0743665,-0.000232162,0.000623265,0.0748076,0.000203078,-0.000413205,0.0632154,0.000219614,-4.23537e-05,0.0646927
-0.000449428,-0.00128181,0.0938778,-0.000502531,0.00112415,0.0944178,0.000334991,-0.000661076,0.0766688,0.000363892,-9.1673e-05,0.0784339
-0.00133226,-0.0028963,0.128531,-0.00144918,0.00251655,0.129213,0.000727036,-0.00121558,0.0996171,0.000782068,-0.000220924,0.101821
-0.00495569,-0.00892828,0.206682,-0.00529097,0.0076732,0.207557,0.00113486,-0.00295195,0.145631,0.00121428,-0.000617953,0.148467
-0.0476925,-0.0698125,0.538676,-0.0496736,0.0587877,0.537262,0.000229049,-0.0126106,0.279172,0.000243721,-0.00313349,0.281665
-20.8883,13.322,109.927,-20.5163,-13.7459,108.157,1.55563,-0.782089,5.04926,1.5533,-1.30887,5.17264
-24.7681,32.9376,190.097,-24.1727,-32.6811,188.466,-29.8929,41.8267,250.733,-28.8743,-43.38,248.543
-4.64484,1.41972,11.5898,-4.6379,-1.4881,11.5837,-1.23588,0.124535,2.57688,-1.29619,-0.174944,2.66425
-4.07174,1.69866,10.5192,-4.07483,-1.71711,10.5378,-0.206562,0.0385236,0.719068,-0.210636,-0.0418009,0.726443
-5.06473,2.26288,12.9673,-5.06901,-2.32097,13.0647,-0.0558771,0.0175072,0.411113,-0.0574418,-0.0161923,0.412787
-5.85094,2.50676,12.1295,-5.85563,-2.56643,12.2864,0.0043989,0.00980861,0.354077,0.00397548,-0.00823823,0.354781
-0.681009,0.155385,75.8131,-0.39895,0.0730926,75.7438,-6.01692,3.23505,71.714,-6.26519,-3.13606,72.6299
1.49536,-0.108689,71.8115,1.72462,0.328664,71.8274,-3.65356,2.46571,66.7729,-3.72202,-2.41279,67.468
2.05138,-0.122396,76.4087,2.28734,0.314273,76.4611,-2.40858,1.94264,68.7634,-2.53556,-1.98018,69.6644
2.34104,0.0895544,78.2584,2.57028,0.0613279,78.3608,-1.567,1.86104,68.3517,-1.69094,-1.9606,69.338
2.79496,0.12086,78.962,3.01502,0.00822334,79.103,-0.607839,1.51625,67.0941,-0.728136,-1.65697,68.1473
3.38753,-0.0287533,75.413,3.59901,0.150005,75.5515,0.433988,0.923668,62.2083,0.317226,-1.09937,63.2866
3.98462,-0.0638977,79.5782,4.19213,0.171862,79.7705,1.46809,0.499852,63.8465,1.35251,-0.719154,65.0338
4.00686,0.264508,81.3043,4.21814,-0.168295,81.5025,1.81895,0.655899,63.849,1.70879,-0.907343,65.1111
4.32202,0.236864,77.6936,4.53776,-0.143997,77.8433,2.38994,0.392691,59.0063,2.2824,-0.682553,60.3056
5.29307,0.0128008,79.7911,5.51436,0.0932436,79.9399,3.61309,-0.366557,58.9918,3.50656,0.0274911,60.3924
5.74565,-0.0717209,77.5507,5.98247,0.183627,77.6028,4.20224,-0.703622,55.3305,4.08969,0.299473,56.8279
5.7256,0.20341,74.6131,5.98535,-0.0813696,74.4915,4.28661,-0.588085,51.4448,4.15532,0.109813,53.0762
6.70443,-0.679337,62.1691,6.97971,0.828328,61.7512,5.44859,-2.19311,38.3441,5.2725,1.56632,40.1196
6.59923,-1.17801,46.6841,6.83904,1.22408,46.0061,3.88523,-1.44407,28.5493,3.85115,0.90501,29.4099
-0.0283273,-0.0107398,0.139818,-0.0285122,0.00997999,0.140248,-0.022884,-0.0144285,0.124402,-0.0226447,0.0120621,0.123737
-0.00394249,-2.05827e-05,0.0731572,-0.00396122,-0.000101523,0.07348,-0.00250177,-0.000375632,0.0670956,-0.00255877,0.000249548,0.0670031
-0.00127432,0.000449127,0.0548512,-0.00128697,-0.000460702,0.055103,-0.00079627,0.000325568,0.0506332,-0.000817037,-0.000181342,0.0505473
-0.00043582,0.000392833,0.0459708,-0.000440088,-0.000375933,0.0461829,-0.000278204,0.000333237,0.0424597,-0.000285521,-0.000138215,0.0424384
2.34712e-05,0.000343436,0.0410019,2.81148e-05,-0.000314303,0.0411962,-9.16107e-06,0.000308687,0.037902,-3.22976e-06,-0.000107787,0.0379769
0.000300135,0.000291045,0.0379355,0.000309335,-0.00025784,0.0381162,0.000154218,0.000267236,0.0351316,0.000166396,-7.03901e-05,0.0353005
0.000444016,0.000246332,0.0360019,0.00045356,-0.000219449,0.0361674,0.000206188,0.000216269,0.0332574,0.000221243,-4.26283e-05,0.0335108
0.000617085,0.000197933,0.0347996,0.000628769,-0.000180071,0.0349544,0.000296892,0.00016338,0.032079,0.00031577,-1.93697e-05,0.0324108
0.00069533,0.000140403,0.0339974,0.000704185,-0.000132164,0.0341344,0.000363606,0.000133705,0.0314378,0.00038568,-1.74424e-05,0.0318445
0.000641332,9.68613e-05,0.0335027,0.000649633,-9.4627e-05,0.0336317,0.00030012,8.83509e-05,0.0309099,0.000319218,9.21241e-07,0.0313738
0.000544977,6.0354e-05,0.0331907,0.00055166,-5.62175e-05,0.0333157,0.000252118,6.64099e-05,0.0305845,0.00026796,4.00101e-06,0.0310964
0.00043516,2.45075e-05,0.0330096,0.000440226,-1.97536e-05,0.0331343,0.000216034,5.09278e-05,0.0304777,0.000228427,2.74797e-06,0.0310308
0.000352845,-6.96532e-06,0.0329508,0.000356666,1.28938e-05,0.0330784,0.000205635,3.59604e-05,0.0306061,0.000215625,2.33175e-06,0.0311973
0.000275038,-1.84615e-05,0.0331746,0.000277908,2.63841e-05,0.0333088,0.000145535,1.35607e-05,0.0308514,0.000151491,6.34651e-06,0.0314752
0.000216607,-2.75933e-05,0.0336959,0.000218694,3.77957e-05,0.0338402,9.46131e-05,-7.84477e-06,0.0312392,9.71743e-05,1.07526e-05,0.0318921
0.000174985,-4.62294e-05,0.034462,0.000176229,5.67608e-05,0.0346184,8.24256e-05,-2.23582e-05,0.03186,8.3505e-05,1.14744e-05,0.0325433
0.000140259,-7.911e-05,0.0353936,0.000140455,8.75212e-05,0.0355629,0.000121472,-2.70652e-05,0.0328415,0.000123656,4.92279e-06,0.0335625
0.000110194,-8.81212e-05,0.0367619,0.000109736,9.62338e-05,0.0369474,8.38614e-05,-4.87538e-05,0.0340517,8.40611e-05,8.35822e-06,0.0348119
8.26457e-05,-0.000100292,0.0386702,8.13307e-05,0.000106635,0.0388754,4.38596e-05,-7.28575e-05,0.0355476,4.23425e-05,1.08767e-05,0.0363503
5.4409e-05,-0.000138266,0.0410776,5.15597e-05,0.000139914,0.0413044,7.54082e-05,-8.70846e-05,0.0375579,7.57635e-05,4.57502e-06,0.0384153
2.38779e-05,-0.000184442,0.0441556,1.91749e-05,0.000180917,0.0444073,0.000117832,-0.000104785,0.0402279,0.000120859,-3.65968e-06,0.0411563
1.16092e-05,-0.000220419,0.0484211,4.90182e-06,0.000212216,0.0487047,8.42929e-05,-0.000149621,0.043596,8.69699e-05,-3.29349e-07,0.0446089
-8.15205e-06,-0.000305992,0.0542146,-1.84854e-05,0.000286431,0.0545375,0.000130788,-0.000200268,0.0481055,0.000137506,-7.39973e-06,0.0492294
-8.19823e-05,-0.000465462,0.0621959,-9.90606e-05,0.000424887,0.0625671,0.000248512,-0.000266062,0.0544177,0.000263457,-2.88729e-05,0.0556952
-0.000203868,-0.000699488,0.0743665,-0.000232162,0.000623265,0.0748076,0.000203078,-0.000413205,0.0632154,0.000219614,-4.23537e-05,0.0646927
-0.000449428,-0.00128181,0.0938778,-0.000502531,0.00112415,0.0944178,0.000334991,-0.000661076,0.0766688,0.000363892,-9.16729e-05,0.0784339
-0.00133226,-0.0028963,0.128531,-0.00144918,0.00251655,0.129213,0.000727036,-0.00121558,0.0996171,0.000782068,-0.000220924,0.101821
-0.00495569,-0.00892827,0.206682,-0.00529097,0.0076732,0.207557,0.00113486,-0.00295194,0.145631,0.00121428,-0.000617953,0.148467
-0.0476925,-0.0698125,0.538676,-0.0496736,0.0587877,0.537262,0.000229049,-0.0126106,0.279172,0.000243721,-0.00313349,0.281665
-20.8883,13.322,109.927,-20.5163,-13.7459,108.157,1.55563,-0.782089,5.04926,1.5533,-1.30887,5.17264
-24.7681,32.9376,190.097,-24.1727,-32.6811,188.466,-29.8929,41.8267,250.733,-28.8743,-43.38,248.543
-4.64484,1.41972,11.5898,-4.6379,-1.4881,11.5837,-1.23588,0.124535,2.57688,-1.29619,-0.174944,2.66425
-4.07174,1.69866,10.5192,-4.07483,-1.71711,10.5378,-0.206562,0.0385236,0.719068,-0.210636,-0.0418009,0.726443
-5.06473,2.26288,12.9673,-5.06901,-2.32097,13.0647,-0.0558771,0.0175072,0.411113,-0.0574418,-0.0161922,0.412787
-5.85094,2.50676,12.1295,-5.85563,-2.56643,12.2864,0.0043989,0.00980861,0.354077,0.00397548,-0.00823822,0.354781
-0.681009,0.155385,75.8131,-0.39895,0.0730927,75.7438,-6.01692,3.23505,71.714,-6.26519,-3.13606,72.6299
1.49536,-0.108689,71.8115,1.72462,0.328664,71.8274,-3.65356,2.46571,66.7729,-3.72202,-2.41279,67.468
2.05138,-0.122396,76.4087,2.28734,0.314273,76.4611,-2.40858,1.94264,68.7634,-2.53556,-1.98018,69.6644
2.34104,0.0895545,78.2584,2.57028,0.061328,78.3608,-1.567,1.86104,68.3517,-1.69094,-1.9606,69.338
2.79496,0.12086,78.962,3.01502,0.00822338,79.103,-0.607839,1.51625,67.0941,-0.728136,-1.65697,68.1473
3.38753,-0.0287532,75.413,3.59901,0.150005,75.5515,0.433988,0.923668,62.2083,0.317226,-1.09937,63.2866
3.98461,-0.0638951,79.5782,4.19212,0.171859,79.7705,1.46809,0.499852,63.8465,1.35251,-0.719154,65.0338
4.00686,0.264508,81.3043,4.21814,-0.168295,81.5025,1.81895,0.655899,63.849,1.70879,-0.907343,65.1111
4.32202,0.236864,77.6936,4.53776,-0.143997,77.8433,2.38994,0.392691,59.0063,2.2824,-0.682553,60.3056
5.29307,0.0128008,79.7911,5.51436,0.0932437,79.9399,3.61309,-0.366557,58.9918,3.50656,0.0274912,60.3924
5.74565,-0.0717208,77.5507,5.98247,0.183627,77.6028,4.20224,-0.703622,55.3305,4.08969,0.299473,56.8279
5.7256,0.20341,74.6131,5.98535,-0.0813696,74.4915,4.28661,-0.588085,51.4448,4.15532,0.109813,53.0762
6.70443,-0.679337,62.1691,6.97971,0.828328,61.7512,5.44859,-2.19311,38.3441,5.2725,1.56632,40.1196
6.59923,-1.17801,46.6841,6.83904,1.22408,46.0061,3.88524,-1.44407,28.5492,3.85115,0.905007,29.4099
-0.0283273,-0.0107398,0.139818,-0.0285122,0.00997999,0.140248,-0.022884,-0.0144285,0.124402,-0.0226447,0.0120621,0.123737
-0.00394249,-2.05827e-05,0.0731572,-0.00396122,-0.000101523,0.07348,-0.00250177,-0.000375632,0.0670956,-0.00255877,0.000249548,0.0670031
-0.00127432,0.000449127,0.0548512,-0.00128697,-0.000460702,0.055103,-0.00079627,0.000325568,0.0506332,-0.000817037,-0.000181342,0.0505473
-0.00043582,0.000392833,0.0459708,-0.000440088,-0.000375933,0.0461829,-0.000278204,0.000333237,0.0424597,-0.000285521,-0.000138215,0.0424384
2.34712e-05,0.000343436,0.0410019,2.81148e-05,-0.000314303,0.0411962,-9.16106e-06,0.000308687,0.037902,-3.22976e-06,-0.000107787,0.0379769
0.000300135,0.000291045,0.0379355,0.000309335,-0.00025784,0.0381162,0.000154218,0.000267236,0.0351316,0.000166396,-7.03901e-05,0.0353005
0.000444016,0.000246332,0.0360019,0.00045356,-0.000219449,0.0361674,0.000206188,0.000216269,0.0332574,0.000221243,-4.26283e-05,0.0335108
0.000617085,0.000197933,0.0347996,0.000628769,-0.000180071,0.0349544,0.000296892,0.00016338,0.032079,0.00031577,-1.93697e-05,0.0324108
0.00069533,0.000140403,0.0339974,0.000704185,-0.000132164,0.0341344,0.000363606,0.000133705,0.0314378,0.00038568,-1.74424e-05,0.0318445
0.000641332,9.68613e-05,0.0335027,0.000649633,-9.4627e-05,0.0336317,0.00030012,8.83509e-05,0.0309099,0.000319218,9.21244e-07,0.0313738
0.000544977,6.03541e-05,0.0331907,0.00055166,-5.62175e-05,0.0333157,0.000252118,6.64099e-05,0.0305845,0.00026796,4.00101e-06,0.0310964
0.00043516,2.45075e-05,0.0330096,0.000440226,-1.97536e-05,0.0331343,0.000216034,5.09278e-05,0.0304777,0.000228427,2.74797e-06,0.0310308
0.000352845,-6.96532e-06,0.0329508,0.000356666,1.28938e-05,0.0330784,0.000205635,3.59604e-05,0.0306061,0.000215625,2.33176e-06,0.0311973
0.000275038,-1.84615e-05,0.0331746,0.000277908,2.63841e-05,0.0333088,0.000145535,1.35607e-05,0.0308514,0.000151491,6.34651e-06,0.0314752
0.000216607,-2.75933e-05,0.0336959,0.000218694,3.77957e-05,0.0338402,9.46131e-05,-7.84476e-06,0.0312392,9.71743e-05,1.07526e-05,0.0318921
0.000174985,-4.62294e-05,0.034462,0.000176229,5.67608e-05,0.0346184,8.24256e-05,-2.23582e-05,0.03186,8.3505e-05,1.14744e-05,0.0325433
0.000140259,-7.911e-05,0.0353936,0.000140455,8.75212e-05,0.0355629,0.000121472,-2.70652e-05,0.0328415,0.000123656,4.92279e-06,0.0335625
0.000110194,-8.81212e-05,0.0367619,0.000109736,9.62338e-05,0.0369474,8.38614e-05,-4.87538e-05,0.0340517,8.40611e-05,8.35822e-06,0.0348119
8.26457e-05,-0.000100292,0.0386702,8.13307e-05,0.000106635,0.0388754,4.38596e-05,-7.28575e-05,0.0355476,4.23425e-05,1.08767e-05,0.0363503
5.4409e-05,-0.000138266,0.0410776,5.15597e-05,0.000139914,0.0413044,7.54082e-05,-8.70845e-05,0.0375579,7.57635e-05,4.57502e-06,0.0384153
2.38779e-05,-0.000184442,0.0441556,1.91749e-05,0.000180917,0.0444073,0.000117832,-0.000104785,0.0402279,0.000120859,-3.65967e-06,0.0411563
1.16092e-05,-0.000220419,0.0484211,4.90182e-06,0.000212216,0.0487047,8.42929e-05,-0.000149621,0.043596,8.69699e-05,-3.29343e-07,0.0446089
-8.15205e-06,-0.000305992,0.0542146,-1.84854e-05,0.000286431,0.0545375,0.000130788,-0.000200268,0.0481055,0.000137506,-7.39973e-06,0.0492294
-8.19823e-05,-0.000465462,0.0621959,-9.90606e-05,0.000424888,0.0625671,0.000248512,-0.000266062,0.0544177,0.000263457,-2.88729e-05,0.0556952
-0.000203868,-0.000699488,0.0743665,-0.000232162,0.000623265,0.0748076,0.000203078,-0.000413205,0.0632154,0.000219614,-4.23537e-05,0.0646927
-0.000449428,-0.00128181,0.0938778,-0.000502531,0.00112415,0.0944178,0.000334991,-0.000661076,0.0766688,0.000363892,-9.16729e-05,0.0784339
-0.00133226,-0.0028963,0.128531,-0.00144918,0.00251655,0.129213,0.000727036,-0.00121558,0.0996171,0.000782068,-0.000220924,0.101821
-0.00495569,-0.00892827,0.206682,-0.00529097,0.0076732,0.207557,0.00113486,-0.00295194,0.145631,0.00121428,-0.000617953,0.148467
-0.0476925,-0.0698125,0.538676,-0.0496736,0.0587877,0.537262,0.000229049,-0.0126106,0.279172,0.000243721,-0.00313349,0.281665
-20.8883,13.322,109.927,-20.5163,-13.7459,108.157,1.55563,-0.782089,5.04926,1.5533,-1.30887,5.17264
-24.7681,32.9376,190.097,-24.1727,-32.6811,188.466,-29.8929,41.8267,250.733,-28.8743,-43.38,248.543
-4.64484,1.41972,11.5898,-4.6379,-1.4881,11.5837,-1.23588,0.124535,2.57688,-1.29619,-0.174944,2.66425
-4.07174,1.69866,10.5192,-4.07483,-1.71711,10.5378,-0.206562,0.0385236,0.719068,-0.210636,-0.0418009,0.726443
-5.06473,2.26288,12.9673,-5.06901,-2.32097,13.0647,-0.0558771,0.0175072,0.411113,-0.0574418,-0.0161922,0.412787
-5.85094,2.50676,12.1295,-5.85563,-2.56643,12.2864,0.0043989,0.00980861,0.354077,0.00397548,-0.00823822,0.354781
-0.681009,0.155385,75.8131,-0.39895,0.0730927,75.7438,-6.01692,3.23505,71.714,-6.26519,-3.13606,72.6299
1.49536,-0.108689,71.8115,1.72462,0.328664,71.8274,-3.65356,2.46571,66.7729,-3.72202,-2.41279,67.468
2.05138,-0.122396,76.4087,2.28734,0.314273,76.4611,-2.40858,1.94264,68.7634,-2.53556,-1.98018,69.6644
2.34104,0.0895545,78.2584,2.57028,0.061328,78.3608,-1.567,1.86104,68.3517,-1.69094,-1.9606,69.338
2.79496,0.12086,78.962,3.01502,0.0082234,79.103,-0.607839,1.51625,67.0941,-0.728136,-1.65697,68.1473
3.38753,-0.0287532,75.413,3.59901,0.150005,75.5515,0.433988,0.923668,62.2083,0.317226,-1.09937,63.2866
3.98463,-0.0638978,79.5782,4.19213,0.171862,79.7704,1.46809,0.499852,63.8465,1.35251,-0.719153,65.0338
4.00686,0.264508,81.3043,4.21814,-0.168295,81.5025,1.81895,0.655899,63.849,1.70879,-0.907343,65.1111
4.32202,0.236865,77.6936,4.53776,-0.143997,77.8433,2.38994,0.392691,59.0063,2.2824,-0.682553,60.3056
5.29307,0.0128009,79.7911,5.51436,0.0932437,79.9399,3.61309,-0.366557,58.9918,3.50656,0.0274912,60.3924
5.74565,-0.0717208,77.5507,5.98247,0.183627,77.6028,4.20224,-0.703622,55.3305,4.08969,0.299473,56.8279
5.7256,0.20341,74.6131,5.98535,-0.0813695,74.4915,4.28661,-0.588085,51.4448,4.15532,0.109813,53.0762
6.70443,-0.679337,62.1691,6.97971,0.828328,61.7512,5.44859,-2.19311,38.3441,5.2725,1.56632,40.1196
6.59923,-1.17801,46.6841,6.83904,1.22408,46.0061,3.88524,-1.44407,28.5492,3.85115,0.905006,29.4099
-0.0283273,-0.0107398,0.139818,-0.0285122,0.00997999,0.140248,-0.022884,-0.0144285,0.124402,-0.0226447,0.0120621,0.123737
-0.00394249,-2.05827e-05,0.0731572,-0.00396122,-0.000101523,0.07348,-0.00250177,-0.000375632,0.0670956,-0.00255877,0.000249548,0.0670031
-0.00127432,0.000449127,0.0548512,-0.00128697,-0.000460702,0.055103,-0.00079627,0.000325568,0.0506332,-0.000817037,-0.000181342,0.0505473
-0.00043582,0.000392833,0.0459708,-0.000440088,-0.000375933,0.0461829,-0.000278204,0.000333237,0.0424597,-0.000285521,-0.000138215,0.0424384
2.34712e-05,0.000343436,0.0410019,2.81148e-05,-0.000314303,0.0411962,-9.16106e-06,0.000308687,0.037902,-3.22976e-06,-0.000107787,0.0379769
0.000300135,0.000291045,0.0379355,0.000309335,-0.00025784,0.0381162,0.000154218,0.000267236,0.0351316,0.000166396,-7.03901e-05,0.0353005
0.000444016,0.000246332,0.0360019,0.00045356,-0.000219449,0.0361674,0.000206188,0.000216269,0.0332574,0.000221243,-4.26283e-05,0.0335108
0.000617085,0.000197933,0.0347996,0.000628769,-0.000180071,0.0349544,0.000296892,0.00016338,0.032079,0.00031577,-1.93697e-05,0.0324108
0.00069533,0.000140403,0.0339974,0.000704185,-0.000132164,0.0341344,0.000363606,0.000133705,0.0314378,0.00038568,-1.74424e-05,0.0318445
0.000641332,9.68613e-05,0.0335027,0.000649633,-9.4627e-05,0.0336317,0.00030012,8.83509e-05,0.0309099,0.000319218,9.21245e-07,0.0313738
0.000544977,6.03541e-05,0.0331907,0.00055166,-5.62175e-05,0.0333157,0.000252118,6.64099e-05,0.0305845,0.00026796,4.00101e-06,0.0310964
0.00043516,2.45075e-05,0.0330096,0.000440226,-1.97536e-05,0.0331343,0.000216034,5.09278e-05,0.0304777,0.000228427,2.74798e-06,0.0310308
0.000352845,-6.96532e-06,0.0329508,0.000356666,1.28938e-05,0.0330784,0.000205635,3.59604e-05,0.0306061,0.000215625,2.33176e-06,0.0311973
0.000275038,-1.84615e-05,0.0331746,0.000277908,2.63841e-05,0.0333088,0.000145535,1.35607e-05,0.0308514,0.000151491,6.34651e-06,0.0314752
0.000216607,-2.75933e-05,0.0336959,0.000218694,3.77957e-05,0.0338402,9.46131e-05,-7.84476e-06,0.0312392,9.71743e-05,1.07526e-05,0.0318921
0.000174985,-4.62294e-05,0.034462,0.000176229,5.67608e-05,0.0346184,8.24256e-05,-2.23582e-05,0.03186,8.3505e-05,1.14744e-05,0.0325433
0.000140259,-7.911e-05,0.0353936,0.000140455,8.75212e-05,0.0355629,0.000121472,-2.70652e-05,0.0328415,0.000123656,4.92279e-06,0.0335625
0.000110194,-8.81212e-05,0.0367619,0.000109736,9.62338e-05,0.0369474,8.38614e-05,-4.87538e-05,0.0340517,8.40611e-05,8.35823e-06,0.0348119
8.26457e-05,-0.000100292,0.0386702,8.13307e-05,0.000106635,0.0388754,4.38596e-05,-7.28575e-05,0.0355476,4.23425e-05,1.08767e-05,0.0363503
5.4409e-05,-0.000138266,0.0410776,5.15597e-05,0.000139914,0.0413044,7.54082e-05,-8.70845e-05,0.0375579,7.57635e-05,4.57503e-06,0.0384153
2.38779e-05,-0.000184442,0.0441556,1.91749e-05,0.000180917,0.0444073,0.000117832,-0.000104785,0.0402279,0.000120859,-3.65967e-06,0.0411563
1.16092e-05,-0.000220419,0.0484211,4.90182e-06,0.000212216,0.0487047,8.42929e-05,-0.000149621,0.043596,8.69699e-05,-3.2934e-07,0.0446089
-8.15205e-06,-0.000305992,0.0542146,-1.84854e-05,0.000286431,0.0545375,0.000130788,-0.000200268,0.0481055,0.000137506,-7.39972e-06,0.0492294
-8.19823e-05,-0.000465462,0.0621959,-9.90606e-05,0.000424888,0.0625671,0.000248512,-0.000266062,0.0544177,0.000263457,-2.88729e-05,0.0556952
-0.000203868,-0.000699488,0.0743665,-0.000232162,0.000623265,0.0748076,0.000203078,-0.000413205,0.0632154,0.000219614,-4.23537e-05,0.0646927
-0.000449428,-0.00128181,0.0938778,-0.000502531,0.00112415,0.0944178,0.000334991,-0.000661076,0.0766688,0.000363892,-9.16729e-05,0.0784339
-0.00133226,-0.0028963,0.128531,-0.00144918,0.00251655,0.129213,0.000727036,-0.00121558,0.0996171,0.000782068,-0.000220924,0.101821
-0.00495569,-0.00892827,0.206682,-0.00529097,0.0076732,0.207557,0.00113486,-0.00295194,0.145631,0.00121428,-0.000617953,0.148467
-0.0476925,-0.0698125,0.538676,-0.0496736,0.0587877,0.537262,0.000229049,-0.0126106,0.279172,0.000243721,-0.00313349,0.281665
-20.8883,13.322,109.927,-20.5163,-13.7459,108.157,1.55563,-0.782089,5.04926,1.5533,-1.30887,5.17264
-24.7681,32.9376,190.097,-24.1727,-32.6811,188.466,-29.8929,41.8267,250.733,-28.8743,-43.38,248.543
-4.64484,1.41972,11.5898,-4.6379,-1.4881,11.5837,-1.23588,0.124535,2.57688,-1.29619,-0.174944,2.66425
-4.07174,1.69866,10.5192,-4.07483,-1.71711,10.5378,-0.206562,0.0385236,0.719068,-0.210636,-0.0418009,0.726443
-5.06473,2.26288,12.9673,-5.06901,-2.32097,13.0647,-0.0558771,0.0175072,0.411113,-0.0574418,-0.0161922,0.412787
-5.85094,2.50676,12.1295,-5.85563,-2.56643,12.2864,0.0043989,0.00980861,0.354077,0.00397548,-0.00823822,0.354781
-0.680998,0.155349,75.813,-0.398956,0.0730638,75.7438,-6.0169,3.23499,71.7139,-6.2652,-3.1361,72.6299
1.49537,-0.108722,71.8114,1.72462,0.328638,71.8274,-3.65355,2.46566,66.7729,-3.72203,-2.41283,67.468
2.05139,-0.122428,76.4086,2.28733,0.314249,76.4611,-2.40857,1.94259,68.7634,-2.53556,-1.98022,69.6645
2.34105,0.0895239,78.2584,2.57027,0.0613059,78.3608,-1.56698,1.86099,68.3516,-1.69094,-1.96063,69.338
2.79497,0.12083,78.962,3.01501,0.00820259,79.103,-0.607827,1.51621,67.0941,-0.728136,-1.657,68.1473
3.38754,-0.0287824,75.4129,3.59901,0.149985,75.5515,0.434,0.923623,62.2083,0.317228,-1.0994,63.2866
3.98463,-0.0639273,79.5782,4.19214,0.171843,79.7704,1.4681,0.499805,63.8464,1.35251,-0.719183,65.0338
4.00686,0.264478,81.3043,4.21815,-0.168314,81.5025,1.81896,0.655851,63.849,1.70879,-0.907373,65.1111
4.32203,0.236835,77.6936,4.53777,-0.144015,77.8433,2.38995,0.392642,59.0063,2.2824,-0.682582,60.3056
5.29307,0.012771,79.791,5.51437,0.0932265,79.9399,3.6131,-0.366609,58.9917,3.50656,0.0274611,60.3924
5.74565,-0.0717503,77.5507,5.98248,0.183611,77.6028,4.20225,-0.703678,55.3304,4.0897,0.299442,56.8279
5.7256,0.203382,74.6131,5.98536,-0.0813832,74.4915,4.28662,-0.588154,51.4447,4.15533,0.109776,53.0762
6.70443,-0.679359,62.169,6.97972,0.828325,61.7512,5.4485,-2.19306,38.3443,5.27255,1.56636,40.1194
6.59926,-1.17806,46.6838,6.83899,1.22409,46.0063,3.8838,-1.4422,28.5544,3.85197,0.906197,29.4067
-0.0283273,-0.0107397,0.139818,-0.0285122,0.00998002,0.140248,-0.0228841,-0.0144285,0.124402,-0.0226446,0.0120621,0.123737
-0.00394248,-2.05811e-05,0.0731571,-0.00396122,-0.000101521,0.0734801,-0.00250178,-0.000375623,0.0670956,-0.00255876,0.00024955,0.0670031
-0.00127432,0.000449127,0.0548512,-0.00128697,-0.000460702,0.055103,-0.000796275,0.000325571,0.0506333,-0.000817033,-0.000181342,0.0505473
-0.000435818,0.000392833,0.0459708,-0.000440088,-0.000375934,0.0461829,-0.000278206,0.000333238,0.0424597,-0.000285518,-0.000138216,0.0424384
2.3472e-05,0.000343435,0.0410019,2.81152e-05,-0.000314304,0.0411962,-9.16222e-06,0.000308687,0.037902,-3.2281e-06,-0.000107789,0.0379769
0.000300136,0.000291044,0.0379355,0.000309336,-0.000257841,0.0381162,0.000154217,0.000267236,0.0351317,0.000166397,-7.03913e-05,0.0353005
0.000444017,0.00024633,0.0360018,0.000453561,-0.00021945,0.0361674,0.000206188,0.000216268,0.0332574,0.000221244,-4.26295e-05,0.0335108
0.000617085,0.000197932,0.0347996,0.00062877,-0.000180072,0.0349544,0.000296893,0.000163379,0.032079,0.00031577,-1.93709e-05,0.0324108
0.00069533,0.000140402,0.0339974,0.000704186,-0.000132165,0.0341344,0.000363606,0.000133704,0.0314378,0.00038568,-1.74436e-05,0.0318445
0.000641332,9.686e-05,0.0335027,0.000649633,-9.46282e-05,0.0336317,0.000300121,8.83497e-05,0.0309099,0.000319219,9.19976e-07,0.0313738
0.000544977,6.03527e-05,0.0331907,0.000551661,-5.62189e-05,0.0333157,0.000252119,6.64086e-05,0.0305846,0.00026796,3.99973e-06,0.0310964
0.00043516,2.45061e-05,0.0330096,0.000440226,-1.9755e-05,0.0331343,0.000216035,5.09264e-05,0.0304777,0.000228427,2.74666e-06,0.0310308
0.000352846,-6.96682e-06,0.0329508,0.000356667,1.28923e-05,0.0330784,0.000205636,3.59589e-05,0.0306061,0.000215625,2.33038e-06,0.0311973
0.000275038,-1.84631e-05,0.0331746,0.000277909,2.63825e-05,0.0333089,0.000145536,1.35591e-05,0.0308514,0.000151492,6.34508e-06,0.0314752
0.000216607,-2.7595e-05,0.0336959,0.000218694,3.77939e-05,0.0338402,9.46144e-05,-7.84652e-06,0.0312392,9.71746e-05,1.07511e-05,0.0318921
0.000174985,-4.62313e-05,0.034462,0.00017623,5.67588e-05,0.0346184,8.2427e-05,-2.23601e-05,0.03186,8.35052e-05,1.14728e-05,0.0325433
0.000140259,-7.91121e-05,0.0353936,0.000140456,8.75191e-05,0.0355629,0.000121474,-2.70673e-05,0.0328415,0.000123656,4.92102e-06,0.0335625
0.000110195,-8.81236e-05,0.0367619,0.000109737,9.62314e-05,0.0369474,8.38631e-05,-4.87561e-05,0.0340517,8.40613e-05,8.35629e-06,0.0348119
8.26463e-05,-0.000100295,0.0386702,8.13317e-05,0.000106633,0.0388754,4.38614e-05,-7.28601e-05,0.0355476,4.23427e-05,1.08746e-05,0.0363503
5.44096e-05,-0.000138269,0.0410776,5.15607e-05,0.000139911,0.0413044,7.54103e-05,-8.70875e-05,0.0375579,7.57637e-05,4.57259e-06,0.0384153
2.38787e-05,-0.000184446,0.0441556,1.91761e-05,0.000180913,0.0444073,0.000117835,-0.000104789,0.0402279,0.000120859,-3.66251e-06,0.0411563
1.16101e-05,-0.000220424,0.0484211,4.90331e-06,0.000212211,0.0487047,8.42956e-05,-0.000149625,0.043596,8.69701e-05,-3.32687e-07,0.0446089
-8.15098e-06,-0.000305998,0.0542146,-1.84835e-05,0.000286425,0.0545375,0.000130792,-0.000200273,0.0481055,0.000137506,-7.40381e-06,0.0492294
-8.1981e-05,-0.00046547,0.0621959,-9.90582e-05,0.000424879,0.0625671,0.000248516,-0.000266069,0.0544177,0.000263457,-2.88781e-05,0.0556952
-0.000203866,-0.000699501,0.0743665,-0.000232159,0.000623253,0.0748076,0.000203083,-0.000413214,0.0632154,0.000219614,-4.23607e-05,0.0646927
-0.000449426,-0.00128183,0.0938778,-0.000502526,0.00112413,0.0944178,0.000334998,-0.000661091,0.0766688,0.000363892,-9.1683e-05,0.0784339
-0.00133226,-0.00289634,0.128531,-0.00144917,0.00251651,0.129213,0.000727047,-0.00121561,0.0996171,0.000782068,-0.000220941,0.101821
-0.00495568,-0.00892838,0.206682,-0.00529095,0.00767308,0.207557,0.00113489,-0.002952,0.145631,0.00121428,-0.000617987,0.148467
-0.0476924,-0.0698131,0.538676,-0.0496733,0.0587868,0.537261,0.000229113,-0.0126108,0.279172,0.000243707,-0.00313361,0.281665
-20.8883,13.3219,109.927,-20.5163,-13.746,108.157,1.55563,-0.782116,5.04925,1.55329,-1.30888,5.17262
-24.7682,32.9376,190.097,-24.1727,-32.6812,188.466,-29.8929,41.8266,250.733,-28.8742,-43.38,248.543
-4.64483,1.41971,11.5898,-4.6379,-1.4881,11.5836,-1.23589,0.124535,2.5769,-1.2962,-0.174946,2.66427
-4.07173,1.69866,10.5192,-4.07483,-1.71711,10.5378,-0.206563,0.0385237,0.71907,-0.210637,-0.0418012,0.726445
-5.06472,2.26288,12.9673,-5.069,-2.32096,13.0647,-0.0558772,0.0175072,0.411114,-0.0574419,-0.0161924,0.412788
-5.85093,2.50675,12.1296,-5.85563,-2.56644,12.2865,0.00439894,0.00980856,0.354077,0.00397549,-0.00823833,0.354782
-0.681003,0.155367,75.813,-0.398953,0.0730783,75.7438,-6.01691,3.23502,71.7139,-6.2652,-3.13608,72.6299
1.49537,-0.108705,71.8115,1.72462,0.328651,71.8274,-3.65356,2.46568,66.7729,-3.72202,-2.41281,67.468
2.05138,-0.122412,76.4086,2.28733,0.314261,76.4611,-2.40857,1.94261,68.7634,-2.53556,-1.9802,69.6644
2.34104,0.0895392,78.2584,2.57027,0.061317,78.3608,-1.56699,1.86102,68.3516,-1.69094,-1.96061,69.338
2.79496,0.120845,78.962,3.01502,0.008213,79.103,-0.607833,1.51623,67.0941,-0.728136,-1.65698,68.1473
3.38754,-0.0287678,75.4129,3.59901,0.149995,75.5515,0.433994,0.923646,62.2083,0.317227,-1.09938,63.2866
3.98463,-0.0639125,79.5782,4.19214,0.171853,79.7704,1.4681,0.499829,63.8464,1.35251,-0.719168,65.0338
4.00686,0.264493,81.3043,4.21814,-0.168305,81.5025,1.81895,0.655875,63.849,1.70879,-0.907358,65.1111
4.32203,0.23685,77.6936,4.53777,-0.144006,77.8433,2.38995,0.392667,59.0063,2.2824,-0.682568,60.3056
5.29307,0.0127859,79.7911,5.51437,0.0932351,79.9399,3.61309,-0.366583,58.9918,3.50656,0.0274761,60.3924
5.74565,-0.0717355,77.5507,5.98248,0.183619,77.6028,4.20225,-0.70365,55.3305,4.0897,0.299457,56.8279
5.7256,0.203396,74.6131,5.98536,-0.0813763,74.4915,4.28662,-0.58812,51.4448,4.15532,0.109795,53.0762
6.70443,-0.679348,62.1691,6.97971,0.828326,61.7512,5.44854,-2.19309,38.3442,5.27252,1.56634,40.1195
6.59925,-1.17803,46.684,6.83902,1.22409,46.0062,3.88452,-1.44314,28.5518,3.85156,0.905601,29.4083
-0.0283273,-0.0107398,0.139818,-0.0285122,0.00998001,0.140248,-0.022884,-0.0144285,0.124402,-0.0226447,0.0120621,0.123737
-0.00394249,-2.05819e-05,0.0731572,-0.00396122,-0.000101522,0.07348,-0.00250178,-0.000375628,0.0670956,-0.00255876,0.000249549,0.0670031
-0.00127432,0.000449127,0.0548512,-0.00128697,-0.000460702,0.055103,-0.000796273,0.00032557,0.0506333,-0.000817035,-0.000181342,0.0505473
-0.000435819,0.000392833,0.0459708,-0.000440088,-0.000375933,0.0461829,-0.000278205,0.000333238,0.0424597,-0.000285519,-0.000138215,0.0424384
2.34716e-05,0.000343436,0.0410019,2.8115e-05,-0.000314303,0.0411962,-9.16164e-06,0.000308687,0.037902,-3.22893e-06,-0.000107788,0.0379769
0.000300135,0.000291044,0.0379355,0.000309335,-0.00025784,0.0381162,0.000154217,0.000267236,0.0351316,0.000166397,-7.03907e-05,0.0353005
0.000444017,0.000246331,0.0360019,0.000453561,-0.000219449,0.0361674,0.000206188,0.000216268,0.0332574,0.000221244,-4.26289e-05,0.0335108
0.000617085,0.000197932,0.0347996,0.000628769,-0.000180071,0.0349544,0.000296892,0.00016338,0.032079,0.00031577,-1.93703e-05,0.0324108
0.00069533,0.000140403,0.0339974,0.000704185,-0.000132165,0.0341344,0.000363606,0.000133705,0.0314378,0.00038568,-1.7443e-05,0.0318445
0.000641332,9.68606e-05,0.0335027,0.000649633,-9.46276e-05,0.0336317,0.00030012,8.83503e-05,0.0309099,0.000319218,9.20611e-07,0.0313738
0.000544977,6.03534e-05,0.0331907,0.000551661,-5.62182e-05,0.0333157,0.000252119,6.64093e-05,0.0305846,0.00026796,4.00037e-06,0.0310964
0.00043516,2.45068e-05,0.0330096,0.000440226,-1.97543e-05,0.0331343,0.000216034,5.09271e-05,0.0304777,0.000228427,2.74732e-06,0.0310308
0.000352845,-6.96607e-06,0.0329508,0.000356667,1.2893e-05,0.0330784,0.000205635,3.59596e-05,0.0306061,0.000215625,2.33107e-06,0.0311973
0.000275038,-1.84623e-05,0.0331746,0.000277908,2.63833e-05,0.0333088,0.000145536,1.35599e-05,0.0308514,0.000151491,6.3458e-06,0.0314752
0.000216607,-2.75942e-05,0.0336959,0.000218694,3.77948e-05,0.0338402,9.46137e-05,-7.84564e-06,0.0312392,9.71745e-05,1.07519e-05,0.0318921
0.000174985,-4.62303e-05,0.034462,0.00017623,5.67598e-05,0.0346184,8.24263e-05,-2.23591e-05,0.03186,8.35051e-05,1.14736e-05,0.0325433
0.000140259,-7.9111e-05,0.0353936,0.000140456,8.75202e-05,0.0355629,0.000121473,-2.70663e-05,0.0328415,0.000123656,4.92191e-06,0.0335625
0.000110195,-8.81224e-05,0.0367619,0.000109737,9.62326e-05,0.0369474,8.38623e-05,-4.87549e-05,0.0340517,8.40612e-05,8.35726e-06,0.0348119
8.2646e-05,-0.000100293,0.0386702,8.13312e-05,0.000106634,0.0388754,4.38605e-05,-7.28588e-05,0.0355476,4.23426e-05,1.08757e-05,0.0363503
5.44093e-05,-0.000138267,0.0410776,5.15602e-05,0.000139913,0.0413044,7.54092e-05,-8.7086e-05,0.0375579,7.57636e-05,4.57381e-06,0.0384153
2.38783e-05,-0.000184444,0.0441556,1.91755e-05,0.000180915,0.0444073,0.000117834,-0.000104787,0.0402279,0.000120859,-3.66109e-06,0.0411563
1.16096e-05,-0.000220422,0.0484211,4.90256e-06,0.000212214,0.0487047,8.42942e-05,-0.000149623,0.043596,8.697e-05,-3.31012e-07,0.0446089
-8.15151e-06,-0.000305995,0.0542146,-1.84844e-05,0.000286428,0.0545375,0.00013079,-0.000200271,0.0481055,0.000137506,-7.40177e-06,0.0492294
-8.19816e-05,-0.000465466,0.0621959,-9.90594e-05,0.000424883,0.0625671,0.000248514,-0.000266066,0.0544177,0.000263457,-2.88755e-05,0.0556952
-0.000203867,-0.000699495,0.0743665,-0.000232161,0.000623259,0.0748076,0.00020308,-0.000413209,0.0632154,0.000219614,-4.23572e-05,0.0646927
-0.000449427,-0.00128182,0.0938778,-0.000502529,0.00112414,0.0944178,0.000334994,-0.000661083,0.0766688,0.000363892,-9.1678e-05,0.0784339
-0.00133226,-0.00289632,0.128531,-0.00144918,0.00251653,0.129213,0.000727041,-0.0012156,0.0996171,0.000782068,-0.000220933,0.101821
-0.00495569,-0.00892833,0.206682,-0.00529096,0.00767314,0.207557,0.00113487,-0.00295197,0.145631,0.00121428,-0.00061797,0.148467
-0.0476924,-0.0698128,0.538676,-0.0496735,0.0587872,0.537262,0.000229081,-0.0126107,0.279172,0.000243714,-0.00313355,0.281665
-20.8883,13.322,109.927,-20.5163,-13.7459,108.157,1.55563,-0.782102,5.04926,1.55329,-1.30887,5.17263
-24.7682,32.9376,190.097,-24.1727,-32.6812,188.466,-29.8929,41.8267,250.733,-28.8743,-43.38,248.543
-4.64483,1.41972,11.5898,-4.6379,-1.4881,11.5837,-1.23589,0.124535,2.57689,-1.29619,-0.174945,2.66426
-4.07174,1.69866,10.5192,-4.07483,-1.71711,10.5378,-0.206562,0.0385237,0.719069,-0.210637,-0.0418011,0.726444
-5.06473,2.26288,12.9673,-5.069,-2.32096,13.0647,-0.0558772,0.0175072,0.411113,-0.0574419,-0.0161923,0.412788
-5.85093,2.50675,12.1295,-5.85563,-2.56644,12.2864,0.00439892,0.00980858,0.354077,0.00397549,-0.00823828,0.354781
-0.681006,0.155376,75.813,-0.398951,0.0730855,75.7438,-6.01692,3.23504,71.7139,-6.26519,-3.13607,72.6299
1.49536,-0.108697,71.8115,1.72462,0.328658,71.8274,-3.65356,2.4657,66.7729,-3.72202,-2.4128,67.468
2.05138,-0.122404,76.4086,2.28734,0.314267,76.4611,-2.40858,1.94263,68.7634,-2.53556,-1.98019,69.6644
2.34104,0.0895468,78.2584,2.57027,0.0613225,78.3608,-1.56699,1.86103,68.3517,-1.69094,-1.96061,69.338
2.79496,0.120852,78.962,3.01502,0.00821821,79.103,-0.607836,1.51624,67.0941,-0.728136,-1.65698,68.1473
3.38753,-0.0287605,75.4129,3.59901,0.15,75.5515,0.433991,0.923657,62.2083,0.317227,-1.09937,63.2866
3.98463,-0.0639052,79.5782,4.19213,0.171857,79.7704,1.4681,0.49984,63.8464,1.35251,-0.719161,65.0338
4.00686,0.264501,81.3043,4.21814,-0.1683,81.5025,1.81895,0.655887,63.849,1.70879,-0.90735,65.1111
4.32202,0.236857,77.6936,4.53776,-0.144001,77.8433,2.38995,0.392679,59.0063,2.2824,-0.68256,60.3056
5.29307,0.0127934,79.7911,5.51436,0.0932394,79.9399,3.61309,-0.36657,58.9918,3.50656,0.0274838,60.3924
5.74565,-0.0717281,77.5507,5.98248,0.183623,77.6028,4.20225,-0.703636,55.3305,4.08969,0.299465,56.8279
5.7256,0.203403,74.6131,5.98536,-0.0813729,74.4915,4.28661,-0.588102,51.4448,4.15532,0.109804,53.0762
6.70443,-0.679343,62.1691,6.97971,0.828327,61.7512,5.44856,-2.1931,38.3442,5.27251,1.56633,40.1196
6.59924,-1.17802,46.6841,6.83903,1.22408,46.0062,3.88488,-1.44361,28.5505,3.85135,0.905303,29.4091
-0.0283273,-0.0107398,0.139818,-0.0285122,0.00998,0.140248,-0.022884,-0.0144285,0.124402,-0.0226447,0.0120621,0.123737
-0.00394249,-2.05823e-05,0.0731572,-0.00396122,-0.000101522,0.07348,-0.00250177,-0.00037563,0.0670956,-0.00255876,0.000249548,0.0670031
-0.00127432,0.000449127,0.0548512,-0.00128697,-0.000460702,0.055103,-0.000796271,0.000325569,0.0506333,-0.000817036,-0.000181342,0.0505473
-0.000435819,0.000392833,0.0459708,-0.000440088,-0.000375933,0.0461829,-0.000278205,0.000333237,0.0424597,-0.00028552,-0.000138215,0.0424384
2.34714e-05,0.000343436,0.0410019,2.81149e-05,-0.000314303,0.0411962,-9.16135e-06,0.000308687,0.037902,-3.22935e-06,-0.000107788,0.0379769
0.000300135,0.000291045,0.0379355,0.000309335,-0.00025784,0.0381162,0.000154218,0.000267236,0.0351316,0.000166396,-7.03904e-05,0.0353005
0.000444017,0.000246331,0.0360019,0.000453561,-0.000219449,0.0361674,0.000206188,0.000216268,0.0332574,0.000221243,-4.26286e-05,0.0335108
0.000617085,0.000197933,0.0347996,0.000628769,-0.000180071,0.0349544,0.000296892,0.00016338,0.032079,0.00031577,-1.937e-05,0.0324108
0.00069533,0.000140403,0.0339974,0.000704185,-0.000132165,0.0341344,0.000363606,0.000133705,0.0314378,0.00038568,-1.74427e-05,0.0318445
0.000641332,9.6861e-05,0.0335027,0.000649633,-9.46273e-05,0.0336317,0.00030012,8.83506e-05,0.0309099,0.000319218,9.20929e-07,0.0313738
0.000544977,6.03537e-05,0.0331907,0.000551661,-5.62179e-05,0.0333157,0.000252119,6.64096e-05,0.0305846,0.00026796,4.00069e-06,0.0310964
0.00043516,2.45072e-05,0.0330096,0.000440226,-1.97539e-05,0.0331343,0.000216034,5.09274e-05,0.0304777,0.000228427,2.74765e-06,0.0310308
0.000352845,-6.96569e-06,0.0329508,0.000356666,1.28934e-05,0.0330784,0.000205635,3.596e-05,0.0306061,0.000215625,2.33141e-06,0.0311973
0.000275038,-1.84619e-05,0.0331746,0.000277908,2.63837e-05,0.0333088,0.000145535,1.35603e-05,0.0308514,0.000151491,6.34616e-06,0.0314752
0.000216607,-2.75937e-05,0.0336959,0.000218694,3.77952e-05,0.0338402,9.46134e-05,-7.8452e-06,0.0312392,9.71744e-05,1.07522e-05,0.0318921
0.000174985,-4.62298e-05,0.034462,0.000176229,5.67603e-05,0.0346184,8.2426e-05,-2.23587e-05,0.03186,8.3505e-05,1.1474e-05,0.0325433
0.000140259,-7.91105e-05,0.0353936,0.000140455,8.75207e-05,0.0355629,0.000121472,-2.70658e-05,0.0328415,0.000123656,4.92235e-06,0.0335625
0.000110195,-8.81218e-05,0.0367619,0.000109736,9.62332e-05,0.0369474,8.38618e-05,-4.87543e-05,0.0340517,8.40612e-05,8.35774e-06,0.0348119
8.26458e-05,-0.000100293,0.0386702,8.1331e-05,0.000106635,0.0388754,4.386e-05,-7.28582e-05,0.0355476,4.23426e-05,1.08762e-05,0.0363503
5.44091e-05,-0.000138267,0.0410776,5.15599e-05,0.000139914,0.0413044,7.54087e-05,-8.70853e-05,0.0375579,7.57636e-05,4.57442e-06,0.0384153
2.38781e-05,-0.000184443,0.0441556,1.91752e-05,0.000180916,0.0444073,0.000117833,-0.000104786,0.0402279,0.000120859,-3.66038e-06,0.0411563
1.16094e-05,-0.000220421,0.0484211,4.90219e-06,0.000212215,0.0487047,8.42936e-05,-0.000149622,0.043596,8.69699e-05,-3.30174e-07,0.0446089
-8.15178e-06,-0.000305993,0.0542146,-1.84849e-05,0.000286429,0.0545375,0.000130789,-0.000200269,0.0481055,0.000137506,-7.40074e-06,0.0492294
-8.1982e-05,-0.000465464,0.0621959,-9.906e-05,0.000424885,0.0625671,0.000248513,-0.000266064,0.0544177,0.000263457,-2.88742e-05,0.0556952
-0.000203867,-0.000699492,0.0743665,-0.000232161,0.000623262,0.0748076,0.000203079,-0.000413207,0.0632154,0.000219614,-4.23554e-05,0.0646927
-0.000449428,-0.00128181,0.0938778,-0.00050253,0.00112415,0.0944178,0.000334993,-0.00066108,0.0766688,0.000363892,-9.16754e-05,0.0784339
-0.00133226,-0.00289631,0.128531,-0.00144918,0.00251654,0.129213,0.000727038,-0.00121559,0.0996171,0.000782068,-0.000220929,0.101821
-0.00495569,-0.0089283,0.206682,-0.00529096,0.00767317,0.207557,0.00113487,-0.00295196,0.145631,0.00121428,-0.000617961,0.148467
-0.0476925,-0.0698127,0.538676,-0.0496735,0.0587875,0.537262,0.000229065,-0.0126107,0.279172,0.000243718,-0.00313352,0.281665
-20.8883,13.322,109.927,-20.5163,-13.7459,108.157,1.55563,-0.782096,5.04926,1.5533,-1.30887,5.17264
-24.7682,32.9376,190.097,-24.1727,-32.6811,188.466,-29.8929,41.8267,250.733,-28.8742,-43.38,248.543
-4.64483,1.41972,11.5898,-4.6379,-1.4881,11.5837,-1.23588,0.124535,2.57689,-1.29619,-0.174945,2.66426
-4.07174,1.69866,10.5192,-4.07483,-1.71711,10.5378,-0.206562,0.0385236,0.719069,-0.210637,-0.041801,0.726444
-5.06473,2.26288,12.9673,-5.06901,-2.32097,13.0647,-0.0558771,0.0175072,0.411113,-0.0574418,-0.0161923,0.412787
-5.85094,2.50676,12.1295,-5.85563,-2.56644,12.2864,0.00439891,0.00980859,0.354077,0.00397548,-0.00823825,0.354781
-0.681008,0.155381,75.8131,-0.398951,0.0730891,75.7438,-6.01692,3.23504,71.7139,-6.26519,-3.13606,72.6299
1.49536,-0.108693,71.8115,1.72462,0.328661,71.8274,-3.65356,2.4657,66.7729,-3.72202,-2.41279,67.468
2.05138,-0.1224,76.4087,2.28734,0.31427,76.4611,-2.40858,1.94263,68.7634,-2.53556,-1.98019,69.6644
2.34104,0.0895507,78.2584,2.57028,0.0613253,78.3608,-1.567,1.86103,68.3517,-1.69094,-1.9606,69.338
2.79496,0.120856,78.962,3.01502,0.00822081,79.103,-0.607838,1.51625,67.0941,-0.728136,-1.65697,68.1473
3.38753,-0.0287568,75.413,3.59901,0.150002,75.5515,0.43399,0.923663,62.2083,0.317227,-1.09937,63.2866
3.98463,-0.0639015,79.5782,4.19213,0.17186,79.7704,1.4681,0.499846,63.8464,1.35251,-0.719157,65.0338
4.00686,0.264504,81.3043,4.21814,-0.168298,81.5025,1.81895,0.655893,63.849,1.70879,-0.907346,65.1111
4.32202,0.236861,77.6936,4.53776,-0.143999,77.8433,2.38994,0.392685,59.0063,2.28239,-0.682557,60.3056
5.29307,0.0127971,79.7911,5.51436,0.0932416,79.9399,3.61309,-0.366563,58.9918,3.50656,0.0274874,60.3924
5.74565,-0.0717244,77.5507,5.98247,0.183625,77.6028,4.20225,-0.703629,55.3305,4.08969,0.299469,56.8279
5.7256,0.203406,74.6131,5.98535,-0.0813713,74.4915,4.28661,-0.588094,51.4448,4.15532,0.109809,53.0762
6.70443,-0.67934,62.1691,6.97971,0.828328,61.7512,5.44858,-2.19311,38.3441,5.2725,1.56632,40.1196
6.59924,-1.17802,46.6841,6.83903,1.22408,46.0062,3.88506,-1.44384,28.5499,3.85125,0.905154,29.4095
-0.0283273,-0.0107398,0.139818,-0.0285122,0.00998,0.140248,-0.022884,-0.0144285,0.124402,-0.0226447,0.0120621,0.123737
-0.00394249,-2.05825e-05,0.0731572,-0.00396122,-0.000101523,0.07348,-0.00250177,-0.000375631,0.0670956,-0.00255877,0.000249548,0.0670031
-0.00127432,0.000449127,0.0548512,-0.00128697,-0.000460702,0.055103,-0.000796271,0.000325569,0.0506332,-0.000817037,-0.000181342,0.0505473
-0.000435819,0.000392833,0.0459708,-0.000440088,-0.000375933,0.0461829,-0.000278204,0.000333237,0.0424597,-0.00028552,-0.000138215,0.0424384
2.34713e-05,0.000343436,0.0410019,2.81149e-05,-0.000314303,0.0411962,-9.16121e-06,0.000308687,0.037902,-3.22956e-06,-0.000107788,0.0379769
0.000300135,0.000291045,0.0379355,0.000309335,-0.00025784,0.0381162,0.000154218,0.000267236,0.0351316,0.000166396,-7.03902e-05,0.0353005
0.000444016,0.000246331,0.0360019,0.00045356,-0.000219449,0.0361674,0.000206188,0.000216269,0.0332574,0.000221243,-4.26285e-05,0.0335108
0.000617085,0.000197933,0.0347996,0.000628769,-0.000180071,0.0349544,0.000296892,0.00016338,0.032079,0.00031577,-1.93698e-05,0.0324108
0.00069533,0.000140403,0.0339974,0.000704185,-0.000132164,0.0341344,0.000363606,0.000133705,0.0314378,0.00038568,-1.74425e-05,0.0318445
0.000641332,9.68611e-05,0.0335027,0.000649633,-9.46271e-05,0.0336317,0.00030012,8.83507e-05,0.0309099,0.000319218,9.21088e-07,0.0313738
0.000544977,6.03539e-05,0.0331907,0.00055166,-5.62177e-05,0.0333157,0.000252118,6.64098e-05,0.0305845,0.00026796,4.00085e-06,0.0310964
0.00043516,2.45073e-05,0.0330096,0.000440226,-1.97537e-05,0.0331343,0.000216034,5.09276e-05,0.0304777,0.000228427,2.74781e-06,0.0310308
0.000352845,-6.9655e-06,0.0329508,0.000356666,1.28936e-05,0.0330784,0.000205635,3.59602e-05,0.0306061,0.000215625,2.33159e-06,0.0311973
0.000275038,-1.84617e-05,0.0331746,0.000277908,2.63839e-05,0.0333088,0.000145535,1.35605e-05,0.0308514,0.000151491,6.34634e-06,0.0314752
0.000216607,-2.75935e-05,0.0336959,0.000218694,3.77954e-05,0.0338402,9.46133e-05,-7.84498e-06,0.0312392,9.71744e-05,1.07524e-05,0.0318921
0.000174985,-4.62296e-05,0.034462,0.000176229,5.67605e-05,0.0346184,8.24258e-05,-2.23584e-05,0.03186,8.3505e-05,1.14742e-05,0.0325433
0.000140259,-7.91102e-05,0.0353936,0.000140455,8.7521e-05,0.0355629,0.000121472,-2.70655e-05,0.0328415,0.000123656,4.92257e-06,0.0335625
0.000110195,-8.81215e-05,0.0367619,0.000109736,9.62335e-05,0.0369474,8.38616e-05,-4.87541e-05,0.0340517,8.40611e-05,8.35799e-06,0.0348119
8.26457e-05,-0.000100292,0.0386702,8.13308e-05,0.000106635,0.0388754,4.38598e-05,-7.28578e-05,0.0355476,4.23426e-05,1.08765e-05,0.0363503
5.4409e-05,-0.000138266,0.0410776,5.15598e-05,0.000139914,0.0413044,7.54085e-05,-8.70849e-05,0.0375579,7.57635e-05,4.57472e-06,0.0384153
2.3878e-05,-0.000184443,0.0441556,1.9175e-05,0.000180916,0.0444073,0.000117833,-0.000104786,0.0402279,0.000120859,-3.66002e-06,0.0411563
1.16093e-05,-0.00022042,0.0484211,4.902e-06,0.000212215,0.0487047,8.42932e-05,-0.000149621,0.043596,8.69699e-05,-3.29755e-07,0.0446089
-8.15192e-06,-0.000305993,0.0542146,-1.84851e-05,0.00028643,0.0545375,0.000130789,-0.000200269,0.0481055,0.000137506,-7.40023e-06,0.0492294
-8.19821e-05,-0.000465463,0.0621959,-9.90603e-05,0.000424886,0.0625671,0.000248513,-0.000266063,0.0544177,0.000263457,-2.88735e-05,0.0556952
-0.000203867,-0.00069949,0.0743665,-0.000232162,0.000623264,0.0748076,0.000203079,-0.000413206,0.0632154,0.000219614,-4.23546e-05,0.0646927
-0.000449428,-0.00128181,0.0938778,-0.000502531,0.00112415,0.0944178,0.000334992,-0.000661078,0.0766688,0.000363892,-9.16742e-05,0.0784339
-0.00133226,-0.00289631,0.128531,-0.00144918,0.00251654,0.129213,0.000727037,-0.00121559,0.0996171,0.000782068,-0.000220926,0.101821
-0.00495569,-0.00892829,0.206682,-0.00529097,0.00767318,0.207557,0.00113487,-0.00295195,0.145631,0.00121428,-0.000617957,0.148467
-0.0476925,-0.0698126,0.538676,-0.0496736,0.0587876,0.537262,0.000229057,-0.0126106,0.279172,0.00024372,-0.0031335,0.281665
-20.8883,13.322,109.927,-20.5163,-13.7459,108.157,1.55563,-0.782092,5.04926,1.5533,-1.30887,5.17264
-24.7681,32.9376,190.097,-24.1727,-32.6811,188.466,-29.8929,41.8267,250.733,-28.8743,-43.38,248.543
-4.64484,1.41972,11.5898,-4.6379,-1.4881,11.5837,-1.23588,0.124535,2.57689,-1.29619,-0.174944,2.66426
-4.07174,1.69866,10.5192,-4.07483,-1.71711,10.5378,-0.206562,0.0385236,0.719068,-0.210637,-0.0418009,0.726443
-5.06473,2.26288,12.9673,-5.06901,-2.32097,13.0647,-0.0558771,0.0175072,0.411113,-0.0574418,-0.0161923,0.412787
-5.85094,2.50676,12.1295,-5.85563,-2.56643,12.2864,0.00439891,0.0098086,0.354077,0.00397548,-0.00823824,0.354781
-0.681008,0.155383,75.8131,-0.39895,0.0730909,75.7438,-6.01692,3.23505,71.7139,-6.26519,-3.13606,72.6299
1.49536,-0.108691,71.8115,1.72462,0.328662,71.8274,-3.65356,2.46571,66.7729,-3.72202,-2.41279,67.468
2.05138,-0.122398,76.4087,2.28734,0.314272,76.4611,-2.40858,1.94264,68.7634,-2.53556,-1.98018,69.6644
2.34104,0.0895526,78.2584,2.57028,0.0613266,78.3608,-1.567,1.86104,68.3517,-1.69094,-1.9606,69.338
2.79496,0.120858,78.962,3.01502,0.00822212,79.103,-0.607839,1.51625,67.0941,-0.728136,-1.65697,68.1473
3.38753,-0.028755,75.413,3.59901,0.150004,75.5515,0.433989,0.923665,62.2083,0.317226,-1.09937,63.2866
3.98463,-0.0638996,79.5782,4.19213,0.171861,79.7704,1.46809,0.499849,63.8464,1.35251,-0.719155,65.0338
4.00686,0.264506,81.3043,4.21814,-0.168296,81.5025,1.81895,0.655896,63.849,1.70879,-0.907345,65.1111
4.32202,0.236863,77.6936,4.53776,-0.143998,77.8433,2.38994,0.392688,59.0063,2.2824,-0.682555,60.3056
5.29307,0.012799,79.7911,5.51436,0.0932426,79.9399,3.61309,-0.36656,58.9918,3.50656,0.0274891,60.3924
5.74565,-0.0717226,77.5507,5.98247,0.183626,77.6028,4.20224,-0.703625,55.3305,4.08969,0.299471,56.8279
5.7256,0.203408,74.6131,5.98535,-0.0813704,74.4915,4.28661,-0.588089,51.4448,4.15532,0.109811,53.0762
6.70443,-0.679339,62.1691,6.97971,0.828328,61.7512,5.44858,-2.19311,38.3441,5.2725,1.56632,40.1196
6.59923,-1.17801,46.6841,6.83904,1.22408,46.0061,3.88515,-1.44396,28.5495,3.8512,0.905079,29.4097
-0.0283273,-0.0107398,0.139818,-0.0285122,0.00998,0.140248,-0.022884,-0.0144285,0.124402,-0.0226447,0.0120621,0.123737
-0.00394249,-2.05826e-05,0.0731572,-0.00396122,-0.000101523,0.07348,-0.00250177,-0.000375632,0.0670956,-0.00255877,0.000249548,0.0670031
-0.00127432,0.000449127,0.0548512,-0.00128697,-0.000460702,0.055103,-0.00079627,0.000325568,0.0506332,-0.000817037,-0.000181342,0.0505473
-0.000435819,0.000392833,0.0459708,-0.000440088,-0.000375933,0.0461829,-0.000278204,0.000333237,0.0424597,-0.000285521,-0.000138215,0.0424384
2.34712e-05,0.000343436,0.0410019,2.81148e-05,-0.000314303,0.0411962,-9.16113e-06,0.000308687,0.037902,-3.22966e-06,-0.000107788,0.0379769
0.000300135,0.000291045,0.0379355,0.000309335,-0.00025784,0.0381162,0.000154218,0.000267236,0.0351316,0.000166396,-7.03902e-05,0.0353005
0.000444016,0.000246331,0.0360019,0.00045356,-0.000219449,0.0361674,0.000206188,0.000216269,0.0332574,0.000221243,-4.26284e-05,0.0335108
0.000617085,0.000197933,0.0347996,0.000628769,-0.000180071,0.0349544,0.000296892,0.00016338,0.032079,0.00031577,-1.93698e-05,0.0324108
0.00069533,0.000140403,0.0339974,0.000704185,-0.000132164,0.0341344,0.000363606,0.000133705,0.0314378,0.00038568,-1.74424e-05,0.0318445
0.000641332,9.68612e-05,0.0335027,0.000649633,-9.4627e-05,0.0336317,0.00030012,8.83508e-05,0.0309099,0.000319218,9.21167e-07,0.0313738
0.000544977,6.0354e-05,0.0331907,0.00055166,-5.62176e-05,0.0333157,0.000252118,6.64099e-05,0.0305845,0.00026796,4.00094e-06,0.0310964
0.00043516,2.45074e-05,0.0330096,0.000440226,-1.97536e-05,0.0331343,0.000216034,5.09277e-05,0.0304777,0.000228427,2.74789e-06,0.0310308
0.000352845,-6.96541e-06,0.0329508,0.000356666,1.28937e-05,0.0330784,0.000205635,3.59603e-05,0.0306061,0.000215625,2.33167e-06,0.0311973
0.000275038,-1.84616e-05,0.0331746,0.000277908,2.6384e-05,0.0333088,0.000145535,1.35606e-05,0.0308514,0.000151491,6.34643e-06,0.0314752
0.000216607,-2.75934e-05,0.0336959,0.000218694,3.77955e-05,0.0338402,9.46132e-05,-7.84487e-06,0.0312392,9.71744e-05,1.07525e-05,0.0318921
0.000174985,-4.62295e-05,0.034462,0.000176229,5.67606e-05,0.0346184,8.24257e-05,-2.23583e-05,0.03186,8.3505e-05,1.14743e-05,0.0325433
0.000140259,-7.91101e-05,0.0353936,0.000140455,8.75211e-05,0.0355629,0.000121472,-2.70654e-05,0.0328415,0.000123656,4.92268e-06,0.0335625
0.000110195,-8.81213e-05,0.0367619,0.000109736,9.62336e-05,0.0369474,8.38615e-05,-4.87539e-05,0.0340517,8.40611e-05,8.35811e-06,0.0348119
8.26457e-05,-0.000100292,0.0386702,8.13308e-05,0.000106635,0.0388754,4.38597e-05,-7.28577e-05,0.0355476,4.23426e-05,1.08766e-05,0.0363503
5.4409e-05,-0.000138266,0.0410776,5.15597e-05,0.000139914,0.0413044,7.54084e-05,-8.70847e-05,0.0375579,7.57635e-05,4.57488e-06,0.0384153
2.3878e-05,-0.000184443,0.0441556,1.9175e-05,0.000180916,0.0444073,0.000117833,-0.000104786,0.0402279,0.000120859,-3.65985e-06,0.0411563
1.16092e-05,-0.00022042,0.0484211,4.90191e-06,0.000212216,0.0487047,8.42931e-05,-0.000149621,0.043596,8.69699e-05,-3.29546e-07,0.0446089
-8.15198e-06,-0.000305992,0.0542146,-1.84853e-05,0.000286431,0.0545375,0.000130789,-0.000200268,0.0481055,0.000137506,-7.39997e-06,0.0492294
-8.19822e-05,-0.000465463,0.0621959,-9.90605e-05,0.000424887,0.0625671,0.000248513,-0.000266063,0.0544177,0.000263457,-2.88732e-05,0.0556952
-0.000203867,-0.000699489,0.0743665,-0.000232162,0.000623265,0.0748076,0.000203078,-0.000413205,0.0632154,0.000219614,-4.23541e-05,0.0646927
-0.000449428,-0.00128181,0.0938778,-0.000502531,0.00112415,0.0944178,0.000334991,-0.000661077,0.0766688,0.000363892,-9.16735e-05,0.0784339
-0.00133226,-0.0028963,0.128531,-0.00144918,0.00251655,0.129213,0.000727036,-0.00121558,0.0996171,0.000782068,-0.000220925,0.101821
-0.00495569,-0.00892828,0.206682,-0.00529097,0.00767319,0.207557,0.00113487,-0.00295195,0.145631,0.00121428,-0.000617955,0.148467
-0.0476925,-0.0698125,0.538676,-0.0496736,0.0587876,0.537262,0.000229053,-0.0126106,0.279172,0.000243721,-0.0031335,0.281665
-20.8883,13.322,109.927,-20.5163,-13.7459,108.157,1.55563,-0.782091,5.04926,1.5533,-1.30887,5.17264
-24.7681,32.9376,190.097,-24.1727,-32.6811,188.466,-29.8929,41.8267,250.733,-28.8743,-43.38,248.543
-4.64484,1.41972,11.5898,-4.6379,-1.4881,11.5837,-1.23588,0.124535,2.57689,-1.29619,-0.174944,2.66426
-4.07174,1.69866,10.5192,-4.07483,-1.71711,10.5378,-0.206562,0.0385236,0.719068,-0.210636,-0.0418009,0.726443
-5.06473,2.26288,12.9673,-5.06901,-2.32097,13.0647,-0.0558771,0.0175072,0.411113,-0.0574418,-0.0161923,0.412787
-5.85094,2.50676,12.1295,-5.85563,-2.56643,12.2864,0.0043989,0.0098086,0.354077,0.00397548,-0.00823823,0.354781
-0.681009,0.155384,75.8131,-0.39895,0.0730918,75.7438,-6.01692,3.23505,71.714,-6.26519,-3.13606,72.6299
1.49536,-0.10869,71.8115,1.72462,0.328663,71.8274,-3.65356,2.46571,66.7729,-3.72202,-2.41279,67.468
2.05138,-0.122397,76.4087,2.28734,0.314273,76.4611,-2.40858,1.94264,68.7634,-2.53556,-1.98018,69.6644
2.34104,0.0895536,78.2584,2.57028,0.0613273,78.3608,-1.567,1.86104,68.3517,-1.69094,-1.9606,69.338
2.79496,0.120859,78.962,3.01502,0.00822277,79.103,-0.607839,1.51625,67.0941,-0.728136,-1.65697,68.1473
3.38753,-0.0287541,75.413,3.59901,0.150004,75.5515,0.433988,0.923667,62.2083,0.317226,-1.09937,63.2866
3.98463,-0.0638987,79.5782,4.19213,0.171862,79.7704,1.46809,0.499851,63.8465,1.35251,-0.719154,65.0338
4.00686,0.264507,81.3043,4.21814,-0.168296,81.5025,1.81895,0.655897,63.849,1.70879,-0.907344,65.1111
4.32202,0.236864,77.6936,4.53776,-0.143997,77.8433,2.38994,0.392689,59.0063,2.2824,-0.682554,60.3056
5.29307,0.0127999,79.7911,5.51436,0.0932432,79.9399,3.61309,-0.366559,58.9918,3.50656,0.0274903,60.3924
5.74565,-0.0717217,77.5507,5.98247,0.183627,77.6028,4.20224,-0.703624,55.3305,4.08969,0.299472,56.8279
5.7256,0.203409,74.6131,5.98535,-0.08137,74.4915,4.28661,-0.588087,51.4448,4.15532,0.109812,53.0762
6.70443,-0.679338,62.1691,6.97971,0.828328,61.7512,5.44858,-2.19311,38.3441,5.2725,1.56632,40.1196
6.59923,-1.17801,46.6841,6.83904,1.22408,46.0061,3.8852,-1.44402,28.5494,3.85117,0.905042,29.4098
-0.0283273,-0.0107398,0.139818,-0.0285122,0.00998,0.140248,-0.022884,-0.0144285,0.124402,-0.0226447,0.0120621,0.123737
-0.00394249,-2.05826e-05,0.0731572,-0.00396122,-0.000101523,0.07348,-0.00250177,-0.000375632,0.0670956,-0.00255877,0.000249548,0.0670031
-0.00127432,0.000449127,0.0548512,-0.00128697,-0.000460702,0.055103,-0.00079627,0.000325568,0.0506332,-0.000817037,-0.000181342,0.0505473
-0.00043582,0.000392833,0.0459708,-0.000440088,-0.000375933,0.0461829,-0.000278204,0.000333237,0.0424597,-0.000285521,-0.000138215,0.0424384
2.34712e-05,0.000343436,0.0410019,2.81148e-05,-0.000314303,0.0411962,-9.16109e-06,0.000308687,0.037902,-3.22971e-06,-0.000107788,0.0379769
0.000300135,0.000291045,0.0379355,0.000309335,-0.00025784,0.0381162,0.000154218,0.000267236,0.0351316,0.000166396,-7.03901e-05,0.0353005
0.000444016,0.000246331,0.0360019,0.00045356,-0.000219449,0.0361674,0.000206188,0.000216269,0.0332574,0.000221243,-4.26284e-05,0.0335108
0.000617085,0.000197933,0.0347996,0.000628769,-0.000180071,0.0349544,0.000296892,0.00016338,0.032079,0.00031577,-1.93697e-05,0.0324108
0.00069533,0.000140403,0.0339974,0.000704185,-0.000132164,0.0341344,0.000363606,0.000133705,0.0314378,0.00038568,-1.74424e-05,0.0318445
0.000641332,9.68612e-05,0.0335027,0.000649633,-9.4627e-05,0.0336317,0.00030012,8.83508e-05,0.0309099,0.000319218,9.21207e-07,0.0313738
0.000544977,6.0354e-05,0.0331907,0.00055166,-5.62176e-05,0.0333157,0.000252118,6.64099e-05,0.0305845,0.00026796,4.00098e-06,0.0310964
0.00043516,2.45075e-05,0.0330096,0.000440226,-1.97536e-05,0.0331343,0.000216034,5.09277e-05,0.0304777,0.000228427,2.74794e-06,0.0310308
0.000352845,-6.96536e-06,0.0329508,0.000356666,1.28937e-05,0.0330784,0.000205635,3.59603e-05,0.0306061,0.000215625,2.33172e-06,0.0311973
0.000275038,-1.84615e-05,0.0331746,0.000277908,2.63841e-05,0.0333088,0.000145535,1.35607e-05,0.0308514,0.000151491,6.34647e-06,0.0314752
0.000216607,-2.75933e-05,0.0336959,0.000218694,3.77956e-05,0.0338402,9.46131e-05,-7.84482e-06,0.0312392,9.71743e-05,1.07526e-05,0.0318921
0.000174985,-4.62294e-05,0.034462,0.000176229,5.67607e-05,0.0346184,8.24257e-05,-2.23582e-05,0.03186,8.3505e-05,1.14743e-05,0.0325433
0.000140259,-7.911e-05,0.0353936,0.000140455,8.75212e-05,0.0355629,0.000121472,-2.70653e-05,0.0328415,0.000123656,4.92274e-06,0.0335625
0.000110194,-8.81213e-05,0.0367619,0.000109736,9.62337e-05,0.0369474,8.38615e-05,-4.87538e-05,0.0340517,8.40611e-05,8.35817e-06,0.0348119
8.26457e-05,-0.000100292,0.0386702,8.13308e-05,0.000106635,0.0388754,4.38596e-05,-7.28576e-05,0.0355476,4.23426e-05,1.08767e-05,0.0363503
5.4409e-05,-0.000138266,0.0410776,5.15597e-05,0.000139914,0.0413044,7.54083e-05,-8.70846e-05,0.0375579,7.57635e-05,4.57495e-06,0.0384153
2.38779e-05,-0.000184442,0.0441556,1.91749e-05,0.000180917,0.0444073,0.000117833,-0.000104785,0.0402279,0.000120859,-3.65976e-06,0.0411563
1.16092e-05,-0.00022042,0.0484211,4.90186e-06,0.000212216,0.0487047,8.4293e-05,-0.000149621,0.043596,8.69699e-05,-3.29441e-07,0.0446089
-8.15201e-06,-0.000305992,0.0542146,-1.84853e-05,0.000286431,0.0545375,0.000130788,-0.000200268,0.0481055,0.000137506,-7.39985e-06,0.0492294
-8.19822e-05,-0.000465462,0.0621959,-9.90606e-05,0.000424887,0.0625671,0.000248512,-0.000266063,0.0544177,0.000263457,-2.88731e-05,0.0556952
-0.000203868,-0.000699489,0.0743665,-0.000232162,0.000623265,0.0748076,0.000203078,-0.000413205,0.0632154,0.000219614,-4.23539e-05,0.0646927
-0.000449428,-0.00128181,0.0938778,-0.000502531,0.00112415,0.0944178,0.000334991,-0.000661077,0.0766688,0.000363892,-9.16732e-05,0.0784339
-0.00133226,-0.0028963,0.128531,-0.00144918,0.00251655,0.129213,0.000727036,-0.00121558,0.0996171,0.000782068,-0.000220925,0.101821
-0.00495569,-0.00892828,0.206682,-0.00529097,0.00767319,0.207557,0.00113486,-0.00295195,0.145631,0.00121428,-0.000617954,0.148467
-0.0476925,-0.0698125,0.538676,-0.0496736,0.0587877,0.537262,0.000229051,-0.0126106,0.279172,0.000243721,-0.00313349,0.281665
-20.8883,13.322,109.927,-20.5163,-13.7459,108.157,1.55563,-0.78209,5.04926,1.5533,-1.30887,5.17264
-24.7681,32.9376,190.097,-24.1727,-32.6811,188.466,-29.8929,41.8267,250.733,-28.8743,-43.38,248.543
-4.64484,1.41972,11.5898,-4.6379,-1.4881,11.5837,-1.23588,0.124535,2.57688,-1.29619,-0.174944,2.66425
-4.07174,1.69866,10.5192,-4.07483,-1.71711,10.5378,-0.206562,0.0385236,0.719068,-0.210636,-0.0418009,0.726443
-5.06473,2.26288,12.9673,-5.06901,-2.32097,13.0647,-0.0558771,0.0175072,0.411113,-0.0574418,-0.0161923,0.412787
-5.85094,2.50676,12.1295,-5.85563,-2.56643,12.2864,0.0043989,0.00980861,0.354077,0.00397548,-0.00823823,0.354781
-0.681009,0.155385,75.8131,-0.39895,0.0730923,75.7438,-6.01692,3.23505,71.714,-6.26519,-3.13606,72.6299
1.49536,-0.108689,71.8115,1.72462,0.328664,71.8274,-3.65356,2.46571,66.7729,-3.72202,-2.41279,67.468
2.05138,-0.122397,76.4087,2.28734,0.314273,76.4611,-2.40858,1.94264,68.7634,-2.53556,-1.98018,69.6644
2.34104,0.089554,78.2584,2.57028,0.0613277,78.3608,-1.567,1.86104,68.3517,-1.69094,-1.9606,69.338
2.79496,0.120859,78.962,3.01502,0.00822309,79.103,-0.607839,1.51625,67.0941,-0.728136,-1.65697,68.1473
3.38753,-0.0287536,75.413,3.59901,0.150004,75.5515,0.433988,0.923668,62.2083,0.317226,-1.09937,63.2866
3.98463,-0.0638983,79.5782,4.19213,0.171862,79.7704,1.46809,0.499851,63.8465,1.35251,-0.719154,65.0338
4.00686,0.264508,81.3043,4.21814,-0.168295,81.5025,1.81895,0.655898,63.849,1.70879,-0.907343,65.1111
4.32202,0.236864,77.6936,4.53776,-0.143997,77.8433,2.38994,0.39269,59.0063,2.2824,-0.682553,60.3056
5.29307,0.0128004,79.7911,5.51436,0.0932434,79.9399,3.61309,-0.366558,58.9918,3.50656,0.0274908,60.3924
5.74565,-0.0717213,77.5507,5.98247,0.183627,77.6028,4.20224,-0.703623,55.3305,4.08969,0.299472,56.8279
5.7256,0.203409,74.6131,5.98535,-0.0813697,74.4915,4.28661,-0.588086,51.4448,4.15532,0.109813,53.0762
6.70443,-0.679338,62.1691,6.97971,0.828328,61.7512,5.44858,-2.19311,38.3441,5.2725,1.56632,40.1196
6.59923,-1.17801,46.6841,6.83904,1.22408,46.0061,3.88522,-1.44405,28.5493,3.85116,0.905024,29.4099
-0.0283273,-0.0107398,0.139818,-0.0285122,0.00997999,0.140248,-0.022884,-0.0144285,0.124402,-0.0226447,0.0120621,0.123737
-0.00394249,-2.05827e-05,0.0731572,-0.00396122,-0.000101523,0.07348,-0.00250177,-0.000375632,0.0670956,-0.00255877,0.000249548,0.0670031
-0.00127432,0.000449127,0.0548512,-0.00128697,-0.000460702,0.055103,-0.00079627,0.000325568,0.0506332,-0.000817037,-0.000181342,0.0505473
-0.00043582,0.000392833,0.0459708,-0.000440088,-0.000375933,0.0461829,-0.000278204,0.000333237,0.0424597,-0.000285521,-0.000138215,0.0424384
2.34712e-05,0.000343436,0.0410019,2.81148e-05,-0.000314303,0.0411962,-9.16107e-06,0.000308687,0.037902,-3.22974e-06,-0.000107788,0.0379769
0.000300135,0.000291045,0.0379355,0.000309335,-0.00025784,0.0381162,0.000154218,0.000267236,0.0351316,0.000166396,-7.03901e-05,0.0353005
0.000444016,0.000246331,0.0360019,0.00045356,-0.000219449,0.0361674,0.000206188,0.000216269,0.0332574,0.000221243,-4.26284e-05,0.0335108
0.000617085,0.000197933,0.0347996,0.000628769,-0.000180071,0.0349544,0.000296892,0.00016338,0.032079,0.00031577,-1.93697e-05,0.0324108
0.00069533,0.000140403,0.0339974,0.000704185,-0.000132164,0.0341344,0.000363606,0.000133705,0.0314378,0.00038568,-1.74424e-05,0.0318445
0.000641332,9.68613e-05,0.0335027,0.000649633,-9.4627e-05,0.0336317,0.00030012,8.83509e-05,0.0309099,0.000319218,9.21227e-07,0.0313738
0.000544977,6.0354e-05,0.0331907,0.00055166,-5.62176e-05,0.0333157,0.000252118,6.64099e-05,0.0305845,0.00026796,4.001e-06,0.0310964
0.00043516,2.45075e-05,0.0330096,0.000440226,-1.97536e-05,0.0331343,0.000216034,5.09277e-05,0.0304777,0.000228427,2.74796e-06,0.0310308
0.000352845,-6.96534e-06,0.0329508,0.000356666,1.28938e-05,0.0330784,0.000205635,3.59604e-05,0.0306061,0.000215625,2.33174e-06,0.0311973
0.000275038,-1.84615e-05,0.0331746,0.000277908,2.63841e-05,0.0333088,0.000145535,1.35607e-05,0.0308514,0.000151491,6.34649e-06,0.0314752
0.000216607,-2.75933e-05,0.0336959,0.000218694,3.77956e-05,0.0338402,9.46131e-05,-7.84479e-06,0.0312392,9.71743e-05,1.07526e-05,0.0318921
0.000174985,-4.62294e-05,0.034462,0.000176229,5.67607e-05,0.0346184,8.24256e-05,-2.23582e-05,0.03186,8.3505e-05,1.14744e-05,0.0325433
0.000140259,-7.911e-05,0.0353936,0.000140455,8.75212e-05,0.0355629,0.000121472,-2.70653e-05,0.0328415,0.000123656,4.92277e-06,0.0335625
0.000110194,-8.81212e-05,0.0367619,0.000109736,9.62337e-05,0.0369474,8.38615e-05,-4.87538e-05,0.0340517,8.40611e-05,8.3582e-06,0.0348119
8.26457e-05,-0.000100292,0.0386702,8.13307e-05,0.000106635,0.0388754,4.38596e-05,-7.28576e-05,0.0355476,4.23426e-05,1.08767e-05,0.0363503
5.4409e-05,-0.000138266,0.0410776,5.15597e-05,0.000139914,0.0413044,7.54083e-05,-8.70846e-05,0.0375579,7.57635e-05,4.57499e-06,0.0384153
2.38779e-05,-0.000184442,0.0441556,1.91749e-05,0.000180917,0.0444073,0.000117832,-0.000104785,0.0402279,0.000120859,-3.65971e-06,0.0411563
1.16092e-05,-0.00022042,0.0484211,4.90184e-06,0.000212216,0.0487047,8.42929e-05,-0.000149621,0.043596,8.69699e-05,-3.29389e-07,0.0446089
-8.15203e-06,-0.000305992,0.0542146,-1.84853e-05,0.000286431,0.0545375,0.000130788,-0.000200268,0.0481055,0.000137506,-7.39978e-06,0.0492294
-8.19823e-05,-0.000465462,0.0621959,-9.90606e-05,0.000424887,0.0625671,0.000248512,-0.000266062,0.0544177,0.000263457,-2.8873e-05,0.0556952
-0.000203868,-0.000699489,0.0743665,-0.000232162,0.000623265,0.0748076,0.000203078,-0.000413205,0.0632154,0.000219614,-4.23538e-05,0.0646927
-0.000449428,-0.00128181,0.0938778,-0.000502531,0.00112415,0.0944178,0.000334991,-0.000661076,0.0766688,0.000363892,-9.16731e-05,0.0784339
-0.00133226,-0.0028963,0.128531,-0.00144918,0.00251655,0.129213,0.000727036,-0.00121558,0.0996171,0.000782068,-0.000220925,0.101821
-0.00495569,-0.00892828,0.206682,-0.00529097,0.0076732,0.207557,0.00113486,-0.00295195,0.145631,0.00121428,-0.000617953,0.148467
-0.0476925,-0.0698125,0.538676,-0.0496736,0.0587877,0.537262,0.00022905,-0.0126106,0.279172,0.000243721,-0.00313349,0.281665
-20.8883,13.322,109.927,-20.5163,-13.7459,108.157,1.55563,-0.78209,5.04926,1.5533,-1.30887,5.17264
-24.7681,32.9376,190.097,-24.1727,-32.6811,188.466,-29.8929,41.8267,250.733,-28.8743,-43.38,248.543
-4.64484,1.41972,11.5898,-4.6379,-1.4881,11.5837,-1.23588,0.124535,2.57688,-1.29619,-0.174944,2.66425
-4.07174,1.69866,10.5192,-4.07483,-1.71711,10.5378,-0.206562,0.0385236,0.719068,-0.210636,-0.0418009,0.726443
-5.06473,2.26288,12.9673,-5.06901,-2.32097,13.0647,-0.0558771,0.0175072,0.411113,-0.0574418,-0.0161923,0.412787
-5.85094,2.50676,12.1295,-5.85563,-2.56643,12.2864,0.0043989,0.00980861,0.354077,0.00397548,-0.00823823,0.354781
-0.681009,0.155385,75.8131,-0.39895,0.0730925,75.7438,-6.01692,3.23505,71.714,-6.26519,-3.13606,72.6299
1.49536,-0.108689,71.8115,1.72462,0.328664,71.8274,-3.65356,2.46571,66.7729,-3.72202,-2.41279,67.468
2.05138,-0.122397,76.4087,2.28734,0.314273,76.4611,-2.40858,1.94264,68.7634,-2.53556,-1.98018,69.6644
2.34104,0.0895543,78.2584,2.57028,0.0613278,78.3608,-1.567,1.86104,68.3517,-1.69094,-1.9606,69.338
2.79496,0.120859,78.962,3.01502,0.00822326,79.103,-0.607839,1.51625,67.0941,-0.728136,-1.65697,68.1473
3.38753,-0.0287534,75.413,3.59901,0.150005,75.5515,0.433988,0.923668,62.2083,0.317226,-1.09937,63.2866
3.98463,-0.063898,79.5782,4.19213,0.171862,79.7704,1.46809,0.499852,63.8465,1.35251,-0.719154,65.0338
4.00686,0.264508,81.3043,4.21814,-0.168295,81.5025,1.81895,0.655898,63.849,1.70879,-0.907343,65.1111
4.32202,0.236864,77.6936,4.53776,-0.143997,77.8433,2.38994,0.392691,59.0063,2.2824,-0.682553,60.3056
5.29307,0.0128007,79.7911,5.51436,0.0932436,79.9399,3.61309,-0.366557,58.9918,3.50656,0.0274907,60.3924
5.74565,-0.071721,77.5507,5.98247,0.183627,77.6028,4.20224,-0.703622,55.3305,4.08969,0.299472,56.8279
5.7256,0.20341,74.6131,5.98535,-0.0813697,74.4915,4.28661,-0.588085,51.4448,4.15532,0.109813,53.0762
6.70443,-0.679337,62.1691,6.97971,0.828328,61.7512,5.44858,-2.19311,38.3441,5.2725,1.56632,40.1196
6.59923,-1.17801,46.6841,6.83904,1.22408,46.0061,3.88523,-1.44406,28.5493,3.85116,0.905014,29.4099
-0.0283273,-0.0107398,0.139818,-0.0285122,0.00997999,0.140248,-0.022884,-0.0144285,0.124402,-0.0226447,0.0120621,0.123737
-0.00394249,-2.05827e-05,0.0731572,-0.00396122,-0.000101523,0.07348,-0.00250177,-0.000375632,0.0670956,-0.00255877,0.000249548,0.0670031
-0.00127432,0.000449127,0.0548512,-0.00128697,-0.000460702,0.055103,-0.00079627,0.000325568,0.0506332,-0.000817037,-0.000181342,0.0505473
-0.00043582,0.000392833,0.0459708,-0.000440088,-0.000375933,0.0461829,-0.000278204,0.000333237,0.0424597,-0.000285521,-0.000138215,0.0424384
2.34712e-05,0.000343436,0.0410019,2.81148e-05,-0.000314303,0.0411962,-9.16107e-06,0.000308687,0.037902,-3.22975e-06,-0.000107787,0.0379769
0.000300135,0.000291045,0.0379355,0.000309335,-0.00025784,0.0381162,0.000154218,0.000267236,0.0351316,0.000166396,-7.03901e-05,0.0353005
0.000444016,0.000246332,0.0360019,0.00045356,-0.000219449,0.0361674,0.000206188,0.000216269,0.0332574,0.000221243,-4.26283e-05,0.0335108
0.000617085,0.000197933,0.0347996,0.000628769,-0.000180071,0.0349544,0.000296892,0.00016338,0.032079,0.00031577,-1.93697e-05,0.0324108
0.00069533,0.000140403,0.0339974,0.000704185,-0.000132164,0.0341344,0.000363606,0.000133705,0.0314378,0.00038568,-1.74424e-05,0.0318445
0.000641332,9.68613e-05,0.0335027,0.000649633,-9.4627e-05,0.0336317,0.00030012,8.83509e-05,0.0309099,0.000319218,9.21236e-07,0.0313738
0.000544977,6.0354e-05,0.0331907,0.00055166,-5.62175e-05,0.0333157,0.000252118,6.64099e-05,0.0305845,0.00026796,4.00101e-06,0.0310964
0.00043516,2.45075e-05,0.0330096,0.000440226,-1.97536e-05,0.0331343,0.000216034,5.09278e-05,0.0304777,0.000228427,2.74797e-06,0.0310308
0.000352845,-6.96533e-06,0.0329508,0.000356666,1.28938e-05,0.0330784,0.000205635,3.59604e-05,0.0306061,0.000215625,2.33175e-06,0.0311973
0.000275038,-1.84615e-05,0.0331746,0.000277908,2.63841e-05,0.0333088,0.000145535,1.35607e-05,0.0308514,0.000151491,6.34651e-06,0.0314752
0.000216607,-2.75933e-05,0.0336959,0.000218694,3.77956e-05,0.0338402,9.46131e-05,-7.84477e-06,0.0312392,9.71743e-05,1.07526e-05,0.0318921
0.000174985,-4.62294e-05,0.034462,0.000176229,5.67608e-05,0.0346184,8.24256e-05,-2.23582e-05,0.03186,8.3505e-05,1.14744e-05,0.0325433
0.000140259,-7.911e-05,0.0353936,0.000140455,8.75212e-05,0.0355629,0.000121472,-2.70653e-05,0.0328415,0.000123656,4.92278e-06,0.0335625
0.000110194,-8.81212e-05,0.0367619,0.000109736,9.62338e-05,0.0369474,8.38614e-05,-4.87538e-05,0.0340517,8.40611e-05,8.35821e-06,0.0348119
8.26457e-05,-0.000100292,0.0386702,8.13307e-05,0.000106635,0.0388754,4.38596e-05,-7.28575e-05,0.0355476,4.23426e-05,1.08767e-05,0.0363503
5.4409e-05,-0.000138266,0.0410776,5.15597e-05,0.000139914,0.0413044,7.54082e-05,-8.70846e-05,0.0375579,7.57635e-05,4.57501e-06,0.0384153
2.38779e-05,-0.000184442,0.0441556,1.91749e-05,0.000180917,0.0444073,0.000117832,-0.000104785,0.0402279,0.000120859,-3.65969e-06,0.0411563
1.16092e-05,-0.00022042,0.0484211,4.90183e-06,0.000212216,0.0487047,8.42929e-05,-0.000149621,0.043596,8.69699e-05,-3.29363e-07,0.0446089
-8.15204e-06,-0.000305992,0.0542146,-1.84854e-05,0.000286431,0.0545375,0.000130788,-0.000200268,0.0481055,0.000137506,-7.39975e-06,0.0492294
-8.19823e-05,-0.000465462,0.0621959,-9.90606e-05,0.000424887,0.0625671,0.000248512,-0.000266062,0.0544177,0.000263457,-2.88729e-05,0.0556952
-0.000203868,-0.000699489,0.0743665,-0.000232162,0.000623265,0.0748076,0.000203078,-0.000413205,0.0632154,0.000219614,-4.23537e-05,0.0646927
-0.000449428,-0.00128181,0.0938778,-0.000502531,0.00112415,0.0944178,0.000334991,-0.000661076,0.0766688,0.000363892,-9.1673e-05,0.0784339
-0.00133226,-0.0028963,0.128531,-0.00144918,0.00251655,0.129213,0.000727036,-0.00121558,0.0996171,0.000782068,-0.000220924,0.101821
-0.00495569,-0.00892828,0.206682,-0.00529097,0.0076732,0.207557,0.00113486,-0.00295195,0.145631,0.00121428,-0.000617953,0.148467
-0.0476925,-0.0698125,0.538676,-0.0496736,0.0587877,0.537262,0.000229049,-0.0126106,0.279172,0.000243721,-0.00313349,0.281665
-20.8883,13.322,109.927,-20.5163,-13.7459,108.157,1.55563,-0.782089,5.04926,1.5533,-1.30887,5.17264
-24.7681,32.9376,190.097,-24.1727,-32.6811,188.466,-29.8929,41.8267,250.733,-28.8743,-43.38,248.543
-4.64484,1.41972,11.5898,-4.6379,-1.4881,11.5837,-1.23588,0.124535,2.57688,-1.29619,-0.174944,2.66425
-4.07174,1.69866,10.5192,-4.07483,-1.71711,10.5378,-0.206562,0.0385236,0.719068,-0.210636,-0.0418009,0.726443
-5.06473,2.26288,12.9673,-5.06901,-2.32097,13.0647,-0.0558771,0.0175072,0.411113,-0.0574418,-0.0161923,0.412787
-5.85094,2.50676,12.1295,-5.85563,-2.56643,12.2864,0.0043989,0.00980861,0.354077,0.00397548,-0.00823823,0.354781
-0.681009,0.155385,75.8131,-0.39895,0.0730926,75.7438,-6.01692,3.23505,71.714,-6.26519,-3.13606,72.6299
1.49536,-0.108689,71.8115,1.72462,0.328664,71.8274,-3.65356,2.46571,66.7729,-3.72202,-2.41279,67.468
2.05138,-0.122396,76.4087,2.28734,0.314273,76.4611,-2.40858,1.94264,68.7634,-2.53556,-1.98018,69.6644
2.34104,0.0895544,78.2584,2.57028,0.0613279,78.3608,-1.567,1.86104,68.3517,-1.69094,-1.9606,69.338
2.79496,0.12086,78.962,3.01502,0.00822334,79.103,-0.607839,1.51625,67.0941,-0.728136,-1.65697,68.1473
3.38753,-0.0287533,75.413,3.59901,0.150005,75.5515,0.433988,0.923668,62.2083,0.317226,-1.09937,63.2866
3.98463,-0.0638979,79.5782,4.19213,0.171862,79.7704,1.46809,0.499852,63.8465,1.35251,-0.719154,65.0338
4.00686,0.264508,81.3043,4.21814,-0.168295,81.5025,1.81895,0.655899,63.849,1.70879,-0.907343,65.1111
4.32202,0.236864,77.6936,4.53776,-0.143997,77.8433,2.38994,0.392691,59.0063,2.2824,-0.682553,60.3056
5.29307,0.0128008,79.7911,5.51436,0.0932436,79.9399,3.61309,-0.366557,58.9918,3.50656,0.0274911,60.3924
5.74565,-0.0717209,77.5507,5.98247,0.183627,77.6028,4.20224,-0.703622,55.3305,4.08969,0.299473,56.8279
5.7256,0.20341,74.6131,5.98535,-0.0813696,74.4915,4.28661,-0.588085,51.4448,4.15532,0.109813,53.0762
6.70443,-0.679337,62.1691,6.97971,0.828328,61.7512,5.44859,-2.19311,38.3441,5.2725,1.56632,40.1196
6.59923,-1.17801,46.6841,6.83904,1.22408,46.0061,3.88524,-1.44407,28.5492,3.85115,0.90501,29.4099
-0.0283273,-0.0107398,0.139818,-0.0285122,0.00997999,0.140248,-0.022884,-0.0144285,0.124402,-0.0226447,0.0120621,0.123737
-0.00394249,-2.05827e-05,0.0731572,-0.00396122,-0.000101523,0.07348,-0.00250177,-0.000375632,0.0670956,-0.00255877,0.000249548,0.0670031
-0.00127432,0.000449127,0.0548512,-0.00128697,-0.000460702,0.055103,-0.00079627,0.000325568,0.0506332,-0.000817037,-0.000181342,0.0505473
-0.00043582,0.000392833,0.0459708,-0.000440088,-0.000375933,0.0461829,-0.000278204,0.000333237,0.0424597,-0.000285521,-0.000138215,0.0424384
2.34712e-05,0.000343436,0.0410019,2.81148e-05,-0.000314303,0.0411962,-9.16106e-06,0.000308687,0.037902,-3.22976e-06,-0.000107787,0.0379769
0.000300135,0.000291045,0.0379355,0.000309335,-0.00025784,0.0381162,0.000154218,0.000267236,0.0351316,0.000166396,-7.03901e-05,0.0353005
0.000444016,0.000246332,0.0360019,0.00045356,-0.000219449,0.0361674,0.000206188,0.000216269,0.0332574,0.000221243,-4.26283e-05,0.0335108
0.000617085,0.000197933,0.0347996,0.000628769,-0.000180071,0.0349544,0.000296892,0.00016338,0.032079,0.00031577,-1.93697e-05,0.0324108
0.00069533,0.000140403,0.0339974,0.000704185,-0.000132164,0.0341344,0.000363606,0.000133705,0.0314378,0.00038568,-1.74424e-05,0.0318445
0.000641332,9.68613e-05,0.0335027,0.000649633,-9.4627e-05,0.0336317,0.00030012,8.83509e-05,0.0309099,0.000319218,9.21241e-07,0.0313738
0.000544977,6.0354e-05,0.0331907,0.00055166,-5.62175e-05,0.0333157,0.000252118,6.64099e-05,0.0305845,0.00026796,4.00101e-06,0.0310964
0.00043516,2.45075e-05,0.0330096,0.000440226,-1.97536e-05,0.0331343,0.000216034,5.09278e-05,0.0304777,0.000228427,2.74797e-06,0.0310308
0.000352845,-6.96532e-06,0.0329508,0.000356666,1.28938e-05,0.0330784,0.000205635,3.59604e-05,0.0306061,0.000215625,2.33175e-06,0.0311973
0.000275038,-1.84615e-05,0.0331746,0.000277908,2.63841e-05,0.0333088,0.000145535,1.35607e-05,0.0308514,0.000151491,6.34651e-06,0.0314752
0.000216607,-2.75933e-05,0.0336959,0.000218694,3.77957e-05,0.0338402,9.46131e-05,-7.84477e-06,0.0312392,9.71743e-05,1.07526e-05,0.0318921
0.000174985,-4.62294e-05,0.034462,0.000176229,5.67608e-05,0.0346184,8.24256e-05,-2.23582e-05,0.03186,8.3505e-05,1.14744e-05,0.0325433
0.000140259,-7.911e-05,0.0353936,0.000140455,8.75212e-05,0.0355629,0.000121472,-2.70653e-05,0.0328415,0.000123656,4.92279e-06,0.0335625
0.000110194,-8.81212e-05,0.0367619,0.000109736,9.62338e-05,0.0369474,8.38614e-05,-4.87538e-05,0.0340517,8.40611e-05,8.35822e-06,0.0348119
8.26457e-05,-0.000100292,0.0386702,8.13307e-05,0.000106635,0.0388754,4.38596e-05,-7.28575e-05,0.0355476,4.23426e-05,1.08767e-05,0.0363503
5.4409e-05,-0.000138266,0.0410776,5.15597e-05,0.000139914,0.0413044,7.54082e-05,-8.70846e-05,0.0375579,7.57635e-05,4.57502e-06,0.0384153
2.38779e-05,-0.000184442,0.0441556,1.91749e-05,0.000180917,0.0444073,0.000117832,-0.000104785,0.0402279,0.000120859,-3.65968e-06,0.0411563
1.16092e-05,-0.000220419,0.0484211,4.90182e-06,0.000212216,0.0487047,8.42929e-05,-0.000149621,0.043596,8.69699e-05,-3.29349e-07,0.0446089
-8.15204e-06,-0.000305992,0.0542146,-1.84854e-05,0.000286431,0.0545375,0.000130788,-0.000200268,0.0481055,0.000137506,-7.39973e-06,0.0492294
-8.19823e-05,-0.000465462,0.0621959,-9.90606e-05,0.000424887,0.0625671,0.000248512,-0.000266062,0.0544177,0.000263457,-2.88729e-05,0.0556952
-0.000203868,-0.000699488,0.0743665,-0.000232162,0.000623265,0.0748076,0.000203078,-0.000413205,0.0632154,0.000219614,-4.23537e-05,0.0646927
-0.000449428,-0.00128181,0.0938778,-0.000502531,0.00112415,0.0944178,0.000334991,-0.000661076,0.0766688,0.000363892,-9.16729e-05,0.0784339
-0.00133226,-0.0028963,0.128531,-0.00144918,0.00251655,0.129213,0.000727036,-0.00121558,0.0996171,0.000782068,-0.000220924,0.101821
-0.00495569,-0.00892827,0.206682,-0.00529097,0.0076732,0.207557,0.00113486,-0.00295194,0.145631,0.00121428,-0.000617953,0.148467
-0.0476925,-0.0698125,0.538676,-0.0496736,0.0587877,0.537262,0.000229049,-0.0126106,0.279172,0.000243721,-0.00313349,0.281665
-20.8883,13.322,109.927,-20.5163,-13.7459,108.157,1.55563,-0.782089,5.04926,1.5533,-1.30887,5.17264
-24.7681,32.9376,190.097,-24.1727,-32.6811,188.466,-29.8929,41.8267,250.733,-28.8743,-43.38,248.543
-4.64484,1.41972,11.5898,-4.6379,-1.4881,11.5837,-1.23588,0.124535,2.57688,-1.29619,-0.174944,2.66425
-4.07174,1.69866,10.5192,-4.07483,-1.71711,10.5378,-0.206562,0.0385236,0.719068,-0.210636,-0.0418009,0.726443
-5.06473,2.26288,12.9673,-5.06901,-2.32097,13.0647,-0.0558771,0.0175072,0.411113,-0.0574418,-0.0161922,0.412787
-5.85094,2.50676,12.1295,-5.85563,-2.56643,12.2864,0.0043989,0.00980861,0.354077,0.00397548,-0.00823822,0.354781
-0.681009,0.155385,75.8131,-0.39895,0.0730927,75.7438,-6.01692,3.23505,71.714,-6.26519,-3.13606,72.6299
1.49536,-0.108689,71.8115,1.72462,0.328664,71.8274,-3.65356,2.46571,66.7729,-3.72202,-2.41279,67.468
2.05138,-0.122396,76.4087,2.28734,0.314273,76.4611,-2.40858,1.94264,68.7634,-2.53556,-1.98018,69.6644
2.34104,0.0895544,78.2584,2.57028,0.0613281,78.3608,-1.567,1.86104,68.3517,-1.69094,-1.9606,69.338
2.79496,0.12086,78.962,3.01502,0.00822338,79.103,-0.607839,1.51625,67.0941,-0.728136,-1.65697,68.1473
3.38753,-0.0287532,75.413,3.59901,0.150005,75.5515,0.433988,0.923668,62.2083,0.317226,-1.09937,63.2866
3.98463,-0.0638979,79.5782,4.19213,0.171862,79.7704,1.46809,0.499852,63.8465,1.35251,-0.719154,65.0338
4.00686,0.264508,81.3043,4.21814,-0.168295,81.5025,1.81895,0.655899,63.849,1.70879,-0.907343,65.1111
4.32202,0.236864,77.6936,4.53776,-0.143997,77.8433,2.38994,0.392691,59.0063,2.2824,-0.682553,60.3056
5.29307,0.0128008,79.7911,5.51436,0.0932437,79.9399,3.61309,-0.366557,58.9918,3.50656,0.0274912,60.3924
5.74565,-0.0717208,77.5507,5.98247,0.183627,77.6028,4.20224,-0.703622,55.3305,4.08969,0.299473,56.8279
5.7256,0.20341,74.6131,5.98535,-0.0813696,74.4915,4.28661,-0.588085,51.4448,4.15532,0.109813,53.0762
6.70443,-0.679337,62.1691,6.97971,0.828328,61.7512,5.44858,-2.19311,38.3441,5.2725,1.56632,40.1196
6.59923,-1.17801,46.6841,6.83904,1.22408,46.0061,3.88523,-1.44407,28.5492,3.85115,0.905007,29.4099
-0.0283273,-0.0107398,0.139818,-0.0285122,0.00997999,0.140248,-0.022884,-0.0144285,0.124402,-0.0226447,0.0120621,0.123737
-0.00394249,-2.05827e-05,0.0731572,-0.00396122,-0.000101523,0.07348,-0.00250177,-0.000375632,0.0670956,-0.00255877,0.000249548,0.0670031
-0.00127432,0.000449127,0.0548512,-0.00128697,-0.000460702,0.055103,-0.00079627,0.000325568,0.0506332,-0.000817037,-0.000181342,0.0505473
-0.00043582,0.000392833,0.0459708,-0.000440088,-0.000375933,0.0461829,-0.000278204,0.000333237,0.0424597,-0.000285521,-0.000138215,0.0424384
2.34712e-05,0.000343436,0.0410019,2.81148e-05,-0.000314303,0.0411962,-9.16106e-06,0.000308687,0.037902,-3.22976e-06,-0.000107787,0.0379769
0.000300135,0.000291045,0.0379355,0.000309335,-0.00025784,0.0381162,0.000154218,0.000267236,0.0351316,0.000166396,-7.03901e-05,0.0353005
0.000444016,0.000246332,0.0360019,0.00045356,-0.000219449,0.0361674,0.000206188,0.000216269,0.0332574,0.000221243,-4.26283e-05,0.0335108
0.000617085,0.000197933,0.0347996,0.000628769,-0.000180071,0.0349544,0.000296892,0.00016338,0.032079,0.00031577,-1.93697e-05,0.0324108
0.00069533,0.000140403,0.0339974,0.000704185,-0.000132164,0.0341344,0.000363606,0.000133705,0.0314378,0.00038568,-1.74424e-05,0.0318445
0.000641332,9.68613e-05,0.0335027,0.000649633,-9.4627e-05,0.0336317,0.00030012,8.83509e-05,0.0309099,0.000319218,9.21244e-07,0.0313738
0.000544977,6.03541e-05,0.0331907,0.00055166,-5.62175e-05,0.0333157,0.000252118,6.64099e-05,0.0305845,0.00026796,4.00101e-06,0.0310964
0.00043516,2.45075e-05,0.0330096,0.000440226,-1.97536e-05,0.0331343,0.000216034,5.09278e-05,0.0304777,0.000228427,2.74797e-06,0.0310308
0.000352845,-6.96532e-06,0.0329508,0.000356666,1.28938e-05,0.0330784,0.000205635,3.59604e-05,0.0306061,0.000215625,2.33176e-06,0.0311973
0.000275038,-1.84615e-05,0.0331746,0.000277908,2.63841e-05,0.0333088,0.000145535,1.35607e-05,0.0308514,0.000151491,6.34651e-06,0.0314752
0.000216607,-2.75933e-05,0.0336959,0.000218694,3.77957e-05,0.0338402,9.46131e-05,-7.84476e-06,0.0312392,9.71743e-05,1.07526e-05,0.0318921
0.000174985,-4.62294e-05,0.034462,0.000176229,5.67608e-05,0.0346184,8.24256e-05,-2.23582e-05,0.03186,8.3505e-05,1.14744e-05,0.0325433
0.000140259,-7.911e-05,0.0353936,0.000140455,8.75212e-05,0.0355629,0.000121472,-2.70652e-05,0.0328415,0.000123656,4.92279e-06,0.0335625
0.000110194,-8.81212e-05,0.0367619,0.000109736,9.62338e-05,0.0369474,8.38614e-05,-4.87538e-05,0.0340517,8.40611e-05,8.35822e-06,0.0348119
8.26457e-05,-0.000100292,0.0386702,8.13307e-05,0.000106635,0.0388754,4.38596e-05,-7.28575e-05,0.0355476,4.23425e-05,1.08767e-05,0.0363503
5.4409e-05,-0.000138266,0.0410776,5.15597e-05,0.000139914,0.0413044,7.54082e-05,-8.70845e-05,0.0375579,7.57635e-05,4.57502e-06,0.0384153
2.38779e-05,-0.000184442,0.0441556,1.91749e-05,0.000180917,0.0444073,0.000117832,-0.000104785,0.0402279,0.000120859,-3.65967e-06,0.0411563
1.16092e-05,-0.000220419,0.0484211,4.90182e-06,0.000212216,0.0487047,8.42929e-05,-0.000149621,0.043596,8.69699e-05,-3.29343e-07,0.0446089
-8.15205e-06,-0.000305992,0.0542146,-1.84854e-05,0.000286431,0.0545375,0.000130788,-0.000200268,0.0481055,0.000137506,-7.39973e-06,0.0492294
-8.19823e-05,-0.000465462,0.0621959,-9.90606e-05,0.000424888,0.0625671,0.000248512,-0.000266062,0.0544177,0.000263457,-2.88729e-05,0.0556952
-0.000203868,-0.000699488,0.0743665,-0.000232162,0.000623265,0.0748076,0.000203078,-0.000413205,0.0632154,0.000219614,-4.23537e-05,0.0646927
-0.000449428,-0.00128181,0.0938778,-0.000502531,0.00112415,0.0944178,0.000334991,-0.000661076,0.0766688,0.000363892,-9.16729e-05,0.0784339
-0.00133226,-0.0028963,0.128531,-0.00144918,0.00251655,0.129213,0.000727036,-0.00121558,0.0996171,0.000782068,-0.000220924,0.101821
-0.00495569,-0.00892827,0.206682,-0.00529097,0.0076732,0.207557,0.00113486,-0.00295194,0.145631,0.00121428,-0.000617953,0.148467
-0.0476925,-0.0698125,0.538676,-0.0496736,0.0587877,0.537262,0.000229049,-0.0126106,0.279172,0.000243721,-0.00313349,0.281665
-20.8883,13.322,109.927,-20.5163,-13.7459,108.157,1.55563,-0.782089,5.04926,1.5533,-1.30887,5.17265
-24.7681,32.9376,190.097,-24.1727,-32.6811,188.466,-29.8929,41.8267,250.733,-28.8743,-43.38,248.543
-4.64484,1.41972,11.5898,-4.6379,-1.4881,11.5837,-1.23588,0.124535,2.57688,-1.29619,-0.174944,2.66425
-4.07174,1.69866,10.5192,-4.07483,-1.71711,10.5378,-0.206562,0.0385236,0.719068,-0.210636,-0.0418009,0.726443
-5.06473,2.26288,12.9673,-5.06901,-2.32097,13.0647,-0.0558771,0.0175072,0.411113,-0.0574418,-0.0161922,0.412787
-5.85094,2.50676,12.1295,-5.85563,-2.56643,12.2864,0.0043989,0.00980861,0.354077,0.00397548,-0.00823822,0.354781
-0.681009,0.155385,75.8131,-0.39895,0.0730927,75.7438,-6.01692,3.23505,71.714,-6.26519,-3.13606,72.6299
1.49536,-0.108689,71.8115,1.72462,0.328664,71.8274,-3.65356,2.46571,66.7729,-3.72202,-2.41279,67.468
2.05138,-0.122396,76.4087,2.28734,0.314273,76.4611,-2.40858,1.94264,68.7634,-2.53556,-1.98018,69.6644
2.34104,0.0895545,78.2584,2.57028,0.061328,78.3608,-1.567,1.86104,68.3517,-1.69094,-1.9606,69.338
2.79496,0.12086,78.962,3.01502,0.0082234,79.103,-0.607839,1.51625,67.0941,-0.728136,-1.65697,68.1473
3.38753,-0.0287532,75.413,3.59901,0.150005,75.5515,0.433988,0.923668,62.2083,0.317226,-1.09937,63.2866
3.98463,-0.0638978,79.5782,4.19213,0.171862,79.7704,1.46809,0.499852,63.8465,1.35251,-0.719153,65.0338
4.00686,0.264508,81.3043,4.21814,-0.168295,81.5025,1.81895,0.655899,63.849,1.70879,-0.907343,65.1111
4.32202,0.236865,77.6936,4.53776,-0.143997,77.8433,2.38994,0.392691,59.0063,2.2824,-0.682553,60.3056
5.29307,0.0128009,79.7911,5.51436,0.0932437,79.9399,3.61309,-0.366557,58.9918,3.50656,0.0274912,60.3924
5.74565,-0.0717208,77.5507,5.98247,0.183627,77.6028,4.20224,-0.703622,55.3305,4.08969,0.299473,56.8279
5.7256,0.20341,74.6131,5.98535,-0.0813696,74.4915,4.28661,-0.588085,51.4448,4.15532,0.109813,53.0762
6.70443,-0.679337,62.1691,6.97971,0.828328,61.7512,5.44859,-2.19311,38.3441,5.2725,1.56632,40.1196
6.59923,-1.17801,46.6841,6.83904,1.22408,46.0061,3.88524,-1.44407,28.5492,3.85115,0.905006,29.4099
-0.0283273,-0.0107398,0.139818,-0.0285122,0.00997999,0.140248,-0.022884,-0.0144285,0.124402,-0.0226447,0.0120621,0.123737
-0.00394249,-2.05827e-05,0.0731572,-0.00396122,-0.000101523,0.07348,-0.00250177,-0.000375632,0.0670956,-0.00255877,0.000249548,0.0670031
-0.00127432,0.000449127,0.0548512,-0.00128697,-0.000460702,0.055103,-0.00079627,0.000325568,0.0506332,-0.000817037,-0.000181342,0.0505473
-0.00043582,0.000392833,0.0459708,-0.000440088,-0.000375933,0.0461829,-0.000278204,0.000333237,0.0424597,-0.000285521,-0.000138215,0.0424384
2.34712e-05,0.000343436,0.0410019,2.81148e-05,-0.000314303,0.0411962,-9.16106e-06,0.000308687,0.037902,-3.22976e-06,-0.000107787,0.0379769
0.000300135,0.000291045,0.0379355,0.000309335,-0.00025784,0.0381162,0.000154218,0.000267236,0.0351316,0.000166396,-7.03901e-05,0.0353005
0.000444016,0.000246332,0.0360019,0.00045356,-0.000219449,0.0361674,0.000206188,0.000216269,0.0332574,0.000221243,-4.26283e-05,0.0335108
0.000617085,0.000197933,0.0347996,0.000628769,-0.000180071,0.0349544,0.000296892,0.00016338,0.032079,0.00031577,-1.93697e-05,0.0324108
0.00069533,0.000140403,0.0339974,0.000704185,-0.000132164,0.0341344,0.000363606,0.000133705,0.0314378,0.00038568,-1.74424e-05,0.0318445
0.000641332,9.68613e-05,0.0335027,0.000649633,-9.4627e-05,0.0336317,0.00030012,8.83509e-05,0.0309099,0.000319218,9.21245e-07,0.0313738
0.000544977,6.03541e-05,0.0331907,0.00055166,-5.62175e-05,0.0333157,0.000252118,6.64099e-05,0.0305845,0.00026796,4.00101e-06,0.0310964
0.00043516,2.45075e-05,0.0330096,0.000440226,-1.97536e-05,0.0331343,0.000216034,5.09278e-05,0.0304777,0.000228427,2.74798e-06,0.0310308
0.000352845,-6.96532e-06,0.0329508,0.000356666,1.28938e-05,0.0330784,0.000205635,3.59604e-05,0.0306061,0.000215625,2.33176e-06,0.0311973
0.000275038,-1.84615e-05,0.0331746,0.000277908,2.63841e-05,0.0333088,0.000145535,1.35607e-05,0.0308514,0.000151491,6.34651e-06,0.0314752
0.000216607,-2.75933e-05,0.0336959,0.000218694,3.77957e-05,0.0338402,9.46131e-05,-7.84476e-06,0.0312392,9.71743e-05,1.07526e-05,0.0318921
0.000174985,-4.62294e-05,0.034462,0.000176229,5.67608e-05,0.0346184,8.24256e-05,-2.23582e-05,0.03186,8.3505e-05,1.14744e-05,0.0325433
0.000140259,-7.911e-05,0.0353936,0.000140455,8.75212e-05,0.0355629,0.000121472,-2.70652e-05,0.0328415,0.000123656,4.92279e-06,0.0335625
0.000110194,-8.81212e-05,0.0367619,0.000109736,9.62338e-05,0.0369474,8.38614e-05,-4.87538e-05,0.0340517,8.40611e-05,8.35823e-06,0.0348119
8.26457e-05,-0.000100292,0.0386702,8.13307e-05,0.000106635,0.0388754,4.38596e-05,-7.28575e-05,0.0355476,4.23425e-05,1.08767e-05,0.0363503
5.4409e-05,-0.000138266,0.0410776,5.15597e-05,0.000139914,0.0413044,7.54082e-05,-8.70845e-05,0.0375579,7.57635e-05,4.57503e-06,0.0384153
2.38779e-05,-0.000184442,0.0441556,1.91749e-05,0.000180917,0.0444073,0.000117832,-0.000104785,0.0402279,0.000120859,-3.65967e-06,0.0411563
1.16092e-05,-0.000220419,0.0484211,4.90182e-06,0.000212216,0.0487047,8.42929e-05,-0.000149621,0.043596,8.69699e-05,-3.29339e-07,0.0446089
-8.15205e-06,-0.000305992,0.0542146,-1.84854e-05,0.000286431,0.0545375,0.000130788,-0.000200268,0.0481055,0.000137506,-7.39972e-06,0.0492294
-8.19823e-05,-0.000465462,0.0621959,-9.90606e-05,0.000424888,0.0625671,0.000248512,-0.000266062,0.0544177,0.000263457,-2.88729e-05,0.0556952
-0.000203868,-0.000699488,0.0743665,-0.000232162,0.000623265,0.0748076,0.000203078,-0.000413205,0.0632154,0.000219614,-4.23537e-05,0.0646927
-0.000449428,-0.00128181,0.0938778,-0.000502531,0.00112415,0.0944178,0.000334991,-0.000661076,0.0766688,0.000363892,-9.16729e-05,0.0784339
-0.00133226,-0.0028963,0.128531,-0.00144918,0.00251655,0.129213,0.000727036,-0.00121558,0.0996171,0.000782068,-0.000220924,0.101821
-0.00495569,-0.00892827,0.206682,-0.00529097,0.0076732,0.207557,0.00113486,-0.00295194,0.145631,0.00121428,-0.000617953,0.148467
-0.0476925,-0.0698125,0.538676,-0.0496736,0.0587877,0.537262,0.000229049,-0.0126106,0.279172,0.000243721,-0.00313349,0.281665
-20.8883,13.322,109.927,-20.5163,-13.7459,108.157,1.55563,-0.782089,5.04926,1.5533,-1.30887,5.17264
-24.7681,32.9376,190.097,-24.1727,-32.6811,188.466,-29.8929,41.8267,250.733,-28.8743,-43.38,248.543
-4.64484,1.41972,11.5898,-4.6379,-1.4881,11.5837,-1.23588,0.124535,2.57688,-1.29619,-0.174944,2.66425
-4.07174,1.69866,10.5192,-4.07483,-1.71711,10.5378,-0.206562,0.0385236,0.719068,-0.210636,-0.0418009,0.726443
-5.06473,2.26288,12.9673,-5.06901,-2.32097,13.0647,-0.0558771,0.0175072,0.411113,-0.0574418,-0.0161922,0.412787
-5.85094,2.50676,12.1295,-5.85563,-2.56643,12.2864,0.0043989,0.00980861,0.354077,0.00397548,-0.00823822,0.354781
-0.681009,0.155385,75.8131,-0.39895,0.0730927,75.7438,-6.01692,3.23505,71.714,-6.26519,-3.13606,72.6299
1.49536,-0.108689,71.8115,1.72462,0.328664,71.8274,-3.65356,2.46571,66.7729,-3.72202,-2.41279,67.468
2.05138,-0.122396,76.4087,2.28734,0.314273,76.4611,-2.40858,1.94264,68.7634,-2.53556,-1.98018,69.6644
2.34104,0.0895545,78.2584,2.57028,0.061328,78.3608,-1.567,1.86104,68.3517,-1.69094,-1.9606,69.338
2.79496,0.12086,78.962,3.01502,0.00822342,79.103,-0.607839,1.51625,67.0941,-0.728136,-1.65697,68.1473
3.38753,-0.0287532,75.413,3.59901,0.150005,75.5515,0.433988,0.923668,62.2083,0.317226,-1.09937,63.2866
3.98463,-0.0638978,79.5782,4.19213,0.171862,79.7704,1.46809,0.499852,63.8465,1.35251,-0.719153,65.0338
4.00686,0.264508,81.3043,4.21814,-0.168295,81.5025,1.81895,0.655899,63.849,1.70879,-0.907343,65.1111
4.32202,0.236865,77.6936,4.53776,-0.143997,77.8433,2.38994,0.392691,59.0063,2.2824,-0.682553,60.3056
5.29307,0.0128009,79.7911,5.51436,0.0932437,79.9399,3.61309,-0.366557,58.9918,3.50656,0.0274911,60.3924
5.74565,-0.0717208,77.5507,5.98247,0.183627,77.6028,4.20224,-0.703622,55.3305,4.08969,0.299473,56.8279
5.7256,0.20341,74.6131,5.98535,-0.0813696,74.4915,4.28661,-0.588085,51.4448,4.15532,0.109813,53.0762
6.70443,-0.679337,62.1691,6.97971,0.828328,61.7512,5.44858,-2.19311,38.3441,5.2725,1.56632,40.1196
6.59923,-1.17801,46.6841,6.83904,1.22408,46.0061,3.88524,-1.44408,28.5492,3.85115,0.905005,29.4099
-0.0283273,-0.0107398,0.139818,-0.0285122,0.00997999,0.140248,-0.022884,-0.0144285,0.124402,-0.0226447,0.0120621,0.123737
-0.00394249,-2.05827e-05,0.0731572,-0.00396122,-0.000101523,0.07348,-0.00250177,-0.000375632,0.0670956,-0.00255877,0.000249548,0.0670031
-0.00127432,0.000449127,0.0548512,-0.00128697,-0.000460702,0.055103,-0.00079627,0.000325568,0.0506332,-0.000817037,-0.000181342,0.0505473
-0.00043582,0.000392833,0.0459708,-0.000440088,-0.000375933,0.0461829,-0.000278204,0.000333237,0.0424597,-0.000285521,-0.000138215,0.0424384
2.34712e-05,0.000343436,0.0410019,2.81148e-05,-0.000314303,0.0411962,-9.16106e-06,0.000308687,0.037902,-3.22976e-06,-0.000107787,0.0379769
0.000300135,0.000291045,0.0379355,0.000309335,-0.00025784,0.0381162,0.000154218,0.000267236,0.0351316,0.000166396,-7.03901e-05,0.0353005
0.000444016,0.000246332,0.0360019,0.00045356,-0.000219449,0.0361674,0.000206188,0.000216269,0.0332574,0.000221243,-4.26283e-05,0.0335108
0.000617085,0.000197933,0.0347996,0.000628769,-0.000180071,0.0349544,0.000296892,0.00016338,0.032079,0.00031577,-1.93697e-05,0.0324108
0.00069533,0.000140403,0.0339974,0.000704185,-0.000132164,0.0341344,0.000363606,0.000133705,0.0314378,0.00038568,-1.74424e-05,0.0318445
0.000641332,9.68612e-05,0.0335027,0.000649633,-9.46269e-05,0.0336317,0.00030012,8.83509e-05,0.0309099,0.000319218,9.21258e-07,0.0313738
0.000544977,6.0354e-05,0.0331907,0.00055166,-5.62175e-05,0.0333157,0.000252118,6.64099e-05,0.0305845,0.00026796,4.00102e-06,0.0310964
0.00043516,2.45075e-05,0.0330096,0.000440226,-1.97535e-05,0.0331343,0.000216034,5.09278e-05,0.0304777,0.000228427,2.74798e-06,0.0310308
0.000352845,-6.96534e-06,0.0329508,0.000356666,1.28938e-05,0.0330784,0.000205635,3.59604e-05,0.0306061,0.000215625,2.33176e-06,0.0311973
0.000275038,-1.84615e-05,0.0331746,0.000277908,2.63841e-05,0.0333088,0.000145535,1.35607e-05,0.0308514,0.000151491,6.34651e-06,0.0314752
0.000216607,-2.75933e-05,0.0336959,0.000218694,3.77957e-05,0.0338402,9.46131e-05,-7.84476e-06,0.0312392,9.71743e-05,1.07526e-05,0.0318921
0.000174985,-4.62294e-05,0.034462,0.000176229,5.67608e-05,0.0346184,8.24256e-05,-2.23582e-05,0.03186,8.3505e-05,1.14744e-05,0.0325433
0.000140259,-7.911e-05,0.0353936,0.000140455,8.75212e-05,0.0355629,0.000121472,-2.70652e-05,0.0328415,0.000123656,4.92279e-06,0.0335625
0.000110194,-8.81212e-05,0.0367619,0.000109736,9.62338e-05,0.0369474,8.38614e-05,-4.87538e-05,0.0340517,8.40611e-05,8.35822e-06,0.0348119
8.26457e-05,-0.000100292,0.0386702,8.13307e-05,0.000106635,0.0388754,4.38595e-05,-7.28575e-05,0.0355476,4.23425e-05,1.08767e-05,0.0363503
5.44089e-05,-0.000138266,0.0410776,5.15597e-05,0.000139914,0.0413044,7.54082e-05,-8.70845e-05,0.0375579,7.57635e-05,4.57502e-06,0.0384153
2.38779e-05,-0.000184442,0.0441556,1.91749e-05,0.000180917,0.0444073,0.000117832,-0.000104785,0.0402279,0.000120859,-3.65968e-06,0.0411563
1.16092e-05,-0.000220419,0.0484211,4.90179e-06,0.000212216,0.0487047,8.42929e-05,-0.000149621,0.043596,8.69698e-05,-3.29349e-07,0.0446089
-8.15208e-06,-0.000305992,0.0542146,-1.84854e-05,0.000286431,0.0545375,0.000130788,-0.000200268,0.0481055,0.000137506,-7.39973e-06,0.0492294
-8.19823e-05,-0.000465462,0.0621959,-9.90607e-05,0.000424887,0.0625671,0.000248512,-0.000266062,0.0544177,0.000263457,-2.88729e-05,0.0556952
-0.000203868,-0.000699488,0.0743665,-0.000232162,0.000623265,0.0748076,0.000203078,-0.000413205,0.0632154,0.000219614,-4.23537e-05,0.0646927
-0.000449429,-0.00128181,0.0938778,-0.000502531,0.00112415,0.0944178,0.000334991,-0.000661076,0.0766688,0.000363892,-9.16729e-05,0.0784339
-0.00133226,-0.0028963,0.128531,-0.00144918,0.00251655,0.129213,0.000727036,-0.00121558,0.0996171,0.000782068,-0.000220924,0.101821
-0.00495569,-0.00892827,0.206682,-0.00529097,0.0076732,0.207557,0.00113486,-0.00295194,0.145631,0.00121428,-0.000617953,0.148467
-0.0476925,-0.0698125,0.538676,-0.0496736,0.0587877,0.537262,0.000229049,-0.0126106,0.279172,0.000243722,-0.00313349,0.281665
-20.8883,13.322,109.927,-20.5163,-13.7459,108.157,1.55563,-0.782089,5.04926,1.5533,-1.30887,5.17264
-24.7681,32.9376,190.097,-24.1727,-32.6811,188.466,-29.8929,41.8267,250.733,-28.8743,-43.38,248.543
-4.64484,1.41972,11.5898,-4.6379,-1.4881,11.5837,-1.23588,0.124535,2.57688,-1.29619,-0.174944,2.66425
-4.07174,1.69866,10.5192,-4.07483,-1.71711,10.5378,-0.206562,0.0385236,0.719068,-0.210636,-0.0418009,0.726443
-5.06473,2.26288,12.9673,-5.06901,-2.32097,13.0647,-0.0558771,0.0175072,0.411113,-0.0574418,-0.0161922,0.412787
-5.85094,2.50676,12.1295,-5.85563,-2.56643,12.2864,0.0043989,0.00980861,0.354077,0.00397548,-0.00823822,0.354781
