-0.99046,-1.17198,3.07584,7.33796,3.48269,85.3169,-1.51346,4.25582,119.059,-4.04644,-2.44845,10.8905
-5.66746,-6.9253,13.861,8.09169,3.1787,76.0264,-1.75668,4.12837,99.996,-4.74501,-6.38221,29.4271
-12.5513,-15.0433,29.211,8.24693,3.33293,76.3565,-1.16048,4.3752,98.4029,-2.70056,-8.45549,40.4464
-10.8893,-9.80109,43.8295,7.28754,1.40056,57.2523,-3.30067,1.09979,58.4647,1.10057,-7.66739,56.0066
-7.76168,-3.48381,47.7478,7.06462,2.49056,52.3913,-2.71583,2.18014,56.8152,1.7204,-7.04074,56.5622
-0.0045194,2.8695,53.553,5.72695,-0.194629,31.3944,-3.36512,-2.63921,8.66106,3.52237,-6.20195,97.5913
1.02081,4.05898,51.8589,5.69732,0.0856199,28.5915,-3.22436,-2.43308,8.09755,3.55763,-6.23649,98.6655
5.52753,6.48409,59.1604,4.63239,-0.97824,22.0591,-0.911723,-0.852075,2.46584,5.65938,-3.51424,119.768
5.6679,6.5783,58.3761,4.23357,-1.05147,20.2622,-0.562312,-0.498086,1.77591,5.21831,-3.64376,121.539
7.3597,8.13191,66.3515,2.5593,-0.856711,17.0475,-0.268864,-0.244729,0.999747,6.51361,-0.572762,120.325
7.16702,8.01431,66.4964,2.08939,-1.01878,15.8287,-0.155149,-0.137307,0.744694,6.31175,-0.563195,121.764
7.2477,9.30429,72.9272,0.603007,-1.23064,12.9889,-0.0974031,-0.0862508,0.555377,6.54883,1.07566,116.335
7.07363,9.18845,73.3662,0.26348,-1.39508,12.1373,-0.0632207,-0.0559053,0.460925,6.62991,1.27496,117.012
6.75101,10.0346,78.3349,-0.663994,-1.909,10.2181,-0.0440758,-0.0394387,0.392437,6.84607,2.06482,116.452
6.67954,9.95871,78.8045,-0.873784,-2.0363,9.73208,-0.0311574,-0.0283068,0.349021,7.1232,2.32398,116.674
6.27268,10.1406,84.6944,-1.77716,-2.63307,7.72651,-0.0235138,-0.0221442,0.322436,7.48151,2.90151,120.778
6.29855,10.0634,85.0206,-1.92858,-2.82425,7.7652,-0.0180423,-0.0175853,0.300424,7.79375,3.17209,120.716
6.2454,9.60054,90.7641,-2.76195,-3.58,7.3391,-0.0148862,-0.0157417,0.293841,7.67084,4.40134,125.345
6.18319,9.46566,91.8178,-4.11919,-5.31985,10.0459,-0.0127121,-0.0140138,0.282815,7.85552,4.67108,124.995
6.75373,8.35297,96.578,-4.48939,-5.45425,9.82361,-0.0115776,-0.0145804,0.289112,5.71335,5.3284,124.825
6.76759,8.32418,97.1262,-3.49119,-4.24257,7.83361,-0.0109253,-0.0141757,0.285321,5.95542,5.67318,124.653
7.30484,7.17852,96.0825,-1.66952,-1.99629,3.95939,-0.01027,-0.016458,0.305291,4.06812,4.86104,124.705
7.37697,7.31168,96.1595,-0.782528,-0.929134,2.18423,-0.0106896,-0.0169006,0.308973,4.42726,5.17757,124.603
7.54203,6.26335,89.9869,-0.431879,-0.5156,1.41681,-0.0101488,-0.0214047,0.348807,3.62806,3.79469,124.282
7.59929,6.51307,89.9938,-0.260314,-0.30835,1.0417,-0.0118304,-0.0230415,0.365418,4.08084,4.0255,124.325
7.13232,5.84154,82.5115,-0.193962,-0.231168,0.890414,-0.0108214,-0.0327041,0.447583,3.81257,2.1837,122.01
7.13807,6.15569,82.5938,-0.141111,-0.166087,0.757146,-0.0149246,-0.0381148,0.495464,4.36163,2.3418,122.407
5.95051,5.62036,76.6203,-0.131294,-0.150961,0.770855,-0.0123164,-0.0614292,0.671096,3.79642,0.657817,121.63
5.96467,5.90375,76.8481,-0.111165,-0.1253,0.716712,-0.0215446,-0.0855038,0.827031,4.43152,0.754911,122.456
5.28312,6.80787,75.6971,-0.135894,-0.140812,0.884376,0.000587799,-0.164794,1.31329,3.67018,-0.347821,124.536
5.30822,7.00604,75.8884,-0.142048,-0.142175,0.920189,0.00797148,-0.365529,2.14961,4.32544,-0.265048,125.69
4.67831,9.09666,77.3386,-0.285767,-0.236935,1.54376,1.25645,-2.89789,9.31409,3.28536,-0.899011,122.779
4.83228,9.18338,77.3459,-0.508373,-0.394341,2.19034,-1.87062,-8.67233,27.367,3.84952,-0.579101,123.972
2.88735,10.4348,73.0677,-5.96248,-3.62755,13.4166,-6.80901,-9.65192,60.4515,1.53059,0.0124985,106.094
3.08407,10.3153,72.8743,-11.5245,-10.9394,32.0131,-8.41329,-9.27335,66.4062,1.46911,0.644234,103.147
1.86999,9.82236,55.6125,-4.64177,-10.5493,60.6353,-4.67104,-4.81248,70.3116,-0.382144,0.385414,69.4565
2.20386,9.40489,49.8287,-1.46674,-9.92166,65.0298,-3.56288,-3.73212,67.6387,0.355245,1.23769,66.1852
0.503434,7.22672,32.4657,1.40698,0.549051,64.3901,1.53825,2.33953,85.4919,-3.62939,-3.68355,12.8235
0.278314,6.91458,28.9792,2.23309,1.92482,61.3734,1.91667,2.85902,84.5284,-3.25601,-3.18319,11.4802
-0.937944,5.598,23.5409,2.81557,8.08157,60.6595,5.72466,8.50228,98.654,-1.41767,-1.87927,4.16645
-1.27777,5.06698,21.7462,3.02197,8.28929,59.5552,5.95435,8.26505,98.942,-1.1038,-1.51798,3.47525
-1.5724,4.56319,22.9613,2.94037,7.95843,59.8278,6.05938,11.9665,101.741,-0.529786,-0.727874,1.86526
-1.88218,3.83448,21.5161,2.97885,7.74489,59.7803,6.15642,11.784,102.504,-0.30618,-0.422356,1.32036
-2.35209,1.74528,18.2539,3.48034,4.92546,63.2358,5.19758,13.2088,102.78,-0.197544,-0.267453,0.972902
-2.6091,1.17255,17.1513,3.4563,4.67877,63.6404,5.28063,13.2077,103.62,-0.135058,-0.178766,0.791447
-3.19778,-2.10573,10.4353,4.50029,2.41783,70.6334,4.7321,12.8573,105.822,-0.104007,-0.136044,0.681244
-3.31589,-2.24201,10.3225,4.41989,2.09854,71.9947,4.80245,12.9193,106.746,-0.0802465,-0.102538,0.602426
-3.55824,-3.81969,8.34303,5.72537,1.10654,81.3473,4.60113,11.4096,111.025,-0.0692256,-0.0881699,0.566439
-4.86101,-5.12256,10.6797,5.45397,1.00499,83.0454,4.64173,11.6045,111.887,-0.0586136,-0.0728242,0.526325
-6.46393,-7.68963,13.6097,6.31143,0.94844,93.7022,3.70039,9.22992,117.021,-0.0556689,-0.0687171,0.52767
-6.17748,-7.34148,13.0711,6.06409,0.881874,95.4745,3.76811,9.43513,117.689,-0.0502709,-0.0611536,0.506836
-5.50605,-6.65657,11.6436,5.82274,1.75068,99.8922,2.41054,7.04708,122.259,-0.052196,-0.0604387,0.540467
-3.36881,-4.07257,7.4217,5.87846,1.66993,101.368,2.48919,7.27909,122.786,-0.051016,-0.0571487,0.537693
-2.31864,-2.7584,5.23278,5.4821,2.91438,100.008,1.0134,4.99266,125.199,-0.0597896,-0.0605812,0.615937
-1.18098,-1.42136,3.00917,5.66547,3.0034,100.773,1.08598,5.36624,125.665,-0.0634934,-0.062275,0.642977
-0.930886,-1.09802,2.4869,5.53043,3.65778,96.6509,-0.358113,3.40224,125.334,-0.0889678,-0.0736888,0.812826
-0.602859,-0.721306,1.83869,5.8098,3.85145,96.8737,-0.264832,3.89148,125.898,-0.107613,-0.0878537,0.917359
-0.622475,-0.740539,1.9665,5.97393,3.75463,91.3765,-1.31756,2.95911,123.926,-0.193879,-0.123867,1.34388
-0.502411,-0.600045,1.72514,6.32829,3.92442,91.4672,-1.1987,3.49155,124.65,-0.313051,-0.201576,1.80341
-0.80481,-0.978352,2.65367,6.99753,3.42409,84.9459,-1.83883,3.68361,118.476,-0.942506,-0.446994,3.77586
-0.980591,-1.17623,3.06763,7.4023,3.52728,85.299,-1.63867,4.19688,119.429,-3.84539,-2.3737,10.4518
-5.51789,-6.8334,13.6049,8.28095,3.17674,76.3833,-1.92041,4.10867,100.229,-4.69867,-6.25241,28.4795
-12.2658,-14.8879,28.6723,8.43883,3.33112,76.696,-1.31935,4.36204,98.6514,-2.65178,-8.30506,39.5605
-10.9378,-10.0159,43.5746,7.35079,1.47009,57.6874,-3.38057,1.05791,59.398,1.23521,-7.47854,55.1732
-7.79539,-3.60749,47.2797,7.11907,2.56644,52.7453,-2.79338,2.1449,57.7414,1.84287,-6.86657,55.8443
-0.0232576,2.76289,52.944,5.7592,-0.130403,31.7332,-3.47848,-2.72715,9.0338,3.68058,-6.06663,97.0842
0.979352,3.9535,51.3622,5.73034,0.15778,28.9499,-3.31373,-2.49693,8.4127,3.71175,-6.12365,98.1938
5.48233,6.42856,58.5585,4.69486,-0.895169,22.3055,-0.935061,-0.880553,2.52677,5.79394,-3.41345,119.419
5.61381,6.51523,57.8186,4.30048,-0.96786,20.4777,-0.583676,-0.520617,1.82893,5.34918,-3.55971,121.242
7.3378,8.02983,65.7616,2.63739,-0.76518,17.2384,-0.277354,-0.254671,1.0218,6.56653,-0.512548,120.068
7.13856,7.90704,65.932,2.16614,-0.9278,15.9945,-0.159918,-0.142704,0.759098,6.35138,-0.514312,121.555
7.25868,9.15605,72.57,0.639033,-1.12505,13.0881,-0.0998176,-0.0893274,0.563987,6.52327,1.09546,116.164
7.07883,9.03318,73.0316,0.298675,-1.29444,12.2199,-0.0646368,-0.0578138,0.467172,6.598,1.28595,116.866
6.73935,9.88625,78.3256,-0.696763,-1.86489,10.0799,-0.0450066,-0.0407956,0.397944,6.68217,2.00465,116.295
6.65885,9.8078,78.8238,-0.896319,-1.98759,9.60294,-0.0318138,-0.0293108,0.353679,6.95386,2.2588,116.543
6.32087,10.0444,84.4518,-1.77458,-2.6173,7.71358,-0.023978,-0.0228911,0.326771,7.23527,2.85126,120.506
6.34815,9.96948,84.8088,-1.92489,-2.80457,7.74659,-0.0183792,-0.018167,0.304495,7.55115,3.11297,120.483
6.23875,9.51083,90.7687,-2.76254,-3.5835,7.37003,-0.015117,-0.0162224,0.297956,7.53439,4.27961,125.483
6.17202,9.37677,91.8204,-4.15933,-5.37292,10.1549,-0.0128983,-0.0144213,0.28684,7.71599,4.5429,125.154
6.62142,8.25798,96.308,-4.61159,-5.62193,10.103,-0.011738,-0.014956,0.293436,5.6663,5.08391,125.001
6.63575,8.22987,96.874,-3.6974,-4.50142,8.26916,-0.0110833,-0.0145335,0.289684,5.90633,5.42162,124.857
7.2355,7.2136,96.289,-1.80174,-2.15963,4.23503,-0.0104437,-0.0168082,0.309515,4.03716,4.81737,124.802
7.30351,7.34087,96.3849,-0.838218,-0.997463,2.30759,-0.0108612,-0.017268,0.313228,4.38661,5.13636,124.714
7.45849,6.33565,90.3338,-0.455941,-0.546082,1.47404,-0.010323,-0.0218081,0.353474,3.5938,3.74498,124.379
7.51702,6.58248,90.3473,-0.272443,-0.324003,1.07471,-0.0120506,-0.0234816,0.370026,4.04146,3.9787,124.427
7.12243,5.97021,83.1189,-0.201131,-0.241098,0.911772,-0.0110843,-0.0330864,0.452185,3.8199,2.23946,122.343
7.12979,6.27897,83.205,-0.145282,-0.172259,0.771812,-0.0152644,-0.0385219,0.499854,4.35733,2.40119,122.719
5.98883,5.79856,77.3074,-0.134065,-0.1557,0.780761,-0.0126336,-0.0617433,0.675642,3.7909,0.750422,121.741
6.00363,6.08102,77.534,-0.112634,-0.128486,0.723116,-0.0219765,-0.0855586,0.829899,4.41572,0.852842,122.54
5.26826,6.90592,76.1576,-0.136381,-0.143002,0.886648,0.000169689,-0.164241,1.31474,3.63977,-0.342213,124.483
5.29158,7.10836,76.3454,-0.141093,-0.142982,0.91764,0.00633182,-0.359496,2.13354,4.28421,-0.256075,125.604
4.70547,9.26722,77.5365,-0.278901,-0.235741,1.52616,1.20061,-2.72139,8.95042,3.21906,-0.877587,122.624
4.85815,9.36352,77.5777,-0.483596,-0.383812,2.13295,-1.65766,-8.34669,26.3073,3.78153,-0.571106,123.795
2.99935,10.6881,73.3616,-5.49786,-3.37679,12.5717,-6.524,-9.37288,59.1113,1.5065,0.00971667,106.142
3.37204,10.5013,72.87,-15.0746,-14.4661,41.6487,-8.12718,-8.95959,65.0516,1.51781,0.654324,103.144
1.92255,10.0351,56.6831,-6.07176,-12.3027,65.0105,-4.6063,-4.61443,69.2442,-0.578671,0.346812,69.2833
2.3494,9.60099,50.8168,-2.42378,-11.8359,71.0372,-3.50943,-3.54402,66.711,0.197086,1.22501,66.0458
0.675825,7.39393,33.1376,0.83942,-1.074,70.7297,1.59203,2.5721,84.4782,-3.66448,-3.64667,12.8684
0.459611,7.07056,29.4599,1.87327,0.672347,66.7225,1.97794,3.06241,83.6635,-3.27284,-3.14263,11.5269
-0.896757,5.5509,23.3731,2.78711,7.24869,65.6154,5.84447,8.69144,98.3375,-1.40359,-1.87346,4.15686
-1.24419,5.00289,21.4517,3.09191,7.71793,63.687,6.07407,8.43987,98.673,-1.09739,-1.51695,3.47483
-1.68465,4.22666,21.8264,3.25635,7.65256,64.0008,6.21131,11.9972,101.508,-0.527368,-0.731603,1.87106
-1.98825,3.49906,20.3294,3.34003,7.5832,63.5021,6.30481,11.8115,102.266,-0.305044,-0.425486,1.32549
-2.47502,1.34567,16.9533,3.8903,5.00265,66.818,5.34211,13.1219,102.374,-0.195992,-0.268858,0.975215
-2.70164,0.79149,15.8875,3.9002,4.83688,66.9873,5.42847,13.114,103.207,-0.133677,-0.179619,0.792998
-3.12843,-2.23485,9.7968,4.99101,2.73449,73.3638,5.00847,12.8104,105.096,-0.102845,-0.136633,0.682186
-3.26536,-2.34858,9.75479,4.91971,2.46383,74.6336,5.07686,12.8691,105.979,-0.079296,-0.102949,0.602987
-3.42564,-3.71985,8.06243,6.16083,1.46672,83.708,4.7922,11.4132,110.205,-0.0684891,-0.0885902,0.567326
-4.94636,-5.37292,10.9058,5.88658,1.36466,85.4498,4.81833,11.5927,110.973,-0.0581005,-0.073244,0.526953
-6.35376,-7.67593,13.4965,6.5615,1.32139,95.6851,3.88609,9.1702,115.763,-0.055218,-0.0690583,0.528461
-5.90613,-7.11214,12.6168,6.34709,1.27833,97.339,3.95629,9.36758,116.412,-0.0498969,-0.0614608,0.507575
-5.10109,-6.22292,10.8967,6.03641,2.07005,101.346,2.57386,6.95643,121.154,-0.0518778,-0.0604383,0.541672
-2.98462,-3.64009,6.69103,6.11028,2.0203,102.694,2.64755,7.18726,121.672,-0.0507424,-0.0571115,0.539364
-2.01607,-2.41767,4.65696,5.62444,3.11484,100.803,1.12842,4.94639,124.18,-0.0597645,-0.0606095,0.618612
-1.04638,-1.26948,2.74913,5.8148,3.24914,101.436,1.19468,5.32689,124.662,-0.063801,-0.0624481,0.646784
-0.829324,-0.985925,2.2915,5.49744,3.79928,96.9566,-0.256999,3.35331,124.625,-0.0903868,-0.0742649,0.820965
-0.54644,-0.658987,1.72692,5.78103,4.0265,97.0654,-0.170409,3.84541,125.217,-0.110515,-0.0891117,0.929744
-0.560414,-0.673099,1.84361,5.86129,3.80201,91.3991,-1.36391,2.98234,123.649,-0.202172,-0.127679,1.37272
-0.455843,-0.549726,1.63077,6.21621,3.99812,91.3806,-1.24949,3.51605,124.412,-0.33375,-0.21219,1.8624
-0.700034,-0.861218,2.43311,6.78277,3.46927,84.6988,-1.89141,3.7077,118.377,-1.0694,-0.502932,4.05559
-0.836656,-1.01552,2.7694,7.18537,3.59336,84.9638,-1.6809,4.21754,119.358,-4.51453,-2.86533,11.8278
-4.55882,-5.71847,11.6434,7.95144,3.09756,75.8348,-1.87598,4.06533,100.475,-5.07426,-7.05656,31.1408
-11.0526,-13.5525,26.0611,8.12865,3.23178,76.1549,-1.27782,4.30069,98.846,-2.91347,-9.02371,42.1034
-11.9712,-11.8414,44.1989,7.26559,1.26031,59.2765,-3.35183,0.921313,60.5328,0.936592,-8.1905,55.2895
-8.85495,-4.8329,50.0498,6.9154,2.4832,54.1087,-2.78147,2.08286,58.9076,1.59467,-7.42056,55.6813
-0.760873,2.10473,55.3687,5.54725,-0.117189,31.9429,-3.54387,-2.81169,9.29566,3.40601,-6.47251,97.5894
0.435195,3.51528,53.3159,5.53258,0.180631,28.9508,-3.35388,-2.55712,8.63556,3.49465,-6.44426,98.4528
5.13256,6.12325,60.153,4.50089,-0.93146,21.8577,-0.940374,-0.903169,2.5572,5.61383,-3.60742,120.616
5.36967,6.29385,59.0173,4.12222,-1.01323,20.0448,-0.591173,-0.537756,1.85656,5.17654,-3.7233,122.284
7.17105,7.97281,66.3313,2.47038,-0.890568,16.6825,-0.282477,-0.263305,1.04739,6.38169,-0.588267,120.58
7.01885,7.88488,66.3748,2.01803,-1.05161,15.4979,-0.161611,-0.146489,0.765613,6.2085,-0.586484,121.948
7.25979,9.30181,72.525,0.587832,-1.25053,12.8381,-0.100572,-0.091238,0.567091,6.40264,1.1133,116.039
7.0962,9.19536,72.9215,0.259454,-1.41675,12.0378,-0.0650449,-0.0588629,0.469128,6.47988,1.31076,116.707
6.68968,10.0851,78.2823,-0.685705,-1.92037,10.1076,-0.0452339,-0.0414463,0.399086,6.59672,1.94638,115.785
6.61985,10.0144,78.7233,-0.887893,-2.04691,9.65018,-0.0319338,-0.0297268,0.35446,6.87251,2.20587,116.029
6.23314,10.3641,84.6911,-1.7558,-2.66464,7.74418,-0.0240762,-0.0231891,0.32688,7.2357,2.89548,120.008
6.26608,10.2892,85.0296,-1.90278,-2.85666,7.7832,-0.0184351,-0.0183618,0.304433,7.55052,3.16047,119.99
6.18714,9.7676,90.9477,-2.75774,-3.65576,7.43074,-0.0151557,-0.0163552,0.297493,7.50629,4.31833,125.309
6.12888,9.62498,92.0293,-4.151,-5.46924,10.2375,-0.0129064,-0.0145158,0.286273,7.68755,4.57497,124.988
6.59384,8.42998,96.6954,-4.61575,-5.72111,10.1998,-0.0116726,-0.0150289,0.292644,5.60606,5.082,125.073
6.60579,8.39975,97.2754,-3.68696,-4.57082,8.32531,-0.0109924,-0.0145956,0.288743,5.84119,5.4185,124.931
7.1776,7.25742,96.4513,-1.79802,-2.19236,4.26215,-0.01031,-0.0168377,0.308612,3.98627,4.72086,125.024
7.24748,7.38733,96.5589,-0.832721,-1.00805,2.3118,-0.0107177,-0.0172937,0.312281,4.33574,5.03932,124.941
7.45214,6.3342,90.4205,-0.453366,-0.55095,1.47711,-0.0100431,-0.0218487,0.352837,3.44072,3.59678,124.437
7.5135,6.58567,90.4206,-0.271002,-0.326485,1.07638,-0.0117405,-0.0235521,0.369576,3.89424,3.83411,124.497
7.11382,5.98005,83.146,-0.200373,-0.242771,0.913615,-0.0105708,-0.0332884,0.45282,3.62987,2.08409,122.297
7.12837,6.2912,83.2108,-0.144929,-0.173438,0.773713,-0.0147334,-0.0388979,0.501462,4.17884,2.25093,122.689
5.9838,5.74395,77.2362,-0.133862,-0.1567,0.783522,-0.011641,-0.0626765,0.680788,3.63499,0.570911,122.051
6.00509,6.02601,77.444,-0.112571,-0.12933,0.726042,-0.0209031,-0.0876056,0.840107,4.26794,0.676877,122.857
-1.1452,-1.24553,3.06298,5.55692,2.44882,83.0522,-3.70401,2.80392,123.385,-6.25637,-4.51468,13.6167
-3.37473,-3.4409,7.28969,6.35233,0.474219,85.9427,-2.76963,4.03335,100.359,-11.4495,-13.9392,37.6691
-7.72443,-7.55401,15.098,7.0262,1.27466,82.3936,-2.11305,3.66605,100.859,-6.5691,-16.8805,58.7394
-13.8111,-13.083,27.8206,6.32175,-0.73865,64.3976,-4.47468,0.251787,62.9504,-1.49745,-13.2624,69.2664
-19.0025,-13.7217,65.6167,5.65782,1.12241,59.6868,-4.10763,1.67183,63.3261,-0.920381,-11.9188,69.8088
-6.90599,-2.17718,76.3028,4.37726,-1.63071,40.3567,-5.51364,-4.02414,15.0271,0.746106,-11.0053,111.053
-2.94158,0.921074,62.7694,4.94267,-1.73003,38.4299,-3.17778,-2.07194,9.32304,1.0895,-10.6638,111.441
1.2709,3.02033,70.6152,4.28845,-3.12822,34.0632,-1.44656,-1.31406,3.73277,3.77898,-6.80634,129.374
1.16909,2.84282,71.555,4.13506,-3.32578,33.0214,-0.452513,-0.402957,1.65136,3.90649,-5.92031,128.416
2.70739,4.28922,79.8112,2.51465,-3.19751,30.8551,-0.244227,-0.220863,1.00267,5.61056,-1.95063,124.684
2.62061,4.27486,80.0208,2.05538,-3.39495,29.9481,-0.129628,-0.115144,0.693229,5.70029,-1.37339,124.542
2.72754,5.68022,86.0228,0.260394,-3.67698,26.3136,-0.0853276,-0.0751085,0.529897,6.07182,0.579897,118.276
2.70258,5.76945,86.1189,-0.322286,-3.86483,23.9638,-0.0557894,-0.0486206,0.431796,6.26107,0.971855,118.504
2.48381,6.80706,90.4488,-1.79381,-4.68887,20.2693,-0.0399475,-0.034751,0.36936,6.54096,1.83202,117.912
2.65158,6.97386,90.2477,-2.14983,-4.83506,18.3174,-0.0288756,-0.0252605,0.326776,6.92076,2.19399,118.047
2.42021,7.37151,95.2286,-3.68225,-5.82891,14.7911,-0.0219888,-0.0197657,0.299512,7.43395,2.9298,121.958
2.73474,7.57442,94.6856,-3.27298,-5.19882,12.5712,-0.0172488,-0.0159419,0.279004,7.91496,3.39928,121.539
2.90897,7.35797,99.3486,-3.85789,-5.34765,10.5644,-0.0141398,-0.0140505,0.26809,8.02495,4.8877,125.651
3.01789,7.52807,99.606,-1.96055,-2.68793,5.89407,-0.0122245,-0.0126386,0.25857,8.34672,5.39035,124.765
3.81558,6.69208,103.268,-1.45442,-1.84246,3.99016,-0.010917,-0.0126728,0.257144,6.39965,6.28961,124.066
4.14315,6.95053,102.796,-0.666678,-0.831097,2.18974,-0.0103213,-0.0125729,0.255592,6.82768,6.81867,123.562
5.17115,6.11965,100.277,-0.463208,-0.56312,1.55849,-0.00979628,-0.0141314,0.264837,5.25468,6.20346,123.402
5.53409,6.47751,99.5565,-0.280788,-0.337698,1.10574,-0.0102561,-0.0152487,0.273123,5.84282,6.69318,123.084
5.94304,5.60745,93.2486,-0.204693,-0.245465,0.881929,-0.0104761,-0.0187314,0.296303,5.24651,5.47829,122.545
6.05943,5.9531,93.5435,-0.147018,-0.173891,0.722319,-0.0121971,-0.0216744,0.319421,5.85448,5.86641,122.392
5.70785,5.35699,86.7542,-0.118607,-0.139146,0.638007,-0.0135357,-0.0297488,0.370793,5.73083,4.15601,119.96
5.72554,5.72849,87.557,-0.0974119,-0.11176,0.571279,-0.0183259,-0.0388896,0.431524,6.42773,4.45546,120.313
4.60643,5.23388,82.5873,-0.0890792,-0.0983185,0.555656,-0.0238269,-0.0619761,0.554221,6.01899,2.91048,119.557
4.65288,5.59166,83.6272,-0.086831,-0.0920192,0.548917,-0.0411698,-0.102843,0.739994,6.84203,3.17685,120.327
4.0278,6.57763,83.3686,-0.101956,-0.0987909,0.620142,-0.0721027,-0.224616,1.16887,6.31831,2.31377,122.296
4.14541,6.91591,84.1274,-0.13476,-0.12548,0.727877,-0.264903,-0.803602,2.48808,7.20125,2.66819,123.153
3.67233,9.17013,85.749,-0.267158,-0.217406,1.10471,-5.01125,-12.7994,20.8996,6.20207,2.3672,119.794
3.97985,9.41124,86.0504,-0.932764,-0.736027,2.46056,-13.161,-18.2657,38.5183,7.0111,2.92154,120.774
2.53859,10.7859,81.2239,-16.6486,-14.0973,29.2811,-12.0459,-13.0566,55.7848,4.96089,3.14202,103.832
2.73,10.9884,81.4795,-18.5171,-20.6855,39.2507,-12.2352,-11.8886,63.5968,4.85236,3.77309,102.231
1.38886,10.6005,65.8415,-11.0527,-17.1864,56.6661,-9.07489,-8.79107,69.9382,2.01921,2.45276,70.8212
1.92627,10.2511,60.4678,-4.38209,-14.4402,70.2313,-8.80467,-8.67229,71.5242,2.64501,3.1642,69.7229
0.199761,8.16062,44.5488,-1.45003,-2.183,65.3022,-5.49095,-4.58359,92.5863,-4.04425,-4.26856,17.7089
0.0585238,8.14588,41.2906,-1.28947,-1.79066,65.8303,-5.22438,-4.06069,93.1059,-3.09509,-2.93607,12.6921
-1.13719,7.03946,37.2394,-1.18974,3.31938,68.5621,-1.8615,0.857731,107.274,-2.63457,-3.47124,7.13587
-1.48855,6.75033,36.2177,-1.28273,3.03137,69.7438,-1.31126,1.10106,107.014,-0.787101,-1.07819,2.82036
-1.65504,6.35259,39.3425,-1.55467,2.35675,71.4374,-0.801407,5.13757,108.898,-0.450601,-0.620513,1.73211
-1.95078,5.7244,39.2189,-1.60167,2.01569,72.3868,-0.39992,5.34964,108.907,-0.244172,-0.338147,1.1591
-2.60586,3.39411,34.65,-1.21605,-1.08627,76.5477,-1.0141,7.05056,108.624,-0.170413,-0.232325,0.897438
-3.03217,2.51489,31.4828,-1.11977,-1.40778,77.4754,-0.723551,7.23236,109.021,-0.120433,-0.161296,0.734223
-4.94214,-3.03927,18.8047,-0.141531,-3.90038,84.5875,-1.14111,6.95061,110.803,-0.0955535,-0.126544,0.639504
-4.71654,-3.02038,15.396,-0.0317269,-3.97095,85.5118,-0.88772,7.22081,111.284,-0.0762134,-0.0993121,0.569586
-5.4012,-5.81102,12.5453,1.11811,-4.7622,93.8704,-1.08476,5.81775,114.936,-0.0654738,-0.0847281,0.529562
-2.54072,-2.72313,6.53197,1.18342,-4.63241,94.7377,-0.813513,6.11624,115.298,-0.0569088,-0.0723638,0.495317
-2.1475,-2.57556,5.26919,1.96559,-4.46294,103.926,-1.74993,3.79253,119.603,-0.0523271,-0.0655767,0.482268
-0.829051,-1.01609,2.51794,2.03282,-4.01235,104.196,-1.42616,4.24258,119.578,-0.049172,-0.0600411,0.470617
-0.583637,-0.72956,1.8678,1.89106,-2.5912,106.93,-2.76591,2.05007,123.177,-0.049641,-0.0570718,0.484746
-0.358467,-0.457411,1.35076,2.09655,-2.15785,107.099,-2.46445,2.59341,123.009,-0.0513992,-0.057458,0.499169
-0.296886,-0.375566,1.15326,1.90096,-0.305721,104.375,-3.88599,0.572813,124.629,-0.0592266,-0.0598625,0.550939
-0.239944,-0.301052,0.994456,2.20081,0.297499,103.831,-3.63881,1.26594,124.571,-0.0701594,-0.0687171,0.608924
-0.222906,-0.271821,0.928145,2.29376,1.29037,99.2681,-4.92573,-0.417694,123.532,-0.098054,-0.0848856,0.743284
-0.202023,-0.242406,0.863017,2.62564,1.56228,99.4157,-4.70875,0.215796,123.665,-0.145218,-0.123041,0.93043
-0.196816,-0.230677,0.866895,3.00577,1.51637,94.378,-5.59387,-0.531304,121.29,-0.288667,-0.217415,1.392
-0.207958,-0.24026,0.897134,3.35565,1.6156,94.9141,-5.43062,0.0504551,121.79,-0.793639,-0.604722,2.58276
-0.252501,-0.289475,1.0784,4.2487,1.08131,89.2001,-5.71913,0.43971,115.501,-5.46235,-4.34725,11.1254
-0.414473,-0.465911,1.48149,4.55845,1.0635,90.0977,-5.51134,0.818471,116.424,-11.639,-12.4656,25.7052
-1.32365,-1.46229,3.5279,5.85923,0.384721,82.7724,-5.22546,1.21702,98.223,-7.07459,-11.9865,30.6865
-11.5857,-12.4191,23.0025,5.91639,0.485206,83.6047,-4.67518,1.24001,97.7647,-4.17877,-14.3365,49.6011
-20.7991,-20.8873,48.1403,5.28608,-0.914219,65.7809,-5.51053,-0.745692,60.5898,-0.763451,-12.965,65.3125
-16.4801,-8.88487,79.7967,4.61852,0.751084,61.1756,-5.33363,0.264664,61.0478,-0.654506,-12.0862,66.447
-2.81277,1.83405,64.994,4.4924,-2.22853,42.8469,-4.73754,-3.44216,13.8911,-0.391218,-13.099,107.984
-1.47481,2.89743,60.6769,4.87544,-2.13137,40.8069,-2.71277,-1.73033,8.66303,-0.166895,-12.8172,108.612
2.3131,4.78418,70.0079,4.35564,-3.35654,36.0755,-1.05935,-0.94561,3.0697,1.78084,-9.8348,127.059
2.16881,4.54731,70.8696,4.18707,-3.53033,34.9635,-0.350402,-0.306595,1.46633,1.78444,-9.04282,126.312
3.70514,6.01247,79.0587,2.5962,-3.35572,32.6992,-0.188334,-0.167665,0.895225,3.38737,-5.12604,122.9
3.55064,5.93249,79.302,2.13412,-3.55431,31.8304,-0.100808,-0.0881961,0.632034,3.33405,-4.66144,122.921
3.63943,7.31461,85.5116,0.380073,-3.74067,28.2193,-0.066653,-0.0578749,0.487381,3.72553,-2.6298,116.854
3.55719,7.33697,85.6091,-0.13235,-3.91632,26.1938,-0.0436675,-0.0376453,0.401084,3.78418,-2.35918,117.216
3.25199,8.38496,90.2473,-1.64281,-4.79805,22.1695,-0.0312966,-0.0270673,0.345974,3.84207,-1.6545,116.725
3.34814,8.4905,90.0471,-1.95723,-4.94949,20.3622,-0.0225984,-0.0197948,0.308567,4.10005,-1.40253,116.983
3.10533,8.95972,94.7707,-3.57885,-6.07878,16.2492,-0.01713,-0.0156017,0.284723,4.29059,-0.908509,120.867
3.34646,9.08828,94.2719,-3.2621,-5.63429,14.4207,-0.0133192,-0.0126329,0.266934,4.68088,-0.53291,120.579
3.33675,8.87472,99.2684,-3.9465,-5.75528,11.5338,-0.0107884,-0.0112719,0.257912,4.61143,0.592311,125.183
3.32599,8.96785,99.6514,-2.10372,-3.03791,6.72049,-0.00922353,-0.0102014,0.25016,4.83838,1.01606,124.393
3.86728,8.09219,103.235,-1.53712,-2.02852,4.39597,-0.00811944,-0.0104144,0.25003,2.86259,1.69014,123.725
4.07022,8.25324,102.963,-0.689508,-0.894402,2.38103,-0.00760555,-0.010423,0.249872,3.17159,2.11069,123.335
5.04023,7.44092,101.084,-0.460096,-0.579929,1.63456,-0.007003,-0.0118809,0.259766,1.47913,1.5896,123.029
5.34012,7.70881,100.348,-0.269652,-0.336092,1.13896,-0.00723858,-0.0128731,0.268919,1.95883,1.98419,122.804
5.70085,6.75617,94.107,-0.192278,-0.239253,0.895148,-0.00688952,-0.0158917,0.292762,1.26329,0.682554,122.204
5.75183,7.02451,94.3733,-0.135136,-0.166205,0.726916,-0.00790938,-0.0184075,0.317076,1.7504,0.969502,122.106
5.43614,6.35956,87.7942,-0.107278,-0.131159,0.637437,-0.00745873,-0.0250422,0.369382,1.62392,-0.634536,119.83
5.38395,6.65158,88.5583,-0.0866824,-0.103898,0.56791,-0.00981239,-0.0325492,0.431963,2.16663,-0.457985,120.176
4.27567,6.10067,83.6002,-0.0779216,-0.0898518,0.54933,-0.00866758,-0.0510152,0.558185,1.64098,-2.03946,119.107
4.2461,6.37641,84.5881,-0.0746382,-0.0826789,0.539601,-0.0136127,-0.0843248,0.75142,2.27642,-1.92551,119.859
3.49857,7.1863,84.0494,-0.0850076,-0.0852516,0.604299,0.00033348,-0.182018,1.20429,1.48055,-3.11729,121.604
3.52785,7.43037,84.7592,-0.109078,-0.1048,0.70043,0.0250284,-0.668428,2.5782,2.14236,-2.93781,122.429
2.97417,9.65289,86.116,-0.201671,-0.165465,1.02858,-0.43749,-10.4358,19.3337,1.07763,-3.25339,118.997
3.15821,9.75719,86.4154,-0.603544,-0.47873,2.00883,-9.24763,-13.8576,39.4811,1.56974,-2.9032,119.846
1.62146,11.12,81.8975,-11.9592,-9.72922,21.8548,-7.43385,-8.37888,51.8991,0.155245,-2.06873,103.202
1.98366,11.0708,81.4376,-18.3938,-22.6812,46.228,-8.40861,-8.70469,59.6995,0.0229977,-1.48617,101.47
0.499573,10.6183,66.8031,-5.14569,-12.6043,58.4564,-6.14662,-6.37031,68.7291,-1.67178,-1.23292,69.7168
0.895218,10.3026,61.9926,-1.96812,-10.0634,62.7889,-6.05733,-6.4447,70.6202,-1.14568,-0.705559,69.0208
-0.456421,8.09767,45.4718,-0.305093,-0.830083,65.988,-2.05745,-1.73876,91.0117,-4.1238,-4.71689,19.1556
-0.540302,8.0158,41.9476,-0.336209,-0.934227,67.8073,-1.95454,-1.35425,91.6618,-3.26201,-3.35951,14.3636
-1.83522,6.71713,37.1899,-0.0895183,4.238,70.9601,1.65274,3.83425,106.267,-1.9291,-2.73715,5.95847
-2.19946,6.38383,35.8942,-0.184319,3.96543,71.9006,2.05524,3.94908,106.059,-0.582513,-0.858414,2.48115
-2.65655,5.61349,37.9378,-0.308273,3.35811,74.085,2.48967,7.75778,107.912,-0.312972,-0.465747,1.48354
-2.9783,4.9311,37.5277,-0.377198,3.01046,74.8949,2.77942,7.86498,107.947,-0.169018,-0.253902,1.016
-3.57599,2.50907,32.9627,0.0234011,0.106692,79.0874,2.01582,9.33063,107.571,-0.116065,-0.171636,0.787511
-3.83898,1.75094,30.4562,0.066674,-0.153981,79.8063,2.2112,9.44985,108.013,-0.081351,-0.118086,0.649399
-5.139,-3.35446,18.6898,1.10158,-2.40917,86.2602,1.86911,9.19478,109.566,-0.0643412,-0.0919549,0.566936
-4.75617,-3.11875,15.6844,1.14848,-2.48412,87.1069,2.03926,9.38535,110.068,-0.0512461,-0.0717519,0.507521
-5.26152,-5.81207,12.5686,2.2663,-3.31079,95.2927,1.7781,8.01513,113.805,-0.0443329,-0.0612073,0.473531
-2.48971,-2.75803,6.66135,2.27134,-3.28773,96.3073,1.96411,8.21206,114.142,-0.0387917,-0.0523091,0.445105
-2.04721,-2.54202,5.23268,2.89692,-3.14203,105.226,1.09048,5.8453,118.271,-0.036155,-0.0475427,0.434987
-0.816693,-1.04451,2.59908,2.92539,-2.76346,105.517,1.33453,6.20362,118.307,-0.0342987,-0.0435819,0.426375
-0.582868,-0.762436,1.94668,2.68623,-1.50806,108.02,0.00147134,3.97255,122.248,-0.0352173,-0.0411463,0.440612
-0.36204,-0.486438,1.42011,2.87064,-1.1183,108.141,0.235008,4.44024,122.122,-0.0367752,-0.0412323,0.455821
-0.302931,-0.402968,1.2146,2.55995,0.526084,104.936,-1.20875,2.46852,123.91,-0.0430118,-0.0421563,0.504195
-0.243624,-0.322326,1.04332,2.84412,1.06421,104.484,-0.994193,3.1084,123.827,-0.050926,-0.0475763,0.558655
-0.225472,-0.290243,0.970481,2.71601,1.86052,99.7144,-2.32387,1.35841,123.125,-0.0713236,-0.0557719,0.681048
-0.202481,-0.25705,0.897519,3.03833,2.10934,99.8743,-2.13134,1.95576,123.268,-0.10475,-0.0780766,0.850448
-0.196639,-0.244956,0.901648,3.30014,1.89595,94.711,-3.21807,1.22198,121.301,-0.203336,-0.124197,1.25143
-0.207633,-0.255462,0.933349,3.64774,2.00613,95.1947,-3.06105,1.79898,121.814,-0.530333,-0.318515,2.19057
-0.253962,-0.31268,1.13135,4.41226,1.42412,89.3488,-3.51432,2.1125,115.662,-3.58164,-2.11,8.10158
-0.424569,-0.514114,1.57634,4.74582,1.44308,90.2022,-3.20479,2.48652,116.505,-11.5603,-11.3696,27.3203
-1.52346,-1.83796,4.14837,5.87955,0.660228,82.5534,-3.12442,2.52623,98.4047,-4.89892,-11.1454,36.3978
-12.5422,-14.5864,26.1252,5.88532,0.880904,83.2524,-2.71991,2.71807,98.0668,-2.4556,-11.8282,47.6609
-17.1166,-18.2808,44.5444,5.49319,-1.00254,67.8278,-4.30945,-0.120509,61.8534,-0.0156831,-11.5012,61.7694
-14.0102,-7.40929,73.574,4.79053,0.646595,63.1653,-4.06716,0.89896,62.2932,-0.252582,-11.4704,65.0537
-2.05824,2.16205,63.2631,4.49332,-2.10943,43.2577,-4.73747,-3.5756,14.2146,0.219386,-12.0104,107.849
-1.02683,3.0028,60.4053,4.8457,-1.92627,40.8517,-2.7612,-1.81996,8.94836,0.481038,-11.6749,108.419
2.8601,4.89235,70.0276,4.31435,-3.19274,35.5716,-1.18035,-1.08487,3.30165,2.60202,-8.32999,127.765
2.71148,4.65422,71.0104,4.15228,-3.369,34.4308,-0.3795,-0.340716,1.52271,2.63241,-7.50288,126.887
4.33874,6.26354,78.9282,2.56137,-3.30225,32.0375,-0.20563,-0.186607,0.939273,4.21578,-3.50246,122.914
4.17743,6.18495,79.3683,2.09462,-3.51802,31.1551,-0.112163,-0.0999769,0.66564,4.22728,-3.02,122.857
4.41376,7.72671,85.3717,0.36143,-3.76993,27.6707,-0.0750644,-0.066337,0.514102,4.60944,-0.957112,116.314
4.32166,7.75797,85.6284,-0.204086,-3.96788,25.4627,-0.0494696,-0.0433125,0.422707,4.69186,-0.663911,116.702
3.99501,8.85872,90.5111,-1.69676,-4.77404,21.5374,-0.0356883,-0.0312424,0.364506,4.80959,-0.0221525,115.91
4.12465,8.99587,90.3433,-2.01656,-4.91964,19.7118,-0.0259392,-0.0228828,0.324987,5.11142,0.26959,116.199
3.94094,9.63317,95.4384,-3.54304,-6.02339,15.8272,-0.0198194,-0.0180192,0.299696,5.46924,0.958753,120.127
4.23815,9.80662,94.9165,-3.20159,-5.5627,14.0007,-0.015522,-0.0145637,0.280822,5.90298,1.38244,119.853
4.39915,9.60856,99.8541,-3.90623,-5.78113,11.4589,-0.0126529,-0.0128754,0.271357,5.90924,2.62647,124.757
4.46974,9.75016,100.253,-2.08704,-3.08013,6.71259,-0.0108977,-0.0116305,0.263317,6.18704,3.10074,123.941
5.15245,8.88964,104.023,-1.57202,-2.11997,4.5094,-0.00961094,-0.0117227,0.263702,4.23521,3.80378,123.483
5.42114,9.11509,103.773,-0.715362,-0.952477,2.46578,-0.00907425,-0.0117279,0.26403,4.59889,4.30257,123.038
6.41498,8.25257,101.744,-0.497696,-0.644405,1.73953,-0.00833543,-0.0131366,0.275647,3.00595,3.77421,122.886
6.78888,8.60437,101.098,-0.298106,-0.383548,1.22607,-0.00867044,-0.0142604,0.286453,3.56615,4.26283,122.641
7.17627,7.63523,94.8279,-0.218265,-0.280434,0.979918,-0.00818784,-0.0173152,0.313998,2.84815,2.99322,121.889
7.33267,7.99457,95.1115,-0.156672,-0.19914,0.806379,-0.00952003,-0.0201692,0.341948,3.41782,3.38501,121.789
6.98307,7.35166,88.5014,-0.127474,-0.161151,0.720678,-0.00895587,-0.0269218,0.401903,3.30342,1.82454,119.432
7.0634,7.74546,89.2739,-0.105577,-0.130566,0.655095,-0.0121595,-0.035076,0.472092,3.95426,2.13538,119.785
5.92897,7.15864,84.4727,-0.0973829,-0.116097,0.654404,-0.0110672,-0.0529718,0.610693,3.53889,0.637912,119.048
6.05407,7.49103,85.2621,-0.0974696,-0.110667,0.670012,-0.0182938,-0.0834527,0.804416,4.29041,0.823915,120.101
-1.10265,-1.22604,2.9894,5.98374,2.33523,84.1543,-3.48327,3.09589,123.164,-5.59873,-4.01077,12.5005
-2.766,-2.9214,6.19659,6.86156,0.363296,86.9801,-2.50811,4.29348,100.243,-10.8082,-12.9974,35.4806
-5.41085,-5.51775,10.99,7.58845,1.04194,83.5574,-1.80807,3.77196,100.756,-6.22884,-16.6707,58.5342
-11.0881,-11.2596,22.1774,6.8129,-0.958673,65.4305,-4.23307,0.295482,62.9945,-1.19434,-13.1755,69.3651
-21.3781,-19.2627,56.3572,6.02596,0.903875,60.4665,-3.994,1.68557,63.2392,-0.62144,-11.9556,69.884
-10.4424,-5.67066,85.8627,4.40968,-1.37843,40.2688,-5.45374,-3.92745,14.4644,1.05985,-10.9055,111.167
-3.83566,-0.143463,64.8737,5.12935,-1.60751,38.596,-3.05411,-1.95714,8.79073,1.28586,-10.5565,111.526
0.800099,2.24918,70.7355,4.53539,-3.05273,34.3246,-1.3888,-1.2455,3.5927,3.93784,-6.69342,129.422
0.672082,2.11196,71.6697,4.38115,-3.23484,33.2026,-0.441162,-0.388358,1.61458,4.00805,-5.79022,128.456
2.11576,3.44462,80.0131,2.73796,-3.05818,30.8667,-0.238622,-0.213906,0.985551,5.71591,-1.80054,124.712
2.02791,3.44489,80.2,2.29199,-3.24294,30.1072,-0.126998,-0.111832,0.68408,5.78622,-1.20302,124.535
2.13841,4.78452,86.0769,0.551301,-3.50614,27.0288,-0.0836216,-0.0730099,0.524031,6.18914,0.774908,118.238
2.15817,4.8844,86.0491,0.0485531,-3.7108,25.3988,-0.0546723,-0.0472572,0.427791,6.38736,1.18296,118.424
1.89972,5.85835,90.3832,-1.53805,-4.60173,21.5526,-0.0391357,-0.0337663,0.366461,6.67257,2.03948,117.832
2.00173,6.00805,90.351,-2.09538,-4.77904,18.6879,-0.0282824,-0.0245335,0.324646,7.02945,2.37279,117.998
1.66815,6.30623,95.4803,-3.67336,-5.6214,14.1819,-0.0215377,-0.0191885,0.297904,7.52124,3.07998,121.942
1.998,6.49917,94.9207,-3.16175,-4.79579,11.555,-0.0168899,-0.0154747,0.277804,8.00827,3.53351,121.515
2.2049,6.20035,99.3767,-3.70792,-5.02042,9.9881,-0.0138319,-0.013634,0.267188,8.14364,5.02467,125.599
2.41219,6.36481,99.3895,-2.14675,-2.88266,6.18258,-0.0119393,-0.0122593,0.25795,8.52253,5.52457,124.7
3.21933,5.45779,102.885,-1.8261,-2.29179,4.72146,-0.010639,-0.0122814,0.256782,6.59267,6.41127,124.008
3.51807,5.68436,102.503,-0.87981,-1.09063,2.6255,-0.0100503,-0.0121903,0.255518,7.01099,6.90578,123.49
4.39169,4.78971,100.553,-0.604406,-0.730295,1.85148,-0.00949755,-0.0137049,0.265098,5.32996,6.24091,123.259
4.63972,5.07809,100.265,-0.345991,-0.412251,1.25027,-0.00994297,-0.0148221,0.27381,5.85257,6.67597,122.904
5.05954,4.2684,94.063,-0.241143,-0.2859,0.968473,-0.0101007,-0.0182356,0.297632,5.2213,5.42025,122.359
5.17451,4.57765,94.3559,-0.166307,-0.19426,0.773739,-0.0118121,-0.0211954,0.321653,5.8329,5.76902,122.201
4.88782,4.07357,87.5033,-0.130394,-0.151027,0.67342,-0.013029,-0.0291969,0.374807,5.70458,4.02641,119.772
4.91151,4.40128,88.2543,-0.104394,-0.118251,0.595919,-0.017882,-0.0385415,0.438589,6.41477,4.28493,120.115
3.85219,3.96476,83.2037,-0.0940983,-0.102469,0.576393,-0.0233253,-0.0623081,0.568995,6.01577,2.69661,119.346
3.89731,4.27582,84.1745,-0.0906117,-0.0946543,0.567134,-0.0420567,-0.106863,0.773649,6.84493,2.92306,120.095
3.28948,5.24163,83.8557,-0.10646,-0.101223,0.642434,-0.0789107,-0.25197,1.27858,6.33068,2.00661,122.027
3.39062,5.54552,84.5329,-0.141664,-0.12896,0.75843,-0.396985,-1.18283,3.23914,7.1857,2.33617,122.838
2.93298,7.74879,85.9581,-0.29308,-0.229161,1.18111,-8.83279,-18.4732,31.0196,6.05629,2.11626,119.257
3.15895,7.97614,86.4038,-1.18993,-0.900955,2.93952,-12.1296,-13.932,36.7443,6.95742,2.52424,120.361
1.88408,9.39147,81.1955,-19.692,-16.7463,34.7499,-9.79006,-9.68767,51.4818,5.03384,2.7458,103.544
1.91732,9.56918,81.5244,-16.4734,-19.1318,37.6862,-11.2489,-10.4977,61.9318,4.78518,3.34096,101.908
0.753823,9.43148,65.7732,-8.09555,-14.5746,56.2114,-8.61206,-7.86655,69.9772,1.93291,2.14856,70.4892
1.29436,9.20092,60.5457,-3.38965,-12.5665,66.6581,-8.34239,-7.77269,71.6114,2.57553,2.82565,69.3928
-0.209093,7.42668,44.4825,-1.05813,-1.6331,64.7789,-4.85803,-3.39726,92.5046,-4.05502,-4.2315,17.409
-0.320668,7.44991,41.1865,-0.962964,-1.42693,65.736,-4.60001,-2.93496,93.0081,-3.06982,-2.84583,12.3221
-1.49192,6.42889,37.1227,-0.877885,3.66099,68.4114,-1.14158,2.10512,107.059,-2.4886,-3.22247,6.76193
-1.8526,6.14297,36.0356,-0.962106,3.32737,69.5781,-0.585788,2.24909,106.793,-0.760512,-1.02254,2.73628
-2.08432,5.62884,38.9746,-1.23789,2.65667,71.2261,-0.0817971,6.27109,108.671,-0.433434,-0.588268,1.68215
-2.38166,5.00825,38.9056,-1.28724,2.31376,72.1202,0.320455,6.42953,108.685,-0.235478,-0.321752,1.13168
-2.93479,2.87368,34.9409,-0.911217,-0.692762,76.0982,-0.31424,8.1319,108.41,-0.163958,-0.220973,0.877081
-3.2965,2.24505,32.4703,-0.83301,-0.953079,76.8674,-0.0270193,8.30645,108.809,-0.115763,-0.153375,0.718613
-5.20004,-3.09917,19.0074,0.188001,-3.52035,84.0484,-0.440451,7.95878,110.664,-0.0916539,-0.120357,0.626151
-4.88573,-3.15474,15.0642,0.284897,-3.67407,85.0864,-0.207791,8.17137,111.213,-0.0730113,-0.0945179,0.558055
-5.26425,-5.55835,12.0792,1.42704,-4.39789,93.2926,-0.408826,6.81342,114.899,-0.0626901,-0.0806586,0.518897
-2.70291,-2.83969,6.74313,1.45344,-4.09735,93.807,-0.159368,7.20038,115.252,-0.0545387,-0.0687907,0.485499
-2.64135,-3.06897,6.15334,2.26268,-3.81594,102.706,-1.07858,4.95751,119.601,-0.0502358,-0.0622494,0.472791
-1.21671,-1.42448,3.24964,2.32399,-3.36026,102.908,-0.767356,5.41482,119.607,-0.047364,-0.0568456,0.461632
-1.00658,-1.19583,2.6866,2.21913,-2.05059,105.748,-2.06904,3.17199,123.257,-0.0480313,-0.0539848,0.475728
-0.650655,-0.78308,1.9369,2.42992,-1.71013,106.068,-1.75459,3.68957,123.033,-0.0499161,-0.0542793,0.490329
-0.559179,-0.67005,1.69146,2.25129,-0.0961351,103.881,-3.11404,1.59959,124.549,-0.0576814,-0.0563267,0.541761
-0.427436,-0.513765,1.40055,2.54042,0.184373,104.155,-2.84437,2.1871,124.368,-0.0683686,-0.0642204,0.600206
-0.380451,-0.45042,1.28074,2.63336,1.02145,99.9694,-4.131,0.428297,123.354,-0.0961928,-0.0785804,0.736053
-0.320086,-0.376989,1.14159,2.97412,1.22258,100.303,-3.91839,1.04024,123.504,-0.144629,-0.11397,0.930455
-0.304917,-0.353641,1.13225,3.3459,1.19097,95.2603,-4.82465,0.288432,121.176,-0.300904,-0.204488,1.42765
-0.313408,-0.360445,1.16094,3.72027,1.2934,95.7836,-4.6519,0.879833,121.701,-0.94632,-0.64351,2.87996
-0.411937,-0.473251,1.47291,4.60493,0.837311,89.9089,-4.93686,1.24736,115.375,-8.03741,-6.03323,15.4586
-0.797118,-0.901501,2.33261,4.98319,0.827843,90.8035,-4.65794,1.6357,116.281,-11.7205,-13.0213,27.8576
-5.17779,-5.7587,11.0373,6.15342,0.458007,83.0174,-4.55149,2.1338,98.1032,-4.79823,-10.004,30.5585
-16.3505,-17.3517,32.2513,6.18623,0.696969,83.5452,-4.06465,2.26353,97.7826,-2.7649,-11.9515,46.253
-16.4788,-15.102,43.6165,5.70779,-1.02897,66.2013,-5.12581,-0.250646,60.8022,-0.242318,-11.8009,63.5913
-14.0708,-6.63235,69.9543,5.15005,0.547811,61.6968,-4.88406,0.75634,61.0484,-0.31486,-11.5179,66.1683
-3.14885,1.28925,62.7983,4.82359,-2.24082,43.0075,-4.51056,-3.36591,13.0237,0.170223,-12.3064,107.772
-2.35067,1.87562,60.8379,5.14571,-2.07802,40.8412,-2.42354,-1.58175,7.78403,0.352551,-11.9883,108.352
1.28788,3.49996,70.238,4.57875,-3.28726,36.0553,-1.01182,-0.902509,2.94161,2.36382,-8.85699,126.69
1.13604,3.27069,71.0366,4.39912,-3.46079,34.886,-0.344402,-0.300859,1.43297,2.31247,-8.06253,125.961
2.57454,4.55459,79.2304,2.77464,-3.25746,32.5035,-0.18762,-0.166798,0.884156,3.90128,-4.14846,122.554
2.42954,4.47795,79.4636,2.30632,-3.45727,31.6898,-0.101151,-0.0883125,0.626812,3.83381,-3.67261,122.58
2.49661,5.7316,85.5804,0.547318,-3.63044,28.4092,-0.06712,-0.0581406,0.484768,4.22468,-1.65966,116.518
2.47059,5.75941,85.5764,0.0756987,-3.82039,26.9126,-0.0440842,-0.0378768,0.399576,4.302,-1.37527,116.871
2.13554,6.69693,90.2003,-1.51665,-4.72542,22.912,-0.0316407,-0.0272408,0.345085,4.37433,-0.678158,116.407
2.19501,6.78478,90.1708,-2.01004,-4.88919,20.293,-0.0228873,-0.0199205,0.30804,4.62233,-0.457588,116.73
1.84137,7.10811,95.1015,-3.66462,-5.81483,15.2084,-0.0173799,-0.015681,0.284422,4.81605,0.0221254,120.693
2.08937,7.22712,94.6826,-3.22728,-5.07248,12.599,-0.013543,-0.012689,0.266789,5.20758,0.369266,120.448
2.093,6.87468,99.5304,-3.61916,-5.02387,10.1573,-0.0109849,-0.0112887,0.25787,5.1867,1.52526,125.059
2.19427,6.96304,99.6781,-2.03333,-2.78726,6.15242,-0.00939665,-0.0101971,0.250209,5.47126,1.94716,124.27
2.77843,5.99857,103.007,-1.56652,-2.00348,4.30042,-0.00826729,-0.0103582,0.250169,3.53394,2.62352,123.612
3.01137,6.14907,102.697,-0.754543,-0.951376,2.43329,-0.00773754,-0.0103439,0.25012,3.86528,3.03144,123.198
3.88173,5.30244,101.25,-0.502113,-0.617336,1.68279,-0.00710732,-0.0117394,0.260172,2.10799,2.48071,122.845
4.0763,5.51379,100.967,-0.28849,-0.349605,1.1579,-0.00732812,-0.0127111,0.269546,2.53549,2.83069,122.583
4.47247,4.67495,94.858,-0.200494,-0.242104,0.901325,-0.00696055,-0.0156511,0.293764,1.82147,1.48978,122.009
4.5319,4.91083,95.1316,-0.138171,-0.164467,0.727105,-0.00799447,-0.0181507,0.318624,2.32896,1.74496,121.923
4.30885,4.39426,88.4992,-0.108054,-0.127651,0.635287,-0.00754674,-0.0246634,0.372045,2.20951,0.0982791,119.686
4.2718,4.64334,89.218,-0.0862581,-0.0996788,0.564941,-0.0100082,-0.0321909,0.43656,2.78778,0.245988,120.045
3.24703,4.19604,84.1871,-0.077241,-0.0855238,0.546801,-0.00895342,-0.0506907,0.567721,2.29582,-1.3775,119.008
3.22522,4.4251,85.1154,-0.073717,-0.0780782,0.537813,-0.0145944,-0.085285,0.773091,2.96584,-1.28765,119.768
2.51023,5.23298,84.5284,-0.0846267,-0.0801493,0.605024,-0.000840486,-0.191924,1.27463,2.22785,-2.50717,121.525
2.53376,5.44721,85.1744,-0.109431,-0.0983322,0.705419,0.0153339,-0.829098,3.00821,2.89925,-2.33726,122.342
1.99242,7.63331,86.4234,-0.20937,-0.155172,1.05341,-2.27195,-13.3004,25.8159,1.75615,-2.61552,118.789
2.13398,7.73248,86.8739,-0.68069,-0.477811,2.16154,-9.61208,-11.1219,38.8336,2.31651,-2.31939,119.67
0.746002,9.20662,82.1481,-14.3774,-10.7777,25.5602,-6.33556,-6.48822,48.3397,0.940246,-1.61824,103.184
1.07201,9.14958,81.6165,-16.6691,-21.0528,46.5244,-8.11671,-7.83436,58.999,0.738235,-1.02896,101.438
-0.270857,9.119,67.1065,-3.72667,-10.6427,56.2958,-6.03173,-5.66157,68.7579,-1.17842,-0.923849,69.7836
0.199884,8.90745,62.3226,-1.60734,-9.11834,60.7299,-5.89848,-5.72089,70.5876,-0.628073,-0.386039,68.8651
-0.906954,7.18827,45.6881,-0.22219,-0.546779,65.6787,-1.8882,-0.798707,91.014,-4.17885,-4.52894,17.508
-0.969969,7.1753,42.1673,-0.295159,-0.73688,67.6531,-1.77216,-0.454842,91.6102,-3.12791,-3.0428,12.5057
-2.23419,5.99979,37.3979,-0.0854348,4.40074,70.777,1.90586,4.80688,106.055,-1.80419,-2.47446,5.50968
-2.60093,5.67981,36.0878,-0.173576,4.06858,71.7424,2.33385,4.83146,105.845,-0.563951,-0.803867,2.36737
-3.09572,4.80881,38.0623,-0.307377,3.45779,73.8941,2.76467,8.62787,107.704,-0.304969,-0.441974,1.43294
-3.42042,4.15347,37.7342,-0.376216,3.10006,74.6656,3.06865,8.68575,107.746,-0.165838,-0.2429,0.988575
-3.96693,1.92609,33.4821,0.0151338,0.24406,78.7187,2.30211,10.1395,107.381,-0.113888,-0.16478,0.769178
-4.27399,1.32095,31.1523,0.0582977,-0.0108839,79.3655,2.50781,10.2275,107.835,-0.079865,-0.113648,0.636002
-5.55946,-3.50943,18.6486,1.11092,-2.38175,85.9446,2.17224,9.89309,109.479,-0.0630251,-0.088681,0.556165
-5.07215,-3.29618,15.1422,1.14045,-2.53303,86.9189,2.32561,10.0305,110.06,-0.0501345,-0.0693209,0.498584
-5.16289,-5.47769,11.9629,2.20934,-3.34836,95.0404,2.05132,8.67581,113.842,-0.0433078,-0.0591663,0.465573
-2.57263,-2.74425,6.58898,2.16892,-3.19509,95.7969,2.21641,8.93684,114.171,-0.0379125,-0.0505111,0.438025
-2.24217,-2.6573,5.46161,2.7757,-2.99502,104.495,1.35184,6.61375,118.313,-0.0353524,-0.0458326,0.428349
-1.01436,-1.22239,2.91012,2.78379,-2.59916,104.715,1.58622,6.98192,118.347,-0.0336166,-0.041895,0.42027
-0.785192,-0.964503,2.29844,2.55848,-1.42804,107.269,0.284285,4.70476,122.291,-0.0345921,-0.0394774,0.434644
-0.504655,-0.63273,1.68198,2.73081,-1.1091,107.531,0.529694,5.15897,122.078,-0.0362002,-0.0394817,0.450211
-0.421372,-0.527542,1.44704,2.42925,0.302837,104.881,-0.871564,3.0903,123.766,-0.0423973,-0.0402354,0.498738
-0.320977,-0.405353,1.2119,2.68849,0.575828,105.102,-0.654825,3.6281,123.604,-0.0502972,-0.0452843,0.554088
-0.283962,-0.354406,1.11113,2.57294,1.27262,100.599,-1.98739,1.81164,122.931,-0.0708552,-0.0527379,0.678387
-0.241297,-0.30079,1.00563,2.89167,1.47839,100.867,-1.80789,2.39258,123.095,-0.105339,-0.0738924,0.853793
-0.230759,-0.285422,1.00979,3.16449,1.30352,95.664,-2.9112,1.65761,121.169,-0.210947,-0.117624,1.27894
-0.24021,-0.295648,1.04679,3.5243,1.4192,96.1049,-2.754,2.23694,121.71,-0.598407,-0.324043,2.35283
-0.311427,-0.387701,1.32659,4.30591,0.921057,90.1093,-3.20773,2.54577,115.556,-5.00232,-2.80528,10.536
-0.59214,-0.726708,2.03788,4.67306,0.934348,90.8849,-2.82773,2.87859,116.355,-11.7041,-12.4543,30.4013
-3.93061,-4.79724,9.27308,5.73892,0.411086,82.8863,-2.89993,3.05483,98.3643,-3.27048,-9.65495,35.2603
-16.7007,-19.1002,35.0392,5.66268,0.82125,83.184,-2.54792,3.37109,98.0939,-1.69741,-10.414,45.1134
-13.4665,-11.9774,45.2033,5.44522,-1.19986,68.0262,-4.16779,0.217631,61.9767,0.302163,-10.8795,61.0337
-10.9999,-4.36377,63.2425,4.99016,0.221293,63.751,-3.8778,1.16915,62.307,0.0272657,-11.1286,64.8876
-1.8746,2.16182,60.463,4.64293,-2.2818,43.5409,-4.56512,-3.55086,13.4904,0.73287,-11.5212,107.642
-1.52124,2.38947,60.5169,4.92963,-2.01322,40.9939,-2.53705,-1.72342,8.22111,0.957709,-11.1623,108.188
2.24313,4.06662,70.2362,4.39826,-3.23992,35.6477,-1.12027,-1.0328,3.16391,3.11839,-7.74795,127.469
2.08524,3.83415,71.1262,4.23566,-3.4091,34.415,-0.369064,-0.332696,1.4878,3.08917,-6.92853,126.607
3.65388,5.32188,79.0273,2.63125,-3.30169,31.8685,-0.201734,-0.183807,0.925078,4.65185,-2.93852,122.647
3.5024,5.23771,79.4248,2.17522,-3.51128,31.0909,-0.110595,-0.0990493,0.65826,4.64954,-2.4555,122.588
3.75695,6.69584,85.2791,0.497999,-3.73501,28.1412,-0.0741827,-0.0658835,0.509708,5.03819,-0.401055,116.041
3.72665,6.72536,85.3842,0.0228377,-3.94434,26.7419,-0.0489447,-0.0431087,0.419815,5.13953,-0.100173,116.412
3.38014,7.73644,90.2342,-1.52258,-4.77751,22.9363,-0.0353222,-0.031133,0.362487,5.26423,0.523942,115.648
3.45152,7.8411,90.2555,-2.02251,-4.94538,20.2969,-0.0256807,-0.0228389,0.323551,5.54276,0.770014,116.003
3.14656,8.34955,95.5875,-3.61377,-5.86601,15.1897,-0.01963,-0.0180124,0.298663,5.88079,1.41657,120.011
3.43226,8.50007,95.149,-3.1691,-5.14252,12.6431,-0.0153787,-0.0145873,0.280108,6.30494,1.80299,119.776
3.6045,8.19389,99.9517,-3.62719,-5.20686,10.3693,-0.01253,-0.0129158,0.270887,6.33927,3.04871,124.693
3.76744,8.32337,100.124,-2.06903,-2.96572,6.38691,-0.0107788,-0.0116765,0.263075,6.66473,3.51417,123.882
4.48421,7.38653,103.671,-1.64583,-2.19443,4.57302,-0.00948152,-0.011767,0.263677,4.74113,4.20731,123.445
4.76779,7.5868,103.393,-0.797901,-1.05473,2.59574,-0.00893764,-0.011773,0.264234,5.11688,4.67969,122.986
5.65273,6.66498,101.742,-0.545436,-0.701167,1.82335,-0.00819226,-0.0132071,0.276109,3.43171,4.10303,122.766
5.91415,6.93623,101.509,-0.315484,-0.401056,1.25672,-0.00855193,-0.0143586,0.287175,3.91401,4.5318,122.461
6.30505,6.02776,95.3682,-0.223263,-0.282645,0.988815,-0.00806003,-0.017473,0.315077,3.15984,3.2187,121.707
6.45838,6.34131,95.6735,-0.156273,-0.195422,0.805545,-0.00941773,-0.0203678,0.343412,3.73401,3.56922,121.608
6.1629,5.79189,89.0387,-0.124922,-0.155531,0.715422,-0.00879173,-0.0272315,0.404083,3.61388,1.97176,119.266
6.2505,6.13348,89.7746,-0.102079,-0.124675,0.647565,-0.0120069,-0.0354663,0.475183,4.27896,2.24072,119.626
5.18401,5.60264,84.7949,-0.0936875,-0.110929,0.645437,-0.010677,-0.0536197,0.615772,3.87446,0.690054,118.937
5.26467,5.90335,85.7787,-0.0934019,-0.106367,0.659129,-0.0177514,-0.0842956,0.812577,4.59103,0.912119,119.774
-1.11955,-1.24448,3.02149,6.05263,2.3831,84.1789,-3.43469,3.1763,123.127,-5.60229,-3.98729,12.4972
-2.9073,-3.06717,6.44867,6.92553,0.407717,87.0124,-2.47035,4.37333,100.228,-10.7878,-12.8792,35.3839
-5.56711,-5.67374,11.2497,7.65686,1.06603,83.6177,-1.76365,3.8293,100.744,-6.15318,-16.564,58.4269
-10.8091,-10.9882,21.5701,6.89924,-0.969868,65.5638,-4.18819,0.331627,62.9849,-1.13187,-13.099,69.2783
-21.4789,-19.7665,54.2475,6.12932,0.854249,60.6479,-3.96372,1.70712,63.2743,-0.582827,-11.9065,69.8272
-10.9391,-6.16783,86.6287,4.43241,-1.34891,40.2857,-5.44682,-3.90645,14.5274,1.07412,-10.8276,111.12
-4.03916,-0.332754,65.4982,5.15463,-1.58872,38.6015,-3.06338,-1.9587,8.87014,1.30467,-10.5081,111.501
0.719007,2.14318,70.8407,4.5717,-3.04831,34.346,-1.39874,-1.25726,3.61825,3.95751,-6.65443,129.406
0.601553,2.01949,71.7212,4.41621,-3.23133,33.2253,-0.443105,-0.391,1.62186,4.02251,-5.75085,128.439
2.02691,3.33778,80.0819,2.76926,-3.05382,30.8844,-0.239596,-0.215219,0.989045,5.72693,-1.75957,124.689
1.93573,3.33941,80.2686,2.31958,-3.23673,30.1126,-0.12743,-0.112441,0.686011,5.7916,-1.16158,124.513
2.03518,4.66959,86.1479,0.577463,-3.49819,27.0398,-0.0838953,-0.0733862,0.525313,6.19156,0.816253,118.212
2.05851,4.77004,86.1078,0.0879776,-3.69882,25.4857,-0.0548374,-0.0474872,0.428717,6.38658,1.22457,118.398
1.79691,5.73503,90.4344,-1.48643,-4.59025,21.7326,-0.039249,-0.0339226,0.367187,6.66912,2.08085,117.801
1.8947,5.88158,90.4125,-2.06357,-4.78084,18.8408,-0.0283615,-0.024641,0.325243,7.02114,2.41072,117.968
1.54509,6.16922,95.5599,-3.6666,-5.62693,14.2023,-0.0215971,-0.0192666,0.298425,7.50657,3.11516,121.913
1.87009,6.36256,95.0112,-3.13689,-4.77326,11.4829,-0.0169367,-0.0155335,0.278269,7.99045,3.56581,121.491
2.06112,6.05458,99.4859,-3.62508,-4.92024,9.79198,-0.0138691,-0.0136815,0.267624,8.11925,5.05418,125.579
2.2601,6.21479,99.5151,-2.0257,-2.72332,5.89587,-0.0119724,-0.0123026,0.258359,8.49122,5.55049,124.679
3.06849,5.30058,102.985,-1.67305,-2.10056,4.39581,-0.0106651,-0.0123236,0.257185,6.55933,6.43801,123.978
3.38637,5.52866,102.554,-0.817545,-1.01374,2.48656,-0.0100717,-0.0122313,0.255918,6.98496,6.93403,123.457
4.26692,4.63494,100.588,-0.565642,-0.683629,1.76615,-0.00950898,-0.0137463,0.265532,5.30231,6.26712,123.223
4.51705,4.91923,100.297,-0.328522,-0.391439,1.20907,-0.009952,-0.0148666,0.274286,5.82451,6.69808,122.868
4.94379,4.11767,94.0923,-0.230835,-0.273598,0.943096,-0.0100981,-0.0182878,0.29822,5.19062,5.43831,122.325
5.05674,4.42143,94.3892,-0.160416,-0.187247,0.758171,-0.0118113,-0.021261,0.322389,5.80081,5.78229,122.167
4.77599,3.92711,87.5385,-0.126435,-0.146277,0.662415,-0.0130105,-0.0292958,0.375896,5.67005,4.03589,119.739
4.79601,4.2483,88.2959,-0.101735,-0.115055,0.5882,-0.0178833,-0.0387096,0.440252,6.37789,4.28955,120.082
3.74114,3.81697,83.249,-0.0920613,-0.100016,0.570286,-0.023328,-0.0627064,0.572157,5.97739,2.69575,119.313
3.78262,4.12091,84.2263,-0.0889898,-0.0926882,0.56237,-0.0423256,-0.108048,0.78037,6.80395,2.91688,120.06
3.17398,5.08247,83.9147,-0.104904,-0.0993128,0.638091,-0.0802854,-0.257942,1.2999,6.28793,1.99316,121.991
3.27058,5.38175,84.5951,-0.140125,-0.126899,0.754792,-0.42726,-1.2699,3.40208,7.13536,2.32021,122.798
2.80821,7.57772,86.0162,-0.291665,-0.226187,1.17879,-9.4129,-19.1903,32.5164,5.98285,2.11022,119.184
3.031,7.79953,86.4836,-1.20597,-0.905994,2.96846,-11.8031,-13.2218,36.2182,6.91652,2.48457,120.344
1.77154,9.2216,81.2347,-20.0891,-17.0786,35.4634,-9.43321,-9.28219,50.696,5.0029,2.70471,103.541
1.78521,9.39598,81.5786,-16.3432,-19.1644,37.96,-11.1218,-10.3497,61.6784,4.71635,3.30706,101.877
0.643795,9.28795,65.8281,-7.6944,-14.2929,56.4002,-8.54631,-7.77515,69.9237,1.87524,2.11919,70.4519
1.17946,9.07256,60.6292,-3.26954,-12.3141,66.1234,-8.27641,-7.69069,71.5623,2.51926,2.78738,69.3757
-0.285103,7.3321,44.5279,-1.02523,-1.56924,64.7001,-4.77051,-3.2842,92.4436,-4.05218,-4.24257,17.4605
-0.390391,7.35821,41.2248,-0.9412,-1.39228,65.7348,-4.51723,-2.8254,92.9512,-3.07637,-2.85698,12.3953
-1.54702,6.33965,37.155,-0.85217,3.69175,68.406,-1.04717,2.2241,107,-2.49323,-3.23537,6.78259
-1.90841,6.05542,36.0659,-0.938656,3.35631,69.5758,-0.498669,2.36616,106.737,-0.760444,-1.02363,2.73969
-2.14483,5.52775,39.0077,-1.21543,2.67892,71.2333,0.00356642,6.38565,108.606,-0.43283,-0.588016,1.68264
-2.44196,4.90891,38.9397,-1.26795,2.33254,72.1332,0.40118,6.54137,108.619,-0.235073,-0.321387,1.13187
-2.98499,2.78555,35.0108,-0.892883,-0.675973,76.1178,-0.237554,8.23836,108.343,-0.163658,-0.220626,0.877171
-3.34442,2.16055,32.5985,-0.81895,-0.940107,76.8961,0.0457444,8.40763,108.746,-0.115568,-0.153066,0.718749
-5.24934,-3.19157,19.0196,0.20513,-3.52643,84.1127,-0.3677,8.04605,110.604,-0.0915224,-0.12009,0.62633
-4.90905,-3.26721,14.9024,0.303273,-3.70484,85.1932,-0.13606,8.24372,111.152,-0.0729247,-0.0942939,0.558289
-5.15558,-5.46208,11.8097,1.446,-4.44837,93.4375,-0.335382,6.87445,114.832,-0.062638,-0.0804787,0.51919
-2.48567,-2.62727,6.2746,1.47356,-4.17849,94.0013,-0.0852536,7.23938,115.181,-0.0545066,-0.0686669,0.485833
-2.22194,-2.5869,5.30658,2.2833,-3.91162,102.918,-1.0028,4.98469,119.521,-0.050231,-0.0621872,0.473174
-1.01295,-1.18845,2.81887,2.33635,-3.40811,103.021,-0.695932,5.46363,119.519,-0.0473633,-0.0568307,0.462037
-0.808541,-0.960493,2.27117,2.22636,-2.06381,105.786,-2.00211,3.24197,123.163,-0.0480513,-0.054008,0.476206
-0.532629,-0.640291,1.67789,2.43374,-1.70195,106.055,-1.68863,3.77015,122.934,-0.0499295,-0.0543469,0.490891
-0.457787,-0.547597,1.46971,2.25003,-0.081192,103.849,-3.0535,1.68775,124.448,-0.0577337,-0.0564533,0.542559
-0.357454,-0.429069,1.24343,2.53983,0.197068,104.118,-2.78341,2.27456,124.266,-0.0684428,-0.0644549,0.601361
-0.322809,-0.381962,1.15203,2.63248,1.03369,99.9286,-4.07528,0.519793,123.257,-0.096439,-0.0790442,0.738186
-0.278553,-0.328119,1.04815,2.97815,1.22934,100.261,-3.86222,1.13186,123.412,-0.145278,-0.11506,0.934713
-0.271473,-0.315362,1.05767,3.35054,1.19918,95.2121,-4.77594,0.386924,121.093,-0.304313,-0.208182,1.44057
-0.287399,-0.331059,1.10535,3.72837,1.2971,95.7333,-4.60457,0.980531,121.624,-0.976727,-0.670955,2.94954
-0.393123,-0.452963,1.43801,4.61045,0.845895,89.8454,-4.8923,1.34896,115.295,-8.40275,-6.44781,16.2128
-0.832551,-0.942267,2.41734,4.99413,0.824651,90.7483,-4.60977,1.72967,116.208,-11.4974,-13.1341,27.9933
-6.89184,-7.6411,14.316,6.09783,0.56229,82.7872,-4.53693,2.27856,98.0384,-4.4568,-9.80123,30.464
-17.8513,-18.7557,35.2229,6.12922,0.780021,83.3457,-4.05221,2.38639,97.7221,-2.59964,-11.7479,45.901
-15.7341,-13.4819,45.9195,5.63626,-0.998708,66.0514,-5.11909,-0.224813,60.7048,-0.208194,-11.7528,63.4783
-12.9502,-5.56841,67.3037,5.17712,0.446374,61.7485,-4.88044,0.726715,61.0671,-0.321975,-11.5537,66.1863
-2.8684,1.48405,61.6412,4.82234,-2.28969,42.9855,-4.56918,-3.40597,13.2736,0.179794,-12.2829,107.766
-2.34353,1.84823,60.7944,5.12675,-2.09068,40.752,-2.49841,-1.62587,8.03138,0.37434,-11.9548,108.357
1.28268,3.45034,70.2595,4.56329,-3.29334,35.9565,-1.04117,-0.933157,3.00874,2.40179,-8.81266,126.703
1.13773,3.22772,71.0243,4.38449,-3.46762,34.7891,-0.350932,-0.308119,1.45264,2.34955,-8.01642,125.97
2.57684,4.511,79.2156,2.75987,-3.26649,32.4181,-0.190555,-0.170212,0.893274,3.93554,-4.09677,122.551
2.42929,4.43629,79.4508,2.28937,-3.46583,31.6077,-0.102469,-0.089889,0.631799,3.86609,-3.61743,122.572
2.49416,5.68804,85.5715,0.529395,-3.63941,28.3333,-0.0679119,-0.0590931,0.487996,4.25331,-1.6036,116.501
2.46656,5.71717,85.5686,0.0562276,-3.82837,26.8311,-0.0445624,-0.0384561,0.401849,4.32958,-1.31694,116.851
2.13017,6.6521,90.196,-1.53249,-4.7314,22.8354,-0.0319662,-0.0276348,0.346816,4.40083,-0.618151,116.381
2.18993,6.74,90.1663,-2.02117,-4.89509,20.2234,-0.0231145,-0.0201952,0.309419,4.64912,-0.396116,116.7
1.84204,7.06259,95.0821,-3.65485,-5.82175,15.2163,-0.0175482,-0.0158848,0.28558,4.84618,0.0898091,120.657
2.0969,7.1849,94.6455,-3.22396,-5.1083,12.6868,-0.0136718,-0.0128456,0.26778,5.24286,0.439849,120.41
2.10423,6.83317,99.4892,-3.65789,-5.1036,10.2842,-0.0110864,-0.0114156,0.258764,5.22817,1.59941,125.029
2.20463,6.92187,99.642,-2.05695,-2.83275,6.22496,-0.00948167,-0.0103053,0.251017,5.51482,2.02042,124.243
2.78722,5.95372,102.979,-1.57753,-2.02202,4.32948,-0.0083393,-0.0104572,0.250943,3.57429,2.69513,123.584
3.02215,6.10308,102.666,-0.755718,-0.954074,2.43753,-0.00780428,-0.0104387,0.250863,3.90597,3.10301,123.166
3.89421,5.257,101.214,-0.501897,-0.617426,1.68264,-0.00716826,-0.0118377,0.260944,2.14712,2.55131,122.81
4.09,5.4666,100.93,-0.288118,-0.349198,1.15689,-0.00739416,-0.0128175,0.270347,2.57504,2.90039,122.544
4.48542,4.63089,94.8191,-0.200158,-0.241649,0.900238,-0.0070299,-0.0157791,0.294689,1.86103,1.55791,121.968
4.54488,4.86445,95.0957,-0.137936,-0.1641,0.726176,-0.00808603,-0.0183087,0.319699,2.36938,1.81199,121.879
4.31914,4.35095,88.4662,-0.107874,-0.127337,0.634473,-0.00766391,-0.0248961,0.373518,2.24963,0.163229,119.64
4.28174,4.5972,89.1905,-0.0861329,-0.099428,0.564274,-0.0102066,-0.032548,0.438652,2.82876,0.310057,119.994
3.25542,4.15021,84.1653,-0.077152,-0.0853031,0.546217,-0.00928522,-0.0514148,0.571469,2.33863,-1.31635,118.955
3.23405,4.37615,85.0992,-0.0736645,-0.0778801,0.537344,-0.0153857,-0.0870292,0.780734,3.01024,-1.22746,119.71
2.51945,5.18124,84.5185,-0.0846343,-0.0799372,0.604659,-0.00262846,-0.198902,1.29817,2.27644,-2.44969,121.463
2.54232,5.39449,85.1668,-0.109567,-0.0980872,0.705351,0.00305662,-0.905195,3.16323,2.94565,-2.27792,122.274
2.00146,7.57652,86.4026,-0.210287,-0.154773,1.05461,-3.00165,-14.2133,27.7809,1.77568,-2.53859,118.676
2.14178,7.67564,86.8753,-0.688628,-0.479738,2.17465,-9.48705,-10.5601,38.0703,2.38061,-2.27881,119.624
0.756112,9.15408,82.1365,-14.6135,-10.9177,25.9368,-6.13456,-6.26335,47.5244,0.999463,-1.58493,103.146
1.07051,9.0939,81.6116,-16.5627,-21.0023,46.6297,-8.1316,-7.81961,58.9068,0.762619,-0.985933,101.369
-0.280046,9.06837,67.106,-3.6642,-10.5483,56.1809,-6.08329,-5.6747,68.7606,-1.17007,-0.900069,69.7017
0.193446,8.86041,62.3132,-1.60088,-9.07142,60.6233,-5.93601,-5.72567,70.555,-0.608971,-0.369661,68.858
-0.913962,7.14156,45.6763,-0.240632,-0.538876,65.6649,-1.91596,-0.800935,90.9283,-4.13408,-4.5585,17.9909
-0.970665,7.12776,42.1543,-0.306439,-0.734304,67.6519,-1.79976,-0.461428,91.5444,-3.15456,-3.09647,13.0904
-2.22092,5.9545,37.3719,-0.0834189,4.41453,70.7653,1.86478,4.80806,106.036,-1.8706,-2.57969,5.69676
-2.58696,5.63647,36.0554,-0.169255,4.08345,71.7315,2.2905,4.83596,105.829,-0.577046,-0.825169,2.41366
-3.07753,4.76158,38.0335,-0.300614,3.47003,73.8875,2.72215,8.63448,107.678,-0.311252,-0.451876,1.45443
-3.40246,4.10801,37.7128,-0.370069,3.11237,74.6606,3.02513,8.69473,107.717,-0.168773,-0.247477,1.00005
-3.9475,1.88302,33.4875,0.0236672,0.25591,78.7179,2.25883,10.148,107.348,-0.115813,-0.167664,0.776875
-4.26057,1.26835,31.1613,0.0667078,-0.00383741,79.3782,2.46336,10.2333,107.807,-0.0811581,-0.115506,0.641583
-5.55323,-3.58413,18.5778,1.12279,-2.38439,85.9833,2.1276,9.89301,109.452,-0.0640291,-0.0900763,0.56064
-5.03104,-3.37101,14.9788,1.15066,-2.53965,86.9696,2.28013,10.0293,110.025,-0.0509207,-0.0703698,0.502268
-5.08636,-5.44135,11.8192,2.21786,-3.34849,95.0858,2.0046,8.67697,113.795,-0.0439751,-0.0600378,0.468825
-2.48361,-2.67186,6.40722,2.18213,-3.19983,95.8442,2.17185,8.93359,114.123,-0.0384858,-0.051247,0.440907
-2.10614,-2.50568,5.18764,2.79223,-2.99884,104.535,1.3066,6.60665,118.26,-0.0358685,-0.0465062,0.431069
-0.953224,-1.15201,2.77795,2.80114,-2.58095,104.7,1.54034,6.98425,118.295,-0.0340943,-0.0425267,0.422838
-0.733542,-0.902149,2.1861,2.57173,-1.39382,107.218,0.232087,4.7149,122.235,-0.0350693,-0.0401008,0.437296
-0.475635,-0.596663,1.61489,2.74379,-1.06888,107.459,0.478176,5.17066,122.02,-0.036699,-0.0401492,0.452967
-0.39893,-0.499524,1.39506,2.43725,0.345806,104.799,-0.928754,3.10443,123.706,-0.042997,-0.0409996,0.501984
-0.306782,-0.387525,1.17798,2.6985,0.614492,105.019,-0.710375,3.63912,123.544,-0.0510581,-0.0462642,0.55798
-0.273784,-0.341844,1.08713,2.58163,1.30946,100.515,-2.04643,1.82437,122.872,-0.0720837,-0.0541686,0.684074
-0.235472,-0.293622,0.992216,2.90419,1.50949,100.783,-1.86628,2.40362,123.038,-0.107577,-0.0764061,0.862855
-0.228472,-0.282682,1.00563,3.17565,1.33383,95.5785,-2.97477,1.67317,121.115,-0.217558,-0.123651,1.30006
-0.242684,-0.298491,1.05513,3.53643,1.44531,96.0192,-2.81985,2.25258,121.656,-0.63321,-0.351673,2.43273
-0.326715,-0.405982,1.36819,4.31419,0.950054,90.0133,-3.26888,2.5617,115.493,-5.51998,-3.26222,11.4894
-0.678107,-0.828292,2.23387,4.68105,0.952902,90.797,-2.88529,2.88375,116.285,-11.4961,-12.7873,30.7848
-5.73705,-6.92199,12.8872,5.67706,0.542336,82.6205,-2.98563,3.13442,98.3162,-2.94682,-9.372,34.6703
-17.7154,-19.8971,37.2543,5.61319,0.897483,83.0019,-2.62641,3.40251,98.0313,-1.57032,-10.2878,44.7686
-12.3707,-9.99771,45.98,5.40934,-1.19943,67.9501,-4.20573,0.17928,61.8759,0.34326,-10.9123,61.0145
-10.0119,-3.48111,60.3701,5.01917,0.118019,63.8271,-3.92574,1.0842,62.2917,0.0524025,-11.2187,64.9134
-1.63663,2.36597,59.821,4.63214,-2.31543,43.5068,-4.60298,-3.57583,13.6872,0.787064,-11.5735,107.631
-1.42379,2.46563,60.5143,4.90988,-2.02423,40.9161,-2.59362,-1.75662,8.42732,1.01884,-11.2089,108.187
2.36429,4.16157,70.2125,4.3848,-3.24943,35.5722,-1.14019,-1.05573,3.21362,3.19689,-7.79903,127.476
2.21146,3.93511,71.0796,4.22233,-3.41952,34.3438,-0.372731,-0.33758,1.50146,3.16457,-6.97849,126.61
3.79021,5.43895,78.9837,2.61675,-3.31464,31.8068,-0.203217,-0.185991,0.931231,4.71966,-2.98231,122.641
3.63505,5.35621,79.3877,2.15808,-3.52302,31.0269,-0.111207,-0.100052,0.661671,4.71443,-2.49713,122.577
3.89541,6.82459,85.2479,0.480605,-3.74687,28.0794,-0.0745357,-0.0664877,0.511915,5.09635,-0.438838,116.025
3.86438,6.85537,85.3535,0.00884788,-3.95404,26.7025,-0.049146,-0.0434763,0.421394,5.19703,-0.136209,116.393
3.52699,7.87409,90.2023,-1.52401,-4.78656,22.9601,-0.0354569,-0.0313864,0.363719,5.32098,0.490068,115.622
3.59816,7.9784,90.2262,-2.02152,-4.96082,20.3479,-0.0257735,-0.0230188,0.324567,5.59995,0.73707,115.973
3.30257,8.498,95.5582,-3.60731,-5.89057,15.2395,-0.0197003,-0.0181508,0.299553,5.94026,1.38518,119.977
3.5897,8.65115,95.1127,-3.15806,-5.17876,12.7147,-0.015434,-0.0146978,0.280908,6.36808,1.77442,119.742
3.77152,8.35767,99.9219,-3.63191,-5.25109,10.4253,-0.0125746,-0.013012,0.27165,6.40811,3.01969,124.664
3.93283,8.48807,100.106,-2.05588,-2.96682,6.37795,-0.0108183,-0.0117651,0.263807,6.73548,3.48544,123.855
4.65876,7.55948,103.661,-1.62024,-2.1695,4.52648,-0.00951526,-0.011858,0.264425,4.81089,4.1779,123.415
4.94884,7.76043,103.373,-0.783852,-1.04004,2.56753,-0.00897115,-0.0118682,0.264997,5.19143,4.65268,122.953
5.83736,6.83914,101.716,-0.535735,-0.690795,1.80332,-0.00821984,-0.0133174,0.276956,3.50894,4.0762,122.731
6.10411,7.11047,101.481,-0.310505,-0.395849,1.2456,-0.00858491,-0.0144871,0.288105,3.99696,4.50606,122.424
6.48802,6.19461,95.3351,-0.220011,-0.279256,0.981128,-0.00808502,-0.0176416,0.316215,3.2486,3.1936,121.671
6.64649,6.50922,95.6423,-0.15422,-0.193342,0.800249,-0.00945816,-0.0205862,0.344787,3.82931,3.54519,121.569
6.33994,5.94948,89.0097,-0.123391,-0.154014,0.711188,-0.00881758,-0.027567,0.406018,3.71376,1.94963,119.225
6.43225,6.29186,89.7585,-0.100942,-0.123591,0.644147,-0.0120809,-0.0359809,0.477908,4.38483,2.21956,119.58
5.35767,5.75114,84.802,-0.0926768,-0.110028,0.642135,-0.0107337,-0.0545998,0.620428,3.98828,0.670458,118.878
5.48649,6.04431,85.5763,-0.092479,-0.105609,0.65586,-0.0180588,-0.0863314,0.820828,4.73417,0.886066,119.68
-1.11032,-1.23476,3.00315,6.07068,2.37429,84.2578,-3.42648,3.1838,123.14,-5.59834,-3.9727,12.4918
-2.81304,-2.96997,6.27291,6.94608,0.396219,87.0943,-2.46126,4.37929,100.242,-10.7689,-12.8529,35.4183
-5.34581,-5.45186,10.8437,7.6831,1.05112,83.6987,-1.75367,3.83368,100.762,-6.12654,-16.5326,58.4108
-10.612,-10.7982,21.1689,6.92539,-0.982251,65.6372,-4.17972,0.338171,63.0076,-1.11382,-13.071,69.2368
-21.635,-20.0982,53.589,6.15966,0.839484,60.7253,-3.95757,1.71595,63.2963,-0.56646,-11.89,69.8134
-11.2141,-6.44754,87.0712,4.43681,-1.33369,40.3039,-5.44128,-3.89906,14.499,1.09089,-10.7993,111.112
-4.14859,-0.425646,65.8021,5.16089,-1.57616,38.6219,-3.05616,-1.95198,8.84293,1.31712,-10.4805,111.492
0.671648,2.09477,70.8822,4.58294,-3.04316,34.3764,-1.39543,-1.25378,3.61079,3.9685,-6.62703,129.396
0.560909,1.97633,71.7368,4.42811,-3.22753,33.257,-0.442516,-0.390374,1.62004,4.03314,-5.72413,128.43
1.98038,3.28685,80.102,2.7802,-3.0496,30.9114,-0.239344,-0.21497,0.988267,5.73715,-1.73341,124.681
1.88993,3.28813,80.2865,2.33064,-3.23265,30.1369,-0.127325,-0.112342,0.685611,5.80171,-1.13584,124.505
1.9868,4.61364,86.1626,0.587823,-3.49421,27.0627,-0.083833,-0.0733316,0.525065,6.20131,0.841004,118.205
2.01152,4.71401,86.1191,0.0992551,-3.69495,25.5115,-0.0548001,-0.0474559,0.428548,6.39638,1.24892,118.392
1.74775,5.67525,90.4437,-1.47668,-4.58639,21.7504,-0.0392232,-0.0339019,0.367061,6.67866,2.10453,117.796
1.84529,5.82122,90.4223,-2.05848,-4.77627,18.8372,-0.0283431,-0.0246266,0.325145,7.03032,2.43336,117.965
1.4939,6.10354,95.5663,-3.665,-5.62013,14.1921,-0.0215825,-0.0192554,0.298344,7.51653,3.13729,121.91
1.8247,6.29718,95.0056,-3.14167,-4.77526,11.5014,-0.0169234,-0.0155244,0.278202,8.00273,3.58787,121.488
2.01997,5.98535,99.4628,-3.66035,-4.96345,9.874,-0.0138554,-0.013672,0.267567,8.13522,5.07696,125.578
2.22289,6.14644,99.4814,-2.07495,-2.78794,6.01027,-0.0119573,-0.0122921,0.258314,8.50952,5.57305,124.68
3.02539,5.22667,102.959,-1.73088,-2.17229,4.51774,-0.0106489,-0.0123107,0.257153,6.57544,6.45838,123.982
3.33524,5.45159,102.549,-0.840191,-1.04126,2.53643,-0.0100551,-0.0122178,0.255901,6.99563,6.95141,123.461
4.21398,4.5569,100.588,-0.579323,-0.699744,1.79592,-0.00949114,-0.0137298,0.265533,5.31054,6.28261,123.228
4.46277,4.83975,100.299,-0.334598,-0.398421,1.22324,-0.00993305,-0.0148489,0.274309,5.83092,6.71195,122.872
4.89253,4.04185,94.0946,-0.234366,-0.277613,0.951734,-0.0100754,-0.0182649,0.298276,5.19587,5.45052,122.329
5.0047,4.34366,94.3908,-0.162416,-0.189474,0.763479,-0.0117859,-0.0212358,0.32249,5.80493,5.79284,122.171
4.72744,3.85395,87.5396,-0.127774,-0.147753,0.666212,-0.0129751,-0.0292602,0.376084,5.67313,4.04454,119.742
4.74642,4.17262,88.2958,-0.102638,-0.11603,0.590942,-0.0178414,-0.0386711,0.440585,6.37998,4.29637,120.084
3.69386,3.74419,83.2481,-0.0927662,-0.100753,0.57258,-0.02326,-0.0626638,0.572846,5.97854,2.70045,119.315
3.73407,4.04532,84.2238,-0.089578,-0.093281,0.564337,-0.04226,-0.108089,0.781894,6.80407,2.91958,120.061
3.12487,5.00552,83.9119,-0.105532,-0.099895,0.640239,-0.080248,-0.258701,1.30473,6.28695,1.99344,121.991
3.22019,5.3023,84.5901,-0.140932,-0.127613,0.757343,-0.432249,-1.28682,3.43771,7.1327,2.31861,122.797
2.75612,7.4948,86.0093,-0.293638,-0.227637,1.18385,-9.51185,-19.3046,32.8146,5.97507,2.109,119.177
2.97667,7.71413,86.4795,-1.22025,-0.916627,2.99448,-11.725,-13.0379,36.1321,6.91191,2.47694,120.342
1.72279,9.14008,81.2231,-20.1499,-17.1461,35.5907,-9.3353,-9.15535,50.5104,5.00157,2.69525,103.543
1.72985,9.31309,81.5745,-16.2399,-19.0735,37.8364,-11.0762,-10.2916,61.612,4.70889,3.29627,101.878
0.599834,9.22147,65.8246,-7.60875,-14.2045,56.3286,-8.5186,-7.73076,69.9164,1.86925,2.11123,70.4508
1.13822,9.00985,60.6265,-3.23016,-12.2588,66.0374,-8.24917,-7.64729,71.5551,2.51276,2.77778,69.3735
-0.31365,7.28786,44.5226,-0.997273,-1.5381,64.6743,-4.73785,-3.22817,92.4319,-4.05189,-4.24195,17.4459
-0.417447,7.31575,41.2186,-0.914493,-1.36423,65.7143,-4.48595,-2.77171,92.9397,-3.07354,-2.85485,12.3761
-1.57152,6.30073,37.148,-0.825563,3.71997,68.3831,-1.0131,2.28374,106.985,-2.48591,-3.22624,6.76684
-1.93283,6.01629,36.0566,-0.912057,3.38375,69.551,-0.465723,2.42354,106.722,-0.75865,-1.02142,2.73549
-2.17237,5.48268,38.9959,-1.18865,2.70606,71.2069,0.0350333,6.44213,108.591,-0.43171,-0.586673,1.68009
-2.46966,4.86387,38.9297,-1.24121,2.35938,72.1043,0.43162,6.5966,108.605,-0.234479,-0.320698,1.13041
-3.01021,2.74387,34.9943,-0.864501,-0.649656,76.0867,-0.208659,8.2913,108.33,-0.163224,-0.220144,0.876075
-3.37162,2.11021,32.5225,-0.78908,-0.919597,76.8705,0.0740892,8.45702,108.736,-0.115249,-0.152736,0.717892
-5.25163,-3.23506,18.9051,0.237812,-3.51051,84.0925,-0.340362,8.0927,110.597,-0.0912554,-0.119832,0.625579
-4.88942,-3.28985,14.8395,0.331599,-3.67483,85.1473,-0.11134,8.29763,111.144,-0.0727047,-0.0940842,0.557621
-5.17859,-5.49827,11.8778,1.47233,-4.38945,93.3379,-0.31218,6.94441,114.823,-0.0624448,-0.0802813,0.518559
-2.60386,-2.75278,6.51664,1.50051,-4.09055,93.845,-0.0641878,7.32706,115.177,-0.0543329,-0.0684722,0.485258
-2.43225,-2.82862,5.72348,2.31457,-3.82019,102.752,-0.98171,5.077,119.526,-0.0500671,-0.0619899,0.47265
-1.10826,-1.29829,3.01538,2.37009,-3.35038,102.914,-0.674623,5.53788,119.528,-0.0472154,-0.056644,0.461592
-0.893081,-1.05983,2.44562,2.25939,-2.03074,105.725,-1.98041,3.30389,123.175,-0.047914,-0.0538296,0.475828
-0.580818,-0.697823,1.78193,2.46554,-1.68889,106.031,-1.66788,3.82042,122.945,-0.049806,-0.0541746,0.490603
-0.49654,-0.593814,1.55373,2.27964,-0.0773042,103.842,-3.03287,1.73286,124.461,-0.0576173,-0.0562764,0.542371
-0.382941,-0.459577,1.30063,2.56858,0.195289,104.12,-2.7638,2.31557,124.276,-0.0683447,-0.0642714,0.601337
-0.34303,-0.405769,1.19765,2.65898,1.02954,99.9335,-4.05624,0.558284,123.267,-0.0963784,-0.0788339,0.738489
-0.29294,-0.344869,1.08138,3.00401,1.22396,100.266,-3.84407,1.1688,123.42,-0.145375,-0.11487,0.935755
-0.284045,-0.329616,1.08701,3.37412,1.19417,95.2137,-4.75886,0.422675,121.099,-0.305353,-0.208248,1.44445
-0.299397,-0.344338,1.13314,3.75144,1.29238,95.7305,-4.58813,1.01572,121.628,-0.987389,-0.676448,2.97192
-0.411984,-0.473499,1.48048,4.63113,0.843566,89.835,-4.87523,1.38129,115.293,-8.5268,-6.55046,16.4442
-0.890794,-1.00477,2.53552,5.01378,0.823552,90.7318,-4.59415,1.7628,116.206,-11.4395,-13.1226,28.0178
-7.53132,-8.30591,15.5016,6.09351,0.600173,82.7066,-4.53002,2.3281,98.0296,-4.35002,-9.70492,30.4187
-17.7942,-18.5625,35.0976,6.14922,0.777186,83.3259,-4.04095,2.41083,97.7213,-2.54925,-11.6686,45.7725
-15.435,-12.936,45.9647,5.6491,-1.00085,66.0324,-5.1095,-0.213971,60.7013,-0.187878,-11.7178,63.4338
-12.7256,-5.3517,66.6483,5.20161,0.424086,61.7582,-4.87219,0.72835,61.0609,-0.308724,-11.5468,66.1906
-2.83034,1.51816,61.4648,4.83511,-2.29738,42.9768,-4.56095,-3.40988,13.2311,0.208336,-12.2633,107.772
-2.34805,1.84717,60.7868,5.13481,-2.0937,40.735,-2.48523,-1.62303,7.98448,0.400794,-11.9321,108.358
1.2751,3.44666,70.2553,4.56926,-3.29658,35.9425,-1.03642,-0.929705,2.9984,2.42945,-8.7839,126.698
1.13115,3.22434,71.0152,4.39027,-3.47163,34.7772,-0.349885,-0.307477,1.44964,2.3761,-7.98816,125.965
2.5698,4.50738,79.206,2.765,-3.2708,32.4078,-0.19011,-0.169962,0.892006,3.96004,-4.06908,122.544
2.4221,4.43201,79.4423,2.29437,-3.47053,31.5988,-0.102276,-0.0897993,0.631137,3.8903,-3.59002,122.566
2.48651,5.68308,85.5632,0.533751,-3.64399,28.3259,-0.0677996,-0.0590481,0.487596,4.27557,-1.5777,116.495
2.45899,5.71168,85.5612,0.0602933,-3.83314,26.8239,-0.0444967,-0.0384348,0.401584,4.35182,-1.29121,116.845
2.12227,6.64581,90.1892,-1.52944,-4.73577,22.8277,-0.031923,-0.0276234,0.346628,4.42276,-0.592813,116.375
2.18226,6.73324,90.1602,-2.01878,-4.89918,20.2147,-0.0230856,-0.0201897,0.30928,4.67109,-0.370949,116.694
1.83424,7.05482,95.0767,-3.65258,-5.82286,15.2089,-0.0175278,-0.0158823,0.285474,4.86893,0.115562,120.651
2.08893,7.17651,94.6426,-3.22101,-5.10567,12.6722,-0.013657,-0.0128451,0.267699,5.2654,0.465139,120.405
2.09602,6.82358,99.488,-3.64959,-5.09216,10.2625,-0.0110755,-0.0114164,0.258701,5.25133,1.62534,125.023
2.19717,6.91188,99.6407,-2.05004,-2.82261,6.20672,-0.00947339,-0.0103072,0.250971,5.53807,2.04612,124.238
2.78128,5.94371,102.975,-1.57196,-2.01439,4.31647,-0.00833309,-0.01046,0.25091,3.5981,2.72055,123.579
3.01721,6.09321,102.661,-0.753931,-0.95151,2.43279,-0.00779964,-0.0104422,0.250844,3.93033,3.12848,123.161
3.89005,5.24753,101.208,-0.50094,-0.61604,1.68006,-0.00716541,-0.0118425,0.26094,2.17207,2.5764,122.806
4.08624,5.45722,100.925,-0.287731,-0.348587,1.15564,-0.0073931,-0.0128237,0.270362,2.60038,2.92551,122.54
4.48239,4.62224,94.814,-0.199943,-0.241284,0.899455,-0.00703161,-0.0157886,0.294731,1.88717,1.58284,121.966
4.5422,4.85586,95.0907,-0.137825,-0.163885,0.725673,-0.00809176,-0.0183224,0.319779,2.39608,1.83704,121.877
4.31701,4.34306,88.4615,-0.107805,-0.127189,0.6341,-0.00767695,-0.0249207,0.373674,2.27692,0.187912,119.638
4.27993,4.58937,89.1859,-0.0860927,-0.0993234,0.563995,-0.0102346,-0.0325923,0.43894,2.85686,0.335037,119.993
3.25409,4.14271,84.1611,-0.077129,-0.0852245,0.545982,-0.00934377,-0.0515212,0.572098,2.36784,-1.29152,118.955
3.23304,4.36877,85.0951,-0.0736529,-0.0778153,0.537146,-0.0155379,-0.0873309,0.78222,3.04045,-1.20212,119.71
2.51861,5.17398,84.5148,-0.0846403,-0.0798839,0.604464,-0.00299861,-0.200299,1.30327,2.30858,-2.42381,121.464
2.54173,5.3876,85.1626,-0.109591,-0.098028,0.705159,0.000256063,-0.923053,3.20028,2.97835,-2.25098,122.276
2.00131,7.56893,86.3948,-0.210424,-0.154701,1.05441,-3.17409,-14.4143,28.2492,1.80256,-2.50723,118.668
2.14072,7.66947,86.8733,-0.689351,-0.4797,2.1749,-9.45723,-10.4274,37.9093,2.41702,-2.25344,119.63
0.756069,9.14866,82.132,-14.633,-10.9252,25.9589,-6.08999,-6.20971,47.3486,1.03398,-1.56377,103.155
1.07049,9.08897,81.6065,-16.5728,-21.0045,46.6169,-8.13241,-7.81587,58.8958,0.794927,-0.96298,101.376
-0.279307,9.06394,67.0999,-3.67159,-10.5609,56.1807,-6.0911,-5.67555,68.771,-1.14651,-0.885507,69.7151
0.195142,8.85667,62.3063,-1.60302,-9.08198,60.6264,-5.94126,-5.7244,70.5599,-0.586362,-0.352115,68.848
-0.911388,7.14171,45.6658,-0.240441,-0.541879,65.658,-1.92924,-0.793441,90.9498,-4.14554,-4.55264,17.8245
-0.96973,7.12819,42.1426,-0.308301,-0.737056,67.6439,-1.81236,-0.452128,91.5587,-3.14491,-3.08513,12.8994
-2.22126,5.95266,37.3652,-0.0885122,4.40719,70.761,1.85533,4.81616,106.036,-1.85538,-2.55543,5.6511
-2.58769,5.63445,36.0503,-0.174318,4.07581,71.7277,2.28211,4.8444,105.828,-0.57468,-0.821049,2.40338
-3.07749,4.75945,38.0284,-0.305006,3.46276,73.8825,2.71367,8.64332,107.677,-0.310327,-0.450315,1.45036
-3.40202,4.10614,37.7098,-0.373708,3.10571,74.6543,3.01758,8.70414,107.716,-0.168429,-0.24688,0.9981
-3.94657,1.88095,33.4831,0.0213619,0.249519,78.7101,2.25192,10.1576,107.347,-0.115621,-0.167349,0.775731
-4.26005,1.26167,31.1335,0.0658182,-0.0116013,79.3723,2.4574,10.2427,107.807,-0.0810531,-0.115339,0.640855
-5.54587,-3.59748,18.531,1.12316,-2.39418,85.9802,2.12222,9.90219,109.453,-0.0639605,-0.0899735,0.560138
-5.01515,-3.38018,14.9375,1.15042,-2.54501,86.9595,2.27481,10.0415,110.026,-0.05088,-0.0703078,0.501918
-5.08679,-5.45337,11.8315,2.21678,-3.34494,95.059,1.99956,8.69517,113.795,-0.043951,-0.0599955,0.468576
-2.51165,-2.70699,6.46806,2.18205,-3.187,95.8,2.16715,8.95785,114.124,-0.038474,-0.0512176,0.440746
-2.15505,-2.56644,5.28847,2.79361,-2.98522,104.487,1.30315,6.633,118.263,-0.0358676,-0.0464879,0.430987
-0.974451,-1.17871,2.82375,2.80427,-2.57524,104.666,1.53803,7.00687,118.299,-0.0341047,-0.0425213,0.422837
-0.751409,-0.924849,2.22476,2.57549,-1.39275,107.192,0.231193,4.73603,122.24,-0.0350971,-0.0401122,0.437392
-0.486134,-0.610271,1.63875,2.74842,-1.07074,107.439,0.477936,5.19067,122.025,-0.0367467,-0.0401799,0.45318
-0.407619,-0.510704,1.41487,2.44215,0.343035,104.78,-0.927808,3.1244,123.712,-0.0430864,-0.0410613,0.502391
-0.312988,-0.395511,1.1926,2.70413,0.611217,105.001,-0.709011,3.6594,123.549,-0.0512098,-0.046377,0.558673
-0.279267,-0.348736,1.10007,2.58744,1.30637,100.497,-2.04417,1.84491,122.877,-0.0724102,-0.0543913,0.685428
-0.240063,-0.299283,1.00321,2.91061,1.50642,100.765,-1.8638,2.42491,123.043,-0.108306,-0.0769131,0.865556
-0.233334,-0.288502,1.01734,3.18214,1.33137,95.56,-2.97197,1.69487,121.12,-0.220129,-0.125191,1.30762
-0.248541,-0.305322,1.06903,3.54344,1.44299,95.9997,-2.8167,2.27507,121.661,-0.648492,-0.360995,2.46567
-0.338067,-0.419151,1.39457,4.32127,0.949735,89.9888,-3.26149,2.58146,115.492,-5.75516,-3.44776,11.9086
-0.719458,-0.875981,2.32128,4.68797,0.951335,90.7746,-2.87749,2.90341,116.283,-11.4275,-12.8774,30.9233
-6.36778,-7.6388,14.1111,5.66079,0.581719,82.5365,-2.99136,3.17893,98.3181,-2.83395,-9.24621,34.4306
-17.7647,-19.8127,37.3336,5.6192,0.900375,82.978,-2.62447,3.42361,98.037,-1.53825,-10.2338,44.6283
-12.1301,-9.59601,45.754,5.42116,-1.20886,67.9491,-4.20028,0.183418,61.8816,0.34358,-10.9159,61.0135
-9.87111,-3.34804,59.8569,5.03679,0.101415,63.8389,-3.92019,1.087,62.2896,0.0517875,-11.2296,64.9234
-1.62474,2.38543,59.7465,4.64128,-2.31847,43.5003,-4.59219,-3.57695,13.6407,0.790373,-11.5827,107.638
-1.43012,2.46827,60.5159,4.91619,-2.0248,40.9058,-2.57856,-1.75211,8.377,1.02069,-11.2155,108.19
2.35741,4.16573,70.2062,4.39001,-3.25058,35.5649,-1.13448,-1.05134,3.20174,3.19524,-7.80484,127.475
2.20512,3.93978,71.0705,4.22731,-3.42104,34.338,-0.371534,-0.336791,1.49825,3.16234,-6.98392,126.608
3.78271,5.44453,78.9749,2.6212,-3.31639,31.8018,-0.202699,-0.185676,0.929829,4.7163,-2.98684,122.639
3.62738,5.36163,79.3798,2.16241,-3.52494,31.0228,-0.110974,-0.0999291,0.660923,4.71084,-2.50148,122.575
3.88691,6.83048,85.2402,0.484579,-3.7489,28.0761,-0.0743976,-0.0664229,0.511452,5.09243,-0.442527,116.023
3.85593,6.86121,85.3463,0.0127621,-3.95619,26.7002,-0.0490639,-0.0434431,0.421079,5.19303,-0.139725,116.391
3.51796,7.88016,90.1952,-1.52043,-4.78866,22.9588,-0.0354018,-0.0313669,0.363488,5.31688,0.486808,115.62
3.5891,7.98441,90.22,-2.01885,-4.9627,20.3448,-0.0257357,-0.0230076,0.324389,5.59581,0.733963,115.972
3.29291,8.50413,95.5529,-3.6056,-5.89068,15.2344,-0.0196725,-0.0181439,0.299409,5.93584,1.38203,119.976
3.58056,8.6572,95.1078,-3.15685,-5.17695,12.7085,-0.0154127,-0.0146938,0.280789,6.36389,1.7715,119.741
3.763,8.36418,99.9157,-3.63157,-5.25047,10.4244,-0.0125574,-0.0130094,0.271547,6.4038,3.01688,124.663
3.9252,8.49506,100.098,-2.05904,-2.97107,6.38526,-0.0108034,-0.0117635,0.263718,6.73159,3.48319,123.854
4.65107,7.56732,103.653,-1.62481,-2.17567,4.53657,-0.00950201,-0.0118566,0.264344,4.80667,4.1754,123.415
4.94022,7.76828,103.368,-0.785837,-1.04265,2.57206,-0.00895876,-0.0118671,0.264925,5.18655,4.65033,122.953
5.82871,6.84737,101.713,-0.536909,-0.692322,1.806,-0.00820824,-0.0133161,0.276886,3.50383,4.07362,122.731
6.09512,7.11896,101.477,-0.311028,-0.396519,1.24688,-0.00857306,-0.0144858,0.288039,3.99159,4.50386,122.424
6.47958,6.20307,95.3323,-0.220305,-0.279645,0.9819,-0.00807318,-0.0176394,0.316146,3.24343,3.19155,121.671
6.63774,6.51801,95.6395,-0.154382,-0.193562,0.800719,-0.00944486,-0.0205838,0.344716,3.82396,3.54359,121.569
6.33166,5.95798,89.0068,-0.123494,-0.154167,0.711525,-0.00880339,-0.0275618,0.405931,3.70876,1.94843,119.225
6.42355,6.30071,89.7558,-0.101006,-0.123701,0.644395,-0.0120627,-0.0359726,0.477798,4.37965,2.21886,119.58
5.34908,5.75941,84.7994,-0.092724,-0.110125,0.642359,-0.010713,-0.0545784,0.620253,3.9835,0.670103,118.878
5.47852,6.05296,85.5664,-0.092515,-0.10571,0.656089,-0.0180269,-0.0862823,0.820513,4.72917,0.886722,119.677
-1.11389,-1.23868,3.01009,6.07777,2.38024,84.2581,-3.42221,3.19358,123.139,-5.5998,-3.96741,12.496
-2.84262,-3.00077,6.32658,6.95275,0.402016,87.0958,-2.45676,4.3882,100.243,-10.7576,-12.8434,35.4619
-5.38025,-5.48646,10.9032,7.68997,1.05506,83.7055,-1.74994,3.84151,100.766,-6.1079,-16.5131,58.4097
-10.5684,-10.7538,21.0765,6.93535,-0.984624,65.6563,-4.1761,0.342222,63.0132,-1.10366,-13.0549,69.2108
-21.6304,-20.1484,53.2529,6.17428,0.83073,60.7553,-3.95381,1.71719,63.3044,-0.559735,-11.8834,69.8056
-11.2827,-6.52402,87.1272,4.44148,-1.33157,40.3127,-5.43955,-3.89679,14.4994,1.09714,-10.7884,111.106
-4.18355,-0.45426,65.911,5.16403,-1.57231,38.6274,-3.05549,-1.95082,8.84445,1.32242,-10.4695,111.487
0.658888,2.08257,70.8973,4.58776,-3.0415,34.3851,-1.39555,-1.25397,3.61134,3.97364,-6.61671,129.391
0.55057,1.96613,71.7417,4.43306,-3.22642,33.2672,-0.442541,-0.390433,1.62026,4.03799,-5.71434,128.425
1.96761,3.27421,80.1096,2.78478,-3.04851,30.921,-0.239364,-0.21501,0.988387,5.74161,-1.72407,124.676
1.87691,3.27511,80.2945,2.33501,-3.23162,30.1455,-0.127334,-0.112363,0.685686,5.80588,-1.12688,124.501
1.97241,4.59906,86.1709,0.591786,-3.49327,27.0703,-0.0838395,-0.0733466,0.525121,6.20503,0.84941,118.201
1.99735,4.69919,86.1268,0.103774,-3.69407,25.523,-0.0548039,-0.047466,0.428592,6.39992,1.25703,118.388
1.73314,5.65925,90.4504,-1.47133,-4.58594,21.7696,-0.0392257,-0.0339093,0.367099,6.68203,2.1124,117.792
1.83075,5.80495,90.4288,-2.05337,-4.77714,18.8607,-0.0283445,-0.0246319,0.32518,7.03338,2.44092,117.961
1.47707,6.08575,95.5754,-3.66403,-5.62296,14.2007,-0.0215835,-0.0192594,0.298377,7.51881,3.14442,121.907
1.80588,6.27892,95.0193,-3.13776,-4.77278,11.493,-0.0169244,-0.0155275,0.278234,8.00368,3.59426,121.485
1.99769,5.96508,99.4824,-3.64456,-4.94396,9.83812,-0.0138566,-0.0136747,0.2676,8.13449,5.08265,125.575
2.19943,6.12515,99.5039,-2.05462,-2.76105,5.96329,-0.0119591,-0.012295,0.258347,8.50759,5.57806,124.676
3.00291,5.20453,102.977,-1.708,-2.14366,4.46939,-0.0106507,-0.0123138,0.257187,6.57402,6.46344,123.978
3.31586,5.43008,102.559,-0.831414,-1.03042,2.51703,-0.0100568,-0.0122208,0.255935,6.99573,6.95675,123.457
4.19577,4.53574,100.596,-0.57409,-0.693446,1.78448,-0.00949214,-0.0137327,0.26557,5.31101,6.28772,123.224
4.44492,4.81846,100.306,-0.332294,-0.39568,1.21785,-0.00993405,-0.0148519,0.27435,5.8315,6.71673,122.869
4.87578,4.02173,94.101,-0.233035,-0.276029,0.948475,-0.0100755,-0.0182679,0.298325,5.19638,5.4549,122.326
4.98778,4.32319,94.3972,-0.161667,-0.188584,0.761503,-0.0117863,-0.0212394,0.32255,5.80531,5.79683,122.168
4.71164,3.83486,87.5459,-0.127276,-0.147156,0.664824,-0.0129739,-0.0292646,0.376168,5.67338,4.04809,119.74
4.73026,4.15306,88.3023,-0.102307,-0.11563,0.589968,-0.0178415,-0.0386785,0.440706,6.38007,4.29953,120.083
3.67847,3.72557,83.2545,-0.0925107,-0.100444,0.5718,-0.0232583,-0.0626798,0.573056,5.97848,2.70315,119.313
3.71822,4.02616,84.2304,-0.0893727,-0.0930304,0.563713,-0.0422706,-0.108138,0.782301,6.80379,2.92187,120.06
3.10886,4.98619,83.9188,-0.105324,-0.0996404,0.639627,-0.080298,-0.258951,1.30588,6.28647,1.99525,121.991
3.20372,5.28252,84.5972,-0.1407,-0.127318,0.756734,-0.433587,-1.29065,3.44547,7.13184,2.32003,122.797
2.73907,7.47431,86.0167,-0.293227,-0.227097,1.18297,-9.53238,-19.3252,32.8706,5.97323,2.11036,119.175
2.95887,7.69331,86.4883,-1.21912,-0.914798,2.99234,-11.708,-12.9999,36.1063,6.91064,2.477,120.342
1.70627,9.12037,81.2314,-20.1662,-17.1474,35.6113,-9.31601,-9.13152,50.4715,5.00084,2.69461,103.543
1.71336,9.29259,81.5811,-16.244,-19.0824,37.8761,-11.0669,-10.2803,61.5989,4.70738,3.29566,101.878
0.586428,9.2052,65.8318,-7.5821,-14.184,56.356,-8.51214,-7.7222,69.9129,1.86749,2.11074,70.4498
1.12427,8.99514,60.6376,-3.22112,-12.2369,66.0019,-8.24301,-7.63959,71.5514,2.51063,2.7765,69.3734
-0.323154,7.27732,44.5322,-0.994998,-1.53094,64.6723,-4.73003,-3.21872,92.4266,-4.05183,-4.24172,17.4499
-0.426275,7.30552,41.229,-0.913405,-1.35963,65.7189,-4.47846,-2.76302,92.9345,-3.0743,-2.85448,12.3819
-1.57934,6.29146,37.1586,-0.824851,3.72412,68.388,-1.00514,2.29304,106.979,-2.4865,-3.22678,6.76833
-1.94052,6.00705,36.0677,-0.911823,3.38748,69.5569,-0.458333,2.4321,106.716,-0.758749,-1.0214,2.73587
-2.18111,5.472,39.0075,-1.18892,2.70926,71.2142,0.0420023,6.45015,108.585,-0.431752,-0.586637,1.68027
-2.47842,4.85327,38.9406,-1.24204,2.36197,72.1132,0.438132,6.60388,108.599,-0.234507,-0.320669,1.13057
-3.01806,2.73454,35.0085,-0.865985,-0.64705,76.0972,-0.20267,8.2979,108.324,-0.163253,-0.220128,0.876222
-3.37923,2.10182,32.5472,-0.791467,-0.916684,76.8813,0.0795893,8.46329,108.729,-0.11528,-0.152725,0.718044
-5.25942,-3.242,18.924,0.234915,-3.50802,84.1063,-0.335118,8.09792,110.59,-0.0912904,-0.119829,0.625745
-4.89713,-3.29797,14.8282,0.329756,-3.67868,85.1717,-0.105784,8.29889,111.138,-0.0727406,-0.0940888,0.5578
-5.15422,-5.46858,11.8136,1.47195,-4.40554,93.3849,-0.305631,6.93804,114.817,-0.0624829,-0.0802997,0.518757
-2.53687,-2.68289,6.37745,1.499,-4.12052,93.9175,-0.0573369,7.31166,115.168,-0.0543737,-0.0685059,0.485463
-2.31532,-2.6936,5.4903,2.31203,-3.85124,102.827,-0.974524,5.05951,119.514,-0.0501128,-0.0620373,0.472861
-1.0582,-1.24016,2.91112,2.36549,-3.36454,102.959,-0.668412,5.52952,119.514,-0.0472607,-0.0566962,0.461796
-0.848667,-1.00719,2.3533,2.2551,-2.03621,105.752,-1.97429,3.30018,123.16,-0.0479621,-0.0538861,0.476039
-0.555477,-0.667302,1.7269,2.46122,-1.68809,106.047,-1.66205,3.82046,122.93,-0.0498548,-0.0542371,0.490818
-0.475712,-0.568773,1.50849,2.2759,-0.0748406,103.853,-3.02715,1.73424,124.447,-0.0576759,-0.0563504,0.542617
-0.368899,-0.442633,1.26923,2.56515,0.198941,104.129,-2.7582,2.31804,124.263,-0.0684138,-0.0643662,0.601617
-0.331591,-0.392195,1.17208,2.65618,1.03323,99.9408,-4.05081,0.561392,123.255,-0.0964855,-0.0789749,0.738874
-0.284577,-0.335025,1.06243,3.00169,1.22787,100.273,-3.83865,1.17252,123.409,-0.145548,-0.115112,0.936315
-0.27681,-0.321312,1.07064,3.37239,1.19799,95.2201,-4.75358,0.426999,121.09,-0.305814,-0.208841,1.44564
-0.292764,-0.336841,1.11847,3.75032,1.29614,95.7371,-4.58263,1.0204,121.621,-0.989624,-0.679159,2.97657
-0.403279,-0.463863,1.46206,4.63054,0.847104,89.8412,-4.86953,1.38602,115.286,-8.53981,-6.57518,16.4761
-0.872407,-0.984695,2.50004,5.01432,0.82609,90.7401,-4.58843,1.76752,116.201,-11.4227,-13.1235,27.9983
-7.47961,-8.2535,15.4112,6.09551,0.600558,82.718,-4.52537,2.33175,98.0271,-4.3471,-9.70475,30.3937
-17.9612,-18.7378,35.4289,6.14274,0.791804,83.3157,-4.03802,2.42279,97.7167,-2.54972,-11.6699,45.7713
-15.4534,-12.8989,46.3142,5.64207,-0.987397,66.0213,-5.10748,-0.205994,60.6951,-0.190555,-11.7173,63.437
-12.67,-5.30166,66.517,5.20484,0.42403,61.7683,-4.86898,0.730399,61.0621,-0.311377,-11.5482,66.1885
-2.81741,1.52448,61.3964,4.83674,-2.29716,42.9841,-4.56332,-3.41121,13.2431,0.205114,-12.2635,107.767
-2.35189,1.83997,60.7867,5.13534,-2.09123,40.7382,-2.4888,-1.62497,7.99686,0.398413,-11.9316,108.354
1.26956,3.43714,70.2599,4.56989,-3.29376,35.9439,-1.03818,-0.931499,3.00225,2.42712,-8.78305,126.696
1.12642,3.2155,71.017,4.39109,-3.46872,34.7784,-0.350309,-0.307924,1.45078,2.37398,-7.98701,125.963
2.56482,4.49784,79.2074,2.76588,-3.26802,32.4089,-0.190314,-0.170184,0.892562,3.95808,-4.06749,122.543
2.41738,4.42274,79.4434,2.29535,-3.46769,31.5998,-0.102372,-0.0899065,0.631445,3.88851,-3.58813,122.564
2.48161,5.67328,85.5642,0.534724,-3.64145,28.327,-0.0678592,-0.0591153,0.487801,4.274,-1.57555,116.493
2.4543,5.70212,85.562,0.0612837,-3.83068,26.8247,-0.0445336,-0.0384771,0.40173,4.3504,-1.2888,116.843
2.1174,6.63588,90.19,-1.52879,-4.73389,22.8268,-0.0319486,-0.0276531,0.346741,4.42145,-0.590178,116.374
2.17744,6.72352,90.1612,-2.01843,-4.89758,20.2113,-0.0231037,-0.020211,0.309371,4.66988,-0.368107,116.693
1.82938,7.04467,95.0774,-3.65208,-5.82179,15.2059,-0.0175412,-0.0158986,0.285551,4.86782,0.118733,120.65
2.08446,7.16667,94.6426,-3.22051,-5.1049,12.6702,-0.0136674,-0.0128581,0.267766,5.26451,0.468574,120.403
2.09182,6.81336,99.4869,-3.65054,-5.09389,10.265,-0.0110837,-0.0114272,0.258762,5.25069,1.62919,125.021
2.1933,6.90187,99.639,-2.0516,-2.82506,6.21055,-0.00948032,-0.0103167,0.251027,5.53768,2.05016,124.236
2.77729,5.93331,102.973,-1.57385,-2.017,4.32062,-0.00833893,-0.0104687,0.250964,3.59771,2.72462,123.577
3.01316,6.08287,102.66,-0.754675,-0.952528,2.43449,-0.00780507,-0.0104507,0.250896,3.9299,3.13262,123.159
3.88613,5.23735,101.207,-0.501414,-0.616668,1.68113,-0.00717025,-0.0118512,0.260995,2.17165,2.58058,122.804
4.08241,5.44711,100.924,-0.287958,-0.348885,1.15618,-0.00739826,-0.0128331,0.270419,2.6,2.92978,122.538
4.47888,4.61279,94.8129,-0.200086,-0.241471,0.89981,-0.00703668,-0.0157997,0.294798,1.88683,1.58712,121.964
4.53876,4.84637,95.0897,-0.137912,-0.163998,0.725905,-0.00809825,-0.018336,0.319857,2.39578,1.8414,121.874
4.31388,4.33427,88.4605,-0.107867,-0.127269,0.634275,-0.00768441,-0.0249402,0.373779,2.27666,0.192204,119.636
4.27683,4.58045,89.1849,-0.0861373,-0.0993811,0.564128,-0.010247,-0.0326215,0.439086,2.85663,0.339389,119.991
3.2512,4.13425,84.1601,-0.0771652,-0.08527,0.546096,-0.00936254,-0.0515778,0.572352,2.36763,-1.28724,118.952
3.23015,4.36015,85.0941,-0.0736847,-0.0778543,0.537246,-0.0155828,-0.0874592,0.782717,3.04023,-1.19779,119.707
2.51575,5.16535,84.514,-0.0846744,-0.0799212,0.604569,-0.00309406,-0.200778,1.30474,2.30831,-2.41946,121.461
2.53886,5.37885,85.1617,-0.109635,-0.0980731,0.705278,-0.000479779,-0.928043,3.20992,2.97791,-2.2465,122.272
1.99851,7.55981,86.3933,-0.210516,-0.15477,1.05461,-3.21413,-14.4639,28.3563,1.80064,-2.50182,118.662
2.13763,7.66049,86.8732,-0.689708,-0.479965,2.17548,-9.44617,-10.3956,37.8577,2.41704,-2.24966,119.627
0.753294,9.14016,82.1316,-14.6356,-10.9271,25.9624,-6.07914,-6.19818,47.3065,1.03401,-1.56061,103.152
1.06728,9.08048,81.6067,-16.5726,-21.0001,46.6055,-8.13194,-7.81564,58.8927,0.793976,-0.959474,101.372
-0.281931,9.05704,67.0998,-3.6729,-10.5597,56.1791,-6.09177,-5.67583,68.7708,-1.1476,-0.882687,69.7085
0.192642,8.85009,62.3062,-1.6032,-9.08067,60.6292,-5.94122,-5.72405,70.5566,-0.586895,-0.350154,68.8492
-0.913631,7.13594,45.6673,-0.24147,-0.540807,65.6589,-1.92722,-0.793789,90.9399,-4.14099,-4.55421,17.8813
-0.971206,7.1226,42.1446,-0.308227,-0.735708,67.6442,-1.81025,-0.453125,91.5513,-3.14855,-3.08897,12.9668
-2.22183,5.94825,37.3656,-0.0875746,4.41032,70.7598,1.85585,4.81656,106.034,-1.8625,-2.5664,5.67114
-2.58805,5.63018,36.0501,-0.173184,4.07905,71.7264,2.28244,4.84484,105.826,-0.576057,-0.82324,2.40838
-3.07791,4.75481,38.028,-0.303842,3.46594,73.8814,2.71378,8.64399,107.675,-0.310991,-0.451342,1.4527
-3.40247,4.10156,37.7093,-0.372615,3.1088,74.6534,3.01752,8.70489,107.714,-0.168743,-0.247358,0.999373
-3.94687,1.87686,33.4833,0.0225466,0.252647,78.7095,2.25165,10.1583,107.344,-0.115832,-0.167656,0.776606
-4.26018,1.25794,31.1361,0.0668663,-0.00844367,79.3718,2.45695,10.2436,107.804,-0.0811983,-0.115542,0.641509
-5.54574,-3.59963,18.5332,1.12432,-2.391,85.9801,2.12165,9.90298,109.45,-0.0640773,-0.0901319,0.56068
-5.01462,-3.38229,14.9329,1.15191,-2.54322,86.9617,2.27424,10.0416,110.023,-0.0509744,-0.0704325,0.502383
-5.08043,-5.44654,11.8162,2.21891,-3.34532,95.0651,1.9992,8.69385,113.792,-0.0440343,-0.0601056,0.469004
-2.49808,-2.6928,6.43959,2.18406,-3.18981,95.8104,2.16678,8.95511,114.12,-0.038549,-0.0513163,0.441141
-2.13465,-2.54241,5.24705,2.79558,-2.98745,104.497,1.30275,6.63025,118.259,-0.0359394,-0.0465823,0.431374
-0.966459,-1.16915,2.80653,2.80591,-2.5739,104.669,1.53729,7.00627,118.294,-0.0341751,-0.0426123,0.423217
-0.74516,-0.917173,2.21122,2.57721,-1.38985,107.192,0.230356,4.73626,122.235,-0.035172,-0.0402039,0.4378
-0.482777,-0.606041,1.63104,2.75024,-1.06694,107.436,0.476974,5.19163,122.02,-0.0368299,-0.0402798,0.45362
-0.405115,-0.507538,1.40908,2.44399,0.346927,104.777,-0.928831,3.12555,123.707,-0.0431925,-0.0411775,0.502929
-0.311445,-0.393532,1.18888,2.70612,0.615158,104.997,-0.710138,3.66085,123.545,-0.0513515,-0.046529,0.559341
-0.278165,-0.347333,1.0974,2.58943,1.31009,100.493,-2.04534,1.84644,122.873,-0.0726501,-0.0546172,0.686433
-0.2394,-0.298423,1.00156,2.91277,1.51003,100.761,-1.86509,2.42667,123.04,-0.108757,-0.077323,0.867187
-0.232962,-0.288007,1.0164,3.18428,1.33475,95.5565,-2.97335,1.69675,121.117,-0.221468,-0.126212,1.31145
-0.2485,-0.305208,1.06892,3.54574,1.44623,95.9963,-2.81808,2.27705,121.658,-0.65543,-0.365975,2.48033
-0.338791,-0.419922,1.39631,4.32359,0.953139,89.9839,-3.26113,2.58248,115.487,-5.84739,-3.52903,12.075
-0.724693,-0.881894,2.33243,4.69045,0.953684,90.7718,-2.87769,2.90428,116.279,-11.3927,-12.9056,30.9389
-6.47669,-7.76141,14.3221,5.65911,0.591066,82.5232,-2.99507,3.18557,98.3171,-2.79884,-9.20404,34.323
-17.796,-19.821,37.3971,5.61998,0.904861,82.9725,-2.62671,3.42649,98.0351,-1.52834,-10.2203,44.5887
-12.0886,-9.5182,45.7647,5.42289,-1.20722,67.9477,-4.20051,0.183458,61.8781,0.345145,-10.918,61.0181
-9.83726,-3.318,59.7424,5.0411,0.0995349,63.8431,-3.92058,1.08579,62.2904,0.0534718,-11.2315,64.9247
-1.6206,2.38936,59.7262,4.64276,-2.31824,43.5008,-4.59391,-3.57765,13.6522,0.79342,-11.582,107.633
-1.4307,2.46763,60.5172,4.9173,-2.02376,40.9047,-2.58178,-1.75375,8.38944,1.02394,-11.2148,108.187
2.3572,4.16559,70.2058,4.39122,-3.24948,35.5636,-1.13583,-1.05287,3.20501,3.19894,-7.80424,127.473
2.20518,3.93984,71.069,4.22856,-3.41999,34.3369,-0.371801,-0.337128,1.49915,3.16586,-6.98337,126.606
3.78264,5.44465,78.9736,2.62239,-3.31556,31.8009,-0.202814,-0.185834,0.930241,4.71934,-2.9861,122.637
3.6273,5.36168,79.3786,2.16358,-3.52416,31.0219,-0.111024,-0.100003,0.661148,4.71379,-2.50077,122.573
3.8867,6.83045,85.2391,0.485674,-3.74835,28.0754,-0.0744271,-0.0664684,0.511597,5.09502,-0.441789,116.021
3.85573,6.86111,85.3453,0.0138478,-3.95571,26.6996,-0.0490811,-0.0434711,0.421181,5.19559,-0.139022,116.389
3.5177,7.87993,90.1943,-1.51935,-4.78843,22.9585,-0.0354132,-0.0313862,0.363564,5.31935,0.487491,115.619
3.58885,7.98412,90.2192,-2.01779,-4.96265,20.3448,-0.0257434,-0.0230212,0.32445,5.59827,0.734625,115.97
3.29263,8.50371,95.5523,-3.60476,-5.89092,15.2341,-0.019678,-0.0181541,0.29946,5.93833,1.38267,119.975
3.5802,8.65675,95.1074,-3.15593,-5.17692,12.7074,-0.0154169,-0.0147018,0.280833,6.36632,1.77212,119.739
3.76258,8.36362,99.9158,-3.6302,-5.24961,10.4221,-0.0125606,-0.0130161,0.271586,6.40619,3.01744,124.661
3.92474,8.49441,100.098,-2.0575,-2.96942,6.382,-0.0108062,-0.0117694,0.263753,6.73391,3.4837,123.852
4.65088,7.56665,103.653,-1.62332,-2.17401,4.53356,-0.00950421,-0.011862,0.264378,4.80899,4.17575,123.413
4.94028,7.76764,103.368,-0.785241,-1.04202,2.5708,-0.00896074,-0.0118723,0.264957,5.18899,4.65071,122.952
5.82895,6.8468,101.712,-0.536563,-0.691974,1.80529,-0.00820973,-0.0133214,0.276919,3.50639,4.07383,122.73
6.09544,7.11836,101.477,-0.310868,-0.39637,1.24653,-0.00857456,-0.0144915,0.288073,3.9942,4.50407,122.423
6.47999,6.20254,95.3318,-0.220208,-0.279559,0.981678,-0.00807411,-0.017646,0.316185,3.24619,3.19164,121.669
6.6382,6.51744,95.639,-0.154323,-0.193514,0.800574,-0.00944605,-0.0205916,0.344759,3.82678,3.54369,121.568
6.33214,5.95743,89.0064,-0.12345,-0.154133,0.711411,-0.00880357,-0.0275723,0.405988,3.71174,1.94848,119.224
6.42409,6.30012,89.7554,-0.100972,-0.123677,0.644304,-0.0120636,-0.0359875,0.477874,4.38272,2.21891,119.579
5.34967,5.75874,84.7991,-0.0926924,-0.110104,0.642269,-0.0107114,-0.0546041,0.620377,3.98678,0.670035,118.877
5.47915,6.05224,85.5663,-0.0924825,-0.10569,0.655994,-0.0180267,-0.0863315,0.820729,4.73252,0.886795,119.675
-1.1121,-1.23675,3.00653,6.08059,2.37782,84.2739,-3.42102,3.19456,123.14,-5.60086,-3.96571,12.4993
-2.82489,-2.98235,6.29349,6.95608,0.399076,87.1121,-2.45506,4.38863,100.243,-10.7516,-12.8424,35.4883
-5.33945,-5.44523,10.8282,7.69447,1.05191,83.7209,-1.74831,3.84208,100.768,-6.09934,-16.505,58.4078
-10.5323,-10.7181,21.0029,6.93986,-0.987138,65.6701,-4.17489,0.343425,63.0166,-1.09913,-13.047,69.1959
-21.6573,-20.2044,53.1374,6.17952,0.827894,60.7696,-3.95287,1.71875,63.3084,-0.55638,-11.8796,69.8014
-11.3321,-6.57504,87.1986,4.4423,-1.32919,40.3169,-5.43891,-3.89543,14.4968,1.10062,-10.7824,111.103
-4.20422,-0.471428,65.9691,5.16499,-1.57011,38.6315,-3.05483,-1.94987,8.84215,1.32523,-10.4636,111.484
0.650362,2.0742,70.9049,4.58973,-3.04062,34.391,-1.39531,-1.25369,3.61078,3.97641,-6.61073,129.388
0.543411,1.95882,71.7441,4.4352,-3.2258,33.2733,-0.442506,-0.390389,1.62013,4.04075,-5.70851,128.423
1.95943,3.26555,80.1129,2.78677,-3.0478,30.9262,-0.239351,-0.214996,0.988334,5.74428,-1.71837,124.674
1.86887,3.26638,80.2974,2.33705,-3.23094,30.1503,-0.127329,-0.112358,0.685658,5.80858,-1.12125,124.499
1.96393,4.58953,86.1734,0.593689,-3.4926,27.0746,-0.083837,-0.0733447,0.525103,6.20764,0.854814,118.199
1.98911,4.68965,86.1286,0.105766,-3.69344,25.5275,-0.0548024,-0.0474649,0.428579,6.40256,1.26237,118.387
1.72452,5.64908,90.452,-1.46969,-4.58538,21.7724,-0.0392246,-0.0339086,0.367088,6.68465,2.11761,117.791
1.82217,5.7947,90.4303,-2.05232,-4.77644,18.8607,-0.0283437,-0.0246314,0.325171,7.03598,2.446,117.96
1.4682,6.07461,95.5763,-3.66376,-5.62214,14.1999,-0.0215827,-0.0192588,0.298369,7.52161,3.14945,121.906
1.79795,6.26785,95.0183,-3.13862,-4.77347,11.4968,-0.0169236,-0.0155268,0.278226,8.00684,3.59928,121.484
1.99039,5.95337,99.4786,-3.65039,-4.95125,9.85183,-0.0138555,-0.0136738,0.267592,8.13828,5.08783,125.574
2.19271,6.11359,99.4986,-2.06237,-2.7713,5.98139,-0.0119576,-0.0122937,0.25834,8.5117,5.5832,124.676
2.99523,5.19203,102.973,-1.7169,-2.15474,4.4882,-0.0106489,-0.0123119,0.25718,6.5778,6.46822,123.978
3.30705,5.41715,102.558,-0.834846,-1.0346,2.52461,-0.0100549,-0.0122187,0.25593,6.99871,6.9611,123.457
4.18681,4.5227,100.595,-0.576158,-0.695894,1.78899,-0.00948999,-0.0137299,0.265566,5.31372,6.2918,123.225
4.43582,4.80524,100.306,-0.333211,-0.396741,1.21999,-0.00993165,-0.0148487,0.274347,5.83396,6.72059,122.869
4.86724,4.00916,94.1007,-0.23357,-0.276642,0.949782,-0.0100726,-0.0182634,0.298324,5.1987,5.45852,122.326
4.97914,4.31032,94.3967,-0.161971,-0.188925,0.762306,-0.0117828,-0.021234,0.322552,5.80748,5.80022,122.169
4.70363,3.82279,87.5454,-0.127479,-0.147384,0.665397,-0.0129689,-0.0292561,0.376176,5.67542,4.05118,119.74
4.7221,4.14061,88.3015,-0.102444,-0.115781,0.59038,-0.0178348,-0.038667,0.440722,6.38198,4.30237,120.083
3.67073,3.71364,83.2536,-0.0926167,-0.100558,0.57214,-0.0232466,-0.0626595,0.573093,5.98028,2.70569,119.314
3.7103,4.0138,84.2292,-0.08946,-0.0931213,0.563999,-0.0422517,-0.108107,0.782384,6.80549,2.92415,120.06
3.10087,4.97365,83.9175,-0.105414,-0.099728,0.639927,-0.0802514,-0.258893,1.30613,6.28809,1.99724,121.991
3.19555,5.2696,84.5956,-0.140809,-0.12742,0.757069,-0.433567,-1.29092,3.44694,7.13333,2.32173,122.797
2.73061,7.46094,86.0151,-0.293457,-0.227282,1.18356,-9.53409,-19.3245,32.8819,5.9744,2.11178,119.174
2.9502,7.67954,86.4866,-1.2204,-0.915795,2.99471,-11.7027,-12.9852,36.107,6.91177,2.47801,120.342
1.69811,9.10738,81.2295,-20.1663,-17.1485,35.6133,-9.30662,-9.11818,50.4577,5.00202,2.6951,103.543
1.7046,9.27931,81.5797,-16.2336,-19.0715,37.8591,-11.0611,-10.2724,61.5912,4.70817,3.29585,101.878
0.579539,9.19466,65.8304,-7.57519,-14.1762,56.3454,-8.50833,-7.71554,69.9117,1.86803,2.11086,70.4498
1.11798,8.98519,60.6358,-3.21636,-12.2325,65.9956,-8.23934,-7.6331,71.5506,2.51112,2.77647,69.3732
-0.32753,7.27042,44.5304,-0.990645,-1.52721,64.6683,-4.72572,-3.2105,92.4254,-4.05159,-4.24145,17.4478
-0.430404,7.29897,41.2268,-0.909035,-1.35593,65.7145,-4.4743,-2.75511,92.9333,-3.07377,-2.85418,12.3792
-1.58308,6.28555,37.1561,-0.820456,3.72798,68.3832,-1.00064,2.30189,106.977,-2.48572,-3.22586,6.76665
-1.94425,6.00113,36.0646,-0.90737,3.39132,69.5516,-0.453943,2.44069,106.715,-0.758551,-1.02119,2.73539
-2.18535,5.46519,39.0039,-1.18437,2.71316,71.2084,0.0462048,6.45867,108.583,-0.431626,-0.586507,1.67997
-2.4827,4.84646,38.9371,-1.23743,2.36593,72.1066,0.442234,6.6123,108.597,-0.234436,-0.320601,1.13038
-3.022,2.72814,35.0027,-0.86101,-0.643237,76.0901,-0.198744,8.306,108.323,-0.163198,-0.220078,0.87607
-3.38349,2.09395,32.53,-0.786135,-0.913827,76.875,0.0834928,8.47088,108.728,-0.115236,-0.152691,0.717914
-5.25873,-3.24741,18.9052,0.240624,-3.50543,84.0997,-0.331379,8.10544,110.591,-0.0912509,-0.1198,0.625622
-4.89365,-3.29939,14.8269,0.33445,-3.67219,85.1582,-0.102549,8.30849,111.137,-0.072706,-0.094063,0.557681
-5.16522,-5.48231,11.8425,1.4761,-4.39208,93.3585,-0.302815,6.95166,114.817,-0.0624507,-0.0802714,0.518637
-2.57176,-2.71922,6.44914,1.50354,-4.09989,93.8773,-0.0549279,7.32977,115.169,-0.0543429,-0.0684737,0.485348
-2.37428,-2.76123,5.60734,2.31743,-3.83063,102.787,-0.972164,5.0783,119.517,-0.0500818,-0.0620013,0.472751
-1.08324,-1.26904,2.96309,2.37156,-3.35359,102.935,-0.665835,5.543,119.518,-0.0472319,-0.0566606,0.461699
-0.870332,-1.03271,2.39828,2.2609,-2.03063,105.739,-1.97165,3.31087,123.165,-0.047934,-0.0538507,0.47595
-0.567643,-0.681877,1.75338,2.46678,-1.68638,106.041,-1.65955,3.82878,122.935,-0.0498286,-0.0542013,0.490739
-0.485491,-0.580479,1.52984,2.28095,-0.0745527,103.85,-3.02467,1.74162,124.452,-0.0576483,-0.0563113,0.542545
-0.375358,-0.450401,1.28382,2.56994,0.198369,104.127,-2.75589,2.32465,124.268,-0.0683864,-0.0643215,0.601558
-0.33676,-0.398311,1.1838,2.66045,1.03241,99.9399,-4.04858,0.567503,123.259,-0.096454,-0.0789157,0.738832
-0.288291,-0.339381,1.07102,3.00571,1.22688,100.272,-3.83658,1.17826,123.413,-0.145521,-0.115031,0.936322
-0.280029,-0.324994,1.07812,3.37592,1.19706,95.2188,-4.75166,0.432359,121.093,-0.305833,-0.208703,1.44584
-0.295755,-0.3402,1.12533,3.75358,1.29526,95.7353,-4.58088,1.02556,121.623,-0.990348,-0.679127,2.97809
-0.407539,-0.468558,1.47148,4.63334,0.846507,89.8386,-4.86788,1.39068,115.288,-8.55045,-6.58022,16.494
-0.883378,-0.996582,2.522,5.0167,0.825858,90.7363,-4.58698,1.77225,116.202,-11.4197,-13.1205,28.0039
-7.55805,-8.33456,15.5555,6.09502,0.604802,82.7069,-4.52476,2.33797,98.0269,-4.33583,-9.69331,30.3934
-17.9062,-18.6663,35.3204,6.14713,0.787897,83.3168,-4.03647,2.42416,97.7177,-2.54377,-11.6604,45.7569
-15.4154,-12.8501,46.2244,5.64576,-0.990843,66.0226,-5.10617,-0.205656,60.6958,-0.187099,-11.7131,63.4311
-12.6604,-5.29213,66.4786,5.20734,0.422071,61.7674,-4.86802,0.731566,61.0619,-0.308475,-11.5459,66.1885
-2.81736,1.52581,61.3964,4.83803,-2.29767,42.982,-4.56265,-3.41136,13.2408,0.209677,-12.2595,107.767
-2.35172,1.84121,60.7861,5.1365,-2.0918,40.7362,-2.48798,-1.62481,7.9944,0.402621,-11.9277,108.354
1.26992,3.43871,70.2581,4.57085,-3.2944,35.9425,-1.03792,-0.93137,3.00175,2.43164,-8.7785,126.695
1.12665,3.21689,71.0154,4.392,-3.46949,34.7772,-0.350246,-0.307906,1.45064,2.3783,-7.98265,125.963
2.56495,4.49924,79.2059,2.76668,-3.26881,32.4079,-0.190287,-0.17018,0.892504,3.96207,-4.06333,122.542
2.4174,4.42397,79.4421,2.29611,-3.46857,31.599,-0.102359,-0.0899065,0.631416,3.89239,-3.5841,122.563
2.48154,5.67446,85.5629,0.535365,-3.64229,28.3262,-0.0678519,-0.0591159,0.487783,4.27754,-1.57182,116.492
2.45416,5.70316,85.5609,0.0618837,-3.83154,26.824,-0.0445292,-0.0384779,0.401718,4.35387,-1.28517,116.843
2.11719,6.63684,90.189,-1.52823,-4.73459,22.8263,-0.0319456,-0.0276538,0.346733,4.42482,-0.586657,116.373
2.17723,6.72437,90.1602,-2.01787,-4.89817,20.2114,-0.0231016,-0.0202117,0.309365,4.6732,-0.364663,116.692
1.82914,7.04543,95.0765,-3.65172,-5.82213,15.2063,-0.0175397,-0.0158992,0.285546,4.8712,0.122193,120.649
2.08418,7.1673,94.6419,-3.22032,-5.1052,12.6705,-0.0136663,-0.0128586,0.267763,5.26782,0.471932,120.402
2.09145,6.81389,99.4865,-3.65022,-5.09357,10.2645,-0.0110828,-0.0114277,0.258759,5.25402,1.63256,125.021
2.19288,6.90229,99.6389,-2.05115,-2.82443,6.20949,-0.00947963,-0.0103172,0.251025,5.54091,2.05344,124.235
2.77694,5.93372,102.973,-1.57333,-2.01629,4.31947,-0.00833839,-0.0104692,0.250964,3.60092,2.72781,123.576
3.0129,6.08328,102.66,-0.754479,-0.95225,2.43402,-0.00780464,-0.0104512,0.250896,3.93312,3.1358,123.159
3.88594,5.23776,101.207,-0.501297,-0.616503,1.68084,-0.00716994,-0.0118518,0.260996,2.1749,2.58368,122.804
4.08223,5.44751,100.923,-0.287906,-0.348809,1.15604,-0.00739805,-0.0128338,0.270421,2.60323,2.93287,122.538
4.47876,4.61318,94.8125,-0.200055,-0.241425,0.899719,-0.00703663,-0.0158005,0.294801,1.89011,1.59017,121.964
4.53864,4.84677,95.0892,-0.137896,-0.163971,0.725846,-0.00809842,-0.0183372,0.319862,2.39907,1.84445,121.874
4.31379,4.33464,88.4601,-0.107856,-0.12725,0.634231,-0.00768498,-0.0249419,0.373788,2.27997,0.195196,119.636
4.27675,4.58084,89.1846,-0.0861306,-0.0993678,0.564094,-0.0102484,-0.0326245,0.439102,2.85998,0.34241,119.991
3.25116,4.13461,84.1598,-0.0771607,-0.0852599,0.546067,-0.00936555,-0.0515842,0.572387,2.37106,-1.28424,118.952
3.23012,4.36053,85.0939,-0.0736815,-0.0778458,0.53722,-0.0155907,-0.0874764,0.782797,3.04374,-1.19473,119.707
2.51571,5.16575,84.5137,-0.0846723,-0.079914,0.604541,-0.00311362,-0.200853,1.30501,2.312,-2.41634,121.461
2.53884,5.3793,85.1615,-0.109633,-0.0980641,0.705244,-0.000628242,-0.928974,3.21183,2.98167,-2.24328,122.272
1.99849,7.56025,86.3929,-0.210514,-0.154756,1.05455,-3.2227,-14.4738,28.3795,1.80412,-2.49841,118.662
2.13756,7.66106,86.8732,-0.689664,-0.479888,2.17527,-9.44425,-10.389,37.849,2.42105,-2.24649,119.628
0.75317,9.14076,82.1315,-14.6348,-10.9253,25.9595,-6.07683,-6.19562,47.2978,1.03764,-1.5579,103.153
1.06726,9.08114,81.6065,-16.5756,-21.0011,46.6038,-8.13184,-7.81553,58.8924,0.797621,-0.956683,101.373
-0.281807,9.05753,67.0993,-3.67463,-10.5626,56.1808,-6.09198,-5.67584,68.7714,-1.14492,-0.880878,69.7103
0.192848,8.85062,62.3056,-1.60357,-9.08258,60.6307,-5.9413,-5.72395,70.5571,-0.584364,-0.347974,68.8482
-0.913333,7.13669,45.6663,-0.241411,-0.541477,65.6582,-1.92812,-0.79307,90.9425,-4.14229,-4.55348,17.8616
-0.971108,7.12335,42.1435,-0.308421,-0.73633,67.6434,-1.81109,-0.452185,91.5531,-3.14728,-3.08757,12.944
-2.22189,5.94866,37.365,-0.0881769,4.40911,70.7595,1.85549,4.81729,106.034,-1.86062,-2.56345,5.66559
-2.58816,5.63056,36.0498,-0.173798,4.07782,71.726,2.28219,4.84563,105.826,-0.575764,-0.822742,2.40715
-3.07796,4.75525,38.0277,-0.304401,3.46477,73.8809,2.71352,8.64483,107.675,-0.310879,-0.451156,1.45222
-3.40248,4.10202,37.7091,-0.373099,3.10772,74.6529,3.01736,8.7058,107.714,-0.168702,-0.247289,0.999151
-3.94683,1.87723,33.4829,0.0221931,0.251607,78.7087,2.25154,10.1593,107.344,-0.11581,-0.167622,0.776481
-4.2602,1.25789,31.1334,0.066652,-0.0095747,79.3711,2.45696,10.2445,107.804,-0.0811877,-0.115525,0.641434
-5.54511,-3.60041,18.5292,1.12421,-2.39224,85.9796,2.12172,9.90398,109.45,-0.0640713,-0.0901228,0.560634
-5.01342,-3.38279,14.9307,1.15169,-2.54382,86.9602,2.27433,10.043,110.023,-0.0509719,-0.0704282,0.502356
-5.08156,-5.44897,11.8201,2.21853,-3.34478,95.0616,1.9993,8.69602,113.792,-0.0440341,-0.0601038,0.46899
-2.50274,-2.6983,6.44967,2.18382,-3.1881,95.8048,2.16693,8.95804,114.12,-0.0385505,-0.0513161,0.441139
-2.14204,-2.55149,5.26228,2.79548,-2.98583,104.491,1.30307,6.63331,118.259,-0.0359427,-0.0465837,0.431384
-0.969411,-1.17285,2.81296,2.80602,-2.57355,104.666,1.53777,7.00865,118.295,-0.0341803,-0.0426157,0.42324
-0.747527,-0.920184,2.21639,2.57735,-1.39004,107.19,0.231025,4.73844,122.236,-0.0351803,-0.04021,0.437839
-0.484105,-0.607773,1.63411,2.75044,-1.06741,107.435,0.477708,5.19368,122.021,-0.0368418,-0.0402894,0.453678
-0.406169,-0.50891,1.41153,2.44419,0.346415,104.776,-0.927952,3.1276,123.708,-0.0432121,-0.0411925,0.503023
-0.312161,-0.39447,1.1906,2.70636,0.614658,104.996,-0.709222,3.66294,123.546,-0.0513827,-0.0465534,0.559483
-0.27876,-0.348098,1.09883,2.58968,1.30966,100.492,-2.04433,1.84856,122.874,-0.0727128,-0.0546616,0.686691
-0.23986,-0.29901,1.00269,2.91304,1.50966,100.76,-1.86406,2.42888,123.04,-0.108892,-0.0774188,0.867672
-0.233401,-0.288551,1.01748,3.18457,1.33447,95.5554,-2.97227,1.69898,121.118,-0.221921,-0.126491,1.31275
-0.248967,-0.305773,1.07004,3.54605,1.44602,95.9951,-2.81693,2.27936,121.658,-0.658047,-0.367604,2.48585
-0.339564,-0.420847,1.3981,4.32396,0.953166,89.9819,-3.25929,2.5843,115.486,-5.88527,-3.55975,12.1425
-0.727115,-0.88474,2.33752,4.69089,0.953344,90.7706,-2.87588,2.90601,116.278,-11.3806,-12.9167,30.9525
-6.50606,-7.79485,14.3789,5.6585,0.592786,82.5192,-2.99477,3.18888,98.3179,-2.78371,-9.18629,34.2832
-17.7903,-19.8096,37.3844,5.62062,0.904494,82.9719,-2.6259,3.42842,98.0358,-1.52441,-10.2139,44.5696
-12.0784,-9.50441,45.7408,5.42379,-1.20797,67.9479,-4.19965,0.18416,61.8787,0.345092,-10.9192,61.0194
-9.83383,-3.31482,59.7281,5.04181,0.0991197,63.8429,-3.91973,1.08678,62.2902,0.0533308,-11.2327,64.9262
-1.62069,2.38976,59.7254,4.64324,-2.31817,43.5,-4.59327,-3.57781,13.6493,0.793426,-11.5831,107.634
-1.43097,2.46785,60.5171,4.9177,-2.02366,40.904,-2.58089,-1.75354,8.38638,1.02389,-11.2157,108.187
2.35691,4.16599,70.2053,4.39156,-3.24943,35.5631,-1.13554,-1.05268,3.20441,3.19861,-7.80512,127.473
2.20489,3.94023,71.0686,4.2289,-3.41996,34.3364,-0.371748,-0.337105,1.49899,3.16553,-6.9842,126.606
3.78232,5.44513,78.9731,2.6227,-3.31556,31.8005,-0.202794,-0.185829,0.930179,4.71897,-2.98682,122.637
3.62698,5.36216,79.3782,2.1639,-3.52417,31.0216,-0.111016,-0.100004,0.661117,4.71344,-2.50145,122.573
3.88636,6.83099,85.2387,0.485968,-3.74838,28.0751,-0.0744228,-0.0664697,0.511579,5.09468,-0.442379,116.021
3.85541,6.86166,85.345,0.0141425,-3.95575,26.6994,-0.0490788,-0.0434725,0.421169,5.19527,-0.13958,116.389
3.51736,7.88053,90.194,-1.5191,-4.78848,22.9581,-0.0354118,-0.0313875,0.363557,5.31906,0.486976,115.619
3.58853,7.98474,90.219,-2.01758,-4.96269,20.3441,-0.0257425,-0.0230224,0.324444,5.598,0.734148,115.97
3.29233,8.50437,95.552,-3.60456,-5.89089,15.2337,-0.0196775,-0.0181552,0.299456,5.93807,1.38222,119.974
3.57997,8.65744,95.1071,-3.15581,-5.17693,12.7072,-0.0154165,-0.0147027,0.280829,6.36611,1.77172,119.739
3.76245,8.36439,99.9153,-3.63034,-5.24997,10.4226,-0.0125603,-0.0130169,0.271583,6.40602,3.01706,124.661
3.92467,8.49522,100.098,-2.05781,-2.96995,6.38282,-0.0108059,-0.0117701,0.263751,6.73379,3.48339,123.852
4.65084,7.56753,103.653,-1.62367,-2.17454,4.53438,-0.00950396,-0.0118627,0.264376,4.80887,4.17542,123.413
4.94022,7.76856,103.367,-0.785373,-1.04222,2.57111,-0.00896051,-0.011873,0.264956,5.18887,4.65042,122.952
5.82893,6.84776,101.712,-0.536637,-0.692084,1.80547,-0.0082095,-0.0133221,0.276918,3.5063,4.07355,122.729
6.09543,7.11938,101.477,-0.3109,-0.396418,1.24661,-0.00857435,-0.0144923,0.288073,3.99412,4.50385,122.423
6.48001,6.20356,95.3316,-0.220225,-0.279587,0.981723,-0.00807388,-0.0176469,0.316185,3.24618,3.19145,121.669
6.63825,6.51852,95.6388,-0.154332,-0.193529,0.800599,-0.00944583,-0.0205927,0.34476,3.82679,3.54357,121.568
6.33221,5.95848,89.0062,-0.123455,-0.154144,0.711427,-0.00880332,-0.0275738,0.40599,3.71182,1.94841,119.224
6.42417,6.30122,89.7552,-0.100975,-0.123684,0.644314,-0.0120634,-0.0359895,0.477877,4.38282,2.21891,119.579
5.34977,5.75981,84.7989,-0.0926942,-0.110111,0.642278,-0.0107111,-0.0546073,0.620383,3.98696,0.670087,118.877
5.4793,6.05336,85.5659,-0.0924834,-0.105696,0.656002,-0.0180267,-0.0863373,0.820741,4.73273,0.886906,119.675
-1.11281,-1.23751,3.00789,6.08179,2.3788,84.274,-3.42033,3.19635,123.139,-5.6016,-3.96487,12.5013
-2.83081,-2.98845,6.30419,6.9572,0.400022,87.1124,-2.4542,4.39017,100.243,-10.7486,-12.8416,35.503
-5.34664,-5.45233,10.8406,7.69567,1.05262,83.722,-1.74767,3.84354,100.769,-6.09463,-16.5005,58.4081
-10.5245,-10.7098,20.9861,6.94164,-0.9876,65.6736,-4.17433,0.344213,63.0177,-1.09683,-13.0431,69.1887
-21.656,-20.2123,53.0742,6.1822,0.826213,60.7752,-3.95223,1.71897,63.3098,-0.555019,-11.8782,69.7996
-11.3446,-6.58906,87.2068,4.4432,-1.32886,40.3185,-5.43853,-3.89503,14.4963,1.102,-10.7802,111.102
-4.21087,-0.476716,65.9899,5.16554,-1.56939,38.6325,-3.05457,-1.94959,8.84184,1.32642,-10.4613,111.483
0.64796,2.0721,70.9078,4.59058,-3.04031,34.3926,-1.39525,-1.25364,3.61069,3.9776,-6.60849,129.387
0.541484,1.95711,71.745,4.43609,-3.2256,33.2751,-0.442494,-0.390383,1.62012,4.04188,-5.70636,128.422
1.95705,3.26341,80.1143,2.78759,-3.0476,30.928,-0.239347,-0.214996,0.988332,5.74535,-1.71632,124.673
1.86646,3.26417,80.2989,2.33783,-3.23075,30.1519,-0.127328,-0.112359,0.685658,5.8096,-1.11927,124.498
1.96127,4.58705,86.1749,0.594405,-3.49243,27.076,-0.083836,-0.0733452,0.525104,6.20857,0.856675,118.198
1.98648,4.68713,86.13,0.106573,-3.69328,25.5295,-0.0548018,-0.0474654,0.42858,6.40347,1.26418,118.386
1.72181,5.64636,90.4532,-1.46876,-4.58529,21.7757,-0.0392241,-0.033909,0.36709,6.68554,2.11938,117.79
1.81947,5.79194,90.4315,-2.05142,-4.77657,18.8647,-0.0283433,-0.0246317,0.325172,7.03682,2.44771,117.959
1.46511,6.07159,95.5779,-3.66358,-5.62261,14.2014,-0.0215824,-0.019259,0.298371,7.52234,3.1511,121.905
1.79455,6.26476,95.0207,-3.138,-4.77311,11.4956,-0.0169234,-0.015527,0.278228,8.00735,3.60081,121.484
1.98643,5.94995,99.4819,-3.64795,-4.94824,9.84631,-0.0138554,-0.0136739,0.267595,8.13855,5.08926,125.574
2.18857,6.11001,99.5023,-2.05924,-2.76716,5.97416,-0.0119576,-0.0122939,0.258342,8.51178,5.58452,124.675
2.99123,5.18831,102.976,-1.71339,-2.15035,4.48079,-0.0106489,-0.0123122,0.257183,6.57797,6.46955,123.977
3.30353,5.41354,102.559,-0.833501,-1.03294,2.52164,-0.0100549,-0.0122189,0.255932,6.99911,6.96247,123.457
4.18349,4.51915,100.596,-0.575358,-0.694931,1.78724,-0.00948991,-0.0137301,0.265568,5.31418,6.29314,123.224
4.43254,4.80168,100.307,-0.332859,-0.396323,1.21917,-0.00993154,-0.0148489,0.27435,5.83444,6.72188,122.869
4.86417,4.0058,94.1019,-0.233367,-0.2764,0.949284,-0.0100723,-0.0182635,0.298328,5.19918,5.45974,122.326
4.97604,4.30692,94.398,-0.161856,-0.18879,0.762004,-0.0117825,-0.0212339,0.322556,5.80794,5.80139,122.168
4.70074,3.81963,87.5466,-0.127403,-0.147293,0.665184,-0.0129682,-0.0292558,0.376181,5.67585,4.05227,119.74
4.71914,4.13737,88.3028,-0.102393,-0.11572,0.59023,-0.0178339,-0.0386665,0.44073,6.38239,4.30342,120.083
3.66791,3.71058,83.2549,-0.0925776,-0.100511,0.572019,-0.0232447,-0.0626581,0.573106,5.98068,2.70667,119.313
3.7074,4.01066,84.2305,-0.0894284,-0.0930827,0.563901,-0.0422491,-0.108104,0.782408,6.80586,2.92507,120.06
3.09794,4.97049,83.9189,-0.105381,-0.0996883,0.639829,-0.0802446,-0.258888,1.30619,6.28844,1.99811,121.991
3.19254,5.26637,84.5971,-0.140772,-0.127373,0.756967,-0.433569,-1.29096,3.4472,7.13364,2.32254,122.797
2.72748,7.45762,86.0168,-0.293385,-0.227192,1.18339,-9.53412,-19.3237,32.8829,5.97465,2.1125,119.174
2.94697,7.67617,86.4884,-1.22012,-0.915422,2.99416,-11.7017,-12.9823,36.1066,6.91198,2.47866,120.342
1.69505,9.10421,81.2314,-20.1679,-17.1474,35.6145,-9.30481,-9.11574,50.4549,5.00222,2.69556,103.544
1.70158,9.27602,81.5813,-16.2353,-19.0733,37.8659,-11.0599,-10.2709,61.5895,4.70834,3.29628,101.878
0.577096,9.19206,65.832,-7.57215,-14.1738,56.3504,-8.50742,-7.71432,69.9111,1.86803,2.11115,70.4497
1.11548,8.98284,60.6381,-3.21543,-12.2296,65.9917,-8.23851,-7.63205,71.55,2.51105,2.77665,69.3732
-0.32925,7.26876,44.5324,-0.990615,-1.52628,64.6686,-4.72467,-3.20927,92.4246,-4.05159,-4.24135,17.4485
-0.432008,7.29737,41.2291,-0.909198,-1.35538,65.7159,-4.47329,-2.75402,92.9325,-3.07392,-2.85406,12.3802
-1.5845,6.2841,37.1585,-0.82071,3.72841,68.3847,-0.999571,2.30301,106.976,-2.48591,-3.22602,6.76704
-1.94565,5.99969,36.0672,-0.907732,3.39167,69.5534,-0.452965,2.44168,106.714,-0.758594,-1.0212,2.7355
-2.18694,5.46353,39.0066,-1.18485,2.71339,71.2105,0.0471199,6.45956,108.583,-0.431652,-0.586517,1.68005
-2.4843,4.8448,38.9395,-1.23802,2.36602,72.1092,0.443074,6.61303,108.596,-0.234452,-0.320605,1.13043
-3.02342,2.72672,35.0059,-0.861781,-0.643126,76.0931,-0.197988,8.30662,108.322,-0.163211,-0.220082,0.876117
-3.38472,2.09317,32.5379,-0.787165,-0.913421,76.8777,0.0841484,8.47155,108.727,-0.115248,-0.152694,0.717959
-5.26053,-3.24735,18.914,0.239416,-3.50485,84.1027,-0.330747,8.106,110.589,-0.091263,-0.119803,0.625668
-4.89622,-3.30029,14.8277,0.33361,-3.67346,85.1643,-0.101773,8.30795,111.136,-0.0727174,-0.0940673,0.55773
-5.15932,-5.47478,11.8268,1.47566,-4.39689,93.3711,-0.301784,6.94898,114.816,-0.0624621,-0.0802787,0.518689
-2.55391,-2.70051,6.41235,1.5028,-4.10847,93.897,-0.0537912,7.32468,115.167,-0.0543545,-0.0684845,0.4854
-2.34348,-2.72571,5.54609,2.31638,-3.83933,102.807,-0.970952,5.07276,119.514,-0.0500942,-0.0620151,0.472803
-1.07022,-1.25394,2.93606,2.37003,-3.35757,102.947,-0.664851,5.54003,119.515,-0.0472438,-0.0566751,0.461747
-0.858942,-1.01923,2.37464,2.25947,-2.03221,105.747,-1.97069,3.30919,123.162,-0.047946,-0.0538658,0.475997
-0.561196,-0.674122,1.73939,2.46538,-1.68623,106.045,-1.65862,3.82814,122.932,-0.0498401,-0.0542173,0.490784
-0.480241,-0.574177,1.51844,2.27972,-0.0738898,103.853,-3.02375,1.74138,124.448,-0.0576611,-0.0563294,0.542592
-0.371845,-0.446168,1.27596,2.56881,0.199397,104.129,-2.75497,2.32473,124.265,-0.0684002,-0.0643434,0.601606
-0.333916,-0.394942,1.17743,2.6595,1.03348,99.9416,-4.04767,0.567781,123.257,-0.0964723,-0.0789463,0.738887
-0.286221,-0.336952,1.06632,3.00488,1.22804,100.273,-3.83565,1.17872,123.411,-0.145544,-0.115078,0.936383
-0.278235,-0.322942,1.07405,3.37526,1.1982,95.2204,-4.75073,0.432985,121.092,-0.30587,-0.208801,1.44591
-0.294096,-0.338335,1.12163,3.75308,1.29639,95.737,-4.57988,1.02631,121.622,-0.990347,-0.679406,2.97813
-0.405278,-0.466073,1.46664,4.633,0.847536,89.8405,-4.86689,1.39152,115.287,-8.54837,-6.5811,16.4917
-0.878096,-0.990864,2.51168,5.01663,0.826696,90.7387,-4.58592,1.7731,116.202,-11.4184,-13.1213,28.0001
-7.5312,-8.30722,15.5071,6.09583,0.60421,82.7115,-4.52373,2.33808,98.0268,-4.33831,-9.6962,30.3909
-17.9419,-18.7076,35.3919,6.1456,0.791285,83.3154,-4.0359,2.42664,97.7171,-2.54515,-11.6627,45.7605
-15.4267,-12.8569,46.2933,5.64427,-0.987816,66.021,-5.10588,-0.203935,60.6951,-0.188049,-11.7137,63.4329
-12.6552,-5.28809,66.4682,5.20757,0.422863,61.7693,-4.86743,0.73231,61.062,-0.309269,-11.5463,66.1883
-2.81609,1.52562,61.3871,4.83824,-2.29723,42.9836,-4.56286,-3.41157,13.2415,0.208649,-12.26,107.767
-2.3528,1.83916,60.7864,5.13656,-2.09104,40.7373,-2.48823,-1.62498,7.99503,0.401733,-11.928,108.354
1.26846,3.43613,70.2593,4.57092,-3.29362,35.9432,-1.03809,-0.931543,3.00207,2.43068,-8.77877,126.695
1.12533,3.21445,71.0162,4.39211,-3.46868,34.7778,-0.350291,-0.307954,1.45074,2.37743,-7.98281,125.962
2.56357,4.49659,79.2066,2.76681,-3.26802,32.4084,-0.19031,-0.170206,0.892555,3.96128,-4.06338,122.542
2.41609,4.42141,79.4427,2.29627,-3.46776,31.5995,-0.102371,-0.0899195,0.631444,3.89167,-3.58406,122.563
2.48019,5.67176,85.5635,0.535539,-3.64155,28.3267,-0.0678594,-0.0591244,0.487803,4.27692,-1.57169,116.492
2.45289,5.70054,85.5614,0.0620817,-3.83082,26.8245,-0.044534,-0.0384834,0.401732,4.3533,-1.28496,116.843
2.11589,6.63413,90.1895,-1.5281,-4.73404,22.8266,-0.031949,-0.0276577,0.346744,4.4243,-0.586371,116.373
2.17595,6.72173,90.1607,-2.01781,-4.89771,20.211,-0.023104,-0.0202145,0.309374,4.67272,-0.364312,116.692
1.82781,7.04269,95.077,-3.6517,-5.82185,15.2056,-0.0175415,-0.0159014,0.285554,4.87075,0.122622,120.649
2.0829,7.16465,94.6423,-3.22018,-5.10483,12.6696,-0.0136677,-0.0128604,0.267769,5.26741,0.472434,120.402
2.0902,6.81115,99.4867,-3.65014,-5.09349,10.2642,-0.011084,-0.0114292,0.258765,5.25366,1.63316,125.021
2.1917,6.89963,99.6389,-2.0512,-2.82454,6.20956,-0.00948061,-0.0103184,0.25103,5.54061,2.05411,124.235
2.77577,5.93098,102.973,-1.57351,-2.01656,4.31985,-0.00833922,-0.0104703,0.250968,3.60068,2.72853,123.576
3.01175,6.08058,102.66,-0.754562,-0.952381,2.4342,-0.0078054,-0.0104522,0.250901,3.93289,3.13655,123.159
3.88482,5.23512,101.207,-0.501361,-0.616599,1.68099,-0.00717061,-0.0118528,0.261001,2.1747,2.58447,122.804
4.08113,5.4449,100.923,-0.28794,-0.34886,1.15612,-0.00739873,-0.0128349,0.270426,2.60306,2.93369,122.538
4.47774,4.61075,94.8124,-0.200078,-0.241459,0.899773,-0.0070373,-0.0158017,0.294806,1.88995,1.59101,121.963
4.53764,4.84434,95.0891,-0.13791,-0.163993,0.725883,-0.00809921,-0.0183386,0.319868,2.39893,1.84531,121.874
4.31287,4.3324,88.46,-0.107866,-0.127266,0.63426,-0.00768588,-0.0249438,0.373796,2.27985,0.196068,119.636
4.27584,4.57859,89.1844,-0.0861382,-0.0993799,0.564116,-0.0102497,-0.0326273,0.439112,2.85988,0.343306,119.991
3.2503,4.13249,84.1597,-0.0771668,-0.0852698,0.546086,-0.00936753,-0.0515891,0.572403,2.37097,-1.28334,118.952
3.22926,4.35839,85.0937,-0.0736868,-0.0778545,0.537236,-0.0155949,-0.0874868,0.782825,3.04365,-1.19381,119.707
2.51486,5.16362,84.5136,-0.0846776,-0.0799227,0.604558,-0.00312337,-0.200887,1.30509,2.31191,-2.41539,121.461
2.53799,5.37715,85.1614,-0.10964,-0.0980748,0.705262,-0.000692169,-0.929275,3.21234,2.98158,-2.24231,122.272
1.99764,7.55806,86.3927,-0.210526,-0.154774,1.05457,-3.22496,-14.4768,28.3849,1.80396,-2.49742,118.662
2.13669,7.65886,86.8731,-0.689702,-0.479949,2.17534,-9.44368,-10.3877,37.8461,2.42099,-2.24557,119.627
0.752373,9.13869,82.1315,-14.6347,-10.926,25.9598,-6.07642,-6.19518,47.296,1.03757,-1.55709,103.153
1.06639,9.07907,81.6066,-16.5759,-21.001,46.6021,-8.13187,-7.81556,58.8923,0.797487,-0.955873,101.373
-0.28249,9.05586,67.0993,-3.67511,-10.5628,56.1812,-6.09203,-5.67584,68.7713,-1.14506,-0.880275,69.7096
0.192203,8.84904,62.3056,-1.60369,-9.08256,60.6315,-5.9413,-5.7239,70.5568,-0.584438,-0.347472,68.8484
-0.913851,7.13547,45.6665,-0.241546,-0.541324,65.6584,-1.92788,-0.793146,90.9414,-4.14178,-4.55362,17.8684
-0.971517,7.12218,42.1438,-0.308421,-0.736128,67.6435,-1.81084,-0.45234,91.5523,-3.14773,-3.08798,12.9521
-2.22217,5.9477,37.3651,-0.0880686,4.40952,70.7594,1.85556,4.81728,106.033,-1.8615,-2.56479,5.66804
-2.58841,5.62964,36.0497,-0.173671,4.07825,71.726,2.28225,4.84562,105.826,-0.575938,-0.823012,2.40777
-3.07824,4.75423,38.0277,-0.304274,3.4652,73.8809,2.71356,8.64485,107.675,-0.310965,-0.451286,1.45252
-3.40276,4.10102,37.709,-0.372984,3.10813,74.6528,3.01737,8.70581,107.713,-0.168743,-0.24735,0.999315
-3.94708,1.87634,33.4828,0.0223054,0.252015,78.7087,2.25154,10.1593,107.344,-0.115838,-0.167661,0.776595
-4.2604,1.25715,31.134,0.0667317,-0.00913015,79.3711,2.45693,10.2445,107.804,-0.0812074,-0.115552,0.641521
-5.54529,-3.60055,18.5303,1.12428,-2.39173,85.9796,2.12168,9.90401,109.45,-0.0640873,-0.0901436,0.560707
-5.0137,-3.38293,14.9312,1.15181,-2.54351,86.9605,2.27429,10.0429,110.023,-0.0509849,-0.0704448,0.50242
-5.08094,-5.44802,11.8183,2.21875,-3.34485,95.0626,1.9993,8.6957,113.791,-0.0440458,-0.0601186,0.46905
-2.50092,-2.69624,6.4458,2.18401,-3.18858,95.8065,2.16692,8.95747,114.12,-0.0385611,-0.0513296,0.441195
-2.13916,-2.548,5.25639,2.79565,-2.98625,104.493,1.30305,6.63272,118.259,-0.035953,-0.0465968,0.43144
-0.968273,-1.17144,2.8105,2.80612,-2.57347,104.667,1.5377,7.00836,118.294,-0.0341905,-0.0426284,0.423295
-0.746619,-0.919041,2.21442,2.57746,-1.38974,107.19,0.230924,4.73825,122.235,-0.0351913,-0.0402229,0.437899
-0.483604,-0.607126,1.63296,2.75054,-1.06698,107.435,0.477585,5.19359,122.02,-0.0368543,-0.0403037,0.453744
-0.40578,-0.508408,1.41063,2.44429,0.346877,104.776,-0.928098,3.12754,123.707,-0.0432282,-0.0412093,0.503104
-0.311907,-0.394138,1.19,2.70646,0.615143,104.996,-0.709387,3.66292,123.545,-0.0514045,-0.0465757,0.559586
-0.278562,-0.347842,1.09835,2.58977,1.31013,100.492,-2.04451,1.84855,122.874,-0.0727503,-0.054695,0.686847
-0.239721,-0.298828,1.00235,2.91314,1.51013,100.76,-1.86426,2.4289,123.04,-0.108963,-0.0774804,0.867929
-0.233288,-0.288405,1.0172,3.18466,1.33492,95.5553,-2.97249,1.69901,121.117,-0.222135,-0.126647,1.31336
-0.248873,-0.305651,1.06982,3.54615,1.44646,95.9949,-2.81716,2.2794,121.658,-0.659164,-0.368383,2.48819
-0.339467,-0.420721,1.39789,4.32408,0.953633,89.9816,-3.25922,2.58419,115.485,-5.90001,-3.5726,12.1691
-0.72703,-0.88462,2.33736,4.69105,0.953611,90.7706,-2.87591,2.90584,116.278,-11.3751,-12.9205,30.9544
-6.50838,-7.79732,14.3834,5.65856,0.593238,82.519,-2.9952,3.18913,98.3179,-2.77854,-9.17983,34.2662
-17.7937,-19.8121,37.3913,5.62058,0.905019,82.9715,-2.62625,3.42861,98.0357,-1.52304,-10.2119,44.5634
-12.0773,-9.50115,45.7462,5.42378,-1.20761,67.9477,-4.19976,0.184167,61.8784,0.3452,-10.9196,61.0203
-9.83196,-3.31326,59.722,5.04204,0.099141,63.8432,-3.91983,1.08664,62.2902,0.053437,-11.2328,64.9265
-1.62041,2.38989,59.724,4.64331,-2.31809,43.5001,-4.59341,-3.57787,13.6501,0.79369,-11.5829,107.634
-1.43104,2.46767,60.5172,4.91774,-2.02352,40.904,-2.58112,-1.75366,8.38723,1.02416,-11.2155,108.186
2.35685,4.1658,70.2053,4.39161,-3.24929,35.5631,-1.13563,-1.05278,3.20462,3.19893,-7.80492,127.472
2.20486,3.94005,71.0685,4.22896,-3.41983,34.3364,-0.371764,-0.337125,1.49905,3.16583,-6.984,126.606
3.78227,5.44494,78.9731,2.62275,-3.31544,31.8005,-0.2028,-0.185839,0.930205,4.71924,-2.98661,122.637
3.62694,5.36197,79.3782,2.16395,-3.52406,31.0216,-0.111019,-0.100008,0.661131,4.7137,-2.50125,122.573
3.8863,6.83076,85.2387,0.486022,-3.74829,28.0751,-0.0744243,-0.0664723,0.511587,5.09492,-0.442189,116.021
3.85535,6.86143,85.3449,0.0141961,-3.95568,26.6993,-0.0490796,-0.0434741,0.421175,5.1955,-0.139395,116.389
3.5173,7.88027,90.194,-1.51904,-4.78843,22.9581,-0.0354123,-0.0313886,0.363561,5.31928,0.487154,115.619
3.58846,7.98448,90.2189,-2.01752,-4.96265,20.3441,-0.0257429,-0.0230231,0.324448,5.59821,0.734321,115.97
3.29226,8.50409,95.552,-3.6045,-5.8909,15.2336,-0.0196777,-0.0181557,0.299459,5.93829,1.38239,119.974
3.57989,8.65715,95.1071,-3.15574,-5.17692,12.7071,-0.0154166,-0.0147031,0.280832,6.36632,1.77189,119.739
3.76236,8.36407,99.9153,-3.63022,-5.2499,10.4224,-0.0125604,-0.0130172,0.271586,6.40622,3.01723,124.661
3.92458,8.4949,100.098,-2.05768,-2.96981,6.38256,-0.010806,-0.0117704,0.263754,6.73399,3.48354,123.852
4.65076,7.56719,103.653,-1.62356,-2.17442,4.53416,-0.00950402,-0.011863,0.264379,4.80907,4.17555,123.413
4.94016,7.76821,103.367,-0.785329,-1.04217,2.57103,-0.00896057,-0.0118732,0.264958,5.18907,4.65055,122.951
5.82888,6.84742,101.712,-0.536613,-0.692063,1.80542,-0.00820952,-0.0133224,0.27692,3.50651,4.07366,122.729
6.09538,7.11903,101.477,-0.310888,-0.396409,1.24659,-0.00857436,-0.0144926,0.288075,3.99433,4.50395,122.423
6.47997,6.20322,95.3315,-0.220218,-0.279582,0.981709,-0.00807384,-0.0176472,0.316187,3.24639,3.19154,121.669
6.63821,6.51817,95.6388,-0.154327,-0.193527,0.80059,-0.0094458,-0.0205931,0.344762,3.82701,3.54365,121.567
6.33217,5.95814,89.0062,-0.123452,-0.154142,0.71142,-0.00880318,-0.0275743,0.405993,3.71204,1.94847,119.224
6.42414,6.30087,89.7551,-0.100973,-0.123683,0.644308,-0.0120632,-0.0359903,0.477882,4.38305,2.21897,119.578
5.34974,5.75946,84.7989,-0.0926918,-0.110109,0.642272,-0.0107108,-0.0546087,0.620391,3.9872,0.670121,118.877
5.47926,6.053,85.5659,-0.092481,-0.105695,0.655996,-0.0180263,-0.08634,0.820754,4.73297,0.886947,119.675
-1.11246,-1.23713,3.00719,6.0823,2.37825,84.2771,-3.42013,3.19651,123.139,-5.60196,-3.96462,12.5023
-2.82734,-2.98485,6.29772,6.95781,0.399369,87.1157,-2.45387,4.3902,100.242,-10.7472,-12.8418,35.5102
-5.33867,-5.44429,10.8259,7.69652,1.05196,83.7251,-1.74736,3.84362,100.769,-6.09259,-16.4987,58.4079
-10.5175,-10.7029,20.9719,6.9425,-0.98812,65.6763,-4.17412,0.344441,63.0183,-1.09582,-13.0413,69.1851
-21.6611,-20.2231,53.0522,6.18319,0.825644,60.778,-3.95206,1.71927,63.3105,-0.554333,-11.8774,69.7986
-11.3542,-6.59899,87.2204,4.44335,-1.32843,40.3194,-5.43843,-3.89476,14.4959,1.10272,-10.7789,111.101
-4.2149,-0.480088,66.0012,5.16572,-1.56898,38.6333,-3.05448,-1.94942,8.84151,1.32702,-10.46,111.482
0.646312,2.07045,70.9092,4.59096,-3.04016,34.3937,-1.39522,-1.2536,3.61062,3.97821,-6.60725,129.386
0.540105,1.95568,71.7454,4.43649,-3.2255,33.2763,-0.442491,-0.390377,1.6201,4.04249,-5.70516,128.421
1.95548,3.26171,80.1149,2.78797,-3.04748,30.929,-0.239346,-0.214994,0.988326,5.74594,-1.71515,124.673
1.86491,3.26246,80.2994,2.33822,-3.23063,30.1528,-0.127327,-0.112358,0.685655,5.8102,-1.11811,124.497
1.95964,4.58518,86.1753,0.59477,-3.49231,27.0768,-0.0838359,-0.0733452,0.525102,6.20915,0.857786,118.198
1.9849,4.68526,86.1304,0.106957,-3.69318,25.5304,-0.0548017,-0.0474654,0.428578,6.40405,1.26528,118.385
1.72016,5.64437,90.4535,-1.46843,-4.5852,21.7763,-0.0392241,-0.033909,0.367088,6.68612,2.12045,117.79
1.81784,5.78994,90.4318,-2.0512,-4.77646,18.8649,-0.0283433,-0.0246316,0.325171,7.03739,2.44876,117.958
1.46341,6.06941,95.5781,-3.66353,-5.6225,14.2013,-0.0215824,-0.0192589,0.298369,7.52295,3.15215,121.905
1.79301,6.26259,95.0205,-3.13812,-4.77321,11.4962,-0.0169233,-0.0155269,0.278227,8.00802,3.60185,121.484
1.98497,5.94765,99.4813,-3.64884,-4.94936,9.84842,-0.0138552,-0.0136737,0.267593,8.13933,5.09032,125.573
2.18721,6.10773,99.5015,-2.06043,-2.76873,5.97694,-0.0119574,-0.0122937,0.258341,8.5126,5.58557,124.675
2.98971,5.18586,102.975,-1.71476,-2.15205,4.48368,-0.0106487,-0.0123118,0.257182,6.57874,6.47054,123.977
3.30185,5.41102,102.559,-0.834029,-1.03359,2.5228,-0.0100546,-0.0122185,0.255931,6.99976,6.96339,123.457
4.1818,4.51662,100.596,-0.575678,-0.695309,1.78793,-0.00948959,-0.0137295,0.265567,5.3148,6.29401,123.224
4.43084,4.79911,100.307,-0.333001,-0.396487,1.2195,-0.00993117,-0.0148482,0.274349,5.83501,6.72271,122.869
4.86258,4.00336,94.1018,-0.233449,-0.276495,0.949487,-0.0100718,-0.0182625,0.298327,5.19974,5.46053,122.326
4.97444,4.30443,94.3978,-0.161904,-0.188843,0.762128,-0.0117819,-0.0212328,0.322556,5.80848,5.80214,122.168
4.69926,3.81729,87.5464,-0.127434,-0.147328,0.665272,-0.0129673,-0.0292539,0.376181,5.67637,4.05296,119.74
4.71764,4.13497,88.3026,-0.102414,-0.115743,0.590293,-0.0178328,-0.0386639,0.44073,6.38289,4.30406,120.083
3.66649,3.70827,83.2546,-0.0925939,-0.100528,0.572071,-0.0232427,-0.0626532,0.573108,5.98116,2.70726,119.313
3.70595,4.00827,84.2302,-0.0894419,-0.0930966,0.563944,-0.0422454,-0.108096,0.782413,6.80633,2.92562,120.06
3.09648,4.96808,83.9185,-0.105395,-0.0997015,0.639874,-0.0802343,-0.258865,1.3062,6.28891,1.99861,121.991
3.19106,5.26389,84.5967,-0.140788,-0.127388,0.757017,-0.433519,-1.29085,3.44721,7.1341,2.32299,122.797
2.72595,7.45506,86.0163,-0.293417,-0.227218,1.18348,-9.53366,-19.3224,32.8828,5.97509,2.11288,119.174
2.94541,7.67353,86.4879,-1.22027,-0.915543,2.99446,-11.7012,-12.9804,36.1078,6.91238,2.479,120.342
1.69356,9.10173,81.2309,-20.1674,-17.1471,35.6139,-9.30345,-9.11364,50.4533,5.0026,2.69578,103.544
1.70002,9.27348,81.5808,-16.2338,-19.0716,37.8632,-11.0589,-10.2694,61.5883,4.70868,3.29645,101.878
0.575875,9.19005,65.8316,-7.57112,-14.1728,56.3486,-8.50677,-7.71307,69.9108,1.86828,2.11127,70.4497
1.11438,8.98094,60.6375,-3.21455,-12.229,65.9906,-8.23788,-7.63084,71.5499,2.5113,2.77674,69.3732
-0.330014,7.26746,44.5319,-0.989757,-1.52566,64.6677,-4.72395,-3.20774,92.4244,-4.05153,-4.24128,17.448
-0.432726,7.29613,41.2284,-0.90832,-1.35474,65.7149,-4.47259,-2.75253,92.9323,-3.0738,-2.854,12.3795
-1.58515,6.28299,37.1577,-0.819816,3.72911,68.3835,-0.998815,2.30469,106.976,-2.48577,-3.22585,6.76673
-1.9463,5.99858,36.0663,-0.906813,3.39237,69.5521,-0.452216,2.44333,106.714,-0.758558,-1.02117,2.73541
-2.18768,5.46225,39.0056,-1.1839,2.71412,71.2091,0.0478404,6.46119,108.582,-0.43163,-0.586496,1.67999
-2.48505,4.84352,38.9384,-1.23704,2.36677,72.1076,0.443785,6.61466,108.596,-0.234439,-0.320594,1.13039
-3.02411,2.7255,35.0043,-0.860709,-0.642404,76.0913,-0.1973,8.3082,108.322,-0.163201,-0.220074,0.876084
-3.38547,2.09166,32.5337,-0.786,-0.912893,76.8761,0.0848428,8.47303,108.727,-0.115239,-0.152688,0.71793
-5.26021,-3.24824,18.91,0.240664,-3.50434,84.1008,-0.330079,8.10751,110.589,-0.0912546,-0.119798,0.625639
-4.89539,-3.30036,14.8283,0.334616,-3.67196,85.1607,-0.10122,8.31,111.136,-0.0727098,-0.0940624,0.557701
-5.16242,-5.4786,11.835,1.47651,-4.39362,93.3642,-0.301346,6.95208,114.816,-0.0624547,-0.0802727,0.518659
-2.56319,-2.71016,6.43146,1.50377,-4.10331,93.8866,-0.0534469,7.32896,115.168,-0.0543473,-0.0684771,0.485371
-2.35913,-2.74367,5.57717,2.31756,-3.8342,102.796,-0.970626,5.07722,119.515,-0.0500867,-0.0620065,0.472775
-1.07681,-1.26155,2.94976,2.37139,-3.35497,102.941,-0.664453,5.54309,119.516,-0.0472367,-0.0566664,0.461722
-0.864641,-1.02595,2.38648,2.26077,-2.03096,105.743,-1.97027,3.31154,123.163,-0.047939,-0.053857,0.475973
-0.564394,-0.677957,1.74635,2.46662,-1.68593,106.043,-1.65823,3.8299,122.934,-0.0498334,-0.0542082,0.490762
-0.482817,-0.577262,1.52406,2.28084,-0.0739204,103.852,-3.02336,1.74291,124.45,-0.0576539,-0.0563193,0.542569
-0.37355,-0.448219,1.27981,2.56986,0.199162,104.128,-2.75462,2.32608,124.266,-0.0683925,-0.0643315,0.601585
-0.335284,-0.396561,1.18052,2.66043,1.0332,99.9411,-4.04733,0.569,123.258,-0.0964625,-0.0789299,0.738865
-0.287207,-0.338109,1.06859,3.00573,1.22772,100.273,-3.83534,1.17984,123.412,-0.145533,-0.115054,0.936363
-0.279089,-0.323919,1.07602,3.376,1.19789,95.2199,-4.75045,0.434008,121.092,-0.305855,-0.208753,1.4459
-0.294886,-0.339223,1.12343,3.75374,1.29609,95.7364,-4.57965,1.02728,121.622,-0.990393,-0.679294,2.97823
-0.406383,-0.467289,1.46907,4.63355,0.847299,89.8397,-4.86669,1.39238,115.287,-8.5498,-6.58106,16.4937
-0.880835,-0.993831,2.51713,5.01706,0.826564,90.7377,-4.58576,1.77398,116.202,-11.4185,-13.1207,28.0019
-7.54855,-8.32506,15.5389,6.09564,0.605046,82.7089,-4.52371,2.33928,98.0268,-4.33633,-9.69408,30.3917
-17.9262,-18.6882,35.3607,6.14664,0.790068,83.3159,-4.03564,2.42661,97.7174,-2.54402,-11.6609,45.7578
-15.4183,-12.8475,46.2659,5.64517,-0.988894,66.0216,-5.10565,-0.204067,60.6953,-0.187319,-11.7129,63.4316
-12.6545,-5.2872,66.4636,5.20797,0.422435,61.7688,-4.86732,0.732496,61.062,-0.30865,-11.5459,66.1883
-2.81632,1.52589,61.3888,4.83842,-2.29737,42.983,-4.56279,-3.41158,13.2414,0.209546,-12.2592,107.767
-2.35257,1.83975,60.7863,5.13675,-2.09124,40.7367,-2.48818,-1.62499,7.99499,0.402558,-11.9273,108.354
1.2688,3.43689,70.2587,4.57108,-3.29383,35.9428,-1.03807,-0.931551,3.00207,2.43158,-8.778,126.695
1.12562,3.21515,71.0158,4.39226,-3.46892,34.7775,-0.350286,-0.307957,1.45074,2.37827,-7.98209,125.962
2.56385,4.49734,79.2062,2.76694,-3.26826,32.4082,-0.190308,-0.170208,0.892555,3.96205,-4.0627,122.541
2.41634,4.42212,79.4424,2.29638,-3.46802,31.5992,-0.10237,-0.0899204,0.631444,3.89241,-3.58342,122.563
2.48044,5.67248,85.5632,0.535629,-3.6418,28.3265,-0.0678586,-0.0591249,0.487803,4.27759,-1.57111,116.492
2.4531,5.70123,85.5611,0.0621598,-3.83107,26.8242,-0.0445335,-0.0384837,0.401732,4.35395,-1.2844,116.842
2.1161,6.63483,90.1892,-1.52802,-4.73423,22.8264,-0.0319486,-0.027658,0.346744,4.42492,-0.58585,116.373
2.17615,6.72239,90.1604,-2.01772,-4.89787,20.2111,-0.0231037,-0.0202147,0.309374,4.67332,-0.363813,116.692
1.82801,7.04337,95.0767,-3.65163,-5.82194,15.2058,-0.0175413,-0.0159015,0.285554,4.87136,0.123113,120.649
2.0831,7.16529,94.642,-3.22018,-5.10496,12.6699,-0.0136676,-0.0128605,0.267769,5.268,0.4729,120.402
2.09039,6.8118,99.4865,-3.65018,-5.09357,10.2643,-0.0110839,-0.0114293,0.258765,5.25425,1.63362,125.021
2.19187,6.90025,99.6388,-2.0512,-2.82454,6.2096,-0.00948048,-0.0103185,0.25103,5.54117,2.05454,124.235
2.77594,5.93161,102.973,-1.57347,-2.01651,4.31978,-0.00833911,-0.0104704,0.250968,3.60122,2.72893,123.576
3.01192,6.0812,102.659,-0.754545,-0.952353,2.43416,-0.0078053,-0.0104523,0.250901,3.93342,3.13695,123.159
3.885,5.23574,101.207,-0.501348,-0.616578,1.68096,-0.00717053,-0.0118529,0.261001,2.17522,2.58485,122.804
4.08131,5.44551,100.923,-0.287933,-0.348848,1.1561,-0.00739866,-0.012835,0.270426,2.60357,2.93407,122.538
4.4779,4.61132,94.8123,-0.200074,-0.241451,0.899761,-0.00703725,-0.0158019,0.294807,1.89047,1.59138,121.963
4.5378,4.84491,95.0891,-0.137907,-0.163988,0.725875,-0.00809917,-0.0183388,0.319868,2.39944,1.84568,121.874
4.31302,4.33293,88.46,-0.107864,-0.127263,0.634253,-0.00768588,-0.0249441,0.373796,2.28036,0.19643,119.636
4.27599,4.57913,89.1844,-0.0861369,-0.0993773,0.564111,-0.0102497,-0.0326276,0.439113,2.86039,0.343672,119.991
3.25045,4.133,84.1596,-0.0771658,-0.0852678,0.546081,-0.00936771,-0.0515897,0.572404,2.37148,-1.28298,118.952
3.22941,4.35891,85.0937,-0.0736861,-0.0778528,0.537232,-0.0155954,-0.0874881,0.782828,3.04417,-1.19344,119.707
2.51501,5.16414,84.5136,-0.084677,-0.0799212,0.604553,-0.00312493,-0.200891,1.3051,2.31246,-2.41501,121.461
2.53813,5.37768,85.1613,-0.109639,-0.0980729,0.705256,-0.00070264,-0.929315,3.21241,2.98213,-2.24191,122.272
1.99778,7.55861,86.3927,-0.210525,-0.154771,1.05456,-3.22531,-14.4773,28.3857,1.80451,-2.49702,118.662
2.13683,7.65943,86.8731,-0.689692,-0.479934,2.1753,-9.44359,-10.3876,37.8457,2.42156,-2.24516,119.627
0.752487,9.13923,82.1315,-14.6346,-10.9256,25.9592,-6.07637,-6.19518,47.2957,1.03807,-1.55674,103.153
1.06653,9.07963,81.6066,-16.5764,-21.0012,46.6018,-8.13188,-7.81564,58.8923,0.798013,-0.955515,101.373
-0.282365,9.0563,67.0993,-3.67535,-10.5633,56.1814,-6.09205,-5.6759,68.7714,-1.14468,-0.880039,69.7098
0.192332,8.84947,62.3055,-1.60374,-9.0829,60.6317,-5.94132,-5.72396,70.5568,-0.58407,-0.347186,68.8483
-0.91374,7.13581,45.6664,-0.241546,-0.541503,65.6583,-1.92801,-0.793142,90.9417,-4.14192,-4.55354,17.866
-0.971435,7.12251,42.1437,-0.308448,-0.736298,67.6433,-1.81095,-0.452306,91.5525,-3.14758,-3.08782,12.9494
-2.22211,5.94796,37.365,-0.0881522,4.40928,70.7593,1.8555,4.81729,106.033,-1.86128,-2.56445,5.66741
-2.58836,5.62989,36.0497,-0.173754,4.07801,71.7259,2.2822,4.84564,105.826,-0.575906,-0.822959,2.40763
-3.07818,4.75452,38.0276,-0.304349,3.46497,73.8808,2.7135,8.64488,107.675,-0.310954,-0.451268,1.45247
-3.4027,4.1013,37.709,-0.373049,3.10791,74.6528,3.01734,8.70586,107.713,-0.16874,-0.247344,0.999293
-3.94701,1.8766,33.4828,0.0222607,0.251812,78.7086,2.25151,10.1594,107.344,-0.115837,-0.167659,0.776584
-4.26034,1.25733,31.1336,0.0667072,-0.00934259,79.3711,2.45691,10.2446,107.804,-0.081207,-0.115551,0.641515
-5.54519,-3.6006,18.5297,1.12428,-2.39197,85.9795,2.12168,9.90408,109.45,-0.0640873,-0.0901437,0.560704
-5.01352,-3.38296,14.9308,1.1518,-2.54366,86.9603,2.27429,10.043,110.023,-0.0509853,-0.0704453,0.502419
-5.08107,-5.44835,11.8188,2.2187,-3.34483,95.0621,1.99931,8.69594,113.791,-0.0440464,-0.0601193,0.469051
-2.50156,-2.69701,6.44718,2.18398,-3.18837,95.8057,2.16693,8.95783,114.12,-0.0385619,-0.0513304,0.441198
-2.14021,-2.5493,5.25855,2.79564,-2.98605,104.492,1.30309,6.6331,118.259,-0.035954,-0.0465978,0.431444
-0.968691,-1.17198,2.81141,2.80614,-2.57344,104.666,1.53776,7.00865,118.294,-0.0341918,-0.0426297,0.423301
-0.746956,-0.919477,2.21516,2.57748,-1.38978,107.19,0.231015,4.73851,122.235,-0.0351931,-0.0402246,0.437907
-0.483792,-0.607376,1.6334,2.75057,-1.06705,107.434,0.477686,5.19383,122.021,-0.0368566,-0.0403059,0.453756
-0.405928,-0.508605,1.41098,2.44432,0.346802,104.776,-0.927973,3.12779,123.708,-0.0432318,-0.0412124,0.503121
-0.312006,-0.394272,1.19024,2.7065,0.615076,104.996,-0.709256,3.66318,123.545,-0.05141,-0.0465805,0.559611
-0.278643,-0.347949,1.09855,2.5898,1.31008,100.492,-2.04437,1.84882,122.874,-0.072761,-0.0547032,0.686891
-0.23978,-0.298908,1.0025,2.91317,1.51009,100.76,-1.86411,2.42918,123.04,-0.108985,-0.0774974,0.868008
-0.233341,-0.288475,1.01733,3.1847,1.3349,95.5551,-2.97233,1.6993,121.117,-0.222209,-0.126695,1.31357
-0.248924,-0.305718,1.06994,3.5462,1.44646,95.9948,-2.81699,2.2797,121.658,-0.659585,-0.368653,2.48907
-0.339541,-0.420818,1.39806,4.32413,0.953661,89.9814,-3.25894,2.58441,115.485,-5.90598,-3.57753,12.1797
-0.727222,-0.884866,2.33778,4.69112,0.953576,90.7705,-2.87563,2.90605,116.278,-11.3732,-12.9222,30.9562
-6.51008,-7.79943,14.3868,5.65857,0.593352,82.5188,-2.99514,3.18951,98.318,-2.77631,-9.17719,34.2599
-17.7925,-19.8109,37.389,5.6207,0.904972,82.9715,-2.62613,3.42888,98.0358,-1.52247,-10.211,44.5606
-12.0768,-9.50104,45.7431,5.42391,-1.20767,67.9477,-4.19964,0.184288,61.8784,0.345197,-10.9198,61.0206
-9.83216,-3.31348,59.7224,5.04209,0.0991872,63.8431,-3.91972,1.08683,62.2901,0.0534252,-11.233,64.9267
-1.62052,2.38985,59.7243,4.64337,-2.31805,43.5,-4.59336,-3.5779,13.6499,0.793679,-11.5831,107.634
-1.43107,2.46769,60.5172,4.91781,-2.02348,40.9039,-2.58105,-1.75366,8.38702,1.02415,-11.2157,108.186
2.35682,4.16585,70.2052,4.39167,-3.24926,35.563,-1.13562,-1.05278,3.2046,3.19889,-7.80511,127.472
2.20482,3.9401,71.0685,4.22902,-3.41981,34.3364,-0.371762,-0.337128,1.49904,3.16579,-6.98418,126.606
3.78223,5.445,78.973,2.62281,-3.31542,31.8004,-0.2028,-0.185841,0.930204,4.71919,-2.98677,122.637
3.6269,5.36203,79.3781,2.16401,-3.52405,31.0216,-0.111019,-0.100009,0.661131,4.71366,-2.5014,122.573
3.88627,6.83084,85.2386,0.486077,-3.74828,28.0751,-0.0744244,-0.0664734,0.511588,5.09488,-0.442318,116.021
3.85532,6.86151,85.3449,0.0142527,-3.95566,26.6993,-0.0490798,-0.0434748,0.421176,5.19546,-0.139515,116.389
3.51726,7.88036,90.1939,-1.51899,-4.78842,22.9581,-0.0354124,-0.0313892,0.363562,5.31925,0.487044,115.619
3.58843,7.98457,90.2189,-2.01748,-4.96265,20.344,-0.025743,-0.0230236,0.324448,5.59819,0.73422,115.97
3.29223,8.50419,95.552,-3.60447,-5.89089,15.2336,-0.0196778,-0.0181561,0.299459,5.93827,1.3823,119.974
3.57987,8.65726,95.1071,-3.15572,-5.17691,12.707,-0.0154167,-0.0147034,0.280832,6.36631,1.7718,119.739
3.76236,8.3642,99.9153,-3.63021,-5.24991,10.4224,-0.0125605,-0.0130175,0.271586,6.40622,3.01715,124.661
3.92459,8.49503,100.098,-2.05769,-2.96985,6.3826,-0.0108061,-0.0117707,0.263754,6.73399,3.48348,123.852
4.65079,7.56734,103.653,-1.62358,-2.17446,4.53421,-0.00950407,-0.0118632,0.264379,4.80908,4.17549,123.413
4.94019,7.76837,103.367,-0.785337,-1.04219,2.57105,-0.00896062,-0.0118735,0.264958,5.18908,4.6505,122.951
5.82892,6.84759,101.712,-0.536617,-0.692072,1.80543,-0.00820956,-0.0133226,0.276921,3.50653,4.07361,122.729
6.09542,7.11921,101.477,-0.31089,-0.396414,1.24659,-0.00857441,-0.0144928,0.288076,3.99436,4.50391,122.423
6.48002,6.2034,95.3315,-0.220219,-0.279585,0.981711,-0.00807388,-0.0176475,0.316188,3.24644,3.19151,121.669
6.63826,6.51836,95.6388,-0.154328,-0.193528,0.800591,-0.00944585,-0.0205934,0.344763,3.82706,3.54363,121.567
6.33223,5.95833,89.0061,-0.123452,-0.154143,0.711421,-0.00880324,-0.0275748,0.405995,3.7121,1.94846,119.224
6.4242,6.30107,89.7551,-0.100973,-0.123684,0.644308,-0.0120633,-0.035991,0.477884,4.38312,2.21898,119.578
5.34981,5.75966,84.7989,-0.0926917,-0.11011,0.642271,-0.0107109,-0.0546098,0.620395,3.98729,0.670138,118.877
5.47934,6.0532,85.5659,-0.0924808,-0.105695,0.655996,-0.0180265,-0.086342,0.82076,4.73306,0.886976,119.675
-1.1126,-1.23728,3.00746,6.08251,2.37843,84.2772,-3.42001,3.19685,123.139,-5.60215,-3.96448,12.5028
-2.82853,-2.98607,6.29987,6.95801,0.399541,87.1157,-2.4537,4.39048,100.242,-10.7465,-12.8418,35.5137
-5.34015,-5.44573,10.8285,7.69674,1.0521,83.7253,-1.74724,3.8439,100.769,-6.09155,-16.4978,58.408
-10.5161,-10.7013,20.9687,6.94283,-0.988209,65.6769,-4.17403,0.344598,63.0185,-1.09533,-13.0404,69.1834
-21.6609,-20.2245,53.0399,6.1837,0.825316,60.779,-3.95194,1.71931,63.3107,-0.554061,-11.8771,69.7982
-11.3566,-6.60167,87.2218,4.44352,-1.32837,40.3197,-5.43836,-3.89469,14.4958,1.103,-10.7785,111.101
-4.2162,-0.4811,66.0053,5.16582,-1.56885,38.6335,-3.05442,-1.94936,8.84142,1.32727,-10.4596,111.482
0.645841,2.07006,70.9098,4.59112,-3.0401,34.394,-1.3952,-1.25359,3.61059,3.97846,-6.60679,129.386
0.539728,1.95536,71.7456,4.43666,-3.22546,33.2767,-0.442488,-0.390375,1.6201,4.04273,-5.70471,128.421
1.95501,3.26132,80.1151,2.78812,-3.04744,30.9293,-0.239345,-0.214994,0.988324,5.74617,-1.71472,124.672
1.86444,3.26205,80.2997,2.33837,-3.2306,30.1531,-0.127327,-0.112358,0.685654,5.81042,-1.1177,124.497
1.95912,4.58472,86.1756,0.594903,-3.49228,27.0771,-0.0838356,-0.0733452,0.525101,6.20935,0.858177,118.198
1.98439,4.6848,86.1306,0.107106,-3.69315,25.5308,-0.0548016,-0.0474655,0.428578,6.40425,1.26566,118.385
1.71963,5.64386,90.4537,-1.46826,-4.58518,21.7769,-0.039224,-0.033909,0.367088,6.68631,2.12082,117.79
1.81731,5.78943,90.432,-2.05104,-4.77648,18.8655,-0.0283432,-0.0246317,0.325171,7.03758,2.44912,117.958
1.46281,6.06886,95.5784,-3.6635,-5.62257,14.2016,-0.0215823,-0.019259,0.298369,7.52312,3.1525,121.905
1.79236,6.26203,95.021,-3.13802,-4.77316,11.4961,-0.0169232,-0.0155269,0.278227,8.00815,3.60218,121.484
1.98423,5.94703,99.4819,-3.64846,-4.9489,9.84757,-0.0138552,-0.0136738,0.267593,8.13942,5.09064,125.573
2.18644,6.10708,99.5021,-2.05994,-2.76809,5.97583,-0.0119574,-0.0122937,0.258341,8.51267,5.58587,124.675
2.98896,5.18518,102.976,-1.71422,-2.15138,4.48254,-0.0106487,-0.0123118,0.257182,6.57882,6.47084,123.977
3.30118,5.41036,102.56,-0.833822,-1.03333,2.52235,-0.0100546,-0.0122185,0.255931,6.99988,6.96369,123.457
4.18115,4.51597,100.597,-0.575555,-0.695161,1.78767,-0.00948955,-0.0137295,0.265568,5.31492,6.2943,123.224
4.4302,4.79846,100.307,-0.332947,-0.396422,1.21937,-0.00993112,-0.0148482,0.27435,5.83514,6.723,122.869
4.86198,4.00275,94.102,-0.233418,-0.276458,0.94941,-0.0100717,-0.0182625,0.298327,5.19986,5.46081,122.326
4.97383,4.30381,94.3981,-0.161886,-0.188822,0.762081,-0.0117818,-0.0212328,0.322556,5.80859,5.80241,122.168
4.69869,3.81671,87.5467,-0.127423,-0.147314,0.66524,-0.0129672,-0.0292538,0.376181,5.67648,4.05322,119.74
4.71706,4.13438,88.3029,-0.102406,-0.115733,0.59027,-0.0178325,-0.0386637,0.440731,6.383,4.30431,120.083
3.66594,3.70771,83.2549,-0.092588,-0.100521,0.572052,-0.0232422,-0.0626528,0.573109,5.98127,2.7075,119.313
3.70538,4.0077,84.2305,-0.0894371,-0.0930905,0.563929,-0.0422446,-0.108095,0.782414,6.80643,2.92584,120.06
3.0959,4.9675,83.9188,-0.10539,-0.0996953,0.639859,-0.080232,-0.258862,1.30621,6.289,1.99882,121.991
3.19046,5.2633,84.597,-0.140782,-0.12738,0.757001,-0.433506,-1.29082,3.44719,7.13419,2.32319,122.797
2.72533,7.45446,86.0167,-0.293407,-0.227203,1.18345,-9.53347,-19.322,32.8825,5.97517,2.11306,119.174
2.94477,7.67292,86.4883,-1.22023,-0.915485,2.99438,-11.7011,-12.9801,36.1079,6.91245,2.47918,120.342
1.69295,9.10116,81.2313,-20.1677,-17.1469,35.6141,-9.30321,-9.1133,50.453,5.00266,2.69592,103.544
1.69942,9.27289,81.5812,-16.2341,-19.0719,37.8643,-11.0587,-10.2692,61.588,4.70873,3.29658,101.878
0.575385,9.18958,65.832,-7.57065,-14.1723,56.3495,-8.50662,-7.71288,69.9107,1.86829,2.11136,70.4497
1.11388,8.98052,60.638,-3.21445,-12.2285,65.9901,-8.23775,-7.63068,71.5498,2.5113,2.77681,69.3732
-0.330359,7.26716,44.5323,-0.989808,-1.5255,64.6679,-4.72378,-3.20756,92.4243,-4.05153,-4.24126,17.4482
-0.433049,7.29584,41.2289,-0.908409,-1.35465,65.7153,-4.47243,-2.75239,92.9322,-3.07383,-2.85397,12.3798
-1.58544,6.28273,37.1583,-0.819927,3.72916,68.384,-0.998648,2.30483,106.976,-2.48582,-3.2259,6.76684
-1.94658,5.99832,36.0669,-0.906951,3.39241,69.5526,-0.452069,2.44344,106.714,-0.758571,-1.02117,2.73544
-2.188,5.46195,39.0062,-1.18406,2.71413,71.2097,0.0479751,6.46128,108.582,-0.431638,-0.5865,1.68001
-2.48537,4.84322,38.939,-1.23724,2.36675,72.1083,0.443904,6.61472,108.596,-0.234444,-0.320596,1.13041
-3.0244,2.72525,35.0051,-0.860948,-0.642424,76.0921,-0.197198,8.30823,108.321,-0.163205,-0.220075,0.876097
-3.3857,2.0916,32.5359,-0.786308,-0.91282,76.8768,0.0849212,8.47308,108.727,-0.115243,-0.152689,0.717942
-5.26064,-3.24808,18.9125,0.240309,-3.50421,84.1016,-0.330003,8.10754,110.589,-0.0912579,-0.119799,0.625652
-4.89607,-3.30052,14.8287,0.334365,-3.67233,85.1623,-0.101102,8.30974,111.136,-0.0727129,-0.0940637,0.557714
-5.1609,-5.47665,11.8309,1.47637,-4.39492,93.3676,-0.301163,6.95125,114.816,-0.0624578,-0.0802748,0.518673
-2.5585,-2.70525,6.4218,1.50355,-4.10561,93.8918,-0.0532339,7.3275,115.167,-0.0543503,-0.06848,0.485385
-2.35106,-2.73436,5.56113,2.31725,-3.83653,102.802,-0.970395,5.07565,119.515,-0.05009,-0.0620102,0.472788
-1.0734,-1.2576,2.94268,2.37096,-3.35604,102.944,-0.664279,5.5422,119.515,-0.0472398,-0.0566703,0.461734
-0.861667,-1.02244,2.38031,2.26037,-2.03139,105.745,-1.9701,3.311,123.163,-0.0479421,-0.053861,0.475985
-0.562713,-0.675937,1.74271,2.46623,-1.6859,106.044,-1.65807,3.82963,122.933,-0.0498364,-0.0542123,0.490773
-0.481452,-0.575624,1.52109,2.2805,-0.0737477,103.853,-3.0232,1.74275,124.449,-0.057657,-0.0563239,0.54258
-0.372638,-0.447121,1.27776,2.56954,0.199433,104.129,-2.75445,2.32601,124.265,-0.0683958,-0.064337,0.601595
-0.334547,-0.395688,1.17887,2.66016,1.03348,99.9415,-4.04716,0.568984,123.257,-0.0964666,-0.0789375,0.738876
-0.286671,-0.33748,1.06737,3.0055,1.22802,100.273,-3.83517,1.17987,123.411,-0.145537,-0.115065,0.936373
-0.278624,-0.323388,1.07496,3.37581,1.19818,95.2203,-4.75027,0.434084,121.092,-0.30586,-0.208775,1.44591
-0.294455,-0.338739,1.12247,3.7536,1.29639,95.7369,-4.57945,1.02738,121.622,-0.990357,-0.679341,2.97817
-0.405792,-0.46664,1.4678,4.63345,0.847565,89.8402,-4.8665,1.39252,115.287,-8.54892,-6.58096,16.4925
-0.879427,-0.992307,2.51437,5.01702,0.826782,90.7383,-4.58555,1.77412,116.202,-11.4184,-13.121,28.001
-7.54083,-8.31717,15.5249,6.09587,0.604843,82.7102,-4.52349,2.33921,98.0268,-4.33715,-9.69501,30.3914
-17.9352,-18.6988,35.3788,6.14624,0.790923,83.3156,-4.03554,2.42717,97.7172,-2.54444,-11.6616,45.759
-15.4217,-12.8502,46.2829,5.64479,-0.988134,66.0212,-5.10561,-0.203667,60.6952,-0.187574,-11.7131,63.4321
-12.6537,-5.28661,66.4622,5.20798,0.422676,61.7692,-4.8672,0.732667,61.062,-0.308859,-11.546,66.1882
-2.81608,1.52576,61.3868,4.83846,-2.29724,42.9834,-4.56282,-3.41162,13.2414,0.209277,-12.2594,107.767
-2.35285,1.83922,60.7863,5.13675,-2.09104,40.737,-2.4882,-1.62501,7.995,0.402321,-11.9275,108.354
1.26842,3.43623,70.259,4.57109,-3.29363,35.943,-1.03809,-0.931575,3.0021,2.43132,-8.7781,126.695
1.12528,3.21452,71.016,4.39228,-3.46871,34.7777,-0.350293,-0.307964,1.45075,2.37804,-7.98217,125.962
2.5635,4.49666,79.2064,2.76696,-3.26806,32.4083,-0.190312,-0.170212,0.892561,3.96184,-4.06275,122.541
2.41601,4.42145,79.4425,2.29642,-3.46781,31.5994,-0.102372,-0.0899226,0.631448,3.89222,-3.58344,122.563
2.48009,5.67179,85.5633,0.535666,-3.64161,28.3266,-0.0678599,-0.0591264,0.487805,4.27742,-1.57111,116.492
2.45278,5.70055,85.5612,0.0622036,-3.83089,26.8244,-0.0445343,-0.0384847,0.401734,4.3538,-1.28438,116.842
2.11577,6.63413,90.1893,-1.52799,-4.73409,22.8265,-0.0319492,-0.0276587,0.346745,4.42478,-0.585809,116.373
2.17583,6.72172,90.1606,-2.01771,-4.89775,20.211,-0.0231042,-0.0202152,0.309375,4.6732,-0.363755,116.692
1.82768,7.04266,95.0769,-3.65163,-5.82187,15.2056,-0.0175416,-0.0159019,0.285555,4.87123,0.123189,120.649
2.08277,7.16461,94.6422,-3.22015,-5.10486,12.6696,-0.0136678,-0.0128608,0.26777,5.26789,0.472994,120.402
2.09006,6.8111,99.4866,-3.65013,-5.09351,10.2642,-0.0110841,-0.0114295,0.258766,5.25415,1.63374,125.021
2.19157,6.89956,99.6388,-2.05118,-2.82452,6.20953,-0.00948067,-0.0103188,0.251031,5.54109,2.05468,124.235
2.77564,5.93091,102.973,-1.57348,-2.01654,4.31981,-0.00833927,-0.0104706,0.250969,3.60115,2.72908,123.576
3.01163,6.08052,102.659,-0.754555,-0.952371,2.43418,-0.00780545,-0.0104525,0.250902,3.93337,3.13711,123.159
3.88471,5.23506,101.207,-0.501357,-0.616595,1.68098,-0.00717067,-0.0118531,0.261001,2.17518,2.58502,122.804
4.08103,5.44485,100.923,-0.287939,-0.348858,1.15611,-0.0073988,-0.0128352,0.270426,2.60353,2.93425,122.538
4.47764,4.6107,94.8123,-0.200078,-0.241458,0.899771,-0.00703738,-0.015802,0.294807,1.89043,1.59156,121.963
4.53754,4.84429,95.089,-0.13791,-0.163993,0.725882,-0.00809932,-0.018339,0.319869,2.39941,1.84588,121.874
4.31279,4.33236,88.4599,-0.107866,-0.127266,0.634259,-0.00768606,-0.0249443,0.373797,2.28034,0.196623,119.636
4.27575,4.57855,89.1844,-0.0861384,-0.09938,0.564115,-0.01025,-0.032628,0.439114,2.86037,0.34387,119.991
3.25022,4.13246,84.1596,-0.077167,-0.08527,0.546085,-0.00936808,-0.0515903,0.572405,2.37147,-1.28278,118.952
3.22919,4.35836,85.0937,-0.0736871,-0.0778547,0.537235,-0.0155961,-0.0874892,0.78283,3.04416,-1.19323,119.707
2.51479,5.1636,84.5135,-0.0846781,-0.0799232,0.604556,-0.00312675,-0.200894,1.3051,2.31245,-2.4148,121.461
2.53791,5.37714,85.1613,-0.10964,-0.0980754,0.70526,-0.000712731,-0.929336,3.21243,2.98213,-2.2417,122.272
1.99756,7.55806,86.3927,-0.210527,-0.154775,1.05457,-3.22548,-14.4775,28.3859,1.8045,-2.4968,118.662
2.13661,7.65887,86.8731,-0.689699,-0.479949,2.17532,-9.44358,-10.3876,37.8455,2.42156,-2.24495,119.627
0.752286,9.13871,82.1314,-14.6346,-10.9258,25.9593,-6.07639,-6.19519,47.2957,1.03807,-1.55655,103.153
1.06631,9.0791,81.6066,-16.5764,-21.0013,46.6015,-8.1319,-7.81564,58.8923,0.798005,-0.955332,101.373
-0.282534,9.05588,67.0992,-3.67545,-10.5633,56.1815,-6.09206,-5.67589,68.7714,-1.14469,-0.879909,69.7097
0.192173,8.84907,62.3055,-1.60376,-9.0829,60.6319,-5.94133,-5.72395,70.5568,-0.584072,-0.347068,68.8483
-0.913861,7.13552,45.6664,-0.241558,-0.541461,65.6584,-1.92799,-0.793142,90.9416,-4.14186,-4.55355,17.8668
-0.971539,7.12224,42.1437,-0.308444,-0.736248,67.6434,-1.81093,-0.452316,91.5524,-3.14763,-3.08787,12.9504
-2.2222,5.94773,37.365,-0.0881332,4.40936,70.7593,1.8555,4.8173,106.033,-1.8614,-2.56462,5.66772
-2.58844,5.62966,36.0497,-0.173733,4.07808,71.7259,2.2822,4.84565,105.826,-0.575929,-0.822994,2.40771
-3.07826,4.75427,38.0276,-0.304328,3.46505,73.8808,2.7135,8.64489,107.675,-0.310965,-0.451285,1.45251
-3.40278,4.10106,37.7089,-0.373029,3.10799,74.6528,3.01733,8.70586,107.713,-0.168746,-0.247353,0.999315
-3.94708,1.87638,33.4828,0.0222792,0.251885,78.7086,2.2515,10.1594,107.344,-0.115841,-0.167664,0.7766
-4.26041,1.25715,31.1337,0.0667198,-0.00926214,79.3711,2.4569,10.2446,107.804,-0.0812097,-0.115555,0.641527
-5.54523,-3.60063,18.5299,1.12428,-2.39187,85.9795,2.12167,9.90409,109.45,-0.0640896,-0.0901466,0.560714
-5.01359,-3.38298,14.931,1.15181,-2.54358,86.9603,2.27428,10.043,110.023,-0.0509871,-0.0704476,0.502428
-5.08102,-5.44824,11.8187,2.21874,-3.34482,95.0622,1.9993,8.69589,113.791,-0.044048,-0.0601214,0.469059
-2.50133,-2.69673,6.44668,2.18401,-3.18843,95.8059,2.16692,8.95774,114.12,-0.0385634,-0.0513323,0.441206
-2.13981,-2.54881,5.25773,2.79567,-2.9861,104.492,1.30308,6.633,118.259,-0.0359555,-0.0465996,0.431452
-0.968531,-1.17177,2.81107,2.80616,-2.57342,104.666,1.53774,7.00859,118.294,-0.0341933,-0.0426315,0.423309
-0.746825,-0.919308,2.21488,2.57749,-1.38974,107.19,0.230988,4.73847,122.235,-0.0351947,-0.0402264,0.437917
-0.483718,-0.607279,1.63323,2.75058,-1.06699,107.434,0.477655,5.1938,122.021,-0.0368585,-0.040308,0.453766
-0.40587,-0.508528,1.41084,2.44433,0.34687,104.776,-0.92801,3.12776,123.708,-0.0432343,-0.0412149,0.503134
-0.311967,-0.39422,1.19015,2.7065,0.615147,104.996,-0.709297,3.66315,123.545,-0.0514134,-0.0465837,0.559627
-0.278611,-0.347907,1.09848,2.58981,1.31015,100.492,-2.04441,1.84879,122.874,-0.0727668,-0.0547082,0.686915
-0.239757,-0.298877,1.00244,2.91318,1.51016,100.76,-1.86416,2.42916,123.04,-0.108997,-0.0775066,0.868048
-0.233321,-0.288449,1.01729,3.1847,1.33497,95.5551,-2.97238,1.69928,121.117,-0.222242,-0.126718,1.31367
-0.248907,-0.305695,1.0699,3.5462,1.44652,95.9948,-2.81704,2.27968,121.658,-0.659762,-0.368773,2.48944
-0.339518,-0.420788,1.39801,4.32413,0.953731,89.9813,-3.25895,2.58437,115.485,-5.90833,-3.57955,12.1839
-0.727176,-0.884806,2.33768,4.69113,0.953612,90.7706,-2.87566,2.906,116.278,-11.3724,-12.9228,30.9565
-6.50992,-7.79919,14.3865,5.65858,0.593383,82.5188,-2.99522,3.1895,98.3181,-2.77548,-9.17614,34.2572
-17.7929,-19.8113,37.39,5.62068,0.905045,82.9715,-2.6262,3.42888,98.0358,-1.52225,-10.2106,44.5596
-12.0767,-9.50074,45.7442,5.42389,-1.20761,67.9477,-4.19967,0.184277,61.8784,0.345209,-10.9198,61.0208
-9.83194,-3.3133,59.7217,5.04211,0.0991908,63.8431,-3.91975,1.08679,62.2901,0.0534336,-11.233,64.9268
-1.62048,2.38986,59.7241,4.64337,-2.31804,43.5001,-4.59337,-3.5779,13.65,0.793713,-11.5831,107.634
-1.43107,2.46766,60.5172,4.9178,-2.02347,40.9039,-2.58107,-1.75367,8.38709,1.02419,-11.2157,108.186
2.35681,4.16581,70.2053,4.39167,-3.24925,35.563,-1.13562,-1.05279,3.20461,3.19893,-7.80505,127.472
2.20481,3.94006,71.0685,4.22901,-3.41979,34.3364,-0.371763,-0.337129,1.49905,3.16583,-6.98412,126.606
3.78222,5.44496,78.973,2.6228,-3.31541,31.8004,-0.2028,-0.185841,0.930205,4.71923,-2.98671,122.637
3.62689,5.36199,79.3781,2.16401,-3.52403,31.0215,-0.111019,-0.100009,0.661131,4.71369,-2.50135,122.573
3.88626,6.83079,85.2386,0.486075,-3.74827,28.0751,-0.0744244,-0.0664734,0.511588,5.0949,-0.442268,116.021
3.85531,6.86146,85.3449,0.0142501,-3.95566,26.6993,-0.0490797,-0.0434748,0.421176,5.19549,-0.139468,116.389
3.51725,7.8803,90.1939,-1.51899,-4.78842,22.9581,-0.0354124,-0.0313892,0.363562,5.31927,0.487089,115.618
3.58842,7.98452,90.2189,-2.01748,-4.96264,20.344,-0.0257429,-0.0230235,0.324448,5.59821,0.734263,115.97
3.29222,8.50413,95.552,-3.60446,-5.89089,15.2336,-0.0196778,-0.0181561,0.299459,5.9383,1.38234,119.974
3.57986,8.6572,95.1071,-3.15571,-5.17691,12.707,-0.0154167,-0.0147034,0.280832,6.36633,1.77184,119.739
3.76235,8.36413,99.9153,-3.63021,-5.24992,10.4224,-0.0125604,-0.0130175,0.271586,6.40624,3.01719,124.661
3.92457,8.49496,100.098,-2.05769,-2.96985,6.3826,-0.010806,-0.0117706,0.263754,6.73401,3.48351,123.852
4.65077,7.56727,103.653,-1.62357,-2.17445,4.5342,-0.00950405,-0.0118632,0.264379,4.8091,4.17552,123.413
4.94017,7.76829,103.367,-0.785334,-1.04219,2.57104,-0.0089606,-0.0118734,0.264958,5.1891,4.65053,122.951
5.8289,6.84751,101.712,-0.536616,-0.692072,1.80543,-0.00820954,-0.0133226,0.276921,3.50655,4.07363,122.729
6.0954,7.11913,101.477,-0.310889,-0.396414,1.24659,-0.00857438,-0.0144928,0.288076,3.99438,4.50394,122.423
6.48,6.20332,95.3315,-0.220219,-0.279585,0.981711,-0.00807385,-0.0176475,0.316188,3.24645,3.19153,121.669
6.63824,6.51827,95.6387,-0.154328,-0.193528,0.800591,-0.00944582,-0.0205934,0.344763,3.82707,3.54364,121.567
6.33221,5.95825,89.0061,-0.123452,-0.154143,0.711421,-0.00880319,-0.0275748,0.405995,3.71211,1.94848,119.224
6.42418,6.30099,89.7551,-0.100973,-0.123684,0.644308,-0.0120633,-0.0359909,0.477884,4.38313,2.21899,119.578
5.34979,5.75957,84.7989,-0.0926915,-0.11011,0.642271,-0.0107108,-0.0546098,0.620395,3.98729,0.670143,118.877
5.47931,6.05311,85.5659,-0.0924807,-0.105695,0.655995,-0.0180264,-0.0863419,0.820761,4.73307,0.88698,119.675
-1.11253,-1.23721,3.00732,6.08261,2.37831,84.2778,-3.41997,3.19688,123.139,-5.60224,-3.96444,12.5031
-2.82783,-2.98536,6.29858,6.95813,0.399403,87.1164,-2.45364,4.39048,100.242,-10.7462,-12.8419,35.5154
-5.33856,-5.44413,10.8256,7.69691,1.05196,83.7259,-1.74718,3.84391,100.77,-6.09111,-16.4974,58.4079
-10.5147,-10.6999,20.9659,6.943,-0.988316,65.6775,-4.17399,0.344642,63.0186,-1.09512,-13.0401,69.1827
-21.6619,-20.2267,53.0356,6.18389,0.825202,60.7796,-3.95191,1.71937,63.3109,-0.553922,-11.8769,69.798
-11.3585,-6.60364,87.2245,4.44355,-1.32828,40.3198,-5.43834,-3.89463,14.4957,1.10315,-10.7782,111.101
-4.21699,-0.481774,66.0075,5.16585,-1.56877,38.6336,-3.0544,-1.94933,8.84136,1.32739,-10.4593,111.482
0.645517,2.06973,70.91,4.59119,-3.04008,34.3942,-1.3952,-1.25358,3.61058,3.97858,-6.60654,129.386
0.539456,1.95507,71.7457,4.43674,-3.22544,33.2769,-0.442487,-0.390374,1.62009,4.04286,-5.70447,128.421
1.9547,3.26097,80.1153,2.78819,-3.04742,30.9295,-0.239345,-0.214994,0.988323,5.74629,-1.71448,124.672
1.86413,3.26171,80.2998,2.33845,-3.23058,30.1533,-0.127327,-0.112358,0.685653,5.81055,-1.11747,124.497
1.9588,4.58435,86.1757,0.594974,-3.49226,27.0772,-0.0838356,-0.0733452,0.525101,6.20947,0.8584,118.198
1.98408,4.68442,86.1307,0.107182,-3.69313,25.5309,-0.0548015,-0.0474655,0.428578,6.40437,1.26588,118.385
1.71931,5.64346,90.4538,-1.4682,-4.58517,21.777,-0.0392239,-0.033909,0.367088,6.68643,2.12104,117.79
1.81699,5.78902,90.432,-2.05099,-4.77646,18.8656,-0.0283431,-0.0246317,0.325171,7.0377,2.44933,117.958
1.46248,6.06842,95.5784,-3.66349,-5.62256,14.2016,-0.0215823,-0.0192589,0.298369,7.52324,3.15271,121.905
1.79205,6.26159,95.0209,-3.13804,-4.77317,11.4962,-0.0169232,-0.0155269,0.278227,8.00829,3.60238,121.484
1.98393,5.94656,99.4818,-3.6486,-4.94907,9.84789,-0.0138551,-0.0136737,0.267593,8.13957,5.09085,125.573
2.18616,6.10662,99.502,-2.06012,-2.76833,5.97626,-0.0119573,-0.0122937,0.258341,8.51283,5.58608,124.675
2.98866,5.18468,102.976,-1.71443,-2.15164,4.48299,-0.0106486,-0.0123118,0.257182,6.57897,6.47103,123.977
3.30085,5.40985,102.559,-0.833904,-1.03343,2.52253,-0.0100546,-0.0122184,0.255931,7.00001,6.96388,123.457
4.18082,4.51545,100.597,-0.575604,-0.695219,1.78777,-0.00948949,-0.0137294,0.265567,5.31505,6.29448,123.224
4.42987,4.79794,100.307,-0.332969,-0.396447,1.21942,-0.00993106,-0.0148481,0.274349,5.83526,6.72317,122.869
4.86167,4.00225,94.102,-0.233431,-0.276472,0.949441,-0.0100717,-0.0182623,0.298327,5.19998,5.46097,122.326
4.97352,4.3033,94.398,-0.161893,-0.18883,0.762101,-0.0117817,-0.0212325,0.322556,5.80871,5.80256,122.168
4.69841,3.81624,87.5467,-0.127427,-0.147319,0.665253,-0.012967,-0.0292534,0.376181,5.67659,4.05336,119.74
4.71677,4.13389,88.3028,-0.10241,-0.115737,0.59028,-0.0178323,-0.0386632,0.440731,6.38311,4.30444,120.083
3.66567,3.70725,83.2548,-0.0925905,-0.100524,0.57206,-0.0232419,-0.0626518,0.573109,5.98138,2.70762,119.313
3.7051,4.00722,84.2304,-0.0894392,-0.0930927,0.563936,-0.0422439,-0.108093,0.782415,6.80654,2.92596,120.06
3.09563,4.96702,83.9187,-0.105392,-0.0996973,0.639866,-0.08023,-0.258856,1.30621,6.28911,1.99893,121.991
3.19018,5.2628,84.5969,-0.140785,-0.127382,0.757009,-0.433494,-1.29079,3.44718,7.1343,2.32328,122.797
2.72504,7.45394,86.0166,-0.293411,-0.227207,1.18347,-9.53334,-19.3217,32.8824,5.97528,2.11314,119.174
2.94448,7.67239,86.4881,-1.22025,-0.9155,2.99441,-11.701,-12.9798,36.1082,6.91255,2.47925,120.342
1.69268,9.10066,81.2312,-20.1676,-17.1468,35.6139,-9.30296,-9.11291,50.4527,5.00275,2.69597,103.544
1.69913,9.27237,81.581,-16.2339,-19.0716,37.8639,-11.0585,-10.2689,61.5878,4.70882,3.29662,101.878
0.575161,9.18918,65.8318,-7.57046,-14.1721,56.3491,-8.50649,-7.71263,69.9107,1.86836,2.11138,70.4497
1.11368,8.98014,60.6379,-3.21427,-12.2283,65.9898,-8.23764,-7.63044,71.5497,2.51136,2.77683,69.3732
-0.330496,7.2669,44.5322,-0.989624,-1.52538,64.6677,-4.72364,-3.20725,92.4243,-4.05152,-4.24125,17.4481
-0.433178,7.29559,41.2287,-0.90822,-1.35453,65.715,-4.4723,-2.75208,92.9322,-3.0738,-2.85396,12.3796
-1.58556,6.2825,37.1581,-0.819732,3.7293,68.3837,-0.998503,2.30517,106.976,-2.48579,-3.22586,6.76676
-1.94669,5.9981,36.0667,-0.906747,3.39255,69.5523,-0.451923,2.44378,106.714,-0.758562,-1.02117,2.73542
-2.18813,5.4617,39.0059,-1.18385,2.71428,71.2093,0.0481166,6.46162,108.582,-0.431633,-0.586496,1.67999
-2.4855,4.84296,38.9387,-1.23702,2.3669,72.1078,0.444045,6.61506,108.596,-0.23444,-0.320594,1.1304
-3.02452,2.72501,35.0046,-0.860703,-0.642274,76.0916,-0.19706,8.30857,108.321,-0.163202,-0.220074,0.87609
-3.38584,2.09128,32.5348,-0.786037,-0.912717,76.8764,0.085063,8.4734,108.727,-0.115241,-0.152688,0.717935
-5.26054,-3.24827,18.9115,0.240601,-3.50411,84.1011,-0.329867,8.10787,110.589,-0.0912559,-0.119798,0.625645
-4.89584,-3.30051,14.8288,0.334596,-3.67197,85.1614,-0.100993,8.31021,111.136,-0.072711,-0.0940626,0.557706
-5.16172,-5.47766,11.8331,1.47656,-4.39411,93.3658,-0.301086,6.952,114.816,-0.062456,-0.0802734,0.518665
-2.56094,-2.70778,6.42682,1.50377,-4.1043,93.889,-0.0531786,7.32856,115.168,-0.0543485,-0.0684782,0.485377
-2.35517,-2.73909,5.56931,2.31752,-3.83522,102.799,-0.970345,5.07675,119.515,-0.0500881,-0.062008,0.472781
-1.07514,-1.25961,2.94628,2.37128,-3.35539,102.942,-0.664208,5.54294,119.516,-0.0472381,-0.0566681,0.461727
-0.863167,-1.02421,2.38343,2.26067,-2.03109,105.744,-1.97003,3.31155,123.163,-0.0479403,-0.0538587,0.475978
-0.563556,-0.676948,1.74454,2.46652,-1.68585,106.044,-1.658,3.83004,122.933,-0.0498347,-0.05421,0.490767
-0.482131,-0.576438,1.52258,2.28076,-0.073776,103.852,-3.02313,1.7431,124.449,-0.0576552,-0.0563213,0.542574
-0.373089,-0.447663,1.27878,2.56979,0.199352,104.129,-2.75439,2.3263,124.266,-0.0683938,-0.0643339,0.601589
-0.334909,-0.396117,1.17969,2.66037,1.03339,99.9414,-4.0471,0.569248,123.258,-0.096464,-0.0789332,0.73887
-0.286933,-0.337787,1.06797,3.0057,1.22792,100.273,-3.83511,1.18011,123.412,-0.145534,-0.115059,0.936367
-0.27885,-0.323646,1.07548,3.37598,1.19809,95.2202,-4.75023,0.434297,121.092,-0.305855,-0.208762,1.4459
-0.294665,-0.338975,1.12294,3.75374,1.29629,95.7367,-4.57942,1.02758,121.622,-0.990361,-0.679307,2.97818
-0.406084,-0.466961,1.46844,4.63357,0.847485,89.84,-4.86648,1.39269,115.287,-8.54923,-6.58088,16.4929
-0.880143,-0.993082,2.51579,5.01711,0.826731,90.738,-4.58554,1.77429,116.202,-11.4184,-13.1208,28.0015
-7.54522,-8.32167,15.5329,6.0958,0.605035,82.7095,-4.5235,2.33947,98.0268,-4.3367,-9.69451,30.3916
-17.931,-18.6936,35.3704,6.14649,0.790578,83.3157,-4.03549,2.42711,97.7173,-2.54418,-11.6612,45.7584
-15.4196,-12.848,46.2754,5.64501,-0.988439,66.0213,-5.10556,-0.203732,60.6952,-0.187404,-11.7129,63.4318
-12.6536,-5.28648,66.4614,5.20806,0.422561,61.7691,-4.86719,0.732692,61.062,-0.308715,-11.5459,66.1882
-2.81614,1.52584,61.3874,4.83848,-2.29728,42.9832,-4.56281,-3.41162,13.2414,0.209478,-12.2592,107.767
-2.35277,1.83941,60.7863,5.13679,-2.0911,40.7369,-2.4882,-1.62501,7.99502,0.402506,-11.9273,108.354
1.26854,3.43647,70.2589,4.57112,-3.2937,35.9429,-1.03809,-0.931578,3.00211,2.43152,-8.77795,126.695
1.12539,3.21475,71.0159,4.3923,-3.46879,34.7776,-0.350293,-0.307965,1.45075,2.37823,-7.98202,125.962
2.5636,4.4969,79.2063,2.76698,-3.26813,32.4082,-0.190311,-0.170212,0.892562,3.96201,-4.06262,122.541
2.41611,4.42168,79.4425,2.29643,-3.46789,31.5993,-0.102372,-0.0899227,0.631448,3.89238,-3.58332,122.563
2.48019,5.67203,85.5632,0.535678,-3.64168,28.3265,-0.0678597,-0.0591265,0.487806,4.27757,-1.571,116.492
2.45287,5.70078,85.5612,0.0622127,-3.83096,26.8243,-0.0445342,-0.0384847,0.401734,4.35394,-1.28429,116.842
2.11586,6.63436,90.1892,-1.52798,-4.73414,22.8265,-0.0319491,-0.0276587,0.346745,4.42491,-0.585721,116.373
2.17591,6.72194,90.1605,-2.01769,-4.8978,20.211,-0.0231041,-0.0202152,0.309375,4.67332,-0.363673,116.692
1.82777,7.0429,95.0768,-3.65162,-5.8219,15.2057,-0.0175416,-0.0159019,0.285555,4.87136,0.123267,120.649
2.08286,7.16484,94.6421,-3.22015,-5.1049,12.6697,-0.0136678,-0.0128608,0.26777,5.26801,0.473066,120.402
2.09015,6.81133,99.4866,-3.65015,-5.09354,10.2643,-0.011084,-0.0114295,0.258766,5.25427,1.6338,125.021
2.19165,6.89979,99.6388,-2.05119,-2.82454,6.20957,-0.00948063,-0.0103188,0.251031,5.5412,2.05474,124.235
2.77572,5.93114,102.973,-1.57349,-2.01653,4.31981,-0.00833924,-0.0104706,0.250969,3.60125,2.72914,123.576
3.01171,6.08074,102.659,-0.754554,-0.952368,2.43418,-0.00780542,-0.0104525,0.250902,3.93347,3.13716,123.159
3.88479,5.23528,101.207,-0.501355,-0.616591,1.68097,-0.00717064,-0.0118531,0.261001,2.17527,2.58507,122.804
4.0811,5.44506,100.923,-0.287937,-0.348855,1.15611,-0.00739877,-0.0128352,0.270426,2.60362,2.93429,122.538
4.47772,4.61091,94.8123,-0.200077,-0.241456,0.899769,-0.00703736,-0.0158021,0.294807,1.89053,1.59161,121.963
4.53761,4.8445,95.089,-0.137909,-0.163992,0.72588,-0.00809929,-0.018339,0.319869,2.3995,1.84592,121.874
4.31285,4.33255,88.4599,-0.107866,-0.127266,0.634257,-0.00768603,-0.0249444,0.373797,2.28043,0.196663,119.636
4.27582,4.57874,89.1844,-0.0861381,-0.0993793,0.564114,-0.0102499,-0.032628,0.439114,2.86046,0.343911,119.991
3.25029,4.13264,84.1596,-0.0771668,-0.0852695,0.546084,-0.00936805,-0.0515904,0.572405,2.37156,-1.28274,118.952
3.22925,4.35855,85.0937,-0.0736869,-0.0778543,0.537234,-0.015596,-0.0874894,0.78283,3.04425,-1.19319,119.707
2.51485,5.16378,84.5135,-0.0846779,-0.0799227,0.604555,-0.00312675,-0.200895,1.3051,2.31254,-2.41476,121.461
2.53797,5.37732,85.1613,-0.10964,-0.0980748,0.705259,-0.000712838,-0.929336,3.21243,2.98222,-2.24165,122.272
1.99762,7.55825,86.3927,-0.210527,-0.154775,1.05457,-3.22546,-14.4775,28.3858,1.80459,-2.49676,118.662
2.13667,7.65906,86.8731,-0.689697,-0.479945,2.17531,-9.44357,-10.3876,37.8455,2.42166,-2.2449,119.627
0.752337,9.13889,82.1314,-14.6345,-10.9258,25.9592,-6.07639,-6.19522,47.2957,1.03815,-1.55651,103.153
1.06637,9.07929,81.6066,-16.5765,-21.0013,46.6015,-8.13191,-7.81567,58.8923,0.798091,-0.955289,101.373
-0.282487,9.05603,67.0992,-3.67548,-10.5634,56.1815,-6.09207,-5.67591,68.7714,-1.14462,-0.87988,69.7097
0.192219,8.84922,62.3055,-1.60377,-9.08297,60.6319,-5.94133,-5.72397,70.5568,-0.584012,-0.347031,68.8483
-0.913826,7.13563,45.6664,-0.241564,-0.541505,65.6583,-1.92801,-0.793156,90.9417,-4.14188,-4.55354,17.8665
-0.971509,7.12234,42.1437,-0.308452,-0.73629,67.6433,-1.81095,-0.452325,91.5524,-3.14761,-3.08785,12.95
-2.22217,5.94781,37.365,-0.0881505,4.40931,70.7593,1.85549,4.81729,106.033,-1.86137,-2.56458,5.66765
-2.58841,5.62975,36.0497,-0.173749,4.07803,71.7259,2.28219,4.84564,105.826,-0.575926,-0.822989,2.40769
-3.07824,4.75436,38.0276,-0.304344,3.465,73.8808,2.71349,8.64488,107.675,-0.310964,-0.451283,1.4525
-3.40275,4.10115,37.709,-0.373043,3.10794,74.6528,3.01732,8.70586,107.713,-0.168746,-0.247352,0.999313
-3.94706,1.87646,33.4828,0.022269,0.251842,78.7086,2.25149,10.1594,107.344,-0.115841,-0.167665,0.776599
-4.26039,1.25722,31.1337,0.0667131,-0.00930689,79.371,2.4569,10.2446,107.804,-0.0812098,-0.115555,0.641527
-5.54521,-3.60063,18.5298,1.12428,-2.39192,85.9795,2.12167,9.90409,109.45,-0.0640897,-0.0901468,0.560715
-5.01355,-3.38298,14.9308,1.15181,-2.54362,86.9603,2.27428,10.043,110.023,-0.0509873,-0.0704478,0.502428
-5.08102,-5.44828,11.8187,2.21873,-3.34483,95.0622,1.9993,8.69592,113.791,-0.0440482,-0.0601216,0.46906
-2.5014,-2.69683,6.44685,2.184,-3.18841,95.8058,2.16693,8.95779,114.12,-0.0385636,-0.0513325,0.441207
-2.13995,-2.54899,5.25803,2.79566,-2.98608,104.492,1.30308,6.63306,118.259,-0.0359558,-0.0465999,0.431453
-0.968588,-1.17185,2.81119,2.80616,-2.57342,104.666,1.53775,7.00863,118.294,-0.0341935,-0.0426318,0.42331
-0.746872,-0.919372,2.21498,2.57749,-1.38974,107.19,0.231007,4.73851,122.235,-0.0351951,-0.0402268,0.437918
-0.483745,-0.607316,1.63329,2.75058,-1.067,107.434,0.477676,5.19384,122.021,-0.0368589,-0.0403084,0.453768
-0.405892,-0.508558,1.41089,2.44433,0.346856,104.776,-0.927984,3.1278,123.708,-0.0432349,-0.0412155,0.503137
-0.311981,-0.39424,1.19018,2.70651,0.615136,104.996,-0.70927,3.6632,123.545,-0.0514143,-0.0465846,0.559631
-0.278623,-0.347924,1.0985,2.58981,1.31014,100.492,-2.04438,1.84884,122.874,-0.0727686,-0.0547097,0.686922
-0.239766,-0.29889,1.00246,2.91318,1.51016,100.76,-1.86413,2.42921,123.04,-0.109,-0.0775096,0.868061
-0.233329,-0.28846,1.01731,3.18471,1.33497,95.5551,-2.97235,1.69933,121.117,-0.222254,-0.126727,1.3137
-0.248914,-0.305705,1.06992,3.54621,1.44652,95.9948,-2.817,2.27973,121.658,-0.659829,-0.368818,2.48958
-0.339528,-0.420802,1.39803,4.32414,0.953737,89.9813,-3.2589,2.58441,115.485,-5.90927,-3.58034,12.1856
-0.727199,-0.884839,2.33773,4.69114,0.953609,90.7705,-2.8756,2.90604,116.278,-11.3721,-12.9231,30.9567
-6.51008,-7.79942,14.3868,5.65859,0.593398,82.5188,-2.9952,3.18956,98.3181,-2.77514,-9.17575,34.2562
-17.7927,-19.8112,37.3896,5.6207,0.905041,82.9715,-2.62617,3.42893,98.0358,-1.52216,-10.2105,44.5592
-12.0767,-9.50086,45.7437,5.42392,-1.20762,67.9477,-4.19965,0.184303,61.8784,0.345209,-10.9199,61.0208
-9.83202,-3.31338,59.7219,5.04212,0.0992089,63.8431,-3.91972,1.08683,62.2901,0.053434,-11.2331,64.9268
-1.62051,2.38984,59.7241,4.64338,-2.31802,43.5,-4.59336,-3.57791,13.65,0.793711,-11.5831,107.634
-1.43108,2.46766,60.5172,4.91781,-2.02346,40.9039,-2.58106,-1.75367,8.38707,1.02418,-11.2157,108.186
2.3568,4.16582,70.2052,4.39168,-3.24924,35.563,-1.13562,-1.05279,3.20461,3.19892,-7.8051,127.472
2.2048,3.94007,71.0685,4.22903,-3.41978,34.3364,-0.371763,-0.33713,1.49905,3.16582,-6.98417,126.606
3.78221,5.44497,78.973,2.62282,-3.3154,31.8004,-0.202801,-0.185842,0.930206,4.71922,-2.98675,122.637
3.62688,5.362,79.3781,2.16402,-3.52403,31.0215,-0.111019,-0.10001,0.661132,4.71368,-2.50138,122.573
3.88625,6.8308,85.2386,0.486088,-3.74826,28.0751,-0.0744245,-0.0664737,0.511589,5.0949,-0.4423,116.021
3.8553,6.86148,85.3449,0.0142637,-3.95565,26.6993,-0.0490798,-0.043475,0.421176,5.19549,-0.139497,116.389
3.51725,7.88032,90.1939,-1.51898,-4.78841,22.9581,-0.0354125,-0.0313893,0.363562,5.31927,0.487062,115.618
3.58841,7.98454,90.2189,-2.01747,-4.96264,20.344,-0.025743,-0.0230237,0.324449,5.59821,0.734238,115.97
3.29221,8.50415,95.552,-3.60446,-5.89089,15.2335,-0.0196778,-0.0181561,0.29946,5.9383,1.38232,119.974
3.57985,8.65722,95.1071,-3.15571,-5.17691,12.707,-0.0154167,-0.0147035,0.280833,6.36634,1.77182,119.739
3.76235,8.36415,99.9153,-3.6302,-5.24991,10.4224,-0.0125605,-0.0130176,0.271586,6.40624,3.01717,124.661
3.92457,8.49499,100.098,-2.05768,-2.96984,6.38259,-0.0108061,-0.0117707,0.263754,6.73401,3.4835,123.852
4.65078,7.5673,103.653,-1.62357,-2.17446,4.5342,-0.00950407,-0.0118632,0.264379,4.8091,4.17551,123.413
4.94018,7.76833,103.367,-0.785334,-1.04219,2.57104,-0.00896061,-0.0118735,0.264958,5.18911,4.65052,122.951
5.82891,6.84754,101.712,-0.536616,-0.692073,1.80543,-0.00820955,-0.0133226,0.276921,3.50656,4.07362,122.729
6.09542,7.11917,101.477,-0.310889,-0.396414,1.24659,-0.0085744,-0.0144928,0.288076,3.99439,4.50393,122.423
6.48001,6.20336,95.3315,-0.220219,-0.279585,0.981711,-0.00807387,-0.0176475,0.316188,3.24646,3.19152,121.669
6.63825,6.51832,95.6387,-0.154328,-0.193529,0.800591,-0.00944584,-0.0205935,0.344764,3.82708,3.54364,121.567
6.33223,5.95829,89.0061,-0.123452,-0.154143,0.71142,-0.00880321,-0.0275749,0.405995,3.71213,1.94848,119.224
6.4242,6.30103,89.7551,-0.100973,-0.123684,0.644308,-0.0120633,-0.0359911,0.477885,4.38315,2.21899,119.578
5.34981,5.75961,84.7989,-0.0926914,-0.11011,0.642271,-0.0107108,-0.05461,0.620396,3.98732,0.670148,118.877
5.47933,6.05316,85.5659,-0.0924805,-0.105695,0.655995,-0.0180265,-0.0863424,0.820762,4.7331,0.886988,119.675
-1.11253,-1.23721,3.00732,6.08261,2.37831,84.2778,-3.41997,3.19688,123.139,-5.60224,-3.96444,12.5031
-2.82783,-2.98536,6.29858,6.95813,0.399403,87.1164,-2.45364,4.39048,100.242,-10.7462,-12.8419,35.5154
-5.33856,-5.44413,10.8256,7.69691,1.05196,83.7259,-1.74718,3.84391,100.77,-6.09111,-16.4974,58.4079
-10.5147,-10.6999,20.9659,6.943,-0.988316,65.6775,-4.17399,0.344642,63.0186,-1.09512,-13.0401,69.1827
-21.6619,-20.2267,53.0356,6.18389,0.825202,60.7796,-3.95191,1.71937,63.3109,-0.553922,-11.8769,69.798
-11.3585,-6.60364,87.2245,4.44355,-1.32828,40.3198,-5.43834,-3.89463,14.4957,1.10315,-10.7782,111.101
-4.21699,-0.481774,66.0075,5.16585,-1.56877,38.6336,-3.0544,-1.94933,8.84136,1.32739,-10.4593,111.482
0.645517,2.06973,70.91,4.59119,-3.04008,34.3942,-1.3952,-1.25358,3.61058,3.97858,-6.60654,129.386
0.539456,1.95507,71.7457,4.43674,-3.22544,33.2769,-0.442487,-0.390374,1.62009,4.04286,-5.70447,128.421
1.9547,3.26097,80.1153,2.78819,-3.04742,30.9295,-0.239345,-0.214994,0.988323,5.74629,-1.71448,124.672
1.86413,3.26171,80.2998,2.33845,-3.23058,30.1533,-0.127327,-0.112358,0.685653,5.81055,-1.11747,124.497
1.9588,4.58435,86.1757,0.594974,-3.49226,27.0772,-0.0838356,-0.0733452,0.525101,6.20947,0.8584,118.198
1.98408,4.68442,86.1307,0.107182,-3.69313,25.5309,-0.0548015,-0.0474655,0.428578,6.40437,1.26588,118.385
1.71931,5.64346,90.4538,-1.4682,-4.58517,21.777,-0.0392239,-0.033909,0.367088,6.68643,2.12104,117.79
1.81699,5.78902,90.432,-2.05099,-4.77646,18.8656,-0.0283431,-0.0246317,0.325171,7.0377,2.44933,117.958
1.46248,6.06842,95.5784,-3.66349,-5.62256,14.2016,-0.0215823,-0.0192589,0.298369,7.52324,3.15271,121.905
1.79205,6.26159,95.0209,-3.13804,-4.77317,11.4962,-0.0169232,-0.0155269,0.278227,8.00829,3.60238,121.484
1.98393,5.94656,99.4818,-3.6486,-4.94907,9.84789,-0.0138551,-0.0136737,0.267593,8.13957,5.09085,125.573
2.18616,6.10662,99.502,-2.06012,-2.76833,5.97626,-0.0119573,-0.0122937,0.258341,8.51283,5.58608,124.675
2.98866,5.18468,102.976,-1.71443,-2.15164,4.48299,-0.0106486,-0.0123118,0.257182,6.57897,6.47103,123.977
3.30085,5.40985,102.559,-0.833904,-1.03343,2.52253,-0.0100546,-0.0122184,0.255931,7.00001,6.96388,123.457
4.18082,4.51545,100.597,-0.575604,-0.695219,1.78777,-0.00948949,-0.0137294,0.265567,5.31505,6.29448,123.224
4.42987,4.79794,100.307,-0.332969,-0.396447,1.21942,-0.00993106,-0.0148481,0.274349,5.83526,6.72317,122.869
4.86167,4.00225,94.102,-0.233431,-0.276472,0.949441,-0.0100717,-0.0182623,0.298327,5.19998,5.46097,122.326
4.97352,4.3033,94.398,-0.161893,-0.18883,0.762101,-0.0117817,-0.0212325,0.322556,5.80871,5.80256,122.168
4.69841,3.81624,87.5467,-0.127427,-0.147319,0.665253,-0.012967,-0.0292534,0.376181,5.67659,4.05336,119.74
4.71677,4.13389,88.3028,-0.10241,-0.115737,0.59028,-0.0178323,-0.0386632,0.440731,6.38311,4.30444,120.083
3.66567,3.70725,83.2548,-0.0925905,-0.100524,0.57206,-0.0232419,-0.0626518,0.573109,5.98138,2.70762,119.313
3.7051,4.00722,84.2304,-0.0894392,-0.0930927,0.563936,-0.0422439,-0.108093,0.782415,6.80654,2.92596,120.06
3.09563,4.96702,83.9187,-0.105392,-0.0996973,0.639866,-0.08023,-0.258856,1.30621,6.28911,1.99893,121.991
3.19018,5.2628,84.5969,-0.140785,-0.127382,0.757009,-0.433494,-1.29079,3.44718,7.1343,2.32328,122.797
2.72504,7.45394,86.0166,-0.293411,-0.227207,1.18347,-9.53334,-19.3217,32.8824,5.97528,2.11314,119.174
2.94448,7.67239,86.4881,-1.22025,-0.9155,2.99441,-11.701,-12.9798,36.1082,6.91255,2.47925,120.342
1.69268,9.10066,81.2312,-20.1676,-17.1468,35.6139,-9.30296,-9.11291,50.4527,5.00275,2.69597,103.544
1.69913,9.27237,81.581,-16.2339,-19.0716,37.8639,-11.0585,-10.2689,61.5878,4.70882,3.29662,101.878
0.575161,9.18918,65.8318,-7.57046,-14.1721,56.3491,-8.50649,-7.71263,69.9107,1.86836,2.11138,70.4497
1.11368,8.98014,60.6379,-3.21427,-12.2283,65.9898,-8.23764,-7.63044,71.5497,2.51136,2.77683,69.3732
-0.330496,7.2669,44.5322,-0.989624,-1.52538,64.6677,-4.72364,-3.20725,92.4243,-4.05152,-4.24125,17.4481
-0.433178,7.29559,41.2287,-0.90822,-1.35453,65.715,-4.4723,-2.75208,92.9322,-3.0738,-2.85396,12.3796
-1.58556,6.2825,37.1581,-0.819732,3.7293,68.3837,-0.998503,2.30517,106.976,-2.48579,-3.22586,6.76676
-1.94669,5.9981,36.0667,-0.906747,3.39255,69.5523,-0.451923,2.44378,106.714,-0.758562,-1.02117,2.73542
-2.18813,5.4617,39.0059,-1.18385,2.71428,71.2093,0.0481166,6.46162,108.582,-0.431633,-0.586496,1.67999
-2.4855,4.84296,38.9387,-1.23702,2.3669,72.1078,0.444045,6.61506,108.596,-0.23444,-0.320594,1.1304
-3.02452,2.72501,35.0046,-0.860703,-0.642274,76.0916,-0.19706,8.30857,108.321,-0.163202,-0.220074,0.87609
-3.38584,2.09128,32.5348,-0.786037,-0.912717,76.8764,0.085063,8.4734,108.727,-0.115241,-0.152688,0.717935
-5.26054,-3.24827,18.9115,0.240601,-3.50411,84.1011,-0.329867,8.10787,110.589,-0.0912559,-0.119798,0.625645
-4.89584,-3.30051,14.8288,0.334596,-3.67197,85.1614,-0.100993,8.31021,111.136,-0.072711,-0.0940626,0.557706
-5.16172,-5.47766,11.8331,1.47656,-4.39411,93.3658,-0.301086,6.952,114.816,-0.062456,-0.0802734,0.518665
-2.56094,-2.70778,6.42682,1.50377,-4.1043,93.889,-0.0531786,7.32856,115.168,-0.0543485,-0.0684782,0.485377
-2.35517,-2.73909,5.56931,2.31752,-3.83522,102.799,-0.970345,5.07675,119.515,-0.0500881,-0.062008,0.472781
-1.07514,-1.25961,2.94628,2.37128,-3.35539,102.942,-0.664208,5.54294,119.516,-0.0472381,-0.0566681,0.461727
-0.863167,-1.02421,2.38343,2.26067,-2.03109,105.744,-1.97003,3.31155,123.163,-0.0479403,-0.0538587,0.475978
-0.563556,-0.676948,1.74454,2.46652,-1.68585,106.044,-1.658,3.83004,122.933,-0.0498347,-0.05421,0.490767
-0.482131,-0.576438,1.52258,2.28076,-0.073776,103.852,-3.02313,1.7431,124.449,-0.0576552,-0.0563213,0.542574
-0.373089,-0.447663,1.27878,2.56979,0.199352,104.129,-2.75439,2.3263,124.266,-0.0683938,-0.0643339,0.601589
-0.334909,-0.396117,1.17969,2.66037,1.03339,99.9414,-4.0471,0.569248,123.258,-0.096464,-0.0789332,0.73887
-0.286933,-0.337787,1.06797,3.0057,1.22792,100.273,-3.83511,1.18011,123.412,-0.145534,-0.115059,0.936367
-0.27885,-0.323646,1.07548,3.37598,1.19809,95.2202,-4.75023,0.434297,121.092,-0.305855,-0.208762,1.4459
-0.294665,-0.338975,1.12294,3.75374,1.29629,95.7367,-4.57942,1.02758,121.622,-0.990361,-0.679307,2.97818
-0.406084,-0.466961,1.46844,4.63357,0.847485,89.84,-4.86648,1.39269,115.287,-8.54923,-6.58088,16.4929
-0.880143,-0.993082,2.51579,5.01711,0.826731,90.738,-4.58554,1.77429,116.202,-11.4184,-13.1208,28.0015
-7.54522,-8.32167,15.5329,6.0958,0.605035,82.7095,-4.5235,2.33947,98.0268,-4.3367,-9.69451,30.3916
-17.931,-18.6936,35.3704,6.14649,0.790578,83.3157,-4.03549,2.42711,97.7173,-2.54418,-11.6612,45.7584
-15.4196,-12.848,46.2754,5.64501,-0.988439,66.0213,-5.10556,-0.203732,60.6952,-0.187404,-11.7129,63.4318
-12.6536,-5.28648,66.4614,5.20806,0.422561,61.7691,-4.86719,0.732692,61.062,-0.308715,-11.5459,66.1882
-2.81614,1.52584,61.3874,4.83848,-2.29728,42.9832,-4.56281,-3.41162,13.2414,0.209478,-12.2592,107.767
-2.35277,1.83941,60.7863,5.13679,-2.0911,40.7369,-2.4882,-1.62501,7.99502,0.402506,-11.9273,108.354
1.26854,3.43647,70.2589,4.57112,-3.2937,35.9429,-1.03809,-0.931578,3.00211,2.43152,-8.77795,126.695
1.12539,3.21475,71.0159,4.3923,-3.46879,34.7776,-0.350293,-0.307965,1.45075,2.37823,-7.98202,125.962
2.5636,4.4969,79.2063,2.76698,-3.26813,32.4082,-0.190311,-0.170212,0.892562,3.96201,-4.06262,122.541
2.41611,4.42168,79.4425,2.29643,-3.46789,31.5993,-0.102372,-0.0899227,0.631448,3.89238,-3.58332,122.563
2.48019,5.67203,85.5632,0.535678,-3.64168,28.3265,-0.0678597,-0.0591265,0.487806,4.27757,-1.571,116.492
2.45287,5.70078,85.5612,0.0622127,-3.83096,26.8243,-0.0445342,-0.0384847,0.401734,4.35394,-1.28429,116.842
2.11586,6.63436,90.1892,-1.52798,-4.73414,22.8265,-0.0319491,-0.0276587,0.346745,4.42491,-0.585721,116.373
2.17591,6.72194,90.1605,-2.01769,-4.8978,20.211,-0.0231041,-0.0202152,0.309375,4.67332,-0.363673,116.692
1.82777,7.0429,95.0768,-3.65162,-5.8219,15.2057,-0.0175416,-0.0159019,0.285555,4.87136,0.123267,120.649
2.08286,7.16484,94.6421,-3.22015,-5.1049,12.6697,-0.0136678,-0.0128608,0.26777,5.26801,0.473066,120.402
2.09015,6.81133,99.4866,-3.65015,-5.09354,10.2643,-0.011084,-0.0114295,0.258766,5.25427,1.6338,125.021
2.19165,6.89979,99.6388,-2.05119,-2.82454,6.20957,-0.00948063,-0.0103188,0.251031,5.5412,2.05474,124.235
2.77572,5.93114,102.973,-1.57349,-2.01653,4.31981,-0.00833924,-0.0104706,0.250969,3.60125,2.72914,123.576
3.01171,6.08074,102.659,-0.754554,-0.952368,2.43418,-0.00780542,-0.0104525,0.250902,3.93347,3.13716,123.159
3.88479,5.23528,101.207,-0.501355,-0.616591,1.68097,-0.00717064,-0.0118531,0.261001,2.17527,2.58507,122.804
4.0811,5.44506,100.923,-0.287937,-0.348855,1.15611,-0.00739877,-0.0128352,0.270426,2.60362,2.93429,122.538
4.47772,4.61091,94.8123,-0.200077,-0.241456,0.899769,-0.00703736,-0.0158021,0.294807,1.89053,1.59161,121.963
4.53761,4.8445,95.089,-0.137909,-0.163992,0.72588,-0.00809929,-0.018339,0.319869,2.3995,1.84592,121.874
4.31285,4.33255,88.4599,-0.107866,-0.127266,0.634257,-0.00768603,-0.0249444,0.373797,2.28043,0.196663,119.636
4.27582,4.57874,89.1844,-0.0861381,-0.0993793,0.564114,-0.0102499,-0.032628,0.439114,2.86046,0.343911,119.991
3.25029,4.13264,84.1596,-0.0771668,-0.0852695,0.546084,-0.00936805,-0.0515904,0.572405,2.37156,-1.28274,118.952
3.22925,4.35855,85.0937,-0.0736869,-0.0778543,0.537234,-0.015596,-0.0874894,0.78283,3.04425,-1.19319,119.707
2.51485,5.16378,84.5135,-0.0846779,-0.0799227,0.604555,-0.00312675,-0.200895,1.3051,2.31254,-2.41476,121.461
2.53797,5.37732,85.1613,-0.10964,-0.0980748,0.705259,-0.000712838,-0.929336,3.21243,2.98222,-2.24165,122.272
1.99762,7.55825,86.3927,-0.210527,-0.154775,1.05457,-3.22546,-14.4775,28.3858,1.80459,-2.49676,118.662
2.13667,7.65906,86.8731,-0.689697,-0.479945,2.17531,-9.44357,-10.3876,37.8455,2.42166,-2.2449,119.627
0.752337,9.13889,82.1314,-14.6345,-10.9258,25.9592,-6.07639,-6.19522,47.2957,1.03815,-1.55651,103.153
1.06637,9.07929,81.6066,-16.5765,-21.0013,46.6015,-8.13191,-7.81567,58.8923,0.798091,-0.955289,101.373
-0.282487,9.05603,67.0992,-3.67548,-10.5634,56.1815,-6.09207,-5.67591,68.7714,-1.14462,-0.87988,69.7097
0.192219,8.84922,62.3055,-1.60377,-9.08297,60.6319,-5.94133,-5.72397,70.5568,-0.584012,-0.347031,68.8483
-0.913826,7.13563,45.6664,-0.241564,-0.541505,65.6583,-1.92801,-0.793156,90.9417,-4.14188,-4.55354,17.8665
-0.971509,7.12234,42.1437,-0.308452,-0.73629,67.6433,-1.81095,-0.452325,91.5524,-3.14761,-3.08785,12.95
-2.22217,5.94781,37.365,-0.0881505,4.40931,70.7593,1.85549,4.81729,106.033,-1.86137,-2.56458,5.66765
-2.58841,5.62975,36.0497,-0.173749,4.07803,71.7259,2.28219,4.84564,105.826,-0.575926,-0.822989,2.40769
-3.07824,4.75436,38.0276,-0.304344,3.465,73.8808,2.71349,8.64488,107.675,-0.310964,-0.451283,1.4525
-3.40275,4.10115,37.709,-0.373043,3.10794,74.6528,3.01732,8.70586,107.713,-0.168746,-0.247352,0.999313
-3.94706,1.87646,33.4828,0.022269,0.251842,78.7086,2.25149,10.1594,107.344,-0.115841,-0.167665,0.776599
-4.26039,1.25722,31.1337,0.0667131,-0.00930689,79.371,2.4569,10.2446,107.804,-0.0812098,-0.115555,0.641527
-5.54521,-3.60063,18.5298,1.12428,-2.39192,85.9795,2.12167,9.90409,109.45,-0.0640897,-0.0901468,0.560715
-5.01355,-3.38298,14.9308,1.15181,-2.54362,86.9603,2.27428,10.043,110.023,-0.0509873,-0.0704478,0.502428
-5.08102,-5.44828,11.8187,2.21873,-3.34483,95.0622,1.9993,8.69592,113.791,-0.0440482,-0.0601216,0.46906
-2.5014,-2.69683,6.44685,2.184,-3.18841,95.8058,2.16693,8.95779,114.12,-0.0385636,-0.0513325,0.441207
-2.13995,-2.54899,5.25803,2.79566,-2.98608,104.492,1.30308,6.63306,118.259,-0.0359558,-0.0465999,0.431453
-0.968588,-1.17185,2.81119,2.80616,-2.57342,104.666,1.53775,7.00863,118.294,-0.0341935,-0.0426318,0.42331
-0.746872,-0.919372,2.21498,2.57749,-1.38974,107.19,0.231007,4.73851,122.235,-0.0351951,-0.0402268,0.437918
-0.483745,-0.607316,1.63329,2.75058,-1.067,107.434,0.477676,5.19384,122.021,-0.0368589,-0.0403084,0.453768
-0.405892,-0.508558,1.41089,2.44433,0.346856,104.776,-0.927984,3.1278,123.708,-0.0432349,-0.0412155,0.503137
-0.311981,-0.39424,1.19018,2.70651,0.615136,104.996,-0.70927,3.6632,123.545,-0.0514143,-0.0465846,0.559631
-0.278623,-0.347924,1.0985,2.58981,1.31014,100.492,-2.04438,1.84884,122.874,-0.0727686,-0.0547097,0.686922
-0.239766,-0.29889,1.00246,2.91318,1.51016,100.76,-1.86413,2.42921,123.04,-0.109,-0.0775096,0.868061
-0.233329,-0.28846,1.01731,3.18471,1.33497,95.5551,-2.97235,1.69933,121.117,-0.222254,-0.126727,1.3137
-0.248914,-0.305705,1.06992,3.54621,1.44652,95.9948,-2.817,2.27973,121.658,-0.659829,-0.368818,2.48958
-0.339528,-0.420802,1.39803,4.32414,0.953737,89.9813,-3.2589,2.58441,115.485,-5.90927,-3.58034,12.1856
-0.727199,-0.884839,2.33773,4.69114,0.953609,90.7705,-2.8756,2.90604,116.278,-11.3721,-12.9231,30.9567
-6.51008,-7.79942,14.3868,5.65859,0.593398,82.5188,-2.9952,3.18956,98.3181,-2.77514,-9.17575,34.2562
-17.7927,-19.8112,37.3896,5.6207,0.905041,82.9715,-2.62617,3.42893,98.0358,-1.52216,-10.2105,44.5592
-12.0767,-9.50086,45.7437,5.42392,-1.20762,67.9477,-4.19965,0.184303,61.8784,0.345209,-10.9199,61.0208
-9.83202,-3.31338,59.7219,5.04212,0.0992089,63.8431,-3.91972,1.08683,62.2901,0.053434,-11.2331,64.9268
-1.62051,2.38984,59.7241,4.64338,-2.31802,43.5,-4.59336,-3.57791,13.65,0.793711,-11.5831,107.634
-1.43108,2.46766,60.5172,4.91781,-2.02346,40.9039,-2.58106,-1.75367,8.38707,1.02418,-11.2157,108.186
2.3568,4.16582,70.2052,4.39168,-3.24924,35.563,-1.13562,-1.05279,3.20461,3.19892,-7.8051,127.472
2.2048,3.94007,71.0685,4.22903,-3.41978,34.3364,-0.371763,-0.33713,1.49905,3.16582,-6.98417,126.606
3.78221,5.44497,78.973,2.62282,-3.3154,31.8004,-0.202801,-0.185842,0.930206,4.71922,-2.98675,122.637
3.62688,5.362,79.3781,2.16402,-3.52403,31.0215,-0.111019,-0.10001,0.661132,4.71368,-2.50138,122.573
3.88625,6.8308,85.2386,0.486088,-3.74826,28.0751,-0.0744245,-0.0664737,0.511589,5.0949,-0.4423,116.021
3.8553,6.86148,85.3449,0.0142637,-3.95565,26.6993,-0.0490798,-0.043475,0.421176,5.19549,-0.139497,116.389
3.51725,7.88032,90.1939,-1.51898,-4.78841,22.9581,-0.0354125,-0.0313893,0.363562,5.31927,0.487062,115.618
3.58841,7.98454,90.2189,-2.01747,-4.96264,20.344,-0.025743,-0.0230237,0.324449,5.59821,0.734238,115.97
3.29221,8.50415,95.552,-3.60446,-5.89089,15.2335,-0.0196778,-0.0181561,0.29946,5.9383,1.38232,119.974
3.57985,8.65722,95.1071,-3.15571,-5.17691,12.707,-0.0154167,-0.0147035,0.280833,6.36634,1.77182,119.739
3.76235,8.36415,99.9153,-3.6302,-5.24991,10.4224,-0.0125605,-0.0130176,0.271586,6.40624,3.01717,124.661
3.92457,8.49499,100.098,-2.05768,-2.96984,6.38259,-0.0108061,-0.0117707,0.263754,6.73401,3.4835,123.852
4.65078,7.5673,103.653,-1.62357,-2.17446,4.5342,-0.00950407,-0.0118632,0.264379,4.8091,4.17551,123.413
4.94018,7.76833,103.367,-0.785334,-1.04219,2.57104,-0.00896061,-0.0118735,0.264958,5.18911,4.65052,122.951
5.82891,6.84754,101.712,-0.536616,-0.692073,1.80543,-0.00820955,-0.0133226,0.276921,3.50656,4.07362,122.729
6.09542,7.11917,101.477,-0.310889,-0.396414,1.24659,-0.0085744,-0.0144928,0.288076,3.99439,4.50393,122.423
6.48001,6.20336,95.3315,-0.220219,-0.279585,0.981711,-0.00807387,-0.0176475,0.316188,3.24646,3.19152,121.669
6.63825,6.51832,95.6387,-0.154328,-0.193529,0.800591,-0.00944584,-0.0205935,0.344764,3.82708,3.54364,121.567
6.33223,5.95829,89.0061,-0.123452,-0.154143,0.71142,-0.00880321,-0.0275749,0.405995,3.71213,1.94848,119.224
6.4242,6.30103,89.7551,-0.100973,-0.123684,0.644308,-0.0120633,-0.0359911,0.477885,4.38315,2.21899,119.578
5.34981,5.75961,84.7989,-0.0926914,-0.11011,0.642271,-0.0107108,-0.05461,0.620396,3.98732,0.670148,118.877
5.47933,6.05316,85.5659,-0.0924805,-0.105695,0.655995,-0.0180265,-0.0863424,0.820762,4.7331,0.886988,119.675
