-2.33202,2.43092,37.6337,-2.17533,-2.57505,37.6321,-0.132802,7.06899,34.6055,0.272689,-7.05334,34.5759
-2.41705,2.443,37.7273,-2.25959,-2.59159,37.7258,-0.199566,7.0782,34.668,0.206522,-7.06613,34.6385
-2.43032,2.43807,37.7055,-2.27316,-2.58736,37.704,-0.207874,7.07693,34.6494,0.198162,-7.06531,34.62
-2.4843,2.4325,37.712,-2.32734,-2.58457,37.7104,-0.26971,7.09015,34.6947,0.137225,-7.0818,34.6651
-2.53333,2.42601,37.7101,-2.3766,-2.58059,37.7084,-0.33783,7.1094,34.7591,0.0703644,-7.10461,34.7292
-2.56373,2.41455,37.6813,-2.40758,-2.57072,37.6795,-0.403152,7.13123,34.8366,0.00638773,-7.12987,34.8066
-2.57455,2.40195,37.637,-2.41906,-2.5587,37.6352,-0.453203,7.14897,34.9046,-0.042501,-7.15013,34.8741
-2.56549,2.39614,37.6016,-2.41033,-2.55239,37.5997,-0.477181,7.16163,34.9572,-0.0657069,-7.16398,34.9266
-2.56543,2.39648,37.5994,-2.41029,-2.55272,37.5976,-0.492446,7.16883,34.994,-0.0805978,-7.172,34.9634
-2.55736,2.39658,37.5898,-2.40222,-2.55236,37.588,-0.498247,7.17305,35.018,-0.0861188,-7.17648,34.9873
-2.54959,2.39716,37.583,-2.39443,-2.5525,37.5811,-0.499839,7.17511,35.033,-0.0876048,-7.1786,35.0023
-2.54268,2.39811,37.5788,-2.38752,-2.55309,37.5771,-0.499024,7.17588,35.0423,-0.0867557,-7.17932,35.0116
-2.53681,2.39948,37.5775,-2.3816,-2.55412,37.5757,-0.496515,7.17581,35.0475,-0.0842625,-7.17909,35.0168
-52.8919,21.8252,118.227,-51.6146,-24.6023,118.352,-1.82729,0.0892794,2.86223,-1.84595,-0.190987,2.89963
-52.6781,20.8414,118.328,-51.4675,-23.585,118.474,-0.946708,0.0342198,1.6681,-0.958245,-0.0864417,1.68995
-34.068,13.8893,90.1643,-33.27,-15.6547,90.2939,-0.232697,-0.026594,0.907992,-0.234957,0.0143348,0.913479
-16.8726,8.00955,62.9333,-16.4184,-8.88666,63.0383,-0.0015219,-0.0562892,0.99838,-0.00321462,0.0561994,1.00406
-4.00297,3.81351,41.9613,-3.79132,-4.01659,42.0432,0.594197,-0.15991,2.0099,0.594492,0.19118,2.0271
4.77627,1.39612,27.6097,4.85025,-1.14107,27.6644,3.61502,-0.228071,7.6339,3.61291,0.398382,7.67394
9.98726,0.405943,18.0629,10.0051,0.111162,18.0644,1.63024,7.39664,33.867,1.98684,-7.36751,33.9467
10.3258,0.369154,17.1737,10.3365,0.158748,17.1594,1.00742,10.369,45.9942,1.52426,-10.3488,46.0405
8.49846,-0.662469,13.3119,8.44503,1.09149,13.2856,2.92518,11.0068,48.4547,3.4678,-10.8501,48.4741
8.96859,0.384041,17.3099,8.9803,0.0684807,17.2684,5.09615,10.7283,47.889,5.61793,-10.4291,47.8919
7.57115,-0.0462883,17.6171,7.56444,0.428021,17.557,5.7912,10.1997,46.5938,6.27726,-9.83615,46.5854
6.24617,1.4982,25.9289,6.33267,-1.17784,25.8557,6.26978,9.60773,45.0912,6.72596,-9.20401,45.078
5.06443,2.43498,31.8039,5.20594,-2.16617,31.7221,6.06986,8.66634,42.5487,6.48126,-8.26647,42.5325
3.73141,3.39069,38.1256,3.92777,-3.1859,38.041,5.22913,8.06405,41.1979,5.61825,-7.71617,41.1811
2.91072,3.89757,41.8203,3.13606,-3.73296,41.7361,4.6625,7.41452,39.4746,5.02506,-7.10535,39.4568
2.364,4.14495,43.9677,2.60356,-4.00767,43.8857,4.14789,6.89875,38.1195,4.48917,-6.62446,38.1014
1.76492,4.32681,45.9926,2.01516,-4.22001,45.9134,3.46918,6.26867,36.4493,3.78441,-6.04092,36.431
1.11803,4.45612,47.9098,1.376,-4.38263,47.8348,2.63989,5.57614,34.6158,2.92668,-5.40448,34.5977
0.751519,4.49528,48.8429,1.01182,-4.44156,48.7719,2.14514,5.12217,33.3348,2.41284,-4.986,33.3176
0.347825,4.51158,49.7679,0.609134,-4.47968,49.7021,1.59019,4.622,31.9453,1.83665,-4.52486,31.9293
0.0172271,4.49571,50.4082,0.277561,-4.48219,50.3482,1.13372,4.18453,30.7083,1.36118,-4.12021,30.6938
-0.217553,4.47112,50.8286,0.0411944,-4.47118,50.774,0.747521,3.90816,29.9007,0.962994,-3.87089,29.8879
-0.360993,4.45161,51.1032,-0.103683,-4.46039,51.0532,0.483788,3.7588,29.43,0.692862,-3.73931,29.4183
-0.427602,4.45358,51.3295,-0.170525,-4.46661,51.2824,0.411048,3.68047,29.1358,0.616662,-3.66659,29.1246
-0.471362,4.48099,51.6084,-0.213039,-4.49675,51.5633,0.422616,3.63307,28.9221,0.62596,-3.61972,28.9114
-0.509736,4.52356,51.9268,-0.249286,-4.54163,51.8832,0.461454,3.60242,28.7599,0.663323,-3.58791,28.7497
-0.552528,4.57649,52.2819,-0.2894,-4.59707,52.2398,0.497978,3.58057,28.6335,0.698997,-3.56497,28.6236
-0.597843,4.63254,52.6423,-0.331768,-4.65563,52.6014,0.527086,3.56466,28.536,0.727585,-3.54832,28.5264
-0.641186,4.68561,52.9775,-0.372338,-4.71112,52.9377,0.551507,3.55351,28.4632,0.751712,-3.53659,28.4538
-0.682336,4.73454,53.2836,-0.410898,-4.7623,53.2446,0.571356,3.5451,28.4073,0.771382,-3.52774,28.3981
-0.721146,4.77879,53.5592,-0.447356,-4.80866,53.521,0.587019,3.5378,28.3622,0.786912,-3.52017,28.3532
-0.756175,4.81735,53.7992,-0.480354,-4.84915,53.7617,0.600683,3.53108,28.3248,0.800444,-3.51321,28.316
-0.772587,4.83873,53.9274,-0.495644,-4.87141,53.8903,0.621532,3.52398,28.2828,0.821043,-3.50522,28.274
-0.812432,4.87683,54.1692,-0.533433,-4.91164,54.1327,0.627291,3.51842,28.2648,0.826743,-3.49981,28.2562
-0.830799,4.89372,54.2796,-0.550922,-4.92951,54.2434,0.64178,3.51185,28.2409,0.840868,-3.49267,28.2325
-0.834866,4.89449,54.2956,-0.554947,-4.93047,54.2594,0.658885,3.50372,28.2143,0.857505,-3.48359,28.2059
-1.29545,2.8787,38.85,-1.11537,-2.9422,38.8352,1.67835,6.672,33.4165,2.06183,-6.52302,33.3657
-0.961598,2.70683,37.5584,-0.787154,-2.76011,37.5366,1.42144,6.86466,33.7607,1.81709,-6.74174,33.7116
-1.22995,2.74886,37.9507,-1.05155,-2.82298,37.9293,1.33763,6.88625,33.758,1.73595,-6.77712,33.7096
-1.31606,2.71633,37.8479,-1.13831,-2.79993,37.827,1.20303,6.92035,33.8368,1.60384,-6.82577,33.7906
-1.38723,2.68088,37.7175,-1.21054,-2.77203,37.6976,1.06099,6.95845,33.9288,1.46414,-6.87737,33.8853
-1.44939,2.64445,37.584,-1.2741,-2.74199,37.5657,0.927649,6.99581,34.0166,1.33293,-6.92679,33.9761
-1.50037,2.60959,37.4531,-1.32659,-2.71219,37.437,0.813248,7.02598,34.0827,1.22013,-6.96715,34.0452
-1.54422,2.58486,37.3557,-1.37164,-2.69125,37.3423,0.72107,7.0505,34.1363,1.12896,-6.99972,34.1024
-1.58477,2.56422,37.2708,-1.4135,-2.6731,37.2607,0.645094,7.06754,34.1648,1.05326,-7.02263,34.1349
-1.62147,2.54553,37.1875,-1.45194,-2.65508,37.1819,0.577535,7.08234,34.1827,0.985395,-7.04085,34.1573
-1.65465,2.52794,37.1004,-1.48775,-2.63544,37.1011,0.516845,7.09607,34.1881,0.92359,-7.05427,34.1681
-1.68292,2.51087,37.0003,-1.52034,-2.61202,37.0105,0.46968,7.11059,34.1587,0.874004,-7.06176,34.1453
-1.72126,2.50551,36.9192,-1.56454,-2.59444,36.9432,0.469329,7.12235,34.1877,0.868978,-7.04486,34.1817
-51.9459,21.8767,116.08,-50.6218,-24.6062,116.224,-1.56934,0.14994,2.86653,-1.56884,-0.144604,2.87576
-45.954,18.8012,111.957,-44.8017,-21.2078,112.1,-0.266854,0.0404041,0.884253,-0.270344,-0.0321078,0.898507
-25.3987,11.2846,81.9608,-24.6785,-12.6528,82.0412,-0.0324859,0.00861535,0.587287,-0.0316734,-0.0015535,0.604548
-8.9925,5.77346,55.7234,-8.59838,-6.30937,55.7524,0.100125,-0.0101246,0.624918,0.113328,0.0185103,0.660993
1.96568,2.24334,37.2804,2.14134,-2.19054,37.2743,0.497207,-0.0592697,1.14607,0.627172,0.0855927,1.34059
8.36908,0.594014,26.3128,8.42872,-0.183486,26.2861,3.12072,-0.377015,4.58539,3.64907,0.420377,5.29725
10.5746,0.708149,21.9254,10.6066,-0.124495,21.9308,16.122,2.85674,23.0955,15.982,-3.1757,23.4346
10.3248,0.512987,20.2857,10.3494,0.014577,20.2459,-0.169087,11.579,53.9206,-0.238685,-11.933,54.1203
7.45844,-0.71613,14.2952,7.40835,1.09401,14.2294,-1.11474,10.5551,55.1172,-0.250392,-10.5644,54.5044
8.01586,0.319745,19.5949,8.05242,0.112853,19.4442,2.34103,9.7102,51.8138,2.83617,-9.55935,51.7419
5.58361,0.198563,20.0015,5.61379,0.114316,19.8467,2.83763,9.28947,50.7135,3.27031,-9.03027,50.6427
5.8614,1.44184,26.5653,5.9526,-1.10043,26.4147,3.27057,8.70877,49.1277,3.64894,-8.35679,49.0512
5.4462,2.33028,31.8536,5.58251,-2.001,31.6947,3.28689,7.95398,46.6529,3.61493,-7.57302,46.5747
4.67383,2.97537,35.999,4.84663,-2.6772,35.8208,2.9494,7.37734,44.4115,3.24574,-7.00865,44.332
4.04045,3.33007,38.6642,4.23323,-3.06168,38.4762,2.74596,6.85872,42.2753,3.01967,-6.51355,42.1951
3.62965,3.46247,40.0152,3.82961,-3.21362,39.8261,2.48971,6.4485,40.6072,2.7462,-6.12477,40.527
3.18015,3.49353,40.9682,3.38254,-3.26785,40.7792,2.16123,5.94894,38.6318,2.39981,-5.65784,38.5524
2.69787,3.44395,41.6226,2.89905,-3.24662,41.4343,1.74847,5.39216,36.4369,1.97187,-5.15661,36.3596
2.39059,3.4065,42.0494,2.5908,-3.22824,41.8652,1.36745,5.0135,35.034,1.58169,-4.82199,34.9591
2.07912,3.31674,42.2482,2.27565,-3.15873,42.0701,0.959877,4.58421,33.511,1.16282,-4.43973,33.4396
1.82288,3.21095,42.2928,2.01481,-3.07098,42.1218,0.58472,4.19105,32.1786,0.777541,-4.09244,32.1115
1.64709,3.11147,42.2355,1.83453,-2.98535,42.0725,0.166083,3.93284,31.372,0.353509,-3.87856,31.309
1.54816,3.03038,42.1313,1.73185,-2.91345,41.9761,-0.210842,3.78519,30.9686,-0.0254517,-3.76705,30.9093
1.51362,2.98191,42.0565,1.69517,-2.86966,41.9082,-0.430642,3.69905,30.7672,-0.246249,-3.70267,30.7111
1.49642,2.9662,42.0817,1.67749,-2.85677,41.9397,-0.553017,3.64216,30.635,-0.369402,-3.65806,30.5817
1.48307,2.97036,42.1742,1.66463,-2.86286,42.0379,-0.624681,3.60201,30.5334,-0.44174,-3.6247,30.4824
1.46741,2.98712,42.3141,1.65008,-2.88113,42.1829,-0.676263,3.57055,30.4471,-0.493971,-3.59715,30.3982
1.45217,3.00849,42.4654,1.63615,-2.90356,42.3385,-0.716579,3.54472,30.373,-0.534925,-3.57344,30.3257
1.44181,3.0282,42.5962,1.62698,-2.92371,42.4728,-0.746312,3.5234,30.3105,-0.565288,-3.55282,30.2646
1.43608,3.04508,42.7032,1.62224,-2.94049,42.5826,-0.768621,3.50481,30.2561,-0.588247,-3.5339,30.2112
1.43431,3.05874,42.7871,1.62124,-2.95358,42.6684,-0.785736,3.48748,30.2067,-0.606063,-3.51544,30.1624
1.43737,3.06817,42.8429,1.62479,-2.96191,42.7252,-0.797334,3.47099,30.1613,-0.618412,-3.49712,30.1174
1.4486,3.06946,42.8484,1.63605,-2.96133,42.7307,-0.804443,3.45605,30.1246,-0.626254,-3.47976,30.0807
1.46032,3.07256,42.86,1.64789,-2.96202,42.7413,-0.806591,3.43106,30.0837,-0.629176,-3.45178,30.039
1.47685,3.07873,42.9022,1.66492,-2.96445,42.781,-0.827438,3.36835,30.1072,-0.649975,-3.38376,30.0566
1.53937,3.02175,42.5581,1.72744,-2.90194,42.4283,-0.946319,3.10048,30.0849,-0.776119,-3.08064,30.0358
-1.40111,2.84131,38.7492,-1.21709,-2.89426,38.7085,1.49344,6.72757,33.5557,1.88879,-6.56234,33.4717
-1.05934,2.67463,37.466,-0.880862,-2.71564,37.4193,1.23701,6.92188,33.9138,1.64464,-6.78184,33.8328
-1.32191,2.72079,37.8701,-1.13979,-2.78202,37.8254,1.16285,6.94357,33.9129,1.57242,-6.81711,33.8347
-1.40193,2.69232,37.7764,-1.22063,-2.76242,37.7332,1.03573,6.97807,33.9966,1.44734,-6.86599,33.9222
-1.46735,2.66059,37.6535,-1.28725,-2.73767,37.612,0.900028,7.01665,34.0946,1.31362,-6.91791,34.0242
-1.52407,2.6276,37.5261,-1.34552,-2.71053,37.4868,0.772045,7.05462,34.1893,1.18742,-6.96769,34.123
-1.5697,2.59592,37.3998,-1.39289,-2.68333,37.3632,0.662005,7.08564,34.2636,1.07865,-7.00847,34.2013
-1.60812,2.5741,37.305,-1.43284,-2.66462,37.2716,0.573137,7.11134,34.3273,0.990457,-7.04158,34.2693
-1.64284,2.55609,37.2203,-1.46931,-2.64827,37.1909,0.499526,7.12994,34.3679,0.916753,-7.06511,34.3146
-1.67306,2.53974,37.1345,-1.50192,-2.63155,37.1105,0.43336,7.14683,34.4001,0.84984,-7.08402,34.3521
-1.69863,2.52414,37.0413,-1.53111,-2.61256,37.0248,0.372517,7.16318,34.4247,0.787304,-7.09806,34.3828
-1.71761,2.50881,36.9307,-1.55589,-2.58911,36.9257,0.320705,7.18098,34.432,0.732353,-7.10597,34.3974
-1.74357,2.50391,36.832,-1.59012,-2.56961,36.8444,0.328813,7.19635,34.4327,0.735992,-7.08681,34.407
-51.9027,21.6653,115.651,-50.6131,-24.3484,115.783,-1.47816,0.126792,2.67502,-1.46832,-0.126317,2.67892
-45.9892,18.6276,111.59,-44.8749,-20.9939,111.733,-0.244538,0.0331237,0.803485,-0.246327,-0.0268593,0.819572
-25.4551,11.195,81.7646,-24.769,-12.5381,81.8618,-0.0364896,0.00686228,0.521212,-0.0342527,-0.00185587,0.539939
-9.06538,5.75073,55.6818,-8.7008,-6.27087,55.7409,0.0623091,-0.00686595,0.516893,0.0745659,0.0118375,0.550556
1.8897,2.25653,37.3602,2.0404,-2.1992,37.3944,0.247934,-0.030196,0.745478,0.319871,0.039939,0.862851
8.35709,0.566699,26.3743,8.393,-0.166105,26.388,1.44511,-0.187445,2.33166,2.11308,0.224777,3.211
10.6669,0.727498,21.8447,10.693,-0.100506,21.8567,16.5092,1.64996,22.1472,16.8041,-2.15115,22.837
10.4089,0.570366,20.3081,10.4442,-0.0635993,20.2358,5.10684,11.375,50.7367,4.23613,-11.983,51.4314
7.54004,-0.703335,14.3117,7.49868,1.05874,14.2336,-2.66746,10.939,58.2295,-1.47251,-10.9783,57.0909
8.09224,0.357551,19.6729,8.13771,0.0557992,19.5203,2.47247,9.61831,51.785,2.99301,-9.49506,51.7135
5.59148,0.266989,20.2587,5.62014,0.0227459,20.1354,3.02957,9.2122,50.6096,3.4814,-8.96542,50.5455
5.8104,1.5327,26.9147,5.89353,-1.21691,26.8131,3.46407,8.6491,49.0374,3.86435,-8.30254,48.9627
5.38848,2.40654,32.1474,5.5181,-2.09693,32.0275,3.46168,7.90743,46.5731,3.81243,-7.52857,46.4952
4.61042,3.03878,36.2499,4.77724,-2.75711,36.106,3.12374,7.33975,44.3317,3.44281,-6.97143,44.2521
3.97093,3.38363,38.8856,4.15777,-3.1296,38.7295,2.91668,6.82881,42.1977,3.21249,-6.48185,42.1171
3.55581,3.5083,40.2107,3.74994,-3.27204,40.0507,2.65771,6.42375,40.5308,2.9353,-6.09629,40.4501
3.10341,3.53153,41.137,3.30001,-3.31681,40.9742,2.32039,5.93028,38.56,2.579,-5.63447,38.4801
2.61939,3.47434,41.7654,2.81479,-3.28625,41.6,1.89748,5.37919,36.3709,2.13968,-5.13829,36.2932
2.30993,3.4311,42.172,2.50445,-3.26049,42.0075,1.50784,5.00449,34.973,1.73976,-4.80688,34.8979
1.99706,3.33596,42.3524,2.1879,-3.18417,42.1911,1.09029,4.57915,33.4558,1.30974,-4.42821,33.3845
1.7397,3.2256,42.3814,1.92595,-3.09051,42.2245,0.704844,4.18935,32.1296,0.913148,-4.08413,32.0626
1.56288,3.12246,42.3115,1.74466,-3,42.1599,0.275097,3.9337,31.329,0.477421,-3.87294,31.2664
1.46292,3.03848,42.1971,1.64097,-2.92412,42.051,-0.113824,3.78798,30.9318,0.0861974,-3.76363,30.873
1.42721,2.9877,42.114,1.60314,-2.87706,41.9726,-0.346065,3.70341,30.7368,-0.147155,-3.70108,30.681
1.40864,2.96988,42.1319,1.58406,-2.86123,41.9947,-0.480633,3.64804,30.6105,-0.282545,-3.6582,30.5574
1.39385,2.97201,42.2177,1.56973,-2.86455,42.0844,-0.56394,3.6094,30.5144,-0.36653,-3.6265,30.4633
1.37679,2.98675,42.3511,1.55372,-2.88011,42.2211,-0.626418,3.57938,30.4329,-0.429637,-3.60055,30.3837
1.36032,3.00608,42.4955,1.53849,-2.89984,42.3683,-0.676776,3.55481,30.3628,-0.480595,-3.57826,30.3151
1.34905,3.02371,42.6188,1.52832,-2.91726,42.4937,-0.715609,3.5345,30.3036,-0.520001,-3.55879,30.2571
1.34278,3.0384,42.7173,1.52296,-2.93117,42.5935,-0.74596,3.5166,30.2517,-0.550937,-3.54068,30.2061
1.34091,3.04974,42.791,1.52178,-2.94116,42.6679,-0.769958,3.49963,30.204,-0.575578,-3.52265,30.1591
1.34439,3.05663,42.8344,1.52567,-2.9461,42.7113,-0.787345,3.48323,30.1597,-0.5937,-3.50428,30.1151
1.35666,3.05504,42.8245,1.53786,-2.94174,42.7007,-0.799485,3.46844,30.1237,-0.606688,-3.4865,30.0793
1.36787,3.05744,42.8333,1.54909,-2.9411,42.7087,-0.801766,3.44607,30.0814,-0.610215,-3.45964,30.0364
1.37456,3.07355,42.9362,1.55637,-2.95411,42.8114,-0.801426,3.39346,30.0901,-0.611088,-3.39792,30.0398
1.46191,2.96322,42.3611,1.64063,-2.83812,42.2262,-0.936701,3.11552,30.0157,-0.751708,-3.07617,29.9605
-1.41817,2.83143,38.7219,-1.23574,-2.88731,38.6841,1.46694,6.72871,33.5551,1.86134,-6.56605,33.4734
-1.07577,2.665,37.44,-0.898637,-2.70902,37.396,1.21153,6.92244,33.9123,1.61825,-6.78548,33.8336
-1.33807,2.71174,37.8467,-1.15705,-2.77595,37.8042,1.13902,6.94359,33.9098,1.54778,-6.82045,33.834
-1.41786,2.68383,37.7551,-1.23746,-2.75683,37.7139,1.01333,6.97762,33.992,1.4242,-6.86902,33.9199
-1.48323,2.65265,37.6344,-1.30385,-2.73256,37.5946,0.878892,7.01579,34.0884,1.29178,-6.92064,34.0204
-1.5401,2.62024,37.5092,-1.36212,-2.70591,37.4716,0.751991,7.05339,34.1816,1.16671,-6.97015,34.1176
-1.58612,2.58915,37.3854,-1.4097,-2.67923,37.3502,0.642866,7.08404,34.2542,1.05888,-7.01068,34.1943
-1.62519,2.56796,37.2932,-1.45011,-2.66108,37.2612,0.554755,7.1094,34.3161,0.971494,-7.04358,34.2606
-1.66082,2.55062,37.2115,-1.48731,-2.64533,37.1834,0.481749,7.12767,34.3547,0.898439,-7.06693,34.3041
-1.69227,2.53501,37.1291,-1.52095,-2.62926,37.1062,0.416038,7.14422,34.3847,0.832035,-7.08568,34.3395
-1.71943,2.52025,37.0398,-1.55149,-2.61099,37.0243,0.355602,7.16025,34.4066,0.769898,-7.0996,34.3678
-1.74041,2.50586,36.9337,-1.57798,-2.58831,36.9294,0.304778,7.17768,34.4085,0.71548,-7.10754,34.3787
-1.76899,2.5024,36.8405,-1.61478,-2.56992,36.8541,0.313576,7.19207,34.4099,0.720006,-7.08782,34.3863
-51.9647,21.6704,115.677,-50.6724,-24.355,115.816,-1.48452,0.128003,2.69785,-1.46543,-0.127144,2.68339
-46.0425,18.6288,111.606,-44.9262,-20.9969,111.756,-0.248846,0.0340537,0.822484,-0.248189,-0.027476,0.829415
-25.4993,11.1987,81.784,-24.8116,-12.5438,81.8881,-0.0340468,0.00681751,0.540751,-0.0325483,-0.00180488,0.550618
-9.102,5.75826,55.7065,-8.73634,-6.27994,55.7719,0.0774052,-0.0085845,0.553502,0.0840401,0.0130433,0.571527
1.8575,2.27064,37.3918,2.00897,-2.21296,37.4324,0.337726,-0.0409925,0.883822,0.380264,0.047784,0.95146
8.31712,0.601628,26.4202,8.35532,-0.199294,26.4489,2.2185,-0.27777,3.34313,2.52312,0.269981,3.74311
10.6478,0.728758,21.8606,10.679,-0.114755,21.8707,16.6021,1.86101,22.4577,16.7217,-2.09128,22.7578
10.4094,0.559594,20.2945,10.4417,-0.0524691,20.2324,4.41144,11.2816,50.5716,4.40405,-11.8249,50.9275
7.5405,-0.705341,14.3053,7.49708,1.06199,14.2258,-2.24182,10.8089,57.4706,-1.38545,-10.9764,56.9768
8.09099,0.354669,19.6623,8.13663,0.059797,19.5094,2.49958,9.61217,51.767,3.0169,-9.49419,51.7093
5.58774,0.264772,20.255,5.61642,0.0250822,20.1337,3.04901,9.2059,50.6005,3.50621,-8.96251,50.538
5.80256,1.53102,26.9155,5.88495,-1.21652,26.8179,3.48602,8.6428,49.0248,3.88935,-8.29914,48.9544
5.37804,2.40522,32.1506,5.50678,-2.09747,32.0345,3.48311,7.90181,46.5608,3.83625,-7.52494,46.4869
4.59802,3.03754,36.2545,4.76394,-2.75802,36.1139,3.14448,7.33477,44.3199,3.46552,-6.96775,44.2439
3.95713,3.38245,38.8913,4.14303,-3.13072,38.7382,2.93666,6.8244,42.1864,3.23415,-6.47825,42.109
3.54121,3.50716,40.2168,3.73437,-3.27321,40.0594,2.6772,6.41981,40.5201,2.95624,-6.09273,40.4423
3.08816,3.53043,41.1433,3.28377,-3.31799,40.9827,2.33918,5.92677,38.55,2.59908,-5.63111,38.4726
2.60355,3.47328,41.7722,2.79797,-3.28744,41.6087,1.91529,5.37612,36.3613,2.15866,-5.13537,36.2859
2.29363,3.43005,42.1789,2.48718,-3.26166,42.016,1.52498,5.00175,34.9639,1.75806,-4.80425,34.8908
1.9804,3.33493,42.3593,2.17028,-3.18529,42.1994,1.10663,4.57675,33.4473,1.32723,-4.42595,33.3776
1.72273,3.22459,42.3885,1.90804,-3.0916,42.2326,0.72042,4.18727,32.1214,0.9299,-4.08224,32.0559
1.54566,3.12146,42.3187,1.72652,-3.00105,42.1679,0.29005,3.93188,31.3211,0.493633,-3.87131,31.2599
1.44547,3.0375,42.2043,1.62261,-2.92514,42.0589,-0.0993681,3.78636,30.9243,0.102033,-3.76216,30.8666
1.40953,2.98675,42.1213,1.58457,-2.87805,41.9804,-0.331997,3.70194,30.7295,-0.131572,-3.69965,30.6747
1.39068,2.96895,42.1393,1.56523,-2.86219,42.0025,-0.466863,3.64668,30.6035,-0.267127,-3.65676,30.5511
1.37559,2.97111,42.2252,1.55062,-2.86549,42.0921,-0.550395,3.60813,30.5074,-0.351212,-3.62502,30.4571
1.3582,2.98587,42.3586,1.5343,-2.88105,42.2287,-0.613042,3.57817,30.426,-0.414369,-3.59901,30.3774
1.3414,3.00523,42.5031,1.51877,-2.90078,42.3759,-0.663521,3.55365,30.356,-0.465336,-3.57665,30.3087
1.3298,3.02289,42.6265,1.50829,-2.91822,42.5013,-0.702436,3.53337,30.2968,-0.504721,-3.55711,30.2506
1.3232,3.03762,42.7251,1.50263,-2.93215,42.6013,-0.732835,3.51547,30.2448,-0.535607,-3.53891,30.1994
1.32102,3.049,42.7991,1.50116,-2.94218,42.6758,-0.756855,3.4985,30.1971,-0.560176,-3.52078,30.1522
1.32419,3.05595,42.8428,1.50476,-2.94717,42.7194,-0.774237,3.48208,30.1526,-0.578203,-3.50232,30.108
1.33616,3.05443,42.8333,1.51667,-2.94288,42.7091,-0.786346,3.46725,30.1165,-0.591065,-3.48444,30.0719
1.34709,3.0569,42.8425,1.52765,-2.94232,42.7175,-0.788642,3.4447,30.0741,-0.594522,-3.45741,30.0289
1.35385,3.07282,42.9441,1.53502,-2.95518,42.8188,-0.788684,3.39121,30.0831,-0.595757,-3.39493,30.0324
1.44115,2.96128,42.3648,1.61936,-2.83752,42.2278,-0.921754,3.11181,30.0042,-0.733788,-3.07059,29.948
-1.41591,2.83466,38.7323,-1.2338,-2.89051,38.6946,1.4704,6.73118,33.5623,1.86461,-6.56665,33.4795
-1.07359,2.66815,37.4501,-0.896709,-2.71207,37.406,1.21469,6.92488,33.9199,1.62125,-6.78622,33.8401
-1.33583,2.71474,37.8559,-1.15501,-2.77879,37.8134,1.14198,6.94594,33.9174,1.55057,-6.82125,33.8406
-1.41557,2.68669,37.7637,-1.23534,-2.7595,37.7224,1.01605,6.97995,33.9998,1.42676,-6.86991,33.9269
-1.48085,2.65537,37.6424,-1.30164,-2.73509,37.6026,0.881392,7.01812,34.0965,1.29411,-6.92161,34.0277
-1.5376,2.62281,37.5167,-1.3598,-2.7083,37.4789,0.754286,7.05574,34.1901,1.16882,-6.97119,34.1254
-1.58343,2.59158,37.3922,-1.40723,-2.68151,37.357,0.64497,7.08643,34.2632,1.06079,-7.01178,34.2027
-1.62225,2.57022,37.2994,-1.44743,-2.66325,37.2673,0.556681,7.11185,34.3257,0.973194,-7.04475,34.2696
-1.65756,2.5527,37.2169,-1.48437,-2.6474,37.1887,0.483509,7.13019,34.365,0.899944,-7.06816,34.3138
-1.68859,2.53687,37.1336,-1.51767,-2.63123,37.1106,0.417651,7.14683,34.3959,0.833356,-7.087,34.3501
-1.71523,2.52186,37.0433,-1.54776,-2.61286,37.0277,0.356982,7.16296,34.4191,0.771003,-7.10099,34.3796
-1.73553,2.50717,36.9358,-1.57371,-2.59007,36.9316,0.305237,7.18058,34.4247,0.716061,-7.10894,34.3928
-1.76329,2.50322,36.8413,-1.6096,-2.5715,36.8544,0.314659,7.19554,34.423,0.720834,-7.08968,34.3998
-51.9476,21.6676,115.675,-50.6557,-24.3577,115.808,-1.46975,0.126874,2.67027,-1.4601,-0.126308,2.67267
-46.0265,18.626,111.603,-44.9104,-20.9996,111.747,-0.245152,0.0334733,0.809414,-0.246871,-0.0271886,0.824122
-25.4855,11.1951,81.7781,-24.7983,-12.545,81.8767,-0.0352118,0.00684605,0.528108,-0.0331677,-0.00181701,0.545375
-9.09029,5.75363,55.6973,-8.72524,-6.27942,55.7589,0.0681346,-0.007525,0.530072,0.0798668,0.0125528,0.561519
1.86843,2.2635,37.3789,2.01922,-2.20971,37.4162,0.279185,-0.0340767,0.793229,0.352002,0.0444172,0.908988
8.33441,0.58113,26.3975,8.37216,-0.183688,26.4137,1.72257,-0.22228,2.69358,2.32922,0.25087,3.48918
10.6537,0.726412,21.8519,10.6839,-0.109257,21.8595,16.5839,1.67807,22.2899,16.7589,-2.04152,22.7487
10.406,0.568932,20.3056,10.4403,-0.0610078,20.2406,5.00788,11.3048,50.5103,4.58728,-11.8465,50.9264
7.53924,-0.703262,14.3083,7.49658,1.05987,14.2315,-2.52279,10.8968,57.9997,-1.4722,-10.9946,57.1469
8.09045,0.356091,19.6667,8.13478,0.0573655,19.5163,2.4942,9.61457,51.7809,3.01538,-9.49293,51.7186
5.58848,0.265532,20.2569,5.61665,0.0240958,20.1346,3.04992,9.20828,50.6056,3.50664,-8.96182,50.544
5.80369,1.53188,26.9181,5.8862,-1.21719,26.8179,3.4853,8.64523,49.0317,3.88929,-8.29863,48.9605
5.3792,2.40614,32.154,5.50794,-2.09833,32.0361,3.48223,7.90391,46.567,3.83622,-7.52457,46.4923
4.59932,3.03848,36.258,4.76513,-2.75895,36.116,3.1435,7.33656,44.3255,3.46548,-6.96747,44.2487
3.95853,3.38337,38.8948,4.14431,-3.13163,38.7403,2.9356,6.82594,42.1914,3.23408,-6.47802,42.1133
3.54266,3.50806,40.2202,3.73571,-3.2741,40.0615,2.67605,6.42115,40.5246,2.95614,-6.09255,40.4461
3.08963,3.53129,41.1465,3.28514,-3.31885,40.9848,2.33798,5.92794,38.554,2.59894,-5.63098,38.4761
2.60504,3.4741,41.7752,2.79936,-3.28828,41.6107,1.91408,5.37714,36.3649,2.15851,-5.13527,36.289
2.29514,3.43083,42.1817,2.48858,-3.26246,42.0179,1.52375,5.00263,34.9671,1.75787,-4.80415,34.8936
1.98191,3.33566,42.362,2.17169,-3.18606,42.2012,1.1054,4.5775,33.45,1.32702,-4.42584,33.38
1.72425,3.22525,42.3908,1.90946,-3.09233,42.2344,0.71921,4.18789,32.1238,0.929682,-4.08211,32.058
1.54717,3.12207,42.3208,1.72793,-3.00174,42.1695,0.288842,3.93237,31.3233,0.493402,-3.87113,31.2617
1.44697,3.03804,42.2062,1.62403,-2.92578,42.0603,-0.10058,3.78673,30.9261,0.101791,-3.76191,30.8682
1.41103,2.98722,42.123,1.58598,-2.87864,41.9817,-0.333214,3.70218,30.731,-0.131819,-3.69934,30.676
1.39218,2.96936,42.1408,1.56665,-2.86274,42.0036,-0.468079,3.64681,30.6048,-0.267372,-3.65637,30.5522
1.3771,2.97146,42.2264,1.55205,-2.866,42.093,-0.551607,3.60814,30.5084,-0.351449,-3.62455,30.4579
1.35973,2.98615,42.3596,1.53574,-2.88151,42.2295,-0.614243,3.57808,30.4268,-0.414593,-3.59847,30.3781
1.34294,3.00545,42.5039,1.52021,-2.90121,42.3766,-0.664705,3.55347,30.3566,-0.465543,-3.57604,30.3092
1.33134,3.02306,42.6271,1.50974,-2.91861,42.5018,-0.703599,3.53309,30.2972,-0.504905,-3.55644,30.2509
1.32476,3.03774,42.7256,1.50408,-2.93251,42.6016,-0.733971,3.51511,30.2451,-0.535764,-3.53818,30.1996
1.32258,3.04907,42.7994,1.50262,-2.94251,42.676,-0.75796,3.49806,30.1971,-0.5603,-3.51999,30.1521
1.32576,3.05597,42.8429,1.50623,-2.94748,42.7196,-0.775306,3.48156,30.1525,-0.578289,-3.50147,30.1078
1.33773,3.05441,42.8333,1.51814,-2.94316,42.7092,-0.787375,3.46664,30.1162,-0.591105,-3.48354,30.0715
1.34868,3.05683,42.8424,1.52913,-2.94259,42.7174,-0.789645,3.444,30.0736,-0.594527,-3.45648,30.0284
1.35549,3.07272,42.944,1.53656,-2.95544,42.8187,-0.789761,3.3904,30.0825,-0.595832,-3.39398,30.0318
1.44274,2.96103,42.3642,1.62087,-2.83761,42.227,-0.922937,3.11067,30.0033,-0.733939,-3.06938,29.9471
-1.41757,2.83264,38.7262,-1.2353,-2.88884,38.6888,1.46789,6.72963,33.5586,1.86208,-6.56696,33.4771
-1.07517,2.66617,37.4442,-0.898177,-2.71049,37.4005,1.21237,6.92335,33.916,1.61888,-6.78643,33.8375
-1.3374,2.71285,37.8505,-1.15651,-2.77733,37.8084,1.13982,6.94447,33.9135,1.54837,-6.82138,33.8379
-1.41714,2.68488,37.7587,-1.23686,-2.75814,37.7178,1.01406,6.97849,33.9958,1.42473,-6.86997,33.9239
-1.48245,2.65364,37.6377,-1.30317,-2.7338,37.5982,0.879547,7.01666,34.0923,1.29225,-6.9216,34.0245
-1.53924,2.62117,37.5123,-1.36136,-2.70709,37.4749,0.75258,7.05426,34.1856,1.16711,-6.97112,34.1219
-1.58516,2.59003,37.3881,-1.40885,-2.68035,37.3533,0.643391,7.08493,34.2585,1.05922,-7.01167,34.1988
-1.62409,2.56877,37.2957,-1.44914,-2.66215,37.2639,0.555216,7.11031,34.3206,0.971767,-7.0446,34.2654
-1.65957,2.55136,37.2137,-1.48619,-2.64635,37.1858,0.482149,7.12859,34.3596,0.898649,-7.06798,34.3092
-1.69082,2.53568,37.1308,-1.51964,-2.63023,37.1082,0.416382,7.14517,34.3901,0.832185,-7.08677,34.345
-1.71773,2.52082,37.041,-1.54995,-2.6119,37.0257,0.355843,7.16123,34.4126,0.769961,-7.10074,34.3739
-1.7384,2.50632,36.9343,-1.57616,-2.58915,36.9303,0.304586,7.17873,34.4162,0.715248,-7.10871,34.3862
-1.7666,2.50269,36.8405,-1.61251,-2.57065,36.8541,0.314011,7.1933,34.4158,0.720075,-7.08921,34.393
-51.9577,21.6693,115.676,-50.6651,-24.3556,115.812,-1.47583,0.127145,2.68322,-1.4611,-0.126547,2.67544
-46.0359,18.6274,111.604,-44.9193,-20.9974,111.752,-0.247063,0.0337499,0.816792,-0.247288,-0.0272964,0.826018
-25.4938,11.1971,81.7806,-24.8058,-12.5439,81.8832,-0.0344383,0.00680082,0.535479,-0.0329077,-0.00181395,0.547327
-9.09733,5.75621,55.7021,-8.73155,-6.27952,55.7663,0.0736257,-0.0081698,0.543815,0.0814566,0.0127393,0.565264
1.86192,2.26738,37.3859,2.01343,-2.21143,37.4254,0.312823,-0.0380806,0.845467,0.362442,0.0456961,0.924648
8.32471,0.592086,26.4086,8.36279,-0.192028,26.4339,2.01746,-0.255629,3.07978,2.401,0.258961,3.58316
10.6494,0.728186,21.8566,10.6805,-0.112404,21.8656,16.6118,1.79029,22.4113,16.7434,-2.04677,22.7456
10.4073,0.56409,20.2992,10.4403,-0.0558928,20.2359,4.64193,11.2919,50.548,4.53786,-11.8306,50.907
7.53945,-0.704235,14.3068,7.49624,1.06142,14.2275,-2.3491,10.8414,57.6755,-1.44509,-10.9931,57.0922
8.08982,0.355664,19.665,8.13545,0.0592714,19.5115,2.49814,9.6129,51.774,3.01503,-9.49366,51.715
5.5873,0.265332,20.2561,5.61616,0.0250293,20.1335,3.05006,9.20653,50.6039,3.50584,-8.96217,50.5414
5.80241,1.53152,26.9167,5.88506,-1.21651,26.8175,3.48648,8.64338,49.0286,3.88871,-8.29892,48.9579
5.37792,2.40571,32.1522,5.50684,-2.09758,32.0349,3.48351,7.90227,46.5643,3.83565,-7.52476,46.49
4.59795,3.03802,36.2562,4.76402,-2.75817,36.1145,3.14483,7.33514,44.323,3.46497,-6.96761,44.2467
3.95712,3.3829,38.893,4.14315,-3.13088,38.7387,2.93697,6.8247,42.1892,3.23363,-6.47811,42.1115
3.54123,3.50759,40.2185,3.73451,-3.27338,40.0601,2.67749,6.42005,40.5226,2.95576,-6.09261,40.4445
3.08819,3.53083,41.1449,3.28392,-3.31817,40.9834,2.33943,5.92699,38.5522,2.59864,-5.63103,38.4745
2.60359,3.47364,41.7736,2.79812,-3.28762,41.6093,1.91551,5.37634,36.3633,2.15827,-5.13532,36.2876
2.29369,3.43039,42.1802,2.48733,-3.26184,42.0166,1.52519,5.00194,34.9657,1.75771,-4.80421,34.8923
1.98045,3.33524,42.3606,2.17043,-3.18547,42.2,1.10684,4.57693,33.4488,1.32694,-4.42593,33.3789
1.72279,3.22485,42.3896,1.90819,-3.09178,42.2332,0.72063,4.18742,32.1227,0.929666,-4.08222,32.057
1.54571,3.1217,42.3197,1.72666,-3.00122,42.1685,0.290282,3.93199,31.3223,0.493453,-3.87127,31.2608
1.44551,3.03771,42.2052,1.62275,-2.92529,42.0594,-0.0990983,3.78641,30.9253,0.101909,-3.76208,30.8674
1.40956,2.98692,42.1221,1.5847,-2.8782,41.9809,-0.331679,3.70191,30.7303,-0.131639,-3.69953,30.6753
1.39071,2.96909,42.14,1.56535,-2.86233,42.003,-0.46649,3.64658,30.6041,-0.267135,-3.65658,30.5516
1.37561,2.97122,42.2257,1.55073,-2.86563,42.0925,-0.549965,3.60795,30.5079,-0.351159,-3.62478,30.4574
1.35821,2.98595,42.3591,1.5344,-2.88118,42.2291,-0.612552,3.57792,30.4264,-0.414254,-3.59872,30.3776
1.3414,3.00529,42.5035,1.51885,-2.90091,42.3763,-0.662968,3.55333,30.3562,-0.465159,-3.57632,30.3088
1.32979,3.02292,42.6269,1.50836,-2.91834,42.5017,-0.701817,3.53298,30.2968,-0.504479,-3.55673,30.2505
1.32318,3.03764,42.7254,1.50268,-2.93227,42.6016,-0.732149,3.51502,30.2447,-0.535299,-3.53848,30.1993
1.32098,3.049,42.7993,1.50119,-2.94231,42.6762,-0.756097,3.49799,30.1968,-0.559799,-3.52031,30.1519
1.32413,3.05592,42.843,1.50478,-2.94731,42.7198,-0.773406,3.4815,30.1522,-0.577754,-3.50181,30.1075
1.33609,3.05438,42.8334,1.51667,-2.94303,42.7095,-0.785437,3.46659,30.116,-0.59054,-3.4839,30.0714
1.34702,3.05683,42.8427,1.52764,-2.94248,42.7179,-0.787672,3.44397,30.0734,-0.593935,-3.45684,30.0282
1.35381,3.07274,42.9443,1.53505,-2.95534,42.8193,-0.787746,3.39039,30.0824,-0.595217,-3.39437,30.0317
1.44105,2.96109,42.3647,1.61931,-2.83764,42.228,-0.920573,3.11068,30.0031,-0.732992,-3.06991,29.9469
-1.41665,2.83378,38.7297,-1.23453,-2.88982,38.6922,1.46927,6.73061,33.5608,1.86343,-6.56674,33.4785
-1.0743,2.6673,37.4476,-0.897422,-2.71142,37.4037,1.21364,6.92431,33.9183,1.62013,-6.78627,33.8391
-1.33654,2.71393,37.8536,-1.15573,-2.77818,37.8113,1.141,6.94538,33.9158,1.54953,-6.82128,33.8395
-1.41628,2.68592,37.7616,-1.23606,-2.75894,37.7205,1.01515,6.97939,33.9982,1.4258,-6.86991,33.9256
-1.48157,2.65463,37.6404,-1.30237,-2.73455,37.6008,0.880556,7.01755,34.0948,1.29323,-6.92158,34.0264
-1.53834,2.62211,37.5148,-1.36053,-2.7078,37.4773,0.753513,7.05516,34.1882,1.168,-6.97114,34.124
-1.58421,2.59092,37.3905,-1.40799,-2.68103,37.3554,0.644254,7.08584,34.2612,1.06003,-7.01172,34.2011
-1.62308,2.5696,37.2979,-1.44823,-2.66281,37.2659,0.556016,7.11124,34.3236,0.972501,-7.04467,34.2679
-1.65846,2.55212,37.2156,-1.48522,-2.64698,37.1875,0.482892,7.12955,34.3628,0.899308,-7.06807,34.3119
-1.68959,2.53635,37.1325,-1.51859,-2.63084,37.1096,0.417075,7.14617,34.3935,0.832773,-7.08689,34.348
-1.71634,2.5214,37.0424,-1.54877,-2.6125,37.0269,0.356458,7.16226,34.4164,0.770476,-7.10088,34.3772
-1.7368,2.50678,36.9353,-1.57484,-2.58974,36.9311,0.30489,7.17982,34.4212,0.715645,-7.10883,34.39
-1.76477,2.50295,36.8411,-1.61092,-2.57123,36.8543,0.314422,7.19457,34.4198,0.720463,-7.08949,34.3969
-51.9522,21.6681,115.676,-50.6599,-24.3573,115.81,-1.47126,0.126845,2.67419,-1.46067,-0.12641,2.67426
-46.0307,18.6263,111.604,-44.9143,-20.9991,111.749,-0.245795,0.0335564,0.812123,-0.247131,-0.0272439,0.825261
-25.4892,11.1957,81.7796,-24.8016,-12.5448,81.8794,-0.0348909,0.00681977,0.530885,-0.0330177,-0.00180895,0.54655
-9.09336,5.75457,55.6996,-8.72807,-6.27972,55.762,0.0702198,-0.00777458,0.535259,0.0808238,0.0126729,0.563783
1.86563,2.26505,37.382,2.01663,-2.21063,37.4202,0.291591,-0.0355627,0.812578,0.358336,0.0452021,0.918491
8.33025,0.585703,26.4027,8.36814,-0.187333,26.4217,1.83375,-0.23509,2.83927,2.37374,0.255562,3.54737
10.6516,0.727207,21.8539,10.6823,-0.110501,21.8617,16.6006,1.72137,22.3439,16.7503,-2.04693,22.7482
10.4063,0.566775,20.3028,10.4402,-0.0586943,20.2382,4.86234,11.2999,50.5266,4.55682,-11.8376,50.9149
7.53918,-0.703768,14.3074,7.49633,1.06063,14.2296,-2.45407,10.8752,57.8718,-1.45537,-10.9917,57.1136
8.09013,0.355778,19.6656,8.13497,0.0583019,19.5139,2.49579,9.61391,51.7784,3.01519,-9.49316,51.7172
5.58791,0.26536,20.2564,5.61635,0.0246076,20.1338,3.05004,9.20758,50.6051,3.50617,-8.96186,50.5431
5.80304,1.53165,26.9174,5.88561,-1.21679,26.8174,3.48584,8.64449,49.0307,3.88895,-8.29863,48.9595
5.37856,2.40589,32.1531,5.50736,-2.09792,32.0353,3.48281,7.90325,46.5661,3.83589,-7.52453,46.4914
4.59864,3.03821,36.2571,4.76454,-2.75854,36.1151,3.1441,7.33598,44.3246,3.46519,-6.96741,44.2479
3.95783,3.3831,38.8939,4.1437,-3.13125,38.7394,2.93622,6.82543,42.1907,3.23383,-6.47795,42.1126
3.54195,3.50779,40.2193,3.73508,-3.27373,40.0607,2.6767,6.42069,40.5239,2.95593,-6.09247,40.4455
3.08892,3.53103,41.1457,3.28451,-3.31851,40.984,2.33864,5.92754,38.5534,2.59878,-5.63091,38.4754
2.60432,3.47384,41.7744,2.79871,-3.28795,41.6099,1.91472,5.37681,36.3643,2.15837,-5.13522,36.2884
2.29442,3.43058,42.181,2.48793,-3.26215,42.0172,1.5244,5.00234,34.9666,1.75778,-4.80412,34.8931
1.98118,3.33542,42.3613,2.17103,-3.18577,42.2005,1.10606,4.57726,33.4496,1.32698,-4.42583,33.3796
1.72352,3.22503,42.3902,1.90879,-3.09206,42.2337,0.719866,4.1877,32.1235,0.929677,-4.08212,32.0576
1.54644,3.12186,42.3203,1.72726,-3.00149,42.169,0.289518,3.93221,31.3229,0.493438,-3.87117,31.2613
1.44624,3.03786,42.2057,1.62336,-2.92555,42.0598,-0.0998711,3.78659,30.9258,0.101869,-3.76196,30.8679
1.41029,2.98705,42.1226,1.5853,-2.87843,41.9813,-0.332465,3.70206,30.7308,-0.131699,-3.6994,30.6757
1.39144,2.96921,42.1404,1.56597,-2.86255,42.0033,-0.46729,3.64669,30.6045,-0.267213,-3.65643,30.5519
1.37635,2.97132,42.2261,1.55135,-2.86583,42.0928,-0.550778,3.60803,30.5082,-0.351254,-3.62463,30.4577
1.35896,2.98604,42.3593,1.53503,-2.88136,42.2293,-0.613376,3.57798,30.4266,-0.414364,-3.59856,30.3778
1.34216,3.00535,42.5037,1.51949,-2.90108,42.3765,-0.663803,3.55336,30.3564,-0.465283,-3.57614,30.309
1.33055,3.02297,42.627,1.50901,-2.9185,42.5018,-0.702662,3.53299,30.297,-0.504614,-3.55654,30.2507
1.32395,3.03767,42.7255,1.50333,-2.93241,42.6017,-0.733001,3.51501,30.2449,-0.535445,-3.53828,30.1994
1.32177,3.04902,42.7993,1.50186,-2.94243,42.6762,-0.756958,3.49796,30.1969,-0.559954,-3.5201,30.152
1.32493,3.05593,42.843,1.50545,-2.94742,42.7198,-0.774273,3.48145,30.1523,-0.577917,-3.50159,30.1076
1.3369,3.05437,42.8334,1.51735,-2.94312,42.7094,-0.78631,3.46653,30.1161,-0.590709,-3.48367,30.0714
1.34783,3.05681,42.8425,1.52833,-2.94256,42.7177,-0.788552,3.44389,30.0735,-0.594108,-3.45661,30.0283
1.35464,3.0727,42.9441,1.53575,-2.95542,42.8191,-0.788649,3.3903,30.0824,-0.595395,-3.39413,30.0317
1.44187,2.96103,42.3644,1.62003,-2.83766,42.2276,-0.921592,3.11055,30.0031,-0.733291,-3.06963,29.9469
-1.41718,2.83311,38.7277,-1.23495,-2.88926,38.6903,1.4685,6.72997,33.5595,1.86267,-6.56694,33.4778
-1.07479,2.66663,37.4456,-0.897837,-2.71089,37.4019,1.21293,6.92368,33.9169,1.61942,-6.78643,33.8382
-1.33703,2.71329,37.8518,-1.15616,-2.7777,37.8097,1.14034,6.94479,33.9144,1.54888,-6.8214,33.8386
-1.41677,2.6853,37.7599,-1.2365,-2.75849,37.7189,1.01454,6.97881,33.9967,1.4252,-6.86999,33.9247
-1.48207,2.65404,37.6388,-1.30281,-2.73413,37.5993,0.879994,7.01698,34.0933,1.29268,-6.92164,34.0253
-1.53885,2.62155,37.5133,-1.36099,-2.7074,37.4759,0.752993,7.05458,34.1867,1.1675,-6.97118,34.1228
-1.58475,2.59039,37.3891,-1.40847,-2.68065,37.3542,0.643774,7.08526,34.2596,1.05958,-7.01174,34.1998
-1.62366,2.56911,37.2966,-1.44874,-2.66244,37.2648,0.555571,7.11064,34.3218,0.972094,-7.04467,34.2665
-1.65909,2.55167,37.2145,-1.48576,-2.64662,37.1865,0.482479,7.12894,34.3609,0.898946,-7.06806,34.3104
-1.69029,2.53595,37.1315,-1.51917,-2.63049,37.1088,0.41669,7.14554,34.3915,0.832453,-7.08687,34.3463
-1.71714,2.52106,37.0416,-1.54943,-2.61215,37.0262,0.356117,7.16161,34.4142,0.770199,-7.10084,34.3753
-1.73772,2.50651,36.9347,-1.57557,-2.58939,36.9306,0.304733,7.17913,34.4183,0.71543,-7.10881,34.3878
-1.76582,2.50281,36.8407,-1.61181,-2.57088,36.8542,0.314233,7.19377,34.4174,0.720257,-7.08937,34.3946
-51.9554,21.6689,115.676,-50.6628,-24.3562,115.811,-1.47381,0.126986,2.67939,-1.46078,-0.126471,2.67465
-46.0337,18.6271,111.604,-44.9171,-20.9979,111.751,-0.246542,0.0336671,0.814935,-0.247183,-0.027267,0.825548
-25.4918,11.1966,81.7801,-24.804,-12.5442,81.8817,-0.034608,0.00680541,0.533672,-0.0329721,-0.00181296,0.546847
-9.09567,5.75558,55.701,-8.73002,-6.27952,55.7645,0.07229,-0.00801604,0.540453,0.0810654,0.0126959,0.564345
1.86348,2.26642,37.3842,2.01484,-2.21103,37.4232,0.304368,-0.0370782,0.832406,0.359861,0.045387,0.920781
8.32706,0.589381,26.4059,8.36508,-0.189989,26.4289,1.94555,-0.247607,2.98565,2.3834,0.25703,3.56012
10.6503,0.727865,21.8555,10.6812,-0.111604,21.864,16.6098,1.76449,22.3882,16.747,-2.0447,22.746
10.4069,0.565227,20.3006,10.4402,-0.0569696,20.2368,4.72496,11.2955,50.5411,4.55043,-11.8339,50.911
7.53931,-0.704017,14.307,7.49623,1.06115,14.2282,-2.38882,10.8541,57.7501,-1.45218,-10.9937,57.106
8.08987,0.355761,19.6653,8.13527,0.0589719,19.5123,2.49733,9.61329,51.7758,3.01482,-9.49347,51.716
5.58749,0.265375,20.2563,5.61625,0.024936,20.1335,3.05013,9.20692,50.6045,3.50575,-8.96206,50.5421
5.80263,1.53159,26.9169,5.8853,-1.21656,26.8173,3.48632,8.64378,49.0295,3.88858,-8.29883,48.9586
5.37815,2.4058,32.1526,5.50707,-2.09766,32.0349,3.48332,7.90261,46.5651,3.83553,-7.52469,46.4907
4.59821,3.03811,36.2566,4.76426,-2.75826,36.1146,3.14463,7.33543,44.3237,3.46484,-6.96755,44.2472
3.95739,3.383,38.8933,4.1434,-3.13097,38.7389,2.93676,6.82495,42.1898,3.23351,-6.47807,42.112
3.54151,3.50768,40.2188,3.73477,-3.27347,40.0602,2.67726,6.42026,40.5232,2.95564,-6.09257,40.4449
3.08847,3.53092,41.1452,3.28419,-3.31826,40.9835,2.3392,5.92717,38.5527,2.59851,-5.631,38.4749
2.60388,3.47373,41.7739,2.79839,-3.28771,41.6095,1.91527,5.37649,36.3638,2.15814,-5.13529,36.288
2.29398,3.43048,42.1805,2.48761,-3.26192,42.0168,1.52495,5.00207,34.9661,1.75758,-4.80419,34.8927
1.98074,3.33532,42.3608,2.17071,-3.18555,42.2001,1.1066,4.57704,33.4492,1.32681,-4.4259,33.3792
1.72308,3.22493,42.3898,1.90847,-3.09186,42.2334,0.720393,4.18751,32.1231,0.929535,-4.08219,32.0573
1.546,3.12177,42.3199,1.72694,-3.00129,42.1686,0.290046,3.93206,31.3226,0.493322,-3.87124,31.261
1.4458,3.03777,42.2054,1.62303,-2.92537,42.0595,-0.0993338,3.78646,30.9256,0.101775,-3.76204,30.8676
1.40985,2.98698,42.1222,1.58497,-2.87826,41.981,-0.331914,3.70195,30.7305,-0.131775,-3.69948,30.6755
1.391,2.96915,42.1401,1.56563,-2.86239,42.0031,-0.466725,3.6466,30.6043,-0.267272,-3.65653,30.5517
1.3759,2.97127,42.2258,1.55101,-2.86569,42.0926,-0.5502,3.60796,30.508,-0.351298,-3.62473,30.4575
1.35851,2.98599,42.3592,1.53468,-2.88123,42.2292,-0.612785,3.57791,30.4265,-0.414394,-3.59867,30.3777
1.3417,3.00532,42.5036,1.51913,-2.90096,42.3764,-0.6632,3.55331,30.3563,-0.4653,-3.57625,30.3089
1.33009,3.02295,42.6269,1.50865,-2.91839,42.5017,-0.702048,3.53295,30.2969,-0.50462,-3.55666,30.2506
1.32349,3.03766,42.7254,1.50297,-2.93231,42.6016,-0.732377,3.51498,30.2448,-0.53544,-3.53841,30.1993
1.32129,3.04901,42.7993,1.50149,-2.94234,42.6762,-0.756323,3.49794,30.1969,-0.55994,-3.52024,30.1519
1.32445,3.05593,42.8429,1.50507,-2.94734,42.7198,-0.773628,3.48144,30.1523,-0.577894,-3.50173,30.1076
1.33641,3.05439,42.8334,1.51697,-2.94305,42.7095,-0.785656,3.46653,30.116,-0.590678,-3.48382,30.0714
1.34734,3.05683,42.8426,1.52794,-2.9425,42.7179,-0.787889,3.44389,30.0734,-0.594071,-3.45676,30.0282
1.35414,3.07273,42.9442,1.53535,-2.95536,42.8192,-0.787968,3.39031,30.0824,-0.595352,-3.39429,30.0317
1.44138,2.96106,42.3645,1.61962,-2.83765,42.2279,-0.920823,3.11058,30.0031,-0.733164,-3.06984,29.9469
-1.41686,2.83351,38.7289,-1.23471,-2.8896,38.6914,1.46896,6.73037,33.5603,1.86311,-6.5668,33.4782
-1.0745,2.66703,37.4468,-0.897596,-2.7112,37.403,1.21335,6.92407,33.9177,1.61984,-6.78632,33.8387
-1.33674,2.71367,37.8529,-1.15591,-2.77799,37.8107,1.14073,6.94515,33.9152,1.54926,-6.82132,33.8391
-1.41648,2.68567,37.7609,-1.23625,-2.75875,37.7199,1.0149,6.97916,33.9976,1.42555,-6.86993,33.9252
-1.48177,2.6544,37.6398,-1.30255,-2.73438,37.6002,0.880329,7.01733,34.0942,1.293,-6.9216,34.0259
-1.53854,2.62189,37.5142,-1.36073,-2.70764,37.4767,0.753304,7.05494,34.1876,1.16779,-6.97115,34.1235
-1.58443,2.59071,37.3899,-1.40819,-2.68088,37.3549,0.644061,7.08561,34.2606,1.05985,-7.01172,34.2005
-1.62331,2.5694,37.2974,-1.44844,-2.66266,37.2654,0.555838,7.11101,34.3229,0.972332,-7.04466,34.2673
-1.65871,2.55194,37.2151,-1.48545,-2.64684,37.1871,0.482726,7.12931,34.362,0.899157,-7.06806,34.3113
-1.68987,2.53619,37.1321,-1.51883,-2.6307,37.1093,0.416921,7.14592,34.3927,0.832638,-7.08687,34.3473
-1.71667,2.52126,37.0421,-1.54904,-2.61237,37.0266,0.356322,7.162,34.4155,0.770359,-7.10085,34.3764
-1.73718,2.50666,36.935,-1.57514,-2.58961,36.9309,0.304823,7.17955,34.4201,0.715556,-7.10881,34.3891
-1.7652,2.50288,36.841,-1.61129,-2.5711,36.8543,0.314355,7.19425,34.4188,0.720377,-7.08944,34.396
-51.9535,21.6684,115.676,-50.6611,-24.3569,115.81,-1.47215,0.126882,2.67608,-1.46078,-0.126439,2.67455
-46.0319,18.6266,111.604,-44.9154,-20.9987,111.75,-0.246071,0.0335957,0.813188,-0.247171,-0.0272555,0.825444
-25.4902,11.196,81.7799,-24.8026,-12.5446,81.8803,-0.0347793,0.00681292,0.531949,-0.0329925,-0.00180944,0.546737
-9.09429,5.75495,55.7002,-8.72887,-6.27968,55.763,0.0710114,-0.00786769,0.537242,0.0809744,0.0126897,0.564139
1.86477,2.26558,37.3829,2.01589,-2.21082,37.4214,0.296425,-0.0361375,0.820091,0.359317,0.0453223,0.919965
8.32896,0.587181,26.4041,8.3669,-0.188424,26.4245,1.87641,-0.239903,2.89514,2.38029,0.256384,3.55598
10.651,0.727482,21.8546,10.6818,-0.110926,21.8626,16.605,1.73798,22.362,16.7486,-2.04681,22.7475
10.4065,0.566135,20.3019,10.4402,-0.0579759,20.2376,4.80876,11.2982,50.5326,4.552,-11.8359,50.9132
7.53921,-0.703881,14.3072,7.49628,1.06085,14.229,-2.4287,10.867,57.8245,-1.45298,-10.992,57.1084
8.09002,0.355754,19.6655,8.13508,0.058588,19.5132,2.49639,9.61366,51.7774,3.01504,-9.49326,51.7167
5.58773,0.265355,20.2563,5.6163,0.0247557,20.1336,3.05008,9.20732,50.6049,3.50597,-8.96192,50.5427
5.80286,1.53162,26.9172,5.88548,-1.21668,26.8173,3.48603,8.64421,49.0302,3.88878,-8.29868,48.9592
5.37839,2.40584,32.1529,5.50723,-2.0978,32.0351,3.48302,7.90299,46.5657,3.83573,-7.52457,46.4911
4.59846,3.03816,36.2569,4.76442,-2.75842,36.1149,3.14432,7.33576,44.3243,3.46503,-6.96744,44.2476
3.95764,3.38305,38.8937,4.14357,-3.13112,38.7391,2.93643,6.82523,42.1904,3.23368,-6.47798,42.1124
3.54176,3.50774,40.2191,3.73494,-3.27362,40.0604,2.67692,6.42052,40.5237,2.9558,-6.09249,40.4453
3.08873,3.53098,41.1455,3.28437,-3.3184,40.9838,2.33886,5.92739,38.5531,2.59866,-5.63093,38.4752
2.60414,3.47379,41.7742,2.79857,-3.28784,41.6097,1.91494,5.37668,36.3641,2.15827,-5.13523,36.2883
2.29423,3.43053,42.1808,2.48779,-3.26205,42.017,1.52463,5.00223,34.9664,1.75769,-4.80413,34.8929
1.981,3.33537,42.3611,2.17089,-3.18568,42.2003,1.10628,4.57717,33.4494,1.3269,-4.42585,33.3795
1.72333,3.22499,42.3901,1.90865,-3.09197,42.2336,0.72008,4.18762,32.1233,0.929612,-4.08214,32.0575
1.54625,3.12182,42.3201,1.72712,-3.00141,42.1688,0.289735,3.93215,31.3228,0.493385,-3.87119,31.2612
1.44606,3.03782,42.2056,1.62321,-2.92547,42.0597,-0.0996488,3.78653,30.9257,0.101828,-3.76199,30.8678
1.41011,2.98702,42.1224,1.58516,-2.87836,41.9811,-0.332235,3.70201,30.7307,-0.131732,-3.69943,30.6756
1.39125,2.96918,42.1403,1.56582,-2.86248,42.0032,-0.467052,3.64665,30.6044,-0.267237,-3.65647,30.5518
1.37616,2.9713,42.226,1.5512,-2.86577,42.0927,-0.550532,3.60799,30.5082,-0.35127,-3.62466,30.4576
1.35877,2.98601,42.3593,1.53488,-2.88131,42.2293,-0.613123,3.57794,30.4266,-0.414373,-3.5986,30.3778
1.34196,3.00533,42.5037,1.51933,-2.90103,42.3764,-0.663542,3.55333,30.3564,-0.465285,-3.57618,30.3089
1.33036,3.02296,42.627,1.50885,-2.91845,42.5018,-0.702395,3.53296,30.297,-0.50461,-3.55658,30.2507
1.32376,3.03766,42.7255,1.50317,-2.93237,42.6017,-0.732728,3.51499,30.2449,-0.535436,-3.53833,30.1994
1.32157,3.04901,42.7993,1.50169,-2.9424,42.6762,-0.756678,3.49794,30.1969,-0.55994,-3.52015,30.152
1.32472,3.05593,42.8429,1.50528,-2.94739,42.7198,-0.773987,3.48144,30.1523,-0.577898,-3.50164,30.1076
1.33669,3.05438,42.8334,1.51718,-2.94309,42.7095,-0.786019,3.46652,30.116,-0.590685,-3.48373,30.0714
1.34762,3.05681,42.8426,1.52816,-2.94254,42.7178,-0.788255,3.44387,30.0734,-0.59408,-3.45667,30.0283
1.35442,3.07271,42.9442,1.53558,-2.9554,42.8191,-0.788344,3.39029,30.0824,-0.595363,-3.39419,30.0317
1.44166,2.96104,42.3645,1.61984,-2.83766,42.2277,-0.921242,3.11055,30.0031,-0.733218,-3.06972,29.9469
-1.41705,2.83327,38.7282,-1.23485,-2.8894,38.6907,1.46869,6.73011,33.5598,1.86285,-6.56689,33.478
-1.07467,2.66679,37.4461,-0.897736,-2.71102,37.4023,1.21311,6.92382,33.9172,1.6196,-6.7864,33.8384
-1.33691,2.71344,37.8522,-1.15606,-2.77782,37.8101,1.1405,6.94492,33.9147,1.54904,-6.82137,33.8388
-1.41665,2.68545,37.7603,-1.2364,-2.7586,37.7193,1.01469,6.97894,33.997,1.42534,-6.86998,33.9249
-1.48195,2.65418,37.6392,-1.30271,-2.73423,37.5997,0.880133,7.01711,34.0937,1.29281,-6.92163,34.0256
-1.53872,2.62169,37.5137,-1.36088,-2.7075,37.4762,0.753122,7.05472,34.187,1.16762,-6.97117,34.1231
-1.58461,2.59051,37.3894,-1.40835,-2.68075,37.3545,0.643893,7.08539,34.26,1.05969,-7.01174,34.2001
-1.62352,2.56922,37.2969,-1.44861,-2.66253,37.265,0.555682,7.11078,34.3222,0.972194,-7.04468,34.2668
-1.65894,2.55178,37.2147,-1.48563,-2.64671,37.1868,0.482582,7.12908,34.3613,0.899035,-7.06807,34.3107
-1.69012,2.53605,37.1318,-1.51903,-2.63057,37.109,0.416786,7.14568,34.3919,0.832532,-7.08688,34.3467
-1.71695,2.52114,37.0418,-1.54927,-2.61224,37.0264,0.356203,7.16176,34.4147,0.770268,-7.10086,34.3758
-1.7375,2.50657,36.9348,-1.5754,-2.58947,36.9308,0.304773,7.17929,34.419,0.715484,-7.10881,34.3883
-1.76557,2.50284,36.8408,-1.6116,-2.57097,36.8542,0.31429,7.19395,34.4179,0.720309,-7.08941,34.3952
-51.9546,21.6687,115.676,-50.6621,-24.3564,115.811,-1.47314,0.126941,2.67808,-1.46076,-0.126456,2.67456
-46.033,18.6269,111.604,-44.9164,-20.9982,111.75,-0.246357,0.0336385,0.814255,-0.247172,-0.0272612,0.825479
-25.4912,11.1964,81.78,-24.8034,-12.5443,81.8811,-0.0346733,0.00680796,0.533004,-0.0329836,-0.00181181,0.546776
-9.09512,5.75533,55.7006,-8.72954,-6.27957,55.7639,0.0717947,-0.00795872,0.539209,0.0810065,0.0126905,0.564209
1.86399,2.26609,37.3837,2.01527,-2.21093,37.4225,0.301273,-0.0367117,0.827613,0.35949,0.0453427,0.920226
8.32782,0.588496,26.4051,8.36581,-0.18935,26.4272,1.91878,-0.244626,2.95061,2.38105,0.256679,3.55703
10.6506,0.727726,21.8551,10.6814,-0.111333,21.8634,16.6083,1.75441,22.3785,16.7478,-2.04519,22.7465
10.4067,0.565593,20.3011,10.4402,-0.0573576,20.2371,4.75693,11.2966,50.538,4.55186,-11.8348,50.912
7.53927,-0.703959,14.3071,7.49624,1.06104,14.2285,-2.40406,10.859,57.7786,-1.45298,-10.9932,57.1078
8.08992,0.355767,19.6654,8.13519,0.0588349,19.5126,2.49699,9.61343,51.7765,3.01486,-9.49339,51.7163
5.58758,0.265372,20.2563,5.61628,0.0248768,20.1335,3.05012,9.20707,50.6047,3.5058,-8.96201,50.5424
5.80272,1.53161,26.917,5.88537,-1.2166,26.8173,3.48622,8.64394,49.0298,3.88862,-8.29877,48.9589
5.37824,2.40582,32.1527,5.50714,-2.0977,32.035,3.48322,7.90276,46.5653,3.83557,-7.52465,46.4908
4.59831,3.03814,36.2567,4.76433,-2.75832,36.1147,3.14452,7.33556,44.324,3.46488,-6.96751,44.2474
3.95749,3.38302,38.8935,4.14347,-3.13102,38.739,2.93665,6.82505,42.1901,3.23354,-6.47804,42.1121
3.54161,3.50771,40.2189,3.73484,-3.27352,40.0603,2.67714,6.42036,40.5234,2.95567,-6.09254,40.4451
3.08857,3.53094,41.1453,3.28427,-3.31831,40.9836,2.33908,5.92725,38.5529,2.59854,-5.63097,38.4751
2.60398,3.47376,41.774,2.79847,-3.28775,41.6095,1.91515,5.37656,36.3639,2.15817,-5.13527,36.2881
2.29408,3.4305,42.1806,2.48768,-3.26197,42.0169,1.52484,5.00213,34.9662,1.7576,-4.80417,34.8928
1.98084,3.33534,42.3609,2.17079,-3.1856,42.2002,1.10648,4.57709,33.4493,1.32682,-4.42588,33.3793
1.72318,3.22496,42.3899,1.90855,-3.0919,42.2334,0.720281,4.18755,32.1232,0.929544,-4.08217,32.0574
1.5461,3.12179,42.32,1.72702,-3.00133,42.1687,0.289935,3.93209,31.3227,0.493326,-3.87122,31.2611
1.4459,3.03779,42.2054,1.62311,-2.9254,42.0596,-0.0994462,3.78649,30.9256,0.101776,-3.76202,30.8677
1.40995,2.987,42.1223,1.58505,-2.8783,41.9811,-0.332028,3.70197,30.7306,-0.131777,-3.69946,30.6756
1.3911,2.96916,42.1402,1.56571,-2.86242,42.0031,-0.466841,3.64662,30.6044,-0.267276,-3.65651,30.5518
1.37601,2.97128,42.2259,1.55109,-2.86572,42.0926,-0.550317,3.60797,30.5081,-0.351304,-3.62471,30.4576
1.35861,2.986,42.3592,1.53477,-2.88126,42.2292,-0.612904,3.57792,30.4265,-0.414403,-3.59864,30.3777
1.3418,3.00533,42.5036,1.51922,-2.90098,42.3764,-0.663319,3.55332,30.3563,-0.46531,-3.57623,30.3089
1.3302,3.02296,42.6269,1.50873,-2.91841,42.5017,-0.702168,3.53295,30.2969,-0.504631,-3.55663,30.2506
1.32359,3.03766,42.7254,1.50306,-2.93233,42.6016,-0.732498,3.51498,30.2448,-0.535453,-3.53838,30.1993
1.3214,3.04901,42.7993,1.50157,-2.94236,42.6762,-0.756445,3.49793,30.1969,-0.559954,-3.52021,30.1519
1.32456,3.05593,42.8429,1.50516,-2.94736,42.7198,-0.773751,3.48143,30.1523,-0.577909,-3.5017,30.1076
1.33652,3.05438,42.8334,1.51706,-2.94307,42.7095,-0.78578,3.46652,30.116,-0.590694,-3.48379,30.0714
1.34745,3.05682,42.8426,1.52803,-2.94252,42.7178,-0.788013,3.44388,30.0734,-0.594088,-3.45673,30.0283
1.35425,3.07272,42.9442,1.53545,-2.95538,42.8192,-0.788096,3.39029,30.0824,-0.595369,-3.39425,30.0317
1.44149,2.96105,42.3645,1.61971,-2.83765,42.2278,-0.920965,3.11056,30.0031,-0.733196,-3.0698,29.9469
-1.41694,2.83341,38.7286,-1.23476,-2.88952,38.6912,1.46885,6.73027,33.5601,1.86301,-6.56684,33.4781
-1.07457,2.66694,37.4465,-0.897652,-2.71113,37.4027,1.21326,6.92397,33.9175,1.61974,-6.78635,33.8386
-1.3368,2.71358,37.8526,-1.15597,-2.77792,37.8104,1.14064,6.94506,33.915,1.54917,-6.82134,33.839
-1.41655,2.68558,37.7607,-1.23631,-2.75869,37.7196,1.01482,6.97908,33.9974,1.42547,-6.86995,33.9251
-1.48184,2.65431,37.6395,-1.30261,-2.73432,37.6,0.880252,7.01724,34.094,1.29292,-6.92161,34.0258
-1.53862,2.62181,37.514,-1.36079,-2.70758,37.4765,0.753232,7.05485,34.1874,1.16773,-6.97116,34.1233
-1.5845,2.59063,37.3897,-1.40825,-2.68083,37.3547,0.643995,7.08553,34.2603,1.05979,-7.01172,34.2004
-1.62339,2.56933,37.2972,-1.44851,-2.66261,37.2653,0.555777,7.11092,34.3226,0.972277,-7.04467,34.2671
-1.6588,2.55188,37.215,-1.48552,-2.64679,37.187,0.48267,7.12923,34.3617,0.899108,-7.06806,34.3111
-1.68997,2.53613,37.132,-1.51891,-2.63065,37.1092,0.416868,7.14583,34.3924,0.832596,-7.08687,34.3471
-1.71678,2.52121,37.0419,-1.54913,-2.61232,37.0265,0.356275,7.16191,34.4152,0.770322,-7.10085,34.3762
-1.7373,2.50663,36.9349,-1.57524,-2.58956,36.9309,0.304803,7.17945,34.4196,0.715528,-7.10881,34.3888
-1.76535,2.50286,36.8409,-1.61141,-2.57105,36.8542,0.314331,7.19413,34.4185,0.72035,-7.08942,34.3957
-51.9539,21.6685,115.676,-50.6615,-24.3567,115.81,-1.47252,0.126902,2.67683,-1.46078,-0.126447,2.67458
-46.0324,18.6267,111.604,-44.9158,-20.9985,111.75,-0.246179,0.0336117,0.813596,-0.247174,-0.0272581,0.82547
-25.4906,11.1962,81.7799,-24.8029,-12.5445,81.8806,-0.0347381,0.00681082,0.532353,-0.0329878,-0.00181018,0.546764
-9.09462,5.75509,55.7004,-8.72914,-6.27964,55.7634,0.071312,-0.00790274,0.537996,0.0809961,0.0126913,0.564189
1.86446,2.26578,37.3832,2.01565,-2.21087,37.4218,0.298278,-0.0363572,0.822968,0.359448,0.0453382,0.920162
8.32851,0.587697,26.4045,8.36647,-0.188791,26.4256,1.89266,-0.24172,2.91641,2.38105,0.256539,3.55699
10.6508,0.727579,21.8548,10.6816,-0.111082,21.8629,16.6064,1.7443,22.3685,16.7482,-2.04631,22.7472
10.4066,0.565919,20.3016,10.4402,-0.0577297,20.2374,4.78872,11.2976,50.5347,4.55156,-11.8354,50.9127
7.53923,-0.703913,14.3072,7.49626,1.06093,14.2288,-2.41919,10.864,57.8068,-1.45279,-10.9924,57.1078
8.08998,0.355756,19.6654,8.13512,0.058687,19.513,2.49662,9.61357,51.777,3.01497,-9.49331,51.7166
5.58767,0.26536,20.2563,5.61629,0.0248052,20.1336,3.0501,9.20722,50.6048,3.5059,-8.96195,50.5426
5.80281,1.53161,26.9171,5.88543,-1.21665,26.8173,3.48611,8.6441,49.0301,3.88871,-8.29871,48.9591
5.37833,2.40583,32.1528,5.50719,-2.09776,32.035,3.4831,7.9029,46.5656,3.83566,-7.5246,46.491
4.5984,3.03815,36.2568,4.76438,-2.75838,36.1148,3.1444,7.33568,44.3242,3.46497,-6.96747,44.2475
3.95758,3.38304,38.8936,4.14353,-3.13108,38.7391,2.93652,6.82516,42.1902,3.23362,-6.478,42.1123
3.5417,3.50773,40.219,3.7349,-3.27358,40.0604,2.67701,6.42045,40.5236,2.95575,-6.09251,40.4452
3.08867,3.53096,41.1454,3.28433,-3.31836,40.9837,2.33895,5.92733,38.553,2.59861,-5.63094,38.4752
2.60407,3.47378,41.7741,2.79853,-3.28781,41.6096,1.91503,5.37663,36.364,2.15823,-5.13525,36.2882
2.29417,3.43052,42.1807,2.48775,-3.26202,42.017,1.52471,5.00219,34.9663,1.75766,-4.80414,34.8928
1.98094,3.33536,42.361,2.17085,-3.18564,42.2003,1.10636,4.57714,33.4494,1.32687,-4.42586,33.3794
1.72327,3.22497,42.39,1.90861,-3.09194,42.2335,0.720159,4.18759,32.1233,0.929585,-4.08215,32.0575
1.54619,3.12181,42.32,1.72708,-3.00138,42.1688,0.289813,3.93213,31.3227,0.493362,-3.8712,31.2612
1.44599,3.03781,42.2055,1.62317,-2.92544,42.0596,-0.0995687,3.78652,30.9257,0.101807,-3.762,30.8677
1.41005,2.98701,42.1224,1.58511,-2.87833,41.9811,-0.332153,3.70199,30.7306,-0.131749,-3.69944,30.6756
1.39119,2.96917,42.1402,1.56578,-2.86246,42.0031,-0.466968,3.64664,30.6044,-0.267252,-3.65648,30.5518
1.3761,2.97129,42.2259,1.55115,-2.86575,42.0927,-0.550446,3.60798,30.5081,-0.351283,-3.62468,30.4576
1.35871,2.98601,42.3592,1.53483,-2.88129,42.2293,-0.613035,3.57793,30.4266,-0.414384,-3.59861,30.3778
1.3419,3.00533,42.5036,1.51928,-2.90101,42.3764,-0.663453,3.55333,30.3563,-0.465294,-3.5762,30.3089
1.33029,3.02296,42.6269,1.5088,-2.91843,42.5018,-0.702303,3.53296,30.297,-0.504617,-3.5566,30.2507
1.32369,3.03766,42.7255,1.50313,-2.93236,42.6017,-0.732635,3.51498,30.2448,-0.535441,-3.53835,30.1994
1.3215,3.04901,42.7993,1.50165,-2.94238,42.6762,-0.756584,3.49793,30.1969,-0.559944,-3.52017,30.1519
1.32466,3.05593,42.8429,1.50523,-2.94737,42.7198,-0.773891,3.48143,30.1523,-0.577901,-3.50166,30.1076
1.33662,3.05438,42.8334,1.51713,-2.94308,42.7095,-0.785921,3.46651,30.116,-0.590687,-3.48375,30.0714
1.34755,3.05681,42.8426,1.5281,-2.94253,42.7178,-0.788156,3.44387,30.0734,-0.594081,-3.45669,30.0283
1.35435,3.07272,42.9442,1.53552,-2.95539,42.8192,-0.788242,3.39029,30.0824,-0.595363,-3.39422,30.0317
1.4416,2.96104,42.3645,1.61979,-2.83766,42.2278,-0.921128,3.11055,30.0031,-0.733206,-3.06976,29.9469
-1.41701,2.83333,38.7283,-1.23481,-2.88945,38.6909,1.46875,6.73017,33.5599,1.86291,-6.56687,33.478
-1.07463,2.66685,37.4462,-0.897702,-2.71106,37.4025,1.21317,6.92388,33.9173,1.61966,-6.78638,33.8385
-1.33687,2.71349,37.8524,-1.15602,-2.77786,37.8102,1.14056,6.94498,33.9148,1.54909,-6.82136,33.8389
-1.41661,2.6855,37.7604,-1.23636,-2.75863,37.7194,1.01474,6.97899,33.9972,1.42539,-6.86997,33.925
-1.48191,2.65424,37.6393,-1.30267,-2.73427,37.5998,0.880181,7.01716,34.0938,1.29286,-6.92163,34.0257
-1.53868,2.62173,37.5138,-1.36084,-2.70753,37.4764,0.753166,7.05477,34.1872,1.16766,-6.97117,34.1232
-1.58457,2.59056,37.3895,-1.40831,-2.68078,37.3546,0.643934,7.08544,34.2601,1.05973,-7.01173,34.2002
-1.62347,2.56927,37.297,-1.44857,-2.66256,37.2651,0.55572,7.11083,34.3224,0.972227,-7.04467,34.2669
-1.65889,2.55182,37.2148,-1.48559,-2.64674,37.1868,0.482617,7.12914,34.3615,0.899064,-7.06807,34.3109
-1.69006,2.53608,37.1318,-1.51898,-2.6306,37.1091,0.416819,7.14574,34.3921,0.832558,-7.08688,34.3469
-1.71688,2.52116,37.0418,-1.54921,-2.61227,37.0265,0.356232,7.16182,34.4149,0.77029,-7.10086,34.3759
-1.73742,2.50659,36.9349,-1.57534,-2.58951,36.9308,0.304786,7.17935,34.4192,0.715502,-7.10881,34.3885
-1.76548,2.50285,36.8409,-1.61152,-2.571,36.8542,0.314307,7.19402,34.4181,0.720326,-7.08942,34.3954
-51.9544,21.6687,115.676,-50.6619,-24.3565,115.811,-1.47289,0.126925,2.67759,-1.46076,-0.126452,2.67456
-46.0327,18.6268,111.604,-44.9162,-20.9983,111.75,-0.246288,0.0336281,0.814001,-0.247172,-0.0272598,0.825471
-25.491,11.1963,81.78,-24.8032,-12.5444,81.8809,-0.0346982,0.00680901,0.532753,-0.0329858,-0.00181122,0.546767
-9.09492,5.75524,55.7005,-8.72938,-6.27959,55.7637,0.0716085,-0.00793715,0.538741,0.0809986,0.0126903,0.564192
1.86418,2.26597,37.3835,2.01542,-2.21091,37.4222,0.300115,-0.0365747,0.825819,0.359448,0.0453378,0.920162
8.32809,0.588182,26.4049,8.36607,-0.189129,26.4266,1.90871,-0.243506,2.93742,2.38086,0.256608,3.55677
10.6507,0.72767,21.855,10.6815,-0.111235,21.8632,16.6076,1.75054,22.3747,16.748,-2.04556,22.7467
10.4067,0.565721,20.3013,10.4402,-0.057501,20.2372,4.76912,11.297,50.5368,4.55188,-11.835,50.9123
7.53925,-0.70394,14.3071,7.49625,1.061,14.2286,-2.40986,10.8609,57.7894,-1.45299,-10.9929,57.108
8.08994,0.355764,19.6654,8.13517,0.0587796,19.5127,2.49685,9.61349,51.7767,3.0149,-9.49336,51.7164
5.58762,0.265368,20.2563,5.61628,0.0248507,20.1335,3.05011,9.20713,50.6048,3.50584,-8.96199,50.5425
5.80275,1.53161,26.9171,5.8854,-1.21661,26.8173,3.48618,8.644,49.0299,3.88865,-8.29875,48.9589
5.37828,2.40583,32.1527,5.50716,-2.09773,32.035,3.48317,7.90281,46.5654,3.8356,-7.52463,46.4909
4.59834,3.03814,36.2567,4.76435,-2.75834,36.1147,3.14448,7.3356,44.324,3.46491,-6.96749,44.2475
3.95752,3.38303,38.8935,4.1435,-3.13105,38.739,2.9366,6.82509,42.1901,3.23357,-6.47802,42.1122
3.54164,3.50772,40.2189,3.73487,-3.27354,40.0603,2.67709,6.42039,40.5235,2.95569,-6.09253,40.4451
3.08861,3.53095,41.1454,3.28429,-3.31833,40.9837,2.33903,5.92728,38.553,2.59856,-5.63096,38.4751
2.60402,3.47377,41.7741,2.79849,-3.28777,41.6096,1.91511,5.37659,36.364,2.15819,-5.13526,36.2881
2.29411,3.43051,42.1806,2.48771,-3.26198,42.0169,1.52479,5.00215,34.9663,1.75762,-4.80416,34.8928
1.98088,3.33535,42.361,2.17081,-3.18561,42.2002,1.10644,4.57711,33.4493,1.32684,-4.42588,33.3794
1.72321,3.22496,42.3899,1.90857,-3.09191,42.2335,0.720235,4.18757,32.1232,0.929556,-4.08217,32.0574
1.54613,3.1218,42.32,1.72704,-3.00135,42.1687,0.289889,3.93211,31.3227,0.493337,-3.87121,31.2611
1.44594,3.0378,42.2055,1.62313,-2.92542,42.0596,-0.0994921,3.7865,30.9257,0.101785,-3.76202,30.8677
1.40999,2.987,42.1223,1.58508,-2.87831,41.9811,-0.332075,3.70198,30.7306,-0.131769,-3.69945,30.6756
1.39113,2.96916,42.1402,1.56574,-2.86244,42.0031,-0.466888,3.64662,30.6044,-0.267269,-3.6565,30.5518
1.37604,2.97129,42.2259,1.55112,-2.86573,42.0926,-0.550365,3.60797,30.5081,-0.351299,-3.6247,30.4576
1.35865,2.98601,42.3592,1.53479,-2.88127,42.2292,-0.612953,3.57793,30.4265,-0.414398,-3.59863,30.3777
1.34184,3.00533,42.5036,1.51924,-2.90099,42.3764,-0.663369,3.55332,30.3563,-0.465306,-3.57622,30.3089
1.33023,3.02296,42.6269,1.50876,-2.91842,42.5018,-0.702218,3.53295,30.2969,-0.504629,-3.55662,30.2506
1.32363,3.03766,42.7255,1.50308,-2.93234,42.6017,-0.732549,3.51498,30.2448,-0.535451,-3.53837,30.1993
1.32144,3.04901,42.7993,1.5016,-2.94237,42.6762,-0.756496,3.49793,30.1969,-0.559952,-3.52019,30.1519
1.3246,3.05593,42.8429,1.50519,-2.94736,42.7198,-0.773803,3.48143,30.1523,-0.577908,-3.50168,30.1076
1.33656,3.05438,42.8334,1.51709,-2.94307,42.7095,-0.785832,3.46651,30.116,-0.590694,-3.48377,30.0714
1.34749,3.05682,42.8426,1.52806,-2.94252,42.7178,-0.788066,3.44387,30.0734,-0.594087,-3.45672,30.0283
1.35429,3.07272,42.9442,1.53548,-2.95538,42.8192,-0.78815,3.39029,30.0824,-0.595369,-3.39424,30.0317
1.44153,2.96105,42.3645,1.61974,-2.83766,42.2278,-0.921025,3.11056,30.0031,-0.733202,-3.06979,29.9469
-1.41697,2.83338,38.7285,-1.23478,-2.88949,38.6911,1.46881,6.73023,33.56,1.86297,-6.56685,33.4781
-1.07459,2.6669,37.4464,-0.897671,-2.71111,37.4026,1.21322,6.92394,33.9175,1.61971,-6.78636,33.8386
-1.33683,2.71355,37.8525,-1.15599,-2.7779,37.8103,1.14061,6.94503,33.915,1.54914,-6.82135,33.8389
-1.41657,2.68555,37.7606,-1.23633,-2.75867,37.7196,1.01479,6.97904,33.9973,1.42544,-6.86996,33.9251
-1.48187,2.65428,37.6394,-1.30264,-2.7343,37.5999,0.880224,7.01721,34.0939,1.2929,-6.92162,34.0257
-1.53864,2.62178,37.5139,-1.36081,-2.70756,37.4765,0.753207,7.05482,34.1873,1.1677,-6.97116,34.1233
-1.58453,2.5906,37.3897,-1.40828,-2.68081,37.3547,0.643971,7.08549,34.2603,1.05976,-7.01173,34.2003
-1.62342,2.56931,37.2971,-1.44853,-2.66259,37.2652,0.555755,7.11089,34.3225,0.972257,-7.04467,34.267
-1.65883,2.55185,37.2149,-1.48555,-2.64677,37.1869,0.482649,7.12919,34.3617,0.899091,-7.06806,34.311
-1.69001,2.53611,37.1319,-1.51894,-2.63063,37.1091,0.416849,7.14579,34.3923,0.832581,-7.08687,34.347
-1.71682,2.52119,37.0419,-1.54917,-2.6123,37.0265,0.356258,7.16187,34.4151,0.770309,-7.10085,34.3761
-1.73735,2.50661,36.9349,-1.57528,-2.58954,36.9308,0.304796,7.17941,34.4195,0.715518,-7.10881,34.3887
-1.7654,2.50286,36.8409,-1.61146,-2.57103,36.8542,0.314321,7.19409,34.4183,0.72034,-7.08942,34.3956
-51.9541,21.6686,115.676,-50.6617,-24.3567,115.811,-1.47266,0.126911,2.67712,-1.46078,-0.126449,2.67457
-46.0325,18.6268,111.604,-44.916,-20.9984,111.75,-0.246221,0.0336179,0.813752,-0.247174,-0.0272588,0.825472
-25.4907,11.1962,81.7799,-24.803,-12.5445,81.8807,-0.0347227,0.0068101,0.532507,-0.0329869,-0.00181055,0.546767
-9.09473,5.75515,55.7004,-8.72923,-6.27963,55.7635,0.071426,-0.00791598,0.538282,0.0809986,0.0126911,0.564194
1.86435,2.26585,37.3833,2.01556,-2.21089,37.422,0.298983,-0.0364407,0.824062,0.359459,0.0453393,0.920178
8.32835,0.587885,26.4047,8.36631,-0.188923,26.426,1.89883,-0.242407,2.92449,2.38105,0.256573,3.557
10.6508,0.727615,21.8548,10.6816,-0.111141,21.863,16.6069,1.7467,22.3709,16.7481,-2.04604,22.747
10.4066,0.565842,20.3015,10.4402,-0.0576405,20.2373,4.78116,11.2974,50.5355,4.55162,-11.8352,50.9126
7.53924,-0.703924,14.3071,7.49625,1.06095,14.2287,-2.4156,10.8628,57.8001,-1.45283,-10.9926,57.1078
8.08996,0.355759,19.6654,8.13514,0.0587232,19.5129,2.49671,9.61354,51.7769,3.01494,-9.49333,51.7165
5.58765,0.265363,20.2563,5.61629,0.0248231,20.1335,3.0501,9.20719,50.6048,3.50588,-8.96197,50.5425
5.80278,1.53161,26.9171,5.88542,-1.21663,26.8173,3.48614,8.64406,49.03,3.88869,-8.29873,48.959
5.37831,2.40583,32.1528,5.50718,-2.09775,32.035,3.48313,7.90287,46.5655,3.83564,-7.52461,46.491
4.59837,3.03815,36.2568,4.76437,-2.75836,36.1148,3.14443,7.33565,44.3241,3.46495,-6.96748,44.2475
3.95756,3.38303,38.8935,4.14352,-3.13107,38.739,2.93655,6.82514,42.1902,3.2336,-6.47801,42.1122
3.54168,3.50772,40.219,3.73489,-3.27357,40.0604,2.67704,6.42043,40.5235,2.95573,-6.09252,40.4451
3.08864,3.53096,41.1454,3.28431,-3.31835,40.9837,2.33898,5.92731,38.553,2.59859,-5.63095,38.4752
2.60405,3.47377,41.7741,2.79852,-3.28779,41.6096,1.91506,5.37661,36.364,2.15821,-5.13525,36.2882
2.29415,3.43051,42.1807,2.48773,-3.262,42.0169,1.52474,5.00217,34.9663,1.75764,-4.80415,34.8928
1.98091,3.33536,42.361,2.17083,-3.18563,42.2003,1.10639,4.57713,33.4494,1.32686,-4.42587,33.3794
1.72325,3.22497,42.39,1.90859,-3.09193,42.2335,0.720188,4.18758,32.1232,0.929574,-4.08216,32.0574
1.54617,3.12181,42.32,1.72706,-3.00137,42.1688,0.289843,3.93212,31.3227,0.493352,-3.87121,31.2612
1.44597,3.0378,42.2055,1.62315,-2.92543,42.0596,-0.099539,3.78651,30.9257,0.101799,-3.76201,30.8677
1.41002,2.98701,42.1224,1.5851,-2.87832,41.9811,-0.332122,3.70199,30.7306,-0.131757,-3.69945,30.6756
1.39117,2.96917,42.1402,1.56576,-2.86245,42.0031,-0.466937,3.64663,30.6044,-0.267259,-3.65649,30.5518
1.37608,2.97129,42.2259,1.55114,-2.86574,42.0926,-0.550414,3.60798,30.5081,-0.351289,-3.62469,30.4576
1.35868,2.98601,42.3592,1.53482,-2.88128,42.2293,-0.613003,3.57793,30.4266,-0.414389,-3.59862,30.3778
1.34188,3.00533,42.5036,1.51927,-2.901,42.3764,-0.66342,3.55332,30.3563,-0.465298,-3.5762,30.3089
1.33027,3.02296,42.6269,1.50878,-2.91843,42.5018,-0.70227,3.53295,30.297,-0.504622,-3.55661,30.2507
1.32367,3.03766,42.7255,1.50311,-2.93235,42.6017,-0.732601,3.51498,30.2448,-0.535445,-3.53836,30.1994
1.32148,3.04901,42.7993,1.50163,-2.94238,42.6762,-0.756549,3.49793,30.1969,-0.559947,-3.52018,30.1519
1.32463,3.05593,42.8429,1.50522,-2.94737,42.7198,-0.773856,3.48143,30.1523,-0.577903,-3.50167,30.1076
1.3366,3.05438,42.8334,1.51712,-2.94308,42.7095,-0.785886,3.46651,30.116,-0.590689,-3.48376,30.0714
1.34753,3.05682,42.8426,1.52809,-2.94253,42.7178,-0.78812,3.44387,30.0734,-0.594083,-3.4567,30.0283
1.35433,3.07272,42.9442,1.5355,-2.95539,42.8192,-0.788206,3.39029,30.0824,-0.595365,-3.39423,30.0317
1.44157,2.96105,42.3645,1.61977,-2.83766,42.2278,-0.921087,3.11055,30.0031,-0.733204,-3.06977,29.9469
-1.41699,2.83335,38.7284,-1.2348,-2.88946,38.691,1.46878,6.73019,33.56,1.86294,-6.56687,33.478
-1.07462,2.66687,37.4463,-0.89769,-2.71108,37.4025,1.21319,6.9239,33.9174,1.61968,-6.78637,33.8385
-1.33685,2.71351,37.8524,-1.15601,-2.77787,37.8103,1.14058,6.945,33.9149,1.54911,-6.82136,33.8389
-1.41659,2.68552,37.7605,-1.23635,-2.75865,37.7195,1.01476,6.97901,33.9972,1.42541,-6.86996,33.925
-1.48189,2.65425,37.6394,-1.30266,-2.73428,37.5998,0.880198,7.01718,34.0938,1.29287,-6.92162,34.0257
-1.53867,2.62175,37.5139,-1.36083,-2.70754,37.4764,0.753182,7.05479,34.1872,1.16768,-6.97116,34.1232
-1.58455,2.59058,37.3896,-1.4083,-2.68079,37.3546,0.643948,7.08546,34.2602,1.05974,-7.01173,34.2002
-1.62345,2.56928,37.297,-1.44856,-2.66257,37.2652,0.555734,7.11085,34.3224,0.972239,-7.04467,34.267
-1.65887,2.55183,37.2149,-1.48557,-2.64675,37.1869,0.48263,7.12916,34.3616,0.899075,-7.06806,34.3109
-1.69004,2.53609,37.1319,-1.51897,-2.63062,37.1091,0.416831,7.14576,34.3922,0.832567,-7.08688,34.3469
-1.71686,2.52118,37.0419,-1.5492,-2.61228,37.0265,0.356242,7.16184,34.4149,0.770297,-7.10086,34.376
-1.7374,2.5066,36.9349,-1.57531,-2.58952,36.9308,0.30479,7.17937,34.4193,0.715508,-7.10881,34.3886
-1.76545,2.50285,36.8409,-1.6115,-2.57101,36.8542,0.314313,7.19405,34.4182,0.720331,-7.08942,34.3954
-51.9543,21.6686,115.676,-50.6618,-24.3566,115.811,-1.4728,0.126919,2.67741,-1.46077,-0.126451,2.67456
-46.0327,18.6268,111.604,-44.9161,-20.9984,111.75,-0.246262,0.0336241,0.813905,-0.247172,-0.0272594,0.825471
-25.4909,11.1963,81.78,-24.8032,-12.5444,81.8808,-0.0347076,0.00680942,0.532658,-0.0329863,-0.00181097,0.546766
-9.09485,5.75521,55.7005,-8.72933,-6.27961,55.7636,0.0715382,-0.007929,0.538564,0.080998,0.0126906,0.564191
1.86424,2.26592,37.3834,2.01548,-2.2109,37.4221,0.299679,-0.036523,0.825142,0.359448,0.0453379,0.920162
8.32819,0.588067,26.4048,8.36617,-0.189049,26.4263,1.9049,-0.243083,2.93244,2.38091,0.256592,3.55682
10.6507,0.727649,21.8549,10.6815,-0.111198,21.8631,16.6073,1.74907,22.3733,16.748,-2.04574,22.7468
10.4066,0.565768,20.3014,10.4402,-0.0575547,20.2373,4.77375,11.2972,50.5363,4.5518,-11.8351,50.9124
7.53925,-0.703934,14.3071,7.49625,1.06098,14.2287,-2.41207,10.8616,57.7935,-1.45294,-10.9928,57.1079
8.08995,0.355762,19.6654,8.13515,0.0587581,19.5128,2.4968,9.61351,51.7768,3.01491,-9.49335,51.7165
5.58763,0.265366,20.2563,5.61628,0.0248403,20.1335,3.05011,9.20715,50.6048,3.50585,-8.96198,50.5425
5.80276,1.53161,26.9171,5.88541,-1.21662,26.8173,3.48616,8.64403,49.03,3.88867,-8.29874,48.959
5.37829,2.40583,32.1527,5.50717,-2.09773,32.035,3.48315,7.90283,46.5655,3.83561,-7.52462,46.4909
4.59835,3.03814,36.2567,4.76436,-2.75835,36.1147,3.14446,7.33562,44.3241,3.46493,-6.96749,44.2475
3.95754,3.38303,38.8935,4.14351,-3.13105,38.739,2.93658,6.82511,42.1902,3.23358,-6.47801,42.1122
3.54166,3.50772,40.219,3.73488,-3.27355,40.0603,2.67707,6.42041,40.5235,2.95571,-6.09253,40.4451
3.08862,3.53095,41.1454,3.2843,-3.31834,40.9837,2.33901,5.92729,38.553,2.59857,-5.63096,38.4751
2.60403,3.47377,41.7741,2.7985,-3.28778,41.6096,1.91509,5.3766,36.364,2.1582,-5.13526,36.2882
2.29413,3.43051,42.1806,2.48772,-3.26199,42.0169,1.52477,5.00216,34.9663,1.75763,-4.80416,34.8928
1.98089,3.33535,42.361,2.17082,-3.18562,42.2002,1.10642,4.57711,33.4493,1.32684,-4.42587,33.3794
1.72323,3.22497,42.39,1.90858,-3.09192,42.2335,0.720217,4.18757,32.1232,0.929562,-4.08216,32.0574
1.54615,3.1218,42.32,1.72705,-3.00136,42.1687,0.289871,3.93211,31.3227,0.493342,-3.87121,31.2611
1.44595,3.0378,42.2055,1.62314,-2.92542,42.0596,-0.0995099,3.7865,30.9257,0.10179,-3.76201,30.8677
1.41,2.987,42.1223,1.58509,-2.87832,41.9811,-0.332093,3.70198,30.7306,-0.131765,-3.69945,30.6756
1.39115,2.96916,42.1402,1.56575,-2.86244,42.0031,-0.466907,3.64663,30.6044,-0.267266,-3.65649,30.5518
1.37605,2.97129,42.2259,1.55112,-2.86573,42.0926,-0.550384,3.60797,30.5081,-0.351295,-3.62469,30.4576
1.35866,2.98601,42.3592,1.5348,-2.88127,42.2292,-0.612972,3.57793,30.4265,-0.414395,-3.59863,30.3777
1.34186,3.00533,42.5036,1.51925,-2.901,42.3764,-0.663388,3.55332,30.3563,-0.465303,-3.57621,30.3089
1.33025,3.02296,42.6269,1.50877,-2.91842,42.5018,-0.702238,3.53295,30.297,-0.504626,-3.55662,30.2506
1.32364,3.03766,42.7255,1.50309,-2.93234,42.6017,-0.732569,3.51498,30.2448,-0.535449,-3.53837,30.1994
1.32145,3.04901,42.7993,1.50161,-2.94237,42.6762,-0.756516,3.49793,30.1969,-0.559951,-3.52019,30.1519
1.32461,3.05593,42.8429,1.5052,-2.94737,42.7198,-0.773823,3.48143,30.1523,-0.577907,-3.50168,30.1076
1.33658,3.05438,42.8334,1.5171,-2.94308,42.7095,-0.785852,3.46651,30.116,-0.590692,-3.48377,30.0714
1.34751,3.05682,42.8426,1.52807,-2.94252,42.7178,-0.788086,3.44387,30.0734,-0.594086,-3.45671,30.0283
1.35431,3.07272,42.9442,1.53549,-2.95538,42.8192,-0.788171,3.39029,30.0824,-0.595368,-3.39424,30.0317
1.44155,2.96105,42.3645,1.61975,-2.83766,42.2278,-0.921048,3.11056,30.0031,-0.733203,-3.06978,29.9469
-1.41698,2.83337,38.7285,-1.23479,-2.88948,38.691,1.4688,6.73022,33.56,1.86296,-6.56686,33.4781
-1.0746,2.66689,37.4464,-0.897679,-2.7111,37.4026,1.21321,6.92392,33.9174,1.6197,-6.78636,33.8385
-1.33684,2.71353,37.8525,-1.156,-2.77789,37.8103,1.1406,6.94502,33.9149,1.54913,-6.82135,33.8389
-1.41658,2.68554,37.7605,-1.23634,-2.75866,37.7195,1.01478,6.97903,33.9973,1.42543,-6.86996,33.925
-1.48188,2.65427,37.6394,-1.30264,-2.73429,37.5999,0.880214,7.0172,34.0939,1.29289,-6.92162,34.0257
-1.53865,2.62177,37.5139,-1.36082,-2.70756,37.4764,0.753197,7.05481,34.1873,1.16769,-6.97116,34.1232
-1.58454,2.59059,37.3896,-1.40829,-2.6808,37.3547,0.643962,7.08548,34.2602,1.05976,-7.01173,34.2003
-1.62343,2.5693,37.2971,-1.44854,-2.66258,37.2652,0.555746,7.11087,34.3225,0.97225,-7.04467,34.267
-1.65885,2.55185,37.2149,-1.48556,-2.64676,37.1869,0.482642,7.12918,34.3616,0.899084,-7.06806,34.311
-1.69002,2.53611,37.1319,-1.51895,-2.63063,37.1091,0.416842,7.14578,34.3922,0.832575,-7.08687,34.347
-1.71683,2.52119,37.0419,-1.54918,-2.61229,37.0265,0.356252,7.16186,34.415,0.770305,-7.10085,34.3761
-1.73737,2.50661,36.9349,-1.57529,-2.58953,36.9308,0.304794,7.1794,34.4194,0.715514,-7.10881,34.3886
-1.76542,2.50286,36.8409,-1.61147,-2.57103,36.8542,0.314318,7.19407,34.4183,0.720337,-7.08942,34.3955
-51.9542,21.6686,115.676,-50.6617,-24.3566,115.811,-1.47271,0.126914,2.67723,-1.46077,-0.12645,2.67457
-46.0326,18.6268,111.604,-44.916,-20.9984,111.75,-0.246237,0.0336203,0.81381,-0.247173,-0.0272591,0.825472
-25.4908,11.1962,81.78,-24.8031,-12.5444,81.8808,-0.0347169,0.00680984,0.532565,-0.0329866,-0.00181071,0.546767
-9.09478,5.75517,55.7005,-8.72927,-6.27962,55.7636,0.0714692,-0.00792099,0.538391,0.0809986,0.012691,0.564193
1.86431,2.26588,37.3834,2.01553,-2.21089,37.422,0.299251,-0.0364723,0.824477,0.359456,0.045339,0.920175
8.32829,0.587955,26.4047,8.36626,-0.188972,26.4261,1.90116,-0.242667,2.92755,2.38101,0.256581,3.55695
10.6507,0.727628,21.8549,10.6816,-0.111163,21.8631,16.607,1.74761,22.3718,16.7481,-2.04593,22.7469
10.4066,0.565813,20.3015,10.4402,-0.0576073,20.2373,4.77831,11.2973,50.5358,4.55168,-11.8352,50.9125
7.53924,-0.703928,14.3071,7.49625,1.06096,14.2287,-2.41424,10.8623,57.7976,-1.45287,-10.9927,57.1078
8.08996,0.35576,19.6654,8.13514,0.0587367,19.5128,2.49674,9.61353,51.7768,3.01493,-9.49334,51.7165
5.58764,0.265364,20.2563,5.61629,0.0248298,20.1335,3.05011,9.20717,50.6048,3.50587,-8.96197,50.5425
5.80278,1.53161,26.9171,5.88541,-1.21663,26.8173,3.48615,8.64405,49.03,3.88868,-8.29873,48.959
5.3783,2.40583,32.1528,5.50718,-2.09774,32.035,3.48314,7.90285,46.5655,3.83563,-7.52461,46.491
4.59837,3.03815,36.2568,4.76436,-2.75836,36.1148,3.14444,7.33564,44.3241,3.46494,-6.96748,44.2475
3.95755,3.38303,38.8935,4.14351,-3.13106,38.739,2.93656,6.82513,42.1902,3.23359,-6.47801,42.1122
3.54167,3.50772,40.219,3.73488,-3.27356,40.0603,2.67705,6.42042,40.5235,2.95572,-6.09252,40.4451
3.08864,3.53096,41.1454,3.28431,-3.31834,40.9837,2.33899,5.92731,38.553,2.59858,-5.63095,38.4751
2.60404,3.47377,41.7741,2.79851,-3.28779,41.6096,1.91507,5.37661,36.364,2.15821,-5.13525,36.2882
2.29414,3.43051,42.1807,2.48773,-3.262,42.0169,1.52475,5.00217,34.9663,1.75764,-4.80415,34.8928
1.98091,3.33536,42.361,2.17083,-3.18563,42.2003,1.1064,4.57712,33.4494,1.32685,-4.42587,33.3794
1.72324,3.22497,42.39,1.90859,-3.09193,42.2335,0.7202,4.18758,32.1232,0.929569,-4.08216,32.0574
1.54616,3.1218,42.32,1.72706,-3.00136,42.1687,0.289854,3.93212,31.3227,0.493348,-3.87121,31.2611
1.44596,3.0378,42.2055,1.62315,-2.92543,42.0596,-0.0995277,3.78651,30.9257,0.101795,-3.76201,30.8677
1.41002,2.98701,42.1224,1.58509,-2.87832,41.9811,-0.332111,3.70199,30.7306,-0.13176,-3.69945,30.6756
1.39116,2.96917,42.1402,1.56576,-2.86245,42.0031,-0.466925,3.64663,30.6044,-0.267261,-3.65649,30.5518
1.37607,2.97129,42.2259,1.55113,-2.86574,42.0926,-0.550402,3.60798,30.5081,-0.351291,-3.62469,30.4576
1.35868,2.98601,42.3592,1.53481,-2.88128,42.2292,-0.612991,3.57793,30.4266,-0.414391,-3.59862,30.3777
1.34187,3.00533,42.5036,1.51926,-2.901,42.3764,-0.663408,3.55332,30.3563,-0.4653,-3.57621,30.3089
1.33026,3.02296,42.6269,1.50878,-2.91842,42.5018,-0.702257,3.53295,30.297,-0.504623,-3.55661,30.2507
1.32366,3.03766,42.7255,1.5031,-2.93235,42.6017,-0.732589,3.51498,30.2448,-0.535446,-3.53836,30.1994
1.32147,3.04901,42.7993,1.50162,-2.94238,42.6762,-0.756537,3.49793,30.1969,-0.559948,-3.52018,30.1519
1.32462,3.05593,42.8429,1.50521,-2.94737,42.7198,-0.773844,3.48143,30.1523,-0.577904,-3.50167,30.1076
1.33659,3.05438,42.8334,1.51711,-2.94308,42.7095,-0.785873,3.46651,30.116,-0.59069,-3.48376,30.0714
1.34752,3.05682,42.8426,1.52808,-2.94253,42.7178,-0.788107,3.44387,30.0734,-0.594084,-3.45671,30.0283
1.35432,3.07272,42.9442,1.5355,-2.95539,42.8192,-0.788192,3.39029,30.0824,-0.595366,-3.39423,30.0317
1.44156,2.96105,42.3645,1.61976,-2.83766,42.2278,-0.921072,3.11055,30.0031,-0.733203,-3.06977,29.9469
-1.41698,2.83335,38.7284,-1.2348,-2.88947,38.691,1.46879,6.7302,33.56,1.86294,-6.56686,33.478
-1.07461,2.66688,37.4463,-0.897686,-2.71109,37.4026,1.2132,6.92391,33.9174,1.61968,-6.78637,33.8385
-1.33685,2.71352,37.8525,-1.156,-2.77788,37.8103,1.14058,6.945,33.9149,1.54912,-6.82135,33.8389
-1.41659,2.68553,37.7605,-1.23634,-2.75865,37.7195,1.01477,6.97902,33.9972,1.42542,-6.86996,33.925
-1.48188,2.65426,37.6394,-1.30265,-2.73429,37.5998,0.880204,7.01719,34.0938,1.29288,-6.92162,34.0257
-1.53866,2.62176,37.5139,-1.36083,-2.70755,37.4764,0.753188,7.0548,34.1872,1.16768,-6.97116,34.1232
-1.58455,2.59058,37.3896,-1.40829,-2.68079,37.3546,0.643954,7.08547,34.2602,1.05975,-7.01173,34.2003
-1.62344,2.56929,37.2971,-1.44855,-2.66257,37.2652,0.555739,7.11086,34.3225,0.972243,-7.04467,34.267
-1.65886,2.55184,37.2149,-1.48557,-2.64676,37.1869,0.482634,7.12917,34.3616,0.899078,-7.06806,34.3109
-1.69003,2.5361,37.1319,-1.51896,-2.63062,37.1091,0.416835,7.14577,34.3922,0.83257,-7.08687,34.3469
-1.71685,2.52118,37.0419,-1.54919,-2.61229,37.0265,0.356246,7.16185,34.415,0.7703,-7.10086,34.376
-1.73739,2.5066,36.9349,-1.57531,-2.58952,36.9308,0.304791,7.17938,34.4194,0.71551,-7.10881,34.3886
-1.76544,2.50286,36.8409,-1.61149,-2.57102,36.8542,0.314315,7.19406,34.4182,0.720334,-7.08942,34.3955
-51.9542,21.6686,115.676,-50.6618,-24.3566,115.811,-1.47277,0.126917,2.67734,-1.46077,-0.12645,2.67457
-46.0326,18.6268,111.604,-44.9161,-20.9984,111.75,-0.246252,0.0336227,0.813868,-0.247173,-0.0272593,0.825471
-25.4908,11.1962,81.78,-24.8031,-12.5444,81.8808,-0.0347112,0.00680958,0.532623,-0.0329864,-0.00181087,0.546766
-9.09482,5.75519,55.7005,-8.7293,-6.27961,55.7636,0.0715117,-0.00792592,0.538497,0.0809981,0.0126907,0.564192
1.86427,2.26591,37.3834,2.01549,-2.2109,37.4221,0.299514,-0.0365035,0.824886,0.35945,0.0453382,0.920166
8.32823,0.588024,26.4047,8.3662,-0.189019,26.4262,1.90346,-0.242923,2.93056,2.38094,0.256587,3.55686
10.6507,0.727641,21.8549,10.6815,-0.111185,21.8631,16.6072,1.74851,22.3727,16.7481,-2.04581,22.7469
10.4066,0.565785,20.3014,10.4402,-0.057575,20.2373,4.7755,11.2972,50.5361,4.55176,-11.8352,50.9125
7.53924,-0.703932,14.3071,7.49625,1.06097,14.2287,-2.4129,10.8619,57.7951,-1.45292,-10.9927,57.1079
8.08995,0.355761,19.6654,8.13515,0.0587499,19.5128,2.49678,9.61351,51.7768,3.01492,-9.49334,51.7165
5.58763,0.265365,20.2563,5.61628,0.0248363,20.1335,3.05011,9.20716,50.6048,3.50586,-8.96198,50.5425
5.80277,1.53161,26.9171,5.88541,-1.21662,26.8173,3.48616,8.64403,49.03,3.88867,-8.29874,48.959
5.37829,2.40583,32.1527,5.50717,-2.09774,32.035,3.48315,7.90284,46.5655,3.83562,-7.52462,46.4909
4.59836,3.03814,36.2567,4.76436,-2.75835,36.1147,3.14445,7.33563,44.3241,3.46493,-6.96748,44.2475
3.95754,3.38303,38.8935,4.14351,-3.13106,38.739,2.93657,6.82512,42.1902,3.23359,-6.47801,42.1122
3.54166,3.50772,40.219,3.73488,-3.27356,40.0603,2.67707,6.42041,40.5235,2.95571,-6.09253,40.4451
3.08863,3.53095,41.1454,3.2843,-3.31834,40.9837,2.339,5.9273,38.553,2.59858,-5.63096,38.4751
2.60404,3.47377,41.7741,2.79851,-3.28778,41.6096,1.91508,5.3766,36.364,2.1582,-5.13526,36.2882
2.29413,3.43051,42.1807,2.48772,-3.262,42.0169,1.52476,5.00216,34.9663,1.75763,-4.80416,34.8928
1.9809,3.33535,42.361,2.17082,-3.18562,42.2002,1.10641,4.57712,33.4493,1.32685,-4.42587,33.3794
1.72323,3.22497,42.39,1.90858,-3.09192,42.2335,0.72021,4.18758,32.1232,0.929565,-4.08216,32.0574
1.54615,3.1218,42.32,1.72705,-3.00136,42.1687,0.289865,3.93211,31.3227,0.493344,-3.87121,31.2611
1.44596,3.0378,42.2055,1.62314,-2.92542,42.0596,-0.0995167,3.7865,30.9257,0.101792,-3.76201,30.8677
1.41001,2.987,42.1224,1.58509,-2.87832,41.9811,-0.3321,3.70198,30.7306,-0.131763,-3.69945,30.6756
1.39115,2.96917,42.1402,1.56575,-2.86244,42.0031,-0.466914,3.64663,30.6044,-0.267264,-3.65649,30.5518
1.37606,2.97129,42.2259,1.55113,-2.86573,42.0926,-0.550391,3.60798,30.5081,-0.351294,-3.62469,30.4576
1.35867,2.98601,42.3592,1.53481,-2.88127,42.2292,-0.612979,3.57793,30.4265,-0.414394,-3.59863,30.3777
1.34186,3.00533,42.5036,1.51926,-2.901,42.3764,-0.663396,3.55332,30.3563,-0.465302,-3.57621,30.3089
1.33025,3.02296,42.6269,1.50877,-2.91842,42.5018,-0.702245,3.53295,30.297,-0.504625,-3.55661,30.2506
1.32365,3.03766,42.7255,1.5031,-2.93235,42.6017,-0.732576,3.51498,30.2448,-0.535448,-3.53836,30.1994
1.32146,3.04901,42.7993,1.50162,-2.94237,42.6762,-0.756524,3.49793,30.1969,-0.55995,-3.52019,30.1519
1.32462,3.05593,42.8429,1.5052,-2.94737,42.7198,-0.773831,3.48143,30.1523,-0.577906,-3.50168,30.1076
1.33658,3.05438,42.8334,1.5171,-2.94308,42.7095,-0.78586,3.46651,30.116,-0.590691,-3.48377,30.0714
1.34751,3.05682,42.8426,1.52807,-2.94253,42.7178,-0.788094,3.44387,30.0734,-0.594085,-3.45671,30.0283
1.35431,3.07272,42.9442,1.53549,-2.95538,42.8192,-0.788179,3.39029,30.0824,-0.595367,-3.39423,30.0317
1.44155,2.96105,42.3645,1.61976,-2.83766,42.2278,-0.921057,3.11055,30.0031,-0.733203,-3.06978,29.9469
-1.41698,2.83336,38.7284,-1.23479,-2.88948,38.691,1.4688,6.73021,33.56,1.86295,-6.56686,33.4781
-1.0746,2.66688,37.4464,-0.897681,-2.71109,37.4026,1.2132,6.92392,33.9174,1.61969,-6.78637,33.8385
-1.33684,2.71353,37.8525,-1.156,-2.77788,37.8103,1.14059,6.94501,33.9149,1.54912,-6.82135,33.8389
-1.41658,2.68553,37.7605,-1.23634,-2.75866,37.7195,1.01477,6.97903,33.9973,1.42543,-6.86996,33.925
-1.48188,2.65427,37.6394,-1.30265,-2.73429,37.5999,0.88021,7.01719,34.0939,1.29288,-6.92162,34.0257
-1.53865,2.62177,37.5139,-1.36082,-2.70755,37.4764,0.753194,7.0548,34.1873,1.16769,-6.97116,34.1232
-1.58454,2.59059,37.3896,-1.40829,-2.6808,37.3547,0.643959,7.08548,34.2602,1.05975,-7.01173,34.2003
-1.62344,2.56929,37.2971,-1.44855,-2.66258,37.2652,0.555743,7.11087,34.3225,0.972247,-7.04467,34.267
-1.65885,2.55184,37.2149,-1.48556,-2.64676,37.1869,0.482639,7.12917,34.3616,0.899082,-7.06806,34.3109
-1.69002,2.5361,37.1319,-1.51895,-2.63062,37.1091,0.416839,7.14577,34.3922,0.832573,-7.08687,34.3469
-1.71684,2.52118,37.0419,-1.54918,-2.61229,37.0265,0.35625,7.16185,34.415,0.770303,-7.10085,34.376
-1.73738,2.50661,36.9349,-1.5753,-2.58953,36.9308,0.304793,7.17939,34.4194,0.715513,-7.10881,34.3886
-1.76543,2.50286,36.8409,-1.61148,-2.57102,36.8542,0.314317,7.19407,34.4183,0.720336,-7.08942,34.3955
-51.9542,21.6686,115.676,-50.6617,-24.3566,115.811,-1.47274,0.126915,2.67727,-1.46077,-0.12645,2.67457
-46.0326,18.6268,111.604,-44.916,-20.9984,111.75,-0.246243,0.0336212,0.813833,-0.247173,-0.0272591,0.825472
-25.4908,11.1962,81.78,-24.8031,-12.5444,81.8808,-0.0347147,0.00680974,0.532587,-0.0329865,-0.00181077,0.546767
-9.09479,5.75518,55.7005,-8.72928,-6.27962,55.7636,0.0714855,-0.00792289,0.538432,0.0809985,0.0126909,0.564193
1.86429,2.26589,37.3834,2.01551,-2.21089,37.422,0.299352,-0.0364843,0.824634,0.359454,0.0453387,0.920172
8.32826,0.587982,26.4047,8.36624,-0.18899,26.4262,1.90205,-0.242765,2.9287,2.38098,0.256584,3.55692
10.6507,0.727633,21.8549,10.6816,-0.111172,21.8631,16.6071,1.74795,22.3722,16.7481,-2.04588,22.7469
10.4066,0.565802,20.3014,10.4402,-0.0575948,20.2373,4.77723,11.2973,50.5359,4.55171,-11.8352,50.9125
7.53924,-0.703929,14.3071,7.49625,1.06097,14.2287,-2.41372,10.8622,57.7966,-1.45289,-10.9927,57.1079
8.08995,0.35576,19.6654,8.13515,0.0587418,19.5128,2.49676,9.61352,51.7768,3.01493,-9.49334,51.7165
5.58764,0.265364,20.2563,5.61628,0.0248323,20.1335,3.05011,9.20717,50.6048,3.50586,-8.96197,50.5425
5.80277,1.53161,26.9171,5.88541,-1.21663,26.8173,3.48615,8.64404,49.03,3.88868,-8.29873,48.959
5.3783,2.40583,32.1528,5.50718,-2.09774,32.035,3.48314,7.90285,46.5655,3.83562,-7.52461,46.491
4.59836,3.03814,36.2568,4.76436,-2.75835,36.1148,3.14444,7.33564,44.3241,3.46494,-6.96748,44.2475
3.95755,3.38303,38.8935,4.14351,-3.13106,38.739,2.93656,6.82512,42.1902,3.23359,-6.47801,42.1122
3.54167,3.50772,40.219,3.73488,-3.27356,40.0603,2.67706,6.42042,40.5235,2.95571,-6.09252,40.4451
3.08863,3.53096,41.1454,3.28431,-3.31834,40.9837,2.339,5.9273,38.553,2.59858,-5.63095,38.4751
2.60404,3.47377,41.7741,2.79851,-3.28779,41.6096,1.91507,5.37661,36.364,2.1582,-5.13526,36.2882
2.29414,3.43051,42.1807,2.48772,-3.262,42.0169,1.52475,5.00217,34.9663,1.75763,-4.80415,34.8928
1.9809,3.33535,42.361,2.17083,-3.18563,42.2003,1.1064,4.57712,33.4493,1.32685,-4.42587,33.3794
1.72324,3.22497,42.39,1.90859,-3.09193,42.2335,0.720204,4.18758,32.1232,0.929568,-4.08216,32.0574
1.54616,3.1218,42.32,1.72706,-3.00136,42.1687,0.289858,3.93211,31.3227,0.493347,-3.87121,31.2611
1.44596,3.0378,42.2055,1.62315,-2.92543,42.0596,-0.0995235,3.78651,30.9257,0.101794,-3.76201,30.8677
1.41001,2.987,42.1224,1.58509,-2.87832,41.9811,-0.332107,3.70198,30.7306,-0.131761,-3.69945,30.6756
1.39116,2.96917,42.1402,1.56575,-2.86244,42.0031,-0.466921,3.64663,30.6044,-0.267262,-3.65649,30.5518
1.37606,2.97129,42.2259,1.55113,-2.86574,42.0926,-0.550398,3.60798,30.5081,-0.351292,-3.62469,30.4576
1.35867,2.98601,42.3592,1.53481,-2.88127,42.2292,-0.612986,3.57793,30.4266,-0.414392,-3.59862,30.3777
1.34187,3.00533,42.5036,1.51926,-2.901,42.3764,-0.663403,3.55332,30.3563,-0.465301,-3.57621,30.3089
1.33026,3.02296,42.6269,1.50878,-2.91842,42.5018,-0.702253,3.53295,30.297,-0.504624,-3.55661,30.2506
1.32366,3.03766,42.7255,1.5031,-2.93235,42.6017,-0.732584,3.51498,30.2448,-0.535447,-3.53836,30.1994
1.32147,3.04901,42.7993,1.50162,-2.94238,42.6762,-0.756532,3.49793,30.1969,-0.559949,-3.52019,30.1519
1.32462,3.05593,42.8429,1.50521,-2.94737,42.7198,-0.773839,3.48143,30.1523,-0.577905,-3.50168,30.1076
1.33659,3.05438,42.8334,1.51711,-2.94308,42.7095,-0.785868,3.46651,30.116,-0.590691,-3.48376,30.0714
1.34752,3.05682,42.8426,1.52808,-2.94253,42.7178,-0.788102,3.44387,30.0734,-0.594084,-3.45671,30.0283
1.35432,3.07272,42.9442,1.5355,-2.95539,42.8192,-0.788187,3.39029,30.0824,-0.595366,-3.39423,30.0317
1.44156,2.96105,42.3645,1.61976,-2.83766,42.2278,-0.921066,3.11055,30.0031,-0.733203,-3.06977,29.9469
-1.41698,2.83336,38.7284,-1.2348,-2.88947,38.691,1.46879,6.73021,33.56,1.86295,-6.56686,33.478
-1.07461,2.66688,37.4463,-0.897683,-2.71109,37.4026,1.2132,6.92392,33.9174,1.61969,-6.78637,33.8385
-1.33684,2.71352,37.8525,-1.156,-2.77788,37.8103,1.14059,6.94501,33.9149,1.54912,-6.82135,33.8389
-1.41659,2.68553,37.7605,-1.23634,-2.75865,37.7195,1.01477,6.97902,33.9972,1.42542,-6.86996,33.925
-1.48188,2.65426,37.6394,-1.30265,-2.73429,37.5998,0.880207,7.01719,34.0939,1.29288,-6.92162,34.0257
-1.53866,2.62176,37.5139,-1.36082,-2.70755,37.4764,0.753191,7.0548,34.1873,1.16769,-6.97116,34.1232
-1.58454,2.59059,37.3896,-1.40829,-2.6808,37.3546,0.643957,7.08547,34.2602,1.05975,-7.01173,34.2003
-1.62344,2.56929,37.2971,-1.44855,-2.66258,37.2652,0.555741,7.11087,34.3225,0.972245,-7.04467,34.267
-1.65885,2.55184,37.2149,-1.48556,-2.64676,37.1869,0.482637,7.12917,34.3616,0.89908,-7.06806,34.3109
-1.69003,2.5361,37.1319,-1.51896,-2.63062,37.1091,0.416837,7.14577,34.3922,0.832572,-7.08687,34.3469
-1.71684,2.52118,37.0419,-1.54918,-2.61229,37.0265,0.356248,7.16185,34.415,0.770302,-7.10086,34.376
-1.73738,2.50661,36.9349,-1.5753,-2.58952,36.9308,0.304792,7.17939,34.4194,0.715511,-7.10881,34.3886
-1.76543,2.50286,36.8409,-1.61148,-2.57102,36.8542,0.314316,7.19406,34.4183,0.720335,-7.08942,34.3955
-51.9542,21.6686,115.676,-50.6618,-24.3566,115.811,-1.47275,0.126916,2.67731,-1.46077,-0.12645,2.67457
-46.0326,18.6268,111.604,-44.9161,-20.9984,111.75,-0.246247,0.0336219,0.813851,-0.247173,-0.0272592,0.825471
-25.4908,11.1962,81.78,-24.8031,-12.5444,81.8808,-0.0347129,0.00680966,0.532605,-0.0329865,-0.00181082,0.546767
-9.09481,5.75519,55.7005,-8.72929,-6.27961,55.7636,0.0714986,-0.0079244,0.538465,0.0809983,0.0126908,0.564192
1.86428,2.2659,37.3834,2.0155,-2.21089,37.422,0.299433,-0.0364939,0.82476,0.359452,0.0453385,0.920169
8.32825,0.588003,26.4047,8.36622,-0.189005,26.4262,1.90276,-0.242844,2.92963,2.38096,0.256585,3.55689
10.6507,0.727637,21.8549,10.6816,-0.111178,21.8631,16.6072,1.74823,22.3725,16.7481,-2.04585,22.7469
10.4066,0.565794,20.3014,10.4402,-0.0575849,20.2373,4.77636,11.2972,50.536,4.55173,-11.8352,50.9125
7.53924,-0.703931,14.3071,7.49625,1.06097,14.2287,-2.41331,10.862,57.7958,-1.4529,-10.9927,57.1079
8.08995,0.355761,19.6654,8.13515,0.0587458,19.5128,2.49677,9.61352,51.7768,3.01492,-9.49334,51.7165
5.58764,0.265365,20.2563,5.61628,0.0248343,20.1335,3.05011,9.20716,50.6048,3.50586,-8.96197,50.5425
5.80277,1.53161,26.9171,5.88541,-1.21663,26.8173,3.48615,8.64404,49.03,3.88867,-8.29874,48.959
5.3783,2.40583,32.1528,5.50717,-2.09774,32.035,3.48314,7.90284,46.5655,3.83562,-7.52462,46.491
4.59836,3.03814,36.2568,4.76436,-2.75835,36.1147,3.14445,7.33563,44.3241,3.46493,-6.96748,44.2475
3.95755,3.38303,38.8935,4.14351,-3.13106,38.739,2.93657,6.82512,42.1902,3.23359,-6.47801,42.1122
3.54166,3.50772,40.219,3.73488,-3.27356,40.0603,2.67706,6.42042,40.5235,2.95571,-6.09252,40.4451
3.08863,3.53095,41.1454,3.2843,-3.31834,40.9837,2.339,5.9273,38.553,2.59858,-5.63095,38.4751
2.60404,3.47377,41.7741,2.79851,-3.28779,41.6096,1.91508,5.3766,36.364,2.1582,-5.13526,36.2882
2.29413,3.43051,42.1807,2.48772,-3.262,42.0169,1.52476,5.00217,34.9663,1.75763,-4.80415,34.8928
1.9809,3.33535,42.361,2.17082,-3.18563,42.2003,1.10641,4.57712,33.4493,1.32685,-4.42587,33.3794
1.72323,3.22497,42.39,1.90859,-3.09192,42.2335,0.720207,4.18758,32.1232,0.929566,-4.08216,32.0574
1.54616,3.1218,42.32,1.72705,-3.00136,42.1687,0.289861,3.93211,31.3227,0.493346,-3.87121,31.2611
1.44596,3.0378,42.2055,1.62315,-2.92543,42.0596,-0.0995201,3.7865,30.9257,0.101793,-3.76201,30.8677
1.41001,2.987,42.1224,1.58509,-2.87832,41.9811,-0.332103,3.70198,30.7306,-0.131762,-3.69945,30.6756
1.39115,2.96917,42.1402,1.56575,-2.86244,42.0031,-0.466917,3.64663,30.6044,-0.267263,-3.65649,30.5518
1.37606,2.97129,42.2259,1.55113,-2.86574,42.0926,-0.550394,3.60798,30.5081,-0.351293,-3.62469,30.4576
1.35867,2.98601,42.3592,1.53481,-2.88127,42.2292,-0.612983,3.57793,30.4266,-0.414393,-3.59863,30.3777
1.34186,3.00533,42.5036,1.51926,-2.901,42.3764,-0.663399,3.55332,30.3563,-0.465302,-3.57621,30.3089
1.33026,3.02296,42.6269,1.50878,-2.91842,42.5018,-0.702249,3.53295,30.297,-0.504625,-3.55661,30.2506
1.32365,3.03766,42.7255,1.5031,-2.93235,42.6017,-0.73258,3.51498,30.2448,-0.535447,-3.53836,30.1994
1.32146,3.04901,42.7993,1.50162,-2.94238,42.6762,-0.756528,3.49793,30.1969,-0.559949,-3.52019,30.1519
1.32462,3.05593,42.8429,1.50521,-2.94737,42.7198,-0.773835,3.48143,30.1523,-0.577905,-3.50168,30.1076
1.33658,3.05438,42.8334,1.5171,-2.94308,42.7095,-0.785864,3.46651,30.116,-0.590691,-3.48376,30.0714
1.34752,3.05682,42.8426,1.52808,-2.94253,42.7178,-0.788098,3.44387,30.0734,-0.594085,-3.45671,30.0283
1.35431,3.07272,42.9442,1.53549,-2.95539,42.8192,-0.788183,3.39029,30.0824,-0.595367,-3.39423,30.0317
1.44156,2.96105,42.3645,1.61976,-2.83766,42.2278,-0.921062,3.11055,30.0031,-0.733203,-3.06978,29.9469
-1.41698,2.83336,38.7284,-1.23479,-2.88947,38.691,1.46879,6.73021,33.56,1.86295,-6.56686,33.4781
-1.07461,2.66688,37.4463,-0.897683,-2.71109,37.4026,1.2132,6.92392,33.9174,1.61969,-6.78637,33.8385
-1.33684,2.71353,37.8525,-1.156,-2.77788,37.8103,1.14059,6.94501,33.9149,1.54912,-6.82135,33.8389
-1.41659,2.68553,37.7605,-1.23634,-2.75866,37.7195,1.01477,6.97902,33.9973,1.42542,-6.86996,33.925
-1.48188,2.65427,37.6394,-1.30265,-2.73429,37.5998,0.880208,7.01719,34.0939,1.29288,-6.92162,34.0257
-1.53866,2.62176,37.5139,-1.36082,-2.70755,37.4764,0.753192,7.0548,34.1873,1.16769,-6.97116,34.1232
-1.58454,2.59059,37.3896,-1.40829,-2.6808,37.3546,0.643958,7.08547,34.2602,1.05975,-7.01173,34.2003
-1.62344,2.56929,37.2971,-1.44855,-2.66258,37.2652,0.555742,7.11087,34.3225,0.972246,-7.04467,34.267
-1.65885,2.55184,37.2149,-1.48556,-2.64676,37.1869,0.482637,7.12917,34.3616,0.899081,-7.06806,34.3109
-1.69003,2.5361,37.1319,-1.51896,-2.63062,37.1091,0.416838,7.14577,34.3922,0.832572,-7.08687,34.3469
-1.71684,2.52118,37.0419,-1.54918,-2.61229,37.0265,0.356248,7.16185,34.415,0.770302,-7.10085,34.376
-1.73738,2.50661,36.9349,-1.5753,-2.58953,36.9308,0.304792,7.17939,34.4194,0.715512,-7.10881,34.3886
-1.76543,2.50286,36.8409,-1.61148,-2.57102,36.8542,0.314316,7.19406,34.4183,0.720335,-7.08942,34.3955
-51.9542,21.6686,115.676,-50.6617,-24.3566,115.811,-1.47275,0.126916,2.67729,-1.46077,-0.12645,2.67457
-46.0326,18.6268,111.604,-44.9161,-20.9984,111.75,-0.246246,0.0336217,0.813844,-0.247173,-0.0272592,0.825471
-25.4908,11.1962,81.78,-24.8031,-12.5444,81.8808,-0.0347136,0.00680969,0.532598,-0.0329865,-0.0018108,0.546767
-9.0948,5.75519,55.7005,-8.72929,-6.27961,55.7636,0.0714936,-0.00792382,0.538452,0.0809984,0.0126908,0.564193
1.86429,2.2659,37.3834,2.01551,-2.21089,37.422,0.299402,-0.0364902,0.824712,0.359453,0.0453386,0.92017
8.32825,0.587995,26.4047,8.36622,-0.188999,26.4262,1.90248,-0.242814,2.92927,2.38097,0.256585,3.5569
10.6507,0.727636,21.8549,10.6816,-0.111176,21.8631,16.6071,1.74812,22.3723,16.7481,-2.04586,22.7469
10.4066,0.565797,20.3014,10.4402,-0.0575887,20.2373,4.7767,11.2973,50.536,4.55172,-11.8352,50.9125
7.53924,-0.70393,14.3071,7.49625,1.06097,14.2287,-2.41347,10.8621,57.7961,-1.4529,-10.9927,57.1079
8.08995,0.355761,19.6654,8.13515,0.0587443,19.5128,2.49676,9.61352,51.7768,3.01492,-9.49334,51.7165
5.58764,0.265365,20.2563,5.61628,0.0248336,20.1335,3.05011,9.20716,50.6048,3.50586,-8.96197,50.5425
5.80277,1.53161,26.9171,5.88541,-1.21663,26.8173,3.48615,8.64404,49.03,3.88867,-8.29874,48.959
5.3783,2.40583,32.1528,5.50717,-2.09774,32.035,3.48314,7.90285,46.5655,3.83562,-7.52462,46.491
4.59836,3.03814,36.2568,4.76436,-2.75835,36.1148,3.14445,7.33563,44.3241,3.46493,-6.96748,44.2475
3.95755,3.38303,38.8935,4.14351,-3.13106,38.739,2.93657,6.82512,42.1902,3.23359,-6.47801,42.1122
3.54166,3.50772,40.219,3.73488,-3.27356,40.0603,2.67706,6.42042,40.5235,2.95571,-6.09252,40.4451
3.08863,3.53096,41.1454,3.2843,-3.31834,40.9837,2.339,5.9273,38.553,2.59858,-5.63095,38.4751
2.60404,3.47377,41.7741,2.79851,-3.28779,41.6096,1.91508,5.3766,36.364,2.1582,-5.13526,36.2882
2.29414,3.43051,42.1807,2.48772,-3.262,42.0169,1.52476,5.00217,34.9663,1.75763,-4.80415,34.8928
1.9809,3.33535,42.361,2.17082,-3.18563,42.2003,1.10641,4.57712,33.4493,1.32685,-4.42587,33.3794
1.72324,3.22497,42.39,1.90859,-3.09192,42.2335,0.720206,4.18758,32.1232,0.929567,-4.08216,32.0574
1.54616,3.1218,42.32,1.72705,-3.00136,42.1687,0.28986,3.93211,31.3227,0.493346,-3.87121,31.2611
1.44596,3.0378,42.2055,1.62315,-2.92543,42.0596,-0.0995214,3.7865,30.9257,0.101793,-3.76201,30.8677
1.41001,2.987,42.1224,1.58509,-2.87832,41.9811,-0.332105,3.70198,30.7306,-0.131762,-3.69945,30.6756
1.39116,2.96917,42.1402,1.56575,-2.86244,42.0031,-0.466919,3.64663,30.6044,-0.267263,-3.65649,30.5518
1.37606,2.97129,42.2259,1.55113,-2.86574,42.0926,-0.550396,3.60798,30.5081,-0.351293,-3.62469,30.4576
1.35867,2.98601,42.3592,1.53481,-2.88127,42.2292,-0.612984,3.57793,30.4266,-0.414393,-3.59863,30.3777
1.34186,3.00533,42.5036,1.51926,-2.901,42.3764,-0.663401,3.55332,30.3563,-0.465301,-3.57621,30.3089
1.33026,3.02296,42.6269,1.50878,-2.91842,42.5018,-0.70225,3.53295,30.297,-0.504624,-3.55661,30.2506
1.32365,3.03766,42.7255,1.5031,-2.93235,42.6017,-0.732582,3.51498,30.2448,-0.535447,-3.53836,30.1994
1.32146,3.04901,42.7993,1.50162,-2.94238,42.6762,-0.756529,3.49793,30.1969,-0.559949,-3.52019,30.1519
1.32462,3.05593,42.8429,1.50521,-2.94737,42.7198,-0.773836,3.48143,30.1523,-0.577905,-3.50168,30.1076
1.33659,3.05438,42.8334,1.51711,-2.94308,42.7095,-0.785866,3.46651,30.116,-0.590691,-3.48376,30.0714
1.34752,3.05682,42.8426,1.52808,-2.94253,42.7178,-0.7881,3.44387,30.0734,-0.594085,-3.45671,30.0283
1.35432,3.07272,42.9442,1.53549,-2.95539,42.8192,-0.788185,3.39029,30.0824,-0.595366,-3.39423,30.0317
1.44156,2.96105,42.3645,1.61976,-2.83766,42.2278,-0.921064,3.11055,30.0031,-0.733203,-3.06978,29.9469
-1.41698,2.83336,38.7284,-1.2348,-2.88947,38.691,1.46879,6.73021,33.56,1.86295,-6.56686,33.478
-1.07461,2.66688,37.4463,-0.897683,-2.71109,37.4026,1.2132,6.92392,33.9174,1.61969,-6.78637,33.8385
-1.33684,2.71353,37.8525,-1.156,-2.77788,37.8103,1.14059,6.94501,33.9149,1.54912,-6.82135,33.8389
-1.41659,2.68553,37.7605,-1.23634,-2.75866,37.7195,1.01477,6.97902,33.9972,1.42542,-6.86996,33.925
-1.48188,2.65427,37.6394,-1.30265,-2.73429,37.5998,0.880208,7.01719,34.0939,1.29288,-6.92162,34.0257
-1.53866,2.62176,37.5139,-1.36082,-2.70755,37.4764,0.753191,7.0548,34.1873,1.16769,-6.97116,34.1232
-1.58454,2.59059,37.3896,-1.40829,-2.6808,37.3546,0.643957,7.08547,34.2602,1.05975,-7.01173,34.2003
-1.62344,2.56929,37.2971,-1.44855,-2.66258,37.2652,0.555741,7.11087,34.3225,0.972246,-7.04467,34.267
-1.65885,2.55184,37.2149,-1.48556,-2.64676,37.1869,0.482637,7.12917,34.3616,0.899081,-7.06806,34.3109
-1.69003,2.5361,37.1319,-1.51896,-2.63062,37.1091,0.416838,7.14577,34.3922,0.832572,-7.08687,34.3469
-1.71684,2.52118,37.0419,-1.54918,-2.61229,37.0265,0.356248,7.16185,34.415,0.770302,-7.10085,34.376
-1.73738,2.50661,36.9349,-1.5753,-2.58952,36.9308,0.304792,7.17939,34.4194,0.715512,-7.10881,34.3886
-1.76543,2.50286,36.8409,-1.61148,-2.57102,36.8542,0.314316,7.19406,34.4183,0.720335,-7.08942,34.3955
-51.9542,21.6686,115.676,-50.6617,-24.3566,115.811,-1.47275,0.126916,2.6773,-1.46077,-0.12645,2.67457
-46.0326,18.6268,111.604,-44.9161,-20.9984,111.75,-0.246246,0.0336218,0.813847,-0.247173,-0.0272592,0.825471
-25.4908,11.1962,81.78,-24.8031,-12.5444,81.8808,-0.0347133,0.00680967,0.532602,-0.0329865,-0.00181081,0.546767
-9.09481,5.75519,55.7005,-8.72929,-6.27961,55.7636,0.0714961,-0.00792411,0.538458,0.0809983,0.0126908,0.564192
1.86428,2.2659,37.3834,2.01551,-2.21089,37.422,0.299417,-0.0364921,0.824736,0.359453,0.0453385,0.920169
8.32825,0.587999,26.4047,8.36622,-0.189002,26.4262,1.90262,-0.242829,2.92945,2.38097,0.256585,3.55689
10.6507,0.727636,21.8549,10.6816,-0.111177,21.8631,16.6071,1.74818,22.3724,16.7481,-2.04586,22.7469
10.4066,0.565796,20.3014,10.4402,-0.0575868,20.2373,4.77653,11.2973,50.536,4.55173,-11.8352,50.9125
7.53924,-0.70393,14.3071,7.49625,1.06097,14.2287,-2.41339,10.8621,57.796,-1.4529,-10.9927,57.1079
8.08995,0.355761,19.6654,8.13515,0.058745,19.5128,2.49676,9.61352,51.7768,3.01492,-9.49334,51.7165
5.58764,0.265365,20.2563,5.61628,0.0248339,20.1335,3.05011,9.20716,50.6048,3.50586,-8.96197,50.5425
5.80277,1.53161,26.9171,5.88541,-1.21663,26.8173,3.48615,8.64404,49.03,3.88867,-8.29874,48.959
5.3783,2.40583,32.1528,5.50717,-2.09774,32.035,3.48314,7.90284,46.5655,3.83562,-7.52462,46.491
4.59836,3.03814,36.2568,4.76436,-2.75835,36.1147,3.14445,7.33563,44.3241,3.46493,-6.96748,44.2475
3.95755,3.38303,38.8935,4.14351,-3.13106,38.739,2.93657,6.82512,42.1902,3.23359,-6.47801,42.1122
3.54166,3.50772,40.219,3.73488,-3.27356,40.0603,2.67706,6.42042,40.5235,2.95571,-6.09252,40.4451
3.08863,3.53095,41.1454,3.2843,-3.31834,40.9837,2.339,5.9273,38.553,2.59858,-5.63095,38.4751
2.60404,3.47377,41.7741,2.79851,-3.28779,41.6096,1.91508,5.3766,36.364,2.1582,-5.13526,36.2882
2.29414,3.43051,42.1807,2.48772,-3.262,42.0169,1.52476,5.00217,34.9663,1.75763,-4.80415,34.8928
1.9809,3.33535,42.361,2.17082,-3.18563,42.2003,1.10641,4.57712,33.4493,1.32685,-4.42587,33.3794
1.72324,3.22497,42.39,1.90859,-3.09192,42.2335,0.720206,4.18758,32.1232,0.929567,-4.08216,32.0574
1.54616,3.1218,42.32,1.72705,-3.00136,42.1687,0.289861,3.93211,31.3227,0.493346,-3.87121,31.2611
1.44596,3.0378,42.2055,1.62315,-2.92543,42.0596,-0.0995208,3.7865,30.9257,0.101793,-3.76201,30.8677
1.41001,2.987,42.1224,1.58509,-2.87832,41.9811,-0.332104,3.70198,30.7306,-0.131762,-3.69945,30.6756
1.39116,2.96917,42.1402,1.56575,-2.86244,42.0031,-0.466918,3.64663,30.6044,-0.267263,-3.65649,30.5518
1.37606,2.97129,42.2259,1.55113,-2.86574,42.0926,-0.550395,3.60798,30.5081,-0.351293,-3.62469,30.4576
1.35867,2.98601,42.3592,1.53481,-2.88127,42.2292,-0.612983,3.57793,30.4266,-0.414393,-3.59863,30.3777
1.34186,3.00533,42.5036,1.51926,-2.901,42.3764,-0.6634,3.55332,30.3563,-0.465301,-3.57621,30.3089
1.33026,3.02296,42.6269,1.50878,-2.91842,42.5018,-0.70225,3.53295,30.297,-0.504624,-3.55661,30.2506
1.32365,3.03766,42.7255,1.5031,-2.93235,42.6017,-0.732581,3.51498,30.2448,-0.535447,-3.53836,30.1994
1.32146,3.04901,42.7993,1.50162,-2.94238,42.6762,-0.756529,3.49793,30.1969,-0.559949,-3.52019,30.1519
1.32462,3.05593,42.8429,1.50521,-2.94737,42.7198,-0.773836,3.48143,30.1523,-0.577905,-3.50168,30.1076
1.33658,3.05438,42.8334,1.5171,-2.94308,42.7095,-0.785865,3.46651,30.116,-0.590691,-3.48376,30.0714
1.34752,3.05682,42.8426,1.52808,-2.94253,42.7178,-0.788099,3.44387,30.0734,-0.594085,-3.45671,30.0283
1.35432,3.07272,42.9442,1.53549,-2.95539,42.8192,-0.788184,3.39029,30.0824,-0.595366,-3.39423,30.0317
1.44156,2.96105,42.3645,1.61976,-2.83766,42.2278,-0.921063,3.11055,30.0031,-0.733203,-3.06978,29.9469
-1.41698,2.83336,38.7284,-1.2348,-2.88947,38.691,1.46879,6.73021,33.56,1.86295,-6.56686,33.478
-1.07461,2.66688,37.4463,-0.897683,-2.71109,37.4026,1.2132,6.92392,33.9174,1.61969,-6.78637,33.8385
-1.33684,2.71352,37.8525,-1.156,-2.77788,37.8103,1.14059,6.94501,33.9149,1.54912,-6.82135,33.8389
-1.41659,2.68553,37.7605,-1.23634,-2.75866,37.7195,1.01477,6.97902,33.9972,1.42542,-6.86996,33.925
-1.48188,2.65426,37.6394,-1.30265,-2.73429,37.5998,0.880207,7.01719,34.0939,1.29288,-6.92162,34.0257
-1.53866,2.62176,37.5139,-1.36082,-2.70755,37.4764,0.753191,7.0548,34.1873,1.16769,-6.97116,34.1232
-1.58454,2.59059,37.3896,-1.40829,-2.6808,37.3546,0.643957,7.08547,34.2602,1.05975,-7.01173,34.2003
-1.62344,2.56929,37.2971,-1.44855,-2.66258,37.2652,0.555741,7.11087,34.3225,0.972246,-7.04467,34.267
-1.65885,2.55184,37.2149,-1.48556,-2.64676,37.1869,0.482637,7.12917,34.3616,0.89908,-7.06806,34.3109
-1.69003,2.5361,37.1319,-1.51896,-2.63062,37.1091,0.416837,7.14577,34.3922,0.832572,-7.08687,34.3469
-1.71684,2.52118,37.0419,-1.54918,-2.61229,37.0265,0.356248,7.16185,34.415,0.770302,-7.10086,34.376
-1.73738,2.50661,36.9349,-1.5753,-2.58952,36.9308,0.304792,7.17939,34.4194,0.715512,-7.10881,34.3886
-1.76543,2.50286,36.8409,-1.61148,-2.57102,36.8542,0.314316,7.19406,34.4183,0.720335,-7.08942,34.3955
-51.9542,21.6686,115.676,-50.6617,-24.3566,115.811,-1.47275,0.126916,2.6773,-1.46077,-0.12645,2.67457
-46.0326,18.6268,111.604,-44.9161,-20.9984,111.75,-0.246247,0.0336219,0.813849,-0.247173,-0.0272592,0.825471
-25.4908,11.1962,81.78,-24.8031,-12.5444,81.8808,-0.0347131,0.00680967,0.532603,-0.0329865,-0.00181081,0.546767
-9.09481,5.75519,55.7005,-8.72929,-6.27961,55.7636,0.0714973,-0.00792426,0.538461,0.0809983,0.0126908,0.564192
1.86428,2.2659,37.3834,2.01551,-2.21089,37.422,0.299425,-0.036493,0.824748,0.359452,0.0453385,0.920169
8.32825,0.588001,26.4047,8.36622,-0.189003,26.4262,1.90269,-0.242837,2.92954,2.38096,0.256585,3.55689
10.6507,0.727637,21.8549,10.6816,-0.111178,21.8631,16.6072,1.7482,22.3724,16.7481,-2.04585,22.7469
10.4066,0.565795,20.3014,10.4402,-0.0575858,20.2373,4.77645,11.2973,50.536,4.55173,-11.8352,50.9125
7.53924,-0.703931,14.3071,7.49625,1.06097,14.2287,-2.41335,10.8621,57.7959,-1.4529,-10.9927,57.1079
8.08995,0.355761,19.6654,8.13515,0.0587454,19.5128,2.49677,9.61352,51.7768,3.01492,-9.49334,51.7165
5.58764,0.265365,20.2563,5.61628,0.0248341,20.1335,3.05011,9.20716,50.6048,3.50586,-8.96197,50.5425
5.80277,1.53161,26.9171,5.88541,-1.21663,26.8173,3.48615,8.64404,49.03,3.88867,-8.29874,48.959
5.3783,2.40583,32.1528,5.50717,-2.09774,32.035,3.48314,7.90284,46.5655,3.83562,-7.52462,46.491
4.59836,3.03814,36.2568,4.76436,-2.75835,36.1147,3.14445,7.33563,44.3241,3.46493,-6.96748,44.2475
3.95755,3.38303,38.8935,4.14351,-3.13106,38.739,2.93657,6.82512,42.1902,3.23359,-6.47801,42.1122
3.54166,3.50772,40.219,3.73488,-3.27356,40.0603,2.67706,6.42042,40.5235,2.95571,-6.09252,40.4451
3.08863,3.53095,41.1454,3.2843,-3.31834,40.9837,2.339,5.9273,38.553,2.59858,-5.63095,38.4751
2.60404,3.47377,41.7741,2.79851,-3.28779,41.6096,1.91508,5.3766,36.364,2.1582,-5.13526,36.2882
2.29413,3.43051,42.1807,2.48772,-3.262,42.0169,1.52476,5.00217,34.9663,1.75763,-4.80415,34.8928
1.9809,3.33535,42.361,2.17082,-3.18563,42.2003,1.10641,4.57712,33.4493,1.32685,-4.42587,33.3794
1.72324,3.22497,42.39,1.90859,-3.09192,42.2335,0.720207,4.18758,32.1232,0.929566,-4.08216,32.0574
1.54616,3.1218,42.32,1.72705,-3.00136,42.1687,0.289861,3.93211,31.3227,0.493346,-3.87121,31.2611
1.44596,3.0378,42.2055,1.62315,-2.92543,42.0596,-0.0995205,3.7865,30.9257,0.101793,-3.76201,30.8677
1.41001,2.987,42.1224,1.58509,-2.87832,41.9811,-0.332104,3.70198,30.7306,-0.131762,-3.69945,30.6756
1.39116,2.96917,42.1402,1.56575,-2.86244,42.0031,-0.466918,3.64663,30.6044,-0.267263,-3.65649,30.5518
1.37606,2.97129,42.2259,1.55113,-2.86574,42.0926,-0.550395,3.60798,30.5081,-0.351293,-3.62469,30.4576
1.35867,2.98601,42.3592,1.53481,-2.88127,42.2292,-0.612983,3.57793,30.4266,-0.414393,-3.59863,30.3777
1.34186,3.00533,42.5036,1.51926,-2.901,42.3764,-0.6634,3.55332,30.3563,-0.465301,-3.57621,30.3089
1.33026,3.02296,42.6269,1.50878,-2.91842,42.5018,-0.702249,3.53295,30.297,-0.504624,-3.55661,30.2506
1.32365,3.03766,42.7255,1.5031,-2.93235,42.6017,-0.73258,3.51498,30.2448,-0.535447,-3.53836,30.1994
1.32146,3.04901,42.7993,1.50162,-2.94238,42.6762,-0.756528,3.49793,30.1969,-0.559949,-3.52019,30.1519
1.32462,3.05593,42.8429,1.50521,-2.94737,42.7198,-0.773835,3.48143,30.1523,-0.577905,-3.50168,30.1076
1.33658,3.05438,42.8334,1.5171,-2.94308,42.7095,-0.785865,3.46651,30.116,-0.590691,-3.48376,30.0714
1.34752,3.05682,42.8426,1.52808,-2.94253,42.7178,-0.788099,3.44387,30.0734,-0.594085,-3.45671,30.0283
1.35432,3.07272,42.9442,1.53549,-2.95539,42.8192,-0.788184,3.39029,30.0824,-0.595366,-3.39423,30.0317
1.44156,2.96105,42.3645,1.61976,-2.83766,42.2278,-0.921062,3.11055,30.0031,-0.733203,-3.06978,29.9469
-1.41698,2.83336,38.7284,-1.2348,-2.88947,38.691,1.46879,6.73021,33.56,1.86295,-6.56686,33.478
-1.07461,2.66688,37.4463,-0.897683,-2.71109,37.4026,1.2132,6.92392,33.9174,1.61969,-6.78637,33.8385
-1.33684,2.71352,37.8525,-1.156,-2.77788,37.8103,1.14059,6.94501,33.9149,1.54912,-6.82135,33.8389
-1.41659,2.68553,37.7605,-1.23634,-2.75866,37.7195,1.01477,6.97902,33.9972,1.42542,-6.86996,33.925
-1.48188,2.65426,37.6394,-1.30265,-2.73429,37.5998,0.880207,7.01719,34.0939,1.29288,-6.92162,34.0257
-1.53866,2.62176,37.5139,-1.36082,-2.70755,37.4764,0.753191,7.0548,34.1873,1.16769,-6.97116,34.1232
-1.58454,2.59059,37.3896,-1.40829,-2.6808,37.3546,0.643957,7.08547,34.2602,1.05975,-7.01173,34.2003
-1.62344,2.56929,37.2971,-1.44855,-2.66258,37.2652,0.555741,7.11087,34.3225,0.972245,-7.04467,34.267
-1.65885,2.55184,37.2149,-1.48556,-2.64676,37.1869,0.482637,7.12917,34.3616,0.89908,-7.06806,34.3109
-1.69003,2.5361,37.1319,-1.51896,-2.63062,37.1091,0.416837,7.14577,34.3922,0.832572,-7.08687,34.3469
-1.71684,2.52118,37.0419,-1.54918,-2.61229,37.0265,0.356248,7.16185,34.415,0.770302,-7.10086,34.376
-1.73738,2.50661,36.9349,-1.5753,-2.58952,36.9308,0.304792,7.17939,34.4194,0.715511,-7.10881,34.3886
-1.76543,2.50286,36.8409,-1.61148,-2.57102,36.8542,0.314316,7.19406,34.4183,0.720335,-7.08942,34.3955
-51.9542,21.6686,115.676,-50.6618,-24.3566,115.811,-1.47275,0.126916,2.67731,-1.46077,-0.12645,2.67457
-46.0326,18.6268,111.604,-44.9161,-20.9984,111.75,-0.246247,0.0336219,0.81385,-0.247173,-0.0272592,0.825471
-25.4908,11.1962,81.78,-24.8031,-12.5444,81.8808,-0.034713,0.00680966,0.532604,-0.0329865,-0.00181082,0.546767
-9.09481,5.75519,55.7005,-8.72929,-6.27961,55.7636,0.071498,-0.00792433,0.538463,0.0809983,0.0126908,0.564192
1.86428,2.2659,37.3834,2.0155,-2.21089,37.422,0.299429,-0.0364935,0.824754,0.359452,0.0453385,0.920169
8.32825,0.588002,26.4047,8.36622,-0.189004,26.4262,1.90272,-0.24284,2.92959,2.38096,0.256585,3.55689
10.6507,0.727637,21.8549,10.6816,-0.111178,21.8631,16.6072,1.74822,22.3724,16.7481,-2.04585,22.7469
10.4066,0.565794,20.3014,10.4402,-0.0575854,20.2373,4.77641,11.2972,50.536,4.55173,-11.8352,50.9125
7.53924,-0.703931,14.3071,7.49625,1.06097,14.2287,-2.41333,10.862,57.7959,-1.4529,-10.9927,57.1079
8.08995,0.355761,19.6654,8.13515,0.0587456,19.5128,2.49677,9.61352,51.7768,3.01492,-9.49334,51.7165
5.58764,0.265365,20.2563,5.61628,0.0248342,20.1335,3.05011,9.20716,50.6048,3.50586,-8.96197,50.5425
5.80277,1.53161,26.9171,5.88541,-1.21663,26.8173,3.48615,8.64404,49.03,3.88867,-8.29874,48.959
5.3783,2.40583,32.1528,5.50717,-2.09774,32.035,3.48314,7.90284,46.5655,3.83562,-7.52462,46.491
4.59836,3.03814,36.2568,4.76436,-2.75835,36.1147,3.14445,7.33563,44.3241,3.46493,-6.96748,44.2475
3.95755,3.38303,38.8935,4.14351,-3.13106,38.739,2.93657,6.82512,42.1902,3.23359,-6.47801,42.1122
3.54166,3.50772,40.219,3.73488,-3.27356,40.0603,2.67706,6.42042,40.5235,2.95571,-6.09252,40.4451
3.08863,3.53095,41.1454,3.2843,-3.31834,40.9837,2.339,5.9273,38.553,2.59858,-5.63095,38.4751
2.60404,3.47377,41.7741,2.79851,-3.28779,41.6096,1.91508,5.3766,36.364,2.1582,-5.13526,36.2882
2.29413,3.43051,42.1807,2.48772,-3.262,42.0169,1.52476,5.00217,34.9663,1.75763,-4.80415,34.8928
1.9809,3.33535,42.361,2.17082,-3.18563,42.2003,1.10641,4.57712,33.4493,1.32685,-4.42587,33.3794
1.72323,3.22497,42.39,1.90859,-3.09192,42.2335,0.720207,4.18758,32.1232,0.929566,-4.08216,32.0574
1.54616,3.1218,42.32,1.72705,-3.00136,42.1687,0.289861,3.93211,31.3227,0.493346,-3.87121,31.2611
1.44596,3.0378,42.2055,1.62315,-2.92543,42.0596,-0.0995203,3.7865,30.9257,0.101793,-3.76201,30.8677
1.41001,2.987,42.1224,1.58509,-2.87832,41.9811,-0.332103,3.70198,30.7306,-0.131762,-3.69945,30.6756
1.39116,2.96917,42.1402,1.56575,-2.86244,42.0031,-0.466917,3.64663,30.6044,-0.267263,-3.65649,30.5518
1.37606,2.97129,42.2259,1.55113,-2.86574,42.0926,-0.550394,3.60798,30.5081,-0.351293,-3.62469,30.4576
1.35867,2.98601,42.3592,1.53481,-2.88127,42.2292,-0.612983,3.57793,30.4266,-0.414393,-3.59863,30.3777
1.34186,3.00533,42.5036,1.51926,-2.901,42.3764,-0.6634,3.55332,30.3563,-0.465302,-3.57621,30.3089
1.33026,3.02296,42.6269,1.50878,-2.91842,42.5018,-0.702249,3.53295,30.297,-0.504625,-3.55661,30.2506
1.32365,3.03766,42.7255,1.5031,-2.93235,42.6017,-0.73258,3.51498,30.2448,-0.535447,-3.53836,30.1994
1.32146,3.04901,42.7993,1.50162,-2.94238,42.6762,-0.756528,3.49793,30.1969,-0.559949,-3.52019,30.1519
1.32462,3.05593,42.8429,1.50521,-2.94737,42.7198,-0.773835,3.48143,30.1523,-0.577905,-3.50168,30.1076
1.33658,3.05438,42.8334,1.5171,-2.94308,42.7095,-0.785864,3.46651,30.116,-0.590691,-3.48376,30.0714
1.34752,3.05682,42.8426,1.52808,-2.94253,42.7178,-0.788098,3.44387,30.0734,-0.594085,-3.45671,30.0283
1.35432,3.07272,42.9442,1.53549,-2.95539,42.8192,-0.788183,3.39029,30.0824,-0.595367,-3.39423,30.0317
1.44156,2.96105,42.3645,1.61976,-2.83766,42.2278,-0.921062,3.11055,30.0031,-0.733203,-3.06978,29.9469
-1.41698,2.83336,38.7284,-1.23479,-2.88947,38.691,1.46879,6.73021,33.56,1.86295,-6.56686,33.478
-1.07461,2.66688,37.4463,-0.897683,-2.71109,37.4026,1.2132,6.92392,33.9174,1.61969,-6.78637,33.8385
-1.33684,2.71353,37.8525,-1.156,-2.77788,37.8103,1.14059,6.94501,33.9149,1.54912,-6.82135,33.8389
-1.41659,2.68553,37.7605,-1.23634,-2.75866,37.7195,1.01477,6.97902,33.9973,1.42542,-6.86996,33.925
-1.48188,2.65427,37.6394,-1.30265,-2.73429,37.5998,0.880208,7.01719,34.0939,1.29288,-6.92162,34.0257
-1.53866,2.62176,37.5139,-1.36082,-2.70755,37.4764,0.753192,7.0548,34.1873,1.16769,-6.97116,34.1232
-1.58454,2.59059,37.3896,-1.40829,-2.6808,37.3546,0.643957,7.08547,34.2602,1.05975,-7.01173,34.2003
-1.62344,2.56929,37.2971,-1.44855,-2.66258,37.2652,0.555742,7.11087,34.3225,0.972246,-7.04467,34.267
-1.65885,2.55184,37.2149,-1.48556,-2.64676,37.1869,0.482637,7.12917,34.3616,0.899081,-7.06806,34.3109
-1.69003,2.5361,37.1319,-1.51896,-2.63062,37.1091,0.416838,7.14577,34.3922,0.832572,-7.08687,34.3469
-1.71684,2.52118,37.0419,-1.54918,-2.61229,37.0265,0.356248,7.16185,34.415,0.770302,-7.10085,34.376
-1.73738,2.50661,36.9349,-1.5753,-2.58953,36.9308,0.304792,7.17939,34.4194,0.715512,-7.10881,34.3886
-1.76543,2.50286,36.8409,-1.61148,-2.57102,36.8542,0.314316,7.19406,34.4183,0.720335,-7.08942,34.3955
-51.9542,21.6686,115.676,-50.6617,-24.3566,115.811,-1.47275,0.126916,2.67729,-1.46077,-0.12645,2.67457
-46.0326,18.6268,111.604,-44.9161,-20.9984,111.75,-0.246246,0.0336217,0.813844,-0.247173,-0.0272592,0.825471
-25.4908,11.1962,81.78,-24.8031,-12.5444,81.8808,-0.0347136,0.00680969,0.532599,-0.0329865,-0.0018108,0.546767
-9.0948,5.75519,55.7005,-8.72929,-6.27961,55.7636,0.0714939,-0.00792386,0.538453,0.0809984,0.0126908,0.564193
1.86429,2.2659,37.3834,2.01551,-2.21089,37.422,0.299404,-0.0364905,0.824716,0.359453,0.0453386,0.92017
8.32825,0.587995,26.4047,8.36622,-0.188999,26.4262,1.90251,-0.242816,2.9293,2.38097,0.256585,3.5569
10.6507,0.727636,21.8549,10.6816,-0.111176,21.8631,16.6071,1.74813,22.3724,16.7481,-2.04586,22.7469
10.4066,0.565797,20.3014,10.4402,-0.0575884,20.2373,4.77667,11.2973,50.536,4.55172,-11.8352,50.9125
7.53924,-0.70393,14.3071,7.49625,1.06097,14.2287,-2.41346,10.8621,57.7961,-1.4529,-10.9927,57.1079
8.08995,0.355761,19.6654,8.13515,0.0587444,19.5128,2.49676,9.61352,51.7768,3.01492,-9.49334,51.7165
5.58764,0.265365,20.2563,5.61628,0.0248336,20.1335,3.05011,9.20716,50.6048,3.50586,-8.96197,50.5425
5.80277,1.53161,26.9171,5.88541,-1.21663,26.8173,3.48615,8.64404,49.03,3.88867,-8.29874,48.959
5.3783,2.40583,32.1528,5.50717,-2.09774,32.035,3.48314,7.90285,46.5655,3.83562,-7.52462,46.491
4.59836,3.03814,36.2568,4.76436,-2.75835,36.1148,3.14445,7.33563,44.3241,3.46493,-6.96748,44.2475
3.95755,3.38303,38.8935,4.14351,-3.13106,38.739,2.93657,6.82512,42.1902,3.23359,-6.47801,42.1122
3.54166,3.50772,40.219,3.73488,-3.27356,40.0603,2.67706,6.42042,40.5235,2.95571,-6.09252,40.4451
3.08863,3.53095,41.1454,3.2843,-3.31834,40.9837,2.339,5.9273,38.553,2.59858,-5.63095,38.4751
2.60404,3.47377,41.7741,2.79851,-3.28779,41.6096,1.91508,5.3766,36.364,2.1582,-5.13526,36.2882
2.29414,3.43051,42.1807,2.48772,-3.262,42.0169,1.52476,5.00217,34.9663,1.75763,-4.80415,34.8928
1.9809,3.33535,42.361,2.17082,-3.18563,42.2003,1.10641,4.57712,33.4493,1.32685,-4.42587,33.3794
1.72324,3.22497,42.39,1.90859,-3.09192,42.2335,0.720206,4.18758,32.1232,0.929567,-4.08216,32.0574
1.54616,3.1218,42.32,1.72705,-3.00136,42.1687,0.28986,3.93211,31.3227,0.493346,-3.87121,31.2611
1.44596,3.0378,42.2055,1.62315,-2.92543,42.0596,-0.0995213,3.7865,30.9257,0.101793,-3.76201,30.8677
1.41001,2.987,42.1224,1.58509,-2.87832,41.9811,-0.332104,3.70198,30.7306,-0.131762,-3.69945,30.6756
1.39116,2.96917,42.1402,1.56575,-2.86244,42.0031,-0.466918,3.64663,30.6044,-0.267263,-3.65649,30.5518
1.37606,2.97129,42.2259,1.55113,-2.86574,42.0926,-0.550396,3.60798,30.5081,-0.351293,-3.62469,30.4576
1.35867,2.98601,42.3592,1.53481,-2.88127,42.2292,-0.612984,3.57793,30.4266,-0.414393,-3.59863,30.3777
1.34186,3.00533,42.5036,1.51926,-2.901,42.3764,-0.663401,3.55332,30.3563,-0.465301,-3.57621,30.3089
1.33026,3.02296,42.6269,1.50878,-2.91842,42.5018,-0.70225,3.53295,30.297,-0.504624,-3.55661,30.2506
1.32365,3.03766,42.7255,1.5031,-2.93235,42.6017,-0.732581,3.51498,30.2448,-0.535447,-3.53836,30.1994
1.32146,3.04901,42.7993,1.50162,-2.94238,42.6762,-0.756529,3.49793,30.1969,-0.559949,-3.52019,30.1519
1.32462,3.05593,42.8429,1.50521,-2.94737,42.7198,-0.773836,3.48143,30.1523,-0.577905,-3.50168,30.1076
1.33658,3.05438,42.8334,1.51711,-2.94308,42.7095,-0.785866,3.46651,30.116,-0.590691,-3.48376,30.0714
1.34752,3.05682,42.8426,1.52808,-2.94253,42.7178,-0.7881,3.44387,30.0734,-0.594085,-3.45671,30.0283
1.35432,3.07272,42.9442,1.53549,-2.95539,42.8192,-0.788185,3.39029,30.0824,-0.595366,-3.39423,30.0317
1.44156,2.96105,42.3645,1.61976,-2.83766,42.2278,-0.921063,3.11055,30.0031,-0.733203,-3.06978,29.9469
-1.41698,2.83336,38.7284,-1.2348,-2.88947,38.691,1.46879,6.73021,33.56,1.86295,-6.56686,33.478
-1.07461,2.66688,37.4463,-0.897683,-2.71109,37.4026,1.2132,6.92392,33.9174,1.61969,-6.78637,33.8385
-1.33684,2.71353,37.8525,-1.156,-2.77788,37.8103,1.14059,6.94501,33.9149,1.54912,-6.82135,33.8389
-1.41659,2.68553,37.7605,-1.23634,-2.75866,37.7195,1.01477,6.97902,33.9972,1.42542,-6.86996,33.925
-1.48188,2.65427,37.6394,-1.30265,-2.73429,37.5998,0.880208,7.01719,34.0939,1.29288,-6.92162,34.0257
-1.53866,2.62176,37.5139,-1.36082,-2.70755,37.4764,0.753191,7.0548,34.1873,1.16769,-6.97116,34.1232
-1.58454,2.59059,37.3896,-1.40829,-2.6808,37.3546,0.643957,7.08547,34.2602,1.05975,-7.01173,34.2003
-1.62344,2.56929,37.2971,-1.44855,-2.66258,37.2652,0.555741,7.11087,34.3225,0.972246,-7.04467,34.267
-1.65885,2.55184,37.2149,-1.48556,-2.64676,37.1869,0.482637,7.12917,34.3616,0.899081,-7.06806,34.3109
-1.69003,2.5361,37.1319,-1.51896,-2.63062,37.1091,0.416838,7.14577,34.3922,0.832572,-7.08687,34.3469
-1.71684,2.52118,37.0419,-1.54918,-2.61229,37.0265,0.356248,7.16185,34.415,0.770302,-7.10085,34.376
-1.73738,2.50661,36.9349,-1.5753,-2.58952,36.9308,0.304792,7.17939,34.4194,0.715512,-7.10881,34.3886
-1.76543,2.50286,36.8409,-1.61148,-2.57102,36.8542,0.314316,7.19406,34.4183,0.720335,-7.08942,34.3955
-51.9542,21.6686,115.676,-50.6617,-24.3566,115.811,-1.47275,0.126916,2.6773,-1.46077,-0.12645,2.67457
-46.0326,18.6268,111.604,-44.9161,-20.9984,111.75,-0.246246,0.0336218,0.813847,-0.247173,-0.0272592,0.825471
-25.4908,11.1962,81.78,-24.8031,-12.5444,81.8808,-0.0347133,0.00680967,0.532601,-0.0329865,-0.00181081,0.546767
-9.09481,5.75519,55.7005,-8.72929,-6.27961,55.7636,0.0714959,-0.0079241,0.538458,0.0809983,0.0126908,0.564192
1.86428,2.2659,37.3834,2.01551,-2.21089,37.422,0.299417,-0.036492,0.824735,0.359453,0.0453385,0.920169
8.32825,0.587999,26.4047,8.36622,-0.189002,26.4262,1.90261,-0.242828,2.92944,2.38097,0.256585,3.55689
10.6507,0.727636,21.8549,10.6816,-0.111177,21.8631,16.6071,1.74818,22.3724,16.7481,-2.04586,22.7469
10.4066,0.565796,20.3014,10.4402,-0.0575869,20.2373,4.77654,11.2973,50.536,4.55173,-11.8352,50.9125
7.53924,-0.70393,14.3071,7.49625,1.06097,14.2287,-2.4134,10.8621,57.796,-1.4529,-10.9927,57.1079
8.08995,0.355761,19.6654,8.13515,0.058745,19.5128,2.49676,9.61352,51.7768,3.01492,-9.49334,51.7165
5.58764,0.265365,20.2563,5.61628,0.0248339,20.1335,3.05011,9.20716,50.6048,3.50586,-8.96197,50.5425
5.80277,1.53161,26.9171,5.88541,-1.21663,26.8173,3.48615,8.64404,49.03,3.88867,-8.29874,48.959
5.3783,2.40583,32.1528,5.50717,-2.09774,32.035,3.48314,7.90284,46.5655,3.83562,-7.52462,46.491
4.59836,3.03814,36.2568,4.76436,-2.75835,36.1147,3.14445,7.33563,44.3241,3.46493,-6.96748,44.2475
3.95755,3.38303,38.8935,4.14351,-3.13106,38.739,2.93657,6.82512,42.1902,3.23359,-6.47801,42.1122
3.54166,3.50772,40.219,3.73488,-3.27356,40.0603,2.67706,6.42042,40.5235,2.95571,-6.09252,40.4451
3.08863,3.53095,41.1454,3.2843,-3.31834,40.9837,2.339,5.9273,38.553,2.59858,-5.63095,38.4751
2.60404,3.47377,41.7741,2.79851,-3.28779,41.6096,1.91508,5.3766,36.364,2.1582,-5.13526,36.2882
2.29414,3.43051,42.1807,2.48772,-3.262,42.0169,1.52476,5.00217,34.9663,1.75763,-4.80415,34.8928
1.9809,3.33535,42.361,2.17082,-3.18563,42.2003,1.10641,4.57712,33.4493,1.32685,-4.42587,33.3794
1.72324,3.22497,42.39,1.90859,-3.09192,42.2335,0.720206,4.18758,32.1232,0.929567,-4.08216,32.0574
1.54616,3.1218,42.32,1.72705,-3.00136,42.1687,0.289861,3.93211,31.3227,0.493346,-3.87121,31.2611
1.44596,3.0378,42.2055,1.62315,-2.92543,42.0596,-0.0995208,3.7865,30.9257,0.101793,-3.76201,30.8677
1.41001,2.987,42.1224,1.58509,-2.87832,41.9811,-0.332104,3.70198,30.7306,-0.131762,-3.69945,30.6756
1.39116,2.96917,42.1402,1.56575,-2.86244,42.0031,-0.466918,3.64663,30.6044,-0.267263,-3.65649,30.5518
1.37606,2.97129,42.2259,1.55113,-2.86574,42.0926,-0.550395,3.60798,30.5081,-0.351293,-3.62469,30.4576
1.35867,2.98601,42.3592,1.53481,-2.88127,42.2292,-0.612983,3.57793,30.4266,-0.414393,-3.59863,30.3777
1.34186,3.00533,42.5036,1.51926,-2.901,42.3764,-0.6634,3.55332,30.3563,-0.465301,-3.57621,30.3089
1.33026,3.02296,42.6269,1.50878,-2.91842,42.5018,-0.70225,3.53295,30.297,-0.504624,-3.55661,30.2506
1.32365,3.03766,42.7255,1.5031,-2.93235,42.6017,-0.732581,3.51498,30.2448,-0.535447,-3.53836,30.1994
1.32146,3.04901,42.7993,1.50162,-2.94238,42.6762,-0.756529,3.49793,30.1969,-0.559949,-3.52019,30.1519
1.32462,3.05593,42.8429,1.50521,-2.94737,42.7198,-0.773836,3.48143,30.1523,-0.577905,-3.50168,30.1076
1.33658,3.05438,42.8334,1.5171,-2.94308,42.7095,-0.785865,3.46651,30.116,-0.590691,-3.48376,30.0714
1.34752,3.05682,42.8426,1.52808,-2.94253,42.7178,-0.788099,3.44387,30.0734,-0.594085,-3.45671,30.0283
1.35432,3.07272,42.9442,1.53549,-2.95539,42.8192,-0.788184,3.39029,30.0824,-0.595366,-3.39423,30.0317
1.44156,2.96105,42.3645,1.61976,-2.83766,42.2278,-0.921063,3.11055,30.0031,-0.733203,-3.06978,29.9469
-1.41698,2.83336,38.7284,-1.2348,-2.88947,38.691,1.46879,6.73021,33.56,1.86295,-6.56686,33.478
-1.07461,2.66688,37.4463,-0.897683,-2.71109,37.4026,1.2132,6.92392,33.9174,1.61969,-6.78637,33.8385
-1.33684,2.71352,37.8525,-1.156,-2.77788,37.8103,1.14059,6.94501,33.9149,1.54912,-6.82135,33.8389
-1.41659,2.68553,37.7605,-1.23634,-2.75866,37.7195,1.01477,6.97902,33.9972,1.42542,-6.86996,33.925
-1.48188,2.65426,37.6394,-1.30265,-2.73429,37.5998,0.880207,7.01719,34.0939,1.29288,-6.92162,34.0257
-1.53866,2.62176,37.5139,-1.36082,-2.70755,37.4764,0.753191,7.0548,34.1873,1.16769,-6.97116,34.1232
-1.58454,2.59059,37.3896,-1.40829,-2.6808,37.3546,0.643957,7.08547,34.2602,1.05975,-7.01173,34.2003
-1.62344,2.56929,37.2971,-1.44855,-2.66258,37.2652,0.555741,7.11087,34.3225,0.972246,-7.04467,34.267
-1.65885,2.55184,37.2149,-1.48556,-2.64676,37.1869,0.482637,7.12917,34.3616,0.899081,-7.06806,34.3109
-1.69003,2.5361,37.1319,-1.51896,-2.63062,37.1091,0.416838,7.14577,34.3922,0.832572,-7.08687,34.3469
-1.71684,2.52118,37.0419,-1.54918,-2.61229,37.0265,0.356248,7.16185,34.415,0.770302,-7.10086,34.376
-1.73738,2.50661,36.9349,-1.5753,-2.58952,36.9308,0.304792,7.17939,34.4194,0.715512,-7.10881,34.3886
-1.76543,2.50286,36.8409,-1.61148,-2.57102,36.8542,0.314316,7.19406,34.4183,0.720335,-7.08942,34.3955
-51.9542,21.6686,115.676,-50.6617,-24.3566,115.811,-1.47275,0.126916,2.6773,-1.46077,-0.12645,2.67457
-46.0326,18.6268,111.604,-44.9161,-20.9984,111.75,-0.246247,0.0336218,0.813848,-0.247173,-0.0272592,0.825471
-25.4908,11.1962,81.78,-24.8031,-12.5444,81.8808,-0.0347131,0.00680967,0.532603,-0.0329865,-0.00181081,0.546767
-9.09481,5.75519,55.7005,-8.72929,-6.27961,55.7636,0.0714969,-0.00792421,0.538461,0.0809983,0.0126908,0.564192
1.86428,2.2659,37.3834,2.01551,-2.21089,37.422,0.299423,-0.0364927,0.824745,0.359453,0.0453385,0.920169
8.32825,0.588,26.4047,8.36622,-0.189003,26.4262,1.90267,-0.242834,2.92952,2.38096,0.256585,3.55689
10.6507,0.727637,21.8549,10.6816,-0.111177,21.8631,16.6072,1.7482,22.3724,16.7481,-2.04585,22.7469
10.4066,0.565795,20.3014,10.4402,-0.0575862,20.2373,4.77647,11.2973,50.536,4.55173,-11.8352,50.9125
7.53924,-0.70393,14.3071,7.49625,1.06097,14.2287,-2.41336,10.8621,57.7959,-1.4529,-10.9927,57.1079
8.08995,0.355761,19.6654,8.13515,0.0587453,19.5128,2.49677,9.61352,51.7768,3.01492,-9.49334,51.7165
5.58764,0.265365,20.2563,5.61628,0.0248341,20.1335,3.05011,9.20716,50.6048,3.50586,-8.96197,50.5425
5.80277,1.53161,26.9171,5.88541,-1.21663,26.8173,3.48615,8.64404,49.03,3.88867,-8.29874,48.959
5.3783,2.40583,32.1528,5.50717,-2.09774,32.035,3.48314,7.90284,46.5655,3.83562,-7.52462,46.491
4.59836,3.03814,36.2568,4.76436,-2.75835,36.1147,3.14445,7.33563,44.3241,3.46493,-6.96748,44.2475
3.95755,3.38303,38.8935,4.14351,-3.13106,38.739,2.93657,6.82512,42.1902,3.23359,-6.47801,42.1122
3.54166,3.50772,40.219,3.73488,-3.27356,40.0603,2.67706,6.42042,40.5235,2.95571,-6.09252,40.4451
3.08863,3.53095,41.1454,3.2843,-3.31834,40.9837,2.339,5.9273,38.553,2.59858,-5.63095,38.4751
2.60404,3.47377,41.7741,2.79851,-3.28779,41.6096,1.91508,5.3766,36.364,2.1582,-5.13526,36.2882
2.29413,3.43051,42.1807,2.48772,-3.262,42.0169,1.52476,5.00217,34.9663,1.75763,-4.80415,34.8928
1.9809,3.33535,42.361,2.17082,-3.18563,42.2003,1.10641,4.57712,33.4493,1.32685,-4.42587,33.3794
1.72324,3.22497,42.39,1.90859,-3.09192,42.2335,0.720207,4.18758,32.1232,0.929567,-4.08216,32.0574
1.54616,3.1218,42.32,1.72705,-3.00136,42.1687,0.289861,3.93211,31.3227,0.493346,-3.87121,31.2611
1.44596,3.0378,42.2055,1.62315,-2.92543,42.0596,-0.0995205,3.7865,30.9257,0.101793,-3.76201,30.8677
1.41001,2.987,42.1224,1.58509,-2.87832,41.9811,-0.332104,3.70198,30.7306,-0.131762,-3.69945,30.6756
1.39116,2.96917,42.1402,1.56575,-2.86244,42.0031,-0.466918,3.64663,30.6044,-0.267263,-3.65649,30.5518
1.37606,2.97129,42.2259,1.55113,-2.86574,42.0926,-0.550395,3.60798,30.5081,-0.351293,-3.62469,30.4576
1.35867,2.98601,42.3592,1.53481,-2.88127,42.2292,-0.612983,3.57793,30.4266,-0.414393,-3.59863,30.3777
1.34186,3.00533,42.5036,1.51926,-2.901,42.3764,-0.6634,3.55332,30.3563,-0.465301,-3.57621,30.3089
1.33026,3.02296,42.6269,1.50878,-2.91842,42.5018,-0.70225,3.53295,30.297,-0.504624,-3.55661,30.2506
1.32365,3.03766,42.7255,1.5031,-2.93235,42.6017,-0.732581,3.51498,30.2448,-0.535447,-3.53836,30.1994
1.32146,3.04901,42.7993,1.50162,-2.94238,42.6762,-0.756528,3.49793,30.1969,-0.559949,-3.52019,30.1519
1.32462,3.05593,42.8429,1.50521,-2.94737,42.7198,-0.773835,3.48143,30.1523,-0.577905,-3.50168,30.1076
1.33658,3.05438,42.8334,1.5171,-2.94308,42.7095,-0.785865,3.46651,30.116,-0.590691,-3.48376,30.0714
1.34752,3.05682,42.8426,1.52808,-2.94253,42.7178,-0.788099,3.44387,30.0734,-0.594085,-3.45671,30.0283
1.35432,3.07272,42.9442,1.53549,-2.95539,42.8192,-0.788184,3.39029,30.0824,-0.595366,-3.39423,30.0317
1.44156,2.96105,42.3645,1.61976,-2.83766,42.2278,-0.921062,3.11055,30.0031,-0.733203,-3.06978,29.9469
-1.41698,2.83336,38.7284,-1.2348,-2.88947,38.691,1.46879,6.73021,33.56,1.86295,-6.56686,33.478
-1.07461,2.66688,37.4463,-0.897683,-2.71109,37.4026,1.2132,6.92392,33.9174,1.61969,-6.78637,33.8385
-1.33684,2.71352,37.8525,-1.156,-2.77788,37.8103,1.14059,6.94501,33.9149,1.54912,-6.82135,33.8389
-1.41659,2.68553,37.7605,-1.23634,-2.75866,37.7195,1.01477,6.97902,33.9972,1.42542,-6.86996,33.925
-1.48188,2.65426,37.6394,-1.30265,-2.73429,37.5998,0.880207,7.01719,34.0939,1.29288,-6.92162,34.0257
-1.53866,2.62176,37.5139,-1.36082,-2.70755,37.4764,0.753191,7.0548,34.1873,1.16769,-6.97116,34.1232
-1.58454,2.59059,37.3896,-1.40829,-2.6808,37.3546,0.643957,7.08547,34.2602,1.05975,-7.01173,34.2003
-1.62344,2.56929,37.2971,-1.44855,-2.66258,37.2652,0.555741,7.11087,34.3225,0.972245,-7.04467,34.267
-1.65885,2.55184,37.2149,-1.48556,-2.64676,37.1869,0.482637,7.12917,34.3616,0.89908,-7.06806,34.3109
-1.69003,2.5361,37.1319,-1.51896,-2.63062,37.1091,0.416837,7.14577,34.3922,0.832572,-7.08687,34.3469
-1.71684,2.52118,37.0419,-1.54918,-2.61229,37.0265,0.356248,7.16185,34.415,0.770302,-7.10086,34.376
-1.73738,2.50661,36.9349,-1.5753,-2.58952,36.9308,0.304792,7.17939,34.4194,0.715512,-7.10881,34.3886
-1.76543,2.50286,36.8409,-1.61148,-2.57102,36.8542,0.314316,7.19406,34.4183,0.720335,-7.08942,34.3955
-51.9542,21.6686,115.676,-50.6617,-24.3566,115.811,-1.47275,0.126916,2.6773,-1.46077,-0.12645,2.67457
-46.0326,18.6268,111.604,-44.9161,-20.9984,111.75,-0.246247,0.0336219,0.813849,-0.247173,-0.0272592,0.825471
-25.4908,11.1962,81.78,-24.8031,-12.5444,81.8808,-0.0347131,0.00680967,0.532603,-0.0329865,-0.00181082,0.546767
-9.09481,5.75519,55.7005,-8.72929,-6.27961,55.7636,0.0714975,-0.00792427,0.538462,0.0809983,0.0126908,0.564192
1.86428,2.2659,37.3834,2.01551,-2.21089,37.422,0.299426,-0.0364931,0.824749,0.359452,0.0453385,0.920169
8.32825,0.588001,26.4047,8.36622,-0.189003,26.4262,1.9027,-0.242837,2.92955,2.38096,0.256585,3.55689
10.6507,0.727637,21.8549,10.6816,-0.111178,21.8631,16.6072,1.74821,22.3724,16.7481,-2.04585,22.7469
10.4066,0.565795,20.3014,10.4402,-0.0575858,20.2373,4.77644,11.2972,50.536,4.55173,-11.8352,50.9125
7.53924,-0.703931,14.3071,7.49625,1.06097,14.2287,-2.41335,10.8621,57.7959,-1.4529,-10.9927,57.1079
8.08995,0.355761,19.6654,8.13515,0.0587455,19.5128,2.49677,9.61352,51.7768,3.01492,-9.49334,51.7165
5.58764,0.265365,20.2563,5.61628,0.0248342,20.1335,3.05011,9.20716,50.6048,3.50586,-8.96197,50.5425
5.80277,1.53161,26.9171,5.88541,-1.21663,26.8173,3.48615,8.64404,49.03,3.88867,-8.29874,48.959
5.3783,2.40583,32.1528,5.50717,-2.09774,32.035,3.48314,7.90284,46.5655,3.83562,-7.52462,46.491
4.59836,3.03814,36.2568,4.76436,-2.75835,36.1147,3.14445,7.33563,44.3241,3.46493,-6.96748,44.2475
3.95755,3.38303,38.8935,4.14351,-3.13106,38.739,2.93657,6.82512,42.1902,3.23359,-6.47801,42.1122
3.54166,3.50772,40.219,3.73488,-3.27356,40.0603,2.67706,6.42042,40.5235,2.95571,-6.09252,40.4451
3.08863,3.53095,41.1454,3.2843,-3.31834,40.9837,2.339,5.9273,38.553,2.59858,-5.63095,38.4751
2.60404,3.47377,41.7741,2.79851,-3.28779,41.6096,1.91508,5.3766,36.364,2.1582,-5.13526,36.2882
2.29413,3.43051,42.1807,2.48772,-3.262,42.0169,1.52476,5.00217,34.9663,1.75763,-4.80415,34.8928
1.9809,3.33535,42.361,2.17082,-3.18563,42.2003,1.10641,4.57712,33.4493,1.32685,-4.42587,33.3794
1.72323,3.22497,42.39,1.90859,-3.09192,42.2335,0.720207,4.18758,32.1232,0.929566,-4.08216,32.0574
1.54616,3.1218,42.32,1.72705,-3.00136,42.1687,0.289861,3.93211,31.3227,0.493346,-3.87121,31.2611
1.44596,3.0378,42.2055,1.62315,-2.92543,42.0596,-0.0995204,3.7865,30.9257,0.101793,-3.76201,30.8677
1.41001,2.987,42.1224,1.58509,-2.87832,41.9811,-0.332104,3.70198,30.7306,-0.131762,-3.69945,30.6756
1.39116,2.96917,42.1402,1.56575,-2.86244,42.0031,-0.466918,3.64663,30.6044,-0.267263,-3.65649,30.5518
1.37606,2.97129,42.2259,1.55113,-2.86574,42.0926,-0.550395,3.60798,30.5081,-0.351293,-3.62469,30.4576
1.35867,2.98601,42.3592,1.53481,-2.88127,42.2292,-0.612983,3.57793,30.4266,-0.414393,-3.59863,30.3777
1.34186,3.00533,42.5036,1.51926,-2.901,42.3764,-0.6634,3.55332,30.3563,-0.465301,-3.57621,30.3089
1.33026,3.02296,42.6269,1.50878,-2.91842,42.5018,-0.702249,3.53295,30.297,-0.504625,-3.55661,30.2506
1.32365,3.03766,42.7255,1.5031,-2.93235,42.6017,-0.73258,3.51498,30.2448,-0.535447,-3.53836,30.1994
1.32146,3.04901,42.7993,1.50162,-2.94238,42.6762,-0.756528,3.49793,30.1969,-0.559949,-3.52019,30.1519
1.32462,3.05593,42.8429,1.50521,-2.94737,42.7198,-0.773835,3.48143,30.1523,-0.577905,-3.50168,30.1076
1.33658,3.05438,42.8334,1.5171,-2.94308,42.7095,-0.785865,3.46651,30.116,-0.590691,-3.48376,30.0714
1.34752,3.05682,42.8426,1.52808,-2.94253,42.7178,-0.788099,3.44387,30.0734,-0.594085,-3.45671,30.0283
1.35432,3.07272,42.9442,1.53549,-2.95539,42.8192,-0.788184,3.39029,30.0824,-0.595367,-3.39423,30.0317
1.44156,2.96105,42.3645,1.61976,-2.83766,42.2278,-0.921062,3.11055,30.0031,-0.733203,-3.06978,29.9469
-1.41698,2.83336,38.7284,-1.2348,-2.88947,38.691,1.46879,6.73021,33.56,1.86295,-6.56686,33.478
-1.07461,2.66688,37.4463,-0.897683,-2.71109,37.4026,1.2132,6.92392,33.9174,1.61969,-6.78637,33.8385
-1.33684,2.71352,37.8525,-1.156,-2.77788,37.8103,1.14059,6.94501,33.9149,1.54912,-6.82135,33.8389
-1.41659,2.68553,37.7605,-1.23634,-2.75866,37.7195,1.01477,6.97902,33.9972,1.42542,-6.86996,33.925
-1.48188,2.65426,37.6394,-1.30265,-2.73429,37.5998,0.880207,7.01719,34.0939,1.29288,-6.92162,34.0257
-1.53866,2.62176,37.5139,-1.36082,-2.70755,37.4764,0.753191,7.0548,34.1873,1.16769,-6.97116,34.1232
-1.58454,2.59059,37.3896,-1.40829,-2.6808,37.3546,0.643957,7.08547,34.2602,1.05975,-7.01173,34.2003
-1.62344,2.56929,37.2971,-1.44855,-2.66258,37.2652,0.555741,7.11087,34.3225,0.972245,-7.04467,34.267
-1.65885,2.55184,37.2149,-1.48556,-2.64676,37.1869,0.482637,7.12917,34.3616,0.89908,-7.06806,34.3109
-1.69003,2.5361,37.1319,-1.51896,-2.63062,37.1091,0.416837,7.14577,34.3922,0.832572,-7.08687,34.3469
-1.71684,2.52118,37.0419,-1.54918,-2.61229,37.0265,0.356248,7.16185,34.415,0.770302,-7.10086,34.376
-1.73738,2.50661,36.9349,-1.5753,-2.58952,36.9308,0.304792,7.17939,34.4194,0.715511,-7.10881,34.3886
-1.76543,2.50286,36.8409,-1.61148,-2.57102,36.8542,0.314316,7.19406,34.4183,0.720335,-7.08942,34.3955
-51.9542,21.6686,115.676,-50.6617,-24.3566,115.811,-1.47275,0.126916,2.6773,-1.46077,-0.12645,2.67457
-46.0326,18.6268,111.604,-44.9161,-20.9984,111.75,-0.246247,0.0336219,0.813849,-0.247173,-0.0272592,0.825471
-25.4908,11.1962,81.78,-24.8031,-12.5444,81.8808,-0.034713,0.00680966,0.532604,-0.0329865,-0.00181082,0.546767
-9.09481,5.75519,55.7005,-8.72929,-6.27961,55.7636,0.0714977,-0.0079243,0.538462,0.0809983,0.0126908,0.564192
1.86428,2.2659,37.3834,2.01551,-2.21089,37.422,0.299428,-0.0364933,0.824752,0.359452,0.0453385,0.920169
8.32825,0.588001,26.4047,8.36622,-0.189004,26.4262,1.90271,-0.242839,2.92957,2.38096,0.256585,3.55689
10.6507,0.727637,21.8549,10.6816,-0.111178,21.8631,16.6072,1.74821,22.3724,16.7481,-2.04585,22.7469
10.4066,0.565794,20.3014,10.4402,-0.0575856,20.2373,4.77642,11.2972,50.536,4.55173,-11.8352,50.9125
7.53924,-0.703931,14.3071,7.49625,1.06097,14.2287,-2.41334,10.8621,57.7959,-1.4529,-10.9927,57.1079
8.08995,0.355761,19.6654,8.13515,0.0587456,19.5128,2.49677,9.61352,51.7768,3.01492,-9.49334,51.7165
5.58764,0.265365,20.2563,5.61628,0.0248342,20.1335,3.05011,9.20716,50.6048,3.50586,-8.96197,50.5425
5.80277,1.53161,26.9171,5.88541,-1.21663,26.8173,3.48615,8.64404,49.03,3.88867,-8.29874,48.959
5.3783,2.40583,32.1528,5.50717,-2.09774,32.035,3.48314,7.90284,46.5655,3.83562,-7.52462,46.491
4.59836,3.03814,36.2568,4.76436,-2.75835,36.1147,3.14445,7.33563,44.3241,3.46493,-6.96748,44.2475
3.95755,3.38303,38.8935,4.14351,-3.13106,38.739,2.93657,6.82512,42.1902,3.23359,-6.47801,42.1122
3.54166,3.50772,40.219,3.73488,-3.27356,40.0603,2.67706,6.42042,40.5235,2.95571,-6.09252,40.4451
3.08863,3.53095,41.1454,3.2843,-3.31834,40.9837,2.339,5.9273,38.553,2.59858,-5.63095,38.4751
2.60404,3.47377,41.7741,2.79851,-3.28779,41.6096,1.91508,5.3766,36.364,2.1582,-5.13526,36.2882
2.29413,3.43051,42.1807,2.48772,-3.262,42.0169,1.52476,5.00217,34.9663,1.75763,-4.80415,34.8928
1.9809,3.33535,42.361,2.17082,-3.18563,42.2003,1.10641,4.57712,33.4493,1.32685,-4.42587,33.3794
1.72323,3.22497,42.39,1.90859,-3.09192,42.2335,0.720207,4.18758,32.1232,0.929566,-4.08216,32.0574
1.54616,3.1218,42.32,1.72705,-3.00136,42.1687,0.289861,3.93211,31.3227,0.493346,-3.87121,31.2611
1.44596,3.0378,42.2055,1.62315,-2.92543,42.0596,-0.0995204,3.7865,30.9257,0.101793,-3.76201,30.8677
1.41001,2.987,42.1224,1.58509,-2.87832,41.9811,-0.332103,3.70198,30.7306,-0.131762,-3.69945,30.6756
1.39116,2.96917,42.1402,1.56575,-2.86244,42.0031,-0.466917,3.64663,30.6044,-0.267263,-3.65649,30.5518
1.37606,2.97129,42.2259,1.55113,-2.86574,42.0926,-0.550395,3.60798,30.5081,-0.351293,-3.62469,30.4576
1.35867,2.98601,42.3592,1.53481,-2.88127,42.2292,-0.612983,3.57793,30.4266,-0.414393,-3.59863,30.3777
1.34186,3.00533,42.5036,1.51926,-2.901,42.3764,-0.6634,3.55332,30.3563,-0.465302,-3.57621,30.3089
1.33026,3.02296,42.6269,1.50878,-2.91842,42.5018,-0.702249,3.53295,30.297,-0.504625,-3.55661,30.2506
1.32365,3.03766,42.7255,1.5031,-2.93235,42.6017,-0.73258,3.51498,30.2448,-0.535447,-3.53836,30.1994
1.32146,3.04901,42.7993,1.50162,-2.94238,42.6762,-0.756528,3.49793,30.1969,-0.559949,-3.52019,30.1519
1.32462,3.05593,42.8429,1.50521,-2.94737,42.7198,-0.773835,3.48143,30.1523,-0.577905,-3.50168,30.1076
1.33658,3.05438,42.8334,1.5171,-2.94308,42.7095,-0.785864,3.46651,30.116,-0.590691,-3.48376,30.0714
1.34752,3.05682,42.8426,1.52808,-2.94253,42.7178,-0.788099,3.44387,30.0734,-0.594085,-3.45671,30.0283
1.35432,3.07272,42.9442,1.53549,-2.95539,42.8192,-0.788183,3.39029,30.0824,-0.595367,-3.39423,30.0317
1.44156,2.96105,42.3645,1.61976,-2.83766,42.2278,-0.921062,3.11055,30.0031,-0.733203,-3.06978,29.9469
-1.41698,2.83336,38.7284,-1.2348,-2.88947,38.691,1.46879,6.73021,33.56,1.86295,-6.56686,33.478
-1.07461,2.66688,37.4463,-0.897683,-2.71109,37.4026,1.2132,6.92392,33.9174,1.61969,-6.78637,33.8385
-1.33684,2.71352,37.8525,-1.156,-2.77788,37.8103,1.14059,6.94501,33.9149,1.54912,-6.82135,33.8389
-1.41659,2.68553,37.7605,-1.23634,-2.75866,37.7195,1.01477,6.97902,33.9972,1.42542,-6.86996,33.925
-1.48188,2.65426,37.6394,-1.30265,-2.73429,37.5998,0.880207,7.01719,34.0939,1.29288,-6.92162,34.0257
-1.53866,2.62176,37.5139,-1.36082,-2.70755,37.4764,0.753191,7.0548,34.1873,1.16769,-6.97116,34.1232
-1.58454,2.59059,37.3896,-1.40829,-2.6808,37.3546,0.643957,7.08547,34.2602,1.05975,-7.01173,34.2003
-1.62344,2.56929,37.2971,-1.44855,-2.66258,37.2652,0.555741,7.11087,34.3225,0.972245,-7.04467,34.267
-1.65885,2.55184,37.2149,-1.48556,-2.64676,37.1869,0.482637,7.12917,34.3616,0.89908,-7.06806,34.3109
-1.69003,2.5361,37.1319,-1.51896,-2.63062,37.1091,0.416837,7.14577,34.3922,0.832572,-7.08687,34.3469
-1.71684,2.52118,37.0419,-1.54918,-2.61229,37.0265,0.356248,7.16185,34.415,0.770302,-7.10086,34.376
-1.73738,2.50661,36.9349,-1.5753,-2.58952,36.9308,0.304792,7.17939,34.4194,0.715511,-7.10881,34.3886
-1.76543,2.50286,36.8409,-1.61148,-2.57102,36.8542,0.314316,7.19406,34.4183,0.720335,-7.08942,34.3955
-51.9542,21.6686,115.676,-50.6617,-24.3566,115.811,-1.47275,0.126916,2.6773,-1.46077,-0.12645,2.67457
-46.0326,18.6268,111.604,-44.9161,-20.9984,111.75,-0.246247,0.0336219,0.81385,-0.247173,-0.0272592,0.825471
-25.4908,11.1962,81.78,-24.8031,-12.5444,81.8808,-0.034713,0.00680966,0.532604,-0.0329865,-0.00181082,0.546767
-9.09481,5.75519,55.7005,-8.72929,-6.27961,55.7636,0.0714978,-0.00792432,0.538463,0.0809983,0.0126908,0.564192
1.86428,2.2659,37.3834,2.01551,-2.21089,37.422,0.299428,-0.0364934,0.824753,0.359452,0.0453385,0.920169
8.32825,0.588002,26.4047,8.36622,-0.189004,26.4262,1.90272,-0.24284,2.92958,2.38096,0.256585,3.55689
10.6507,0.727637,21.8549,10.6816,-0.111178,21.8631,16.6072,1.74821,22.3724,16.7481,-2.04585,22.7469
10.4066,0.565794,20.3014,10.4402,-0.0575855,20.2373,4.77641,11.2972,50.536,4.55173,-11.8352,50.9125
7.53924,-0.703931,14.3071,7.49625,1.06097,14.2287,-2.41334,10.8621,57.7959,-1.4529,-10.9927,57.1079
8.08995,0.355761,19.6654,8.13515,0.0587456,19.5128,2.49677,9.61352,51.7768,3.01492,-9.49334,51.7165
5.58764,0.265365,20.2563,5.61628,0.0248342,20.1335,3.05011,9.20716,50.6048,3.50586,-8.96197,50.5425
5.80277,1.53161,26.9171,5.88541,-1.21663,26.8173,3.48615,8.64404,49.03,3.88867,-8.29874,48.959
5.3783,2.40583,32.1528,5.50717,-2.09774,32.035,3.48314,7.90284,46.5655,3.83562,-7.52462,46.491
4.59836,3.03814,36.2568,4.76436,-2.75835,36.1147,3.14445,7.33563,44.3241,3.46493,-6.96748,44.2475
3.95755,3.38303,38.8935,4.14351,-3.13106,38.739,2.93657,6.82512,42.1902,3.23359,-6.47801,42.1122
3.54166,3.50772,40.219,3.73488,-3.27356,40.0603,2.67706,6.42042,40.5235,2.95571,-6.09252,40.4451
3.08863,3.53095,41.1454,3.2843,-3.31834,40.9837,2.339,5.9273,38.553,2.59858,-5.63095,38.4751
2.60404,3.47377,41.7741,2.79851,-3.28779,41.6096,1.91508,5.3766,36.364,2.1582,-5.13526,36.2882
2.29413,3.43051,42.1807,2.48772,-3.262,42.0169,1.52476,5.00217,34.9663,1.75763,-4.80415,34.8928
1.9809,3.33535,42.361,2.17082,-3.18563,42.2003,1.10641,4.57712,33.4493,1.32685,-4.42587,33.3794
1.72323,3.22497,42.39,1.90859,-3.09192,42.2335,0.720207,4.18758,32.1232,0.929566,-4.08216,32.0574
1.54616,3.1218,42.32,1.72705,-3.00136,42.1687,0.289861,3.93211,31.3227,0.493346,-3.87121,31.2611
1.44596,3.0378,42.2055,1.62315,-2.92543,42.0596,-0.0995203,3.7865,30.9257,0.101793,-3.76201,30.8677
1.41001,2.987,42.1224,1.58509,-2.87832,41.9811,-0.332103,3.70198,30.7306,-0.131762,-3.69945,30.6756
1.39116,2.96917,42.1402,1.56575,-2.86244,42.0031,-0.466917,3.64663,30.6044,-0.267263,-3.65649,30.5518
1.37606,2.97129,42.2259,1.55113,-2.86574,42.0926,-0.550394,3.60798,30.5081,-0.351293,-3.62469,30.4576
1.35867,2.98601,42.3592,1.53481,-2.88127,42.2292,-0.612983,3.57793,30.4266,-0.414393,-3.59863,30.3777
1.34186,3.00533,42.5036,1.51926,-2.901,42.3764,-0.6634,3.55332,30.3563,-0.465302,-3.57621,30.3089
1.33026,3.02296,42.6269,1.50878,-2.91842,42.5018,-0.702249,3.53295,30.297,-0.504625,-3.55661,30.2506
1.32365,3.03766,42.7255,1.5031,-2.93235,42.6017,-0.73258,3.51498,30.2448,-0.535447,-3.53836,30.1994
1.32146,3.04901,42.7993,1.50162,-2.94238,42.6762,-0.756528,3.49793,30.1969,-0.559949,-3.52019,30.1519
1.32462,3.05593,42.8429,1.50521,-2.94737,42.7198,-0.773835,3.48143,30.1523,-0.577905,-3.50168,30.1076
1.33658,3.05438,42.8334,1.5171,-2.94308,42.7095,-0.785864,3.46651,30.116,-0.590691,-3.48376,30.0714
1.34752,3.05682,42.8426,1.52808,-2.94253,42.7178,-0.788098,3.44387,30.0734,-0.594085,-3.45671,30.0283
1.35432,3.07272,42.9442,1.53549,-2.95539,42.8192,-0.788183,3.39029,30.0824,-0.595367,-3.39423,30.0317
1.44156,2.96105,42.3645,1.61976,-2.83766,42.2278,-0.921062,3.11055,30.0031,-0.733203,-3.06978,29.9469
-1.41698,2.83336,38.7284,-1.23479,-2.88947,38.691,1.46879,6.73021,33.56,1.86295,-6.56686,33.478
-1.07461,2.66688,37.4463,-0.897683,-2.71109,37.4026,1.2132,6.92392,33.9174,1.61969,-6.78637,33.8385
-1.33684,2.71353,37.8525,-1.156,-2.77788,37.8103,1.14059,6.94501,33.9149,1.54912,-6.82135,33.8389
-1.41659,2.68553,37.7605,-1.23634,-2.75866,37.7195,1.01477,6.97902,33.9973,1.42542,-6.86996,33.925
-1.48188,2.65427,37.6394,-1.30265,-2.73429,37.5998,0.880208,7.01719,34.0939,1.29288,-6.92162,34.0257
-1.53866,2.62176,37.5139,-1.36082,-2.70755,37.4764,0.753192,7.0548,34.1873,1.16769,-6.97116,34.1232
-1.58454,2.59059,37.3896,-1.40829,-2.6808,37.3546,0.643957,7.08547,34.2602,1.05975,-7.01173,34.2003
-1.62344,2.56929,37.2971,-1.44855,-2.66258,37.2652,0.555742,7.11087,34.3225,0.972246,-7.04467,34.267
-1.65885,2.55184,37.2149,-1.48556,-2.64676,37.1869,0.482637,7.12917,34.3616,0.899081,-7.06806,34.3109
-1.69003,2.5361,37.1319,-1.51896,-2.63062,37.1091,0.416838,7.14577,34.3922,0.832572,-7.08687,34.3469
-1.71684,2.52118,37.0419,-1.54918,-2.61229,37.0265,0.356248,7.16185,34.415,0.770302,-7.10085,34.376
-1.73738,2.50661,36.9349,-1.5753,-2.58953,36.9308,0.304792,7.17939,34.4194,0.715512,-7.10881,34.3886
-1.76543,2.50286,36.8409,-1.61148,-2.57102,36.8542,0.314316,7.19406,34.4183,0.720335,-7.08942,34.3955
-51.9542,21.6686,115.676,-50.6617,-24.3566,115.811,-1.47275,0.126916,2.6773,-1.46077,-0.12645,2.67457
-46.0326,18.6268,111.604,-44.9161,-20.9984,111.75,-0.246246,0.0336217,0.813844,-0.247173,-0.0272592,0.825471
-25.4908,11.1962,81.78,-24.8031,-12.5444,81.8808,-0.0347135,0.00680969,0.532599,-0.0329865,-0.0018108,0.546767
-9.0948,5.75519,55.7005,-8.72929,-6.27961,55.7636,0.071494,-0.00792387,0.538453,0.0809984,0.0126908,0.564193
1.86429,2.2659,37.3834,2.01551,-2.21089,37.422,0.299405,-0.0364906,0.824716,0.359453,0.0453386,0.92017
8.32825,0.587995,26.4047,8.36622,-0.189,26.4262,1.90251,-0.242817,2.92931,2.38097,0.256585,3.5569
10.6507,0.727636,21.8549,10.6816,-0.111176,21.8631,16.6071,1.74813,22.3724,16.7481,-2.04586,22.7469
10.4066,0.565797,20.3014,10.4402,-0.0575884,20.2373,4.77667,11.2973,50.536,4.55172,-11.8352,50.9125
7.53924,-0.70393,14.3071,7.49625,1.06097,14.2287,-2.41346,10.8621,57.7961,-1.4529,-10.9927,57.1079
8.08995,0.355761,19.6654,8.13515,0.0587444,19.5128,2.49676,9.61352,51.7768,3.01492,-9.49334,51.7165
5.58764,0.265365,20.2563,5.61628,0.0248336,20.1335,3.05011,9.20716,50.6048,3.50586,-8.96197,50.5425
5.80277,1.53161,26.9171,5.88541,-1.21663,26.8173,3.48615,8.64404,49.03,3.88867,-8.29874,48.959
5.3783,2.40583,32.1528,5.50717,-2.09774,32.035,3.48314,7.90285,46.5655,3.83562,-7.52462,46.491
4.59836,3.03814,36.2568,4.76436,-2.75835,36.1148,3.14445,7.33563,44.3241,3.46493,-6.96748,44.2475
3.95755,3.38303,38.8935,4.14351,-3.13106,38.739,2.93657,6.82512,42.1902,3.23359,-6.47801,42.1122
3.54166,3.50772,40.219,3.73488,-3.27356,40.0603,2.67706,6.42042,40.5235,2.95571,-6.09252,40.4451
3.08863,3.53095,41.1454,3.2843,-3.31834,40.9837,2.339,5.9273,38.553,2.59858,-5.63095,38.4751
2.60404,3.47377,41.7741,2.79851,-3.28779,41.6096,1.91508,5.3766,36.364,2.1582,-5.13526,36.2882
2.29414,3.43051,42.1807,2.48772,-3.262,42.0169,1.52476,5.00217,34.9663,1.75763,-4.80415,34.8928
1.9809,3.33535,42.361,2.17082,-3.18563,42.2003,1.10641,4.57712,33.4493,1.32685,-4.42587,33.3794
1.72324,3.22497,42.39,1.90859,-3.09192,42.2335,0.720206,4.18758,32.1232,0.929567,-4.08216,32.0574
1.54616,3.1218,42.32,1.72705,-3.00136,42.1687,0.28986,3.93211,31.3227,0.493346,-3.87121,31.2611
1.44596,3.0378,42.2055,1.62315,-2.92543,42.0596,-0.0995213,3.7865,30.9257,0.101793,-3.76201,30.8677
1.41001,2.987,42.1224,1.58509,-2.87832,41.9811,-0.332104,3.70198,30.7306,-0.131762,-3.69945,30.6756
1.39116,2.96917,42.1402,1.56575,-2.86244,42.0031,-0.466918,3.64663,30.6044,-0.267263,-3.65649,30.5518
1.37606,2.97129,42.2259,1.55113,-2.86574,42.0926,-0.550396,3.60798,30.5081,-0.351293,-3.62469,30.4576
1.35867,2.98601,42.3592,1.53481,-2.88127,42.2292,-0.612984,3.57793,30.4266,-0.414393,-3.59863,30.3777
1.34186,3.00533,42.5036,1.51926,-2.901,42.3764,-0.663401,3.55332,30.3563,-0.465301,-3.57621,30.3089
1.33026,3.02296,42.6269,1.50878,-2.91842,42.5018,-0.70225,3.53295,30.297,-0.504624,-3.55661,30.2506
1.32365,3.03766,42.7255,1.5031,-2.93235,42.6017,-0.732581,3.51498,30.2448,-0.535447,-3.53836,30.1994
1.32146,3.04901,42.7993,1.50162,-2.94238,42.6762,-0.756529,3.49793,30.1969,-0.559949,-3.52019,30.1519
1.32462,3.05593,42.8429,1.50521,-2.94737,42.7198,-0.773836,3.48143,30.1523,-0.577905,-3.50168,30.1076
1.33658,3.05438,42.8334,1.51711,-2.94308,42.7095,-0.785866,3.46651,30.116,-0.590691,-3.48376,30.0714
1.34752,3.05682,42.8426,1.52808,-2.94253,42.7178,-0.7881,3.44387,30.0734,-0.594085,-3.45671,30.0283
1.35432,3.07272,42.9442,1.53549,-2.95539,42.8192,-0.788185,3.39029,30.0824,-0.595366,-3.39423,30.0317
1.44156,2.96105,42.3645,1.61976,-2.83766,42.2278,-0.921063,3.11055,30.0031,-0.733203,-3.06978,29.9469
-1.41698,2.83336,38.7284,-1.2348,-2.88947,38.691,1.46879,6.73021,33.56,1.86295,-6.56686,33.478
-1.07461,2.66688,37.4463,-0.897683,-2.71109,37.4026,1.2132,6.92392,33.9174,1.61969,-6.78637,33.8385
-1.33684,2.71353,37.8525,-1.156,-2.77788,37.8103,1.14059,6.94501,33.9149,1.54912,-6.82135,33.8389
-1.41659,2.68553,37.7605,-1.23634,-2.75866,37.7195,1.01477,6.97902,33.9972,1.42542,-6.86996,33.925
-1.48188,2.65427,37.6394,-1.30265,-2.73429,37.5998,0.880208,7.01719,34.0939,1.29288,-6.92162,34.0257
-1.53866,2.62176,37.5139,-1.36082,-2.70755,37.4764,0.753191,7.0548,34.1873,1.16769,-6.97116,34.1232
-1.58454,2.59059,37.3896,-1.40829,-2.6808,37.3546,0.643957,7.08547,34.2602,1.05975,-7.01173,34.2003
-1.62344,2.56929,37.2971,-1.44855,-2.66258,37.2652,0.555741,7.11087,34.3225,0.972246,-7.04467,34.267
-1.65885,2.55184,37.2149,-1.48556,-2.64676,37.1869,0.482637,7.12917,34.3616,0.899081,-7.06806,34.3109
-1.69003,2.5361,37.1319,-1.51896,-2.63062,37.1091,0.416838,7.14577,34.3922,0.832572,-7.08687,34.3469
-1.71684,2.52118,37.0419,-1.54918,-2.61229,37.0265,0.356248,7.16185,34.415,0.770302,-7.10085,34.376
-1.73738,2.50661,36.9349,-1.5753,-2.58952,36.9308,0.304792,7.17939,34.4194,0.715512,-7.10881,34.3886
-1.76543,2.50286,36.8409,-1.61148,-2.57102,36.8542,0.314316,7.19406,34.4183,0.720335,-7.08942,34.3955
-51.9542,21.6686,115.676,-50.6617,-24.3566,115.811,-1.47275,0.126916,2.6773,-1.46077,-0.12645,2.67457
-46.0326,18.6268,111.604,-44.9161,-20.9984,111.75,-0.246246,0.0336218,0.813847,-0.247173,-0.0272592,0.825471
-25.4908,11.1962,81.78,-24.8031,-12.5444,81.8808,-0.0347133,0.00680967,0.532601,-0.0329865,-0.00181081,0.546767
-9.09481,5.75519,55.7005,-8.72929,-6.27961,55.7636,0.0714959,-0.00792409,0.538458,0.0809983,0.0126908,0.564192
1.86428,2.2659,37.3834,2.01551,-2.21089,37.422,0.299416,-0.036492,0.824735,0.359453,0.0453385,0.920169
8.32825,0.587999,26.4047,8.36622,-0.189002,26.4262,1.90261,-0.242828,2.92944,2.38097,0.256585,3.55689
10.6507,0.727636,21.8549,10.6816,-0.111177,21.8631,16.6071,1.74817,22.3724,16.7481,-2.04586,22.7469
10.4066,0.565796,20.3014,10.4402,-0.0575869,20.2373,4.77654,11.2973,50.536,4.55173,-11.8352,50.9125
7.53924,-0.70393,14.3071,7.49625,1.06097,14.2287,-2.4134,10.8621,57.796,-1.4529,-10.9927,57.1079
8.08995,0.355761,19.6654,8.13515,0.058745,19.5128,2.49676,9.61352,51.7768,3.01492,-9.49334,51.7165
5.58764,0.265365,20.2563,5.61628,0.0248339,20.1335,3.05011,9.20716,50.6048,3.50586,-8.96197,50.5425
5.80277,1.53161,26.9171,5.88541,-1.21663,26.8173,3.48615,8.64404,49.03,3.88867,-8.29874,48.959
5.3783,2.40583,32.1528,5.50717,-2.09774,32.035,3.48314,7.90284,46.5655,3.83562,-7.52462,46.491
4.59836,3.03814,36.2568,4.76436,-2.75835,36.1147,3.14445,7.33563,44.3241,3.46493,-6.96748,44.2475
3.95755,3.38303,38.8935,4.14351,-3.13106,38.739,2.93657,6.82512,42.1902,3.23359,-6.47801,42.1122
3.54166,3.50772,40.219,3.73488,-3.27356,40.0603,2.67706,6.42042,40.5235,2.95571,-6.09252,40.4451
3.08863,3.53095,41.1454,3.2843,-3.31834,40.9837,2.339,5.9273,38.553,2.59858,-5.63095,38.4751
2.60404,3.47377,41.7741,2.79851,-3.28779,41.6096,1.91508,5.3766,36.364,2.1582,-5.13526,36.2882
2.29414,3.43051,42.1807,2.48772,-3.262,42.0169,1.52476,5.00217,34.9663,1.75763,-4.80415,34.8928
1.9809,3.33535,42.361,2.17082,-3.18563,42.2003,1.10641,4.57712,33.4493,1.32685,-4.42587,33.3794
1.72324,3.22497,42.39,1.90859,-3.09192,42.2335,0.720206,4.18758,32.1232,0.929567,-4.08216,32.0574
1.54616,3.1218,42.32,1.72705,-3.00136,42.1687,0.289861,3.93211,31.3227,0.493346,-3.87121,31.2611
1.44596,3.0378,42.2055,1.62315,-2.92543,42.0596,-0.0995208,3.7865,30.9257,0.101793,-3.76201,30.8677
1.41001,2.987,42.1224,1.58509,-2.87832,41.9811,-0.332104,3.70198,30.7306,-0.131762,-3.69945,30.6756
1.39116,2.96917,42.1402,1.56575,-2.86244,42.0031,-0.466918,3.64663,30.6044,-0.267263,-3.65649,30.5518
1.37606,2.97129,42.2259,1.55113,-2.86574,42.0926,-0.550395,3.60798,30.5081,-0.351293,-3.62469,30.4576
1.35867,2.98601,42.3592,1.53481,-2.88127,42.2292,-0.612983,3.57793,30.4266,-0.414393,-3.59863,30.3777
1.34186,3.00533,42.5036,1.51926,-2.901,42.3764,-0.6634,3.55332,30.3563,-0.465301,-3.57621,30.3089
1.33026,3.02296,42.6269,1.50878,-2.91842,42.5018,-0.70225,3.53295,30.297,-0.504624,-3.55661,30.2506
1.32365,3.03766,42.7255,1.5031,-2.93235,42.6017,-0.732581,3.51498,30.2448,-0.535447,-3.53836,30.1994
1.32146,3.04901,42.7993,1.50162,-2.94238,42.6762,-0.756529,3.49793,30.1969,-0.559949,-3.52019,30.1519
1.32462,3.05593,42.8429,1.50521,-2.94737,42.7198,-0.773836,3.48143,30.1523,-0.577905,-3.50168,30.1076
1.33658,3.05438,42.8334,1.5171,-2.94308,42.7095,-0.785865,3.46651,30.116,-0.590691,-3.48376,30.0714
1.34752,3.05682,42.8426,1.52808,-2.94253,42.7178,-0.788099,3.44387,30.0734,-0.594085,-3.45671,30.0283
1.35432,3.07272,42.9442,1.53549,-2.95539,42.8192,-0.788184,3.39029,30.0824,-0.595366,-3.39423,30.0317
1.44156,2.96105,42.3645,1.61976,-2.83766,42.2278,-0.921063,3.11055,30.0031,-0.733203,-3.06978,29.9469
-1.41698,2.83336,38.7284,-1.2348,-2.88947,38.691,1.46879,6.73021,33.56,1.86295,-6.56686,33.478
-1.07461,2.66688,37.4463,-0.897683,-2.71109,37.4026,1.2132,6.92392,33.9174,1.61969,-6.78637,33.8385
-1.33684,2.71352,37.8525,-1.156,-2.77788,37.8103,1.14059,6.94501,33.9149,1.54912,-6.82135,33.8389
-1.41659,2.68553,37.7605,-1.23634,-2.75866,37.7195,1.01477,6.97902,33.9972,1.42542,-6.86996,33.925
-1.48188,2.65426,37.6394,-1.30265,-2.73429,37.5998,0.880208,7.01719,34.0939,1.29288,-6.92162,34.0257
-1.53866,2.62176,37.5139,-1.36082,-2.70755,37.4764,0.753191,7.0548,34.1873,1.16769,-6.97116,34.1232
-1.58454,2.59059,37.3896,-1.40829,-2.6808,37.3546,0.643957,7.08547,34.2602,1.05975,-7.01173,34.2003
-1.62344,2.56929,37.2971,-1.44855,-2.66258,37.2652,0.555741,7.11087,34.3225,0.972246,-7.04467,34.267
-1.65885,2.55184,37.2149,-1.48556,-2.64676,37.1869,0.482637,7.12917,34.3616,0.899081,-7.06806,34.3109
-1.69003,2.5361,37.1319,-1.51896,-2.63062,37.1091,0.416838,7.14577,34.3922,0.832572,-7.08687,34.3469
-1.71684,2.52118,37.0419,-1.54918,-2.61229,37.0265,0.356248,7.16185,34.415,0.770302,-7.10086,34.376
-1.73738,2.50661,36.9349,-1.5753,-2.58952,36.9308,0.304792,7.17939,34.4194,0.715512,-7.10881,34.3886
-1.76543,2.50286,36.8409,-1.61148,-2.57102,36.8542,0.314316,7.19406,34.4183,0.720335,-7.08942,34.3955
-51.9542,21.6686,115.676,-50.6617,-24.3566,115.811,-1.47275,0.126916,2.6773,-1.46077,-0.12645,2.67457
-46.0326,18.6268,111.604,-44.9161,-20.9984,111.75,-0.246247,0.0336218,0.813848,-0.247173,-0.0272592,0.825471
-25.4908,11.1962,81.78,-24.8031,-12.5444,81.8808,-0.0347132,0.00680967,0.532603,-0.0329865,-0.00181081,0.546767
-9.09481,5.75519,55.7005,-8.72929,-6.27961,55.7636,0.0714969,-0.00792421,0.53846,0.0809983,0.0126908,0.564192
1.86428,2.2659,37.3834,2.01551,-2.21089,37.422,0.299422,-0.0364927,0.824744,0.359453,0.0453385,0.920169
8.32825,0.588,26.4047,8.36622,-0.189003,26.4262,1.90266,-0.242834,2.92951,2.38096,0.256585,3.55689
10.6507,0.727637,21.8549,10.6816,-0.111177,21.8631,16.6072,1.74819,22.3724,16.7481,-2.04585,22.7469
10.4066,0.565795,20.3014,10.4402,-0.0575862,20.2373,4.77648,11.2973,50.536,4.55173,-11.8352,50.9125
7.53924,-0.70393,14.3071,7.49625,1.06097,14.2287,-2.41337,10.8621,57.7959,-1.4529,-10.9927,57.1079
8.08995,0.355761,19.6654,8.13515,0.0587453,19.5128,2.49677,9.61352,51.7768,3.01492,-9.49334,51.7165
5.58764,0.265365,20.2563,5.61628,0.0248341,20.1335,3.05011,9.20716,50.6048,3.50586,-8.96197,50.5425
5.80277,1.53161,26.9171,5.88541,-1.21663,26.8173,3.48615,8.64404,49.03,3.88867,-8.29874,48.959
5.3783,2.40583,32.1528,5.50717,-2.09774,32.035,3.48314,7.90284,46.5655,3.83562,-7.52462,46.491
4.59836,3.03814,36.2568,4.76436,-2.75835,36.1147,3.14445,7.33563,44.3241,3.46493,-6.96748,44.2475
3.95755,3.38303,38.8935,4.14351,-3.13106,38.739,2.93657,6.82512,42.1902,3.23359,-6.47801,42.1122
3.54166,3.50772,40.219,3.73488,-3.27356,40.0603,2.67706,6.42042,40.5235,2.95571,-6.09252,40.4451
3.08863,3.53095,41.1454,3.2843,-3.31834,40.9837,2.339,5.9273,38.553,2.59858,-5.63095,38.4751
2.60404,3.47377,41.7741,2.79851,-3.28779,41.6096,1.91508,5.3766,36.364,2.1582,-5.13526,36.2882
2.29413,3.43051,42.1807,2.48772,-3.262,42.0169,1.52476,5.00217,34.9663,1.75763,-4.80415,34.8928
1.9809,3.33535,42.361,2.17082,-3.18563,42.2003,1.10641,4.57712,33.4493,1.32685,-4.42587,33.3794
1.72324,3.22497,42.39,1.90859,-3.09192,42.2335,0.720207,4.18758,32.1232,0.929567,-4.08216,32.0574
1.54616,3.1218,42.32,1.72705,-3.00136,42.1687,0.289861,3.93211,31.3227,0.493346,-3.87121,31.2611
1.44596,3.0378,42.2055,1.62315,-2.92543,42.0596,-0.0995206,3.7865,30.9257,0.101793,-3.76201,30.8677
1.41001,2.987,42.1224,1.58509,-2.87832,41.9811,-0.332104,3.70198,30.7306,-0.131762,-3.69945,30.6756
1.39116,2.96917,42.1402,1.56575,-2.86244,42.0031,-0.466918,3.64663,30.6044,-0.267263,-3.65649,30.5518
1.37606,2.97129,42.2259,1.55113,-2.86574,42.0926,-0.550395,3.60798,30.5081,-0.351293,-3.62469,30.4576
1.35867,2.98601,42.3592,1.53481,-2.88127,42.2292,-0.612983,3.57793,30.4266,-0.414393,-3.59863,30.3777
1.34186,3.00533,42.5036,1.51926,-2.901,42.3764,-0.6634,3.55332,30.3563,-0.465301,-3.57621,30.3089
1.33026,3.02296,42.6269,1.50878,-2.91842,42.5018,-0.70225,3.53295,30.297,-0.504624,-3.55661,30.2506
1.32365,3.03766,42.7255,1.5031,-2.93235,42.6017,-0.732581,3.51498,30.2448,-0.535447,-3.53836,30.1994
1.32146,3.04901,42.7993,1.50162,-2.94238,42.6762,-0.756528,3.49793,30.1969,-0.559949,-3.52019,30.1519
1.32462,3.05593,42.8429,1.50521,-2.94737,42.7198,-0.773835,3.48143,30.1523,-0.577905,-3.50168,30.1076
1.33658,3.05438,42.8334,1.5171,-2.94308,42.7095,-0.785865,3.46651,30.116,-0.590691,-3.48376,30.0714
1.34752,3.05682,42.8426,1.52808,-2.94253,42.7178,-0.788099,3.44387,30.0734,-0.594085,-3.45671,30.0283
1.35432,3.07272,42.9442,1.53549,-2.95539,42.8192,-0.788184,3.39029,30.0824,-0.595366,-3.39423,30.0317
1.44156,2.96105,42.3645,1.61976,-2.83766,42.2278,-0.921062,3.11055,30.0031,-0.733203,-3.06978,29.9469
-1.41698,2.83336,38.7284,-1.2348,-2.88947,38.691,1.46879,6.73021,33.56,1.86295,-6.56686,33.478
-1.07461,2.66688,37.4463,-0.897683,-2.71109,37.4026,1.2132,6.92392,33.9174,1.61969,-6.78637,33.8385
-1.33684,2.71352,37.8525,-1.156,-2.77788,37.8103,1.14059,6.94501,33.9149,1.54912,-6.82135,33.8389
-1.41659,2.68553,37.7605,-1.23634,-2.75866,37.7195,1.01477,6.97902,33.9972,1.42542,-6.86996,33.925
-1.48188,2.65426,37.6394,-1.30265,-2.73429,37.5998,0.880207,7.01719,34.0939,1.29288,-6.92162,34.0257
-1.53866,2.62176,37.5139,-1.36082,-2.70755,37.4764,0.753191,7.0548,34.1873,1.16769,-6.97116,34.1232
-1.58454,2.59059,37.3896,-1.40829,-2.6808,37.3546,0.643957,7.08547,34.2602,1.05975,-7.01173,34.2003
-1.62344,2.56929,37.2971,-1.44855,-2.66258,37.2652,0.555741,7.11087,34.3225,0.972246,-7.04467,34.267
-1.65885,2.55184,37.2149,-1.48556,-2.64676,37.1869,0.482637,7.12917,34.3616,0.89908,-7.06806,34.3109
-1.69003,2.5361,37.1319,-1.51896,-2.63062,37.1091,0.416837,7.14577,34.3922,0.832572,-7.08687,34.3469
-1.71684,2.52118,37.0419,-1.54918,-2.61229,37.0265,0.356248,7.16185,34.415,0.770302,-7.10086,34.376
-1.73738,2.50661,36.9349,-1.5753,-2.58952,36.9308,0.304792,7.17939,34.4194,0.715512,-7.10881,34.3886
-1.76543,2.50286,36.8409,-1.61148,-2.57102,36.8542,0.314316,7.19406,34.4183,0.720335,-7.08942,34.3955
-51.9542,21.6686,115.676,-50.6617,-24.3566,115.811,-1.47275,0.126916,2.6773,-1.46077,-0.12645,2.67457
-46.0326,18.6268,111.604,-44.9161,-20.9984,111.75,-0.246247,0.0336219,0.813849,-0.247173,-0.0272592,0.825471
-25.4908,11.1962,81.78,-24.8031,-12.5444,81.8808,-0.0347131,0.00680967,0.532603,-0.0329865,-0.00181081,0.546767
-9.09481,5.75519,55.7005,-8.72929,-6.27961,55.7636,0.0714974,-0.00792426,0.538462,0.0809983,0.0126908,0.564192
1.86428,2.2659,37.3834,2.01551,-2.21089,37.422,0.299425,-0.036493,0.824748,0.359452,0.0453385,0.920169
8.32825,0.588001,26.4047,8.36622,-0.189003,26.4262,1.90269,-0.242837,2.92954,2.38096,0.256585,3.55689
10.6507,0.727637,21.8549,10.6816,-0.111178,21.8631,16.6072,1.7482,22.3724,16.7481,-2.04585,22.7469
10.4066,0.565795,20.3014,10.4402,-0.0575858,20.2373,4.77645,11.2973,50.536,4.55173,-11.8352,50.9125
7.53924,-0.703931,14.3071,7.49625,1.06097,14.2287,-2.41335,10.8621,57.7959,-1.4529,-10.9927,57.1079
8.08995,0.355761,19.6654,8.13515,0.0587455,19.5128,2.49677,9.61352,51.7768,3.01492,-9.49334,51.7165
5.58764,0.265365,20.2563,5.61628,0.0248341,20.1335,3.05011,9.20716,50.6048,3.50586,-8.96197,50.5425
5.80277,1.53161,26.9171,5.88541,-1.21663,26.8173,3.48615,8.64404,49.03,3.88867,-8.29874,48.959
5.3783,2.40583,32.1528,5.50717,-2.09774,32.035,3.48314,7.90284,46.5655,3.83562,-7.52462,46.491
4.59836,3.03814,36.2568,4.76436,-2.75835,36.1147,3.14445,7.33563,44.3241,3.46493,-6.96748,44.2475
3.95755,3.38303,38.8935,4.14351,-3.13106,38.739,2.93657,6.82512,42.1902,3.23359,-6.47801,42.1122
3.54166,3.50772,40.219,3.73488,-3.27356,40.0603,2.67706,6.42042,40.5235,2.95571,-6.09252,40.4451
3.08863,3.53095,41.1454,3.2843,-3.31834,40.9837,2.339,5.9273,38.553,2.59858,-5.63095,38.4751
2.60404,3.47377,41.7741,2.79851,-3.28779,41.6096,1.91508,5.3766,36.364,2.1582,-5.13526,36.2882
2.29413,3.43051,42.1807,2.48772,-3.262,42.0169,1.52476,5.00217,34.9663,1.75763,-4.80415,34.8928
1.9809,3.33535,42.361,2.17082,-3.18563,42.2003,1.10641,4.57712,33.4493,1.32685,-4.42587,33.3794
1.72323,3.22497,42.39,1.90859,-3.09192,42.2335,0.720207,4.18758,32.1232,0.929566,-4.08216,32.0574
1.54616,3.1218,42.32,1.72705,-3.00136,42.1687,0.289861,3.93211,31.3227,0.493346,-3.87121,31.2611
1.44596,3.0378,42.2055,1.62315,-2.92543,42.0596,-0.0995204,3.7865,30.9257,0.101793,-3.76201,30.8677
1.41001,2.987,42.1224,1.58509,-2.87832,41.9811,-0.332104,3.70198,30.7306,-0.131762,-3.69945,30.6756
1.39116,2.96917,42.1402,1.56575,-2.86244,42.0031,-0.466918,3.64663,30.6044,-0.267263,-3.65649,30.5518
1.37606,2.97129,42.2259,1.55113,-2.86574,42.0926,-0.550395,3.60798,30.5081,-0.351293,-3.62469,30.4576
1.35867,2.98601,42.3592,1.53481,-2.88127,42.2292,-0.612983,3.57793,30.4266,-0.414393,-3.59863,30.3777
1.34186,3.00533,42.5036,1.51926,-2.901,42.3764,-0.6634,3.55332,30.3563,-0.465301,-3.57621,30.3089
1.33026,3.02296,42.6269,1.50878,-2.91842,42.5018,-0.702249,3.53295,30.297,-0.504624,-3.55661,30.2506
1.32365,3.03766,42.7255,1.5031,-2.93235,42.6017,-0.73258,3.51498,30.2448,-0.535447,-3.53836,30.1994
1.32146,3.04901,42.7993,1.50162,-2.94238,42.6762,-0.756528,3.49793,30.1969,-0.559949,-3.52019,30.1519
1.32462,3.05593,42.8429,1.50521,-2.94737,42.7198,-0.773835,3.48143,30.1523,-0.577905,-3.50168,30.1076
1.33658,3.05438,42.8334,1.5171,-2.94308,42.7095,-0.785865,3.46651,30.116,-0.590691,-3.48376,30.0714
1.34752,3.05682,42.8426,1.52808,-2.94253,42.7178,-0.788099,3.44387,30.0734,-0.594085,-3.45671,30.0283
1.35432,3.07272,42.9442,1.53549,-2.95539,42.8192,-0.788184,3.39029,30.0824,-0.595366,-3.39423,30.0317
1.44156,2.96105,42.3645,1.61976,-2.83766,42.2278,-0.921062,3.11055,30.0031,-0.733203,-3.06978,29.9469
-1.41698,2.83336,38.7284,-1.2348,-2.88947,38.691,1.46879,6.73021,33.56,1.86295,-6.56686,33.478
-1.07461,2.66688,37.4463,-0.897683,-2.71109,37.4026,1.2132,6.92392,33.9174,1.61969,-6.78637,33.8385
-1.33684,2.71352,37.8525,-1.156,-2.77788,37.8103,1.14059,6.94501,33.9149,1.54912,-6.82135,33.8389
-1.41659,2.68553,37.7605,-1.23634,-2.75866,37.7195,1.01477,6.97902,33.9972,1.42542,-6.86996,33.925
-1.48188,2.65426,37.6394,-1.30265,-2.73429,37.5998,0.880207,7.01719,34.0939,1.29288,-6.92162,34.0257
-1.53866,2.62176,37.5139,-1.36082,-2.70755,37.4764,0.753191,7.0548,34.1873,1.16769,-6.97116,34.1232
-1.58454,2.59059,37.3896,-1.40829,-2.6808,37.3546,0.643957,7.08547,34.2602,1.05975,-7.01173,34.2003
-1.62344,2.56929,37.2971,-1.44855,-2.66258,37.2652,0.555741,7.11087,34.3225,0.972245,-7.04467,34.267
-1.65885,2.55184,37.2149,-1.48556,-2.64676,37.1869,0.482637,7.12917,34.3616,0.89908,-7.06806,34.3109
-1.69003,2.5361,37.1319,-1.51896,-2.63062,37.1091,0.416837,7.14577,34.3922,0.832572,-7.08687,34.3469
-1.71684,2.52118,37.0419,-1.54918,-2.61229,37.0265,0.356248,7.16185,34.415,0.770302,-7.10086,34.376
-1.73738,2.50661,36.9349,-1.5753,-2.58952,36.9308,0.304792,7.17939,34.4194,0.715512,-7.10881,34.3886
-1.76543,2.50286,36.8409,-1.61148,-2.57102,36.8542,0.314316,7.19406,34.4183,0.720335,-7.08942,34.3955
-51.9542,21.6686,115.676,-50.6617,-24.3566,115.811,-1.47275,0.126916,2.6773,-1.46077,-0.12645,2.67457
-46.0326,18.6268,111.604,-44.9161,-20.9984,111.75,-0.246247,0.0336219,0.813849,-0.247173,-0.0272592,0.825471
-25.4908,11.1962,81.78,-24.8031,-12.5444,81.8808,-0.0347131,0.00680967,0.532604,-0.0329865,-0.00181082,0.546767
-9.09481,5.75519,55.7005,-8.72929,-6.27961,55.7636,0.0714976,-0.00792429,0.538462,0.0809983,0.0126908,0.564192
1.86428,2.2659,37.3834,2.01551,-2.21089,37.422,0.299427,-0.0364932,0.824751,0.359452,0.0453385,0.920169
8.32825,0.588001,26.4047,8.36622,-0.189004,26.4262,1.9027,-0.242838,2.92956,2.38096,0.256585,3.55689
10.6507,0.727637,21.8549,10.6816,-0.111178,21.8631,16.6072,1.74821,22.3724,16.7481,-2.04585,22.7469
10.4066,0.565795,20.3014,10.4402,-0.0575857,20.2373,4.77643,11.2972,50.536,4.55173,-11.8352,50.9125
7.53924,-0.703931,14.3071,7.49625,1.06097,14.2287,-2.41334,10.8621,57.7959,-1.4529,-10.9927,57.1079
8.08995,0.355761,19.6654,8.13515,0.0587455,19.5128,2.49676,9.61352,51.7768,3.01492,-9.49334,51.7165
5.58764,0.265365,20.2563,5.61628,0.0248342,20.1335,3.05011,9.20716,50.6048,3.50586,-8.96197,50.5425
5.80277,1.53161,26.9171,5.88541,-1.21663,26.8173,3.48615,8.64404,49.03,3.88867,-8.29874,48.959
5.3783,2.40583,32.1528,5.50717,-2.09774,32.035,3.48314,7.90284,46.5655,3.83562,-7.52462,46.491
4.59836,3.03814,36.2568,4.76436,-2.75835,36.1147,3.14445,7.33563,44.3241,3.46493,-6.96748,44.2475
3.95755,3.38303,38.8935,4.14351,-3.13106,38.739,2.93657,6.82512,42.1902,3.23359,-6.47801,42.1122
3.54166,3.50772,40.219,3.73488,-3.27356,40.0603,2.67706,6.42042,40.5235,2.95571,-6.09252,40.4451
3.08863,3.53095,41.1454,3.2843,-3.31834,40.9837,2.339,5.9273,38.553,2.59858,-5.63095,38.4751
2.60404,3.47377,41.7741,2.79851,-3.28779,41.6096,1.91508,5.3766,36.364,2.1582,-5.13526,36.2882
2.29413,3.43051,42.1807,2.48772,-3.262,42.0169,1.52476,5.00217,34.9663,1.75763,-4.80415,34.8928
1.9809,3.33535,42.361,2.17082,-3.18563,42.2003,1.10641,4.57712,33.4493,1.32685,-4.42587,33.3794
1.72323,3.22497,42.39,1.90859,-3.09192,42.2335,0.720207,4.18758,32.1232,0.929566,-4.08216,32.0574
1.54616,3.1218,42.32,1.72705,-3.00136,42.1687,0.289861,3.93211,31.3227,0.493346,-3.87121,31.2611
1.44596,3.0378,42.2055,1.62315,-2.92543,42.0596,-0.0995204,3.7865,30.9257,0.101793,-3.76201,30.8677
1.41001,2.987,42.1224,1.58509,-2.87832,41.9811,-0.332103,3.70198,30.7306,-0.131762,-3.69945,30.6756
1.39116,2.96917,42.1402,1.56575,-2.86244,42.0031,-0.466918,3.64663,30.6044,-0.267263,-3.65649,30.5518
1.37606,2.97129,42.2259,1.55113,-2.86574,42.0926,-0.550395,3.60798,30.5081,-0.351293,-3.62469,30.4576
1.35867,2.98601,42.3592,1.53481,-2.88127,42.2292,-0.612983,3.57793,30.4266,-0.414393,-3.59863,30.3777
1.34186,3.00533,42.5036,1.51926,-2.901,42.3764,-0.6634,3.55332,30.3563,-0.465302,-3.57621,30.3089
1.33026,3.02296,42.6269,1.50878,-2.91842,42.5018,-0.702249,3.53295,30.297,-0.504625,-3.55661,30.2506
1.32365,3.03766,42.7255,1.5031,-2.93235,42.6017,-0.73258,3.51498,30.2448,-0.535447,-3.53836,30.1994
1.32146,3.04901,42.7993,1.50162,-2.94238,42.6762,-0.756528,3.49793,30.1969,-0.559949,-3.52019,30.1519
1.32462,3.05593,42.8429,1.50521,-2.94737,42.7198,-0.773835,3.48143,30.1523,-0.577905,-3.50168,30.1076
1.33658,3.05438,42.8334,1.5171,-2.94308,42.7095,-0.785865,3.46651,30.116,-0.590691,-3.48376,30.0714
1.34752,3.05682,42.8426,1.52808,-2.94253,42.7178,-0.788099,3.44387,30.0734,-0.594085,-3.45671,30.0283
1.35432,3.07272,42.9442,1.53549,-2.95539,42.8192,-0.788183,3.39029,30.0824,-0.595367,-3.39423,30.0317
1.44156,2.96105,42.3645,1.61976,-2.83766,42.2278,-0.921062,3.11055,30.0031,-0.733203,-3.06978,29.9469
-1.41698,2.83336,38.7284,-1.2348,-2.88947,38.691,1.46879,6.73021,33.56,1.86295,-6.56686,33.478
-1.07461,2.66688,37.4463,-0.897683,-2.71109,37.4026,1.2132,6.92392,33.9174,1.61969,-6.78637,33.8385
-1.33684,2.71352,37.8525,-1.156,-2.77788,37.8103,1.14059,6.94501,33.9149,1.54912,-6.82135,33.8389
-1.41659,2.68553,37.7605,-1.23634,-2.75866,37.7195,1.01477,6.97902,33.9972,1.42542,-6.86996,33.925
-1.48188,2.65426,37.6394,-1.30265,-2.73429,37.5998,0.880207,7.01719,34.0939,1.29288,-6.92162,34.0257
-1.53866,2.62176,37.5139,-1.36082,-2.70755,37.4764,0.753191,7.0548,34.1873,1.16769,-6.97116,34.1232
-1.58454,2.59059,37.3896,-1.40829,-2.6808,37.3546,0.643957,7.08547,34.2602,1.05975,-7.01173,34.2003
-1.62344,2.56929,37.2971,-1.44855,-2.66258,37.2652,0.555741,7.11087,34.3225,0.972245,-7.04467,34.267
-1.65885,2.55184,37.2149,-1.48556,-2.64676,37.1869,0.482637,7.12917,34.3616,0.89908,-7.06806,34.3109
-1.69003,2.5361,37.1319,-1.51896,-2.63062,37.1091,0.416837,7.14577,34.3922,0.832572,-7.08687,34.3469
-1.71684,2.52118,37.0419,-1.54918,-2.61229,37.0265,0.356248,7.16185,34.415,0.770302,-7.10086,34.376
-1.73738,2.50661,36.9349,-1.5753,-2.58952,36.9308,0.304792,7.17939,34.4194,0.715511,-7.10881,34.3886
-1.76543,2.50286,36.8409,-1.61148,-2.57102,36.8542,0.314316,7.19406,34.4183,0.720335,-7.08942,34.3955
-51.9542,21.6686,115.676,-50.6617,-24.3566,115.811,-1.47275,0.126916,2.6773,-1.46077,-0.12645,2.67457
-46.0326,18.6268,111.604,-44.9161,-20.9984,111.75,-0.246247,0.0336219,0.813849,-0.247173,-0.0272592,0.825471
-25.4908,11.1962,81.78,-24.8031,-12.5444,81.8808,-0.034713,0.00680966,0.532604,-0.0329865,-0.00181082,0.546767
-9.09481,5.75519,55.7005,-8.72929,-6.27961,55.7636,0.0714977,-0.0079243,0.538462,0.0809983,0.0126908,0.564192
1.86428,2.2659,37.3834,2.01551,-2.21089,37.422,0.299428,-0.0364933,0.824752,0.359452,0.0453385,0.920169
8.32825,0.588001,26.4047,8.36622,-0.189004,26.4262,1.90271,-0.242839,2.92957,2.38096,0.256585,3.55689
10.6507,0.727637,21.8549,10.6816,-0.111178,21.8631,16.6072,1.74821,22.3724,16.7481,-2.04585,22.7469
10.4066,0.565794,20.3014,10.4402,-0.0575856,20.2373,4.77642,11.2972,50.536,4.55173,-11.8352,50.9125
7.53924,-0.703931,14.3071,7.49625,1.06097,14.2287,-2.41334,10.8621,57.7959,-1.4529,-10.9927,57.1079
8.08995,0.355761,19.6654,8.13515,0.0587456,19.5128,2.49677,9.61352,51.7768,3.01492,-9.49334,51.7165
5.58764,0.265365,20.2563,5.61628,0.0248342,20.1335,3.05011,9.20716,50.6048,3.50586,-8.96197,50.5425
5.80277,1.53161,26.9171,5.88541,-1.21663,26.8173,3.48615,8.64404,49.03,3.88867,-8.29874,48.959
5.3783,2.40583,32.1528,5.50717,-2.09774,32.035,3.48314,7.90284,46.5655,3.83562,-7.52462,46.491
4.59836,3.03814,36.2568,4.76436,-2.75835,36.1147,3.14445,7.33563,44.3241,3.46493,-6.96748,44.2475
3.95755,3.38303,38.8935,4.14351,-3.13106,38.739,2.93657,6.82512,42.1902,3.23359,-6.47801,42.1122
3.54166,3.50772,40.219,3.73488,-3.27356,40.0603,2.67706,6.42042,40.5235,2.95571,-6.09252,40.4451
3.08863,3.53095,41.1454,3.2843,-3.31834,40.9837,2.339,5.9273,38.553,2.59858,-5.63095,38.4751
2.60404,3.47377,41.7741,2.79851,-3.28779,41.6096,1.91508,5.3766,36.364,2.1582,-5.13526,36.2882
2.29413,3.43051,42.1807,2.48772,-3.262,42.0169,1.52476,5.00217,34.9663,1.75763,-4.80415,34.8928
1.9809,3.33535,42.361,2.17082,-3.18563,42.2003,1.10641,4.57712,33.4493,1.32685,-4.42587,33.3794
1.72323,3.22497,42.39,1.90859,-3.09192,42.2335,0.720207,4.18758,32.1232,0.929566,-4.08216,32.0574
1.54616,3.1218,42.32,1.72705,-3.00136,42.1687,0.289861,3.93211,31.3227,0.493346,-3.87121,31.2611
1.44596,3.0378,42.2055,1.62315,-2.92543,42.0596,-0.0995204,3.7865,30.9257,0.101793,-3.76201,30.8677
1.41001,2.987,42.1224,1.58509,-2.87832,41.9811,-0.332103,3.70198,30.7306,-0.131762,-3.69945,30.6756
1.39116,2.96917,42.1402,1.56575,-2.86244,42.0031,-0.466917,3.64663,30.6044,-0.267263,-3.65649,30.5518
1.37606,2.97129,42.2259,1.55113,-2.86574,42.0926,-0.550395,3.60798,30.5081,-0.351293,-3.62469,30.4576
1.35867,2.98601,42.3592,1.53481,-2.88127,42.2292,-0.612983,3.57793,30.4266,-0.414393,-3.59863,30.3777
1.34186,3.00533,42.5036,1.51926,-2.901,42.3764,-0.6634,3.55332,30.3563,-0.465302,-3.57621,30.3089
1.33026,3.02296,42.6269,1.50878,-2.91842,42.5018,-0.702249,3.53295,30.297,-0.504625,-3.55661,30.2506
1.32365,3.03766,42.7255,1.5031,-2.93235,42.6017,-0.73258,3.51498,30.2448,-0.535447,-3.53836,30.1994
1.32146,3.04901,42.7993,1.50162,-2.94238,42.6762,-0.756528,3.49793,30.1969,-0.559949,-3.52019,30.1519
1.32462,3.05593,42.8429,1.50521,-2.94737,42.7198,-0.773835,3.48143,30.1523,-0.577905,-3.50168,30.1076
1.33658,3.05438,42.8334,1.5171,-2.94308,42.7095,-0.785864,3.46651,30.116,-0.590691,-3.48376,30.0714
1.34752,3.05682,42.8426,1.52808,-2.94253,42.7178,-0.788099,3.44387,30.0734,-0.594085,-3.45671,30.0283
1.35432,3.07272,42.9442,1.53549,-2.95539,42.8192,-0.788183,3.39029,30.0824,-0.595367,-3.39423,30.0317
1.44156,2.96105,42.3645,1.61976,-2.83766,42.2278,-0.921062,3.11055,30.0031,-0.733203,-3.06978,29.9469
-1.41698,2.83336,38.7284,-1.2348,-2.88947,38.691,1.46879,6.73021,33.56,1.86295,-6.56686,33.478
-1.07461,2.66688,37.4463,-0.897683,-2.71109,37.4026,1.2132,6.92392,33.9174,1.61969,-6.78637,33.8385
-1.33684,2.71352,37.8525,-1.156,-2.77788,37.8103,1.14059,6.94501,33.9149,1.54912,-6.82135,33.8389
-1.41659,2.68553,37.7605,-1.23634,-2.75866,37.7195,1.01477,6.97902,33.9972,1.42542,-6.86996,33.925
-1.48188,2.65426,37.6394,-1.30265,-2.73429,37.5998,0.880207,7.01719,34.0939,1.29288,-6.92162,34.0257
-1.53866,2.62176,37.5139,-1.36082,-2.70755,37.4764,0.753191,7.0548,34.1873,1.16769,-6.97116,34.1232
-1.58454,2.59059,37.3896,-1.40829,-2.6808,37.3546,0.643957,7.08547,34.2602,1.05975,-7.01173,34.2003
-1.62344,2.56929,37.2971,-1.44855,-2.66258,37.2652,0.555741,7.11087,34.3225,0.972245,-7.04467,34.267
-1.65885,2.55184,37.2149,-1.48556,-2.64676,37.1869,0.482637,7.12917,34.3616,0.89908,-7.06806,34.3109
-1.69003,2.5361,37.1319,-1.51896,-2.63062,37.1091,0.416837,7.14577,34.3922,0.832572,-7.08687,34.3469
-1.71684,2.52118,37.0419,-1.54918,-2.61229,37.0265,0.356248,7.16185,34.415,0.770302,-7.10086,34.376
-1.73738,2.50661,36.9349,-1.5753,-2.58952,36.9308,0.304792,7.17939,34.4194,0.715511,-7.10881,34.3886
-1.76543,2.50286,36.8409,-1.61148,-2.57102,36.8542,0.314316,7.19406,34.4183,0.720335,-7.08942,34.3955
-51.9542,21.6686,115.676,-50.6617,-24.3566,115.811,-1.47275,0.126916,2.6773,-1.46077,-0.12645,2.67457
-46.0326,18.6268,111.604,-44.9161,-20.9984,111.75,-0.246247,0.0336219,0.813849,-0.247173,-0.0272592,0.825471
-25.4908,11.1962,81.78,-24.8031,-12.5444,81.8808,-0.034713,0.00680966,0.532604,-0.0329865,-0.00181082,0.546767
-9.09481,5.75519,55.7005,-8.72929,-6.27961,55.7636,0.0714978,-0.00792431,0.538463,0.0809983,0.0126908,0.564192
1.86428,2.2659,37.3834,2.01551,-2.21089,37.422,0.299428,-0.0364933,0.824752,0.359452,0.0453385,0.920169
8.32825,0.588002,26.4047,8.36622,-0.189004,26.4262,1.90271,-0.242839,2.92957,2.38096,0.256585,3.55689
10.6507,0.727637,21.8549,10.6816,-0.111178,21.8631,16.6072,1.74821,22.3724,16.7481,-2.04585,22.7469
10.4066,0.565794,20.3014,10.4402,-0.0575855,20.2373,4.77642,11.2972,50.536,4.55173,-11.8352,50.9125
7.53924,-0.703931,14.3071,7.49625,1.06097,14.2287,-2.41334,10.8621,57.7959,-1.4529,-10.9927,57.1079
8.08995,0.355761,19.6654,8.13515,0.0587456,19.5128,2.49677,9.61352,51.7768,3.01492,-9.49334,51.7165
5.58764,0.265365,20.2563,5.61628,0.0248342,20.1335,3.05011,9.20716,50.6048,3.50586,-8.96197,50.5425
5.80277,1.53161,26.9171,5.88541,-1.21663,26.8173,3.48615,8.64404,49.03,3.88867,-8.29874,48.959
5.3783,2.40583,32.1528,5.50717,-2.09774,32.035,3.48314,7.90284,46.5655,3.83562,-7.52462,46.491
4.59836,3.03814,36.2568,4.76436,-2.75835,36.1147,3.14445,7.33563,44.3241,3.46493,-6.96748,44.2475
3.95755,3.38303,38.8935,4.14351,-3.13106,38.739,2.93657,6.82512,42.1902,3.23359,-6.47801,42.1122
3.54166,3.50772,40.219,3.73488,-3.27356,40.0603,2.67706,6.42042,40.5235,2.95571,-6.09252,40.4451
3.08863,3.53095,41.1454,3.2843,-3.31834,40.9837,2.339,5.9273,38.553,2.59858,-5.63095,38.4751
2.60404,3.47377,41.7741,2.79851,-3.28779,41.6096,1.91508,5.3766,36.364,2.1582,-5.13526,36.2882
2.29413,3.43051,42.1807,2.48772,-3.262,42.0169,1.52476,5.00217,34.9663,1.75763,-4.80415,34.8928
1.9809,3.33535,42.361,2.17082,-3.18563,42.2003,1.10641,4.57712,33.4493,1.32685,-4.42587,33.3794
1.72323,3.22497,42.39,1.90859,-3.09192,42.2335,0.720207,4.18758,32.1232,0.929566,-4.08216,32.0574
1.54616,3.1218,42.32,1.72705,-3.00136,42.1687,0.289861,3.93211,31.3227,0.493346,-3.87121,31.2611
1.44596,3.0378,42.2055,1.62315,-2.92543,42.0596,-0.0995203,3.7865,30.9257,0.101793,-3.76201,30.8677
1.41001,2.987,42.1224,1.58509,-2.87832,41.9811,-0.332103,3.70198,30.7306,-0.131762,-3.69945,30.6756
1.39116,2.96917,42.1402,1.56575,-2.86244,42.0031,-0.466917,3.64663,30.6044,-0.267263,-3.65649,30.5518
1.37606,2.97129,42.2259,1.55113,-2.86574,42.0926,-0.550395,3.60798,30.5081,-0.351293,-3.62469,30.4576
1.35867,2.98601,42.3592,1.53481,-2.88127,42.2292,-0.612983,3.57793,30.4266,-0.414393,-3.59863,30.3777
1.34186,3.00533,42.5036,1.51926,-2.901,42.3764,-0.6634,3.55332,30.3563,-0.465302,-3.57621,30.3089
1.33026,3.02296,42.6269,1.50878,-2.91842,42.5018,-0.702249,3.53295,30.297,-0.504625,-3.55661,30.2506
1.32365,3.03766,42.7255,1.5031,-2.93235,42.6017,-0.73258,3.51498,30.2448,-0.535447,-3.53836,30.1994
1.32146,3.04901,42.7993,1.50162,-2.94238,42.6762,-0.756528,3.49793,30.1969,-0.559949,-3.52019,30.1519
1.32462,3.05593,42.8429,1.50521,-2.94737,42.7198,-0.773835,3.48143,30.1523,-0.577905,-3.50168,30.1076
1.33658,3.05438,42.8334,1.5171,-2.94308,42.7095,-0.785864,3.46651,30.116,-0.590691,-3.48376,30.0714
1.34752,3.05682,42.8426,1.52808,-2.94253,42.7178,-0.788098,3.44387,30.0734,-0.594085,-3.45671,30.0283
1.35432,3.07272,42.9442,1.53549,-2.95539,42.8192,-0.788183,3.39029,30.0824,-0.595367,-3.39423,30.0317
1.44156,2.96105,42.3645,1.61976,-2.83766,42.2278,-0.921062,3.11055,30.0031,-0.733203,-3.06978,29.9469
-1.41698,2.83336,38.7284,-1.23479,-2.88947,38.691,1.46879,6.73021,33.56,1.86295,-6.56686,33.478
-1.07461,2.66688,37.4463,-0.897683,-2.71109,37.4026,1.2132,6.92392,33.9174,1.61969,-6.78637,33.8385
-1.33684,2.71353,37.8525,-1.156,-2.77788,37.8103,1.14059,6.94501,33.9149,1.54912,-6.82135,33.8389
-1.41659,2.68553,37.7605,-1.23634,-2.75866,37.7195,1.01477,6.97902,33.9973,1.42542,-6.86996,33.925
-1.48188,2.65427,37.6394,-1.30265,-2.73429,37.5998,0.880208,7.01719,34.0939,1.29288,-6.92162,34.0257
-1.53866,2.62176,37.5139,-1.36082,-2.70755,37.4764,0.753192,7.0548,34.1873,1.16769,-6.97116,34.1232
-1.58454,2.59059,37.3896,-1.40829,-2.6808,37.3546,0.643957,7.08547,34.2602,1.05975,-7.01173,34.2003
-1.62344,2.56929,37.2971,-1.44855,-2.66258,37.2652,0.555742,7.11087,34.3225,0.972246,-7.04467,34.267
-1.65885,2.55184,37.2149,-1.48556,-2.64676,37.1869,0.482637,7.12917,34.3616,0.899081,-7.06806,34.3109
-1.69003,2.5361,37.1319,-1.51896,-2.63062,37.1091,0.416838,7.14577,34.3922,0.832572,-7.08687,34.3469
-1.71684,2.52118,37.0419,-1.54918,-2.61229,37.0265,0.356248,7.16185,34.415,0.770302,-7.10085,34.376
-1.73738,2.50661,36.9349,-1.5753,-2.58953,36.9308,0.304792,7.17939,34.4194,0.715512,-7.10881,34.3886
-1.76543,2.50286,36.8409,-1.61148,-2.57102,36.8542,0.314316,7.19406,34.4183,0.720335,-7.08942,34.3955
-51.9542,21.6686,115.676,-50.6617,-24.3566,115.811,-1.47275,0.126916,2.6773,-1.46077,-0.12645,2.67457
-46.0326,18.6268,111.604,-44.9161,-20.9984,111.75,-0.246246,0.0336217,0.813844,-0.247173,-0.0272592,0.825471
-25.4908,11.1962,81.78,-24.8031,-12.5444,81.8808,-0.0347135,0.00680969,0.532599,-0.0329865,-0.0018108,0.546767
-9.0948,5.75519,55.7005,-8.72929,-6.27961,55.7636,0.0714941,-0.00792388,0.538453,0.0809984,0.0126908,0.564193
1.86429,2.2659,37.3834,2.01551,-2.21089,37.422,0.299405,-0.0364906,0.824717,0.359453,0.0453386,0.92017
8.32825,0.587996,26.4047,8.36622,-0.189,26.4262,1.90251,-0.242817,2.92931,2.38097,0.256585,3.5569
10.6507,0.727636,21.8549,10.6816,-0.111176,21.8631,16.6071,1.74814,22.3724,16.7481,-2.04586,22.7469
10.4066,0.565797,20.3014,10.4402,-0.0575883,20.2373,4.77666,11.2973,50.536,4.55172,-11.8352,50.9125
7.53924,-0.70393,14.3071,7.49625,1.06097,14.2287,-2.41345,10.8621,57.7961,-1.4529,-10.9927,57.1079
8.08995,0.355761,19.6654,8.13515,0.0587444,19.5128,2.49676,9.61352,51.7768,3.01492,-9.49334,51.7165
5.58764,0.265365,20.2563,5.61628,0.0248336,20.1335,3.05011,9.20716,50.6048,3.50586,-8.96197,50.5425
5.80277,1.53161,26.9171,5.88541,-1.21663,26.8173,3.48615,8.64404,49.03,3.88867,-8.29874,48.959
5.3783,2.40583,32.1528,5.50717,-2.09774,32.035,3.48314,7.90285,46.5655,3.83562,-7.52462,46.491
4.59836,3.03814,36.2568,4.76436,-2.75835,36.1148,3.14445,7.33563,44.3241,3.46493,-6.96748,44.2475
3.95755,3.38303,38.8935,4.14351,-3.13106,38.739,2.93657,6.82512,42.1902,3.23359,-6.47801,42.1122
3.54166,3.50772,40.219,3.73488,-3.27356,40.0603,2.67706,6.42042,40.5235,2.95571,-6.09252,40.4451
3.08863,3.53095,41.1454,3.2843,-3.31834,40.9837,2.339,5.9273,38.553,2.59858,-5.63095,38.4751
2.60404,3.47377,41.7741,2.79851,-3.28779,41.6096,1.91508,5.3766,36.364,2.1582,-5.13526,36.2882
2.29414,3.43051,42.1807,2.48772,-3.262,42.0169,1.52476,5.00217,34.9663,1.75763,-4.80415,34.8928
1.9809,3.33535,42.361,2.17082,-3.18563,42.2003,1.10641,4.57712,33.4493,1.32685,-4.42587,33.3794
1.72324,3.22497,42.39,1.90859,-3.09192,42.2335,0.720206,4.18758,32.1232,0.929567,-4.08216,32.0574
1.54616,3.1218,42.32,1.72705,-3.00136,42.1687,0.28986,3.93211,31.3227,0.493346,-3.87121,31.2611
1.44596,3.0378,42.2055,1.62315,-2.92543,42.0596,-0.0995213,3.7865,30.9257,0.101793,-3.76201,30.8677
1.41001,2.987,42.1224,1.58509,-2.87832,41.9811,-0.332104,3.70198,30.7306,-0.131762,-3.69945,30.6756
1.39116,2.96917,42.1402,1.56575,-2.86244,42.0031,-0.466918,3.64663,30.6044,-0.267263,-3.65649,30.5518
1.37606,2.97129,42.2259,1.55113,-2.86574,42.0926,-0.550396,3.60798,30.5081,-0.351293,-3.62469,30.4576
1.35867,2.98601,42.3592,1.53481,-2.88127,42.2292,-0.612984,3.57793,30.4266,-0.414393,-3.59863,30.3777
1.34186,3.00533,42.5036,1.51926,-2.901,42.3764,-0.663401,3.55332,30.3563,-0.465301,-3.57621,30.3089
1.33026,3.02296,42.6269,1.50878,-2.91842,42.5018,-0.70225,3.53295,30.297,-0.504624,-3.55661,30.2506
1.32365,3.03766,42.7255,1.5031,-2.93235,42.6017,-0.732581,3.51498,30.2448,-0.535447,-3.53836,30.1994
1.32146,3.04901,42.7993,1.50162,-2.94238,42.6762,-0.756529,3.49793,30.1969,-0.559949,-3.52019,30.1519
1.32462,3.05593,42.8429,1.50521,-2.94737,42.7198,-0.773836,3.48143,30.1523,-0.577905,-3.50168,30.1076
1.33658,3.05438,42.8334,1.51711,-2.94308,42.7095,-0.785866,3.46651,30.116,-0.590691,-3.48376,30.0714
1.34752,3.05682,42.8426,1.52808,-2.94253,42.7178,-0.7881,3.44387,30.0734,-0.594085,-3.45671,30.0283
1.35432,3.07272,42.9442,1.53549,-2.95539,42.8192,-0.788185,3.39029,30.0824,-0.595366,-3.39423,30.0317
1.44156,2.96105,42.3645,1.61976,-2.83766,42.2278,-0.921063,3.11055,30.0031,-0.733203,-3.06978,29.9469
-1.41698,2.83336,38.7284,-1.2348,-2.88947,38.691,1.46879,6.73021,33.56,1.86295,-6.56686,33.478
-1.07461,2.66688,37.4463,-0.897683,-2.71109,37.4026,1.2132,6.92392,33.9174,1.61969,-6.78637,33.8385
-1.33684,2.71353,37.8525,-1.156,-2.77788,37.8103,1.14059,6.94501,33.9149,1.54912,-6.82135,33.8389
-1.41659,2.68553,37.7605,-1.23634,-2.75866,37.7195,1.01477,6.97902,33.9972,1.42542,-6.86996,33.925
-1.48188,2.65427,37.6394,-1.30265,-2.73429,37.5998,0.880208,7.01719,34.0939,1.29288,-6.92162,34.0257
-1.53866,2.62176,37.5139,-1.36082,-2.70755,37.4764,0.753191,7.0548,34.1873,1.16769,-6.97116,34.1232
-1.58454,2.59059,37.3896,-1.40829,-2.6808,37.3546,0.643957,7.08547,34.2602,1.05975,-7.01173,34.2003
-1.62344,2.56929,37.2971,-1.44855,-2.66258,37.2652,0.555741,7.11087,34.3225,0.972246,-7.04467,34.267
-1.65885,2.55184,37.2149,-1.48556,-2.64676,37.1869,0.482637,7.12917,34.3616,0.899081,-7.06806,34.3109
-1.69003,2.5361,37.1319,-1.51896,-2.63062,37.1091,0.416838,7.14577,34.3922,0.832572,-7.08687,34.3469
-1.71684,2.52118,37.0419,-1.54918,-2.61229,37.0265,0.356248,7.16185,34.415,0.770302,-7.10085,34.376
-1.73738,2.50661,36.9349,-1.5753,-2.58952,36.9308,0.304792,7.17939,34.4194,0.715512,-7.10881,34.3886
-1.76543,2.50286,36.8409,-1.61148,-2.57102,36.8542,0.314316,7.19406,34.4183,0.720335,-7.08942,34.3955
-51.9542,21.6686,115.676,-50.6617,-24.3566,115.811,-1.47275,0.126916,2.6773,-1.46077,-0.12645,2.67457
-46.0326,18.6268,111.604,-44.9161,-20.9984,111.75,-0.246246,0.0336218,0.813847,-0.247173,-0.0272592,0.825471
-25.4908,11.1962,81.78,-24.8031,-12.5444,81.8808,-0.0347133,0.00680967,0.532601,-0.0329865,-0.00181081,0.546767
-9.09481,5.75519,55.7005,-8.72929,-6.27961,55.7636,0.0714959,-0.00792409,0.538458,0.0809983,0.0126908,0.564192
1.86428,2.2659,37.3834,2.01551,-2.21089,37.422,0.299416,-0.036492,0.824735,0.359453,0.0453385,0.920169
8.32825,0.587999,26.4047,8.36622,-0.189002,26.4262,1.90261,-0.242828,2.92944,2.38097,0.256585,3.55689
10.6507,0.727636,21.8549,10.6816,-0.111177,21.8631,16.6071,1.74817,22.3724,16.7481,-2.04586,22.7469
10.4066,0.565796,20.3014,10.4402,-0.0575869,20.2373,4.77654,11.2973,50.536,4.55173,-11.8352,50.9125
7.53924,-0.70393,14.3071,7.49625,1.06097,14.2287,-2.4134,10.8621,57.796,-1.4529,-10.9927,57.1079
8.08995,0.355761,19.6654,8.13515,0.058745,19.5128,2.49676,9.61352,51.7768,3.01492,-9.49334,51.7165
5.58764,0.265365,20.2563,5.61628,0.0248339,20.1335,3.05011,9.20716,50.6048,3.50586,-8.96197,50.5425
5.80277,1.53161,26.9171,5.88541,-1.21663,26.8173,3.48615,8.64404,49.03,3.88867,-8.29874,48.959
5.3783,2.40583,32.1528,5.50717,-2.09774,32.035,3.48314,7.90284,46.5655,3.83562,-7.52462,46.491
4.59836,3.03814,36.2568,4.76436,-2.75835,36.1147,3.14445,7.33563,44.3241,3.46493,-6.96748,44.2475
3.95755,3.38303,38.8935,4.14351,-3.13106,38.739,2.93657,6.82512,42.1902,3.23359,-6.47801,42.1122
3.54166,3.50772,40.219,3.73488,-3.27356,40.0603,2.67706,6.42042,40.5235,2.95571,-6.09252,40.4451
3.08863,3.53095,41.1454,3.2843,-3.31834,40.9837,2.339,5.9273,38.553,2.59858,-5.63095,38.4751
2.60404,3.47377,41.7741,2.79851,-3.28779,41.6096,1.91508,5.3766,36.364,2.1582,-5.13526,36.2882
2.29414,3.43051,42.1807,2.48772,-3.262,42.0169,1.52476,5.00217,34.9663,1.75763,-4.80415,34.8928
1.9809,3.33535,42.361,2.17082,-3.18563,42.2003,1.10641,4.57712,33.4493,1.32685,-4.42587,33.3794
1.72324,3.22497,42.39,1.90859,-3.09192,42.2335,0.720206,4.18758,32.1232,0.929567,-4.08216,32.0574
1.54616,3.1218,42.32,1.72705,-3.00136,42.1687,0.289861,3.93211,31.3227,0.493346,-3.87121,31.2611
1.44596,3.0378,42.2055,1.62315,-2.92543,42.0596,-0.0995208,3.7865,30.9257,0.101793,-3.76201,30.8677
1.41001,2.987,42.1224,1.58509,-2.87832,41.9811,-0.332104,3.70198,30.7306,-0.131762,-3.69945,30.6756
1.39116,2.96917,42.1402,1.56575,-2.86244,42.0031,-0.466918,3.64663,30.6044,-0.267263,-3.65649,30.5518
1.37606,2.97129,42.2259,1.55113,-2.86574,42.0926,-0.550395,3.60798,30.5081,-0.351293,-3.62469,30.4576
1.35867,2.98601,42.3592,1.53481,-2.88127,42.2292,-0.612983,3.57793,30.4266,-0.414393,-3.59863,30.3777
1.34186,3.00533,42.5036,1.51926,-2.901,42.3764,-0.6634,3.55332,30.3563,-0.465301,-3.57621,30.3089
1.33026,3.02296,42.6269,1.50878,-2.91842,42.5018,-0.70225,3.53295,30.297,-0.504624,-3.55661,30.2506
1.32365,3.03766,42.7255,1.5031,-2.93235,42.6017,-0.732581,3.51498,30.2448,-0.535447,-3.53836,30.1994
1.32146,3.04901,42.7993,1.50162,-2.94238,42.6762,-0.756529,3.49793,30.1969,-0.559949,-3.52019,30.1519
1.32462,3.05593,42.8429,1.50521,-2.94737,42.7198,-0.773836,3.48143,30.1523,-0.577905,-3.50168,30.1076
1.33658,3.05438,42.8334,1.5171,-2.94308,42.7095,-0.785865,3.46651,30.116,-0.590691,-3.48376,30.0714
1.34752,3.05682,42.8426,1.52808,-2.94253,42.7178,-0.788099,3.44387,30.0734,-0.594085,-3.45671,30.0283
1.35432,3.07272,42.9442,1.53549,-2.95539,42.8192,-0.788184,3.39029,30.0824,-0.595366,-3.39423,30.0317
1.44156,2.96105,42.3645,1.61976,-2.83766,42.2278,-0.921063,3.11055,30.0031,-0.733203,-3.06978,29.9469
-1.41698,2.83336,38.7284,-1.2348,-2.88947,38.691,1.46879,6.73021,33.56,1.86295,-6.56686,33.478
-1.07461,2.66688,37.4463,-0.897683,-2.71109,37.4026,1.2132,6.92392,33.9174,1.61969,-6.78637,33.8385
-1.33684,2.71352,37.8525,-1.156,-2.77788,37.8103,1.14059,6.94501,33.9149,1.54912,-6.82135,33.8389
-1.41659,2.68553,37.7605,-1.23634,-2.75866,37.7195,1.01477,6.97902,33.9972,1.42542,-6.86996,33.925
-1.48188,2.65426,37.6394,-1.30265,-2.73429,37.5998,0.880208,7.01719,34.0939,1.29288,-6.92162,34.0257
-1.53866,2.62176,37.5139,-1.36082,-2.70755,37.4764,0.753191,7.0548,34.1873,1.16769,-6.97116,34.1232
-1.58454,2.59059,37.3896,-1.40829,-2.6808,37.3546,0.643957,7.08547,34.2602,1.05975,-7.01173,34.2003
-1.62344,2.56929,37.2971,-1.44855,-2.66258,37.2652,0.555741,7.11087,34.3225,0.972246,-7.04467,34.267
-1.65885,2.55184,37.2149,-1.48556,-2.64676,37.1869,0.482637,7.12917,34.3616,0.899081,-7.06806,34.3109
-1.69003,2.5361,37.1319,-1.51896,-2.63062,37.1091,0.416838,7.14577,34.3922,0.832572,-7.08687,34.3469
-1.71684,2.52118,37.0419,-1.54918,-2.61229,37.0265,0.356248,7.16185,34.415,0.770302,-7.10086,34.376
-1.73738,2.50661,36.9349,-1.5753,-2.58952,36.9308,0.304792,7.17939,34.4194,0.715512,-7.10881,34.3886
-1.76543,2.50286,36.8409,-1.61148,-2.57102,36.8542,0.314316,7.19406,34.4183,0.720335,-7.08942,34.3955
-51.9542,21.6686,115.676,-50.6617,-24.3566,115.811,-1.47275,0.126916,2.6773,-1.46077,-0.12645,2.67457
-46.0326,18.6268,111.604,-44.9161,-20.9984,111.75,-0.246247,0.0336218,0.813848,-0.247173,-0.0272592,0.825471
-25.4908,11.1962,81.78,-24.8031,-12.5444,81.8808,-0.0347132,0.00680967,0.532603,-0.0329865,-0.00181081,0.546767
-9.09481,5.75519,55.7005,-8.72929,-6.27961,55.7636,0.0714968,-0.0079242,0.53846,0.0809983,0.0126908,0.564192
1.86428,2.2659,37.3834,2.01551,-2.21089,37.422,0.299422,-0.0364927,0.824743,0.359453,0.0453385,0.920169
8.32825,0.588,26.4047,8.36622,-0.189003,26.4262,1.90266,-0.242834,2.92951,2.38097,0.256585,3.55689
10.6507,0.727637,21.8549,10.6816,-0.111177,21.8631,16.6072,1.74819,22.3724,16.7481,-2.04585,22.7469
10.4066,0.565795,20.3014,10.4402,-0.0575862,20.2373,4.77648,11.2973,50.536,4.55173,-11.8352,50.9125
7.53924,-0.70393,14.3071,7.49625,1.06097,14.2287,-2.41337,10.8621,57.7959,-1.4529,-10.9927,57.1079
8.08995,0.355761,19.6654,8.13515,0.0587453,19.5128,2.49677,9.61352,51.7768,3.01492,-9.49334,51.7165
5.58764,0.265365,20.2563,5.61628,0.0248341,20.1335,3.05011,9.20716,50.6048,3.50586,-8.96197,50.5425
5.80277,1.53161,26.9171,5.88541,-1.21663,26.8173,3.48615,8.64404,49.03,3.88867,-8.29874,48.959
5.3783,2.40583,32.1528,5.50717,-2.09774,32.035,3.48314,7.90284,46.5655,3.83562,-7.52462,46.491
4.59836,3.03814,36.2568,4.76436,-2.75835,36.1147,3.14445,7.33563,44.3241,3.46493,-6.96748,44.2475
3.95755,3.38303,38.8935,4.14351,-3.13106,38.739,2.93657,6.82512,42.1902,3.23359,-6.47801,42.1122
3.54166,3.50772,40.219,3.73488,-3.27356,40.0603,2.67706,6.42042,40.5235,2.95571,-6.09252,40.4451
3.08863,3.53095,41.1454,3.2843,-3.31834,40.9837,2.339,5.9273,38.553,2.59858,-5.63095,38.4751
2.60404,3.47377,41.7741,2.79851,-3.28779,41.6096,1.91508,5.3766,36.364,2.1582,-5.13526,36.2882
2.29413,3.43051,42.1807,2.48772,-3.262,42.0169,1.52476,5.00217,34.9663,1.75763,-4.80415,34.8928
1.9809,3.33535,42.361,2.17082,-3.18563,42.2003,1.10641,4.57712,33.4493,1.32685,-4.42587,33.3794
1.72324,3.22497,42.39,1.90859,-3.09192,42.2335,0.720207,4.18758,32.1232,0.929567,-4.08216,32.0574
1.54616,3.1218,42.32,1.72705,-3.00136,42.1687,0.289861,3.93211,31.3227,0.493346,-3.87121,31.2611
1.44596,3.0378,42.2055,1.62315,-2.92543,42.0596,-0.0995206,3.7865,30.9257,0.101793,-3.76201,30.8677
1.41001,2.987,42.1224,1.58509,-2.87832,41.9811,-0.332104,3.70198,30.7306,-0.131762,-3.69945,30.6756
1.39116,2.96917,42.1402,1.56575,-2.86244,42.0031,-0.466918,3.64663,30.6044,-0.267263,-3.65649,30.5518
1.37606,2.97129,42.2259,1.55113,-2.86574,42.0926,-0.550395,3.60798,30.5081,-0.351293,-3.62469,30.4576
1.35867,2.98601,42.3592,1.53481,-2.88127,42.2292,-0.612983,3.57793,30.4266,-0.414393,-3.59863,30.3777
1.34186,3.00533,42.5036,1.51926,-2.901,42.3764,-0.6634,3.55332,30.3563,-0.465301,-3.57621,30.3089
1.33026,3.02296,42.6269,1.50878,-2.91842,42.5018,-0.70225,3.53295,30.297,-0.504624,-3.55661,30.2506
1.32365,3.03766,42.7255,1.5031,-2.93235,42.6017,-0.732581,3.51498,30.2448,-0.535447,-3.53836,30.1994
1.32146,3.04901,42.7993,1.50162,-2.94238,42.6762,-0.756528,3.49793,30.1969,-0.559949,-3.52019,30.1519
1.32462,3.05593,42.8429,1.50521,-2.94737,42.7198,-0.773835,3.48143,30.1523,-0.577905,-3.50168,30.1076
1.33658,3.05438,42.8334,1.5171,-2.94308,42.7095,-0.785865,3.46651,30.116,-0.590691,-3.48376,30.0714
1.34752,3.05682,42.8426,1.52808,-2.94253,42.7178,-0.788099,3.44387,30.0734,-0.594085,-3.45671,30.0283
1.35432,3.07272,42.9442,1.53549,-2.95539,42.8192,-0.788184,3.39029,30.0824,-0.595366,-3.39423,30.0317
1.44156,2.96105,42.3645,1.61976,-2.83766,42.2278,-0.921062,3.11055,30.0031,-0.733203,-3.06978,29.9469
-1.41698,2.83336,38.7284,-1.2348,-2.88947,38.691,1.46879,6.73021,33.56,1.86295,-6.56686,33.478
-1.07461,2.66688,37.4463,-0.897683,-2.71109,37.4026,1.2132,6.92392,33.9174,1.61969,-6.78637,33.8385
-1.33684,2.71352,37.8525,-1.156,-2.77788,37.8103,1.14059,6.94501,33.9149,1.54912,-6.82135,33.8389
-1.41659,2.68553,37.7605,-1.23634,-2.75866,37.7195,1.01477,6.97902,33.9972,1.42542,-6.86996,33.925
-1.48188,2.65426,37.6394,-1.30265,-2.73429,37.5998,0.880207,7.01719,34.0939,1.29288,-6.92162,34.0257
-1.53866,2.62176,37.5139,-1.36082,-2.70755,37.4764,0.753191,7.0548,34.1873,1.16769,-6.97116,34.1232
-1.58454,2.59059,37.3896,-1.40829,-2.6808,37.3546,0.643957,7.08547,34.2602,1.05975,-7.01173,34.2003
-1.62344,2.56929,37.2971,-1.44855,-2.66258,37.2652,0.555741,7.11087,34.3225,0.972246,-7.04467,34.267
-1.65885,2.55184,37.2149,-1.48556,-2.64676,37.1869,0.482637,7.12917,34.3616,0.89908,-7.06806,34.3109
-1.69003,2.5361,37.1319,-1.51896,-2.63062,37.1091,0.416837,7.14577,34.3922,0.832572,-7.08687,34.3469
-1.71684,2.52118,37.0419,-1.54918,-2.61229,37.0265,0.356248,7.16185,34.415,0.770302,-7.10086,34.376
-1.73738,2.50661,36.9349,-1.5753,-2.58952,36.9308,0.304792,7.17939,34.4194,0.715512,-7.10881,34.3886
-1.76543,2.50286,36.8409,-1.61148,-2.57102,36.8542,0.314316,7.19406,34.4183,0.720335,-7.08942,34.3955
-51.9542,21.6686,115.676,-50.6617,-24.3566,115.811,-1.47275,0.126916,2.6773,-1.46077,-0.12645,2.67457
-46.0326,18.6268,111.604,-44.9161,-20.9984,111.75,-0.246247,0.0336219,0.813849,-0.247173,-0.0272592,0.825471
-25.4908,11.1962,81.78,-24.8031,-12.5444,81.8808,-0.0347131,0.00680967,0.532603,-0.0329865,-0.00181081,0.546767
-9.09481,5.75519,55.7005,-8.72929,-6.27961,55.7636,0.0714973,-0.00792426,0.538461,0.0809983,0.0126908,0.564192
1.86428,2.2659,37.3834,2.01551,-2.21089,37.422,0.299425,-0.036493,0.824748,0.359452,0.0453385,0.920169
8.32825,0.588001,26.4047,8.36622,-0.189003,26.4262,1.90269,-0.242836,2.92954,2.38096,0.256585,3.55689
10.6507,0.727637,21.8549,10.6816,-0.111178,21.8631,16.6072,1.7482,22.3724,16.7481,-2.04585,22.7469
10.4066,0.565795,20.3014,10.4402,-0.0575859,20.2373,4.77645,11.2973,50.536,4.55173,-11.8352,50.9125
7.53924,-0.703931,14.3071,7.49625,1.06097,14.2287,-2.41335,10.8621,57.7959,-1.4529,-10.9927,57.1079
8.08995,0.355761,19.6654,8.13515,0.0587454,19.5128,2.49677,9.61352,51.7768,3.01492,-9.49334,51.7165
5.58764,0.265365,20.2563,5.61628,0.0248341,20.1335,3.05011,9.20716,50.6048,3.50586,-8.96197,50.5425
5.80277,1.53161,26.9171,5.88541,-1.21663,26.8173,3.48615,8.64404,49.03,3.88867,-8.29874,48.959
5.3783,2.40583,32.1528,5.50717,-2.09774,32.035,3.48314,7.90284,46.5655,3.83562,-7.52462,46.491
4.59836,3.03814,36.2568,4.76436,-2.75835,36.1147,3.14445,7.33563,44.3241,3.46493,-6.96748,44.2475
3.95755,3.38303,38.8935,4.14351,-3.13106,38.739,2.93657,6.82512,42.1902,3.23359,-6.47801,42.1122
3.54166,3.50772,40.219,3.73488,-3.27356,40.0603,2.67706,6.42042,40.5235,2.95571,-6.09252,40.4451
3.08863,3.53095,41.1454,3.2843,-3.31834,40.9837,2.339,5.9273,38.553,2.59858,-5.63095,38.4751
2.60404,3.47377,41.7741,2.79851,-3.28779,41.6096,1.91508,5.3766,36.364,2.1582,-5.13526,36.2882
2.29413,3.43051,42.1807,2.48772,-3.262,42.0169,1.52476,5.00217,34.9663,1.75763,-4.80415,34.8928
1.9809,3.33535,42.361,2.17082,-3.18563,42.2003,1.10641,4.57712,33.4493,1.32685,-4.42587,33.3794
1.72324,3.22497,42.39,1.90859,-3.09192,42.2335,0.720207,4.18758,32.1232,0.929566,-4.08216,32.0574
1.54616,3.1218,42.32,1.72705,-3.00136,42.1687,0.289861,3.93211,31.3227,0.493346,-3.87121,31.2611
1.44596,3.0378,42.2055,1.62315,-2.92543,42.0596,-0.0995205,3.7865,30.9257,0.101793,-3.76201,30.8677
1.41001,2.987,42.1224,1.58509,-2.87832,41.9811,-0.332104,3.70198,30.7306,-0.131762,-3.69945,30.6756
1.39116,2.96917,42.1402,1.56575,-2.86244,42.0031,-0.466918,3.64663,30.6044,-0.267263,-3.65649,30.5518
1.37606,2.97129,42.2259,1.55113,-2.86574,42.0926,-0.550395,3.60798,30.5081,-0.351293,-3.62469,30.4576
1.35867,2.98601,42.3592,1.53481,-2.88127,42.2292,-0.612983,3.57793,30.4266,-0.414393,-3.59863,30.3777
1.34186,3.00533,42.5036,1.51926,-2.901,42.3764,-0.6634,3.55332,30.3563,-0.465301,-3.57621,30.3089
1.33026,3.02296,42.6269,1.50878,-2.91842,42.5018,-0.702249,3.53295,30.297,-0.504624,-3.55661,30.2506
1.32365,3.03766,42.7255,1.5031,-2.93235,42.6017,-0.73258,3.51498,30.2448,-0.535447,-3.53836,30.1994
1.32146,3.04901,42.7993,1.50162,-2.94238,42.6762,-0.756528,3.49793,30.1969,-0.559949,-3.52019,30.1519
1.32462,3.05593,42.8429,1.50521,-2.94737,42.7198,-0.773835,3.48143,30.1523,-0.577905,-3.50168,30.1076
1.33658,3.05438,42.8334,1.5171,-2.94308,42.7095,-0.785865,3.46651,30.116,-0.590691,-3.48376,30.0714
1.34752,3.05682,42.8426,1.52808,-2.94253,42.7178,-0.788099,3.44387,30.0734,-0.594085,-3.45671,30.0283
1.35432,3.07272,42.9442,1.53549,-2.95539,42.8192,-0.788184,3.39029,30.0824,-0.595366,-3.39423,30.0317
1.44156,2.96105,42.3645,1.61976,-2.83766,42.2278,-0.921062,3.11055,30.0031,-0.733203,-3.06978,29.9469
-1.41698,2.83336,38.7284,-1.2348,-2.88947,38.691,1.46879,6.73021,33.56,1.86295,-6.56686,33.478
-1.07461,2.66688,37.4463,-0.897683,-2.71109,37.4026,1.2132,6.92392,33.9174,1.61969,-6.78637,33.8385
-1.33684,2.71352,37.8525,-1.156,-2.77788,37.8103,1.14059,6.94501,33.9149,1.54912,-6.82135,33.8389
-1.41659,2.68553,37.7605,-1.23634,-2.75866,37.7195,1.01477,6.97902,33.9972,1.42542,-6.86996,33.925
-1.48188,2.65426,37.6394,-1.30265,-2.73429,37.5998,0.880207,7.01719,34.0939,1.29288,-6.92162,34.0257
-1.53866,2.62176,37.5139,-1.36082,-2.70755,37.4764,0.753191,7.0548,34.1873,1.16769,-6.97116,34.1232
-1.58454,2.59059,37.3896,-1.40829,-2.6808,37.3546,0.643957,7.08547,34.2602,1.05975,-7.01173,34.2003
-1.62344,2.56929,37.2971,-1.44855,-2.66258,37.2652,0.555741,7.11087,34.3225,0.972245,-7.04467,34.267
-1.65885,2.55184,37.2149,-1.48556,-2.64676,37.1869,0.482637,7.12917,34.3616,0.89908,-7.06806,34.3109
-1.69003,2.5361,37.1319,-1.51896,-2.63062,37.1091,0.416837,7.14577,34.3922,0.832572,-7.08687,34.3469
-1.71684,2.52118,37.0419,-1.54918,-2.61229,37.0265,0.356248,7.16185,34.415,0.770302,-7.10086,34.376
-1.73738,2.50661,36.9349,-1.5753,-2.58952,36.9308,0.304792,7.17939,34.4194,0.715512,-7.10881,34.3886
-1.76543,2.50286,36.8409,-1.61148,-2.57102,36.8542,0.314316,7.19406,34.4183,0.720335,-7.08942,34.3955
-51.9542,21.6686,115.676,-50.6617,-24.3566,115.811,-1.47275,0.126916,2.6773,-1.46077,-0.12645,2.67457
-46.0326,18.6268,111.604,-44.9161,-20.9984,111.75,-0.246247,0.0336219,0.813849,-0.247173,-0.0272592,0.825471
-25.4908,11.1962,81.78,-24.8031,-12.5444,81.8808,-0.0347131,0.00680967,0.532603,-0.0329865,-0.00181082,0.546767
-9.09481,5.75519,55.7005,-8.72929,-6.27961,55.7636,0.0714975,-0.00792428,0.538462,0.0809983,0.0126908,0.564192
1.86428,2.2659,37.3834,2.01551,-2.21089,37.422,0.299426,-0.0364932,0.82475,0.359452,0.0453385,0.920169
8.32825,0.588001,26.4047,8.36622,-0.189003,26.4262,1.9027,-0.242838,2.92956,2.38096,0.256585,3.55689
10.6507,0.727637,21.8549,10.6816,-0.111178,21.8631,16.6072,1.74821,22.3724,16.7481,-2.04585,22.7469
10.4066,0.565795,20.3014,10.4402,-0.0575857,20.2373,4.77643,11.2972,50.536,4.55173,-11.8352,50.9125
7.53924,-0.703931,14.3071,7.49625,1.06097,14.2287,-2.41335,10.8621,57.7959,-1.4529,-10.9927,57.1079
8.08995,0.355761,19.6654,8.13515,0.0587455,19.5128,2.49677,9.61352,51.7768,3.01492,-9.49334,51.7165
5.58764,0.265365,20.2563,5.61628,0.0248342,20.1335,3.05011,9.20716,50.6048,3.50586,-8.96197,50.5425
5.80277,1.53161,26.9171,5.88541,-1.21663,26.8173,3.48615,8.64404,49.03,3.88867,-8.29874,48.959
5.3783,2.40583,32.1528,5.50717,-2.09774,32.035,3.48314,7.90284,46.5655,3.83562,-7.52462,46.491
4.59836,3.03814,36.2568,4.76436,-2.75835,36.1147,3.14445,7.33563,44.3241,3.46493,-6.96748,44.2475
3.95755,3.38303,38.8935,4.14351,-3.13106,38.739,2.93657,6.82512,42.1902,3.23359,-6.47801,42.1122
3.54166,3.50772,40.219,3.73488,-3.27356,40.0603,2.67706,6.42042,40.5235,2.95571,-6.09252,40.4451
3.08863,3.53095,41.1454,3.2843,-3.31834,40.9837,2.339,5.9273,38.553,2.59858,-5.63095,38.4751
2.60404,3.47377,41.7741,2.79851,-3.28779,41.6096,1.91508,5.3766,36.364,2.1582,-5.13526,36.2882
2.29413,3.43051,42.1807,2.48772,-3.262,42.0169,1.52476,5.00217,34.9663,1.75763,-4.80415,34.8928
1.9809,3.33535,42.361,2.17082,-3.18563,42.2003,1.10641,4.57712,33.4493,1.32685,-4.42587,33.3794
1.72323,3.22497,42.39,1.90859,-3.09192,42.2335,0.720207,4.18758,32.1232,0.929566,-4.08216,32.0574
1.54616,3.1218,42.32,1.72705,-3.00136,42.1687,0.289861,3.93211,31.3227,0.493346,-3.87121,31.2611
1.44596,3.0378,42.2055,1.62315,-2.92543,42.0596,-0.0995204,3.7865,30.9257,0.101793,-3.76201,30.8677
1.41001,2.987,42.1224,1.58509,-2.87832,41.9811,-0.332103,3.70198,30.7306,-0.131762,-3.69945,30.6756
1.39116,2.96917,42.1402,1.56575,-2.86244,42.0031,-0.466918,3.64663,30.6044,-0.267263,-3.65649,30.5518
1.37606,2.97129,42.2259,1.55113,-2.86574,42.0926,-0.550395,3.60798,30.5081,-0.351293,-3.62469,30.4576
1.35867,2.98601,42.3592,1.53481,-2.88127,42.2292,-0.612983,3.57793,30.4266,-0.414393,-3.59863,30.3777
1.34186,3.00533,42.5036,1.51926,-2.901,42.3764,-0.6634,3.55332,30.3563,-0.465302,-3.57621,30.3089
1.33026,3.02296,42.6269,1.50878,-2.91842,42.5018,-0.702249,3.53295,30.297,-0.504625,-3.55661,30.2506
1.32365,3.03766,42.7255,1.5031,-2.93235,42.6017,-0.73258,3.51498,30.2448,-0.535447,-3.53836,30.1994
1.32146,3.04901,42.7993,1.50162,-2.94238,42.6762,-0.756528,3.49793,30.1969,-0.559949,-3.52019,30.1519
1.32462,3.05593,42.8429,1.50521,-2.94737,42.7198,-0.773835,3.48143,30.1523,-0.577905,-3.50168,30.1076
1.33658,3.05438,42.8334,1.5171,-2.94308,42.7095,-0.785865,3.46651,30.116,-0.590691,-3.48376,30.0714
1.34752,3.05682,42.8426,1.52808,-2.94253,42.7178,-0.788099,3.44387,30.0734,-0.594085,-3.45671,30.0283
1.35432,3.07272,42.9442,1.53549,-2.95539,42.8192,-0.788184,3.39029,30.0824,-0.595367,-3.39423,30.0317
1.44156,2.96105,42.3645,1.61976,-2.83766,42.2278,-0.921062,3.11055,30.0031,-0.733203,-3.06978,29.9469
-1.41698,2.83336,38.7284,-1.2348,-2.88947,38.691,1.46879,6.73021,33.56,1.86295,-6.56686,33.478
-1.07461,2.66688,37.4463,-0.897683,-2.71109,37.4026,1.2132,6.92392,33.9174,1.61969,-6.78637,33.8385
-1.33684,2.71352,37.8525,-1.156,-2.77788,37.8103,1.14059,6.94501,33.9149,1.54912,-6.82135,33.8389
-1.41659,2.68553,37.7605,-1.23634,-2.75866,37.7195,1.01477,6.97902,33.9972,1.42542,-6.86996,33.925
-1.48188,2.65426,37.6394,-1.30265,-2.73429,37.5998,0.880207,7.01719,34.0939,1.29288,-6.92162,34.0257
-1.53866,2.62176,37.5139,-1.36082,-2.70755,37.4764,0.753191,7.0548,34.1873,1.16769,-6.97116,34.1232
-1.58454,2.59059,37.3896,-1.40829,-2.6808,37.3546,0.643957,7.08547,34.2602,1.05975,-7.01173,34.2003
-1.62344,2.56929,37.2971,-1.44855,-2.66258,37.2652,0.555741,7.11087,34.3225,0.972245,-7.04467,34.267
-1.65885,2.55184,37.2149,-1.48556,-2.64676,37.1869,0.482637,7.12917,34.3616,0.89908,-7.06806,34.3109
-1.69003,2.5361,37.1319,-1.51896,-2.63062,37.1091,0.416837,7.14577,34.3922,0.832572,-7.08687,34.3469
-1.71684,2.52118,37.0419,-1.54918,-2.61229,37.0265,0.356248,7.16185,34.415,0.770302,-7.10086,34.376
-1.73738,2.50661,36.9349,-1.5753,-2.58952,36.9308,0.304792,7.17939,34.4194,0.715511,-7.10881,34.3886
-1.76543,2.50286,36.8409,-1.61148,-2.57102,36.8542,0.314316,7.19406,34.4183,0.720335,-7.08942,34.3955
-51.9542,21.6686,115.676,-50.6617,-24.3566,115.811,-1.47275,0.126916,2.6773,-1.46077,-0.12645,2.67457
-46.0326,18.6268,111.604,-44.9161,-20.9984,111.75,-0.246247,0.0336219,0.813849,-0.247173,-0.0272592,0.825471
-25.4908,11.1962,81.78,-24.8031,-12.5444,81.8808,-0.0347131,0.00680966,0.532604,-0.0329865,-0.00181082,0.546767
-9.09481,5.75519,55.7005,-8.72929,-6.27961,55.7636,0.0714977,-0.0079243,0.538462,0.0809983,0.0126908,0.564192
1.86428,2.2659,37.3834,2.01551,-2.21089,37.422,0.299427,-0.0364932,0.824751,0.359452,0.0453385,0.920169
8.32825,0.588001,26.4047,8.36622,-0.189004,26.4262,1.90271,-0.242839,2.92956,2.38096,0.256585,3.55689
10.6507,0.727637,21.8549,10.6816,-0.111178,21.8631,16.6072,1.74821,22.3724,16.7481,-2.04585,22.7469
10.4066,0.565795,20.3014,10.4402,-0.0575856,20.2373,4.77643,11.2972,50.536,4.55173,-11.8352,50.9125
7.53924,-0.703931,14.3071,7.49625,1.06097,14.2287,-2.41334,10.8621,57.7959,-1.4529,-10.9927,57.1079
8.08995,0.355761,19.6654,8.13515,0.0587455,19.5128,2.49677,9.61352,51.7768,3.01492,-9.49334,51.7165
5.58764,0.265365,20.2563,5.61628,0.0248342,20.1335,3.05011,9.20716,50.6048,3.50586,-8.96197,50.5425
5.80277,1.53161,26.9171,5.88541,-1.21663,26.8173,3.48615,8.64404,49.03,3.88867,-8.29874,48.959
5.3783,2.40583,32.1528,5.50717,-2.09774,32.035,3.48314,7.90284,46.5655,3.83562,-7.52462,46.491
4.59836,3.03814,36.2568,4.76436,-2.75835,36.1147,3.14445,7.33563,44.3241,3.46493,-6.96748,44.2475
3.95755,3.38303,38.8935,4.14351,-3.13106,38.739,2.93657,6.82512,42.1902,3.23359,-6.47801,42.1122
3.54166,3.50772,40.219,3.73488,-3.27356,40.0603,2.67706,6.42042,40.5235,2.95571,-6.09252,40.4451
3.08863,3.53095,41.1454,3.2843,-3.31834,40.9837,2.339,5.9273,38.553,2.59858,-5.63095,38.4751
2.60404,3.47377,41.7741,2.79851,-3.28779,41.6096,1.91508,5.3766,36.364,2.1582,-5.13526,36.2882
2.29413,3.43051,42.1807,2.48772,-3.262,42.0169,1.52476,5.00217,34.9663,1.75763,-4.80415,34.8928
1.9809,3.33535,42.361,2.17082,-3.18563,42.2003,1.10641,4.57712,33.4493,1.32685,-4.42587,33.3794
1.72323,3.22497,42.39,1.90859,-3.09192,42.2335,0.720207,4.18758,32.1232,0.929566,-4.08216,32.0574
1.54616,3.1218,42.32,1.72705,-3.00136,42.1687,0.289861,3.93211,31.3227,0.493346,-3.87121,31.2611
1.44596,3.0378,42.2055,1.62315,-2.92543,42.0596,-0.0995204,3.7865,30.9257,0.101793,-3.76201,30.8677
1.41001,2.987,42.1224,1.58509,-2.87832,41.9811,-0.332103,3.70198,30.7306,-0.131762,-3.69945,30.6756
1.39116,2.96917,42.1402,1.56575,-2.86244,42.0031,-0.466917,3.64663,30.6044,-0.267263,-3.65649,30.5518
1.37606,2.97129,42.2259,1.55113,-2.86574,42.0926,-0.550395,3.60798,30.5081,-0.351293,-3.62469,30.4576
1.35867,2.98601,42.3592,1.53481,-2.88127,42.2292,-0.612983,3.57793,30.4266,-0.414393,-3.59863,30.3777
1.34186,3.00533,42.5036,1.51926,-2.901,42.3764,-0.6634,3.55332,30.3563,-0.465302,-3.57621,30.3089
1.33026,3.02296,42.6269,1.50878,-2.91842,42.5018,-0.702249,3.53295,30.297,-0.504625,-3.55661,30.2506
1.32365,3.03766,42.7255,1.5031,-2.93235,42.6017,-0.73258,3.51498,30.2448,-0.535447,-3.53836,30.1994
1.32146,3.04901,42.7993,1.50162,-2.94238,42.6762,-0.756528,3.49793,30.1969,-0.559949,-3.52019,30.1519
1.32462,3.05593,42.8429,1.50521,-2.94737,42.7198,-0.773835,3.48143,30.1523,-0.577905,-3.50168,30.1076
1.33658,3.05438,42.8334,1.5171,-2.94308,42.7095,-0.785865,3.46651,30.116,-0.590691,-3.48376,30.0714
1.34752,3.05682,42.8426,1.52808,-2.94253,42.7178,-0.788099,3.44387,30.0734,-0.594085,-3.45671,30.0283
1.35432,3.07272,42.9442,1.53549,-2.95539,42.8192,-0.788183,3.39029,30.0824,-0.595367,-3.39423,30.0317
1.44156,2.96105,42.3645,1.61976,-2.83766,42.2278,-0.921062,3.11055,30.0031,-0.733203,-3.06978,29.9469
-1.41698,2.83336,38.7284,-1.2348,-2.88947,38.691,1.46879,6.73021,33.56,1.86295,-6.56686,33.478
-1.07461,2.66688,37.4463,-0.897683,-2.71109,37.4026,1.2132,6.92392,33.9174,1.61969,-6.78637,33.8385
-1.33684,2.71352,37.8525,-1.156,-2.77788,37.8103,1.14059,6.94501,33.9149,1.54912,-6.82135,33.8389
-1.41659,2.68553,37.7605,-1.23634,-2.75866,37.7195,1.01477,6.97902,33.9972,1.42542,-6.86996,33.925
-1.48188,2.65426,37.6394,-1.30265,-2.73429,37.5998,0.880207,7.01719,34.0939,1.29288,-6.92162,34.0257
-1.53866,2.62176,37.5139,-1.36082,-2.70755,37.4764,0.753191,7.0548,34.1873,1.16769,-6.97116,34.1232
-1.58454,2.59059,37.3896,-1.40829,-2.6808,37.3546,0.643957,7.08547,34.2602,1.05975,-7.01173,34.2003
-1.62344,2.56929,37.2971,-1.44855,-2.66258,37.2652,0.555741,7.11087,34.3225,0.972245,-7.04467,34.267
-1.65885,2.55184,37.2149,-1.48556,-2.64676,37.1869,0.482637,7.12917,34.3616,0.89908,-7.06806,34.3109
-1.69003,2.5361,37.1319,-1.51896,-2.63062,37.1091,0.416837,7.14577,34.3922,0.832572,-7.08687,34.3469
-1.71684,2.52118,37.0419,-1.54918,-2.61229,37.0265,0.356248,7.16185,34.415,0.770302,-7.10086,34.376
-1.73738,2.50661,36.9349,-1.5753,-2.58952,36.9308,0.304792,7.17939,34.4194,0.715511,-7.10881,34.3886
-1.76543,2.50286,36.8409,-1.61148,-2.57102,36.8542,0.314316,7.19406,34.4183,0.720335,-7.08942,34.3955
-51.9542,21.6686,115.676,-50.6617,-24.3566,115.811,-1.47275,0.126916,2.6773,-1.46077,-0.12645,2.67457
-46.0326,18.6268,111.604,-44.9161,-20.9984,111.75,-0.246247,0.0336219,0.813849,-0.247173,-0.0272592,0.825471
-25.4908,11.1962,81.78,-24.8031,-12.5444,81.8808,-0.034713,0.00680966,0.532604,-0.0329865,-0.00181082,0.546767
-9.09481,5.75519,55.7005,-8.72929,-6.27961,55.7636,0.0714977,-0.0079243,0.538462,0.0809983,0.0126908,0.564192
1.86428,2.2659,37.3834,2.01551,-2.21089,37.422,0.299428,-0.0364933,0.824752,0.359452,0.0453385,0.920169
8.32825,0.588001,26.4047,8.36622,-0.189004,26.4262,1.90271,-0.242839,2.92957,2.38096,0.256585,3.55689
10.6507,0.727637,21.8549,10.6816,-0.111178,21.8631,16.6072,1.74821,22.3724,16.7481,-2.04585,22.7469
10.4066,0.565794,20.3014,10.4402,-0.0575856,20.2373,4.77642,11.2972,50.536,4.55173,-11.8352,50.9125
7.53924,-0.703931,14.3071,7.49625,1.06097,14.2287,-2.41334,10.8621,57.7959,-1.4529,-10.9927,57.1079
8.08995,0.355761,19.6654,8.13515,0.0587456,19.5128,2.49677,9.61352,51.7768,3.01492,-9.49334,51.7165
5.58764,0.265365,20.2563,5.61628,0.0248342,20.1335,3.05011,9.20716,50.6048,3.50586,-8.96197,50.5425
5.80277,1.53161,26.9171,5.88541,-1.21663,26.8173,3.48615,8.64404,49.03,3.88867,-8.29874,48.959
5.3783,2.40583,32.1528,5.50717,-2.09774,32.035,3.48314,7.90284,46.5655,3.83562,-7.52462,46.491
4.59836,3.03814,36.2568,4.76436,-2.75835,36.1147,3.14445,7.33563,44.3241,3.46493,-6.96748,44.2475
3.95755,3.38303,38.8935,4.14351,-3.13106,38.739,2.93657,6.82512,42.1902,3.23359,-6.47801,42.1122
3.54166,3.50772,40.219,3.73488,-3.27356,40.0603,2.67706,6.42042,40.5235,2.95571,-6.09252,40.4451
3.08863,3.53095,41.1454,3.2843,-3.31834,40.9837,2.339,5.9273,38.553,2.59858,-5.63095,38.4751
2.60404,3.47377,41.7741,2.79851,-3.28779,41.6096,1.91508,5.3766,36.364,2.1582,-5.13526,36.2882
2.29413,3.43051,42.1807,2.48772,-3.262,42.0169,1.52476,5.00217,34.9663,1.75763,-4.80415,34.8928
1.9809,3.33535,42.361,2.17082,-3.18563,42.2003,1.10641,4.57712,33.4493,1.32685,-4.42587,33.3794
1.72323,3.22497,42.39,1.90859,-3.09192,42.2335,0.720207,4.18758,32.1232,0.929566,-4.08216,32.0574
1.54616,3.1218,42.32,1.72705,-3.00136,42.1687,0.289861,3.93211,31.3227,0.493346,-3.87121,31.2611
1.44596,3.0378,42.2055,1.62315,-2.92543,42.0596,-0.0995204,3.7865,30.9257,0.101793,-3.76201,30.8677
1.41001,2.987,42.1224,1.58509,-2.87832,41.9811,-0.332103,3.70198,30.7306,-0.131762,-3.69945,30.6756
1.39116,2.96917,42.1402,1.56575,-2.86244,42.0031,-0.466917,3.64663,30.6044,-0.267263,-3.65649,30.5518
1.37606,2.97129,42.2259,1.55113,-2.86574,42.0926,-0.550395,3.60798,30.5081,-0.351293,-3.62469,30.4576
1.35867,2.98601,42.3592,1.53481,-2.88127,42.2292,-0.612983,3.57793,30.4266,-0.414393,-3.59863,30.3777
1.34186,3.00533,42.5036,1.51926,-2.901,42.3764,-0.6634,3.55332,30.3563,-0.465302,-3.57621,30.3089
1.33026,3.02296,42.6269,1.50878,-2.91842,42.5018,-0.702249,3.53295,30.297,-0.504625,-3.55661,30.2506
1.32365,3.03766,42.7255,1.5031,-2.93235,42.6017,-0.73258,3.51498,30.2448,-0.535447,-3.53836,30.1994
1.32146,3.04901,42.7993,1.50162,-2.94238,42.6762,-0.756528,3.49793,30.1969,-0.559949,-3.52019,30.1519
1.32462,3.05593,42.8429,1.50521,-2.94737,42.7198,-0.773835,3.48143,30.1523,-0.577905,-3.50168,30.1076
1.33658,3.05438,42.8334,1.5171,-2.94308,42.7095,-0.785864,3.46651,30.116,-0.590691,-3.48376,30.0714
1.34752,3.05682,42.8426,1.52808,-2.94253,42.7178,-0.788099,3.44387,30.0734,-0.594085,-3.45671,30.0283
1.35432,3.07272,42.9442,1.53549,-2.95539,42.8192,-0.788183,3.39029,30.0824,-0.595367,-3.39423,30.0317
1.44156,2.96105,42.3645,1.61976,-2.83766,42.2278,-0.921062,3.11055,30.0031,-0.733203,-3.06978,29.9469
-1.41698,2.83336,38.7284,-1.2348,-2.88947,38.691,1.46879,6.73021,33.56,1.86295,-6.56686,33.478
-1.07461,2.66688,37.4463,-0.897683,-2.71109,37.4026,1.2132,6.92392,33.9174,1.61969,-6.78637,33.8385
-1.33684,2.71352,37.8525,-1.156,-2.77788,37.8103,1.14059,6.94501,33.9149,1.54912,-6.82135,33.8389
-1.41659,2.68553,37.7605,-1.23634,-2.75866,37.7195,1.01477,6.97902,33.9972,1.42542,-6.86996,33.925
-1.48188,2.65426,37.6394,-1.30265,-2.73429,37.5998,0.880207,7.01719,34.0939,1.29288,-6.92162,34.0257
-1.53866,2.62176,37.5139,-1.36082,-2.70755,37.4764,0.753191,7.0548,34.1873,1.16769,-6.97116,34.1232
-1.58454,2.59059,37.3896,-1.40829,-2.6808,37.3546,0.643957,7.08547,34.2602,1.05975,-7.01173,34.2003
-1.62344,2.56929,37.2971,-1.44855,-2.66258,37.2652,0.555741,7.11087,34.3225,0.972245,-7.04467,34.267
-1.65885,2.55184,37.2149,-1.48556,-2.64676,37.1869,0.482637,7.12917,34.3616,0.89908,-7.06806,34.3109
-1.69003,2.5361,37.1319,-1.51896,-2.63062,37.1091,0.416837,7.14577,34.3922,0.832572,-7.08687,34.3469
-1.71684,2.52118,37.0419,-1.54918,-2.61229,37.0265,0.356248,7.16185,34.415,0.770302,-7.10086,34.376
-1.73738,2.50661,36.9349,-1.5753,-2.58952,36.9308,0.304792,7.17939,34.4194,0.715511,-7.10881,34.3886
-1.76543,2.50286,36.8409,-1.61148,-2.57102,36.8542,0.314316,7.19406,34.4183,0.720335,-7.08942,34.3955
-51.9542,21.6686,115.676,-50.6617,-24.3566,115.811,-1.47275,0.126916,2.6773,-1.46077,-0.12645,2.67457
-46.0326,18.6268,111.604,-44.9161,-20.9984,111.75,-0.246247,0.0336219,0.813849,-0.247173,-0.0272592,0.825471
-25.4908,11.1962,81.78,-24.8031,-12.5444,81.8808,-0.034713,0.00680966,0.532604,-0.0329865,-0.00181082,0.546767
-9.09481,5.75519,55.7005,-8.72929,-6.27961,55.7636,0.0714977,-0.00792431,0.538463,0.0809983,0.0126908,0.564192
1.86428,2.2659,37.3834,2.01551,-2.21089,37.422,0.299428,-0.0364933,0.824752,0.359452,0.0453385,0.920169
8.32825,0.588001,26.4047,8.36622,-0.189004,26.4262,1.90271,-0.242839,2.92957,2.38096,0.256585,3.55689
10.6507,0.727637,21.8549,10.6816,-0.111178,21.8631,16.6072,1.74821,22.3724,16.7481,-2.04585,22.7469
10.4066,0.565794,20.3014,10.4402,-0.0575856,20.2373,4.77642,11.2972,50.536,4.55173,-11.8352,50.9125
7.53924,-0.703931,14.3071,7.49625,1.06097,14.2287,-2.41334,10.8621,57.7959,-1.4529,-10.9927,57.1079
8.08995,0.355761,19.6654,8.13515,0.0587455,19.5128,2.49676,9.61352,51.7768,3.01492,-9.49334,51.7165
5.58764,0.265365,20.2563,5.61628,0.0248342,20.1335,3.05011,9.20716,50.6048,3.50586,-8.96197,50.5425
5.80277,1.53161,26.9171,5.88541,-1.21663,26.8173,3.48615,8.64404,49.03,3.88867,-8.29874,48.959
5.3783,2.40583,32.1528,5.50717,-2.09774,32.035,3.48314,7.90284,46.5655,3.83562,-7.52462,46.491
4.59836,3.03814,36.2568,4.76436,-2.75835,36.1147,3.14445,7.33563,44.3241,3.46493,-6.96748,44.2475
3.95755,3.38303,38.8935,4.14351,-3.13106,38.739,2.93657,6.82512,42.1902,3.23359,-6.47801,42.1122
3.54166,3.50772,40.219,3.73488,-3.27356,40.0603,2.67706,6.42042,40.5235,2.95571,-6.09252,40.4451
3.08863,3.53095,41.1454,3.2843,-3.31834,40.9837,2.339,5.9273,38.553,2.59858,-5.63095,38.4751
2.60404,3.47377,41.7741,2.79851,-3.28779,41.6096,1.91508,5.3766,36.364,2.1582,-5.13526,36.2882
2.29413,3.43051,42.1807,2.48772,-3.262,42.0169,1.52476,5.00217,34.9663,1.75763,-4.80415,34.8928
1.9809,3.33535,42.361,2.17082,-3.18563,42.2003,1.10641,4.57712,33.4493,1.32685,-4.42587,33.3794
1.72323,3.22497,42.39,1.90859,-3.09192,42.2335,0.720207,4.18758,32.1232,0.929566,-4.08216,32.0574
1.54616,3.1218,42.32,1.72705,-3.00136,42.1687,0.289861,3.93211,31.3227,0.493346,-3.87121,31.2611
1.44596,3.0378,42.2055,1.62315,-2.92543,42.0596,-0.0995203,3.7865,30.9257,0.101793,-3.76201,30.8677
1.41001,2.987,42.1224,1.58509,-2.87832,41.9811,-0.332103,3.70198,30.7306,-0.131762,-3.69945,30.6756
1.39116,2.96917,42.1402,1.56575,-2.86244,42.0031,-0.466917,3.64663,30.6044,-0.267263,-3.65649,30.5518
1.37606,2.97129,42.2259,1.55113,-2.86574,42.0926,-0.550395,3.60798,30.5081,-0.351293,-3.62469,30.4576
1.35867,2.98601,42.3592,1.53481,-2.88127,42.2292,-0.612983,3.57793,30.4266,-0.414393,-3.59863,30.3777
1.34186,3.00533,42.5036,1.51926,-2.901,42.3764,-0.6634,3.55332,30.3563,-0.465302,-3.57621,30.3089
1.33026,3.02296,42.6269,1.50878,-2.91842,42.5018,-0.702249,3.53295,30.297,-0.504625,-3.55661,30.2506
1.32365,3.03766,42.7255,1.5031,-2.93235,42.6017,-0.73258,3.51498,30.2448,-0.535447,-3.53836,30.1994
1.32146,3.04901,42.7993,1.50162,-2.94238,42.6762,-0.756528,3.49793,30.1969,-0.559949,-3.52019,30.1519
1.32462,3.05593,42.8429,1.50521,-2.94737,42.7198,-0.773835,3.48143,30.1523,-0.577905,-3.50168,30.1076
1.33658,3.05438,42.8334,1.5171,-2.94308,42.7095,-0.785864,3.46651,30.116,-0.590691,-3.48376,30.0714
1.34752,3.05682,42.8426,1.52808,-2.94253,42.7178,-0.788099,3.44387,30.0734,-0.594085,-3.45671,30.0283
1.35432,3.07272,42.9442,1.53549,-2.95539,42.8192,-0.788183,3.39029,30.0824,-0.595367,-3.39423,30.0317
1.44156,2.96105,42.3645,1.61976,-2.83766,42.2278,-0.921062,3.11055,30.0031,-0.733203,-3.06978,29.9469
-1.41698,2.83336,38.7284,-1.2348,-2.88947,38.691,1.46879,6.73021,33.56,1.86295,-6.56686,33.478
-1.07461,2.66688,37.4463,-0.897683,-2.71109,37.4026,1.2132,6.92392,33.9174,1.61969,-6.78637,33.8385
-1.33684,2.71352,37.8525,-1.156,-2.77788,37.8103,1.14059,6.94501,33.9149,1.54912,-6.82135,33.8389
-1.41659,2.68553,37.7605,-1.23634,-2.75866,37.7195,1.01477,6.97902,33.9972,1.42542,-6.86996,33.925
-1.48188,2.65426,37.6394,-1.30265,-2.73429,37.5998,0.880207,7.01719,34.0939,1.29288,-6.92162,34.0257
-1.53866,2.62176,37.5139,-1.36082,-2.70755,37.4764,0.753191,7.0548,34.1873,1.16769,-6.97116,34.1232
-1.58454,2.59059,37.3896,-1.40829,-2.6808,37.3546,0.643957,7.08547,34.2602,1.05975,-7.01173,34.2003
-1.62344,2.56929,37.2971,-1.44855,-2.66258,37.2652,0.555741,7.11087,34.3225,0.972245,-7.04467,34.267
-1.65885,2.55184,37.2149,-1.48556,-2.64676,37.1869,0.482637,7.12917,34.3616,0.89908,-7.06806,34.3109
-1.69003,2.5361,37.1319,-1.51896,-2.63062,37.1091,0.416837,7.14577,34.3922,0.832572,-7.08687,34.3469
-1.71684,2.52118,37.0419,-1.54918,-2.61229,37.0265,0.356248,7.16185,34.415,0.770302,-7.10086,34.376
-1.73738,2.50661,36.9349,-1.5753,-2.58952,36.9308,0.304792,7.17939,34.4194,0.715511,-7.10881,34.3886
-1.76543,2.50286,36.8409,-1.61148,-2.57102,36.8542,0.314316,7.19406,34.4183,0.720335,-7.08942,34.3955
-51.9542,21.6686,115.676,-50.6617,-24.3566,115.811,-1.47275,0.126916,2.6773,-1.46077,-0.12645,2.67457
-46.0326,18.6268,111.604,-44.9161,-20.9984,111.75,-0.246247,0.0336219,0.813849,-0.247173,-0.0272592,0.825471
-25.4908,11.1962,81.78,-24.8031,-12.5444,81.8808,-0.034713,0.00680966,0.532604,-0.0329865,-0.00181082,0.546767
-9.09481,5.75519,55.7005,-8.72929,-6.27961,55.7636,0.0714978,-0.00792431,0.538463,0.0809983,0.0126908,0.564192
1.86428,2.2659,37.3834,2.01551,-2.21089,37.422,0.299428,-0.0364933,0.824752,0.359452,0.0453385,0.920169
8.32825,0.588002,26.4047,8.36622,-0.189004,26.4262,1.90271,-0.242839,2.92957,2.38096,0.256585,3.55689
10.6507,0.727637,21.8549,10.6816,-0.111178,21.8631,16.6072,1.74821,22.3724,16.7481,-2.04585,22.7469
10.4066,0.565794,20.3014,10.4402,-0.0575855,20.2373,4.77642,11.2972,50.536,4.55173,-11.8352,50.9125
7.53924,-0.703931,14.3071,7.49625,1.06097,14.2287,-2.41334,10.8621,57.7959,-1.4529,-10.9927,57.1079
8.08995,0.355761,19.6654,8.13515,0.0587456,19.5128,2.49677,9.61352,51.7768,3.01492,-9.49334,51.7165
5.58764,0.265365,20.2563,5.61628,0.0248342,20.1335,3.05011,9.20716,50.6048,3.50586,-8.96197,50.5425
5.80277,1.53161,26.9171,5.88541,-1.21663,26.8173,3.48615,8.64404,49.03,3.88867,-8.29874,48.959
5.3783,2.40583,32.1528,5.50717,-2.09774,32.035,3.48314,7.90284,46.5655,3.83562,-7.52462,46.491
4.59836,3.03814,36.2568,4.76436,-2.75835,36.1147,3.14445,7.33563,44.3241,3.46493,-6.96748,44.2475
3.95755,3.38303,38.8935,4.14351,-3.13106,38.739,2.93657,6.82512,42.1902,3.23359,-6.47801,42.1122
3.54166,3.50772,40.219,3.73488,-3.27356,40.0603,2.67706,6.42042,40.5235,2.95571,-6.09252,40.4451
3.08863,3.53095,41.1454,3.2843,-3.31834,40.9837,2.339,5.9273,38.553,2.59858,-5.63095,38.4751
2.60404,3.47377,41.7741,2.79851,-3.28779,41.6096,1.91508,5.3766,36.364,2.1582,-5.13526,36.2882
2.29413,3.43051,42.1807,2.48772,-3.262,42.0169,1.52476,5.00217,34.9663,1.75763,-4.80415,34.8928
1.9809,3.33535,42.361,2.17082,-3.18563,42.2003,1.10641,4.57712,33.4493,1.32685,-4.42587,33.3794
1.72323,3.22497,42.39,1.90859,-3.09192,42.2335,0.720207,4.18758,32.1232,0.929566,-4.08216,32.0574
1.54616,3.1218,42.32,1.72705,-3.00136,42.1687,0.289861,3.93211,31.3227,0.493346,-3.87121,31.2611
1.44596,3.0378,42.2055,1.62315,-2.92543,42.0596,-0.0995203,3.7865,30.9257,0.101793,-3.76201,30.8677
1.41001,2.987,42.1224,1.58509,-2.87832,41.9811,-0.332103,3.70198,30.7306,-0.131762,-3.69945,30.6756
1.39116,2.96917,42.1402,1.56575,-2.86244,42.0031,-0.466917,3.64663,30.6044,-0.267263,-3.65649,30.5518
1.37606,2.97129,42.2259,1.55113,-2.86574,42.0926,-0.550395,3.60798,30.5081,-0.351293,-3.62469,30.4576
1.35867,2.98601,42.3592,1.53481,-2.88127,42.2292,-0.612983,3.57793,30.4266,-0.414393,-3.59863,30.3777
1.34186,3.00533,42.5036,1.51926,-2.901,42.3764,-0.6634,3.55332,30.3563,-0.465302,-3.57621,30.3089
1.33026,3.02296,42.6269,1.50878,-2.91842,42.5018,-0.702249,3.53295,30.297,-0.504625,-3.55661,30.2506
1.32365,3.03766,42.7255,1.5031,-2.93235,42.6017,-0.73258,3.51498,30.2448,-0.535447,-3.53836,30.1994
1.32146,3.04901,42.7993,1.50162,-2.94238,42.6762,-0.756528,3.49793,30.1969,-0.559949,-3.52019,30.1519
1.32462,3.05593,42.8429,1.50521,-2.94737,42.7198,-0.773835,3.48143,30.1523,-0.577905,-3.50168,30.1076
1.33658,3.05438,42.8334,1.5171,-2.94308,42.7095,-0.785864,3.46651,30.116,-0.590691,-3.48376,30.0714
1.34752,3.05682,42.8426,1.52808,-2.94253,42.7178,-0.788099,3.44387,30.0734,-0.594085,-3.45671,30.0283
1.35432,3.07272,42.9442,1.53549,-2.95539,42.8192,-0.788183,3.39029,30.0824,-0.595367,-3.39423,30.0317
1.44156,2.96105,42.3645,1.61976,-2.83766,42.2278,-0.921062,3.11055,30.0031,-0.733203,-3.06978,29.9469
-1.41698,2.83336,38.7284,-1.2348,-2.88947,38.691,1.46879,6.73021,33.56,1.86295,-6.56686,33.478
-1.07461,2.66688,37.4463,-0.897683,-2.71109,37.4026,1.2132,6.92392,33.9174,1.61969,-6.78637,33.8385
-1.33684,2.71352,37.8525,-1.156,-2.77788,37.8103,1.14059,6.94501,33.9149,1.54912,-6.82135,33.8389
-1.41659,2.68553,37.7605,-1.23634,-2.75866,37.7195,1.01477,6.97902,33.9972,1.42542,-6.86996,33.925
-1.48188,2.65426,37.6394,-1.30265,-2.73429,37.5998,0.880207,7.01719,34.0939,1.29288,-6.92162,34.0257
-1.53866,2.62176,37.5139,-1.36082,-2.70755,37.4764,0.753191,7.0548,34.1873,1.16769,-6.97116,34.1232
-1.58454,2.59059,37.3896,-1.40829,-2.6808,37.3546,0.643957,7.08547,34.2602,1.05975,-7.01173,34.2003
-1.62344,2.56929,37.2971,-1.44855,-2.66258,37.2652,0.555741,7.11087,34.3225,0.972245,-7.04467,34.267
-1.65885,2.55184,37.2149,-1.48556,-2.64676,37.1869,0.482637,7.12917,34.3616,0.89908,-7.06806,34.3109
-1.69003,2.5361,37.1319,-1.51896,-2.63062,37.1091,0.416837,7.14577,34.3922,0.832572,-7.08687,34.3469
-1.71684,2.52118,37.0419,-1.54918,-2.61229,37.0265,0.356248,7.16185,34.415,0.770302,-7.10086,34.376
-1.73738,2.50661,36.9349,-1.5753,-2.58952,36.9308,0.304792,7.17939,34.4194,0.715511,-7.10881,34.3886
-1.76543,2.50286,36.8409,-1.61148,-2.57102,36.8542,0.314316,7.19406,34.4183,0.720335,-7.08942,34.3955
-51.9542,21.6686,115.676,-50.6617,-24.3566,115.811,-1.47275,0.126916,2.6773,-1.46077,-0.12645,2.67457
-46.0326,18.6268,111.604,-44.9161,-20.9984,111.75,-0.246247,0.0336219,0.813849,-0.247173,-0.0272592,0.825471
-25.4908,11.1962,81.78,-24.8031,-12.5444,81.8808,-0.034713,0.00680966,0.532604,-0.0329865,-0.00181082,0.546767
-9.09481,5.75519,55.7005,-8.72929,-6.27961,55.7636,0.0714978,-0.00792431,0.538463,0.0809983,0.0126908,0.564192
1.86428,2.2659,37.3834,2.01551,-2.21089,37.422,0.299428,-0.0364933,0.824752,0.359452,0.0453385,0.920169
8.32825,0.588002,26.4047,8.36622,-0.189004,26.4262,1.90271,-0.242839,2.92957,2.38096,0.256585,3.55689
10.6507,0.727637,21.8549,10.6816,-0.111178,21.8631,16.6072,1.74821,22.3724,16.7481,-2.04585,22.7469
10.4066,0.565794,20.3014,10.4402,-0.0575855,20.2373,4.77642,11.2972,50.536,4.55173,-11.8352,50.9125
7.53924,-0.703931,14.3071,7.49625,1.06097,14.2287,-2.41334,10.8621,57.7959,-1.4529,-10.9927,57.1079
8.08995,0.355761,19.6654,8.13515,0.0587456,19.5128,2.49677,9.61352,51.7768,3.01492,-9.49334,51.7165
5.58764,0.265365,20.2563,5.61628,0.0248342,20.1335,3.05011,9.20716,50.6048,3.50586,-8.96197,50.5425
5.80277,1.53161,26.9171,5.88541,-1.21663,26.8173,3.48615,8.64404,49.03,3.88867,-8.29874,48.959
5.3783,2.40583,32.1528,5.50717,-2.09774,32.035,3.48314,7.90284,46.5655,3.83562,-7.52462,46.491
4.59836,3.03814,36.2568,4.76436,-2.75835,36.1147,3.14445,7.33563,44.3241,3.46493,-6.96748,44.2475
3.95755,3.38303,38.8935,4.14351,-3.13106,38.739,2.93657,6.82512,42.1902,3.23359,-6.47801,42.1122
3.54166,3.50772,40.219,3.73488,-3.27356,40.0603,2.67706,6.42042,40.5235,2.95571,-6.09252,40.4451
3.08863,3.53095,41.1454,3.2843,-3.31834,40.9837,2.339,5.9273,38.553,2.59858,-5.63095,38.4751
2.60404,3.47377,41.7741,2.79851,-3.28779,41.6096,1.91508,5.3766,36.364,2.1582,-5.13526,36.2882
2.29413,3.43051,42.1807,2.48772,-3.262,42.0169,1.52476,5.00217,34.9663,1.75763,-4.80415,34.8928
1.9809,3.33535,42.361,2.17082,-3.18563,42.2003,1.10641,4.57712,33.4493,1.32685,-4.42587,33.3794
1.72323,3.22497,42.39,1.90859,-3.09192,42.2335,0.720207,4.18758,32.1232,0.929566,-4.08216,32.0574
1.54616,3.1218,42.32,1.72705,-3.00136,42.1687,0.289861,3.93211,31.3227,0.493346,-3.87121,31.2611
1.44596,3.0378,42.2055,1.62315,-2.92543,42.0596,-0.0995203,3.7865,30.9257,0.101793,-3.76201,30.8677
1.41001,2.987,42.1224,1.58509,-2.87832,41.9811,-0.332103,3.70198,30.7306,-0.131762,-3.69945,30.6756
1.39116,2.96917,42.1402,1.56575,-2.86244,42.0031,-0.466917,3.64663,30.6044,-0.267263,-3.65649,30.5518
1.37606,2.97129,42.2259,1.55113,-2.86574,42.0926,-0.550395,3.60798,30.5081,-0.351293,-3.62469,30.4576
1.35867,2.98601,42.3592,1.53481,-2.88127,42.2292,-0.612983,3.57793,30.4266,-0.414393,-3.59863,30.3777
1.34186,3.00533,42.5036,1.51926,-2.901,42.3764,-0.6634,3.55332,30.3563,-0.465302,-3.57621,30.3089
1.33026,3.02296,42.6269,1.50878,-2.91842,42.5018,-0.702249,3.53295,30.297,-0.504625,-3.55661,30.2506
1.32365,3.03766,42.7255,1.5031,-2.93235,42.6017,-0.73258,3.51498,30.2448,-0.535447,-3.53836,30.1994
1.32146,3.04901,42.7993,1.50162,-2.94238,42.6762,-0.756528,3.49793,30.1969,-0.559949,-3.52019,30.1519
1.32462,3.05593,42.8429,1.50521,-2.94737,42.7198,-0.773835,3.48143,30.1523,-0.577905,-3.50168,30.1076
1.33658,3.05438,42.8334,1.5171,-2.94308,42.7095,-0.785864,3.46651,30.116,-0.590691,-3.48376,30.0714
1.34752,3.05682,42.8426,1.52808,-2.94253,42.7178,-0.788099,3.44387,30.0734,-0.594085,-3.45671,30.0283
1.35432,3.07272,42.9442,1.53549,-2.95539,42.8192,-0.788183,3.39029,30.0824,-0.595367,-3.39423,30.0317
1.44156,2.96105,42.3645,1.61976,-2.83766,42.2278,-0.921062,3.11055,30.0031,-0.733203,-3.06978,29.9469
-1.41698,2.83336,38.7284,-1.2348,-2.88947,38.691,1.46879,6.73021,33.56,1.86295,-6.56686,33.478
-1.07461,2.66688,37.4463,-0.897683,-2.71109,37.4026,1.2132,6.92392,33.9174,1.61969,-6.78637,33.8385
-1.33684,2.71352,37.8525,-1.156,-2.77788,37.8103,1.14059,6.94501,33.9149,1.54912,-6.82135,33.8389
-1.41659,2.68553,37.7605,-1.23634,-2.75866,37.7195,1.01477,6.97902,33.9972,1.42542,-6.86996,33.925
-1.48188,2.65426,37.6394,-1.30265,-2.73429,37.5998,0.880207,7.01719,34.0939,1.29288,-6.92162,34.0257
-1.53866,2.62176,37.5139,-1.36082,-2.70755,37.4764,0.753191,7.0548,34.1873,1.16769,-6.97116,34.1232
-1.58454,2.59059,37.3896,-1.40829,-2.6808,37.3546,0.643957,7.08547,34.2602,1.05975,-7.01173,34.2003
-1.62344,2.56929,37.2971,-1.44855,-2.66258,37.2652,0.555741,7.11087,34.3225,0.972245,-7.04467,34.267
-1.65885,2.55184,37.2149,-1.48556,-2.64676,37.1869,0.482637,7.12917,34.3616,0.89908,-7.06806,34.3109
-1.69003,2.5361,37.1319,-1.51896,-2.63062,37.1091,0.416837,7.14577,34.3922,0.832572,-7.08687,34.3469
-1.71684,2.52118,37.0419,-1.54918,-2.61229,37.0265,0.356248,7.16185,34.415,0.770302,-7.10086,34.376
-1.73738,2.50661,36.9349,-1.5753,-2.58952,36.9308,0.304792,7.17939,34.4194,0.715511,-7.10881,34.3886
-1.76543,2.50286,36.8409,-1.61148,-2.57102,36.8542,0.314316,7.19406,34.4183,0.720335,-7.08942,34.3955
-51.9542,21.6686,115.676,-50.6617,-24.3566,115.811,-1.47275,0.126916,2.6773,-1.46077,-0.12645,2.67457
-46.0326,18.6268,111.604,-44.9161,-20.9984,111.75,-0.246247,0.0336219,0.813849,-0.247173,-0.0272592,0.825471
-25.4908,11.1962,81.78,-24.8031,-12.5444,81.8808,-0.034713,0.00680966,0.532604,-0.0329865,-0.00181082,0.546767
-9.09481,5.75519,55.7005,-8.72929,-6.27961,55.7636,0.0714978,-0.00792431,0.538463,0.0809983,0.0126908,0.564192
1.86428,2.2659,37.3834,2.01551,-2.21089,37.422,0.299428,-0.0364933,0.824752,0.359452,0.0453385,0.920169
8.32825,0.588002,26.4047,8.36622,-0.189004,26.4262,1.90271,-0.242839,2.92957,2.38096,0.256585,3.55689
10.6507,0.727637,21.8549,10.6816,-0.111178,21.8631,16.6072,1.74821,22.3724,16.7481,-2.04585,22.7469
10.4066,0.565794,20.3014,10.4402,-0.0575855,20.2373,4.77642,11.2972,50.536,4.55173,-11.8352,50.9125
7.53924,-0.703931,14.3071,7.49625,1.06097,14.2287,-2.41334,10.8621,57.7959,-1.4529,-10.9927,57.1079
8.08995,0.355761,19.6654,8.13515,0.0587456,19.5128,2.49677,9.61352,51.7768,3.01492,-9.49334,51.7165
5.58764,0.265365,20.2563,5.61628,0.0248342,20.1335,3.05011,9.20716,50.6048,3.50586,-8.96197,50.5425
5.80277,1.53161,26.9171,5.88541,-1.21663,26.8173,3.48615,8.64404,49.03,3.88867,-8.29874,48.959
5.3783,2.40583,32.1528,5.50717,-2.09774,32.035,3.48314,7.90284,46.5655,3.83562,-7.52462,46.491
4.59836,3.03814,36.2568,4.76436,-2.75835,36.1147,3.14445,7.33563,44.3241,3.46493,-6.96748,44.2475
3.95755,3.38303,38.8935,4.14351,-3.13106,38.739,2.93657,6.82512,42.1902,3.23359,-6.47801,42.1122
3.54166,3.50772,40.219,3.73488,-3.27356,40.0603,2.67706,6.42042,40.5235,2.95571,-6.09252,40.4451
3.08863,3.53095,41.1454,3.2843,-3.31834,40.9837,2.339,5.9273,38.553,2.59858,-5.63095,38.4751
2.60404,3.47377,41.7741,2.79851,-3.28779,41.6096,1.91508,5.3766,36.364,2.1582,-5.13526,36.2882
2.29413,3.43051,42.1807,2.48772,-3.262,42.0169,1.52476,5.00217,34.9663,1.75763,-4.80415,34.8928
1.9809,3.33535,42.361,2.17082,-3.18563,42.2003,1.10641,4.57712,33.4493,1.32685,-4.42587,33.3794
1.72323,3.22497,42.39,1.90859,-3.09192,42.2335,0.720207,4.18758,32.1232,0.929566,-4.08216,32.0574
1.54616,3.1218,42.32,1.72705,-3.00136,42.1687,0.289861,3.93211,31.3227,0.493346,-3.87121,31.2611
1.44596,3.0378,42.2055,1.62315,-2.92543,42.0596,-0.0995203,3.7865,30.9257,0.101793,-3.76201,30.8677
1.41001,2.987,42.1224,1.58509,-2.87832,41.9811,-0.332103,3.70198,30.7306,-0.131762,-3.69945,30.6756
1.39116,2.96917,42.1402,1.56575,-2.86244,42.0031,-0.466917,3.64663,30.6044,-0.267263,-3.65649,30.5518
1.37606,2.97129,42.2259,1.55113,-2.86574,42.0926,-0.550395,3.60798,30.5081,-0.351293,-3.62469,30.4576
1.35867,2.98601,42.3592,1.53481,-2.88127,42.2292,-0.612983,3.57793,30.4266,-0.414393,-3.59863,30.3777
1.34186,3.00533,42.5036,1.51926,-2.901,42.3764,-0.6634,3.55332,30.3563,-0.465302,-3.57621,30.3089
1.33026,3.02296,42.6269,1.50878,-2.91842,42.5018,-0.702249,3.53295,30.297,-0.504625,-3.55661,30.2506
1.32365,3.03766,42.7255,1.5031,-2.93235,42.6017,-0.73258,3.51498,30.2448,-0.535447,-3.53836,30.1994
1.32146,3.04901,42.7993,1.50162,-2.94238,42.6762,-0.756528,3.49793,30.1969,-0.559949,-3.52019,30.1519
1.32462,3.05593,42.8429,1.50521,-2.94737,42.7198,-0.773835,3.48143,30.1523,-0.577905,-3.50168,30.1076
1.33658,3.05438,42.8334,1.5171,-2.94308,42.7095,-0.785864,3.46651,30.116,-0.590691,-3.48376,30.0714
1.34752,3.05682,42.8426,1.52808,-2.94253,42.7178,-0.788099,3.44387,30.0734,-0.594085,-3.45671,30.0283
1.35432,3.07272,42.9442,1.53549,-2.95539,42.8192,-0.788183,3.39029,30.0824,-0.595367,-3.39423,30.0317
1.44156,2.96105,42.3645,1.61976,-2.83766,42.2278,-0.921062,3.11055,30.0031,-0.733203,-3.06978,29.9469
-1.41698,2.83336,38.7284,-1.2348,-2.88947,38.691,1.46879,6.73021,33.56,1.86295,-6.56686,33.478
-1.07461,2.66688,37.4463,-0.897683,-2.71109,37.4026,1.2132,6.92392,33.9174,1.61969,-6.78637,33.8385
-1.33684,2.71352,37.8525,-1.156,-2.77788,37.8103,1.14059,6.94501,33.9149,1.54912,-6.82135,33.8389
-1.41659,2.68553,37.7605,-1.23634,-2.75866,37.7195,1.01477,6.97902,33.9972,1.42542,-6.86996,33.925
-1.48188,2.65426,37.6394,-1.30265,-2.73429,37.5998,0.880207,7.01719,34.0939,1.29288,-6.92162,34.0257
-1.53866,2.62176,37.5139,-1.36082,-2.70755,37.4764,0.753191,7.0548,34.1873,1.16769,-6.97116,34.1232
-1.58454,2.59059,37.3896,-1.40829,-2.6808,37.3546,0.643957,7.08547,34.2602,1.05975,-7.01173,34.2003
-1.62344,2.56929,37.2971,-1.44855,-2.66258,37.2652,0.555741,7.11087,34.3225,0.972245,-7.04467,34.267
-1.65885,2.55184,37.2149,-1.48556,-2.64676,37.1869,0.482637,7.12917,34.3616,0.89908,-7.06806,34.3109
-1.69003,2.5361,37.1319,-1.51896,-2.63062,37.1091,0.416837,7.14577,34.3922,0.832572,-7.08687,34.3469
-1.71684,2.52118,37.0419,-1.54918,-2.61229,37.0265,0.356248,7.16185,34.415,0.770302,-7.10086,34.376
-1.73738,2.50661,36.9349,-1.5753,-2.58952,36.9308,0.304792,7.17939,34.4194,0.715511,-7.10881,34.3886
-1.76543,2.50286,36.8409,-1.61148,-2.57102,36.8542,0.314316,7.19406,34.4183,0.720335,-7.08942,34.3955
-51.9542,21.6686,115.676,-50.6617,-24.3566,115.811,-1.47275,0.126916,2.6773,-1.46077,-0.12645,2.67457
-46.0326,18.6268,111.604,-44.9161,-20.9984,111.75,-0.246247,0.0336219,0.813849,-0.247173,-0.0272592,0.825471
-25.4908,11.1962,81.78,-24.8031,-12.5444,81.8808,-0.034713,0.00680966,0.532604,-0.0329865,-0.00181082,0.546767
-9.09481,5.75519,55.7005,-8.72929,-6.27961,55.7636,0.0714978,-0.00792431,0.538463,0.0809983,0.0126908,0.564192
1.86428,2.2659,37.3834,2.01551,-2.21089,37.422,0.299428,-0.0364933,0.824752,0.359452,0.0453385,0.920169
8.32825,0.588002,26.4047,8.36622,-0.189004,26.4262,1.90271,-0.242839,2.92957,2.38096,0.256585,3.55689
10.6507,0.727637,21.8549,10.6816,-0.111178,21.8631,16.6072,1.74821,22.3724,16.7481,-2.04585,22.7469
10.4066,0.565794,20.3014,10.4402,-0.0575855,20.2373,4.77642,11.2972,50.536,4.55173,-11.8352,50.9125
7.53924,-0.703931,14.3071,7.49625,1.06097,14.2287,-2.41334,10.8621,57.7959,-1.4529,-10.9927,57.1079
8.08995,0.355761,19.6654,8.13515,0.0587456,19.5128,2.49677,9.61352,51.7768,3.01492,-9.49334,51.7165
5.58764,0.265365,20.2563,5.61628,0.0248342,20.1335,3.05011,9.20716,50.6048,3.50586,-8.96197,50.5425
5.80277,1.53161,26.9171,5.88541,-1.21663,26.8173,3.48615,8.64404,49.03,3.88867,-8.29874,48.959
5.3783,2.40583,32.1528,5.50717,-2.09774,32.035,3.48314,7.90284,46.5655,3.83562,-7.52462,46.491
4.59836,3.03814,36.2568,4.76436,-2.75835,36.1147,3.14445,7.33563,44.3241,3.46493,-6.96748,44.2475
3.95755,3.38303,38.8935,4.14351,-3.13106,38.739,2.93657,6.82512,42.1902,3.23359,-6.47801,42.1122
3.54166,3.50772,40.219,3.73488,-3.27356,40.0603,2.67706,6.42042,40.5235,2.95571,-6.09252,40.4451
3.08863,3.53095,41.1454,3.2843,-3.31834,40.9837,2.339,5.9273,38.553,2.59858,-5.63095,38.4751
2.60404,3.47377,41.7741,2.79851,-3.28779,41.6096,1.91508,5.3766,36.364,2.1582,-5.13526,36.2882
2.29413,3.43051,42.1807,2.48772,-3.262,42.0169,1.52476,5.00217,34.9663,1.75763,-4.80415,34.8928
1.9809,3.33535,42.361,2.17082,-3.18563,42.2003,1.10641,4.57712,33.4493,1.32685,-4.42587,33.3794
1.72323,3.22497,42.39,1.90859,-3.09192,42.2335,0.720207,4.18758,32.1232,0.929566,-4.08216,32.0574
1.54616,3.1218,42.32,1.72705,-3.00136,42.1687,0.289861,3.93211,31.3227,0.493346,-3.87121,31.2611
1.44596,3.0378,42.2055,1.62315,-2.92543,42.0596,-0.0995203,3.7865,30.9257,0.101793,-3.76201,30.8677
1.41001,2.987,42.1224,1.58509,-2.87832,41.9811,-0.332103,3.70198,30.7306,-0.131762,-3.69945,30.6756
1.39116,2.96917,42.1402,1.56575,-2.86244,42.0031,-0.466917,3.64663,30.6044,-0.267263,-3.65649,30.5518
1.37606,2.97129,42.2259,1.55113,-2.86574,42.0926,-0.550395,3.60798,30.5081,-0.351293,-3.62469,30.4576
1.35867,2.98601,42.3592,1.53481,-2.88127,42.2292,-0.612983,3.57793,30.4266,-0.414393,-3.59863,30.3777
1.34186,3.00533,42.5036,1.51926,-2.901,42.3764,-0.6634,3.55332,30.3563,-0.465302,-3.57621,30.3089
1.33026,3.02296,42.6269,1.50878,-2.91842,42.5018,-0.702249,3.53295,30.297,-0.504625,-3.55661,30.2506
1.32365,3.03766,42.7255,1.5031,-2.93235,42.6017,-0.73258,3.51498,30.2448,-0.535447,-3.53836,30.1994
1.32146,3.04901,42.7993,1.50162,-2.94238,42.6762,-0.756528,3.49793,30.1969,-0.559949,-3.52019,30.1519
1.32462,3.05593,42.8429,1.50521,-2.94737,42.7198,-0.773835,3.48143,30.1523,-0.577905,-3.50168,30.1076
1.33658,3.05438,42.8334,1.5171,-2.94308,42.7095,-0.785864,3.46651,30.116,-0.590691,-3.48376,30.0714
1.34752,3.05682,42.8426,1.52808,-2.94253,42.7178,-0.788098,3.44387,30.0734,-0.594085,-3.45671,30.0283
1.35432,3.07272,42.9442,1.53549,-2.95539,42.8192,-0.788183,3.39029,30.0824,-0.595367,-3.39423,30.0317
1.44156,2.96105,42.3645,1.61976,-2.83766,42.2278,-0.921062,3.11055,30.0031,-0.733203,-3.06978,29.9469
