1.40189,5.10015,31.0472,4.98927,3.63198,69.0242,8.54219,4.09043,108.23,-1.26003,-0.385863,2.54336
0.472545,4.30672,30.8831,4.06042,2.18223,70.7571,9.45179,6.58781,109.891,-0.607522,-0.184395,1.46571
-0.213635,3.98414,29.287,3.96412,2.00755,70.8293,9.42772,6.43023,110.914,-0.35781,-0.10669,1.07342
-2.97994,2.01592,21.8017,3.02768,-0.544871,75.9831,9.16662,7.31149,112.086,-0.243669,-0.0707612,0.844427
-3.4572,1.79181,20.6635,2.88058,-0.71647,76.6897,9.24841,7.26152,113.147,-0.172005,-0.0477166,0.711485
-6.22422,-0.705604,12.1263,2.93131,-2.87125,84.8231,8.62184,6.62783,116.462,-0.136229,-0.0371838,0.633169
-6.71057,-0.683848,12.2287,2.72348,-2.93216,86.3148,8.75893,6.68811,117.55,-0.108923,-0.0286352,0.573773
-9.92424,-2.18947,14.1806,3.41669,-3.90559,96.5076,7.3967,5.62977,123.231,-0.0988971,-0.0257755,0.556147
-11.9403,-2.69742,16.8538,3.13153,-3.75064,98.5243,7.5726,5.75785,123.985,-0.086248,-0.0214622,0.524659
-13.1335,-3.37437,18.021,3.54228,-3.63281,107.496,5.10001,4.42498,128.479,-0.0831529,-0.0200725,0.534579
-11.6376,-2.94691,16.0107,3.40526,-3.63836,109.427,5.2969,4.49628,129.232,-0.0779589,-0.0179418,0.525499
-9.66466,-2.38886,13.2797,3.53366,-2.60709,111.054,2.66926,3.34896,133.212,-0.0824724,-0.0161138,0.576316
-5.23688,-1.29494,7.53464,3.65073,-2.76648,112.372,2.93834,3.45483,133.779,-0.0824503,-0.0145118,0.583925
-3.0677,-0.718598,4.67106,4.05043,-1.84188,109.122,0.70844,2.64887,134.665,-0.0954343,-0.0123753,0.676154
-1.59417,-0.383933,2.7475,4.36911,-1.85049,109.727,1.06097,2.90177,135.23,-0.106757,-0.0107557,0.738809
-1.35801,-0.314525,2.46675,4.56927,-1.51195,104.654,-0.918014,2.41259,134.555,-0.155263,0.00036905,0.990156
-0.933581,-0.221283,1.89953,5.00383,-1.53466,104.824,-0.477731,2.76867,135.255,-0.208704,0.00126399,1.18517
-1.14903,-0.276266,2.34694,5.13243,-1.96662,99.4762,-1.51575,2.95001,133.063,-0.418837,0.0553039,1.95924
-1.03734,-0.248306,2.21169,5.56855,-2.04829,99.6654,-1.03825,3.30391,133.937,-0.953102,0.117463,3.2508
-2.90862,-0.74355,5.23572,5.9164,-2.7209,91.7721,-1.15986,3.86945,123.266,-5.43924,0.699582,12.3612
-5.6555,-1.38218,9.04561,6.35844,-2.73336,92.2046,-0.529683,4.117,124.33,-11.2946,-1.77702,26.7662
-21.5076,-5.47062,34.5723,5.79931,-3.52484,78.9679,-1.96018,3.34467,95.306,-9.98277,-6.78419,53.3308
-22.5992,-4.12296,45.1189,6.13866,-3.12002,78.2793,-1.1386,3.51239,93.7913,-9.17817,-8.16967,58.7804
-10.5601,0.232349,61.1516,4.16954,-3.9917,55.0181,-5.93475,1.63144,42.0441,-6.34396,-9.49467,87.588
-6.59816,1.87797,61.6004,4.6828,-3.37113,50.794,-4.88468,2.02583,40.1626,-5.59289,-9.33433,87.5511
1.34446,1.54219,68.6416,2.67241,-4.44332,34.8342,-3.54689,-0.350033,6.14306,-3.13915,-9.03498,123.661
2.36307,1.7557,66.5414,2.71017,-4.34093,32.2057,-2.88814,-0.208241,5.15879,-3.29734,-8.78232,124.694
6.27714,1.3176,72.8941,1.80568,-3.85669,27.5905,-0.99973,-0.112238,2.04747,0.394277,-7.27,133.904
6.35325,1.36448,72.2981,1.4328,-3.76608,25.8466,-0.515143,-0.0504221,1.31237,0.105936,-7.03655,135.511
8.13459,2.00649,79.3505,-0.0170831,-2.4498,21.5447,-0.264229,-0.0255533,0.82051,2.2489,-5.33295,129.607
7.95245,2.05771,79.5183,-0.467928,-2.36202,20.3051,-0.153664,-0.0135471,0.627572,2.28305,-5.12872,130.602
8.70198,3.11258,85.0814,-1.9361,-1.80279,16.7424,-0.0991719,-0.00882622,0.492789,3.10664,-4.22717,126.192
8.58545,3.12644,85.544,-2.31029,-1.74708,15.7939,-0.0661487,-0.00608467,0.41931,3.43943,-4.09592,126.548
8.76474,3.85573,91.1298,-3.8152,-1.5993,12.7356,-0.0476975,-0.0048358,0.369543,4.03614,-3.72118,128.297
8.76026,3.81954,91.5879,-4.11097,-1.60263,12.3422,-0.0350331,-0.00392543,0.334893,4.49424,-3.66146,128.393
8.63116,4.02525,97.5763,-5.19861,-1.54764,9.83109,-0.0278909,-0.00380886,0.316367,5.34943,-2.93196,133.047
8.71761,3.88148,97.9876,-7.07555,-2.03974,12.0077,-0.0225915,-0.00360148,0.29928,5.82847,-2.90352,133.014
8.34626,3.04689,104.08,-9.86754,-2.40881,14.0935,-0.020477,-0.00432412,0.298452,5.57077,-1.47455,134.906
8.38011,2.94471,104.888,-10.9541,-2.75542,15.5175,-0.0185439,-0.00427328,0.290026,5.99425,-1.33556,134.769
8.32101,1.73386,107.325,-8.33423,-1.98921,11.5993,-0.0186766,-0.0059054,0.302133,4.31783,-0.0932048,134.882
8.39847,1.7949,107.846,-4.38782,-1.03973,6.47858,-0.0185305,-0.00603079,0.301093,4.75545,0.0499493,134.844
8.13428,0.66336,104.114,-1.69129,-0.398606,2.85596,-0.019711,-0.00839479,0.324498,3.06084,0.0744243,134.962
8.38067,0.759801,104.201,-0.812069,-0.188779,1.66618,-0.0209825,-0.00914641,0.336781,3.5702,0.0831458,135.018
7.85045,0.143743,97.7175,-0.493718,-0.115585,1.20148,-0.0239645,-0.0136101,0.38364,2.339,-0.942448,134.481
8.13729,0.322991,97.6239,-0.319965,-0.0735769,0.938511,-0.0277286,-0.0154387,0.417084,2.89137,-1.04999,134.734
7.14231,0.335213,90.627,-0.252128,-0.0569599,0.843738,-0.0349628,-0.0257224,0.518275,1.77546,-2.27981,132.33
7.42007,0.563379,90.5898,-0.19646,-0.042662,0.751918,-0.0462594,-0.0329604,0.611529,2.38928,-2.49346,132.943
6.6104,1.12133,86.5255,-0.201175,-0.0390546,0.828893,-0.0656128,-0.0665523,0.871415,1.28433,-3.18661,134.912
6.85166,1.29864,86.8159,-0.182841,-0.0335052,0.803002,-0.11132,-0.106486,1.18164,1.90774,-3.493,135.9
7.33691,2.80153,86.9854,-0.25857,-0.0309682,1.11391,-0.191123,-0.388741,2.40132,0.712814,-3.66001,136.285
7.54868,2.90046,87.2087,-0.311084,-0.0309815,1.26499,-1.11458,-2.06456,6.97734,1.38367,-3.92444,137.572
8.22729,5.01209,87.5044,-0.821465,-0.00863419,2.6058,-10.4522,-8.58155,40.567,0.164972,-3.33725,130.465
8.16263,5.11947,87.6254,-3.90886,0.132191,7.69762,-14.9248,-4.7188,60.6055,0.384587,-2.40322,128.82
7.31055,6.83604,79.0073,-20.6554,-1.98891,45.3166,-13.1184,-2.50537,73.3321,-0.933564,-0.779432,104.136
7.8494,5.929,74.7827,-17.7874,-7.83941,63.858,-12.0902,-1.67563,73.1748,0.181621,-0.492239,100.996
5.43908,5.64467,54.1332,-8.56955,-5.68013,76.6377,-5.33265,-0.621367,81.7782,-3.52043,-0.594528,55.3171
5.41977,5.40682,49.0751,-6.01001,-5.7245,75.7641,-4.2209,-0.478471,79.9809,-2.48023,-0.310908,52.0672
3.60369,5.29739,36.8591,1.22114,0.290417,75.0316,3.30726,1.80803,100.277,-6.12124,-1.59193,10.5104
3.16277,5.32324,33.8867,2.29811,0.746938,72.2944,3.55279,1.70941,100.196,-6.02378,-1.54435,10.0929
1.929,5.22793,32.1086,4.48083,3.42576,70.744,8.22089,4.45639,107.703,-2.32547,-0.690231,4.02017
1.27732,5.02032,30.3335,4.6478,3.34841,69.9759,8.15856,4.09631,108.498,-1.2485,-0.384174,2.53335
0.305998,4.22946,29.6844,3.93508,1.85596,71.7292,9.20307,6.50563,110.135,-0.616165,-0.188236,1.48031
-0.379881,3.91197,28.0903,3.86931,1.69926,71.7217,9.20747,6.35002,111.089,-0.366293,-0.109935,1.08848
-2.98221,2.02654,21.2523,3.02356,-0.743659,76.7073,9.0642,7.3165,112.425,-0.247573,-0.0723004,0.85703
-3.50634,1.76248,20.0267,2.86981,-0.931191,77.4482,9.15879,7.29233,113.442,-0.176569,-0.0494007,0.721508
-6.45342,-0.767957,11.9819,2.8909,-3.07086,85.9227,8.39895,6.74578,117.427,-0.142328,-0.0393592,0.64498
-6.52985,-0.638814,11.9388,2.71033,-3.08534,87.2643,8.55946,6.7976,118.446,-0.112677,-0.029795,0.582114
-10.7972,-2.33913,15.4669,3.37132,-3.96972,97.2432,7.12998,5.69063,123.417,-0.0995038,-0.0259956,0.558326
-13.4738,-3.12541,18.8884,3.0527,-3.84811,99.5518,7.27597,5.82823,124.239,-0.0869561,-0.0220241,0.529331
-14.7673,-3.87992,20.1965,3.389,-3.61163,108.326,4.77067,4.35989,128.861,-0.0836403,-0.0206686,0.53871
-13.1225,-3.39603,17.9814,3.28675,-3.59438,110.121,4.98251,4.43282,129.639,-0.0784083,-0.0185042,0.529833
-10.5856,-2.66918,14.524,3.58039,-2.50447,111.314,2.61181,3.33277,133.443,-0.0810693,-0.0173817,0.569727
-6.10957,-1.53033,8.68476,3.70422,-2.66025,112.637,2.85914,3.42305,134.083,-0.0819178,-0.0151782,0.585327
-3.60548,-0.85722,5.38078,4.09493,-1.74147,109.383,0.572598,2.6864,135.599,-0.0953588,-0.0125786,0.677983
-1.79068,-0.437328,3.01373,4.43277,-1.74269,109.86,0.927858,2.94099,136.172,-0.107648,-0.0110601,0.743229
-1.36615,-0.321322,2.47785,4.58036,-1.36846,104.617,-1.01469,2.53092,135.621,-0.150356,-0.00340496,0.963131
-0.952423,-0.228865,1.93086,5.02679,-1.35279,104.59,-0.572131,2.86993,136.255,-0.208252,0.000653136,1.18744
-1.02999,-0.251647,2.15784,5.10036,-1.83448,99.1841,-1.68482,3.05824,133.915,-0.394547,0.042971,1.87091
-0.958853,-0.234937,2.09999,5.55587,-1.86673,99.0868,-1.18157,3.40943,134.677,-0.934728,0.12149,3.2258
-2.40724,-0.62599,4.52194,5.87094,-2.63988,91.2702,-1.43702,3.9353,124.129,-5.37088,0.825323,12.3886
-4.5416,-1.13143,7.50832,6.31827,-2.67607,91.608,-0.792342,4.16329,125.124,-11.3348,-1.675,27.4005
-20.1288,-5.24858,32.0113,5.69155,-3.60087,78.3192,-2.20969,3.30791,95.3997,-9.99956,-6.86247,54.5792
-22.0051,-4.26714,42.0465,6.02323,-3.26073,77.7146,-1.3922,3.45672,93.7941,-9.27206,-8.30312,60.197
-10.063,0.162013,58.0973,4.10836,-4.095,54.5966,-6.08785,1.51566,42.1553,-6.3833,-9.60063,88.1205
-6.14965,1.87228,59.1046,4.60237,-3.45258,50.3703,-5.03782,1.92692,40.1902,-5.59119,-9.41574,87.9635
1.76585,1.59868,66.3365,2.64638,-4.47627,35.0045,-3.76307,-0.428907,6.737,-2.96638,-9.02647,123.378
2.81128,1.79231,64.5308,2.68202,-4.36089,32.0921,-3.31326,-0.27813,5.73134,-3.15085,-8.85549,124.767
6.64598,1.28998,71.209,1.91031,-3.96306,27.983,-1.13049,-0.136404,2.2237,0.469613,-7.27908,134.608
6.62904,1.335,70.8734,1.53148,-3.87366,26.2497,-0.559296,-0.0588627,1.3738,0.171959,-7.03626,136.147
8.31385,1.92403,77.9975,0.164708,-2.5432,22.2126,-0.280303,-0.029822,0.856613,2.2409,-5.34588,130.591
8.06654,1.96126,78.452,-0.31455,-2.42795,20.919,-0.16326,-0.0155421,0.641739,2.3271,-5.1558,131.419
8.65256,2.96221,84.1679,-1.76221,-1.7978,17.4162,-0.103787,-0.0100985,0.503822,3.12511,-4.31518,127.549
8.48839,2.97991,84.7751,-2.1774,-1.7226,16.3569,-0.0694138,-0.00677204,0.424654,3.49547,-4.17408,127.811
8.57753,3.73103,90.2778,-3.74191,-1.57505,13.1421,-0.0497333,-0.00533127,0.372729,4.11259,-3.76805,129.166
8.5502,3.69041,90.7592,-4.03406,-1.57038,12.6583,-0.0362801,-0.00428497,0.336371,4.58022,-3.69688,129.186
8.23348,3.81428,96.7807,-5.2561,-1.5258,9.96448,-0.0286088,-0.00412156,0.317514,5.3103,-3.10537,134.092
8.31446,3.66226,97.1041,-7.20716,-2.02965,12.3319,-0.0230039,-0.0037989,0.299229,5.80883,-3.06048,133.905
7.82027,2.87738,103.587,-10.4264,-2.51516,14.8727,-0.0205918,-0.00444318,0.297815,5.60936,-1.57689,136.192
7.85027,2.75559,104.357,-11.926,-2.95575,16.8374,-0.0184887,-0.00433927,0.289002,6.05188,-1.43185,135.943
7.70462,1.5232,106.928,-9.7521,-2.30453,13.4507,-0.0184488,-0.00594171,0.300817,4.29768,-0.100443,135.572
7.77556,1.57824,107.405,-5.64887,-1.32613,8.13062,-0.0182153,-0.00604501,0.299492,4.75491,0.0576615,135.453
7.52779,0.474083,103.97,-2.09115,-0.491204,3.36999,-0.0196434,-0.00903634,0.327664,2.99694,0.116962,135.645
7.77359,0.580126,103.993,-0.923721,-0.213536,1.8234,-0.0209148,-0.00921609,0.336285,3.54569,0.129877,135.647
7.27002,-0.0522336,97.2374,-0.549313,-0.12954,1.27877,-0.024269,-0.0148113,0.392269,2.2863,-0.902716,135.009
7.55321,0.136533,97.212,-0.343039,-0.0792566,0.974868,-0.0280837,-0.0155742,0.41961,2.8663,-1.01811,135.244
6.61915,0.112225,90.2584,-0.265369,-0.0605675,0.866557,-0.0351602,-0.0260687,0.522734,1.67273,-2.30313,132.98
6.88709,0.336919,90.2052,-0.203775,-0.0449657,0.766306,-0.0461147,-0.0331966,0.614736,2.28534,-2.50356,133.534
6.13505,0.93624,86.2283,-0.196779,-0.0394681,0.811781,-0.0648037,-0.06127,0.846486,1.17902,-3.27585,135.17
6.36972,1.11314,86.3792,-0.180136,-0.0334957,0.799985,-0.106686,-0.103028,1.16261,1.7943,-3.54673,136.141
6.97912,2.7368,86.5277,-0.228074,-0.0320897,1.0253,-0.182732,-0.317517,2.1705,0.644731,-3.62925,135.903
7.19234,2.85499,86.7161,-0.279766,-0.027394,1.20279,-0.824386,-1.63553,5.96678,1.3114,-3.86699,137.164
7.89489,5.05214,86.6778,-0.801776,0.0285657,2.66801,-8.48896,-8.27834,38.1661,0.169698,-3.29949,129.619
7.82856,5.17485,86.9748,-3.35391,0.150601,6.92644,-13.7356,-4.59193,57.6689,0.389853,-2.43168,128.202
7.06766,6.96849,79.1164,-19.845,-1.78341,41.4436,-12.4686,-2.48306,71.6658,-1.04962,-0.792761,103.502
7.62577,6.02977,74.4783,-16.9306,-7.62089,62.1354,-11.5672,-1.6429,72.0935,0.102314,-0.445004,100.011
5.59365,5.85994,54.943,-7.70498,-5.32099,74.0958,-5.01801,-0.455071,80.579,-3.60685,-0.522269,55.1159
5.52826,5.62576,49.3324,-5.03555,-5.31324,72.9375,-3.89758,-0.331375,78.9196,-2.5515,-0.185412,51.1448
3.60171,5.47809,36.8733,2.15239,0.841441,72.2193,3.65849,1.7826,99.6038,-5.90838,-1.55849,10.2119
3.1964,5.51275,34.0513,3.04798,1.19354,70.1133,3.85626,1.6934,99.5568,-5.80444,-1.50834,9.78643
2.06143,5.4001,32.75,5.01513,3.81349,69.2252,8.44852,4.56124,106.856,-2.47478,-0.723885,4.30169
1.42671,5.18526,30.9494,5.14052,3.7389,68.704,8.36434,4.27476,107.88,-1.31857,-0.402077,2.62867
0.494635,4.36945,30.6977,4.23041,2.27695,70.731,9.29344,6.73416,109.916,-0.642261,-0.196656,1.54092
-0.176283,4.02663,29.1794,4.08239,2.07029,71.013,9.26891,6.61479,110.933,-0.375077,-0.113342,1.10756
-2.84344,2.05087,21.9251,3.1045,-0.462881,76.3042,9.04059,7.54962,112.361,-0.252954,-0.0750335,0.865429
-3.33372,1.81234,20.7362,2.96118,-0.634778,76.9947,9.12992,7.49184,113.419,-0.176925,-0.0504547,0.724519
-6.11059,-0.737242,12.0641,2.99194,-2.79695,85.1798,8.48452,6.85367,116.968,-0.139354,-0.0392653,0.64207
-6.58933,-0.726914,12.1481,2.79181,-2.86015,86.6646,8.62507,6.90966,118.049,-0.110993,-0.0302507,0.580099
-9.85978,-2.20037,14.2957,3.46369,-3.794,96.704,7.27271,5.87837,123.877,-0.0982889,-0.0264801,0.555834
-12.5943,-2.9892,17.7637,3.14482,-3.68664,98.9898,7.41365,6.00204,124.73,-0.0861825,-0.0224902,0.52677
-13.8176,-3.68933,18.8986,3.44313,-3.58006,107.891,4.98854,4.53352,129.063,-0.085317,-0.0216835,0.54235
-11.4945,-3.01897,15.8641,3.3599,-3.55539,109.557,5.23171,4.60281,129.76,-0.0796096,-0.0194783,0.528502
-9.1651,-2.35098,12.6568,3.58923,-2.50784,111.027,2.68892,3.46293,133.544,-0.0844241,-0.0176207,0.580894
-4.78649,-1.22812,6.96216,3.71,-2.6575,112.317,2.96392,3.57764,134.084,-0.0841108,-0.0158745,0.587528
-2.79995,-0.682971,4.32876,4.07402,-1.68624,109.258,0.549853,2.73948,135.289,-0.0972987,-0.01352,0.682039
-1.4826,-0.372289,2.60213,4.39618,-1.67131,109.797,0.904662,3.00611,135.818,-0.108665,-0.0117828,0.74575
-1.16465,-0.282121,2.20366,4.59494,-1.33927,104.79,-1.05905,2.49184,134.761,-0.150238,-0.0042774,0.96399
-0.839906,-0.208446,1.77269,5.03189,-1.32104,104.82,-0.615171,2.82871,135.386,-0.206651,-0.000324482,1.18727
-0.90158,-0.227898,1.9743,5.18665,-1.90862,99.4041,-1.63791,3.0236,132.739,-0.385242,0.0395471,1.85601
-0.846531,-0.214239,1.93639,5.64222,-1.94162,99.3622,-1.13943,3.37802,133.511,-0.896178,0.110368,3.16718
-1.98337,-0.530257,3.93641,5.99396,-2.7949,91.4202,-1.25911,3.87956,122.337,-5.03694,0.747778,11.906
-3.68285,-0.933462,6.35598,6.44221,-2.85761,91.8881,-0.630046,4.10485,123.395,-10.9282,-1.72672,26.7669
-16.7737,-4.40509,26.1133,5.78899,-3.92145,79.1422,-2.16045,3.16021,94.645,-9.82254,-6.89979,54.034
-22.1806,-4.95823,39.2023,6.08107,-3.74869,79.2404,-1.44191,3.26454,92.4852,-9.15855,-8.42474,59.608
-11.3327,-0.275945,58.0922,4.1984,-4.31757,56.7671,-6.04293,1.4806,43.031,-6.23461,-9.76833,85.6624
-6.92054,1.83726,60.4092,4.6942,-3.52994,52.1138,-4.97371,1.92873,40.6549,-5.47738,-9.60205,85.9289
1.26194,1.72961,67.5955,2.66248,-4.4682,35.8077,-3.72262,-0.427261,6.72369,-2.91806,-9.13394,122.266
2.45284,1.97312,65.5705,2.72855,-4.32695,32.7069,-3.29359,-0.273505,5.73873,-3.12535,-8.97002,123.811
6.39486,1.46999,71.8732,1.91377,-4.00049,28.1854,-1.02491,-0.126383,2.03542,0.438486,-7.42876,134.697
6.38993,1.54313,71.4197,1.53626,-3.93274,26.5353,-0.51425,-0.0535693,1.31779,0.0813562,-7.13252,136.081
-0.133415,4.50401,28.9081,2.95498,3.35761,69.6379,6.57787,3.53879,108.83,-1.31246,-0.427464,2.66698
-0.572612,4.5325,38.8826,2.79009,2.25466,72.285,10.2992,6.74992,104.952,-0.62301,-0.20434,1.53072
-1.12056,3.91824,36.0112,2.4825,1.76143,73.829,10.1903,6.5914,106.637,-0.340223,-0.111582,1.05282
-3.84523,1.97946,26.1816,1.60412,-0.955279,79.422,10.1095,7.43029,107.359,-0.232386,-0.07486,0.828663
-4.06749,1.89139,24.1237,1.70102,-1.06124,79.9107,10.4854,7.47381,107.854,-0.163663,-0.0515226,0.68789
-7.60735,-0.648423,15.5344,2.15415,-3.0465,87.3234,10.1723,6.89317,110.563,-0.129811,-0.0406134,0.605611
-5.90867,-0.394302,11.7279,2.35992,-3.00805,87.9798,10.5846,7.01839,111.117,-0.104117,-0.0320789,0.543296
-6.54958,-1.31335,10.1331,3.58718,-3.86846,96.9781,9.55784,5.95586,116.066,-0.0910845,-0.0277135,0.509606
-2.40762,-0.494925,4.43458,3.83956,-3.70832,97.8033,10.0337,6.07198,116.188,-0.0798583,-0.0236068,0.477962
-1.83874,-0.431842,3.28055,4.88559,-3.39798,105.28,7.93606,4.75653,119.87,-0.0743025,-0.0210772,0.468204
-0.910043,-0.225313,1.94132,5.37967,-3.06253,105.508,8.56233,4.97547,119.857,-0.0703034,-0.0193059,0.459908
-0.65594,-0.166523,1.49024,6.0525,-1.71329,105.678,6.39915,3.98722,122.943,-0.0715768,-0.0168233,0.479096
-0.441072,-0.1165,1.14972,6.66201,-1.48125,105.58,7.07096,4.29098,122.918,-0.0746623,-0.0162381,0.497059
-0.372137,-0.0944845,1.00155,7.50766,-0.187497,100.731,5.23572,3.6761,123.327,-0.0867642,-0.0143889,0.554307
-0.31201,-0.0755861,0.881818,8.2521,0.152307,100.06,6.00831,4.15924,123.473,-0.105883,-0.015195,0.623939
-0.286891,-0.0639547,0.832719,8.53942,0.518761,94.8831,4.33889,3.78609,122.317,-0.15448,-0.0128927,0.784404
-0.26669,-0.0556428,0.787775,9.12241,0.511449,95.1771,5.08521,4.23655,122.607,-0.246963,-0.0169992,1.02482
-0.261862,-0.0508291,0.807598,9.18012,-0.0542227,90.4998,4.23921,4.48027,120.171,-0.536785,-0.0121687,1.64727
-0.285578,-0.0507864,0.85285,9.70056,-0.180555,91.2786,4.96968,4.91954,120.82,-1.97244,-0.0515173,3.87318
-0.360695,-0.0586192,1.0487,9.80461,-1.06553,84.4845,4.71778,5.39661,110.14,-13.8985,-1.30294,19.8763
-0.608827,-0.0824622,1.47159,10.3828,-1.24604,86.0369,5.47916,5.78178,111.735,-15.0769,-3.56132,23.1254
-1.84145,-0.188504,3.33581,9.43156,-3.09121,75.5195,2.91921,4.5891,84.6453,-19.5723,-8.1678,41.1328
-19.6068,-1.47528,26.4376,10.1367,-2.55169,75.7,4.0141,4.70176,84.4591,-17.3238,-12.0417,62.4902
-34.3639,-1.04407,65.4037,7.48525,-2.80986,53.9835,-2.79914,2.86988,36.5942,-13.6647,-12.347,85.6914
-17.0755,3.62864,88.2445,7.72803,-1.63574,49.9527,-1.93104,3.5561,35.6949,-12.4698,-11.742,85.365
-0.498061,3.03118,68.2029,4.8226,-4.25505,38.3316,-5.19491,-0.479556,9.01069,-13.8102,-12.5797,120.295
0.694273,2.99663,65.7039,4.9533,-4.60551,36.5788,-1.55921,-0.0936413,3.58384,-12.8283,-12.1953,119.773
3.68517,2.58074,74.2834,3.81176,-4.34056,34.0143,-0.858546,-0.0884002,1.91539,-8.82592,-10.4111,126.706
3.55925,2.48241,74.9716,3.40686,-4.43656,33.3027,-0.365502,-0.0342264,1.08408,-8.17495,-9.98878,126.377
5.1226,3.22048,82.0657,1.59139,-3.16098,29.8418,-0.218765,-0.0200776,0.743793,-4.87822,-7.71751,119.37
5.10565,3.22551,82.1582,0.992298,-3.08846,28.5551,-0.129346,-0.0107812,0.56028,-4.54675,-7.50353,119.666
5.89133,4.42118,87.1508,-1.18336,-2.51814,24.3828,-0.0893318,-0.0070086,0.454496,-3.27149,-6.3709,115.249
5.97283,4.49435,87.2347,-2.05342,-2.36662,21.5888,-0.0618004,-0.00463392,0.386201,-2.91028,-6.29561,115.602
6.26424,5.38659,92.1837,-4.59918,-2.21595,16.7901,-0.0458992,-0.00353501,0.341787,-2.46593,-6.02326,117.565
6.55283,5.43933,92.0082,-4.83521,-2.04255,14.1266,-0.0347957,-0.00284703,0.309865,-1.8869,-5.96826,117.663
6.71815,5.76201,96.9702,-6.30755,-2.04214,11.7922,-0.0277456,-0.0027139,0.289284,-1.16942,-5.40331,122.149
7.14317,5.76865,96.5332,-4.36904,-1.41984,8.25943,-0.0228284,-0.0025407,0.27266,-0.406881,-5.2613,121.721
7.12436,5.09128,101.396,-3.78134,-1.04641,6.24905,-0.0198925,-0.00298038,0.264862,-0.471305,-3.84657,123.025
7.55981,5.12422,101.137,-1.50045,-0.405876,2.99496,-0.0180132,-0.00306469,0.25806,0.289249,-3.60037,122.397
8.03707,3.87983,102.151,-1.01079,-0.247455,2.04373,-0.017218,-0.00406759,0.260579,-0.980959,-2.40565,121.886
8.65849,3.87908,101.177,-0.539109,-0.126268,1.32364,-0.0171462,-0.00436318,0.26207,-0.139552,-2.3205,121.605
9.12063,2.5442,95.4708,-0.401908,-0.0924914,1.03956,-0.0177907,-0.00595915,0.274849,-1.33983,-2.46635,121.378
9.5926,2.63715,95.0158,-0.282302,-0.062943,0.829357,-0.0193201,-0.00668053,0.287489,-0.549347,-2.47209,121.164
9.16338,1.90996,88.803,-0.223951,-0.0491483,0.713304,-0.0220783,-0.00962971,0.317921,-1.52204,-3.5196,120.139
9.41384,2.11827,89.2252,-0.17703,-0.0367235,0.624383,-0.0266784,-0.0114502,0.351825,-0.819078,-3.62083,120.132
8.36483,2.03232,83.0921,-0.152515,-0.029693,0.582146,-0.0350175,-0.0182971,0.423328,-1.64406,-4.78053,117.358
8.56686,2.2891,83.8633,-0.135994,-0.0239443,0.549676,-0.0511177,-0.0255947,0.521425,-0.971454,-5.03207,117.885
7.63664,2.84374,80.9017,-0.132692,-0.0189175,0.567543,-0.0832956,-0.0472355,0.715761,-2.1377,-5.77722,119.638
7.85233,3.04657,81.8732,-0.142581,-0.0169591,0.597138,-0.169647,-0.0916183,1.06513,-1.4016,-6.15306,120.405
8.28184,4.59733,82.6786,-0.183996,-0.0104787,0.732493,-0.530988,-0.334671,2.21618,-2.52025,-6.29496,120.429
8.56212,4.61499,83.1465,-0.292827,-0.0114684,0.968558,-7.79325,-3.98501,14.2113,-1.71613,-6.65422,121.31
9.26861,6.59734,83.7531,-0.865644,0.03023,1.99972,-22.2951,-6.86265,42.8755,-2.41387,-6.05584,113.883
9.45816,6.43897,83.6533,-13.6992,-0.083782,18.7326,-16.9707,-2.13042,54.2173,-1.8732,-5.63769,112.922
8.31093,8.26744,75.5869,-32.0035,-2.96332,44.7961,-12.5026,-0.591393,61.1206,-2.4581,-3.20277,89.887
8.66754,7.6314,72.5753,-20.8209,-7.0716,52.6987,-12.8737,-0.471505,64.2984,-1.83804,-2.87319,88.6239
5.96698,6.92275,53.5246,-6.55437,-4.02525,66.081,-8.34837,0.138419,76.8944,-4.08289,-1.52036,46.3545
5.88797,6.7576,49.448,-3.8466,-3.05752,63.2959,-8.07405,-0.0193192,77.8808,-3.43161,-1.51264,45.662
4.04441,6.08885,39.5834,1.77492,2.08479,66.7676,-1.92013,1.74725,99.1067,-5.60855,-1.51032,11.1295
3.7147,6.15478,37.1827,1.6721,1.94727,68.1537,-1.49112,1.7513,99.3156,-2.20781,-0.548233,5.33541
2.59053,5.9972,36.9568,3.10985,4.18859,69.241,3.28672,4.48479,106.028,-1.20151,-0.348352,2.72789
1.95908,5.78543,36.3772,2.85275,3.88825,70.2317,3.66438,4.21804,105.984,-0.516517,-0.160175,1.54222
1.01598,4.97921,36.0851,1.7306,2.20072,73.2925,5.04461,6.68977,106.79,-0.318687,-0.0991115,1.0719
0.316923,4.59069,34.5713,1.53069,1.84708,74.1484,5.33152,6.59414,107.07,-0.200414,-0.0622214,0.820407
-2.65151,2.58214,26.785,0.504195,-0.74391,79.6377,5.36325,7.5751,107.856,-0.148905,-0.0450328,0.679553
-3.08955,2.35088,24.5978,0.493385,-0.947274,80.3355,5.6662,7.63181,108.351,-0.111638,-0.032722,0.585247
-7.25578,-0.569607,15.2403,0.623565,-3.00568,88.2313,4.98356,7.12324,111.67,-0.0922522,-0.026722,0.52659
-5.47543,-0.231636,11.4803,0.779212,-2.9681,88.8087,5.35515,7.25552,112.157,-0.0760939,-0.0212974,0.480574
-6.34652,-1.32884,9.95492,1.6155,-3.82779,97.8102,3.92084,6.11513,116.382,-0.0676205,-0.0188375,0.455697
-2.31581,-0.507827,4.32072,1.72748,-3.76298,98.9816,4.30667,6.22371,116.519,-0.0606162,-0.0163827,0.433221
-1.69948,-0.42044,3.09967,2.42174,-3.32122,106.217,1.89471,4.79621,120.166,-0.0570691,-0.0148439,0.428076
-0.835808,-0.216034,1.84315,2.86801,-2.98174,106.304,2.47694,5.02483,120.118,-0.0545308,-0.013571,0.423579
-0.604946,-0.159941,1.42705,3.61682,-1.55518,106.001,0.286724,4.08822,122.913,-0.0552659,-0.0117003,0.442443
-0.414208,-0.113843,1.11869,4.08041,-1.36575,106.084,0.8471,4.38887,122.857,-0.0581572,-0.0108478,0.463161
-0.350629,-0.0935605,0.978775,4.88237,-0.135175,101.441,-1.25096,3.83126,123.726,-0.0672675,-0.00861414,0.519696
-0.296876,-0.0760182,0.867305,5.56508,0.24564,100.487,-0.597473,4.34769,123.861,-0.0824905,-0.0079574,0.587882
-0.27431,-0.0649405,0.821653,5.87934,0.659693,94.9545,-2.309,4.04697,122.624,-0.1175,-0.00329615,0.736937
-0.259101,-0.0577402,0.784872,6.30379,0.666538,95.1128,-1.72209,4.50208,122.785,-0.189692,0.000287792,0.969305
-0.255974,-0.0532344,0.808752,6.32994,0.0181799,90.3544,-2.65949,4.7371,120.022,-0.41086,0.0287468,1.5591
-0.286445,-0.0551099,0.869211,6.65894,-0.0998461,90.9476,-2.14072,5.18076,120.552,-1.64478,0.134374,3.71505
-0.372368,-0.0648144,1.09221,6.81627,-1.09216,84.2936,-2.0652,5.62636,109.985,-13.9186,-0.100681,20.9859
-0.680871,-0.0985737,1.60839,7.08659,-1.3118,85.72,-1.67337,6.00685,111.479,-14.5642,-3.38809,25.6833
-2.59075,-0.272556,4.40009,6.26375,-3.32692,75.175,-2.64502,4.66067,83.5695,-12.5023,-7.74297,43.7954
-23.5239,-1.85213,31.8595,6.73632,-2.51453,74.9749,-1.82714,5.08914,83.5468,-11.1239,-10.0548,57.3057
-27.5304,0.197143,67.1853,4.81188,-2.90741,53.5295,-5.26252,2.87174,35.5231,-9.23096,-11.4741,83.4443
-12.2888,3.81753,81.3955,5.04208,-2.06274,49.9103,-4.61574,3.45132,35.0766,-9.12453,-11.4095,85.2443
1.57238,3.42415,66.5301,2.71414,-4.44945,38.4963,-4.26565,-0.359962,7.97446,-9.21143,-12.06,120.09
2.35814,3.37122,65.2306,2.84441,-4.72441,36.3914,-1.32666,-0.0801191,3.30883,-8.50509,-11.7694,119.94
5.52362,2.91552,73.8134,1.97348,-4.57446,34.243,-0.634658,-0.0693129,1.63224,-4.48331,-9.93246,127.376
5.34939,2.77502,74.3832,1.57475,-4.70199,33.5199,-0.271865,-0.0275438,0.957917,-3.9744,-9.48305,126.882
6.96496,3.47828,81.4093,0.0267917,-3.38476,30.1054,-0.161675,-0.0162976,0.662361,-1.14276,-7.23141,120.053
6.83801,3.46392,81.6035,-0.538207,-3.29325,28.6326,-0.0962748,-0.00904282,0.504582,-0.892213,-7.0162,120.176
7.52746,4.6017,86.6427,-2.31396,-2.66393,24.7864,-0.0660403,-0.00596479,0.410661,0.0650207,-5.99032,116.267
7.56433,4.63498,86.5921,-2.89134,-2.55998,22.7551,-0.0455779,-0.00407054,0.350411,0.345947,-5.91284,116.603
7.89118,5.51979,91.0962,-4.92741,-2.50752,18.8903,-0.0336595,-0.00320791,0.311153,0.801574,-5.58276,118.149
8.14159,5.52299,90.6416,-5.1176,-2.4652,17.2044,-0.0253323,-0.00267567,0.283329,1.29433,-5.5061,118.154
8.14954,5.79639,95.5007,-6.95595,-2.48735,13.8745,-0.0201358,-0.00266618,0.266258,1.86428,-5.04979,122.855
8.44229,5.79683,95.018,-5.16677,-1.87834,10.4196,-0.0165586,-0.00257109,0.252788,2.49845,-4.87661,122.278
8.23333,5.25158,100.501,-4.50543,-1.36733,7.60758,-0.0145598,-0.00303784,0.247131,2.3252,-3.39387,124.026
8.49661,5.2921,100.465,-1.83404,-0.543987,3.71182,-0.0132548,-0.00316045,0.242499,2.93529,-3.1358,123.318
8.77408,4.07357,101.877,-1.21797,-0.324888,2.45146,-0.0129475,-0.00419332,0.246593,1.4412,-1.84506,122.417
9.23345,4.06465,101.163,-0.608407,-0.15482,1.50722,-0.0130735,-0.00455941,0.250149,2.14628,-1.75061,122.1
9.6326,2.71539,95.6466,-0.434017,-0.108356,1.13526,-0.01391,-0.0062601,0.264652,0.824872,-1.90893,122.086
10.1269,2.78398,94.8284,-0.291412,-0.0706736,0.879208,-0.0152311,-0.00696181,0.2782,1.60078,-1.91704,121.88
9.61324,2.00435,88.3638,-0.226488,-0.0545803,0.741966,-0.0174791,-0.00997273,0.30888,0.540296,-2.97627,120.807
9.83275,2.22473,88.7972,-0.174062,-0.0400438,0.637881,-0.0208677,-0.0116154,0.340745,1.19053,-3.06817,120.788
8.7503,2.06628,82.6826,-0.146828,-0.0321276,0.585936,-0.0264751,-0.0182704,0.407368,0.187381,-4.31221,118.176
8.91815,2.32303,83.427,-0.12749,-0.0257486,0.544345,-0.0371723,-0.0253213,0.496975,0.813153,-4.53024,118.629
7.98825,2.90751,80.462,-0.121223,-0.0203913,0.553105,-0.0564369,-0.0458496,0.672497,-0.367759,-5.3353,120.088
8.17245,3.11612,81.3417,-0.127237,-0.0182098,0.57549,-0.108455,-0.0891603,0.988815,0.320784,-5.64984,120.839
8.68865,4.81238,82.1364,-0.160431,-0.0125857,0.695628,-0.287944,-0.316575,1.98359,-0.777059,-5.66553,120.266
8.93581,4.88462,82.6391,-0.252801,-0.0136904,0.915324,-4.51024,-4.10801,11.5259,-0.0214368,-5.97385,121.226
9.59131,6.94334,82.9619,-0.72808,0.0179788,1.83482,-20.2452,-8.12889,48.0533,-0.852126,-5.27858,113.371
9.75268,6.86131,83.2687,-10.6541,-0.175383,14.9511,-14.5473,-2.04873,52.7003,-0.33836,-5.01754,112.745
8.73266,8.61126,75.4084,-32.2578,-3.64482,45.5181,-10.4279,-0.786985,58.529,-1.2013,-2.7313,89.3711
9.03008,7.89214,71.8886,-21.0091,-8.081,56.3915,-11.57,-0.720178,63.7844,-0.645774,-2.28839,87.8651
6.52429,7.31805,53.7797,-6.46509,-4.23706,66.4325,-7.16436,0.0261626,76.5306,-3.45872,-1.12427,45.5865
6.34044,7.1247,49.32,-3.75854,-3.11422,62.6693,-6.86891,-0.166004,77.5425,-2.78275,-1.06392,44.4561
4.2953,6.33745,39.2516,1.79942,2.23456,65.8384,-0.360085,1.40712,98.955,-5.50695,-1.55249,11.1094
3.97594,6.39105,37.0169,1.58088,2.05964,67.4628,0.0209916,1.4097,99.1374,-2.20327,-0.59043,5.46886
2.93305,6.2599,37.42,2.81707,4.35627,68.9294,4.7977,4.34518,105.632,-1.26173,-0.38006,2.85942
2.31296,6.01663,36.9599,2.55521,4.09607,69.9232,5.12842,4.14656,105.788,-0.536403,-0.172692,1.58474
1.41833,5.20732,37.0858,1.2334,2.48165,73.083,6.3607,6.71953,106.975,-0.321517,-0.103428,1.0837
0.733788,4.8079,35.7306,0.978778,2.14434,74.0514,6.62028,6.68092,107.277,-0.199428,-0.0637486,0.820383
-2.30399,2.67671,27.6506,-0.134792,-0.456271,79.6012,6.58049,7.63833,108.092,-0.146173,-0.0455148,0.675395
-2.71317,2.48078,25.5776,-0.114608,-0.613388,80.1495,6.89383,7.68574,108.621,-0.10839,-0.0324576,0.580957
-7.16135,-0.654274,15.463,-0.028451,-2.71042,87.8701,6.38314,7.07534,111.588,-0.0895394,-0.0263503,0.523511
-5.57068,-0.358334,11.6074,0.102552,-2.70684,88.5956,6.74329,7.21942,112.15,-0.0743954,-0.0210525,0.479633
-6.59942,-1.47371,10.2973,0.911413,-3.51933,97.6217,5.45803,6.18662,117.297,-0.0667366,-0.0185666,0.456925
-2.44782,-0.569847,4.48521,1.03867,-3.46452,98.7812,5.86926,6.28767,117.456,-0.0606237,-0.0162209,0.437035
-1.79653,-0.472047,3.21992,1.67772,-3.09762,106.077,3.70949,4.88642,120.723,-0.057908,-0.0147184,0.434815
-0.853976,-0.234812,1.87116,2.15629,-2.71548,106.072,4.34286,5.1374,120.637,-0.0559988,-0.0136193,0.432044
-0.630543,-0.177631,1.46478,2.8049,-1.31948,106.16,2.08122,4.1863,123.401,-0.0567392,-0.0112383,0.453823
-0.432851,-0.127013,1.14873,3.34042,-1.06951,106.132,2.70701,4.54494,123.324,-0.059714,-0.0104094,0.47523
-0.372533,-0.106297,1.01427,4.24385,0.265361,101.666,0.641559,3.93469,123.861,-0.0675648,-0.00704552,0.53422
-0.315169,-0.0874525,0.90067,4.90148,0.593267,101.211,1.34813,4.46175,123.879,-0.0817095,-0.00514209,0.606881
-0.290749,-0.0760662,0.855339,5.29079,0.938006,96.1423,-0.360379,4.05302,122.204,-0.113854,0.0036266,0.768002
-0.274289,-0.0690599,0.819411,5.73206,0.969021,96.4728,0.251558,4.52399,122.421,-0.186407,0.0147925,1.03213
-0.272186,-0.0654639,0.849841,5.91719,0.238007,91.729,-0.598977,4.77553,119.461,-0.425217,0.07911,1.74615
-0.308651,-0.0709832,0.923619,6.29417,0.150751,92.448,-0.0206868,5.21723,120.018,-2.2108,0.429945,4.95302
-0.413032,-0.0904048,1.19042,6.59322,-0.939094,85.669,0.092101,5.54228,108.77,-16.2606,0.452017,26.7106
-0.825777,-0.163162,1.87035,6.89115,-1.26005,87.4305,0.54431,5.8547,110.331,-10.7008,-3.88679,26.4987
-4.16285,-0.703592,6.61164,6.25135,-3.24336,76.8258,-0.854388,4.53639,82.9023,-6.35288,-6.66927,42.082
-22.3058,-3.3206,30.9461,6.49892,-2.7535,77.1942,-0.368956,4.68383,82.592,-7.45471,-8.75688,54.8265
-20.59,-0.887252,58.6426,4.50593,-3.40947,56.5456,-4.95901,2.28488,36.7798,-5.86501,-10.3434,82.7396
-9.3843,3.49589,76.6168,4.87003,-2.24831,52.4825,-4.19253,2.93649,35.8168,-5.67994,-10.2969,85.3771
3.16155,3.52334,66.5906,2.69787,-4.34696,39.8911,-4.52089,-0.507367,8.17754,-3.55991,-9.83505,120.914
3.97456,3.52939,65.5329,2.87004,-4.53052,38.2909,-1.40888,-0.124607,3.29825,-2.74008,-9.46591,120.794
7.55141,3.07603,73.9143,2.01234,-4.4913,36.5127,-0.711882,-0.0890435,1.68685,1.97283,-7.3803,128.712
7.14863,3.11135,75.5587,1.12923,-4.37066,32.7883,-0.322337,-0.0370086,1.00971,2.28409,-6.97725,129.014
-0.449195,4.46828,28.6599,2.6514,3.30754,69.5121,5.98013,3.39733,109.819,-1.32751,-0.42516,2.68168
-0.85035,4.56636,38.8556,2.56954,2.19235,72.1259,9.81255,6.62153,105.784,-0.629296,-0.201533,1.5344
-1.31286,4.0347,36.6154,2.3206,1.78425,73.629,9.83259,6.51851,107.248,-0.342963,-0.109057,1.05208
-4.08746,2.11234,26.5889,1.51649,-0.86109,79.174,9.86794,7.41578,107.823,-0.233457,-0.0728136,0.826233
-4.62264,1.88632,23.1387,1.58271,-1.08596,79.9529,10.283,7.41276,108.206,-0.164081,-0.0498622,0.684778
-7.6904,-0.766229,14.4928,2.03636,-3.02928,87.4499,10.0085,6.88884,110.9,-0.129758,-0.0391547,0.602118
-5.56114,-0.489336,10.2836,2.29828,-2.90191,87.9555,10.4866,7.03467,111.343,-0.103847,-0.0306539,0.539748
-6.13233,-1.20002,9.35839,3.67414,-3.47654,96.3881,9.56557,6.12839,116.269,-0.0905924,-0.0261778,0.506129
-2.77743,-0.536434,4.76511,4.0184,-3.16469,96.8572,10.1175,6.31084,116.304,-0.0793246,-0.0219409,0.475001
-2.57606,-0.558369,4.16717,5.11941,-2.75149,104.095,8.06702,5.08883,120.012,-0.0738374,-0.0192839,0.465984
-1.41713,-0.312437,2.56367,5.55764,-2.51635,104.501,8.67421,5.26643,119.925,-0.0701439,-0.017442,0.45877
-1.13233,-0.252581,2.09226,6.20789,-1.23617,104.723,6.51861,4.26815,123.006,-0.0719135,-0.0148031,0.479299
-0.784536,-0.178436,1.598,6.77123,-1.09992,104.883,7.21842,4.55741,122.735,-0.0755862,-0.0142495,0.498992
-0.666524,-0.14835,1.40273,7.45466,-0.040006,100.91,5.37989,3.88273,122.85,-0.0883859,-0.0120474,0.559236
-0.529406,-0.116952,1.19718,8.01918,0.00479876,101.268,6.08997,4.25057,122.771,-0.108614,-0.0126623,0.63403
-0.475763,-0.100863,1.12119,8.27432,0.262101,96.4151,4.41463,3.84503,121.611,-0.161278,-0.00891948,0.807951
-0.423111,-0.0882098,1.04029,8.86545,0.19801,96.8796,5.1587,4.28692,121.889,-0.267341,-0.0120037,1.08116
-0.426744,-0.0868076,1.08465,8.97884,-0.377592,92.1357,4.34804,4.52379,119.452,-0.641479,-6.14774e-05,1.85371
-0.4786,-0.0953587,1.17822,9.56852,-0.512627,92.819,5.12543,4.93639,120.074,-3.22421,-0.0735045,5.62733
-0.738244,-0.148077,1.65677,9.77294,-1.39535,85.718,4.95478,5.27157,109.264,-18.7315,-2.40676,26.5721
-1.88506,-0.356916,3.28965,10.3873,-1.61366,87.0664,5.68987,5.75309,111.067,-13.3562,-3.86713,21.9374
-12.7123,-2.25487,17.553,9.47405,-2.95079,75.4291,3.18891,4.77203,83.9383,-16.4097,-8.01185,40.3212
-25.8446,-3.87069,35.3658,10.0332,-2.42987,75.1843,4.07867,4.78525,83.855,-16.0099,-11.4539,61.7007
-24.6252,-2.04238,54.7566,7.12022,-3.46737,54.0883,-3.14493,2.35008,35.9101,-13.9852,-12.0222,86.7046
-14.5873,2.60504,74.1054,7.526,-2.46782,50.0751,-2.16664,2.93245,35.2467,-12.847,-11.545,86.9123
-2.24101,1.93018,66.3386,4.60442,-4.45469,37.6869,-5.24654,-0.564625,9.13344,-13.7153,-11.7687,121.833
-1.36913,1.98317,64.9366,4.75321,-4.68469,35.7035,-1.65141,-0.119344,3.73587,-12.7616,-11.1801,121.19
1.46344,1.52397,73.3486,3.68616,-4.4085,33.1474,-0.905382,-0.103954,1.98885,-8.67828,-9.2175,128.027
1.31235,1.54997,74.1339,3.33209,-4.48511,32.499,-0.380329,-0.0400832,1.11182,-8.00937,-8.61181,127.528
2.69967,2.2668,81.3424,1.63156,-3.2356,29.1489,-0.22573,-0.0233538,0.758196,-4.57672,-6.37264,120.235
2.70247,2.33708,81.5472,1.14486,-3.17505,28.2276,-0.132553,-0.012599,0.568441,-4.1646,-6.03602,120.38
3.40687,3.47935,86.5887,-0.820225,-2.66886,24.718,-0.090955,-0.00821419,0.459648,-2.74122,-4.95201,115.782
3.476,3.58011,86.8595,-1.67547,-2.50516,21.912,-0.0625374,-0.00545417,0.38963,-2.32338,-4.82296,116.05
3.53015,4.44687,92.0793,-4.39576,-2.19858,16.0864,-0.046173,-0.0041392,0.344222,-1.84055,-4.50916,117.93
3.7918,4.51964,92.0264,-4.53452,-1.88375,12.8493,-0.0347898,-0.00332246,0.311662,-1.2711,-4.42374,117.976
3.85371,4.74464,96.7037,-5.75581,-1.8415,10.8428,-0.027549,-0.00310648,0.290698,-0.530177,-3.76405,122.423
4.40052,4.70806,95.936,-4.41244,-1.42138,8.35287,-0.0224821,-0.00290311,0.273829,0.241826,-3.62467,122.012
4.29378,3.90342,100.352,-4.81894,-1.33409,7.704,-0.0193972,-0.00330537,0.265968,0.174193,-2.2075,123.402
4.7,3.93779,100.046,-2.47061,-0.682932,4.38831,-0.0174017,-0.00340925,0.259204,0.836783,-1.97312,122.881
5.01953,2.67107,101.097,-2.06687,-0.521203,3.50139,-0.0164678,-0.00443118,0.261932,-0.565208,-0.806276,122.482
5.42025,2.7325,100.674,-1.05887,-0.259328,2.08192,-0.0162998,-0.00482573,0.263694,0.0791542,-0.670883,122.169
5.61147,1.51796,96.2451,-0.742507,-0.177291,1.5505,-0.0167115,-0.00656027,0.276986,-1.43825,-0.734777,121.851
5.89327,1.64938,96.2582,-0.465175,-0.107937,1.12742,-0.0180479,-0.00751261,0.290274,-0.813538,-0.71008,121.618
5.64646,0.993207,90.0268,-0.338544,-0.0777156,0.913765,-0.0203031,-0.0108623,0.321922,-1.89806,-1.75834,120.665
5.82419,1.19401,90.421,-0.24594,-0.0542407,0.757738,-0.0244257,-0.0132953,0.357501,-1.28815,-1.8508,120.669
5.00406,1.15647,84.1536,-0.199225,-0.0421874,0.68186,-0.0313377,-0.02157,0.43271,-2.18179,-3.05731,117.935
5.12656,1.38218,84.8565,-0.167362,-0.0329394,0.624065,-0.0456786,-0.031487,0.537436,-1.59218,-3.29718,118.447
4.30223,1.91279,81.7812,-0.156785,-0.0266131,0.632681,-0.072949,-0.0609234,0.749775,-2.83474,-4.05002,120.174
4.42097,2.07182,82.6955,-0.161921,-0.0239028,0.654676,-0.15397,-0.128083,1.15002,-2.18717,-4.39697,120.865
4.78476,3.59366,83.4989,-0.203971,-0.0183127,0.799329,-0.531029,-0.570774,2.66221,-3.37575,-4.53282,120.752
4.99484,3.63781,83.7853,-0.318669,-0.020901,1.05288,-9.81169,-7.27206,19.96,-2.71775,-4.66343,121.469
5.5767,5.80536,84.5374,-0.957289,0.0160182,2.22028,-17.3535,-6.268,42.6665,-3.4849,-4.03046,113.935
5.72754,5.70115,84.1022,-14.1762,-0.353308,19.6225,-12.2557,-1.81298,49.1304,-3.01879,-3.59154,113.092
5.05755,7.64219,76.179,-28.5749,-3.52364,42.6255,-9.57426,-0.969228,59.0311,-3.24192,-1.65312,89.9796
5.49305,6.95632,73.0773,-15.9832,-7.69947,52.4816,-10.6433,-1.00142,64.0222,-2.67565,-1.34625,88.5708
3.71362,6.61185,54.4561,-3.83756,-3.65431,61.9395,-5.95184,-0.478799,76.5532,-4.36065,-0.824855,46.2836
3.79063,6.42046,50.3225,-2.59116,-3.29978,62.3306,-5.77126,-0.511569,77.5297,-3.76179,-0.737494,45.5912
2.37359,6.01494,40.4484,2.4385,1.81397,66.7539,0.608462,1.36915,98.5234,-5.1816,-1.64307,10.5642
2.06099,6.10833,38.1161,2.1194,1.64168,68.2917,0.855065,1.41819,98.6646,-1.99059,-0.584021,5.01908
0.836461,6.00869,38.0001,3.37127,3.90056,69.5069,5.59242,4.18255,105.242,-1.06544,-0.353774,2.55026
0.194894,5.81139,37.5029,2.98465,3.58,70.5885,5.83876,3.89315,105.173,-0.465499,-0.161309,1.47014
-0.774146,5.02074,37.4197,1.84355,1.89829,73.5768,7.132,6.33894,105.98,-0.286432,-0.0988992,1.02557
-1.39025,4.69482,36.1569,1.59113,1.59425,74.3686,7.3283,6.20429,106.26,-0.179835,-0.061456,0.788788
-3.86868,2.73182,28.1809,0.544035,-0.953129,79.6895,7.28073,7.15199,107.086,-0.132995,-0.0441774,0.654392
-4.28882,2.49165,25.7367,0.46854,-1.13084,80.3261,7.48044,7.13972,107.597,-0.0992512,-0.0318719,0.564827
-7.59859,-0.558701,15.4196,0.480997,-3.17622,88.1884,6.69802,6.58399,111.082,-0.0817411,-0.0257685,0.508963
-5.80694,-0.255426,11.7774,0.562729,-3.07834,88.6755,6.95498,6.66056,111.636,-0.0671734,-0.0203319,0.465565
-6.28837,-1.29718,9.88501,1.32456,-3.81049,97.3413,5.47629,5.52991,115.997,-0.0596166,-0.0176171,0.442478
-2.75054,-0.580497,4.91328,1.37103,-3.65374,98.3195,5.76591,5.63597,116.17,-0.0533727,-0.0150654,0.422033
-2.22743,-0.529142,3.81193,1.87863,-3.24296,105.53,3.25099,4.15843,119.968,-0.0503455,-0.0132421,0.418581
-1.1643,-0.284358,2.3021,2.12346,-3.03655,105.887,3.65089,4.28492,119.961,-0.0482873,-0.0119068,0.416023
-0.88525,-0.220003,1.82051,2.72423,-1.70821,105.693,1.32719,3.23988,122.869,-0.0492072,-0.00964509,0.436494
-0.611754,-0.156849,1.40925,3.07006,-1.60226,105.877,1.78879,3.4763,122.721,-0.0520136,-0.00876177,0.459068
-0.509846,-0.128993,1.22696,3.7058,-0.550597,101.916,-0.392432,2.81067,123.385,-0.0599365,-0.00572064,0.517722
-0.402203,-0.102386,1.05474,4.06056,-0.516883,102.112,0.085199,3.13702,123.316,-0.0729154,-0.00458785,0.589236
-0.356387,-0.0883608,0.987132,4.31239,-0.20847,96.966,-1.76518,2.75291,122.115,-0.102517,0.00279428,0.744978
-0.31886,-0.0788591,0.926972,4.65391,-0.278471,97.2533,-1.30006,3.12101,122.335,-0.165195,0.00995619,0.991137
-0.317723,-0.0784639,0.970379,4.75335,-0.906801,92.376,-2.32082,3.3259,119.626,-0.358853,0.0565673,1.62613
-0.360507,-0.0886224,1.06637,5.0656,-1.05227,92.8341,-1.87402,3.67252,120.205,-1.54739,0.248056,3.99711
-0.541689,-0.137616,1.48626,5.41555,-2.04274,85.8978,-1.80614,4.07139,109.641,-13.3595,0.0682692,22.5639
-1.35398,-0.327404,2.77701,5.64579,-2.34957,87.2463,-1.444,4.24825,111.051,-11.414,-4.48442,27.5247
-11.0295,-2.51954,16.1265,5.14495,-3.854,75.7969,-2.28817,3.50718,83.168,-7.14759,-7.11932,42.8835
-26.1312,-4.62941,39.781,5.45365,-3.04073,75.1253,-1.73369,3.88839,83.2885,-8.01846,-8.65108,54.2156
-14.0414,1.10363,64.2574,3.88215,-3.804,54.0412,-5.1811,1.97671,34.9775,-7.38382,-10.1756,83.7486
-6.45918,3.18293,61.0787,4.28249,-3.56901,51.2926,-4.5034,2.26907,34.898,-7.48368,-10.1761,85.8838
1.276,2.39513,63.8348,2.23032,-5.1453,38.881,-4.08312,-0.34922,7.74277,-6.71953,-10.084,120.713
1.20905,2.35256,64.8181,2.32889,-5.21483,36.5155,-1.29557,-0.0726075,3.26891,-6.21649,-9.6639,120.492
4.132,1.82291,73.2238,1.48256,-5.01667,34.3974,-0.614071,-0.0591039,1.60689,-2.16895,-7.62948,127.812
3.83811,1.79471,73.8843,1.05544,-5.09787,33.8079,-0.263348,-0.0225828,0.947448,-1.78517,-7.05621,127.185
5.22526,2.43507,81.0637,-0.372743,-3.76032,30.5246,-0.156084,-0.0129596,0.655309,0.999467,-4.93481,120.096
5.03593,2.46595,81.3773,-0.886292,-3.65767,29.377,-0.0927085,-0.00688085,0.499827,1.23511,-4.6455,120.087
5.57155,3.52726,86.5039,-2.51122,-3.0193,25.8426,-0.063377,-0.00436629,0.406969,2.19525,-3.71588,116.017
5.54473,3.57307,86.6039,-3.08252,-2.88003,23.7378,-0.0435743,-0.00287186,0.347515,2.45462,-3.61802,116.278
5.6204,4.3988,91.358,-5.13679,-2.66207,18.9239,-0.0320607,-0.00225774,0.308782,2.88269,-3.28107,117.776
5.76876,4.41514,91.1431,-5.31257,-2.47122,16.3721,-0.02402,-0.00189493,0.281379,3.28551,-3.22631,117.783
5.54065,4.572,96.0217,-6.59387,-2.302,12.8186,-0.0190086,-0.00201156,0.264612,3.81853,-2.70311,122.515
5.84191,4.52895,95.4063,-4.93659,-1.72695,9.68808,-0.0155346,-0.0019976,0.251419,4.37028,-2.57653,121.966
5.44281,3.8115,100.536,-4.36837,-1.31116,7.34397,-0.0135831,-0.00254069,0.245989,4.14154,-1.09554,123.777
5.66887,3.80332,100.331,-2.11555,-0.627283,4.05931,-0.012274,-0.00271273,0.241617,4.62526,-0.884089,123.138
5.77485,2.51787,101.638,-1.49532,-0.404621,2.81822,-0.0119255,-0.00380663,0.245961,2.97451,0.35257,122.342
6.07053,2.52363,101.176,-0.767359,-0.200352,1.73188,-0.0119764,-0.00421646,0.249832,3.49401,0.451772,122.003
6.13977,1.30188,97.0532,-0.515448,-0.131131,1.26443,-0.0126581,-0.00599513,0.264737,1.80878,0.356957,121.89
6.37348,1.40252,96.9369,-0.322953,-0.0793535,0.944742,-0.0138055,-0.00675637,0.278836,2.35609,0.342913,121.667
6.02451,0.710927,90.4828,-0.236753,-0.057503,0.777671,-0.0156517,-0.00989727,0.310377,1.15276,-0.770029,120.728
6.1639,0.900892,90.8799,-0.172937,-0.0400978,0.656499,-0.0185865,-0.0116752,0.343466,1.69698,-0.900359,120.768
5.31233,0.817751,84.5892,-0.141202,-0.0310694,0.597189,-0.0229539,-0.0187138,0.412543,0.598417,-2.23429,118.265
5.40531,1.02749,85.2353,-0.118946,-0.0241152,0.550816,-0.0318035,-0.0263747,0.506483,1.13798,-2.47866,118.758
4.59949,1.59739,82.1097,-0.111721,-0.0185483,0.560205,-0.0458442,-0.0489854,0.693104,-0.0933261,-3.33954,120.264
4.70212,1.74473,82.8963,-0.115824,-0.0158724,0.583625,-0.0866733,-0.0985216,1.03887,0.510633,-3.66686,121.004
5.18545,3.38737,83.6503,-0.146612,-0.00888686,0.713737,-0.204276,-0.387327,2.20673,-0.63483,-3.74318,120.368
5.36208,3.4676,84.0182,-0.235079,-0.005625,0.955419,-4.22852,-5.43642,14.139,-0.00443872,-3.91906,121.255
5.94524,5.66872,84.4154,-0.755668,0.0672045,2.05894,-16.2329,-6.15412,48.6158,-0.95845,-3.17061,113.262
6.1108,5.57654,84.1087,-13.7517,0.225474,19.5636,-10.7944,-1.40966,47.551,-0.472236,-2.94306,112.862
5.61496,7.4649,76.2497,-28.2006,-4.47,48.1863,-8.03609,-0.65726,56.6394,-1.1394,-1.11875,89.3563
6.03929,6.84638,73.085,-12.455,-8.25253,55.4563,-9.49044,-0.796633,63.0296,-0.581251,-0.723655,87.7371
4.3724,6.85597,55.6651,-2.36534,-2.80071,58.5211,-4.98889,-0.126447,75.6564,-3.23732,-0.377633,45.4456
4.40873,6.57047,50.9332,-2.31369,-3.00175,61.405,-4.78623,-0.1669,76.7003,-2.57422,-0.269264,44.2785
2.8114,6.13081,40.7099,2.5455,2.2474,65.9293,1.80999,1.61098,97.9659,-5.11123,-1.63757,10.5163
2.50496,6.24565,38.5832,2.15511,2.08313,67.5655,2.02743,1.65401,98.0841,-1.98852,-0.605371,5.10338
1.33672,6.13894,39.1024,3.26483,4.38763,69.0925,6.74458,4.59554,104.477,-1.1377,-0.379165,2.68049
0.715852,5.91719,38.6809,2.88775,4.10434,70.1862,6.96652,4.36705,104.614,-0.493779,-0.172723,1.51538
-0.213908,5.08758,38.9805,1.55902,2.47314,73.2978,8.14213,6.88185,105.812,-0.296654,-0.103299,1.04248
-0.805186,4.74362,37.8488,1.27054,2.15463,74.2373,8.3352,6.78549,106.121,-0.184122,-0.0635455,0.792986
-3.36035,2.73318,29.5857,0.137093,-0.40839,79.6614,8.23617,7.7042,106.978,-0.134548,-0.0453319,0.654123
-3.77389,2.52214,27.2214,0.0985077,-0.573839,80.2064,8.46125,7.66906,107.521,-0.0994333,-0.0323442,0.563791
-7.52108,-0.648428,15.7776,0.0778675,-2.67271,87.9552,7.85386,7.0284,110.638,-0.0818912,-0.0261859,0.50866
-5.85911,-0.389122,11.9166,0.138531,-2.64296,88.6541,8.10985,7.11123,111.271,-0.0678366,-0.0208915,0.466803
-6.45961,-1.39992,10.1094,0.875648,-3.33555,97.3996,6.75635,6.10078,116.564,-0.0607458,-0.0182261,0.445361
-2.76308,-0.613714,4.90729,0.930404,-3.20225,98.3992,7.05934,6.19084,116.777,-0.0550989,-0.0157687,0.426893
-2.1641,-0.537955,3.70825,1.40766,-2.84669,105.64,4.76538,4.76167,120.235,-0.0526446,-0.0140254,0.425711
-1.08924,-0.278901,2.19319,1.70278,-2.59452,105.881,5.22074,4.91181,120.217,-0.0510055,-0.0127855,0.424214
-0.835505,-0.217755,1.74676,2.24971,-1.29531,105.989,2.82921,3.86593,123.138,-0.0517672,-0.0100854,0.446811
-0.575696,-0.155167,1.35718,2.64087,-1.16218,106.136,3.33503,4.13995,122.985,-0.0545906,-0.00921146,0.469335
-0.482552,-0.12878,1.18823,3.28935,-0.0713614,102.395,1.07856,3.38246,123.456,-0.0617225,-0.005544,0.529351
-0.383374,-0.103075,1.02788,3.67485,-0.0107661,102.671,1.58489,3.74278,123.453,-0.0747596,-0.00376959,0.603672
-0.340884,-0.0895934,0.965419,4.03929,0.257187,97.7444,-0.240345,3.2735,121.893,-0.103825,0.005745,0.767207
-0.307702,-0.0805153,0.91223,4.43247,0.230689,98.0578,0.269849,3.67918,122.232,-0.170251,0.0173709,1.0357
-0.308154,-0.0802496,0.959957,4.68439,-0.491679,93.1544,-0.642605,3.91151,119.37,-0.385871,0.0864106,1.76009
-0.355095,-0.0911486,1.06446,5.05281,-0.581729,93.6483,-0.136195,4.3073,120.071,-2.01745,0.449198,4.93085
-0.543008,-0.14174,1.50577,5.49745,-1.63143,86.5372,-0.018337,4.61702,108.905,-15.1035,0.0838916,27.036
-1.49435,-0.360862,3.00293,5.76107,-1.88668,88.0074,0.379643,4.90356,110.578,-9.22806,-4.47216,27.4053
-13.3061,-2.94299,19.2811,5.34566,-3.21755,76.3466,-0.871154,4.15218,83.2398,-4.60632,-6.2121,41.2755
-22.3525,-3.75979,35.408,5.53655,-2.97528,76.9218,-0.48637,4.17084,82.9512,-6.41521,-8.06296,54.0727
-10.6416,1.4685,58.3576,3.88087,-3.7904,56.561,-4.86723,1.95395,36.8214,-5.19939,-9.47007,82.8907
-5.11829,3.42176,60.3563,4.31835,-3.21787,53.2549,-4.18177,2.37624,36.2196,-5.21655,-9.44078,85.5173
2.56658,2.93494,64.5553,2.31573,-4.6557,39.752,-4.44108,-0.506975,8.11495,-3.03637,-8.62803,121.31
2.61149,2.9344,65.5099,2.45123,-4.67772,37.5187,-1.43721,-0.12579,3.35103,-2.44428,-8.1571,121.223
5.88066,2.45329,73.65,1.55929,-4.59212,35.6788,-0.697495,-0.0849149,1.67442,2.054,-5.92361,129.095
5.43824,2.49477,74.7454,0.81805,-4.46712,33.5392,-0.311898,-0.0341416,0.998771,2.34785,-5.28538,128.581
-0.478839,4.4597,28.7455,2.56454,3.29538,69.6743,5.99632,3.42043,109.626,-1.33042,-0.425104,2.68503
-0.865752,4.5449,38.9662,2.51206,2.1715,72.2782,9.85429,6.61778,105.577,-0.631184,-0.201989,1.53688
-1.31011,4.03363,36.6828,2.30062,1.78348,73.7216,9.88625,6.53211,107.066,-0.344164,-0.109299,1.05384
-4.08408,2.11468,26.6303,1.5213,-0.863727,79.2372,9.92708,7.41889,107.661,-0.234392,-0.0730023,0.827779
-4.63595,1.868,23.1016,1.60054,-1.08813,79.9971,10.3391,7.41422,108.068,-0.164829,-0.0499862,0.686196
-7.67335,-0.798062,14.4255,2.05761,-3.03759,87.5137,10.0649,6.88148,110.767,-0.130422,-0.0392212,0.603514
-5.48612,-0.530158,10.0985,2.31718,-2.93044,88.0635,10.5418,7.01335,111.214,-0.104422,-0.030696,0.541118
-5.8523,-1.17132,8.95252,3.68647,-3.55248,96.5828,9.6199,6.07565,116.13,-0.0911442,-0.0262227,0.507547
-2.45522,-0.491129,4.30345,4.04015,-3.24614,97.04,10.1748,6.24357,116.163,-0.0798379,-0.0219798,0.476403
-2.10527,-0.467047,3.53005,5.16844,-2.82436,104.199,8.13481,5.01392,119.86,-0.0743665,-0.0193277,0.467451
-1.17586,-0.26468,2.22318,5.64509,-2.51923,104.431,8.75847,5.22674,119.79,-0.0706692,-0.0174808,0.460289
-0.93512,-0.211783,1.81378,6.30458,-1.21221,104.593,6.60275,4.24989,122.868,-0.072531,-0.0148259,0.481087
-0.663667,-0.153047,1.42011,6.86908,-1.05016,104.708,7.30192,4.55193,122.608,-0.0762903,-0.0142644,0.501104
-0.570958,-0.128828,1.26107,7.54867,0.0121865,100.734,5.45784,3.88349,122.726,-0.0893891,-0.0120144,0.562215
-0.464932,-0.104249,1.09888,8.1067,0.0618873,101.087,6.16329,4.25654,122.66,-0.110099,-0.0125968,0.638429
-0.427411,-0.0922544,1.04657,8.35281,0.322523,96.2481,4.47983,3.86914,121.511,-0.164455,-0.00858965,0.81652
-0.392269,-0.0832407,0.992284,8.93933,0.251263,96.7144,5.22056,4.31197,121.809,-0.275458,-0.0113463,1.10009
-0.411687,-0.0855735,1.06096,9.04129,-0.310024,91.9818,4.40203,4.58184,119.387,-0.682162,0.00355065,1.92649
-0.489214,-0.0991395,1.19512,9.62678,-0.455466,92.6699,5.17944,4.98721,120.015,-3.78558,-0.0794727,6.38606
-0.860455,-0.175164,1.83482,9.81432,-1.32718,85.5849,5.00194,5.34285,109.2,-19.7572,-2.63507,28.051
-3.31157,-0.623788,5.17114,10.4349,-1.49332,86.8375,5.74157,5.87542,111.077,-12.6909,-3.7523,21.3618
-21.4431,-3.68488,28.8446,9.51775,-2.40824,74.5476,3.29471,5.08473,83.9809,-15.4048,-7.75936,39.9613
-25.3506,-3.53479,35.3986,9.98446,-2.41802,75.0187,4.01422,4.75127,83.8639,-15.6785,-11.3132,61.2289
-21.0689,-0.979461,55.1917,6.95979,-3.48227,53.8786,-3.28926,2.23783,35.8147,-14.0833,-12.0538,86.721
-12.7412,2.6376,69.721,7.3854,-2.563,50.0491,-2.32585,2.88559,35.3094,-13.0312,-11.4956,87.019
-2.10094,1.93945,65.9253,4.49635,-4.3736,37.468,-5.29271,-0.562309,9.19593,-13.71,-11.5727,121.776
-1.50442,1.96885,65.2979,4.62122,-4.54037,35.3385,-1.65974,-0.119654,3.75247,-12.7724,-11.0001,121.173
1.33586,1.44491,73.6632,3.55549,-4.30069,32.7926,-0.909286,-0.104613,1.99632,-8.67257,-9.0849,128.025
1.20672,1.46049,74.3794,3.19157,-4.37152,32.1332,-0.38159,-0.0404563,1.11543,-8.01048,-8.4902,127.545
2.61344,2.13293,81.5645,1.50562,-3.15807,28.8491,-0.226484,-0.0235715,0.760595,-4.57037,-6.28908,120.267
2.63919,2.21117,81.7314,1.0261,-3.09307,27.9577,-0.132971,-0.0127285,0.570253,-4.14935,-5.9448,120.414
3.36514,3.33407,86.7504,-0.905399,-2.61475,24.5581,-0.0912594,-0.00828727,0.461148,-2.71713,-4.87557,115.823
3.45045,3.44665,86.9873,-1.74281,-2.46641,21.802,-0.0627535,-0.00548796,0.390937,-2.30065,-4.73534,116.102
3.5128,4.30835,92.2056,-4.46325,-2.18391,15.9389,-0.0463493,-0.00414299,0.345406,-1.82015,-4.42275,117.999
3.78104,4.3768,92.1582,-4.55691,-1.88056,12.5938,-0.0349343,-0.00330875,0.312743,-1.23847,-4.35381,118.055
3.84044,4.59329,96.8892,-5.58785,-1.81544,10.4598,-0.0276749,-0.00308663,0.291705,-0.472164,-3.70344,122.486
4.35921,4.55745,96.2266,-4.0103,-1.31822,7.62991,-0.0225977,-0.00288745,0.274751,0.31172,-3.58078,122.047
4.22467,3.7694,100.722,-3.92363,-1.10688,6.44334,-0.0195173,-0.00330471,0.266825,0.240349,-2.13768,123.389
4.6657,3.78676,100.321,-1.91431,-0.537857,3.58206,-0.0175214,-0.00342738,0.259975,0.925342,-1.90772,122.846
5.01947,2.53853,101.248,-1.52687,-0.391354,2.7566,-0.0165911,-0.00447249,0.262651,-0.466932,-0.701646,122.422
5.44696,2.59168,100.75,-0.834039,-0.208133,1.75388,-0.0164173,-0.00488256,0.264347,0.193848,-0.56428,122.098
5.63264,1.40336,96.3174,-0.599926,-0.145741,1.33985,-0.0168333,-0.00664512,0.277626,-1.32814,-0.600495,121.759
5.91149,1.53086,96.3424,-0.39056,-0.0921919,1.00996,-0.0181685,-0.00761929,0.290899,-0.701787,-0.581088,121.525
5.66032,0.892048,90.1122,-0.290945,-0.0677952,0.83539,-0.0204393,-0.011029,0.32262,-1.78863,-1.621,120.573
5.83669,1.08376,90.5221,-0.216073,-0.0483378,0.705458,-0.0245675,-0.0135261,0.358305,-1.17475,-1.72627,120.586
5.0138,1.05731,84.2608,-0.177759,-0.0380992,0.642273,-0.0315184,-0.0219997,0.433885,-2.0702,-2.93316,117.857
5.13715,1.27413,84.976,-0.151495,-0.0301493,0.593786,-0.0459157,-0.0322428,0.539343,-1.4754,-3.18374,118.378
4.314,1.80133,81.9214,-0.14339,-0.024584,0.605926,-0.0733901,-0.0628169,0.754005,-2.70918,-3.94424,120.104
4.4336,1.95635,82.8526,-0.149473,-0.0222136,0.630435,-0.155796,-0.133254,1.16181,-2.05679,-4.28815,120.786
4.79977,3.4749,83.6762,-0.189326,-0.0170307,0.771524,-0.55229,-0.613475,2.74302,-3.24179,-4.4256,120.673
5.01115,3.5366,83.9529,-0.297033,-0.0188932,1.01719,-10.373,-7.73379,21.0091,-2.59144,-4.50279,121.359
5.59691,5.67741,84.6905,-0.887487,0.0172178,2.12457,-17.0202,-6.14203,42.3576,-3.35852,-3.94189,113.9
5.73946,5.60058,84.2393,-13.8921,-0.316261,19.2846,-12.0207,-1.84136,48.5666,-2.9059,-3.48289,113.087
5.08059,7.50246,76.1421,-29.5717,-3.9224,44.4287,-9.53305,-1.03725,58.8974,-3.16744,-1.57274,90.0142
5.48679,6.85943,73.0532,-15.8899,-8.0695,53.5455,-10.6622,-1.068,64.0015,-2.63779,-1.22136,88.6055
3.67758,6.57052,54.4533,-3.84757,-3.66126,61.4571,-5.97135,-0.563361,76.564,-4.39824,-0.745718,46.3596
3.78076,6.38827,50.3053,-2.75851,-3.39569,62.2746,-5.76413,-0.593095,77.58,-3.76665,-0.653846,45.6611
2.36722,5.97911,40.3231,2.23,1.71258,66.798,0.647497,1.30053,98.6064,-5.19133,-1.60576,10.5558
2.0757,6.05357,37.9373,1.94699,1.50711,68.3321,0.929011,1.31356,98.7323,-1.99327,-0.570916,5.01242
0.869873,5.94348,37.8034,3.22897,3.7587,69.5295,5.71231,4.05429,105.287,-1.07027,-0.352287,2.55383
0.233262,5.77405,37.3597,2.85443,3.44922,70.6028,5.98141,3.78139,105.19,-0.467897,-0.160992,1.4721
-0.738034,5.00857,37.37,1.70628,1.77876,73.5872,7.29526,6.23607,105.958,-0.288062,-0.0990414,1.02729
-1.36255,4.71752,36.2463,1.45056,1.50597,74.3597,7.49716,6.1312,106.224,-0.180879,-0.0615726,0.790075
-3.87781,2.79389,28.4182,0.380184,-1.04308,79.7055,7.44956,7.08794,107.058,-0.133749,-0.0442769,0.655505
-4.40099,2.51874,25.6102,0.266946,-1.26437,80.4735,7.6317,7.06715,107.592,-0.0997925,-0.0319396,0.565793
-7.60892,-0.544614,15.1793,0.2519,-3.34105,88.357,6.86158,6.49719,111.017,-0.0821705,-0.0257909,0.509846
-5.67202,-0.246769,11.3117,0.329884,-3.24156,88.8486,7.12545,6.57001,111.533,-0.0675061,-0.020325,0.466372
-5.92559,-1.18946,9.33114,1.06632,-4.02426,97.5534,5.65797,5.40301,115.853,-0.0598923,-0.0175906,0.443258
-2.48236,-0.517423,4.51011,1.12852,-3.85644,98.4675,5.9508,5.50424,116.031,-0.0536176,-0.0150255,0.422775
-1.945,-0.458546,3.41626,1.65296,-3.44444,105.578,3.45216,4.02132,119.827,-0.0505723,-0.0131894,0.419318
-1.04326,-0.253475,2.12146,1.93175,-3.18109,105.786,3.86284,4.17771,119.838,-0.048505,-0.0118447,0.416761
-0.800959,-0.198192,1.69394,2.53861,-1.83977,105.557,1.54442,3.14005,122.742,-0.049422,-0.00954393,0.437313
-0.564758,-0.144399,1.33454,2.88056,-1.71919,105.718,2.0047,3.38625,122.591,-0.0522395,-0.00863558,0.460025
-0.477758,-0.120704,1.17524,3.51808,-0.663877,101.771,-0.178587,2.7223,123.251,-0.0601781,-0.00548081,0.519054
-0.384277,-0.0977464,1.0246,3.86491,-0.632841,101.973,0.295539,3.05255,123.186,-0.0732183,-0.00421735,0.59126
-0.347488,-0.0860505,0.971724,4.12204,-0.321837,96.843,-1.56092,2.67824,121.996,-0.102996,0.00368152,0.748963
-0.318872,-0.078445,0.926859,4.45903,-0.402588,97.1371,-1.09842,3.05104,122.228,-0.166549,0.0118825,1.00013
-0.329818,-0.0805186,0.991326,4.56041,-1.01353,92.2661,-2.12992,3.28553,119.534,-0.36624,0.0643958,1.65733
-0.395805,-0.0950516,1.12631,4.86893,-1.16805,92.723,-1.68496,3.6345,120.121,-1.66191,0.298513,4.2238
-0.682597,-0.165869,1.71088,5.22073,-2.12969,85.774,-1.64204,4.0626,109.557,-13.9777,0.127781,23.8443
-2.60083,-0.58485,4.48904,5.46604,-2.41825,86.9562,-1.28128,4.22671,111.067,-10.7663,-4.40824,27.289
-20.8811,-4.22949,29.2135,5.02965,-3.37381,74.6727,-2.11038,3.76979,83.2654,-6.4656,-6.7636,42.1247
-23.7686,-3.09859,40.1486,5.18077,-3.16806,74.8222,-1.75468,3.70186,83.3162,-7.96885,-8.51322,54.0367
-10.3524,2.16249,60.8794,3.54872,-4.04747,53.888,-5.37663,1.74238,34.9918,-7.58347,-10.1411,84.0457
-5.26911,3.27513,57.2343,3.97305,-3.783,51.061,-4.70077,2.10917,35.052,-7.6605,-10.1042,86.1694
1.30869,2.56784,63.7495,2.02873,-5.13577,38.5059,-4.15242,-0.348895,7.8382,-6.61972,-9.75722,120.74
1.10979,2.48657,65.1345,2.13241,-5.17028,36.0498,-1.31306,-0.0726846,3.2996,-6.11421,-9.35649,120.542
4.08767,1.91044,73.3986,1.29807,-5.01995,33.9669,-0.621414,-0.0589899,1.61959,-2.04188,-7.367,127.88
3.82067,1.87004,73.9866,0.867957,-5.10314,33.3775,-0.265858,-0.0224908,0.953368,-1.66699,-6.80524,127.275
5.23331,2.48437,81.1356,-0.541092,-3.79894,30.1635,-0.157475,-0.0128329,0.659024,1.1104,-4.73706,120.2
5.06057,2.51994,81.4158,-1.05054,-3.6933,29.0309,-0.0934668,-0.00677188,0.50247,1.34577,-4.4405,120.197
5.61552,3.57505,86.5196,-2.65126,-3.06825,25.5745,-0.0638838,-0.00425949,0.409043,2.30062,-3.53331,116.138
5.60082,3.62462,86.5948,-3.21727,-2.93387,23.5148,-0.0439118,-0.00277643,0.349237,2.55825,-3.42987,116.411
5.69134,4.45163,91.3401,-5.23564,-2.70796,18.7561,-0.0323075,-0.00217243,0.310285,2.98985,-3.09553,117.92
5.8485,4.45734,91.1217,-5.37538,-2.50975,16.1672,-0.0242039,-0.00182132,0.28272,3.40263,-3.0534,117.93
5.63919,4.61091,95.9978,-6.53115,-2.30081,12.6476,-0.0191535,-0.00195648,0.265854,3.96392,-2.52745,122.642
5.94562,4.54464,95.4086,-4.82946,-1.70803,9.46331,-0.0156526,-0.00195865,0.252571,4.53636,-2.42961,122.084
5.54407,3.84558,100.579,-4.11577,-1.24043,6.97695,-0.0136882,-0.00252658,0.247098,4.31472,-0.934156,123.874
5.78062,3.82578,100.351,-1.94885,-0.578647,3.81022,-0.0123724,-0.0027188,0.242675,4.8073,-0.735834,123.231
5.88954,2.56994,101.62,-1.35166,-0.364779,2.61392,-0.0120256,-0.00384692,0.247025,3.14604,0.538214,122.416
6.18975,2.57571,101.131,-0.703384,-0.183076,1.63429,-0.0120819,-0.0042763,0.250885,3.66515,0.641488,122.067
6.24486,1.37953,97.011,-0.474671,-0.120123,1.20082,-0.0127749,-0.00610381,0.265857,1.96597,0.586609,121.93
6.47477,1.47892,96.9013,-0.300058,-0.0733043,0.906044,-0.0139388,-0.00689462,0.280005,2.51091,0.570978,121.698
6.11478,0.796745,90.4458,-0.221054,-0.0533323,0.749788,-0.0158123,-0.0101352,0.311737,1.29814,-0.522036,120.751
6.25284,0.978554,90.8542,-0.162363,-0.0374044,0.636466,-0.0187868,-0.0119972,0.34503,1.84376,-0.662853,120.789
5.39358,0.892549,84.564,-0.133114,-0.0290997,0.581118,-0.0232315,-0.0193328,0.414698,0.737962,-1.99376,118.284
5.48729,1.09484,85.2146,-0.112639,-0.0227109,0.538023,-0.0322484,-0.0274361,0.509633,1.27975,-2.24563,118.778
4.67819,1.65558,82.103,-0.106141,-0.0175533,0.548703,-0.0467034,-0.05152,0.69908,0.0514324,-3.10595,120.274
4.78069,1.8,82.8967,-0.110463,-0.0150737,0.573345,-0.0893265,-0.105055,1.0531,0.657079,-3.42762,120.995
5.26173,3.44242,83.6629,-0.14018,-0.00841718,0.702956,-0.22007,-0.429356,2.28185,-0.492567,-3.4998,120.345
5.43898,3.53618,84.0065,-0.226226,-0.0048622,0.945002,-4.91085,-6.15124,15.4893,0.126666,-3.61772,121.187
6.02341,5.71654,84.3733,-0.740435,0.0690464,2.05856,-16.259,-6.19633,48.3755,-0.832326,-2.9366,113.249
6.20312,5.61707,83.9965,-14.4819,0.169171,20.6364,-10.6099,-1.51594,46.9749,-0.339281,-2.70112,112.864
5.67221,7.45169,75.9645,-27.9139,-5.31222,50.4509,-8.10492,-0.816217,56.6335,-1.10402,-0.892135,89.3569
5.98705,6.89818,72.8558,-11.7526,-8.35053,55.2477,-9.72643,-0.98099,63.216,-0.652052,-0.462196,87.729
4.30138,6.89001,55.3851,-2.18384,-2.76821,57.7675,-5.21032,-0.340634,75.8741,-3.35569,-0.234516,45.4791
4.37931,6.60603,50.633,-2.31201,-3.11719,61.3832,-4.93963,-0.372598,76.9124,-2.64658,-0.125149,44.3403
2.77944,6.13298,40.3135,2.53785,2.13362,65.9616,1.68977,1.38056,98.1945,-5.18961,-1.62936,10.621
2.49604,6.22329,38.1317,2.1997,1.93413,67.5827,1.9449,1.39207,98.3025,-2.02916,-0.604213,5.16343
1.3469,6.1205,38.6578,3.33966,4.23433,69.1059,6.70619,4.31589,104.67,-1.16315,-0.385517,2.71684
0.730703,5.92481,38.3138,2.98077,3.96402,70.1946,6.95505,4.10886,104.768,-0.503213,-0.175252,1.53029
-0.20176,5.13275,38.7202,1.65552,2.34921,73.3176,8.1557,6.64358,105.913,-0.301944,-0.105,1.05142
-0.802658,4.8244,37.7288,1.36241,2.06523,74.2506,8.35735,6.58489,106.191,-0.187206,-0.0645897,0.798825
-3.38187,2.83331,29.6453,0.23277,-0.493276,79.7067,8.26547,7.51853,107.041,-0.13669,-0.0461267,0.658547
-3.88553,2.59718,26.9989,0.159083,-0.685794,80.3794,8.47685,7.48714,107.598,-0.100947,-0.032962,0.567289
-7.53542,-0.634708,15.5431,0.140325,-2.79648,88.1291,7.87373,6.83432,110.645,-0.0830903,-0.0267071,0.511636
-5.75541,-0.384152,11.5424,0.199065,-2.747,88.8119,8.13615,6.92027,111.231,-0.0687803,-0.0213438,0.469354
-6.20432,-1.33631,9.72038,0.952549,-3.47508,97.5853,6.79445,5.87355,116.476,-0.0615548,-0.01864,0.447682
-2.57611,-0.576938,4.62857,1.02904,-3.32938,98.5392,7.10698,5.96318,116.684,-0.0557974,-0.016151,0.428973
-1.97255,-0.495437,3.44169,1.55241,-2.98011,105.715,4.82797,4.52397,120.132,-0.0532919,-0.0143844,0.427662
-1.00906,-0.261977,2.07372,1.87777,-2.67778,105.839,5.29392,4.69934,120.122,-0.0515977,-0.0131423,0.426
-0.776457,-0.205289,1.65859,2.43531,-1.3687,105.92,2.9085,3.6564,123.032,-0.052359,-0.0104345,0.448567
-0.540871,-0.148264,1.30222,2.82937,-1.2188,106.042,3.4165,3.93555,122.87,-0.0551801,-0.0096201,0.471033
-0.456472,-0.124132,1.14673,3.47345,-0.125459,102.302,1.16279,3.17555,123.332,-0.0623899,-0.00603272,0.531196
-0.366395,-0.100602,1.00004,3.85821,-0.0670491,102.583,1.66959,3.53475,123.318,-0.0755399,-0.00448493,0.605754
-0.329071,-0.088527,0.945988,4.21024,0.202443,97.672,-0.156314,3.07354,121.746,-0.10499,0.00459125,0.770208
-0.30112,-0.080664,0.901856,4.60571,0.164472,97.996,0.355414,3.47484,122.078,-0.172397,0.0150498,1.04103
-0.307252,-0.0821032,0.959977,4.84345,-0.545543,93.1014,-0.559982,3.72827,119.205,-0.393347,0.0804812,1.7764
-0.3647,-0.095882,1.08368,5.22029,-0.653683,93.6003,-0.0496616,4.10738,119.903,-2.10984,0.418985,5.07171
-0.597867,-0.16014,1.60144,5.64531,-1.69577,86.4932,0.0613277,4.43274,108.714,-15.477,-0.328582,27.7862
-2.05915,-0.509504,3.80616,5.96121,-1.97357,87.8536,0.483061,4.66314,110.467,-8.96712,-4.59473,27.1949
-18.7414,-4.25644,26.7368,5.55277,-2.99981,75.7374,-0.743563,4.10719,83.162,-4.33524,-6.17639,40.8432
-21.1096,-3.27219,36.6573,5.69406,-3.07093,76.8082,-0.436072,3.90029,82.8624,-6.38549,-8.09967,53.9396
-8.07543,2.06987,57.1255,3.96835,-3.96224,56.6346,-4.88281,1.76497,36.7348,-5.2525,-9.5312,82.8363
-3.95428,3.42866,57.3848,4.42265,-3.43376,53.3289,-4.19791,2.18826,36.1993,-5.27332,-9.49564,85.4727
2.91676,2.88985,64.2118,2.39995,-4.76226,39.6189,-4.49387,-0.499992,8.19171,-3.04481,-8.66261,121.206
2.87888,2.83656,65.4785,2.5499,-4.77008,37.3736,-1.46319,-0.123773,3.39423,-2.42499,-8.22231,121.137
6.22237,2.29914,73.5429,1.68857,-4.71753,35.6058,-0.710626,-0.0841817,1.69496,2.12123,-6.06015,129.021
5.85171,2.29527,74.4432,0.940032,-4.58373,33.1459,-0.316973,-0.0338571,1.00781,2.40755,-5.53619,128.683
-0.476039,4.44612,28.6869,2.58461,3.29411,69.6272,6.00516,3.41889,109.621,-1.33076,-0.424829,2.68538
-0.860802,4.53329,38.9004,2.53291,2.16272,72.236,9.86456,6.60849,105.568,-0.631476,-0.201828,1.53722
-1.30665,4.02046,36.6403,2.31941,1.77411,73.6836,9.89655,6.52155,107.058,-0.344381,-0.109186,1.05411
-4.08716,2.0938,26.5534,1.54007,-0.87829,79.2039,9.93738,7.40328,107.656,-0.234566,-0.0729289,0.828014
-4.64728,1.83299,22.9588,1.61631,-1.10852,79.9754,10.3485,7.39507,108.065,-0.16497,-0.0499292,0.68639
-7.64594,-0.821742,14.3678,2.07616,-3.04348,87.4739,10.0768,6.87034,110.764,-0.130539,-0.0391662,0.603679
-5.49122,-0.54949,10.1156,2.3438,-2.91107,87.9818,10.5596,7.01684,111.208,-0.104519,-0.0306279,0.541268
-5.99754,-1.20902,9.15392,3.73002,-3.50193,96.4351,9.64802,6.09969,116.129,-0.091226,-0.0261451,0.507721
-2.63087,-0.526178,4.5434,4.09173,-3.18146,96.864,10.2085,6.2811,116.168,-0.079913,-0.0218932,0.476639
-2.34647,-0.519625,3.85032,5.21027,-2.77403,104.06,8.16416,5.0465,119.873,-0.0744544,-0.0192491,0.467811
-1.29684,-0.291492,2.38862,5.66271,-2.50012,104.376,8.7756,5.24192,119.795,-0.0707967,-0.017417,0.460807
-1.0306,-0.233303,1.9448,6.31354,-1.20744,104.573,6.61639,4.25746,122.877,-0.0727233,-0.0147734,0.481864
-0.721746,-0.166405,1.50229,6.87164,-1.05633,104.714,7.31241,4.55204,122.611,-0.0765806,-0.0142311,0.502195
-0.616365,-0.139062,1.32578,7.55097,0.00132842,100.744,5.46894,3.88022,122.733,-0.0898691,-0.011987,0.563912
-0.496146,-0.111189,1.14439,8.10913,0.0463317,101.102,6.17452,4.24955,122.664,-0.110934,-0.0126084,0.64107
-0.452767,-0.0975906,1.08387,8.35618,0.306847,96.2599,4.49245,3.86257,121.516,-0.166346,-0.00860483,0.82165
-0.411932,-0.0872031,1.0215,8.94456,0.23293,96.7232,5.23428,4.30292,121.812,-0.280497,-0.0115626,1.1112
-0.431005,-0.0891894,1.08974,9.047,-0.326053,91.9865,4.41669,4.57491,119.386,-0.706821,0.00315602,1.96814
-0.511318,-0.103016,1.22738,9.6364,-0.472642,92.6597,5.19808,4.97307,120.01,-4.1205,-0.102685,6.82978
-0.91299,-0.184301,1.90794,9.82318,-1.34044,85.5673,5.02132,5.32599,109.181,-20.1834,-2.82775,28.6728
-3.70725,-0.690464,5.68356,10.448,-1.49256,86.7891,5.76242,5.87764,111.076,-12.3761,-3.75681,21.048
-22.189,-3.75069,29.8053,9.53411,-2.38681,74.4656,3.31904,5.09457,83.9773,-15.0712,-7.7328,39.7052
-24.9562,-3.39875,34.9571,10.0083,-2.46163,75.0153,4.03435,4.72533,83.878,-15.5434,-11.2773,61.0807
-20.7215,-0.85006,55.0721,6.97802,-3.51256,53.8632,-3.27591,2.21513,35.8185,-14.0012,-12.0324,86.6879
-12.624,2.63647,69.3165,7.4027,-2.60084,50.0465,-2.31311,2.86445,35.3057,-12.9684,-11.4747,87.0131
-2.11714,1.91852,65.8418,4.50776,-4.39385,37.4385,-5.28451,-0.565883,9.18488,-13.6229,-11.5492,121.786
-1.54024,1.95348,65.2599,4.62863,-4.5532,35.3057,-1.65733,-0.120462,3.74817,-12.6956,-10.9657,121.187
1.29426,1.42814,73.6187,3.56145,-4.31439,32.7625,-0.908243,-0.104825,1.99453,-8.59312,-9.04777,128.037
1.16267,1.45021,74.3293,3.19433,-4.38094,32.1105,-0.3813,-0.0405029,1.11467,-7.9379,-8.44421,127.559
2.56281,2.12282,81.5142,1.50904,-3.17027,28.8497,-0.22633,-0.0235865,0.760118,-4.50173,-6.24441,120.276
2.58857,2.20353,81.6764,1.03023,-3.10476,27.9806,-0.132891,-0.0127255,0.569893,-4.08228,-5.89606,120.425
3.30607,3.32777,86.7048,-0.909982,-2.6235,24.534,-0.091202,-0.00828242,0.460841,-2.65329,-4.82872,115.832
3.37934,3.44645,86.9686,-1.78266,-2.45554,21.5932,-0.0627169,-0.00548286,0.390657,-2.24226,-4.68691,116.114
3.43247,4.30893,92.1992,-4.48925,-2.14845,15.6485,-0.0463227,-0.00413941,0.345133,-1.76222,-4.37409,118.015
3.71786,4.3691,92.1109,-4.53714,-1.83686,12.3703,-0.0349105,-0.00330982,0.31247,-1.17175,-4.30701,118.072
3.80318,4.57128,96.7637,-5.602,-1.80067,10.4621,-0.0276469,-0.0030919,0.291424,-0.386735,-3.65825,122.505
4.35457,4.52033,96.0245,-4.20834,-1.37005,7.92793,-0.0225598,-0.00289592,0.274471,0.41757,-3.54586,122.074
4.23236,3.72772,100.473,-4.37351,-1.22678,7.05885,-0.0194676,-0.00330874,0.266548,0.359185,-2.10663,123.43
4.64844,3.7502,100.138,-2.18888,-0.613058,3.96945,-0.0174635,-0.00342976,0.259714,1.03504,-1.88126,122.888
4.96561,2.51093,101.151,-1.77889,-0.454563,3.10116,-0.0165281,-0.00446854,0.2624,-0.375764,-0.670434,122.461
5.36067,2.56873,100.741,-0.938685,-0.233379,1.90483,-0.0163523,-0.00487798,0.264116,0.268011,-0.53232,122.126
5.54063,1.38556,96.3284,-0.6635,-0.160545,1.43341,-0.0167629,-0.00663414,0.277402,-1.26151,-0.562448,121.788
5.8157,1.51219,96.364,-0.42287,-0.0994467,1.06094,-0.0180917,-0.00760729,0.290692,-0.637853,-0.544145,121.55
5.56929,0.876923,90.1309,-0.310791,-0.0721914,0.86847,-0.0203453,-0.0110074,0.322416,-1.72853,-1.57921,120.599
5.74537,1.06618,90.5407,-0.228058,-0.0509114,0.726996,-0.024453,-0.0135025,0.358121,-1.1149,-1.68667,120.609
4.92835,1.04146,84.275,-0.18611,-0.0398618,0.658286,-0.0313483,-0.0219593,0.433716,-2.01345,-2.89198,117.879
5.05153,1.25511,84.9886,-0.157429,-0.0313661,0.605805,-0.0456617,-0.0321991,0.539238,-1.41803,-3.14522,118.398
4.23213,1.7778,81.9331,-0.148336,-0.0255551,0.61656,-0.0729071,-0.0627838,0.754097,-2.64899,-3.91026,120.121
4.35047,1.93239,82.8603,-0.153945,-0.0230751,0.640075,-0.154845,-0.133419,1.16266,-1.99791,-4.25295,120.801
4.71626,3.44806,83.6845,-0.194779,-0.0179434,0.783131,-0.54918,-0.616965,2.75032,-3.18155,-4.39469,120.683
4.92565,3.51709,83.948,-0.305556,-0.0202201,1.0333,-10.3734,-7.78383,21.0968,-2.53702,-4.45919,121.369
5.50963,5.65794,84.6849,-0.923996,0.0145531,2.18002,-16.926,-6.1041,42.3988,-3.30821,-3.90092,113.903
5.66187,5.57463,84.1899,-14.339,-0.407708,19.8646,-11.9205,-1.81921,48.456,-2.84947,-3.44262,113.095
4.99663,7.4977,76.1491,-29.1309,-3.99005,43.9197,-9.47517,-1.03887,58.8519,-3.13346,-1.5358,90.0104
5.4047,6.85693,73.0716,-15.7133,-8.03827,53.1647,-10.617,-1.0746,63.9957,-2.60268,-1.18804,88.5986
3.6198,6.56785,54.4566,-3.82659,-3.67105,61.3832,-5.91918,-0.561664,76.5555,-4.37912,-0.726822,46.3501
3.72698,6.38454,50.3038,-2.7605,-3.41788,62.2757,-5.71311,-0.588932,77.5709,-3.74746,-0.636976,45.6539
2.32178,5.98356,40.3192,2.22209,1.70119,66.7957,0.707277,1.31477,98.5854,-5.19719,-1.60671,10.5652
2.03195,6.05753,37.9332,1.93916,1.49573,68.3239,0.985255,1.32749,98.7161,-1.99682,-0.570133,5.01789
0.824719,5.94553,37.8027,3.21936,3.7453,69.5222,5.76852,4.06467,105.269,-1.07282,-0.352324,2.55732
0.188671,5.77219,37.3582,2.84431,3.43408,70.5921,6.03517,3.789,105.176,-0.468921,-0.160877,1.47362
-0.783108,5.00324,37.3707,1.6972,1.75768,73.5733,7.34792,6.23568,105.944,-0.288674,-0.098992,1.02825
-1.40679,4.70942,36.2405,1.44113,1.48267,74.3439,7.54867,6.12649,106.213,-0.181249,-0.0615223,0.790715
-3.91187,2.78137,28.3962,0.371286,-1.07134,79.6847,7.50054,7.077,107.05,-0.134008,-0.0442447,0.655992
-4.42939,2.50074,25.5867,0.257783,-1.29222,80.4494,7.6823,7.05338,107.586,-0.0999731,-0.0319083,0.56617
-7.60583,-0.563436,15.1904,0.242723,-3.3593,88.3143,6.91428,6.48808,111.014,-0.0823048,-0.0257579,0.51016
-5.6987,-0.266268,11.3869,0.321092,-3.24531,88.789,7.17932,6.56918,111.528,-0.0676062,-0.0202822,0.466643
-6.02948,-1.22247,9.48244,1.0606,-4.01737,97.4668,5.7166,5.41121,115.854,-0.0599683,-0.0175415,0.443523
-2.5755,-0.539391,4.64211,1.12074,-3.84786,98.3798,6.00898,5.51557,116.032,-0.0536787,-0.0149731,0.423053
-2.03947,-0.481699,3.54487,1.63293,-3.45155,105.516,3.50689,4.02412,119.832,-0.0506269,-0.0131407,0.419644
-1.08441,-0.263774,2.17999,1.89655,-3.20453,105.765,3.91012,4.16907,119.837,-0.0485649,-0.0118053,0.417147
-0.829309,-0.205337,1.73453,2.49977,-1.87002,105.545,1.59065,3.12527,122.746,-0.0494912,-0.00950566,0.437811
-0.581094,-0.148568,1.35889,2.8381,-1.75466,105.714,2.0486,3.36624,122.591,-0.0523307,-0.00860865,0.46066
-0.489591,-0.123611,1.19308,3.47719,-0.701104,101.764,-0.134917,2.69862,123.255,-0.0603075,-0.00544876,0.519966
-0.392058,-0.0995775,1.03675,3.82285,-0.673557,101.966,0.337923,3.02536,123.187,-0.07343,-0.00420702,0.592583
-0.353732,-0.0873806,0.981708,4.0819,-0.361777,96.8338,-1.51932,2.64999,121.997,-0.103422,0.00371161,0.751306
-0.324046,-0.0794309,0.935444,4.41859,-0.445272,97.1246,-1.05777,3.02015,122.228,-0.167662,0.0118605,1.00476
-0.335911,-0.0815474,1.0018,4.52109,-1.05392,92.2517,-2.09095,3.25546,119.53,-0.371021,0.0647635,1.67142
-0.405352,-0.0965886,1.14264,4.83073,-1.21102,92.6997,-1.64586,3.60026,120.117,-1.71876,0.301793,4.32126
-0.715566,-0.171746,1.76343,5.18528,-2.16721,85.7427,-1.60387,4.02419,109.538,-14.2618,-0.0143767,24.3703
-2.97489,-0.656619,4.99415,5.43286,-2.44309,86.8962,-1.24214,4.19893,111.061,-10.5437,-4.47061,27.1815
-22.401,-4.39332,31.2943,5.01449,-3.31887,74.5049,-2.06376,3.79013,83.2605,-6.25852,-6.71059,41.858
-23.0381,-2.67293,40.4388,5.16782,-3.2077,74.7782,-1.71428,3.66115,83.3144,-7.87965,-8.47939,53.9361
-9.55631,2.37448,60.2168,3.53358,-4.11844,53.9057,-5.36721,1.69794,34.9972,-7.54146,-10.125,84.0399
-4.97322,3.30279,56.4278,3.95554,-3.8554,51.084,-4.69016,2.07352,35.0583,-7.62486,-10.0874,86.1628
1.36785,2.58273,63.6543,2.01888,-5.17133,38.4789,-4.14967,-0.350715,7.83531,-6.56298,-9.73715,120.741
1.13296,2.50184,65.1247,2.11952,-5.196,36.0184,-1.31229,-0.0729789,3.29885,-6.06723,-9.32833,120.545
4.1167,1.92819,73.3672,1.28424,-5.04686,33.9435,-0.621285,-0.0589399,1.61952,-1.99548,-7.3383,127.879
3.84612,1.89465,73.9503,0.849255,-5.12477,33.3625,-0.265843,-0.0224262,0.953408,-1.62954,-6.76867,127.275
5.25694,2.51301,81.1048,-0.559039,-3.82101,30.1591,-0.157481,-0.01278,0.659076,1.14398,-4.70278,120.196
5.08083,2.55107,81.3867,-1.07021,-3.7123,29.0326,-0.0934759,-0.00673065,0.50252,1.37518,-4.40333,120.193
5.63372,3.60831,86.4961,-2.6703,-3.08567,25.5685,-0.0638924,-0.00422813,0.409088,2.32763,-3.4984,116.132
5.61545,3.65863,86.5773,-3.24131,-2.94724,23.4746,-0.0439192,-0.00275247,0.349278,2.58242,-3.3948,116.406
5.70497,4.48759,91.325,-5.25316,-2.71402,18.6994,-0.0323138,-0.0021539,0.310322,3.01245,-3.05998,117.916
5.86365,4.48993,91.1015,-5.38419,-2.51295,16.1293,-0.0242087,-0.00180728,0.282753,3.42555,-3.01936,117.926
5.6583,4.64226,95.9659,-6.54291,-2.30298,12.666,-0.0191566,-0.00194568,0.265886,3.98844,-2.49205,122.637
5.96835,4.56894,95.3686,-4.88286,-1.72432,9.55252,-0.0156536,-0.00194995,0.252604,4.56444,-2.3999,122.079
5.56752,3.87278,100.536,-4.20605,-1.26474,7.10429,-0.0136873,-0.00251786,0.247134,4.34262,-0.902722,123.871
5.79577,3.84947,100.333,-1.99871,-0.59198,3.88342,-0.0123709,-0.00271007,0.242717,4.83354,-0.711166,123.224
5.89663,2.59756,101.622,-1.38452,-0.372422,2.66073,-0.0120244,-0.00383734,0.247076,3.16678,0.565126,122.409
6.1921,2.59884,101.152,-0.715971,-0.185633,1.6538,-0.0120823,-0.00426618,0.250947,3.68561,0.662048,122.056
6.24614,1.40401,97.0299,-0.481249,-0.12127,1.21144,-0.0127768,-0.00609215,0.265937,1.98414,0.610466,121.922
6.47658,1.49967,96.9239,-0.30318,-0.0737316,0.911677,-0.0139442,-0.00688179,0.280108,2.53057,0.59,121.688
6.11643,0.818776,90.4621,-0.222858,-0.0535169,0.753317,-0.0158219,-0.0101199,0.311882,1.31564,-0.498735,120.744
6.25564,0.997905,90.8719,-0.163386,-0.0374607,0.638719,-0.0188064,-0.0119805,0.345236,1.86269,-0.64322,120.781
5.39612,0.911799,84.5778,-0.133795,-0.0291061,0.582775,-0.023267,-0.0193164,0.415038,0.755549,-1.97199,118.277
5.49094,1.1117,85.2298,-0.113093,-0.0226909,0.539267,-0.0323285,-0.0274295,0.510229,1.29882,-2.22695,118.77
4.683,1.66721,82.1194,-0.106519,-0.0175231,0.549863,-0.0468927,-0.0515909,0.700381,0.0734637,-3.09239,120.265
4.78568,1.81187,82.9131,-0.110813,-0.0150395,0.574518,-0.089986,-0.105513,1.05656,0.678708,-3.41326,120.984
5.26783,3.4521,83.6815,-0.140698,-0.00836731,0.704722,-0.224153,-0.435241,2.3007,-0.468927,-3.48979,120.333
5.44438,3.55262,84.0134,-0.227414,-0.00475797,0.948472,-5.09382,-6.27221,15.8307,0.145049,-3.5922,121.17
6.02697,5.73482,84.3847,-0.750996,0.0705466,2.07871,-16.2538,-6.08935,48.3841,-0.815522,-2.91496,113.233
6.21519,5.63186,83.9766,-14.8006,0.144715,21.0686,-10.5151,-1.49209,46.7447,-0.314961,-2.68343,112.858
5.68062,7.46882,75.96,-27.6752,-5.40882,50.5179,-8.08663,-0.812663,56.5917,-1.08708,-0.874508,89.3413
5.98922,6.92385,72.8801,-11.5775,-8.31775,55.0068,-9.72896,-0.985337,63.2228,-0.638444,-0.446626,87.7132
4.30159,6.91077,55.4017,-2.13819,-2.75297,57.6501,-5.21057,-0.336606,75.8718,-3.35127,-0.223862,45.4674
4.38055,6.62361,50.6419,-2.30364,-3.12283,61.3775,-4.93922,-0.365016,76.9087,-2.64075,-0.117197,44.3308
2.77693,6.15258,40.3175,2.53647,2.13512,65.968,1.68948,1.39927,98.183,-5.1944,-1.62806,10.6257
2.49394,6.24109,38.1354,2.19974,1.93539,67.5836,1.94336,1.40967,98.2945,-2.03203,-0.602106,5.16586
1.34485,6.13727,38.6658,3.33994,4.23347,69.1067,6.70421,4.33075,104.661,-1.16506,-0.38486,2.71884
0.729595,5.9373,38.323,2.98165,3.96151,70.1937,6.95239,4.12019,104.762,-0.504085,-0.174884,1.53123
-0.201453,5.14281,38.7332,1.65968,2.3424,73.3144,8.15408,6.64822,105.909,-0.302479,-0.104824,1.05206
-0.801825,4.83192,37.7389,1.3677,2.05698,74.2464,8.3561,6.58551,106.188,-0.187552,-0.0644739,0.799281
-3.38096,2.83415,29.6447,0.241623,-0.503659,79.6989,8.26536,7.51406,107.042,-0.136942,-0.0460539,0.658916
-3.88345,2.59405,26.9935,0.168625,-0.695729,80.3709,8.47741,7.48035,107.6,-0.101135,-0.032904,0.567591
-7.52884,-0.648107,15.5466,0.15235,-2.79812,88.1109,7.87535,6.83153,110.65,-0.0832415,-0.026657,0.511903
-5.76354,-0.397196,11.5756,0.211042,-2.73913,88.7867,8.13886,6.92321,111.233,-0.0689048,-0.0212926,0.469596
-6.26416,-1.35817,9.80764,0.969787,-3.45612,97.5424,6.79986,5.88456,116.481,-0.0616633,-0.0185881,0.447926
-2.63188,-0.591394,4.70693,1.04519,-3.30608,98.4966,7.11288,5.97777,116.686,-0.0558956,-0.0160987,0.429226
-2.03007,-0.510884,3.51974,1.56533,-2.962,105.685,4.83211,4.53546,120.137,-0.0533901,-0.0143372,0.427955
-1.03337,-0.268714,2.10822,1.88189,-2.66792,105.836,5.2946,4.70387,120.121,-0.051703,-0.0131039,0.426337
-0.794247,-0.210307,1.68398,2.43996,-1.36162,105.918,2.90921,3.6582,123.035,-0.0524837,-0.0103991,0.448998
-0.551616,-0.151393,1.31816,2.83256,-1.21438,106.047,3.41695,3.93342,122.87,-0.0553325,-0.00959826,0.471571
-0.464791,-0.126534,1.15921,3.4784,-0.122528,102.303,1.1641,3.17165,123.335,-0.0626044,-0.00601053,0.531965
-0.372301,-0.102315,1.00918,3.8636,-0.0660472,102.586,1.67125,3.52839,123.32,-0.0758618,-0.0044898,0.60688
-0.334072,-0.0899214,0.9539,4.21626,0.20329,97.6723,-0.154006,3.06736,121.748,-0.105618,0.00459357,0.772271
-0.305478,-0.0818479,0.908938,4.61283,0.163978,97.9949,0.358206,3.46717,122.08,-0.17392,0.0149947,1.0454
-0.312153,-0.0833405,0.968209,4.84993,-0.544904,93.1005,-0.557027,3.72215,119.204,-0.399924,0.0809646,1.79153
-0.371701,-0.0975577,1.09538,5.22942,-0.654188,93.5921,-0.0451004,4.09819,119.903,-2.19973,0.425411,5.21042
-0.617093,-0.164636,1.63236,5.65336,-1.69424,86.4795,0.0686575,4.41731,108.7,-15.7763,-0.490105,28.3643
-2.22231,-0.546303,4.03094,5.97186,-1.96649,87.8289,0.488617,4.66069,110.472,-8.78472,-4.61241,27.0193
-19.6394,-4.40667,27.9748,5.56886,-2.9457,75.6399,-0.730193,4.13285,83.1692,-4.21628,-6.12743,40.603
-20.6963,-3.06456,36.7017,5.71111,-3.0754,76.7764,-0.427563,3.88281,82.8689,-6.36566,-8.0855,53.9093
-7.64642,2.19107,56.7375,3.98113,-3.98847,56.6427,-4.87829,1.74007,36.7412,-5.25843,-9.51571,82.8479
-3.78825,3.45407,56.9524,4.43512,-3.45947,53.3387,-4.19321,2.17092,36.197,-5.27677,-9.47341,85.4699
2.96599,2.90544,64.1607,2.4129,-4.77196,39.5972,-4.4834,-0.500591,8.1775,-3.04394,-8.63219,121.209
2.90964,2.85931,65.4695,2.55841,-4.76943,37.3523,-1.45943,-0.123706,3.38853,-2.43198,-8.17743,121.141
6.25503,2.32792,73.5273,1.69314,-4.71453,35.5807,-0.709211,-0.0840425,1.69281,2.112,-6.00896,129.02
5.88848,2.32978,74.4034,0.939358,-4.58079,33.1046,-0.316529,-0.0338014,1.00698,2.39344,-5.47302,128.675
-0.474117,4.44615,28.7015,2.58108,3.29686,69.6389,6.00471,3.42428,109.624,-1.33082,-0.424814,2.68556
-0.859601,4.53462,38.9237,2.52841,2.16413,72.2511,9.86404,6.61215,105.569,-0.631656,-0.201797,1.53759
-1.30406,4.0209,36.6595,2.3169,1.77518,73.6951,9.89635,6.52451,107.061,-0.344548,-0.109165,1.0545
-4.0835,2.0944,26.58,1.5389,-0.878366,79.2135,9.93747,7.40434,107.659,-0.234734,-0.0729176,0.82844
-4.6454,1.83331,22.9854,1.61616,-1.10917,79.9836,10.3486,7.39534,108.069,-0.165125,-0.049923,0.686835
-7.64911,-0.820148,14.3638,2.07394,-3.05097,87.4929,10.0757,6.86681,110.769,-0.1307,-0.0391714,0.604163
-5.46913,-0.546185,10.0645,2.33588,-2.92785,88.0227,10.5555,7.00917,111.211,-0.104681,-0.0306432,0.541778
-5.89374,-1.18637,9.00783,3.71229,-3.53227,96.5098,9.63889,6.08388,116.127,-0.0914068,-0.0261721,0.508277
-2.52823,-0.506547,4.40012,4.06832,-3.21242,96.9512,10.1969,6.26374,116.159,-0.0801058,-0.0219258,0.477212
-2.20997,-0.48994,3.66729,5.19227,-2.79913,104.128,8.15534,5.03047,119.859,-0.0746671,-0.0192844,0.468426
-1.23032,-0.27664,2.2962,5.65525,-2.50808,104.405,8.77295,5.23578,119.782,-0.0710221,-0.0174515,0.461458
-0.978307,-0.22135,1.872,6.30997,-1.21177,104.589,6.61544,4.25319,122.863,-0.0729897,-0.0148059,0.48263
-0.690033,-0.158951,1.45654,6.87091,-1.05608,104.72,7.31332,4.55058,122.6,-0.0768983,-0.0142674,0.503091
-0.591322,-0.133274,1.28939,7.55145,0.00065847,100.748,5.47021,3.878,122.722,-0.0903179,-0.0120248,0.565131
-0.478731,-0.107188,1.11843,8.11039,0.0463687,101.105,6.17646,4.24797,122.655,-0.111606,-0.0126662,0.64278
-0.438498,-0.094459,1.06236,8.35724,0.306729,96.2643,4.49418,3.86185,121.507,-0.167709,-0.00867051,0.82474
-0.400803,-0.0848205,1.00456,8.94609,0.232352,96.728,5.2365,4.302,121.806,-0.283755,-0.0117401,1.11755
-0.420498,-0.0870498,1.07368,9.04791,-0.325091,91.9932,4.41868,4.57639,119.379,-0.721674,0.00285284,1.99159
-0.500223,-0.100852,1.21096,9.63793,-0.473896,92.6671,5.20143,4.96988,120.001,-4.31237,-0.116395,7.08007
-0.892498,-0.180447,1.87935,9.82311,-1.34291,85.5804,5.02402,5.32183,109.168,-20.3709,-2.91569,28.9391
-3.61746,-0.67446,5.56776,10.4486,-1.50142,86.8123,5.76274,5.87686,111.075,-12.2142,-3.74269,20.8496
-22.2842,-3.76678,29.9282,9.53391,-2.38468,74.4785,3.31944,5.1008,83.9755,-14.9768,-7.70942,39.5263
-25.1626,-3.4227,35.2469,10.0096,-2.45293,75.0121,4.03779,4.72958,83.8751,-15.5411,-11.2794,61.063
-20.7023,-0.81567,55.3177,6.97808,-3.50841,53.8677,-3.2753,2.21474,35.8146,-14.0119,-12.033,86.6971
-12.5778,2.64278,69.1951,7.40287,-2.60793,50.073,-2.3153,2.86299,35.3025,-12.9788,-11.4692,87.0074
-2.12206,1.91407,65.83,4.50947,-4.40249,37.4546,-5.28654,-0.566928,9.18778,-13.6282,-11.5517,121.777
-1.55167,1.94572,65.2754,4.63112,-4.55736,35.3114,-1.65774,-0.12089,3.74905,-12.6982,-10.9712,121.183
1.28051,1.41992,73.637,3.56455,-4.31974,32.7677,-0.908513,-0.105049,1.99504,-8.59616,-9.05278,128.033
1.15337,1.44091,74.3405,3.1976,-4.38325,32.112,-0.381379,-0.0405999,1.11491,-7.93977,-8.45015,127.558
2.55048,2.11586,81.5287,1.51206,-3.17248,28.8564,-0.226386,-0.0236405,0.760298,-4.50571,-6.24639,120.274
2.57801,2.19613,81.689,1.03299,-3.1053,27.9887,-0.132923,-0.0127564,0.57004,-4.08603,-5.89816,120.424
3.29212,3.3222,86.7229,-0.910021,-2.62353,24.5391,-0.0912286,-0.00830198,0.460976,-2.65935,-4.82782,115.831
3.36458,3.44119,86.9901,-1.792,-2.45414,21.5782,-0.0627372,-0.00549468,0.390785,-2.24936,-4.68594,116.113
3.41631,4.30446,92.2229,-4.50057,-2.14839,15.6304,-0.04634,-0.00414538,0.345261,-1.77116,-4.37131,118.014
3.69913,4.36589,92.1407,-4.53814,-1.83945,12.3377,-0.0349257,-0.00331137,0.312598,-1.18242,-4.30328,118.069
3.77297,4.5717,96.8203,-5.56083,-1.79335,10.3789,-0.0276628,-0.00308972,0.291557,-0.403805,-3.65219,122.5
4.30724,4.5241,96.1238,-4.08896,-1.3348,7.72967,-0.0225796,-0.00289212,0.274603,0.391761,-3.53835,122.062
4.17556,3.73348,100.593,-4.12379,-1.15835,6.7117,-0.0194925,-0.00330506,0.266677,0.326472,-2.09465,123.41
4.60335,3.74927,100.23,-2.04499,-0.572871,3.76308,-0.0174915,-0.00342683,0.259835,1.00939,-1.87188,122.864
4.9357,2.50745,101.204,-1.64732,-0.421084,2.91998,-0.0165574,-0.00446631,0.262516,-0.394257,-0.660698,122.438
5.34181,2.5607,100.769,-0.884812,-0.220103,1.82639,-0.0163821,-0.00487608,0.264222,0.257098,-0.526249,122.104
5.5273,1.37636,96.3442,-0.630349,-0.152586,1.38435,-0.0167936,-0.0066325,0.277505,-1.26951,-0.5583,121.769
5.80353,1.50178,96.3796,-0.405815,-0.0954455,1.03396,-0.0181246,-0.00760547,0.290788,-0.644061,-0.542024,121.532
5.56007,0.866384,90.1411,-0.300103,-0.069677,0.850719,-0.0203833,-0.0110054,0.322514,-1.73287,-1.57874,120.584
5.73623,1.05525,90.5528,-0.221454,-0.049381,0.715282,-0.0244988,-0.0134995,0.358218,-1.11822,-1.68758,120.595
4.92108,1.03097,84.2842,-0.18142,-0.0387734,0.649494,-0.031413,-0.0219557,0.433824,-2.0153,-2.89397,117.867
5.04425,1.24438,84.9996,-0.154016,-0.0305866,0.599151,-0.04576,-0.0321932,0.53936,-1.41905,-3.14828,118.387
4.22546,1.76647,81.9463,-0.145477,-0.0249232,0.610717,-0.0730924,-0.0627848,0.754258,-2.64861,-3.91566,120.111
4.34456,1.92062,82.8723,-0.151328,-0.0225114,0.634837,-0.155263,-0.133439,1.16292,-1.99646,-4.25902,120.792
4.70985,3.43674,83.7004,-0.191699,-0.0173589,0.777134,-0.551231,-0.617346,2.75153,-3.1797,-4.40131,120.675
4.92089,3.50651,83.9567,-0.301026,-0.0193786,1.02564,-10.3979,-7.78514,21.1133,-2.53435,-4.46409,121.364
5.506,5.64694,84.6926,-0.908653,0.0166014,2.15871,-16.9389,-6.1098,42.3725,-3.30439,-3.90752,113.902
5.65661,5.56757,84.2017,-14.2502,-0.367559,19.7547,-11.9374,-1.82027,48.4669,-2.84763,-3.44569,113.095
4.996,7.48687,76.1431,-29.3186,-3.99575,44.2512,-9.48542,-1.03291,58.8584,-3.12956,-1.53656,90.01
5.40047,6.85239,73.0732,-15.6832,-8.06994,53.3576,-10.6252,-1.06892,63.9898,-2.60317,-1.18236,88.5962
3.61328,6.57109,54.4713,-3.80036,-3.64466,61.292,-5.92979,-0.556824,76.5504,-4.38246,-0.721057,46.3505
3.72183,6.38623,50.3156,-2.7682,-3.40956,62.2628,-5.72264,-0.584561,77.5667,-3.74989,-0.631848,45.654
2.32038,5.98239,40.3118,2.20768,1.71161,66.7999,0.69748,1.32728,98.5854,-5.19963,-1.60447,10.5676
2.03158,6.05595,37.924,1.92658,1.50462,68.3254,0.976025,1.33815,98.7178,-1.9981,-0.569063,5.01941
0.825358,5.94217,37.7909,3.20849,3.75398,69.5208,5.75986,4.07465,105.272,-1.07353,-0.352059,2.55823
0.190205,5.76719,37.3475,2.83526,3.44081,70.5886,6.02698,3.79681,105.181,-0.469223,-0.1608,1.47412
-0.781959,4.99825,37.363,1.68744,1.76224,73.5721,7.34,6.24141,105.948,-0.288878,-0.0989717,1.02863
-1.40498,4.70322,36.2361,1.43234,1.48634,74.3414,7.54117,6.13125,106.218,-0.181385,-0.0615212,0.791023
-3.91016,2.77629,28.3979,0.362088,-1.06949,79.6831,7.49324,7.07997,107.054,-0.134117,-0.0442535,0.65627
-4.42982,2.49437,25.5786,0.248685,-1.29215,80.4488,7.67504,7.05535,107.59,-0.10006,-0.0319209,0.566427
-7.60369,-0.565223,15.172,0.231455,-3.36372,88.3198,6.90627,6.48748,111.018,-0.0823824,-0.0257774,0.51041
-5.68284,-0.267324,11.3405,0.307621,-3.25241,88.8012,7.17056,6.56822,111.531,-0.0676752,-0.0203047,0.466886
-5.97897,-1.21061,9.40839,1.0423,-4.02881,97.4896,5.70633,5.40721,115.852,-0.0600369,-0.0175673,0.443769
-2.53747,-0.531397,4.58652,1.10121,-3.85587,98.4016,5.9988,5.51418,116.027,-0.0537463,-0.0149981,0.423297
-2.00056,-0.472359,3.49093,1.6141,-3.45766,105.532,3.49765,4.0231,119.824,-0.0506972,-0.0131647,0.419899
-1.06745,-0.259518,2.15506,1.88093,-3.20399,105.769,3.9028,4.17281,119.83,-0.0486368,-0.0118263,0.417411
-0.817176,-0.202197,1.7166,2.48452,-1.86999,105.546,1.58316,3.12849,122.737,-0.049572,-0.00952558,0.438114
-0.573868,-0.146616,1.34767,2.82331,-1.75292,105.713,2.04143,3.37084,122.583,-0.052425,-0.008629,0.461011
-0.484123,-0.122148,1.18452,3.46296,-0.700787,101.763,-0.142428,2.70193,123.247,-0.0604348,-0.00547068,0.520436
-0.388359,-0.0985765,1.03077,3.80852,-0.67274,101.965,0.33035,3.0292,123.179,-0.0736143,-0.00423651,0.593232
-0.350874,-0.0866291,0.977044,4.06785,-0.361107,96.8327,-1.52731,2.65395,121.99,-0.103766,0.00368029,0.752429
-0.321953,-0.0788755,0.932048,4.40417,-0.444742,97.1239,-1.06607,3.02428,122.22,-0.168444,0.0118093,1.00697
-0.3343,-0.0811167,0.999256,4.50658,-1.05166,92.2513,-2.09971,3.26159,119.522,-0.374038,0.0648981,1.67827
-0.404355,-0.0962792,1.14138,4.81591,-1.21016,92.7,-1.6549,3.60485,120.108,-1.75101,0.303679,4.37159
-0.717317,-0.17197,1.76698,5.17037,-2.16567,85.7434,-1.61172,4.02595,109.523,-14.4181,-0.0793291,24.6249
-3.03588,-0.668479,5.07749,5.42045,-2.44032,86.8889,-1.25033,4.20326,111.056,-10.4536,-4.48865,27.0956
-22.7154,-4.4312,31.7321,5.00375,-3.29818,74.4788,-2.06868,3.80421,83.2546,-6.19868,-6.69402,41.7344
-22.9247,-2.58484,40.6269,5.15388,-3.19962,74.7702,-1.72236,3.6646,83.3036,-7.87316,-8.47685,53.9166
-9.38756,2.42159,60.1028,3.52219,-4.12568,53.9183,-5.37307,1.69182,34.9913,-7.54898,-10.1293,84.0426
-4.90677,3.30837,56.2472,3.94503,-3.86424,51.0981,-4.69684,2.06888,35.0525,-7.62924,-10.0926,86.1596
1.37894,2.58327,63.6449,2.01287,-5.17843,38.4805,-4.14883,-0.351901,7.8343,-6.56228,-9.74945,120.734
1.14036,2.49868,65.1306,2.1149,-5.19901,36.0111,-1.31187,-0.0734198,3.29838,-6.06468,-9.34292,120.543
4.12624,1.92566,73.3687,1.28038,-5.05163,33.9368,-0.621006,-0.0591097,1.6192,-1.99351,-7.35277,127.877
3.85972,1.89146,73.9438,0.845659,-5.12612,33.351,-0.265724,-0.0225006,0.953284,-1.62669,-6.78379,127.276
5.26911,2.51383,81.1009,-0.563027,-3.82244,30.151,-0.157414,-0.0128194,0.659009,1.14383,-4.71306,120.196
5.09417,2.55211,81.3803,-1.07449,-3.71175,29.023,-0.0934368,-0.00675237,0.502485,1.37503,-4.41345,120.195
5.64574,3.61215,86.4917,-2.67455,-3.0852,25.5621,-0.0638677,-0.00424124,0.409069,2.32528,-3.50531,116.133
5.62791,3.66241,86.5717,-3.24544,-2.94679,23.4709,-0.0439028,-0.00276046,0.34927,2.58001,-3.40175,116.407
5.71776,4.49258,91.3184,-5.25573,-2.7146,18.7012,-0.0323023,-0.00215857,0.310321,3.00909,-3.06568,117.918
5.8757,4.49493,91.0965,-5.38591,-2.51438,16.1283,-0.0242004,-0.00180996,0.282759,3.42189,-3.02526,117.927
5.66961,4.64838,95.9637,-6.53628,-2.30235,12.6517,-0.0191507,-0.00194668,0.265896,3.98359,-2.49759,122.638
5.97671,4.57475,95.3744,-4.86243,-1.71884,9.51657,-0.0156495,-0.00195045,0.252618,4.55881,-2.40637,122.078
5.57596,3.87961,100.542,-4.16869,-1.25449,7.05159,-0.0136851,-0.00251754,0.247152,4.33557,-0.907761,123.869
5.80492,3.85478,100.338,-1.97969,-0.586745,3.85546,-0.0123698,-0.00270989,0.242737,4.82771,-0.717471,123.221
5.90789,2.60381,101.62,-1.37104,-0.368996,2.64162,-0.0120244,-0.00383664,0.2471,3.16072,0.560531,122.407
6.20287,2.6042,101.152,-0.710552,-0.184326,1.64555,-0.012083,-0.0042657,0.250973,3.67997,0.656208,122.052
6.25781,1.40874,97.0261,-0.478104,-0.120525,1.20653,-0.0127785,-0.00609139,0.265969,1.97882,0.604208,121.919
6.48731,1.50363,96.9236,-0.301539,-0.073359,0.908906,-0.013947,-0.00688143,0.280146,2.52534,0.582362,121.684
6.12766,0.821747,90.4582,-0.221804,-0.0532742,0.751447,-0.0158264,-0.0101198,0.311932,1.31111,-0.50716,120.742
6.26603,1.00053,90.8711,-0.162715,-0.0373122,0.637451,-0.0188136,-0.0119815,0.345304,1.85806,-0.652668,120.777
5.40633,0.91374,84.5748,-0.133308,-0.0289975,0.581808,-0.0232803,-0.0193211,0.415148,0.751417,-1.98186,118.275
5.50063,1.11338,85.2289,-0.112731,-0.0226136,0.53853,-0.0323553,-0.0274432,0.510418,1.29459,-2.23771,118.767
4.6917,1.66799,82.1218,-0.106216,-0.0174639,0.549227,-0.0469566,-0.0516507,0.700796,0.0693412,-3.10487,120.26
4.79479,1.81202,82.9144,-0.110531,-0.014991,0.573963,-0.0901978,-0.105752,1.05768,0.674902,-3.42659,120.981
5.27562,3.45296,83.6871,-0.140375,-0.00832795,0.704145,-0.225506,-0.437691,2.30707,-0.473549,-3.50308,120.327
5.45345,3.55375,84.0109,-0.226953,-0.00469871,0.947852,-5.15447,-6.31936,15.9473,0.140185,-3.60259,121.165
6.03663,5.73473,84.381,-0.749786,0.0707596,2.07777,-16.2498,-6.06304,48.3805,-0.819106,-2.9278,113.231
6.225,5.63331,83.9692,-14.8114,0.1478,21.088,-10.4894,-1.48589,46.6775,-0.319053,-2.69514,112.859
5.68604,7.47425,75.9564,-27.6658,-5.42744,50.601,-8.08579,-0.80943,56.5787,-1.09461,-0.876701,89.3385
5.99086,6.93439,72.8865,-11.5562,-8.31375,54.9999,-9.73428,-0.982998,63.2196,-0.649174,-0.445207,87.7088
4.3027,6.91892,55.4048,-2.13408,-2.744,57.6296,-5.21475,-0.332018,75.8675,-3.35757,-0.22114,45.4657
4.38165,6.63104,50.6442,-2.30723,-3.11999,61.3809,-4.94277,-0.361478,76.9044,-2.64696,-0.114843,44.3291
2.77978,6.15579,40.3031,2.53414,2.14492,65.9654,1.68625,1.41092,98.1825,-5.19487,-1.62588,10.6259
2.49751,6.24359,38.1189,2.19947,1.94359,67.5783,1.94027,1.41932,98.296,-2.03246,-0.601011,5.16637
1.34893,6.13908,38.6486,3.3402,4.24116,69.1008,6.70131,4.34014,104.663,-1.16511,-0.384435,2.71889
0.734463,5.93699,38.3071,2.98379,3.96731,70.1857,6.94981,4.12734,104.766,-0.50411,-0.17474,1.53132
-0.197088,5.14298,38.721,1.6611,2.34578,73.3093,8.15125,6.65346,105.911,-0.302506,-0.10476,1.05216
-0.797099,4.8307,37.7288,1.36982,2.05925,74.2406,8.35346,6.58971,106.192,-0.187576,-0.0644454,0.799384
-3.37676,2.83235,29.639,0.244136,-0.503607,79.6938,8.26273,7.5162,107.045,-0.136967,-0.0460423,0.659021
-3.88003,2.59109,26.9838,0.171524,-0.696537,80.3656,8.47487,7.48198,107.604,-0.101158,-0.032901,0.5677
-7.52605,-0.649678,15.5355,0.15518,-2.8015,88.1077,7.87266,6.83156,110.654,-0.0832658,-0.0266625,0.512018
-5.75515,-0.398077,11.5528,0.212703,-2.7431,88.7864,8.13587,6.92386,111.236,-0.0689292,-0.0213023,0.469717
-6.24116,-1.35326,9.77403,0.969194,-3.46263,97.5484,6.7962,5.88353,116.481,-0.061692,-0.0186006,0.448057
-2.61362,-0.587753,4.68054,1.04384,-3.30977,98.5017,7.10934,5.97925,116.685,-0.0559274,-0.0161105,0.429366
-2.01263,-0.506775,3.49568,1.56418,-2.96554,105.689,4.82901,4.53659,120.133,-0.0534282,-0.0143483,0.428112
-1.0265,-0.267058,2.09808,1.88249,-2.66661,105.832,5.29264,4.70855,120.117,-0.0517459,-0.0131116,0.426513
-0.789554,-0.209141,1.67699,2.44029,-1.36168,105.915,2.90705,3.66163,123.031,-0.0525376,-0.0104053,0.449217
-0.549018,-0.150733,1.31406,2.83329,-1.21273,106.041,3.41508,3.93784,122.865,-0.0554001,-0.00960316,0.471843
-0.462982,-0.126089,1.15631,3.47895,-0.122385,102.298,1.16205,3.17434,123.33,-0.0627029,-0.00601336,0.532356
-0.371209,-0.102056,1.00736,3.86393,-0.0654239,102.581,1.66911,3.53135,123.315,-0.0760147,-0.00449364,0.607458
-0.333371,-0.089771,0.952709,4.2159,0.203952,97.6688,-0.156493,3.07027,121.744,-0.105924,0.00460612,0.773341
-0.305118,-0.0817833,0.908324,4.61211,0.164548,97.9922,0.355465,3.47006,122.075,-0.174685,0.0150343,1.04766
-0.312109,-0.0833576,0.968148,4.84833,-0.542455,93.0987,-0.560245,3.72688,119.198,-0.403266,0.0814668,1.79933
-0.372174,-0.0976998,1.09623,5.2277,-0.653181,93.5914,-0.048362,4.10093,119.896,-2.24554,0.430396,5.281
-0.619802,-0.165357,1.63679,5.65047,-1.69312,86.48,0.0661373,4.41653,108.687,-15.9065,-0.558011,28.619
-2.25428,-0.553959,4.07496,5.97199,-1.96513,87.8229,0.485788,4.66284,110.469,-8.69301,-4.61422,26.9091
-19.8317,-4.44331,28.2403,5.56806,-2.93301,75.6242,-0.732344,4.14161,83.1648,-4.16522,-6.10909,40.4777
-20.6291,-3.02682,36.735,5.70891,-3.07433,76.7766,-0.431355,3.88202,82.8608,-6.36083,-8.08515,53.8954
-7.57117,2.21474,56.6679,3.97834,-3.99286,56.6537,-4.88122,1.73553,36.7329,-5.26353,-9.51699,82.8503
-3.76319,3.45857,56.8736,4.43214,-3.46282,53.3497,-4.19653,2.16812,36.1893,-5.27918,-9.47326,85.4642
2.9669,2.90392,64.1627,2.4122,-4.77767,39.6005,-4.48404,-0.501643,8.17866,-3.04172,-8.63922,121.2
2.91113,2.85491,65.4739,2.55854,-4.77194,37.3497,-1.45967,-0.124019,3.38907,-2.42787,-8.18682,121.135
6.25722,2.32329,73.5309,1.69388,-4.71858,35.5783,-0.709246,-0.0841809,1.69294,2.11626,-6.01885,129.015
5.89547,2.32461,74.3958,0.93967,-4.57994,33.0893,-0.316524,-0.0338414,1.00701,2.39866,-5.48399,128.674
-0.473734,4.44366,28.6872,2.58568,3.2974,69.6262,6.0074,3.42427,109.619,-1.33086,-0.424811,2.68562
-0.85905,4.53263,38.9042,2.53319,2.1639,72.2385,9.86669,6.61119,105.564,-0.631711,-0.201801,1.53767
-1.30401,4.01865,36.6433,2.32139,1.7747,73.6833,9.89891,6.52331,107.057,-0.344595,-0.109167,1.05458
-4.08442,2.09061,26.5566,1.54335,-0.880032,79.2027,9.93988,7.4021,107.656,-0.234777,-0.0729201,0.828516
-4.64595,1.82737,22.9544,1.62056,-1.11137,79.9732,10.351,7.39261,108.067,-0.165163,-0.0499243,0.686903
-7.64312,-0.823818,14.3572,2.07962,-3.04914,87.4759,10.0789,6.86611,110.767,-0.130734,-0.03917,0.604228
-5.47752,-0.549912,10.0853,2.34422,-2.91916,87.9932,10.5605,7.01249,111.209,-0.104711,-0.0306373,0.541844
-5.94887,-1.19912,9.08505,3.72495,-3.51573,96.4637,9.64654,6.09258,116.127,-0.0914344,-0.0261629,0.508355
-2.58442,-0.517474,4.47806,4.083,-3.19355,96.8993,10.2059,6.27549,116.16,-0.0801328,-0.0219149,0.477312
-2.28468,-0.506179,3.76721,5.20302,-2.78495,104.09,8.16235,5.04056,119.863,-0.0747004,-0.0192753,0.468567
-1.26687,-0.284765,2.34678,5.65953,-2.50265,104.39,8.7764,5.24093,119.784,-0.0710688,-0.0174467,0.461647
-1.007,-0.227857,1.91181,6.31177,-1.20937,104.583,6.61761,4.25668,122.866,-0.0730587,-0.0148037,0.482901
-0.707449,-0.163004,1.48157,6.87134,-1.05588,104.719,7.31454,4.55221,122.602,-0.0769994,-0.0142707,0.50346
-0.605051,-0.136416,1.30928,7.55157,0.000361724,100.749,5.47117,3.87893,122.725,-0.0904829,-0.0120302,0.565693
-0.488275,-0.10936,1.13262,8.1104,0.045587,101.105,6.17712,4.24799,122.658,-0.111889,-0.012682,0.643643
-0.446338,-0.0961621,1.07416,8.3572,0.306309,96.2641,4.49468,3.86185,121.51,-0.168347,-0.00868581,0.826403
-0.406952,-0.0861225,1.01391,8.94613,0.231857,96.7271,5.23682,4.30135,121.808,-0.285449,-0.0118035,1.12115
-0.426418,-0.088237,1.08273,9.04783,-0.324933,91.9913,4.41879,4.57589,119.381,-0.730083,0.00278807,2.00541
-0.506685,-0.102102,1.22056,9.63814,-0.473423,92.6622,5.20208,4.96719,120,-4.42887,-0.124145,7.23311
-0.905617,-0.182931,1.89774,9.82269,-1.3422,85.5752,5.02447,5.31818,109.165,-20.4796,-2.96482,29.0985
-3.69135,-0.687579,5.66338,10.4485,-1.4978,86.8022,5.76244,5.87825,111.076,-12.1178,-3.73424,20.7425
-22.3067,-3.76635,29.9576,9.53374,-2.38352,74.4711,3.31875,5.101,83.9762,-14.8976,-7.6952,39.4338
-25.0417,-3.40206,35.0877,10.0091,-2.46092,75.0164,4.03579,4.72415,83.8747,-15.5213,-11.2737,61.0333
-20.6803,-0.81927,55.21,6.97787,-3.51428,53.8695,-3.27558,2.21106,35.8135,-14.0023,-12.0322,86.6964
-12.5877,2.64164,69.2158,7.40219,-2.60839,50.0679,-2.31523,2.86155,35.3001,-12.9688,-11.4669,87.007
-2.12215,1.91234,65.835,4.50928,-4.40363,37.4487,-5.28544,-0.566823,9.18627,-13.6138,-11.5493,121.776
-1.54902,1.94478,65.2708,4.63063,-4.55834,35.3059,-1.65748,-0.120814,3.74856,-12.685,-10.9681,121.182
1.28324,1.41921,73.6318,3.56392,-4.32074,32.7624,-0.908318,-0.104986,1.99472,-8.58242,-9.04945,128.032
1.15583,1.44104,74.3347,3.19664,-4.38365,32.1074,-0.381311,-0.0405663,1.11476,-7.92674,-8.446,127.558
2.55313,2.11635,81.522,1.5114,-3.17303,28.8551,-0.226342,-0.0236181,0.760191,-4.49344,-6.24239,120.274
2.58088,2.19709,81.681,1.0324,-3.10567,27.9898,-0.132897,-0.0127408,0.569957,-4.07394,-5.89378,120.424
3.29422,3.32389,86.7161,-0.912475,-2.62296,24.5274,-0.0912097,-0.00829043,0.460903,-2.6481,-4.8236,115.831
3.36444,3.44426,86.9881,-1.80146,-2.44974,21.526,-0.0627245,-0.00548631,0.390718,-2.2392,-4.68168,116.114
3.416,4.3076,92.2212,-4.50382,-2.13995,15.568,-0.0463305,-0.00413954,0.345194,-1.76079,-4.3675,118.017
3.70332,4.367,92.1277,-4.53255,-1.83067,12.2973,-0.0349176,-0.00330811,0.312532,-1.16962,-4.30018,118.072
3.78455,4.56964,96.7883,-5.57131,-1.79335,10.3953,-0.0276543,-0.00308844,0.291488,-0.386329,-3.65016,122.503
4.32691,4.51888,96.0721,-4.14917,-1.35267,7.82379,-0.0225689,-0.00289195,0.274535,0.414377,-3.53852,122.067
4.19885,3.72763,100.532,-4.25218,-1.19374,6.88851,-0.0194793,-0.00330414,0.26661,0.352071,-2.09606,123.419
4.61873,3.74611,100.188,-2.11945,-0.593698,3.86892,-0.0174768,-0.00342549,0.259773,1.03117,-1.87303,122.873
4.94224,2.50656,101.183,-1.71433,-0.438082,3.01196,-0.0165422,-0.00446371,0.262456,-0.377273,-0.6607,122.447
5.3412,2.56149,100.766,-0.912176,-0.226789,1.86609,-0.0163667,-0.00487315,0.264166,0.26989,-0.525433,122.111
5.52475,1.37772,96.3461,-0.646917,-0.156497,1.40885,-0.0167778,-0.00662825,0.277449,-1.25822,-0.556611,121.775
5.80018,1.50318,96.383,-0.414227,-0.0973678,1.0473,-0.0181076,-0.00760066,0.290734,-0.633542,-0.540322,121.538
5.55656,0.867881,90.1443,-0.30529,-0.0708519,0.859392,-0.0203636,-0.0109983,0.322458,-1.7231,-1.57647,120.59
5.73258,1.05648,90.5558,-0.224606,-0.0500765,0.720948,-0.0244747,-0.013491,0.358161,-1.10879,-1.68551,120.6
4.91747,1.03213,84.2867,-0.183629,-0.0392547,0.653717,-0.031379,-0.0219416,0.433759,-2.0066,-2.89165,117.872
5.04055,1.24516,85.0018,-0.155599,-0.0309222,0.602328,-0.0457082,-0.0321732,0.539287,-1.41056,-3.14628,118.391
4.22176,1.7666,81.9485,-0.146797,-0.0251905,0.613517,-0.0729955,-0.0627493,0.754169,-2.64015,-3.9141,120.114
4.34071,1.92054,82.874,-0.152527,-0.0227464,0.637361,-0.15505,-0.133379,1.16281,-1.98834,-4.25754,120.795
4.70587,3.43633,83.702,-0.193134,-0.017599,0.780105,-0.550304,-0.617241,2.75138,-3.1718,-4.40019,120.676
4.91666,3.50677,83.9568,-0.303204,-0.0197172,1.02961,-10.3905,-7.78671,21.1137,-2.52719,-4.46195,121.365
5.50161,5.64696,84.6922,-0.917095,0.0159164,2.17122,-16.9305,-6.10399,42.3871,-3.29803,-3.9053,113.902
5.65394,5.56612,84.1934,-14.3298,-0.38685,19.8574,-11.9259,-1.81546,48.4553,-2.84023,-3.44395,113.096
4.99013,7.49025,76.1467,-29.2141,-3.99883,44.1085,-9.47994,-1.03203,58.8517,-3.12665,-1.5336,90.0098
5.39488,6.85549,73.0769,-15.6628,-8.05601,53.2678,-10.6218,-1.06815,63.989,-2.59973,-1.18033,88.5959
3.61019,6.57205,54.4695,-3.80211,-3.64842,61.2999,-5.92531,-0.554429,76.5494,-4.38031,-0.71968,46.3501
3.71879,6.38725,50.314,-2.76694,-3.41218,62.2674,-5.71842,-0.582072,77.5655,-3.74781,-0.630737,45.6537
2.3179,5.98353,40.3099,2.21105,1.71082,66.7982,0.702563,1.3305,98.5833,-5.20011,-1.60454,10.5684
2.02916,6.05717,37.9219,1.93005,1.50389,68.3231,0.980758,1.3414,98.7161,-1.99845,-0.569017,5.01996
0.82286,5.94302,37.7892,3.21183,3.75276,69.519,5.76472,4.07722,105.27,-1.07382,-0.352049,2.55863
0.187703,5.76783,37.3459,2.8386,3.43947,70.5865,6.03159,3.79915,105.179,-0.46935,-0.16078,1.47431
-0.784524,4.99855,37.3617,1.69095,1.7604,73.5699,7.34458,6.24283,105.946,-0.288959,-0.0989589,1.02876
-1.40755,4.7032,36.234,1.43587,1.48427,74.3389,7.5456,6.13216,106.216,-0.181437,-0.0615094,0.791116
-3.9122,2.77545,28.3934,0.365817,-1.07212,79.6803,7.49759,7.08005,107.053,-0.134156,-0.0442437,0.656346
-4.43123,2.49287,25.5741,0.25243,-1.29471,80.4457,7.67933,7.05503,107.59,-0.10009,-0.0319114,0.566489
-7.60289,-0.566733,15.1735,0.235518,-3.36494,88.3145,6.91073,6.48791,111.018,-0.0824063,-0.0257679,0.510466
-5.68674,-0.268826,11.3521,0.311677,-3.25133,88.7936,7.17524,6.57016,111.53,-0.0676945,-0.0202947,0.466937
-5.99584,-1.21505,9.43286,1.04691,-4.02593,97.4792,5.71141,5.41091,115.851,-0.0600536,-0.0175574,0.443822
-2.55183,-0.534523,4.60706,1.10518,-3.85271,98.3921,6.0037,5.51862,116.026,-0.0537614,-0.014989,0.423353
-2.01538,-0.475877,3.51123,1.61656,-3.45637,105.527,3.50174,4.02693,119.824,-0.0507126,-0.0131572,0.419965
-1.07398,-0.261121,2.16449,1.88154,-3.20478,105.769,3.90594,4.17521,119.828,-0.0486541,-0.0118211,0.417489
-0.821834,-0.203361,1.72336,2.4848,-1.87143,105.548,1.58601,3.13059,122.736,-0.0495931,-0.00952177,0.438214
-0.576644,-0.147332,1.3519,2.82339,-1.75496,105.715,2.04405,3.37221,122.582,-0.0524523,-0.00862776,0.46114
-0.486224,-0.122682,1.18776,3.46315,-0.702988,101.765,-0.13992,2.70308,123.246,-0.0604746,-0.00547016,0.520622
-0.389799,-0.0989421,1.03308,3.80876,-0.675268,101.967,0.332743,3.02988,123.179,-0.0736775,-0.00424015,0.593505
-0.352047,-0.0869137,0.978967,4.06811,-0.363499,96.8344,-1.52506,2.65469,121.989,-0.103892,0.0036781,0.752921
-0.322909,-0.0791007,0.933651,4.40453,-0.447308,97.1252,-1.06391,3.02478,122.22,-0.168756,0.0118012,1.00797
-0.335286,-0.0813352,1.00095,4.5068,-1.05389,92.2523,-2.09773,3.26234,119.521,-0.375325,0.0649889,1.68144
-0.405621,-0.0965458,1.14349,4.81633,-1.21254,92.7001,-1.65288,3.6051,120.108,-1.76575,0.304692,4.39516
-0.720621,-0.172662,1.77215,5.17053,-2.16757,85.7425,-1.60939,4.02466,109.519,-14.4886,-0.108774,24.7447
-3.0664,-0.674675,5.11842,5.42091,-2.44207,86.8868,-1.24846,4.20338,111.055,-10.4101,-4.49683,27.0599
-22.7896,-4.43957,31.8356,5.00466,-3.29605,74.4715,-2.0669,3.80705,83.2551,-6.168,-6.68573,41.6761
-22.8676,-2.56166,40.6132,5.15433,-3.20332,74.7699,-1.72142,3.66327,83.3032,-7.8668,-8.47533,53.9054
-9.34531,2.43045,60.0511,3.52234,-4.13065,53.9212,-5.37299,1.68982,34.9912,-7.54746,-10.1299,84.0443
-4.89317,3.30982,56.2147,3.9451,-3.86817,51.0998,-4.69643,2.06775,35.0529,-7.62699,-10.0923,86.1588
1.38379,2.58325,63.6414,2.01362,-5.181,38.4782,-4.1486,-0.351896,7.83406,-6.55786,-9.74981,120.734
1.14379,2.49898,65.1299,2.11537,-5.20089,36.0087,-1.31183,-0.0734048,3.29837,-6.06098,-9.34252,120.542
4.12999,1.92615,73.3673,1.28068,-5.05349,33.935,-0.621003,-0.0590942,1.61921,-1.98973,-7.35247,127.876
3.86321,1.89277,73.942,0.845551,-5.12731,33.3499,-0.265725,-0.0224903,0.953295,-1.62364,-6.78261,127.276
5.27272,2.51561,81.0992,-0.563151,-3.82349,30.1505,-0.157416,-0.012812,0.659016,1.14661,-4.71189,120.195
5.09768,2.55429,81.3784,-1.07474,-3.71243,29.0228,-0.0934384,-0.00674704,0.502491,1.37746,-4.41192,120.194
5.64937,3.61452,86.49,-2.67483,-3.08569,25.5612,-0.0638689,-0.00423736,0.409074,2.32759,-3.50389,116.132
5.63141,3.66486,86.5702,-3.24608,-2.94685,23.4671,-0.0439038,-0.00275775,0.349273,2.58218,-3.40037,116.407
5.72142,4.49514,91.317,-5.2561,-2.71399,18.6955,-0.0323032,-0.0021567,0.310324,3.01126,-3.06436,117.917
5.8795,4.49711,91.0947,-5.38584,-2.51367,16.1245,-0.0242012,-0.00180879,0.282762,3.42424,-3.02421,117.927
5.67387,4.65033,95.961,-6.53792,-2.30219,12.6547,-0.0191513,-0.0019459,0.265899,3.98628,-2.49658,122.637
5.98121,4.57593,95.3712,-4.86973,-1.72083,9.52889,-0.01565,-0.00194989,0.252621,4.56201,-2.40598,122.077
5.58043,3.88118,100.539,-4.18155,-1.25786,7.0696,-0.0136855,-0.00251679,0.247155,4.33881,-0.907116,123.869
5.8081,3.8563,100.339,-1.98629,-0.588465,3.8651,-0.0123702,-0.00270903,0.242741,4.83053,-0.717275,123.219
5.91028,2.60591,101.623,-1.37548,-0.370017,2.64791,-0.0120251,-0.00383549,0.247104,3.16302,0.561216,122.405
6.20494,2.60592,101.156,-0.712303,-0.184686,1.64822,-0.012084,-0.00426449,0.250979,3.68232,0.656264,122.051
6.25978,1.41067,97.0298,-0.47908,-0.120707,1.20807,-0.0127799,-0.00608989,0.265976,1.98105,0.604663,121.918
6.48945,1.50513,96.9275,-0.302034,-0.073441,0.909759,-0.0139488,-0.00687988,0.280155,2.52784,0.582213,121.683
6.12972,0.823431,90.4613,-0.222114,-0.0533209,0.752013,-0.0158292,-0.0101179,0.311944,1.31345,-0.50687,120.741
6.26832,1.00186,90.8743,-0.162908,-0.0373374,0.637831,-0.0188176,-0.0119795,0.345321,1.86067,-0.652867,120.777
5.40851,0.915116,84.5776,-0.133447,-0.0290132,0.582099,-0.0232871,-0.0193186,0.415176,0.753893,-1.9818,118.274
5.50302,1.11444,85.2319,-0.112833,-0.0226232,0.538756,-0.0323678,-0.0274412,0.510465,1.2973,-2.23806,118.766
4.69418,1.66853,82.1251,-0.106304,-0.0174705,0.549433,-0.046984,-0.0516541,0.700898,0.0723626,-3.10575,120.259
4.7974,1.81241,82.9178,-0.110616,-0.0149962,0.574159,-0.0902782,-0.105784,1.05795,0.678007,-3.42758,120.979
5.27848,3.4531,83.6908,-0.140486,-0.00833197,0.704394,-0.225965,-0.438152,2.30855,-0.470221,-3.50442,120.326
5.45634,3.55453,84.0136,-0.227152,-0.0047014,0.948243,-5.17118,-6.32861,15.9749,0.143138,-3.6026,121.164
6.03958,5.7355,84.3841,-0.750897,0.0708316,2.07949,-16.2514,-6.05435,48.379,-0.816261,-2.92816,113.23
6.22862,5.63413,83.9694,-14.8333,0.145582,21.1162,-10.4837,-1.48328,46.6604,-0.315666,-2.69555,112.859
5.68905,7.476,75.958,-27.6533,-5.42834,50.5859,-8.08602,-0.808235,56.576,-1.09219,-0.876611,89.3381
5.99375,6.93646,72.8883,-11.5522,-8.31167,54.9877,-9.73566,-0.98179,63.2201,-0.646636,-0.445112,87.7085
4.30488,6.92058,55.4059,-2.13454,-2.7442,57.6296,-5.21597,-0.330168,75.867,-3.35654,-0.220689,45.4657
4.38368,6.63263,50.6454,-2.30817,-3.12034,61.3823,-4.94395,-0.359484,76.9036,-2.64576,-0.114609,44.3291
2.78139,6.15716,40.3032,2.53355,2.14505,65.9662,1.6851,1.41337,98.1813,-5.19532,-1.6256,10.6262
2.49919,6.24491,38.1187,2.1991,1.9437,67.5788,1.93915,1.42171,98.2952,-2.03279,-0.600776,5.16667
1.35073,6.14028,38.6488,3.34003,4.24092,69.1013,6.70044,4.34195,104.662,-1.16541,-0.384334,2.71921
0.736378,5.93788,38.3074,2.9838,3.96692,70.186,6.94899,4.12877,104.766,-0.504253,-0.174685,1.53149
-0.195012,5.1437,38.7217,1.66141,2.34513,73.3094,8.15077,6.65417,105.911,-0.3026,-0.104728,1.05228
-0.794958,4.83118,37.7294,1.37038,2.05849,74.2403,8.35311,6.58994,106.192,-0.187639,-0.0644231,0.799477
-3.375,2.8322,29.6386,0.244968,-0.504588,79.6933,8.26262,7.51571,107.045,-0.137016,-0.0460255,0.659101
-3.87834,2.59049,26.9825,0.172482,-0.6976,80.365,8.47489,7.48107,107.605,-0.101197,-0.0328865,0.567769
-7.52516,-0.65058,15.5352,0.156146,-2.80189,88.1065,7.87277,6.83098,110.654,-0.0832985,-0.0266496,0.512083
-5.75582,-0.398883,11.5557,0.213438,-2.74238,88.7848,8.13613,6.9241,111.236,-0.0689576,-0.0212903,0.469779
-6.2476,-1.35504,9.78325,0.96991,-3.46066,97.5459,6.79659,5.88498,116.48,-0.0617186,-0.0185896,0.448122
-2.61942,-0.589049,4.68866,1.04399,-3.30731,98.5002,7.10971,5.9813,116.684,-0.055953,-0.0161007,0.429435
-2.01868,-0.508238,3.50386,1.5638,-2.96344,105.689,4.82908,4.5388,120.132,-0.053455,-0.01434,0.428191
-1.02907,-0.267688,2.10172,1.88141,-2.66532,105.835,5.29248,4.71003,120.115,-0.051775,-0.0131054,0.426602
-0.791478,-0.209616,1.67973,2.43951,-1.36049,105.918,2.90689,3.66326,123.03,-0.0525718,-0.0103997,0.449329
-0.550205,-0.151032,1.31582,2.83262,-1.21193,106.044,3.41504,3.93882,122.864,-0.055442,-0.00959973,0.471983
-0.463925,-0.126323,1.15773,3.47869,-0.12173,102.301,1.16212,3.17533,123.33,-0.0627611,-0.0060092,0.532555
-0.371895,-0.102225,1.00842,3.86391,-0.0649818,102.583,1.66933,3.53198,123.315,-0.0761022,-0.00449199,0.607749
-0.333956,-0.0899089,0.953629,4.21608,0.204447,97.6708,-0.156196,3.07112,121.743,-0.106091,0.00461512,0.773871
-0.305625,-0.0818991,0.909132,4.61251,0.164957,97.9939,0.355899,3.47076,122.074,-0.175088,0.0150513,1.04877
-0.312648,-0.083472,0.969021,4.8487,-0.541802,93.1003,-0.559757,3.72791,119.197,-0.404967,0.081685,1.80312
-0.372875,-0.0978437,1.09734,5.22844,-0.652599,93.592,-0.0475597,4.10145,119.896,-2.26842,0.43262,5.31568
-0.621455,-0.165705,1.6393,5.65085,-1.69253,86.4802,0.0674607,4.41529,108.683,-15.9712,-0.590738,28.7421
-2.26629,-0.556561,4.0911,5.9728,-1.96498,87.8234,0.486531,4.66348,110.47,-8.65186,-4.61363,26.8573
-19.879,-4.4501,28.304,5.56918,-2.93024,75.6204,-0.731427,4.14426,83.1659,-4.14293,-6.0999,40.4208
-20.6029,-3.01642,36.7158,5.71004,-3.07568,76.7774,-0.430652,3.8813,82.861,-6.35914,-8.08421,53.8913
-7.55462,2.21867,56.6413,3.97909,-3.99477,56.6555,-4.88093,1.7346,36.7328,-5.2656,-9.51586,82.8538
-3.75855,3.45994,56.8635,4.43283,-3.46386,53.3505,-4.19608,2.16791,36.1892,-5.2801,-9.47067,85.4637
2.96925,2.90389,64.1619,2.41324,-4.77869,39.5989,-4.48385,-0.501526,8.17837,-3.04188,-8.63644,121.2
2.91305,2.85549,65.4734,2.55932,-4.77243,37.3482,-1.4596,-0.123967,3.38894,-2.42858,-8.1831,121.135
6.25896,2.32407,73.5306,1.69439,-4.71898,35.577,-0.709227,-0.0841485,1.69289,2.11545,-6.01489,129.014
5.89766,2.32607,74.394,0.939762,-4.57982,33.0875,-0.316516,-0.0338253,1.00698,2.39751,-5.47894,128.674
-0.473125,4.44369,28.6915,2.58504,3.29786,69.6289,6.00718,3.42487,109.621,-1.33086,-0.424786,2.68565
-0.858665,4.53293,38.9114,2.53211,2.16406,72.2423,9.86642,6.61153,105.565,-0.631761,-0.201784,1.53778
-1.30333,4.01882,36.6498,2.32059,1.77484,73.6866,9.89869,6.52358,107.058,-0.344645,-0.109155,1.0547
-4.0833,2.09123,26.5666,1.54271,-0.879858,79.2055,9.93973,7.40221,107.657,-0.23483,-0.0729129,0.828651
-4.64516,1.82858,22.9667,1.62005,-1.11117,79.9758,10.3509,7.39268,108.068,-0.165212,-0.0499194,0.687047
-7.64505,-0.822587,14.3582,2.07841,-3.05112,87.482,10.0783,6.86504,110.768,-0.130786,-0.0391692,0.604386
-5.47153,-0.548262,10.0713,2.34113,-2.92439,88.0066,10.5589,7.00988,111.21,-0.104764,-0.0306404,0.542011
-5.91715,-1.19191,9.04054,3.71889,-3.52516,96.4874,9.64335,6.0874,116.126,-0.0914944,-0.0261702,0.508539
-2.55297,-0.511338,4.4343,4.07516,-3.20345,96.9271,10.2018,6.26959,116.158,-0.0801972,-0.0219247,0.477502
-2.24304,-0.497066,3.71144,5.19703,-2.7927,104.111,8.15927,5.03529,119.859,-0.0747717,-0.0192866,0.468773
-1.2466,-0.280212,2.31868,5.65681,-2.50533,104.4,8.77522,5.23858,119.781,-0.071145,-0.0174585,0.461867
-0.991109,-0.224209,1.88972,6.31047,-1.21075,104.588,6.61711,4.25488,122.863,-0.0731492,-0.0148153,0.483162
-0.697819,-0.160731,1.4677,6.87089,-1.05597,104.722,7.31462,4.55128,122.599,-0.0771084,-0.0142843,0.503767
-0.597457,-0.134653,1.29826,7.55156,0.000222338,100.75,5.47146,3.8779,122.722,-0.0906377,-0.0120447,0.566112
-0.482995,-0.108141,1.12475,8.11065,0.045664,101.106,6.17764,4.2472,122.655,-0.112123,-0.0127038,0.644231
-0.442002,-0.0952049,1.06763,8.35757,0.306285,96.2652,4.49529,3.86111,121.508,-0.168822,-0.0087107,0.827469
-0.403553,-0.0853908,1.00874,8.94666,0.231769,96.7284,5.23762,4.30065,121.806,-0.286589,-0.0118661,1.12335
-0.423159,-0.0875698,1.07775,9.04838,-0.324874,91.9929,4.41967,4.57547,119.379,-0.735337,0.00268212,2.01362
-0.503145,-0.10141,1.21531,9.63894,-0.473774,92.6636,5.2035,4.96538,119.998,-4.4975,-0.129169,7.32233
-0.898558,-0.181603,1.88787,9.8231,-1.34317,85.5784,5.02572,5.31594,109.162,-20.5353,-2.99229,29.178
-3.65334,-0.680839,5.61424,10.4489,-1.50104,86.8095,5.7628,5.87724,111.076,-12.0645,-3.72789,20.675
-22.305,-3.76746,29.9552,9.53409,-2.38454,74.4766,3.31902,5.10178,83.9766,-14.8697,-7.6867,39.3728
-25.1085,-3.4122,35.1771,10.0097,-2.45782,75.0153,4.03719,4.72569,83.8742,-15.5232,-11.2747,61.0311
-20.6892,-0.814717,55.2754,6.97813,-3.51258,53.8705,-3.27533,2.2115,35.8126,-14.007,-12.0325,86.7017
-12.5815,2.6434,69.1982,7.40253,-2.6095,50.0739,-2.31545,2.86143,35.2993,-12.9722,-11.4654,87.006
-2.1236,1.91213,65.8327,4.50983,-4.40503,37.4528,-5.28581,-0.56699,9.18675,-13.6167,-11.5494,121.775
-1.55167,1.94388,65.2736,4.63134,-4.55887,35.308,-1.65752,-0.120877,3.74865,-12.6872,-10.9688,121.182
1.28006,1.41825,73.6354,3.56475,-4.32148,32.7644,-0.908364,-0.10502,1.9948,-8.58486,-9.05008,128.031
1.15361,1.43969,74.3369,3.19754,-4.38386,32.1084,-0.381326,-0.0405815,1.1148,-7.92884,-8.44699,127.558
2.55024,2.11545,81.5251,1.51224,-3.17332,28.857,-0.226354,-0.0236272,0.760224,-4.49586,-6.2426,120.274
2.57837,2.19594,81.6837,1.03319,-3.10571,27.9915,-0.132904,-0.0127463,0.569985,-4.07626,-5.89415,120.425
3.29106,3.32303,86.7199,-0.912191,-2.62303,24.5292,-0.0912153,-0.00829411,0.46093,-2.65079,-4.82341,115.831
3.3614,3.44319,86.992,-1.80256,-2.44989,21.5275,-0.0627287,-0.00548869,0.390744,-2.2419,-4.6816,116.114
3.41286,4.30654,92.2253,-4.50557,-2.14096,15.5713,-0.0463339,-0.00414089,0.345222,-1.76373,-4.36711,118.017
3.69914,4.36641,92.1343,-4.53318,-1.83234,12.2957,-0.0349206,-0.00330855,0.31256,-1.17321,-4.2995,118.071
3.77693,4.57028,96.8029,-5.56153,-1.79182,10.3764,-0.0276576,-0.00308803,0.291518,-0.391966,-3.64878,122.502
4.31457,4.52072,96.0982,-4.11707,-1.3431,7.77147,-0.0225735,-0.00289114,0.274565,0.406104,-3.53644,122.065
4.18401,3.73,100.563,-4.18513,-1.17526,6.79559,-0.0194853,-0.00330344,0.26664,0.341951,-2.09289,123.414
4.60721,3.74682,100.212,-2.08105,-0.582942,3.81401,-0.0174838,-0.00342497,0.259801,1.02296,-1.87042,122.867
4.93494,2.50642,101.196,-1.67959,-0.429236,2.96415,-0.0165495,-0.00446341,0.262482,-0.383339,-0.658263,122.441
5.33702,2.56025,100.772,-0.897994,-0.223298,1.84546,-0.0163741,-0.00487295,0.26419,0.265915,-0.523861,122.106
5.52199,1.37612,96.3487,-0.638255,-0.154426,1.39603,-0.0167854,-0.00662815,0.277473,-1.26135,-0.555569,121.771
5.79775,1.50137,96.3853,-0.409795,-0.0963352,1.04028,-0.0181157,-0.00760056,0.290756,-0.636179,-0.539679,121.534
5.5548,0.865982,90.1456,-0.30253,-0.0702091,0.854796,-0.0203728,-0.0109982,0.32248,-1.72521,-1.57625,120.586
5.73086,1.05456,90.5576,-0.222911,-0.0496889,0.717928,-0.0244859,-0.0134908,0.358182,-1.11063,-1.68551,120.596
4.91616,1.03028,84.2879,-0.182432,-0.0389814,0.651457,-0.0313946,-0.0219414,0.433782,-2.00801,-2.8919,117.869
5.03924,1.24334,85.0034,-0.154732,-0.0307281,0.600621,-0.0457318,-0.0321725,0.539311,-1.41176,-3.14666,118.388
4.22057,1.76478,81.9506,-0.146073,-0.0250343,0.612018,-0.0730393,-0.0627491,0.754194,-2.64106,-3.91482,120.112
4.33967,1.91872,82.876,-0.151866,-0.0226078,0.636017,-0.155146,-0.133376,1.16283,-1.98901,-4.25832,120.793
4.70474,3.4347,83.705,-0.192355,-0.0174571,0.778557,-0.55072,-0.617204,2.75136,-3.17236,-4.40096,120.675
4.91594,3.50521,83.9584,-0.302051,-0.0195147,1.02761,-10.3941,-7.78546,21.1134,-2.52745,-4.46255,121.365
5.50116,5.64537,84.6936,-0.913052,0.0163842,2.16547,-16.935,-6.10642,42.3814,-3.29798,-3.90615,113.902
5.65307,5.56539,84.1964,-14.3024,-0.37677,19.8228,-11.9312,-1.81627,48.4606,-2.84061,-3.4441,113.096
4.99065,7.48814,76.1448,-29.2639,-3.99977,44.19,-9.48237,-1.03108,58.8541,-3.126,-1.53368,90.0098
5.39469,6.85468,73.0764,-15.6606,-8.06422,53.3154,-10.6234,-1.06734,63.988,-2.59999,-1.17901,88.5956
3.60932,6.57283,54.4721,-3.79722,-3.64362,61.2822,-5.92757,-0.553934,76.5487,-4.38104,-0.718546,46.3503
3.71817,6.38775,50.316,-2.76855,-3.41079,62.2642,-5.72047,-0.581662,77.5651,-3.74835,-0.629623,45.6537
2.31801,5.98335,40.3084,2.20806,1.71252,66.7987,0.700357,1.33244,98.5839,-5.2004,-1.60406,10.5686
2.02951,6.05681,37.9199,1.92749,1.5053,68.323,0.978705,1.34292,98.7171,-1.99861,-0.568796,5.02009
0.823372,5.94245,37.7868,3.20952,3.75424,69.5183,5.76271,4.07876,105.271,-1.07391,-0.351991,2.55873
0.188411,5.76688,37.3436,2.83672,3.44062,70.5853,6.02972,3.80026,105.181,-0.469394,-0.160765,1.47437
-0.78392,4.99773,37.3601,1.68885,1.76113,73.5692,7.34276,6.24362,105.948,-0.288991,-0.0989546,1.02881
-1.40683,4.70215,36.2328,1.43395,1.48485,74.338,7.5439,6.13281,106.218,-0.181459,-0.0615092,0.791164
-3.91154,2.77464,28.3933,0.363751,-1.07186,79.6796,7.49595,7.08046,107.054,-0.134174,-0.0442455,0.65639
-4.43075,2.49199,25.5734,0.250423,-1.29462,80.4449,7.67775,7.05541,107.591,-0.100104,-0.031914,0.566532
-7.60249,-0.566842,15.1714,0.2332,-3.3655,88.3145,6.90911,6.48797,111.019,-0.0824195,-0.0257718,0.510508
-5.68453,-0.268805,11.3461,0.309033,-3.25232,88.7946,7.17351,6.57024,111.531,-0.0677064,-0.0202992,0.466979
-5.98865,-1.21332,9.42241,1.0434,-4.02771,97.482,5.70945,5.41051,115.852,-0.0600656,-0.0175625,0.443865
-2.54611,-0.533308,4.5988,1.1014,-3.85401,98.3951,6.00173,5.51868,116.027,-0.0537735,-0.014994,0.423398
-2.0095,-0.474465,3.50314,1.61282,-3.45748,105.529,3.49995,4.02695,119.823,-0.0507256,-0.0131621,0.420012
-1.07141,-0.260473,2.16074,1.8783,-3.20479,105.769,3.90449,4.17608,119.828,-0.0486677,-0.0118255,0.417539
-0.819996,-0.202886,1.72067,2.4817,-1.87154,105.548,1.5846,3.13127,122.736,-0.0496088,-0.009526,0.438273
-0.575551,-0.147038,1.35022,2.82035,-1.75471,105.715,2.04272,3.3732,122.582,-0.0524711,-0.00863216,0.46121
-0.485401,-0.122463,1.18648,3.46028,-0.702926,101.765,-0.141245,2.70381,123.246,-0.0605003,-0.00547489,0.520718
-0.389243,-0.0987931,1.03219,3.80587,-0.67505,101.966,0.33143,3.03074,123.178,-0.0737156,-0.0042464,0.593639
-0.351611,-0.0868012,0.978258,4.06534,-0.363283,96.834,-1.52639,2.65552,121.989,-0.103964,0.0036717,0.753155
-0.322578,-0.0790163,0.933111,4.40169,-0.447064,97.1249,-1.06528,3.02564,122.219,-0.168922,0.0117916,1.00843
-0.334996,-0.0812636,1.00047,4.50401,-1.05336,92.252,-2.09913,3.26346,119.521,-0.37597,0.0650223,1.68289
-0.405346,-0.0964791,1.14307,4.81352,-1.21224,92.7,-1.65429,3.6059,120.107,-1.77271,0.305124,4.40594
-0.720281,-0.172584,1.77169,5.16776,-2.16727,85.7425,-1.61053,4.02467,109.517,-14.5211,-0.122154,24.7975
-3.06713,-0.674827,5.11954,5.41833,-2.44186,86.8866,-1.2499,4.20405,111.055,-10.3918,-4.50002,27.0418
-22.8045,-4.44157,31.8565,5.00219,-3.29476,74.4711,-2.06817,3.8085,83.2545,-6.15685,-6.68216,41.6508
-22.8665,-2.55759,40.6307,5.15158,-3.20226,74.7702,-1.72275,3.66411,83.3017,-7.86554,-8.47474,53.9019
-9.3382,2.43338,60.0494,3.52027,-4.13081,53.923,-5.37374,1.68954,34.9899,-7.54828,-10.13,84.045
-4.89022,3.31048,56.2056,3.94312,-3.8684,51.1016,-4.69723,2.06759,35.0515,-7.62725,-10.0924,86.1583
1.38392,2.58298,63.6417,2.01255,-5.18176,38.4787,-4.14835,-0.352081,7.83371,-6.55721,-9.75138,120.733
1.14428,2.49817,65.1301,2.11455,-5.20099,36.0076,-1.31172,-0.0734695,3.2982,-6.05997,-9.34456,120.542
4.1305,1.92543,73.3674,1.28,-5.0539,33.934,-0.620942,-0.0591207,1.61913,-1.98883,-7.35439,127.876
3.86455,1.89177,73.9405,0.844977,-5.1271,33.3476,-0.2657,-0.0225017,0.953256,-1.62248,-6.78482,127.276
5.27363,2.51528,81.0983,-0.563755,-3.82343,30.1489,-0.157402,-0.0128184,0.658993,1.14717,-4.71319,120.196
5.09889,2.55387,81.3768,-1.07536,-3.71206,29.0207,-0.0934301,-0.00675064,0.502477,1.37811,-4.41331,120.195
5.65022,3.61458,86.4888,-2.67541,-3.08543,25.5596,-0.0638635,-0.00423969,0.409064,2.32782,-3.50469,116.132
5.63239,3.66484,86.5686,-3.24653,-2.9466,23.466,-0.0439001,-0.00275925,0.349266,2.58245,-3.40124,116.408
5.72239,4.49526,91.3152,-5.25617,-2.71395,18.6957,-0.0323005,-0.00215767,0.310319,3.0114,-3.06503,117.918
5.88039,4.49722,91.093,-5.38583,-2.51384,16.1248,-0.0241991,-0.00180944,0.282757,3.42435,-3.02491,117.927
5.67461,4.65059,95.9594,-6.53703,-2.30218,12.6532,-0.0191497,-0.00194623,0.265896,3.98621,-2.49718,122.638
5.98146,4.57623,95.3708,-4.86718,-1.72024,9.52469,-0.0156487,-0.00195012,0.252618,4.56176,-2.40666,122.077
5.58059,3.88163,100.538,-4.17676,-1.25661,7.06297,-0.0136845,-0.00251679,0.247154,4.33832,-0.907544,123.869
5.80819,3.85662,100.339,-1.98386,-0.587837,3.86161,-0.0123695,-0.00270904,0.24274,4.83011,-0.71783,123.219
5.91063,2.60635,101.622,-1.37377,-0.369607,2.64552,-0.0120244,-0.00383531,0.247104,3.16255,0.560914,122.406
6.20505,2.6063,101.155,-0.711615,-0.184537,1.6472,-0.0120834,-0.00426434,0.250978,3.68184,0.655824,122.05
6.26017,1.41088,97.0284,-0.478682,-0.120624,1.20746,-0.0127793,-0.00608957,0.265976,1.9807,0.604058,121.918
6.48957,1.50527,96.9269,-0.301827,-0.0734016,0.909422,-0.0139483,-0.00687961,0.280155,2.52745,0.581445,121.683
6.13009,0.823351,90.46,-0.221981,-0.0532959,0.751786,-0.0158285,-0.0101174,0.311946,1.31324,-0.507871,120.741
6.26845,1.00179,90.8737,-0.162823,-0.0373231,0.637679,-0.0188169,-0.0119791,0.345324,1.86038,-0.653975,120.776
5.40873,0.91493,84.5766,-0.133385,-0.029003,0.581984,-0.0232862,-0.0193183,0.415182,0.7537,-1.98302,118.274
5.50306,1.11427,85.2314,-0.112787,-0.0226164,0.538668,-0.0323669,-0.0274416,0.510479,1.29704,-2.23937,118.766
4.69403,1.6683,82.1253,-0.106265,-0.0174661,0.549357,-0.0469835,-0.0516589,0.700931,0.072067,-3.10726,120.259
4.79726,1.81212,82.9178,-0.110579,-0.0149933,0.574091,-0.0902832,-0.105807,1.05804,0.677727,-3.42918,120.979
5.27802,3.45301,83.6917,-0.140441,-0.00833211,0.704318,-0.226026,-0.438401,2.30913,-0.470715,-3.50593,120.325
5.45614,3.55442,84.0131,-0.227081,-0.00470294,0.948145,-5.17561,-6.33329,15.9851,0.142677,-3.60384,121.163
6.03955,5.73514,84.383,-0.750607,0.0708137,2.07916,-16.2499,-6.05243,48.3785,-0.816533,-2.92972,113.23
6.22851,5.63407,83.968,-14.8298,0.145906,21.1124,-10.481,-1.48248,46.6545,-0.316166,-2.69677,112.859
5.68833,7.47677,75.9577,-27.6535,-5.43021,50.5951,-8.08553,-0.807778,56.5744,-1.0933,-0.876416,89.3377
5.99252,6.938,72.8892,-11.5509,-8.31174,54.9891,-9.7357,-0.981472,63.219,-0.648261,-0.444239,87.7077
4.304,6.92174,55.4061,-2.13423,-2.74332,57.628,-5.21588,-0.329419,75.8661,-3.35746,-0.219936,45.4654
4.38284,6.63374,50.6456,-2.3085,-3.12015,61.3828,-4.94383,-0.358955,76.9028,-2.64672,-0.113821,44.3287
2.7812,6.15748,40.3005,2.53367,2.14668,65.9652,1.68536,1.41547,98.1814,-5.19532,-1.62514,10.6261
2.49919,6.24501,38.1155,2.19962,1.94502,67.5771,1.9394,1.42338,98.2957,-2.03282,-0.600556,5.16668
1.35075,6.14031,38.6454,3.34059,4.24218,69.0995,6.70068,4.34362,104.663,-1.1654,-0.384255,2.7192
0.736537,5.9375,38.3043,2.9847,3.96788,70.1838,6.94925,4.13005,104.766,-0.504254,-0.17466,1.5315
-0.195029,5.14349,38.7192,1.66209,2.3456,73.3078,8.15094,6.65509,105.912,-0.302604,-0.104718,1.0523
-0.794922,4.83073,37.7272,1.37114,2.05876,74.2386,8.35329,6.59071,106.192,-0.187643,-0.0644191,0.799496
-3.37488,2.83172,29.6371,0.245694,-0.504725,79.6918,8.26275,7.51619,107.046,-0.137021,-0.0460245,0.659121
-3.87812,2.58991,26.981,0.173268,-0.697763,80.3633,8.47503,7.48158,107.605,-0.101201,-0.0328869,0.56779
-7.5247,-0.650775,15.5343,0.156991,-2.80233,88.1048,7.87292,6.83136,110.655,-0.0833029,-0.0266514,0.512106
-5.75497,-0.399006,11.5539,0.214118,-2.74281,88.7834,8.13621,6.92468,111.237,-0.0689622,-0.0212928,0.469803
-6.24529,-1.3546,9.77999,0.97023,-3.46156,97.5455,6.79657,5.88533,116.481,-0.061724,-0.0185925,0.448149
-2.61748,-0.588686,4.68595,1.04412,-3.30781,98.4997,7.10965,5.98213,116.684,-0.0559591,-0.0161035,0.429464
-2.01678,-0.507803,3.50128,1.56383,-2.96422,105.689,4.82904,4.53935,120.132,-0.0534626,-0.0143427,0.428225
-1.02829,-0.267507,2.10061,1.88154,-2.6654,105.834,5.29253,4.71118,120.115,-0.0517839,-0.0131076,0.426642
-0.79093,-0.209486,1.67894,2.43961,-1.3609,105.917,2.90693,3.66402,123.029,-0.0525833,-0.0104016,0.449379
-0.549889,-0.150956,1.31534,2.8327,-1.21198,106.043,3.41508,3.93985,122.864,-0.0554568,-0.00960149,0.472045
-0.463695,-0.126269,1.15738,3.47877,-0.122004,102.3,1.16213,3.17599,123.33,-0.0627828,-0.00601051,0.532645
-0.371746,-0.102192,1.00819,3.86391,-0.0651163,102.582,1.6693,3.5327,123.315,-0.0761363,-0.0044935,0.607881
-0.333849,-0.0898879,0.953463,4.21599,0.204346,97.6701,-0.156275,3.07176,121.743,-0.10616,0.0046176,0.774115
-0.305553,-0.0818873,0.909023,4.61235,0.164887,97.9934,0.355762,3.47138,122.074,-0.175259,0.015061,1.04929
-0.312598,-0.0834669,0.96895,4.84843,-0.541541,93.0998,-0.559972,3.72878,119.197,-0.405716,0.0818029,1.80487
-0.372852,-0.0978472,1.09732,5.22816,-0.652566,93.5917,-0.0477656,4.10188,119.895,-2.27873,0.433772,5.33151
-0.621513,-0.165743,1.63942,5.65038,-1.69252,86.4801,0.067414,4.41484,108.681,-15.9985,-0.605169,28.7962
-2.26751,-0.556945,4.09284,5.97264,-1.96485,87.8227,0.486192,4.66406,110.47,-8.63204,-4.61335,26.8328
-19.8873,-4.45227,28.3158,5.56875,-2.92948,75.6202,-0.731926,4.14531,83.1653,-4.1325,-6.09567,40.3938
-20.6005,-3.015,36.7184,5.70943,-3.07552,76.7781,-0.431172,3.88146,82.8597,-6.35808,-8.08392,53.8887
-7.55197,2.22025,56.6391,3.97842,-3.99496,56.6572,-4.88133,1.73426,36.7312,-5.26642,-9.5156,82.8546
-3.75817,3.46075,56.8605,4.43212,-3.46379,53.3523,-4.19652,2.16781,36.1873,-5.28036,-9.47002,85.4627
2.9686,2.90368,64.1631,2.41302,-4.77939,39.5996,-4.48373,-0.50167,8.17822,-3.04123,-8.63715,121.198
2.91296,2.85482,65.4738,2.55926,-4.77252,37.3476,-1.45955,-0.124006,3.38888,-2.42758,-8.18428,121.134
6.25882,2.32341,73.5311,1.69442,-4.71932,35.5765,-0.709197,-0.0841657,1.69285,2.11643,-6.01606,129.013
5.89852,2.32505,74.3925,0.939901,-4.57936,33.0853,-0.316502,-0.03383,1.00696,2.39887,-5.48055,128.674
-0.473104,4.44305,28.6875,2.58625,3.29798,69.6254,6.00806,3.42478,109.619,-1.33087,-0.424789,2.68567
-0.858599,4.5324,38.9057,2.53341,2.16409,72.2386,9.86726,6.61131,105.563,-0.631776,-0.201789,1.53781
-1.30341,4.01826,36.6448,2.3218,1.77481,73.6831,9.89949,6.52331,107.056,-0.344659,-0.109159,1.05473
-4.08363,2.0903,26.5596,1.54389,-0.880161,79.2024,9.94047,7.40174,107.655,-0.234844,-0.0729169,0.828678
-4.64529,1.82714,22.958,1.62123,-1.11156,79.9727,10.3516,7.39214,108.067,-0.165225,-0.0499227,0.687073
-7.6434,-0.823511,14.3567,2.08,-3.05031,87.4769,10.0793,6.8651,110.767,-0.130798,-0.0391716,0.604412
-5.47437,-0.549293,10.0783,2.3436,-2.92157,87.9976,10.5604,7.01108,111.209,-0.104775,-0.0306412,0.542038
-5.93439,-1.19585,9.06472,3.72274,-3.52003,96.4732,9.64568,6.09014,116.125,-0.0915052,-0.0261698,0.508571
-2.57028,-0.514703,4.45837,4.07974,-3.19775,96.911,10.2045,6.27312,116.158,-0.080208,-0.0219236,0.477542
-2.26601,-0.502065,3.74218,5.20043,-2.78842,104.099,8.1614,5.0383,119.86,-0.0747848,-0.0192857,0.468826
-1.2578,-0.282708,2.33419,5.6583,-2.50372,104.395,8.77626,5.24008,119.782,-0.0711627,-0.0174588,0.461937
-0.999891,-0.226207,1.90192,6.31118,-1.21001,104.585,6.61774,4.25591,122.863,-0.0731746,-0.0148161,0.483259
-0.703142,-0.161975,1.47536,6.87118,-1.05584,104.721,7.31494,4.55181,122.6,-0.0771449,-0.0142865,0.503897
-0.601652,-0.135617,1.30435,7.5517,0.000251335,100.749,5.47166,3.87827,122.723,-0.0906967,-0.0120473,0.566308
-0.485911,-0.108807,1.1291,8.11071,0.0456068,101.106,6.17772,4.24736,122.656,-0.112223,-0.0127092,0.644531
-0.444397,-0.0957274,1.07124,8.35758,0.306337,96.2647,4.49529,3.86125,121.508,-0.169047,-0.00871482,0.828046
-0.405431,-0.0857903,1.0116,8.94663,0.231858,96.7276,5.23751,4.30066,121.807,-0.287185,-0.0118832,1.1246
-0.424963,-0.0879333,1.08051,9.04829,-0.32464,91.992,4.41948,4.57544,119.38,-0.738309,0.00267748,2.01846
-0.505105,-0.101792,1.21823,9.63886,-0.473365,92.6618,5.20346,4.96468,119.997,-4.53885,-0.131834,7.37652
-0.902484,-0.182351,1.89338,9.82278,-1.3428,85.5767,5.02558,5.31492,109.16,-20.5699,-3.00783,29.2288
-3.67481,-0.684668,5.64204,10.4487,-1.49974,86.8065,5.76234,5.87794,111.076,-12.0319,-3.72405,20.6377
-22.3079,-3.76689,29.9591,9.53379,-2.38412,74.4745,3.31847,5.10204,83.9769,-14.8445,-7.68132,39.3406
-25.0717,-3.40619,35.1284,10.0092,-2.45994,75.0166,4.03624,4.72433,83.8739,-15.5178,-11.2732,61.0224
-20.6826,-0.816017,55.2423,6.97781,-3.51406,53.871,-3.27559,2.2106,35.8121,-14.0048,-12.0326,86.7022
-12.5841,2.64314,69.2058,7.40207,-2.60934,50.0722,-2.31558,2.86115,35.2986,-12.9695,-11.4651,87.006
-2.12288,1.91202,65.8345,4.50953,-4.40508,37.4511,-5.28552,-0.566916,9.18635,-13.613,-11.5489,121.774
-1.55011,1.94396,65.2725,4.63098,-4.55901,35.3066,-1.65745,-0.120846,3.74854,-12.6839,-10.9682,121.181
1.28178,1.41843,73.6341,3.56435,-4.32161,32.7631,-0.908306,-0.104998,1.99471,-8.58136,-9.0494,128.031
1.15519,1.44004,74.3356,3.19708,-4.38392,32.1073,-0.381305,-0.0405707,1.11476,-7.92552,-8.44617,127.557
2.55201,2.11587,81.5234,1.51186,-3.17339,28.8564,-0.22634,-0.0236202,0.760194,-4.49271,-6.24188,120.273
2.58014,2.19647,81.6818,1.03282,-3.10576,27.9913,-0.132896,-0.0127417,0.569962,-4.07317,-5.89337,120.424
3.29278,3.32372,86.7182,-0.912898,-2.62286,24.5262,-0.0912093,-0.00829082,0.46091,-2.64788,-4.8227,115.831
3.36265,3.44418,86.9912,-1.80453,-2.44891,21.5162,-0.0627246,-0.00548637,0.390726,-2.23922,-4.68089,116.114
3.41419,4.30756,92.2244,-4.50597,-2.13911,15.5582,-0.0463309,-0.00413932,0.345204,-1.76098,-4.36654,118.017
3.70152,4.36695,92.1307,-4.53195,-1.83041,12.2881,-0.034918,-0.00330769,0.312542,-1.16989,-4.29912,118.072
3.78127,4.57004,96.7945,-5.5651,-1.79213,10.3826,-0.027655,-0.00308772,0.2915,-0.387446,-3.64871,122.503
4.32109,4.5197,96.0844,-4.13362,-1.34806,7.79769,-0.0225704,-0.00289112,0.274547,0.411976,-3.5369,122.066
4.19158,3.72882,100.547,-4.21991,-1.18487,6.84359,-0.0194817,-0.00330326,0.266623,0.348625,-2.09372,123.416
4.6127,3.74643,100.201,-2.10103,-0.588537,3.84247,-0.0174798,-0.00342468,0.259784,1.02857,-1.87111,122.869
4.93814,2.5066,101.191,-1.69752,-0.433791,2.9888,-0.0165455,-0.00446285,0.262467,-0.378977,-0.658688,122.444
5.33841,2.56091,100.771,-0.905297,-0.225086,1.85607,-0.01637,-0.00487229,0.264176,0.26917,-0.524009,122.108
5.52278,1.37691,96.3488,-0.642681,-0.155475,1.40258,-0.0167813,-0.00662721,0.277458,-1.25849,-0.555499,121.773
5.79834,1.5022,96.3858,-0.412045,-0.0968521,1.04385,-0.0181113,-0.00759948,0.290742,-0.633548,-0.539553,121.535
5.55522,0.866808,90.1461,-0.303921,-0.0705265,0.857121,-0.0203679,-0.0109967,0.322465,-1.72279,-1.57598,120.588
5.73124,1.05535,90.558,-0.223759,-0.0498778,0.719449,-0.0244799,-0.0134889,0.358167,-1.10832,-1.68525,120.598
4.91644,1.03102,84.2883,-0.183027,-0.0391128,0.652592,-0.0313863,-0.0219384,0.433765,-2.00591,-2.89156,117.87
5.0395,1.24402,85.0037,-0.15516,-0.0308202,0.601476,-0.0457191,-0.0321682,0.539291,-1.40974,-3.14636,118.389
4.22077,1.76534,81.9509,-0.14643,-0.025108,0.612771,-0.0730158,-0.0627412,0.754168,-2.6391,-3.91455,120.112
4.33985,1.91923,82.8762,-0.152191,-0.0226728,0.636694,-0.155093,-0.133362,1.1628,-1.98714,-4.25808,120.794
4.70489,3.43514,83.7051,-0.192742,-0.0175236,0.779349,-0.55049,-0.617166,2.75128,-3.17057,-4.40076,120.675
4.91603,3.50574,83.9584,-0.302633,-0.0196089,1.02866,-10.3922,-7.78573,21.1132,-2.52581,-4.46222,121.365
5.5012,5.64585,84.6935,-0.915239,0.0161844,2.16868,-16.9333,-6.10512,42.3851,-3.29655,-3.90576,113.902
5.6535,5.56547,84.1944,-14.3212,-0.381876,19.8469,-11.9288,-1.81523,48.4581,-2.83892,-3.44387,113.096
4.99017,7.48937,76.1459,-29.2369,-4.00005,44.151,-9.4814,-1.031,58.8526,-3.1254,-1.53313,90.0098
5.39432,6.85571,73.0773,-15.6573,-8.06027,53.2917,-10.6229,-1.06723,63.9879,-2.59918,-1.17879,88.5956
3.60936,6.57313,54.4715,-3.7984,-3.64496,61.2867,-5.92681,-0.553465,76.5486,-4.38048,-0.718393,46.3502
3.71815,6.3881,50.3155,-2.76812,-3.41141,62.2657,-5.71979,-0.581185,77.5649,-3.74783,-0.629521,45.6537
2.31795,5.9837,40.3081,2.20921,1.71226,66.7983,0.701189,1.33287,98.5835,-5.20052,-1.60412,10.5688
2.02943,6.05719,37.9196,1.92864,1.50509,68.3226,0.979474,1.3434,98.7167,-1.9987,-0.568812,5.02024
0.823265,5.94278,37.7867,3.21063,3.75393,69.5181,5.76351,4.07911,105.27,-1.07398,-0.351999,2.55884
0.188283,5.76722,37.3435,2.8378,3.44032,70.5851,6.03047,3.80061,105.18,-0.469425,-0.160764,1.47442
-0.784048,4.99802,37.36,1.68998,1.7608,73.5689,7.34351,6.24385,105.947,-0.289011,-0.0989538,1.02884
-1.40697,4.70241,36.2326,1.43508,1.48449,74.3377,7.54462,6.13297,106.218,-0.181472,-0.0615078,0.791188
-3.91165,2.77473,28.3927,0.364947,-1.07226,79.6793,7.49667,7.0805,107.054,-0.134184,-0.0442439,0.65641
-4.43079,2.49198,25.5729,0.251621,-1.29501,80.4446,7.67846,7.05538,107.591,-0.100112,-0.0319123,0.566548
-7.60238,-0.566979,15.1717,0.234483,-3.36568,88.3139,6.90983,6.48806,111.019,-0.0824259,-0.02577,0.510523
-5.68516,-0.268952,11.348,0.31028,-3.25216,88.7938,7.17426,6.57056,111.531,-0.0677117,-0.0202973,0.466993
-5.99132,-1.214,9.42628,1.04476,-4.02725,97.4808,5.71023,5.41115,115.851,-0.0600704,-0.0175606,0.443879
-2.54834,-0.533786,4.602,1.10263,-3.85351,98.3941,6.00248,5.51943,116.026,-0.053778,-0.0149924,0.423412
-2.01182,-0.475015,3.50632,1.61389,-3.45721,105.529,3.50057,4.02768,119.823,-0.0507301,-0.0131608,0.420028
-1.07243,-0.260725,2.16222,1.87912,-3.20484,105.77,3.90496,4.17657,119.828,-0.0486726,-0.0118248,0.417557
-0.820733,-0.203071,1.72174,2.4825,-1.87166,105.549,1.58504,3.13177,122.736,-0.0496145,-0.00952555,0.438296
-0.575992,-0.147153,1.35089,2.82115,-1.75493,105.715,2.04314,3.37357,122.582,-0.0524782,-0.00863226,0.461238
-0.485736,-0.122549,1.187,3.4611,-0.703155,101.766,-0.140834,2.70419,123.246,-0.0605104,-0.00547517,0.520757
-0.389473,-0.0988531,1.03256,3.80673,-0.67533,101.967,0.331841,3.03105,123.178,-0.073731,-0.00424752,0.593696
-0.351797,-0.086848,0.97856,4.06618,-0.363538,96.8346,-1.52599,2.65587,121.989,-0.103994,0.00367079,0.753258
-0.322727,-0.0790534,0.933356,4.40258,-0.447337,97.1254,-1.06487,3.02596,122.219,-0.168993,0.0117895,1.00864
-0.335143,-0.0812983,1.00072,4.50486,-1.0536,92.2525,-2.09874,3.26382,119.52,-0.376251,0.0650399,1.68354
-0.40552,-0.096519,1.14335,4.81442,-1.21248,92.7003,-1.65386,3.60619,120.107,-1.77583,0.305331,4.41082
-0.720674,-0.172674,1.77229,5.16856,-2.16745,85.7426,-1.61002,4.02463,109.517,-14.5357,-0.128067,24.8216
-3.07011,-0.675472,5.1235,5.4192,-2.44219,86.8868,-1.2495,4.20426,111.055,-10.3834,-4.50133,27.0338
-22.8094,-4.44239,31.8633,5.00301,-3.29481,74.4708,-2.06786,3.80899,83.2547,-6.15147,-6.68062,41.6392
-22.8614,-2.5564,40.6259,5.15241,-3.20291,74.7705,-1.72247,3.66411,83.3018,-7.8647,-8.4747,53.9002
-9.3359,2.43362,60.0451,3.52083,-4.13138,53.9234,-5.37364,1.68943,34.99,-7.54826,-10.1303,84.0455
-4.88976,3.31052,56.2048,3.94366,-3.86881,51.1018,-4.69707,2.0676,35.0517,-7.62707,-10.0925,86.1582
1.38429,2.58286,63.6416,2.01305,-5.18209,38.4784,-4.14838,-0.352071,7.83377,-6.55679,-9.75145,120.733
1.14455,2.49816,65.13,2.11499,-5.20129,36.0075,-1.31174,-0.0734649,3.29824,-6.05966,-9.34447,120.542
4.13076,1.92544,73.3674,1.28039,-5.05416,33.934,-0.620956,-0.0591182,1.61915,-1.98848,-7.35434,127.876
3.86472,1.89194,73.9406,0.84531,-5.12729,33.3478,-0.265706,-0.0225001,0.953266,-1.62224,-6.78459,127.276
5.27385,2.51547,81.0983,-0.563443,-3.82356,30.149,-0.157406,-0.0128173,0.659,1.14745,-4.71302,120.196
5.0991,2.55415,81.3768,-1.07506,-3.71216,29.0209,-0.0934323,-0.00674987,0.502481,1.37835,-4.41306,120.194
5.65049,3.61484,86.4887,-2.67515,-3.08547,25.5597,-0.063865,-0.00423914,0.409067,2.32809,-3.50449,116.132
5.63266,3.66512,86.5686,-3.24634,-2.94658,23.4657,-0.0439011,-0.0027589,0.349269,2.58272,-3.40104,116.408
5.7227,4.49554,91.3152,-5.25607,-2.71382,18.6949,-0.0323013,-0.00215746,0.310321,3.0117,-3.06485,117.918
5.8807,4.49746,91.093,-5.38571,-2.51367,16.124,-0.0241998,-0.00180934,0.282759,3.42468,-3.02477,117.927
5.67495,4.6508,95.9595,-6.53717,-2.30207,12.6533,-0.0191503,-0.00194619,0.265898,3.98661,-2.49705,122.638
5.98182,4.57633,95.3709,-4.86802,-1.72041,9.52601,-0.0156492,-0.00195011,0.25262,4.56224,-2.4066,122.077
5.58092,3.88177,100.539,-4.17846,-1.25701,7.06529,-0.0136849,-0.00251675,0.247155,4.33883,-0.907443,123.869
5.80838,3.85675,100.339,-1.98476,-0.58805,3.86288,-0.0123699,-0.00270896,0.242742,4.83059,-0.717788,123.219
5.91073,2.60656,101.623,-1.3744,-0.369742,2.6464,-0.0120248,-0.00383517,0.247105,3.163,0.561024,122.405
6.20517,2.60645,101.156,-0.711876,-0.184585,1.64758,-0.0120839,-0.00426417,0.25098,3.68233,0.655838,122.05
6.26027,1.41108,97.0294,-0.478834,-0.120649,1.20769,-0.0127799,-0.00608934,0.265977,1.98118,0.604154,121.918
6.48975,1.50541,96.9278,-0.301907,-0.073413,0.909551,-0.0139489,-0.00687935,0.280156,2.528,0.581453,121.683
6.13026,0.823549,90.4608,-0.222033,-0.0533025,0.751874,-0.0158294,-0.010117,0.311947,1.31377,-0.507771,120.741
6.2687,1.00193,90.8745,-0.162856,-0.0373266,0.637739,-0.0188181,-0.0119787,0.345326,1.86097,-0.653946,120.776
5.40897,0.915098,84.5773,-0.13341,-0.0290052,0.58203,-0.023288,-0.0193177,0.415184,0.754274,-1.98294,118.274
5.50337,1.11438,85.2321,-0.112806,-0.0226177,0.538704,-0.0323698,-0.0274408,0.510481,1.29768,-2.23935,118.765
4.69438,1.66834,82.126,-0.106282,-0.0174669,0.54939,-0.0469894,-0.0516578,0.700937,0.0727672,-3.1073,120.259
4.79764,1.81213,82.9186,-0.110595,-0.0149939,0.574122,-0.0902977,-0.105807,1.05806,0.678459,-3.42925,120.979
5.27849,3.45297,83.6925,-0.140463,-0.00833222,0.704358,-0.226097,-0.438415,2.3092,-0.469917,-3.50606,120.325
5.4566,3.55448,84.0138,-0.227119,-0.00470262,0.948206,-5.17732,-6.33368,15.9869,0.143441,-3.60381,121.163
6.04004,5.73521,84.3838,-0.750806,0.0708261,2.07943,-16.2509,-6.05188,48.3782,-0.815798,-2.9297,113.229
6.22911,5.63414,83.9684,-14.8335,0.145589,21.1169,-10.4812,-1.48221,46.6538,-0.315334,-2.69674,112.859
5.6889,7.47696,75.9581,-27.6525,-5.42984,50.5916,-8.08594,-0.807579,56.5744,-1.09261,-0.876418,89.3378
5.99313,6.93816,72.8895,-11.5512,-8.31152,54.9879,-9.73613,-0.981212,63.2192,-0.64749,-0.44429,87.7079
4.30447,6.92189,55.4063,-2.13467,-2.74351,57.6287,-5.21633,-0.329105,75.8661,-3.35711,-0.219899,45.4655
4.38328,6.63389,50.6458,-2.30881,-3.12022,61.3832,-4.94427,-0.358611,76.9028,-2.64634,-0.113832,44.3289
2.78155,6.15763,40.3007,2.53346,2.14656,65.9654,1.6849,1.4157,98.1813,-5.19546,-1.62513,10.6263
2.49954,6.24519,38.1157,2.19943,1.94493,67.5774,1.93897,1.42364,98.2956,-2.03291,-0.600537,5.16679
1.35112,6.14047,38.6457,3.34044,4.24203,69.0998,6.7003,4.34377,104.663,-1.16548,-0.384249,2.7193
0.736918,5.93766,38.3046,2.98456,3.96774,70.1841,6.9489,4.13017,104.766,-0.504292,-0.174654,1.53155
-0.194608,5.14362,38.7195,1.66201,2.34548,73.308,8.15067,6.65513,105.912,-0.302628,-0.104714,1.05234
-0.794491,4.83084,37.7275,1.3711,2.05864,74.2388,8.35305,6.59068,106.192,-0.18766,-0.064416,0.799521
-3.37453,2.83176,29.6373,0.245704,-0.504841,79.6919,8.26257,7.51606,107.046,-0.137033,-0.0460218,0.659142
-3.87782,2.58989,26.981,0.173301,-0.697901,80.3634,8.47488,7.48136,107.605,-0.101211,-0.0328844,0.567809
-7.52461,-0.650827,15.5342,0.156992,-2.80239,88.1049,7.87278,6.83117,110.655,-0.0833114,-0.0266491,0.512124
-5.75505,-0.399033,11.5541,0.214054,-2.74274,88.7835,8.1361,6.92461,111.237,-0.0689695,-0.0212906,0.46982
-6.24602,-1.35473,9.78099,0.970112,-3.4613,97.5456,6.79645,5.88545,116.481,-0.061731,-0.0185905,0.448166
-2.61814,-0.588803,4.68685,1.04388,-3.30748,98.5001,7.10952,5.98233,116.684,-0.0559659,-0.0161019,0.429482
-2.01747,-0.50795,3.5022,1.56353,-2.96386,105.69,4.82887,4.53966,120.131,-0.0534696,-0.0143413,0.428245
-1.02859,-0.267569,2.10102,1.88117,-2.66515,105.834,5.29235,4.71136,120.115,-0.0517913,-0.0131067,0.426664
-0.791153,-0.209533,1.67926,2.43932,-1.36062,105.918,2.90675,3.66429,123.029,-0.0525918,-0.0104009,0.449406
-0.550027,-0.150985,1.31554,2.83246,-1.21178,106.044,3.41494,3.93999,122.864,-0.0554671,-0.00960121,0.472079
-0.463804,-0.126292,1.15754,3.47861,-0.12181,102.3,1.16201,3.17618,123.329,-0.0627967,-0.00601003,0.532692
-0.371824,-0.102209,1.00831,3.86382,-0.0649542,102.583,1.66922,3.53283,123.315,-0.076157,-0.0044935,0.607948
-0.333914,-0.0899008,0.953562,4.21595,0.204522,97.6707,-0.156336,3.07196,121.743,-0.106199,0.00461932,0.774235
-0.305609,-0.0818978,0.909107,4.61237,0.165059,97.9939,0.355737,3.47156,122.074,-0.175352,0.015065,1.04953
-0.312655,-0.0834765,0.969037,4.84846,-0.541346,93.1003,-0.559975,3.72901,119.197,-0.4061,0.0818523,1.80571
-0.372921,-0.0978588,1.09742,5.22826,-0.652359,93.5919,-0.0476988,4.10203,119.895,-2.28383,0.434274,5.33916
-0.621662,-0.16577,1.63963,5.6504,-1.69235,86.4803,0.0676033,4.4146,108.68,-16.0124,-0.612038,28.8223
-2.26849,-0.557148,4.09413,5.97274,-1.96484,87.8232,0.486235,4.66422,110.47,-8.62335,-4.61292,26.8211
-19.8908,-4.45268,28.3202,5.56891,-2.92924,75.6201,-0.731866,4.14575,83.1657,-4.12805,-6.09374,40.3816
-20.5986,-3.01438,36.7161,5.70963,-3.07566,76.7783,-0.431074,3.88145,82.8598,-6.35785,-8.08382,53.8882
-7.55115,2.22035,56.6373,3.97855,-3.99513,56.6574,-4.88128,1.73422,36.7313,-5.26689,-9.51548,82.8556
-3.758,3.46083,56.8606,4.43224,-3.46388,53.3524,-4.19645,2.16786,36.1875,-5.28059,-9.46961,85.4627
2.96888,2.90361,64.1631,2.41318,-4.77951,39.5994,-4.48376,-0.501635,8.17824,-3.04138,-8.63658,121.198
2.91317,2.85488,65.4738,2.55937,-4.77262,37.3475,-1.45956,-0.123993,3.38888,-2.42784,-8.18354,121.134
6.25898,2.3235,73.5313,1.69447,-4.71938,35.5765,-0.709202,-0.0841582,1.69286,2.11617,-6.01528,129.013
5.89869,2.32528,74.3925,0.939896,-4.57939,33.0853,-0.316504,-0.0338265,1.00696,2.39854,-5.47957,128.674
-0.472981,4.44313,28.689,2.58598,3.29808,69.6263,6.00799,3.42487,109.619,-1.33087,-0.42478,2.68568
-0.858532,4.53253,38.9081,2.53303,2.16413,72.2398,9.86719,6.61136,105.563,-0.631791,-0.201783,1.53784
-1.30326,4.01837,36.647,2.32148,1.77485,73.6842,9.89942,6.52335,107.056,-0.344675,-0.109156,1.05477
-4.08334,2.09056,26.5629,1.54361,-0.880061,79.2033,9.94041,7.40178,107.656,-0.23486,-0.0729149,0.828722
-4.64509,1.82763,22.962,1.62098,-1.11144,79.9736,10.3516,7.39217,108.067,-0.165241,-0.0499214,0.687121
-7.64409,-0.823083,14.3571,2.07952,-3.05085,87.4789,10.0791,6.8648,110.767,-0.130815,-0.0391716,0.604464
-5.47263,-0.548754,10.0742,2.34256,-2.92314,88.0018,10.5599,7.01026,111.209,-0.104793,-0.0306424,0.542094
-5.92473,-1.19364,9.05118,3.72083,-3.52288,96.4805,9.64468,6.08852,116.125,-0.091525,-0.0261723,0.508632
-2.56067,-0.512824,4.445,4.0773,-3.20079,96.9196,10.2033,6.27122,116.157,-0.0802293,-0.021927,0.477605
-2.25328,-0.49928,3.72514,5.19858,-2.79076,104.106,8.16044,5.03663,119.859,-0.0748085,-0.0192896,0.468896
-1.25161,-0.281317,2.3256,5.65747,-2.50452,104.397,8.77588,5.23928,119.781,-0.0711882,-0.0174628,0.462011
-0.995033,-0.225093,1.89517,6.3108,-1.21039,104.586,6.61758,4.2553,122.862,-0.0732051,-0.0148201,0.483348
-0.700199,-0.161281,1.47113,6.87105,-1.05584,104.721,7.31495,4.55147,122.599,-0.0771818,-0.0142912,0.504003
-0.599332,-0.135079,1.30098,7.55169,0.000265448,100.75,5.47174,3.87793,122.722,-0.0907495,-0.0120522,0.566453
-0.484299,-0.108435,1.1267,8.11078,0.0456844,101.106,6.17787,4.2471,122.655,-0.112303,-0.0127165,0.644736
-0.443073,-0.0954352,1.06924,8.35769,0.306379,96.2648,4.49547,3.86101,121.508,-0.169211,-0.00872285,0.828417
-0.404393,-0.0855668,1.01002,8.94679,0.231885,96.7279,5.23775,4.30044,121.806,-0.287583,-0.0119033,1.12537
-0.423966,-0.0877293,1.07899,9.04846,-0.324606,91.9923,4.41975,4.57527,119.379,-0.74016,0.0026462,2.02136
-0.50402,-0.10158,1.21662,9.63911,-0.47342,92.6621,5.20391,4.96407,119.997,-4.56323,-0.133593,7.4082
-0.900306,-0.181941,1.89033,9.8229,-1.34309,85.5775,5.02597,5.31415,109.159,-20.5885,-3.01701,29.2554
-3.6629,-0.682556,5.62663,10.4488,-1.50072,86.8086,5.76243,5.87766,111.076,-12.0134,-3.72161,20.6143
-22.3064,-3.76711,29.957,9.53391,-2.38445,74.476,3.31855,5.1023,83.9771,-14.8346,-7.67824,39.3195
-25.0922,-3.40935,35.1557,10.0094,-2.45893,75.016,4.03667,4.72486,83.8737,-15.5183,-11.2734,61.0216
-20.6857,-0.814833,55.2618,6.97789,-3.51348,53.8711,-3.2755,2.21079,35.8119,-14.0062,-12.0327,86.7041
-12.5824,2.64359,69.2008,7.40219,-2.60963,50.0737,-2.31561,2.86112,35.2984,-12.9704,-11.4646,87.0058
-2.12326,1.91203,65.8336,4.50967,-4.40539,37.4522,-5.28562,-0.566952,9.18647,-13.6138,-11.5487,121.774
-1.55088,1.9438,65.2731,4.63116,-4.55911,35.3072,-1.65747,-0.120859,3.74856,-12.6845,-10.9682,121.181
1.28086,1.41824,73.6349,3.56456,-4.32175,32.7636,-0.908319,-0.105005,1.99473,-8.58205,-9.04941,128.031
1.15449,1.43975,74.3361,3.19731,-4.38397,32.1076,-0.381309,-0.0405742,1.11477,-7.92612,-8.44629,127.557
2.55115,2.11566,81.5242,1.51207,-3.17345,28.8568,-0.226343,-0.0236224,0.760203,-4.49338,-6.24184,120.273
2.57936,2.19619,81.6825,1.03302,-3.10577,27.9917,-0.132898,-0.012743,0.56997,-4.07381,-5.89337,120.424
3.29186,3.32348,86.7191,-0.912763,-2.62291,24.5269,-0.0912109,-0.00829174,0.460917,-2.64858,-4.82259,115.831
3.36183,3.44386,86.992,-1.80453,-2.44907,21.5179,-0.0627257,-0.00548698,0.390733,-2.2399,-4.68081,116.114
3.41334,4.30722,92.2252,-4.50626,-2.13957,15.5605,-0.0463317,-0.00413967,0.345211,-1.76171,-4.36638,118.017
3.70032,4.36676,92.1324,-4.53223,-1.83101,12.2888,-0.0349188,-0.0033078,0.31255,-1.17082,-4.29888,118.072
3.77911,4.5702,96.7984,-5.56268,-1.79178,10.378,-0.0276559,-0.00308761,0.291508,-0.38895,-3.64828,122.503
4.31768,4.52021,96.0914,-4.12503,-1.3455,7.7838,-0.0225716,-0.00289091,0.274555,0.409753,-3.53626,122.065
4.18751,3.72946,100.556,-4.20194,-1.17991,6.81871,-0.0194833,-0.00330309,0.266631,0.345918,-2.09281,123.415
4.60956,3.74663,100.207,-2.09074,-0.585652,3.82777,-0.0174816,-0.00342456,0.259792,1.02637,-1.87033,122.868
4.93614,2.50655,101.194,-1.68824,-0.431427,2.97603,-0.0165474,-0.00446281,0.262474,-0.38058,-0.657985,122.442
5.33726,2.56058,100.772,-0.901511,-0.224155,1.85056,-0.016372,-0.00487228,0.264182,0.268131,-0.523523,122.107
5.52201,1.37649,96.3492,-0.640375,-0.154924,1.39917,-0.0167832,-0.00662724,0.277464,-1.2593,-0.555153,121.772
5.79766,1.50173,96.3862,-0.410867,-0.0965783,1.04198,-0.0181134,-0.00759952,0.290748,-0.634233,-0.539299,121.534
5.55471,0.866315,90.1462,-0.303189,-0.0703567,0.855901,-0.0203703,-0.0109968,0.322471,-1.72334,-1.57583,120.587
5.73074,1.05486,90.5583,-0.22331,-0.0497757,0.718648,-0.0244828,-0.013489,0.358173,-1.1088,-1.68515,120.597
4.91604,1.03055,84.2884,-0.182711,-0.0390411,0.651993,-0.0313903,-0.0219385,0.433771,-2.00629,-2.89153,117.87
5.03911,1.24356,85.004,-0.154931,-0.0307695,0.601024,-0.0457251,-0.0321683,0.539298,-1.41006,-3.14635,118.389
4.22041,1.76489,81.9513,-0.146239,-0.0250673,0.612374,-0.0730271,-0.0627416,0.754175,-2.63935,-3.9146,120.112
4.33951,1.9188,82.8766,-0.152017,-0.0226367,0.636338,-0.155118,-0.133362,1.1628,-1.98733,-4.25813,120.793
4.70454,3.43476,83.7056,-0.192536,-0.0174869,0.778937,-0.550594,-0.617154,2.75127,-3.17072,-4.40081,120.675
4.91577,3.50536,83.9587,-0.302328,-0.0195566,1.02812,-10.3931,-7.78536,21.113,-2.52589,-4.46225,121.365
5.50101,5.64547,84.6937,-0.914148,0.0163019,2.16711,-16.9345,-6.10577,42.3836,-3.29655,-3.90585,113.902
5.65317,5.56532,84.1952,-14.3132,-0.379217,19.8368,-11.9301,-1.81551,48.4595,-2.83904,-3.4438,113.096
4.99025,7.4888,76.1453,-29.2504,-4.00023,44.1722,-9.48198,-1.03081,58.8532,-3.1252,-1.53311,90.0098
5.39424,6.85543,73.0771,-15.6575,-8.06246,53.3042,-10.6232,-1.06709,63.9877,-2.59919,-1.17844,88.5955
3.60912,6.57326,54.4721,-3.79738,-3.64393,61.2828,-5.92732,-0.553416,76.5485,-4.38062,-0.718123,46.3503
3.71797,6.38817,50.3159,-2.76854,-3.41112,62.2649,-5.72024,-0.581154,77.5648,-3.74793,-0.629244,45.6537
2.31795,5.98363,40.3078,2.20844,1.7126,66.7984,0.700697,1.33324,98.5837,-5.20058,-1.60402,10.5688
2.02948,6.05707,37.9191,1.92796,1.50536,68.3225,0.979024,1.34367,98.717,-1.99872,-0.568766,5.02026
0.823353,5.94263,37.7861,3.21001,3.75422,69.5179,5.76307,4.07941,105.271,-1.074,-0.351989,2.55886
0.188417,5.76699,37.343,2.83728,3.44055,70.5848,6.03007,3.80081,105.181,-0.469434,-0.160762,1.47443
-0.783939,4.99783,37.3596,1.6894,1.76094,73.5687,7.34312,6.244,105.948,-0.289017,-0.0989536,1.02885
-1.40684,4.70217,36.2323,1.43454,1.48461,74.3375,7.54425,6.13309,106.218,-0.181476,-0.0615083,0.791197
-3.91152,2.77455,28.3926,0.364369,-1.07222,79.6791,7.49632,7.08059,107.055,-0.134188,-0.0442448,0.656418
-4.43068,2.4918,25.5727,0.251059,-1.29499,80.4444,7.67813,7.05548,107.592,-0.100115,-0.0319132,0.566556
-7.60229,-0.566992,15.1714,0.233863,-3.36578,88.3137,6.9095,6.48811,111.019,-0.0824285,-0.0257711,0.510531
-5.68479,-0.268942,11.3471,0.309625,-3.25232,88.7938,7.17392,6.57062,111.531,-0.067714,-0.0202985,0.467001
-5.99019,-1.21372,9.42465,1.04395,-4.02756,97.4811,5.70987,5.41112,115.852,-0.0600727,-0.0175619,0.443887
-2.54744,-0.533593,4.6007,1.10178,-3.85374,98.3944,6.00212,5.5195,116.026,-0.0537803,-0.0149936,0.42342
-2.0109,-0.474792,3.50505,1.61302,-3.45744,105.529,3.50024,4.0277,119.823,-0.0507325,-0.013162,0.420037
-1.07203,-0.260623,2.16163,1.87832,-3.20488,105.77,3.90469,4.17676,119.828,-0.0486752,-0.0118258,0.417567
-0.820444,-0.202996,1.72132,2.48172,-1.87173,105.549,1.58478,3.1319,122.736,-0.0496175,-0.00952651,0.438307
-0.575821,-0.147106,1.35063,2.82037,-1.75492,105.715,2.04289,3.37377,122.582,-0.0524818,-0.00863322,0.461252
-0.485607,-0.122515,1.1868,3.46035,-0.703179,101.765,-0.141078,2.70434,123.246,-0.0605154,-0.00547616,0.520776
-0.389385,-0.0988293,1.03242,3.80597,-0.675314,101.967,0.331597,3.03122,123.178,-0.0737384,-0.00424876,0.593723
-0.351728,-0.0868299,0.978448,4.06545,-0.363518,96.8344,-1.52624,2.65603,121.989,-0.104008,0.00366964,0.753305
-0.322674,-0.0790395,0.933269,4.40183,-0.447306,97.1253,-1.06512,3.02613,122.219,-0.169026,0.0117881,1.00873
-0.335094,-0.081286,1.00064,4.50413,-1.05351,92.2524,-2.099,3.26404,119.52,-0.37638,0.0650483,1.68383
-0.405469,-0.0965065,1.14327,4.81369,-1.21244,92.7002,-1.65412,3.60634,120.106,-1.77722,0.305428,4.41299
-0.720584,-0.172654,1.77216,5.16784,-2.16741,85.7426,-1.61023,4.02461,109.516,-14.5421,-0.130655,24.8321
-3.06972,-0.675393,5.123,5.4185,-2.44216,86.8868,-1.24978,4.20439,111.055,-10.3798,-4.50191,27.0302
-22.81,-4.44244,31.8642,5.00235,-3.29469,74.471,-2.06814,3.80921,83.2546,-6.14925,-6.67986,41.6342
-22.8622,-2.55614,40.6282,5.15169,-3.20273,74.7707,-1.72274,3.66428,83.3015,-7.86442,-8.47454,53.8995
-9.33574,2.43394,60.0457,3.52029,-4.13135,53.9237,-5.37378,1.68941,34.9897,-7.54836,-10.1303,84.0457
-4.88966,3.31065,56.2043,3.94315,-3.86878,51.1021,-4.69723,2.0676,35.0514,-7.62705,-10.0924,86.1581
1.38419,2.5828,63.6418,2.01275,-5.18222,38.4785,-4.14833,-0.35211,7.83369,-6.55656,-9.7517,120.733
1.14459,2.498,65.13,2.11475,-5.20128,36.0072,-1.31172,-0.0734781,3.2982,-6.05936,-9.34484,120.542
4.1308,1.92529,73.3674,1.28018,-5.05422,33.9337,-0.620942,-0.0591237,1.61913,-1.9882,-7.35467,127.876
3.86494,1.89171,73.9402,0.845129,-5.12722,33.3472,-0.2657,-0.0225025,0.953257,-1.62189,-6.78501,127.276
5.27397,2.51538,81.098,-0.563623,-3.82354,30.1486,-0.157402,-0.0128186,0.658994,1.14766,-4.71324,120.196
5.09929,2.55402,81.3764,-1.07524,-3.71207,29.0204,-0.0934303,-0.00675065,0.502477,1.37859,-4.41332,120.195
5.65059,3.61482,86.4884,-2.67531,-3.08542,25.5593,-0.0638637,-0.00423966,0.409064,2.32823,-3.50461,116.133
5.63278,3.66508,86.5683,-3.24647,-2.94652,23.4654,-0.0439002,-0.00275923,0.349266,2.58287,-3.40119,116.408
5.72281,4.49553,91.3148,-5.25609,-2.71381,18.6948,-0.0323006,-0.00215767,0.310319,3.01182,-3.06495,117.918
5.88081,4.49744,91.0926,-5.3857,-2.51371,16.1241,-0.0241992,-0.00180948,0.282758,3.4248,-3.02488,117.927
5.67505,4.6508,95.959,-6.53705,-2.3021,12.6532,-0.0191498,-0.00194627,0.265896,3.9867,-2.49713,122.638
5.98184,4.57634,95.3706,-4.86772,-1.72038,9.52558,-0.0156489,-0.00195016,0.252619,4.5623,-2.4067,122.077
5.58093,3.88181,100.538,-4.17783,-1.25687,7.06444,-0.0136846,-0.00251675,0.247154,4.33884,-0.907491,123.869
5.80834,3.85679,100.339,-1.98443,-0.587975,3.86242,-0.0123696,-0.00270896,0.242741,4.8306,-0.71785,123.219
5.91072,2.60662,101.622,-1.37416,-0.369689,2.64606,-0.0120246,-0.00383513,0.247104,3.16298,0.56101,122.405
6.20509,2.60651,101.156,-0.711775,-0.184566,1.64744,-0.0120836,-0.00426414,0.250979,3.6823,0.655809,122.05
6.26025,1.41109,97.0289,-0.478774,-0.120639,1.20761,-0.0127796,-0.00608927,0.265977,1.98117,0.604082,121.918
6.48966,1.50542,96.9276,-0.301875,-0.0734084,0.909502,-0.0139486,-0.00687929,0.280156,2.52797,0.581359,121.683
6.13023,0.823504,90.4604,-0.222012,-0.0532996,0.751841,-0.015829,-0.0101169,0.311947,1.31378,-0.507924,120.741
6.2686,1.00189,90.8743,-0.162843,-0.0373251,0.637717,-0.0188176,-0.0119786,0.345325,1.86096,-0.654112,120.776
5.40891,0.915036,84.577,-0.1334,-0.0290042,0.582013,-0.0232874,-0.0193175,0.415184,0.754279,-1.98313,118.274
5.50325,1.11433,85.2319,-0.112798,-0.0226172,0.538691,-0.0323689,-0.0274407,0.510482,1.29766,-2.23955,118.766
4.69422,1.66829,82.1259,-0.106275,-0.0174667,0.549378,-0.0469877,-0.0516584,0.700939,0.0727333,-3.10754,120.259
4.79748,1.81207,82.9185,-0.110589,-0.0149939,0.574112,-0.0902945,-0.10581,1.05807,0.678422,-3.42949,120.979
5.27824,3.45296,83.6926,-0.140454,-0.0083331,0.704346,-0.226088,-0.43845,2.30927,-0.470008,-3.50627,120.325
5.45641,3.55446,84.0136,-0.227105,-0.00470434,0.948189,-5.17757,-6.33432,15.988,0.143363,-3.604,121.163
6.03988,5.73513,84.3834,-0.750742,0.0708169,2.07936,-16.2504,-6.05177,48.3782,-0.815842,-2.92995,113.229
6.22893,5.63413,83.968,-14.8324,0.145595,21.1157,-10.4808,-1.48209,46.6531,-0.315439,-2.6969,112.859
5.6886,7.47712,75.958,-27.6525,-5.43025,50.5932,-8.08579,-0.807518,56.5742,-1.09285,-0.876309,89.3377
5.99273,6.93848,72.8896,-11.5509,-8.31159,54.9882,-9.73605,-0.981186,63.2189,-0.647839,-0.444037,87.7077
4.30418,6.92212,55.4063,-2.13457,-2.74337,57.6284,-5.21623,-0.328988,75.8659,-3.35729,-0.219712,45.4654
4.38301,6.63412,50.6458,-2.30882,-3.12022,61.3832,-4.94416,-0.358541,76.9026,-2.64654,-0.113628,44.3287
2.78144,6.15769,40.3001,2.53354,2.14688,65.9651,1.68504,1.41612,98.1814,-5.19545,-1.62503,10.6262
2.49946,6.24519,38.115,2.1996,1.94519,67.577,1.93911,1.42396,98.2958,-2.03291,-0.600492,5.16678
1.35105,6.14047,38.645,3.34061,4.24228,69.0994,6.70044,4.34411,104.663,-1.16548,-0.384234,2.7193
0.736874,5.93757,38.3038,2.98481,3.96793,70.1836,6.94904,4.13043,104.767,-0.504291,-0.17465,1.53155
-0.194697,5.14357,38.719,1.6622,2.34556,73.3076,8.15077,6.65532,105.912,-0.302628,-0.104713,1.05234
-0.79457,4.83074,37.727,1.37131,2.05868,74.2384,8.35315,6.59084,106.193,-0.18766,-0.0644157,0.799525
-3.37457,2.83166,29.6369,0.245893,-0.504889,79.6915,8.26266,7.51617,107.046,-0.137034,-0.046022,0.659146
-3.87783,2.58977,26.9807,0.173499,-0.697945,80.363,8.47497,7.48149,107.606,-0.101211,-0.0328849,0.567813
-7.52452,-0.650867,15.5341,0.157213,-2.80248,88.1044,7.87287,6.83129,110.655,-0.083312,-0.0266498,0.512128
-5.75492,-0.399067,11.5539,0.214258,-2.74281,88.7831,8.13618,6.92477,111.237,-0.0689702,-0.0212914,0.469825
-6.24572,-1.35469,9.78059,0.970263,-3.46147,97.5453,6.79652,5.88557,116.481,-0.0617319,-0.0185914,0.448171
-2.61789,-0.588766,4.68651,1.044,-3.30757,98.4998,7.10958,5.98255,116.684,-0.0559669,-0.0161027,0.429488
-2.01722,-0.5079,3.50188,1.56362,-2.96406,105.689,4.82892,4.53978,120.131,-0.0534709,-0.0143421,0.428252
-1.02849,-0.267548,2.10088,1.88126,-2.66522,105.834,5.29241,4.71161,120.115,-0.051793,-0.0131074,0.426672
-0.791078,-0.209517,1.67915,2.43939,-1.36077,105.917,2.90681,3.66444,123.029,-0.052594,-0.0104014,0.449416
-0.549981,-0.150976,1.31548,2.83252,-1.21185,106.043,3.41499,3.94021,122.864,-0.05547,-0.0096017,0.472092
-0.463769,-0.126286,1.15749,3.47866,-0.121917,102.3,1.16205,3.17631,123.329,-0.0628011,-0.00601042,0.532711
-0.3718,-0.102205,1.00827,3.86384,-0.0650253,102.583,1.66925,3.53298,123.315,-0.0761641,-0.00449389,0.607976
-0.333896,-0.0898982,0.953536,4.21596,0.20446,97.6705,-0.156322,3.07208,121.743,-0.106213,0.00461983,0.774287
-0.305595,-0.0818962,0.909087,4.61235,0.165008,97.9937,0.355735,3.47168,122.074,-0.175388,0.0150673,1.04964
-0.312643,-0.0834757,0.96902,4.84841,-0.541328,93.1001,-0.559994,3.72917,119.197,-0.406259,0.0818786,1.80608
-0.372909,-0.0978588,1.09741,5.22822,-0.652386,93.5918,-0.0477193,4.1021,119.895,-2.28602,0.434529,5.34255
-0.621646,-0.165774,1.63962,5.65031,-1.69238,86.4802,0.0676143,4.41447,108.68,-16.0181,-0.615059,28.8338
-2.26845,-0.557167,4.0941,5.97271,-1.96483,87.823,0.486171,4.66436,110.47,-8.61911,-4.61282,26.8159
-19.8909,-4.45289,28.3205,5.56881,-2.92918,75.6202,-0.73198,4.14592,83.1656,-4.12583,-6.09282,40.3759
-20.5987,-3.01437,36.7167,5.70948,-3.07563,76.7785,-0.43118,3.88151,82.8595,-6.3576,-8.08374,53.8876
-7.55112,2.22057,56.6375,3.97839,-3.99513,56.6578,-4.88136,1.73417,36.7309,-5.26704,-9.51541,82.8557
-3.75809,3.46101,56.8604,4.43208,-3.46384,53.3527,-4.19654,2.16785,36.1871,-5.28061,-9.46946,85.4625
2.9687,2.90359,64.1634,2.41312,-4.77963,39.5995,-4.48372,-0.501665,8.17819,-3.04121,-8.63672,121.198
2.91314,2.85476,65.4738,2.55935,-4.77262,37.3474,-1.45954,-0.124001,3.38886,-2.42759,-8.18379,121.134
6.25893,2.32339,73.5313,1.69447,-4.71943,35.5763,-0.709193,-0.0841619,1.69284,2.11641,-6.01553,129.013
5.89886,2.32506,74.3921,0.939934,-4.57928,33.0848,-0.3165,-0.0338275,1.00696,2.39888,-5.47994,128.674
-0.472984,4.44295,28.6878,2.58633,3.2981,69.6253,6.00828,3.42482,109.618,-1.33087,-0.424781,2.68569
-0.85852,4.53237,38.9064,2.53341,2.16413,72.2387,9.86746,6.61129,105.562,-0.631796,-0.201785,1.53785
-1.30329,4.01821,36.6455,2.32183,1.77485,73.6832,9.89968,6.52328,107.055,-0.34468,-0.109158,1.05478
-4.08345,2.0903,26.5608,1.54395,-0.880138,79.2024,9.94065,7.40166,107.655,-0.234865,-0.0729166,0.828733
-4.64513,1.82722,22.9594,1.62131,-1.11153,79.9726,10.3518,7.39204,108.066,-0.165246,-0.0499229,0.687131
-7.6436,-0.823349,14.3567,2.07998,-3.05058,87.4773,10.0794,6.86485,110.766,-0.13082,-0.0391727,0.604475
-5.47352,-0.54906,10.0764,2.34331,-2.92227,87.999,10.5604,7.01064,111.208,-0.104797,-0.0306431,0.542105
-5.93002,-1.19485,9.0586,3.72201,-3.52131,96.4762,9.6454,6.08936,116.125,-0.0915293,-0.0261726,0.508645
-2.56597,-0.513855,4.45237,4.07872,-3.19906,96.9146,10.2041,6.27228,116.157,-0.0802337,-0.021927,0.477621
-2.26031,-0.500811,3.73455,5.19966,-2.78945,104.102,8.1611,5.03752,119.859,-0.0748137,-0.0192897,0.468916
-1.25503,-0.282081,2.33035,5.65797,-2.50404,104.396,8.77622,5.23972,119.781,-0.0711949,-0.0174632,0.462037
-0.997719,-0.225705,1.8989,6.31105,-1.21017,104.586,6.61779,4.2556,122.863,-0.0732146,-0.0148206,0.483383
-0.701826,-0.161662,1.47347,6.87117,-1.0558,104.721,7.31506,4.55162,122.599,-0.0771952,-0.0142922,0.504049
-0.600615,-0.135374,1.30285,7.55176,0.000280694,100.749,5.4718,3.87804,122.723,-0.0907709,-0.0120532,0.566522
-0.485191,-0.108639,1.12803,8.11082,0.0456787,101.106,6.17789,4.24716,122.656,-0.112339,-0.0127184,0.644842
-0.443806,-0.0955952,1.07035,8.35771,0.306405,96.2646,4.49547,3.86106,121.508,-0.169292,-0.00872417,0.828621
-0.404967,-0.085689,1.0109,8.94678,0.231929,96.7276,5.23771,4.30046,121.806,-0.287794,-0.0119087,1.12581
-0.424518,-0.0878405,1.07984,9.04844,-0.324527,91.992,4.41969,4.57527,119.379,-0.741211,0.00264669,2.02306
-0.50462,-0.101697,1.21751,9.63909,-0.473276,92.6615,5.2039,4.96384,119.996,-4.57784,-0.134524,7.42732
-0.901506,-0.182171,1.89202,9.82279,-1.34297,85.577,5.02591,5.31381,109.159,-20.6002,-3.02226,29.2726
-3.66944,-0.683724,5.63511,10.4487,-1.50031,86.8077,5.76226,5.87791,111.077,-12.002,-3.72016,20.6011
-22.3071,-3.76691,29.958,9.5338,-2.38431,74.4754,3.31836,5.10243,83.9772,-14.8261,-7.6763,39.3081
-25.0808,-3.40751,35.1407,10.0093,-2.45956,75.0164,4.03635,4.72448,83.8736,-15.5167,-11.2729,61.0188
-20.6837,-0.815212,55.2516,6.97778,-3.5139,53.8712,-3.27559,2.21054,35.8117,-14.0056,-12.0328,86.7044
-12.5831,2.64351,69.2031,7.40204,-2.60956,50.0731,-2.31566,2.86105,35.2982,-12.9696,-11.4646,87.0058
-2.12298,1.91203,65.8341,4.50956,-4.40537,37.4517,-5.28552,-0.566926,9.18635,-13.6128,-11.5486,121.774
-1.55036,1.94386,65.2728,4.63103,-4.55914,35.3068,-1.65744,-0.120849,3.74853,-12.6835,-10.968,121.181
1.28144,1.41833,73.6346,3.56442,-4.32177,32.7633,-0.908301,-0.104998,1.99471,-8.58105,-9.04921,128.031
1.15502,1.43988,74.3358,3.19715,-4.38398,32.1074,-0.381302,-0.040571,1.11476,-7.92517,-8.44605,127.557
2.55173,2.1158,81.5237,1.51193,-3.17347,28.8567,-0.226338,-0.0236204,0.760194,-4.49248,-6.24164,120.273
2.57994,2.19637,81.682,1.03288,-3.10579,27.9916,-0.132895,-0.0127417,0.569963,-4.07293,-5.89316,120.424
3.29244,3.32368,86.7186,-0.912957,-2.62287,24.5262,-0.091209,-0.00829083,0.460911,-2.64775,-4.8224,115.831
3.3623,3.44413,86.9918,-1.80495,-2.44886,21.5154,-0.0627244,-0.00548635,0.390727,-2.23912,-4.68063,116.114
3.41385,4.3075,92.2249,-4.5063,-2.13915,15.5576,-0.0463307,-0.00413925,0.345206,-1.76091,-4.36623,118.017
3.70108,4.36693,92.1314,-4.53196,-1.83056,12.2872,-0.034918,-0.00330757,0.312545,-1.16989,-4.29879,118.072
3.78039,4.57017,96.7962,-5.56373,-1.7919,10.3799,-0.0276551,-0.00308753,0.291503,-0.387702,-3.64827,122.503
4.31954,4.51997,96.0877,-4.12949,-1.34684,7.79092,-0.0225708,-0.0028909,0.27455,0.411358,-3.53639,122.066
4.18967,3.72917,100.551,-4.21127,-1.18249,6.83161,-0.0194822,-0.00330305,0.266626,0.34774,-2.09305,123.416
4.61117,3.74656,100.204,-2.09608,-0.587151,3.83539,-0.0174805,-0.0034245,0.259787,1.02791,-1.87052,122.868
4.93714,2.50663,101.193,-1.69304,-0.432647,2.98263,-0.0165462,-0.00446268,0.262469,-0.379378,-0.658112,122.443
5.33779,2.56079,100.772,-0.903464,-0.224634,1.8534,-0.0163709,-0.00487212,0.264178,0.269036,-0.52357,122.107
5.52237,1.37674,96.3492,-0.641559,-0.155205,1.40092,-0.0167821,-0.00662702,0.27746,-1.25851,-0.55514,121.772
5.79796,1.50199,96.3862,-0.411469,-0.096717,1.04294,-0.0181122,-0.00759927,0.290744,-0.633503,-0.539265,121.535
5.55495,0.866573,90.1463,-0.303562,-0.070442,0.856524,-0.0203689,-0.0109964,0.322467,-1.72267,-1.57576,120.587
5.73097,1.05511,90.5583,-0.223538,-0.0498266,0.719056,-0.0244811,-0.0134885,0.358169,-1.10817,-1.68507,120.597
4.91623,1.03079,84.2885,-0.18287,-0.0390766,0.652297,-0.031388,-0.0219378,0.433766,-2.00571,-2.89143,117.87
5.03929,1.24378,85.004,-0.155046,-0.0307944,0.601254,-0.0457217,-0.0321673,0.539292,-1.40951,-3.14626,118.389
4.22058,1.76509,81.9513,-0.146335,-0.0250872,0.612576,-0.0730208,-0.0627397,0.754168,-2.63881,-3.91451,120.112
4.33967,1.91898,82.8766,-0.152104,-0.0226543,0.636519,-0.155104,-0.133358,1.16279,-1.98682,-4.25804,120.793
4.7047,3.43492,83.7056,-0.19264,-0.0175049,0.779148,-0.550532,-0.617144,2.75125,-3.17024,-4.40072,120.675
4.9159,3.50554,83.9586,-0.302484,-0.0195821,1.0284,-10.3925,-7.78543,21.1129,-2.52544,-4.46214,121.365
5.50113,5.64564,84.6937,-0.914724,0.016247,2.16795,-16.9341,-6.10546,42.3846,-3.29616,-3.90572,113.902
5.65339,5.56538,84.1948,-14.3179,-0.380574,19.8428,-11.9295,-1.81527,48.4589,-2.83858,-3.44372,113.096
4.99022,7.48915,76.1457,-29.2433,-4.00025,44.1617,-9.48174,-1.03082,58.8529,-3.12503,-1.53297,90.0098
5.39425,6.85571,73.0774,-15.6568,-8.06139,53.2979,-10.6231,-1.06709,63.9877,-2.59895,-1.1784,88.5955
3.60921,6.57332,54.4719,-3.79776,-3.64433,61.2842,-5.92714,-0.55333,76.5484,-4.38046,-0.718102,46.3503
3.71804,6.38825,50.3158,-2.76842,-3.41127,62.2653,-5.72008,-0.581065,77.5648,-3.74778,-0.629233,45.6537
2.31798,5.98372,40.3078,2.20876,1.71251,66.7983,0.700886,1.33328,98.5836,-5.20062,-1.60404,10.5689
2.0295,6.05718,37.9191,1.92828,1.50529,68.3225,0.979197,1.34373,98.7169,-1.99875,-0.568775,5.0203
0.823371,5.94273,37.7862,3.21031,3.75413,69.5179,5.76325,4.07944,105.271,-1.07402,-0.351993,2.55888
0.188425,5.7671,37.343,2.83757,3.44046,70.5848,6.03023,3.80086,105.181,-0.469442,-0.160763,1.47445
-0.783927,4.99792,37.3597,1.6897,1.76086,73.5687,7.34329,6.24402,105.947,-0.289022,-0.0989539,1.02886
-1.40683,4.70227,36.2323,1.43484,1.48453,74.3375,7.54442,6.13311,106.218,-0.18148,-0.0615082,0.791203
-3.91152,2.7746,28.3926,0.364688,-1.0723,79.6791,7.49648,7.08058,107.055,-0.13419,-0.0442445,0.656423
-4.43067,2.49183,25.5726,0.251376,-1.29506,80.4444,7.67828,7.05546,107.591,-0.100117,-0.0319129,0.56656
-7.60228,-0.567006,15.1715,0.234199,-3.36582,88.3137,6.90966,6.4881,111.019,-0.0824301,-0.0257708,0.510535
-5.6849,-0.268961,11.3474,0.309945,-3.2523,88.7937,7.17408,6.57066,111.531,-0.0677155,-0.0202981,0.467004
-5.99063,-1.21383,9.42529,1.04429,-4.02748,97.481,5.71003,5.41122,115.852,-0.060074,-0.0175615,0.443891
-2.54781,-0.533671,4.60122,1.1021,-3.85366,98.3944,6.00227,5.51961,116.026,-0.0537815,-0.0149933,0.423424
-2.01128,-0.474881,3.50556,1.61333,-3.45739,105.529,3.50037,4.02783,119.823,-0.0507337,-0.0131617,0.420041
-1.0722,-0.260664,2.16187,1.87859,-3.20488,105.77,3.9048,4.17683,119.828,-0.0486765,-0.0118257,0.417571
-0.820565,-0.203026,1.7215,2.48199,-1.87173,105.549,1.58488,3.132,122.736,-0.0496189,-0.00952645,0.438312
-0.575893,-0.147125,1.35074,2.82065,-1.75494,105.715,2.04299,3.37383,122.581,-0.0524835,-0.00863328,0.461258
-0.485663,-0.122529,1.18688,3.46064,-0.703205,101.766,-0.140974,2.70441,123.246,-0.0605177,-0.00547626,0.520784
-0.389423,-0.0988395,1.03248,3.80627,-0.675352,101.967,0.331705,3.03128,123.178,-0.0737419,-0.00424906,0.593735
-0.351759,-0.0868379,0.978497,4.06574,-0.363553,96.8346,-1.52613,2.6561,121.989,-0.104015,0.00366934,0.753325
-0.322699,-0.0790459,0.933309,4.40214,-0.447345,97.1254,-1.06501,3.0262,122.219,-0.169041,0.0117874,1.00877
-0.335118,-0.0812921,1.00068,4.50443,-1.05355,92.2525,-2.09889,3.26411,119.52,-0.376438,0.0650511,1.68396
-0.405497,-0.0965134,1.14332,4.814,-1.21247,92.7003,-1.65399,3.60641,120.106,-1.77785,0.305465,4.41396
-0.720644,-0.172669,1.77225,5.16813,-2.16743,85.7426,-1.61009,4.02461,109.516,-14.5451,-0.131838,24.8369
-3.07014,-0.67549,5.12355,5.4188,-2.44223,86.8869,-1.24966,4.20443,111.055,-10.3782,-4.50214,27.0286
-22.8106,-4.4426,31.8649,5.00263,-3.29472,74.471,-2.06804,3.80929,83.2547,-6.14828,-6.67958,41.632
-22.8616,-2.55613,40.6272,5.15199,-3.20286,74.7707,-1.72264,3.66429,83.3015,-7.86431,-8.47456,53.8992
-9.33563,2.43388,60.0453,3.5205,-4.13144,53.9237,-5.37374,1.6894,34.9898,-7.5484,-10.1303,84.0458
-4.8897,3.31062,56.2044,3.94335,-3.86884,51.1022,-4.69718,2.06762,35.0515,-7.62705,-10.0924,86.1581
1.38422,2.58277,63.6418,2.01291,-5.18226,38.4785,-4.14835,-0.352105,7.83372,-6.55655,-9.75169,120.733
1.1446,2.498,65.13,2.11489,-5.20134,36.0073,-1.31173,-0.0734763,3.29821,-6.05937,-9.34479,120.542
4.1308,1.92529,73.3674,1.28032,-5.05426,33.9338,-0.620948,-0.059123,1.61913,-1.9882,-7.35463,127.876
3.86491,1.89175,73.9403,0.845247,-5.12726,33.3473,-0.265703,-0.0225021,0.953261,-1.62191,-6.78493,127.276
5.27396,2.51541,81.0981,-0.563511,-3.82356,30.1487,-0.157404,-0.0128184,0.658996,1.14766,-4.71319,120.196
5.09927,2.55407,81.3765,-1.07514,-3.71209,29.0205,-0.0934312,-0.00675047,0.502478,1.37858,-4.41324,120.195
5.65059,3.61486,86.4885,-2.67521,-3.08543,25.5594,-0.0638643,-0.00423953,0.409065,2.32825,-3.50456,116.133
5.63279,3.66512,86.5683,-3.24639,-2.94653,23.4654,-0.0439006,-0.00275915,0.349267,2.5829,-3.40113,116.408
5.72283,4.49557,91.3149,-5.25605,-2.71378,18.6947,-0.0323009,-0.00215763,0.31032,3.01185,-3.0649,117.918
5.88083,4.49748,91.0927,-5.38567,-2.51367,16.1239,-0.0241995,-0.00180947,0.282758,3.42484,-3.02484,117.927
5.67506,4.65084,95.9591,-6.53706,-2.30207,12.6532,-0.01915,-0.00194627,0.265897,3.98676,-2.49709,122.638
5.98185,4.57636,95.3707,-4.86781,-1.72038,9.52569,-0.015649,-0.00195016,0.252619,4.56237,-2.40667,122.077
5.58093,3.88183,100.538,-4.17806,-1.25691,7.06475,-0.0136848,-0.00251675,0.247154,4.33892,-0.907457,123.869
5.80833,3.8568,100.339,-1.98456,-0.588001,3.86259,-0.0123697,-0.00270895,0.242741,4.83068,-0.717827,123.219
5.9107,2.60664,101.622,-1.37426,-0.369708,2.6462,-0.0120248,-0.00383512,0.247105,3.16307,0.561041,122.405
6.20509,2.60652,101.156,-0.711818,-0.184573,1.6475,-0.0120838,-0.00426411,0.250979,3.6824,0.655822,122.05
6.26025,1.41112,97.0292,-0.4788,-0.120642,1.20764,-0.0127798,-0.00608923,0.265977,1.98128,0.604116,121.918
6.48968,1.50544,96.9278,-0.30189,-0.0734099,0.909524,-0.0139489,-0.00687924,0.280156,2.52809,0.581378,121.683
6.13025,0.82354,90.4607,-0.222022,-0.0533005,0.751856,-0.0158293,-0.0101169,0.311947,1.3139,-0.50788,120.741
6.26865,1.00192,90.8745,-0.162849,-0.0373255,0.637727,-0.0188179,-0.0119785,0.345325,1.86109,-0.654081,120.776
5.40895,0.91507,84.5772,-0.133405,-0.0290044,0.582021,-0.0232879,-0.0193174,0.415184,0.754411,-1.98309,118.274
5.50331,1.11436,85.2321,-0.112802,-0.0226173,0.538698,-0.0323697,-0.0274405,0.510482,1.29781,-2.23952,118.765
4.6943,1.6683,82.1261,-0.106278,-0.0174667,0.549384,-0.0469893,-0.051658,0.700939,0.0728997,-3.10751,120.259
4.79756,1.81207,82.9187,-0.110592,-0.0149939,0.574117,-0.0902981,-0.105809,1.05806,0.678598,-3.42947,120.979
5.27836,3.45295,83.6927,-0.140459,-0.00833294,0.704353,-0.226104,-0.438445,2.30926,-0.46981,-3.50627,120.325
5.45652,3.55447,84.0138,-0.227114,-0.004704,0.9482,-5.17782,-6.33426,15.988,0.143556,-3.60396,121.163
6.04,5.73515,84.3837,-0.750786,0.0708202,2.07941,-16.2508,-6.05176,48.3782,-0.815657,-2.92991,113.229
6.22907,5.63414,83.9682,-14.8333,0.145535,21.1167,-10.4809,-1.48206,46.6532,-0.315228,-2.69686,112.859
5.68875,7.47714,75.9581,-27.6524,-5.43013,50.5924,-8.08593,-0.807486,56.5742,-1.09266,-0.87631,89.3378
5.9929,6.93847,72.8897,-11.5511,-8.31156,54.988,-9.73617,-0.981135,63.219,-0.647618,-0.444062,87.7078
4.30431,6.92212,55.4064,-2.13471,-2.74344,57.6286,-5.21636,-0.328937,75.866,-3.35719,-0.219717,45.4655
4.38313,6.63412,50.6459,-2.30891,-3.12023,61.3833,-4.9443,-0.35848,76.9027,-2.64643,-0.113645,44.3288
2.78152,6.15771,40.3002,2.53347,2.14682,65.9652,1.6849,1.41612,98.1814,-5.19549,-1.62504,10.6263
2.49955,6.24523,38.1151,2.19952,1.94514,67.5771,1.93897,1.42397,98.2957,-2.03294,-0.600494,5.16682
1.35114,6.1405,38.6451,3.34055,4.24222,69.0995,6.70032,4.3441,104.663,-1.1655,-0.384235,2.71932
0.736966,5.93761,38.304,2.98474,3.96788,70.1837,6.94893,4.13042,104.767,-0.5043,-0.17465,1.53157
-0.194592,5.1436,38.7191,1.66215,2.34553,73.3077,8.15068,6.6553,105.912,-0.302634,-0.104713,1.05235
-0.794464,4.83078,37.7271,1.37127,2.05865,74.2385,8.35307,6.59081,106.193,-0.187664,-0.0644152,0.799531
-3.37449,2.83168,29.6369,0.24586,-0.504908,79.6916,8.26259,7.51613,107.046,-0.137037,-0.0460216,0.659151
-3.87776,2.58979,26.9807,0.173471,-0.697969,80.3631,8.47491,7.48143,107.606,-0.101214,-0.0328844,0.567818
-7.52451,-0.650866,15.5341,0.157173,-2.80249,88.1045,7.87281,6.83123,110.655,-0.0833141,-0.0266493,0.512132
-5.75493,-0.399061,11.5539,0.214202,-2.7428,88.7832,8.13612,6.92473,111.237,-0.0689721,-0.0212909,0.469829
-6.24582,-1.3547,9.78073,0.970193,-3.46142,97.5454,6.79646,5.88556,116.481,-0.0617336,-0.0185909,0.448175
-2.61799,-0.588777,4.68664,1.04391,-3.30752,98.5,7.10952,5.98255,116.684,-0.0559686,-0.0161023,0.429492
-2.01733,-0.507917,3.50201,1.56352,-2.96398,105.69,4.82886,4.53982,120.131,-0.0534726,-0.0143418,0.428257
-1.02853,-0.267556,2.10094,1.88115,-2.66517,105.834,5.29235,4.71162,120.115,-0.0517948,-0.0131072,0.426677
-0.791111,-0.209523,1.6792,2.43931,-1.3607,105.918,2.90675,3.66448,123.029,-0.052596,-0.0104013,0.449422
-0.550003,-0.15098,1.31551,2.83245,-1.2118,106.044,3.41494,3.94022,122.864,-0.0554724,-0.00960168,0.472099
-0.463786,-0.126289,1.15751,3.47861,-0.121863,102.3,1.16201,3.17634,123.329,-0.0628043,-0.00601035,0.532721
-0.371813,-0.102207,1.00829,3.86381,-0.0649802,102.583,1.66922,3.533,123.315,-0.0761688,-0.00449393,0.607991
-0.333906,-0.0898997,0.95355,4.21594,0.204508,97.6706,-0.156347,3.07212,121.743,-0.106222,0.00462014,0.774313
-0.305603,-0.0818974,0.9091,4.61235,0.165055,97.9939,0.35572,3.47171,122.074,-0.175409,0.0150681,1.0497
-0.312651,-0.0834767,0.969033,4.84842,-0.541283,93.1002,-0.560002,3.72921,119.197,-0.406343,0.0818889,1.80626
-0.372919,-0.0978601,1.09742,5.22824,-0.652334,93.5919,-0.04771,4.10212,119.895,-2.28712,0.434635,5.34419
-0.621668,-0.165777,1.63965,5.65032,-1.69234,86.4803,0.067652,4.41442,108.68,-16.0211,-0.616514,28.8393
-2.26859,-0.557192,4.09427,5.97273,-1.96483,87.8231,0.486177,4.66438,110.47,-8.6173,-4.6127,26.8133
-19.8914,-4.45293,28.3211,5.56885,-2.92915,75.6202,-0.731967,4.14601,83.1656,-4.12492,-6.09242,40.3734
-20.5985,-3.01432,36.7163,5.70953,-3.07565,76.7785,-0.431153,3.88151,82.8596,-6.35757,-8.08374,53.8875
-7.55106,2.22055,56.6373,3.97843,-3.99516,56.6578,-4.88134,1.73418,36.731,-5.26714,-9.5154,82.856
-3.75808,3.461,56.8605,4.43211,-3.46386,53.3527,-4.19652,2.16787,36.1871,-5.28066,-9.46939,85.4626
2.96877,2.90357,64.1634,2.41316,-4.77965,39.5995,-4.48373,-0.501654,8.1782,-3.04126,-8.63659,121.198
2.91317,2.85478,65.4738,2.55937,-4.77264,37.3474,-1.45954,-0.123997,3.38886,-2.42767,-8.18361,121.134
6.25896,2.32341,73.5314,1.69448,-4.71944,35.5763,-0.709195,-0.08416,1.69285,2.11633,-6.01535,129.013
5.89888,2.32512,74.3922,0.939928,-4.57929,33.0848,-0.316501,-0.0338267,1.00696,2.39879,-5.4797,128.674
-0.472984,4.44295,28.6878,2.58633,3.2981,69.6253,6.00828,3.42482,109.618,-1.33087,-0.424781,2.68569
-0.85852,4.53237,38.9064,2.53341,2.16413,72.2387,9.86746,6.61129,105.562,-0.631796,-0.201785,1.53785
-1.30329,4.01821,36.6455,2.32183,1.77485,73.6832,9.89968,6.52328,107.055,-0.34468,-0.109158,1.05478
-4.08345,2.0903,26.5608,1.54395,-0.880138,79.2024,9.94065,7.40166,107.655,-0.234865,-0.0729166,0.828733
-4.64513,1.82722,22.9594,1.62131,-1.11153,79.9726,10.3518,7.39204,108.066,-0.165246,-0.0499229,0.687131
-7.6436,-0.823349,14.3567,2.07998,-3.05058,87.4773,10.0794,6.86485,110.766,-0.13082,-0.0391727,0.604475
-5.47352,-0.54906,10.0764,2.34331,-2.92227,87.999,10.5604,7.01064,111.208,-0.104797,-0.0306431,0.542105
-5.93002,-1.19485,9.0586,3.72201,-3.52131,96.4762,9.6454,6.08936,116.125,-0.0915293,-0.0261726,0.508645
-2.56597,-0.513855,4.45237,4.07872,-3.19906,96.9146,10.2041,6.27228,116.157,-0.0802337,-0.021927,0.477621
-2.26031,-0.500811,3.73455,5.19966,-2.78945,104.102,8.1611,5.03752,119.859,-0.0748137,-0.0192897,0.468916
-1.25503,-0.282081,2.33035,5.65797,-2.50404,104.396,8.77622,5.23972,119.781,-0.0711949,-0.0174632,0.462037
-0.997719,-0.225705,1.8989,6.31105,-1.21017,104.586,6.61779,4.2556,122.863,-0.0732146,-0.0148206,0.483383
-0.701826,-0.161662,1.47347,6.87117,-1.0558,104.721,7.31506,4.55162,122.599,-0.0771952,-0.0142922,0.504049
-0.600615,-0.135374,1.30285,7.55176,0.000280694,100.749,5.4718,3.87804,122.723,-0.0907709,-0.0120532,0.566522
-0.485191,-0.108639,1.12803,8.11082,0.0456787,101.106,6.17789,4.24716,122.656,-0.112339,-0.0127184,0.644842
-0.443806,-0.0955952,1.07035,8.35771,0.306405,96.2646,4.49547,3.86106,121.508,-0.169292,-0.00872417,0.828621
-0.404967,-0.085689,1.0109,8.94678,0.231929,96.7276,5.23771,4.30046,121.806,-0.287794,-0.0119087,1.12581
-0.424518,-0.0878405,1.07984,9.04844,-0.324527,91.992,4.41969,4.57527,119.379,-0.741211,0.00264669,2.02306
-0.50462,-0.101697,1.21751,9.63909,-0.473276,92.6615,5.2039,4.96384,119.996,-4.57784,-0.134524,7.42732
-0.901506,-0.182171,1.89202,9.82279,-1.34297,85.577,5.02591,5.31381,109.159,-20.6002,-3.02226,29.2726
-3.66944,-0.683724,5.63511,10.4487,-1.50031,86.8077,5.76226,5.87791,111.077,-12.002,-3.72016,20.6011
-22.3071,-3.76691,29.958,9.5338,-2.38431,74.4754,3.31836,5.10243,83.9772,-14.8261,-7.6763,39.3081
-25.0808,-3.40751,35.1407,10.0093,-2.45956,75.0164,4.03635,4.72448,83.8736,-15.5167,-11.2729,61.0188
-20.6837,-0.815212,55.2516,6.97778,-3.5139,53.8712,-3.27559,2.21054,35.8117,-14.0056,-12.0328,86.7044
-12.5831,2.64351,69.2031,7.40204,-2.60956,50.0731,-2.31566,2.86105,35.2982,-12.9696,-11.4646,87.0058
-2.12298,1.91203,65.8341,4.50956,-4.40537,37.4517,-5.28552,-0.566926,9.18635,-13.6128,-11.5486,121.774
-1.55036,1.94386,65.2728,4.63103,-4.55914,35.3068,-1.65744,-0.120849,3.74853,-12.6835,-10.968,121.181
1.28144,1.41833,73.6346,3.56442,-4.32177,32.7633,-0.908301,-0.104998,1.99471,-8.58105,-9.04921,128.031
1.15502,1.43988,74.3358,3.19715,-4.38398,32.1074,-0.381302,-0.040571,1.11476,-7.92517,-8.44605,127.557
2.55173,2.1158,81.5237,1.51193,-3.17347,28.8567,-0.226338,-0.0236204,0.760194,-4.49248,-6.24164,120.273
2.57994,2.19637,81.682,1.03288,-3.10579,27.9916,-0.132895,-0.0127417,0.569963,-4.07293,-5.89316,120.424
3.29244,3.32368,86.7186,-0.912957,-2.62287,24.5262,-0.091209,-0.00829083,0.460911,-2.64775,-4.8224,115.831
3.3623,3.44413,86.9918,-1.80495,-2.44886,21.5154,-0.0627244,-0.00548635,0.390727,-2.23912,-4.68063,116.114
3.41385,4.3075,92.2249,-4.5063,-2.13915,15.5576,-0.0463307,-0.00413925,0.345206,-1.76091,-4.36623,118.017
3.70108,4.36693,92.1314,-4.53196,-1.83056,12.2872,-0.034918,-0.00330757,0.312545,-1.16989,-4.29879,118.072
3.78039,4.57017,96.7962,-5.56373,-1.7919,10.3799,-0.0276551,-0.00308753,0.291503,-0.387702,-3.64827,122.503
4.31954,4.51997,96.0877,-4.12949,-1.34684,7.79092,-0.0225708,-0.0028909,0.27455,0.411358,-3.53639,122.066
4.18967,3.72917,100.551,-4.21127,-1.18249,6.83161,-0.0194822,-0.00330305,0.266626,0.34774,-2.09305,123.416
4.61117,3.74656,100.204,-2.09608,-0.587151,3.83539,-0.0174805,-0.0034245,0.259787,1.02791,-1.87052,122.868
4.93714,2.50663,101.193,-1.69304,-0.432647,2.98263,-0.0165462,-0.00446268,0.262469,-0.379378,-0.658112,122.443
5.33779,2.56079,100.772,-0.903464,-0.224634,1.8534,-0.0163709,-0.00487212,0.264178,0.269036,-0.52357,122.107
5.52237,1.37674,96.3492,-0.641559,-0.155205,1.40092,-0.0167821,-0.00662702,0.27746,-1.25851,-0.55514,121.772
5.79796,1.50199,96.3862,-0.411469,-0.096717,1.04294,-0.0181122,-0.00759927,0.290744,-0.633503,-0.539265,121.535
5.55495,0.866573,90.1463,-0.303562,-0.070442,0.856524,-0.0203689,-0.0109964,0.322467,-1.72267,-1.57576,120.587
5.73097,1.05511,90.5583,-0.223538,-0.0498266,0.719056,-0.0244811,-0.0134885,0.358169,-1.10817,-1.68507,120.597
4.91623,1.03079,84.2885,-0.18287,-0.0390766,0.652297,-0.031388,-0.0219378,0.433766,-2.00571,-2.89143,117.87
5.03929,1.24378,85.004,-0.155046,-0.0307944,0.601254,-0.0457217,-0.0321673,0.539292,-1.40951,-3.14626,118.389
4.22058,1.76509,81.9513,-0.146335,-0.0250872,0.612576,-0.0730208,-0.0627397,0.754168,-2.63881,-3.91451,120.112
4.33967,1.91898,82.8766,-0.152104,-0.0226543,0.636519,-0.155104,-0.133358,1.16279,-1.98682,-4.25804,120.793
4.7047,3.43492,83.7056,-0.19264,-0.0175049,0.779148,-0.550532,-0.617144,2.75125,-3.17024,-4.40072,120.675
4.9159,3.50554,83.9586,-0.302484,-0.0195821,1.0284,-10.3925,-7.78543,21.1129,-2.52544,-4.46214,121.365
5.50113,5.64564,84.6937,-0.914724,0.016247,2.16795,-16.9341,-6.10546,42.3846,-3.29616,-3.90572,113.902
5.65339,5.56538,84.1948,-14.3179,-0.380574,19.8428,-11.9295,-1.81527,48.4589,-2.83858,-3.44372,113.096
4.99022,7.48915,76.1457,-29.2433,-4.00025,44.1617,-9.48174,-1.03082,58.8529,-3.12503,-1.53297,90.0098
5.39425,6.85571,73.0774,-15.6568,-8.06139,53.2979,-10.6231,-1.06709,63.9877,-2.59895,-1.1784,88.5955
3.60921,6.57332,54.4719,-3.79776,-3.64433,61.2842,-5.92714,-0.55333,76.5484,-4.38046,-0.718102,46.3503
3.71804,6.38825,50.3158,-2.76842,-3.41127,62.2653,-5.72008,-0.581065,77.5648,-3.74778,-0.629233,45.6537
2.31798,5.98372,40.3078,2.20876,1.71251,66.7983,0.700886,1.33328,98.5836,-5.20062,-1.60404,10.5689
2.0295,6.05718,37.9191,1.92828,1.50529,68.3225,0.979197,1.34373,98.7169,-1.99875,-0.568775,5.0203
0.823371,5.94273,37.7862,3.21031,3.75413,69.5179,5.76325,4.07944,105.271,-1.07402,-0.351993,2.55888
0.188425,5.7671,37.343,2.83757,3.44046,70.5848,6.03023,3.80086,105.181,-0.469442,-0.160763,1.47445
-0.783927,4.99792,37.3597,1.6897,1.76086,73.5687,7.34329,6.24402,105.947,-0.289022,-0.0989539,1.02886
-1.40683,4.70227,36.2323,1.43484,1.48453,74.3375,7.54442,6.13311,106.218,-0.18148,-0.0615082,0.791203
-3.91152,2.7746,28.3926,0.364688,-1.0723,79.6791,7.49648,7.08058,107.055,-0.13419,-0.0442445,0.656423
-4.43067,2.49183,25.5726,0.251376,-1.29506,80.4444,7.67828,7.05546,107.591,-0.100117,-0.0319129,0.56656
-7.60228,-0.567006,15.1715,0.234199,-3.36582,88.3137,6.90966,6.4881,111.019,-0.0824301,-0.0257708,0.510535
-5.6849,-0.268961,11.3474,0.309945,-3.2523,88.7937,7.17408,6.57066,111.531,-0.0677155,-0.0202981,0.467004
-5.99063,-1.21383,9.42529,1.04429,-4.02748,97.481,5.71003,5.41122,115.852,-0.060074,-0.0175615,0.443891
-2.54781,-0.533671,4.60122,1.1021,-3.85366,98.3944,6.00227,5.51961,116.026,-0.0537815,-0.0149933,0.423424
-2.01128,-0.474881,3.50556,1.61333,-3.45739,105.529,3.50037,4.02783,119.823,-0.0507337,-0.0131617,0.420041
-1.0722,-0.260664,2.16187,1.87859,-3.20488,105.77,3.9048,4.17683,119.828,-0.0486765,-0.0118257,0.417571
-0.820565,-0.203026,1.7215,2.48199,-1.87173,105.549,1.58488,3.132,122.736,-0.0496189,-0.00952645,0.438312
-0.575893,-0.147125,1.35074,2.82065,-1.75494,105.715,2.04299,3.37383,122.581,-0.0524835,-0.00863328,0.461258
-0.485663,-0.122529,1.18688,3.46064,-0.703205,101.766,-0.140974,2.70441,123.246,-0.0605177,-0.00547626,0.520784
-0.389423,-0.0988395,1.03248,3.80627,-0.675352,101.967,0.331705,3.03128,123.178,-0.0737419,-0.00424906,0.593735
-0.351759,-0.0868379,0.978497,4.06574,-0.363553,96.8346,-1.52613,2.6561,121.989,-0.104015,0.00366934,0.753325
-0.322699,-0.0790459,0.933309,4.40214,-0.447345,97.1254,-1.06501,3.0262,122.219,-0.169041,0.0117874,1.00877
-0.335118,-0.0812921,1.00068,4.50443,-1.05355,92.2525,-2.09889,3.26411,119.52,-0.376438,0.0650511,1.68396
-0.405497,-0.0965134,1.14332,4.814,-1.21247,92.7003,-1.65399,3.60641,120.106,-1.77785,0.305465,4.41396
-0.720644,-0.172669,1.77225,5.16813,-2.16743,85.7426,-1.61009,4.02461,109.516,-14.5451,-0.131838,24.8369
-3.07014,-0.67549,5.12355,5.4188,-2.44223,86.8869,-1.24966,4.20443,111.055,-10.3782,-4.50214,27.0286
-22.8106,-4.4426,31.8649,5.00263,-3.29472,74.471,-2.06804,3.80929,83.2547,-6.14828,-6.67958,41.632
-22.8616,-2.55613,40.6272,5.15199,-3.20286,74.7707,-1.72264,3.66429,83.3015,-7.86431,-8.47456,53.8992
-9.33563,2.43388,60.0453,3.5205,-4.13144,53.9237,-5.37374,1.6894,34.9898,-7.5484,-10.1303,84.0458
-4.8897,3.31062,56.2044,3.94335,-3.86884,51.1022,-4.69718,2.06762,35.0515,-7.62705,-10.0924,86.1581
1.38422,2.58277,63.6418,2.01291,-5.18226,38.4785,-4.14835,-0.352105,7.83372,-6.55655,-9.75169,120.733
1.1446,2.498,65.13,2.11489,-5.20134,36.0073,-1.31173,-0.0734763,3.29821,-6.05937,-9.34479,120.542
4.1308,1.92529,73.3674,1.28032,-5.05426,33.9338,-0.620948,-0.059123,1.61913,-1.9882,-7.35463,127.876
3.86491,1.89175,73.9403,0.845247,-5.12726,33.3473,-0.265703,-0.0225021,0.953261,-1.62191,-6.78493,127.276
5.27396,2.51541,81.0981,-0.563511,-3.82356,30.1487,-0.157404,-0.0128184,0.658996,1.14766,-4.71319,120.196
5.09927,2.55407,81.3765,-1.07514,-3.71209,29.0205,-0.0934312,-0.00675047,0.502478,1.37858,-4.41324,120.195
5.65059,3.61486,86.4885,-2.67521,-3.08543,25.5594,-0.0638643,-0.00423953,0.409065,2.32825,-3.50456,116.133
5.63279,3.66512,86.5683,-3.24639,-2.94653,23.4654,-0.0439006,-0.00275915,0.349267,2.5829,-3.40113,116.408
5.72283,4.49557,91.3149,-5.25605,-2.71378,18.6947,-0.0323009,-0.00215763,0.31032,3.01185,-3.0649,117.918
5.88083,4.49748,91.0927,-5.38567,-2.51367,16.1239,-0.0241995,-0.00180947,0.282758,3.42484,-3.02484,117.927
5.67506,4.65084,95.9591,-6.53706,-2.30207,12.6532,-0.01915,-0.00194627,0.265897,3.98676,-2.49709,122.638
5.98185,4.57636,95.3707,-4.86781,-1.72038,9.52569,-0.015649,-0.00195016,0.252619,4.56237,-2.40667,122.077
5.58093,3.88183,100.538,-4.17806,-1.25691,7.06475,-0.0136848,-0.00251675,0.247154,4.33892,-0.907457,123.869
5.80833,3.8568,100.339,-1.98456,-0.588001,3.86259,-0.0123697,-0.00270895,0.242741,4.83068,-0.717827,123.219
5.9107,2.60664,101.622,-1.37426,-0.369708,2.6462,-0.0120248,-0.00383512,0.247105,3.16307,0.561041,122.405
6.20509,2.60652,101.156,-0.711818,-0.184573,1.6475,-0.0120838,-0.00426411,0.250979,3.6824,0.655822,122.05
6.26025,1.41112,97.0292,-0.4788,-0.120642,1.20764,-0.0127798,-0.00608923,0.265977,1.98128,0.604116,121.918
6.48968,1.50544,96.9278,-0.30189,-0.0734099,0.909524,-0.0139489,-0.00687924,0.280156,2.52809,0.581378,121.683
6.13025,0.82354,90.4607,-0.222022,-0.0533005,0.751856,-0.0158293,-0.0101169,0.311947,1.3139,-0.50788,120.741
6.26865,1.00192,90.8745,-0.162849,-0.0373255,0.637727,-0.0188179,-0.0119785,0.345325,1.86109,-0.654081,120.776
5.40895,0.91507,84.5772,-0.133405,-0.0290044,0.582021,-0.0232879,-0.0193174,0.415184,0.754411,-1.98309,118.274
5.50331,1.11436,85.2321,-0.112802,-0.0226173,0.538698,-0.0323697,-0.0274405,0.510482,1.29781,-2.23952,118.765
4.6943,1.6683,82.1261,-0.106278,-0.0174667,0.549384,-0.0469893,-0.051658,0.700939,0.0728997,-3.10751,120.259
4.79756,1.81207,82.9187,-0.110592,-0.0149939,0.574117,-0.0902981,-0.105809,1.05806,0.678598,-3.42947,120.979
5.27836,3.45295,83.6927,-0.140459,-0.00833294,0.704353,-0.226104,-0.438445,2.30926,-0.46981,-3.50627,120.325
5.45652,3.55447,84.0138,-0.227114,-0.004704,0.9482,-5.17782,-6.33426,15.988,0.143556,-3.60396,121.163
6.04,5.73515,84.3837,-0.750786,0.0708202,2.07941,-16.2508,-6.05176,48.3782,-0.815657,-2.92991,113.229
6.22907,5.63414,83.9682,-14.8333,0.145535,21.1167,-10.4809,-1.48206,46.6532,-0.315228,-2.69686,112.859
5.68875,7.47714,75.9581,-27.6524,-5.43013,50.5924,-8.08593,-0.807486,56.5742,-1.09266,-0.87631,89.3378
5.9929,6.93847,72.8897,-11.5511,-8.31156,54.988,-9.73617,-0.981135,63.219,-0.647618,-0.444062,87.7078
4.30431,6.92212,55.4064,-2.13471,-2.74344,57.6286,-5.21636,-0.328937,75.866,-3.35719,-0.219717,45.4655
4.38313,6.63412,50.6459,-2.30891,-3.12023,61.3833,-4.9443,-0.35848,76.9027,-2.64643,-0.113645,44.3288
2.78152,6.15771,40.3002,2.53347,2.14682,65.9652,1.6849,1.41612,98.1814,-5.19549,-1.62504,10.6263
2.49955,6.24523,38.1151,2.19952,1.94514,67.5771,1.93897,1.42397,98.2957,-2.03294,-0.600494,5.16682
1.35114,6.1405,38.6451,3.34055,4.24222,69.0995,6.70032,4.3441,104.663,-1.1655,-0.384235,2.71932
0.736966,5.93761,38.304,2.98474,3.96788,70.1837,6.94893,4.13042,104.767,-0.5043,-0.17465,1.53157
-0.194592,5.1436,38.7191,1.66215,2.34553,73.3077,8.15068,6.6553,105.912,-0.302634,-0.104713,1.05235
-0.794464,4.83078,37.7271,1.37127,2.05865,74.2385,8.35307,6.59081,106.193,-0.187664,-0.0644152,0.799531
-3.37449,2.83168,29.6369,0.24586,-0.504908,79.6916,8.26259,7.51613,107.046,-0.137037,-0.0460216,0.659151
-3.87776,2.58979,26.9807,0.173471,-0.697969,80.3631,8.47491,7.48143,107.606,-0.101214,-0.0328844,0.567818
-7.52451,-0.650866,15.5341,0.157173,-2.80249,88.1045,7.87281,6.83123,110.655,-0.0833141,-0.0266493,0.512132
-5.75493,-0.399061,11.5539,0.214202,-2.7428,88.7832,8.13612,6.92473,111.237,-0.0689721,-0.0212909,0.469829
-6.24582,-1.3547,9.78073,0.970193,-3.46142,97.5454,6.79646,5.88556,116.481,-0.0617336,-0.0185909,0.448175
-2.61799,-0.588777,4.68664,1.04391,-3.30752,98.5,7.10952,5.98255,116.684,-0.0559686,-0.0161023,0.429492
-2.01733,-0.507917,3.50201,1.56352,-2.96398,105.69,4.82886,4.53982,120.131,-0.0534726,-0.0143418,0.428257
-1.02853,-0.267556,2.10094,1.88115,-2.66517,105.834,5.29235,4.71162,120.115,-0.0517948,-0.0131072,0.426677
-0.791111,-0.209523,1.6792,2.43931,-1.3607,105.918,2.90675,3.66448,123.029,-0.052596,-0.0104013,0.449422
-0.550003,-0.15098,1.31551,2.83245,-1.2118,106.044,3.41494,3.94022,122.864,-0.0554724,-0.00960168,0.472099
-0.463786,-0.126289,1.15751,3.47861,-0.121863,102.3,1.16201,3.17634,123.329,-0.0628043,-0.00601035,0.532721
-0.371813,-0.102207,1.00829,3.86381,-0.0649802,102.583,1.66922,3.533,123.315,-0.0761688,-0.00449393,0.607991
-0.333906,-0.0898997,0.95355,4.21594,0.204508,97.6706,-0.156347,3.07212,121.743,-0.106222,0.00462014,0.774313
-0.305603,-0.0818974,0.9091,4.61235,0.165055,97.9939,0.35572,3.47171,122.074,-0.175409,0.0150681,1.0497
-0.312651,-0.0834767,0.969033,4.84842,-0.541283,93.1002,-0.560002,3.72921,119.197,-0.406343,0.0818889,1.80626
-0.372919,-0.0978601,1.09742,5.22824,-0.652334,93.5919,-0.04771,4.10212,119.895,-2.28712,0.434635,5.34419
-0.621668,-0.165777,1.63965,5.65032,-1.69234,86.4803,0.067652,4.41442,108.68,-16.0211,-0.616514,28.8393
-2.26859,-0.557192,4.09427,5.97273,-1.96483,87.8231,0.486177,4.66438,110.47,-8.6173,-4.6127,26.8133
-19.8914,-4.45293,28.3211,5.56885,-2.92915,75.6202,-0.731967,4.14601,83.1656,-4.12492,-6.09242,40.3734
-20.5985,-3.01432,36.7163,5.70953,-3.07565,76.7785,-0.431153,3.88151,82.8596,-6.35757,-8.08374,53.8875
-7.55106,2.22055,56.6373,3.97843,-3.99516,56.6578,-4.88134,1.73418,36.731,-5.26714,-9.5154,82.856
-3.75808,3.461,56.8605,4.43211,-3.46386,53.3527,-4.19652,2.16787,36.1871,-5.28066,-9.46939,85.4626
2.96877,2.90357,64.1634,2.41316,-4.77965,39.5995,-4.48373,-0.501654,8.1782,-3.04126,-8.63659,121.198
2.91317,2.85478,65.4738,2.55937,-4.77264,37.3474,-1.45954,-0.123997,3.38886,-2.42767,-8.18361,121.134
6.25896,2.32341,73.5314,1.69448,-4.71944,35.5763,-0.709195,-0.08416,1.69285,2.11633,-6.01535,129.013
5.89888,2.32512,74.3922,0.939928,-4.57929,33.0848,-0.316501,-0.0338267,1.00696,2.39879,-5.4797,128.674
