6.60081,0.0143207,32.7295,6.12216,-0.555493,27.2924,-2.49708,5.97358,52.1275,-3.32565,-7.23973,44.4938
6.08105,-1.02083,33.7614,6.31058,-1.26009,26.4898,-2.94389,4.63824,53.2121,-3.05957,-7.82817,43.5166
5.64066,-1.55514,34.2025,6.38682,-1.55191,25.9806,-3.31936,3.82706,53.6403,-2.89783,-8.06466,42.8915
5.34932,-1.96918,34.3446,6.34231,-1.62645,26.0044,-3.58745,3.30707,53.7235,-2.87046,-8.03816,42.9763
5.0781,-2.01869,34.2451,6.27331,-1.49799,26.1508,-3.81608,3.17918,53.609,-2.91376,-7.88927,43.4027
4.88336,-1.92729,34.0958,6.17627,-1.2804,26.4928,-3.97315,3.26507,53.4262,-2.99246,-7.66326,44.1087
4.7701,-1.78663,33.8072,6.08152,-1.04494,26.8802,-4.06502,3.42845,53.1299,-3.06609,-7.42352,44.903
4.62595,-1.48393,33.7792,5.94507,-0.765032,27.3695,-4.16319,3.7869,53.1388,-3.17696,-7.17178,45.7305
4.51869,-1.08545,33.5112,5.80006,-0.39426,28.0034,-4.2224,4.26556,52.9344,-3.28271,-6.82591,46.8162
4.47163,-0.77088,33.3134,5.68659,-0.1153,28.5289,-4.24184,4.65057,52.8074,-3.35663,-6.57118,47.678
4.45107,-0.473554,33.1358,5.58526,0.139102,29.0375,-4.24425,5.0144,52.7257,-3.41986,-6.34548,48.4944
4.50614,-0.266157,32.8566,5.53259,0.345058,29.3647,-4.19936,5.26696,52.4939,-3.44893,-6.16248,49.0593
4.58321,-0.0447113,32.5312,5.4962,0.568416,29.6953,-4.1407,5.52935,52.2904,-3.50288,-5.99867,49.7878
4.60964,0.174655,32.495,5.43547,0.740285,30.0693,-4.12156,5.78986,52.3757,-3.58233,-5.89044,50.4929
4.66817,0.271924,32.2952,5.39264,0.844607,30.2627,-4.09016,5.90426,52.2347,-3.63244,-5.81701,50.8665
4.68542,0.388519,32.2995,5.34705,0.928869,30.4806,-4.08791,6.0387,52.3108,-3.67582,-5.76319,51.1884
4.70269,0.465633,32.2928,5.31101,0.992362,30.6222,-4.08677,6.12054,52.3114,-3.71478,-5.72287,51.3787
4.70704,0.484609,32.2896,5.27848,1.0007,30.717,-4.09292,6.1404,52.3015,-3.74654,-5.72639,51.4847
4.70884,0.493217,32.2924,5.25001,0.997658,30.7983,-4.09639,6.15045,52.293,-3.7667,-5.73342,51.5497
4.7157,0.484678,32.2598,5.22986,0.988903,30.8375,-4.09226,6.13918,52.2351,-3.77431,-5.73713,51.5473
4.71989,0.480051,32.2405,5.21177,0.981027,30.8776,-4.08659,6.13152,52.1859,-3.77764,-5.73847,51.5388
4.72492,0.475093,32.2227,5.19779,0.973719,30.9112,-4.07811,6.12223,52.1374,-3.77634,-5.7377,51.5234
4.73019,0.470417,32.2051,5.18676,0.967199,30.938,-4.06861,6.11285,52.0885,-3.77273,-5.73587,51.5016
4.73464,0.466781,32.1919,5.1773,0.961319,30.9627,-4.05977,6.10497,52.0476,-3.76869,-5.73412,51.483
4.74005,0.462328,32.1764,5.17062,0.956183,30.9805,-4.05078,6.09629,52.0075,-3.76363,-5.73193,51.4621
4.74431,0.458937,32.1655,5.1645,0.95147,30.9979,-4.04335,6.08976,51.9774,-3.75956,-5.73055,51.4477
4.74814,0.455943,32.1564,5.1593,0.947188,31.0136,-4.03706,6.08438,51.9537,-3.75602,-5.72972,51.4372
4.75164,0.453211,32.1488,5.15499,0.943282,31.0276,-4.03179,6.08003,51.9361,-3.75307,-5.72942,51.4306
4.75449,0.450889,32.1429,5.1511,0.93982,31.0404,-4.0278,6.07665,51.923,-3.7509,-5.72963,51.4266
4.75712,0.448756,32.138,5.14782,0.93654,31.0516,-4.02446,6.07413,51.9144,-3.74922,-5.7303,51.4258
4.75938,0.446839,32.134,5.14495,0.933571,31.0618,-4.02193,6.07223,51.909,-3.74803,-5.73126,51.4267
4.76132,0.445138,32.1305,5.14252,0.930946,31.0704,-4.02001,6.07082,51.9054,-3.7472,-5.73239,51.4283
4.7614,0.444172,32.1325,5.13867,0.927759,31.0832,-4.01977,6.07104,51.9105,-3.74799,-5.73493,51.438
4.76469,0.442008,32.1255,5.13856,0.926077,31.0855,-4.01729,6.06909,51.9047,-3.74625,-5.7352,51.4358
4.766,0.440645,32.1237,5.13692,0.923959,31.0919,-4.0165,6.06857,51.9058,-3.74611,-5.73675,51.4402
4.76917,0.438378,32.1174,5.13705,0.92221,31.0941,-4.01439,6.06686,51.9026,-3.74462,-5.73741,51.4402
4.76654,0.438829,32.1258,5.13269,0.919456,31.1072,-4.01662,6.06924,51.9162,-3.74732,-5.74102,51.4553
4.7693,0.436911,32.1202,5.13334,0.918201,31.1073,-4.01477,6.06782,51.9137,-3.74591,-5.74138,51.4548
4.77016,0.435819,32.1194,5.13247,0.916618,31.1115,-4.01453,6.06766,51.9163,-3.74593,-5.74286,51.4591
4.77285,0.433894,32.1139,5.13326,0.915368,31.1111,-4.01285,6.06636,51.9139,-3.74459,-5.74343,51.4584
4.77176,0.433709,32.1182,5.13108,0.913454,31.1185,-4.01386,6.0675,51.9225,-3.7459,-5.74576,51.468
4.77243,0.432726,32.1179,5.13048,0.911974,31.1217,-4.01363,6.06746,51.9257,-3.7459,-5.74719,51.4724
4.77297,0.431847,32.1178,5.12998,0.910609,31.1245,-4.01346,6.06744,51.9286,-3.7459,-5.74858,51.4762
4.77358,0.43087,32.1177,5.12957,0.909185,31.1272,-4.01318,6.06738,51.9321,-3.74585,-5.74993,51.4806
4.77408,0.429993,32.1179,5.12919,0.90785,31.1297,-4.01296,6.06735,51.9352,-3.74579,-5.75125,51.4845
4.77455,0.429124,32.118,5.12882,0.906529,31.1322,-4.01277,6.06731,51.9384,-3.74574,-5.75256,51.4883
4.77499,0.428285,32.1182,5.12855,0.905299,31.1345,-4.01261,6.06725,51.9413,-3.74567,-5.75383,51.4919
5.10099,2.36536,30.9456,4.81861,2.85755,32.3107,-3.92715,8.41806,50.8544,-3.8262,-3.58114,52.7229
5.91339,7.58337,28.4305,3.85727,7.29747,35.5855,-3.684,14.8772,48.5743,-4.04564,1.38111,56.1465
6.86912,-1.45013,31.527,6.21464,-2.16445,27.8331,-2.38285,3.74388,49.9345,-3.17305,-9.44889,45.1973
2.09017,-1.65957,42.8638,0.248845,-4.85539,43.9293,-2.66087,1.83479,49.8188,-5.10806,-11.6016,54.9017
3.15479,-2.52616,38.8819,3.41744,-3.97004,35.3486,-3.19227,1.34015,50.8388,-3.61305,-10.606,48.9274
3.09576,-2.86229,38.664,3.84272,-3.9781,34.2727,-3.43256,1.06435,51.129,-3.42988,-10.4698,48.2309
2.87749,-2.78347,38.6803,3.85274,-3.85571,34.1439,-3.64059,1.19656,51.2941,-3.37674,-10.1859,48.0558
2.7771,-2.57118,38.5241,3.82601,-3.56537,34.1549,-3.77544,1.54503,51.3302,-3.34126,-9.71177,48.0063
2.74027,-2.26627,38.2705,3.76511,-3.18399,34.2768,-3.8706,2.02417,51.3263,-3.34033,-9.14056,48.1427
2.71021,-2.01502,38.0783,3.73658,-2.9126,34.38,-3.94294,2.39748,51.3003,-3.32384,-8.78292,48.2905
2.71825,-1.53451,37.7139,3.66335,-2.40494,34.6078,-3.98632,3.06102,51.2247,-3.35994,-8.15545,48.6242
2.76038,-1.13102,37.4194,3.59515,-1.98663,34.8446,-4.00148,3.62286,51.1799,-3.38893,-7.65107,48.9688
2.80728,-0.758446,37.1675,3.53615,-1.61051,35.0903,-4.00518,4.12848,51.1641,-3.41686,-7.21706,49.344
2.86834,-0.447195,36.9786,3.49116,-1.29925,35.2998,-3.99338,4.54702,51.1553,-3.43639,-6.8753,49.6604
2.95693,-0.105578,36.7413,3.48845,-0.9505,35.4755,-3.95292,4.98274,51.1367,-3.42944,-6.50015,49.9624
3.03197,0.135787,36.5784,3.49512,-0.696251,35.5736,-3.916,5.28549,51.1048,-3.42187,-6.22668,50.1287
3.09323,0.333898,36.4514,3.50413,-0.483992,35.6265,-3.88244,5.52611,51.055,-3.41818,-6.0054,50.2357
3.1288,0.454802,36.3871,3.51036,-0.354468,35.6551,-3.86219,5.66768,51.0186,-3.41948,-5.87814,50.2939
3.1517,0.55883,36.3764,3.51808,-0.24483,35.6716,-3.84696,5.77683,50.9805,-3.41941,-5.77463,50.2973
3.165,0.593395,36.3609,3.51941,-0.204699,35.6769,-3.8374,5.80992,50.9292,-3.42415,-5.73997,50.2831
3.17596,0.602884,36.3415,3.52028,-0.189665,35.6765,-3.82881,5.81728,50.8777,-3.43002,-5.732,50.2731
3.1868,0.601881,36.3222,3.52237,-0.185995,35.6741,-3.81946,5.81514,50.8349,-3.43483,-5.73602,50.2708
3.19546,0.596603,36.3048,3.52354,-0.187311,35.6721,-3.81196,5.80981,50.7985,-3.44073,-5.74497,50.2712
3.20431,0.589876,36.2907,3.52548,-0.190784,35.6725,-3.80396,5.80373,50.7715,-3.4455,-5.75513,50.2778
3.21318,0.583073,36.2775,3.52776,-0.19494,35.6724,-3.79578,5.7983,50.7469,-3.4497,-5.76503,50.2835
3.22199,0.576628,36.2656,3.53024,-0.199163,35.673,-3.78765,5.79381,50.7256,-3.45359,-5.7741,50.2901
3.23068,0.570845,36.2553,3.53279,-0.20304,35.6742,-3.77974,5.7905,50.7078,-3.45731,-5.78203,50.2978
3.23908,0.565787,36.2462,3.53527,-0.206488,35.6756,-3.77218,5.78847,50.6927,-3.4611,-5.78881,50.3059
3.24723,0.561527,36.238,3.53775,-0.209352,35.6772,-3.76503,5.7876,50.6795,-3.46486,-5.79446,50.3141
3.25507,0.558021,36.2307,3.54019,-0.211667,35.6789,-3.75829,5.78784,50.6685,-3.46868,-5.79905,50.3227
3.26238,0.555387,36.2241,3.54244,-0.213201,35.6805,-3.75235,5.78914,50.6585,-3.47272,-5.80258,50.3304
3.26943,0.553477,36.2181,3.54466,-0.214221,35.6818,-3.74671,5.79147,50.6501,-3.47677,-5.80513,50.3383
3.276,0.552332,36.2126,3.54673,-0.21457,35.6829,-3.74173,5.79472,50.6427,-3.48103,-5.80675,50.3456
3.28212,0.551946,36.2074,3.54866,-0.214239,35.6836,-3.73739,5.79887,50.6359,-3.48545,-5.80746,50.352
3.28793,0.552153,36.2028,3.5505,-0.213443,35.6844,-3.73347,5.80382,50.6308,-3.48996,-5.80735,50.3591
3.29336,0.553058,36.1982,3.55219,-0.212011,35.6847,-3.73013,5.80962,50.6257,-3.49463,-5.80636,50.3649
3.29844,0.554539,36.1938,3.55375,-0.210011,35.6849,-3.72739,5.81614,50.6216,-3.49948,-5.80457,50.3705
3.30331,0.556333,36.1899,3.55517,-0.207849,35.6854,-3.72501,5.8234,50.6195,-3.50446,-5.80225,50.3773
3.30806,0.55893,36.185,3.55654,-0.204713,35.6847,-3.72309,5.83151,50.6157,-3.50955,-5.79852,50.3813
3.31283,0.561639,36.1802,3.55775,-0.201558,35.6844,-3.72136,5.84036,50.6143,-3.51475,-5.79422,50.387
3.31756,0.564744,36.1748,3.55884,-0.197851,35.6838,-3.72019,5.85004,50.6128,-3.52019,-5.789,50.3917
3.32262,0.567927,36.1685,3.55979,-0.194094,35.683,-3.719,5.86072,50.6128,-3.52575,-5.78298,50.397
3.32815,0.571635,36.1608,3.56069,-0.189462,35.6818,-3.71794,5.87258,50.6126,-3.53146,-5.77523,50.4017
3.33439,0.575732,36.1513,3.5614,-0.184229,35.6804,-3.71683,5.88616,50.6134,-3.53742,-5.76604,50.407
3.34172,0.581023,36.1394,3.56188,-0.177385,35.6787,-3.7155,5.90255,50.6146,-3.5437,-5.75422,50.4125
3.35083,0.588932,36.124,3.56182,-0.167335,35.6775,-3.71349,5.92401,50.6169,-3.55049,-5.73782,50.4201
3.36294,0.603012,36.1025,3.56055,-0.149986,35.6775,-3.71038,5.9556,50.6186,-3.55832,-5.7125,50.4295
3.38056,0.630716,36.0701,3.55569,-0.117469,35.6831,-3.705,6.00814,50.6179,-3.56822,-5.6689,50.4428
3.40238,0.693239,36.0333,3.53994,-0.0535204,35.7103,-3.69403,6.10618,50.6111,-3.58172,-5.58628,50.4656
3.73215,2.85705,34.8564,3.16672,2.04095,37.0258,-3.60768,8.65633,49.4727,-3.70655,-3.14695,51.7709
4.60068,8.35444,31.9106,2.17027,6.58601,40.62,-3.516,15.116,46.9168,-3.95253,1.96121,55.5112
6.747,-0.659548,32.0514,6.15842,-1.28404,27.6309,-2.4413,4.9082,50.9385,-3.25351,-8.24305,44.9126
4.13002,-1.23588,38.1497,3.31824,-2.92436,35.2506,-2.79893,3.32777,51.3473,-4.10624,-9.56503,49.3418
4.42429,-1.90547,36.3765,4.76762,-2.65265,30.9982,-3.24172,2.71623,52.0102,-3.28215,-9.17349,46.124
4.2817,-2.26565,36.2581,5.00393,-2.66232,30.4013,-3.48908,2.33372,52.1453,-3.18279,-9.08778,45.8599
4.04692,-2.25068,36.1945,4.96639,-2.54596,30.4498,-3.69982,2.32949,52.1353,-3.1844,-8.89516,46.0295
3.90607,-2.11385,36.0284,4.89507,-2.31376,30.654,-3.83922,2.52204,52.0383,-3.20978,-8.58221,46.3868
3.83616,-1.91715,35.7507,4.81684,-2.03289,30.9125,-3.92735,2.8063,51.8749,-3.24812,-8.22061,46.8677
3.75219,-1.6604,35.6369,4.73406,-1.78077,31.2154,-4.00935,3.13923,51.8547,-3.29674,-7.95245,47.3744
3.7016,-1.25451,35.3284,4.62543,-1.37234,31.6408,-4.05796,3.66683,51.7167,-3.36916,-7.50846,48.0836
3.69906,-0.927864,35.0915,4.54274,-1.05212,32.0012,-4.07297,4.09977,51.6374,-3.41939,-7.16682,48.6763
3.7094,-0.621746,34.8918,4.46782,-0.763054,32.3614,-4.07549,4.4999,51.6022,-3.46433,-6.86971,49.2599
3.76463,-0.385949,34.6724,4.42534,-0.525178,32.6097,-4.04705,4.80877,51.4971,-3.48744,-6.63159,49.6841
3.84297,-0.126269,34.4111,4.41078,-0.258055,32.8416,-3.99803,5.13586,51.4084,-3.50979,-6.3825,50.1773
3.88925,0.0886654,34.3296,4.38973,-0.0590551,33.0546,-3.97117,5.40323,51.4566,-3.54363,-6.20509,50.5894
3.94506,0.225407,34.1835,4.37889,0.0901547,33.1551,-3.94035,5.5736,51.3843,-3.56494,-6.06425,50.8058
3.96689,0.339535,34.1704,4.36335,0.192791,33.2604,-3.93117,5.71173,51.4264,-3.58557,-5.97374,50.9745
3.98301,0.429116,34.1765,4.353,0.278961,33.3227,-3.92517,5.81222,51.429,-3.60336,-5.89685,51.0507
3.98844,0.458667,34.1796,4.34045,0.306372,33.3589,-3.92559,5.84786,51.4171,-3.62006,-5.87199,51.0783
3.99194,0.472801,34.1817,4.32901,0.317818,33.3873,-3.92509,5.86815,51.4043,-3.63162,-5.85975,51.089
3.99829,0.474335,34.165,4.32211,0.322031,33.3948,-3.92036,5.87399,51.3697,-3.63642,-5.85086,51.0714
4.0023,0.476154,34.1552,4.31542,0.324543,33.4043,-3.91574,5.87989,51.3412,-3.6396,-5.8434,51.0532
4.00694,0.477081,34.147,4.3111,0.326286,33.4123,-3.90947,5.88401,51.3168,-3.63987,-5.83608,51.0357
4.01177,0.477873,34.1389,4.30834,0.327816,33.4173,-3.9026,5.88753,51.2923,-3.63865,-5.82899,51.0157
4.0162,0.478997,34.1333,4.30638,0.329236,33.4223,-3.89607,5.89132,51.2725,-3.63704,-5.82248,50.9986
4.02113,0.47962,34.1267,4.30581,0.330777,33.4247,-3.88956,5.89435,51.2539,-3.63481,-5.81613,50.9816
4.02538,0.480707,34.1228,4.3054,0.332269,33.4275,-3.88398,5.89819,51.2409,-3.6331,-5.81052,50.969
4.02937,0.481956,34.1198,4.30542,0.333824,33.43,-3.87912,5.90236,51.2314,-3.63164,-5.80545,50.959
4.03311,0.4833,34.1176,4.30579,0.335408,33.4321,-3.87493,5.90684,51.2253,-3.63051,-5.80089,50.9518
4.03634,0.484894,34.1163,4.30622,0.337193,33.434,-3.87173,5.91165,51.2213,-3.6299,-5.79673,50.9461
4.03942,0.486582,34.1155,4.30689,0.338947,33.4353,-3.86893,5.91679,51.2199,-3.62956,-5.79293,50.9425
4.04215,0.488426,34.1151,4.30763,0.34084,33.4363,-3.86681,5.92216,51.22,-3.62959,-5.78937,50.94
4.04458,0.490454,34.1148,4.30847,0.342924,33.4367,-3.86525,5.92774,51.2209,-3.62991,-5.78592,50.9379
4.04598,0.492874,34.1174,4.30848,0.34466,33.4395,-3.86467,5.93411,51.2266,-3.63111,-5.7832,50.9405
4.04892,0.494795,34.1152,4.31032,0.34724,33.4369,-3.86318,5.93944,51.2265,-3.63116,-5.77928,50.937
4.05069,0.49721,34.1157,4.31121,0.349634,33.4368,-3.86279,5.94552,51.2299,-3.63214,-5.77593,50.937
4.05339,0.49915,34.1138,4.31294,0.352129,33.4348,-3.86185,5.95109,51.2319,-3.63253,-5.77216,50.9357
4.05311,0.502708,34.1188,4.31232,0.354417,33.4378,-3.86326,5.95888,51.2412,-3.63511,-5.76942,50.9408
4.05565,0.505011,34.1166,4.31424,0.357394,33.4344,-3.86268,5.96493,51.2434,-3.6357,-5.76496,50.9391
4.05718,0.507871,34.1166,4.31527,0.360365,33.4332,-3.86313,5.97183,51.2479,-3.63715,-5.76081,50.9396
4.05982,0.510297,34.1137,4.31712,0.363499,33.4296,-3.86281,5.97851,51.2505,-3.63798,-5.75594,50.9381
4.06077,0.513821,34.1151,4.31747,0.366679,33.4296,-3.86388,5.98685,51.2583,-3.64022,-5.75126,50.9415
4.06298,0.517085,34.1133,4.31865,0.370365,33.4273,-3.86427,5.99531,51.2639,-3.64193,-5.74554,50.9428
4.06563,0.520896,34.1105,4.31983,0.374832,33.4245,-3.86456,6.00499,51.2694,-3.64377,-5.73869,50.9438
4.06916,0.525682,34.1062,4.32094,0.380663,33.4215,-3.86443,6.01688,51.2762,-3.6458,-5.72985,50.946
4.07407,0.532916,34.0995,4.32167,0.389655,33.4183,-3.86374,6.03327,51.2831,-3.64828,-5.7172,50.9483
4.08159,0.545383,34.0885,4.321,0.40498,33.4163,-3.86187,6.05891,51.2904,-3.65164,-5.69681,50.9511
4.09124,0.571505,34.077,4.31536,0.432889,33.4227,-3.85713,6.10462,51.2981,-3.65647,-5.66007,50.9558
4.41037,2.54004,32.983,3.99059,2.38607,34.5732,-3.76904,8.47731,50.287,-3.75173,-3.43928,52.1262
5.21407,7.66231,30.4665,3.0705,6.65416,37.7486,-3.60628,14.6812,48.1015,-3.96242,1.33235,55.4566
6.67441,-0.317582,32.3859,6.13916,-0.916191,27.4677,-2.46957,5.44347,51.5258,-3.2902,-7.73459,44.7083
5.11277,-1.11247,35.9326,4.84577,-2.06988,30.8456,-2.87207,3.99284,52.2548,-3.58716,-8.67402,46.4453
5.03314,-1.70979,35.2702,5.53524,-2.09533,28.5768,-3.27813,3.29098,52.788,-3.09435,-8.5943,44.542
4.82502,-2.09369,35.2613,5.6541,-2.12441,28.2489,-3.53471,2.84371,52.8864,-3.03194,-8.53441,44.4584
4.57414,-2.11085,35.1754,5.60157,-2.00256,28.3533,-3.75284,2.77727,52.8172,-3.05576,-8.36691,44.7647
4.40783,-1.99986,35.0145,5.51433,-1.78176,28.6348,-3.89973,2.91255,52.6726,-3.10843,-8.10351,45.3015
4.31769,-1.83621,34.7286,5.42767,-1.52821,28.9586,-3.98861,3.13018,52.4396,-3.16468,-7.80998,45.9415
4.20393,-1.56129,34.6587,5.31786,-1.26763,29.355,-4.07831,3.46933,52.4344,-3.24487,-7.55795,46.6112
4.12494,-1.16665,34.3714,5.19156,-0.884311,29.8823,-4.13171,3.96359,52.2638,-3.33395,-7.1712,47.5069
4.10027,-0.852406,34.1554,5.09582,-0.590044,30.3197,-4.14862,4.36519,52.1622,-3.39548,-6.87976,48.2307
4.09456,-0.556105,33.9698,5.00883,-0.32318,30.7506,-4.15123,4.74124,52.1074,-3.44942,-6.62412,48.9281
4.14928,-0.338879,33.723,4.96281,-0.104997,31.0338,-4.11467,5.01745,51.9423,-3.4751,-6.41757,49.4186
4.22609,-0.10215,33.4336,4.93819,0.137017,31.3115,-4.06119,5.30885,51.8012,-3.51301,-6.21428,50.0255
4.26166,0.112745,33.3778,4.89837,0.320242,31.6007,-4.03852,5.57102,51.8721,-3.56914,-6.07325,50.5796
4.31833,0.228425,33.2072,4.87283,0.446088,31.7433,-4.00777,5.71302,51.7694,-3.60433,-5.9663,50.87
4.33695,0.343752,33.2059,4.84281,0.539347,31.9022,-4.00262,5.85034,51.8328,-3.63604,-5.89341,51.1121
4.35298,0.427539,33.208,4.82024,0.614623,32.0014,-3.99955,5.94312,51.8383,-3.66403,-5.83332,51.2418
4.35724,0.452809,33.2101,4.79816,0.633485,32.0646,-4.00334,5.97304,51.8308,-3.68794,-5.82056,51.3058
4.35936,0.465448,33.2143,4.77856,0.638956,32.1175,-4.00529,5.99061,51.8232,-3.70348,-5.8156,51.3409
4.3655,0.463337,33.1912,4.76539,0.638127,32.139,-4.0013,5.99029,51.7797,-3.70935,-5.81061,51.3283
4.36911,0.463296,33.1782,4.75329,0.636826,32.1622,-3.99661,5.99163,51.7434,-3.71226,-5.80536,51.3127
4.37347,0.462592,33.1666,4.74444,0.635385,32.1814,-3.98966,5.99108,51.7092,-3.7114,-5.79929,51.2941
4.37806,0.461885,33.1551,4.73783,0.634151,32.1959,-3.98191,5.98998,51.6747,-3.70863,-5.79301,51.2713
4.38203,0.461779,33.1469,4.7324,0.633088,32.2094,-3.97465,5.98957,51.6462,-3.70545,-5.78725,51.2516
4.38677,0.460927,33.1371,4.72905,0.632376,32.2182,-3.96731,5.98821,51.6187,-3.70145,-5.78152,51.231
4.39059,0.460755,33.1308,4.72603,0.631753,32.2271,-3.96121,5.98817,51.5989,-3.69821,-5.77673,51.216
4.39409,0.460778,33.1258,4.72368,0.631295,32.2352,-3.95602,5.98872,51.5838,-3.69537,-5.77263,51.2043
4.39733,0.460901,33.1219,4.72194,0.630959,32.2422,-3.95166,5.98981,51.5733,-3.69298,-5.76918,51.1961
4.4,0.461281,33.1192,4.72043,0.630866,32.2486,-3.94842,5.99144,51.5661,-3.69127,-5.7663,51.19
4.4025,0.461733,33.1172,4.71933,0.630778,32.254,-3.94569,5.99355,51.5623,-3.68994,-5.76394,51.1867
4.40467,0.462305,33.1158,4.71846,0.630846,32.2588,-3.94368,5.99599,51.5608,-3.68906,-5.76194,51.1849
4.40654,0.463018,33.1147,4.71784,0.631119,32.2626,-3.94224,5.99869,51.5604,-3.68851,-5.76018,51.1837
4.40698,0.46424,33.1176,4.71608,0.630876,32.2697,-3.94212,6.00252,51.5668,-3.68922,-5.75956,51.189
4.40983,0.464563,33.1137,4.71712,0.631766,32.2689,-3.9404,6.00468,51.5646,-3.6881,-5.75728,51.1853
4.4111,0.465493,33.1137,4.71689,0.632288,32.2715,-3.94006,6.00786,51.5678,-3.68826,-5.75599,51.1868
4.41379,0.465695,33.1102,4.71798,0.633015,32.271,-3.93878,6.01012,51.5678,-3.68746,-5.75411,51.1855
4.41207,0.468038,33.1174,4.71562,0.633091,32.2785,-3.94083,6.01549,51.58,-3.68986,-5.75428,51.1951
4.4145,0.468542,33.1141,4.71708,0.634256,32.2764,-3.93983,6.01804,51.5804,-3.68921,-5.75201,51.1934
4.41544,0.469729,33.1142,4.71731,0.635226,32.2774,-3.94014,6.02159,51.5846,-3.68971,-5.75052,51.1953
4.41787,0.470275,33.1105,4.71882,0.636447,32.2749,-3.93935,6.02441,51.5852,-3.68922,-5.74824,51.1938
4.41755,0.472244,33.1139,4.71809,0.637355,32.2781,-3.94058,6.02924,51.5939,-3.69076,-5.74699,51.2
4.41873,0.473692,33.1134,4.71861,0.638755,32.278,-3.94085,6.0335,51.5987,-3.69138,-5.7448,51.2024
4.42007,0.475483,33.1125,4.71919,0.640627,32.2774,-3.94111,6.03836,51.6033,-3.69205,-5.74206,51.2046
4.42189,0.477731,33.1108,4.71982,0.643189,32.2767,-3.94109,6.0443,51.6088,-3.69279,-5.73832,51.2077
4.42435,0.481274,33.108,4.7203,0.647434,32.2758,-3.94081,6.05252,51.6142,-3.69374,-5.73263,51.2105
4.42815,0.487456,33.1029,4.7201,0.654947,32.2754,-3.93992,6.0655,51.6198,-3.69512,-5.72299,51.2138
4.43324,0.500402,33.0972,4.71735,0.668856,32.2794,-3.93753,6.08882,51.6255,-3.69723,-5.70495,51.2178
4.75496,2.43606,31.9803,4.40339,2.60761,33.4225,-3.84975,8.43532,50.5988,-3.78359,-3.52634,52.3981
5.55628,7.5517,29.5168,3.47718,6.90924,36.5835,-3.64665,14.7091,48.4272,-3.99354,1.27866,55.7145
6.83104,-1.30273,31.5876,6.266,-1.89386,27.5855,-2.41707,3.93428,50.0811,-3.16855,-9.11759,44.9597
2.04987,-1.50871,42.9101,0.31464,-4.59,43.6895,-2.69248,2.01614,49.9243,-5.10456,-11.3024,54.7124
3.14011,-2.36866,38.8629,3.44403,-3.7301,35.221,-3.20933,1.54387,50.8747,-3.6157,-10.3203,48.8072
3.09945,-2.69378,38.5919,3.85041,-3.74977,34.2144,-3.4373,1.27667,51.0992,-3.44109,-10.211,48.1886
2.89869,-2.61524,38.5587,3.84238,-3.64749,34.1515,-3.63396,1.39773,51.2025,-3.39599,-9.9678,48.0886
2.81274,-2.41618,38.3622,3.80218,-3.38501,34.2159,-3.7589,1.71548,51.1831,-3.36701,-9.54453,48.1052
2.78728,-2.13353,38.0775,3.73089,-3.03592,34.3803,-3.84577,2.15226,51.1329,-3.37117,-9.02808,48.2963
2.76655,-1.90833,37.8574,3.69569,-2.79384,34.5182,-3.9118,2.48194,51.066,-3.35803,-8.71625,48.4903
2.779,-1.45593,37.4819,3.6178,-2.31938,34.7687,-3.95052,3.09843,50.9647,-3.39636,-8.13733,48.8546
2.82153,-1.08396,37.1862,3.54837,-1.93541,35.0164,-3.96361,3.61289,50.9069,-3.42558,-7.67823,49.2147
2.86674,-0.73917,36.9398,3.48944,-1.58924,35.2662,-3.9667,4.07944,50.8878,-3.45286,-7.28042,49.5948
2.92439,-0.45115,36.7611,3.44578,-1.30306,35.4743,-3.9556,4.4676,50.8833,-3.47087,-6.9662,49.9074
3.00829,-0.128474,36.539,3.44508,-0.975263,35.6433,-3.91665,4.88053,50.8764,-3.46189,-6.61114,50.1971
3.07758,0.0977275,36.3942,3.45487,-0.738153,35.731,-3.88239,5.16745,50.8619,-3.45146,-6.35162,50.3462
3.13309,0.28564,36.2859,3.46715,-0.537908,35.772,-3.85191,5.39983,50.8321,-3.44467,-6.13728,50.4331
3.16334,0.401153,36.2392,3.47659,-0.415342,35.7887,-3.83499,5.54005,50.8168,-3.44273,-6.01071,50.4707
3.18171,0.504003,36.2443,3.48719,-0.308118,35.7941,-3.82303,5.65343,50.7994,-3.43949,-5.90262,50.4542
3.19098,0.54018,36.243,3.49125,-0.267349,35.7892,-3.8168,5.69416,50.7678,-3.44105,-5.86031,50.4212
3.19863,0.553695,36.2356,3.49443,-0.248976,35.7799,-3.81139,5.71185,50.7346,-3.44392,-5.84215,50.3943
3.20661,0.557979,36.2266,3.4986,-0.24052,35.7697,-3.8051,5.72102,50.7086,-3.44584,-5.8351,50.3768
3.2127,0.558471,36.2185,3.50174,-0.23643,35.7606,-3.80059,5.72692,50.6874,-3.44891,-5.8331,50.3634
3.21915,0.557517,36.2128,3.50558,-0.234404,35.7544,-3.79553,5.73139,50.6745,-3.45089,-5.83299,50.3574
3.22574,0.556227,36.2072,3.50975,-0.233261,35.7483,-3.79022,5.73554,50.6626,-3.45233,-5.83357,50.3517
3.23238,0.554899,36.2023,3.51407,-0.232534,35.7433,-3.78491,5.7396,50.653,-3.45351,-5.83434,50.3481
3.23899,0.55377,36.1984,3.51842,-0.231889,35.7394,-3.77974,5.74379,50.6459,-3.45458,-5.83501,50.3464
3.24543,0.552878,36.1951,3.52264,-0.231278,35.736,-3.77484,5.74825,50.6403,-3.45579,-5.83549,50.3461
3.25173,0.552291,36.1922,3.52679,-0.230555,35.7333,-3.77024,5.75293,50.6359,-3.45707,-5.83577,50.3467
3.25783,0.551973,36.1897,3.53081,-0.229753,35.7311,-3.76595,5.75783,50.6327,-3.45849,-5.83585,50.3485
3.26352,0.552056,36.1874,3.53456,-0.22863,35.7291,-3.76233,5.76296,50.6297,-3.46025,-5.83568,50.3502
3.26905,0.552411,36.1852,3.53818,-0.227439,35.7272,-3.7589,5.76836,50.6276,-3.46211,-5.83527,50.3526
3.27423,0.553103,36.1832,3.54157,-0.226,35.7256,-3.75601,5.77395,50.6257,-3.46429,-5.83465,50.3552
3.27906,0.554152,36.181,3.54473,-0.224281,35.7239,-3.75364,5.77975,50.6236,-3.46674,-5.83377,50.3575
3.28367,0.555426,36.1791,3.54771,-0.222466,35.7226,-3.75158,5.7857,50.6227,-3.46938,-5.83272,50.3611
3.28797,0.557062,36.1769,3.55049,-0.220353,35.721,-3.74999,5.79186,50.6211,-3.47227,-5.8314,50.364
3.29198,0.558975,36.1747,3.55309,-0.217974,35.7197,-3.74891,5.79814,50.6199,-3.47545,-5.82988,50.3673
3.29582,0.560953,36.1726,3.55552,-0.215685,35.7189,-3.7481,5.80454,50.6201,-3.47881,-5.82841,50.3723
3.29952,0.563537,36.1695,3.55789,-0.212624,35.717,-3.74768,5.8112,50.618,-3.48235,-5.82612,50.3749
3.30321,0.5661,36.1663,3.56015,-0.209684,35.7156,-3.74742,5.81797,50.6178,-3.48603,-5.82385,50.3798
3.30677,0.568991,36.1626,3.56237,-0.206264,35.7139,-3.74769,5.82495,50.6169,-3.48997,-5.82126,50.3842
3.31053,0.571976,36.158,3.56456,-0.202787,35.712,-3.74796,5.83229,50.6169,-3.49401,-5.81848,50.3898
3.31457,0.575601,36.1521,3.56684,-0.198325,35.7095,-3.7484,5.84019,50.6161,-3.49816,-5.81459,50.395
3.3191,0.579867,36.1448,3.56913,-0.193022,35.7067,-3.74886,5.84922,50.6159,-3.5025,-5.80982,50.4014
3.3245,0.585825,36.1352,3.57134,-0.185616,35.7036,-3.74918,5.86072,50.6154,-3.50709,-5.80279,50.4085
3.33152,0.595454,36.1224,3.57299,-0.173966,35.701,-3.74884,5.87768,50.6155,-3.51222,-5.79096,50.418
3.34173,0.613698,36.1033,3.57293,-0.152591,35.7004,-3.74721,5.90718,50.6143,-3.51868,-5.7683,50.4299
3.35872,0.651355,36.0715,3.5675,-0.110089,35.7081,-3.74255,5.96534,50.6098,-3.52826,-5.72105,50.4465
3.38578,0.73669,36.0255,3.54558,-0.022045,35.7463,-3.73023,6.08995,50.5971,-3.54454,-5.61734,50.4745
3.73038,2.926,34.8588,3.15957,2.09468,37.0643,-3.63166,8.68605,49.491,-3.67429,-3.14248,51.75
4.55297,8.2833,32.087,2.18138,6.49496,40.5676,-3.53068,15.0193,47.0434,-3.90384,1.85957,55.3283
6.759,-0.774412,31.9428,6.19665,-1.36107,27.5676,-2.44456,4.71709,50.7481,-3.23165,-8.36726,44.8742
3.60349,-1.25266,39.3358,2.58499,-3.26325,37.3097,-2.78081,3.05091,50.9952,-4.35771,-9.91178,50.6543
4.09799,-1.96517,36.9844,4.42814,-2.85536,32.0618,-3.23763,2.48094,51.7058,-3.36943,-9.37885,46.7915
3.9888,-2.31483,36.8071,4.70682,-2.87009,31.3728,-3.47641,2.12743,51.8413,-3.25371,-9.29682,46.4609
3.76723,-2.28646,36.7385,4.67075,-2.76555,31.4146,-3.67991,2.14814,51.8407,-3.24627,-9.10662,46.5851
3.64413,-2.14117,36.5543,4.6029,-2.53638,31.5995,-3.81239,2.35993,51.7469,-3.26005,-8.78376,46.8753
3.5889,-1.93319,36.2661,4.52387,-2.25012,31.8446,-3.89731,2.66712,51.5991,-3.29125,-8.40185,47.2974
3.52342,-1.69346,36.1182,4.45083,-2.01066,32.116,-3.97344,2.98545,51.5563,-3.32567,-8.13716,47.739
3.49011,-1.28732,35.7896,4.34849,-1.59696,32.503,-4.01787,3.51966,51.4212,-3.3903,-7.6749,48.3689
3.49976,-0.96067,35.5366,4.26973,-1.27161,32.8352,-4.03136,3.95843,51.3441,-3.43511,-7.31755,48.9053
3.51872,-0.654487,35.3265,4.199,-0.97759,33.1677,-4.03371,4.36365,51.3137,-3.47556,-7.00615,49.4385
3.57422,-0.413386,35.1193,4.15706,-0.735021,33.4037,-4.00959,4.68375,51.236,-3.49691,-6.75673,49.8324
3.65292,-0.144497,34.8722,4.14671,-0.458873,33.6166,-3.96348,5.02602,51.1732,-3.51092,-6.48697,50.2704
3.70378,0.0685632,34.7794,4.13469,-0.255049,33.7935,-3.9354,5.29439,51.2118,-3.53273,-6.29274,50.6107
3.75836,0.215053,34.6474,4.13111,-0.09589,33.8737,-3.90551,5.4788,51.1573,-3.54598,-6.13476,50.7877
3.78088,0.328376,34.631,4.12294,0.0104392,33.9522,-3.89545,5.6183,51.1927,-3.56003,-6.0346,50.9172
3.79638,0.42143,34.6414,4.11896,0.102024,33.9957,-3.88903,5.72444,51.1978,-3.57157,-5.9476,50.9638
3.80167,0.453782,34.6474,4.11156,0.133904,34.0174,-3.8889,5.7648,51.188,-3.58353,-5.91501,50.9702
3.80524,0.469632,34.6507,4.10463,0.148971,34.0328,-3.88823,5.78859,51.1764,-3.59201,-5.89721,50.966
3.81114,0.474094,34.6391,4.10129,0.156538,34.0325,-3.88415,5.79959,51.1498,-3.5952,-5.8845,50.9433
3.81484,0.477919,34.6327,4.09776,0.161817,34.0343,-3.88058,5.80965,51.1286,-3.59747,-5.87429,50.9216
3.81911,0.480684,34.6279,4.09617,0.165979,34.036,-3.87562,5.81773,51.1119,-3.5973,-5.86495,50.9027
3.82358,0.483152,34.623,4.0958,0.169644,34.0357,-3.87013,5.82491,51.0951,-3.59588,-5.85631,50.8824
3.82777,0.485714,34.6199,4.09605,0.172968,34.0358,-3.86488,5.8319,51.0819,-3.59412,-5.84852,50.865
3.83236,0.487786,34.6163,4.09734,0.176199,34.0344,-3.85965,5.83799,51.07,-3.59188,-5.84117,50.8486
3.83642,0.490099,34.6146,4.09867,0.179205,34.0337,-3.85515,5.84442,51.0623,-3.59009,-5.83468,50.8361
3.84028,0.492441,34.6136,4.10029,0.182116,34.033,-3.85124,5.85083,51.0571,-3.58852,-5.82885,50.8259
3.84395,0.49476,34.6132,4.10211,0.184903,34.0323,-3.84787,5.85725,51.0546,-3.58726,-5.82363,50.8185
3.84716,0.497211,34.6134,4.10388,0.187759,34.0317,-3.84536,5.8637,51.0535,-3.58651,-5.81892,50.8123
3.85026,0.499654,34.6138,4.10576,0.190457,34.0308,-3.84316,5.87023,51.0543,-3.58601,-5.81466,50.8081
3.85305,0.50216,34.6144,4.10762,0.193178,34.0298,-3.84156,5.87675,51.056,-3.5859,-5.81074,50.8051
3.85556,0.504767,34.615,4.10946,0.19598,34.0285,-3.84047,5.88327,51.0581,-3.58611,-5.80706,50.8024
3.85726,0.507607,34.6177,4.11061,0.198423,34.0293,-3.84015,5.89022,51.0639,-3.58706,-5.80408,50.8037
3.86008,0.51006,34.6166,4.11307,0.201471,34.026,-3.83923,5.89627,51.0649,-3.58723,-5.8003,50.8005
3.86198,0.512865,34.6175,4.11476,0.204345,34.0247,-3.83922,5.90274,51.0686,-3.58819,-5.79709,50.8001
3.86454,0.515254,34.6166,4.11703,0.207199,34.0221,-3.83884,5.90868,51.0713,-3.58879,-5.79373,50.7994
3.86482,0.518952,34.6206,4.11753,0.210024,34.0232,-3.84029,5.9162,51.0789,-3.59107,-5.79111,50.8031
3.86724,0.521663,34.6191,4.11993,0.213303,34.0196,-3.84027,5.92227,51.0813,-3.59192,-5.78736,50.8024
3.86883,0.52486,34.6191,4.12166,0.216674,34.0175,-3.84114,5.92888,51.0852,-3.59348,-5.78393,50.8033
3.87129,0.52776,34.6168,4.12406,0.220192,34.0136,-3.84143,5.93525,51.0878,-3.59459,-5.78007,50.8031
3.87251,0.531674,34.6173,4.12541,0.224022,34.0121,-3.8428,5.94284,51.0939,-3.59678,-5.77623,50.8068
3.87476,0.535607,34.6151,4.12746,0.228513,34.0088,-3.84368,5.95065,51.0985,-3.59857,-5.77155,50.8091
3.87751,0.540473,34.6117,4.12957,0.23424,34.0048,-3.84445,5.95991,51.1028,-3.60051,-5.76558,50.8116
3.88132,0.547163,34.6065,4.13154,0.242287,34.0008,-3.84472,5.97223,51.1082,-3.6027,-5.75694,50.8157
3.88702,0.558217,34.598,4.1328,0.255643,33.997,-3.84419,5.99155,51.1135,-3.60558,-5.74244,50.8202
3.89672,0.578899,34.5829,4.13143,0.280234,33.9959,-3.84177,6.02658,51.1188,-3.61007,-5.71491,50.8261
3.91198,0.623496,34.5625,4.12132,0.328437,34.0091,-3.83467,6.09768,51.1237,-3.61791,-5.65791,50.8353
4.2409,2.64137,33.462,3.78162,2.32096,35.1862,-3.74015,8.52901,50.1124,-3.72134,-3.37628,52.0118
5.03779,7.76492,30.9373,2.85951,6.5684,38.3938,-3.58977,14.7142,47.9126,-3.92901,1.40461,55.3451
6.71744,-0.540172,32.1582,6.16685,-1.1328,27.5243,-2.4574,5.08409,51.1283,-3.26135,-8.04243,44.7976
4.36246,-1.17179,37.6186,3.72233,-2.65434,34.0782,-2.82652,3.52897,51.6071,-3.97492,-9.27917,48.563
4.56642,-1.82367,36.114,4.96452,-2.46763,30.3598,-3.25672,2.89695,52.2221,-3.23478,-8.97257,45.6898
4.41188,-2.18955,36.0111,5.17051,-2.48572,29.8395,-3.50369,2.49755,52.3332,-3.14622,-8.90131,45.4863
4.17665,-2.18458,35.9319,5.12523,-2.37391,29.9174,-3.71363,2.47352,52.2944,-3.15512,-8.72526,45.706
4.03267,-2.05864,35.7578,5.04648,-2.15147,30.1538,-3.85255,2.64421,52.1728,-3.18874,-8.43605,46.1222
3.96074,-1.87609,35.4696,4.96366,-1.88446,30.4384,-3.93878,2.90274,51.9807,-3.23265,-8.10268,46.6543
3.87137,-1.62117,35.3605,4.87204,-1.63722,30.773,-4.02143,3.22816,51.9563,-3.29026,-7.84815,47.2118
3.81533,-1.22491,35.0529,4.75779,-1.24198,31.2293,-4.06996,3.73776,51.8036,-3.36722,-7.42787,47.9739
3.80806,-0.907998,34.8187,4.67165,-0.935014,31.6113,-4.08487,4.15404,51.7149,-3.42016,-7.10702,48.6023
3.8145,-0.609762,34.6222,4.5933,-0.657154,31.9913,-4.08734,4.54156,51.6741,-3.46733,-6.82652,49.2163
3.86952,-0.382997,34.3962,4.55006,-0.428721,32.2485,-4.05699,4.83739,51.5543,-3.49067,-6.60058,49.6566
3.9469,-0.132384,34.1298,4.53301,-0.17136,32.4917,-4.00732,5.15244,51.4552,-3.51655,-6.36577,50.1769
3.9898,0.0802484,34.0569,4.50772,0.0209725,32.7223,-3.98207,5.41674,51.5121,-3.55526,-6.19915,50.6217
4.04521,0.21047,33.907,4.49388,0.162931,32.8312,-3.95191,5.5797,51.4357,-3.57921,-6.06685,50.8528
4.06534,0.32466,33.8997,4.47514,0.26259,32.9482,-3.94459,5.71864,51.4878,-3.60194,-5.97998,51.0367
4.08075,0.413259,33.9073,4.46225,0.346267,33.0178,-3.94011,5.819,51.4953,-3.6215,-5.90562,51.1229
4.08521,0.442598,33.9125,4.4478,0.372201,33.0589,-3.9422,5.85537,51.4887,-3.63926,-5.88174,51.1564
4.08778,0.457548,33.9172,4.43476,0.383216,33.0917,-3.9431,5.87744,51.4809,-3.6511,-5.86899,51.1702
4.09355,0.459521,33.9008,4.42674,0.387437,33.1012,-3.93931,5.88419,51.4475,-3.65545,-5.85872,51.1511
4.09694,0.462212,33.8919,4.41911,0.390258,33.1127,-3.93542,5.89122,51.4202,-3.65786,-5.84967,51.1311
4.101,0.464023,33.8845,4.41407,0.392434,33.1221,-3.92971,5.89621,51.3962,-3.65716,-5.84073,51.1111
4.10528,0.465645,33.8771,4.41076,0.394421,33.1283,-3.92332,5.90037,51.3718,-3.65488,-5.83214,51.0883
4.10911,0.467568,33.8722,4.40833,0.396269,33.1343,-3.91731,5.90467,51.3522,-3.65222,-5.82436,51.0687
4.11353,0.468825,33.8662,4.40746,0.398198,33.1372,-3.91125,5.90794,51.3335,-3.64891,-5.8169,51.0491
4.11723,0.470495,33.8629,4.40677,0.400003,33.1406,-3.90617,5.91195,51.3207,-3.64621,-5.81045,51.0344
4.12068,0.47223,33.8605,4.40655,0.401796,33.1436,-3.90184,5.91615,51.3116,-3.64381,-5.80475,51.0226
4.12391,0.473961,33.8589,4.40673,0.40354,33.1462,-3.89818,5.92056,51.306,-3.64181,-5.79976,51.014
4.12665,0.475845,33.8582,4.40699,0.405397,33.1485,-3.8955,5.92518,51.3026,-3.64039,-5.79539,51.0071
4.12924,0.477721,33.8579,4.40751,0.407135,33.1502,-3.89323,5.93002,51.3018,-3.6393,-5.79155,51.0027
4.13153,0.479655,33.858,4.40812,0.408926,33.1516,-3.8916,5.93497,51.3026,-3.63863,-5.78812,50.9996
4.13354,0.481678,33.8583,4.40885,0.410826,33.1524,-3.8905,5.94001,51.3041,-3.63829,-5.78498,50.997
4.13444,0.484043,33.8616,4.40866,0.412256,33.1559,-3.89044,5.94578,51.3108,-3.63896,-5.7828,50.9998
4.13712,0.485739,33.8595,4.41052,0.414532,33.1534,-3.88927,5.95023,51.3108,-3.63832,-5.77943,50.9958
4.13854,0.487895,33.8604,4.41135,0.416509,33.1537,-3.88924,5.95536,51.3147,-3.63873,-5.77687,50.9959
4.14102,0.48946,33.8586,4.41313,0.418562,33.1518,-3.88854,5.95975,51.3166,-3.63847,-5.77398,50.9944
4.14015,0.492736,33.8646,4.4123,0.420255,33.1557,-3.89042,5.96644,51.327,-3.64066,-5.7725,51.0006
4.14244,0.494588,33.8625,4.41434,0.422716,33.1525,-3.89002,5.97099,51.3289,-3.64062,-5.76927,50.9991
4.14356,0.497021,33.863,4.41543,0.425115,33.1517,-3.89073,5.97628,51.3333,-3.6415,-5.7666,51.0001
4.14588,0.498982,33.8603,4.4175,0.427713,33.1481,-3.89058,5.98107,51.3353,-3.64167,-5.76334,50.9989
4.14619,0.50216,33.8627,4.41794,0.430309,33.1486,-3.89199,5.98747,51.3432,-3.64338,-5.76063,51.0035
4.14777,0.505088,33.8617,4.41937,0.43349,33.1465,-3.89266,5.99367,51.3482,-3.64444,-5.75704,51.0056
4.14968,0.50865,33.8599,4.42089,0.43753,33.1438,-3.89326,6.00088,51.3531,-3.64559,-5.75254,51.0076
4.15237,0.513335,33.8569,4.42238,0.443077,33.141,-3.89348,6.01015,51.359,-3.64689,-5.74624,51.0109
4.15633,0.520796,33.8516,4.42348,0.452113,33.138,-3.89315,6.02404,51.3648,-3.64862,-5.73608,51.0142
4.16298,0.534258,33.842,4.42298,0.468364,33.1366,-3.89155,6.04813,51.3709,-3.65134,-5.7175,51.0183
4.17315,0.562724,33.8294,4.41691,0.499492,33.1441,-3.88681,6.09538,51.3773,-3.65606,-5.68019,51.0243
4.49792,2.52982,32.7296,4.09237,2.45789,34.2923,-3.79512,8.47611,50.3709,-3.74991,-3.45996,52.1915
5.29403,7.62241,30.259,3.17585,6.70744,37.445,-3.61825,14.6779,48.2145,-3.95576,1.30309,55.4881
6.77428,-1.18385,31.7146,6.35064,-1.68376,27.3585,-2.44526,3.97187,50.096,-3.12203,-8.95797,44.7354
1.96778,-1.34752,43.0792,0.391183,-4.4185,43.494,-2.7251,2.03239,49.8977,-5.07735,-11.1269,54.5025
3.06861,-2.21891,39.0062,3.48641,-3.58087,35.1034,-3.23589,1.56481,50.8151,-3.59069,-10.1665,48.621
3.02901,-2.54049,38.728,3.87857,-3.61685,34.138,-3.45834,1.29639,51.0072,-3.42164,-10.0712,48.0278
2.83387,-2.46618,38.6785,3.85472,-3.53487,34.1199,-3.64826,1.41239,51.0818,-3.38222,-9.84504,47.9548
2.75534,-2.2786,38.4631,3.80165,-3.29334,34.222,-3.76609,1.72062,51.0382,-3.35762,-9.44149,47.9963
2.73829,-2.01229,38.1586,3.72021,-2.96466,34.4168,-3.84599,2.1455,50.9696,-3.36493,-8.94603,48.21
2.72509,-1.80428,37.9199,3.67778,-2.74203,34.578,-3.90654,2.46043,50.8875,-3.35406,-8.65092,48.4219
2.74539,-1.36978,37.5275,3.59398,-2.2841,34.848,-3.93967,3.06609,50.7773,-3.39368,-8.09028,48.8037
2.79451,-1.01657,37.2174,3.52132,-1.91597,35.1073,-3.94877,3.56824,50.7159,-3.42309,-7.64825,49.1764
2.84541,-0.688467,36.9589,3.46074,-1.58306,35.3639,-3.949,4.02503,50.6977,-3.44992,-7.26452,49.566
2.90756,-0.414381,36.7708,3.41663,-1.30768,35.5749,-3.93624,4.40585,50.6976,-3.46702,-6.96134,49.8851
2.9954,-0.10364,36.5409,3.41653,-0.98757,35.7437,-3.89631,4.81457,50.6981,-3.45659,-6.61528,50.1793
3.06753,0.112853,36.3908,3.42774,-0.756903,35.8286,-3.86216,5.09877,50.6936,-3.4445,-6.36247,50.3303
3.12521,0.293542,36.2785,3.44182,-0.560954,35.8655,-3.83244,5.33075,50.6753,-3.43595,-6.1524,50.4179
3.15699,0.404228,36.2292,3.45307,-0.441216,35.8775,-3.81686,5.47232,50.672,-3.43237,-6.02777,50.4552
3.17651,0.504251,36.2324,3.46536,-0.335236,35.8784,-3.80656,5.58868,50.6666,-3.42764,-5.91978,50.4379
3.18633,0.539212,36.2301,3.47085,-0.294929,35.8695,-3.8024,5.63299,50.6463,-3.42789,-5.87633,50.4037
3.19416,0.552785,36.2223,3.47515,-0.276126,35.8569,-3.79926,5.65488,50.6235,-3.42963,-5.85615,50.3756
3.202,0.557895,36.2133,3.48021,-0.266705,35.8441,-3.79538,5.66833,50.607,-3.43052,-5.84679,50.357
3.20768,0.559612,36.2056,3.48404,-0.261399,35.8329,-3.79337,5.67834,50.5944,-3.43265,-5.84253,50.3425
3.21348,0.560076,36.2005,3.48847,-0.258066,35.825,-3.79086,5.68654,50.5892,-3.43376,-5.84042,50.3356
3.21925,0.560253,36.1958,3.49313,-0.255632,35.8175,-3.78813,5.69399,50.5843,-3.43438,-5.83932,50.3292
3.22493,0.560363,36.1919,3.49786,-0.253689,35.8113,-3.7854,5.70091,50.5809,-3.4348,-5.83875,50.3248
3.2305,0.560593,36.189,3.50256,-0.251936,35.8065,-3.78278,5.70754,50.5794,-3.43517,-5.83842,50.3226
3.23583,0.560949,36.1869,3.50707,-0.25035,35.8024,-3.78039,5.71405,50.5789,-3.43573,-5.83822,50.3219
3.24099,0.561479,36.1851,3.51145,-0.248793,35.7991,-3.77824,5.72041,50.5791,-3.43643,-5.83812,50.3222
3.24595,0.562137,36.1836,3.51565,-0.247303,35.7965,-3.77634,5.72664,50.58,-3.43734,-5.83808,50.3238
3.2505,0.563048,36.1824,3.51953,-0.245641,35.7943,-3.77504,5.73281,50.5807,-3.43865,-5.83805,50.3254
3.25491,0.564087,36.1812,3.52324,-0.244054,35.7923,-3.77386,5.73893,50.5818,-3.44015,-5.83802,50.3279
3.25898,0.565321,36.18,3.52667,-0.242358,35.7906,-3.77314,5.74499,50.5829,-3.44204,-5.83799,50.3307
3.26273,0.566779,36.1787,3.52983,-0.240512,35.7889,-3.77288,5.75099,50.5834,-3.44428,-5.83793,50.3334
3.26626,0.568343,36.1776,3.5328,-0.238683,35.7877,-3.77285,5.75689,50.5848,-3.44678,-5.8379,50.3375
3.2695,0.57017,36.1761,3.53554,-0.236647,35.7862,-3.77324,5.76276,50.5853,-3.44961,-5.83781,50.3411
3.27246,0.57219,36.1747,3.53811,-0.23442,35.785,-3.77408,5.76852,50.5859,-3.45279,-5.83771,50.3452
3.27522,0.574226,36.1733,3.54053,-0.232324,35.7842,-3.77517,5.77416,50.5876,-3.45622,-5.83788,50.3512
3.27784,0.576841,36.1709,3.54294,-0.22946,35.7822,-3.7766,5.77982,50.5869,-3.45986,-5.83744,50.3551
3.28039,0.579464,36.1685,3.54533,-0.226674,35.7805,-3.77819,5.78533,50.5878,-3.46369,-5.83726,50.3613
3.28276,0.582467,36.1656,3.54778,-0.223323,35.7784,-3.7803,5.79081,50.5879,-3.46778,-5.83698,50.3673
3.28527,0.585666,36.1619,3.55037,-0.219772,35.7757,-3.78243,5.79638,50.5887,-3.47197,-5.83676,50.3746
3.28801,0.589641,36.1569,3.55326,-0.215034,35.7721,-3.78475,5.80226,50.5886,-3.47624,-5.83567,50.382
3.2912,0.594444,36.1504,3.55639,-0.209175,35.7677,-3.7871,5.80905,50.589,-3.48064,-5.83391,50.3907
3.2953,0.601173,36.1416,3.55972,-0.200825,35.7624,-3.7893,5.81825,50.5891,-3.48522,-5.83003,50.4003
3.30124,0.611919,36.129,3.56274,-0.187623,35.7572,-3.79076,5.83322,50.5898,-3.49029,-5.82121,50.4129
3.31094,0.631944,36.1093,3.56412,-0.163556,35.7538,-3.79066,5.86205,50.5895,-3.4967,-5.80074,50.4282
3.32891,0.672905,36.0746,3.55983,-0.115796,35.7587,-3.78678,5.92343,50.5865,-3.5065,-5.75311,50.4491
3.36132,0.764818,36.0182,3.53773,-0.0163596,35.7957,-3.77351,6.06138,50.5767,-3.52406,-5.64201,50.4831
3.73152,2.94803,34.8184,3.15562,2.12787,37.1024,-3.66009,8.70008,49.493,-3.65026,-3.1596,51.7676
4.58648,8.22395,32.0205,2.20615,6.51229,40.5487,-3.52828,15.0443,47.1123,-3.8593,1.7963,55.3436
6.75151,-0.838462,31.9028,6.25439,-1.37679,27.4705,-2.45135,4.55047,50.5743,-3.19351,-8.45839,44.7956
3.1837,-1.22774,40.2826,2.05463,-3.48789,38.821,-2.77273,2.81744,50.6926,-4.53199,-10.1564,51.5883
3.83073,-1.97741,37.4929,4.19489,-2.97942,32.8227,-3.24097,2.27678,51.4407,-3.42105,-9.52206,47.2392
3.74286,-2.31889,37.2791,4.50011,-3.00287,32.0735,-3.47368,1.94402,51.5776,-3.29433,-9.4433,46.8571
3.53038,-2.28117,37.2084,4.46248,-2.9111,32.1142,-3.67163,1.98435,51.5855,-3.28118,-9.25382,46.9455
3.42072,-2.13055,37.0103,4.3949,-2.68722,32.2886,-3.79844,2.21298,51.4962,-3.28714,-8.922,47.1844
3.37717,-1.91541,36.7131,4.31312,-2.39926,32.5277,-3.88031,2.54052,51.3624,-3.31365,-8.52344,47.5624
3.32643,-1.69,36.5378,4.24603,-2.17137,32.7778,-3.95134,2.84986,51.3044,-3.33778,-8.2601,47.9544
3.30795,-1.28471,36.1904,4.14692,-1.75436,33.1393,-3.99162,3.39348,51.1733,-3.39701,-7.78294,48.527
3.32851,-0.959225,35.9213,4.06961,-1.42562,33.4539,-4.00313,3.83988,51.0993,-3.4382,-7.41308,49.0245
3.35591,-0.654353,35.6989,4.00127,-1.1282,33.7675,-4.00451,4.2514,51.0733,-3.47543,-7.09067,49.523
3.41335,-0.410499,35.4967,3.95905,-0.88241,33.9962,-3.98302,4.58174,51.017,-3.49565,-6.83298,49.8978
3.49419,-0.135956,35.2554,3.9516,-0.599409,34.1962,-3.93848,4.93698,50.974,-3.50339,-6.54836,50.2983
3.55005,0.0744467,35.1501,3.94606,-0.392101,34.3474,-3.90911,5.20699,51.0059,-3.51628,-6.34226,50.5886
3.60502,0.227038,35.0251,3.94768,-0.225813,34.4136,-3.87965,5.40241,50.9652,-3.5236,-6.17255,50.74
3.62926,0.338522,35.0029,3.94496,-0.117268,34.4728,-3.86876,5.5429,50.9959,-3.53279,-6.06629,50.8433
3.64524,0.432991,35.0138,3.94565,-0.0223105,34.503,-3.86195,5.65305,51.0033,-3.53978,-5.97299,50.8706
3.65113,0.466424,35.0198,3.94197,0.012097,34.5148,-3.86144,5.69651,50.9953,-3.54834,-5.93585,50.8638
3.65528,0.482645,35.0222,3.93826,0.0290155,34.5211,-3.86077,5.72236,50.985,-3.55469,-5.91515,50.8507
3.6612,0.48849,35.0131,3.9374,0.0382511,34.5159,-3.85736,5.73663,50.9647,-3.55686,-5.9008,50.8263
3.66492,0.493108,35.008,3.93605,0.0448304,34.5128,-3.8548,5.74927,50.9491,-3.55865,-5.88968,50.804
3.66911,0.496633,35.0047,3.9363,0.0500953,34.5106,-3.85107,5.7598,50.9384,-3.55835,-5.87988,50.7858
3.67344,0.499822,35.0014,3.93751,0.0547188,34.5071,-3.84687,5.76927,50.9275,-3.55699,-5.87107,50.7668
3.67753,0.502995,34.9995,3.9392,0.0588915,34.5043,-3.84285,5.77823,50.9194,-3.55533,-5.86324,50.7507
3.68191,0.505749,34.9975,3.94166,0.0628643,34.5008,-3.83886,5.78624,50.9125,-3.55329,-5.856,50.7361
3.68584,0.508627,34.997,3.9441,0.0665354,34.4982,-3.83546,5.79427,50.9089,-3.55164,-5.84964,50.7248
3.6896,0.511481,34.997,3.94671,0.0700389,34.4958,-3.83253,5.80205,50.9071,-3.55021,-5.84396,50.7158
3.69317,0.514264,34.9975,3.94941,0.0733438,34.4937,-3.83005,5.80965,50.9074,-3.54907,-5.83893,50.7092
3.69632,0.517127,34.9984,3.95198,0.0766592,34.4917,-3.82835,5.8171,50.9085,-3.54842,-5.83443,50.7037
3.69937,0.519937,34.9994,3.95459,0.0797563,34.4897,-3.82689,5.82446,50.911,-3.54803,-5.83039,50.7
3.70212,0.52277,35.0005,3.9571,0.0828227,34.4878,-3.82596,5.83168,50.914,-3.54804,-5.82673,50.6974
3.7046,0.525665,35.0016,3.95951,0.0859176,34.4857,-3.82551,5.83877,50.9171,-3.54839,-5.82335,50.695
3.70645,0.528701,35.0042,3.96135,0.0886736,34.4854,-3.82567,5.84606,50.9231,-3.54938,-5.8206,50.6962
3.70907,0.531458,35.0038,3.96411,0.0918804,34.4819,-3.82547,5.85257,50.9252,-3.54989,-5.81733,50.6938
3.71095,0.534478,35.0049,3.96624,0.0949523,34.4801,-3.82603,5.85928,50.9291,-3.55109,-5.81456,50.6939
3.71329,0.53715,35.0046,3.96876,0.0979358,34.4774,-3.82636,5.86549,50.9327,-3.55209,-5.81183,50.6942
3.71389,0.540914,35.0077,3.96995,0.101052,34.4771,-3.82813,5.87282,50.9391,-3.55443,-5.80957,50.6974
3.71609,0.543917,35.0067,3.97258,0.10447,34.4735,-3.82881,5.87896,50.9421,-3.55575,-5.8066,50.6979
3.71764,0.547364,35.0066,3.97473,0.108082,34.4709,-3.83028,5.88543,50.9459,-3.55767,-5.8039,50.6996
3.71987,0.550629,35.0046,3.97744,0.111851,34.4667,-3.8313,5.89168,50.9488,-3.55928,-5.80095,50.701
3.72124,0.554846,35.0044,3.97946,0.116154,34.4642,-3.83317,5.89887,50.9542,-3.56172,-5.79787,50.7053
3.7235,0.559288,35.0018,3.98212,0.121253,34.4599,-3.83467,5.90641,50.9585,-3.56389,-5.79405,50.709
3.72638,0.564916,34.9977,3.98491,0.127932,34.4549,-3.83603,5.91559,50.9626,-3.5662,-5.78877,50.7131
3.73055,0.57292,34.9912,3.98758,0.137614,34.4497,-3.83681,5.92852,50.9676,-3.56881,-5.78029,50.7191
3.73714,0.586526,34.9806,3.98935,0.154097,34.4447,-3.83652,5.9503,50.9727,-3.57228,-5.76447,50.726
3.74898,0.612625,34.9613,3.98775,0.185189,34.4435,-3.83375,5.99246,50.9777,-3.57782,-5.73188,50.735
3.76922,0.669443,34.9323,3.97511,0.247597,34.4601,-3.82484,6.08214,50.9821,-3.58799,-5.6606,50.7489
4.11112,2.71786,33.8136,3.62761,2.27406,35.6542,-3.72286,8.56359,49.9713,-3.69587,-3.337,51.9393
4.9207,7.83729,31.2439,2.70925,6.524,38.8854,-3.57343,14.7596,47.7622,-3.89783,1.44951,55.303
6.7355,-0.684637,32.0242,6.20964,-1.24926,27.5034,-2.45442,4.82148,50.844,-3.22786,-8.24258,44.8023
3.77712,-1.19341,38.9367,2.88977,-3.06132,36.4549,-2.79905,3.18033,51.1373,-4.25472,-9.70858,50.0872
4.20098,-1.89165,36.7899,4.57164,-2.71526,31.6134,-3.2477,2.596,51.8146,-3.32972,-9.23804,46.4828
4.08213,-2.24493,36.6256,4.8298,-2.73472,30.9751,-3.48711,2.23016,51.9352,-3.22251,-9.1638,46.1934
3.85889,-2.22412,36.5492,4.78769,-2.63402,31.0369,-3.69061,2.23706,51.9175,-3.22087,-8.98351,46.3508
3.73242,-2.08727,36.3623,4.71408,-2.41261,31.2436,-3.82313,2.43435,51.8105,-3.24098,-8.67608,46.6804
3.67493,-1.8905,36.0692,4.6319,-2.1372,31.5052,-3.90691,2.72431,51.6466,-3.27638,-8.31342,47.1364
3.60491,-1.65173,35.927,4.55249,-1.90129,31.7979,-3.98369,3.03936,51.6049,-3.31748,-8.05709,47.6127
3.56753,-1.25338,35.6,4.44585,-1.49731,32.2063,-4.02796,3.56273,51.4629,-3.38576,-7.61124,48.2799
3.57411,-0.934324,35.3489,4.36473,-1.18138,32.5528,-4.04107,3.99129,51.3819,-3.43277,-7.26832,48.8418
3.59071,-0.63458,35.1407,4.29164,-0.895478,32.8986,-4.04305,4.38858,51.3494,-3.47504,-6.9689,49.3972
3.64669,-0.400698,34.9276,4.24928,-0.659675,33.1402,-4.01715,4.70001,51.2623,-3.49679,-6.72845,49.8035
3.72538,-0.139436,34.6755,4.23726,-0.390707,33.3605,-3.97014,5.03382,51.1928,-3.51361,-6.46988,50.2623
3.77439,0.0712731,34.5877,4.22219,-0.191744,33.5499,-3.94291,5.30021,51.2385,-3.5393,-6.28418,50.6281
3.82928,0.212165,34.4514,4.21645,-0.0380748,33.6359,-3.9132,5.47912,51.1813,-3.55482,-6.13329,50.8175
3.85107,0.324939,34.4381,4.2059,0.0658704,33.723,-3.90425,5.61909,51.2242,-3.5707,-6.03647,50.9597
3.86645,0.416623,34.4485,4.2,0.155308,33.7718,-3.89873,5.72488,51.2331,-3.58387,-5.95205,51.0148
3.87135,0.448384,34.4551,4.1911,0.185835,33.7973,-3.89964,5.7656,51.2269,-3.59693,-5.9207,51.0268
3.87448,0.464464,34.4595,4.18286,0.200294,33.8161,-3.89986,5.79048,51.219,-3.60592,-5.90298,51.0259
3.88014,0.468926,34.4475,4.17855,0.207594,33.8174,-3.89636,5.80195,51.1932,-3.60906,-5.88965,51.003
3.88351,0.473136,34.4412,4.17417,0.212863,33.821,-3.89322,5.8127,51.1727,-3.61105,-5.87859,50.9808
3.88747,0.476344,34.4365,4.17189,0.217143,33.8239,-3.88858,5.82132,51.1562,-3.61042,-5.86831,50.9607
3.89162,0.479262,34.4317,4.17096,0.220979,33.8247,-3.88338,5.82892,51.1393,-3.60848,-5.85877,50.9388
3.89543,0.482289,34.429,4.17071,0.224487,33.8257,-3.87844,5.83626,51.1262,-3.60618,-5.85019,50.9202
3.89969,0.48474,34.4254,4.17163,0.227902,33.8249,-3.87349,5.84255,51.1141,-3.60337,-5.84215,50.9023
3.90337,0.487427,34.424,4.17261,0.231068,33.8247,-3.86933,5.84915,51.1066,-3.60106,-5.83511,50.8886
3.90685,0.490103,34.4233,4.17392,0.234112,33.8246,-3.86577,5.85568,51.1017,-3.59901,-5.82885,50.8775
3.91014,0.492712,34.4232,4.17548,0.237002,33.8243,-3.86277,5.86215,51.0996,-3.59729,-5.82332,50.8692
3.91297,0.495411,34.4237,4.177,0.239924,33.8241,-3.86064,5.86862,51.0989,-3.59612,-5.81841,50.8624
3.91569,0.498054,34.4245,4.17867,0.242652,33.8236,-3.85883,5.87511,51.1003,-3.59524,-5.81404,50.8578
3.91811,0.500715,34.4255,4.18033,0.245366,33.823,-3.8576,5.88155,51.1027,-3.59477,-5.81011,50.8544
3.92027,0.503431,34.4265,4.18201,0.248127,33.8219,-3.85688,5.88795,51.1054,-3.59464,-5.80649,50.8515
3.92155,0.50637,34.4297,4.18293,0.250461,33.8232,-3.85697,5.89478,51.1121,-3.59534,-5.80369,50.853
3.92413,0.508817,34.4288,4.18534,0.253428,33.8199,-3.85632,5.90053,51.1136,-3.59514,-5.80006,50.8494
3.92571,0.511612,34.4301,4.1869,0.256159,33.8188,-3.85662,5.90672,51.1179,-3.59581,-5.79711,50.8491
3.92806,0.513923,34.4294,4.18915,0.25887,33.8163,-3.85646,5.91226,51.121,-3.59605,-5.79402,50.8481
3.92786,0.517625,34.4342,4.18941,0.261451,33.8179,-3.8583,5.9195,51.1297,-3.59819,-5.7919,50.8524
3.93006,0.520221,34.433,4.19184,0.264558,33.8142,-3.85845,5.92507,51.1325,-3.59869,-5.78855,50.8515
3.93135,0.523321,34.4334,4.19353,0.267716,33.8122,-3.85955,5.93117,51.137,-3.59997,-5.78563,50.8525
3.93359,0.526085,34.4313,4.19601,0.271046,33.8081,-3.85999,5.9369,51.1397,-3.60073,-5.7823,50.8523
3.93439,0.529926,34.4326,4.19732,0.274629,33.8069,-3.86162,5.9439,51.1467,-3.60268,-5.77918,50.8564
3.93628,0.533742,34.4311,4.19945,0.278894,33.8035,-3.86269,5.95097,51.1516,-3.60417,-5.77526,50.859
3.93865,0.538454,34.4284,4.20169,0.284364,33.7994,-3.86366,5.95936,51.1565,-3.60577,-5.77016,50.8618
3.94205,0.544888,34.424,4.20386,0.292069,33.7952,-3.86413,5.97064,51.1623,-3.6076,-5.76259,50.866
3.94729,0.555451,34.4163,4.20541,0.304873,33.7909,-3.8638,5.98858,51.1681,-3.61006,-5.74948,50.8708
3.95646,0.575128,34.4024,4.20453,0.328493,33.789,-3.86159,6.0217,51.1743,-3.61404,-5.72391,50.8767
3.97151,0.617353,34.3825,4.19546,0.374982,33.8001,-3.85475,6.08985,51.1808,-3.62127,-5.66995,50.8857
4.30371,2.61913,33.2804,3.86081,2.36192,34.9634,-3.75796,8.51467,50.1803,-3.72164,-3.40437,52.0563
5.10284,7.7095,30.7769,2.94716,6.59515,38.1378,-3.59581,14.6949,48.0135,-3.92419,1.35233,55.3682
6.82968,-1.22596,31.5877,6.28806,-1.74745,27.449,-2.42588,4.0606,50.1764,-3.17053,-8.90752,44.8205
2.04494,-1.42957,42.9148,0.350138,-4.44092,43.5498,-2.70099,2.13259,50.0021,-5.10427,-11.1126,54.597
3.13796,-2.29225,38.8617,3.46282,-3.60142,35.1294,-3.21456,1.65789,50.9291,-3.6155,-10.1531,48.7168
3.09886,-2.61778,38.5859,3.86462,-3.63355,34.147,-3.43994,1.38556,51.1343,-3.44119,-10.0666,48.1246
2.89973,-2.54261,38.5478,3.85128,-3.54646,34.1083,-3.63422,1.4975,51.2206,-3.3963,-9.84749,48.0484
2.81521,-2.34991,38.3468,3.80674,-3.30001,34.1926,-3.75704,1.80224,51.1859,-3.36743,-9.4479,48.0849
2.79133,-2.07558,38.0576,3.73126,-2.96663,34.374,-3.84209,2.22419,51.1231,-3.37169,-8.95384,48.2925
2.77227,-1.85919,37.831,3.69318,-2.73677,34.525,-3.90658,2.54028,51.0428,-3.35863,-8.65728,48.4983
2.78463,-1.41632,37.4551,3.61275,-2.27761,34.7874,-3.94454,3.14036,50.9333,-3.39674,-8.0986,48.8744
2.82706,-1.05473,37.1584,3.54154,-1.90703,35.043,-3.95721,3.6391,50.8692,-3.42565,-7.65566,49.2415
2.87202,-0.719215,36.9115,3.48127,-1.57219,35.2984,-3.96019,4.09229,50.8457,-3.45256,-7.27088,49.6262
2.92912,-0.439093,36.733,3.43683,-1.29529,35.51,-3.94931,4.4695,50.8388,-3.47011,-6.96692,49.9413
3.0122,-0.123489,36.5122,3.43567,-0.975662,35.6808,-3.91083,4.87277,50.8314,-3.46062,-6.62049,50.2315
3.08075,0.0971116,36.3687,3.44541,-0.744651,35.7688,-3.87719,5.15279,50.8178,-3.44961,-6.36698,50.3798
3.13551,0.280936,36.2618,3.4579,-0.548731,35.8091,-3.84745,5.38044,50.79,-3.44221,-6.15656,50.4651
3.16517,0.393939,36.2162,3.46768,-0.428692,35.8245,-3.83131,5.51826,50.7773,-3.43965,-6.03193,50.5009
3.18304,0.49552,36.2224,3.47869,-0.322678,35.8285,-3.82014,5.63087,50.7628,-3.4358,-5.92439,50.4823
3.19188,0.531333,36.2219,3.48319,-0.282132,35.8221,-3.81472,5.67201,50.7341,-3.43677,-5.88165,50.4475
3.19917,0.545099,36.2151,3.48677,-0.26334,35.8114,-3.81009,5.69084,50.7035,-3.43906,-5.86244,50.4189
3.20682,0.549958,36.2067,3.4913,-0.254144,35.8,-3.80456,5.70143,50.68,-3.44042,-5.8541,50.3997
3.21259,0.551159,36.1992,3.49479,-0.249187,35.7899,-3.80079,5.70879,50.6611,-3.44293,-5.85077,50.3849
3.21873,0.550949,36.1939,3.49898,-0.246274,35.7827,-3.79644,5.71463,50.6502,-3.44435,-5.84942,50.3775
3.22501,0.550375,36.1887,3.50348,-0.244283,35.7758,-3.79181,5.71999,50.6402,-3.44524,-5.84888,50.3706
3.23135,0.54971,36.1843,3.50813,-0.242775,35.77,-3.78715,5.7251,50.6322,-3.44586,-5.84868,50.3657
3.23769,0.549176,36.1808,3.51281,-0.24143,35.7654,-3.7826,5.73016,50.6264,-3.44638,-5.84851,50.363
3.24387,0.548803,36.1779,3.51734,-0.240205,35.7614,-3.77827,5.73535,50.6221,-3.44705,-5.8483,50.3617
3.24992,0.548659,36.1753,3.5218,-0.238956,35.7581,-3.7742,5.74059,50.6187,-3.44779,-5.848,50.3613
3.2558,0.548707,36.1732,3.52612,-0.237715,35.7554,-3.7704,5.74593,50.6165,-3.44868,-5.84762,50.3622
3.26129,0.549084,36.1712,3.53016,-0.236237,35.7531,-3.76723,5.75137,50.6142,-3.44993,-5.8471,50.363
3.26666,0.549666,36.1694,3.53406,-0.23477,35.7509,-3.7642,5.75695,50.6128,-3.45129,-5.84644,50.3646
3.27168,0.550523,36.1676,3.53772,-0.233129,35.7489,-3.76168,5.76263,50.6114,-3.45298,-5.84565,50.3664
3.27636,0.551683,36.1658,3.54113,-0.231276,35.747,-3.75964,5.76841,50.6098,-3.45496,-5.84471,50.368
3.28083,0.553023,36.1642,3.54438,-0.229385,35.7455,-3.75787,5.77424,50.6092,-3.45713,-5.84367,50.3709
3.28499,0.554694,36.1624,3.5474,-0.227244,35.7438,-3.75655,5.78019,50.608,-3.45958,-5.84245,50.3731
3.28885,0.556619,36.1606,3.55026,-0.224875,35.7423,-3.7557,5.78616,50.6069,-3.46232,-5.84111,50.3758
3.2925,0.558604,36.1591,3.55294,-0.22262,35.7414,-3.75512,5.79215,50.6071,-3.46526,-5.83991,50.3801
3.29598,0.561204,36.1566,3.55558,-0.219602,35.7394,-3.75492,5.7983,50.605,-3.46838,-5.83798,50.3822
3.29938,0.563822,36.1542,3.55812,-0.216693,35.7379,-3.75487,5.80445,50.6046,-3.47165,-5.83618,50.3865
3.30257,0.566817,36.1514,3.56065,-0.213281,35.7361,-3.75538,5.81068,50.6035,-3.47517,-5.83418,50.3903
3.30584,0.569973,36.1481,3.56318,-0.209774,35.7341,-3.75591,5.81712,50.6032,-3.47878,-5.83212,50.3953
3.30926,0.573842,36.1436,3.56586,-0.205246,35.7314,-3.75667,5.82391,50.6019,-3.48249,-5.82912,50.3999
3.31298,0.57842,36.1381,3.5686,-0.199853,35.7283,-3.75752,5.83159,50.6011,-3.48635,-5.82546,50.4057
3.31736,0.584714,36.1307,3.57133,-0.192381,35.7248,-3.75831,5.84138,50.5999,-3.49043,-5.81983,50.412
3.32312,0.594628,36.1205,3.5736,-0.180775,35.7218,-3.75856,5.85616,50.5991,-3.495,-5.80979,50.4206
3.33179,0.613045,36.1047,3.57425,-0.159645,35.7206,-3.75762,5.88294,50.5972,-3.50084,-5.78935,50.4313
3.34708,0.650841,36.0769,3.56968,-0.11738,35.727,-3.75371,5.93811,50.5924,-3.50982,-5.7445,50.4462
3.37387,0.736369,36.0325,3.54907,-0.0283229,35.7621,-3.74208,6.06094,50.581,-3.52591,-5.64203,50.4721
3.72114,2.91768,34.8739,3.16587,2.08079,37.0661,-3.64186,8.64628,49.491,-3.65454,-3.17268,51.7303
4.52537,8.24034,32.1582,2.19864,6.442,40.5336,-3.5329,14.9404,47.0719,-3.87682,1.79845,55.2702
6.78886,-0.925917,31.7659,6.24425,-1.4567,27.5098,-2.44062,4.46738,50.4631,-3.20085,-8.52203,44.8453
2.92776,-1.26346,40.8545,1.60637,-3.69331,40.0626,-2.7475,2.70118,50.4925,-4.68724,-10.343,52.4073
3.68592,-2.02905,37.7433,3.98674,-3.09578,33.4734,-3.2256,2.18602,51.2695,-3.4831,-9.62204,47.6931
3.61424,-2.36263,37.5032,4.31505,-3.11896,32.6735,-3.45498,1.87093,51.4133,-3.34521,-9.54529,47.2722
3.40622,-2.31582,37.4383,4.2832,-3.03079,32.698,-3.65093,1.92519,51.4345,-3.3243,-9.35794,47.3282
3.30272,-2.15844,37.2407,4.22228,-2.80691,32.8494,-3.7761,2.16406,51.3553,-3.32149,-9.02149,47.5212
3.26315,-1.9349,36.9492,4.14355,-2.51539,33.0708,-3.85848,2.50337,51.2383,-3.34226,-8.61264,47.8576
3.21958,-1.71621,36.7625,4.08487,-2.29201,33.2951,-3.92778,2.80531,51.1714,-3.35694,-8.35001,48.2054
3.20684,-1.30917,36.4146,3.99176,-1.87314,33.627,-3.96759,3.35021,51.0475,-3.41087,-7.86475,48.7259
3.23085,-0.982132,36.1451,3.91779,-1.54186,33.9209,-3.97963,3.79798,50.9782,-3.44873,-7.48702,49.1863
3.26047,-0.676297,35.9233,3.85296,-1.24217,34.2145,-3.98177,4.20984,50.9558,-3.4832,-7.15763,49.651
3.3158,-0.42876,35.7333,3.81156,-0.994223,34.4337,-3.96329,4.54413,50.915,-3.50255,-6.89467,50.0053
3.39499,-0.149245,35.5046,3.80698,-0.707713,34.6203,-3.92066,4.90428,50.8856,-3.50583,-6.60019,50.3709
3.45206,0.0599458,35.396,3.80653,-0.49848,34.7502,-3.89065,5.1721,50.9104,-3.51247,-6.38573,50.6188
3.50522,0.217702,35.2815,3.812,-0.3276,34.8047,-3.86153,5.37264,50.8774,-3.51583,-6.2077,50.7468
3.52934,0.32838,35.2585,3.81334,-0.217467,34.8486,-3.8497,5.51157,50.9013,-3.52178,-6.09693,50.8271
3.54454,0.424422,35.2725,3.81742,-0.119995,34.8684,-3.84214,5.62275,50.907,-3.52575,-5.99891,50.8372
3.55021,0.459195,35.2803,3.81646,-0.0832374,34.8724,-3.84068,5.66733,50.897,-3.5321,-5.9581,50.8185
3.55439,0.476069,35.2833,3.81514,-0.0644523,34.8717,-3.83925,5.69378,50.8846,-3.53712,-5.9349,50.7972
3.56013,0.483185,35.2767,3.81616,-0.0535464,34.8624,-3.8355,5.70977,50.8661,-3.53877,-5.91894,50.77
3.56383,0.488551,35.2732,3.8165,-0.0456014,34.8552,-3.83281,5.72374,50.8521,-3.54042,-5.90668,50.7459
3.56804,0.492726,35.2714,3.81821,-0.0391665,34.8496,-3.82908,5.73565,50.8437,-3.54021,-5.89603,50.727
3.57243,0.496491,35.2694,3.82071,-0.0335148,34.8432,-3.82494,5.74647,50.8351,-3.53906,-5.88651,50.7078
3.57669,0.500128,35.2685,3.8236,-0.0284194,34.8377,-3.8209,5.75667,50.8291,-3.5376,-5.87802,50.6916
3.5812,0.503384,35.2677,3.82707,-0.0236209,34.8322,-3.81692,5.76595,50.8243,-3.53582,-5.87019,50.6772
3.58535,0.506675,35.268,3.83047,-0.0191868,34.8275,-3.81342,5.77509,50.8223,-3.53436,-5.8632,50.6659
3.58937,0.509909,35.2687,3.83398,-0.0149759,34.8233,-3.81034,5.7839,50.8217,-3.53308,-5.85689,50.6566
3.59322,0.51305,35.2698,3.83752,-0.0110132,34.8195,-3.80766,5.79244,50.8229,-3.53204,-5.85121,50.6497
3.59668,0.516251,35.2712,3.84087,-0.00707393,34.8161,-3.80571,5.80076,50.8245,-3.53146,-5.84604,50.6436
3.60005,0.519389,35.2726,3.8442,-0.00338345,34.8127,-3.80397,5.80893,50.8273,-3.53109,-5.84131,50.6393
3.60314,0.522546,35.2741,3.84739,0.000252438,34.8095,-3.80275,5.8169,50.8306,-3.5311,-5.83696,50.6359
3.60594,0.525767,35.2754,3.85043,0.00389477,34.8063,-3.80199,5.82472,50.8336,-3.53144,-5.83287,50.6327
3.60823,0.529086,35.278,3.85299,0.00723124,34.8045,-3.80176,5.83262,50.839,-3.53231,-5.82932,50.6326
3.61105,0.532231,35.2782,3.85618,0.0109145,34.8005,-3.80135,5.8399,50.8413,-3.53288,-5.82541,50.6297
3.61323,0.535598,35.2794,3.85882,0.0145034,34.7978,-3.80163,5.84728,50.8451,-3.53404,-5.8219,50.6288
3.61572,0.538685,35.2797,3.86171,0.0179554,34.7946,-3.80179,5.85425,50.8487,-3.53511,-5.81851,50.6286
3.61687,0.542714,35.2823,3.86357,0.0216539,34.7931,-3.80312,5.86205,50.8539,-3.53722,-5.81533,50.6299
3.6192,0.546149,35.2818,3.86647,0.0255168,34.7893,-3.80366,5.86895,50.8569,-3.5386,-5.81168,50.6299
3.62099,0.54999,35.2819,3.86897,0.0296112,34.7862,-3.80493,5.87609,50.8603,-3.54051,-5.80821,50.6306
3.62331,0.553711,35.2805,3.87188,0.033809,34.7819,-3.80586,5.8831,50.8632,-3.54221,-5.80456,50.6314
3.62499,0.558291,35.2801,3.87427,0.0386077,34.7788,-3.80749,5.89088,50.8676,-3.54457,-5.80059,50.6343
3.62738,0.563166,35.2778,3.87712,0.0441425,34.7744,-3.80886,5.89908,50.8713,-3.54676,-5.79596,50.6369
3.63035,0.569253,35.2741,3.88005,0.0512385,34.7693,-3.81013,5.90891,50.8748,-3.54913,-5.78985,50.6399
3.63451,0.577792,35.2682,3.88278,0.0613356,34.7641,-3.81087,5.92248,50.8793,-3.55183,-5.78051,50.6446
3.641,0.592132,35.2583,3.88452,0.0783112,34.7593,-3.81059,5.94495,50.8837,-3.55544,-5.76371,50.6502
3.65263,0.6195,35.2402,3.88273,0.110234,34.7583,-3.80788,5.98813,50.8881,-3.56126,-5.72967,50.6573
3.67264,0.679087,35.213,3.86945,0.174501,34.7754,-3.79901,6.0801,50.8922,-3.57201,-5.65552,50.6688
4.00743,2.73303,34.1194,3.51887,2.18994,35.9655,-3.70011,8.54917,49.8924,-3.68337,-3.32748,51.8401
4.79354,7.84576,31.5912,2.60226,6.39947,39.1877,-3.56721,14.6865,47.6891,-3.88673,1.43408,55.1724
6.76342,-0.798935,31.8868,6.22592,-1.34445,27.5139,-2.44767,4.6498,50.6435,-3.21473,-8.37125,44.831
3.356,-1.2178,39.8801,2.24565,-3.36498,38.2715,-2.7728,2.95012,50.7975,-4.47275,-10.011,51.2616
3.94687,-1.94652,37.2487,4.27169,-2.89236,32.5676,-3.23544,2.40365,51.5188,-3.40882,-9.41398,47.1089
3.8534,-2.28883,37.0416,4.56496,-2.91293,31.85,-3.46912,2.06405,51.6466,-3.28689,-9.33924,46.7581
3.63851,-2.25552,36.9692,4.52705,-2.81986,31.896,-3.66816,2.09339,51.6455,-3.27615,-9.15824,46.868
3.524,-2.11029,36.776,4.45937,-2.59952,32.0763,-3.79643,2.30871,51.5506,-3.28515,-8.84012,47.1314
3.47579,-1.90299,36.4834,4.37901,-2.31894,32.3176,-3.87902,2.61964,51.4093,-3.31343,-8.45864,47.5284
3.41913,-1.67639,36.3187,4.30996,-2.09159,32.5765,-3.95183,2.9251,51.3541,-3.34152,-8.20235,47.9418
3.39407,-1.27703,35.982,4.21027,-1.6831,32.9455,-3.99354,3.45532,51.2217,-3.40275,-7.74062,48.535
3.40927,-0.957047,35.7227,4.13336,-1.36223,33.2638,-4.00595,3.88997,51.1475,-3.44511,-7.38363,49.0448
3.43208,-0.656911,35.5091,4.06485,-1.07183,33.5818,-4.00799,4.29168,51.1216,-3.48345,-7.07198,49.5536
3.48748,-0.418306,35.3088,4.02348,-0.831814,33.8103,-3.9858,4.61242,51.0591,-3.5039,-6.8222,49.9322
3.566,-0.149884,35.0702,4.01563,-0.555777,34.0118,-3.94106,4.95768,51.012,-3.51386,-6.54734,50.3424
3.61865,0.0587405,34.9736,4.00839,-0.352901,34.1694,-3.91256,5.22377,51.0494,-3.52985,-6.34826,50.6471
3.67234,0.207176,34.8497,4.00875,-0.191369,34.2377,-3.88329,5.41308,51.0064,-3.53909,-6.18418,50.8036
3.6949,0.318581,34.8331,4.00449,-0.0846378,34.3017,-3.8731,5.55275,51.0419,-3.54985,-6.08021,50.913
3.70988,0.412456,34.8465,4.0039,0.00886273,34.3345,-3.86676,5.66184,51.051,-3.55826,-5.98839,50.9439
3.71489,0.446065,34.8548,3.99923,0.0428629,34.3482,-3.86668,5.70543,51.0447,-3.5678,-5.95136,50.939
3.71831,0.463065,34.8594,3.99466,0.0600289,34.3562,-3.86626,5.73219,51.036,-3.57466,-5.92978,50.9264
3.7238,0.469467,34.8509,3.9932,0.0697725,34.3513,-3.86282,5.74707,51.0152,-3.57691,-5.91397,50.9001
3.72714,0.474886,34.8468,3.99135,0.077032,34.3487,-3.86009,5.76053,50.9992,-3.57858,-5.90118,50.8757
3.73102,0.479197,34.8443,3.99123,0.0830333,34.3466,-3.85609,5.77181,50.9879,-3.57801,-5.88967,50.8551
3.7351,0.48313,34.8416,3.99218,0.0883907,34.3431,-3.8516,5.78197,50.9762,-3.5763,-5.87917,50.8336
3.73894,0.487019,34.8404,3.99365,0.0932674,34.3402,-3.84729,5.79159,50.9676,-3.57427,-5.86977,50.8153
3.74314,0.49039,34.8388,3.99599,0.0979103,34.3364,-3.843,5.80013,50.9601,-3.57181,-5.86105,50.7982
3.74688,0.493858,34.8388,3.99833,0.102204,34.3334,-3.83935,5.80869,50.9561,-3.56978,-5.85333,50.7849
3.75045,0.497255,34.8394,4.00088,0.106287,34.3307,-3.8362,5.81698,50.9542,-3.56795,-5.84641,50.774
3.75386,0.500536,34.8404,4.00356,0.110131,34.3282,-3.83353,5.82503,50.9544,-3.56643,-5.84024,50.7657
3.75684,0.503857,34.8418,4.00613,0.113944,34.3259,-3.83165,5.83292,50.9556,-3.5654,-5.83469,50.7586
3.75974,0.507089,34.8433,4.00876,0.117503,34.3235,-3.83002,5.8407,50.9583,-3.56463,-5.82969,50.7535
3.76234,0.510311,34.845,4.0113,0.120998,34.3212,-3.82895,5.8483,50.9617,-3.56426,-5.82513,50.7496
3.76469,0.513565,34.8465,4.01377,0.124491,34.3187,-3.82835,5.85576,50.9651,-3.56423,-5.82091,50.746
3.76634,0.516956,34.8498,4.01562,0.127593,34.3181,-3.82841,5.86345,50.9717,-3.56488,-5.8174,50.7462
3.76891,0.519993,34.8498,4.01852,0.131163,34.3141,-3.82801,5.87026,50.974,-3.56493,-5.81334,50.7425
3.77067,0.523297,34.8514,4.02072,0.134548,34.3119,-3.82842,5.8773,50.9785,-3.56573,-5.80984,50.7415
3.77298,0.526204,34.8515,4.02338,0.137838,34.3087,-3.82854,5.8838,50.9823,-3.56626,-5.80636,50.7405
3.77335,0.530262,34.8555,4.02453,0.14117,34.3085,-3.83024,5.89154,50.9897,-3.56827,-5.80349,50.7429
3.77551,0.53346,34.8549,4.02729,0.144839,34.3044,-3.83069,5.89797,50.9929,-3.5691,-5.79979,50.7421
3.77695,0.537105,34.8555,4.02948,0.148638,34.3017,-3.83197,5.90477,50.9972,-3.57057,-5.79641,50.7427
3.77913,0.540516,34.854,4.03226,0.152568,34.2972,-3.83276,5.91131,51.0004,-3.5717,-5.79275,50.7427
3.78027,0.544888,34.8548,4.0342,0.156919,34.2948,-3.83448,5.91886,51.0064,-3.57374,-5.78905,50.7459
3.78232,0.549387,34.8532,4.03679,0.161974,34.2906,-3.83579,5.92664,51.0111,-3.57547,-5.78462,50.7482
3.7849,0.554923,34.8502,4.03948,0.168399,34.2857,-3.837,5.93587,51.0156,-3.57735,-5.77891,50.7507
3.78859,0.562509,34.8454,4.04206,0.177413,34.2807,-3.83769,5.94839,51.0211,-3.57949,-5.77037,50.7549
3.79435,0.574968,34.837,4.04385,0.192345,34.2757,-3.83746,5.96861,51.0267,-3.5824,-5.75542,50.7597
3.80463,0.598285,34.8215,4.04272,0.219989,34.2736,-3.83507,6.00659,51.0327,-3.58716,-5.72584,50.7657
3.82202,0.648471,34.7988,4.03186,0.274827,34.2866,-3.82728,6.08609,51.0392,-3.59595,-5.66249,50.7748
4.15449,2.6673,33.7098,3.6913,2.26836,35.4526,-3.72923,8.52464,50.0503,-3.70106,-3.37525,51.9354
4.94356,7.74549,31.2146,2.7824,6.4678,38.6255,-3.58214,14.6589,47.889,-3.90173,1.35816,55.2338
6.76159,-1.20109,31.8121,6.37575,-1.69347,27.2205,-2.44334,3.97503,50.2252,-3.11057,-8.96268,44.5738
1.92475,-1.40396,43.2692,0.449881,-4.483,43.2768,-2.73249,1.9713,50.0897,-5.05714,-11.1788,54.2699
3.01432,-2.32131,39.2452,3.55036,-3.68276,34.8519,-3.25061,1.45831,51.0648,-3.56225,-10.2628,48.3388
2.9588,-2.66564,39.0141,3.95789,-3.73632,33.8436,-3.48133,1.16649,51.2995,-3.38503,-10.1785,47.6998
2.75272,-2.59649,38.9928,3.9408,-3.6566,33.8062,-3.67873,1.28308,51.4043,-3.33987,-9.94076,47.5954
2.66718,-2.39856,38.7925,3.88933,-3.40368,33.9023,-3.80265,1.61156,51.38,-3.31106,-9.5098,47.6159
2.64709,-2.10979,38.4905,3.80567,-3.05293,34.1025,-3.88704,2.07107,51.3197,-3.31561,-8.9768,47.8198
2.63155,-1.88271,38.2572,3.7607,-2.81273,34.2634,-3.95058,2.41712,51.2487,-3.3031,-8.65048,48.016
2.65166,-1.42076,37.8575,3.6734,-2.33126,34.5482,-3.98672,3.05943,51.1346,-3.34078,-8.05641,48.4033
2.70362,-1.03959,37.5335,3.59518,-1.93774,34.8262,-3.99695,3.59823,51.0631,-3.36989,-7.58055,48.7864
2.75885,-0.685819,37.2573,3.52882,-1.58119,35.103,-3.99734,4.08712,51.0304,-3.39696,-7.1677,49.1911
2.82592,-0.390768,37.0505,3.47926,-1.28624,35.334,-3.98405,4.49273,51.0138,-3.41475,-6.84247,49.5281
2.9197,-0.0607322,36.7976,3.47353,-0.947796,35.5261,-3.94318,4.92192,50.992,-3.40533,-6.47795,49.8467
2.99822,0.1704,36.6245,3.4792,-0.702395,35.6328,-3.90731,5.2204,50.965,-3.39488,-6.21239,50.0227
3.06218,0.361549,36.4894,3.48828,-0.495508,35.6902,-3.87561,5.46067,50.9237,-3.38816,-5.99518,50.1361
3.09974,0.47779,36.4194,3.49514,-0.369406,35.7203,-3.85786,5.60434,50.8989,-3.38658,-5.86953,50.1979
3.12437,0.579454,36.404,3.50368,-0.261062,35.7371,-3.8454,5.71789,50.8733,-3.38387,-5.76546,50.2039
3.13856,0.612405,36.3857,3.50603,-0.22207,35.7416,-3.83913,5.75513,50.8351,-3.38616,-5.73019,50.1909
3.15005,0.621467,36.3641,3.5077,-0.207283,35.7404,-3.834,5.76711,50.7959,-3.38984,-5.72099,50.182
3.16105,0.620628,36.3429,3.51044,-0.203485,35.7378,-3.82824,5.76926,50.7644,-3.39263,-5.72394,50.1809
3.16955,0.615714,36.3243,3.51214,-0.204598,35.7358,-3.8244,5.76759,50.738,-3.39666,-5.73227,50.1825
3.17793,0.609368,36.3091,3.51454,-0.207945,35.7364,-3.82011,5.76436,50.7199,-3.39966,-5.7424,50.1903
3.1861,0.60286,36.2952,3.51722,-0.212122,35.7368,-3.81562,5.761,50.703,-3.40219,-5.75284,50.1974
3.19404,0.596579,36.2827,3.52002,-0.216533,35.7381,-3.81115,5.75788,50.6885,-3.40451,-5.76294,50.2054
3.20177,0.590797,36.272,3.52284,-0.220783,35.7402,-3.80681,5.75531,50.6765,-3.40677,-5.77237,50.2146
3.20916,0.585553,36.2624,3.52551,-0.224803,35.7427,-3.80272,5.75344,50.6663,-3.40921,-5.78104,50.2243
3.21628,0.580904,36.2538,3.52812,-0.228446,35.7456,-3.79891,5.75221,50.6574,-3.41176,-5.78893,50.2342
3.22311,0.576794,36.2459,3.53059,-0.231756,35.7488,-3.79537,5.7516,50.6499,-3.41447,-5.7961,50.2447
3.22945,0.573329,36.2387,3.53281,-0.234511,35.752,-3.79247,5.7516,50.6427,-3.41755,-5.80254,50.2544
3.23558,0.570359,36.232,3.53493,-0.23698,35.7551,-3.78971,5.75218,50.6364,-3.42076,-5.80832,50.2644
3.24128,0.567925,36.2256,3.53684,-0.239006,35.7581,-3.78747,5.75324,50.6306,-3.4243,-5.81351,50.2741
3.24658,0.566029,36.2195,3.53855,-0.240573,35.7609,-3.78573,5.75476,50.6248,-3.42814,-5.81812,50.2831
3.2516,0.564523,36.2139,3.54013,-0.241877,35.7639,-3.78426,5.75662,50.6202,-3.43219,-5.82228,50.2931
3.25627,0.563541,36.2082,3.54156,-0.242721,35.7664,-3.78325,5.75886,50.6151,-3.43652,-5.82595,50.302
3.26057,0.562981,36.2029,3.54288,-0.24315,35.7688,-3.78274,5.76133,50.6104,-3.44113,-5.82924,50.3112
3.26463,0.562637,36.1979,3.5441,-0.243514,35.7715,-3.78251,5.76399,50.6072,-3.44595,-5.83247,50.3217
3.26848,0.563051,36.1921,3.54537,-0.242938,35.7729,-3.78268,5.76694,50.6019,-3.45094,-5.8348,50.3299
3.27222,0.563625,36.1865,3.54666,-0.242291,35.7743,-3.78303,5.76997,50.5984,-3.45607,-5.83714,50.34
3.27573,0.564702,36.1806,3.54807,-0.240962,35.7752,-3.78395,5.77315,50.5944,-3.46142,-5.83919,50.3497
3.27934,0.566071,36.174,3.54965,-0.239343,35.7754,-3.78492,5.77657,50.5914,-3.46683,-5.84113,50.3605
3.28314,0.568291,36.1663,3.55157,-0.236465,35.7745,-3.78612,5.7804,50.5875,-3.47229,-5.84206,50.3711
3.28737,0.571402,36.1572,3.55377,-0.232404,35.7728,-3.78738,5.78522,50.5842,-3.47784,-5.84222,50.3829
3.2925,0.576522,36.1457,3.55621,-0.22577,35.7702,-3.78854,5.79249,50.5806,-3.48355,-5.84013,50.3957
3.29951,0.585857,36.1301,3.55835,-0.214077,35.7679,-3.78898,5.80565,50.5773,-3.4897,-5.83288,50.4116
3.31038,0.605077,36.1065,3.55886,-0.190905,35.768,-3.78788,5.83313,50.572,-3.49715,-5.81333,50.4313
3.32992,0.647004,36.0656,3.55363,-0.142142,35.7782,-3.78301,5.89466,50.5618,-3.508,-5.76474,50.459
3.36551,0.744642,35.9963,3.53082,-0.0359201,35.8233,-3.7687,6.03757,50.5394,-3.52685,-5.64729,50.5062
3.75112,2.99841,34.7097,3.13612,2.17849,37.2096,-3.65497,8.74729,49.3648,-3.65798,-3.08583,51.8813
4.63882,8.48086,31.7279,2.14045,6.767,40.8618,-3.51058,15.3165,46.7781,-3.88372,2.09657,55.6741
6.77258,-0.961995,31.7916,6.2945,-1.4602,27.4124,-2.44512,4.35144,50.3715,-3.16518,-8.59256,44.7484
2.66726,-1.25034,41.4668,1.32674,-3.83593,40.8611,-2.747,2.53132,50.3415,-4.77317,-10.5002,52.8584
3.51132,-2.04915,38.1145,3.87874,-3.18719,33.8343,-3.23348,2.02415,51.1554,-3.49836,-9.73067,47.8564
3.44669,-2.38149,37.8667,4.22256,-3.2192,32.9949,-3.46139,1.71787,51.3109,-3.35345,-9.65436,47.395
3.24172,-2.32919,37.8054,4.19003,-3.13794,33.0158,-3.65569,1.78661,51.3446,-3.32898,-9.4606,47.4228
3.14502,-2.1655,37.6013,4.12845,-2.91357,33.1617,-3.77862,2.04308,51.2731,-3.32164,-9.10949,47.5824
3.11225,-1.93232,37.3033,4.04663,-2.61531,33.3827,-3.85978,2.40499,51.167,-3.33984,-8.68031,47.8928
3.07732,-1.71773,37.1005,3.99017,-2.39459,33.5955,-3.92636,2.7104,51.0948,-3.34875,-8.41022,48.2092
3.07417,-1.30483,36.7376,3.89757,-1.96749,33.9176,-3.96392,3.27205,50.9732,-3.39963,-7.9074,48.7008
3.10602,-0.972448,36.4536,3.82247,-1.628,34.2071,-3.97458,3.7345,50.9043,-3.43585,-7.51425,49.1438
3.1425,-0.662199,36.2184,3.75753,-1.32073,34.4949,-3.97566,4.15851,50.8817,-3.46876,-7.17186,49.5939
3.20088,-0.409147,36.025,3.71454,-1.06661,34.7149,-3.95817,4.50499,50.85,-3.48787,-6.89956,49.9433
3.28359,-0.122821,35.7921,3.71039,-0.771879,34.8994,-3.9158,4.87787,50.8269,-3.48791,-6.59291,50.2949
3.3456,0.0872356,35.6697,3.71232,-0.557543,35.0198,-3.88446,5.15006,50.8437,-3.49007,-6.36956,50.5219
3.40088,0.249819,35.5528,3.71954,-0.38064,35.0713,-3.85499,5.35864,50.814,-3.49066,-6.18428,50.6428
3.42775,0.359644,35.5207,3.72305,-0.268467,35.1082,-3.84206,5.49815,50.8308,-3.4944,-6.07079,50.7148
3.44471,0.45586,35.53,3.72891,-0.169286,35.124,-3.83374,5.61051,50.8337,-3.49639,-5.97106,50.7202
3.45192,0.489923,35.5336,3.72933,-0.132195,35.1254,-3.83159,5.65472,50.8213,-3.5014,-5.93041,50.6993
3.45738,0.505286,35.5326,3.7292,-0.113995,35.1222,-3.82977,5.67966,50.8064,-3.50579,-5.90879,50.6778
3.46391,0.511278,35.5244,3.73101,-0.104043,35.1125,-3.82606,5.69462,50.7885,-3.50743,-5.89531,50.6542
3.46832,0.51518,35.519,3.73201,-0.0973054,35.1049,-3.82362,5.70722,50.775,-3.50936,-5.8858,50.6337
3.47309,0.517934,35.5156,3.7342,-0.0921555,35.0992,-3.8203,5.71784,50.7674,-3.50964,-5.87801,50.6189
3.47795,0.520361,35.5122,3.73704,-0.0877777,35.093,-3.81661,5.72748,50.7598,-3.50908,-5.87127,50.604
3.48267,0.522723,35.51,3.7402,-0.083902,35.0879,-3.81301,5.73654,50.7545,-3.50822,-5.86539,50.5917
3.48751,0.52487,35.5081,3.74379,-0.0802628,35.083,-3.80948,5.74485,50.7505,-3.50711,-5.86003,50.5812
3.49202,0.527108,35.5074,3.7473,-0.0769081,35.0789,-3.80636,5.75305,50.7488,-3.50628,-5.85529,50.5733
3.49638,0.529377,35.5071,3.75086,-0.0737022,35.0754,-3.80362,5.76097,50.7484,-3.5056,-5.85105,50.5672
3.50055,0.531633,35.5072,3.7544,-0.0706769,35.0723,-3.80124,5.76868,50.7495,-3.50516,-5.84726,50.5631
3.50432,0.534017,35.5076,3.75774,-0.0676071,35.0696,-3.79955,5.77623,50.7508,-3.50515,-5.84383,50.5595
3.50798,0.536405,35.508,3.76103,-0.0647272,35.067,-3.79804,5.78366,50.7532,-3.50535,-5.8407,50.5575
3.51134,0.538869,35.5086,3.76415,-0.061848,35.0646,-3.79703,5.79094,50.7558,-3.50593,-5.83783,50.5562
3.51441,0.541447,35.509,3.7671,-0.0589161,35.0621,-3.79648,5.79811,50.7582,-3.50684,-5.83513,50.555
3.51705,0.544134,35.5104,3.76964,-0.056211,35.0608,-3.79637,5.80532,50.7626,-3.50821,-5.83281,50.5564
3.52001,0.546762,35.51,3.77261,-0.0531871,35.0577,-3.79624,5.81207,50.7644,-3.50943,-5.83019,50.5556
3.52242,0.549609,35.5104,3.77513,-0.0501835,35.0557,-3.79672,5.81888,50.7673,-3.51119,-5.82786,50.5564
3.52503,0.552251,35.5101,3.7778,-0.0473138,35.0535,-3.79716,5.82536,50.7705,-3.51295,-5.82566,50.5582
3.5266,0.555739,35.5112,3.77971,-0.0440685,35.0521,-3.79857,5.83248,50.7743,-3.51554,-5.82346,50.5605
3.52906,0.558782,35.51,3.7824,-0.0407186,35.049,-3.79941,5.83888,50.7768,-3.51764,-5.82096,50.5625
3.53107,0.562214,35.5092,3.78483,-0.0370583,35.0464,-3.80092,5.84546,50.7794,-3.52019,-5.81856,50.5649
3.53354,0.565592,35.5069,3.7876,-0.0332762,35.0427,-3.80217,5.85196,50.7819,-3.52262,-5.81605,50.5678
3.53562,0.569787,35.5052,3.79009,-0.028756,35.0395,-3.80397,5.85912,50.7854,-3.52556,-5.81307,50.5721
3.53839,0.574376,35.5015,3.79302,-0.0234147,35.0351,-3.80557,5.86681,50.7884,-3.52841,-5.80943,50.5767
3.54187,0.580308,35.4961,3.79609,-0.0162939,35.0299,-3.80703,5.87631,50.7913,-3.53142,-5.80417,50.5818
3.54679,0.589019,35.488,3.79899,-0.00571767,35.0246,-3.80786,5.89007,50.7951,-3.5348,-5.79525,50.589
3.55451,0.604329,35.4748,3.8008,0.012766,35.0198,-3.80748,5.91403,50.7988,-3.53918,-5.7778,50.5975
3.56838,0.634622,35.4514,3.79866,0.0485987,35.0197,-3.80421,5.96193,50.802,-3.54605,-5.74045,50.6089
3.59283,0.701926,35.4144,3.78374,0.122488,35.0404,-3.79377,6.06655,50.8037,-3.55861,-5.65649,50.6271
3.94238,2.78976,34.2793,3.42601,2.17989,36.2619,-3.68889,8.58951,49.7794,-3.6734,-3.28357,51.8363
4.75306,7.94805,31.6587,2.50095,6.45169,39.5517,-3.55028,14.8027,47.5184,-3.87687,1.53885,55.2531
6.77054,-0.870767,31.8246,6.25854,-1.38758,27.4748,-2.44631,4.51049,50.4915,-3.19061,-8.46318,44.8015
3.01837,-1.21916,40.6465,1.78102,-3.57903,39.5882,-2.75843,2.75812,50.5439,-4.62509,-10.2324,52.0834
3.7367,-1.97757,37.6489,4.06696,-3.01591,33.2323,-3.23202,2.23625,51.3035,-3.45684,-9.54662,47.5156
3.65994,-2.31296,37.415,4.38419,-3.04157,32.4586,-3.4618,1.91481,51.4393,-3.32449,-9.47265,47.1169
3.45116,-2.27067,37.3452,4.34794,-2.95627,32.4953,-3.6576,1.96201,51.4518,-3.30768,-9.28972,47.191
3.34616,-2.11872,37.1453,4.28301,-2.73732,32.6595,-3.78252,2.19358,51.3663,-3.30908,-8.96114,47.4059
3.30584,-1.90244,36.8502,4.20216,-2.45233,32.89,-3.86392,2.52409,51.2417,-3.33268,-8.56262,47.7611
3.2601,-1.68485,36.6661,4.13958,-2.2315,33.1262,-3.93337,2.82476,51.1765,-3.35148,-8.30438,48.1283
3.24574,-1.28324,36.3179,4.04378,-1.81813,33.4699,-3.9727,3.36471,51.0503,-3.40782,-7.828,48.67
3.26876,-0.961371,36.0483,3.96854,-1.49216,33.7712,-3.98415,3.80769,50.9802,-3.44712,-7.4582,49.1448
3.29769,-0.659975,35.8265,3.90244,-1.19706,34.0717,-3.98576,4.2159,50.9579,-3.48277,-7.13552,49.6222
3.35387,-0.417161,35.6323,3.86089,-0.952943,34.2934,-3.96602,4.54603,50.913,-3.50249,-6.87759,49.9838
3.43361,-0.142612,35.3998,3.85551,-0.670346,34.4835,-3.92263,4.90216,50.881,-3.50741,-6.58952,50.3615
3.49009,0.064751,35.2933,3.8535,-0.463803,34.6198,-3.89292,5.16943,50.9109,-3.51629,-6.37998,50.6241
3.54381,0.218913,35.1758,3.85789,-0.295983,34.6771,-3.86378,5.36739,50.8775,-3.52099,-6.20606,50.7594
3.56778,0.328969,35.154,3.85797,-0.187221,34.7254,-3.8525,5.50699,50.9065,-3.52803,-6.09723,50.8471
3.58313,0.423969,35.1677,3.86102,-0.0910087,34.7478,-3.84541,5.61836,50.9151,-3.533,-6.00069,50.8623
3.58873,0.458256,35.1756,3.85922,-0.0550789,34.7538,-3.84454,5.66346,50.9079,-3.54005,-5.96051,50.847
3.59275,0.475174,35.179,3.85713,-0.0366939,34.7549,-3.84364,5.69082,50.8982,-3.54545,-5.93728,50.8276
3.59841,0.482249,35.1721,3.85756,-0.0259766,34.7464,-3.84027,5.70735,50.8807,-3.54717,-5.9209,50.8005
3.60196,0.487824,35.1686,3.85738,-0.0180604,34.7401,-3.83788,5.72197,50.8676,-3.54874,-5.90806,50.7762
3.60598,0.492261,35.1668,3.85865,-0.0115676,34.7352,-3.83441,5.73442,50.8598,-3.54835,-5.8968,50.7567
3.61017,0.496306,35.1649,3.86078,-0.00581767,34.7293,-3.83051,5.74571,50.8516,-3.54698,-5.88671,50.7369
3.61419,0.500243,35.1642,3.86333,-0.00060926,34.7244,-3.82674,5.75631,50.846,-3.54529,-5.87771,50.72
3.61847,0.503757,35.1634,3.86653,0.00430941,34.7191,-3.82301,5.76588,50.8415,-3.54326,-5.86944,50.7049
3.62235,0.507308,35.164,3.86968,0.00885348,34.7148,-3.81981,5.77529,50.8398,-3.54158,-5.8621,50.693
3.62609,0.510783,35.1649,3.87297,0.0131622,34.7108,-3.81704,5.78433,50.8397,-3.54008,-5.85552,50.6832
3.62966,0.51414,35.1662,3.8763,0.0172081,34.7073,-3.81468,5.79304,50.8414,-3.53886,-5.84964,50.6759
3.63284,0.517533,35.1679,3.87947,0.0212105,34.7041,-3.81306,5.80151,50.8436,-3.5381,-5.84433,50.6696
3.63593,0.520836,35.1695,3.88263,0.0249442,34.7009,-3.81165,5.80979,50.847,-3.53758,-5.83953,50.6651
3.63874,0.524131,35.1713,3.88566,0.028602,34.698,-3.81076,5.81784,50.8508,-3.53745,-5.83515,50.6616
3.64128,0.52746,35.1729,3.88857,0.0322454,34.6949,-3.81033,5.82571,50.8545,-3.53766,-5.83108,50.6583
3.64326,0.530878,35.1758,3.89095,0.0355434,34.6934,-3.81044,5.83365,50.8607,-3.53845,-5.82762,50.6584
3.64588,0.534057,35.1761,3.89406,0.0392018,34.6894,-3.8103,5.84088,50.8635,-3.53887,-5.82378,50.6554
3.64783,0.537449,35.1776,3.89659,0.0427259,34.6868,-3.81087,5.84822,50.8678,-3.53994,-5.82041,50.6546
3.65016,0.540515,35.1779,3.89942,0.0461095,34.6836,-3.81127,5.85509,50.8719,-3.54087,-5.81715,50.6543
3.65101,0.544557,35.1809,3.9011,0.0496753,34.6824,-3.81292,5.86287,50.878,-3.54297,-5.81422,50.6561
3.65321,0.547923,35.1805,3.90397,0.0534399,34.6785,-3.81367,5.86961,50.8814,-3.54424,-5.81075,50.6561
3.65483,0.55169,35.1807,3.90641,0.0574031,34.6754,-3.81516,5.87662,50.8854,-3.54607,-5.80752,50.657
3.65707,0.555294,35.1793,3.90932,0.0614737,34.671,-3.81626,5.88343,50.8888,-3.54766,-5.8041,50.6579
3.65859,0.559768,35.1791,3.91166,0.0661017,34.6678,-3.8181,5.89106,50.894,-3.54997,-5.80045,50.6611
3.66091,0.564479,35.1769,3.91454,0.0714671,34.6632,-3.81962,5.89906,50.8984,-3.55208,-5.79613,50.6641
3.66385,0.570344,35.173,3.91754,0.0783681,34.6579,-3.82102,5.90866,50.9025,-3.55435,-5.79039,50.6674
3.66806,0.578551,35.167,3.9204,0.0882169,34.6523,-3.82184,5.92195,50.9078,-3.55694,-5.78148,50.6725
3.67467,0.59234,35.1569,3.92235,0.10482,34.6469,-3.8216,5.94404,50.9131,-3.56041,-5.76526,50.6784
3.68652,0.61869,35.1384,3.92095,0.136093,34.6449,-3.81885,5.98658,50.9188,-3.56602,-5.73217,50.6859
3.70702,0.676125,35.1105,3.90847,0.199133,34.66,-3.80987,6.07728,50.9249,-3.57641,-5.65985,50.6975
4.04559,2.71662,34.0129,3.56199,2.21208,35.8388,-3.70857,8.54441,49.9342,-3.68556,-3.34377,51.8665
4.83802,7.8023,31.4878,2.65248,6.41455,39.0366,-3.56757,14.6811,47.7545,-3.88509,1.39747,55.1891
6.76757,-0.832563,31.8522,6.24182,-1.36259,27.4971,-2.44697,4.58246,50.5638,-3.20283,-8.41283,44.819
3.18879,-1.21495,40.2569,2.01213,-3.46696,38.9351,-2.76527,2.85824,50.6646,-4.54943,-10.1162,51.6781
3.84361,-1.95725,37.4409,4.1673,-2.9485,32.9075,-3.23314,2.32526,51.4031,-3.43362,-9.4742,47.3202
3.75905,-2.29565,37.2188,4.47225,-2.97146,32.163,-3.46463,1.99508,51.5335,-3.30673,-9.40021,46.9472
3.54749,-2.258,37.147,4.43493,-2.88274,32.2052,-3.66183,2.03289,51.5382,-3.29315,-9.21933,47.0405
3.43788,-2.11004,36.9502,4.36856,-2.66392,32.3776,-3.78827,2.25528,51.4475,-3.29849,-8.89743,47.2804
3.39365,-1.89921,36.6564,4.28802,-2.38219,32.6134,-3.87015,2.57458,51.3144,-3.32451,-8.50905,47.6568
3.34245,-1.67786,36.4819,4.22225,-2.15889,32.861,-3.94124,2.87651,51.2539,-3.34804,-8.25298,48.0476
3.32268,-1.27848,36.1399,4.1246,-1.74903,33.2168,-3.98168,3.41013,51.1248,-3.40688,-7.78534,48.6148
3.34166,-0.958597,35.876,4.04873,-1.42663,33.5259,-3.99359,3.84762,51.0529,-3.4477,-7.4232,49.1066
3.36734,-0.658738,35.659,3.98157,-1.13477,33.8346,-3.99544,4.25148,51.0294,-3.4847,-7.10705,49.5993
3.42296,-0.418744,35.4623,3.94027,-0.893408,34.0591,-3.9745,4.5761,50.9762,-3.50477,-6.85392,49.9687
3.50187,-0.147929,35.2276,3.9338,-0.614753,34.2542,-3.93048,4.92611,50.9375,-3.5122,-6.57308,50.3619
3.55624,0.0596095,35.1268,3.92933,-0.410527,34.4005,-3.90143,5.19237,50.9718,-3.52458,-6.36914,50.6447
3.60976,0.210605,35.0067,3.93186,-0.246166,34.4626,-3.87228,5.3858,50.9343,-3.53149,-6.2003,50.7898
3.63285,0.321227,34.9881,3.92988,-0.138567,34.5183,-3.86161,5.52547,50.9672,-3.54034,-6.09384,50.8877
3.64786,0.415672,35.0023,3.9312,-0.0437261,34.5455,-3.85496,5.63587,50.9767,-3.54697,-5.99946,50.9101
3.65305,0.449744,35.0108,3.92804,-0.00865615,34.5549,-3.85454,5.68053,50.9705,-3.55521,-5.96052,50.8993
3.65667,0.466889,35.0152,3.92477,0.00929645,34.5592,-3.85394,5.70797,50.9617,-3.56128,-5.93772,50.8829
3.66216,0.473845,35.0079,3.92432,0.0197414,34.5522,-3.85057,5.72406,50.9431,-3.56321,-5.9212,50.8556
3.66553,0.479564,35.0044,3.92335,0.027551,34.5475,-3.84806,5.73848,50.9289,-3.56477,-5.90799,50.8308
3.66941,0.484156,35.0025,3.92399,0.0340182,34.5437,-3.84438,5.7507,50.9197,-3.56424,-5.89622,50.8104
3.67347,0.488353,35.0004,3.92558,0.0397823,34.5388,-3.84023,5.76175,50.9101,-3.56264,-5.88558,50.7893
3.67735,0.492459,34.9998,3.92765,0.0450227,34.5347,-3.83624,5.77216,50.9034,-3.56072,-5.87606,50.7714
3.68152,0.496082,34.9988,3.93048,0.0499881,34.5299,-3.83227,5.78149,50.8976,-3.55841,-5.86728,50.755
3.68528,0.499758,34.9993,3.93328,0.0545776,34.5261,-3.82888,5.79071,50.8951,-3.55649,-5.85949,50.742
3.68888,0.503346,35.0002,3.93625,0.0589306,34.5225,-3.82597,5.79959,50.8943,-3.55478,-5.85251,50.7314
3.69232,0.506805,35.0016,3.93931,0.0630202,34.5194,-3.82349,5.80817,50.8955,-3.55334,-5.84627,50.7233
3.69535,0.510291,35.0032,3.94223,0.0670606,34.5164,-3.82178,5.81652,50.8974,-3.55239,-5.84065,50.7164
3.6983,0.513676,35.005,3.94518,0.0708284,34.5135,-3.8203,5.82471,50.9007,-3.55169,-5.83558,50.7114
3.70096,0.517041,35.0069,3.94801,0.0745157,34.5107,-3.81936,5.83268,50.9045,-3.55138,-5.83096,50.7074
3.70336,0.520431,35.0086,3.95074,0.0781856,34.5078,-3.81888,5.84047,50.9082,-3.55142,-5.82668,50.7039
3.70515,0.523925,35.0118,3.9529,0.0814784,34.5066,-3.819,5.84839,50.9148,-3.55208,-5.82307,50.7038
3.70771,0.527115,35.0121,3.95595,0.0851777,34.5025,-3.81876,5.85552,50.9175,-3.55227,-5.819,50.7003
3.70953,0.530539,35.0138,3.95835,0.0887092,34.5,-3.81928,5.8628,50.9221,-3.55315,-5.81546,50.6992
3.71182,0.533594,35.0141,3.96114,0.092117,34.4967,-3.81956,5.86957,50.9261,-3.55383,-5.81199,50.6984
3.7124,0.537707,35.0177,3.96259,0.0956307,34.4959,-3.82126,5.87741,50.933,-3.55584,-5.809,50.7004
3.71455,0.541047,35.0173,3.96543,0.0994065,34.4918,-3.82189,5.88407,50.9365,-3.55684,-5.80534,50.6998
3.71606,0.544807,35.0178,3.96778,0.103342,34.4888,-3.82329,5.89105,50.9407,-3.55845,-5.80195,50.7005
3.71824,0.548363,35.0164,3.97066,0.107392,34.4843,-3.82426,5.89779,50.9441,-3.55976,-5.79834,50.7008
3.71955,0.552831,35.0168,3.97283,0.111926,34.4814,-3.82606,5.90544,50.9499,-3.56189,-5.7946,50.7039
3.72172,0.557475,35.0149,3.97559,0.117175,34.4769,-3.82749,5.91339,50.9545,-3.56378,-5.79017,50.7064
3.72446,0.563208,35.0117,3.97847,0.123868,34.4718,-3.82881,5.92285,50.9589,-3.56581,-5.78438,50.7092
3.72838,0.57112,35.0063,3.98121,0.133314,34.4664,-3.82957,5.93579,50.9644,-3.56813,-5.77562,50.7137
3.73454,0.584228,34.9972,3.98312,0.149062,34.4611,-3.82935,5.95694,50.9701,-3.57128,-5.76003,50.7189
3.74556,0.60897,34.9805,3.98191,0.178427,34.4588,-3.82681,5.99712,50.9761,-3.57641,-5.72878,50.7254
3.76441,0.662508,34.9555,3.97033,0.237092,34.4725,-3.81845,6.08194,50.9829,-3.58594,-5.66122,50.7354
4.09933,2.68902,33.8658,3.62748,2.23725,35.6412,-3.71881,8.53143,49.997,-3.69287,-3.36303,51.8962
4.88823,7.76282,31.3641,2.72017,6.42988,38.818,-3.5752,14.6576,47.8346,-3.89234,1.36507,55.1978
6.76563,-0.815204,31.8687,6.23377,-1.35271,27.5062,-2.44732,4.61668,50.6027,-3.20882,-8.391,44.8257
3.27278,-1.21553,40.0669,2.1286,-3.41476,38.6046,-2.76895,2.90517,50.7296,-4.51121,-10.0623,51.4712
3.89568,-1.95073,37.3429,4.219,-2.91908,32.7394,-3.23414,2.36573,51.459,-3.42141,-9.44261,47.2165
3.8068,-2.29097,37.1279,4.51804,-2.9408,32.0086,-3.46667,2.03093,51.5877,-3.29706,-9.36833,46.855
3.59365,-2.25553,37.0556,4.48036,-2.85001,32.0529,-3.66474,2.0644,51.5893,-3.28495,-9.18765,46.9569
3.48163,-2.10909,36.8606,4.41332,-2.63063,32.2293,-3.79205,2.283,51.4964,-3.29215,-8.86799,47.2087
3.43542,-1.90025,36.5674,4.33289,-2.34973,32.4678,-3.87427,2.59777,51.3591,-3.31932,-8.48345,47.5955
3.38148,-1.67646,36.3978,4.26548,-2.1246,32.7211,-3.9462,2.90118,51.3012,-3.34516,-8.22757,47.9978
3.35905,-1.27737,36.0585,4.16684,-1.71569,33.0834,-3.98726,3.43275,51.1705,-3.40521,-7.76323,48.5779
3.37611,-0.957689,35.797,4.0905,-1.3943,33.3969,-3.99942,3.86849,51.0976,-3.44679,-7.40397,49.0786
3.40031,-0.657913,35.5818,4.02271,-1.10339,33.7101,-4.00136,4.27101,51.073,-3.48447,-7.09032,49.5792
3.45577,-0.418789,35.3835,3.98141,-0.862873,33.9364,-3.97981,4.59349,51.0153,-3.50472,-6.83904,49.953
3.53444,-0.149334,35.1471,3.97429,-0.585689,34.1345,-3.93544,4.94096,50.9726,-3.51341,-6.56134,50.3545
3.5879,0.0586364,35.0486,3.96847,-0.382256,34.2863,-3.90668,5.20703,51.0086,-3.52758,-6.35992,50.6481
3.64146,0.208279,34.9268,3.96995,-0.219385,34.3514,-3.87748,5.39835,50.9685,-3.53564,-6.19349,50.7987
3.66424,0.319267,34.9093,3.96686,-0.112255,34.4111,-3.86707,5.53804,51.0029,-3.54544,-6.08827,50.9022
3.6792,0.413431,34.9232,3.96725,-0.0180874,34.441,-3.86059,5.64783,51.0123,-3.55294,-5.99512,50.9286
3.68427,0.447302,34.9317,3.96335,0.016474,34.4525,-3.86035,5.69202,51.0062,-3.56182,-5.95705,50.9207
3.68777,0.464421,34.9364,3.95944,0.0340769,34.4586,-3.85985,5.71922,50.9976,-3.56827,-5.93476,50.906
3.69324,0.471154,34.9285,3.9585,0.0442238,34.4526,-3.85646,5.7348,50.9779,-3.57034,-5.91849,50.8791
3.69657,0.476777,34.9248,3.95711,0.0518126,34.4489,-3.85385,5.74883,50.963,-3.57195,-5.90539,50.8544
3.70044,0.481282,34.9227,3.95738,0.0581006,34.4458,-3.85002,5.76067,50.9528,-3.57138,-5.89366,50.8338
3.70449,0.485398,34.9203,3.95866,0.0637127,34.4416,-3.84571,5.77135,50.9423,-3.56971,-5.88301,50.8124
3.70833,0.489442,34.9195,3.96045,0.0688195,34.438,-3.84158,5.78144,50.9347,-3.56772,-5.87347,50.7942
3.71251,0.492984,34.9182,3.96305,0.0736686,34.4337,-3.83746,5.79044,50.9281,-3.56533,-5.86465,50.7774
3.71624,0.496596,34.9185,3.96563,0.0781519,34.4302,-3.83395,5.79939,50.9249,-3.56333,-5.85683,50.7642
3.71981,0.500126,34.9193,3.96841,0.0824081,34.427,-3.83093,5.80803,50.9236,-3.56154,-5.84983,50.7534
3.72322,0.50353,34.9205,3.97129,0.0864101,34.4241,-3.82836,5.81639,50.9244,-3.56005,-5.84357,50.7451
3.72622,0.506965,34.9221,3.97404,0.0903692,34.4215,-3.82658,5.82456,50.926,-3.55905,-5.83794,50.738
3.72913,0.510303,34.9238,3.97684,0.0940621,34.4188,-3.82504,5.83257,50.929,-3.5583,-5.83286,50.733
3.73175,0.513622,34.9256,3.97954,0.09768,34.4162,-3.82403,5.84039,50.9327,-3.55795,-5.82824,50.7289
3.73411,0.516969,34.9273,3.98215,0.101286,34.4135,-3.8235,5.84805,50.9363,-3.55794,-5.82395,50.7253
3.73582,0.520433,34.9306,3.98417,0.104506,34.4125,-3.8236,5.85588,50.9429,-3.55858,-5.82037,50.7254
3.73838,0.523567,34.9307,3.98715,0.108162,34.4084,-3.82329,5.86288,50.9455,-3.55869,-5.81627,50.7217
3.74016,0.526949,34.9324,3.98946,0.111638,34.4061,-3.82376,5.87006,50.95,-3.55951,-5.81273,50.7206
3.74246,0.529946,34.9327,3.9922,0.115005,34.4028,-3.82397,5.87672,50.954,-3.56011,-5.80923,50.7197
3.74292,0.534048,34.9365,3.99351,0.118443,34.4023,-3.82568,5.88453,50.9612,-3.5621,-5.80628,50.7219
3.74508,0.537331,34.936,3.99632,0.12218,34.3982,-3.82622,5.89109,50.9645,-3.56301,-5.80258,50.7211
3.74654,0.541046,34.9366,3.99859,0.12606,34.3953,-3.82757,5.89799,50.9688,-3.56454,-5.79918,50.7217
3.74872,0.544542,34.9352,4.00143,0.130062,34.3908,-3.82845,5.90465,50.9722,-3.56574,-5.79552,50.7218
3.74994,0.548972,34.9358,4.00349,0.134515,34.3881,-3.83022,5.91227,50.9781,-3.56782,-5.79179,50.725
3.75204,0.553554,34.9341,4.00617,0.139677,34.3838,-3.83159,5.92014,50.9827,-3.56962,-5.78735,50.7273
3.75469,0.559196,34.931,4.00897,0.146244,34.3787,-3.83286,5.9295,50.9872,-3.57156,-5.78158,50.73
3.75849,0.566949,34.9259,4.01163,0.155477,34.3735,-3.83359,5.94224,50.9928,-3.57379,-5.77292,50.7343
3.76445,0.57973,34.9172,4.0135,0.170813,34.3683,-3.83337,5.96292,50.9984,-3.5768,-5.75766,50.7392
3.77509,0.603739,34.9011,4.01234,0.199297,34.3661,-3.8309,6.00198,51.0045,-3.58174,-5.72725,50.7454
3.79319,0.655541,34.8774,4.00114,0.255988,34.3793,-3.82284,6.08408,51.0112,-3.59088,-5.66186,50.7549
4.12674,2.67744,33.7889,3.65959,2.25208,35.5458,-3.724,8.52728,50.0248,-3.69686,-3.37,51.9146
4.91526,7.75142,31.2925,2.75197,6.44605,38.7185,-3.57876,14.6552,47.865,-3.89677,1.35847,55.2124
6.79977,-1.09945,31.6278,6.34343,-1.53269,27.3469,-2.44183,4.13074,50.104,-3.13155,-8.69619,44.6866
2.01748,-1.23854,42.9206,0.370291,-4.22449,43.5416,-2.71207,2.23153,49.845,-5.09122,-10.86,54.5379
3.12662,-2.08133,38.8074,3.454,-3.38087,35.2041,-3.21739,1.78437,50.7068,-3.61115,-9.90628,48.728
3.09847,-2.39261,38.4935,3.83513,-3.42082,34.2818,-3.43368,1.51792,50.8574,-3.44814,-9.83944,48.1974
2.90984,-2.32245,38.4252,3.8054,-3.35605,34.2901,-3.61847,1.61585,50.9013,-3.41273,-9.65606,48.1709
2.83429,-2.15065,38.2016,3.75028,-3.14064,34.4062,-3.73245,1.89087,50.8356,-3.39108,-9.30242,48.2464
2.81758,-1.90846,37.8975,3.66863,-2.84367,34.6062,-3.80972,2.27344,50.754,-3.40053,-8.85943,48.4816
2.80446,-1.72106,37.6538,3.62652,-2.644,34.7751,-3.86863,2.55244,50.6526,-3.39115,-8.60158,48.7139
2.82208,-1.31316,37.2715,3.54333,-2.21752,35.0425,-3.90034,3.1161,50.5401,-3.43266,-8.08564,49.1029
2.867,-0.98699,36.9741,3.47281,-1.87904,35.2949,-3.90919,3.57837,50.4799,-3.46284,-7.68212,49.4747
2.91299,-0.683067,36.7303,3.41443,-1.57224,35.5426,-3.90969,4.0013,50.4666,-3.49016,-7.32982,49.8581
2.97004,-0.428546,36.5573,3.37252,-1.31792,35.7443,-3.89757,4.35607,50.4735,-3.50744,-7.05,50.1679
3.05214,-0.135822,36.3463,3.37487,-1.01752,35.9,-3.85854,4.74245,50.4869,-3.49702,-6.72361,50.4464
3.11864,0.0673164,36.2141,3.38875,-0.801596,35.9723,-3.82567,5.01152,50.4957,-3.48435,-6.48357,50.5809
3.17107,0.238694,36.1191,3.40534,-0.616181,35.9964,-3.7973,5.23445,50.4919,-3.47506,-6.28046,50.6506
3.19831,0.344713,36.0851,3.41887,-0.50204,35.9972,-3.78309,5.37338,50.5025,-3.4705,-6.15682,50.6709
3.21396,0.443494,36.102,3.43315,-0.397984,35.9878,-3.77407,5.49162,50.5105,-3.46469,-6.04551,50.6371
3.22063,0.480297,36.1111,3.44036,-0.356214,35.9702,-3.77109,5.54172,50.5022,-3.46379,-5.99514,50.5883
3.22593,0.497588,36.1129,3.44615,-0.333826,35.95,-3.76898,5.57161,50.4903,-3.46435,-5.96597,50.5468
3.23166,0.507358,36.1124,3.45259,-0.319724,35.9302,-3.76603,5.59398,50.484,-3.46404,-5.94682,50.5158
3.23552,0.514075,36.1123,3.45778,-0.309298,35.9125,-3.76488,5.61295,50.4807,-3.46492,-5.93277,50.4901
3.23969,0.519529,36.1141,3.46357,-0.300795,35.8985,-3.76319,5.62975,50.4842,-3.4647,-5.92131,50.4727
3.24399,0.524497,36.1156,3.46962,-0.293359,35.8853,-3.76126,5.64519,50.4873,-3.46394,-5.9115,50.4567
3.24831,0.529108,36.1175,3.47576,-0.286684,35.8737,-3.75929,5.65942,50.4914,-3.46293,-5.90293,50.4434
3.25263,0.533517,36.12,3.48189,-0.280518,35.8637,-3.75742,5.67268,50.4968,-3.46183,-5.89531,50.4329
3.2568,0.537722,36.1228,3.48783,-0.274848,35.8549,-3.75574,5.68516,50.5027,-3.46089,-5.8885,50.4245
3.26089,0.541781,36.1257,3.49363,-0.269534,35.847,-3.75429,5.69688,50.5088,-3.46007,-5.88241,50.4176
3.26484,0.545664,36.1286,3.49924,-0.264602,35.8401,-3.75304,5.70793,50.5153,-3.45944,-5.87696,50.4125
3.26847,0.549517,36.1314,3.50449,-0.259794,35.8339,-3.75237,5.7184,50.5211,-3.45921,-5.87204,50.4078
3.27203,0.553236,36.1339,3.50956,-0.25534,35.8281,-3.75177,5.7284,50.527,-3.45917,-5.86758,50.4045
3.27532,0.556909,36.1363,3.51431,-0.251036,35.8228,-3.75161,5.73793,50.5325,-3.45951,-5.86353,50.4018
3.27833,0.560584,36.1384,3.51875,-0.246821,35.8178,-3.75185,5.74705,50.5373,-3.46021,-5.85982,50.3993
3.2812,0.564165,36.1404,3.52296,-0.242845,35.8136,-3.7523,5.75577,50.5425,-3.46118,-5.85646,50.3985
3.28384,0.567825,36.142,3.52691,-0.238869,35.8092,-3.75313,5.76419,50.5467,-3.46248,-5.85333,50.3974
3.28623,0.571511,36.1434,3.53063,-0.234893,35.8054,-3.75436,5.77226,50.5507,-3.46414,-5.85043,50.3971
3.28848,0.575063,36.1448,3.53414,-0.231225,35.8022,-3.7558,5.78002,50.5557,-3.46607,-5.84802,50.3988
3.29062,0.579049,36.145,3.53759,-0.226965,35.798,-3.75755,5.78763,50.5581,-3.46824,-5.84518,50.3985
3.29273,0.582915,36.1452,3.54094,-0.222945,35.7944,-3.75941,5.79497,50.5619,-3.4706,-5.84274,50.4008
3.29468,0.587036,36.1448,3.54429,-0.218523,35.7906,-3.76176,5.80213,50.5648,-3.47326,-5.84036,50.4028
3.29678,0.591231,36.1437,3.54768,-0.214072,35.7865,-3.7641,5.80929,50.5683,-3.47604,-5.83815,50.4064
3.29909,0.596059,36.1413,3.55128,-0.208634,35.7815,-3.7666,5.81662,50.5707,-3.47894,-5.8352,50.4099
3.3018,0.601533,36.1377,3.55504,-0.202327,35.7761,-3.76913,5.82468,50.5736,-3.48199,-5.83176,50.4147
3.30532,0.608644,36.1319,3.55891,-0.193909,35.7698,-3.77151,5.83481,50.5762,-3.48527,-5.82651,50.4202
3.31046,0.619233,36.1232,3.56245,-0.181302,35.7636,-3.7732,5.85005,50.5798,-3.48903,-5.81692,50.428
3.31891,0.638036,36.1089,3.5645,-0.159095,35.7581,-3.77343,5.87775,50.5834,-3.49409,-5.79697,50.4373
3.33476,0.675556,36.0827,3.56145,-0.115637,35.7584,-3.77013,5.93504,50.5868,-3.50241,-5.75254,50.4495
3.36418,0.758839,36.0397,3.5424,-0.0252944,35.7837,-3.75802,6.06275,50.5898,-3.51822,-5.65027,50.4687
3.71842,2.87401,34.9257,3.1748,2.04472,37.0058,-3.64839,8.6179,49.5957,-3.64119,-3.24169,51.6571
4.50773,7.97705,32.3461,2.26337,6.23264,40.2748,-3.53015,14.7393,47.374,-3.83682,1.51333,55.0311
6.87529,-1.25571,31.5007,6.24165,-1.81807,27.5276,-2.4053,4.06341,50.2203,-3.20977,-8.99192,44.9722
2.04287,-1.53061,42.9931,0.363144,-4.56322,43.4615,-2.70286,2.02799,50.182,-5.10917,-11.2711,54.584
3.09112,-2.44507,39.0919,3.50816,-3.77,34.9302,-3.23363,1.49431,51.2236,-3.60149,-10.3359,48.5506
3.01414,-2.80328,38.935,3.93897,-3.82626,33.8558,-3.47719,1.19568,51.5323,-3.40553,-10.2445,47.824
2.78371,-2.73364,38.9898,3.94677,-3.73944,33.7485,-3.68779,1.32156,51.7071,-3.34135,-9.98935,47.6335
2.67621,-2.52192,38.8557,3.9148,-3.47277,33.7873,-3.8239,1.67316,51.7433,-3.2965,-9.5311,47.5773
2.63845,-2.20935,38.6062,3.84484,-3.1021,33.9441,-3.91886,2.16463,51.7306,-3.28819,-8.9643,47.7167
2.61099,-1.95033,38.4102,3.80759,-2.83462,34.0765,-3.98944,2.55424,51.694,-3.26699,-8.59681,47.8635
2.61589,-1.46623,38.0507,3.73018,-2.34066,34.3319,-4.03493,3.21653,51.608,-3.29517,-7.9822,48.2055
2.65879,-1.05891,37.7502,3.65736,-1.92811,34.594,-4.05112,3.77971,51.5496,-3.31823,-7.48025,48.5593
2.70845,-0.681484,37.4869,3.59386,-1.5537,34.8639,-4.05561,4.28748,51.5186,-3.34136,-7.04577,48.9475
2.7724,-0.367269,37.2855,3.54571,-1.24364,35.0938,-4.04483,4.70521,51.4953,-3.3568,-6.70502,49.2778
2.86413,-0.02418,37.0336,3.54068,-0.895685,35.2881,-4.00578,5.1359,51.46,-3.34611,-6.33278,49.5959
2.94351,0.218465,36.8536,3.54519,-0.640098,35.4028,-3.9698,5.43469,51.4129,-3.3361,-6.06121,49.7807
3.00938,0.416954,36.7081,3.55249,-0.426215,35.4706,-3.93716,5.66979,51.3476,-3.33064,-5.84331,49.9077
3.04983,0.537632,36.6246,3.55703,-0.294971,35.5125,-3.91758,5.80565,51.2966,-3.33106,-5.72053,49.9868
3.07738,0.640397,36.5952,3.56317,-0.184714,35.5414,-3.90296,5.90782,51.2441,-3.33069,-5.62354,50.0114
3.09475,0.671895,36.5626,3.56314,-0.145775,35.5573,-3.89406,5.93219,51.1796,-3.33554,-5.59785,50.0171
3.10915,0.676946,36.5276,3.56267,-0.133557,35.5664,-3.8862,5.92948,51.1156,-3.3418,-5.60055,50.0256
3.12285,0.670408,36.4942,3.56346,-0.134037,35.5726,-3.87764,5.91624,51.0609,-3.34718,-5.61637,50.0401
3.13389,0.658889,36.464,3.56332,-0.140371,35.5785,-3.87095,5.89929,51.0128,-3.3538,-5.63755,50.0558
3.14477,0.645555,36.4382,3.56392,-0.149348,35.5861,-3.86374,5.8815,50.9747,-3.3594,-5.65987,50.076
3.15544,0.632047,36.414,3.5648,-0.159191,35.5929,-3.85628,5.8646,50.9392,-3.36453,-5.68149,50.0941
3.16589,0.618965,36.3919,3.56582,-0.16909,35.5999,-3.8488,5.84908,50.9073,-3.36944,-5.70164,50.1118
3.17611,0.60671,36.3719,3.56688,-0.178521,35.6073,-3.84144,5.83528,50.8792,-3.37425,-5.71993,50.1296
3.18598,0.595389,36.3537,3.56782,-0.187346,35.6146,-3.83433,5.82332,50.8539,-3.37918,-5.73633,50.1469
3.19557,0.585092,36.3367,3.56873,-0.19539,35.6218,-3.82751,5.81306,50.8309,-3.38415,-5.75091,50.1635
3.20481,0.575773,36.3211,3.56958,-0.202687,35.6289,-3.82101,5.80442,50.8103,-3.3892,-5.76377,50.1797
3.21351,0.567539,36.3064,3.57023,-0.209018,35.6357,-3.81519,5.79729,50.7908,-3.39452,-5.77501,50.1944
3.22193,0.560226,36.2927,3.57086,-0.214666,35.642,-3.80958,5.79158,50.7731,-3.39987,-5.78478,50.2087
3.22985,0.55386,36.2798,3.57136,-0.21949,35.648,-3.80454,5.7871,50.7566,-3.40545,-5.79321,50.222
3.23728,0.548423,36.2676,3.57173,-0.223497,35.6534,-3.80007,5.78377,50.7406,-3.41122,-5.80039,50.234
3.24434,0.543744,36.2562,3.57205,-0.226908,35.6588,-3.79596,5.78139,50.7265,-3.41708,-5.8065,50.2462
3.25094,0.539933,36.2453,3.57226,-0.229552,35.6634,-3.79239,5.77997,50.7124,-3.42312,-5.81157,50.2569
3.25708,0.536866,36.235,3.57241,-0.2315,35.6679,-3.7894,5.77929,50.6992,-3.42935,-5.81575,50.2672
3.26285,0.534307,36.2255,3.57249,-0.233137,35.6725,-3.78677,5.77926,50.6879,-3.43571,-5.8194,50.2784
3.26828,0.532773,36.2157,3.57262,-0.233625,35.6757,-3.78464,5.77994,50.6748,-3.44215,-5.82172,50.2866
3.27344,0.531629,36.2065,3.57275,-0.233878,35.679,-3.7828,5.78107,50.6638,-3.44869,-5.82368,50.2963
3.27818,0.531177,36.1974,3.57293,-0.233347,35.6818,-3.78164,5.78262,50.6524,-3.4554,-5.82503,50.3049
3.28279,0.531128,36.1884,3.5732,-0.23252,35.684,-3.78067,5.78459,50.6422,-3.46215,-5.82606,50.314
3.28726,0.53191,36.1789,3.5737,-0.230603,35.6853,-3.7801,5.7869,50.6312,-3.46894,-5.82605,50.3222
3.2917,0.533304,36.1691,3.5744,-0.227982,35.6859,-3.77984,5.78973,50.6208,-3.47579,-5.82559,50.3308
3.29632,0.535886,36.1582,3.57533,-0.223894,35.6857,-3.77983,5.79362,50.6101,-3.48272,-5.82396,50.3394
3.30165,0.540754,36.1455,3.57626,-0.217111,35.6854,-3.7797,5.8002,50.5998,-3.48987,-5.81975,50.3498
3.30878,0.551345,36.1286,3.57652,-0.203719,35.6859,-3.77906,5.81415,50.588,-3.49774,-5.80893,50.362
3.32087,0.576084,36.101,3.57363,-0.174396,35.692,-3.77654,5.84778,50.5724,-3.50767,-5.78079,50.3795
3.34262,0.639388,36.056,3.55941,-0.106166,35.7219,-3.76818,5.93402,50.5482,-3.52279,-5.70727,50.4119
3.69699,2.84372,34.8112,3.17819,2.03674,37.0886,-3.67504,8.51787,49.3537,-3.64944,-3.22051,51.7686
4.56903,8.44854,31.8093,2.17351,6.71345,40.7751,-3.53906,15.1125,46.669,-3.89387,2.04611,55.6333
6.8534,-1.12304,31.4785,6.2826,-1.58902,27.5033,-2.42203,4.15798,50.0733,-3.17493,-8.73358,44.896
2.07235,-1.28823,42.7879,0.329601,-4.25559,43.6475,-2.6975,2.24803,49.8579,-5.11272,-10.9087,54.7064
3.16452,-2.12453,38.7254,3.43295,-3.40671,35.2663,-3.20812,1.80258,50.7494,-3.62657,-9.93352,48.8532
3.12774,-2.43597,38.4421,3.82276,-3.44302,34.3197,-3.43028,1.54215,50.934,-3.45514,-9.85369,48.2854
2.92843,-2.36057,38.4075,3.80312,-3.37212,34.2996,-3.62125,1.65097,51.0109,-3.41119,-9.65598,48.2208
2.84283,-2.17945,38.2146,3.75622,-3.14927,34.3909,-3.74104,1.94023,50.9744,-3.38235,-9.28667,48.2611
2.81768,-1.92569,37.9361,3.68066,-2.84367,34.5705,-3.82342,2.33805,50.9166,-3.386,-8.82783,48.4654
2.79883,-1.72341,37.7102,3.64206,-2.63201,34.7254,-3.88572,2.63712,50.8316,-3.37271,-8.55122,48.6735
2.80876,-1.3077,37.3486,3.56385,-2.20202,34.9776,-3.92211,3.20693,50.7341,-3.40978,-8.02826,49.0397
2.84883,-0.972292,37.064,3.4963,-1.85705,35.2197,-3.93395,3.67699,50.6815,-3.43719,-7.61545,49.3951
2.89153,-0.660865,36.8282,3.4398,-1.54463,35.461,-3.93657,4.10464,50.6706,-3.4627,-7.25641,49.7674
2.94645,-0.400926,36.6593,3.3991,-1.28597,35.6589,-3.92582,4.4611,50.6757,-3.47889,-6.97265,50.0708
3.02687,-0.10601,36.4507,3.40242,-0.984068,35.812,-3.88786,4.84386,50.6843,-3.46786,-6.64619,50.3454
3.09317,0.0990471,36.3167,3.41627,-0.766046,35.8846,-3.8551,5.10948,50.685,-3.45542,-6.40646,50.4804
3.14598,0.270685,36.2181,3.43253,-0.579865,35.9104,-3.82641,5.32684,50.6714,-3.44672,-6.20585,50.553
3.17416,0.376169,36.1787,3.44536,-0.46546,35.9139,-3.81144,5.45976,50.6708,-3.44309,-6.08582,50.5783
3.19089,0.473339,36.1898,3.45885,-0.362276,35.9078,-3.80147,5.57097,50.6673,-3.43837,-5.97954,50.5505
3.19888,0.507969,36.1926,3.46517,-0.321837,35.8938,-3.79732,5.61411,50.6477,-3.43864,-5.93471,50.5083
3.20544,0.522369,36.1884,3.47013,-0.30157,35.8769,-3.79398,5.63671,50.6251,-3.44038,-5.91167,50.4732
3.2124,0.528861,36.1823,3.47577,-0.290054,35.8602,-3.78977,5.65187,50.6086,-3.44124,-5.8987,50.4483
3.21745,0.532177,36.1768,3.48018,-0.2824,35.8455,-3.78734,5.664,50.5961,-3.44328,-5.89055,50.428
3.22281,0.53427,36.1736,3.48519,-0.27668,35.8342,-3.78434,5.67445,50.591,-3.44422,-5.88451,50.4157
3.22829,0.536018,36.1704,3.49045,-0.271925,35.8236,-3.78108,5.68414,50.5862,-3.44461,-5.87957,50.4041
3.23378,0.537603,36.1679,3.49579,-0.267774,35.8143,-3.77778,5.6932,50.5829,-3.44474,-5.87531,50.3948
3.23925,0.5392,36.1663,3.50112,-0.263943,35.8066,-3.77457,5.70184,50.5815,-3.44476,-5.87146,50.388
3.24456,0.540818,36.1653,3.50628,-0.260409,35.7998,-3.77156,5.71022,50.5812,-3.44492,-5.86792,50.3828
3.24974,0.542513,36.1645,3.51132,-0.257028,35.7938,-3.7688,5.71833,50.5814,-3.44515,-5.86463,50.3788
3.25477,0.544249,36.164,3.51619,-0.253829,35.7887,-3.76626,5.7262,50.5824,-3.44554,-5.86157,50.3762
3.25943,0.546166,36.1636,3.52074,-0.250561,35.7841,-3.76433,5.73389,50.5832,-3.44629,-5.85863,50.3738
3.26398,0.548147,36.1633,3.52513,-0.247461,35.7798,-3.76249,5.74146,50.5844,-3.44718,-5.8558,50.3724
3.26821,0.55027,36.1629,3.52924,-0.244333,35.7759,-3.76112,5.74888,50.5856,-3.44841,-5.85307,50.3713
3.27213,0.552574,36.1624,3.53308,-0.241128,35.7721,-3.7602,5.75621,50.5862,-3.44996,-5.85037,50.3701
3.27586,0.554948,36.1622,3.53671,-0.238007,35.7689,-3.75952,5.76339,50.5876,-3.45173,-5.84775,50.3703
3.2793,0.557556,36.1616,3.54011,-0.234741,35.7656,-3.75924,5.77053,50.5882,-3.4538,-5.8451,50.37
3.28246,0.560333,36.161,3.54329,-0.231343,35.7627,-3.75941,5.77753,50.5887,-3.45619,-5.84246,50.3702
3.28541,0.563106,36.1606,3.54629,-0.228133,35.7603,-3.75983,5.78444,50.5905,-3.45881,-5.84008,50.3722
3.28819,0.566431,36.1593,3.54922,-0.224229,35.7569,-3.7606,5.79137,50.5897,-3.46165,-5.83707,50.3719
3.29088,0.569741,36.1581,3.55204,-0.220477,35.7541,-3.76151,5.79819,50.5905,-3.46467,-5.83429,50.3739
3.29333,0.57339,36.1565,3.55484,-0.216268,35.7511,-3.76297,5.80497,50.5904,-3.46797,-5.8314,50.3754
3.29582,0.577163,36.1545,3.55764,-0.212014,35.7477,-3.76448,5.81182,50.5909,-3.47139,-5.82856,50.3781
3.29838,0.581557,36.1515,3.56062,-0.206836,35.7437,-3.76622,5.81881,50.5905,-3.47493,-5.82495,50.3805
3.30116,0.586466,36.1476,3.56371,-0.200995,35.7392,-3.76808,5.82631,50.5904,-3.47862,-5.82098,50.3838
3.30442,0.592622,36.1422,3.56694,-0.193542,35.7339,-3.76997,5.83521,50.5899,-3.4825,-5.81565,50.3874
3.3088,0.601343,36.1346,3.56999,-0.182991,35.7284,-3.77143,5.84766,50.5903,-3.48676,-5.80717,50.3929
3.31556,0.61628,36.1228,3.57204,-0.165127,35.7232,-3.77192,5.86915,50.5904,-3.49202,-5.79095,50.3993
3.328,0.645771,36.1016,3.57029,-0.130635,35.7221,-3.7698,5.91303,50.5901,-3.49983,-5.75585,50.4079
3.35092,0.712527,36.0679,3.55571,-0.0583264,35.7411,-3.76069,6.01259,50.5894,-3.51368,-5.67444,50.4225
3.68913,2.79354,34.9778,3.19727,1.97014,36.9458,-3.66086,8.49422,49.5886,-3.6334,-3.31154,51.5971
4.46782,7.92954,32.4116,2.2874,6.18027,40.2011,-3.54541,14.5993,47.3429,-3.8361,1.4526,54.9759
6.83208,-1.0921,31.5228,6.30993,-1.5296,27.4479,-2.43152,4.16529,50.0568,-3.15441,-8.67633,44.8149
2.0581,-1.2334,42.8018,0.337939,-4.1977,43.6402,-2.70159,2.27559,49.8024,-5.10622,-10.837,54.6679
3.16153,-2.06338,38.7019,3.42942,-3.34597,35.2923,-3.20762,1.83885,50.6648,-3.62496,-9.86795,48.8526
3.13265,-2.37115,38.3931,3.81114,-3.38389,34.3692,-3.42493,1.57796,50.8226,-3.45976,-9.7982,48.3172
2.94067,-2.29948,38.3368,3.78489,-3.3199,34.3682,-3.61124,1.67747,50.8766,-3.42143,-9.61634,48.2806
2.86099,-2.12786,38.127,3.73361,-3.10746,34.4732,-3.72699,1.95112,50.8219,-3.39713,-9.26645,48.344
2.84006,-1.88739,37.8369,3.65553,-2.81482,34.6614,-3.80606,2.32996,50.7513,-3.4043,-8.82855,48.5659
2.82416,-1.69809,37.6012,3.61566,-2.61478,34.8237,-3.86624,2.61015,50.6547,-3.39334,-8.57002,48.7897
2.8373,-1.29443,37.233,3.53567,-2.19485,35.0798,-3.89982,3.16597,50.5519,-3.43314,-8.06152,49.1657
2.87855,-0.971558,36.9465,3.46785,-1.861,35.3225,-3.91014,3.62184,50.4985,-3.462,-7.66311,49.5261
2.92147,-0.670859,36.7118,3.41161,-1.55829,35.5622,-3.91183,4.03855,50.4903,-3.48837,-7.31537,49.8998
2.976,-0.419099,36.5458,3.37141,-1.30722,35.7575,-3.90064,4.38785,50.5003,-3.50497,-7.03925,50.2018
3.05561,-0.130483,36.3422,3.37543,-1.01131,35.9064,-3.86245,4.76697,50.5171,-3.49404,-6.71782,50.472
3.12037,0.0698892,36.2147,3.39046,-0.798192,35.9739,-3.8301,5.03084,50.5272,-3.48111,-6.48103,50.6006
3.17146,0.238827,36.1234,3.40792,-0.61513,35.9942,-3.80203,5.24912,50.5241,-3.4717,-6.28072,50.6656
3.19787,0.343395,36.0914,3.42199,-0.502215,35.9924,-3.78793,5.38491,50.5341,-3.46715,-6.15876,50.6827
3.21295,0.441162,36.1096,3.43663,-0.398935,35.9812,-3.77889,5.50071,50.541,-3.46144,-6.04866,50.6465
3.21938,0.477603,36.1189,3.44401,-0.357208,35.9626,-3.77577,5.54944,50.5311,-3.46066,-5.99872,50.5964
3.22459,0.494707,36.1205,3.44989,-0.334672,35.9417,-3.77344,5.57836,50.5174,-3.46138,-5.96972,50.554
3.23031,0.504351,36.1198,3.4564,-0.320368,35.9214,-3.77024,5.59998,50.5093,-3.46122,-5.95061,50.5223
3.23421,0.510959,36.1192,3.46164,-0.30973,35.9033,-3.76882,5.61833,50.5045,-3.46224,-5.93652,50.4959
3.23847,0.516307,36.1206,3.46749,-0.301026,35.8888,-3.76684,5.63461,50.5064,-3.46216,-5.92494,50.4779
3.24288,0.52117,36.1216,3.47357,-0.293399,35.8752,-3.7646,5.64962,50.5082,-3.46153,-5.91496,50.4612
3.24733,0.525682,36.1231,3.47975,-0.286541,35.8631,-3.76233,5.66349,50.511,-3.46064,-5.90617,50.4473
3.25179,0.529999,36.1252,3.48592,-0.280196,35.8528,-3.76014,5.67646,50.5153,-3.45964,-5.89829,50.4362
3.25611,0.534123,36.1276,3.49189,-0.274348,35.8435,-3.75815,5.6887,50.5201,-3.45881,-5.89118,50.4272
3.26035,0.538114,36.1301,3.49773,-0.268852,35.8352,-3.75638,5.70024,50.5252,-3.45807,-5.88475,50.4196
3.26446,0.541945,36.1326,3.50336,-0.263732,35.8279,-3.75483,5.71116,50.5308,-3.45752,-5.87892,50.4139
3.26824,0.545764,36.1351,3.50866,-0.258728,35.8213,-3.75385,5.72156,50.5357,-3.45735,-5.87358,50.4085
3.27195,0.549467,36.1373,3.51376,-0.254067,35.8151,-3.75295,5.73152,50.5409,-3.45736,-5.86866,50.4045
3.27538,0.553144,36.1395,3.51855,-0.249543,35.8094,-3.75249,5.74105,50.5457,-3.45774,-5.86412,50.4011
3.27854,0.556844,36.1413,3.52303,-0.245095,35.8041,-3.75244,5.75023,50.5497,-3.45847,-5.85989,50.3978
3.28155,0.560469,36.1431,3.52728,-0.240871,35.7994,-3.75261,5.75904,50.5543,-3.45946,-5.85596,50.3961
3.28431,0.564196,36.1445,3.53126,-0.236633,35.7947,-3.75315,5.7676,50.5579,-3.46077,-5.85222,50.3941
3.28682,0.56797,36.1458,3.53501,-0.23238,35.7905,-3.75411,5.77585,50.5613,-3.46244,-5.84867,50.3929
3.28917,0.571631,36.1471,3.53855,-0.228421,35.7869,-3.75529,5.78383,50.5657,-3.46437,-5.84557,50.3936
3.29139,0.575744,36.1473,3.54201,-0.223861,35.7824,-3.75678,5.79169,50.5676,-3.46653,-5.84198,50.3923
3.29356,0.579755,36.1476,3.54535,-0.219534,35.7785,-3.7584,5.79932,50.5708,-3.4689,-5.83877,50.3934
3.29555,0.584033,36.1473,3.54866,-0.21481,35.7745,-3.76052,5.80681,50.5731,-3.47157,-5.83556,50.3943
3.29763,0.588381,36.1464,3.55199,-0.21008,35.7701,-3.76265,5.8143,50.576,-3.47436,-5.83249,50.3965
3.29987,0.593326,36.1443,3.55549,-0.204428,35.765,-3.76497,5.82192,50.5778,-3.47729,-5.8287,50.3985
3.30242,0.598811,36.1412,3.55913,-0.198054,35.7595,-3.76735,5.83012,50.5801,-3.48037,-5.82453,50.4016
3.3056,0.605672,36.1364,3.56288,-0.189892,35.7531,-3.76966,5.83999,50.582,-3.48367,-5.81883,50.4052
3.31013,0.615413,36.1291,3.56638,-0.178236,35.7466,-3.77142,5.85403,50.585,-3.48741,-5.80954,50.4108
3.31742,0.632049,36.1171,3.56869,-0.158462,35.7403,-3.77197,5.87847,50.5881,-3.49228,-5.79153,50.4173
3.33106,0.664565,36.0954,3.56669,-0.120536,35.7382,-3.7695,5.92802,50.5916,-3.50001,-5.75266,50.4255
3.35631,0.736772,36.0607,3.5506,-0.0421584,35.757,-3.75925,6.03854,50.5964,-3.5144,-5.6637,50.4383
3.69751,2.80994,34.987,3.19255,1.982,36.9421,-3.65499,8.52964,49.6289,-3.63431,-3.30535,51.589
4.46695,7.8679,32.4755,2.29522,6.11811,40.144,-3.54178,14.5725,47.4521,-3.82873,1.38517,54.9003
6.81736,-1.09075,31.5674,6.3259,-1.52291,27.4033,-2.43658,4.15345,50.072,-3.14327,-8.67615,44.757
2.04117,-1.22826,42.8477,0.350998,-4.20025,43.6027,-2.70601,2.26266,49.811,-5.09983,-10.8364,54.6147
3.1481,-2.06235,38.7383,3.43814,-3.35134,35.2626,-3.21121,1.82298,50.6696,-3.61962,-9.87404,48.806
3.12047,-2.37108,38.4245,3.81863,-3.39032,34.3427,-3.42752,1.55983,50.8214,-3.45602,-9.80678,48.2764
2.93064,-2.30053,38.361,3.79027,-3.32698,34.3475,-3.61269,1.6575,50.8688,-3.41947,-9.62643,48.247
2.85324,-2.13008,38.144,3.73703,-3.11479,34.4583,-3.72727,1.92968,50.8078,-3.39674,-9.2776,48.3177
2.83442,-1.89065,37.8472,3.6573,-2.82216,34.652,-3.80526,2.30755,50.7315,-3.4052,-8.84042,48.5468
2.81992,-1.70369,37.6073,3.61643,-2.62372,34.8176,-3.8647,2.58495,50.6317,-3.39512,-8.58439,48.7757
2.83514,-1.29995,37.233,3.53503,-2.2026,35.0785,-3.89723,3.142,50.5247,-3.43589,-8.0749,49.1578
2.87791,-0.977391,36.9422,3.46617,-1.8684,35.3248,-3.90681,3.59854,50.4687,-3.46542,-7.67635,49.5231
2.92201,-0.676801,36.7043,3.40916,-1.56536,35.5673,-3.90794,4.01626,50.459,-3.49225,-7.32829,49.9005
2.97744,-0.425004,36.536,3.36838,-1.31401,35.7647,-3.89635,4.36676,50.4684,-3.50916,-7.05171,50.2053
3.05788,-0.135609,36.3303,3.37186,-1.01714,35.9156,-3.85781,4.74818,50.485,-3.49843,-6.72902,50.4781
3.1231,0.0652406,36.2018,3.38661,-0.803567,35.9843,-3.82532,5.01382,50.4959,-3.48553,-6.49135,50.6081
3.17449,0.234781,36.1101,3.40389,-0.619992,36.0054,-3.79722,5.23399,50.4938,-3.47608,-6.29001,50.6739
3.20099,0.339802,36.0782,3.41791,-0.506784,36.004,-3.78319,5.37133,50.5053,-3.47141,-6.16716,50.6912
3.21607,0.438043,36.0968,3.43256,-0.403183,35.9928,-3.77427,5.48864,50.514,-3.46553,-6.0561,50.6549
3.2224,0.47486,36.1068,3.44,-0.361265,35.974,-3.77133,5.53859,50.5059,-3.46458,-6.00535,50.6043
3.22747,0.492382,36.1093,3.44597,-0.338492,35.9529,-3.76922,5.56867,50.494,-3.46511,-5.97554,50.5614
3.23305,0.502471,36.1093,3.45255,-0.323909,35.9323,-3.76623,5.59137,50.4876,-3.46477,-5.95564,50.5291
3.23679,0.509533,36.1095,3.45788,-0.312975,35.914,-3.76504,5.61072,50.4843,-3.4656,-5.94083,50.5022
3.24088,0.515327,36.1116,3.46381,-0.303972,35.8993,-3.7633,5.62791,50.4876,-3.46534,-5.9286,50.4838
3.24511,0.520617,36.1134,3.46999,-0.296057,35.8854,-3.7613,5.64375,50.4908,-3.46454,-5.91806,50.4667
3.24938,0.52553,36.1155,3.47626,-0.28893,35.8732,-3.75927,5.65834,50.4948,-3.46347,-5.9088,50.4524
3.25366,0.530218,36.1182,3.48251,-0.282338,35.8627,-3.75734,5.67195,50.5002,-3.46231,-5.90051,50.441
3.2578,0.534682,36.1212,3.48857,-0.276267,35.8532,-3.75559,5.68475,50.5061,-3.46131,-5.89307,50.4317
3.26186,0.538982,36.1242,3.49449,-0.270577,35.8448,-3.75406,5.69678,50.5121,-3.46042,-5.88638,50.424
3.2658,0.543091,36.1272,3.50021,-0.265287,35.8374,-3.75274,5.70812,50.5186,-3.45973,-5.88035,50.4181
3.26941,0.547157,36.1302,3.50559,-0.26014,35.8306,-3.752,5.71888,50.5244,-3.45943,-5.87486,50.4126
3.27296,0.551078,36.1329,3.51076,-0.255362,35.8244,-3.75133,5.72915,50.5303,-3.4593,-5.86986,50.4085
3.27624,0.554944,36.1354,3.51562,-0.250746,35.8187,-3.75109,5.73894,50.5358,-3.45956,-5.86528,50.4051
3.27925,0.558806,36.1376,3.52017,-0.24623,35.8132,-3.75127,5.74832,50.5405,-3.46018,-5.86105,50.4018
3.28212,0.562568,36.1398,3.52449,-0.241962,35.8085,-3.75164,5.75729,50.5458,-3.46106,-5.85717,50.4002
3.28474,0.566406,36.1415,3.52853,-0.237701,35.8038,-3.7524,5.76598,50.55,-3.46228,-5.85352,50.3984
3.28713,0.570269,36.143,3.53234,-0.233445,35.7996,-3.75356,5.77431,50.5539,-3.46386,-5.85011,50.3973
3.28937,0.573997,36.1446,3.53593,-0.229502,35.796,-3.75492,5.78234,50.5589,-3.4657,-5.84717,50.3982
3.29149,0.578159,36.145,3.53945,-0.224973,35.7915,-3.75661,5.79022,50.5613,-3.46778,-5.8438,50.3972
3.29358,0.5822,36.1454,3.54286,-0.220689,35.7876,-3.7584,5.79783,50.565,-3.47007,-5.84082,50.3986
3.29549,0.586496,36.1452,3.54625,-0.216016,35.7834,-3.7607,5.80529,50.5678,-3.47265,-5.83788,50.3998
3.29753,0.590856,36.1444,3.54967,-0.211331,35.779,-3.76298,5.81273,50.5712,-3.47536,-5.83511,50.4025
3.29976,0.595822,36.1423,3.55327,-0.205702,35.7739,-3.76544,5.82031,50.5736,-3.4782,-5.83161,50.405
3.30234,0.60137,36.1391,3.55702,-0.19929,35.7682,-3.76794,5.82854,50.5763,-3.48121,-5.82769,50.4087
3.30563,0.608403,36.134,3.56088,-0.19095,35.7617,-3.77034,5.83862,50.5788,-3.48442,-5.82212,50.413
3.31041,0.618575,36.1262,3.56446,-0.178814,35.7552,-3.7721,5.8533,50.5824,-3.4881,-5.81263,50.4195
3.31819,0.636205,36.1134,3.56671,-0.157919,35.749,-3.77255,5.87929,50.5861,-3.493,-5.7937,50.427
3.3328,0.670914,36.0899,3.5643,-0.117552,35.7477,-3.76972,5.93239,50.5901,-3.50093,-5.75234,50.4366
3.35987,0.747832,36.0522,3.54693,-0.0340528,35.7687,-3.75864,6.05059,50.595,-3.51592,-5.65758,50.4513
3.70633,2.83563,34.9655,3.18538,2.00663,36.9651,-3.65181,8.56683,49.6219,-3.63699,-3.28113,51.6131
4.48213,7.90084,32.435,2.28431,6.15305,40.1858,-3.53699,14.6316,47.4367,-3.83082,1.42456,54.9398
6.84144,-1.25882,31.6125,6.28384,-1.79368,27.3575,-2.42118,4.08235,50.351,-3.19131,-8.93961,44.7733
2.01903,-1.53148,43.0677,0.405405,-4.53714,43.3114,-2.71085,2.06738,50.2855,-5.09909,-11.2197,54.4267
3.08442,-2.45228,39.1191,3.53112,-3.75037,34.8247,-3.23602,1.53427,51.3009,-3.59674,-10.3019,48.4367
3.01887,-2.81201,38.9267,3.95764,-3.80599,33.7691,-3.47441,1.23279,51.5802,-3.40612,-10.2239,47.7511
2.79947,-2.74539,38.9467,3.9594,-3.72061,33.6856,-3.68084,1.34911,51.7243,-3.34758,-9.98365,47.6027
2.70066,-2.53802,38.7835,3.92223,-3.45717,33.7461,-3.81388,1.6861,51.731,-3.30775,-9.54105,47.5852
2.66896,-2.2303,38.5116,3.84798,-3.09132,33.922,-3.90682,2.16073,51.6919,-3.30375,-8.98951,47.7582
2.6446,-1.98227,38.3016,3.80896,-2.83296,34.0661,-3.97656,2.52778,51.6357,-3.28505,-8.64203,47.9291
2.65321,-1.49918,37.9272,3.7272,-2.3411,34.3387,-4.02061,3.1798,51.5294,-3.31683,-8.03451,48.2957
2.69717,-1.09516,37.6193,3.65124,-1.93354,34.6132,-4.03635,3.73118,51.4567,-3.34229,-7.54138,48.6659
2.7464,-0.720208,37.3535,3.58524,-1.56394,34.8924,-4.04083,4.2299,51.416,-3.36709,-7.11348,49.064
2.80902,-0.407547,37.153,3.53505,-1.25799,35.1292,-4.0303,4.64156,51.3869,-3.38361,-6.77703,49.3993
2.8991,-0.0628728,36.9038,3.52773,-0.91203,35.3302,-3.99149,5.07122,51.3482,-3.37383,-6.40454,49.7195
2.97588,0.180557,36.7298,3.53086,-0.65914,35.4484,-3.95615,5.3693,51.3013,-3.36393,-6.1329,49.9016
3.03897,0.380835,36.5917,3.53716,-0.446912,35.5182,-3.9242,5.60597,51.2384,-3.35821,-5.91295,50.0236
3.07654,0.503307,36.5168,3.54122,-0.316844,35.5604,-3.9054,5.74428,51.1917,-3.35791,-5.78752,50.0957
3.10145,0.608415,36.4959,3.54719,-0.206774,35.5888,-3.89148,5.85016,51.1445,-3.35657,-5.68668,50.1124
3.11643,0.642278,36.4715,3.54732,-0.16744,35.6034,-3.88325,5.8787,51.086,-3.36022,-5.65683,50.11
3.12887,0.650091,36.444,3.54716,-0.154,35.611,-3.87592,5.88085,51.0281,-3.3652,-5.65477,50.1109
3.14096,0.646543,36.4172,3.54837,-0.152732,35.6157,-3.86778,5.87274,50.9793,-3.36924,-5.66562,50.1186
3.15068,0.638061,36.393,3.54876,-0.157054,35.62,-3.86145,5.86087,50.9369,-3.37448,-5.68194,50.1281
3.16043,0.62769,36.3725,3.54997,-0.163943,35.6261,-3.85455,5.84789,50.9042,-3.37869,-5.69971,50.1429
3.17014,0.616987,36.3531,3.55157,-0.171742,35.6313,-3.84739,5.83545,50.8738,-3.38241,-5.71718,50.1561
3.17973,0.606518,36.3354,3.55335,-0.179705,35.6368,-3.84019,5.82398,50.8468,-3.38591,-5.73362,50.1696
3.1892,0.596666,36.3194,3.5552,-0.187346,35.6428,-3.8331,5.81382,50.8233,-3.38932,-5.74864,50.1836
3.1984,0.587535,36.3048,3.55696,-0.194541,35.6486,-3.82624,5.8051,50.8023,-3.39288,-5.76218,50.1975
3.20737,0.579221,36.2913,3.5587,-0.20112,35.6545,-3.81967,5.79773,50.7834,-3.3965,-5.77429,50.2111
3.21606,0.571688,36.2787,3.56037,-0.207115,35.6604,-3.81341,5.79162,50.7665,-3.40023,-5.78504,50.2247
3.22426,0.565053,36.267,3.56184,-0.212303,35.6661,-3.80782,5.78672,50.7506,-3.40427,-5.79449,50.2372
3.23222,0.559163,36.256,3.56326,-0.21696,35.6713,-3.80242,5.78294,50.7362,-3.40837,-5.80277,50.2495
3.23972,0.554057,36.2455,3.56453,-0.220937,35.6763,-3.79759,5.78013,50.7228,-3.41273,-5.80997,50.2611
3.24677,0.54973,36.2356,3.56565,-0.224232,35.6809,-3.7933,5.77823,50.7097,-3.41732,-5.81619,50.2716
3.25348,0.546021,36.2264,3.56668,-0.227056,35.6855,-3.78936,5.77706,50.6983,-3.42204,-5.82157,50.2827
3.25976,0.543054,36.2175,3.56759,-0.22923,35.6895,-3.78594,5.77665,50.6868,-3.42696,-5.82612,50.2924
3.26561,0.540718,36.2091,3.56842,-0.230813,35.6934,-3.78309,5.77678,50.676,-3.43211,-5.82997,50.3019
3.27111,0.538786,36.2013,3.56915,-0.232182,35.6975,-3.78058,5.77739,50.6669,-3.43739,-5.83348,50.3125
3.27629,0.537794,36.1931,3.56992,-0.232484,35.7003,-3.77856,5.77855,50.656,-3.44278,-5.83584,50.3203
3.28123,0.537119,36.1855,3.57068,-0.232618,35.7032,-3.77679,5.78002,50.647,-3.44826,-5.83799,50.3298
3.28578,0.537092,36.1779,3.57148,-0.23201,35.7057,-3.7757,5.7818,50.6376,-3.45393,-5.83966,50.3383
3.29021,0.537461,36.1702,3.57237,-0.23111,35.7077,-3.77476,5.78391,50.6291,-3.45963,-5.84111,50.3476
3.29456,0.538733,36.1619,3.57346,-0.229043,35.709,-3.7742,5.78641,50.6198,-3.46538,-5.84152,50.3561
3.29894,0.540833,36.1531,3.5747,-0.226049,35.7097,-3.7739,5.78962,50.611,-3.4712,-5.84133,50.3654
3.30365,0.544639,36.1429,3.57604,-0.22106,35.7099,-3.77377,5.79453,50.6017,-3.47716,-5.83943,50.3749
3.30935,0.551873,36.1304,3.57708,-0.212225,35.7106,-3.77337,5.8036,50.5924,-3.48347,-5.83366,50.3867
3.31746,0.567272,36.1124,3.57676,-0.194354,35.7134,-3.77215,5.82329,50.5809,-3.49083,-5.81834,50.401
3.33172,0.601927,36.0814,3.57176,-0.155556,35.7248,-3.76845,5.86957,50.5642,-3.50101,-5.77944,50.4217
3.35824,0.68559,36.0277,3.55203,-0.0677637,35.7666,-3.75774,5.9827,50.5355,-3.51802,-5.68201,50.4598
3.71988,2.94293,34.7676,3.15541,2.11194,37.1701,-3.66059,8.62798,49.3265,-3.65083,-3.13334,51.8297
4.56974,8.55166,31.8058,2.13113,6.75021,40.9064,-3.53243,15.2145,46.628,-3.89653,2.14498,55.6698
6.84212,-1.1289,31.5188,6.29726,-1.58508,27.4348,-2.42804,4.16718,50.1361,-3.17027,-8.71631,44.8208
2.06318,-1.29868,42.8208,0.348474,-4.25379,43.5762,-2.70118,2.25889,49.9168,-5.10934,-10.9005,54.6408
3.15897,-2.14038,38.7492,3.44592,-3.41188,35.2062,-3.21077,1.80726,50.8032,-3.62441,-9.93604,48.7965
3.12421,-2.45456,38.4591,3.83594,-3.44982,34.2614,-3.43197,1.54203,50.9804,-3.45397,-9.8628,48.2375
2.92729,-2.3807,38.416,3.81506,-3.37955,34.2471,-3.62218,1.64646,51.0484,-3.4113,-9.66962,48.1836
2.84373,-2.2,38.2152,3.7666,-3.15661,34.3452,-3.74139,1.93195,51.0026,-3.38369,-9.30322,48.2345
2.8202,-1.94553,37.9297,3.68934,-2.8504,34.5321,-3.82335,2.32707,50.9357,-3.3885,-8.84589,48.4489
2.80213,-1.74534,37.7,3.64992,-2.64023,34.6911,-3.88547,2.62107,50.8446,-3.37582,-8.57326,48.6634
2.81329,-1.32702,37.3329,3.56977,-2.20863,34.9509,-3.92148,3.19106,50.7394,-3.41394,-8.04916,49.0382
2.85401,-0.989829,37.0447,3.50055,-1.86289,35.1994,-3.93311,3.66084,50.6809,-3.4421,-7.63585,49.3999
2.89703,-0.676571,36.8066,3.44262,-1.54981,35.4461,-3.93559,4.08878,50.6654,-3.46814,-7.276,49.7771
2.95205,-0.414993,36.6366,3.40071,-1.29063,35.6485,-3.92474,4.44585,50.6672,-3.4847,-6.99134,50.0837
3.03254,-0.117397,36.4269,3.4027,-0.987564,35.8064,-3.88667,4.83066,50.6728,-3.47401,-6.66265,50.3614
3.09866,0.0895345,36.2929,3.41561,-0.768938,35.8824,-3.85388,5.09778,50.6718,-3.46167,-6.42135,50.4979
3.15118,0.262998,36.195,3.43111,-0.58212,35.9109,-3.82519,5.31683,50.6571,-3.45296,-6.21902,50.5712
3.179,0.369793,36.1567,3.44347,-0.467333,35.9163,-3.81025,5.45106,50.6564,-3.44917,-6.09769,50.5964
3.19536,0.468084,36.169,3.45665,-0.363799,35.9115,-3.80032,5.56352,50.6531,-3.44421,-5.99018,50.5681
3.20297,0.503452,36.1733,3.46286,-0.323159,35.8981,-3.79621,5.60759,50.6342,-3.44417,-5.94447,50.525
3.20923,0.518476,36.1705,3.46779,-0.302673,35.8817,-3.79289,5.63106,50.6123,-3.44556,-5.92062,50.4891
3.21594,0.525523,36.1656,3.47347,-0.290922,35.8652,-3.78868,5.64702,50.5967,-3.44607,-5.90691,50.4632
3.2208,0.529341,36.1613,3.47796,-0.283027,35.8507,-3.78624,5.65987,50.585,-3.44775,-5.89809,50.4422
3.226,0.531886,36.159,3.48308,-0.277075,35.8394,-3.78323,5.67098,50.5807,-3.44834,-5.89146,50.4292
3.23135,0.53404,36.1567,3.48846,-0.272106,35.8288,-3.77995,5.68125,50.5766,-3.44838,-5.88601,50.417
3.23675,0.535985,36.155,3.49396,-0.267761,35.8196,-3.77662,5.69081,50.5741,-3.44817,-5.88132,50.4072
3.24214,0.537899,36.1541,3.49944,-0.263763,35.8118,-3.7734,5.69988,50.5733,-3.44785,-5.87711,50.4
3.24738,0.539793,36.1537,3.50476,-0.260086,35.805,-3.77037,5.70863,50.5736,-3.44768,-5.87328,50.3944
3.25252,0.541727,36.1534,3.50997,-0.25659,35.799,-3.76758,5.71704,50.5744,-3.4476,-5.86975,50.39
3.2575,0.543666,36.1534,3.51499,-0.253302,35.7938,-3.76502,5.72517,50.5759,-3.44769,-5.86651,50.3872
3.26213,0.545753,36.1535,3.5197,-0.249971,35.7892,-3.76306,5.73306,50.5772,-3.44815,-5.86344,50.3846
3.26666,0.547872,36.1536,3.52425,-0.246834,35.7848,-3.7612,5.74078,50.5789,-3.44875,-5.86054,50.383
3.27088,0.550106,36.1536,3.52851,-0.243694,35.7809,-3.7598,5.74832,50.5804,-3.4497,-5.85778,50.3818
3.27479,0.552494,36.1535,3.53249,-0.240501,35.7772,-3.75885,5.75571,50.5814,-3.45098,-5.8551,50.3805
3.27851,0.554927,36.1535,3.53626,-0.237413,35.774,-3.75812,5.76292,50.5832,-3.45249,-5.85254,50.3807
3.28195,0.557572,36.1532,3.53979,-0.234203,35.7707,-3.75781,5.77005,50.5841,-3.4543,-5.85,50.3804
3.28511,0.560367,36.1529,3.54311,-0.230881,35.7679,-3.75795,5.77701,50.585,-3.45644,-5.8475,50.3807
3.28806,0.563139,36.1529,3.54623,-0.227767,35.7656,-3.75832,5.78383,50.587,-3.45882,-5.84531,50.3828
3.29085,0.56645,36.1518,3.54929,-0.223974,35.7623,-3.75904,5.79065,50.5865,-3.4614,-5.84253,50.3827
3.29353,0.569733,36.1508,3.55223,-0.220347,35.7596,-3.75991,5.79732,50.5875,-3.46417,-5.84002,50.3848
3.29598,0.573354,36.1495,3.55515,-0.21627,35.7567,-3.76133,5.80392,50.5876,-3.46722,-5.83743,50.3866
3.29847,0.577105,36.1477,3.55807,-0.212145,35.7535,-3.76278,5.81058,50.5884,-3.47039,-5.83492,50.3895
3.30104,0.581509,36.1449,3.56115,-0.207069,35.7497,-3.76447,5.81739,50.5881,-3.47367,-5.83164,50.3922
3.30382,0.586504,36.1412,3.56433,-0.201259,35.7454,-3.76627,5.82479,50.5881,-3.47711,-5.82794,50.3958
3.30713,0.592922,36.1359,3.5676,-0.193669,35.7405,-3.76808,5.83379,50.5878,-3.48076,-5.82273,50.3999
3.31162,0.602286,36.1284,3.57058,-0.182612,35.7356,-3.76941,5.84683,50.5882,-3.48483,-5.81394,50.4059
3.31867,0.61869,36.1163,3.57232,-0.163452,35.7314,-3.76969,5.87003,50.5882,-3.49001,-5.79644,50.413
3.33179,0.6514,36.0943,3.56973,-0.12599,35.7321,-3.76716,5.91799,50.5875,-3.49802,-5.75793,50.4225
3.3563,0.725042,36.0579,3.55313,-0.047198,35.7552,-3.75724,6.02672,50.5854,-3.51265,-5.6685,50.4388
3.69804,2.83219,34.9556,3.18751,1.99996,36.9814,-3.65624,8.53711,49.5716,-3.63516,-3.27607,51.6259
4.47257,7.99238,32.3833,2.26573,6.21768,40.2779,-3.54273,14.664,47.2996,-3.84009,1.51807,55.0204
6.83394,-1.09412,31.519,6.30916,-1.52876,27.4373,-2.43213,4.17673,50.0781,-3.15763,-8.66526,44.8079
2.06226,-1.23846,42.7927,0.340221,-4.19249,43.6263,-2.70131,2.28894,49.8234,-5.10788,-10.8303,54.6648
3.16565,-2.068,38.6927,3.43069,-3.34242,35.281,-3.20721,1.85101,50.6836,-3.62687,-9.86283,48.8516
3.13721,-2.37608,38.3827,3.81275,-3.38053,34.3583,-3.42439,1.589,50.8396,-3.46152,-9.79523,48.3185
2.94538,-2.30452,38.3256,3.7867,-3.31676,34.3581,-3.61073,1.68707,50.8917,-3.42304,-9.61534,48.2841
2.86564,-2.1328,38.1155,3.7355,-3.10462,34.4638,-3.72658,1.95914,50.835,-3.39867,-9.26704,48.3494
2.84454,-1.89203,37.8254,3.65734,-2.81227,34.6531,-3.80581,2.33649,50.7626,-3.40582,-8.83036,48.5729
2.8284,-1.70308,37.5896,3.61752,-2.61267,34.8159,-3.86612,2.61501,50.6643,-3.39477,-8.57311,48.7975
2.84118,-1.2989,37.2218,3.53728,-2.19315,35.0733,-3.89988,3.16968,50.56,-3.43463,-8.06531,49.1746
2.88206,-0.975707,36.9359,3.46922,-1.85969,35.317,-3.91035,3.62447,50.5053,-3.46353,-7.66741,49.5356
2.9246,-0.674716,36.7018,3.41275,-1.55736,35.5576,-3.91217,4.0403,50.4959,-3.48994,-7.32002,49.9095
2.97877,-0.422721,36.5364,3.37233,-1.30661,35.7538,-3.90107,4.38891,50.5049,-3.50655,-7.04412,50.2115
3.05801,-0.133696,36.3335,3.37608,-1.01098,35.9035,-3.86296,4.76758,50.5209,-3.49567,-6.72262,50.4817
3.12246,0.0669565,36.2068,3.3909,-0.798086,35.9717,-3.83065,5.03111,50.5304,-3.48274,-6.48574,50.61
3.17327,0.236187,36.1162,3.4082,-0.615171,35.9925,-3.80261,5.24919,50.5268,-3.47333,-6.28526,50.6745
3.19944,0.340989,36.0848,3.42217,-0.502327,35.9911,-3.78851,5.38487,50.5364,-3.46873,-6.16312,50.6912
3.21432,0.438975,36.1035,3.43674,-0.399068,35.9802,-3.77946,5.50063,50.5431,-3.46294,-6.05281,50.6546
3.2206,0.475581,36.1133,3.4441,-0.357304,35.9617,-3.77631,5.54938,50.533,-3.46208,-6.00268,50.604
3.22571,0.49283,36.1154,3.45,-0.334701,35.9409,-3.77394,5.57836,50.5192,-3.4627,-5.9735,50.5612
3.23137,0.502603,36.1149,3.45653,-0.320314,35.9206,-3.77068,5.60005,50.511,-3.46244,-5.95419,50.5291
3.23523,0.509328,36.1147,3.46181,-0.309589,35.9024,-3.76919,5.61848,50.5061,-3.46335,-5.93991,50.5024
3.23947,0.514778,36.1163,3.4677,-0.3008,35.888,-3.76714,5.63484,50.508,-3.46317,-5.92814,50.4841
3.24387,0.519731,36.1175,3.47384,-0.293093,35.8743,-3.76483,5.64992,50.5097,-3.46244,-5.918,50.4671
3.24833,0.52432,36.1191,3.48008,-0.286162,35.8622,-3.76248,5.66386,50.5125,-3.46144,-5.90906,50.4529
3.2528,0.528703,36.1214,3.4863,-0.279751,35.8518,-3.76022,5.67687,50.5167,-3.46035,-5.90103,50.4416
3.25714,0.532882,36.1239,3.49233,-0.273844,35.8424,-3.75815,5.68916,50.5215,-3.45941,-5.89379,50.4323
3.2614,0.536921,36.1264,3.49824,-0.268298,35.8341,-3.7563,5.70074,50.5266,-3.45858,-5.88724,50.4245
3.26554,0.540791,36.1291,3.50394,-0.263134,35.8267,-3.75467,5.7117,50.5321,-3.45793,-5.88131,50.4186
3.26935,0.544642,36.1316,3.50929,-0.258092,35.82,-3.75361,5.72212,50.537,-3.45767,-5.87586,50.4131
3.27309,0.54837,36.1339,3.51445,-0.2534,35.8138,-3.75263,5.7321,50.5422,-3.45758,-5.87086,50.4089
3.27656,0.552067,36.1361,3.5193,-0.24885,35.8081,-3.75209,5.74164,50.5469,-3.45786,-5.86624,50.4053
3.27976,0.555783,36.138,3.52385,-0.244381,35.8027,-3.75198,5.75083,50.5509,-3.4585,-5.86193,50.4018
3.2828,0.559421,36.1399,3.52815,-0.240141,35.798,-3.75206,5.75963,50.5555,-3.45939,-5.85794,50.4001
3.28559,0.563157,36.1413,3.53219,-0.235892,35.7933,-3.75253,5.76819,50.5591,-3.46062,-5.85414,50.3979
3.28813,0.566938,36.1427,3.53599,-0.231633,35.789,-3.75342,5.77643,50.5624,-3.46219,-5.85055,50.3966
3.29051,0.570604,36.1441,3.53958,-0.227671,35.7855,-3.75452,5.78439,50.5668,-3.46402,-5.8474,50.3971
3.29276,0.574722,36.1444,3.54308,-0.223112,35.781,-3.75594,5.79224,50.5686,-3.46609,-5.84379,50.3957
3.29494,0.578738,36.1447,3.54646,-0.21879,35.7771,-3.75748,5.79984,50.5718,-3.46836,-5.84054,50.3967
3.29694,0.583023,36.1445,3.54981,-0.214076,35.773,-3.75954,5.8073,50.574,-3.47093,-5.83731,50.3974
3.29902,0.587383,36.1438,3.55316,-0.209357,35.7687,-3.7616,5.81476,50.5768,-3.47363,-5.83423,50.3994
3.30125,0.592346,36.1419,3.55667,-0.203719,35.7637,-3.76385,5.82234,50.5786,-3.47646,-5.83042,50.4013
3.30376,0.597864,36.139,3.5603,-0.197356,35.7583,-3.76618,5.83051,50.5807,-3.47946,-5.82623,50.4042
3.30689,0.604782,36.1343,3.56403,-0.189197,35.7521,-3.76845,5.84036,50.5825,-3.48267,-5.8205,50.4077
3.31133,0.61463,36.1273,3.56748,-0.177523,35.7458,-3.77017,5.85441,50.5853,-3.48633,-5.81114,50.413
3.31851,0.631472,36.1158,3.56968,-0.157681,35.7399,-3.7707,5.87893,50.5882,-3.49115,-5.79297,50.4193
3.33199,0.664401,36.0945,3.5675,-0.119568,35.7382,-3.76823,5.92872,50.5915,-3.49886,-5.75374,50.4271
3.3571,0.737425,36.0603,3.55112,-0.0407201,35.7576,-3.758,6.03983,50.596,-3.51331,-5.66394,50.4395
3.69741,2.81424,34.9884,3.19178,1.9832,36.9455,-3.65433,8.53134,49.6272,-3.63385,-3.30205,51.5891
4.46172,7.8758,32.4856,2.2921,6.11478,40.1529,-3.54266,14.5705,47.4467,-3.82902,1.3911,54.8973
6.82675,-1.08827,31.5368,6.3169,-1.51915,27.4252,-2.43432,4.16939,50.0682,-3.15067,-8.66252,44.7874
2.05431,-1.22687,42.8095,0.343118,-4.18748,43.6241,-2.70307,2.28302,49.8067,-5.10473,-10.8235,54.6493
3.15995,-2.05666,38.7025,3.4315,-3.33692,35.2838,-3.20824,1.84608,50.663,-3.62449,-9.85774,48.8417
3.13258,-2.36431,38.3886,3.812,-3.37548,34.3648,-3.4246,1.58393,50.8149,-3.46044,-9.79111,48.3131
2.94213,-2.29352,38.3275,3.78445,-3.31277,34.3681,-3.61001,1.68096,50.8633,-3.4232,-9.61282,48.2829
2.86374,-2.12348,38.1136,3.73217,-3.10202,34.4766,-3.72497,1.95133,50.8037,-3.39984,-9.26666,48.3519
2.84378,-1.88497,37.8205,3.65332,-2.81134,34.6677,-3.80339,2.32662,50.7292,-3.40777,-8.83241,48.5786
2.8285,-1.69817,37.5824,3.61307,-2.6135,34.8321,-3.86316,2.6028,50.6295,-3.39728,-8.57751,48.806
2.84239,-1.29595,37.2122,3.53239,-2.19491,35.0904,-3.89618,3.15646,50.5244,-3.4377,-8.07112,49.1852
2.884,-0.97474,36.9247,3.46418,-1.86271,35.3345,-3.90617,3.61005,50.4697,-3.46693,-7.6749,49.5477
2.92705,-0.675417,36.6897,3.40769,-1.56145,35.5751,-3.90766,4.0251,50.4609,-3.49353,-7.32878,49.9226
2.98159,-0.424669,36.5238,3.36733,-1.31151,35.7709,-3.89635,4.37341,50.4711,-3.51026,-7.05369,50.225
3.06113,-0.136556,36.3207,3.3712,-1.01633,35.9201,-3.85807,4.75238,50.4886,-3.49941,-6.73262,50.4952
3.12566,0.063413,36.1943,3.38623,-0.803877,35.9875,-3.82575,5.01628,50.5,-3.48642,-6.49597,50.6232
3.17647,0.232258,36.1042,3.40375,-0.62118,36.0074,-3.79778,5.23506,50.4983,-3.4769,-6.29536,50.6871
3.20256,0.336921,36.0734,3.41793,-0.508419,36.0052,-3.78381,5.37158,50.5099,-3.47217,-6.17282,50.7029
3.21734,0.434989,36.0929,3.4327,-0.405046,35.9934,-3.77492,5.48835,50.5186,-3.46625,-6.06186,50.6654
3.22347,0.471849,36.1035,3.44024,-0.363066,35.9742,-3.77197,5.53816,50.5103,-3.46525,-6.01093,50.6139
3.22842,0.489492,36.1063,3.44627,-0.340121,35.9528,-3.76981,5.56824,50.4983,-3.46574,-5.98083,50.5702
3.23392,0.499733,36.1066,3.45293,-0.325323,35.9318,-3.76678,5.59103,50.4916,-3.46535,-5.96059,50.5373
3.23761,0.506952,36.107,3.45833,-0.314161,35.9132,-3.76552,5.6105,50.4882,-3.46614,-5.94543,50.5098
3.24167,0.512896,36.1092,3.46433,-0.304935,35.8983,-3.7637,5.62782,50.4914,-3.46583,-5.93286,50.4908
3.24589,0.518325,36.1111,3.47057,-0.296807,35.8841,-3.76163,5.64378,50.4944,-3.46497,-5.92198,50.4731
3.25016,0.523364,36.1133,3.47692,-0.28948,35.8716,-3.75952,5.6585,50.4983,-3.46386,-5.91239,50.4584
3.25444,0.528167,36.1162,3.48324,-0.282701,35.8608,-3.7575,5.67222,50.5035,-3.46264,-5.9038,50.4466
3.2586,0.532736,36.1192,3.48937,-0.276455,35.8511,-3.75567,5.68514,50.5093,-3.46158,-5.89606,50.4368
3.26267,0.537133,36.1223,3.49537,-0.2706,35.8425,-3.75406,5.69728,50.5153,-3.46063,-5.88908,50.4286
3.26663,0.541331,36.1254,3.50116,-0.265155,35.8348,-3.75267,5.70873,50.5216,-3.45987,-5.88278,50.4223
3.27026,0.54548,36.1284,3.5066,-0.259862,35.8279,-3.75184,5.71958,50.5273,-3.45951,-5.87702,50.4165
3.27384,0.549479,36.1311,3.51185,-0.254944,35.8214,-3.75109,5.72994,50.5332,-3.45932,-5.87176,50.412
3.27714,0.553419,36.1337,3.51678,-0.250194,35.8155,-3.75077,5.73983,50.5386,-3.45951,-5.86693,50.4082
3.28018,0.557353,36.136,3.52139,-0.245549,35.8098,-3.75087,5.74931,50.5433,-3.46006,-5.86245,50.4045
3.28307,0.561186,36.1382,3.52577,-0.241156,35.8049,-3.75116,5.75837,50.5485,-3.46088,-5.85832,50.4025
3.28572,0.565093,36.1399,3.52987,-0.236773,35.8,-3.75183,5.76715,50.5526,-3.46203,-5.85443,50.4003
3.28812,0.569026,36.1415,3.53373,-0.232398,35.7956,-3.75292,5.77557,50.5564,-3.46353,-5.85077,50.3988
3.29038,0.572825,36.1432,3.53738,-0.228338,35.7919,-3.75421,5.7837,50.5613,-3.4653,-5.84758,50.3993
3.29251,0.577058,36.1437,3.54095,-0.223696,35.7872,-3.75582,5.79169,50.5636,-3.46731,-5.84395,50.3979
3.2946,0.581173,36.1442,3.54439,-0.219302,35.7832,-3.75754,5.79941,50.5673,-3.46953,-5.84071,50.3989
3.29651,0.585542,36.1442,3.54781,-0.214524,35.779,-3.75976,5.80697,50.57,-3.47204,-5.83751,50.3996
3.29852,0.589976,36.1435,3.55124,-0.209745,35.7745,-3.76198,5.81452,50.5733,-3.47469,-5.83447,50.4018
3.30071,0.595008,36.1417,3.55484,-0.20404,35.7693,-3.76438,5.82219,50.5755,-3.47747,-5.83072,50.4038
3.30321,0.6006,36.1387,3.55857,-0.197592,35.7636,-3.76684,5.83048,50.5781,-3.48041,-5.82657,50.407
3.30638,0.607619,36.134,3.5624,-0.189297,35.7572,-3.76922,5.84052,50.5805,-3.48357,-5.82084,50.4106
3.31094,0.617642,36.1268,3.56596,-0.177379,35.7506,-3.771,5.85492,50.5838,-3.48719,-5.81136,50.4163
3.31836,0.63482,36.1148,3.56824,-0.15707,35.7443,-3.77153,5.88014,50.5874,-3.49199,-5.79284,50.4229
3.3323,0.668416,36.0929,3.56603,-0.118056,35.7425,-3.76894,5.93138,50.5915,-3.49975,-5.75274,50.4312
3.35821,0.742767,36.0577,3.54932,-0.0375111,35.7619,-3.75835,6.04539,50.597,-3.51437,-5.6611,50.4439
3.70063,2.8197,34.9841,3.18998,1.9896,36.948,-3.65316,8.54364,49.6325,-3.63485,-3.29781,51.5932
4.46797,7.87007,32.4797,2.29261,6.11579,40.1491,-3.54055,14.5812,47.4619,-3.82827,1.38721,54.8974
6.82703,-1.07487,31.5518,6.32679,-1.474,27.3375,-2.43754,4.23785,50.1638,-3.15285,-8.5551,44.6774
2.06008,-1.21706,42.8082,0.361329,-4.1338,43.5343,-2.70263,2.35676,49.8906,-5.10582,-10.731,54.5624
3.16861,-2.04782,38.6911,3.44208,-3.29229,35.2146,-3.20654,1.91449,50.7334,-3.62727,-9.78315,48.7764
3.1438,-2.35662,38.3682,3.82248,-3.33458,34.3031,-3.42155,1.64634,50.8722,-3.46408,-9.73271,48.2678
2.95527,-2.28755,38.2995,3.79365,-3.27674,34.3163,-3.60603,1.73498,50.9078,-3.42774,-9.56982,48.2565
2.87795,-2.11955,38.08,3.74002,-3.07127,34.434,-3.72043,1.99548,50.836,-3.40529,-9.23742,48.342
2.85853,-1.88307,37.7826,3.65951,-2.78585,34.6339,-3.79857,2.3608,50.7508,-3.41412,-8.81512,48.5825
2.84313,-1.70137,37.5413,3.61844,-2.59363,34.804,-3.85824,2.62544,50.6403,-3.40405,-8.5709,48.8184
2.85657,-1.29996,37.1699,3.53563,-2.18016,35.0715,-3.89125,3.17139,50.5272,-3.44551,-8.07304,49.209
2.89739,-0.980753,36.8822,3.46576,-1.85277,35.3224,-3.90135,3.61723,50.4657,-3.47542,-7.68362,49.5784
2.93943,-0.68317,36.648,3.40778,-1.55579,35.5687,-3.90299,4.02594,50.4516,-3.50254,-7.34277,49.9579
2.99284,-0.433869,36.4836,3.36618,-1.30946,35.7691,-3.89185,4.36935,50.4579,-3.51962,-7.0716,50.2632
3.07121,-0.146005,36.2826,3.36871,-1.01714,35.9226,-3.85374,4.74517,50.4727,-3.50915,-6.75259,50.5351
3.13456,0.0535099,36.1587,3.38287,-0.807011,35.9928,-3.82161,5.0067,50.4826,-3.49624,-6.51737,50.6632
3.18428,0.222405,36.0713,3.39975,-0.625895,36.0148,-3.7938,5.22426,50.4803,-3.48666,-6.31714,50.7263
3.20941,0.327247,36.0433,3.41358,-0.514089,36.0137,-3.77996,5.36033,50.4921,-3.4817,-6.19444,50.7406
3.22335,0.425762,36.0654,3.42815,-0.411177,36.0025,-3.77118,5.47728,50.5013,-3.47545,-6.08281,50.7013
3.22881,0.463117,36.0783,3.43567,-0.369238,35.9836,-3.76828,5.52769,50.4938,-3.47403,-6.03098,50.6479
3.23326,0.481383,36.0831,3.44176,-0.346027,35.9621,-3.76612,5.55869,50.4827,-3.47407,-5.99976,50.6023
3.23838,0.492308,36.0851,3.44854,-0.330796,35.941,-3.76304,5.58252,50.477,-3.47322,-5.97831,50.5677
3.24179,0.500216,36.087,3.4541,-0.319126,35.9222,-3.76172,5.60305,50.4744,-3.47353,-5.96194,50.5387
3.24565,0.506816,36.0906,3.46031,-0.309379,35.907,-3.75982,5.62136,50.4785,-3.47273,-5.94822,50.5183
3.24972,0.512851,36.0936,3.4668,-0.300749,35.8925,-3.75765,5.63823,50.4822,-3.47137,-5.9363,50.4994
3.25389,0.518437,36.0968,3.47341,-0.292956,35.8797,-3.75543,5.65376,50.4869,-3.46975,-5.92577,50.4835
3.25811,0.523727,36.1005,3.48002,-0.285754,35.8685,-3.7533,5.66819,50.4928,-3.46803,-5.91634,50.4706
3.26222,0.528723,36.1043,3.48644,-0.279134,35.8585,-3.75136,5.68172,50.4993,-3.46648,-5.90787,50.4598
3.26628,0.53349,36.1081,3.49274,-0.272951,35.8495,-3.74963,5.69437,50.5058,-3.46503,-5.90024,50.4508
3.27025,0.538007,36.1118,3.49883,-0.267228,35.8415,-3.74811,5.70625,50.5127,-3.46377,-5.89338,50.4437
3.2739,0.542425,36.1154,3.50457,-0.261701,35.8343,-3.74715,5.71746,50.5188,-3.46292,-5.88715,50.4371
3.2775,0.546648,36.1187,3.51011,-0.256595,35.8276,-3.74627,5.72811,50.5251,-3.46224,-5.88148,50.4319
3.28085,0.550771,36.1217,3.51533,-0.2517,35.8214,-3.74582,5.73821,50.5309,-3.46194,-5.87632,50.4274
3.28393,0.55485,36.1244,3.52023,-0.246951,35.8156,-3.74578,5.74785,50.5359,-3.462,-5.87157,50.4232
3.28687,0.558791,36.1271,3.52489,-0.242495,35.8106,-3.74593,5.75701,50.5414,-3.46233,-5.86723,50.4206
3.28957,0.562776,36.1293,3.52925,-0.238088,35.8055,-3.74646,5.76583,50.5458,-3.46299,-5.86319,50.4179
3.29203,0.566754,36.1313,3.53337,-0.233729,35.8011,-3.74741,5.77425,50.5499,-3.46401,-5.85943,50.4159
3.29433,0.570572,36.1334,3.53726,-0.229722,35.7973,-3.74855,5.78233,50.555,-3.4653,-5.8562,50.4159
3.2965,0.5748,36.1344,3.54104,-0.225172,35.7928,-3.75002,5.79021,50.5574,-3.46683,-5.85258,50.414
3.29861,0.578887,36.1354,3.54469,-0.22091,35.7888,-3.7516,5.79779,50.5612,-3.46856,-5.84941,50.4146
3.30052,0.583212,36.1358,3.54827,-0.216302,35.7848,-3.75369,5.80516,50.5639,-3.4706,-5.84631,50.4149
3.3025,0.58759,36.1357,3.55183,-0.211731,35.7807,-3.75579,5.81247,50.5672,-3.47277,-5.84344,50.4166
3.30462,0.592567,36.1345,3.55552,-0.206267,35.7759,-3.75808,5.81988,50.5693,-3.47509,-5.83988,50.4181
3.307,0.598131,36.1324,3.55928,-0.200076,35.7709,-3.76044,5.82789,50.5718,-3.47758,-5.83593,50.4208
3.31,0.605205,36.1285,3.56305,-0.192016,35.7652,-3.76274,5.83769,50.5739,-3.48031,-5.83037,50.4239
3.31432,0.615489,36.1224,3.56643,-0.180212,35.7596,-3.76447,5.85204,50.577,-3.48355,-5.82089,50.429
3.32146,0.633436,36.1117,3.56834,-0.159663,35.7547,-3.76495,5.87772,50.5803,-3.48805,-5.80185,50.4349
3.33515,0.669005,36.0912,3.56547,-0.119435,35.7544,-3.76225,5.93073,50.5841,-3.4957,-5.75993,50.4422
3.36162,0.747819,36.0563,3.54775,-0.0350873,35.7755,-3.75148,6.04976,50.59,-3.51073,-5.66319,50.4536
3.70402,2.8398,34.9861,3.18403,1.99517,36.9685,-3.64727,8.55608,49.6265,-3.63378,-3.28297,51.5983
4.44789,7.8948,32.5241,2.27962,6.09681,40.1866,-3.53872,14.5761,47.4472,-3.82817,1.40359,54.888
6.74767,-1.28948,31.9634,6.40839,-1.81183,27.1133,-2.42637,3.84768,50.3331,-3.08561,-9.23406,44.5069
1.82537,-1.6339,43.718,0.56091,-4.79686,42.9018,-2.74452,1.64817,50.4612,-5.00899,-11.5951,53.9158
2.86021,-2.71442,39.9168,3.71428,-4.12514,34.2464,-3.29236,0.977528,51.7022,-3.48469,-10.804,47.7221
2.73737,-3.16924,39.9015,4.18636,-4.26427,33.0132,-3.55857,0.577977,52.1621,-3.27676,-10.761,46.8271
2.4749,-3.15295,40.0445,4.21344,-4.21657,32.8139,-3.79093,0.664555,52.4514,-3.20626,-10.4902,46.508
2.34531,-2.94817,39.9621,4.18747,-3.94317,32.8025,-3.94574,1.04005,52.5694,-3.15654,-9.96556,46.3538
2.29555,-2.59907,39.7303,4.11421,-3.52593,32.945,-4.05497,1.61158,52.6054,-3.14497,-9.29322,46.4293
2.25717,-2.29957,39.5605,4.07069,-3.21583,33.0615,-4.13685,2.08475,52.624,-3.1214,-8.83157,46.5087
2.26469,-1.73997,39.1785,3.98264,-2.64577,33.3399,-4.18914,2.87417,52.549,-3.14718,-8.09354,46.8335
2.31684,-1.24742,38.8404,3.89412,-2.14949,33.6444,-4.20808,3.57133,52.484,-3.16989,-7.46856,47.195
2.38119,-0.78324,38.5265,3.81377,-1.69085,33.9682,-4.21207,4.20929,52.4315,-3.19321,-6.91928,47.6113
2.46312,-0.389852,38.2686,3.74875,-1.30413,34.2572,-4.19838,4.74174,52.3782,-3.20957,-6.48026,47.9848
2.57754,0.0311254,37.9455,3.72628,-0.880031,34.5231,-4.15427,5.27943,52.2959,-3.20027,-6.0193,48.3703
2.6803,0.338737,37.6947,3.71374,-0.559783,34.7095,-4.11171,5.6636,52.1982,-3.19274,-5.67814,48.6299
2.76995,0.589978,37.4775,3.70508,-0.29253,34.8488,-4.07155,5.96461,52.0784,-3.19037,-5.40879,48.8392
2.83267,0.747582,37.3277,3.6952,-0.122938,34.957,-4.04416,6.14323,51.9746,-3.19455,-5.25536,49.0008
2.88076,0.873382,37.2364,3.68857,0.0118975,35.0468,-4.02176,6.26874,51.871,-3.19843,-5.14604,49.1071
2.91608,0.914304,37.1496,3.67752,0.0617375,35.1161,-4.00553,6.29752,51.7594,-3.20793,-5.12496,49.1893
2.946,0.918413,37.0668,3.66758,0.0740706,35.172,-3.99096,6.2852,51.6517,-3.21905,-5.14524,49.2696
2.97312,0.903469,36.9906,3.66006,0.0659052,35.2196,-3.97629,6.25258,51.556,-3.22953,-5.18748,49.3508
2.99586,0.878543,36.9219,3.65241,0.0466574,35.2624,-3.96404,6.2102,51.4693,-3.24148,-5.24033,49.428
3.01701,0.848777,36.861,3.64604,0.0215834,35.3033,-3.95172,6.16361,51.3945,-3.25266,-5.29687,49.505
3.03681,0.817254,36.8047,3.6403,-0.00602923,35.3402,-3.93954,6.11661,51.3242,-3.26362,-5.3533,49.5751
3.05548,0.78558,36.7529,3.63492,-0.0343237,35.3748,-3.92764,6.07103,51.2593,-3.27455,-5.40754,49.6406
3.07318,0.754825,36.7053,3.62973,-0.062079,35.4076,-3.91612,6.02809,51.1997,-3.28556,-5.45841,49.7022
3.08991,0.725528,36.6612,3.62453,-0.0887109,35.4384,-3.90506,5.98842,51.1446,-3.29683,-5.50541,49.7595
3.10584,0.69804,36.6201,3.61941,-0.113775,35.4673,-3.89449,5.95219,51.0932,-3.30822,-5.54839,49.8128
3.12098,0.672451,36.5818,3.61433,-0.137164,35.4947,-3.88441,5.91941,51.0458,-3.31973,-5.58741,49.8627
3.13519,0.648928,36.5458,3.60916,-0.158599,35.5204,-3.87519,5.89001,51.0009,-3.33154,-5.62258,49.9084
3.14878,0.627315,36.512,3.60408,-0.178358,35.5443,-3.86632,5.86381,50.9592,-3.34336,-5.65419,49.9512
3.16157,0.607605,36.4801,3.599,-0.196335,35.5667,-3.85817,5.84056,50.92,-3.35536,-5.6825,49.9908
3.1736,0.589728,36.4499,3.59392,-0.212586,35.5875,-3.85074,5.82005,50.8826,-3.3675,-5.70776,50.0271
3.18504,0.573442,36.4215,3.58894,-0.227407,35.6072,-3.84379,5.80194,50.8484,-3.37966,-5.73033,50.0619
3.19581,0.55878,36.3943,3.584,-0.240699,35.6254,-3.83753,5.78612,50.8154,-3.39192,-5.7504,50.0935
3.20597,0.54553,36.3685,3.57914,-0.252618,35.6425,-3.83196,5.77222,50.7844,-3.40429,-5.76827,50.1235
3.21565,0.533359,36.3441,3.57438,-0.263641,35.6589,-3.82687,5.76003,50.7565,-3.41668,-5.7845,50.1531
3.22492,0.522705,36.3197,3.56984,-0.272994,35.6731,-3.82236,5.74949,50.7278,-3.42907,-5.79839,50.1787
3.23392,0.512829,36.2963,3.56547,-0.281684,35.6867,-3.81821,5.74023,50.7023,-3.44145,-5.81106,50.205
3.24258,0.503939,36.2731,3.56135,-0.289226,35.699,-3.81479,5.73213,50.6774,-3.45392,-5.82237,50.2295
3.25126,0.49567,36.2499,3.55753,-0.296161,35.7101,-3.81157,5.72511,50.6546,-3.46633,-5.8327,50.254
3.26011,0.488427,36.2258,3.55416,-0.301669,35.7195,-3.80869,5.71914,50.6319,-3.47869,-5.84132,50.2774
3.26937,0.482053,36.2005,3.55121,-0.306011,35.7276,-3.806,5.71454,50.6106,-3.49104,-5.84871,50.3013
3.27957,0.477451,36.1728,3.54866,-0.308002,35.7344,-3.80332,5.7124,50.5894,-3.50344,-5.85367,50.3257
3.29166,0.47665,36.1405,3.54612,-0.305336,35.7414,-3.80008,5.71568,50.5686,-3.5161,-5.85361,50.3534
3.30767,0.485437,36.0987,3.54238,-0.29148,35.7512,-3.79555,5.73231,50.5445,-3.52979,-5.84157,50.3863
3.33254,0.517942,36.0354,3.5336,-0.250934,35.7733,-3.78769,5.78222,50.5104,-3.54644,-5.80006,50.4326
3.37438,0.612685,35.9322,3.50864,-0.145557,35.8366,-3.77118,5.91634,50.4514,-3.57065,-5.6848,50.5129
3.79285,3.03825,34.4211,3.07852,2.23297,37.4393,-3.66138,8.79129,49.0235,-3.71977,-2.94626,52.1388
4.79077,9.18427,30.8297,1.9215,7.48665,41.7718,-3.49699,16.0764,45.7544,-4.01772,2.93892,56.646
6.80086,-1.12364,31.6766,6.35663,-1.55914,27.2931,-2.4319,4.09904,50.1566,-3.12423,-8.78128,44.6566
1.9843,-1.30346,43.0774,0.419138,-4.30031,43.3894,-2.71599,2.13335,49.9833,-5.07048,-10.9717,54.4032
3.07703,-2.18789,39.0288,3.51633,-3.4848,34.9925,-3.23167,1.65198,50.924,-3.58031,-10.0385,48.5172
3.02916,-2.5167,38.7744,3.9146,-3.53682,34.0157,-3.45965,1.37448,51.1378,-3.40709,-9.9624,47.9179
2.82536,-2.44445,38.7477,3.89392,-3.46865,33.9923,-3.65504,1.48743,51.2317,-3.36384,-9.74934,47.8385
2.7391,-2.25448,38.5515,3.84231,-3.23629,34.0917,-3.77768,1.79743,51.203,-3.33619,-9.35285,47.8742
2.71658,-1.98244,38.2602,3.76005,-2.91168,34.2878,-3.86132,2.22815,51.1444,-3.34143,-8.8595,48.0838
2.69874,-1.7691,38.0313,3.71594,-2.69045,34.4504,-3.92452,2.54984,51.0659,-3.32959,-8.56077,48.2881
2.71389,-1.33146,37.6495,3.63128,-2.23893,34.7244,-3.9607,3.15582,50.9595,-3.36776,-8.00651,48.6709
2.76055,-0.974882,37.3431,3.55649,-1.87278,34.9894,-3.97124,3.65972,50.8958,-3.39693,-7.56486,49.0449
2.81031,-0.64445,37.0848,3.4933,-1.54123,35.253,-3.97209,4.11689,50.8719,-3.42409,-7.18157,49.4379
2.87207,-0.369558,36.8949,3.44667,-1.26744,35.4715,-3.95938,4.49611,50.864,-3.44192,-6.87993,49.762
2.96017,-0.0596812,36.6614,3.44423,-0.949641,35.6476,-3.91918,4.90026,50.8551,-3.43244,-6.53703,50.0629
3.03357,0.155974,36.5053,3.45285,-0.720025,35.7403,-3.88402,5.18046,50.8396,-3.42176,-6.28672,50.2221
3.09293,0.335022,36.3861,3.46451,-0.525391,35.7846,-3.85299,5.40745,50.81,-3.41478,-6.07998,50.3186
3.12672,0.443748,36.3293,3.47344,-0.406933,35.8037,-3.83582,5.54403,50.7954,-3.41287,-5.95918,50.3653
3.14821,0.541105,36.3252,3.48363,-0.302985,35.8111,-3.82388,5.65477,50.7792,-3.40982,-5.85601,50.3571
3.15999,0.573057,36.3158,3.48721,-0.265025,35.8081,-3.818,5.69343,50.7489,-3.41171,-5.81784,50.3318
3.16963,0.583102,36.3015,3.48986,-0.24918,35.8007,-3.81318,5.70931,50.7168,-3.41497,-5.80347,50.3119
3.17915,0.584408,36.2867,3.49347,-0.24307,35.7924,-3.80766,5.71671,50.6917,-3.4173,-5.80002,50.3007
3.18643,0.58225,36.2734,3.496,-0.241189,35.7853,-3.80403,5.72085,50.6713,-3.42078,-5.80149,50.2931
3.19377,0.578915,36.2632,3.49924,-0.24124,35.7811,-3.79994,5.72352,50.6587,-3.42317,-5.80472,50.2923
3.20104,0.575461,36.2535,3.50277,-0.242046,35.777,-3.79564,5.72587,50.647,-3.425,-5.80851,50.2913
3.20819,0.572153,36.2451,3.50646,-0.243151,35.7739,-3.79136,5.72811,50.6373,-3.42656,-5.81234,50.2919
3.21519,0.569198,36.238,3.51019,-0.244231,35.772,-3.78723,5.73051,50.6298,-3.42799,-5.81591,50.2942
3.22192,0.566606,36.2318,3.51379,-0.245256,35.7706,-3.78334,5.73319,50.6238,-3.42955,-5.81917,50.2974
3.22844,0.564422,36.2262,3.51733,-0.246094,35.7698,-3.77973,5.73611,50.6187,-3.43116,-5.82208,50.3012
3.23473,0.562587,36.2212,3.52074,-0.246794,35.7696,-3.7764,5.73927,50.6148,-3.43291,-5.82466,50.3059
3.24057,0.561215,36.2167,3.52389,-0.24713,35.7695,-3.77371,5.74269,50.6109,-3.43499,-5.82688,50.3103
3.24625,0.560163,36.2123,3.52693,-0.247366,35.7695,-3.77115,5.74638,50.6078,-3.43719,-5.82876,50.3152
3.25155,0.559481,36.2083,3.52975,-0.247336,35.7697,-3.7691,5.75028,50.6048,-3.43969,-5.83033,50.32
3.2565,0.559177,36.2042,3.53233,-0.247017,35.7698,-3.76752,5.75439,50.6017,-3.44249,-5.83158,50.3244
3.26122,0.559114,36.2006,3.53476,-0.2466,35.7703,-3.76621,5.75863,50.5995,-3.44549,-5.83259,50.3298
3.26563,0.559427,36.1967,3.53699,-0.245883,35.7704,-3.76534,5.76309,50.5968,-3.44876,-5.83329,50.3345
3.26974,0.560021,36.193,3.53906,-0.244906,35.7708,-3.76493,5.76763,50.5942,-3.45233,-5.83376,50.3394
3.27365,0.560691,36.1896,3.54097,-0.244022,35.7715,-3.76478,5.77224,50.5931,-3.45612,-5.83427,50.3459
3.27742,0.561968,36.1852,3.54285,-0.242366,35.7711,-3.76499,5.77706,50.5897,-3.46011,-5.83397,50.3499
3.28112,0.563252,36.1809,3.54467,-0.240817,35.7711,-3.76535,5.78191,50.5881,-3.46427,-5.83373,50.3561
3.28466,0.564867,36.1762,3.54649,-0.238786,35.7707,-3.76623,5.78685,50.5858,-3.4687,-5.83324,50.3617
3.28834,0.566572,36.1709,3.54836,-0.236702,35.7698,-3.76712,5.79198,50.5844,-3.47324,-5.83268,50.3684
3.29225,0.568853,36.1643,3.55044,-0.23368,35.7681,-3.76819,5.79741,50.5821,-3.4779,-5.83119,50.3748
3.29657,0.571621,36.1565,3.55269,-0.229943,35.7658,-3.7693,5.80357,50.5804,-3.48271,-5.82913,50.3822
3.3017,0.57571,36.1466,3.55509,-0.224401,35.7626,-3.7703,5.81155,50.5785,-3.48772,-5.82533,50.3901
3.3084,0.582733,36.1335,3.55728,-0.215203,35.7594,-3.77067,5.82396,50.5774,-3.49316,-5.81759,50.4004
3.31828,0.597122,36.1143,3.55828,-0.197232,35.7571,-3.76972,5.84745,50.5754,-3.49972,-5.80032,50.4129
3.33529,0.629138,36.0819,3.55492,-0.158949,35.7609,-3.76556,5.89804,50.5713,-3.50914,-5.75997,50.4303
3.36593,0.70607,36.0282,3.53744,-0.0735603,35.7897,-3.7533,6.01553,50.5619,-3.52544,-5.66335,50.4601
3.73248,2.86734,34.8269,3.16186,2.04816,37.0839,-3.64582,8.61091,49.4723,-3.65181,-3.20035,51.739
4.55479,8.17964,32.0594,2.20282,6.45449,40.5541,-3.51439,14.9554,47.0329,-3.86967,1.77531,55.337
6.82154,-1.06983,31.5701,6.33704,-1.47022,27.3494,-2.43449,4.19853,50.1121,-3.1403,-8.61034,44.7018
2.04123,-1.21134,42.8631,0.371971,-4.14967,43.5332,-2.70511,2.29962,49.858,-5.09436,-10.7761,54.5535
3.14674,-2.05109,38.7589,3.4567,-3.30982,35.1965,-3.21166,1.85553,50.7237,-3.61324,-9.82514,48.7458
3.11672,-2.36168,38.4517,3.83919,-3.35427,34.2735,-3.42968,1.58975,50.8814,-3.44851,-9.76483,48.2163
2.92457,-2.29108,38.3938,3.81108,-3.29581,34.2791,-3.61655,1.68681,50.9337,-3.41115,-9.58902,48.1876
2.84511,-2.11907,38.1814,3.75743,-3.08685,34.3918,-3.73267,1.95989,50.876,-3.38789,-9.24251,48.2593
2.82496,-1.87696,37.8873,3.67652,-2.79566,34.5886,-3.81184,2.34,50.8016,-3.39614,-8.80594,48.4898
2.80903,-1.68916,37.6496,3.63456,-2.59888,34.7561,-3.87221,2.61809,50.7012,-3.38598,-8.54977,48.717
2.82282,-1.28368,37.2777,3.55191,-2.18024,35.0215,-3.90575,3.17567,50.5944,-3.42672,-8.04245,49.1026
2.865,-0.959737,36.9872,3.48155,-1.84706,35.2721,-3.91577,3.63273,50.5364,-3.45651,-7.64406,49.4702
2.90884,-0.658337,36.7486,3.42301,-1.54501,35.5191,-3.91709,4.05032,50.5237,-3.4837,-7.29635,49.8503
2.96418,-0.406416,36.5794,3.38082,-1.29485,35.7207,-3.9055,4.39991,50.5297,-3.50103,-7.02066,50.1578
3.04476,-0.11715,36.372,3.38294,-0.99917,35.8759,-3.86684,4.7798,50.5422,-3.49078,-6.69906,50.434
3.11043,0.083296,36.2414,3.39637,-0.786507,35.9486,-3.83397,5.04381,50.5488,-3.47844,-6.46249,50.5673
3.16236,0.25215,36.1473,3.4125,-0.603916,35.9733,-3.80539,5.26203,50.5424,-3.46954,-6.26252,50.6365
3.18949,0.356238,36.113,3.42548,-0.491746,35.9751,-3.79079,5.39729,50.5496,-3.46539,-6.14135,50.657
3.20519,0.453273,36.1293,3.43922,-0.389437,35.9669,-3.7813,5.51228,50.5543,-3.46,-6.03234,50.6239
3.21213,0.488736,36.1371,3.44588,-0.348892,35.9507,-3.77776,5.5599,50.5425,-3.45949,-5.98382,50.5762
3.21777,0.504763,36.1376,3.45117,-0.327626,35.9319,-3.77505,5.58756,50.5273,-3.46041,-5.95637,50.536
3.22389,0.51332,36.1357,3.45719,-0.314584,35.9133,-3.77148,5.6079,50.5178,-3.46042,-5.93881,50.5062
3.22816,0.518878,36.1342,3.46201,-0.305154,35.8968,-3.76971,5.62502,50.5116,-3.46158,-5.92621,50.4816
3.23279,0.523234,36.1345,3.46748,-0.297583,35.8837,-3.7674,5.64014,50.5124,-3.46161,-5.91602,50.4653
3.23755,0.527174,36.1347,3.47325,-0.291006,35.8714,-3.76484,5.65407,50.513,-3.46108,-5.90734,50.4502
3.24235,0.530828,36.1353,3.47914,-0.285119,35.8606,-3.76225,5.66694,50.5148,-3.46027,-5.89975,50.4377
3.24714,0.534351,36.1366,3.48505,-0.27967,35.8514,-3.75977,5.67898,50.5181,-3.45934,-5.89296,50.428
3.25179,0.53774,36.1382,3.49079,-0.27465,35.8431,-3.75749,5.69037,50.522,-3.45855,-5.88686,50.4201
3.25635,0.541049,36.1399,3.49643,-0.269923,35.8358,-3.75544,5.70113,50.5262,-3.45786,-5.88136,50.4138
3.26077,0.544246,36.1417,3.50188,-0.265518,35.8294,-3.75362,5.71132,50.531,-3.45733,-5.87638,50.4091
3.26485,0.547471,36.1435,3.50701,-0.261185,35.8237,-3.75239,5.72104,50.5351,-3.45719,-5.87183,50.4048
3.26886,0.550614,36.1451,3.51196,-0.257156,35.8183,-3.75124,5.73038,50.5396,-3.4572,-5.86764,50.4017
3.27259,0.553759,36.1466,3.51661,-0.253234,35.8134,-3.75053,5.73933,50.5437,-3.45759,-5.86378,50.3991
3.27604,0.556949,36.1479,3.52097,-0.249365,35.8088,-3.75025,5.74796,50.5471,-3.45831,-5.86016,50.3966
3.27933,0.56008,36.1491,3.52509,-0.245706,35.8049,-3.75018,5.75625,50.5511,-3.45929,-5.85682,50.3957
3.28238,0.563319,36.15,3.52895,-0.242024,35.8009,-3.7505,5.76433,50.5541,-3.46059,-5.85362,50.3944
3.28518,0.566604,36.1507,3.53258,-0.23833,35.7974,-3.75124,5.77212,50.5569,-3.46225,-5.85059,50.3938
3.28784,0.569768,36.1515,3.53599,-0.234939,35.7945,-3.75218,5.77967,50.5609,-3.46416,-5.84797,50.3951
3.29038,0.573366,36.1512,3.53931,-0.230967,35.7908,-3.75345,5.78712,50.5622,-3.46631,-5.84485,50.3943
3.29288,0.576834,36.1509,3.54251,-0.227257,35.7876,-3.75482,5.79435,50.565,-3.46867,-5.84206,50.3959
3.29522,0.580531,36.15,3.54565,-0.223191,35.7842,-3.75669,5.80147,50.5669,-3.47134,-5.83926,50.3972
3.29768,0.584249,36.1485,3.54879,-0.219171,35.7806,-3.75855,5.80859,50.5695,-3.47414,-5.83659,50.3998
3.30034,0.588501,36.1458,3.55207,-0.21429,35.7763,-3.76058,5.81586,50.571,-3.4771,-5.83318,50.4022
3.30335,0.593227,36.142,3.55546,-0.208754,35.7716,-3.76265,5.82374,50.5729,-3.48023,-5.82935,50.4058
3.30707,0.599266,36.1363,3.55892,-0.201487,35.7662,-3.76462,5.83334,50.5746,-3.4836,-5.82394,50.4098
3.31221,0.608163,36.1281,3.56211,-0.190736,35.7606,-3.76597,5.84721,50.5772,-3.48744,-5.8148,50.4158
3.32025,0.624085,36.1149,3.56403,-0.171715,35.7554,-3.76605,5.87179,50.58,-3.49245,-5.79664,50.4228
3.3349,0.656458,36.0914,3.5616,-0.133865,35.7546,-3.76298,5.92235,50.5832,-3.5004,-5.75674,50.4319
3.36221,0.730007,36.0526,3.54523,-0.0532861,35.7743,-3.75193,6.03627,50.5874,-3.51528,-5.66439,50.4464
3.7098,2.81674,34.9589,3.18377,1.98463,36.9733,-3.64634,8.54573,49.608,-3.63742,-3.28557,51.6113
4.47258,7.89885,32.4394,2.2753,6.13788,40.2156,-3.53056,14.6162,47.3954,-3.83524,1.43419,54.9503
6.82659,-1.06371,31.5477,6.33058,-1.4582,27.3535,-2.43592,4.2272,50.1237,-3.14706,-8.56559,44.7
2.05615,-1.20075,42.8131,0.36145,-4.12308,43.5537,-2.7026,2.34345,49.8524,-5.1019,-10.7329,54.5779
3.16425,-2.03179,38.6976,3.44331,-3.28012,35.2304,-3.20701,1.90428,50.7004,-3.62286,-9.78162,48.7879
3.13833,-2.33996,38.3783,3.82312,-3.32348,34.318,-3.42267,1.63834,50.8444,-3.45977,-9.7279,48.2747
2.94884,-2.27069,38.313,3.79396,-3.26709,34.3296,-3.60763,1.72948,50.8856,-3.4235,-9.56236,48.2584
2.87086,-2.10289,38.0964,3.7402,-3.06286,34.4452,-3.72236,1.99262,50.8194,-3.40106,-9.22794,48.3392
2.85111,-1.86695,37.8012,3.65971,-2.77838,34.6429,-3.80065,2.36045,50.7393,-3.40987,-8.80416,48.5756
2.83554,-1.68463,37.5612,3.61839,-2.58632,34.8119,-3.86045,2.62808,50.6324,-3.39993,-8.55766,48.8087
2.84892,-1.28479,37.1911,3.53596,-2.17391,35.0768,-3.89349,3.17518,50.5236,-3.44125,-8.05983,49.1961
2.88994,-0.966699,36.9039,3.46638,-1.84706,35.3255,-3.90351,3.62225,50.4652,-3.47113,-7.67014,49.5632
2.93231,-0.67026,36.6696,3.40864,-1.55055,35.57,-3.90504,4.03175,50.4536,-3.49827,-7.32928,49.9412
2.98611,-0.422031,36.5049,3.36722,-1.30464,35.7691,-3.89377,4.37558,50.4616,-3.51541,-7.05829,50.2457
3.0649,-0.13574,36.3033,3.37007,-1.01291,35.9211,-3.85551,4.75113,50.4778,-3.50497,-6.74015,50.5171
3.12873,0.0626232,36.1784,3.38438,-0.803168,35.9904,-3.82321,5.01244,50.4884,-3.49218,-6.50558,50.6452
3.17893,0.230386,36.09,3.40134,-0.622482,36.0117,-3.79522,5.22955,50.4865,-3.48276,-6.30614,50.7087
3.2045,0.334347,36.0608,3.41513,-0.51106,36.0104,-3.78122,5.36519,50.4982,-3.47801,-6.18413,50.7238
3.21885,0.432042,36.0817,3.42961,-0.408575,35.9992,-3.77229,5.48164,50.5072,-3.472,-6.07323,50.6853
3.22467,0.468778,36.0936,3.43696,-0.367043,35.9805,-3.76927,5.53158,50.4993,-3.47084,-6.02203,50.6328
3.2294,0.48648,36.0974,3.44288,-0.344263,35.9593,-3.76702,5.56207,50.4877,-3.47113,-5.99143,50.5881
3.23475,0.496884,36.0986,3.44947,-0.329464,35.9386,-3.76387,5.58538,50.4815,-3.47052,-5.9706,50.5543
3.23835,0.504311,36.0997,3.45486,-0.318213,35.92,-3.76249,5.60542,50.4784,-3.47107,-5.95482,50.526
3.24236,0.510474,36.1026,3.46089,-0.308855,35.9051,-3.76056,5.62327,50.482,-3.4705,-5.94165,50.5064
3.24656,0.516114,36.105,3.4672,-0.300582,35.891,-3.75836,5.63972,50.4854,-3.46936,-5.93022,50.4881
3.25085,0.521346,36.1076,3.47364,-0.29311,35.8785,-3.75612,5.65488,50.4896,-3.46795,-5.92013,50.4728
3.25515,0.526321,36.1108,3.48009,-0.286197,35.8676,-3.75398,5.66897,50.4952,-3.46643,-5.91109,50.4604
3.25935,0.531038,36.1142,3.48635,-0.279833,35.8578,-3.75202,5.68221,50.5013,-3.46507,-5.90297,50.4501
3.26348,0.535557,36.1175,3.4925,-0.273877,35.8491,-3.75029,5.69461,50.5074,-3.46381,-5.89565,50.4415
3.26751,0.539854,36.1209,3.49844,-0.268353,35.8414,-3.74877,5.70627,50.514,-3.46273,-5.88906,50.4348
3.27121,0.544078,36.1241,3.50405,-0.263001,35.8343,-3.74782,5.7173,50.5199,-3.46205,-5.88305,50.4286
3.27487,0.548129,36.1271,3.50945,-0.258048,35.8278,-3.74694,5.72779,50.5259,-3.46154,-5.87757,50.4237
3.27826,0.552098,36.1298,3.51455,-0.253287,35.8218,-3.7465,5.73777,50.5315,-3.46141,-5.87257,50.4195
3.28139,0.556038,36.1322,3.51932,-0.248656,35.8162,-3.74648,5.74731,50.5363,-3.46163,-5.86794,50.4155
3.28438,0.559853,36.1346,3.52385,-0.244303,35.8113,-3.74665,5.7564,50.5416,-3.46212,-5.86369,50.4132
3.28713,0.563719,36.1365,3.5281,-0.23999,35.8064,-3.74719,5.76519,50.5458,-3.46295,-5.8597,50.4106
3.28964,0.567584,36.1383,3.53211,-0.235716,35.802,-3.74815,5.7736,50.5498,-3.46413,-5.85598,50.4088
3.29201,0.571289,36.1401,3.53588,-0.23179,35.7984,-3.74931,5.78168,50.5547,-3.46559,-5.85274,50.409
3.29426,0.575398,36.1407,3.53955,-0.22732,35.7939,-3.75078,5.78961,50.5571,-3.46728,-5.84909,50.4072
3.29647,0.579358,36.1414,3.54308,-0.223141,35.79,-3.75236,5.79725,50.5608,-3.46919,-5.84585,50.4078
3.2985,0.583536,36.1415,3.54655,-0.218626,35.7861,-3.75444,5.80471,50.5635,-3.47141,-5.84266,50.4082
3.30063,0.58774,36.1409,3.54999,-0.214164,35.7819,-3.75651,5.81214,50.5668,-3.47377,-5.83965,50.41
3.30293,0.592497,36.1393,3.55358,-0.208841,35.7772,-3.75876,5.81968,50.569,-3.47628,-5.83595,50.4116
3.30554,0.597767,36.1366,3.55724,-0.202845,35.772,-3.76106,5.8278,50.5715,-3.47897,-5.83186,50.4143
3.30881,0.604419,36.1321,3.56095,-0.19508,35.7662,-3.76327,5.83765,50.5738,-3.4819,-5.8262,50.4175
3.31345,0.614042,36.1252,3.56433,-0.183765,35.7603,-3.7649,5.85186,50.5771,-3.48532,-5.81679,50.4226
3.32091,0.630865,36.1138,3.56636,-0.164089,35.7548,-3.76526,5.87693,50.5807,-3.48995,-5.79822,50.4284
3.33489,0.664383,36.0926,3.56389,-0.125503,35.7535,-3.76247,5.9283,50.5851,-3.49761,-5.75773,50.4357
3.36142,0.739281,36.0573,3.54719,-0.0443302,35.7724,-3.75169,6.04347,50.5918,-3.51237,-5.66449,50.4469
3.70436,2.81745,34.9876,3.18686,1.97875,36.9558,-3.64692,8.53951,49.6339,-3.6343,-3.29718,51.5883
4.4519,7.85892,32.5227,2.28649,6.07899,40.1593,-3.53611,14.5546,47.4633,-3.82826,1.37613,54.8747
6.82742,-1.06707,31.5463,6.32834,-1.46249,27.3481,-2.4367,4.23486,50.1401,-3.15008,-8.55592,44.6914
2.05954,-1.20549,42.8049,0.360057,-4.12369,43.5491,-2.70228,2.354,49.8659,-5.10433,-10.7267,54.5752
3.16811,-2.03536,38.6873,3.44116,-3.28092,35.2288,-3.20624,1.91426,50.7098,-3.62573,-9.77672,48.7889
3.14311,-2.34349,38.3653,3.82086,-3.32378,34.318,-3.42136,1.64742,50.8501,-3.46281,-9.72509,48.2795
2.9543,-2.27449,38.2978,3.7917,-3.26714,34.3309,-3.60591,1.73685,50.8879,-3.42665,-9.56187,48.2666
2.87674,-2.10715,38.0796,3.73798,-3.06305,34.4477,-3.72034,1.99773,50.8185,-3.4043,-9.22974,48.3503
2.85716,-1.87179,37.7835,3.65754,-2.77907,34.6463,-3.79847,2.36307,50.7358,-3.41319,-8.80812,48.5889
2.84169,-1.69038,37.5427,3.61639,-2.58754,34.8159,-3.85816,2.62827,50.6268,-3.40323,-8.56368,48.8238
2.85504,-1.29066,37.1724,3.53385,-2.17551,35.0817,-3.89113,3.17363,50.5161,-3.44467,-8.06703,49.2126
2.89583,-0.972876,36.8854,3.46425,-1.84925,35.331,-3.90118,3.619,50.4565,-3.47457,-7.67852,49.5805
2.9379,-0.676621,36.6517,3.40653,-1.55325,35.5759,-3.90277,4.0272,50.4441,-3.50169,-7.33851,49.9588
2.99135,-0.428443,36.4876,3.36514,-1.30771,35.7751,-3.89159,4.37017,50.4517,-3.51879,-7.06802,50.2632
3.06976,-0.141927,36.287,3.36796,-1.01625,35.9273,-3.85344,4.74529,50.4679,-3.50831,-6.74998,50.5342
3.13319,0.0566154,36.1632,3.38232,-0.806718,35.9965,-3.82127,5.00636,50.4787,-3.49542,-6.51541,50.6616
3.18298,0.224673,36.0759,3.39935,-0.626101,36.0177,-3.79342,5.22351,50.4773,-3.48588,-6.31573,50.7243
3.2082,0.328956,36.0478,3.41326,-0.514621,36.016,-3.77956,5.35936,50.4895,-3.48097,-6.19335,50.7384
3.22223,0.427047,36.0697,3.42787,-0.411946,36.0045,-3.77075,5.4762,50.4991,-3.47479,-6.08193,50.6989
3.22777,0.464177,36.0824,3.43537,-0.370132,35.9853,-3.76784,5.52661,50.4919,-3.47345,-6.03015,50.6455
3.23229,0.482303,36.0871,3.44143,-0.346997,35.9637,-3.76568,5.55764,50.4809,-3.47357,-5.99892,50.5999
3.23745,0.493134,36.0889,3.44816,-0.331814,35.9426,-3.76261,5.58153,50.4753,-3.47279,-5.97745,50.5653
3.2409,0.500975,36.0907,3.45369,-0.320177,35.9237,-3.7613,5.60211,50.4728,-3.47317,-5.96105,50.5363
3.24479,0.507527,36.0941,3.45985,-0.31045,35.9085,-3.75942,5.62048,50.4769,-3.47244,-5.9473,50.5159
3.24887,0.513526,36.097,3.4663,-0.301831,35.894,-3.75728,5.6374,50.4808,-3.47114,-5.93534,50.497
3.25304,0.519087,36.1001,3.47287,-0.294041,35.8811,-3.7551,5.65297,50.4855,-3.46958,-5.92478,50.4811
3.25726,0.52436,36.1037,3.47944,-0.286838,35.87,-3.753,5.66745,50.4915,-3.46791,-5.91532,50.4683
3.26137,0.529346,36.1075,3.48583,-0.28021,35.8599,-3.75109,5.68102,50.4979,-3.46641,-5.90681,50.4575
3.26542,0.534108,36.1112,3.4921,-0.274017,35.8509,-3.7494,5.69372,50.5045,-3.465,-5.89915,50.4485
3.26937,0.538624,36.1149,3.49816,-0.268278,35.8429,-3.74791,5.70565,50.5114,-3.46379,-5.89226,50.4413
3.27301,0.543045,36.1184,3.50388,-0.262734,35.8357,-3.747,5.71691,50.5176,-3.46298,-5.88598,50.4347
3.2766,0.547272,36.1217,3.50939,-0.257609,35.8289,-3.74616,5.7276,50.5239,-3.46234,-5.88028,50.4295
3.27993,0.551401,36.1247,3.51459,-0.252693,35.8227,-3.74574,5.73775,50.5298,-3.46208,-5.87507,50.425
3.28301,0.555485,36.1274,3.51946,-0.247924,35.8169,-3.74574,5.74744,50.5348,-3.46218,-5.87027,50.4207
3.28594,0.559432,36.13,3.52409,-0.243446,35.8118,-3.74594,5.75666,50.5404,-3.46255,-5.86588,50.4182
3.28864,0.56342,36.1321,3.52843,-0.239019,35.8068,-3.74651,5.76554,50.5448,-3.46326,-5.86177,50.4153
3.29109,0.5674,36.1341,3.53252,-0.234641,35.8023,-3.74749,5.77403,50.5489,-3.46432,-5.85794,50.4133
3.2934,0.571214,36.1361,3.53638,-0.230618,35.7985,-3.74867,5.78218,50.5541,-3.46566,-5.85464,50.4133
3.29559,0.57543,36.137,3.54014,-0.226057,35.7939,-3.75016,5.79015,50.5566,-3.46723,-5.85093,50.4114
3.29772,0.579498,36.1379,3.54375,-0.221788,35.7899,-3.75177,5.79781,50.5604,-3.46902,-5.84766,50.4118
3.29966,0.583791,36.1383,3.54731,-0.217183,35.7858,-3.75388,5.80528,50.5632,-3.47111,-5.84445,50.4121
3.3017,0.58812,36.138,3.55083,-0.212626,35.7816,-3.75598,5.81271,50.5666,-3.47335,-5.84145,50.4137
3.30389,0.593022,36.1367,3.55449,-0.207195,35.7768,-3.75828,5.82023,50.5689,-3.47573,-5.83777,50.4152
3.30636,0.598469,36.1343,3.55822,-0.201069,35.7716,-3.76063,5.82834,50.5715,-3.47829,-5.8337,50.4178
3.30947,0.605355,36.1302,3.56199,-0.193132,35.7658,-3.76291,5.8382,50.5738,-3.4811,-5.82805,50.4209
3.31393,0.615313,36.1238,3.56539,-0.181566,35.76,-3.76461,5.8525,50.5771,-3.48439,-5.81858,50.4258
3.3212,0.632666,36.1129,3.56739,-0.161486,35.7547,-3.76505,5.87786,50.5806,-3.48893,-5.79979,50.4315
3.33498,0.667087,36.0923,3.56477,-0.122202,35.7537,-3.76233,5.92993,50.585,-3.49655,-5.75869,50.4386
3.36138,0.743604,36.0576,3.54765,-0.0397843,35.7733,-3.75159,6.04669,50.5917,-3.51139,-5.66405,50.4495
3.70352,2.82584,34.9907,3.1862,1.98406,36.9583,-3.64714,8.54483,49.6345,-3.63372,-3.2934,51.589
4.44774,7.86728,32.5338,2.28532,6.07814,40.1624,-3.53782,14.5548,47.4659,-3.82735,1.37902,54.8701
6.75497,-1.1942,31.8825,6.39342,-1.66876,27.1291,-2.43836,4.00469,50.3082,-3.09901,-8.91807,44.4419
1.90105,-1.4264,43.394,0.488179,-4.49426,43.1303,-2.73209,1.96496,50.2197,-5.04155,-11.1622,54.0892
2.98572,-2.37684,39.3944,3.59293,-3.72207,34.676,-3.25573,1.42414,51.2406,-3.5433,-10.2795,48.1292
2.92082,-2.73971,39.1915,4.01157,-3.7916,33.6337,-3.49266,1.116,51.5103,-3.36195,-10.2088,47.462
2.70751,-2.67746,39.1886,4.00025,-3.71846,33.5781,-3.69611,1.22981,51.641,-3.31372,-9.97125,47.3387
2.61653,-2.47549,38.9995,3.95119,-3.46258,33.6659,-3.82531,1.56748,51.6336,-3.28251,-9.5299,47.3473
2.59337,-2.17345,38.7011,3.8671,-3.10048,33.8665,-3.9138,2.04601,51.5812,-3.28544,-8.9785,47.5464
2.57447,-1.93531,38.4744,3.82055,-2.85163,34.0277,-3.98045,2.40878,51.5176,-3.27209,-8.63673,47.7346
2.59316,-1.45579,38.0723,3.73143,-2.35723,34.3205,-4.01933,3.07217,51.4013,-3.30866,-8.02518,48.1264
2.64565,-1.05659,37.7418,3.64981,-1.9488,34.6106,-4.03082,3.63221,51.3226,-3.33765,-7.53037,48.5174
2.70254,-0.685891,37.4564,3.57958,-1.57799,34.9019,-4.0316,4.13997,51.279,-3.365,-7.1007,48.9333
2.77184,-0.376806,37.2395,3.52618,-1.27105,35.1476,-4.01803,4.56021,51.2497,-3.3834,-6.76252,49.2834
2.86876,-0.0335512,36.9734,3.51655,-0.920966,35.3563,-3.97639,5.00159,51.2116,-3.37482,-6.38665,49.6189
2.95081,0.207915,36.7871,3.51826,-0.665955,35.4792,-3.93912,5.30862,51.1679,-3.36562,-6.11315,49.8126
3.01844,0.406726,36.6386,3.52364,-0.451699,35.5523,-3.90573,5.55393,51.1097,-3.3603,-5.89127,49.9443
3.05952,0.527526,36.5562,3.52712,-0.320966,35.5964,-3.88607,5.69902,51.0691,-3.36027,-5.76465,50.0239
3.08736,0.631058,36.5294,3.53265,-0.210677,35.626,-3.87166,5.8109,51.0286,-3.35917,-5.66286,50.0467
3.10441,0.663383,36.5013,3.53242,-0.172126,35.6413,-3.8634,5.84382,50.9771,-3.36306,-5.63262,50.049
3.11841,0.670008,36.471,3.5319,-0.15964,35.6494,-3.85635,5.84962,50.9259,-3.3683,-5.63036,50.0541
3.13166,0.66557,36.4421,3.53274,-0.15934,35.6547,-3.84873,5.84458,50.8836,-3.37264,-5.64123,50.0657
3.14221,0.656404,36.4163,3.53273,-0.164618,35.6599,-3.8431,5.83532,50.8471,-3.37818,-5.65781,50.0788
3.15251,0.645515,36.3947,3.53356,-0.172425,35.6668,-3.83706,5.82452,50.8198,-3.38268,-5.67607,50.0971
3.16251,0.634416,36.3745,3.53475,-0.181106,35.673,-3.83086,5.81388,50.7943,-3.3867,-5.69423,50.1136
3.17222,0.623643,36.3563,3.53614,-0.189916,35.6795,-3.82472,5.80392,50.7717,-3.39049,-5.71153,50.1303
3.18164,0.613555,36.3401,3.53759,-0.198371,35.6865,-3.81875,5.79499,50.7522,-3.3942,-5.72756,50.1474
3.19067,0.604238,36.3254,3.53895,-0.206356,35.6936,-3.81307,5.78729,50.735,-3.39805,-5.74222,50.1643
3.19938,0.59577,36.3119,3.54028,-0.213706,35.7006,-3.8077,5.78073,50.7194,-3.40196,-5.75553,50.1807
3.20775,0.588098,36.2994,3.54154,-0.220461,35.7077,-3.80266,5.77527,50.7056,-3.406,-5.76757,50.1971
3.21557,0.581324,36.2878,3.5426,-0.226408,35.7146,-3.7983,5.77087,50.6925,-3.41036,-5.77836,50.2123
3.22313,0.575285,36.2769,3.5436,-0.23183,35.7212,-3.79414,5.76747,50.6807,-3.41479,-5.78803,50.2272
3.23023,0.570004,36.2666,3.54445,-0.236587,35.7274,-3.79053,5.76492,50.6697,-3.4195,-5.79669,50.2414
3.23687,0.565464,36.2567,3.54514,-0.240686,35.7333,-3.78746,5.76317,50.659,-3.42445,-5.80438,50.2545
3.2432,0.561495,36.2475,3.54575,-0.244346,35.7391,-3.78472,5.76207,50.6497,-3.42955,-5.81129,50.2682
3.24914,0.558204,36.2385,3.54624,-0.247395,35.7443,-3.78248,5.76163,50.6403,-3.43488,-5.8174,50.2805
3.2547,0.555469,36.2298,3.54665,-0.249901,35.7494,-3.78077,5.76166,50.6315,-3.44045,-5.82285,50.2927
3.25999,0.553051,36.2217,3.54699,-0.252249,35.7546,-3.77937,5.76211,50.6245,-3.44617,-5.82801,50.3061
3.26507,0.551466,36.2129,3.54739,-0.253585,35.7584,-3.7784,5.76304,50.6155,-3.45203,-5.83204,50.3168
3.27004,0.550082,36.2043,3.54782,-0.25482,35.7623,-3.77763,5.76423,50.6086,-3.45799,-5.8359,50.3292
3.2748,0.549209,36.1954,3.54835,-0.255373,35.7655,-3.77745,5.76571,50.6013,-3.46415,-5.8393,50.341
3.27967,0.548598,36.186,3.54905,-0.255675,35.768,-3.77732,5.76755,50.5952,-3.47035,-5.84246,50.3537
3.28477,0.548769,36.1753,3.55006,-0.254797,35.7695,-3.77742,5.76988,50.5884,-3.4766,-5.8445,50.366
3.29034,0.549717,36.1633,3.55133,-0.252862,35.7701,-3.77759,5.77321,50.5823,-3.48293,-5.84573,50.3794
3.29684,0.552522,36.1487,3.55282,-0.248515,35.77,-3.77764,5.77894,50.5759,-3.4894,-5.8447,50.3937
3.30525,0.559396,36.13,3.55404,-0.239269,35.7702,-3.77699,5.79042,50.5697,-3.4963,-5.83853,50.4112
3.31754,0.576189,36.1029,3.55371,-0.218527,35.773,-3.77482,5.81604,50.5613,-3.50444,-5.82002,50.4329
3.33858,0.616461,36.0575,3.54788,-0.171347,35.7861,-3.76893,5.87598,50.5467,-3.51591,-5.77181,50.4639
3.37669,0.715282,35.9791,3.52517,-0.0629029,35.8346,-3.75378,6.01957,50.5172,-3.53545,-5.65179,50.5181
3.77091,3.01142,34.6413,3.12255,2.19066,37.2664,-3.64172,8.76712,49.2896,-3.67118,-3.04237,51.9442
4.65449,8.62419,31.5832,2.08868,6.89401,41.0618,-3.4974,15.4579,46.5555,-3.91303,2.27065,55.8624
6.80138,-1.08947,31.654,6.35435,-1.50202,27.2858,-2.43743,4.16054,50.157,-3.12707,-8.65672,44.6144
2.00702,-1.24252,42.9836,0.397716,-4.20888,43.4446,-2.71179,2.23841,49.9245,-5.08166,-10.832,54.4355
3.11215,-2.10132,38.8876,3.48272,-3.37951,35.0957,-3.22051,1.77921,50.8112,-3.59864,-9.89396,48.6098
3.07795,-2.4189,38.5916,3.86977,-3.42637,34.158,-3.44076,1.50831,50.9816,-3.43232,-9.83107,48.0644
2.88453,-2.34841,38.5356,3.84256,-3.36396,34.1598,-3.62931,1.60981,51.0408,-3.39443,-9.64452,48.028
2.80537,-2.17088,38.3202,3.7881,-3.14615,34.2738,-3.74652,1.89434,50.9859,-3.37096,-9.28266,48.0969
2.78668,-1.91901,38.0194,3.70548,-2.84271,34.4758,-3.82626,2.29057,50.9104,-3.37924,-8.82821,48.3293
2.77147,-1.72489,37.7802,3.66211,-2.63898,34.6448,-3.88699,2.57994,50.8134,-3.36923,-8.56119,48.5548
2.78757,-1.30774,37.3986,3.57766,-2.20752,34.9182,-3.92068,3.15442,50.7014,-3.40989,-8.03783,48.9474
2.83251,-0.972617,37.0984,3.50496,-1.86252,35.1775,-3.93042,3.62706,50.6379,-3.44003,-7.62545,49.3232
2.87919,-0.661177,36.85,3.44423,-1.55001,35.433,-3.9313,4.05799,50.6189,-3.46759,-7.2662,49.7122
2.93721,-0.401259,36.6717,3.40009,-1.29156,35.6424,-3.91919,4.41768,50.6187,-3.48532,-6.98213,50.0287
3.02077,-0.103949,36.4537,3.40022,-0.987395,35.8069,-3.87992,4.80704,50.6227,-3.47549,-6.65269,50.3163
3.08914,0.102244,36.3138,3.4118,-0.768592,35.8875,-3.84634,5.0773,50.6216,-3.46373,-6.41125,50.4601
3.14352,0.275236,36.2111,3.4263,-0.58149,35.9196,-3.81706,5.29947,50.6077,-3.45541,-6.20853,50.5394
3.17267,0.381348,36.1697,3.43791,-0.467017,35.9275,-3.80179,5.43594,50.6085,-3.45188,-6.08716,50.569
3.19005,0.478956,36.1799,3.45049,-0.363951,35.9245,-3.79169,5.55032,50.6072,-3.44711,-5.97968,50.544
3.19829,0.513561,36.183,3.45621,-0.324205,35.9125,-3.7876,5.59558,50.5906,-3.44721,-5.93428,50.5033
3.20496,0.527943,36.1795,3.46072,-0.30462,35.8972,-3.78441,5.61998,50.571,-3.44872,-5.91079,50.4693
3.21193,0.534475,36.1743,3.46603,-0.293698,35.8818,-3.7804,5.63671,50.5576,-3.44931,-5.89748,50.4452
3.21696,0.537873,36.1697,3.47018,-0.286554,35.8682,-3.77822,5.65022,50.5478,-3.45106,-5.88909,50.4258
3.22226,0.540081,36.1673,3.47499,-0.281274,35.8579,-3.7755,5.66187,50.5453,-3.4517,-5.88292,50.4142
3.22765,0.541956,36.165,3.4801,-0.276912,35.8482,-3.77254,5.67259,50.5429,-3.45177,-5.87798,50.4034
3.23304,0.543666,36.1632,3.48535,-0.273121,35.8398,-3.76957,5.6825,50.5418,-3.45158,-5.87383,50.395
3.23839,0.545379,36.1624,3.49063,-0.269635,35.8329,-3.7667,5.69186,50.5424,-3.45126,-5.87019,50.389
3.24357,0.547092,36.162,3.49575,-0.266439,35.8268,-3.76405,5.70082,50.5439,-3.4511,-5.86696,50.3847
3.24862,0.548857,36.1618,3.50077,-0.263401,35.8216,-3.76164,5.70937,50.5458,-3.45101,-5.86406,50.3815
3.25352,0.550633,36.1619,3.50564,-0.260557,35.8171,-3.75946,5.71758,50.5484,-3.45109,-5.86146,50.3799
3.25805,0.552554,36.162,3.5102,-0.257663,35.8132,-3.75789,5.7255,50.5506,-3.45154,-5.85906,50.3784
3.26249,0.554499,36.1621,3.5146,-0.254963,35.8096,-3.75641,5.73321,50.5531,-3.45214,-5.85685,50.3779
3.26662,0.556544,36.1621,3.51872,-0.252267,35.8063,-3.75539,5.74069,50.5555,-3.45309,-5.8548,50.3778
3.27045,0.558723,36.162,3.52257,-0.24953,35.8033,-3.75482,5.74798,50.5573,-3.45437,-5.85285,50.3777
3.27411,0.56092,36.162,3.52621,-0.246919,35.8008,-3.75446,5.75504,50.5598,-3.45589,-5.85104,50.379
3.2775,0.563297,36.1616,3.52961,-0.244209,35.7982,-3.75452,5.76199,50.5614,-3.45772,-5.84927,50.3798
3.28064,0.565783,36.1611,3.53281,-0.241417,35.7959,-3.755,5.76874,50.5629,-3.45989,-5.84758,50.3813
3.28361,0.568199,36.1608,3.53581,-0.238871,35.7943,-3.7557,5.77531,50.5656,-3.4623,-5.84621,50.3845
3.28647,0.571098,36.1594,3.53876,-0.235685,35.7916,-3.75674,5.78185,50.5658,-3.46493,-5.84427,50.3856
3.28927,0.573907,36.158,3.5416,-0.232714,35.7895,-3.75789,5.78822,50.5675,-3.46776,-5.84263,50.3891
3.29193,0.576978,36.1561,3.54443,-0.22934,35.7871,-3.75956,5.7945,50.5684,-3.47087,-5.84093,50.3922
3.29471,0.580102,36.1535,3.54729,-0.225964,35.7844,-3.76121,5.80083,50.57,-3.4741,-5.83932,50.3966
3.29772,0.583805,36.1497,3.55034,-0.221662,35.7809,-3.76305,5.80735,50.5706,-3.47746,-5.83692,50.4008
3.30112,0.588052,36.1446,3.55353,-0.216606,35.7769,-3.76491,5.81457,50.5717,-3.48098,-5.83404,50.4063
3.3053,0.593757,36.1375,3.55683,-0.209631,35.7721,-3.76664,5.82368,50.5725,-3.48471,-5.82941,50.4123
3.31106,0.602658,36.1274,3.55984,-0.198767,35.7674,-3.76772,5.83753,50.5742,-3.48891,-5.82067,50.4206
3.32002,0.619369,36.1116,3.5615,-0.178737,35.7634,-3.76742,5.86311,50.5756,-3.49432,-5.80198,50.4306
3.3362,0.654357,36.0837,3.55849,-0.137844,35.765,-3.76373,5.91711,50.5763,-3.5028,-5.7594,50.4441
3.36634,0.734793,36.0365,3.54071,-0.0495178,35.7902,-3.7516,6.04013,50.5752,-3.51859,-5.65934,50.4664
3.72525,2.86575,34.8922,3.17102,2.0361,37.0347,-3.64351,8.6045,49.5496,-3.64311,-3.23056,51.6833
4.51125,8.03974,32.2742,2.24085,6.28742,40.3761,-3.5215,14.7896,47.2469,-3.84711,1.59478,55.1263
6.81802,-1.06424,31.579,6.33921,-1.45991,27.3331,-2.43698,4.21198,50.1254,-3.13933,-8.57879,44.6696
2.042,-1.20155,42.8577,0.370433,-4.13554,43.5296,-2.70511,2.32091,49.8588,-5.0959,-10.7453,54.538
3.1507,-2.03841,38.7424,3.45185,-3.29521,35.2038,-3.21008,1.87846,50.7131,-3.61646,-9.79762,48.7438
3.12362,-2.34822,38.426,3.83235,-3.33961,34.2882,-3.4263,1.61178,50.8608,-3.45334,-9.74255,48.2265
2.93401,-2.27902,38.3606,3.80285,-3.28267,34.2997,-3.61159,1.70485,50.9042,-3.41733,-9.57366,48.2084
2.85645,-2.11003,38.1424,3.74843,-3.07649,34.4163,-3.72642,1.97175,50.8392,-3.39514,-9.23489,48.2889
2.83751,-1.87195,37.8446,3.66719,-2.78906,34.6158,-3.80464,2.34452,50.7593,-3.40421,-8.80626,48.5261
2.82238,-1.68838,37.6037,3.62522,-2.5957,34.7855,-3.86441,2.61539,50.654,-3.39454,-8.55694,48.7591
2.83682,-1.28609,37.2302,3.54221,-2.18006,35.0525,-3.89728,3.16745,50.5443,-3.43596,-8.05502,49.1488
2.87897,-0.965646,36.9396,3.47195,-1.85029,35.3035,-3.90705,3.61896,50.485,-3.46606,-7.66184,49.5186
2.92245,-0.66714,36.7019,3.41362,-1.55121,35.5501,-3.90831,4.03221,50.4722,-3.49339,-7.31817,49.8994
2.97725,-0.417331,36.5342,3.37168,-1.30333,35.7511,-3.89679,4.37883,50.479,-3.51072,-7.04523,50.2066
3.05713,-0.129444,36.3292,3.37405,-1.00944,35.9053,-3.85827,4.75702,50.4935,-3.50042,-6.72532,50.4815
3.12192,0.0699986,36.2013,3.38791,-0.798206,35.9765,-3.82571,5.02005,50.5025,-3.48783,-6.48973,50.6127
3.17295,0.238467,36.1102,3.40448,-0.616446,35.9996,-3.79749,5.23825,50.499,-3.47861,-6.28982,50.6792
3.19921,0.342653,36.0788,3.41793,-0.504559,35.9997,-3.7833,5.37422,50.5093,-3.47407,-6.16796,50.6969
3.21412,0.440239,36.0978,3.4321,-0.40201,35.9898,-3.7742,5.49054,50.517,-3.46827,-6.05764,50.6608
3.22035,0.476559,36.1082,3.43919,-0.360833,35.9721,-3.77105,5.53986,50.5081,-3.46733,-6.00739,50.6103
3.2254,0.493687,36.1109,3.44486,-0.338624,35.9518,-3.7687,5.5695,50.4956,-3.46783,-5.97794,50.5675
3.231,0.503454,36.111,3.45123,-0.324489,35.932,-3.76548,5.59189,50.4886,-3.46743,-5.9583,50.5353
3.23481,0.510236,36.1113,3.4564,-0.313924,35.9142,-3.76403,5.611,50.4847,-3.46818,-5.94369,50.5085
3.23901,0.515778,36.1133,3.46221,-0.305238,35.9001,-3.76203,5.62797,50.4877,-3.46782,-5.93163,50.4902
3.24337,0.520833,36.115,3.46831,-0.297603,35.8867,-3.75978,5.64361,50.4903,-3.46689,-5.92123,50.4732
3.2478,0.525524,36.117,3.47454,-0.290729,35.8748,-3.75749,5.65803,50.494,-3.46568,-5.9121,50.4591
3.25224,0.53,36.1196,3.48078,-0.284371,35.8646,-3.7553,5.67145,50.4989,-3.46436,-5.90393,50.4478
3.25656,0.534259,36.1225,3.48685,-0.278519,35.8555,-3.7533,5.68407,50.5045,-3.4632,-5.8966,50.4386
3.26081,0.53836,36.1253,3.4928,-0.273036,35.8473,-3.75153,5.69593,50.5102,-3.46213,-5.89001,50.4309
3.26494,0.542275,36.1282,3.49856,-0.267946,35.8402,-3.74997,5.70709,50.5163,-3.46125,-5.88408,50.4251
3.26874,0.546149,36.1309,3.50398,-0.262995,35.8337,-3.74899,5.71767,50.5217,-3.46075,-5.87868,50.4197
3.27248,0.549879,36.1335,3.50921,-0.258412,35.8276,-3.74808,5.72776,50.5273,-3.46043,-5.87376,50.4156
3.27596,0.553554,36.1359,3.51414,-0.253992,35.8221,-3.74761,5.73737,50.5326,-3.46048,-5.86927,50.4122
3.27917,0.557222,36.1379,3.51875,-0.249678,35.8169,-3.74756,5.74658,50.537,-3.46089,-5.86512,50.4089
3.28224,0.560784,36.1399,3.52313,-0.24562,35.8124,-3.74771,5.75537,50.542,-3.46155,-5.86132,50.4072
3.28506,0.564415,36.1415,3.52724,-0.241581,35.8079,-3.74824,5.76387,50.5459,-3.46255,-5.85774,50.4053
3.28766,0.568057,36.1429,3.5311,-0.237566,35.804,-3.74918,5.77203,50.5496,-3.4639,-5.8544,50.4041
3.2901,0.57155,36.1443,3.53474,-0.233885,35.8007,-3.75032,5.77988,50.5543,-3.46552,-5.85153,50.4049
3.29244,0.575454,36.1446,3.53829,-0.229647,35.7965,-3.75178,5.78758,50.5564,-3.46738,-5.84822,50.4037
3.29473,0.579212,36.1449,3.54171,-0.225691,35.7929,-3.75334,5.79501,50.5599,-3.46945,-5.8453,50.4049
3.29686,0.58319,36.1447,3.54508,-0.22139,35.7892,-3.75541,5.80228,50.5624,-3.47182,-5.84243,50.4059
3.29912,0.587192,36.1437,3.54845,-0.217135,35.7852,-3.75745,5.80952,50.5656,-3.47433,-5.83973,50.4082
3.30156,0.591746,36.1416,3.55197,-0.212006,35.7806,-3.75968,5.81689,50.5677,-3.47699,-5.83631,50.4104
3.30435,0.596815,36.1384,3.55558,-0.206184,35.7756,-3.76193,5.82487,50.5702,-3.47982,-5.83249,50.4138
3.30784,0.603281,36.1333,3.55927,-0.19855,35.7699,-3.76409,5.83463,50.5724,-3.48289,-5.82705,50.4176
3.31278,0.612775,36.1257,3.56264,-0.187266,35.764,-3.76562,5.84887,50.5756,-3.48643,-5.81776,50.4235
3.32068,0.629628,36.1131,3.56468,-0.167387,35.7587,-3.76584,5.87427,50.5791,-3.49119,-5.79909,50.4304
3.33532,0.663579,36.0903,3.56218,-0.128051,35.7577,-3.76281,5.92662,50.5832,-3.499,-5.75794,50.4391
3.36299,0.7399,36.052,3.5453,-0.0448312,35.7776,-3.7516,6.04432,50.5889,-3.51397,-5.66279,50.4528
3.71033,2.82807,34.9659,3.18354,1.9923,36.9716,-3.64547,8.55655,49.6194,-3.63623,-3.28303,51.6094
4.46645,7.89065,32.4702,2.27853,6.12063,40.1992,-3.53176,14.6047,47.4265,-3.83129,1.41629,54.9256
6.82371,-1.06189,31.5569,6.33321,-1.45514,27.345,-2.43681,4.2273,50.1265,-3.14491,-8.55993,44.685
2.0531,-1.19767,42.8216,0.363006,-4.12157,43.548,-2.70316,2.34396,49.8528,-5.10089,-10.7271,54.5653
3.16217,-2.02921,38.7032,3.44389,-3.27906,35.227,-3.20729,1.90454,50.6992,-3.62221,-9.77752,48.7779
3.13674,-2.33753,38.3822,3.82329,-3.32272,34.3159,-3.4226,1.63817,50.8414,-3.45956,-9.72491,48.267
2.94788,-2.26867,38.315,3.79366,-3.2667,34.329,-3.60721,1.72867,50.8808,-3.42373,-9.5605,48.253
2.87048,-2.10146,38.0965,3.73953,-3.06286,34.4459,-3.72161,1.99098,50.813,-3.40164,-9.22722,48.3361
2.85123,-1.86618,37.7998,3.65878,-2.77879,34.6447,-3.79962,2.35795,50.7316,-3.41073,-8.80452,48.5743
2.83597,-1.68474,37.5587,3.61731,-2.5874,34.8144,-3.85925,2.6244,50.6238,-3.40098,-8.5592,48.8089
2.84977,-1.28529,37.1875,3.53466,-2.17513,35.0801,-3.89206,3.17112,50.5141,-3.44251,-8.06196,49.1978
2.89104,-0.967677,36.8995,3.46496,-1.84859,35.3294,-3.90194,3.6177,50.4553,-3.47252,-7.67291,49.5661
2.93358,-0.671612,36.6647,3.40716,-1.55233,35.5743,-3.90338,4.02689,50.4435,-3.49974,-7.33253,49.9449
2.98747,-0.423646,36.4997,3.3657,-1.30661,35.7736,-3.89206,4.37056,50.4514,-3.51693,-7.06185,50.2499
3.06634,-0.137427,36.298,3.36852,-1.0149,35.9257,-3.85378,4.74624,50.4679,-3.5065,-6.74379,50.5217
3.13017,0.0608669,36.1732,3.38286,-0.805228,35.995,-3.82149,5.00768,50.4789,-3.49369,-6.50927,50.6499
3.18033,0.228649,36.0849,3.39985,-0.624534,36.0162,-3.79355,5.22504,50.4774,-3.48423,-6.30975,50.7133
3.20584,0.332664,36.056,3.4137,-0.513088,36.0147,-3.7796,5.36095,50.4897,-3.47942,-6.1876,50.7282
3.22012,0.430465,36.0772,3.42823,-0.410525,36.0034,-3.77074,5.47774,50.4992,-3.47335,-6.07647,50.6895
3.22585,0.467328,36.0893,3.43564,-0.368902,35.9844,-3.7678,5.52801,50.4919,-3.47213,-6.02501,50.6367
3.2305,0.48519,36.0935,3.44161,-0.345996,35.9631,-3.76562,5.55885,50.4808,-3.47236,-5.99413,50.5918
3.23577,0.49577,36.0949,3.44824,-0.331053,35.9422,-3.76255,5.58251,50.4751,-3.47169,-5.973,50.5577
3.2393,0.503377,36.0964,3.45367,-0.319651,35.9235,-3.76125,5.60288,50.4725,-3.47218,-5.95695,50.5292
3.24325,0.509714,36.0995,3.45974,-0.310147,35.9085,-3.75938,5.62104,50.4766,-3.47155,-5.94352,50.5093
3.24738,0.515519,36.1021,3.4661,-0.301733,35.8942,-3.75726,5.63777,50.4803,-3.47035,-5.93186,50.4908
3.25159,0.520906,36.105,3.47258,-0.294132,35.8815,-3.7551,5.65317,50.4849,-3.46889,-5.92157,50.4753
3.25584,0.526022,36.1084,3.47906,-0.287099,35.8706,-3.75302,5.66749,50.4908,-3.46731,-5.91236,50.4628
3.25997,0.530867,36.112,3.48537,-0.280627,35.8607,-3.75114,5.68092,50.4972,-3.4659,-5.90409,50.4524
3.26405,0.535504,36.1155,3.49155,-0.274574,35.8519,-3.74947,5.69349,50.5037,-3.46458,-5.89664,50.4436
3.26801,0.539907,36.1191,3.49754,-0.268964,35.8441,-3.74802,5.70531,50.5105,-3.46346,-5.88994,50.4368
3.27167,0.544226,36.1224,3.50318,-0.263536,35.837,-3.74714,5.71646,50.5167,-3.46273,-5.88384,50.4305
3.27527,0.548361,36.1255,3.50862,-0.258517,35.8303,-3.74633,5.72707,50.5229,-3.46217,-5.8783,50.4255
3.27861,0.552406,36.1284,3.51374,-0.253699,35.8243,-3.74595,5.73714,50.5287,-3.462,-5.87323,50.4213
3.28169,0.556412,36.131,3.51855,-0.249019,35.8186,-3.74598,5.74676,50.5337,-3.46218,-5.86857,50.4172
3.28463,0.560286,36.1335,3.52312,-0.244624,35.8136,-3.74621,5.75592,50.5392,-3.46263,-5.8643,50.4148
3.28734,0.564204,36.1355,3.5274,-0.240276,35.8087,-3.74682,5.76476,50.5436,-3.46341,-5.8603,50.4122
3.28982,0.568114,36.1373,3.53143,-0.235974,35.8043,-3.74783,5.77321,50.5477,-3.46456,-5.85657,50.4104
3.29215,0.571859,36.1392,3.53523,-0.232025,35.8006,-3.74904,5.78133,50.5528,-3.46597,-5.85335,50.4106
3.29436,0.576003,36.14,3.53893,-0.227537,35.7961,-3.75056,5.78927,50.5553,-3.46763,-5.84972,50.4088
3.29653,0.579993,36.1407,3.5425,-0.223342,35.7922,-3.7522,5.79692,50.5591,-3.4695,-5.84652,50.4095
3.29853,0.584201,36.1409,3.546,-0.218812,35.7882,-3.75433,5.80438,50.562,-3.47168,-5.84337,50.4099
3.30063,0.588432,36.1404,3.54949,-0.214336,35.784,-3.75644,5.8118,50.5654,-3.474,-5.84043,50.4117
3.30291,0.593221,36.1388,3.55312,-0.208992,35.7792,-3.75874,5.81933,50.5678,-3.47646,-5.83678,50.4134
3.3055,0.598532,36.1361,3.55683,-0.202961,35.774,-3.76109,5.82746,50.5705,-3.47911,-5.83275,50.4162
3.30877,0.605247,36.1317,3.56059,-0.195134,35.768,-3.76334,5.83733,50.5729,-3.482,-5.82714,50.4195
3.31342,0.614986,36.1248,3.56402,-0.183695,35.7621,-3.76499,5.85164,50.5763,-3.48536,-5.81771,50.4247
3.32095,0.632037,36.1132,3.56609,-0.163766,35.7566,-3.76536,5.87699,50.5801,-3.48996,-5.799,50.4308
3.33508,0.666022,36.0918,3.56361,-0.124658,35.7553,-3.76252,5.92901,50.5847,-3.49761,-5.75806,50.4382
3.36195,0.741877,36.056,3.54676,-0.0424068,35.7743,-3.75161,6.04567,50.5917,-3.51244,-5.66375,50.4498
3.70583,2.82222,34.9848,3.18615,1.98336,36.9584,-3.64637,8.54577,49.6342,-3.63444,-3.29386,51.5921
4.45358,7.86254,32.5194,2.28589,6.08301,40.1626,-3.53541,14.5619,47.4644,-3.82783,1.37917,54.8789
6.82582,-1.06353,31.5501,6.33063,-1.45728,27.3476,-2.43674,4.23207,50.1317,-3.14754,-8.55604,44.6893
2.05691,-1.20011,42.8108,0.360964,-4.1206,43.5507,-2.70259,2.35063,49.857,-5.10281,-10.7247,54.5724
3.16584,-2.03036,38.6923,3.44187,-3.27773,35.2306,-3.20654,1.91146,50.7014,-3.62425,-9.7747,48.7863
3.14078,-2.33843,38.3704,3.82124,-3.321,34.3202,-3.42167,1.64494,50.8422,-3.46156,-9.72277,48.2767
2.95202,-2.26956,38.3028,3.79178,-3.26487,34.3334,-3.60617,1.73471,50.8805,-3.42563,-9.55938,48.2637
2.87459,-2.10253,38.0844,3.73784,-3.06123,34.4503,-3.72053,1.9959,50.8118,-3.40345,-9.22722,48.3473
2.85517,-1.86757,37.7881,3.65727,-2.77762,34.6489,-3.79856,2.36153,50.7297,-3.41247,-8.80567,48.5858
2.83981,-1.68641,37.5471,3.61598,-2.58642,34.8186,-3.8582,2.62696,50.6211,-3.40263,-8.56118,48.8207
2.85337,-1.28721,37.1765,3.53341,-2.17467,35.0842,-3.89106,3.17251,50.5111,-3.44414,-8.06474,49.2095
2.89435,-0.969889,36.8892,3.46382,-1.84863,35.3332,-3.90102,3.61802,50.452,-3.4741,-7.67641,49.5774
2.93659,-0.674057,36.6552,3.40612,-1.55282,35.5779,-3.90254,4.02633,50.4401,-3.50126,-7.33657,49.9558
2.9902,-0.426239,36.4909,3.36474,-1.30744,35.777,-3.8913,4.36937,50.4481,-3.5184,-7.06625,50.2603
3.06877,-0.140116,36.29,3.36762,-1.0161,35.9288,-3.85309,4.74453,50.4647,-3.50794,-6.74843,50.5314
3.13233,0.058129,36.1659,3.38202,-0.806671,35.9978,-3.82089,5.00563,50.4759,-3.49507,-6.51402,50.6589
3.18224,0.22593,36.0784,3.39909,-0.626137,36.0188,-3.79301,5.22281,50.4747,-3.48555,-6.31449,50.7217
3.20755,0.330026,36.0501,3.41301,-0.514731,36.0171,-3.77913,5.3587,50.4872,-3.48067,-6.19221,50.7359
3.22165,0.427964,36.0718,3.42761,-0.412123,36.0055,-3.77031,5.47556,50.4969,-3.47453,-6.08087,50.6966
3.22725,0.464996,36.0844,3.4351,-0.370371,35.9863,-3.76741,5.52601,50.4899,-3.47322,-6.02914,50.6433
3.2318,0.483049,36.089,3.44113,-0.347291,35.9647,-3.76526,5.55707,50.479,-3.47338,-5.99795,50.5979
3.237,0.493825,36.0907,3.44784,-0.332157,35.9436,-3.76221,5.58098,50.4735,-3.47263,-5.9765,50.5634
3.24046,0.501623,36.0924,3.45334,-0.320562,35.9248,-3.76092,5.60158,50.4711,-3.47305,-5.96014,50.5344
3.24435,0.50814,36.0957,3.45948,-0.310872,35.9095,-3.75907,5.61997,50.4753,-3.47235,-5.94642,50.5142
3.24844,0.514111,36.0986,3.4659,-0.302283,35.8951,-3.75695,5.6369,50.4792,-3.47108,-5.93449,50.4953
3.25261,0.51965,36.1017,3.47245,-0.294521,35.8822,-3.7548,5.65249,50.484,-3.46955,-5.92396,50.4795
3.25682,0.524905,36.1053,3.47899,-0.28734,35.8711,-3.75273,5.66698,50.49,-3.46791,-5.91452,50.4667
3.26092,0.529876,36.109,3.48536,-0.280732,35.8611,-3.75085,5.68057,50.4966,-3.46643,-5.90604,50.456
3.26497,0.534626,36.1127,3.4916,-0.274556,35.8521,-3.74919,5.69328,50.5032,-3.46505,-5.89841,50.447
3.26891,0.539132,36.1164,3.49765,-0.268832,35.8441,-3.74774,5.70521,50.5101,-3.46386,-5.89154,50.44
3.27254,0.543544,36.1199,3.50334,-0.263302,35.8369,-3.74686,5.71648,50.5164,-3.46307,-5.88529,50.4334
3.27612,0.547765,36.1231,3.50884,-0.258188,35.8301,-3.74604,5.72719,50.5227,-3.46245,-5.8796,50.4282
3.27944,0.551887,36.1261,3.51401,-0.253284,35.824,-3.74566,5.73735,50.5286,-3.46222,-5.87442,50.4238
3.2825,0.555965,36.1288,3.51887,-0.248524,35.8181,-3.7457,5.74704,50.5337,-3.46234,-5.86963,50.4195
3.28542,0.559904,36.1314,3.52348,-0.244057,35.8131,-3.74592,5.75627,50.5393,-3.46273,-5.86526,50.417
3.28811,0.563885,36.1335,3.5278,-0.239641,35.8081,-3.74652,5.76517,50.5437,-3.46346,-5.86117,50.4143
3.29056,0.567854,36.1354,3.53188,-0.235274,35.8036,-3.74753,5.77367,50.5479,-3.46455,-5.85736,50.4123
3.29287,0.571656,36.1374,3.53572,-0.231265,35.7998,-3.74874,5.78183,50.5531,-3.46591,-5.85406,50.4123
3.29506,0.575857,36.1383,3.53947,-0.226717,35.7952,-3.75026,5.78981,50.5556,-3.46751,-5.85036,50.4104
3.2972,0.579905,36.1391,3.54307,-0.222465,35.7912,-3.75189,5.7975,50.5595,-3.46933,-5.8471,50.4109
3.29916,0.584174,36.1394,3.54661,-0.217879,35.7872,-3.75402,5.80498,50.5624,-3.47145,-5.8439,50.4112
3.30122,0.58847,36.1391,3.55012,-0.213344,35.7829,-3.75615,5.81243,50.5659,-3.47371,-5.8409,50.4129
3.30344,0.59333,36.1376,3.55378,-0.207941,35.7781,-3.75845,5.81997,50.5682,-3.47612,-5.83721,50.4144
3.30597,0.598723,36.1351,3.55751,-0.201849,35.7729,-3.76081,5.82811,50.5709,-3.47871,-5.83314,50.4171
3.30915,0.605533,36.1309,3.56128,-0.193957,35.767,-3.76309,5.838,50.5733,-3.48155,-5.82749,50.4202
3.31369,0.615384,36.1243,3.56471,-0.182451,35.7611,-3.76477,5.85231,50.5767,-3.48487,-5.81803,50.4253
3.32108,0.632573,36.1131,3.56676,-0.16246,35.7556,-3.76518,5.87766,50.5804,-3.48942,-5.79929,50.4311
3.33501,0.666725,36.0922,3.56423,-0.123315,35.7544,-3.76242,5.92966,50.585,-3.49704,-5.75832,50.4382
3.36161,0.742768,36.0571,3.54728,-0.0411245,35.7735,-3.75161,6.04621,50.5921,-3.51186,-5.66399,50.4493
3.70439,2.82283,34.9894,3.18649,1.98248,36.9566,-3.64677,8.54405,49.6361,-3.63395,-3.29506,51.5887
4.44976,7.86077,32.531,2.2866,6.07644,40.1579,-3.53678,14.5538,47.4697,-3.82722,1.37443,54.8697
6.80415,-1.06962,31.6315,6.35165,-1.46748,27.2865,-2.44046,4.19924,50.1567,-3.13046,-8.58413,44.6018
2.02265,-1.2087,42.9215,0.384465,-4.15569,43.4792,-2.70928,2.30039,49.8917,-5.08932,-10.7548,54.4649
3.13323,-2.05319,38.8028,3.46346,-3.32006,35.1552,-3.21438,1.85135,50.7486,-3.60996,-9.81575,48.6705
3.10573,-2.36536,38.4864,3.84472,-3.36545,34.2376,-3.43057,1.58181,50.8953,-3.44716,-9.7622,48.1531
2.91711,-2.29664,38.4169,3.81439,-3.30738,34.2517,-3.61555,1.67502,50.9359,-3.4119,-9.59179,48.1381
2.84107,-2.12655,38.1932,3.7587,-3.09845,34.3726,-3.72992,1.94421,50.8671,-3.39044,-9.2498,48.2231
2.82389,-1.88605,37.8891,3.67612,-2.80714,34.577,-3.80758,2.32089,50.7828,-3.40015,-8.81688,48.466
2.80973,-1.70236,37.6452,3.63312,-2.61306,34.7494,-3.86701,2.5927,50.6758,-3.391,-8.5667,48.7018
2.82605,-1.29644,37.2651,3.54879,-2.19287,35.022,-3.8993,3.15008,50.5615,-3.43292,-8.06,49.098
2.86988,-0.972906,36.9689,3.47727,-1.85943,35.2778,-3.90856,3.60608,50.4985,-3.46346,-7.66306,49.4736
2.91483,-0.671571,36.7264,3.41788,-1.55715,35.5288,-3.90939,4.02335,50.4826,-3.49114,-7.31623,49.8597
2.97087,-0.419488,36.5547,3.37507,-1.30678,35.7333,-3.89752,4.37316,50.487,-3.50875,-7.04094,50.1715
3.05206,-0.128765,36.3452,3.3766,-1.00981,35.8914,-3.85867,4.75514,50.4985,-3.49867,-6.71819,50.4514
3.11786,0.0725926,36.214,3.3898,-0.796525,35.9655,-3.82587,5.02069,50.5055,-3.48626,-6.48087,50.5867
3.16974,0.242599,36.12,3.40585,-0.61313,35.9911,-3.79747,5.2409,50.5004,-3.47716,-6.27969,50.6568
3.1966,0.347599,36.0867,3.41894,-0.500399,35.993,-3.78316,5.37791,50.5096,-3.47273,-6.15738,50.6773
3.21195,0.445598,36.1042,3.43282,-0.397448,35.9846,-3.774,5.49476,50.5166,-3.46701,-6.04706,50.6436
3.21845,0.481852,36.1137,3.43971,-0.356405,35.9679,-3.77084,5.54397,50.5073,-3.46613,-5.99734,50.5948
3.22367,0.498722,36.1157,3.44523,-0.33455,35.9485,-3.7685,5.57326,50.4946,-3.4667,-5.96863,50.5534
3.2294,0.508151,36.1153,3.45145,-0.320863,35.9293,-3.7653,5.59517,50.4874,-3.46636,-5.94981,50.5226
3.2333,0.51457,36.1152,3.45648,-0.310776,35.9123,-3.76389,5.61379,50.4834,-3.46718,-5.93602,50.497
3.23758,0.519751,36.1169,3.46216,-0.302565,35.8987,-3.76193,5.63028,50.4862,-3.46688,-5.92476,50.4798
3.242,0.524462,36.1183,3.46813,-0.295386,35.8859,-3.75971,5.64546,50.4888,-3.46603,-5.91512,50.4638
3.24648,0.528829,36.12,3.47423,-0.288946,35.8747,-3.75746,5.65944,50.4923,-3.4649,-5.9067,50.4507
3.25097,0.533002,36.1224,3.48034,-0.282997,35.865,-3.7553,5.67246,50.4971,-3.46366,-5.89921,50.4403
3.25533,0.536978,36.125,3.48628,-0.27753,35.8564,-3.75334,5.68471,50.5026,-3.46258,-5.89251,50.4319
3.25961,0.540815,36.1276,3.49211,-0.27241,35.8488,-3.7516,5.69621,50.5082,-3.46159,-5.88652,50.4251
3.26377,0.544483,36.1303,3.49775,-0.267664,35.8421,-3.75008,5.70705,50.5142,-3.46079,-5.88116,50.4201
3.26761,0.548125,36.1329,3.50306,-0.263038,35.836,-3.74913,5.71732,50.5195,-3.46038,-5.87631,50.4154
3.27138,0.551636,36.1352,3.50819,-0.258763,35.8304,-3.74826,5.72711,50.525,-3.46014,-5.87192,50.4121
3.27488,0.555103,36.1374,3.51301,-0.254638,35.8254,-3.74783,5.73643,50.5302,-3.46028,-5.86793,50.4093
3.27811,0.558574,36.1393,3.51752,-0.250606,35.8206,-3.74782,5.74537,50.5345,-3.46077,-5.86427,50.4067
3.2812,0.561948,36.1412,3.52181,-0.246819,35.8165,-3.74801,5.75389,50.5394,-3.46151,-5.86095,50.4058
3.28404,0.565397,36.1426,3.52582,-0.243044,35.8124,-3.74858,5.76213,50.5433,-3.46259,-5.85785,50.4045
3.28665,0.568864,36.1438,3.52961,-0.239283,35.8088,-3.74956,5.77001,50.5469,-3.46402,-5.85499,50.404
3.28911,0.572186,36.1451,3.53317,-0.23585,35.8058,-3.75074,5.77759,50.5516,-3.46572,-5.8526,50.4055
3.29146,0.575924,36.1453,3.53666,-0.231853,35.802,-3.75225,5.78501,50.5536,-3.46765,-5.84977,50.405
3.29377,0.579521,36.1454,3.54002,-0.22813,35.7987,-3.75386,5.79216,50.5571,-3.46979,-5.84736,50.4069
3.29592,0.583345,36.145,3.54335,-0.224052,35.7953,-3.75597,5.79913,50.5596,-3.47222,-5.84499,50.4086
3.2982,0.587201,36.1439,3.54669,-0.220003,35.7916,-3.75807,5.80607,50.5627,-3.47478,-5.84281,50.4117
3.30068,0.591635,36.1416,3.5502,-0.215048,35.7872,-3.76034,5.81315,50.5648,-3.47748,-5.8399,50.4147
3.30353,0.596633,36.138,3.55383,-0.209335,35.7824,-3.76264,5.8209,50.5673,-3.48035,-5.83657,50.4189
3.30714,0.603146,36.1326,3.55753,-0.20167,35.7769,-3.76481,5.83056,50.5695,-3.48344,-5.83151,50.4237
3.3123,0.612955,36.1243,3.5609,-0.190049,35.7714,-3.76633,5.84506,50.5727,-3.48703,-5.8223,50.4308
3.32062,0.630731,36.1107,3.56284,-0.16915,35.7665,-3.76644,5.87155,50.5759,-3.49188,-5.80302,50.4391
3.33615,0.666976,36.0857,3.55999,-0.127277,35.7667,-3.7631,5.92695,50.5794,-3.4999,-5.75963,50.4499
3.36573,0.748657,36.043,3.54213,-0.0381131,35.7893,-3.75115,6.05213,50.5835,-3.51543,-5.65852,50.4674
3.71973,2.86058,34.9336,3.17626,2.02487,37.0032,-3.64289,8.59646,49.5966,-3.63892,-3.25174,51.6467
4.48523,7.95622,32.3996,2.26328,6.18891,40.2706,-3.52635,14.6911,47.3718,-3.83502,1.48819,55.0037
6.81648,-1.06082,31.5821,6.34029,-1.45314,27.3237,-2.43857,4.22152,50.1347,-3.13929,-8.55879,44.6525
2.04328,-1.19541,42.8516,0.369307,-4.12589,43.5281,-2.70515,2.33534,49.8598,-5.09725,-10.7262,54.5318
3.15367,-2.02998,38.7299,3.44868,-3.28517,35.2092,-3.20917,1.89376,50.7062,-3.61881,-9.78054,48.746
3.12831,-2.33906,38.408,3.82792,-3.32952,34.2985,-3.42428,1.62635,50.8472,-3.45663,-9.72889,48.2362
2.94014,-2.27062,38.3383,3.79755,-3.27357,34.3136,-3.60855,1.71671,50.8847,-3.42141,-9.56448,48.2246
2.86365,-2.10349,38.1169,3.74264,-3.06925,34.4328,-3.72254,1.97952,50.815,-3.39986,-9.23068,48.3103
2.84539,-1.86796,37.817,3.66119,-2.78427,34.6339,-3.80013,2.34752,50.7316,-3.4094,-8.80712,48.5516
2.83069,-1.68714,37.5743,3.61916,-2.59326,34.8051,-3.85949,2.6137,50.6229,-3.40002,-8.56219,48.7879
2.8455,-1.28697,37.1999,3.53591,-2.17967,35.0731,-3.89189,3.16216,50.5115,-3.44187,-8.06373,49.1799
2.88762,-0.968843,36.9094,3.4657,-1.85218,35.3243,-3.90145,3.61008,50.4514,-3.47214,-7.67385,49.5507
2.93087,-0.672288,36.6725,3.4075,-1.5551,35.5707,-3.90263,4.02052,50.4386,-3.49955,-7.33275,49.9318
2.98535,-0.42393,36.5058,3.36572,-1.30876,35.7712,-3.89112,4.36522,50.446,-3.51689,-7.06153,50.2387
3.06482,-0.137026,36.3022,3.36827,-1.01608,35.9246,-3.85266,4.74231,50.4618,-3.50655,-6.74267,50.5125
3.12908,0.061689,36.1761,3.38243,-0.805807,35.9948,-3.82027,5.0047,50.4726,-3.49381,-6.50767,50.6423
3.17959,0.229839,36.0868,3.39929,-0.624604,36.0167,-3.79226,5.22291,50.471,-3.48438,-6.30774,50.707
3.20533,0.334036,36.0572,3.41306,-0.512907,36.0156,-3.7783,5.35935,50.4834,-3.4796,-6.18541,50.7228
3.21978,0.431934,36.078,3.42752,-0.41021,36.0046,-3.76945,5.47653,50.4931,-3.47354,-6.07419,50.6848
3.22559,0.468776,36.0899,3.43489,-0.368625,35.9859,-3.76655,5.52697,50.4861,-3.47233,-6.02279,50.6325
3.23028,0.486589,36.094,3.44082,-0.345807,35.9647,-3.76443,5.55791,50.4753,-3.47257,-5.99202,50.588
3.23557,0.497116,36.0953,3.44742,-0.330967,35.944,-3.76143,5.58163,50.4699,-3.47191,-5.97102,50.5543
3.2391,0.504672,36.0967,3.4528,-0.319668,35.9254,-3.76019,5.60203,50.4676,-3.47241,-5.95509,50.5261
3.24304,0.510964,36.0998,3.45884,-0.310261,35.9105,-3.7584,5.62022,50.4719,-3.47179,-5.9418,50.5065
3.24715,0.516729,36.1025,3.46516,-0.30194,35.8964,-3.75635,5.63697,50.4759,-3.47061,-5.93028,50.4883
3.25135,0.52208,36.1054,3.4716,-0.294426,35.8839,-3.75426,5.65238,50.4807,-3.46915,-5.92013,50.473
3.25557,0.527163,36.1088,3.47805,-0.287476,35.8731,-3.75226,5.6667,50.4868,-3.46759,-5.91106,50.4608
3.25968,0.531979,36.1124,3.48432,-0.281082,35.8633,-3.75045,5.68013,50.4934,-3.46619,-5.90292,50.4506
3.26373,0.536587,36.116,3.49048,-0.275105,35.8546,-3.74886,5.69269,50.5,-3.46489,-5.89562,50.4421
3.26766,0.540961,36.1195,3.49643,-0.269568,35.8469,-3.74748,5.70449,50.507,-3.46377,-5.88906,50.4355
3.27129,0.545252,36.1229,3.50204,-0.264213,35.84,-3.74667,5.71562,50.5133,-3.46306,-5.88311,50.4294
3.27486,0.549358,36.126,3.50745,-0.259265,35.8335,-3.74592,5.7262,50.5197,-3.46251,-5.87771,50.4247
3.27817,0.553373,36.1289,3.51255,-0.254519,35.8276,-3.74562,5.73624,50.5256,-3.46236,-5.8728,50.4206
3.28123,0.557348,36.1315,3.51734,-0.249911,35.822,-3.74572,5.74583,50.5307,-3.46256,-5.86828,50.4168
3.28415,0.561187,36.134,3.52187,-0.24559,35.8171,-3.74601,5.75494,50.5363,-3.46302,-5.86417,50.4147
3.28683,0.565069,36.136,3.52613,-0.241317,35.8123,-3.74669,5.76373,50.5408,-3.46383,-5.86034,50.4123
3.28928,0.56894,36.1378,3.53014,-0.237091,35.808,-3.74776,5.77212,50.545,-3.46499,-5.85678,50.4107
3.29159,0.572643,36.1397,3.53393,-0.23322,35.8044,-3.74904,5.78017,50.5502,-3.46642,-5.85374,50.4112
3.29379,0.576741,36.1404,3.53761,-0.228811,35.8,-3.75063,5.78804,50.5528,-3.4681,-5.85029,50.4097
3.29595,0.580683,36.1411,3.54117,-0.224697,35.7962,-3.75232,5.79561,50.5568,-3.46998,-5.84728,50.4106
3.29794,0.584839,36.1412,3.54467,-0.220247,35.7922,-3.75451,5.80298,50.5597,-3.47218,-5.84433,50.4113
3.30005,0.589018,36.1407,3.54816,-0.215848,35.7881,-3.75669,5.81031,50.5633,-3.47451,-5.84159,50.4135
3.30234,0.593757,36.139,3.5518,-0.210571,35.7833,-3.75904,5.81775,50.5657,-3.47698,-5.83815,50.4155
3.30497,0.599033,36.1362,3.55554,-0.204583,35.7782,-3.76143,5.82581,50.5685,-3.47964,-5.83432,50.4187
3.3083,0.605754,36.1315,3.55933,-0.196742,35.7723,-3.76372,5.83568,50.5711,-3.48253,-5.82886,50.4224
3.31309,0.615599,36.1243,3.5628,-0.185162,35.7663,-3.76537,5.85014,50.5747,-3.48591,-5.81946,50.4281
3.32085,0.632994,36.1122,3.56487,-0.164804,35.7609,-3.76569,5.87601,50.5786,-3.49053,-5.80049,50.4348
3.33545,0.667864,36.0899,3.5623,-0.124624,35.7599,-3.76271,5.9294,50.5832,-3.49826,-5.75862,50.4431
3.36328,0.745818,36.0521,3.54513,-0.0398568,35.7797,-3.75143,6.04934,50.59,-3.5133,-5.66183,50.4561
3.71038,2.83439,34.9714,3.18334,1.99634,36.9698,-3.64494,8.56277,49.6274,-3.63562,-3.28206,51.6068
4.46229,7.88348,32.4915,2.28107,6.10804,40.1865,-3.53247,14.5957,47.4485,-3.82882,1.4032,54.9081
6.82153,-1.0607,31.5639,6.33524,-1.45284,27.3374,-2.43765,4.22831,50.1307,-3.14349,-8.55453,44.6727
2.05099,-1.19548,42.8275,0.36427,-4.12014,43.5427,-2.70367,2.34549,49.8547,-5.10033,-10.722,54.5554
3.16081,-2.0272,38.7066,3.44427,-3.27799,35.224,-3.20752,1.90574,50.6991,-3.62196,-9.77392,48.7706
3.13582,-2.33552,38.3841,3.82331,-3.32182,34.3143,-3.42251,1.63891,50.8393,-3.45967,-9.72243,48.2619
2.94749,-2.26697,38.3151,3.79327,-3.26608,34.3288,-3.60678,1.72866,50.8767,-3.42419,-9.55917,48.2501
2.87058,-2.10026,38.0951,3.73883,-3.0626,34.4469,-3.72086,1.99006,50.8073,-3.40239,-9.22703,48.3351
2.85174,-1.86557,37.7971,3.65785,-2.77894,34.6466,-3.79861,2.35607,50.7245,-3.41171,-8.8054,48.5751
2.83673,-1.68498,37.5552,3.61622,-2.58824,34.8171,-3.85807,2.62127,50.6156,-3.40213,-8.56128,48.811
2.85088,-1.2859,37.183,3.53336,-2.17617,35.0836,-3.89065,3.16751,50.5051,-3.44384,-8.06461,49.2012
2.89235,-0.968751,36.8944,3.46355,-1.84997,35.3334,-3.9004,3.61352,50.4457,-3.47396,-7.67619,49.5704
2.93501,-0.673063,36.6593,3.40569,-1.55401,35.5786,-3.90175,4.02231,50.4337,-3.50125,-7.33628,49.9498
2.98897,-0.425369,36.4941,3.36419,-1.30854,35.7781,-3.89039,4.36576,50.4417,-3.51847,-7.0659,50.2552
3.06788,-0.139233,36.2923,3.36699,-1.01689,35.9303,-3.85207,4.74152,50.4583,-3.50806,-6.7479,50.5272
3.13169,0.05898,36.1676,3.38135,-0.807308,35.9995,-3.81981,5.00304,50.4697,-3.49522,-6.51341,50.6554
3.1818,0.226771,36.0795,3.3984,-0.626626,36.0207,-3.79189,5.22061,50.4687,-3.48572,-6.31379,50.7188
3.20725,0.330834,36.0509,3.41231,-0.515162,36.019,-3.77801,5.35678,50.4815,-3.48086,-6.19146,50.7334
3.22145,0.428738,36.0724,3.4269,-0.412526,36.0074,-3.76921,5.47389,50.4916,-3.47473,-6.08008,50.6944
3.2271,0.465727,36.0849,3.43437,-0.370807,35.9883,-3.76634,5.52449,50.4849,-3.47343,-6.02835,50.6413
3.23167,0.483751,36.0894,3.44039,-0.347768,35.9667,-3.76424,5.55568,50.4743,-3.4736,-5.99716,50.596
3.23687,0.49451,36.0911,3.44707,-0.332671,35.9457,-3.76124,5.5797,50.4691,-3.47287,-5.97572,50.5616
3.24033,0.502299,36.0928,3.45255,-0.321109,35.9268,-3.76,5.60041,50.4669,-3.4733,-5.95936,50.5328
3.24421,0.508815,36.0962,3.45867,-0.311446,35.9116,-3.75821,5.61888,50.4714,-3.47261,-5.94565,50.5127
3.24828,0.514788,36.099,3.46507,-0.302882,35.8972,-3.75616,5.63589,50.4755,-3.47136,-5.93375,50.494
3.25243,0.520332,36.1022,3.47159,-0.29514,35.8844,-3.75406,5.65155,50.4805,-3.46983,-5.92324,50.4783
3.25661,0.525594,36.1058,3.47812,-0.287979,35.8733,-3.75206,5.6661,50.4867,-3.4682,-5.91383,50.4655
3.26069,0.530572,36.1096,3.48447,-0.281389,35.8633,-3.75024,5.67973,50.4934,-3.46673,-5.90539,50.455
3.2647,0.535329,36.1133,3.4907,-0.275231,35.8544,-3.74864,5.69248,50.5002,-3.46536,-5.89779,50.4461
3.26862,0.539841,36.117,3.49672,-0.269525,35.8465,-3.74725,5.70445,50.5073,-3.46418,-5.89097,50.4391
3.27221,0.544257,36.1205,3.5024,-0.264014,35.8393,-3.74643,5.71574,50.5137,-3.46339,-5.88477,50.4326
3.27577,0.548481,36.1238,3.50788,-0.25892,35.8326,-3.74568,5.72647,50.5202,-3.46279,-5.87914,50.4276
3.27906,0.552603,36.1268,3.51304,-0.254037,35.8265,-3.74536,5.73664,50.5262,-3.46256,-5.87401,50.4232
3.28209,0.556679,36.1295,3.51789,-0.249301,35.8207,-3.74545,5.74634,50.5314,-3.4627,-5.86929,50.4191
3.28499,0.560614,36.1321,3.52249,-0.244859,35.8157,-3.74573,5.75557,50.537,-3.4631,-5.86498,50.4167
3.28766,0.564586,36.1342,3.5268,-0.24047,35.8107,-3.74639,5.76447,50.5416,-3.46384,-5.86096,50.414
3.29009,0.568545,36.1362,3.53086,-0.236134,35.8063,-3.74745,5.77297,50.5459,-3.46494,-5.85722,50.4122
3.29238,0.572332,36.1382,3.5347,-0.232157,35.8025,-3.74871,5.78112,50.5512,-3.46632,-5.854,50.4123
3.29456,0.576513,36.139,3.53843,-0.227644,35.7979,-3.75029,5.78908,50.5538,-3.46793,-5.85038,50.4105
3.29669,0.580538,36.1398,3.54202,-0.22343,35.794,-3.75197,5.79675,50.5578,-3.46976,-5.8472,50.4112
3.29865,0.584777,36.1401,3.54556,-0.218883,35.79,-3.75415,5.80421,50.5607,-3.4719,-5.84409,50.4116
3.30072,0.58904,36.1397,3.54908,-0.214389,35.7857,-3.75631,5.81164,50.5643,-3.47418,-5.84118,50.4135
3.30296,0.593863,36.1382,3.55274,-0.209024,35.7809,-3.75866,5.81916,50.5667,-3.4766,-5.83758,50.4152
3.30552,0.599217,36.1356,3.55649,-0.202963,35.7756,-3.76105,5.82729,50.5696,-3.4792,-5.8336,50.4181
3.30876,0.605998,36.1312,3.56029,-0.195081,35.7697,-3.76334,5.83719,50.5721,-3.48205,-5.82801,50.4214
3.31341,0.61585,36.1243,3.56375,-0.183534,35.7637,-3.76503,5.85159,50.5757,-3.48538,-5.81857,50.4267
3.32097,0.63312,36.1127,3.56583,-0.163381,35.7582,-3.76541,5.87718,50.5796,-3.48995,-5.79972,50.4329
3.3352,0.66755,36.0913,3.56331,-0.1238,35.757,-3.76255,5.92981,50.5844,-3.4976,-5.75838,50.4405
3.36235,0.744325,36.0551,3.54631,-0.0405466,35.7762,-3.75153,6.04782,50.5916,-3.51249,-5.66305,50.4522
3.70696,2.82675,34.983,3.18541,1.98754,36.9606,-3.64589,8.5515,49.6346,-3.63459,-3.29076,51.595
4.45469,7.86577,32.5179,2.28538,6.08595,40.1652,-3.53487,14.5679,47.4661,-3.82744,1.38166,54.8816
6.83188,-1.13269,31.5697,6.31378,-1.57122,27.3307,-2.43399,4.20254,50.244,-3.16713,-8.65714,44.6935
2.05262,-1.3084,42.869,0.37396,-4.24335,43.4645,-2.70525,2.29075,50.0184,-5.10631,-10.8578,54.5245
3.15106,-2.15702,38.7901,3.46434,-3.41135,35.1094,-3.21418,1.82804,50.8965,-3.62215,-9.91356,48.6935
3.11728,-2.47387,38.4948,3.85551,-3.45176,34.1673,-3.43448,1.55511,51.0625,-3.45214,-9.8527,48.1472
2.92218,-2.40108,38.4436,3.83327,-3.38275,34.162,-3.62379,1.6532,51.1174,-3.41041,-9.66818,48.1082
2.84045,-2.22009,38.2345,3.7828,-3.15999,34.2704,-3.74218,1.93357,51.0581,-3.38384,-9.30744,48.1738
2.81869,-1.96395,37.9407,3.70314,-2.85301,34.4684,-3.8234,2.32525,50.9781,-3.3897,-8.85326,48.4023
2.80123,-1.76676,37.7065,3.66214,-2.64572,34.6344,-3.88509,2.61197,50.8772,-3.37764,-8.58681,48.6249
2.81372,-1.3448,37.3327,3.57912,-2.21274,34.9061,-3.92049,3.1818,50.7609,-3.41687,-8.06278,49.0128
2.8554,-1.00537,37.0394,3.50741,-1.86641,35.1645,-3.93164,3.6507,50.6933,-3.44589,-7.64962,49.3842
2.89907,-0.69,36.7974,3.44731,-1.5529,35.4196,-3.93378,4.07836,50.6704,-3.47258,-7.28947,49.769
2.95445,-0.426728,36.6248,3.40358,-1.29356,35.6289,-3.92266,4.43541,50.6667,-3.48962,-7.0045,50.0814
3.03539,-0.126026,36.4124,3.4037,-0.989246,35.7939,-3.88433,4.82205,50.6672,-3.47941,-6.67365,50.3648
3.10166,0.0828749,36.2772,3.41529,-0.770056,35.875,-3.85139,5.09031,50.663,-3.46729,-6.43102,50.5048
3.15423,0.258242,36.1785,3.42979,-0.582583,35.9075,-3.82261,5.31075,50.6462,-3.45866,-6.22714,50.5807
3.18197,0.366247,36.1403,3.44153,-0.467501,35.9155,-3.80762,5.44595,50.6444,-3.45478,-6.10482,50.6073
3.19818,0.465494,36.1531,3.45429,-0.363776,35.9126,-3.79768,5.55928,50.6408,-3.44965,-5.99648,50.5798
3.2056,0.501321,36.1582,3.46032,-0.323186,35.9003,-3.79357,5.60386,50.6221,-3.44934,-5.95039,50.5368
3.21168,0.516668,36.1563,3.46517,-0.302761,35.8846,-3.79024,5.62777,50.6008,-3.45045,-5.92626,50.5008
3.21825,0.523978,36.1523,3.47083,-0.291056,35.8687,-3.78602,5.64415,50.5857,-3.45065,-5.91231,50.4748
3.223,0.528022,36.1487,3.47534,-0.28319,35.8546,-3.78355,5.65737,50.5746,-3.45202,-5.9033,50.4537
3.22814,0.530762,36.1471,3.48051,-0.277262,35.8437,-3.7805,5.66881,50.5708,-3.4523,-5.89651,50.4405
3.23344,0.53308,36.1454,3.48597,-0.272318,35.8334,-3.77719,5.67935,50.5672,-3.45204,-5.89095,50.4283
3.23881,0.535161,36.1441,3.49155,-0.268006,35.8244,-3.77382,5.68914,50.5652,-3.45151,-5.88619,50.4185
3.24419,0.537183,36.1437,3.49714,-0.264052,35.8169,-3.77054,5.69838,50.5648,-3.45089,-5.88195,50.4112
3.24944,0.539156,36.1436,3.50257,-0.260433,35.8103,-3.76746,5.70726,50.5655,-3.45042,-5.87812,50.4057
3.2546,0.541143,36.1437,3.5079,-0.25701,35.8045,-3.76462,5.71575,50.5666,-3.45004,-5.87465,50.4014
3.25961,0.543111,36.1441,3.51304,-0.253812,35.7995,-3.762,5.72391,50.5685,-3.44984,-5.87149,50.3987
3.26427,0.545203,36.1445,3.51788,-0.250588,35.7951,-3.75998,5.73179,50.57,-3.45001,-5.86855,50.3961
3.26884,0.547306,36.1447,3.52254,-0.247577,35.7909,-3.75805,5.73947,50.5719,-3.45032,-5.86581,50.3946
3.2731,0.549502,36.145,3.52692,-0.244582,35.7872,-3.75659,5.74693,50.5737,-3.45099,-5.86324,50.3936
3.27706,0.551833,36.1451,3.53102,-0.241552,35.7837,-3.75557,5.7542,50.5749,-3.45199,-5.8608,50.3925
3.28083,0.554191,36.1454,3.53491,-0.238649,35.7808,-3.75478,5.76125,50.5768,-3.45322,-5.8585,50.3929
3.28431,0.556744,36.1453,3.53854,-0.235644,35.7778,-3.7544,5.76819,50.5778,-3.45476,-5.85627,50.3927
3.28749,0.55943,36.1452,3.54196,-0.232548,35.7752,-3.75447,5.77492,50.5788,-3.45662,-5.85412,50.3932
3.29048,0.562079,36.1453,3.54518,-0.229682,35.7733,-3.75477,5.78147,50.5808,-3.45872,-5.85232,50.3955
3.29327,0.565256,36.1445,3.54831,-0.226159,35.7704,-3.75544,5.78797,50.5804,-3.46103,-5.84997,50.3957
3.29595,0.568397,36.1438,3.55132,-0.222826,35.7681,-3.75625,5.79429,50.5814,-3.46352,-5.84793,50.3981
3.29837,0.571871,36.1428,3.55428,-0.219061,35.7656,-3.75762,5.80051,50.5815,-3.4663,-5.84586,50.4001
3.30081,0.575484,36.1413,3.55722,-0.215259,35.763,-3.75903,5.80674,50.5822,-3.46919,-5.84391,50.4034
3.30329,0.579783,36.139,3.56029,-0.2105,35.7598,-3.7607,5.81313,50.5817,-3.4722,-5.84121,50.4064
3.30595,0.584755,36.1357,3.56341,-0.204954,35.7563,-3.76249,5.82015,50.5816,-3.47538,-5.83806,50.4104
3.30912,0.591346,36.131,3.56653,-0.197472,35.7524,-3.76428,5.82896,50.5809,-3.4788,-5.83324,50.4148
3.3135,0.601329,36.1239,3.56921,-0.186126,35.7488,-3.7656,5.84232,50.5809,-3.4827,-5.82439,50.4213
3.32057,0.619381,36.112,3.57035,-0.165728,35.7465,-3.76579,5.86707,50.5802,-3.48786,-5.80573,50.4291
3.33413,0.656076,36.0894,3.56659,-0.124788,35.7503,-3.76296,5.91954,50.5783,-3.49616,-5.76337,50.4398
3.36057,0.738797,36.0495,3.54774,-0.0372508,35.7784,-3.75229,6.03959,50.5741,-3.51184,-5.66381,50.4586
3.70794,2.88204,34.9281,3.17377,2.03751,37.0316,-3.65014,8.58803,49.5423,-3.63792,-3.23091,51.6644
4.47607,8.07959,32.3466,2.23861,6.27158,40.3804,-3.5372,14.7481,47.233,-3.84512,1.60638,55.0887
6.83096,-1.08131,31.5427,6.32211,-1.48699,27.3522,-2.43559,4.23178,50.1617,-3.15618,-8.57509,44.7019
2.06202,-1.22747,42.8065,0.359697,-4.14742,43.5401,-2.70211,2.34616,49.8964,-5.10658,-10.7521,54.5768
3.16822,-2.05939,38.6972,3.4431,-3.30575,35.2129,-3.207,1.90264,50.7455,-3.62687,-9.80189,48.7821
3.14163,-2.3686,38.38,3.82503,-3.34748,34.2965,-3.42308,1.63501,50.8901,-3.46239,-9.74827,48.2658
2.95149,-2.29848,38.316,3.79746,-3.28805,34.3056,-3.60854,1.72606,50.9307,-3.42492,-9.58112,48.2477
2.87293,-2.12835,38.1002,3.74465,-3.08027,34.4203,-3.72375,1.99031,50.863,-3.40155,-9.24387,48.3276
2.85269,-1.88897,37.8053,3.66465,-2.79193,34.6181,-3.80251,2.36013,50.7808,-3.40968,-8.81644,48.5637
2.8366,-1.70465,37.5664,3.62365,-2.5976,34.7868,-3.86264,2.62896,50.6731,-3.39919,-8.56825,48.7958
2.84948,-1.30085,37.1963,3.54123,-2.18188,35.0531,-3.89615,3.17819,50.5615,-3.44009,-8.06684,49.1836
2.89016,-0.979147,36.9089,3.47144,-1.8521,35.3035,-3.90648,3.62731,50.5005,-3.46972,-7.67407,49.5515
2.93227,-0.679485,36.6743,3.41343,-1.55308,35.5498,-3.90825,4.03854,50.4863,-3.49669,-7.33061,49.9303
2.98585,-0.428661,36.5093,3.37173,-1.30519,35.7505,-3.89715,4.3836,50.4918,-3.51371,-7.05769,50.2355
3.06452,-0.139668,36.3071,3.37418,-1.01156,35.9046,-3.85903,4.76032,50.5052,-3.50323,-6.73747,50.5081
3.12831,0.060664,36.1816,3.38814,-0.800397,35.9756,-3.82676,5.02232,50.5134,-3.49045,-6.50154,50.6373
3.17848,0.229974,36.0926,3.4048,-0.618621,35.9984,-3.79878,5.23976,50.5092,-3.48105,-6.30118,50.7019
3.20407,0.334884,36.0629,3.4184,-0.506524,35.9983,-3.78473,5.37529,50.5189,-3.47631,-6.17884,50.7179
3.21842,0.43316,36.0834,3.43273,-0.403673,35.9881,-3.77573,5.49133,50.5261,-3.4703,-6.06799,50.6803
3.22425,0.470055,36.0948,3.44001,-0.362053,35.97,-3.77261,5.54061,50.5167,-3.46913,-6.01722,50.6285
3.22901,0.487692,36.0984,3.4459,-0.339363,35.9493,-3.77024,5.57033,50.5038,-3.46942,-5.98722,50.5845
3.2344,0.497912,36.0992,3.45247,-0.324753,35.929,-3.76696,5.59285,50.4965,-3.4688,-5.96704,50.5513
3.23807,0.505098,36.1001,3.45784,-0.313735,35.9108,-3.76543,5.61213,50.4924,-3.46935,-5.95189,50.5235
3.24217,0.510997,36.1026,3.46385,-0.304631,35.8963,-3.76333,5.62927,50.4951,-3.46879,-5.93931,50.5043
3.24646,0.516367,36.1047,3.47015,-0.296613,35.8824,-3.76097,5.64507,50.4976,-3.46767,-5.92842,50.4864
3.25085,0.521334,36.1071,3.47656,-0.289391,35.8702,-3.75855,5.65964,50.5011,-3.46629,-5.91882,50.4715
3.25527,0.526053,36.11,3.48298,-0.282716,35.8596,-3.75623,5.67321,50.5059,-3.4648,-5.91021,50.4595
3.25958,0.530526,36.1131,3.48921,-0.276577,35.8501,-3.75409,5.68597,50.5113,-3.46347,-5.90247,50.4496
3.26384,0.534817,36.1162,3.49533,-0.270832,35.8416,-3.75218,5.69795,50.5168,-3.46224,-5.89549,50.4413
3.26798,0.5389,36.1193,3.50124,-0.265504,35.8341,-3.75047,5.70923,50.5229,-3.4612,-5.88919,50.4348
3.2718,0.542927,36.1223,3.50682,-0.260332,35.8273,-3.74934,5.71991,50.5282,-3.46055,-5.88345,50.4289
3.27557,0.546797,36.125,3.51219,-0.255544,35.8209,-3.74829,5.73009,50.5337,-3.46007,-5.87821,50.4242
3.27907,0.550602,36.1276,3.51726,-0.250931,35.8151,-3.74767,5.73979,50.5388,-3.45997,-5.87341,50.4202
3.2823,0.554395,36.1298,3.52201,-0.246434,35.8096,-3.74747,5.74907,50.5432,-3.46022,-5.86896,50.4164
3.28538,0.55808,36.132,3.52652,-0.242199,35.8049,-3.74747,5.75792,50.548,-3.46073,-5.86489,50.4143
3.28822,0.561835,36.1338,3.53074,-0.237987,35.8002,-3.74785,5.76649,50.5518,-3.46157,-5.86106,50.4119
3.2908,0.565608,36.1354,3.53473,-0.2338,35.796,-3.74865,5.77469,50.5554,-3.46276,-5.85747,50.4102
3.29322,0.569241,36.1372,3.53848,-0.229945,35.7925,-3.74966,5.78258,50.5599,-3.46422,-5.85437,50.4105
3.2955,0.573301,36.1378,3.54213,-0.22553,35.7882,-3.75099,5.79031,50.5619,-3.46591,-5.85085,50.4088
3.29772,0.577236,36.1385,3.54564,-0.221389,35.7845,-3.75245,5.79776,50.5652,-3.46781,-5.84774,50.4096
3.29972,0.581419,36.1386,3.54908,-0.216894,35.7807,-3.75441,5.80503,50.5674,-3.47002,-5.84468,50.41
3.3018,0.585659,36.1383,3.5525,-0.212432,35.7768,-3.75639,5.81226,50.5703,-3.47236,-5.84181,50.4118
3.30399,0.590497,36.1368,3.55604,-0.207084,35.7723,-3.75857,5.8196,50.572,-3.47484,-5.83825,50.4134
3.30643,0.595904,36.1345,3.55964,-0.20103,35.7675,-3.76083,5.82752,50.5741,-3.47751,-5.8343,50.4161
3.30947,0.602778,36.1305,3.56326,-0.193156,35.762,-3.76305,5.83718,50.5757,-3.48042,-5.82876,50.4193
3.31379,0.612769,36.1242,3.56651,-0.181639,35.7567,-3.76471,5.85125,50.5783,-3.48381,-5.81941,50.4243
3.32086,0.630238,36.1134,3.56833,-0.161567,35.752,-3.76516,5.87632,50.581,-3.48845,-5.80072,50.4302
3.33437,0.664983,36.0929,3.56553,-0.122153,35.7518,-3.76252,5.9281,50.5841,-3.49615,-5.75962,50.4376
3.36046,0.742384,36.0578,3.54822,-0.0391653,35.7727,-3.75194,6.04469,50.5888,-3.51108,-5.66458,50.4496
3.70262,2.83503,34.9835,3.18488,1.99227,36.9687,-3.64835,8.54911,49.6188,-3.63396,-3.2841,51.5995
4.44959,7.90362,32.5085,2.27852,6.1088,40.1958,-3.53893,14.5817,47.4269,-3.82997,1.41551,54.9031
6.82738,-1.06683,31.5468,6.32804,-1.46313,27.3496,-2.43657,4.23443,50.1393,-3.15006,-8.55652,44.6923
2.05917,-1.20503,42.8061,0.359484,-4.12482,43.551,-2.70227,2.35314,49.865,-5.10433,-10.7272,54.5758
3.16766,-2.03484,38.6888,3.44078,-3.28186,35.2304,-3.20627,1.91335,50.7087,-3.62567,-9.77719,48.7892
3.14255,-2.34288,38.3669,3.82049,-3.32469,34.3196,-3.4214,1.64653,50.8491,-3.4627,-9.72547,48.2795
2.95368,-2.27382,38.2996,3.79136,-3.26798,34.3324,-3.60594,1.73607,50.8868,-3.4265,-9.56212,48.2663
2.87612,-2.10645,38.0814,3.73767,-3.06379,34.449,-3.72034,1.99712,50.8176,-3.40411,-9.22984,48.3497
2.85658,-1.87101,37.7853,3.65729,-2.77961,34.6474,-3.79842,2.3627,50.7349,-3.41296,-8.808,48.5881
2.84105,-1.6897,37.5447,3.61607,-2.58826,34.8171,-3.85811,2.62794,50.626,-3.403,-8.56358,48.8229
2.85445,-1.28998,37.1743,3.53357,-2.1761,35.0828,-3.89103,3.17347,50.5155,-3.44441,-8.0668,49.2115
2.8953,-0.972211,36.8873,3.46401,-1.84974,35.3319,-3.90105,3.61897,50.456,-3.4743,-7.6782,49.5793
2.93742,-0.675986,36.6534,3.40632,-1.55367,35.5767,-3.90262,4.02727,50.4437,-3.50141,-7.33812,49.9576
2.99092,-0.427859,36.4893,3.36495,-1.30809,35.7759,-3.89143,4.37028,50.4513,-3.51851,-7.06761,50.262
3.06939,-0.141377,36.2885,3.36783,-1.01653,35.9278,-3.85327,4.74544,50.4676,-3.50802,-6.74952,50.533
3.13288,0.0571253,36.1646,3.38224,-0.806927,35.9969,-3.82109,5.00653,50.4785,-3.49513,-6.51493,50.6605
3.18273,0.225146,36.0771,3.39931,-0.626243,36.018,-3.79323,5.2237,50.4771,-3.48559,-6.31523,50.7232
3.208,0.329392,36.0488,3.41325,-0.51472,36.0162,-3.77936,5.35955,50.4894,-3.48069,-6.19286,50.7374
3.22206,0.427441,36.0707,3.42787,-0.412028,36.0046,-3.77056,5.47637,50.499,-3.47453,-6.08145,50.698
3.22763,0.464536,36.0833,3.43538,-0.370213,35.9854,-3.76766,5.52676,50.4918,-3.47321,-6.0297,50.6446
3.23216,0.482628,36.0879,3.44144,-0.347087,35.9638,-3.76551,5.55778,50.4808,-3.47334,-5.99851,50.5992
3.23733,0.493428,36.0896,3.44816,-0.331917,35.9427,-3.76245,5.58164,50.4752,-3.47259,-5.97706,50.5646
3.24079,0.501242,36.0914,3.45368,-0.320293,35.9238,-3.76115,5.6022,50.4727,-3.47299,-5.96069,50.5356
3.24467,0.50777,36.0947,3.45983,-0.310579,35.9086,-3.75928,5.62055,50.4769,-3.47227,-5.94697,50.5153
3.24876,0.513748,36.0976,3.46627,-0.30197,35.8941,-3.75715,5.63746,50.4807,-3.471,-5.93504,50.4965
3.25293,0.519291,36.1007,3.47283,-0.29419,35.8812,-3.75498,5.65302,50.4855,-3.46945,-5.9245,50.4806
3.25714,0.524548,36.1043,3.47939,-0.286994,35.8701,-3.7529,5.66749,50.4914,-3.4678,-5.91505,50.4678
3.26125,0.52952,36.108,3.48577,-0.280372,35.86,-3.751,5.68105,50.4979,-3.46631,-5.90656,50.4571
3.2653,0.53427,36.1117,3.49203,-0.274184,35.851,-3.74931,5.69375,50.5045,-3.46492,-5.89892,50.448
3.26925,0.538775,36.1154,3.49808,-0.26845,35.8431,-3.74784,5.70567,50.5114,-3.46372,-5.89204,50.4409
3.27288,0.543186,36.1189,3.50378,-0.262909,35.8358,-3.74694,5.71692,50.5176,-3.46292,-5.88578,50.4344
3.27647,0.547405,36.1221,3.50929,-0.257786,35.829,-3.74611,5.72761,50.5239,-3.4623,-5.88008,50.4292
3.2798,0.551527,36.1251,3.51447,-0.252872,35.8229,-3.74571,5.73776,50.5298,-3.46205,-5.87489,50.4247
3.28287,0.555605,36.1278,3.51934,-0.248103,35.817,-3.74571,5.74744,50.5348,-3.46217,-5.87009,50.4204
3.28579,0.559547,36.1304,3.52396,-0.243625,35.812,-3.74592,5.75666,50.5403,-3.46255,-5.86571,50.4179
3.28849,0.56353,36.1325,3.52829,-0.239198,35.8069,-3.7465,5.76554,50.5448,-3.46327,-5.86161,50.4151
3.29094,0.567506,36.1345,3.53238,-0.234819,35.8025,-3.74749,5.77403,50.5489,-3.46434,-5.85779,50.4131
3.29324,0.571316,36.1365,3.53623,-0.230796,35.7987,-3.74868,5.78218,50.5541,-3.46569,-5.85449,50.4131
3.29542,0.57553,36.1374,3.53997,-0.226234,35.7941,-3.75019,5.79015,50.5565,-3.46728,-5.85078,50.4111
3.29754,0.579595,36.1383,3.54358,-0.221966,35.7901,-3.75181,5.79782,50.5604,-3.46908,-5.84751,50.4116
3.29948,0.583885,36.1387,3.54711,-0.217361,35.7861,-3.75393,5.80529,50.5632,-3.47119,-5.84431,50.4118
3.30151,0.58821,36.1384,3.55063,-0.212806,35.7819,-3.75605,5.81272,50.5666,-3.47344,-5.84131,50.4135
3.30368,0.593107,36.1371,3.55427,-0.207379,35.7771,-3.75835,5.82024,50.5688,-3.47583,-5.83763,50.415
3.30615,0.598546,36.1347,3.55799,-0.20126,35.7719,-3.76072,5.82835,50.5714,-3.47841,-5.83357,50.4176
3.30924,0.605417,36.1307,3.56174,-0.193336,35.7661,-3.76302,5.8382,50.5737,-3.48123,-5.82793,50.4206
3.31368,0.615352,36.1242,3.56514,-0.18179,35.7603,-3.76473,5.85248,50.577,-3.48454,-5.81848,50.4256
3.32093,0.632665,36.1133,3.56714,-0.161735,35.755,-3.76519,5.87778,50.5806,-3.48909,-5.79974,50.4313
3.3347,0.667031,36.0927,3.56457,-0.122466,35.7539,-3.76249,5.92977,50.585,-3.4967,-5.75872,50.4384
3.36114,0.743495,36.0579,3.54758,-0.0399829,35.7732,-3.75176,6.04642,50.5917,-3.51152,-5.66418,50.4493
3.70352,2.82565,34.9906,3.18655,1.98447,36.9574,-3.64721,8.54475,49.6347,-3.63369,-3.2937,51.5892
4.44807,7.86653,32.5329,2.28628,6.07905,40.1604,-3.53766,14.5549,47.4666,-3.82708,1.37801,54.871
6.82474,-1.06271,31.5537,6.33148,-1.45627,27.3447,-2.43709,4.23248,50.1332,-3.14683,-8.55343,44.6838
2.05575,-1.19862,42.8141,0.361246,-4.12022,43.5493,-2.70281,2.35116,49.8571,-5.10255,-10.7221,54.568
3.16502,-2.02889,38.6944,3.4418,-3.27741,35.2302,-3.20664,1.91184,50.7005,-3.62413,-9.77287,48.7832
3.14014,-2.3369,38.3717,3.82098,-3.32076,34.3205,-3.42161,1.64511,50.8403,-3.4616,-9.72148,48.2746
2.95163,-2.26817,38.3034,3.79131,-3.26476,34.3344,-3.60593,1.73454,50.8776,-3.42583,-9.55864,48.2625
2.87444,-2.10139,38.0842,3.73723,-3.06129,34.4518,-3.72011,1.99531,50.808,-3.40379,-9.22704,48.347
2.85525,-1.86674,37.7873,3.65658,-2.77783,34.6508,-3.79797,2.36052,50.7253,-3.4129,-8.80598,48.5863
2.83999,-1.68607,37.5459,3.61518,-2.58709,34.8209,-3.85752,2.6253,50.6162,-3.40315,-8.56215,48.8218
2.85373,-1.2871,37.1748,3.53253,-2.17541,35.0868,-3.89025,3.17064,50.5058,-3.44474,-8.06599,49.2111
2.89484,-0.970057,36.8872,3.46291,-1.84954,35.336,-3.90013,3.61587,50.4466,-3.47475,-7.67797,49.5794
2.93716,-0.674463,36.653,3.4052,-1.55388,35.5807,-3.90159,4.02399,50.4346,-3.50194,-7.33838,49.9581
2.99082,-0.426834,36.4886,3.36382,-1.30863,35.7799,-3.89032,4.36691,50.4426,-3.5191,-7.06822,50.2627
3.06944,-0.140795,36.2876,3.36672,-1.01729,35.9317,-3.8521,4.74211,50.4594,-3.50863,-6.75043,50.5339
3.133,0.0573719,36.1636,3.38117,-0.807892,36.0006,-3.8199,5.00325,50.4709,-3.49575,-6.51604,50.6615
3.18292,0.225147,36.0761,3.39828,-0.627344,36.0214,-3.79204,5.22053,50.47,-3.48621,-6.31645,50.7242
3.20821,0.329243,36.0479,3.41226,-0.515914,36.0195,-3.77818,5.35655,50.4828,-3.4813,-6.19409,50.7383
3.22229,0.427211,36.0697,3.4269,-0.413262,36.0078,-3.7694,5.47357,50.4929,-3.47513,-6.08262,50.6989
3.22786,0.464293,36.0824,3.43442,-0.371458,35.9884,-3.76654,5.52419,50.4861,-3.4738,-6.03075,50.6454
3.23237,0.482417,36.0871,3.44049,-0.348309,35.9667,-3.76444,5.55543,50.4755,-3.47393,-5.99941,50.5998
3.23753,0.493275,36.089,3.44722,-0.333096,35.9456,-3.76143,5.57952,50.4703,-3.47317,-5.97781,50.5652
3.24096,0.501158,36.0908,3.45273,-0.321418,35.9266,-3.76019,5.60029,50.4681,-3.47356,-5.96129,50.5361
3.24481,0.50776,36.0943,3.45889,-0.311647,35.9113,-3.75838,5.61884,50.4726,-3.47283,-5.94743,50.5157
3.24886,0.513813,36.0972,3.46534,-0.302981,35.8967,-3.7563,5.63593,50.4767,-3.47155,-5.93538,50.4968
3.253,0.519428,36.1004,3.4719,-0.295145,35.8838,-3.75419,5.65165,50.4817,-3.46999,-5.92473,50.4809
3.25718,0.524754,36.1041,3.47847,-0.287897,35.8726,-3.75217,5.66625,50.4879,-3.46832,-5.9152,50.468
3.26125,0.52979,36.108,3.48485,-0.281227,35.8625,-3.75033,5.67995,50.4946,-3.46682,-5.90663,50.4572
3.26526,0.534601,36.1117,3.49112,-0.274995,35.8535,-3.7487,5.69275,50.5013,-3.46542,-5.89893,50.4481
3.26917,0.539161,36.1155,3.49718,-0.269221,35.8455,-3.74729,5.70477,50.5084,-3.46421,-5.89199,50.441
3.27277,0.543622,36.1191,3.50289,-0.263645,35.8382,-3.74645,5.71611,50.5148,-3.4634,-5.88569,50.4344
3.27632,0.547886,36.1224,3.5084,-0.258491,35.8314,-3.74567,5.72687,50.5213,-3.46276,-5.87996,50.4292
3.27961,0.552048,36.1255,3.51359,-0.253551,35.8252,-3.74533,5.73708,50.5273,-3.4625,-5.87474,50.4247
3.28265,0.556161,36.1282,3.51846,-0.24876,35.8193,-3.7454,5.74683,50.5325,-3.46261,-5.86993,50.4204
3.28554,0.560132,36.1309,3.52309,-0.244266,35.8143,-3.74566,5.75609,50.5381,-3.46298,-5.86554,50.4179
3.28821,0.564139,36.133,3.52742,-0.239826,35.8092,-3.74629,5.76502,50.5427,-3.4637,-5.86143,50.4151
3.29064,0.568133,36.135,3.53152,-0.235439,35.8047,-3.74733,5.77355,50.547,-3.46477,-5.85762,50.4131
3.29292,0.571958,36.1371,3.53537,-0.231413,35.8009,-3.74857,5.78174,50.5522,-3.46611,-5.85432,50.4131
3.29508,0.576178,36.138,3.53912,-0.226851,35.7963,-3.75013,5.78973,50.5548,-3.46769,-5.85063,50.4112
3.2972,0.580244,36.1389,3.54274,-0.222586,35.7923,-3.75179,5.79743,50.5588,-3.46949,-5.84737,50.4117
3.29914,0.584528,36.1392,3.54629,-0.21799,35.7882,-3.75395,5.80492,50.5617,-3.4716,-5.84418,50.412
3.30118,0.588841,36.1389,3.54981,-0.213446,35.784,-3.7561,5.81237,50.5653,-3.47385,-5.8412,50.4137
3.30337,0.593717,36.1375,3.55348,-0.208032,35.7791,-3.75844,5.81992,50.5676,-3.47624,-5.83753,50.4152
3.30588,0.599128,36.1351,3.55722,-0.201927,35.7739,-3.76083,5.82805,50.5704,-3.47882,-5.83349,50.4179
3.30903,0.605965,36.1309,3.56101,-0.194013,35.768,-3.76314,5.83795,50.5729,-3.48164,-5.82786,50.4211
3.31356,0.615861,36.1243,3.56445,-0.182463,35.762,-3.76485,5.8523,50.5764,-3.48495,-5.8184,50.4262
3.32095,0.633138,36.1131,3.5665,-0.162374,35.7565,-3.76528,5.87774,50.5801,-3.48949,-5.79961,50.432
3.33492,0.66748,36.0921,3.56398,-0.123007,35.7553,-3.76251,5.92999,50.5848,-3.49711,-5.75848,50.4392
3.36168,0.74394,36.0569,3.54702,-0.0403008,35.7744,-3.75165,6.04716,50.5921,-3.51194,-5.66371,50.4504
3.70492,2.82487,34.9886,3.18633,1.98463,36.9572,-3.64657,8.54672,49.6367,-3.63399,-3.29382,51.5901
4.45036,7.86157,32.5304,2.28692,6.07789,40.1577,-3.53645,14.5564,47.4714,-3.82685,1.37466,54.871
6.81229,-1.06028,31.5967,6.34401,-1.45183,27.3089,-2.43999,4.22154,50.1446,-3.13676,-8.55276,44.6295
2.03854,-1.19394,42.866,0.372351,-4.12701,43.5158,-2.70626,2.33503,49.8668,-5.09593,-10.7212,54.5113
3.15003,-2.02951,38.7411,3.45039,-3.28723,35.1999,-3.20997,1.89221,50.711,-3.61786,-9.77845,48.7287
3.12513,-2.33882,38.4174,3.8293,-3.33184,34.2905,-3.42466,1.62387,50.8491,-3.45613,-9.72839,48.2216
2.93771,-2.27074,38.345,3.79835,-3.27604,34.3077,-3.60847,1.71334,50.8839,-3.42141,-9.56522,48.213
2.86201,-2.10404,38.1211,3.74292,-3.07177,34.429,-3.72201,1.9753,50.8115,-3.40028,-9.23244,48.3017
2.84446,-1.86889,37.8189,3.66106,-2.78675,34.6318,-3.79918,2.34261,50.7258,-3.41015,-8.80964,48.5456
2.83014,-1.68913,37.5748,3.6187,-2.59658,34.8043,-3.85831,2.60731,50.6155,-3.40103,-8.56617,48.7839
2.8456,-1.28893,37.1985,3.53503,-2.18265,35.074,-3.89034,3.15581,50.5025,-3.44315,-8.0678,49.1782
2.88816,-0.970997,36.9066,3.46454,-1.85512,35.3263,-3.89967,3.60355,50.4413,-3.4736,-7.67822,49.5509
2.93174,-0.674561,36.6687,3.40613,-1.55802,35.5737,-3.90069,4.01395,50.4279,-3.50113,-7.33731,49.9334
2.98644,-0.426273,36.5013,3.36421,-1.31168,35.7749,-3.88909,4.35874,50.4349,-3.51854,-7.06619,50.2413
3.06613,-0.139128,36.2971,3.36664,-1.01869,35.9288,-3.85054,4.73635,50.4506,-3.50825,-6.74703,50.5159
3.1305,0.0597097,36.1707,3.38076,-0.808278,35.9992,-3.81815,4.99913,50.4615,-3.49549,-6.51184,50.6462
3.18105,0.22805,36.0813,3.39763,-0.62688,36.0213,-3.79016,5.21782,50.4604,-3.48603,-6.31161,50.7112
3.20679,0.332394,36.0519,3.41143,-0.515053,36.0202,-3.77626,5.35469,50.4733,-3.48118,-6.189,50.727
3.2212,0.430461,36.0728,3.42595,-0.412214,36.0091,-3.76748,5.47232,50.4836,-3.47506,-6.07747,50.6889
3.22694,0.467444,36.085,3.43337,-0.370525,35.9902,-3.76467,5.52315,50.4773,-3.47377,-6.02579,50.6364
3.23156,0.485421,36.0894,3.43935,-0.347583,35.9689,-3.76265,5.55447,50.4671,-3.47394,-5.99472,50.5917
3.23677,0.496124,36.0911,3.44599,-0.332603,35.948,-3.75973,5.57857,50.4623,-3.47322,-5.97343,50.5577
3.24022,0.50386,36.0928,3.45142,-0.32116,35.9293,-3.75859,5.59933,50.4606,-3.47365,-5.95723,50.5293
3.24408,0.510328,36.0961,3.4575,-0.311611,35.9143,-3.75689,5.61785,50.4654,-3.47297,-5.94369,50.5095
3.24813,0.51626,36.0991,3.46386,-0.303154,35.9001,-3.75494,5.63489,50.4699,-3.47172,-5.93195,50.4911
3.25225,0.521767,36.1022,3.47034,-0.295514,35.8875,-3.75294,5.65057,50.4752,-3.4702,-5.9216,50.4758
3.2564,0.526994,36.1059,3.47683,-0.288449,35.8765,-3.75103,5.66512,50.4816,-3.46858,-5.91237,50.4633
3.26044,0.531939,36.1097,3.48315,-0.281952,35.8667,-3.74931,5.67876,50.4886,-3.46712,-5.9041,50.4531
3.26442,0.536665,36.1134,3.48934,-0.275884,35.8579,-3.7478,5.6915,50.4956,-3.46576,-5.89668,50.4445
3.26829,0.541144,36.1172,3.49533,-0.270267,35.8502,-3.74651,5.70345,50.5029,-3.46459,-5.89003,50.4378
3.27185,0.545528,36.1207,3.50098,-0.264843,35.8431,-3.74578,5.71472,50.5094,-3.46382,-5.88402,50.4317
3.27536,0.549717,36.124,3.50643,-0.259837,35.8366,-3.74512,5.72541,50.5161,-3.46322,-5.87857,50.4269
3.27862,0.553803,36.1271,3.51156,-0.255042,35.8306,-3.74488,5.73554,50.5223,-3.46301,-5.87363,50.4228
3.28162,0.55784,36.1298,3.51637,-0.250396,35.825,-3.74506,5.7452,50.5276,-3.46316,-5.86911,50.419
3.28448,0.561734,36.1324,3.52094,-0.246045,35.8201,-3.74543,5.75437,50.5334,-3.46358,-5.86501,50.4169
3.28711,0.565661,36.1346,3.52523,-0.24175,35.8153,-3.74618,5.76319,50.5381,-3.46434,-5.8612,50.4145
3.28951,0.569571,36.1365,3.52927,-0.237509,35.811,-3.74732,5.77161,50.5425,-3.46546,-5.85768,50.413
3.29177,0.573306,36.1385,3.53308,-0.233631,35.8074,-3.74867,5.77967,50.5479,-3.46685,-5.8547,50.4134
3.29392,0.577432,36.1394,3.5368,-0.229218,35.8029,-3.75033,5.78754,50.5507,-3.46848,-5.85132,50.412
3.29603,0.581397,36.1401,3.54038,-0.225105,35.7991,-3.75209,5.79509,50.5548,-3.47033,-5.84839,50.413
3.29797,0.585575,36.1404,3.54391,-0.220659,35.7952,-3.75435,5.80244,50.5579,-3.47248,-5.84555,50.4138
3.30003,0.589777,36.1399,3.54744,-0.216262,35.791,-3.75659,5.80973,50.5616,-3.47477,-5.84292,50.4161
3.30228,0.594546,36.1383,3.55112,-0.21098,35.7863,-3.75901,5.81713,50.5642,-3.4772,-5.8396,50.4182
3.30487,0.599869,36.1355,3.55489,-0.204968,35.7811,-3.76146,5.82516,50.5671,-3.4798,-5.83589,50.4216
3.30817,0.606677,36.1309,3.55872,-0.197057,35.7752,-3.76381,5.83505,50.5698,-3.48265,-5.83051,50.4255
3.31296,0.6167,36.1237,3.56221,-0.185306,35.7693,-3.76551,5.84964,50.5735,-3.48598,-5.82111,50.4314
3.32078,0.634477,36.1115,3.56428,-0.164551,35.7639,-3.76585,5.87593,50.5776,-3.49058,-5.80191,50.4384
3.33559,0.67018,36.0888,3.56163,-0.123474,35.7631,-3.76281,5.93041,50.5823,-3.49834,-5.75927,50.4472
3.364,0.749947,36.05,3.54417,-0.0367052,35.7834,-3.75131,6.05292,50.5892,-3.51353,-5.66049,50.4608
3.71283,2.84415,34.9653,3.18158,2.00568,36.9764,-3.64408,8.57472,49.6251,-3.63611,-3.27436,51.615
4.46579,7.89565,32.4813,2.27875,6.12011,40.198,-3.53118,14.6135,47.444,-3.82872,1.41495,54.921
6.819,-1.05966,31.5724,6.33748,-1.4511,27.3289,-2.43853,4.22889,50.1359,-3.14189,-8.5495,44.6588
2.04826,-1.19345,42.8354,0.365722,-4.11976,43.5367,-2.70428,2.3462,49.8574,-5.09962,-10.7174,54.5438
3.15882,-2.02551,38.7122,3.44485,-3.27804,35.2202,-3.2079,1.90589,50.6999,-3.62153,-9.77108,48.7614
3.13421,-2.33387,38.3882,3.82356,-3.32205,34.3116,-3.42256,1.63852,50.838,-3.45958,-9.72073,48.2547
2.9464,-2.2656,38.3175,3.79311,-3.26653,34.3276,-3.60648,1.72758,50.8734,-3.42445,-9.55853,48.2451
2.87002,-2.09932,38.0959,3.73833,-3.06328,34.447,-3.72023,1.98819,50.8022,-3.40294,-9.22737,48.3321
2.85166,-1.8651,37.7964,3.65712,-2.77982,34.6478,-3.79767,2.35345,50.7179,-3.41249,-8.80659,48.5739
2.83688,-1.68539,37.5536,3.61528,-2.58987,34.8191,-3.85696,2.61744,50.608,-3.40308,-8.56367,48.8111
2.85144,-1.28655,37.1803,3.53218,-2.17781,35.0866,-3.88928,3.16343,50.4965,-3.44498,-8.06737,49.2027
2.89318,-0.96977,36.8909,3.46223,-1.8518,35.337,-3.89887,3.60904,50.4365,-3.47522,-7.67942,49.5729
2.93603,-0.674379,36.6552,3.40428,-1.55602,35.5826,-3.90012,4.01758,50.4242,-3.50257,-7.33985,49.9531
2.9901,-0.426905,36.4897,3.36273,-1.3107,35.7823,-3.88869,4.36092,50.4322,-3.51984,-7.06969,50.259
3.06912,-0.140779,36.2877,3.3655,-1.01899,35.9347,-3.85033,4.73687,50.4489,-3.50944,-6.75164,50.5314
3.13296,0.0573928,36.1629,3.37989,-0.80941,36.0039,-3.81807,4.99855,50.4606,-3.49659,-6.51711,50.6598
3.18308,0.225223,36.0749,3.39698,-0.628665,36.0249,-3.79018,5.2164,50.4601,-3.48705,-6.31733,50.7231
3.20849,0.329341,36.0465,3.41095,-0.517144,36.0231,-3.77635,5.35285,50.4734,-3.48214,-6.19482,50.7376
3.22265,0.427341,36.0682,3.42559,-0.414418,36.0114,-3.76761,5.47029,50.484,-3.47595,-6.0832,50.6984
3.22823,0.46444,36.0809,3.43312,-0.372608,35.992,-3.76481,5.5212,50.4778,-3.4746,-6.03121,50.645
3.23274,0.482602,36.0857,3.43919,-0.34945,35.9703,-3.76279,5.55272,50.4678,-3.47472,-5.99975,50.5995
3.23787,0.493515,36.0877,3.44592,-0.334218,35.9491,-3.75986,5.57707,50.4631,-3.47393,-5.97803,50.5649
3.24127,0.501463,36.0896,3.45143,-0.322515,35.9301,-3.75871,5.59809,50.4614,-3.47431,-5.96141,50.5359
3.24508,0.508135,36.0932,3.45759,-0.312714,35.9148,-3.75699,5.61685,50.4663,-3.47357,-5.94746,50.5155
3.24909,0.514258,36.0963,3.46403,-0.304017,35.9002,-3.75501,5.63412,50.4708,-3.47227,-5.93534,50.4966
3.25318,0.519941,36.0996,3.47059,-0.296152,35.8873,-3.75299,5.65002,50.4761,-3.47069,-5.92464,50.4807
3.2573,0.525331,36.1035,3.47715,-0.288877,35.8761,-3.75105,5.66477,50.4827,-3.46901,-5.91506,50.4679
3.26132,0.530427,36.1074,3.48354,-0.282184,35.866,-3.74931,5.67859,50.4897,-3.46749,-5.90648,50.4572
3.26528,0.535291,36.1113,3.4898,-0.275933,35.857,-3.74778,5.6915,50.4967,-3.46607,-5.89877,50.4482
3.26914,0.539899,36.1152,3.49586,-0.270145,35.849,-3.74646,5.70361,50.5041,-3.46484,-5.89184,50.4411
3.27268,0.544402,36.1189,3.50158,-0.26456,35.8417,-3.7457,5.71503,50.5107,-3.46401,-5.88556,50.4346
3.27618,0.548702,36.1222,3.50709,-0.259403,35.835,-3.74502,5.72586,50.5174,-3.46336,-5.87986,50.4294
3.27943,0.552893,36.1254,3.51228,-0.254464,35.8288,-3.74476,5.73612,50.5236,-3.4631,-5.87468,50.425
3.28242,0.557029,36.1282,3.51715,-0.249681,35.823,-3.74491,5.7459,50.529,-3.4632,-5.86993,50.4208
3.28527,0.561017,36.131,3.52178,-0.245199,35.8179,-3.74525,5.75519,50.5348,-3.46356,-5.8656,50.4184
3.28789,0.565036,36.1332,3.52612,-0.240777,35.8129,-3.74597,5.76414,50.5396,-3.46426,-5.86157,50.4157
3.29028,0.569035,36.1352,3.53021,-0.236414,35.8084,-3.74709,5.77267,50.544,-3.46533,-5.85784,50.4138
3.29253,0.572857,36.1373,3.53406,-0.232415,35.8046,-3.7484,5.78085,50.5494,-3.46667,-5.85463,50.414
3.29466,0.57707,36.1383,3.53782,-0.227886,35.8,-3.75003,5.78883,50.5522,-3.46825,-5.85104,50.4122
3.29676,0.581122,36.1391,3.54144,-0.223659,35.7961,-3.75177,5.7965,50.5563,-3.47004,-5.84789,50.4129
3.29868,0.585387,36.1395,3.545,-0.219102,35.792,-3.754,5.80397,50.5594,-3.47215,-5.84483,50.4133
3.30071,0.589675,36.1392,3.54855,-0.214599,35.7878,-3.75622,5.81138,50.5631,-3.47439,-5.84198,50.4152
3.30291,0.594526,36.1377,3.55224,-0.209221,35.7829,-3.75862,5.81889,50.5657,-3.47678,-5.83844,50.417
3.30544,0.599917,36.1352,3.55601,-0.203136,35.7776,-3.76106,5.82701,50.5686,-3.47935,-5.83453,50.4199
3.30865,0.606757,36.1308,3.55984,-0.195205,35.7717,-3.7634,5.83693,50.5712,-3.48216,-5.82898,50.4234
3.31329,0.616721,36.124,3.56332,-0.18355,35.7657,-3.76513,5.85142,50.5749,-3.48545,-5.81953,50.4288
3.32087,0.63422,36.1124,3.56541,-0.163156,35.7602,-3.76553,5.87726,50.579,-3.49,-5.80056,50.4351
3.33521,0.669139,36.0907,3.56286,-0.123038,35.759,-3.76265,5.93053,50.5839,-3.49766,-5.75877,50.4429
3.36271,0.746968,36.0541,3.54573,-0.038587,35.7783,-3.7515,6.05008,50.5913,-3.51263,-5.66229,50.4549
3.70834,2.83219,34.9801,3.18457,1.99282,36.9636,-3.64537,8.55833,49.6344,-3.6348,-3.28684,51.5991
4.45642,7.87073,32.5141,2.28475,6.09123,40.1691,-3.53412,14.5765,47.4664,-3.82707,1.38595,54.887
6.8331,-1.17084,31.5885,6.30726,-1.63582,27.3244,-2.43148,4.17212,50.2911,-3.1741,-8.73224,44.7005
2.04282,-1.37167,42.9258,0.385301,-4.32341,43.4104,-2.7076,2.23451,50.1045,-5.10445,-10.9525,54.4873
3.13351,-2.23722,38.8774,3.48338,-3.5012,35.0257,-3.22054,1.75459,51.014,-3.61584,-10.0138,48.619
3.09227,-2.56264,38.6053,3.88313,-3.5428,34.0575,-3.44517,1.47627,51.2045,-3.44072,-9.94663,48.041
2.89177,-2.48901,38.5692,3.86617,-3.46723,34.0361,-3.63846,1.58069,51.2776,-3.39496,-9.74631,47.9783
2.80645,-2.29938,38.3689,3.81827,-3.23234,34.1358,-3.76015,1.87637,51.2308,-3.3653,-9.36382,48.0267
2.78283,-2.02884,38.0782,3.7393,-2.90924,34.3313,-3.84394,2.2892,51.1573,-3.36892,-8.88461,48.2447
2.76394,-1.81914,37.8492,3.69842,-2.68956,34.4935,-3.90733,2.59472,51.0653,-3.35536,-8.59925,48.4564
2.77586,-1.38129,37.4734,3.61523,-2.2413,34.7679,-3.94464,3.18454,50.9482,-3.39291,-8.05429,48.8417
2.81842,-1.02575,37.1752,3.54206,-1.87972,35.032,-3.95669,3.673,50.877,-3.42122,-7.62169,49.2147
2.86364,-0.695898,36.9266,3.48022,-1.5526,35.2942,-3.95922,4.11711,50.848,-3.44758,-7.24545,49.604
2.92087,-0.420971,36.7467,3.43473,-1.28229,35.511,-3.94811,4.48638,50.8368,-3.4646,-6.94866,49.9228
3.00411,-0.109714,36.5248,3.43285,-0.968001,35.6855,-3.90957,4.88275,50.8265,-3.4546,-6.60797,50.2158
3.07294,0.107157,36.3799,3.44228,-0.741059,35.7758,-3.87597,5.15739,50.8112,-3.44311,-6.35887,50.3663
3.12802,0.28813,36.2716,3.45475,-0.548046,35.8174,-3.84637,5.381,50.7827,-3.43524,-6.15164,50.4534
3.15806,0.399105,36.2247,3.46466,-0.429904,35.8334,-3.83044,5.51621,50.77,-3.43225,-6.02921,50.4907
3.17627,0.499287,36.2297,3.47584,-0.325179,35.8377,-3.81953,5.62713,50.756,-3.42804,-5.92324,50.4734
3.18539,0.534175,36.2281,3.48053,-0.285406,35.8314,-3.81443,5.66734,50.7279,-3.42868,-5.88158,50.4397
3.19291,0.547355,36.2204,3.48427,-0.267068,35.8209,-3.81015,5.68571,50.6981,-3.43069,-5.86311,50.412
3.20072,0.551829,36.2112,3.48893,-0.25815,35.8096,-3.80499,5.69607,50.6753,-3.43178,-5.8553,50.3937
3.20661,0.552752,36.2029,3.49251,-0.253379,35.7996,-3.8016,5.70329,50.657,-3.43405,-5.85241,50.3795
3.21281,0.552317,36.197,3.49678,-0.250609,35.7926,-3.79764,5.709,50.6466,-3.43524,-5.85145,50.3727
3.21914,0.551542,36.1913,3.50135,-0.248745,35.7858,-3.79339,5.71421,50.637,-3.4359,-5.85129,50.3662
3.2255,0.550679,36.1863,3.50605,-0.247363,35.7802,-3.78911,5.71912,50.6293,-3.43631,-5.85146,50.3618
3.23184,0.549942,36.1823,3.51077,-0.246153,35.7758,-3.78492,5.72395,50.6237,-3.43662,-5.85168,50.3594
3.23802,0.549353,36.179,3.51535,-0.24508,35.7721,-3.78093,5.72885,50.6194,-3.43708,-5.85185,50.3583
3.24407,0.548975,36.176,3.51984,-0.244002,35.769,-3.77719,5.73376,50.616,-3.43762,-5.85196,50.3581
3.24995,0.54877,36.1734,3.52418,-0.242955,35.7666,-3.7737,5.73872,50.6137,-3.43832,-5.852,50.3592
3.25544,0.548872,36.1711,3.52824,-0.241696,35.7645,-3.77083,5.74374,50.6112,-3.43937,-5.85191,50.3601
3.26081,0.549156,36.1688,3.53215,-0.240473,35.7626,-3.76807,5.74885,50.6095,-3.44055,-5.8517,50.3618
3.26583,0.549695,36.1667,3.53581,-0.239104,35.761,-3.76581,5.75401,50.6078,-3.44206,-5.85139,50.3637
3.27051,0.550518,36.1645,3.53922,-0.237549,35.7594,-3.76401,5.75923,50.6058,-3.44387,-5.85094,50.3653
3.27496,0.551504,36.1626,3.54245,-0.235982,35.7583,-3.76247,5.76445,50.6048,-3.44589,-5.85043,50.3682
3.27909,0.552811,36.1606,3.54546,-0.234186,35.7569,-3.76136,5.76974,50.6029,-3.44819,-5.84977,50.3704
3.28289,0.554366,36.1586,3.54828,-0.232182,35.7559,-3.76073,5.775,50.6012,-3.45078,-5.84903,50.373
3.28645,0.555986,36.157,3.55092,-0.230307,35.7554,-3.76037,5.78021,50.6008,-3.4536,-5.84848,50.3773
3.2898,0.558229,36.1546,3.5535,-0.227679,35.7539,-3.76039,5.78552,50.598,-3.4566,-5.84724,50.3793
3.29298,0.560518,36.1524,3.55599,-0.225159,35.7529,-3.7606,5.79074,50.5967,-3.45976,-5.8462,50.3834
3.29588,0.563216,36.1499,3.55844,-0.222135,35.7517,-3.76138,5.79595,50.5946,-3.46319,-5.84504,50.3869
3.29874,0.566117,36.1471,3.56089,-0.219014,35.7503,-3.76224,5.80125,50.5932,-3.46671,-5.84391,50.3916
3.30162,0.569765,36.1435,3.56347,-0.214879,35.7483,-3.76338,5.80675,50.5907,-3.47034,-5.84196,50.3959
3.30463,0.574142,36.1391,3.56612,-0.209912,35.746,-3.76469,5.81291,50.5884,-3.47412,-5.83953,50.4012
3.30809,0.580203,36.1333,3.56876,-0.20296,35.7432,-3.76604,5.82088,50.5857,-3.47811,-5.83537,50.4069
3.31271,0.589761,36.1251,3.57097,-0.192063,35.7409,-3.76697,5.83338,50.5833,-3.48258,-5.82713,50.4147
3.31997,0.607621,36.1118,3.57161,-0.171923,35.7404,-3.76684,5.85732,50.5797,-3.48828,-5.80891,50.4243
3.3337,0.644744,36.087,3.56727,-0.130702,35.7469,-3.7638,5.90921,50.5736,-3.4971,-5.7665,50.4379
3.36038,0.729657,36.0427,3.54767,-0.0412913,35.78,-3.75306,6.02969,50.5621,-3.51329,-5.66536,50.4624
3.71226,2.90919,34.8814,3.16622,2.06639,37.078,-3.65205,8.61001,49.4794,-3.64161,-3.19471,51.715
4.50126,8.21657,32.2014,2.2069,6.40598,40.5306,-3.53511,14.8828,47.0677,-3.8588,1.76031,55.2479
6.83279,-1.09108,31.5426,6.31853,-1.50423,27.3552,-2.4346,4.22638,50.1732,-3.15942,-8.5925,44.7093
2.06205,-1.24304,42.8131,0.360454,-4.16584,43.5325,-2.70218,2.33593,49.9161,-5.10719,-10.7734,54.575
3.16642,-2.07744,38.7104,3.44577,-3.32533,35.1989,-3.20793,1.88947,50.7711,-3.62651,-9.82302,48.7726
3.13835,-2.38779,38.3978,3.8295,-3.36652,34.2774,-3.42492,1.62143,50.9204,-3.46083,-9.76731,48.2498
2.94705,-2.31689,38.3371,3.80314,-3.30509,34.2832,-3.61123,1.71431,50.9646,-3.42236,-9.59639,48.2268
2.86765,-2.14449,38.1233,3.75099,-3.09437,34.3959,-3.72716,1.982,50.8994,-3.39821,-9.25437,48.303
2.84692,-1.90181,37.8294,3.67126,-2.80244,34.593,-3.80649,2.3562,50.8184,-3.40576,-8.82167,48.5366
2.8304,-1.71481,37.5919,3.63038,-2.60556,34.7607,-3.86699,2.62881,50.7125,-3.39489,-8.56977,48.7663
2.84299,-1.30769,37.2218,3.54806,-2.18671,35.0273,-3.90097,3.18179,50.6007,-3.43535,-8.06419,49.1532
2.8837,-0.982695,36.9339,3.47806,-1.85386,35.2786,-3.91153,3.63455,50.5389,-3.46479,-7.66761,49.5211
2.92597,-0.680167,36.6983,3.4198,-1.55219,35.5261,-3.91342,4.04871,50.5233,-3.49164,-7.32111,49.9004
2.9798,-0.427116,36.5321,3.37782,-1.30223,35.728,-3.90236,4.39582,50.5273,-3.50863,-7.04605,50.2066
3.05881,-0.136127,36.3283,3.37995,-1.00673,35.8837,-3.86424,4.77406,50.5384,-3.49818,-6.72404,50.4809
3.12301,0.0656608,36.2011,3.39353,-0.794141,35.9563,-3.83186,5.03697,50.5443,-3.48552,-6.48702,50.6119
3.17361,0.235948,36.1103,3.40985,-0.611387,35.9807,-3.80373,5.25469,50.5377,-3.47626,-6.28618,50.6784
3.19959,0.341314,36.079,3.42312,-0.498794,35.982,-3.7895,5.38992,50.5451,-3.4717,-6.164,50.6963
3.21429,0.439659,36.098,3.43718,-0.395845,35.973,-3.78031,5.50524,50.5502,-3.46588,-6.05377,50.6606
3.22042,0.47627,36.1082,3.44423,-0.354462,35.956,-3.77699,5.55348,50.5389,-3.4649,-6.004,50.6105
3.22544,0.493405,36.1106,3.44992,-0.332239,35.9362,-3.77442,5.58197,50.5243,-3.46537,-5.9752,50.568
3.23107,0.503014,36.1104,3.45631,-0.318211,35.9167,-3.77095,5.60322,50.5153,-3.46493,-5.95628,50.5361
3.23495,0.509554,36.1104,3.46151,-0.307818,35.8993,-3.76922,5.62126,50.5098,-3.46566,-5.94236,50.5096
3.23926,0.51481,36.1121,3.46736,-0.299338,35.8855,-3.76693,5.63725,50.5111,-3.46529,-5.93092,50.4916
3.24376,0.519564,36.1134,3.47349,-0.291919,35.8723,-3.76436,5.65199,50.5124,-3.46435,-5.92108,50.4748
3.24835,0.523951,36.115,3.47973,-0.285263,35.8607,-3.76175,5.6656,50.5147,-3.46316,-5.91242,50.4609
3.25296,0.52813,36.1172,3.48598,-0.279114,35.8507,-3.75922,5.67831,50.5184,-3.46185,-5.90465,50.4498
3.25747,0.532104,36.1197,3.49206,-0.273461,35.8417,-3.75689,5.6903,50.5229,-3.46071,-5.89767,50.4407
3.2619,0.535936,36.1222,3.49801,-0.268161,35.8337,-3.75478,5.70158,50.5275,-3.45966,-5.89135,50.4332
3.26622,0.5396,36.1247,3.50377,-0.263239,35.8267,-3.75288,5.71225,50.5327,-3.45879,-5.88565,50.4274
3.27022,0.543245,36.1272,3.5092,-0.258437,35.8203,-3.75157,5.72239,50.5372,-3.45832,-5.88043,50.4221
3.27415,0.546768,36.1294,3.51443,-0.253983,35.8143,-3.75033,5.73208,50.542,-3.45801,-5.87566,50.418
3.2778,0.550258,36.1315,3.51936,-0.249673,35.8089,-3.74953,5.74135,50.5464,-3.45807,-5.87127,50.4146
3.28118,0.553767,36.1333,3.52398,-0.245446,35.8038,-3.74916,5.75024,50.5501,-3.45848,-5.86719,50.4113
3.2844,0.557196,36.1351,3.52836,-0.241455,35.7994,-3.749,5.75876,50.5544,-3.45914,-5.86343,50.4096
3.28737,0.560721,36.1365,3.53247,-0.237461,35.795,-3.74922,5.76702,50.5576,-3.46013,-5.85987,50.4076
3.29007,0.564288,36.1378,3.53634,-0.233467,35.7911,-3.74987,5.77495,50.5606,-3.46146,-5.85653,50.4063
3.29261,0.567737,36.1392,3.53998,-0.229785,35.7879,-3.75073,5.7826,50.5647,-3.46305,-5.85364,50.407
3.295,0.571633,36.1395,3.54353,-0.225522,35.7838,-3.75192,5.79011,50.5661,-3.46488,-5.8503,50.4056
3.2973,0.575422,36.1399,3.54693,-0.221517,35.7804,-3.75324,5.79737,50.5689,-3.4669,-5.84735,50.4066
3.29939,0.579477,36.1399,3.55028,-0.217142,35.7769,-3.75508,5.80446,50.5708,-3.46923,-5.84443,50.4073
3.30153,0.583604,36.1393,3.5536,-0.212788,35.7732,-3.75694,5.81153,50.5732,-3.47169,-5.84169,50.4093
3.30378,0.588342,36.1377,3.55703,-0.207538,35.7689,-3.75902,5.81871,50.5744,-3.47429,-5.83823,50.4111
3.30626,0.593663,36.1351,3.56053,-0.201576,35.7643,-3.76118,5.82648,50.576,-3.47707,-5.8344,50.414
3.30931,0.600461,36.131,3.56405,-0.193792,35.7592,-3.76331,5.83596,50.5772,-3.48009,-5.82897,50.4173
3.31362,0.610387,36.1246,3.56719,-0.182365,35.7541,-3.76491,5.84982,50.5793,-3.48359,-5.81973,50.4225
3.32063,0.627815,36.1137,3.56891,-0.162379,35.7498,-3.76533,5.87463,50.5813,-3.48832,-5.80118,50.4286
3.33404,0.662593,36.093,3.566,-0.123008,35.7502,-3.7627,5.92604,50.5834,-3.49611,-5.7602,50.4365
3.35998,0.740289,36.0574,3.54862,-0.0398633,35.7721,-3.7522,6.04221,50.5865,-3.51108,-5.66515,50.4495
3.70254,2.84031,34.9756,3.18389,1.99772,36.9771,-3.64914,8.55166,49.6055,-3.63433,-3.27739,51.6086
4.45303,7.93161,32.4827,2.27287,6.13509,40.2239,-3.53917,14.6054,47.3933,-3.83243,1.44549,54.9329
6.8278,-1.06838,31.5466,6.32694,-1.46628,27.3503,-2.43647,4.23502,50.1429,-3.15104,-8.55708,44.6926
2.05966,-1.20736,42.8059,0.35888,-4.12766,43.5508,-2.70219,2.35344,49.8689,-5.10487,-10.7288,54.5757
3.16795,-2.03716,38.689,3.4404,-3.28474,35.2297,-3.20623,1.91321,50.7126,-3.62613,-9.77889,48.7888
3.14277,-2.34525,38.3674,3.8203,-3.32738,34.3186,-3.42139,1.64624,50.8528,-3.46303,-9.72723,48.2788
2.95385,-2.27609,38.3002,3.79133,-3.27035,34.3312,-3.60594,1.73578,50.8904,-3.4267,-9.56378,48.2654
2.87625,-2.1085,38.0821,3.73775,-3.06578,34.4477,-3.72036,1.99693,50.8209,-3.40421,-9.23127,48.3488
2.8567,-1.87275,37.7859,3.65745,-2.78118,34.6461,-3.79844,2.36271,50.738,-3.41297,-8.80909,48.5871
2.8411,-1.69134,37.5454,3.61624,-2.58973,34.8158,-3.85816,2.62799,50.629,-3.40297,-8.56464,48.8218
2.85448,-1.29127,37.175,3.53376,-2.17723,35.0815,-3.89111,3.17372,50.5182,-3.44432,-8.06754,49.2104
2.89531,-0.973201,36.8879,3.46422,-1.85057,35.3308,-3.90114,3.61938,50.4585,-3.47418,-7.67867,49.5783
2.93741,-0.676715,36.654,3.40653,-1.55426,35.5756,-3.90273,4.02781,50.446,-3.50127,-7.33837,49.9566
2.9909,-0.428388,36.4898,3.36515,-1.3085,35.7749,-3.89155,4.37091,50.4534,-3.51835,-7.06771,50.2611
3.06939,-0.14168,36.2889,3.36803,-1.01672,35.9269,-3.85339,4.74617,50.4695,-3.50784,-6.74942,50.5322
3.13288,0.0569792,36.1649,3.38243,-0.806965,35.9961,-3.82122,5.00731,50.4802,-3.49495,-6.5147,50.6598
3.18275,0.225125,36.0773,3.39951,-0.626148,36.0172,-3.79337,5.22449,50.4786,-3.48541,-6.31492,50.7226
3.20802,0.329446,36.049,3.41345,-0.514539,36.0155,-3.7795,5.36034,50.4908,-3.48051,-6.1925,50.7369
3.22209,0.42754,36.0708,3.42808,-0.411796,36.004,-3.7707,5.47712,50.5003,-3.47435,-6.0811,50.6976
3.22766,0.464646,36.0833,3.43559,-0.36996,35.9848,-3.7678,5.52746,50.493,-3.47302,-6.02938,50.6443
3.23218,0.482731,36.0879,3.44165,-0.34683,35.9632,-3.76565,5.55841,50.4819,-3.47316,-5.99823,50.5989
3.23736,0.493517,36.0896,3.44838,-0.331666,35.9421,-3.76259,5.58221,50.4763,-3.47241,-5.97683,50.5644
3.24082,0.501313,36.0913,3.45389,-0.320051,35.9232,-3.76129,5.60272,50.4737,-3.47281,-5.96051,50.5355
3.2447,0.507822,36.0947,3.46005,-0.310348,35.908,-3.75942,5.62102,50.4778,-3.4721,-5.94683,50.5152
3.24879,0.513781,36.0975,3.46649,-0.301752,35.8935,-3.75728,5.63788,50.4816,-3.47083,-5.93494,50.4964
3.25297,0.519305,36.1006,3.47304,-0.293984,35.8807,-3.7551,5.6534,50.4863,-3.46929,-5.92444,50.4806
3.25718,0.524543,36.1042,3.4796,-0.2868,35.8695,-3.75301,5.66783,50.4922,-3.46765,-5.91502,50.4677
3.2613,0.529498,36.1079,3.48598,-0.280189,35.8595,-3.7511,5.68136,50.4987,-3.46616,-5.90656,50.4571
3.26535,0.534231,36.1116,3.49223,-0.274011,35.8505,-3.74941,5.69403,50.5052,-3.46478,-5.89894,50.4481
3.26931,0.538721,36.1152,3.49828,-0.268286,35.8425,-3.74793,5.70592,50.5121,-3.46358,-5.89208,50.441
3.27295,0.543118,36.1187,3.50398,-0.262754,35.8353,-3.74702,5.71715,50.5183,-3.46279,-5.88584,50.4344
3.27654,0.547324,36.1219,3.50948,-0.257638,35.8285,-3.74617,5.72782,50.5245,-3.46217,-5.88016,50.4293
3.27987,0.551434,36.1249,3.51467,-0.252731,35.8224,-3.74576,5.73794,50.5304,-3.46193,-5.87498,50.4248
3.28294,0.555503,36.1276,3.51953,-0.247967,35.8166,-3.74576,5.74761,50.5354,-3.46205,-5.8702,50.4205
3.28587,0.559436,36.1302,3.52415,-0.243494,35.8115,-3.74596,5.75681,50.5409,-3.46243,-5.86583,50.418
3.28857,0.563412,36.1323,3.52848,-0.23907,35.8065,-3.74653,5.76568,50.5453,-3.46315,-5.86174,50.4152
3.29102,0.567383,36.1343,3.53256,-0.234693,35.802,-3.74752,5.77416,50.5494,-3.46423,-5.85794,50.4132
3.29332,0.571191,36.1363,3.53641,-0.230671,35.7983,-3.7487,5.78229,50.5545,-3.46558,-5.85464,50.4133
3.29549,0.575403,36.1372,3.54015,-0.226108,35.7936,-3.7502,5.79024,50.557,-3.46717,-5.85095,50.4113
3.29761,0.57947,36.1381,3.54375,-0.221837,35.7897,-3.75182,5.7979,50.5607,-3.46897,-5.84769,50.4118
3.29954,0.583765,36.1385,3.54729,-0.217229,35.7857,-3.75394,5.80536,50.5635,-3.47108,-5.84451,50.4121
3.30155,0.588098,36.1383,3.5508,-0.212668,35.7815,-3.75605,5.81276,50.5669,-3.47333,-5.84152,50.4137
3.3037,0.593007,36.137,3.55443,-0.207234,35.7767,-3.75837,5.82027,50.5691,-3.47573,-5.83785,50.4152
3.30614,0.598464,36.1347,3.55814,-0.201106,35.7716,-3.76074,5.82836,50.5717,-3.47831,-5.83381,50.4178
3.30919,0.605359,36.1307,3.56188,-0.19317,35.7658,-3.76305,5.83818,50.5739,-3.48113,-5.82819,50.4208
3.31358,0.615329,36.1243,3.56527,-0.181603,35.7601,-3.76478,5.85242,50.5771,-3.48444,-5.81876,50.4258
3.32077,0.632701,36.1135,3.56726,-0.161509,35.7548,-3.76527,5.8777,50.5806,-3.48898,-5.80004,50.4315
3.33449,0.667181,36.093,3.56468,-0.122145,35.7538,-3.76259,5.92969,50.5848,-3.49659,-5.75899,50.4386
3.3609,0.743901,36.0581,3.54769,-0.0394161,35.7732,-3.75189,6.04645,50.5915,-3.5114,-5.6643,50.4496
3.70329,2.82746,34.9903,3.18659,1.98615,36.958,-3.64741,8.54567,49.6335,-3.63359,-3.29264,51.5904
4.44782,7.8705,32.5318,2.28612,6.08222,40.1625,-3.53793,14.5572,47.4639,-3.827,1.38096,54.8739
6.82389,-1.06222,31.5567,6.33194,-1.45575,27.3417,-2.43748,4.23385,50.1364,-3.14656,-8.54971,44.6779
2.0551,-1.19763,42.816,0.361225,-4.11986,43.5479,-2.70297,2.35295,49.8586,-5.10262,-10.7189,54.5639
3.16473,-2.02772,38.695,3.44138,-3.27711,35.23,-3.20664,1.91346,50.7004,-3.62437,-9.77041,48.7806
3.14012,-2.33564,38.3714,3.82036,-3.32047,34.3212,-3.42138,1.64645,50.8388,-3.46202,-9.71978,48.2734
2.95191,-2.26706,38.3021,3.79051,-3.26458,34.3359,-3.60548,1.73537,50.8747,-3.4264,-9.55775,48.2627
2.87499,-2.10058,38.0821,3.73631,-3.06129,34.4539,-3.71945,1.99549,50.8041,-3.40448,-9.22695,48.3483
2.85603,-1.86628,37.7844,3.6556,-2.77804,34.6533,-3.79714,2.36001,50.7204,-3.41369,-8.80662,48.5885
2.84085,-1.6862,37.5427,3.61411,-2.58783,34.8239,-3.8566,2.6239,50.6107,-3.40402,-8.56368,48.8247
2.85477,-1.28748,37.1711,3.53138,-2.17629,35.0902,-3.88919,3.16881,50.4998,-3.44569,-8.06794,49.2146
2.89596,-0.970765,36.8833,3.46175,-1.85066,35.3396,-3.89899,3.61358,50.4402,-3.47574,-7.68037,49.5834
2.93832,-0.675442,36.6489,3.40403,-1.55521,35.5844,-3.90041,4.02134,50.4282,-3.50296,-7.34112,49.9623
2.99199,-0.42802,36.4845,3.36267,-1.31014,35.7835,-3.88913,4.36403,50.4362,-3.52012,-7.07119,50.2671
3.07061,-0.142062,36.2836,3.3656,-1.01884,35.9352,-3.85089,4.73919,50.4532,-3.50965,-6.75345,50.5383
3.13414,0.0560296,36.1596,3.3801,-0.809506,36.004,-3.81871,5.00032,50.4649,-3.49674,-6.51908,50.6658
3.18401,0.223795,36.0723,3.39727,-0.628954,36.0246,-3.79088,5.21769,50.4643,-3.48716,-6.31942,50.7283
3.20925,0.327915,36.0443,3.41131,-0.517496,36.0225,-3.77707,5.35384,50.4775,-3.48222,-6.19694,50.7422
3.22327,0.425948,36.0664,3.42601,-0.414781,36.0106,-3.76834,5.47106,50.488,-3.476,-6.0853,50.7025
3.22878,0.463118,36.0794,3.43358,-0.372893,35.9911,-3.76553,5.52188,50.4816,-3.47463,-6.03323,50.6488
3.23323,0.481354,36.0843,3.43969,-0.349637,35.9692,-3.76348,5.55336,50.4714,-3.47472,-6.00167,50.603
3.23834,0.492337,36.0863,3.44646,-0.334303,35.9479,-3.76053,5.57768,50.4665,-3.47391,-5.97984,50.5681
3.24172,0.500348,36.0883,3.45202,-0.322502,35.9288,-3.75933,5.59869,50.4646,-3.47426,-5.96311,50.5389
3.24552,0.507075,36.092,3.45821,-0.312609,35.9133,-3.75757,5.61745,50.4694,-3.4735,-5.94905,50.5183
3.24953,0.513246,36.0951,3.46469,-0.303827,35.8987,-3.75555,5.63473,50.4737,-3.47218,-5.93681,50.4992
3.25362,0.518972,36.0984,3.47129,-0.295884,35.8857,-3.75348,5.65063,50.479,-3.47058,-5.92601,50.4831
3.25775,0.524399,36.1023,3.47789,-0.288536,35.8744,-3.7515,5.66539,50.4854,-3.46888,-5.91633,50.47
3.26178,0.529529,36.1063,3.48431,-0.281775,35.8642,-3.74971,5.67922,50.4923,-3.46734,-5.90764,50.4592
3.26575,0.534423,36.1102,3.4906,-0.27546,35.855,-3.74813,5.69215,50.4992,-3.4659,-5.89982,50.45
3.26962,0.53906,36.114,3.49669,-0.269611,35.847,-3.74676,5.70427,50.5065,-3.46465,-5.89279,50.4427
3.27319,0.54359,36.1177,3.50243,-0.263968,35.8396,-3.74596,5.71571,50.5131,-3.46381,-5.88641,50.436
3.2767,0.547917,36.1211,3.50797,-0.258755,35.8327,-3.74522,5.72656,50.5197,-3.46313,-5.88061,50.4307
3.27996,0.552134,36.1243,3.51319,-0.253761,35.8265,-3.74492,5.73684,50.5258,-3.46285,-5.87533,50.4262
3.28296,0.556297,36.1271,3.51808,-0.248923,35.8205,-3.74502,5.74665,50.5311,-3.46292,-5.87048,50.4218
3.28583,0.560313,36.1299,3.52273,-0.244386,35.8154,-3.74532,5.75597,50.5369,-3.46327,-5.86605,50.4192
3.28846,0.564362,36.1321,3.52709,-0.239909,35.8103,-3.74599,5.76494,50.5416,-3.46395,-5.86191,50.4164
3.29086,0.568393,36.1342,3.53121,-0.23549,35.8058,-3.74706,5.7735,50.546,-3.46499,-5.85807,50.4143
3.29311,0.572251,36.1363,3.53508,-0.231434,35.8019,-3.74834,5.78172,50.5513,-3.4663,-5.85476,50.4143
3.29524,0.576502,36.1373,3.53885,-0.226847,35.7973,-3.74993,5.78973,50.554,-3.46786,-5.85107,50.4124
3.29733,0.580598,36.1383,3.54249,-0.222559,35.7932,-3.75162,5.79744,50.5581,-3.46963,-5.84781,50.4128
3.29923,0.584911,36.1387,3.54606,-0.217941,35.7892,-3.75382,5.80495,50.5611,-3.47171,-5.84464,50.4131
3.30123,0.589253,36.1385,3.5496,-0.213376,35.7849,-3.75601,5.8124,50.5647,-3.47393,-5.84167,50.4148
3.30339,0.594161,36.1372,3.55329,-0.20794,35.78,-3.75838,5.81995,50.5671,-3.4763,-5.83803,50.4164
3.30586,0.59961,36.1348,3.55704,-0.201808,35.7748,-3.76081,5.82808,50.57,-3.47885,-5.83401,50.4191
3.30897,0.606496,36.1307,3.56085,-0.193855,35.7689,-3.76315,5.83799,50.5725,-3.48164,-5.82839,50.4222
3.31347,0.616468,36.1242,3.5643,-0.182239,35.7629,-3.7649,5.85237,50.576,-3.48492,-5.81893,50.4273
3.32083,0.633878,36.113,3.56636,-0.162021,35.7574,-3.76536,5.87792,50.5799,-3.48945,-5.8001,50.4332
3.33481,0.66848,36.0921,3.56384,-0.12238,35.7562,-3.7626,5.93045,50.5847,-3.49705,-5.75877,50.4404
3.36169,0.745482,36.0567,3.54684,-0.0390674,35.7752,-3.75171,6.04832,50.592,-3.5119,-5.66346,50.4516
3.70527,2.82756,34.9884,3.18619,1.98714,36.9576,-3.64643,8.54961,49.6374,-3.63395,-3.29245,51.5913
4.45039,7.86282,32.5313,2.28729,6.07888,40.1572,-3.53635,14.5583,47.4738,-3.82634,1.37463,54.8714
6.81234,-1.06021,31.5966,6.34393,-1.45174,27.3089,-2.43999,4.22177,50.1447,-3.13683,-8.55233,44.6294
2.03861,-1.19382,42.8658,0.372261,-4.12687,43.5159,-2.70624,2.3353,49.8668,-5.09599,-10.7208,54.5113
3.15009,-2.02934,38.7409,3.4503,-3.28709,35.2001,-3.20995,1.89251,50.7109,-3.61792,-9.77809,48.7287
3.12519,-2.33862,38.4171,3.8292,-3.3317,34.2907,-3.42464,1.62417,50.849,-3.45619,-9.72808,48.2217
2.93777,-2.27053,38.3448,3.79825,-3.27592,34.3079,-3.60844,1.71362,50.8837,-3.42146,-9.56498,48.2131
2.86206,-2.10385,38.1209,3.74283,-3.07167,34.4292,-3.72198,1.97555,50.8113,-3.40032,-9.23227,48.3018
2.84452,-1.86871,37.8187,3.66096,-2.78667,34.6321,-3.79914,2.34281,50.7255,-3.4102,-8.80952,48.5458
2.83019,-1.68897,37.5747,3.61862,-2.59655,34.8046,-3.85826,2.60748,50.6153,-3.40106,-8.56612,48.7841
2.84564,-1.2888,37.1984,3.53495,-2.18263,35.0742,-3.89029,3.15593,50.5022,-3.44318,-8.06778,49.1784
2.8882,-0.970894,36.9065,3.46446,-1.85513,35.3266,-3.89962,3.60363,50.441,-3.47363,-7.67824,49.5511
2.93178,-0.674485,36.6685,3.40606,-1.55805,35.5739,-3.90064,4.014,50.4276,-3.50115,-7.33735,49.9335
2.98647,-0.426219,36.5012,3.36414,-1.31174,35.7751,-3.88903,4.35875,50.4347,-3.51855,-7.06625,50.2414
3.06616,-0.1391,36.297,3.36658,-1.01876,35.929,-3.85049,4.73634,50.4504,-3.50826,-6.7471,50.5161
3.13052,0.0597167,36.1706,3.3807,-0.808355,35.9994,-3.8181,4.99909,50.4613,-3.4955,-6.51192,50.6462
3.18108,0.228041,36.0812,3.39758,-0.626963,36.0214,-3.79011,5.21777,50.4602,-3.48604,-6.3117,50.7112
3.20682,0.332374,36.0518,3.41139,-0.515137,36.0203,-3.77621,5.35463,50.4731,-3.48119,-6.18908,50.7271
3.22122,0.430435,36.0727,3.42591,-0.412298,36.0092,-3.76744,5.47225,50.4834,-3.47507,-6.07755,50.689
3.22696,0.467418,36.0849,3.43333,-0.370605,35.9903,-3.76463,5.52308,50.4771,-3.47378,-6.02587,50.6365
3.23158,0.485397,36.0893,3.43931,-0.347658,35.969,-3.76261,5.55441,50.467,-3.47395,-5.99479,50.5917
3.23679,0.496104,36.091,3.44596,-0.332673,35.9481,-3.7597,5.57851,50.4622,-3.47322,-5.97349,50.5578
3.24024,0.503843,36.0927,3.4514,-0.321223,35.9294,-3.75856,5.59928,50.4605,-3.47365,-5.95728,50.5294
3.2441,0.510316,36.0961,3.45748,-0.311669,35.9144,-3.75686,5.61781,50.4653,-3.47297,-5.94374,50.5095
3.24814,0.516252,36.099,3.46384,-0.303206,35.9001,-3.7549,5.63486,50.4698,-3.47172,-5.93199,50.4912
3.25226,0.521762,36.1021,3.47032,-0.295561,35.8875,-3.75291,5.65054,50.4751,-3.47021,-5.92164,50.4758
3.25641,0.526992,36.1058,3.47682,-0.288492,35.8766,-3.751,5.6651,50.4815,-3.46858,-5.9124,50.4634
3.26045,0.53194,36.1096,3.48313,-0.28199,35.8668,-3.74928,5.67874,50.4885,-3.46712,-5.90413,50.4531
3.26443,0.536668,36.1134,3.48932,-0.275918,35.858,-3.74778,5.69149,50.4955,-3.46576,-5.89671,50.4445
3.2683,0.54115,36.1171,3.49532,-0.270298,35.8502,-3.74648,5.70344,50.5028,-3.46458,-5.89006,50.4379
3.27186,0.545536,36.1207,3.50096,-0.26487,35.8432,-3.74576,5.71471,50.5094,-3.46381,-5.88404,50.4317
3.27537,0.549726,36.124,3.50641,-0.259862,35.8366,-3.7451,5.72541,50.5161,-3.46322,-5.8786,50.4269
3.27862,0.553814,36.1271,3.51155,-0.255064,35.8307,-3.74487,5.73554,50.5222,-3.46301,-5.87366,50.4229
3.28162,0.557853,36.1298,3.51636,-0.250415,35.825,-3.74505,5.7452,50.5276,-3.46316,-5.86913,50.419
3.28448,0.561747,36.1324,3.52093,-0.246062,35.8202,-3.74542,5.75437,50.5334,-3.46358,-5.86503,50.4169
3.28712,0.565676,36.1346,3.52522,-0.241765,35.8153,-3.74616,5.7632,50.5381,-3.46434,-5.86122,50.4145
3.28951,0.569586,36.1365,3.52926,-0.237522,35.811,-3.74731,5.77161,50.5425,-3.46546,-5.8577,50.413
3.29177,0.573322,36.1385,3.53307,-0.233642,35.8074,-3.74866,5.77968,50.5479,-3.46685,-5.85472,50.4135
3.29392,0.57745,36.1393,3.53679,-0.229228,35.8029,-3.75032,5.78754,50.5507,-3.46848,-5.85134,50.412
3.29603,0.581416,36.1401,3.54037,-0.225113,35.7991,-3.75209,5.7951,50.5548,-3.47032,-5.84842,50.413
3.29797,0.585595,36.1404,3.54391,-0.220666,35.7952,-3.75434,5.80244,50.5579,-3.47247,-5.84557,50.4139
3.30003,0.589798,36.1399,3.54744,-0.216267,35.7911,-3.75659,5.80973,50.5616,-3.47476,-5.84295,50.4161
3.30227,0.594569,36.1383,3.55111,-0.210982,35.7863,-3.75901,5.81713,50.5642,-3.47719,-5.83963,50.4182
3.30486,0.599893,36.1355,3.55489,-0.204969,35.7811,-3.76147,5.82516,50.5671,-3.47979,-5.83592,50.4216
3.30816,0.606702,36.1309,3.55872,-0.197056,35.7752,-3.76381,5.83504,50.5698,-3.48264,-5.83054,50.4255
3.31293,0.616725,36.1237,3.56221,-0.185305,35.7693,-3.76552,5.84963,50.5735,-3.48597,-5.82115,50.4315
3.32076,0.6345,36.1115,3.56429,-0.16455,35.7639,-3.76586,5.87591,50.5776,-3.49057,-5.80196,50.4384
3.33556,0.670196,36.0888,3.56163,-0.123477,35.7631,-3.76283,5.93037,50.5823,-3.49833,-5.75933,50.4472
3.36396,0.749944,36.0501,3.54417,-0.0367153,35.7834,-3.75133,6.05285,50.5891,-3.51352,-5.66056,50.4608
3.71278,2.84406,34.9654,3.1816,2.00562,36.9763,-3.6441,8.57454,49.6251,-3.63609,-3.27452,51.6149
4.46571,7.89536,32.4815,2.27889,6.11985,40.1976,-3.53122,14.6131,47.4443,-3.82865,1.41447,54.9208
6.81859,-1.0594,31.5739,6.33767,-1.45083,27.3274,-2.43872,4.22967,50.1375,-3.14178,-8.54746,44.6558
2.04797,-1.19294,42.8363,0.365675,-4.11955,43.536,-2.70436,2.34721,49.8582,-5.09968,-10.7156,54.5417
3.15871,-2.0249,38.7125,3.4446,-3.27786,35.2201,-3.20788,1.90683,50.6999,-3.62167,-9.76971,48.7601
3.13424,-2.3332,38.3879,3.82322,-3.32187,34.312,-3.42243,1.63932,50.8372,-3.45981,-9.71976,48.2542
2.94657,-2.26499,38.3168,3.79268,-3.26641,34.3284,-3.60624,1.72812,50.872,-3.42475,-9.55799,48.2452
2.87033,-2.09887,38.0947,3.73785,-3.06326,34.4481,-3.71989,1.98839,50.8002,-3.4033,-9.22726,48.3328
2.85208,-1.86483,37.7949,3.6566,-2.77991,34.6491,-3.79724,2.3533,50.7154,-3.4129,-8.80686,48.575
2.83734,-1.68541,37.5519,3.61472,-2.59024,34.8207,-3.85648,2.61684,50.6052,-3.40353,-8.56441,48.8126
2.85198,-1.2867,37.1783,3.53158,-2.17825,35.0883,-3.88874,3.1626,50.4934,-3.44547,-8.06833,49.2045
2.89377,-0.970093,36.8888,3.46163,-1.85237,35.3388,-3.89829,3.60796,50.4333,-3.47572,-7.68062,49.575
2.93663,-0.674843,36.6531,3.40368,-1.5567,35.5844,-3.89951,4.01631,50.421,-3.50308,-7.34122,49.9553
2.9907,-0.427478,36.4876,3.36213,-1.31147,35.7842,-3.88808,4.35951,50.4289,-3.52035,-7.07119,50.2612
3.06972,-0.141399,36.2856,3.36492,-1.01979,35.9365,-3.84971,4.73544,50.4458,-3.50995,-6.75317,50.5336
3.13354,0.0567301,36.1609,3.37934,-0.810242,36.0057,-3.81746,4.9971,50.4576,-3.49708,-6.51865,50.6619
3.18364,0.224551,36.073,3.39646,-0.629497,36.0266,-3.7896,5.21498,50.4572,-3.48753,-6.31884,50.7252
3.20902,0.328678,36.0447,3.41046,-0.517962,36.0246,-3.77578,5.3515,50.4707,-3.48259,-6.19626,50.7396
3.22315,0.426709,36.0665,3.42514,-0.415204,36.0128,-3.76707,5.46902,50.4816,-3.47638,-6.08456,50.7002
3.2287,0.463851,36.0794,3.43269,-0.373352,35.9934,-3.7643,5.52004,50.4756,-3.47501,-6.03247,50.6467
3.23318,0.48207,36.0843,3.43878,-0.350138,35.9716,-3.7623,5.55168,50.4657,-3.47511,-6.00089,50.6011
3.23828,0.493047,36.0863,3.44553,-0.334844,35.9503,-3.75941,5.57614,50.4612,-3.4743,-5.97906,50.5664
3.24165,0.50106,36.0884,3.45107,-0.323078,35.9312,-3.75827,5.59728,50.4596,-3.47466,-5.96233,50.5373
3.24544,0.507795,36.0921,3.45724,-0.313214,35.9158,-3.75658,5.61615,50.4647,-3.4739,-5.94828,50.5168
3.24942,0.513978,36.0952,3.4637,-0.304458,35.9012,-3.75462,5.63352,50.4693,-3.47258,-5.93607,50.4978
3.25349,0.519717,36.0986,3.47028,-0.296537,35.8882,-3.75263,5.6495,50.4748,-3.47098,-5.92529,50.4819
3.25759,0.525159,36.1025,3.47686,-0.289211,35.877,-3.75072,5.66434,50.4814,-3.46928,-5.91564,50.4689
3.26159,0.530302,36.1066,3.48326,-0.282472,35.8669,-3.749,5.67822,50.4885,-3.46774,-5.90699,50.4582
3.26553,0.535208,36.1105,3.48954,-0.276178,35.8578,-3.74749,5.6912,50.4957,-3.4663,-5.89922,50.4491
3.26936,0.539855,36.1144,3.49562,-0.270351,35.8498,-3.74619,5.70337,50.5031,-3.46506,-5.89225,50.442
3.27289,0.544393,36.1182,3.50135,-0.264732,35.8424,-3.74546,5.71483,50.5098,-3.46421,-5.88593,50.4354
3.27638,0.548724,36.1216,3.50687,-0.259544,35.8356,-3.74479,5.7257,50.5166,-3.46355,-5.8802,50.4302
3.2796,0.552943,36.1248,3.51208,-0.254578,35.8294,-3.74455,5.736,50.5229,-3.46326,-5.87499,50.4258
3.28257,0.557105,36.1277,3.51696,-0.24977,35.8236,-3.74472,5.74581,50.5283,-3.46335,-5.87021,50.4215
3.28541,0.561115,36.1305,3.5216,-0.245266,35.8185,-3.74508,5.75513,50.5342,-3.46369,-5.86586,50.4191
3.28802,0.565154,36.1327,3.52595,-0.240825,35.8134,-3.74581,5.7641,50.539,-3.46438,-5.86182,50.4163
3.29039,0.569171,36.1348,3.53005,-0.236445,35.8089,-3.74695,5.77265,50.5435,-3.46543,-5.85807,50.4144
3.29262,0.573011,36.1369,3.53392,-0.232432,35.8052,-3.74829,5.78084,50.549,-3.46676,-5.85486,50.4146
3.29474,0.577239,36.1379,3.53769,-0.227889,35.8005,-3.74993,5.78883,50.5518,-3.46833,-5.85127,50.4128
3.29682,0.581307,36.1389,3.54132,-0.22365,35.7966,-3.75169,5.79651,50.5559,-3.47011,-5.84813,50.4135
3.29872,0.585586,36.1392,3.54489,-0.219081,35.7925,-3.75393,5.80398,50.5591,-3.4722,-5.84507,50.4139
3.30073,0.589889,36.139,3.54845,-0.214567,35.7882,-3.75617,5.81139,50.5628,-3.47442,-5.84223,50.4158
3.30292,0.594756,36.1375,3.55214,-0.209177,35.7834,-3.75859,5.8189,50.5654,-3.4768,-5.83871,50.4176
3.30542,0.600167,36.135,3.55593,-0.203079,35.7781,-3.76105,5.82702,50.5684,-3.47935,-5.8348,50.4205
3.30861,0.607032,36.1307,3.55977,-0.195127,35.7721,-3.76341,5.83694,50.5711,-3.48215,-5.82927,50.424
3.31323,0.617034,36.1239,3.56325,-0.183439,35.7662,-3.76516,5.85144,50.5748,-3.48543,-5.81983,50.4294
3.32079,0.634599,36.1124,3.56535,-0.162981,35.7606,-3.76558,5.87734,50.5788,-3.48997,-5.80083,50.4357
3.33514,0.669646,36.0908,3.5628,-0.122726,35.7594,-3.7627,5.93074,50.5838,-3.49762,-5.75894,50.4435
3.3627,0.747741,36.054,3.54564,-0.0379725,35.7788,-3.75154,6.05063,50.5913,-3.5126,-5.6622,50.4555
3.70849,2.83352,34.98,3.1845,1.99406,36.9638,-3.64531,8.5597,49.6347,-3.63477,-3.2862,51.5997
4.45638,7.87131,32.5147,2.28497,6.09165,40.1688,-3.53409,14.5773,47.4676,-3.82679,1.38579,54.8871
6.833,-1.17018,31.5885,6.30739,-1.63481,27.3244,-2.43151,4.17251,50.2903,-3.17394,-8.73113,44.7002
2.04288,-1.37076,42.9253,0.385181,-4.32225,43.4111,-2.70755,2.23524,50.1032,-5.10441,-10.9512,54.4875
3.13373,-2.23614,38.8763,3.48313,-3.49997,35.0268,-3.22043,1.7556,51.0123,-3.61589,-10.0124,48.6198
3.09263,-2.56147,38.6038,3.88275,-3.54158,34.059,-3.445,1.4774,51.2025,-3.44085,-9.94526,48.0422
2.89224,-2.48787,38.5674,3.86571,-3.46611,34.0378,-3.63823,1.58178,51.2755,-3.39516,-9.74515,47.9799
2.80699,-2.29836,38.3669,3.81779,-3.23138,34.1376,-3.75989,1.87728,51.2285,-3.36555,-9.36296,48.0286
2.78341,-2.02801,38.0762,3.73881,-2.90849,34.3331,-3.84365,2.28984,51.1549,-3.36921,-8.88408,48.2468
2.76455,-1.81847,37.847,3.69793,-2.68898,34.4954,-3.90704,2.59511,51.0628,-3.35568,-8.599,48.4587
2.77648,-1.38083,37.4712,3.61476,-2.24092,34.7697,-3.94433,3.18465,50.9458,-3.39325,-8.05434,48.844
2.81902,-1.0255,37.1732,3.54161,-1.87953,35.0337,-3.95637,3.67284,50.8747,-3.42158,-7.62202,49.217
2.86421,-0.695839,36.9246,3.4798,-1.5526,35.2958,-3.9589,4.11671,50.8457,-3.44795,-7.24601,49.6063
2.92141,-0.421064,36.7448,3.43433,-1.28244,35.5125,-3.9478,4.4858,50.8346,-3.46496,-6.94939,49.925
3.0046,-0.109947,36.523,3.43247,-0.968282,35.6869,-3.90927,4.88201,50.8244,-3.45496,-6.60885,50.2179
3.07339,0.106818,36.3783,3.44193,-0.741446,35.7771,-3.87568,5.15655,50.8093,-3.44346,-6.35985,50.3683
3.12843,0.287718,36.2702,3.45443,-0.548511,35.8185,-3.8461,5.3801,50.781,-3.43558,-6.15268,50.4552
3.15843,0.398653,36.2235,3.46436,-0.430414,35.8345,-3.83018,5.5153,50.7684,-3.43258,-6.03025,50.4923
3.17659,0.498824,36.2286,3.47556,-0.325705,35.8387,-3.81929,5.62624,50.7545,-3.42835,-5.92426,50.4749
3.18569,0.533727,36.227,3.48026,-0.285924,35.8324,-3.8142,5.66651,50.7266,-3.42897,-5.88255,50.4411
3.19318,0.546938,36.2194,3.48401,-0.26756,35.8218,-3.80994,5.68495,50.6969,-3.43097,-5.86401,50.4133
3.20097,0.551453,36.2103,3.48869,-0.258605,35.8104,-3.80479,5.69539,50.6742,-3.43205,-5.85612,50.3949
3.20684,0.55242,36.2021,3.49228,-0.253792,35.8004,-3.80141,5.70269,50.656,-3.43431,-5.85315,50.3806
3.21302,0.55203,36.1963,3.49656,-0.250978,35.7933,-3.79745,5.70847,50.6457,-3.43548,-5.85211,50.3737
3.21933,0.551299,36.1907,3.50114,-0.249072,35.7865,-3.79322,5.71376,50.6361,-3.43613,-5.85188,50.3672
3.22568,0.550477,36.1857,3.50586,-0.247649,35.7808,-3.78894,5.71873,50.6285,-3.43652,-5.85198,50.3626
3.23201,0.549779,36.1818,3.5106,-0.246401,35.7764,-3.78477,5.72362,50.6229,-3.43681,-5.85213,50.3601
3.23817,0.549226,36.1785,3.51519,-0.245291,35.7726,-3.78079,5.72857,50.6187,-3.43726,-5.85226,50.359
3.24421,0.54888,36.1756,3.51969,-0.24418,35.7695,-3.77706,5.73353,50.6154,-3.43778,-5.85231,50.3588
3.25008,0.548705,36.173,3.52404,-0.243102,35.7671,-3.77358,5.73853,50.6131,-3.43847,-5.85231,50.3598
3.25556,0.548834,36.1707,3.52811,-0.241815,35.765,-3.77072,5.74359,50.6107,-3.43951,-5.85217,50.3606
3.26092,0.549144,36.1685,3.53204,-0.240567,35.763,-3.76797,5.74874,50.609,-3.44067,-5.85193,50.3623
3.26593,0.549705,36.1664,3.53571,-0.239175,35.7613,-3.76571,5.75393,50.6074,-3.44217,-5.85159,50.3642
3.2706,0.550548,36.1642,3.53913,-0.237598,35.7597,-3.76392,5.75918,50.6055,-3.44397,-5.85111,50.3658
3.27504,0.551553,36.1624,3.54237,-0.236012,35.7586,-3.76239,5.76442,50.6044,-3.44598,-5.85057,50.3686
3.27917,0.552877,36.1604,3.54538,-0.234197,35.7572,-3.76129,5.76974,50.6026,-3.44826,-5.84989,50.3708
3.28296,0.554447,36.1585,3.54821,-0.232178,35.7562,-3.76067,5.77501,50.601,-3.45085,-5.84913,50.3733
3.28652,0.55608,36.1569,3.55086,-0.230288,35.7557,-3.76031,5.78024,50.6006,-3.45365,-5.84856,50.3776
3.28985,0.558336,36.1544,3.55346,-0.227647,35.7541,-3.76034,5.78556,50.5978,-3.45664,-5.84731,50.3795
3.29303,0.560637,36.1523,3.55595,-0.225113,35.7531,-3.76055,5.7908,50.5965,-3.4598,-5.84626,50.3836
3.29592,0.563346,36.1498,3.55841,-0.222078,35.7519,-3.76134,5.79602,50.5944,-3.46321,-5.84508,50.3872
3.29878,0.566256,36.1471,3.56087,-0.218945,35.7505,-3.7622,5.80133,50.5931,-3.46672,-5.84394,50.3918
3.30165,0.569913,36.1434,3.56347,-0.2148,35.7484,-3.76335,5.80684,50.5906,-3.47034,-5.84198,50.3961
3.30466,0.574299,36.1391,3.56612,-0.209822,35.7461,-3.76466,5.81302,50.5884,-3.47411,-5.83954,50.4014
3.30813,0.580367,36.1332,3.56878,-0.20286,35.7433,-3.76602,5.82099,50.5857,-3.47809,-5.83537,50.407
3.31274,0.58993,36.125,3.571,-0.191955,35.741,-3.76695,5.8335,50.5833,-3.48254,-5.82713,50.4149
3.32,0.60779,36.1118,3.57166,-0.171809,35.7404,-3.76682,5.85744,50.5798,-3.48823,-5.80891,50.4244
3.33374,0.644903,36.0869,3.56734,-0.13059,35.7468,-3.76379,5.90933,50.5737,-3.49704,-5.76651,50.438
3.36042,0.729784,36.0427,3.54775,-0.0412027,35.7799,-3.75304,6.02979,50.5623,-3.51322,-5.66539,50.4625
3.71224,2.90885,34.8819,3.16641,2.06605,37.0773,-3.65201,8.60967,49.4803,-3.6415,-3.19522,51.7144
4.50087,8.21486,32.2035,2.20734,6.40421,40.5287,-3.53516,14.8809,47.0698,-3.85858,1.75823,55.2458
6.83249,-1.09073,31.5435,6.31872,-1.50379,27.3543,-2.43471,4.22682,50.1739,-3.15928,-8.59118,44.7074
2.06183,-1.2425,42.8136,0.360456,-4.16544,43.5322,-2.70222,2.33655,49.9161,-5.10717,-10.7722,54.5737
3.16633,-2.07683,38.7105,3.44562,-3.32497,35.1991,-3.20792,1.89009,50.7707,-3.62656,-9.82199,48.7718
3.13836,-2.38714,38.3976,3.82927,-3.36618,34.2779,-3.42483,1.622,50.9196,-3.46095,-9.76652,48.2496
2.94716,-2.31629,38.3365,3.80284,-3.30481,34.2839,-3.61107,1.71474,50.9633,-3.42254,-9.59586,48.227
2.86786,-2.14401,38.1225,3.75065,-3.09418,34.3968,-3.72694,1.98223,50.8978,-3.39844,-9.25412,48.3035
2.8472,-1.90147,37.8283,3.6709,-2.80235,34.594,-3.80621,2.35619,50.8166,-3.40603,-8.82169,48.5374
2.83071,-1.71466,37.5907,3.63,-2.60566,34.7619,-3.86669,2.62852,50.7106,-3.39518,-8.5701,48.7674
2.84336,-1.30765,37.2205,3.54766,-2.18688,35.0286,-3.90062,3.18133,50.5986,-3.43567,-8.06469,49.1545
2.88409,-0.982793,36.9325,3.47766,-1.85414,35.2799,-3.91116,3.63391,50.5367,-3.46512,-7.66829,49.5225
2.92638,-0.68038,36.6969,3.4194,-1.55256,35.5273,-3.91305,4.04793,50.5211,-3.49198,-7.32192,49.9019
2.9802,-0.427418,36.5307,3.37743,-1.30268,35.7293,-3.90198,4.39494,50.5251,-3.50897,-7.04697,50.2082
3.0592,-0.136484,36.3269,3.37957,-1.00721,35.8849,-3.86386,4.77315,50.5364,-3.49852,-6.725,50.4824
3.1234,0.0652587,36.1997,3.39318,-0.794658,35.9575,-3.83149,5.03603,50.5423,-3.48584,-6.48801,50.6133
3.17398,0.235525,36.109,3.40951,-0.611916,35.9818,-3.80336,5.25376,50.5358,-3.47658,-6.28715,50.6798
3.19993,0.340887,36.0778,3.4228,-0.499323,35.983,-3.78915,5.38903,50.5434,-3.472,-6.16495,50.6976
3.21461,0.439245,36.0969,3.43688,-0.396359,35.974,-3.77998,5.5044,50.5486,-3.46617,-6.05467,50.6618
3.22072,0.475882,36.1071,3.44395,-0.354952,35.9569,-3.77667,5.55271,50.5374,-3.46518,-6.00483,50.6116
3.22572,0.493052,36.1097,3.44965,-0.332695,35.937,-3.77412,5.58127,50.5229,-3.46563,-5.97597,50.569
3.23133,0.502702,36.1096,3.45606,-0.318628,35.9175,-3.77066,5.6026,50.5141,-3.46518,-5.95696,50.5371
3.2352,0.509285,36.1096,3.46128,-0.308193,35.9001,-3.76895,5.62071,50.5086,-3.4659,-5.94297,50.5105
3.23949,0.514583,36.1113,3.46713,-0.299671,35.8862,-3.76667,5.63677,50.5101,-3.46551,-5.93147,50.4924
3.24397,0.519377,36.1127,3.47327,-0.292214,35.8729,-3.76412,5.65158,50.5114,-3.46456,-5.92156,50.4756
3.24854,0.523801,36.1144,3.47953,-0.285521,35.8613,-3.76152,5.66525,50.5138,-3.46335,-5.91285,50.4616
3.25315,0.528014,36.1167,3.48579,-0.279338,35.8512,-3.75902,5.67801,50.5176,-3.46203,-5.90504,50.4505
3.25764,0.53202,36.1192,3.49187,-0.273653,35.8422,-3.7567,5.69005,50.5221,-3.46088,-5.898,50.4413
3.26206,0.535881,36.1217,3.49784,-0.268326,35.8342,-3.7546,5.70138,50.5268,-3.45982,-5.89166,50.4338
3.26637,0.539571,36.1242,3.50361,-0.263378,35.8271,-3.75272,5.71208,50.5321,-3.45894,-5.88592,50.428
3.27035,0.543239,36.1267,3.50905,-0.258552,35.8207,-3.75142,5.72225,50.5367,-3.45845,-5.88067,50.4226
3.27427,0.546783,36.129,3.51429,-0.254078,35.8148,-3.75019,5.73198,50.5415,-3.45813,-5.87587,50.4185
3.27791,0.550292,36.1311,3.51923,-0.249749,35.8094,-3.74941,5.74127,50.546,-3.45818,-5.87146,50.4151
3.28128,0.553818,36.1329,3.52386,-0.245506,35.8042,-3.74905,5.75018,50.5497,-3.45858,-5.86736,50.4117
3.28449,0.557262,36.1348,3.52825,-0.241499,35.7998,-3.74889,5.75872,50.554,-3.45923,-5.86359,50.41
3.28745,0.560801,36.1362,3.53236,-0.237492,35.7954,-3.74913,5.76699,50.5572,-3.46021,-5.86002,50.408
3.29014,0.564381,36.1375,3.53624,-0.233487,35.7915,-3.74979,5.77494,50.5603,-3.46153,-5.85667,50.4067
3.29267,0.567841,36.139,3.53989,-0.229794,35.7883,-3.75066,5.7826,50.5644,-3.46312,-5.85378,50.4073
3.29504,0.571748,36.1393,3.54345,-0.225522,35.7842,-3.75186,5.79012,50.5659,-3.46493,-5.85044,50.4059
3.29734,0.575547,36.1397,3.54686,-0.221508,35.7807,-3.75319,5.79738,50.5687,-3.46695,-5.84749,50.4069
3.29942,0.579611,36.1397,3.55021,-0.217125,35.7772,-3.75505,5.80448,50.5706,-3.46926,-5.84457,50.4076
3.30155,0.583748,36.1391,3.55354,-0.212763,35.7735,-3.75692,5.81155,50.573,-3.47171,-5.84183,50.4097
3.30379,0.588496,36.1376,3.55698,-0.207505,35.7692,-3.759,5.81873,50.5743,-3.47431,-5.83838,50.4114
3.30626,0.593828,36.1351,3.56049,-0.201533,35.7646,-3.76117,5.8265,50.5759,-3.47708,-5.83455,50.4143
3.3093,0.60064,36.131,3.56401,-0.193736,35.7594,-3.76332,5.83599,50.5771,-3.48008,-5.82913,50.4176
3.3136,0.610586,36.1246,3.56716,-0.182289,35.7544,-3.76493,5.84985,50.5792,-3.48358,-5.8199,50.4229
3.3206,0.628048,36.1137,3.56889,-0.162266,35.75,-3.76536,5.87469,50.5812,-3.4883,-5.80133,50.429
3.33402,0.662893,36.093,3.56599,-0.122821,35.7505,-3.76273,5.92617,50.5834,-3.49608,-5.7603,50.4369
3.36,0.740725,36.0573,3.5486,-0.0395133,35.7723,-3.75222,6.04252,50.5865,-3.51105,-5.6651,50.4499
3.70266,2.84094,34.9755,3.18391,1.99835,36.977,-3.64909,8.55236,49.6059,-3.63429,-3.27714,51.6089
4.453,7.93157,32.4832,2.27309,6.13506,40.2233,-3.53914,14.6055,47.3944,-3.83223,1.44501,54.9327
6.82744,-1.0681,31.5479,6.32713,-1.46598,27.349,-2.43663,4.2356,50.1441,-3.15091,-8.55547,44.6901
2.05937,-1.20688,42.8067,0.358877,-4.12743,43.5502,-2.70225,2.35418,49.8695,-5.10488,-10.7273,54.574
3.16781,-2.03661,38.6893,3.44023,-3.28456,35.2296,-3.20623,1.9139,50.7125,-3.62622,-9.77779,48.7877
3.14274,-2.34466,38.3673,3.82004,-3.32721,34.3189,-3.4213,1.64682,50.8522,-3.46319,-9.72644,48.2783
2.95394,-2.27556,38.2997,3.791,-3.27024,34.3318,-3.60576,1.73616,50.8892,-3.42692,-9.56332,48.2654
2.87645,-2.1081,38.0812,3.73738,-3.06576,34.4486,-3.7201,1.99706,50.8193,-3.40448,-9.23115,48.3492
2.857,-1.87249,37.7848,3.65705,-2.78124,34.6471,-3.79811,2.36257,50.7361,-3.41328,-8.80927,48.5879
2.84143,-1.69132,37.5441,3.6158,-2.59002,34.817,-3.85779,2.6275,50.6268,-3.40331,-8.5652,48.8229
2.85488,-1.29136,37.1736,3.5333,-2.17757,35.0829,-3.89068,3.17305,50.5158,-3.4447,-8.06827,49.2118
2.89575,-0.973424,36.8863,3.46375,-1.85101,35.3322,-3.90069,3.61852,50.4559,-3.47457,-7.67958,49.5798
2.93787,-0.677053,36.6524,3.40606,-1.55479,35.577,-3.90226,4.0268,50.4434,-3.50167,-7.33943,49.9583
2.99136,-0.428814,36.4882,3.36469,-1.30911,35.7763,-3.89107,4.3698,50.4508,-3.51875,-7.06887,50.2628
3.06985,-0.142148,36.2873,3.36757,-1.01734,35.9284,-3.85291,4.74504,50.467,-3.50824,-6.7506,50.5339
3.13333,0.0564743,36.1633,3.382,-0.807614,35.9975,-3.82075,5.00617,50.4778,-3.49534,-6.51589,50.6615
3.18318,0.22461,36.0758,3.3991,-0.626797,36.0185,-3.79291,5.22338,50.4764,-3.48578,-6.31608,50.7242
3.20843,0.328935,36.0476,3.41307,-0.515178,36.0167,-3.77906,5.35927,50.4887,-3.48087,-6.19362,50.7384
3.22248,0.427052,36.0694,3.42772,-0.41241,36.0051,-3.77028,5.47613,50.4984,-3.47469,-6.08215,50.699
3.22802,0.464191,36.0821,3.43525,-0.370541,35.9858,-3.7674,5.52655,50.4912,-3.47335,-6.03035,50.6456
3.23253,0.48232,36.0868,3.44133,-0.347368,35.9642,-3.76527,5.55759,50.4803,-3.47347,-5.99911,50.6001
3.23768,0.493155,36.0886,3.44808,-0.332156,35.943,-3.76223,5.58149,50.4748,-3.4727,-5.97763,50.5656
3.24111,0.501001,36.0904,3.45361,-0.320492,35.9241,-3.76095,5.60209,50.4723,-3.47309,-5.96122,50.5365
3.24498,0.50756,36.0938,3.45978,-0.31074,35.9088,-3.7591,5.62047,50.4766,-3.47236,-5.94747,50.5162
3.24905,0.513566,36.0967,3.46623,-0.302098,35.8943,-3.75698,5.63741,50.4804,-3.47108,-5.93551,50.4973
3.25321,0.519133,36.0998,3.4728,-0.294286,35.8814,-3.75482,5.653,50.4852,-3.46952,-5.92494,50.4814
3.25741,0.524412,36.1034,3.47937,-0.287062,35.8702,-3.75275,5.66749,50.4912,-3.46786,-5.91547,50.4685
3.26151,0.529403,36.1072,3.48576,-0.280415,35.8601,-3.75086,5.68108,50.4978,-3.46636,-5.90696,50.4578
3.26554,0.53417,36.111,3.49202,-0.274204,35.8511,-3.74918,5.69379,50.5044,-3.46496,-5.89929,50.4488
3.26948,0.53869,36.1147,3.49809,-0.268449,35.8431,-3.74772,5.70572,50.5113,-3.46376,-5.8924,50.4417
3.27311,0.543114,36.1182,3.5038,-0.26289,35.8359,-3.74682,5.71699,50.5176,-3.46295,-5.88613,50.4351
3.27669,0.547345,36.1215,3.50931,-0.257751,35.8291,-3.746,5.72769,50.5239,-3.46231,-5.88042,50.4299
3.28,0.551477,36.1245,3.51451,-0.252822,35.8229,-3.7456,5.73785,50.5298,-3.46206,-5.87521,50.4254
3.28306,0.555565,36.1272,3.51938,-0.248039,35.817,-3.74562,5.74754,50.5348,-3.46217,-5.87042,50.4211
3.28598,0.559516,36.1298,3.52401,-0.243549,35.812,-3.74583,5.75676,50.5404,-3.46254,-5.86604,50.4186
3.28866,0.563508,36.132,3.52835,-0.23911,35.8069,-3.74642,5.76565,50.5448,-3.46325,-5.86194,50.4157
3.2911,0.567493,36.134,3.53244,-0.23472,35.8024,-3.74741,5.77414,50.549,-3.46432,-5.85812,50.4137
3.29339,0.571314,36.136,3.53629,-0.230686,35.7987,-3.74861,5.78229,50.5541,-3.46565,-5.85483,50.4137
3.29555,0.575539,36.137,3.54004,-0.226113,35.794,-3.75013,5.79025,50.5566,-3.46723,-5.85114,50.4118
3.29766,0.579617,36.1379,3.54365,-0.221833,35.7901,-3.75176,5.79791,50.5605,-3.46903,-5.84788,50.4123
3.29957,0.583924,36.1383,3.5472,-0.217215,35.7861,-3.75389,5.80537,50.5633,-3.47112,-5.8447,50.4125
3.30157,0.588269,36.1381,3.55071,-0.212646,35.7819,-3.75602,5.81277,50.5667,-3.47336,-5.84172,50.4142
3.30371,0.59319,36.1368,3.55436,-0.207203,35.7771,-3.75835,5.82028,50.5689,-3.47575,-5.83806,50.4156
3.30613,0.598661,36.1346,3.55807,-0.201064,35.772,-3.76073,5.82836,50.5715,-3.47831,-5.83403,50.4182
3.30917,0.605576,36.1306,3.56182,-0.193111,35.7662,-3.76306,5.83819,50.5737,-3.48112,-5.82842,50.4213
3.31354,0.615575,36.1243,3.56522,-0.181519,35.7604,-3.7648,5.85244,50.577,-3.48442,-5.819,50.4263
3.32072,0.632997,36.1135,3.56722,-0.161374,35.7551,-3.7653,5.87776,50.5805,-3.48895,-5.80025,50.432
3.33444,0.667575,36.093,3.56464,-0.121903,35.7541,-3.76263,5.92985,50.5848,-3.49656,-5.75913,50.4391
3.3609,0.744499,36.0581,3.54764,-0.0389369,35.7735,-3.75191,6.04688,50.5915,-3.51138,-5.66423,50.4502
3.70344,2.82848,34.9901,3.18655,1.98713,36.9582,-3.64736,8.54675,49.6337,-3.63356,-3.29215,51.5908
4.44784,7.87092,32.5321,2.28631,6.08259,40.1623,-3.53789,14.5579,47.4649,-3.82677,1.38082,54.8741
6.8235,-1.06196,31.5581,6.33213,-1.45548,27.3403,-2.43765,4.23452,50.1378,-3.14644,-8.5479,44.6751
2.0548,-1.19714,42.8169,0.361206,-4.11967,43.5472,-2.70304,2.35382,49.8593,-5.10265,-10.7173,54.562
3.16459,-2.02715,38.6953,3.44118,-3.27696,35.2299,-3.20663,1.91425,50.7004,-3.62448,-9.7692,48.7794
3.1401,-2.33504,38.3712,3.82007,-3.32032,34.3215,-3.42128,1.64712,50.8381,-3.46221,-9.71892,48.2728
2.95203,-2.26651,38.3015,3.79014,-3.26448,34.3365,-3.60527,1.73581,50.8735,-3.42666,-9.55728,48.2627
2.87523,-2.10017,38.0811,3.73589,-3.06128,34.4549,-3.71916,1.99563,50.8023,-3.4048,-9.22685,48.3488
2.85638,-1.86603,37.7832,3.65515,-2.77813,34.6545,-3.79677,2.35985,50.7183,-3.41405,-8.80686,48.5894
2.84124,-1.68622,37.5412,3.61362,-2.58817,34.8253,-3.85618,2.62333,50.6082,-3.40441,-8.56433,48.8259
2.85523,-1.28761,37.1695,3.53086,-2.17669,35.0917,-3.88871,3.16806,50.4971,-3.44612,-8.06878,49.2162
2.89646,-0.971041,36.8815,3.46122,-1.85116,35.3412,-3.89848,3.61261,50.4374,-3.47618,-7.68142,49.5852
2.93884,-0.675843,36.6471,3.4035,-1.55582,35.586,-3.89988,4.0202,50.4253,-3.50341,-7.34232,49.9642
2.9925,-0.428517,36.4827,3.36214,-1.31083,35.7851,-3.88859,4.36278,50.4334,-3.52057,-7.0725,50.269
3.07113,-0.1426,36.2818,3.36508,-1.01955,35.9368,-3.85035,4.73791,50.4504,-3.5101,-6.75479,50.5402
3.13465,0.0554527,36.1579,3.37961,-0.81024,36.0055,-3.81818,4.99903,50.4622,-3.49718,-6.52043,50.6676
3.1845,0.22321,36.0706,3.39681,-0.629687,36.0261,-3.79036,5.21644,50.4618,-3.48759,-6.32074,50.7301
3.20971,0.327337,36.0427,3.41088,-0.518216,36.0239,-3.77658,5.35265,50.4752,-3.48262,-6.1982,50.7439
3.22371,0.425397,36.0649,3.42561,-0.415471,36.0119,-3.76787,5.46994,50.4858,-3.47639,-6.08648,50.7041
3.22919,0.462605,36.078,3.43321,-0.373547,35.9923,-3.76508,5.52086,50.4796,-3.47499,-6.03433,50.6503
3.23362,0.480891,36.083,3.43934,-0.350241,35.9703,-3.76305,5.55244,50.4695,-3.47506,-6.00267,50.6044
3.2387,0.491929,36.0851,3.44613,-0.334853,35.9489,-3.76012,5.57687,50.4648,-3.47424,-5.98074,50.5694
3.24206,0.499997,36.0872,3.4517,-0.322996,35.9298,-3.75895,5.59797,50.4631,-3.47457,-5.96391,50.5401
3.24584,0.50678,36.0909,3.45791,-0.313048,35.9142,-3.75721,5.61683,50.4679,-3.47379,-5.94976,50.5194
3.24982,0.513004,36.0941,3.4644,-0.304215,35.8995,-3.75521,5.63419,50.4724,-3.47245,-5.93745,50.5002
3.2539,0.518778,36.0976,3.47101,-0.296223,35.8865,-3.75316,5.65017,50.4778,-3.47084,-5.92657,50.4841
3.25801,0.524251,36.1015,3.47763,-0.28883,35.8751,-3.7512,5.66501,50.4843,-3.46912,-5.91683,50.4709
3.26202,0.529421,36.1055,3.48406,-0.282029,35.8649,-3.74943,5.6789,50.4913,-3.46756,-5.90808,50.46
3.26597,0.534354,36.1095,3.49037,-0.275676,35.8557,-3.74787,5.69188,50.4983,-3.46611,-5.90022,50.4508
3.26982,0.539024,36.1134,3.49647,-0.269794,35.8476,-3.74652,5.70405,50.5057,-3.46484,-5.89315,50.4435
3.27337,0.543585,36.1171,3.50222,-0.264121,35.8402,-3.74574,5.71553,50.5123,-3.46398,-5.88673,50.4367
3.27687,0.547939,36.1206,3.50778,-0.25888,35.8333,-3.74502,5.72642,50.519,-3.4633,-5.8809,50.4314
3.28011,0.552181,36.1238,3.51301,-0.253862,35.827,-3.74473,5.73674,50.5252,-3.463,-5.8756,50.4268
3.2831,0.556366,36.1266,3.51792,-0.249003,35.8211,-3.74485,5.74657,50.5306,-3.46306,-5.87072,50.4224
3.28595,0.560402,36.1295,3.52257,-0.244447,35.816,-3.74517,5.75591,50.5364,-3.46339,-5.86628,50.4198
3.28857,0.564468,36.1317,3.52695,-0.239954,35.8108,-3.74585,5.7649,50.5411,-3.46405,-5.86213,50.4169
3.29095,0.568515,36.1339,3.53107,-0.23552,35.8062,-3.74695,5.77348,50.5455,-3.46508,-5.85829,50.4149
3.29319,0.572388,36.136,3.53495,-0.231451,35.8024,-3.74823,5.78171,50.5509,-3.46639,-5.85497,50.4149
3.29531,0.576653,36.137,3.53874,-0.226852,35.7977,-3.74984,5.78973,50.5537,-3.46793,-5.85128,50.4129
3.29738,0.580762,36.138,3.54238,-0.222554,35.7937,-3.75155,5.79745,50.5577,-3.46969,-5.84802,50.4134
3.29927,0.585088,36.1385,3.54595,-0.217925,35.7896,-3.75376,5.80496,50.5608,-3.47176,-5.84485,50.4137
3.30126,0.589443,36.1383,3.54951,-0.213351,35.7853,-3.75597,5.81241,50.5644,-3.47397,-5.8419,50.4153
3.3034,0.594366,36.137,3.5532,-0.207905,35.7804,-3.75836,5.81995,50.5669,-3.47632,-5.83826,50.4169
3.30584,0.599831,36.1347,3.55697,-0.20176,35.7752,-3.7608,5.82809,50.5698,-3.47886,-5.83426,50.4196
3.30894,0.606739,36.1306,3.56078,-0.193789,35.7693,-3.76316,5.838,50.5723,-3.48164,-5.82865,50.4227
3.31342,0.616744,36.1241,3.56424,-0.182144,35.7633,-3.76492,5.85239,50.5759,-3.48491,-5.8192,50.4279
3.32076,0.634212,36.113,3.56631,-0.161868,35.7578,-3.7654,5.87798,50.5798,-3.48942,-5.80034,50.4337
3.33475,0.668928,36.0921,3.56378,-0.122105,35.7566,-3.76265,5.93063,50.5846,-3.49702,-5.75893,50.441
3.36169,0.746166,36.0567,3.54677,-0.0385218,35.7756,-3.75174,6.04881,50.592,-3.51188,-5.66338,50.4522
3.70542,2.82874,34.9882,3.18613,1.98826,36.9579,-3.64637,8.55084,49.6377,-3.63392,-3.29187,51.5918
4.45039,7.86335,32.5318,2.28749,6.07932,40.157,-3.53631,14.5591,47.4748,-3.82609,1.37453,54.8715
6.81231,-1.06022,31.5968,6.34395,-1.45178,27.3088,-2.43999,4.22174,50.1448,-3.13681,-8.5523,44.6291
2.03855,-1.19383,42.8661,0.372291,-4.12697,43.5157,-2.70626,2.33522,49.8669,-5.09597,-10.7208,54.511
3.15001,-2.02938,38.7412,3.45033,-3.2872,35.1999,-3.20997,1.8924,50.7111,-3.6179,-9.77812,48.7284
3.1251,-2.33866,38.4175,3.82924,-3.33182,34.2905,-3.42466,1.62406,50.8492,-3.45616,-9.72813,48.2214
2.93767,-2.27057,38.3452,3.7983,-3.27603,34.3078,-3.60846,1.71352,50.8839,-3.42143,-9.56502,48.2128
2.86196,-2.10387,38.1212,3.74287,-3.07177,34.429,-3.722,1.97548,50.8114,-3.40029,-9.23228,48.3015
2.84442,-1.86872,37.819,3.661,-2.78675,34.6319,-3.79916,2.34277,50.7257,-3.41016,-8.8095,48.5454
2.83009,-1.68895,37.575,3.61865,-2.59662,34.8044,-3.85828,2.60746,50.6155,-3.40102,-8.56609,48.7837
2.84554,-1.28877,37.1987,3.53498,-2.18268,35.0741,-3.89032,3.15595,50.5024,-3.44314,-8.06773,49.178
2.88812,-0.970849,36.9068,3.4645,-1.85516,35.3264,-3.89964,3.60367,50.4411,-3.47358,-7.67816,49.5507
2.9317,-0.674427,36.6688,3.40609,-1.55806,35.5738,-3.90066,4.01406,50.4277,-3.5011,-7.33725,49.9332
2.9864,-0.426152,36.5014,3.36417,-1.31174,35.775,-3.88905,4.35883,50.4348,-3.51851,-7.06614,50.2411
3.06609,-0.139027,36.2972,3.3666,-1.01874,35.9289,-3.85051,4.73642,50.4505,-3.50822,-6.74697,50.5157
3.13046,0.0597935,36.1708,3.38072,-0.808328,35.9993,-3.81811,4.99918,50.4614,-3.49546,-6.51178,50.646
3.18103,0.228118,36.0814,3.3976,-0.626928,36.0214,-3.79013,5.21786,50.4603,-3.486,-6.31156,50.711
3.20677,0.33245,36.0519,3.4114,-0.515099,36.0203,-3.77623,5.35472,50.4732,-3.48115,-6.18894,50.7268
3.22118,0.430507,36.0729,3.42592,-0.412259,36.0092,-3.76745,5.47233,50.4835,-3.47503,-6.07742,50.6887
3.22693,0.467486,36.0851,3.43335,-0.370568,35.9903,-3.76464,5.52316,50.4772,-3.47374,-6.02574,50.6363
3.23155,0.485459,36.0895,3.43933,-0.347625,35.9689,-3.76261,5.55448,50.4671,-3.47391,-5.99468,50.5915
3.23676,0.496161,36.0911,3.44597,-0.332644,35.948,-3.75971,5.57857,50.4623,-3.47319,-5.97339,50.5576
3.24021,0.503895,36.0928,3.45141,-0.321199,35.9294,-3.75857,5.59934,50.4605,-3.47362,-5.95719,50.5292
3.24407,0.510362,36.0962,3.45749,-0.311649,35.9143,-3.75687,5.61785,50.4654,-3.47294,-5.94365,50.5094
3.24812,0.516293,36.0991,3.46385,-0.303191,35.9001,-3.75491,5.63489,50.4698,-3.47169,-5.93192,50.491
3.25224,0.521799,36.1022,3.47033,-0.29555,35.8875,-3.75292,5.65057,50.4751,-3.47018,-5.92158,50.4757
3.25639,0.527025,36.1059,3.47682,-0.288484,35.8766,-3.75101,5.66513,50.4816,-3.46855,-5.91234,50.4633
3.26043,0.531969,36.1097,3.48314,-0.281987,35.8667,-3.74929,5.67876,50.4885,-3.46709,-5.90408,50.453
3.2644,0.536694,36.1135,3.48933,-0.275918,35.8579,-3.74779,5.6915,50.4955,-3.46573,-5.89666,50.4444
3.26828,0.541172,36.1172,3.49532,-0.2703,35.8502,-3.74649,5.70345,50.5029,-3.46456,-5.89002,50.4378
3.27184,0.545555,36.1208,3.50097,-0.264876,35.8432,-3.74577,5.71472,50.5094,-3.4638,-5.88401,50.4316
3.27535,0.549743,36.1241,3.50641,-0.25987,35.8366,-3.74511,5.72541,50.5161,-3.4632,-5.87857,50.4268
3.27861,0.553828,36.1271,3.51155,-0.255075,35.8306,-3.74488,5.73554,50.5223,-3.463,-5.87363,50.4228
3.2816,0.557864,36.1298,3.51636,-0.250428,35.825,-3.74505,5.74519,50.5276,-3.46315,-5.86912,50.4189
3.28447,0.561756,36.1325,3.52093,-0.246077,35.8202,-3.74543,5.75436,50.5334,-3.46357,-5.86502,50.4169
3.2871,0.565683,36.1346,3.52521,-0.241782,35.8153,-3.74617,5.76319,50.5381,-3.46433,-5.86121,50.4145
3.2895,0.569592,36.1366,3.52926,-0.237541,35.811,-3.74732,5.7716,50.5425,-3.46545,-5.8577,50.413
3.29176,0.573326,36.1385,3.53307,-0.233662,35.8074,-3.74867,5.77966,50.5479,-3.46684,-5.85471,50.4134
3.2939,0.577451,36.1394,3.53678,-0.229249,35.803,-3.75033,5.78753,50.5507,-3.46848,-5.85134,50.412
3.29601,0.581417,36.1402,3.54037,-0.225136,35.7991,-3.75209,5.79508,50.5548,-3.47032,-5.84842,50.413
3.29795,0.585594,36.1404,3.5439,-0.22069,35.7952,-3.75435,5.80242,50.5579,-3.47247,-5.84558,50.4138
3.30001,0.589796,36.1399,3.54743,-0.216292,35.7911,-3.7566,5.80971,50.5616,-3.47476,-5.84296,50.4161
3.30225,0.594565,36.1383,3.5511,-0.211009,35.7863,-3.75902,5.81711,50.5642,-3.47719,-5.83964,50.4182
3.30484,0.599888,36.1356,3.55488,-0.204996,35.7811,-3.76147,5.82513,50.5671,-3.4798,-5.83594,50.4216
3.30814,0.606696,36.131,3.55871,-0.197084,35.7752,-3.76382,5.83502,50.5698,-3.48264,-5.83056,50.4255
3.31292,0.616718,36.1237,3.5622,-0.185333,35.7693,-3.76553,5.8496,50.5735,-3.48598,-5.82117,50.4315
3.32074,0.634491,36.1115,3.56428,-0.164578,35.7639,-3.76587,5.87587,50.5775,-3.49058,-5.80198,50.4384
3.33555,0.670187,36.0888,3.56162,-0.123501,35.7631,-3.76284,5.93033,50.5823,-3.49834,-5.75935,50.4472
3.36396,0.749938,36.05,3.54416,-0.0367284,35.7834,-3.75134,6.05282,50.5891,-3.51352,-5.66058,50.4609
3.7128,2.8441,34.9653,3.18158,2.0057,36.9764,-3.6441,8.57458,49.6249,-3.6361,-3.27446,51.615
4.46579,7.89555,32.4812,2.27887,6.12013,40.1978,-3.5312,14.6133,47.444,-3.82865,1.41465,54.9211
6.81839,-1.05927,31.5747,6.33777,-1.45069,27.3267,-2.4388,4.23001,50.1383,-3.14172,-8.54651,44.6543
2.0478,-1.19269,42.8368,0.365672,-4.11947,43.5356,-2.70439,2.34764,49.8586,-5.09969,-10.7148,54.5406
3.15862,-2.02461,38.7127,3.44451,-3.2778,35.22,-3.20789,1.90721,50.6999,-3.62173,-9.76909,48.7594
3.1342,-2.3329,38.388,3.82308,-3.32182,34.3121,-3.42239,1.63964,50.8369,-3.4599,-9.71932,48.2538
2.94661,-2.26472,38.3166,3.79251,-3.26639,34.3286,-3.60614,1.72834,50.8714,-3.42487,-9.55774,48.2451
2.87043,-2.09866,38.0943,3.73764,-3.06328,34.4485,-3.71974,1.98847,50.7993,-3.40345,-9.22719,48.3329
2.85223,-1.8647,37.7944,3.65639,-2.77997,34.6496,-3.79705,2.35323,50.7144,-3.41307,-8.80695,48.5754
2.83751,-1.6854,37.5513,3.61449,-2.59042,34.8213,-3.85627,2.61657,50.604,-3.40371,-8.56472,48.8131
2.85219,-1.28675,37.1776,3.53133,-2.17846,35.089,-3.8885,3.16224,50.4921,-3.44567,-8.06873,49.2052
2.894,-0.97021,36.888,3.46137,-1.85263,35.3395,-3.89804,3.6075,50.4319,-3.47593,-7.68111,49.5757
2.93687,-0.675019,36.6523,3.40342,-1.55701,35.5852,-3.89925,4.01577,50.4196,-3.50329,-7.34179,49.9561
2.99094,-0.427701,36.4868,3.36188,-1.31182,35.785,-3.88782,4.35892,50.4275,-3.52057,-7.07181,50.2621
3.06997,-0.141641,36.2848,3.36467,-1.02014,35.9373,-3.84945,4.73483,50.4444,-3.51016,-6.7538,50.5345
3.13378,0.0564685,36.1601,3.3791,-0.810605,36.0064,-3.8172,4.99649,50.4563,-3.49729,-6.51928,50.6628
3.18387,0.224285,36.0722,3.39623,-0.629858,36.0273,-3.78934,5.21439,50.456,-3.48773,-6.31945,50.726
3.20924,0.328414,36.0439,3.41025,-0.518315,36.0253,-3.77554,5.35093,50.4696,-3.48278,-6.19685,50.7403
3.22336,0.426457,36.0658,3.42494,-0.415543,36.0135,-3.76684,5.46849,50.4805,-3.47656,-6.08511,50.701
3.2289,0.463617,36.0787,3.4325,-0.373672,35.994,-3.76408,5.51955,50.4746,-3.47518,-6.03298,50.6474
3.23336,0.481859,36.0837,3.43861,-0.350435,35.9721,-3.76209,5.55124,50.4648,-3.47527,-6.00136,50.6017
3.23845,0.492862,36.0858,3.44537,-0.335116,35.9508,-3.75921,5.57575,50.4603,-3.47446,-5.97948,50.567
3.24181,0.500902,36.0879,3.45091,-0.323322,35.9317,-3.75808,5.59693,50.4589,-3.4748,-5.9627,50.5378
3.24559,0.507664,36.0916,3.45709,-0.313432,35.9163,-3.7564,5.61585,50.464,-3.47403,-5.94862,50.5173
3.24956,0.513872,36.0948,3.46355,-0.304651,35.9016,-3.75446,5.63326,50.4686,-3.4727,-5.93636,50.4983
3.25362,0.519635,36.0982,3.47014,-0.296707,35.8887,-3.75247,5.64928,50.4742,-3.4711,-5.92555,50.4823
3.25771,0.525097,36.1021,3.47673,-0.28936,35.8774,-3.75057,5.66415,50.4809,-3.46939,-5.91587,50.4693
3.2617,0.53026,36.1062,3.48314,-0.2826,35.8672,-3.74886,5.67807,50.488,-3.46784,-5.9072,50.4586
3.26563,0.535184,36.1102,3.48943,-0.276289,35.8581,-3.74736,5.69107,50.4952,-3.4664,-5.89941,50.4495
3.26946,0.539847,36.1141,3.49551,-0.270447,35.8501,-3.74607,5.70326,50.5027,-3.46515,-5.89242,50.4423
3.27298,0.544399,36.1179,3.50124,-0.264813,35.8428,-3.74535,5.71474,50.5094,-3.4643,-5.88608,50.4357
3.27645,0.548743,36.1214,3.50677,-0.259612,35.8359,-3.74469,5.72563,50.5162,-3.46362,-5.88034,50.4305
3.27967,0.552974,36.1246,3.51198,-0.254635,35.8297,-3.74446,5.73595,50.5226,-3.46333,-5.87512,50.4261
3.28264,0.557146,36.1275,3.51688,-0.249817,35.8238,-3.74464,5.74577,50.528,-3.46341,-5.87033,50.4218
3.28547,0.561165,36.1303,3.52152,-0.245304,35.8188,-3.74501,5.7551,50.534,-3.46375,-5.86598,50.4193
3.28807,0.565213,36.1325,3.52587,-0.240855,35.8137,-3.74575,5.76407,50.5388,-3.46443,-5.86193,50.4166
3.29043,0.569237,36.1347,3.52998,-0.236468,35.8092,-3.74689,5.77263,50.5433,-3.46548,-5.85818,50.4147
3.29266,0.573083,36.1368,3.53385,-0.232449,35.8054,-3.74824,5.78083,50.5488,-3.4668,-5.85497,50.4149
3.29477,0.577318,36.1378,3.53763,-0.227901,35.8008,-3.74989,5.78882,50.5516,-3.46836,-5.85138,50.413
3.29684,0.581391,36.1387,3.54126,-0.223657,35.7968,-3.75165,5.79651,50.5558,-3.47013,-5.84824,50.4137
3.29873,0.585677,36.1391,3.54484,-0.219084,35.7927,-3.75391,5.80398,50.5589,-3.47222,-5.84519,50.4142
3.30074,0.589986,36.1389,3.5484,-0.214564,35.7884,-3.75615,5.81139,50.5627,-3.47444,-5.84235,50.4161
3.30291,0.59486,36.1375,3.5521,-0.20917,35.7836,-3.75858,5.8189,50.5653,-3.47681,-5.83883,50.4178
3.30541,0.600279,36.135,3.55589,-0.203065,35.7783,-3.76105,5.82701,50.5683,-3.47936,-5.83494,50.4208
3.30859,0.607155,36.1307,3.55973,-0.195105,35.7723,-3.76342,5.83694,50.571,-3.48215,-5.82941,50.4242
3.3132,0.617172,36.1239,3.56322,-0.183402,35.7664,-3.76517,5.85144,50.5747,-3.48542,-5.81997,50.4297
3.32076,0.634766,36.1124,3.56532,-0.162915,35.7608,-3.7656,5.87736,50.5788,-3.48996,-5.80096,50.436
3.33511,0.669869,36.0908,3.56276,-0.122598,35.7596,-3.76273,5.93081,50.5838,-3.49761,-5.75903,50.4438
3.3627,0.748082,36.054,3.5456,-0.0377058,35.779,-3.75155,6.05085,50.5912,-3.51259,-5.66217,50.4558
3.70857,2.83413,34.9799,3.18447,1.99464,36.964,-3.64528,8.56032,49.6348,-3.63475,-3.2859,51.6
4.4564,7.87163,32.5148,2.28506,6.09193,40.1687,-3.53406,14.5777,47.4681,-3.82666,1.38578,54.8873
6.82107,-1.06016,31.5657,6.33488,-1.45235,27.334,-2.43822,4.23274,50.1373,-3.1441,-8.5463,44.6653
2.05158,-1.19422,42.8257,0.363169,-4.1186,43.5424,-2.70365,2.35151,49.8578,-5.10127,-10.715,54.5523
3.16194,-2.02497,38.7026,3.44253,-3.27631,35.2263,-3.20716,1.9117,50.6987,-3.62324,-9.768,48.7708
3.13756,-2.33298,38.378,3.82118,-3.32001,34.3183,-3.42168,1.64439,50.8358,-3.46123,-9.71807,48.265
2.94976,-2.26466,38.3073,3.7909,-3.26447,34.3342,-3.60552,1.73299,50.8706,-3.42597,-9.55666,48.2557
2.87329,-2.09857,38.086,3.73633,-3.06147,34.4534,-3.71924,1.99278,50.7989,-3.40435,-9.22643,48.3428
2.85476,-1.8647,37.7871,3.65535,-2.77844,34.6537,-3.79668,2.35701,50.7144,-3.4138,-8.8066,48.5844
2.83984,-1.68527,37.5446,3.61364,-2.58881,34.8249,-3.85599,2.62024,50.6041,-3.40431,-8.56441,48.8216
2.85416,-1.28682,37.1719,3.5307,-2.17727,35.0919,-3.88835,3.1652,50.4927,-3.44615,-8.06888,49.2127
2.89565,-0.970443,36.8833,3.46092,-1.85176,35.3418,-3.898,3.60989,50.4328,-3.47631,-7.6816,49.5824
2.93825,-0.675403,36.6483,3.40312,-1.55643,35.5869,-3.89931,4.01764,50.4207,-3.50361,-7.34256,49.962
2.99209,-0.428202,36.4834,3.36169,-1.31146,35.7863,-3.88795,4.36038,50.4288,-3.52082,-7.07278,50.2673
3.07089,-0.142329,36.2821,3.36458,-1.0201,35.9382,-3.84965,4.73579,50.4459,-3.51038,-6.75502,50.539
3.13452,0.0556714,36.1579,3.37909,-0.810754,36.007,-3.81745,4.99711,50.4579,-3.49748,-6.52065,50.6667
3.18446,0.223402,36.0705,3.39628,-0.630161,36.0276,-3.78963,5.21472,50.4577,-3.48789,-6.32092,50.7294
3.20973,0.327506,36.0425,3.41034,-0.51868,36.0254,-3.77584,5.3511,50.4712,-3.48292,-6.19834,50.7434
3.22376,0.425554,36.0646,3.42507,-0.415927,36.0134,-3.76715,5.46855,50.4821,-3.47669,-6.08659,50.7037
3.22925,0.462754,36.0777,3.43266,-0.374013,35.9938,-3.76439,5.51959,50.4761,-3.47529,-6.03439,50.6499
3.23368,0.481046,36.0827,3.43879,-0.350714,35.9718,-3.76239,5.55128,50.4663,-3.47536,-6.00268,50.604
3.23876,0.4921,36.0849,3.44557,-0.335326,35.9504,-3.75949,5.57582,50.4617,-3.47453,-5.98071,50.5691
3.2421,0.500189,36.087,3.45114,-0.323465,35.9313,-3.75835,5.59702,50.4602,-3.47486,-5.96384,50.5397
3.24587,0.506996,36.0908,3.45735,-0.31351,35.9157,-3.75665,5.61597,50.4653,-3.47408,-5.94967,50.5191
3.24984,0.513244,36.094,3.46383,-0.304669,35.901,-3.75468,5.63341,50.4699,-3.47273,-5.93733,50.4999
3.25389,0.519043,36.0975,3.47044,-0.296669,35.888,-3.75267,5.64946,50.4754,-3.47112,-5.92643,50.4838
3.25799,0.52454,36.1014,3.47706,-0.28927,35.8767,-3.75076,5.66435,50.482,-3.46939,-5.91667,50.4707
3.26198,0.529732,36.1055,3.48349,-0.282462,35.8664,-3.74902,5.67829,50.4892,-3.46783,-5.90792,50.4598
3.26591,0.534684,36.1095,3.48979,-0.276105,35.8573,-3.7475,5.69132,50.4963,-3.46637,-5.90005,50.4506
3.26974,0.539373,36.1135,3.49589,-0.27022,35.8491,-3.74619,5.70353,50.5038,-3.46511,-5.89299,50.4433
3.27327,0.54395,36.1172,3.50164,-0.264545,35.8418,-3.74544,5.71504,50.5105,-3.46424,-5.88658,50.4366
3.27675,0.548317,36.1207,3.50719,-0.259305,35.8349,-3.74476,5.72595,50.5173,-3.46355,-5.88077,50.4313
3.27997,0.55257,36.124,3.51242,-0.25429,35.8286,-3.74451,5.73629,50.5236,-3.46325,-5.87548,50.4267
3.28294,0.556764,36.1269,3.51733,-0.249435,35.8227,-3.74467,5.74614,50.529,-3.46331,-5.87063,50.4224
3.28577,0.560806,36.1297,3.52199,-0.244886,35.8175,-3.74501,5.7555,50.535,-3.46364,-5.86621,50.4198
3.28838,0.564875,36.132,3.52636,-0.240401,35.8124,-3.74574,5.7645,50.5397,-3.4643,-5.86209,50.417
3.29075,0.568922,36.1341,3.53048,-0.235978,35.8079,-3.74686,5.77308,50.5442,-3.46533,-5.85828,50.415
3.29297,0.572792,36.1363,3.53436,-0.231923,35.804,-3.74818,5.7813,50.5497,-3.46664,-5.855,50.415
3.29508,0.577052,36.1373,3.53815,-0.227339,35.7993,-3.74982,5.78933,50.5525,-3.46818,-5.85134,50.4131
3.29714,0.581152,36.1383,3.54179,-0.223058,35.7953,-3.75156,5.79704,50.5566,-3.46994,-5.84814,50.4137
3.29903,0.585467,36.1387,3.54537,-0.218448,35.7912,-3.7538,5.80454,50.5598,-3.47201,-5.84501,50.414
3.30102,0.589806,36.1385,3.54894,-0.213893,35.7869,-3.75603,5.81198,50.5635,-3.47422,-5.8421,50.4158
3.30318,0.594712,36.1372,3.55264,-0.208465,35.7821,-3.75844,5.81952,50.566,-3.47658,-5.83852,50.4174
3.30565,0.60016,36.1348,3.55642,-0.202334,35.7768,-3.7609,5.82765,50.569,-3.47911,-5.83456,50.4202
3.30878,0.607056,36.1306,3.56025,-0.194364,35.7708,-3.76327,5.83758,50.5716,-3.48189,-5.82899,50.4235
3.31331,0.617069,36.124,3.56373,-0.182689,35.7649,-3.76503,5.85203,50.5753,-3.48516,-5.81953,50.4288
3.32076,0.634593,36.1127,3.56582,-0.162314,35.7593,-3.76549,5.87777,50.5793,-3.48968,-5.8006,50.4348
3.33492,0.669477,36.0915,3.56329,-0.1223,35.758,-3.76269,5.9308,50.5843,-3.4973,-5.75895,50.4423
3.36216,0.747133,36.0555,3.54622,-0.0381326,35.7772,-3.75165,6.04984,50.5918,-3.51221,-5.66282,50.4538
3.70686,2.83086,34.9848,3.18545,1.99086,36.9601,-3.64584,8.55498,49.6371,-3.63427,-3.28957,51.595
4.45297,7.86553,32.5254,2.28675,6.08366,40.1607,-3.53526,14.5663,47.4736,-3.8262,1.37794,54.8771
6.8291,-1.09027,31.5545,6.32212,-1.50074,27.3376,-2.43653,4.23095,50.1878,-3.15779,-8.5801,44.6841
2.05946,-1.24103,42.8203,0.363301,-4.16238,43.519,-2.70313,2.34252,49.9254,-5.1068,-10.7627,54.5565
3.16532,-2.07531,38.7128,3.44653,-3.32279,35.1909,-3.20826,1.89525,50.7756,-3.62685,-9.81545,48.7599
3.13833,-2.38559,38.3964,3.82957,-3.36416,34.2723,-3.42451,1.62606,50.92,-3.46188,-9.76242,48.2424
2.94819,-2.31523,38.3319,3.80241,-3.30321,34.2812,-3.6101,1.71703,50.9594,-3.42411,-9.59429,48.2245
2.86978,-2.14379,38.1149,3.74963,-3.09323,34.3967,-3.72541,1.98229,50.89,-3.40055,-9.25503,48.3052
2.84981,-1.9023,37.8184,3.66943,-2.80226,34.5961,-3.80422,2.35391,50.8055,-3.40857,-8.82493,48.5428
2.83374,-1.71706,37.5792,3.62831,-2.60682,34.7654,-3.86439,2.62346,50.697,-3.39798,-8.57588,48.7754
2.84692,-1.31058,37.2073,3.54549,-2.1885,35.034,-3.89795,3.17498,50.5829,-3.43885,-8.07164,49.1652
2.88791,-0.986508,36.9184,3.47522,-1.85652,35.2865,-3.90827,3.62614,50.5196,-3.46851,-7.67653,49.5349
2.93029,-0.684706,36.6824,3.41678,-1.55561,35.5348,-3.91003,4.03914,50.5034,-3.4955,-7.33111,49.9155
2.98412,-0.432161,36.5162,3.3747,-1.30624,35.7373,-3.8989,4.38556,50.5071,-3.51255,-7.05673,50.2223
3.06309,-0.141255,36.3125,3.37672,-1.011,35.8934,-3.86074,4.76379,50.5185,-3.50213,-6.73481,50.4968
3.12713,0.060427,36.1859,3.39033,-0.798699,35.966,-3.82842,5.02676,50.525,-3.4894,-6.49781,50.6275
3.17752,0.230806,36.0958,3.4067,-0.616039,35.9902,-3.80038,5.24486,50.5193,-3.48004,-6.29667,50.6935
3.20326,0.336338,36.0654,3.42009,-0.50344,35.9911,-3.78627,5.38062,50.5279,-3.47533,-6.17405,50.7107
3.21773,0.434976,36.0853,3.43428,-0.400334,35.9817,-3.77722,5.49663,50.5341,-3.46934,-6.0632,50.674
3.22364,0.471925,36.0964,3.44148,-0.358716,35.9642,-3.77405,5.54561,50.5241,-3.46818,-6.01273,50.623
3.22846,0.489471,36.0997,3.4473,-0.33616,35.944,-3.77163,5.57491,50.5106,-3.46847,-5.98318,50.5796
3.2339,0.499527,36.1003,3.45383,-0.321748,35.9241,-3.76829,5.59698,50.5027,-3.46786,-5.96347,50.5469
3.23762,0.506521,36.1009,3.45916,-0.310955,35.9063,-3.7667,5.6158,50.4982,-3.46842,-5.94881,50.5197
3.24177,0.512216,36.1033,3.46514,-0.302082,35.892,-3.76454,5.63251,50.5004,-3.46787,-5.93668,50.5009
3.24613,0.517383,36.1052,3.47139,-0.29429,35.8785,-3.7621,5.64792,50.5025,-3.46678,-5.92622,50.4836
3.25057,0.522155,36.1073,3.47776,-0.287286,35.8665,-3.75962,5.66213,50.5056,-3.46541,-5.91701,50.469
3.25506,0.526687,36.1101,3.48414,-0.280819,35.8562,-3.75722,5.67536,50.5101,-3.46395,-5.90875,50.4574
3.25944,0.530983,36.113,3.49033,-0.274876,35.8469,-3.75501,5.68783,50.5152,-3.46265,-5.90134,50.4479
3.26375,0.535108,36.1159,3.49641,-0.269315,35.8387,-3.75302,5.69953,50.5205,-3.46145,-5.89465,50.4399
3.26796,0.539035,36.1189,3.50228,-0.264159,35.8314,-3.75125,5.71056,50.5262,-3.46043,-5.88863,50.4338
3.27184,0.542917,36.1217,3.50782,-0.259149,35.8248,-3.75005,5.72101,50.5313,-3.45981,-5.88314,50.4281
3.27567,0.546651,36.1243,3.51316,-0.254512,35.8186,-3.74892,5.73098,50.5366,-3.45936,-5.87814,50.4238
3.27922,0.55033,36.1267,3.51819,-0.25004,35.813,-3.74823,5.74048,50.5415,-3.45929,-5.87356,50.4201
3.28251,0.554007,36.1289,3.5229,-0.245674,35.8077,-3.74796,5.74958,50.5456,-3.45957,-5.86933,50.4165
3.28563,0.557586,36.131,3.52738,-0.241562,35.8032,-3.74789,5.75826,50.5503,-3.4601,-5.86545,50.4147
3.28851,0.561244,36.1327,3.53158,-0.237464,35.7986,-3.74821,5.76665,50.5538,-3.46097,-5.86181,50.4125
3.29113,0.564929,36.1342,3.53554,-0.233383,35.7946,-3.74895,5.77469,50.5572,-3.46218,-5.85842,50.4111
3.29358,0.568483,36.1359,3.53926,-0.229626,35.7913,-3.7499,5.78242,50.5616,-3.46365,-5.85551,50.4116
3.29589,0.572476,36.1365,3.54289,-0.2253,35.7871,-3.75118,5.78999,50.5633,-3.46536,-5.85217,50.4101
3.29811,0.576354,36.1371,3.54638,-0.221239,35.7836,-3.75259,5.79728,50.5664,-3.46727,-5.84925,50.4111
3.30011,0.580494,36.1373,3.54981,-0.216814,35.78,-3.75451,5.80439,50.5685,-3.46947,-5.84638,50.4118
3.30217,0.584709,36.1369,3.55321,-0.212411,35.7762,-3.75646,5.81146,50.5712,-3.47181,-5.84371,50.4138
3.30433,0.589545,36.1355,3.55673,-0.207102,35.7719,-3.75862,5.81863,50.5727,-3.4743,-5.84035,50.4156
3.30673,0.594989,36.1332,3.56031,-0.201056,35.7672,-3.76087,5.8264,50.5745,-3.47695,-5.83659,50.4186
3.30969,0.601969,36.1293,3.5639,-0.193132,35.762,-3.76308,5.83594,50.5759,-3.47985,-5.83121,50.4219
3.31394,0.612201,36.1231,3.56708,-0.181441,35.757,-3.76475,5.85001,50.5782,-3.48325,-5.8219,50.4273
3.32096,0.630197,36.1123,3.56878,-0.160928,35.7528,-3.7652,5.87538,50.5804,-3.4879,-5.80299,50.4335
3.33451,0.666094,36.0915,3.56571,-0.120479,35.7535,-3.76253,5.92816,50.5828,-3.4957,-5.76099,50.4416
3.36093,0.746036,36.0554,3.54782,-0.0351148,35.7761,-3.75183,6.04739,50.5861,-3.51086,-5.6635,50.4548
3.70453,2.85139,34.9727,3.1819,2.00684,36.9831,-3.64816,8.56414,49.6059,-3.63456,-3.26983,51.6143
4.45372,7.94071,32.4833,2.27068,6.13982,40.2315,-3.53861,14.6169,47.3961,-3.83179,1.45222,54.9363
6.82665,-1.06941,31.5511,6.32762,-1.46713,27.3426,-2.43731,4.23792,50.1529,-3.15126,-8.55169,44.6817
2.05921,-1.20863,42.8079,0.359766,-4.12801,43.5441,-2.70254,2.35717,49.8769,-5.10524,-10.7251,54.5678
3.16798,-2.03832,38.6894,3.44049,-3.2856,35.2252,-3.20634,1.9162,50.7182,-3.62678,-9.7768,48.7833
3.14324,-2.34644,38.3662,3.82025,-3.32819,34.3151,-3.42117,1.64854,50.8562,-3.46388,-9.72646,48.2755
2.95478,-2.27746,38.2974,3.79106,-3.27114,34.3289,-3.60543,1.73713,50.8914,-3.42775,-9.56425,48.2643
2.87758,-2.11014,38.0779,3.7373,-3.06665,34.4466,-3.71959,1.99719,50.8199,-3.40543,-9.23287,48.3497
2.85833,-1.87467,37.7807,3.65684,-2.78219,34.646,-3.79747,2.36188,50.7352,-3.41434,-8.81165,48.5897
2.84288,-1.69395,37.5395,3.61555,-2.59128,34.8165,-3.85705,2.62579,50.6248,-3.40441,-8.56846,48.8256
2.85647,-1.29388,37.1683,3.53286,-2.17878,35.0831,-3.88984,3.17096,50.5128,-3.44591,-8.07173,49.2155
2.89739,-0.97597,36.8808,3.46319,-1.85231,35.333,-3.8998,3.616,50.4522,-3.47584,-7.68332,49.5843
2.93951,-0.679583,36.6467,3.40541,-1.55617,35.5784,-3.90134,4.02398,50.4391,-3.50297,-7.34333,49.9632
2.99297,-0.431301,36.4825,3.36398,-1.31055,35.778,-3.89015,4.36682,50.4463,-3.52006,-7.07285,50.268
3.07142,-0.144433,36.2817,3.36678,-1.01874,35.9304,-3.85199,4.74214,50.4623,-3.50956,-6.75444,50.5393
3.13483,0.0543227,36.1579,3.38119,-0.809007,35.9996,-3.81985,5.00334,50.4732,-3.49663,-6.51962,50.6668
3.18459,0.222627,36.0706,3.39828,-0.628144,36.0207,-3.79204,5.22071,50.4718,-3.48704,-6.31961,50.7294
3.20975,0.327099,36.0427,3.41227,-0.516469,36.0189,-3.77823,5.35678,50.4844,-3.48207,-6.19695,50.7434
3.22371,0.425378,36.0649,3.42695,-0.413615,36.0072,-3.76949,5.47385,50.4943,-3.47583,-6.08525,50.7037
3.22918,0.462658,36.0778,3.43453,-0.371649,35.9879,-3.76666,5.52449,50.4875,-3.47442,-6.03323,50.65
3.23361,0.480937,36.0828,3.44066,-0.348359,35.9661,-3.76457,5.55577,50.4768,-3.47447,-6.00176,50.6042
3.2387,0.491922,36.0848,3.44745,-0.333019,35.9448,-3.76156,5.57989,50.4716,-3.47364,-5.98004,50.5694
3.24208,0.499916,36.0869,3.45303,-0.321227,35.9258,-3.76031,5.60071,50.4695,-3.47396,-5.96341,50.5401
3.2459,0.506614,36.0905,3.45925,-0.311351,35.9103,-3.75849,5.6193,50.4739,-3.47317,-5.94945,50.5196
3.24992,0.512749,36.0936,3.46575,-0.302591,35.8957,-3.75641,5.63642,50.478,-3.47183,-5.9373,50.5005
3.25404,0.518435,36.0969,3.47236,-0.294672,35.8827,-3.75428,5.65218,50.483,-3.47021,-5.92657,50.4844
3.25821,0.523822,36.1007,3.47898,-0.287351,35.8715,-3.75223,5.66682,50.4892,-3.46849,-5.91695,50.4714
3.26227,0.52891,36.1046,3.48541,-0.280616,35.8613,-3.75037,5.68054,50.496,-3.46693,-5.90831,50.4605
3.26628,0.533765,36.1085,3.49172,-0.274326,35.8522,-3.74872,5.69336,50.5027,-3.46548,-5.90054,50.4513
3.27018,0.538362,36.1123,3.49782,-0.268501,35.8441,-3.74728,5.7054,50.5098,-3.46422,-5.89355,50.4441
3.27378,0.542857,36.116,3.50358,-0.26288,35.8368,-3.74641,5.71675,50.5162,-3.46336,-5.8872,50.4374
3.27733,0.547149,36.1194,3.50913,-0.257687,35.8299,-3.7456,5.72753,50.5227,-3.46268,-5.88142,50.4321
3.28063,0.551336,36.1225,3.51436,-0.252711,35.8237,-3.74523,5.73774,50.5287,-3.46238,-5.87616,50.4275
3.28366,0.555473,36.1253,3.51926,-0.247888,35.8178,-3.74527,5.74748,50.5339,-3.46244,-5.87133,50.4232
3.28655,0.559467,36.128,3.52392,-0.243363,35.8127,-3.7455,5.75675,50.5395,-3.46276,-5.86691,50.4206
3.28921,0.563499,36.1303,3.5283,-0.238894,35.8076,-3.7461,5.76566,50.5441,-3.46343,-5.86279,50.4177
3.29163,0.567519,36.1324,3.53242,-0.234479,35.8031,-3.74711,5.77417,50.5483,-3.46445,-5.85897,50.4156
3.29389,0.571372,36.1345,3.5363,-0.230423,35.7993,-3.74833,5.78233,50.5536,-3.46574,-5.85567,50.4156
3.29603,0.575628,36.1355,3.54008,-0.22583,35.7946,-3.74986,5.7903,50.5561,-3.46727,-5.85199,50.4136
3.2981,0.579737,36.1365,3.54372,-0.221533,35.7907,-3.75151,5.79795,50.56,-3.46902,-5.84875,50.4141
3.29998,0.584075,36.137,3.54729,-0.216898,35.7866,-3.75366,5.8054,50.5629,-3.47107,-5.84559,50.4143
3.30195,0.588455,36.1369,3.55084,-0.212311,35.7824,-3.75581,5.81279,50.5663,-3.47326,-5.84265,50.416
3.30404,0.593419,36.1358,3.55451,-0.206844,35.7776,-3.75816,5.82028,50.5686,-3.4756,-5.83903,50.4174
3.30642,0.598947,36.1336,3.55825,-0.20067,35.7725,-3.76058,5.82835,50.5712,-3.47812,-5.83504,50.4201
3.30941,0.605947,36.1298,3.56202,-0.192659,35.7668,-3.76293,5.83818,50.5735,-3.48089,-5.82945,50.4231
3.31373,0.616087,36.1236,3.56541,-0.180957,35.7611,-3.7647,5.8525,50.5768,-3.48414,-5.82,50.4281
3.32088,0.633766,36.1129,3.56738,-0.160595,35.7559,-3.76522,5.87802,50.5802,-3.48865,-5.80112,50.4339
3.33459,0.668843,36.0924,3.5647,-0.120684,35.7551,-3.76255,5.93062,50.5845,-3.49626,-5.75959,50.441
3.36117,0.746762,36.0574,3.54745,-0.036814,35.7749,-3.75178,6.04884,50.5911,-3.51117,-5.66368,50.4522
3.70393,2.83383,34.989,3.18563,1.99131,36.9614,-3.64713,8.55187,49.6327,-3.63361,-3.28842,51.5936
4.44772,7.87785,32.5317,2.28476,6.08633,40.1681,-3.53799,14.5639,47.4629,-3.82673,1.38647,54.8772
6.82426,-1.0633,31.5561,6.33102,-1.45733,27.34,-2.43775,4.23688,50.1426,-3.14776,-8.54605,44.6753
2.05633,-1.19913,42.813,0.360584,-4.12015,43.5466,-2.70288,2.35691,49.8636,-5.10356,-10.7166,54.5635
3.16605,-2.02866,38.6914,3.44049,-3.27744,35.2299,-3.2064,1.91716,50.7037,-3.62545,-9.76864,48.7816
3.14173,-2.33648,38.3669,3.81942,-3.32061,34.3217,-3.42095,1.6498,50.8405,-3.46314,-9.71881,48.2757
2.95373,-2.26794,38.2968,3.78958,-3.26463,34.3369,-3.60488,1.73808,50.8751,-3.42754,-9.55766,48.2661
2.87694,-2.10161,38.0763,3.73539,-3.0614,34.4554,-3.71873,1.99738,50.8032,-3.40564,-9.22771,48.3526
2.85806,-1.8675,37.7783,3.65471,-2.77829,34.6551,-3.79633,2.36102,50.7186,-3.41486,-8.80813,48.5936
2.84288,-1.68782,37.5364,3.61324,-2.58843,34.826,-3.85574,2.62398,50.608,-3.40518,-8.56604,48.8304
2.8568,-1.28917,37.1648,3.53048,-2.17702,35.0926,-3.88827,3.16827,50.4965,-3.44689,-8.0707,49.2208
2.89792,-0.972608,36.877,3.46084,-1.8516,35.3421,-3.89806,3.61241,50.4365,-3.47693,-7.68355,49.5897
2.94019,-0.677401,36.6428,3.40314,-1.55636,35.587,-3.89949,4.01969,50.4242,-3.50414,-7.3446,49.9687
2.99375,-0.430054,36.4787,3.36178,-1.31145,35.7862,-3.88823,4.36205,50.4322,-3.52128,-7.07486,50.2734
3.07226,-0.144061,36.278,3.36472,-1.02023,35.9379,-3.85002,4.73704,50.4491,-3.5108,-6.75713,50.5445
3.13567,0.0540496,36.1544,3.37926,-0.810966,36.0066,-3.81788,4.99807,50.461,-3.49785,-6.52274,50.6716
3.18543,0.221884,36.0675,3.39648,-0.630426,36.0271,-3.7901,5.21545,50.4606,-3.48823,-6.32298,50.7339
3.21056,0.32609,36.0398,3.41057,-0.518936,36.0248,-3.77633,5.35168,50.474,-3.48323,-6.20034,50.7474
3.22448,0.424241,36.0622,3.42533,-0.416147,36.0127,-3.76765,5.46903,50.4848,-3.47696,-6.08851,50.7074
3.2299,0.461536,36.0755,3.43296,-0.374155,35.993,-3.76488,5.52003,50.4787,-3.47553,-6.03622,50.6533
3.23428,0.479914,36.0806,3.43913,-0.350767,35.971,-3.76287,5.55171,50.4687,-3.47556,-6.00442,50.6072
3.23932,0.491043,36.0829,3.44595,-0.335292,35.9495,-3.75995,5.57624,50.464,-3.47469,-5.98236,50.5721
3.24265,0.499198,36.0852,3.45156,-0.323348,35.9303,-3.75878,5.59746,50.4624,-3.47499,-5.96539,50.5425
3.24641,0.506063,36.089,3.4578,-0.313317,35.9147,-3.75705,5.61641,50.4674,-3.47417,-5.95112,50.5217
3.25037,0.512362,36.0923,3.46432,-0.304406,35.8999,-3.75505,5.63387,50.4719,-3.4728,-5.93869,50.5024
3.25442,0.518204,36.0958,3.47097,-0.296342,35.8867,-3.75301,5.64993,50.4774,-3.47115,-5.9277,50.4861
3.25852,0.523739,36.0998,3.47761,-0.288884,35.8753,-3.75106,5.66483,50.4839,-3.4694,-5.91786,50.4729
3.26251,0.528965,36.1039,3.48407,-0.282023,35.865,-3.74928,5.67879,50.491,-3.4678,-5.90903,50.4618
3.26645,0.533947,36.1079,3.49041,-0.275617,35.8558,-3.74773,5.69183,50.4981,-3.46632,-5.90109,50.4525
3.27029,0.538662,36.1119,3.49654,-0.269686,35.8476,-3.74638,5.70406,50.5055,-3.46503,-5.89395,50.4451
3.27383,0.543264,36.1157,3.50232,-0.263969,35.8402,-3.7456,5.71558,50.5122,-3.46413,-5.88747,50.4383
3.27732,0.547654,36.1193,3.5079,-0.258689,35.8332,-3.74488,5.72651,50.5189,-3.46342,-5.88159,50.4328
3.28055,0.551929,36.1225,3.51315,-0.253635,35.8269,-3.74459,5.73686,50.5252,-3.46309,-5.87623,50.4282
3.28353,0.556144,36.1254,3.51808,-0.248743,35.8209,-3.74471,5.74672,50.5306,-3.46312,-5.87131,50.4237
3.28637,0.560208,36.1283,3.52277,-0.244158,35.8157,-3.74502,5.75609,50.5365,-3.46342,-5.86683,50.421
3.28898,0.5643,36.1306,3.52716,-0.239637,35.8105,-3.7457,5.7651,50.5412,-3.46406,-5.86265,50.4181
3.29136,0.568372,36.1328,3.5313,-0.235177,35.8059,-3.74679,5.7737,50.5457,-3.46506,-5.85878,50.416
3.29358,0.572269,36.135,3.53521,-0.231084,35.8021,-3.74808,5.78194,50.5511,-3.46634,-5.85544,50.4159
3.29569,0.576559,36.1361,3.53901,-0.226461,35.7973,-3.74968,5.78997,50.5539,-3.46785,-5.85172,50.4139
3.29774,0.580693,36.1371,3.54267,-0.22214,35.7933,-3.7514,5.79769,50.5579,-3.46959,-5.84846,50.4143
3.29961,0.585046,36.1376,3.54626,-0.217489,35.7892,-3.75361,5.80521,50.561,-3.47163,-5.84528,50.4145
3.30157,0.589431,36.1375,3.54983,-0.212891,35.7849,-3.75582,5.81266,50.5646,-3.4738,-5.84231,50.4162
3.30368,0.594389,36.1363,3.55353,-0.207419,35.78,-3.75821,5.8202,50.5671,-3.47613,-5.83868,50.4177
3.30609,0.599898,36.1341,3.55731,-0.201245,35.7748,-3.76066,5.82833,50.57,-3.47864,-5.83467,50.4203
3.30914,0.60686,36.1301,3.56112,-0.193239,35.7689,-3.76304,5.83823,50.5725,-3.48139,-5.82906,50.4234
3.31355,0.616941,36.1238,3.56457,-0.181546,35.763,-3.76482,5.85263,50.576,-3.48464,-5.81959,50.4285
3.32082,0.634521,36.1129,3.56662,-0.161199,35.7576,-3.76532,5.87825,50.5799,-3.48913,-5.80069,50.4343
3.33473,0.669421,36.0922,3.56405,-0.121318,35.7564,-3.7626,5.93099,50.5846,-3.49672,-5.75918,50.4414
3.36157,0.746984,36.057,3.54695,-0.0375275,35.7756,-3.75172,6.04939,50.592,-3.5116,-5.66339,50.4525
3.70495,2.83047,34.9895,3.18604,1.98916,36.9582,-3.64652,8.55146,49.6377,-3.63374,-3.29123,51.5915
4.44893,7.86527,32.5354,2.2873,6.07856,40.1573,-3.53689,14.5581,47.4754,-3.82589,1.37495,54.8697
6.82276,-1.06135,31.5603,6.3329,-1.45423,27.3375,-2.43798,4.2352,50.1393,-3.14595,-8.54544,44.6708
2.05419,-1.1961,42.8184,0.361654,-4.11858,43.5454,-2.70321,2.35485,49.8598,-5.10249,-10.7149,54.5588
3.16427,-2.02606,38.6959,3.44126,-3.27599,35.2291,-3.20669,1.91523,50.7,-3.62445,-9.76738,48.7773
3.13997,-2.33392,38.3711,3.81998,-3.31944,34.3212,-3.42119,1.64793,50.8368,-3.46233,-9.71758,48.2717
2.95211,-2.26552,38.3007,3.78988,-3.26376,34.3369,-3.60505,1.73629,50.8714,-3.42693,-9.55646,48.2624
2.87549,-2.0994,38.0798,3.73551,-3.06077,34.4557,-3.71881,1.99567,50.7995,-3.40518,-9.22659,48.3493
2.85679,-1.86556,37.7813,3.65468,-2.77786,34.6557,-3.79632,2.35941,50.715,-3.41453,-8.80711,48.5906
2.84174,-1.6861,37.5391,3.6131,-2.58821,34.8268,-3.85567,2.62235,50.6045,-3.40495,-8.56512,48.8277
2.85585,-1.2877,37.167,3.53026,-2.17689,35.0935,-3.8881,3.16678,50.493,-3.44673,-8.06989,49.2184
2.89714,-0.971377,36.8789,3.46058,-1.85158,35.3431,-3.89782,3.61102,50.4332,-3.47684,-7.68285,49.5877
2.93955,-0.676381,36.6444,3.40284,-1.55641,35.588,-3.89919,4.01839,50.421,-3.50409,-7.34399,49.9669
2.99322,-0.429204,36.48,3.36147,-1.31156,35.7872,-3.88788,4.36083,50.4291,-3.52126,-7.07433,50.2718
3.07185,-0.143366,36.2791,3.36441,-1.02037,35.9389,-3.84963,4.73593,50.4463,-3.5108,-6.75668,50.5431
3.13535,0.0546228,36.1553,3.37896,-0.811132,36.0076,-3.81747,4.99705,50.4583,-3.49786,-6.52235,50.6704
3.18517,0.22236,36.0682,3.39618,-0.630612,36.0281,-3.78968,5.21452,50.4581,-3.48825,-6.32263,50.7328
3.21034,0.326494,36.0404,3.41027,-0.519149,36.0258,-3.77591,5.35082,50.4717,-3.48326,-6.20001,50.7464
3.2243,0.424591,36.0628,3.42503,-0.416381,36.0137,-3.76723,5.46825,50.4826,-3.477,-6.08819,50.7065
3.22974,0.461853,36.076,3.43266,-0.374415,35.994,-3.76447,5.5193,50.4766,-3.47558,-6.03591,50.6525
3.23414,0.480211,36.0811,3.43881,-0.351048,35.9719,-3.76248,5.55104,50.4668,-3.47562,-6.0041,50.6064
3.23919,0.49133,36.0834,3.44562,-0.335589,35.9504,-3.75957,5.57563,50.4622,-3.47477,-5.98203,50.5713
3.24251,0.49948,36.0856,3.45122,-0.323657,35.9312,-3.75843,5.59689,50.4607,-3.47507,-5.96506,50.5418
3.24627,0.506344,36.0895,3.45745,-0.313635,35.9156,-3.75672,5.61588,50.4658,-3.47426,-5.95078,50.521
3.25022,0.512644,36.0928,3.46396,-0.304731,35.9008,-3.75474,5.63338,50.4704,-3.47289,-5.93835,50.5017
3.25427,0.51849,36.0963,3.4706,-0.296674,35.8877,-3.75273,5.64947,50.4759,-3.47125,-5.92737,50.4855
3.25836,0.524029,36.1003,3.47723,-0.289221,35.8763,-3.7508,5.6644,50.4826,-3.46951,-5.91753,50.4722
3.26234,0.529259,36.1044,3.48369,-0.282364,35.866,-3.74905,5.67839,50.4897,-3.46792,-5.90871,50.4612
3.26627,0.534246,36.1085,3.49001,-0.275962,35.8568,-3.74752,5.69145,50.4969,-3.46644,-5.90077,50.4519
3.2701,0.538966,36.1125,3.49614,-0.270035,35.8486,-3.74619,5.7037,50.5043,-3.46516,-5.89364,50.4446
3.27362,0.543572,36.1163,3.50191,-0.264321,35.8412,-3.74544,5.71523,50.5111,-3.46427,-5.88717,50.4377
3.2771,0.547966,36.1198,3.50748,-0.259045,35.8342,-3.74474,5.72617,50.5179,-3.46356,-5.8813,50.4324
3.28033,0.552243,36.1231,3.51273,-0.253996,35.8279,-3.74448,5.73654,50.5242,-3.46324,-5.87596,50.4277
3.28329,0.55646,36.126,3.51765,-0.249109,35.8219,-3.74462,5.74641,50.5296,-3.46328,-5.87105,50.4233
3.28613,0.560525,36.1288,3.52233,-0.24453,35.8168,-3.74496,5.75579,50.5355,-3.46358,-5.86659,50.4206
3.28873,0.564616,36.1312,3.52672,-0.240016,35.8116,-3.74567,5.76481,50.5403,-3.46423,-5.86242,50.4177
3.29109,0.568685,36.1333,3.53085,-0.235565,35.807,-3.74678,5.77341,50.5448,-3.46524,-5.85857,50.4156
3.29332,0.572577,36.1355,3.53475,-0.231481,35.8031,-3.74809,5.78165,50.5503,-3.46652,-5.85525,50.4156
3.29542,0.57686,36.1366,3.53855,-0.226869,35.7984,-3.74971,5.78969,50.5531,-3.46805,-5.85155,50.4136
3.29747,0.580985,36.1376,3.5422,-0.22256,35.7944,-3.75144,5.79742,50.5572,-3.46979,-5.8483,50.4141
3.29935,0.585325,36.1381,3.5458,-0.217923,35.7903,-3.75367,5.80493,50.5603,-3.47184,-5.84514,50.4144
3.30132,0.589694,36.138,3.54937,-0.213339,35.786,-3.7559,5.81239,50.564,-3.47403,-5.84219,50.4161
3.30345,0.594631,36.1367,3.55307,-0.207883,35.7811,-3.7583,5.81993,50.5665,-3.47637,-5.83857,50.4176
3.30588,0.600115,36.1344,3.55686,-0.201726,35.7758,-3.76076,5.82807,50.5694,-3.47888,-5.83458,50.4203
3.30897,0.607048,36.1304,3.56068,-0.193733,35.7699,-3.76314,5.83799,50.572,-3.48164,-5.82898,50.4235
3.31344,0.617096,36.1239,3.56415,-0.182048,35.7639,-3.76492,5.85242,50.5757,-3.48489,-5.81952,50.4286
3.32079,0.634642,36.1128,3.56623,-0.161693,35.7584,-3.7654,5.8781,50.5796,-3.48939,-5.8006,50.4345
3.33482,0.669515,36.0919,3.56368,-0.121766,35.7572,-3.76264,5.93097,50.5845,-3.49699,-5.75904,50.4418
3.36184,0.747067,36.0563,3.54661,-0.037844,35.7763,-3.75169,6.04963,50.592,-3.51188,-5.66314,50.453
3.70579,2.83019,34.9878,3.18587,1.98953,36.9585,-3.64618,8.55273,49.6381,-3.63395,-3.29096,51.5925
4.4506,7.86379,32.5321,2.28741,6.0795,40.1572,-3.53614,14.5604,47.4763,-3.8259,1.37463,54.8716
6.81479,-1.05869,31.587,6.34143,-1.44921,27.3152,-2.43977,4.22761,50.143,-3.13897,-8.54519,44.6375
2.04309,-1.19152,42.851,0.369024,-4.12085,43.5249,-2.7054,2.34408,49.8625,-5.09792,-10.7137,54.5238
3.15462,-2.02487,38.7252,3.44698,-3.28014,35.2107,-3.20881,1.90264,50.7037,-3.62011,-9.76996,48.7436
3.1303,-2.33352,38.3998,3.82545,-3.32452,34.303,-3.42319,1.63453,50.8399,-3.45854,-9.7208,48.2388
2.94309,-2.26555,38.3271,3.79447,-3.26918,34.3207,-3.60675,1.72308,50.8734,-3.42385,-9.55938,48.2315
2.86737,-2.09957,38.1033,3.7392,-3.06591,34.4419,-3.72015,1.98332,50.8001,-3.40272,-9.22874,48.3209
2.84966,-1.86556,37.8017,3.65756,-2.78228,34.6442,-3.79725,2.34841,50.7141,-3.41258,-8.80825,48.5649
2.83523,-1.6866,37.5578,3.61541,-2.59296,34.8167,-3.85633,2.61151,50.6032,-3.4034,-8.56634,48.8036
2.8504,-1.28763,37.1826,3.53193,-2.18043,35.0856,-3.88835,3.1579,50.4903,-3.44553,-8.06985,49.1973
2.89261,-0.970896,36.8918,3.4617,-1.85423,35.3371,-3.89773,3.6037,50.4295,-3.47593,-7.68192,49.5692
2.93581,-0.675508,36.655,3.40354,-1.55829,35.5836,-3.89882,4.01248,50.4166,-3.5034,-7.34232,49.9507
2.99015,-0.428026,36.4888,3.36183,-1.31285,35.784,-3.88729,4.35608,50.4243,-3.52074,-7.07212,50.2576
3.06945,-0.141657,36.2859,3.36447,-1.02075,35.937,-3.84884,4.73262,50.4408,-3.51039,-6.75374,50.531
3.13346,0.0566398,36.1607,3.3788,-0.810976,36.0065,-3.81655,4.99472,50.4526,-3.49754,-6.51901,50.6599
3.18369,0.224626,36.0724,3.39586,-0.630016,36.0278,-3.78866,5.21301,50.4523,-3.48799,-6.31898,50.7237
3.20916,0.328842,36.0438,3.40983,-0.518373,36.026,-3.77486,5.34981,50.4659,-3.48305,-6.19627,50.7385
3.22334,0.426942,36.0656,3.42449,-0.415543,36.0143,-3.76616,5.46758,50.477,-3.47683,-6.08446,50.6994
3.2289,0.464105,36.0784,3.43204,-0.373686,35.9949,-3.76343,5.51875,50.4713,-3.47545,-6.03233,50.646
3.23338,0.482342,36.0833,3.43813,-0.350481,35.9731,-3.76147,5.55051,50.4617,-3.47552,-6.00073,50.6005
3.23847,0.49334,36.0855,3.44488,-0.335195,35.9519,-3.75861,5.57509,50.4574,-3.47471,-5.97888,50.5659
3.24183,0.501376,36.0876,3.4504,-0.323435,35.9328,-3.75753,5.59632,50.4561,-3.47505,-5.96213,50.5368
3.24559,0.508136,36.0913,3.45658,-0.313575,35.9175,-3.75588,5.61528,50.4614,-3.47427,-5.94808,50.5164
3.24955,0.514343,36.0946,3.46303,-0.304823,35.9029,-3.75397,5.63273,50.4662,-3.47294,-5.93587,50.4975
3.2536,0.520105,36.098,3.46961,-0.296906,35.89,-3.75202,5.64878,50.4719,-3.47133,-5.92509,50.4816
3.25767,0.525568,36.102,3.47619,-0.289585,35.8788,-3.75016,5.66366,50.4787,-3.46962,-5.91546,50.4687
3.26164,0.53073,36.1061,3.48259,-0.282852,35.8687,-3.74849,5.6776,50.4859,-3.46806,-5.90684,50.458
3.26556,0.535652,36.1101,3.48887,-0.276566,35.8596,-3.74702,5.69061,50.4932,-3.46662,-5.8991,50.4491
3.26937,0.540312,36.114,3.49494,-0.27075,35.8516,-3.74577,5.70281,50.5008,-3.46536,-5.89216,50.442
3.27287,0.544861,36.1178,3.50067,-0.265142,35.8443,-3.74508,5.71429,50.5076,-3.46451,-5.88588,50.4355
3.27633,0.549199,36.1213,3.50619,-0.259969,35.8376,-3.74446,5.72518,50.5145,-3.46383,-5.8802,50.4304
3.27954,0.553423,36.1246,3.5114,-0.25502,35.8314,-3.74426,5.73549,50.5209,-3.46355,-5.87504,50.426
3.28249,0.557585,36.1275,3.51628,-0.250232,35.8256,-3.74447,5.7453,50.5265,-3.46362,-5.87032,50.4219
3.28531,0.561594,36.1303,3.52092,-0.24575,35.8205,-3.74488,5.75461,50.5325,-3.46396,-5.86604,50.4195
3.28789,0.565629,36.1326,3.52527,-0.241334,35.8155,-3.74565,5.76357,50.5373,-3.46465,-5.86206,50.4169
3.29025,0.569638,36.1347,3.52937,-0.236981,35.8111,-3.74683,5.7721,50.5419,-3.46569,-5.8584,50.4151
3.29246,0.573467,36.1368,3.53324,-0.232997,35.8073,-3.7482,5.78027,50.5475,-3.46701,-5.85527,50.4154
3.29457,0.577683,36.1378,3.53701,-0.228486,35.8027,-3.74989,5.78823,50.5504,-3.46858,-5.85177,50.4137
3.29663,0.581734,36.1388,3.54064,-0.224279,35.7988,-3.75168,5.79587,50.5546,-3.47035,-5.84872,50.4145
3.29852,0.585997,36.1392,3.54422,-0.219744,35.7947,-3.75396,5.8033,50.5578,-3.47244,-5.84576,50.4151
3.30053,0.590282,36.1389,3.54779,-0.21526,35.7905,-3.75623,5.81067,50.5616,-3.47466,-5.84303,50.4171
3.30271,0.595135,36.1374,3.55151,-0.209897,35.7856,-3.75868,5.81813,50.5643,-3.47702,-5.83962,50.4191
3.30523,0.600539,36.1349,3.55531,-0.20381,35.7804,-3.76117,5.82622,50.5673,-3.47957,-5.83582,50.4222
3.30845,0.607423,36.1305,3.55918,-0.195838,35.7744,-3.76356,5.83614,50.5701,-3.48235,-5.83037,50.4259
3.31312,0.617503,36.1236,3.56269,-0.184057,35.7684,-3.76531,5.85073,50.5739,-3.48563,-5.82093,50.4315
3.3208,0.635281,36.1118,3.56478,-0.163345,35.763,-3.76571,5.87692,50.578,-3.49017,-5.80178,50.4382
3.33539,0.670847,36.0896,3.56217,-0.122482,35.7619,-3.76276,5.93109,50.583,-3.49786,-5.75935,50.4464
3.36345,0.750133,36.0519,3.5448,-0.0363363,35.7817,-3.7514,6.05281,50.5904,-3.51296,-5.66119,50.4591
3.71085,2.84024,34.9733,3.18294,2.00096,36.9699,-3.64452,8.56881,49.6314,-3.63534,-3.27998,51.6072
4.46054,7.88189,32.5016,2.28245,6.1036,40.1808,-3.53265,14.594,47.4604,-3.82718,1.39753,54.901
6.81903,-1.05908,31.5722,6.33702,-1.45019,27.3274,-2.43887,4.23238,50.1396,-3.14251,-8.54345,44.6553
2.04922,-1.19235,42.8323,0.364779,-4.11772,43.5373,-2.70417,2.35109,49.8587,-5.1004,-10.7121,54.5434
3.16013,-2.02357,38.7076,3.44348,-3.27585,35.2225,-3.20754,1.91095,50.6988,-3.62256,-9.7663,48.7633
3.13597,-2.33168,38.3822,3.8219,-3.31978,34.3153,-3.42189,1.64332,50.8349,-3.46081,-9.71701,48.2587
2.94851,-2.26356,38.3104,3.79129,-3.26447,34.3322,-3.60553,1.73158,50.8686,-3.42582,-9.55616,48.2508
2.87238,-2.09775,38.088,3.73645,-3.06166,34.4522,-3.71905,1.991,50.7959,-3.40442,-9.22644,48.3391
2.85417,-1.86418,37.7881,3.65525,-2.7788,34.6533,-3.79631,2.3549,50.7106,-3.41405,-8.80706,48.5819
2.83944,-1.68522,37.5449,3.6134,-2.58957,34.8251,-3.8555,2.61753,50.5997,-3.40469,-8.56548,48.8199
2.85406,-1.28693,37.1715,3.53027,-2.17803,35.0927,-3.8877,3.16246,50.4877,-3.44667,-8.07012,49.212
2.89575,-0.97076,36.8822,3.46037,-1.85263,35.3431,-3.89725,3.60702,50.4275,-3.47692,-7.68307,49.5824
2.9385,-0.675887,36.6468,3.40248,-1.55739,35.5885,-3.89848,4.01472,50.4152,-3.50428,-7.3442,49.9626
2.99245,-0.428807,36.4817,3.36099,-1.31249,35.7881,-3.88707,4.35747,50.4233,-3.52153,-7.07452,50.2683
3.07135,-0.142941,36.28,3.36384,-1.02108,35.9402,-3.84873,4.73307,50.4404,-3.51111,-6.75672,50.5404
3.13503,0.0550329,36.1558,3.37833,-0.81174,36.0091,-3.81652,4.99453,50.4526,-3.49821,-6.52232,50.6683
3.185,0.222779,36.0683,3.39552,-0.631118,36.0298,-3.7887,5.21234,50.4526,-3.48861,-6.32251,50.7311
3.21027,0.326903,36.0404,3.40959,-0.51962,36.0276,-3.77494,5.34889,50.4664,-3.48362,-6.19984,50.745
3.22429,0.424993,36.0626,3.42433,-0.41683,36.0155,-3.76627,5.46654,50.4776,-3.47736,-6.08796,50.7053
3.22975,0.462241,36.0758,3.43195,-0.374886,35.9958,-3.76355,5.51776,50.472,-3.47593,-6.03564,50.6514
3.23416,0.480597,36.0809,3.43809,-0.351541,35.9738,-3.76159,5.54963,50.4624,-3.47597,-6.0038,50.6054
3.2392,0.491724,36.0832,3.4449,-0.336098,35.9523,-3.75873,5.57434,50.4581,-3.47512,-5.9817,50.5704
3.24252,0.49989,36.0855,3.45048,-0.324178,35.9331,-3.75763,5.59572,50.4569,-3.47542,-5.96471,50.5409
3.24626,0.506772,36.0894,3.4567,-0.314164,35.9176,-3.75597,5.61481,50.4622,-3.47461,-5.95041,50.5202
3.25019,0.513094,36.0927,3.4632,-0.305266,35.9028,-3.75405,5.63239,50.467,-3.47324,-5.93798,50.501
3.25422,0.518961,36.0963,3.46983,-0.297213,35.8897,-3.75208,5.64856,50.4727,-3.4716,-5.92699,50.4848
3.25828,0.52452,36.1003,3.47646,-0.289765,35.8783,-3.7502,5.66356,50.4796,-3.46985,-5.91716,50.4716
3.26224,0.52977,36.1045,3.4829,-0.282914,35.8681,-3.74851,5.6776,50.4868,-3.46826,-5.90835,50.4607
3.26614,0.534775,36.1086,3.48922,-0.276518,35.8589,-3.74703,5.69071,50.4942,-3.46678,-5.90043,50.4514
3.26994,0.53951,36.1126,3.49534,-0.270598,35.8507,-3.74576,5.703,50.5018,-3.46549,-5.89333,50.4442
3.27344,0.544129,36.1165,3.50111,-0.264894,35.8433,-3.74505,5.71457,50.5086,-3.4646,-5.88689,50.4374
3.2769,0.548533,36.1201,3.50667,-0.259629,35.8364,-3.74441,5.72553,50.5155,-3.46389,-5.88106,50.4321
3.28009,0.552818,36.1234,3.51191,-0.254593,35.8301,-3.74419,5.73591,50.5219,-3.46357,-5.87576,50.4275
3.28304,0.557039,36.1263,3.51683,-0.249722,35.8242,-3.74438,5.7458,50.5275,-3.46361,-5.8709,50.4232
3.28585,0.561104,36.1292,3.5215,-0.245161,35.819,-3.74477,5.75518,50.5335,-3.46391,-5.86648,50.4206
3.28843,0.565194,36.1316,3.52588,-0.240668,35.8139,-3.74552,5.7642,50.5384,-3.46457,-5.86237,50.4178
3.29078,0.569257,36.1337,3.53002,-0.236241,35.8093,-3.74668,5.7728,50.543,-3.46558,-5.85858,50.4158
3.29299,0.573139,36.1359,3.53392,-0.232183,35.8055,-3.74803,5.78103,50.5485,-3.46686,-5.85532,50.4158
3.29508,0.577409,36.137,3.53771,-0.2276,35.8008,-3.7497,5.78906,50.5514,-3.46839,-5.85169,50.414
3.29712,0.581516,36.138,3.54137,-0.223322,35.7968,-3.75147,5.79677,50.5556,-3.47014,-5.84852,50.4146
3.299,0.585835,36.1385,3.54496,-0.218717,35.7927,-3.75374,5.80426,50.5589,-3.47219,-5.84543,50.415
3.30098,0.590178,36.1383,3.54854,-0.214167,35.7884,-3.756,5.81169,50.5626,-3.47438,-5.84257,50.4168
3.30312,0.595087,36.137,3.55226,-0.208742,35.7835,-3.75844,5.81922,50.5653,-3.47672,-5.83903,50.4185
3.30559,0.600544,36.1346,3.55607,-0.202606,35.7782,-3.76092,5.82735,50.5683,-3.47924,-5.83511,50.4214
3.30873,0.607462,36.1304,3.55992,-0.194614,35.7722,-3.76331,5.83729,50.571,-3.482,-5.82957,50.4247
3.31329,0.617527,36.1237,3.56342,-0.182879,35.7662,-3.76509,5.8518,50.5748,-3.48525,-5.82011,50.4301
3.3208,0.635175,36.1124,3.56552,-0.16236,35.7607,-3.76554,5.87773,50.5789,-3.48976,-5.80109,50.4363
3.33508,0.670342,36.0909,3.56296,-0.122018,35.7594,-3.76269,5.9312,50.5839,-3.49739,-5.75914,50.4439
3.36258,0.748615,36.0545,3.54578,-0.0371327,35.7787,-3.75155,6.05124,50.5916,-3.51236,-5.66226,50.4557
3.70804,2.83402,34.9822,3.18472,1.99402,36.9626,-3.64537,8.55952,49.6366,-3.63452,-3.28689,51.5981
4.45469,7.86878,32.5212,2.28591,6.0875,40.1645,-3.53456,14.5728,47.4728,-3.82617,1.3815,54.8816
6.81903,-1.05908,31.5722,6.33702,-1.45019,27.3274,-2.43887,4.23238,50.1396,-3.14251,-8.54345,44.6553
2.04922,-1.19235,42.8323,0.364779,-4.11772,43.5373,-2.70417,2.35109,49.8587,-5.1004,-10.7121,54.5434
3.16013,-2.02357,38.7076,3.44348,-3.27585,35.2225,-3.20754,1.91095,50.6988,-3.62256,-9.7663,48.7633
3.13597,-2.33168,38.3822,3.8219,-3.31978,34.3153,-3.42189,1.64332,50.8349,-3.46081,-9.71701,48.2587
2.94851,-2.26356,38.3104,3.79129,-3.26447,34.3322,-3.60553,1.73158,50.8686,-3.42582,-9.55616,48.2508
2.87238,-2.09775,38.088,3.73645,-3.06166,34.4522,-3.71905,1.991,50.7959,-3.40442,-9.22644,48.3391
2.85417,-1.86418,37.7881,3.65525,-2.7788,34.6533,-3.79631,2.3549,50.7106,-3.41405,-8.80706,48.5819
2.83944,-1.68522,37.5449,3.6134,-2.58957,34.8251,-3.8555,2.61753,50.5997,-3.40469,-8.56548,48.8199
2.85406,-1.28693,37.1715,3.53027,-2.17803,35.0927,-3.8877,3.16246,50.4877,-3.44667,-8.07012,49.212
2.89575,-0.97076,36.8822,3.46037,-1.85263,35.3431,-3.89725,3.60702,50.4275,-3.47692,-7.68307,49.5824
2.9385,-0.675887,36.6468,3.40248,-1.55739,35.5885,-3.89848,4.01472,50.4152,-3.50428,-7.3442,49.9626
2.99245,-0.428807,36.4817,3.36099,-1.31249,35.7881,-3.88707,4.35747,50.4233,-3.52153,-7.07452,50.2683
3.07135,-0.142941,36.28,3.36384,-1.02108,35.9402,-3.84873,4.73307,50.4404,-3.51111,-6.75672,50.5404
3.13503,0.0550329,36.1558,3.37833,-0.81174,36.0091,-3.81652,4.99453,50.4526,-3.49821,-6.52232,50.6683
3.185,0.222779,36.0683,3.39552,-0.631118,36.0298,-3.7887,5.21234,50.4526,-3.48861,-6.32251,50.7311
3.21027,0.326903,36.0404,3.40959,-0.51962,36.0276,-3.77494,5.34889,50.4664,-3.48362,-6.19984,50.745
3.22429,0.424993,36.0626,3.42433,-0.41683,36.0155,-3.76627,5.46654,50.4776,-3.47736,-6.08796,50.7053
3.22975,0.462241,36.0758,3.43195,-0.374886,35.9958,-3.76355,5.51776,50.472,-3.47593,-6.03564,50.6514
3.23416,0.480597,36.0809,3.43809,-0.351541,35.9738,-3.76159,5.54963,50.4624,-3.47597,-6.0038,50.6054
3.2392,0.491724,36.0832,3.4449,-0.336098,35.9523,-3.75873,5.57434,50.4581,-3.47512,-5.9817,50.5704
3.24252,0.49989,36.0855,3.45048,-0.324178,35.9331,-3.75763,5.59572,50.4569,-3.47542,-5.96471,50.5409
3.24626,0.506772,36.0894,3.4567,-0.314164,35.9176,-3.75597,5.61481,50.4622,-3.47461,-5.95041,50.5202
3.25019,0.513094,36.0927,3.4632,-0.305266,35.9028,-3.75405,5.63239,50.467,-3.47324,-5.93798,50.501
3.25422,0.518961,36.0963,3.46983,-0.297213,35.8897,-3.75208,5.64856,50.4727,-3.4716,-5.92699,50.4848
3.25828,0.52452,36.1003,3.47646,-0.289765,35.8783,-3.7502,5.66356,50.4796,-3.46985,-5.91716,50.4716
3.26224,0.52977,36.1045,3.4829,-0.282914,35.8681,-3.74851,5.6776,50.4868,-3.46826,-5.90835,50.4607
3.26614,0.534775,36.1086,3.48922,-0.276518,35.8589,-3.74703,5.69071,50.4942,-3.46678,-5.90043,50.4514
3.26994,0.53951,36.1126,3.49534,-0.270598,35.8507,-3.74576,5.703,50.5018,-3.46549,-5.89333,50.4442
3.27344,0.544129,36.1165,3.50111,-0.264894,35.8433,-3.74505,5.71457,50.5086,-3.4646,-5.88689,50.4374
3.2769,0.548533,36.1201,3.50667,-0.259629,35.8364,-3.74441,5.72553,50.5155,-3.46389,-5.88106,50.4321
3.28009,0.552818,36.1234,3.51191,-0.254593,35.8301,-3.74419,5.73591,50.5219,-3.46357,-5.87576,50.4275
3.28304,0.557039,36.1263,3.51683,-0.249722,35.8242,-3.74438,5.7458,50.5275,-3.46361,-5.8709,50.4232
3.28585,0.561104,36.1292,3.5215,-0.245161,35.819,-3.74477,5.75518,50.5335,-3.46391,-5.86648,50.4206
3.28843,0.565194,36.1316,3.52588,-0.240668,35.8139,-3.74552,5.7642,50.5384,-3.46457,-5.86237,50.4178
3.29078,0.569257,36.1337,3.53002,-0.236241,35.8093,-3.74668,5.7728,50.543,-3.46558,-5.85858,50.4158
3.29299,0.573139,36.1359,3.53392,-0.232183,35.8055,-3.74803,5.78103,50.5485,-3.46686,-5.85532,50.4158
3.29508,0.577409,36.137,3.53771,-0.2276,35.8008,-3.7497,5.78906,50.5514,-3.46839,-5.85169,50.414
3.29712,0.581516,36.138,3.54137,-0.223322,35.7968,-3.75147,5.79677,50.5556,-3.47014,-5.84852,50.4146
3.299,0.585835,36.1385,3.54496,-0.218717,35.7927,-3.75374,5.80426,50.5589,-3.47219,-5.84543,50.415
3.30098,0.590178,36.1383,3.54854,-0.214167,35.7884,-3.756,5.81169,50.5626,-3.47438,-5.84257,50.4168
3.30312,0.595087,36.137,3.55226,-0.208742,35.7835,-3.75844,5.81922,50.5653,-3.47672,-5.83903,50.4185
3.30559,0.600544,36.1346,3.55607,-0.202606,35.7782,-3.76092,5.82735,50.5683,-3.47924,-5.83511,50.4214
3.30873,0.607462,36.1304,3.55992,-0.194614,35.7722,-3.76331,5.83729,50.571,-3.482,-5.82957,50.4247
3.31329,0.617527,36.1237,3.56342,-0.182879,35.7662,-3.76509,5.8518,50.5748,-3.48525,-5.82011,50.4301
3.3208,0.635175,36.1124,3.56552,-0.16236,35.7607,-3.76554,5.87773,50.5789,-3.48976,-5.80109,50.4363
3.33508,0.670342,36.0909,3.56296,-0.122018,35.7594,-3.76269,5.9312,50.5839,-3.49739,-5.75914,50.4439
3.36258,0.748615,36.0545,3.54578,-0.0371327,35.7787,-3.75155,6.05124,50.5916,-3.51236,-5.66226,50.4557
3.70804,2.83402,34.9822,3.18472,1.99402,36.9626,-3.64537,8.55952,49.6366,-3.63452,-3.28689,51.5981
4.45469,7.86878,32.5212,2.28591,6.0875,40.1645,-3.53456,14.5728,47.4728,-3.82617,1.3815,54.8816
