2.21418,4.69742,23.5705,2.17657,-3.79,15.9395,-4.65144,27.3726,72.4,-2.68244,-27.0217,66.1155
1.70901,4.68133,22.8231,1.54565,-3.05329,14.3651,-5.76857,27.5934,74.2598,-3.83384,-26.9687,67.4523
1.24876,4.66777,22.1969,0.98391,-2.46277,13.1023,-6.74007,27.6511,75.5914,-4.86346,-26.85,68.4377
0.518932,4.68583,21.8338,0.151105,-1.74628,11.9268,-8.06303,27.4326,77.3227,-6.29678,-26.4911,69.8469
-0.0676876,4.57662,20.3272,-0.5982,-0.875026,9.84287,-9.14153,26.6771,77.7222,-7.57838,-25.6022,70.0061
-0.716793,4.30964,17.6026,-1.37348,0.104171,7.04722,-10.2954,25.2466,77.1786,-9.04825,-23.9938,69.2024
-1.2859,4.14597,16.0566,-1.87363,0.491037,5.94312,-11.3156,24.0178,77.1789,-10.3932,-22.7388,69.1981
-1.66654,4.1452,15.6524,-2.22753,0.623035,5.82641,-12.0524,23.0253,77.5819,-11.4745,-21.8827,69.9134
-2.00849,3.88596,13.6398,-2.34368,0.708753,5.11249,-12.7743,21.3174,76.6789,-12.661,-20.1815,69.2657
-2.32489,3.75134,12.4354,-2.37732,0.719963,4.84035,-13.5177,19.6155,76.3168,-13.887,-18.6038,69.2232
-2.52549,3.54436,11.2242,-2.21819,0.694408,4.35428,-14.1878,17.6957,75.9208,-15.0573,-16.9809,69.0993
-2.60874,3.37869,10.2242,-1.88346,0.618113,3.79955,-14.7601,15.6887,75.3635,-16.1904,-15.2158,68.9681
-2.60413,3.25705,9.45477,-1.57064,0.529085,3.31969,-15.2589,13.6335,74.686,-17.2977,-13.3536,68.8247
-2.74101,3.63622,9.50585,-1.22875,0.436681,2.65974,-15.8602,11.798,73.6385,-18.6514,-11.0695,68.9132
-2.64392,3.46215,9.1301,-1.31937,0.447286,3.07581,-16.1873,9.70842,72.7295,-19.7469,-9.32572,68.9067
-2.65849,3.40469,8.65083,-1.22977,0.428663,2.77413,-16.8107,7.16793,71.5381,-21.2665,-6.84368,68.7599
-2.16142,3.25803,8.47129,-1.13259,0.409583,2.88031,-16.4145,4.98447,70.5904,-21.6132,-5.71542,68.7401
-1.78112,3.35022,8.37105,-0.92261,0.361102,2.51145,-16.2714,2.53255,69.3723,-22.2814,-3.82459,68.5272
-1.51441,3.90413,9.45535,-0.909849,0.390084,2.71151,-16.1902,0.393986,68.8594,-23.054,-2.12335,69.2478
-0.862177,3.73293,8.927,-0.755406,0.35445,2.7355,-15.4805,-2.37906,66.3849,-23.1916,-0.0865827,67.6956
-0.247385,3.98006,9.36464,-0.617056,0.360673,2.63991,-14.7688,-5.07785,64.7463,-23.2703,1.68264,66.8707
0.426524,4.48674,10.3411,-0.462339,0.371672,2.71688,-13.9016,-7.63603,62.8939,-23.1964,3.53603,65.8986
1.03978,4.99367,11.357,-0.300266,0.383968,2.9005,-13.1603,-9.73249,61.0761,-23.1203,5.12904,64.777
2.00407,5.76746,13.1985,-0.0113075,0.406274,3.36504,-11.609,-12.7388,58.6688,-22.437,7.14396,63.2724
2.94986,6.44648,14.8013,0.405898,0.412497,4.00728,-10.1238,-15.31,56.3027,-21.6764,8.97652,61.6183
3.98411,7.21229,16.5602,1.03737,0.36944,5.06085,-8.41823,-17.5884,53.8176,-20.6857,10.9106,59.8161
5.09412,7.95469,18.4369,1.88203,0.150341,6.54065,-6.51976,-19.6416,51.2984,-19.467,12.804,57.8359
6.24839,8.59955,20.3759,2.8651,-0.305123,8.29963,-4.48521,-21.6272,48.8026,-18.0169,14.4486,55.6378
7.41642,9.23278,22.4093,3.92879,-0.969359,10.3261,-2.3552,-23.3563,46.3675,-16.3508,15.9278,53.2774
8.35217,10.1087,25.5142,4.94139,-1.9319,13.3013,-0.582399,-24.6232,45.1428,-14.9246,17.0225,51.9843
9.70485,10.4574,26.7282,6.11718,-2.76332,14.8654,1.92354,-25.7075,41.9579,-12.4664,18.3779,48.1837
10.7191,11.049,29.0722,7.08016,-3.87288,17.4387,3.87042,-26.1261,40.0628,-10.3797,19.3592,45.5239
11.627,11.6119,31.5142,7.90175,-5.09594,20.2098,5.5977,-26.0062,38.4544,-8.23665,20.0551,42.9198
12.5091,12.187,33.8537,8.74483,-6.18492,22.8571,7.10419,-25.5207,37.0817,-6.00794,20.5365,40.4104
13.3105,12.7361,36.1421,9.55812,-7.23089,25.491,8.3645,-24.7985,35.8849,-3.77323,20.748,38.0288
14.0202,13.2241,38.3572,10.3219,-8.2626,28.088,9.36382,-23.9485,34.7899,-1.59216,20.6739,35.8037
14.624,13.6235,40.4775,11.034,-9.27488,30.5834,10.1159,-23.0455,33.7978,0.466538,20.2965,33.7826
15.111,13.9848,42.5487,11.661,-10.2922,33.0643,10.6852,-22.1869,32.9255,2.37577,19.7124,32.0112
15.9768,14.2656,44.1291,12.6924,-11.2735,35.2046,11.2644,-20.9729,31.6764,4.66664,18.7807,29.6818
15.7349,14.6815,46.2979,12.6042,-12.0451,37.7597,11.4264,-20.6257,31.4475,5.50577,18.2776,29.2901
15.8637,15.0092,47.9439,12.8723,-12.7709,39.9454,11.612,-19.9101,30.7402,6.68349,17.5262,28.2891
19.4956,-1.05757,78.4703,19.6264,-4.31533,77.8842,21.5528,-7.3054,40.7581,19.7866,-1.03143,43.1912
16.689,-0.700026,89.3628,16.6921,-4.3224,88.7871,18.4784,-4.50268,51.4516,17.9485,-1.84699,52.4545
13.0558,-0.0135826,92.3119,12.9591,-4.35103,91.7788,14.9939,-2.80301,55.6608,14.9248,-2.23632,56.0894
10.1241,0.714076,96.7533,9.92675,-4.42341,96.1315,12.6431,-1.68558,60.2456,12.5583,-2.47545,60.3869
8.02026,1.50214,103.922,7.67475,-4.53893,102.947,11.1048,-0.757273,66.4666,10.9159,-2.59894,66.078
6.40882,2.09963,107.425,5.9654,-4.70621,106.308,9.93372,-0.0890768,68.811,9.6452,-2.75221,68.227
4.59803,2.77106,107.893,4.09361,-5.00189,106.751,8.51032,0.791781,68.7545,8.13457,-3.20623,68.1502
3.81606,2.98369,112.825,3.28954,-5.01267,111.595,8.08555,0.856714,71.8873,7.68171,-3.04874,71.1921
5.94479,5.39141,27.5212,5.24317,-6.50173,21.705,0.423078,26.6515,71.5646,1.44254,-26.9916,66.1516
2.9788,6.8411,39.7017,2.80251,-8.34056,33.281,0.167816,26.5305,70.5283,0.698567,-26.982,66.0331
3.24758,6.11155,33.2053,2.58293,-6.58083,26.6958,-1.10303,26.5018,71.6557,-0.467259,-26.6135,66.2052
2.56817,6.00229,31.2848,1.75804,-5.42291,23.5832,-2.28944,25.9895,72.0139,-1.82052,-25.9237,66.224
1.7184,5.93356,29.9973,0.68513,-4.31937,21.3996,-3.42857,25.2126,72.1414,-3.20084,-25.0297,66.0947
0.730422,5.88372,28.2248,-0.7514,-2.55584,17.8458,-4.78206,23.9306,72.1075,-4.91089,-23.6165,65.8113
-0.0979694,5.91561,26.9789,-2.06662,-1.01936,14.6529,-5.88222,22.7042,72.0109,-6.39375,-22.3032,65.6912
-0.711217,5.98838,26.3399,-3.02075,-0.152935,12.8539,-6.63833,21.6206,71.8818,-7.52767,-21.1924,65.7581
-1.34594,6.02501,25.1052,-3.89958,0.616627,11.1834,-7.53894,20.0746,71.6988,-8.88717,-19.6277,65.7343
-1.89833,6.07105,24.0132,-4.17247,0.945121,10.3491,-8.41458,18.4542,71.669,-10.2039,-18.02,65.7769
-2.32482,6.07623,22.8949,-4.22402,1.14475,9.78187,-9.21428,16.6265,71.6678,-11.4537,-16.3949,65.7932
-2.62512,6.13984,21.9068,-3.98118,1.19936,9.37081,-9.91308,14.7027,71.5243,-12.6599,-14.6553,65.8487
-2.82061,6.19688,21.1264,-3.62509,1.02941,9.58112,-10.5362,12.7352,71.282,-13.84,-12.8713,65.9646
-3.14976,6.82923,21.3243,-2.34452,0.791422,6.57508,-11.293,11.0322,70.6661,-15.3024,-10.5879,66.3946
-3.17308,6.66361,21.1878,-2.24172,0.742417,7.79786,-11.7721,9.04411,70.2401,-16.4724,-8.98318,66.7698
-3.33373,6.69815,20.6733,-2.23171,0.610467,8.07058,-12.5679,6.65115,69.5756,-18.0627,-6.61074,66.9831
-2.83004,6.28825,20.4282,-2.24829,0.402567,10.0201,-12.3809,4.63593,69.1718,-18.467,-5.60812,67.3334
-2.53736,6.32154,20.2957,-1.7678,0.190264,9.83111,-12.4881,2.40929,68.5261,-19.2312,-3.80571,67.5438
-2.3481,6.46312,20.4896,-1.13254,-0.00504517,9.28949,-12.5374,0.304457,67.6433,-19.9676,-1.91224,67.7145
-1.83952,6.43718,20.5159,-0.968068,-0.452509,11.2413,-12.3351,-1.9695,66.8008,-20.3902,-0.321212,67.6806
-1.39237,6.55665,20.8306,-0.970724,-0.679471,12.2715,-11.9892,-4.33229,65.8397,-20.6211,1.27121,67.4405
-0.984337,6.92697,21.8615,-0.697505,-0.96153,12.6002,-11.527,-6.50233,64.6897,-20.7364,2.93221,67.1516
-0.725298,7.2998,23.0225,-0.582326,-1.20476,12.8542,-11.2203,-8.17523,63.6189,-20.8888,4.29562,66.7904
-0.142146,7.79177,25.0248,-0.43236,-1.51072,13.6795,-10.1719,-10.7365,61.9958,-20.4825,6.0264,66.0969
0.433751,8.22134,26.6946,-0.336997,-1.7067,14.6414,-9.23828,-12.9108,60.4491,-20.0544,7.57015,65.2768
1.09655,8.70045,28.3936,-0.178717,-1.90092,16.0588,-8.15,-14.7527,58.8462,-19.4529,9.16973,64.3177
1.78296,9.14055,30.2635,0.0612925,-2.24874,18.0033,-6.9145,-16.3388,57.237,-18.6718,10.7183,63.1804
2.46874,9.51372,32.2379,0.424496,-2.73466,20.1435,-5.5695,-17.8449,55.6346,-17.7134,12.0266,61.8175
3.14089,9.91705,34.3269,0.883448,-3.33984,22.4764,-4.12998,-19.1172,54.0446,-16.581,13.1994,60.268
3.81883,10.3398,36.4373,1.43502,-3.9997,24.8265,-2.59509,-20.2842,52.3765,-15.2885,14.2844,58.5182
4.51972,10.8926,38.6539,2.01336,-4.83014,27.3814,-0.714403,-22.0627,49.8584,-13.8692,15.2533,56.7142
5.10459,11.4383,41.0014,2.36902,-5.70187,30.1962,1.57701,-24.6636,46.2787,-12.4187,16.1885,54.8076
5.59893,12.0005,43.4473,2.62761,-6.63957,33.1422,3.94396,-26.9762,42.6722,-10.8987,16.9065,52.8749
6.09096,12.5827,45.7466,3.07205,-7.41384,35.7412,5.8501,-27.8569,40.1595,-9.25227,17.4787,50.8551
6.51256,13.0957,47.9543,3.57806,-8.16343,38.2133,7.2853,-27.6117,38.5175,-7.50744,17.865,48.7229
6.87498,13.5033,50.0311,4.10201,-8.93389,40.5838,8.38509,-26.9027,37.2778,-5.6706,18.1379,46.4528
7.18887,13.7894,51.931,4.64009,-9.7208,42.7916,9.20787,-26.068,36.3014,-3.75876,18.3691,44.0402
7.45151,14.0155,53.7054,5.13146,-10.5548,44.9788,9.84204,-25.3152,35.6462,-1.73652,18.6636,41.5285
7.90493,14.2281,55.5314,5.77893,-11.4579,47.4566,10.4124,-24.4416,35.1513,0.560624,18.6284,39.0503
7.87258,14.4219,56.5887,5.92397,-11.9679,48.9782,10.4845,-23.7216,35.3761,1.43692,17.7857,38.2381
7.95365,14.5742,57.7551,6.20415,-12.5501,50.7107,9.42764,-21.3559,36.9084,2.12357,16.0859,38.0144
11.7182,-2.01482,86.5731,14.2587,-3.86609,86.7778,12.6202,-0.261237,54.7943,13.7665,-4.71133,54.4926
10.3802,-1.9388,94.9685,13.1086,-3.67252,94.9584,11.433,1.48922,62.8612,12.7686,-5.15696,62.6836
8.53567,-1.59247,95.1609,11.2562,-3.51996,94.9699,10.308,1.49937,63.799,11.1236,-4.84118,64.2312
7.21945,-1.32231,97.107,9.98334,-3.39289,96.675,9.18484,1.78509,66.5862,9.98761,-4.6407,66.7417
6.10636,-0.986446,102.505,9.0404,-3.2981,101.51,8.38181,2.26777,71.6178,9.25378,-4.4922,71.1418
5.24859,-0.641061,104.821,8.19882,-3.30833,103.561,7.74298,2.54389,73.1889,8.5926,-4.38789,72.449
4.22652,-0.0809204,104.337,7.08617,-3.49463,102.966,6.84004,3.01192,72.4983,7.59962,-4.60139,71.7406
3.87657,0.117203,108.911,6.86887,-3.35215,107.241,6.59486,3.22072,75.7744,7.48342,-4.45299,74.6811
5.93702,5.33375,27.3165,5.236,-6.47315,21.4969,0.395513,26.6188,71.3698,1.41954,-26.8159,65.8648
2.89902,6.77179,39.5641,2.79019,-8.26888,33.0186,0.153564,26.5111,70.3388,0.689841,-26.8093,65.7684
3.17421,6.05929,33.0344,2.5669,-6.49705,26.4032,-1.13119,26.4873,71.4844,-0.480589,-26.4422,65.9625
2.50101,5.96724,31.0682,1.75254,-5.31676,23.1413,-2.3286,25.977,71.8552,-1.83665,-25.7521,66.0057
1.64318,5.89636,29.7339,0.700516,-4.2607,20.9223,-3.47679,25.2043,71.9923,-3.21218,-24.8589,65.8979
0.643236,5.7729,27.8027,-0.590565,-2.87566,17.9901,-4.82989,23.9172,71.9729,-4.88879,-23.4552,65.6141
-0.180665,5.69685,26.35,-1.6666,-1.83774,15.822,-5.91638,22.6646,71.8954,-6.32543,-22.1763,65.4907
-0.780547,5.6852,25.6015,-2.47307,-1.26917,14.8038,-6.65071,21.5461,71.7805,-7.42561,-21.1234,65.5815
-1.44855,5.62365,24.347,-3.32435,-0.555044,13.4081,-7.53441,19.981,71.5988,-8.76833,-19.608,65.6029
-2.04397,5.58836,23.2751,-3.6486,-0.178666,12.6485,-8.39986,18.3535,71.5683,-10.0821,-18.0405,65.6918
-2.53596,5.50167,22.193,-3.74422,0.141914,11.8546,-9.19556,16.5327,71.5647,-11.336,-16.4363,65.751
-2.90965,5.46534,21.2802,-3.51897,0.292348,11.1715,-9.89287,14.6312,71.4221,-12.5477,-14.7035,65.8445
-3.17828,5.44398,20.6156,-3.15187,0.14711,11.0931,-10.517,12.7,71.1883,-13.7352,-12.9154,65.9918
-3.57858,6.12651,21.0067,-2.11419,0.351552,6.96677,-11.281,11.0446,70.5812,-15.2236,-10.6134,66.4721
-3.69955,5.91587,20.875,-2.07064,0.217253,8.21341,-11.7737,9.09651,70.2011,-16.4097,-9.00825,66.8415
-3.97394,5.94633,20.3626,-2.25945,0.252076,8.00804,-12.5865,6.75066,69.5801,-18.025,-6.6314,67.0664
-3.51473,5.65293,20.2893,-2.50276,0.232871,9.39538,-12.4083,4.77127,69.2223,-18.4539,-5.63278,67.4233
-3.23545,5.80647,20.3984,-2.36601,0.295426,8.78275,-12.5049,2.57653,68.6082,-19.2347,-3.84838,67.6526
-2.96281,6.09137,20.8823,-2.01827,0.334006,7.93891,-12.5344,0.481623,67.7576,-19.9812,-1.978,67.8218
-2.49322,6.05869,21.1267,-2.20107,0.208954,9.63072,-12.3015,-1.78456,66.9438,-20.4014,-0.416491,67.7734
-2.00925,6.19746,21.5607,-2.5402,0.186947,11.0828,-11.9241,-4.15865,66.026,-20.6281,1.13333,67.4788
-1.54452,6.59021,22.6335,-2.37915,0.142742,11.5865,-11.4403,-6.34524,64.9159,-20.7514,2.78302,67.1028
-1.22848,6.98448,23.7648,-2.17026,0.0829734,11.9885,-11.1208,-8.03772,63.8763,-20.9119,4.16705,66.6251
-0.58121,7.51518,25.7287,-1.77584,-0.169507,13.0616,-10.0589,-10.6183,62.2624,-20.5052,5.9465,65.8017
0.0417262,7.99549,27.3945,-1.35201,-0.438264,14.2779,-9.10508,-12.8021,60.6989,-20.0611,7.56232,64.854
0.746786,8.5508,29.1201,-0.830193,-0.764378,15.7545,-7.99138,-14.6465,59.0572,-19.4318,9.24762,63.782
1.48214,9.07342,31.0035,-0.266229,-1.26366,17.638,-6.7278,-16.2293,57.4034,-18.6134,10.8742,62.5506
2.22839,9.51943,32.9581,0.347383,-1.89314,19.6846,-5.3604,-17.7131,55.7749,-17.6123,12.239,61.1124
2.97131,9.9767,34.9897,0.989442,-2.63741,21.9354,-3.91772,-18.9321,54.1936,-16.4374,13.4438,59.5063
3.72125,10.4247,37.02,1.66567,-3.45258,24.2498,-2.43745,-19.8913,52.6887,-15.1009,14.5401,57.7051
4.39172,10.9075,39.2401,2.28661,-4.38537,26.8175,-0.971022,-20.4156,51.3266,-13.6372,15.4233,55.8429
4.98032,11.3807,41.5252,2.70984,-5.3843,29.5955,0.62476,-21.1882,49.4618,-12.1314,16.2484,53.8609
5.53691,11.9403,43.8883,2.99533,-6.41033,32.5525,3.17138,-24.2822,45.1285,-10.6199,16.9269,52.0298
6.12155,12.596,46.1249,3.41796,-7.23336,35.2201,5.84123,-27.5013,40.359,-9.04869,17.518,50.2662
6.56776,13.112,48.2929,3.89685,-8.04359,37.7308,7.41031,-27.4423,38.0737,-7.37652,17.76,48.3423
6.92487,13.4824,50.3282,4.39128,-8.86535,40.1193,8.58772,-26.572,36.6531,-5.65331,17.7103,46.3487
7.23694,13.7407,52.1752,4.88635,-9.67855,42.3523,9.46565,-25.7667,35.8265,-3.96185,17.4389,44.416
7.49868,13.9557,53.898,5.32393,-10.52,44.5669,10.1469,-25.1111,35.4289,-2.28466,17.0693,42.5828
7.93109,14.1545,55.6967,5.9183,-11.4344,47.067,10.7303,-24.2756,35.22,-0.29982,16.5551,40.6183
7.86822,14.3423,56.7466,6.03328,-11.9915,48.6108,10.5697,-23.2563,35.9506,0.736239,16.1656,39.3951
7.89721,14.4669,57.9104,6.29911,-12.6526,50.3507,8.29852,-19.3434,38.8624,1.928,15.4355,38.1737
11.4762,-2.42329,86.5439,14.0418,-4.24014,86.5495,12.1924,0.610195,55.0654,13.8607,-4.33238,53.802
9.94279,-2.43091,94.9333,12.7553,-4.13243,94.7627,11.663,1.23477,62.1367,12.7411,-4.87815,62.0427
7.96575,-2.09755,95.1255,10.8214,-3.99389,94.797,10.2173,1.28537,63.5263,10.9831,-4.64576,63.6839
6.50781,-1.85201,97.0665,9.4406,-3.89023,96.5335,8.97138,1.54984,66.35,9.74288,-4.51829,66.2481
5.21914,-1.56769,102.448,8.35086,-3.84169,101.404,8.04022,2.00929,71.3987,8.88208,-4.4436,70.7026
4.22689,-1.25772,104.75,7.37908,-3.88582,103.494,7.30716,2.2802,72.9886,8.1263,-4.39292,72.0556
3.10929,-0.726003,104.247,6.15408,-4.10087,102.941,6.33438,2.74968,72.3117,7.06133,-4.64544,71.3805
2.68556,-0.710308,108.623,5.79848,-4.0631,107.211,6.10774,2.73815,75.3223,6.89544,-4.52684,74.2136
5.94483,5.34739,27.3603,5.25307,-6.4876,21.5158,0.405573,26.6323,71.3865,1.4288,-26.8184,65.8744
2.90554,6.78181,39.605,2.80198,-8.28032,33.0448,0.164818,26.5228,70.3541,0.700337,-26.8124,65.7768
3.18212,6.06847,33.0645,2.57962,-6.50797,26.4236,-1.12004,26.497,71.4973,-0.470006,-26.4441,65.9697
2.50908,5.97582,31.0925,1.76664,-5.3275,23.1555,-2.31762,25.9846,71.8653,-1.82613,-25.7531,66.0117
1.65159,5.90377,29.7513,0.715521,-4.2718,20.9333,-3.46612,25.2095,71.9997,-3.2018,-24.8594,65.9024
0.652438,5.77945,27.8135,-0.574624,-2.88689,17.9986,-4.81967,23.9201,71.9777,-4.87868,-23.4551,65.617
-0.170463,5.70352,26.357,-1.65133,-1.84327,15.8185,-5.90671,22.6654,71.8976,-6.31604,-22.1757,65.4922
-0.769986,5.6924,25.6073,-2.4607,-1.26195,14.7771,-6.64145,21.5449,71.7799,-7.41726,-21.1225,65.5821
-1.43771,5.62912,24.3508,-3.30891,-0.543008,13.3801,-7.52494,19.9767,71.5957,-8.76025,-19.608,65.602
-2.03283,5.58853,23.2736,-3.6249,-0.176711,12.6562,-8.38993,18.3457,71.5636,-10.0739,-18.0431,65.6897
-2.5257,5.49795,22.1935,-3.72204,0.143103,11.8837,-9.18607,16.5224,71.5581,-11.3295,-16.4425,65.7501
-2.90212,5.46174,21.2924,-3.50792,0.310842,11.1722,-9.88502,14.6206,71.4128,-12.5449,-14.7119,65.8466
-3.17444,5.44188,20.639,-3.15431,0.190208,11.0342,-10.5111,12.6898,71.1762,-13.7355,-12.9245,65.9965
-3.57671,6.12127,21.0237,-2.11587,0.371861,6.91847,-11.2758,11.034,70.5663,-15.2225,-10.6221,66.4769
-3.69657,5.91153,20.8888,-2.07585,0.237917,8.15107,-11.768,9.08413,70.1839,-16.4058,-9.01655,66.8452
-3.96846,5.94127,20.3717,-2.26963,0.248536,7.99369,-12.5792,6.73613,69.56,-18.0164,-6.64063,67.0688
-3.50986,5.64251,20.284,-2.51409,0.200822,9.43202,-12.3995,4.7541,69.2002,-18.4407,-5.64355,67.4234
-3.23188,5.78963,20.3758,-2.37303,0.235121,8.8629,-12.4951,2.55687,68.5836,-19.2171,-3.86023,67.6511
-2.96201,6.06943,20.848,-2.02542,0.262136,8.03039,-12.5248,0.460586,67.7308,-19.962,-1.99062,67.8194
-2.49708,6.03185,21.095,-2.2085,0.136831,9.71729,-12.2928,-1.80634,66.9154,-20.3833,-0.430722,67.7697
-2.01632,6.1693,21.5317,-2.54138,0.14047,11.117,-11.9164,-4.18258,65.9956,-20.6115,1.11845,67.4737
-1.5511,6.56097,22.6004,-2.38057,0.111727,11.6042,-11.4323,-6.37291,64.8828,-20.7349,2.76646,67.0957
-1.23268,6.95433,23.7259,-2.17613,0.0589656,12.0117,-11.1118,-8.07022,63.8397,-20.8949,4.14783,66.616
-0.58247,7.48529,25.6854,-1.78378,-0.18449,13.079,-10.0488,-10.6563,62.2213,-20.4879,5.92449,65.7908
0.0428481,7.96613,27.3498,-1.35877,-0.444789,14.282,-9.09329,-12.8459,60.6521,-20.0431,7.53795,64.8416
0.750194,8.52189,29.0744,-0.834956,-0.766692,15.7489,-7.97754,-14.6965,59.0038,-19.4126,9.22101,63.7681
1.48807,9.04491,30.9567,-0.268825,-1.26479,17.627,-6.71188,-16.2861,57.3428,-18.5927,10.845,62.5352
2.23692,9.4911,32.9101,0.347006,-1.89435,19.6707,-5.34259,-17.7773,55.7071,-17.5898,12.2066,61.0955
2.98227,9.94835,34.9409,0.991435,-2.63909,21.9197,-3.89821,-19.0049,54.1178,-16.4129,13.4076,59.488
3.73423,10.3959,36.9712,1.67019,-3.45489,24.2328,-2.4161,-19.9775,52.6005,-15.0742,14.4994,57.6858
4.40449,10.8754,39.1932,2.29451,-4.38937,26.7985,-0.96518,-20.47,51.2695,-13.6069,15.3752,55.8198
4.97968,11.3265,41.4819,2.72487,-5.39793,29.566,0.419557,-20.6629,49.9666,-12.0876,16.175,53.8022
5.49701,11.8232,43.8456,3.02517,-6.44565,32.4952,2.30586,-22.0597,47.2702,-10.5427,16.782,51.8766
6.1273,12.5472,46.0796,3.4353,-7.24518,35.1945,5.66013,-27.2369,40.7467,-9.01104,17.452,50.2278
6.59128,13.0911,48.2494,3.90727,-8.05058,37.7202,7.32212,-27.4778,38.0553,-7.35504,17.7299,48.3426
6.94299,13.4475,50.288,4.40739,-8.87676,40.0985,8.58021,-26.4887,36.4886,-5.62818,17.6539,46.3336
7.25736,13.6964,52.1301,4.90739,-9.69101,42.3274,9.48867,-25.7236,35.7519,-3.93934,17.3616,44.4055
7.52417,13.9067,53.8472,5.3477,-10.5319,44.542,10.1789,-25.1259,35.482,-2.27645,16.9557,42.6039
7.95988,14.1037,55.644,5.94438,-11.4452,47.0422,10.7377,-24.275,35.4112,-0.314927,16.3943,40.6843
7.89458,14.2885,56.6979,6.06498,-12.006,48.5835,10.2851,-22.868,36.5459,0.731587,16.0315,39.4335
7.91604,14.4087,57.8715,6.34039,-12.6768,50.3176,7.45171,-18.1946,39.9904,1.96095,15.3752,38.1356
11.5134,-2.47064,86.5087,14.0991,-4.27015,86.522,12.2173,0.770937,54.8232,13.8994,-4.38465,53.7609
9.99003,-2.47423,94.8948,12.8138,-4.16152,94.743,11.7445,1.22235,61.935,12.7795,-4.9264,62.0147
8.01569,-2.13715,95.0872,10.8801,-4.02164,94.7801,10.2216,1.31417,63.4752,11.0205,-4.68774,63.663
6.55904,-1.88799,97.0308,9.50033,-3.91718,96.5182,8.97243,1.58905,66.3085,9.7813,-4.55792,66.2309
5.27331,-1.60044,102.415,8.41376,-3.86853,101.39,8.04066,2.05973,71.3633,8.9227,-4.48177,70.6886
4.28306,-1.28674,104.719,7.4436,-3.91145,103.482,7.30733,2.33667,72.9596,8.16731,-4.42815,72.0449
3.16698,-0.751244,104.218,6.21938,-4.1243,102.928,6.33508,2.80816,72.2881,7.10218,-4.67636,71.3724
2.76853,-0.750279,108.549,5.88501,-4.07428,107.16,6.13418,2.77446,75.2423,6.96135,-4.53431,74.1483
5.9478,5.3478,27.3655,5.25638,-6.4917,21.5237,0.410037,26.6301,71.3892,1.433,-26.8247,65.8825
2.90864,6.78199,39.6092,2.80502,-8.28444,33.0532,0.169157,26.5204,70.3559,0.70426,-26.818,65.7841
3.18505,6.06853,33.0677,2.58248,-6.51171,26.431,-1.11573,26.4943,71.498,-0.466269,-26.4492,65.9761
2.51181,5.97566,31.095,1.76921,-5.33114,23.1627,-2.31333,25.9814,71.865,-1.8225,-25.7579,66.0173
1.65416,5.90335,29.7532,0.717845,-4.27533,20.9401,-3.46181,25.2057,71.9985,-3.19824,-24.8639,65.9073
0.654848,5.77879,27.8146,-0.572591,-2.89019,18.0048,-4.81532,23.9157,71.9756,-4.87514,-23.4595,65.6212
-0.168198,5.7026,26.3573,-1.64959,-1.84641,15.8241,-5.90228,22.6603,71.8946,-6.31247,-22.18,65.4956
-0.76784,5.69118,25.6069,-2.45916,-1.2651,14.7823,-6.63692,21.5391,71.7759,-7.41362,-21.1268,65.5848
-1.43571,5.62768,24.3497,-3.30782,-0.545641,13.384,-7.52028,19.9702,71.5908,-8.75653,-19.6122,65.6041
-2.03098,5.5869,23.2719,-3.62427,-0.178446,12.6582,-8.38513,18.3385,71.5577,-10.0701,-18.0475,65.6912
-2.52402,5.49599,22.1911,-3.72158,0.141854,11.8846,-9.18108,16.5144,71.5512,-11.3255,-16.447,65.751
-2.90062,5.45919,21.2887,-3.50743,0.308709,11.1744,-9.87978,14.6118,71.4049,-12.5406,-14.7166,65.8469
-3.17307,5.43869,20.6338,-3.1539,0.18602,11.0394,-10.5056,12.6801,71.1672,-13.7307,-12.9295,65.9961
-3.57528,6.11787,21.0178,-2.11681,0.368871,6.92187,-11.27,11.0234,70.5561,-15.2174,-10.6276,66.476
-3.69517,5.90773,20.8824,-2.07666,0.23412,8.15446,-11.7619,9.07252,70.1725,-16.4003,-9.02242,66.8438
-3.96721,5.93727,20.3651,-2.27033,0.247073,7.99243,-12.5729,6.7234,69.5473,-18.0108,-6.64702,67.0669
-3.50853,5.63859,20.278,-2.51459,0.202345,9.42382,-12.3929,4.74015,69.186,-18.4349,-5.65042,67.4211
-3.23046,5.78571,20.3702,-2.37393,0.239994,8.8495,-12.4882,2.54155,68.568,-19.2112,-3.86779,67.6484
-2.96032,6.06502,20.8416,-2.0263,0.267543,8.01604,-12.5175,0.443716,67.7135,-19.9554,-1.99898,67.8162
-2.4951,6.02673,21.0871,-2.20931,0.141045,9.70486,-12.2851,-1.82491,66.8965,-20.3758,-0.439898,67.7661
-2.01397,6.16305,21.522,-2.54273,0.140676,11.1141,-11.9081,-4.20306,65.975,-20.603,1.10814,67.4696
-1.54833,6.55376,22.5892,-2.38155,0.109666,11.6048,-11.4236,-6.39555,64.8602,-20.7256,2.75496,67.0913
-1.22946,6.94639,23.7136,-2.17625,0.0562406,12.0114,-11.1027,-8.09526,63.8151,-20.8847,4.13509,66.6114
-0.578646,7.47645,25.6719,-1.78321,-0.187905,13.0783,-10.0393,-10.6841,62.1942,-20.4769,5.91042,65.7861
0.0472742,7.95639,27.3352,-1.35781,-0.448885,14.2816,-9.08327,-12.8768,60.6224,-20.0311,7.52239,64.8368
0.755295,8.51121,29.0589,-0.833599,-0.771357,15.7486,-7.96695,-14.7309,58.9711,-19.3997,9.20381,63.7634
1.49392,9.03327,30.9403,-0.266947,-1.26993,17.6265,-6.70062,-16.3245,57.3069,-18.5788,10.826,62.5307
2.24357,9.47845,32.8929,0.349491,-1.89992,19.6699,-5.33054,-17.8203,55.6675,-17.5749,12.1856,61.0913
2.98976,9.93466,34.923,0.994642,-2.64514,21.9185,-3.88521,-19.0533,54.074,-16.3969,13.3845,59.4841
3.74261,10.3812,36.9528,1.67424,-3.46147,24.2313,-2.40139,-20.0344,52.5495,-15.0571,14.4739,57.6824
4.41386,10.8595,39.1746,2.29968,-4.39672,26.7965,-0.946837,-20.5436,51.2035,-13.5885,15.3468,55.8173
4.98764,11.3058,41.4637,2.73222,-5.40781,29.5618,0.409933,-20.6618,49.975,-12.0661,16.1409,53.7948
5.48843,11.7741,43.828,3.0396,-6.46592,32.4783,2.0033,-21.3045,48.0013,-10.5057,16.7175,51.8273
6.12403,12.5004,46.059,3.45078,-7.26263,35.1786,5.49215,-26.8145,41.2099,-8.97645,17.3883,50.189
6.60679,13.0745,48.2289,3.9164,-8.06073,37.7197,7.23667,-27.5114,38.174,-7.33604,17.7087,48.3477
6.95424,13.426,50.2723,4.41815,-8.88971,40.0938,8.56053,-26.4463,36.4547,-5.60715,17.6211,46.3306
7.26788,13.67,52.1141,4.92091,-9.70509,42.3195,9.49282,-25.6833,35.7288,-3.91634,17.3237,44.3979
7.53573,13.8768,53.8293,5.3634,-10.5466,44.533,10.1904,-25.1041,35.5184,-2.25215,16.9155,42.5941
7.97153,14.0712,55.6259,5.96225,-11.4612,47.0324,10.7225,-24.2196,35.5463,-0.289932,16.3524,40.6733
7.90288,14.2512,56.6819,6.08677,-12.0262,48.5715,9.98033,-22.4337,37.0528,0.760586,15.991,39.4161
7.92164,14.374,57.8616,6.36396,-12.6996,50.3045,7.00699,-17.5525,40.5175,1.98999,15.3401,38.1182
11.5255,-2.51043,86.4959,14.1367,-4.29976,86.5099,12.2685,0.851585,54.607,13.924,-4.43918,53.7443
10.0076,-2.51396,94.8785,12.8542,-4.19143,94.7341,11.747,1.27651,61.8628,12.8079,-4.97869,61.9999
8.03449,-2.17528,95.071,10.9215,-4.05087,94.7719,10.1899,1.38712,63.4656,11.049,-4.73792,63.6515
6.57887,-1.9253,97.0153,9.54323,-3.94655,96.5104,8.93883,1.66774,66.3018,9.81077,-4.6084,66.221
5.29504,-1.63802,102.4,8.45962,-3.89907,101.383,8.00476,2.1463,71.3593,8.95405,-4.53398,70.6803
4.30632,-1.32349,104.705,7.491,-3.94201,103.474,7.27122,2.42512,72.9582,8.19896,-4.47948,72.038
3.19144,-0.786093,104.204,6.26694,-4.15385,102.921,6.30058,2.89451,72.2884,7.13297,-4.72521,71.3673
2.79575,-0.784996,108.534,5.93473,-4.10403,107.152,6.09814,2.86679,75.2476,6.99267,-4.58513,74.1451
5.95087,5.34767,27.3691,5.25951,-6.4959,21.5325,0.414687,26.6239,71.3868,1.43744,-26.8311,65.8885
2.91175,6.7817,39.6121,2.80801,-8.28861,33.0621,0.173739,26.5146,70.353,0.7084,-26.8234,65.7894
3.18801,6.06819,33.0697,2.58533,-6.51541,26.4385,-1.1112,26.4885,71.4947,-0.462365,-26.4541,65.9809
2.51463,5.97512,31.0964,1.77174,-5.33472,23.1701,-2.30884,25.9754,71.8613,-1.81875,-25.7625,66.0214
1.65685,5.9026,29.7539,0.720101,-4.27874,20.9471,-3.45735,25.1995,71.9943,-3.1946,-24.8683,65.9107
0.657407,5.77784,27.8148,-0.570662,-2.89329,18.011,-4.81087,23.9092,71.971,-4.87157,-23.4638,65.624
-0.16577,5.70147,26.3569,-1.64803,-1.84913,15.8294,-5.89783,22.6535,71.8895,-6.30893,-22.1842,65.4979
-0.765521,5.68986,25.606,-2.45795,-1.26743,14.7867,-6.63244,21.5319,71.7703,-7.41006,-21.1309,65.5866
-1.43353,5.62624,24.3484,-3.30713,-0.547208,13.3865,-7.51577,19.9626,71.5846,-8.75295,-19.6164,65.6054
-2.02893,5.58531,23.2702,-3.62396,-0.179478,12.6594,-8.38056,18.3303,71.5509,-10.0664,-18.0517,65.692
-2.5221,5.49425,22.1889,-3.72167,0.14141,11.8845,-9.17643,16.5057,71.5438,-11.3217,-16.4514,65.7513
-2.89882,5.45731,21.286,-3.50792,0.308893,11.1729,-9.87503,14.6025,71.3969,-12.5366,-14.7212,65.8467
-3.17137,5.43674,20.6308,-3.15498,0.187259,11.0354,-10.5007,12.6701,71.1585,-13.7265,-12.9343,65.9956
-3.57362,6.11559,21.0144,-2.11896,0.371092,6.9169,-11.265,11.0127,70.5467,-15.2129,-10.6328,66.4751
-3.69351,5.90539,20.8784,-2.07864,0.237568,8.14425,-11.7568,9.06097,70.1622,-16.3955,-9.02791,66.8425
-3.96554,5.93451,20.36,-2.27269,0.249693,7.98576,-12.5676,6.71091,69.5362,-18.0054,-6.65304,67.0653
-3.50674,5.63539,20.272,-2.51711,0.204046,9.41906,-12.3875,4.7266,69.1739,-18.429,-5.65696,67.4191
-3.22856,5.78197,20.3635,-2.37661,0.24062,8.8476,-12.4825,2.52682,68.5549,-19.2046,-3.87503,67.6461
-2.95823,6.0608,20.8342,-2.02872,0.267822,8.01396,-12.5117,0.427688,67.6994,-19.9482,-2.00695,67.8138
-2.49282,6.0221,21.079,-2.21096,0.140774,9.70211,-12.2791,-1.8424,66.8811,-20.368,-0.448573,67.7634
-2.01144,6.15786,21.5133,-2.54387,0.139632,11.1127,-11.9019,-4.22224,65.9583,-20.5945,1.09861,67.4668
-1.54544,6.54792,22.5798,-2.38236,0.108069,11.6043,-11.4172,-6.4166,64.842,-20.7162,2.74446,67.0885
-1.22619,6.93992,23.7034,-2.17669,0.0541975,12.0109,-11.096,-8.11836,63.7953,-20.8746,4.12354,66.6086
-0.574834,7.46916,25.661,-1.78321,-0.190592,13.0781,-10.0323,-10.7096,62.1725,-20.466,5.89777,65.7834
0.0516275,7.94832,27.3237,-1.35743,-0.452158,14.2818,-9.07586,-12.9051,60.5985,-20.0194,7.50851,64.8343
0.760265,8.50233,29.0467,-0.832803,-0.775183,15.749,-7.95908,-14.7622,58.945,-19.3871,9.18857,63.7612
1.49958,9.02353,30.9274,-0.265656,-1.2743,17.6268,-6.6922,-16.3593,57.2781,-18.5653,10.8093,62.5289
2.24998,9.46782,32.8794,0.35133,-1.9048,19.6701,-5.32143,-17.859,55.6357,-17.5605,12.1673,61.0899
2.99697,9.9231,34.9091,0.997124,-2.65054,21.9185,-3.87526,-19.0965,54.0389,-16.3815,13.3645,59.4832
3.75065,10.3687,36.9385,1.67745,-3.46741,24.231,-2.39025,-20.0835,52.5101,-15.0407,14.452,57.682
4.42289,10.846,39.1599,2.30383,-4.40331,26.7958,-0.932876,-20.6043,51.154,-13.5711,15.3228,55.8178
4.99733,11.2907,41.449,2.73775,-5.41556,29.5604,0.423065,-20.7247,49.9246,-12.0472,16.1141,53.7955
5.49284,11.748,43.8137,3.04875,-6.47837,32.4718,1.9175,-21.1101,48.2005,-10.4803,16.6796,51.8128
6.11464,12.4465,46.0421,3.46708,-7.2823,35.1597,5.24668,-26.1417,41.8948,-8.93666,17.3169,50.137
6.62003,13.057,48.2121,3.92568,-8.07005,37.7182,7.14574,-27.5291,38.36,-7.31497,17.6874,48.3502
6.96544,13.4092,50.2607,4.42721,-8.90078,40.092,8.53058,-26.4194,36.4722,-5.58655,17.5949,46.332
7.27729,13.6498,52.1046,4.93227,-9.7175,42.3146,9.48684,-25.6375,35.7157,-3.89416,17.2923,44.3954
7.545,13.8534,53.8195,5.3769,-10.56,44.5266,10.1933,-25.0608,35.5393,-2.22829,16.8818,42.5884
7.98035,14.045,55.6162,5.97801,-11.476,47.025,10.6963,-24.1327,35.658,-0.264427,16.3181,40.6642
7.90865,14.2199,56.6736,6.10661,-12.0453,48.5615,9.66068,-21.9649,37.5333,0.790031,15.9572,39.4009
7.92645,14.3481,57.8592,6.38361,-12.7187,50.2946,6.73812,-17.1225,40.7944,2.01574,15.3074,38.1096
11.5356,-2.54638,86.4875,14.1732,-4.32788,86.4998,12.3085,0.921216,54.4359,13.9478,-4.4931,53.7307
10.0223,-2.55143,94.867,12.8948,-4.22111,94.7263,11.7276,1.35326,61.8276,12.8367,-5.03266,61.9861
8.05018,-2.21199,95.0597,10.9635,-4.08047,94.7645,10.1505,1.47551,63.4659,11.0782,-4.79155,63.6409
6.59562,-1.96199,97.0045,9.58711,-3.97685,96.5034,8.89828,1.76076,66.3036,9.84146,-4.66333,66.212
5.31371,-1.6759,102.39,8.5069,-3.93116,101.376,7.96185,2.24661,71.3633,8.98708,-4.59169,70.6726
4.32662,-1.36132,104.694,7.54009,-3.97467,103.468,7.22834,2.52632,72.9641,8.23254,-4.53694,72.0317
3.21305,-0.822655,104.194,6.31632,-4.18594,102.915,6.25974,2.99239,72.2952,7.16576,-4.78047,71.3626
2.82009,-0.822118,108.523,5.98651,-4.13686,107.147,6.05563,2.97027,75.2592,7.02631,-4.64285,74.1419
5.9542,5.34759,27.3731,5.26285,-6.50039,21.5418,0.419597,26.6179,71.385,1.44212,-26.8379,65.8951
2.91508,6.78145,39.6153,2.81119,-8.29306,33.0715,0.178576,26.5089,70.3507,0.712771,-26.8292,65.7954
3.19117,6.06789,33.072,2.58836,-6.51936,26.4464,-1.1064,26.4828,71.4917,-0.458237,-26.4594,65.9861
2.51765,5.97459,31.098,1.77443,-5.33854,23.1779,-2.30408,25.9695,71.8578,-1.81478,-25.7675,66.0259
1.65973,5.90182,29.7548,0.722506,-4.28239,20.9544,-3.45262,25.1933,71.9902,-3.19073,-24.873,65.9145
0.660129,5.77685,27.815,-0.568597,-2.89662,18.0175,-4.80614,23.9026,71.9663,-4.86777,-23.4683,65.6272
-0.163189,5.70026,26.3566,-1.64634,-1.85209,15.8351,-5.89308,22.6464,71.8842,-6.30515,-22.1886,65.5004
-0.763059,5.68843,25.6051,-2.45662,-1.27001,14.7913,-6.62764,21.5243,71.7644,-7.40627,-21.1353,65.5885
-1.43122,5.62467,24.347,-3.30634,-0.549026,13.3894,-7.51092,19.9545,71.578,-8.74912,-19.6208,65.6067
-2.02675,5.58356,23.2683,-3.62358,-0.180748,12.6609,-8.37562,18.3217,71.5436,-10.0625,-18.0562,65.6928
-2.52006,5.49232,22.1863,-3.72169,0.140709,11.8846,-9.17138,16.4964,71.5357,-11.3177,-16.456,65.7516
-2.8969,5.45517,21.2828,-3.50831,0.308673,11.1717,-9.86985,14.5924,71.388,-12.5323,-14.7261,65.8464
-3.16956,5.43444,20.627,-3.15592,0.187722,11.0323,-10.4954,12.6593,71.1487,-13.722,-12.9395,65.9949
-3.57183,6.11292,21.0101,-2.12108,0.372522,6.91297,-11.2595,11.001,70.5361,-15.2081,-10.6385,66.474
-3.69173,5.9026,20.8734,-2.08061,0.239876,8.13574,-11.7511,9.04838,70.1506,-16.3902,-9.0338,66.841
-3.96376,5.9313,20.354,-2.27496,0.251574,7.97984,-12.5618,6.69725,69.5236,-17.9996,-6.6595,67.0633
-3.50487,5.63175,20.2653,-2.51945,0.205468,9.414,-12.3814,4.71176,69.1603,-18.4226,-5.664,67.4168
-3.22657,5.7778,20.3561,-2.37912,0.241525,8.84445,-12.4762,2.51066,68.5401,-19.1976,-3.88283,67.6434
-2.95605,6.05608,20.826,-2.03101,0.268476,8.01058,-12.5052,0.410064,67.6833,-19.9406,-2.01555,67.8109
-2.49043,6.01691,21.07,-2.21254,0.140721,9.69837,-12.2723,-1.86166,66.8636,-20.3596,-0.457969,67.7603
-2.00877,6.152,21.5033,-2.54503,0.138402,11.1113,-11.8949,-4.24338,65.9392,-20.5853,1.08824,67.4635
-1.54238,6.54132,22.569,-2.38315,0.106083,11.6039,-11.4099,-6.43982,64.8213,-20.7063,2.73301,67.0851
-1.22273,6.93263,23.6919,-2.17705,0.0517493,12.0105,-11.0884,-8.14387,63.7728,-20.8638,4.11092,66.6052
-0.570799,7.46099,25.6487,-1.78307,-0.193678,13.0779,-10.0243,-10.7378,62.1479,-20.4544,5.88388,65.7802
0.0562441,7.9393,27.3106,-1.35688,-0.455835,14.2819,-9.06748,-12.9363,60.5715,-20.0069,7.49324,64.8313
0.765548,8.49242,29.0329,-0.831801,-0.779435,15.7492,-7.95021,-14.7968,58.9154,-19.3736,9.17177,63.7584
1.50561,9.01268,30.9128,-0.264114,-1.27913,17.627,-6.68271,-16.3977,57.2456,-18.5508,10.7908,62.5265
2.25681,9.456,32.8642,0.353475,-1.91017,19.6701,-5.31122,-17.9018,55.5999,-17.545,12.1471,61.088
3.00466,9.91028,34.8933,0.999983,-2.65647,21.9182,-3.86417,-19.1442,53.9995,-16.3649,13.3422,59.4818
3.75922,10.3548,36.9223,1.68114,-3.47393,24.2304,-2.37806,-20.137,52.4664,-15.023,14.4275,57.6812
4.43248,10.8312,39.1435,2.30853,-4.41049,26.7949,-0.917793,-20.6701,51.1,-13.5522,15.296,55.818
5.00805,11.2746,41.4324,2.74387,-5.42377,29.5589,0.44316,-20.811,49.8518,-12.0271,16.0844,53.7969
5.49954,11.7228,43.7977,3.05839,-6.49098,32.466,1.86368,-21.0011,48.319,-10.4544,16.6409,51.802
6.09765,12.3775,46.0235,3.48762,-7.30783,35.1342,4.84395,-25.0905,42.9338,-8.88749,17.2277,50.0646
6.63132,13.0338,48.1938,3.93724,-8.08124,37.7139,7.04772,-27.5183,38.5799,-7.29023,17.6573,48.3471
6.97727,13.3909,50.2471,4.43708,-8.91263,40.0901,8.4924,-26.4,36.5169,-5.56462,17.5666,46.3335
7.28712,13.6288,52.0941,4.94416,-9.73073,42.3097,9.47368,-25.5882,35.7067,-3.87113,17.2594,44.3933
7.55432,13.8293,53.8093,5.39089,-10.5743,44.52,10.19,-25.0058,35.5525,-2.20385,16.8465,42.5829
7.98914,14.0181,55.6063,5.9943,-11.4918,47.0172,10.6592,-24.0245,35.763,-0.238506,16.2824,40.6554
7.91463,14.1878,56.6648,6.12698,-12.0653,48.5509,9.32834,-21.4729,38.0042,0.819723,15.9222,39.386
7.93249,14.3231,57.8562,6.40271,-12.7372,50.285,6.56817,-16.8117,40.9323,2.04029,15.2731,38.1034
11.5474,-2.58367,86.4767,14.2105,-4.35667,86.4897,12.3391,0.981855,54.2939,13.9717,-4.54683,53.7171
10.0382,-2.59049,94.8537,12.9365,-4.25181,94.718,11.7023,1.43302,61.8033,12.8663,-5.0872,61.9716
8.06683,-2.2501,95.047,11.0066,-4.11105,94.7566,10.112,1.56417,63.4648,11.1081,-4.84616,63.6298
6.61329,-1.99993,96.9924,9.63216,-4.00807,96.4959,8.85859,1.85417,66.304,9.87277,-4.71923,66.2025
5.33334,-1.7149,102.378,8.55544,-3.96413,101.369,7.91974,2.34754,71.3661,9.02077,-4.65038,70.6645
4.3479,-1.40013,104.683,7.5905,-4.00813,103.461,7.18625,2.62826,72.969,8.26682,-4.59532,72.025
3.23568,-0.86007,104.183,6.36704,-4.21874,102.909,6.21966,3.0911,72.3011,7.19926,-4.83657,71.3576
2.84558,-0.860014,108.512,6.03971,-4.17035,107.141,6.014,3.07463,75.2699,7.06069,-4.70145,74.1385
5.95757,5.34781,27.3778,5.26619,-6.50483,21.5508,0.424316,26.6139,71.3857,1.44663,-26.8446,65.9026
2.91839,6.78148,39.6193,2.81433,-8.29744,33.0807,0.183212,26.505,70.3505,0.716981,-26.835,65.8021
3.19432,6.06781,33.0749,2.59135,-6.52328,26.4542,-1.10181,26.4786,71.4906,-0.454251,-26.4646,65.9921
2.52062,5.97426,31.1002,1.7771,-5.34235,23.1856,-2.29952,25.9649,71.8559,-1.81094,-25.7724,66.031
1.66256,5.90122,29.7563,0.724915,-4.28604,20.9616,-3.44806,25.1882,71.9875,-3.18698,-24.8777,65.9189
0.662804,5.77599,27.8157,-0.566503,-2.9,18.024,-4.80155,23.897,71.9627,-4.86407,-23.4729,65.6308
-0.160656,5.69915,26.3565,-1.6446,-1.85516,15.8407,-5.88843,22.6402,71.8798,-6.30146,-22.1931,65.5034
-0.760643,5.68705,25.6045,-2.45519,-1.27277,14.796,-6.62291,21.5175,71.7591,-7.40254,-21.1397,65.5908
-1.42895,5.62309,24.3457,-3.3054,-0.551142,13.3925,-7.50608,19.9471,71.5719,-8.74533,-19.6252,65.6084
-2.02461,5.58175,23.2663,-3.623,-0.182436,12.6628,-8.37065,18.3135,71.5365,-10.0586,-18.0607,65.6938
-2.51804,5.49027,22.1837,-3.72146,0.139479,11.8853,-9.16624,16.4875,71.5277,-11.3136,-16.4606,65.752
-2.895,5.45286,21.2794,-3.50841,0.307822,11.1713,-9.86452,14.5827,71.379,-12.528,-14.7309,65.8463
-3.16775,5.4319,20.6229,-3.15646,0.187392,11.0304,-10.4899,12.6486,71.1386,-13.7174,-12.9445,65.9942
-3.57004,6.11002,21.0053,-2.12273,0.373139,6.90989,-11.2537,10.9894,70.5249,-15.2032,-10.644,66.4728
-3.68992,5.89946,20.8678,-2.0821,0.240968,8.12907,-11.7451,9.0357,70.1383,-16.3849,-9.03965,66.8393
-3.96195,5.9277,20.3473,-2.2767,0.252327,7.9752,-12.5555,6.68341,69.5101,-17.9938,-6.66594,67.0611
-3.50296,5.62767,20.2578,-2.52118,0.205698,9.41013,-12.3748,4.69661,69.1454,-18.4163,-5.67104,67.4141
-3.22456,5.77316,20.3478,-2.38102,0.241365,8.84208,-12.4694,2.49409,68.5239,-19.1906,-3.89065,67.6403
-2.95385,6.05087,20.8168,-2.03274,0.268123,8.00795,-12.498,0.391925,67.6656,-19.9329,-2.02422,67.8074
-2.48801,6.01115,21.0598,-2.21361,0.139651,9.6954,-12.2648,-1.88155,66.8443,-20.3512,-0.467499,67.7566
-2.00607,6.14554,21.4922,-2.54569,0.13641,11.1101,-11.887,-4.26526,65.9182,-20.5762,1.07768,67.4595
-1.53931,6.5341,22.5569,-2.3835,0.103507,11.6034,-11.4016,-6.46393,64.7983,-20.6964,2.72128,67.0809
-1.21924,6.92467,23.679,-2.17701,0.0487753,12.0099,-11.0797,-8.17042,63.7478,-20.853,4.09792,66.601
-0.566717,7.4521,25.6349,-1.78257,-0.197233,13.0774,-10.0152,-10.7672,62.1206,-20.4427,5.86952,65.7759
0.0609239,7.92951,27.296,-1.35598,-0.459918,14.2816,-9.05794,-12.9689,60.5416,-19.9943,7.47735,64.8271
0.770916,8.48169,29.0173,-0.830448,-0.784043,15.7489,-7.9401,-14.833,58.8826,-19.3601,9.1542,63.7545
1.51175,9.00098,30.8965,-0.262207,-1.28428,17.6267,-6.67194,-16.4379,57.2096,-18.5362,10.7714,62.5229
2.26379,9.44328,32.8471,0.356011,-1.91584,19.6695,-5.29967,-17.9466,55.5605,-17.5293,12.1256,61.0848
3.01252,9.8965,34.8756,1.00327,-2.66269,21.9173,-3.8517,-19.1942,53.9561,-16.3482,13.3186,59.4791
3.76797,10.34,36.9041,1.6853,-3.48074,24.2292,-2.36446,-20.1931,52.4185,-15.005,14.4015,57.679
4.44225,10.8153,39.125,2.31378,-4.41798,26.7933,-0.90113,-20.7396,51.0409,-13.5331,15.2672,55.8168
5.01903,11.2575,41.4139,2.7506,-5.4323,29.5568,0.466481,-20.9068,49.7683,-12.0067,16.0525,53.7973
5.50636,11.6963,43.7798,3.06884,-6.50418,32.4595,1.81325,-20.9019,48.4266,-10.428,16.5995,51.7899
6.07584,12.2993,46.0032,3.51105,-7.33744,35.1045,4.30767,-23.7552,44.2328,-8.83323,17.129,49.979
6.63965,13.0045,48.1741,3.95092,-8.09448,37.7063,6.95849,-27.4696,38.7961,-7.26305,17.6169,48.337
6.9894,13.3705,50.2303,4.44776,-8.92513,40.0879,8.44996,-26.3933,36.5868,-5.54256,17.5356,46.3337
7.29752,13.6064,52.0809,4.95649,-9.74453,42.3046,9.455,-25.545,35.7098,-3.84846,17.225,44.3903
7.56404,13.8042,53.7969,5.40518,-10.5892,44.513,10.1804,-24.9484,35.5684,-2.18008,16.8103,42.5769
7.99822,13.9904,55.5944,6.01078,-11.5083,47.009,10.609,-23.9007,35.872,-0.213473,16.2461,40.646
7.92107,14.1552,56.6542,6.14731,-12.0857,48.54,8.99441,-20.9788,38.4567,0.848132,15.887,39.371
7.93961,14.2984,57.851,6.42106,-12.7551,50.2754,6.46822,-16.5884,40.9737,2.06282,15.2385,38.0981
11.561,-2.6209,86.4631,14.2466,-4.38484,86.4797,12.3641,1.0302,54.1735,13.9945,-4.59739,53.704
10.0553,-2.62921,94.8384,12.9768,-4.28178,94.7095,11.6771,1.50557,61.7828,12.8945,-5.13847,61.9572
8.08443,-2.28757,95.0325,11.048,-4.14072,94.7486,10.0778,1.64405,63.46,11.1365,-4.89741,63.6187
6.63182,-2.03687,96.9786,9.6754,-4.0381,96.4882,8.82339,1.93892,66.301,9.90244,-4.77142,66.193
5.35375,-1.75246,102.365,8.60193,-3.99558,101.362,7.88222,2.43977,71.3657,9.05262,-4.70487,70.6565
4.36988,-1.43717,104.67,7.63874,-4.03983,103.454,7.14867,2.72186,72.9708,8.29918,-4.64928,72.0184
3.25893,-0.895493,104.171,6.41559,-4.24961,102.902,6.18383,3.18207,72.3043,7.23087,-4.88821,71.3526
2.87164,-0.895626,108.499,6.09061,-4.20166,107.134,5.9769,3.17102,75.2775,7.09312,-4.75526,74.1351
5.9605,5.34807,27.3821,5.2691,-6.50868,21.5587,0.428412,26.6107,71.3867,1.45053,-26.8503,65.9093
2.92127,6.78157,39.6229,2.81706,-8.30123,33.0887,0.187233,26.5019,70.3507,0.720635,-26.8401,65.8081
3.19706,6.06781,33.0777,2.59397,-6.52669,26.461,-1.09783,26.4752,71.4901,-0.450789,-26.4692,65.9974
2.52322,5.97404,31.1023,1.77944,-5.34566,23.1923,-2.29556,25.9612,71.8546,-1.8076,-25.7767,66.0356
1.66502,5.90075,29.7577,0.727025,-4.28921,20.9679,-3.4441,25.1841,71.9855,-3.18372,-24.8818,65.9229
0.665132,5.7753,27.8165,-0.564663,-2.90294,18.0296,-4.79757,23.8923,71.96,-4.86085,-23.4768,65.6341
-0.158452,5.69822,26.3567,-1.64306,-1.85783,15.8457,-5.88439,22.635,71.8763,-6.29824,-22.1969,65.5061
-0.75854,5.6859,25.604,-2.45393,-1.27518,14.8002,-6.61879,21.5118,71.7548,-7.39929,-21.1435,65.5929
-1.42697,5.62176,24.3447,-3.30455,-0.55301,13.3953,-7.50186,19.9407,71.5668,-8.74202,-19.629,65.6099
-2.02274,5.58021,23.2647,-3.62245,-0.183945,12.6646,-8.3663,18.3066,71.5306,-10.0551,-18.0645,65.6948
-2.51628,5.48851,22.1814,-3.72121,0.138356,11.886,-9.16174,16.4799,71.5209,-11.31,-16.4646,65.7525
-2.89333,5.45086,21.2765,-3.50844,0.307021,11.1711,-9.85984,14.5743,71.3712,-12.5242,-14.735,65.8462
-3.16616,5.42971,20.6194,-3.15688,0.187044,11.0287,-10.485,12.6395,71.13,-13.7134,-12.9489,65.9936
-3.56846,6.10751,21.0012,-2.12411,0.373617,6.90725,-11.2486,10.9794,70.5153,-15.1989,-10.6488,66.4719
-3.68834,5.89674,20.8629,-2.08332,0.241837,8.12337,-11.7398,9.02479,70.1276,-16.3803,-9.04473,66.8378
-3.96035,5.92458,20.3416,-2.27815,0.252905,7.97124,-12.5499,6.67147,69.4984,-17.9887,-6.67153,67.0592
-3.50128,5.62412,20.2512,-2.52263,0.205821,9.40683,-12.369,4.68355,69.1325,-18.4107,-5.67714,67.4117
-3.22278,5.76913,20.3405,-2.3826,0.241161,8.84005,-12.4632,2.47977,68.5098,-19.1845,-3.89743,67.6376
-2.95189,6.04633,20.8088,-2.03418,0.267745,8.00569,-12.4916,0.376246,67.6502,-19.9262,-2.03173,67.8044
-2.48587,6.00612,21.051,-2.21448,0.138633,9.69289,-12.2581,-1.89876,66.8275,-20.3439,-0.475764,67.7533
-2.00368,6.13991,21.4824,-2.54621,0.13459,11.1091,-11.88,-4.2842,65.8998,-20.5682,1.06851,67.4559
-1.53658,6.5278,22.5464,-2.38374,0.101183,11.6031,-11.3942,-6.4848,64.7783,-20.6877,2.71111,67.0772
-1.21614,6.91771,23.6677,-2.17692,0.0461073,12.0094,-11.0719,-8.19341,63.726,-20.8436,4.08663,66.5972
-0.563099,7.44432,25.6228,-1.78209,-0.200405,13.077,-10.0071,-10.7927,62.0966,-20.4325,5.85704,65.7721
0.0650719,7.92094,27.2831,-1.35514,-0.463545,14.2814,-9.04933,-12.9971,60.5154,-19.9833,7.46355,64.8234
0.775675,8.47229,29.0037,-0.829218,-0.788125,15.7487,-7.93098,-14.8644,58.8538,-19.3483,9.13894,63.7509
1.5172,8.99071,30.8821,-0.260496,-1.28884,17.6264,-6.66221,-16.4728,57.1781,-18.5235,10.7545,62.5196
2.26998,9.4321,32.8321,0.35827,-1.92084,19.6691,-5.28922,-17.9856,55.5258,-17.5157,12.107,61.0819
3.0195,9.88439,34.86,1.00619,-2.66819,21.9165,-3.8404,-19.2378,53.9179,-16.3336,13.2981,59.4766
3.77575,10.3269,36.888,1.68898,-3.48674,24.2281,-2.35213,-20.2421,52.3763,-14.9894,14.3789,57.6769
4.45095,10.8013,39.1086,2.3184,-4.42459,26.792,-0.886156,-20.7998,50.9891,-13.5164,15.2423,55.8155
5.0288,11.2425,41.3974,2.75649,-5.43979,29.5551,0.487378,-20.9899,49.6955,-11.9889,16.0249,53.7974
5.51314,11.674,43.7638,3.07778,-6.51539,32.4543,1.77942,-20.8413,48.4951,-10.4055,16.5641,51.7807
6.05945,12.2348,45.9855,3.53083,-7.36264,35.0803,3.84543,-22.6387,45.3129,-8.7879,17.0485,49.9102
6.64486,12.9741,48.1566,3.96406,-8.10746,37.6975,6.89529,-27.3885,38.9806,-7.23721,17.5739,48.3224
7.00084,13.3514,50.214,4.45756,-8.93624,40.0861,8.40923,-26.4013,36.6799,-5.52292,17.5077,46.3337
7.30754,13.5861,52.0679,4.96751,-9.75686,42.3006,9.43436,-25.5143,35.7335,-3.82842,17.1947,44.3879
7.57305,13.7816,53.7854,5.41797,-10.6026,44.5073,10.1661,-24.8945,35.598,-2.15905,16.778,42.5717
8.00617,13.9653,55.5839,6.02565,-11.5235,47.002,10.5429,-23.7608,35.9984,-0.191125,16.2136,40.6376
7.92632,14.1258,56.6452,6.16574,-12.1046,48.5302,8.66147,-20.4871,38.8936,0.873544,15.8553,39.3574
7.94571,14.2771,57.8472,6.43713,-12.7709,50.2672,6.41659,-16.4238,40.9507,2.0822,15.2065,38.0942
11.5734,-2.6538,86.4509,14.2786,-4.40979,86.4712,12.3842,1.07042,54.0727,14.0145,-4.64207,53.6928
10.0709,-2.66352,94.8247,13.0125,-4.30838,94.7022,11.6521,1.57128,61.7681,12.9195,-5.18371,61.9447
8.10039,-2.32076,95.0197,11.0848,-4.16705,94.7415,10.0468,1.7155,63.4558,11.1616,-4.94271,63.6092
6.64862,-2.06959,96.9664,9.71383,-4.06475,96.4814,8.79139,2.01471,66.2983,9.92869,-4.81752,66.1848
5.37222,-1.78572,102.353,8.64327,-4.02348,101.355,7.8481,2.52229,71.3654,9.08081,-4.75295,70.6495
4.38975,-1.46997,104.659,7.68163,-4.06792,103.448,7.11449,2.8056,72.9726,8.32782,-4.69685,72.0126
3.27993,-0.926841,104.16,6.45874,-4.27694,102.896,6.15123,3.26349,72.3073,7.25886,-4.93368,71.3482
2.89516,-0.927131,108.487,6.13587,-4.22936,107.128,5.94316,3.25729,75.2844,7.12185,-4.80259,74.1321
5.96291,5.34807,27.3851,5.27154,-6.5119,21.5654,0.432012,26.6064,71.3854,1.45396,-26.8552,65.9141
2.9237,6.78144,39.6254,2.81939,-8.30443,33.0956,0.190777,26.4978,70.3491,0.723838,-26.8442,65.8124
3.19936,6.06764,33.0795,2.59619,-6.52953,26.4668,-1.09432,26.4712,71.488,-0.447763,-26.473,66.0011
2.52541,5.97371,31.1036,1.78142,-5.34841,23.198,-2.29208,25.957,71.8521,-1.80468,-25.7803,66.0389
1.66712,5.90025,29.7585,0.728793,-4.29184,20.9733,-3.44063,25.1797,71.9827,-3.18089,-24.8852,65.9256
0.667121,5.77464,27.8168,-0.563141,-2.90534,18.0344,-4.79411,23.8877,71.9567,-4.85806,-23.4801,65.6364
-0.156566,5.69741,26.3566,-1.64181,-1.85995,15.8498,-5.88091,22.6301,71.8726,-6.29548,-22.2001,65.5079
-0.756738,5.68493,25.6035,-2.45294,-1.27702,14.8036,-6.61528,21.5065,71.7507,-7.39651,-21.1467,65.5943
-1.42527,5.62069,24.3439,-3.30396,-0.554289,13.3974,-7.49831,19.9351,71.5622,-8.73922,-19.6322,65.611
-2.02115,5.57902,23.2635,-3.62216,-0.184819,12.6657,-8.36268,18.3005,71.5255,-10.0523,-18.0678,65.6955
-2.51479,5.48719,22.1798,-3.72122,0.137905,11.886,-9.15804,16.4733,71.5153,-11.307,-16.4679,65.7528
-2.89193,5.44941,21.2744,-3.50873,0.306951,11.1702,-9.85605,14.5672,71.3651,-12.5211,-14.7385,65.8461
-3.16484,5.42816,20.6169,-3.15759,0.187554,11.0263,-10.4811,12.6319,71.1232,-13.7101,-12.9526,65.9932
-3.56715,6.10571,20.9985,-2.12569,0.37485,6.90413,-11.2446,10.9712,70.5079,-15.1954,-10.6529,66.4712
-3.68703,5.89487,20.8597,-2.08479,0.243819,8.11666,-11.7356,9.01595,70.1196,-16.3764,-9.04894,66.8369
-3.95904,5.9224,20.3376,-2.27985,0.254524,7.96659,-12.5456,6.66189,69.4897,-17.9845,-6.67615,67.058
-3.49988,5.62164,20.2467,-2.52441,0.207065,9.40296,-12.3645,4.67313,69.123,-18.4061,-5.68216,67.4102
-3.2213,5.76626,20.3355,-2.38451,0.241937,8.83778,-12.4586,2.46843,68.4994,-19.1794,-3.903,67.6358
-2.95026,6.04307,20.8032,-2.03591,0.268302,8.00328,-12.4867,0.363881,67.639,-19.9206,-2.03787,67.8024
-2.48408,6.00252,21.0448,-2.21566,0.138671,9.69022,-12.2531,-1.91227,66.8153,-20.3378,-0.482447,67.7512
-2.00168,6.13582,21.4756,-2.54707,0.133754,11.1081,-11.8748,-4.29903,65.8865,-20.5615,1.06115,67.4537
-1.53429,6.52317,22.5389,-2.38433,0.0997809,11.6029,-11.3888,-6.50109,64.7638,-20.6804,2.70299,67.075
-1.21354,6.91258,23.6596,-2.17719,0.0443558,12.0092,-11.0663,-8.21131,63.7103,-20.8357,4.0777,66.5949
-0.560077,7.43854,25.6142,-1.78199,-0.202636,13.077,-10.0011,-10.8125,62.0794,-20.4241,5.84723,65.7699
0.0685292,7.91454,27.2739,-1.35475,-0.46622,14.2816,-9.04305,-13.0191,60.4964,-19.9742,7.45277,64.8213
0.779631,8.46523,28.9939,-0.828501,-0.791228,15.749,-7.9243,-14.8887,58.833,-19.3385,9.1271,63.7491
1.52171,8.98296,30.8718,-0.259392,-1.29237,17.6267,-6.65505,-16.4999,57.1552,-18.5131,10.7415,62.518
2.27511,9.42364,32.8213,0.359805,-1.92477,19.6692,-5.28147,-18.0158,55.5005,-17.5045,12.0928,61.0806
3.02529,9.87518,34.8487,1.00823,-2.67253,21.9165,-3.83194,-19.2715,53.8899,-16.3217,13.2825,59.4756
3.78224,10.3169,36.8764,1.6916,-3.49152,24.2278,-2.34277,-20.28,52.3452,-14.9767,14.3618,57.6764
4.45821,10.7906,39.0968,2.32176,-4.42986,26.7914,-0.87495,-20.8452,50.9519,-13.5029,15.2236,55.8155
5.03697,11.231,41.3853,2.7608,-5.44571,29.5542,0.502537,-21.05,49.645,-11.9745,16.0043,53.7984
5.52015,11.6584,43.752,3.08403,-6.52348,32.4515,1.76805,-20.8324,48.5127,-10.3885,16.5391,51.7773
6.05424,12.196,45.9727,3.54345,-7.37876,35.067,3.59362,-22.0457,45.8899,-8.75809,16.9991,49.8743
6.64825,12.9468,48.1432,3.97494,-8.11851,37.6893,6.85545,-27.2888,39.137,-7.2144,17.5354,48.3069
7.01114,13.3354,50.2009,4.46574,-8.94498,40.0847,8.37329,-26.4161,36.7875,-5.50585,17.4861,46.3338
7.3166,13.5695,52.058,4.97657,-9.76676,42.2979,9.41461,-25.4933,35.7785,-3.81093,17.1707,44.3864
7.58073,13.7631,53.7773,5.42865,-10.6137,44.5031,10.1481,-24.8426,35.6482,-2.14043,16.7517,42.5678
8.0122,13.9443,55.5773,6.03846,-11.5366,46.9964,10.4542,-23.5935,36.1593,-0.170912,16.1864,40.6304
7.92938,14.101,56.6405,6.18191,-12.1213,48.522,8.31981,-19.9819,39.3314,0.896616,15.8282,39.3456
7.94965,14.2601,57.8474,6.45073,-12.7843,50.2604,6.39783,-16.2931,40.8833,2.09918,15.1777,38.0922
11.5832,-2.68145,86.4428,14.3067,-4.43126,86.4643,12.3993,1.10974,53.989,14.0321,-4.68205,53.6838
10.0835,-2.69286,94.815,13.0442,-4.33159,94.6962,11.6248,1.63628,61.7616,12.9419,-5.22456,61.934
8.11348,-2.34948,95.0105,11.1176,-4.19024,94.7357,10.0153,1.78468,63.4559,11.1842,-4.98395,63.6011
6.66251,-2.09828,96.9576,9.74818,-4.08848,96.4759,8.75922,2.0874,66.2994,9.95247,-4.85977,66.1779
5.38766,-1.8153,102.344,8.68032,-4.04857,101.35,7.81398,2.6007,71.3683,9.10644,-4.79731,70.6436
4.40648,-1.49948,104.65,7.72013,-4.09342,103.443,7.08039,2.88474,72.977,8.35393,-4.74098,72.0076
3.29767,-0.955343,104.152,6.4975,-4.30195,102.891,6.11873,3.34008,72.3125,7.2844,-4.97607,71.3445
2.91512,-0.956058,108.479,6.17656,-4.25489,107.123,5.90948,3.33818,75.2931,7.14813,-4.84681,74.1293
5.9651,5.34788,27.3874,5.27378,-6.51486,21.5718,0.435464,26.6011,71.3824,1.45725,-26.8597,65.9177
2.92593,6.78114,39.6272,2.82155,-8.30739,33.102,0.194186,26.4928,70.3459,0.726907,-26.848,65.8157
3.20149,6.06734,33.0807,2.59825,-6.53214,26.4722,-1.09094,26.4663,71.4847,-0.44487,-26.4764,66.004
2.52746,5.97328,31.1044,1.78324,-5.35093,23.2033,-2.28873,25.9521,71.8487,-1.8019,-25.7834,66.0414
1.66908,5.89968,29.7589,0.730415,-4.29423,20.9783,-3.43732,25.1747,71.979,-3.17819,-24.8882,65.9277
0.668981,5.77396,27.8168,-0.561765,-2.90748,18.0388,-4.79082,23.8826,71.9529,-4.85543,-23.483,65.6381
-0.154799,5.69662,26.3563,-1.64072,-1.8618,15.8536,-5.87764,22.6249,71.8686,-6.29287,-22.203,65.5093
-0.755051,5.68404,25.603,-2.45211,-1.27856,14.8067,-6.61201,21.5011,71.7464,-7.39391,-21.1495,65.5953
-1.42369,5.61975,24.3432,-3.30354,-0.555217,13.3991,-7.49503,19.9295,71.5577,-8.7366,-19.6351,65.6117
-2.01966,5.57801,23.2625,-3.62205,-0.185287,12.6663,-8.35939,18.2946,71.5207,-10.0496,-18.0707,65.696
-2.5134,5.48612,22.1785,-3.72141,0.137915,11.8856,-9.15471,16.4671,71.5102,-11.3043,-16.471,65.7529
-2.89063,5.44826,21.2728,-3.50924,0.307399,11.1688,-9.85267,14.5607,71.3597,-12.5182,-14.7417,65.846
-3.16363,5.42698,20.6151,-3.15856,0.188688,11.0233,-10.4777,12.625,71.1174,-13.7071,-12.956,65.9929
-3.56597,6.10431,20.9964,-2.12752,0.376665,6.90054,-11.2411,10.9638,70.5017,-15.1922,-10.6566,66.4707
-3.68585,5.89349,20.8573,-2.08653,0.246669,8.10892,-11.7321,9.00807,70.113,-16.373,-9.05277,66.8362
-3.95786,5.92076,20.3346,-2.28185,0.256949,7.96124,-12.542,6.65341,69.4826,-17.9806,-6.68034,67.0571
-3.49863,5.61976,20.2433,-2.52654,0.20916,9.39852,-12.3608,4.66398,69.1154,-18.4018,-5.68669,67.4091
-3.21996,5.76404,20.3317,-2.38677,0.243441,8.83526,-12.4548,2.45853,68.4912,-19.1748,-3.908,67.6346
-2.94879,6.04052,20.7989,-2.03795,0.269548,8.00067,-12.4828,0.353146,67.6302,-19.9155,-2.04335,67.8012
-2.48246,5.99971,21.0401,-2.21715,0.139463,9.68731,-12.2491,-1.92395,66.8057,-20.3322,-0.488359,67.7498
-1.99986,6.1326,21.4703,-2.54823,0.133584,11.1072,-11.8706,-4.31179,65.8761,-20.5554,1.05469,67.4523
-1.53221,6.51949,22.5332,-2.3852,0.0989754,11.6029,-11.3845,-6.51507,64.7525,-20.6738,2.69591,67.0736
-1.2112,6.90847,23.6535,-2.17772,0.0431784,12.0092,-11.0618,-8.22661,63.698,-20.8285,4.06996,66.5936
-0.557341,7.43388,25.6076,-1.78217,-0.204302,13.0772,-9.99649,-10.8293,62.0659,-20.4163,5.8388,65.7687
0.0716556,7.90933,27.2669,-1.35465,-0.468348,14.2821,-9.03814,-13.0378,60.4816,-19.9659,7.44359,64.8203
0.783204,8.45947,28.9865,-0.828109,-0.793791,15.7497,-7.91908,-14.9094,58.8168,-19.3296,9.11708,63.7483
1.52579,8.9766,30.8639,-0.258658,-1.29535,17.6274,-6.64942,-16.5228,57.1372,-18.5035,10.7306,62.5175
2.27973,9.41665,32.813,0.360913,-1.92815,19.6698,-5.27534,-18.0413,55.4806,-17.4944,12.0809,61.0804
3.03053,9.86753,34.8401,1.00977,-2.6763,21.917,-3.82516,-19.3,53.8679,-16.3109,13.2696,59.4758
3.78812,10.3086,36.8675,1.69364,-3.4957,24.2281,-2.33518,-20.3119,52.3206,-14.9653,14.3478,57.6769
4.46482,10.7816,39.0875,2.32441,-4.43449,26.7914,-0.866059,-20.8822,50.9234,-13.4908,15.2083,55.8165
5.04439,11.2212,41.3759,2.76423,-5.45088,29.5539,0.513974,-21.0961,49.6086,-11.9617,15.9878,53.8001
5.52764,11.6466,43.7426,3.08874,-6.52983,32.4503,1.77065,-20.8565,48.4987,-10.3743,16.5201,51.7776
6.05672,12.1733,45.9628,3.55158,-7.38915,35.0608,3.48883,-21.8098,46.1257,-8.73773,16.969,49.8601
6.6511,12.9215,48.1322,3.98452,-8.12852,37.6818,6.82497,-27.1765,39.2843,-7.19298,17.5002,48.2916
7.02081,13.3205,50.1898,4.47335,-8.95264,40.0832,8.34038,-26.4292,36.9047,-5.48941,17.4671,46.3335
7.32524,13.5544,52.0498,4.98489,-9.77552,42.2958,9.39526,-25.4756,35.8426,-3.794,17.1496,44.3851
7.58775,13.7463,53.7713,5.43856,-10.6237,44.4996,10.1246,-24.7859,35.7227,-2.12224,16.728,42.5642
8.01696,13.9248,55.5732,6.05071,-11.549,46.9914,10.3295,-23.3775,36.3747,-0.150744,16.1616,40.6232
7.93095,14.0783,56.6391,6.19726,-12.1372,48.5144,7.96205,-19.4493,39.7782,0.919189,15.803,39.3347
7.95227,14.2454,57.8507,6.46329,-12.7965,50.2544,6.40585,-16.1858,40.7758,2.11537,15.1498,38.0916
11.5916,-2.70686,86.4371,14.3336,-4.45147,86.4581,12.4101,1.1509,53.9158,14.0492,-4.72082,53.6757
10.0947,-2.7203,94.8077,13.0749,-4.35369,94.6908,11.5943,1.7044,61.7609,12.9638,-5.26457,61.9239
8.12517,-2.37662,95.0035,11.1494,-4.21254,94.7305,9.98208,1.85597,63.4591,11.2064,-5.02467,63.5935
6.67503,-2.1257,96.9509,9.78156,-4.11147,96.4709,8.7253,2.16176,66.3033,9.97584,-4.90171,66.1713
5.40172,-1.84393,102.337,8.7164,-4.0731,101.345,7.77812,2.68037,71.3736,9.13172,-4.84159,70.6379
4.4218,-1.52834,104.644,7.75768,-4.11855,103.438,7.04463,2.96476,72.9836,8.37972,-4.78521,72.0028
3.314,-0.98345,104.145,6.53529,-4.32677,102.887,6.08467,3.41727,72.3195,7.30964,-5.01874,71.3408
2.93355,-0.98481,108.472,6.21625,-4.28039,107.119,5.87412,3.41949,75.3037,7.17416,-4.89139,74.1266
5.96737,5.34761,27.3897,5.27612,-6.51797,21.5786,0.439126,26.5948,71.3785,1.46075,-26.8644,65.9212
2.92826,6.78076,39.6289,2.82382,-8.31049,33.1088,0.19781,26.4871,70.3419,0.73017,-26.852,65.8188
3.20372,6.06698,33.0818,2.60042,-6.53487,26.4778,-1.08735,26.4608,71.4806,-0.441797,-26.48,66.0068
2.5296,5.97279,31.1051,1.78515,-5.35355,23.2089,-2.28518,25.9467,71.8445,-1.79895,-25.7868,66.0437
1.67114,5.89906,29.7592,0.732114,-4.29672,20.9836,-3.43381,25.1692,71.9748,-3.17534,-24.8914,65.9297
0.67094,5.77323,27.8168,-0.560331,-2.90971,18.0435,-4.78734,23.8771,71.9486,-4.85263,-23.4861,65.6398
-0.152937,5.6958,26.3559,-1.63958,-1.8637,15.8576,-5.87418,22.6192,71.8641,-6.29011,-22.206,65.5106
-0.753272,5.68311,25.6024,-2.45126,-1.28012,14.8099,-6.60857,21.4952,71.7418,-7.39116,-21.1525,65.5963
-1.42203,5.6188,24.3424,-3.30313,-0.5561,13.4009,-7.4916,19.9234,71.5528,-8.73384,-19.6381,65.6124
-2.0181,5.577,23.2615,-3.62198,-0.185655,12.6669,-8.35595,18.2884,71.5156,-10.0468,-18.0738,65.6963
-2.51195,5.48506,22.1773,-3.72169,0.13808,11.885,-9.15126,16.4606,71.5048,-11.3014,-16.4742,65.7531
-2.88928,5.44713,21.2712,-3.50985,0.308059,11.167,-9.84919,14.5538,71.354,-12.5152,-14.7451,65.8459
-3.16237,5.42585,20.6134,-3.15969,0.190125,11.0198,-10.4742,12.6178,71.1114,-13.704,-12.9595,65.9926
-3.56474,6.10294,20.9946,-2.12958,0.378824,6.89651,-11.2375,10.9562,70.4955,-15.1888,-10.6605,66.4702
-3.68463,5.89218,20.8551,-2.08851,0.250046,8.10022,-11.7285,8.99991,70.1063,-16.3694,-9.05675,66.8356
-3.95665,5.91919,20.3317,-2.2841,0.259849,7.95522,-12.5384,6.64466,69.4755,-17.9766,-6.68468,67.0563
-3.49733,5.61795,20.2401,-2.52897,0.211719,9.39352,-12.3571,4.65458,69.1078,-18.3974,-5.69137,67.4081
-3.21859,5.76188,20.328,-2.38933,0.245315,8.83248,-12.451,2.44838,68.4831,-19.1699,-3.91316,67.6335
-2.94727,6.03802,20.7949,-2.04026,0.271128,7.99782,-12.4789,0.34217,67.6215,-19.9102,-2.04899,67.8
-2.48078,5.99695,21.0356,-2.21885,0.140575,9.68412,-12.2451,-1.93586,66.7963,-20.3263,-0.494428,67.7487
-1.99798,6.12943,21.4653,-2.54957,0.13363,11.1061,-11.8666,-4.3248,65.866,-20.5491,1.04807,67.4511
-1.53006,6.51585,22.5277,-2.38623,0.0983116,11.6029,-11.3803,-6.52928,64.7415,-20.6669,2.68868,67.0725
-1.20876,6.9044,23.6476,-2.17839,0.0421056,12.0093,-11.0575,-8.24214,63.6861,-20.821,4.06208,66.5926
-0.554496,7.42924,25.6013,-1.78245,-0.205904,13.0775,-9.99195,-10.8465,62.0528,-20.4082,5.83026,65.7679
0.0749066,7.90415,27.2602,-1.35464,-0.470454,14.2828,-9.03336,-13.0567,60.4672,-19.9572,7.4343,64.8196
0.786919,8.4537,28.9793,-0.827794,-0.79637,15.7506,-7.91398,-14.9303,58.8009,-19.3202,9.10698,63.7478
1.53003,8.97023,30.8563,-0.257987,-1.29839,17.6283,-6.64392,-16.5459,57.1198,-18.4936,10.7196,62.5174
2.28455,9.40963,32.805,0.361967,-1.9316,19.6707,-5.26932,-18.067,55.4613,-17.4838,12.069,61.0806
3.03598,9.85982,34.8317,1.01127,-2.68017,21.9177,-3.81848,-19.3286,53.8464,-16.2996,13.2567,59.4764
3.79427,10.3002,36.8587,1.69564,-3.5,24.2285,-2.32769,-20.3439,52.2967,-14.9534,14.3339,57.6779
4.47173,10.7724,39.0784,2.32704,-4.43928,26.7916,-0.857423,-20.9184,50.8963,-13.4782,15.1932,55.8179
5.05216,11.2113,41.3666,2.76765,-5.4562,29.5538,0.524654,-21.1394,49.5757,-11.9485,15.9715,53.8021
5.53605,11.6353,43.7332,3.09324,-6.53601,32.4496,1.77992,-20.8977,48.4689,-10.3601,16.502,51.7796
6.06307,12.1561,45.9531,3.55843,-7.39783,35.0573,3.4452,-21.7227,46.2202,-8.71991,16.9449,49.8547
6.65418,12.895,48.1211,3.99442,-8.13907,37.6741,6.79153,-27.0445,39.4439,-7.17034,17.4637,48.2753
7.03074,13.304,50.1785,4.48167,-8.96078,40.0811,8.30634,-26.4359,37.0364,-5.47136,17.4463,46.3319
7.33436,13.5378,52.0411,4.99392,-9.78472,42.2935,9.37357,-25.4551,35.9289,-3.77545,17.1272,44.383
7.59504,13.7281,53.7652,5.44927,-10.6344,44.4961,10.0903,-24.7136,35.8302,-2.10226,16.7031,42.5598
8.02122,13.9033,55.5696,6.06424,-11.5628,46.9858,10.1433,-23.0737,36.6791,-0.128229,16.1355,40.6142
7.93192,14.0553,56.6394,6.2134,-12.154,48.5064,7.58677,-18.8801,40.2294,0.943076,15.7761,39.3239
7.95469,14.2306,57.8554,6.47634,-12.8091,50.2482,6.4396,-16.0977,40.6253,2.13232,15.1197,38.0919
11.6004,-2.73353,86.4317,14.3624,-4.47281,86.4519,12.4172,1.1958,53.8482,14.0674,-4.76202,53.6672
10.1064,-2.74931,94.8005,13.1076,-4.37721,94.6852,11.5595,1.77916,61.7636,12.9874,-5.30743,61.9133
8.13734,-2.40543,94.9968,11.1835,-4.23634,94.7251,9.94568,1.93342,63.4635,11.2303,-5.06845,63.5855
6.68812,-2.15492,96.9443,9.8173,-4.13611,96.4657,8.6882,2.24235,66.3083,10.001,-4.94691,66.1644
5.41646,-1.87457,102.331,8.75506,-4.09946,101.34,7.73894,2.7665,71.3801,9.15891,-4.88939,70.6319
4.43792,-1.55934,104.637,7.79792,-4.1456,103.433,7.00558,3.05116,72.9913,8.40748,-4.83303,71.9977
3.33118,-1.01373,104.139,6.5758,-4.35355,102.882,6.04749,3.50048,72.3275,7.33682,-5.06492,71.3369
2.95296,-1.01586,108.465,6.25881,-4.30797,107.114,5.83549,3.50711,75.3155,7.2022,-4.93969,74.1236
5.97004,5.34733,27.3924,5.27888,-6.52162,21.5866,0.443413,26.5876,71.374,1.46486,-26.87,65.9253
2.93099,6.78035,39.6309,2.8265,-8.31413,33.1168,0.202054,26.4804,70.3373,0.734007,-26.8566,65.8226
3.20633,6.06658,33.0832,2.60298,-6.53807,26.4845,-1.08314,26.4543,71.4759,-0.438184,-26.4842,66.0101
2.53212,5.97224,31.106,1.7874,-5.35664,23.2155,-2.28102,25.9403,71.8398,-1.79549,-25.7907,66.0466
1.67356,5.89834,29.7596,0.734116,-4.29965,20.9898,-3.42969,25.1628,71.9699,-3.17198,-24.8951,65.9321
0.673242,5.77239,27.8168,-0.558638,-2.91232,18.049,-4.78326,23.8706,71.9435,-4.84934,-23.4897,65.6417
-0.150749,5.69484,26.3556,-1.63824,-1.86593,15.8624,-5.87012,22.6125,71.8589,-6.28686,-22.2096,65.5121
-0.751181,5.68203,25.6017,-2.45025,-1.28196,14.8137,-6.60453,21.4884,71.7364,-7.38792,-21.156,65.5975
-1.42007,5.61768,24.3415,-3.30264,-0.557162,13.403,-7.48757,19.9164,71.5472,-8.7306,-19.6416,65.6132
-2.01627,5.57582,23.2604,-3.62189,-0.186118,12.6676,-8.35192,18.281,71.5097,-10.0435,-18.0774,65.6968
-2.51024,5.4838,22.1758,-3.722,0.13824,11.8843,-9.14721,16.4529,71.4986,-11.298,-16.4779,65.7532
-2.88769,5.4458,21.2694,-3.51055,0.308801,11.1651,-9.84511,14.5458,71.3475,-12.5117,-14.749,65.8458
-3.16089,5.42451,20.6114,-3.16099,0.191785,11.0157,-10.47,12.6093,71.1045,-13.7003,-12.9636,65.9922
-3.5633,6.10133,20.9923,-2.13198,0.381337,6.89179,-11.2333,10.9472,70.4882,-15.1849,-10.665,66.4697
-3.6832,5.89063,20.8525,-2.09081,0.25399,8.09002,-11.7243,8.99032,70.0985,-16.3651,-9.0614,66.8348
-3.95522,5.91733,20.3284,-2.28673,0.263237,7.94814,-12.5341,6.63438,69.4672,-17.9719,-6.68975,67.0554
-3.49581,5.61581,20.2362,-2.5318,0.214706,9.38766,-12.3527,4.64353,69.0989,-18.3922,-5.69685,67.407
-3.21697,5.75932,20.3238,-2.39233,0.247487,8.82925,-12.4465,2.43646,68.4736,-19.1642,-3.91921,67.6322
-2.94548,6.03507,20.7901,-2.04295,0.272948,7.99451,-12.4744,0.329264,67.6113,-19.9038,-2.05559,67.7987
-2.4788,5.99369,21.0303,-2.22082,0.141837,9.68043,-12.2404,-1.94987,66.7853,-20.3194,-0.501528,67.7473
-1.99576,6.12568,21.4593,-2.55112,0.13364,11.105,-11.8618,-4.34009,65.854,-20.5415,1.04032,67.4497
-1.52752,6.51155,22.5212,-2.38742,0.0974892,11.603,-11.3754,-6.54599,64.7285,-20.6586,2.68022,67.0711
-1.20588,6.89959,23.6407,-2.17916,0.040803,12.0094,-11.0523,-8.2604,63.6721,-20.8121,4.05286,66.5913
-0.551136,7.42375,25.5938,-1.78276,-0.207829,13.0779,-9.98662,-10.8666,62.0374,-20.3986,5.82025,65.7668
0.0787485,7.89801,27.2522,-1.3546,-0.47297,14.2836,-9.02774,-13.0789,60.4503,-19.9469,7.42343,64.8187
0.791311,8.44689,28.9708,-0.827398,-0.799442,15.7517,-7.90799,-14.9548,58.7823,-19.3092,9.09517,63.7473
1.53504,8.96268,30.8473,-0.257172,-1.302,17.6294,-6.63744,-16.5731,57.0992,-18.4818,10.7068,62.5172
2.29025,9.40131,32.7955,0.363235,-1.9357,19.6717,-5.26223,-18.0972,55.4386,-17.4713,12.0551,61.0808
3.04245,9.85069,34.8217,1.01306,-2.68478,21.9185,-3.81062,-19.3622,53.8212,-16.2864,13.2416,59.477
3.80156,10.2902,36.8483,1.69803,-3.50512,24.2291,-2.31887,-20.3814,52.2687,-14.9393,14.3176,57.679
4.47995,10.7615,39.0677,2.33017,-4.44498,26.7919,-0.847364,-20.9605,50.865,-13.4634,15.1756,55.8195
5.06138,11.1995,41.3555,2.7717,-5.46254,29.5537,0.536865,-21.1889,49.5385,-11.9329,15.9524,53.8043
5.54628,11.6223,43.7219,3.0985,-6.5432,32.4489,1.79369,-20.9533,48.4268,-10.3436,16.4811,51.7823
6.07217,12.1382,45.9417,3.56596,-7.40728,35.0543,3.42102,-21.6859,46.2685,-8.70021,16.9192,49.8519
6.65798,12.8634,48.1078,4.00626,-8.15177,37.6649,6.74365,-26.8717,39.6437,-7.14334,17.4205,48.2557
7.04202,13.2829,50.1648,4.49211,-8.97082,40.0778,8.26515,-26.4307,37.199,-5.4491,17.4198,46.3281
7.34502,13.5169,52.0303,5.00514,-9.79586,42.2902,9.34426,-25.4237,36.0516,-3.75265,17.0996,44.3789
7.60344,13.7053,53.7575,5.46247,-10.6473,44.4914,10.032,-24.6034,35.9957,-2.07771,16.673,42.553
8.02526,13.876,55.5653,6.08128,-11.5804,46.9783,9.84086,-22.6,37.1462,-0.100143,16.1042,40.601
7.93275,14.0295,56.6411,6.23192,-12.1734,48.4971,7.20113,-18.2681,40.6623,0.97032,15.7437,39.3126
7.95791,14.2138,57.8608,6.49145,-12.8235,50.2411,6.50012,-16.0264,40.4262,2.1518,15.0844,38.0929
11.6112,-2.76499,86.4249,14.3963,-4.49788,86.4445,12.4193,1.24843,53.7831,14.0889,-4.80985,53.6571
10.1203,-2.78358,94.7918,13.1463,-4.40492,94.6785,11.5179,1.86635,61.7687,13.0151,-5.35761,61.9005
8.15182,-2.43946,94.9886,11.2235,-4.26438,94.7186,9.90363,2.02314,63.4682,11.2583,-5.11978,63.5759
6.70368,-2.18943,96.9364,9.85935,-4.16512,96.4594,8.64532,2.33574,66.3137,10.0305,-4.99989,66.1561
5.43398,-1.91074,102.323,8.80053,-4.13049,101.334,7.69365,2.86632,71.3873,9.1909,-4.94542,70.6247
4.45704,-1.59591,104.629,7.84523,-4.17746,103.428,6.96045,3.15128,72.9999,8.44013,-4.88909,71.9916
3.35157,-1.04945,104.132,6.62342,-4.38508,102.877,6.00455,3.5969,72.3365,7.3688,-5.11907,71.3321
2.97597,-1.05248,108.457,6.30882,-4.34045,107.109,5.79085,3.60867,75.329,7.23517,-4.99634,74.12
5.97351,5.3471,27.3963,5.28249,-6.52635,21.5969,0.448894,26.5787,71.369,1.47015,-26.8774,65.9311
2.93453,6.77992,39.6339,2.82998,-8.31885,33.1272,0.207481,26.4722,70.3321,0.738948,-26.8628,65.8278
3.20972,6.06615,33.0853,2.6063,-6.54223,26.4931,-1.07776,26.4464,71.4705,-0.433529,-26.4897,66.0148
2.53537,5.9716,31.1074,1.79034,-5.36066,23.2241,-2.27569,25.9324,71.8341,-1.79102,-25.7959,66.0506
1.67669,5.89749,29.7603,0.736731,-4.30346,20.9979,-3.42441,25.1549,71.9641,-3.16764,-24.9,65.9355
0.676219,5.77135,27.8169,-0.556417,-2.91576,18.0562,-4.77802,23.8624,71.9374,-4.8451,-23.4945,65.6445
-0.147917,5.69363,26.3552,-1.63647,-1.8689,15.8685,-5.86491,22.6042,71.8524,-6.28266,-22.2142,65.5143
-0.748473,5.68065,25.6009,-2.4489,-1.28444,14.8187,-6.59932,21.4797,71.7296,-7.38372,-21.1606,65.5991
-1.41753,5.61622,24.3404,-3.30194,-0.558675,13.4058,-7.48237,19.9074,71.54,-8.72638,-19.6462,65.6144
-2.01388,5.57425,23.2588,-3.62169,-0.186895,12.6688,-8.34669,18.2716,71.5021,-10.0392,-18.0821,65.6975
-2.50802,5.48213,22.1738,-3.7223,0.138234,11.8838,-9.14194,16.4431,71.4905,-11.2935,-16.4828,65.7535
-2.88561,5.444,21.267,-3.51135,0.309516,11.1629,-9.83978,14.5353,71.3389,-12.507,-14.754,65.8456
-3.15895,5.42267,20.6086,-3.16254,0.193638,11.0108,-10.4647,12.5982,71.0953,-13.6954,-12.9689,65.9917
-3.5614,6.09914,20.9892,-2.13492,0.384301,6.88597,-11.2279,10.9354,70.4784,-15.1797,-10.6709,66.4689
-3.68132,5.88847,20.8489,-2.09361,0.258676,8.07742,-11.7188,8.97777,70.088,-16.3595,-9.06743,66.8338
-3.95334,5.91476,20.3237,-2.28994,0.267242,7.93939,-12.5285,6.6209,69.4561,-17.9657,-6.69634,67.054
-3.4938,5.61286,20.2309,-2.53526,0.218181,9.38044,-12.3469,4.62901,69.087,-18.3854,-5.70397,67.4053
-3.21483,5.75581,20.3178,-2.39599,0.249953,8.82529,-12.4405,2.42076,68.4608,-19.1567,-3.92706,67.6303
-2.94311,6.03103,20.7835,-2.04624,0.274968,7.99046,-12.4683,0.312257,67.5974,-19.8956,-2.06419,67.7967
-2.4762,5.98923,21.0229,-2.2232,0.143112,9.67592,-12.2342,-1.96836,66.7703,-20.3104,-0.510798,67.7452
-1.99284,6.12057,21.4511,-2.55296,0.133349,11.1036,-11.8553,-4.36027,65.8378,-20.5316,1.03019,67.4476
-1.52418,6.5057,22.5123,-2.3888,0.0961621,11.6031,-11.3687,-6.56808,64.7109,-20.6478,2.66914,67.069
-1.20208,6.89305,23.6311,-2.18,0.038871,12.0095,-11.0454,-8.28455,63.653,-20.8005,4.04076,66.5894
-0.54671,7.41633,25.5835,-1.78303,-0.210552,13.0783,-9.97939,-10.8932,62.0165,-20.3861,5.8071,65.765
0.0838136,7.88972,27.2412,-1.35442,-0.476442,14.2846,-9.02011,-13.1083,60.4273,-19.9334,7.4091,64.8172
0.797108,8.43768,28.9591,-0.826741,-0.803624,15.7529,-7.89986,-14.9873,58.757,-19.2947,9.07956,63.7461
1.54167,8.95251,30.8349,-0.255965,-1.30687,17.6307,-6.62866,-16.6091,57.0714,-18.4663,10.6898,62.5165
2.29779,9.3901,32.7824,0.365043,-1.94122,19.6728,-5.25263,-18.1371,55.4078,-17.4548,12.0367,61.0806
3.05101,9.83838,34.8079,1.01557,-2.69096,21.9194,-3.79999,-19.4067,53.7872,-16.2689,13.2216,59.4773
3.81123,10.2767,36.8339,1.70133,-3.51199,24.2296,-2.30698,-20.431,52.231,-14.9208,14.2959,57.6799
4.49084,10.7468,39.0528,2.33447,-4.45261,26.7919,-0.833893,-21.016,50.823,-13.4438,15.1521,55.821
5.07361,11.1836,41.3403,2.77723,-5.47101,29.5533,0.55308,-21.254,49.4889,-11.9123,15.927,53.8066
5.55992,11.605,43.7064,3.1056,-6.55275,32.4479,1.81332,-21.0302,48.3673,-10.3218,16.4534,51.7855
6.08483,12.1152,45.9259,3.5759,-7.41958,35.0505,3.40017,-21.6642,46.3059,-8.67468,16.8857,49.849
6.66291,12.8207,48.0895,4.02239,-8.1691,37.6523,6.66157,-26.6105,39.9344,-7.1072,17.3629,48.2284
7.05597,13.2523,50.1458,4.50688,-8.98484,40.0719,8.20562,-26.3976,37.4272,-5.41841,17.3814,46.3195
7.35858,13.4871,52.0145,5.02086,-9.81111,42.2847,9.29465,-25.3621,36.2474,-3.7214,17.0611,44.3706
7.61375,13.673,53.7461,5.48088,-10.6653,44.4842,9.91234,-24.3956,36.2869,-2.04404,16.632,42.5408
8.02869,13.8366,55.5591,6.10543,-11.6055,46.9662,9.30854,-21.786,37.925,-0.0611449,16.0618,40.5789
7.93375,13.9984,56.6447,6.2549,-12.1973,48.485,6.84794,-17.6366,40.9953,1.00357,15.6994,39.3006
7.96339,14.1921,57.866,6.51075,-12.8414,50.2322,6.587,-15.9723,40.178,2.17631,15.0399,38.0948
11.626,-2.80618,86.4145,14.44,-4.53025,86.4347,12.4127,1.31548,53.7208,14.1168,-4.87011,53.6432
10.139,-2.82834,94.7796,13.196,-4.44073,94.6695,11.466,1.97406,61.7747,13.0508,-5.42145,61.8834
8.1711,-2.48377,94.9771,11.2751,-4.30057,94.7097,9.85245,2.13363,63.4719,11.2944,-5.18508,63.563
6.72434,-2.23422,96.9252,9.91337,-4.20246,96.451,8.59303,2.45096,66.3186,10.0685,-5.0672,66.1449
5.45716,-1.95752,102.312,8.85887,-4.17035,101.326,7.63839,2.98968,71.3945,9.23188,-5.01653,70.6149
4.48231,-1.64308,104.618,7.9059,-4.21828,103.42,6.9054,3.27509,73.0089,8.48194,-4.96017,71.9832
3.37847,-1.09543,104.121,6.6845,-4.42542,102.87,5.9522,3.71618,72.3461,7.40974,-5.18769,71.3255
3.00624,-1.09952,108.445,6.37296,-4.38198,107.102,5.73641,3.73445,75.3443,7.27735,-5.06815,74.115
5.97833,5.34707,27.4024,5.28753,-6.53291,21.6111,0.456254,26.5681,71.3643,1.47734,-26.8877,65.9403
2.93939,6.77962,39.6389,2.83479,-8.32535,33.1415,0.214768,26.4623,70.3269,0.745662,-26.8715,65.836
3.21438,6.0658,33.0889,2.6109,-6.54799,26.5051,-1.07052,26.4367,71.4647,-0.427195,-26.4976,66.0221
2.53985,5.97093,31.1099,1.79442,-5.36624,23.2359,-2.26851,25.9226,71.8278,-1.78493,-25.8032,66.0569
1.68098,5.89647,29.7619,0.740374,-4.30879,21.009,-3.41729,25.1448,71.9572,-3.16172,-24.907,65.9408
0.680302,5.77005,27.8176,-0.553294,-2.9206,18.0662,-4.77092,23.852,71.93,-4.83928,-23.5012,65.6489
-0.144031,5.69204,26.355,-1.63393,-1.87316,15.8772,-5.85781,22.5933,71.8444,-6.27689,-22.2208,65.5179
-0.744753,5.67877,25.6,-2.44691,-1.28809,14.8258,-6.5922,21.4683,71.7209,-7.37793,-21.1671,65.6019
-1.41402,5.61419,24.3389,-3.30081,-0.561104,13.4102,-7.47522,19.8954,71.5305,-8.72054,-19.6527,65.6164
-2.01058,5.57202,23.2567,-3.6212,-0.188418,12.671,-8.33947,18.2589,71.4918,-10.0332,-18.0887,65.6988
-2.50493,5.47969,22.1709,-3.72246,0.137672,11.8837,-9.13462,16.4296,71.4794,-11.2873,-16.4895,65.7541
-2.88271,5.44133,21.2633,-3.51215,0.309849,11.1607,-9.83234,14.5209,71.3269,-12.5005,-14.7611,65.8455
-3.15623,5.41987,20.6043,-3.1643,0.195375,11.0052,-10.4571,12.5829,71.0823,-13.6885,-12.9763,65.9911
-3.55872,6.09585,20.9844,-2.13854,0.387562,6.87883,-11.2201,10.919,70.4644,-15.1723,-10.679,66.4678
-3.67865,5.88512,20.8432,-2.09703,0.263915,8.06188,-11.7109,8.96016,70.0728,-16.3515,-9.07582,66.8321
-3.95066,5.91081,20.3165,-2.29387,0.271654,7.92857,-12.5204,6.6019,69.4398,-17.9569,-6.7055,67.0518
-3.49095,5.60831,20.2228,-2.53946,0.221839,9.37157,-12.3386,4.60845,69.0693,-18.3757,-5.71388,67.4026
-3.21179,5.75048,20.3087,-2.40047,0.252381,8.82045,-12.4319,2.39846,68.4417,-19.146,-3.93802,67.6273
-2.93976,6.02492,20.7733,-2.05026,0.27683,7.98547,-12.4594,0.288037,67.5768,-19.8839,-2.07621,67.7934
-2.4725,5.98247,21.0116,-2.22602,0.143896,9.6704,-12.225,-1.99474,66.7479,-20.2976,-0.523811,67.7416
-1.98871,6.11285,21.4386,-2.55504,0.132151,11.102,-11.8458,-4.38914,65.8134,-20.5176,1.01593,67.4438
-1.51945,6.49693,22.4986,-2.39027,0.0936639,11.6033,-11.3588,-6.59972,64.6844,-20.6327,2.65348,67.0652
-1.19671,6.88328,23.6164,-2.18078,0.0355896,12.0096,-11.0351,-8.3192,63.6243,-20.784,4.02361,66.5857
-0.540443,7.40527,25.5678,-1.78303,-0.214881,13.0789,-9.96856,-10.9314,61.9849,-20.3684,5.78836,65.7615
0.0909932,7.87741,27.2244,-1.35381,-0.481753,14.2857,-9.00865,-13.1506,60.3926,-19.9144,7.38863,64.814
0.805336,8.42403,28.9411,-0.825475,-0.809883,15.7543,-7.88762,-15.0341,58.719,-19.2743,9.05719,63.7433
1.55109,8.93744,30.8158,-0.253919,-1.31408,17.632,-6.61545,-16.6608,57.0296,-18.4445,10.6654,62.5143
2.30853,9.37353,32.7622,0.367951,-1.94931,19.6739,-5.23824,-18.1946,55.3617,-17.4316,12.0101,61.079
3.06322,9.82021,34.7868,1.01949,-2.69999,21.9201,-3.78412,-19.4707,53.7362,-16.2442,13.1926,59.4764
3.82503,10.2569,36.8118,1.70642,-3.52199,24.2298,-2.28933,-20.5023,52.1747,-14.8947,14.2645,57.6797
4.50639,10.7252,39.0299,2.341,-4.4637,26.7915,-0.814014,-21.0958,50.7606,-13.4161,15.1179,55.8217
5.09109,11.1602,41.3168,2.78555,-5.48331,29.5521,0.57691,-21.3478,49.4152,-11.8829,15.8898,53.8085
5.57946,11.5796,43.6824,3.11619,-6.56657,32.4459,1.84291,-21.1438,48.2767,-10.2907,16.4127,51.7887
6.10303,12.0818,45.9016,3.5906,-7.43733,35.0447,3.37433,-21.6432,46.3479,-8.63831,16.8368,49.8438
6.66869,12.7565,48.0613,4.04684,-8.19532,37.6325,6.49607,-26.145,40.4315,-7.05403,17.2774,48.1845
7.07349,13.2032,50.1166,4.53001,-9.00639,40.0602,8.0996,-26.2828,37.799,-5.37211,17.3198,46.2995
7.37617,13.4401,51.9896,5.04504,-9.83398,42.2744,9.18468,-25.2062,36.6117,-3.67484,17.0021,44.3522
7.62566,13.6223,53.7282,5.50923,-10.6929,44.4709,9.60852,-23.9003,36.8937,-1.9936,16.5712,42.5159
8.03,13.777,55.5505,6.14159,-11.6431,46.9452,8.41293,-20.4122,39.1663,-0.00446224,15.9994,40.5411
7.93597,13.9593,56.6502,6.2847,-12.2274,48.4678,6.64849,-17.1016,41.0358,1.04533,15.6345,39.2886
7.97398,14.1619,57.8681,6.53712,-12.8651,50.22,6.68706,-15.9397,39.9105,2.20896,14.9823,38.0973
11.6484,-2.86398,86.3967,14.4998,-4.57456,86.4202,12.39,1.40386,53.6668,14.1551,-4.94932,53.6221
10.1659,-2.89067,94.7601,13.2637,-4.48968,94.6559,11.4023,2.10767,61.7775,13.0992,-5.50632,61.8588
8.19886,-2.54514,94.9587,11.3449,-4.3498,94.6966,9.79038,2.27096,63.4711,11.343,-5.27168,63.544
6.75394,-2.29587,96.9072,9.98636,-4.25303,96.4384,8.52941,2.59481,66.32,10.1195,-5.1562,66.1283
5.4902,-2.02148,102.294,8.93752,-4.22406,101.314,7.57105,3.14428,71.399,9.28694,-5.1103,70.6004
4.51817,-1.70724,104.601,7.9876,-4.27308,103.408,6.83833,3.43059,73.0161,8.53806,-5.0537,71.9707
3.41655,-1.1577,104.104,6.76675,-4.47939,102.859,5.88852,3.86613,72.3543,7.46471,-5.27782,71.3155
3.04893,-1.16297,108.427,6.45929,-4.43741,107.092,5.67026,3.89282,75.3598,7.33391,-5.16253,74.1074
5.98498,5.34775,27.4125,5.2945,-6.54186,21.63,0.46578,26.5576,71.3635,1.48682,-26.902,65.9554
2.94597,6.7799,39.6475,2.84134,-8.33416,33.1609,0.224194,26.4524,70.3248,0.754528,-26.8839,65.8497
3.22071,6.06587,33.0953,2.61717,-6.55588,26.5215,-1.06115,26.4266,71.4612,-0.418812,-26.5088,66.0341
2.54588,5.97051,31.1149,1.80001,-5.37391,23.2521,-2.25919,25.912,71.823,-1.77684,-25.8136,66.0674
1.68676,5.8955,29.7653,0.745411,-4.31616,21.0243,-3.40798,25.1335,71.9511,-3.15383,-24.9169,65.9498
0.685795,5.76858,27.8195,-0.548917,-2.92741,18.0799,-4.76158,23.8398,71.9225,-4.8315,-23.5107,65.6564
-0.138802,5.69008,26.3556,-1.63029,-1.87932,15.8892,-5.8484,22.5801,71.8355,-6.26912,-22.23,65.524
-0.739738,5.67631,25.5994,-2.44394,-1.29361,14.8359,-6.58268,21.4541,71.7106,-7.37008,-21.1762,65.6067
-1.40929,5.61137,24.3371,-3.29887,-0.56523,13.417,-7.46555,19.88,71.5187,-8.71255,-19.6617,65.62
-2.00609,5.56878,23.2536,-3.62004,-0.191582,12.6752,-8.3296,18.2424,71.4784,-10.025,-18.0978,65.7012
-2.50069,5.47602,22.1666,-3.72207,0.135553,11.8853,-9.12451,16.4116,71.4644,-11.2787,-16.4989,65.7553
-2.8787,5.43721,21.2575,-3.51251,0.308678,11.1598,-9.82194,14.5015,71.3101,-12.4914,-14.7708,65.8456
-3.15242,5.4154,20.5974,-3.16575,0.19564,11.0003,-10.4464,12.5618,71.0636,-13.6789,-12.9865,65.9902
-3.55493,6.09068,20.9764,-2.14238,0.38987,6.87143,-11.209,10.8962,70.4439,-15.162,-10.6901,66.466
-3.67484,5.87961,20.8337,-2.10055,0.267852,8.0456,-11.6994,8.93546,70.0502,-16.3403,-9.0874,66.8294
-3.94682,5.90439,20.3048,-2.29799,0.274744,7.91724,-12.5085,6.57504,69.4151,-17.9445,-6.71816,67.0482
-3.48688,5.60095,20.2094,-2.54373,0.223845,9.36241,-12.3262,4.57918,69.0422,-18.3622,-5.72763,67.3981
-3.20746,5.74198,20.2938,-2.40508,0.253176,8.81546,-12.419,2.36653,68.4121,-19.1311,-3.95324,67.6219
-2.93499,6.01526,20.7568,-2.0544,0.27702,7.98017,-12.4459,0.25319,67.5446,-19.8675,-2.09299,67.7874
-2.46727,5.97174,20.9933,-2.22866,0.14251,9.66461,-12.211,-2.03286,66.7128,-20.2796,-0.542135,67.7352
-1.98286,6.10073,21.4183,-2.55674,0.128544,11.1003,-11.8311,-4.43098,65.7751,-20.4981,0.995732,67.4369
-1.51276,6.48325,22.4765,-2.39123,0.0886354,11.6034,-11.3434,-6.64569,64.6426,-20.6114,2.63118,67.058
-1.1891,6.86811,23.5927,-2.18089,0.0296302,12.0096,-11.0189,-8.36971,63.5789,-20.761,3.99902,66.5784
-0.531558,7.38819,25.5423,-1.78217,-0.222155,13.0792,-9.95151,-10.9873,61.9351,-20.3435,5.76133,65.7543
0.101192,7.85846,27.1972,-1.35211,-0.490236,14.2864,-8.99057,-13.2123,60.338,-19.8876,7.3589,64.807
0.817056,8.4031,28.9121,-0.822866,-0.819572,15.7552,-7.86831,-15.1025,58.6591,-19.2456,9.02449,63.7367
1.56454,8.91439,30.785,-0.250198,-1.32502,17.6328,-6.59466,-16.7367,56.9639,-18.4138,10.6295,62.5083
2.32391,9.34824,32.7298,0.37293,-1.96147,19.6742,-5.21567,-18.279,55.2895,-17.3988,11.9707,61.0737
3.08074,9.79255,34.7527,1.02596,-2.71345,21.9197,-3.75938,-19.5647,53.6567,-16.2092,13.1496,59.472
3.84487,10.2268,36.7762,1.71462,-3.53682,24.2286,-2.26204,-20.6072,52.0871,-14.8575,14.2174,57.6763
4.52875,10.6925,38.993,2.35137,-4.4801,26.7893,-0.783537,-21.2133,50.6636,-13.3765,15.0664,55.8193
5.1162,11.1249,41.2789,2.7986,-5.50144,29.549,0.613354,-21.4871,49.3006,-11.841,15.8336,53.8077
5.60754,11.5415,43.6439,3.13261,-6.58691,32.4416,1.88909,-21.3168,48.1326,-10.2462,16.351,51.7901
6.1287,12.0314,45.8627,3.6133,-7.46377,35.0345,3.33513,-21.61,46.4067,-8.58547,16.7618,49.8321
6.67196,12.6533,48.0162,4.08616,-8.23743,37.5983,6.11826,-25.1929,41.4029,-6.97216,17.143,48.1052
7.09137,13.118,50.0703,4.56864,-9.04185,40.0348,7.85689,-25.883,38.5194,-5.29868,17.2134,46.2497
7.39504,13.3616,51.9497,5.08424,-9.87044,42.2524,8.86054,-24.7013,37.428,-3.60283,16.9079,44.3082
7.63373,13.5391,53.7015,5.55467,-10.738,44.4428,8.78485,-22.6004,38.2672,-1.9164,16.4795,42.4612
8.02878,13.6981,55.5417,6.19027,-11.6927,46.9114,7.41183,-18.7599,40.4307,0.0683754,15.9077,40.4901
7.94389,13.9103,56.6514,6.32252,-12.2631,48.4439,6.69008,-16.8263,40.6986,1.09547,15.547,39.2774
7.99382,14.1189,57.8603,6.57301,-12.8954,50.2017,6.7687,-15.9337,39.6895,2.25168,14.9113,38.097
11.6827,-2.94447,86.365,14.5792,-4.63376,86.3979,12.3523,1.50333,53.6219,14.2061,-5.04803,53.5893
10.2055,-2.97628,94.7272,13.3526,-4.55465,94.6349,11.3367,2.25081,61.7651,13.1622,-5.61292,61.8228
8.23935,-2.62858,94.9276,11.4361,-4.41459,94.6765,9.72654,2.41972,63.4565,11.4062,-5.37972,63.5156
6.79685,-2.37877,96.8769,10.0812,-4.31897,96.4193,8.4636,2.75226,66.3092,10.1855,-5.26654,66.1033
5.53764,-2.10641,102.264,9.03933,-4.29348,101.296,7.50116,3.31511,71.3925,9.35772,-5.22592,70.5783
4.56937,-1.79157,104.571,8.09316,-4.34334,103.391,6.76882,3.60324,73.0132,8.61006,-5.16848,71.9514
3.47068,-1.23894,104.075,6.87305,-4.54812,102.842,5.82279,4.03307,72.3534,7.53526,-5.38802,71.2997
3.10929,-1.24525,108.396,6.5709,-4.50769,107.075,5.60243,4.06947,75.3667,7.40656,-5.27801,74.0947
5.99267,5.35069,27.4295,5.30262,-6.55197,21.6506,0.475071,26.5579,71.3793,1.4966,-26.9191,65.9802
2.95325,6.7823,39.6632,2.84871,-8.34391,33.1825,0.233365,26.452,70.3373,0.763685,-26.8991,65.872
3.22779,6.06768,33.1075,2.62424,-6.56484,26.5401,-1.052,26.4247,71.4702,-0.410088,-26.5226,66.0539
2.55252,5.97155,31.125,1.80643,-5.38272,23.2702,-2.24996,25.9084,71.8289,-1.76836,-25.8266,66.0848
1.69306,5.89568,29.7731,0.751292,-4.32476,21.0413,-3.39862,25.128,71.9538,-3.14548,-24.9291,65.9649
0.691776,5.76792,27.825,-0.543628,-2.93567,18.0955,-4.752,23.8323,71.9221,-4.82314,-23.5223,65.6693
-0.133103,5.68856,26.3589,-1.62563,-1.88726,15.9034,-5.83851,22.5705,71.832,-6.26063,-22.2412,65.5349
-0.734251,5.67392,25.6004,-2.43983,-1.30128,14.8487,-6.5724,21.4423,71.704,-7.36136,-21.1871,65.6155
-1.40404,5.60818,24.3359,-3.29557,-0.572148,13.4271,-7.45483,19.8661,71.5088,-8.7035,-19.6725,65.6268
-2.00105,5.5647,23.2501,-3.61729,-0.198209,12.6838,-8.31833,18.2261,71.4653,-10.0154,-18.1086,65.7061
-2.49584,5.47105,22.1606,-3.71987,0.129333,11.8919,-9.11262,16.3929,71.448,-11.2686,-16.5098,65.7583
-2.87401,5.43129,21.2491,-3.51079,0.302687,11.1648,-9.80936,14.4802,71.2903,-12.4806,-14.7821,65.8467
-3.14782,5.40856,20.5866,-3.16457,0.189762,11.0032,-10.4331,12.538,71.0402,-13.6673,-12.9982,65.9894
-3.55025,6.08299,20.9633,-2.14353,0.386166,6.87019,-11.1948,10.8696,70.4168,-15.1493,-10.7026,66.4636
-3.67005,5.87074,20.818,-2.10123,0.262728,8.04229,-11.6843,8.90584,70.0194,-16.3264,-9.10083,66.8251
-3.94195,5.89425,20.2863,-2.29896,0.269458,7.9151,-12.4925,6.54222,69.3803,-17.9293,-6.73288,67.0422
-3.48175,5.58935,20.1882,-2.54414,0.217157,9.36124,-12.3092,4.54282,69.0034,-18.3455,-5.74377,67.3904
-3.20202,5.72894,20.2702,-2.40574,0.246632,8.81469,-12.4009,2.32636,68.369,-19.1129,-3.97114,67.6127
-2.92903,6.00066,20.7306,-2.05507,0.270363,7.97863,-12.4266,0.208874,67.4969,-19.8476,-2.11294,67.7769
-2.46074,5.95542,20.9643,-2.22809,0.133807,9.66319,-12.1905,-2.08175,66.6603,-20.2579,-0.564349,67.7232
-1.97561,6.08252,21.3866,-2.55528,0.118794,11.1,-11.8093,-4.48502,65.7174,-20.4744,0.970929,67.4238
-1.50448,6.46298,22.4421,-2.38919,0.0783405,11.6034,-11.3203,-6.70543,64.5794,-20.5857,2.60344,67.044
-1.17966,6.84574,23.5556,-2.17825,0.0186868,12.009,-10.9942,-8.43576,63.5098,-20.7331,3.96802,66.5636
-0.520512,7.36326,25.5023,-1.77863,-0.234256,13.0784,-9.92535,-11.0605,61.8595,-20.3135,5.72675,65.7389
0.113931,7.83097,27.1545,-1.34765,-0.503328,14.2853,-8.96267,-13.2936,60.2552,-19.8552,7.32037,64.7913
0.831783,8.37287,28.8666,-0.817309,-0.833784,15.7535,-7.83848,-15.1928,58.5685,-19.2108,8.98159,63.721
1.58156,8.88123,30.7367,-0.243242,-1.34053,17.6304,-6.56264,-16.8371,56.8648,-18.3763,10.5818,62.4928
2.34349,9.312,32.6786,0.381542,-1.97836,19.671,-5.18115,-18.3909,55.181,-17.3586,11.9178,61.0587
3.10316,9.75307,34.6989,1.0366,-2.73192,21.9155,-3.72195,-19.6897,53.5377,-16.1662,13.0911,59.4576
3.87033,10.184,36.7201,1.72766,-3.55698,24.2232,-2.2213,-20.7469,51.9566,-14.8114,14.1528,57.6628
4.55747,10.6462,38.9349,2.36739,-4.50224,26.7826,-0.738717,-21.3704,50.5199,-13.3271,14.995,55.8068
5.14842,11.0753,41.2193,2.8183,-5.52581,29.5411,0.666413,-21.6758,49.1308,-11.7881,15.7549,53.7972
5.64354,11.4883,43.5835,3.15694,-6.6142,32.4323,1.95769,-21.5604,47.9139,-10.1896,16.2637,51.7825
6.16061,11.9607,45.8018,3.64654,-7.49976,35.0171,3.28558,-21.5717,46.4648,-8.51692,16.6544,49.8059
6.66591,12.4984,47.9468,4.14607,-8.30105,37.5423,5.34989,-23.4099,43.1539,-6.85652,16.9458,47.9689
7.09348,12.9653,49.9975,4.63431,-9.10311,39.9793,7.16725,-24.4994,40.1608,-5.18351,17.027,46.1254
7.39971,13.2248,51.8874,5.14912,-9.93139,42.2028,7.85669,-23.0397,39.4082,-3.49416,16.7554,44.1999
7.63015,13.4152,53.6618,5.62018,-10.8024,44.3906,7.43151,-20.4029,40.3299,-1.81537,16.3445,42.363
8.03588,13.6136,55.5189,6.24421,-11.7441,46.8706,6.98793,-17.8424,40.7657,0.13975,15.791,40.443
7.96641,13.8481,56.6257,6.36722,-12.3022,48.4146,6.8238,-16.8207,40.2994,1.14783,15.4504,39.2615
8.02633,14.0592,57.8267,6.61742,-12.9315,50.1752,6.82272,-15.9778,39.5261,2.29954,14.8336,38.0842
11.7318,-3.0447,86.3078,14.6681,-4.70217,86.3673,12.3365,1.54523,53.5473,14.2627,-5.14844,53.5438
10.2597,-3.07921,94.6705,13.4494,-4.62771,94.6064,11.3042,2.33245,61.7109,13.2294,-5.71862,61.7758
8.29397,-2.72627,94.8738,11.5338,-4.48554,94.6493,9.69498,2.51068,63.4038,11.4723,-5.4841,63.4774
6.85365,-2.47292,96.825,10.1815,-4.38919,96.3933,8.42993,2.85455,66.2627,10.2536,-5.3705,66.0692
5.59903,-2.19952,102.213,9.1456,-4.36528,101.271,7.46402,3.43231,71.3524,9.42968,-5.33231,70.548
4.63449,-1.88121,104.521,8.20251,-4.41405,103.367,6.73155,3.72527,72.9785,8.68262,-5.27202,71.9247
3.53863,-1.32303,104.026,6.98295,-4.61558,102.818,5.7878,4.15336,72.3232,7.60613,-5.4857,71.2772
3.18416,-1.32842,108.345,6.68596,-4.57507,107.051,5.56755,4.19843,75.3414,7.47936,-5.37977,74.0756
5.99673,5.35588,27.4474,5.30701,-6.55687,21.6591,0.477163,26.579,71.4157,1.49977,-26.9287,66.0055
2.95657,6.78709,39.6809,2.85224,-8.34834,33.1927,0.235375,26.4704,70.3692,0.766697,-26.9086,65.895
3.23112,6.07154,33.1219,2.62769,-6.56926,26.5493,-1.04992,26.4403,71.4972,-0.407092,-26.5315,66.0743
2.55546,5.97471,31.138,1.80976,-5.38723,23.2789,-2.24767,25.9212,71.8513,-1.76533,-25.8349,66.1029
1.69577,5.89802,29.784,0.754506,-4.32939,21.0496,-3.396,25.138,71.972,-3.14232,-24.9369,65.9809
0.694317,5.76938,27.8336,-0.540446,-2.94061,18.1034,-4.74894,23.8396,71.936,-4.81978,-23.5296,65.6834
-0.130676,5.6891,26.3651,-1.62243,-1.89272,15.9113,-5.83491,22.5751,71.8418,-6.25698,-22.2481,65.547
-0.731875,5.6735,25.6041,-2.43654,-1.30739,14.8569,-6.56816,21.4442,71.7097,-7.35735,-21.1936,65.6257
-1.40167,5.60671,24.337,-3.29207,-0.579243,13.4361,-7.44986,19.8653,71.5105,-8.69903,-19.6787,65.6351
-1.99866,5.56211,23.2485,-3.61353,-0.206498,12.6942,-8.31254,18.2226,71.4629,-10.0104,-18.1146,65.7124
-2.49338,5.46734,22.1564,-3.7158,0.119923,11.9033,-9.10594,16.3868,71.4414,-11.263,-16.5157,65.7626
-2.87144,5.42641,21.2421,-3.50631,0.29195,11.1774,-9.8017,14.4715,71.2796,-12.4743,-14.788,65.8491
-3.14508,5.40232,20.5765,-3.15918,0.176507,11.019,-10.4243,12.5265,71.0254,-13.6602,-13.0044,65.9897
-3.54725,6.07623,20.9504,-2.13863,0.373709,6.88178,-11.185,10.8554,70.3975,-15.1414,-10.7088,66.4619
-3.66686,5.86207,20.8021,-2.09586,0.243992,8.06653,-11.6732,8.88887,69.9959,-16.3176,-9.10801,66.8213
-3.93861,5.88458,20.2686,-2.29312,0.25202,7.93238,-12.48,6.52244,69.3523,-17.9198,-6.74082,67.0364
-3.4783,5.57832,20.1678,-2.53678,0.198773,9.37632,-12.2954,4.51992,68.9709,-18.3353,-5.75268,67.3826
-3.19835,5.71698,20.2475,-2.39831,0.230947,8.82245,-12.3857,2.30024,68.3318,-19.1018,-3.98109,67.6031
-2.92505,5.98749,20.7054,-2.04855,0.255601,7.98525,-12.41,0.179338,67.4549,-19.8355,-2.12436,67.7653
-2.45643,5.94055,20.9367,-2.22175,0.117604,9.67106,-12.1722,-2.11501,66.6133,-20.2448,-0.57773,67.7098
-1.97087,6.0662,21.3566,-2.54883,0.104543,11.1027,-11.7895,-4.52235,65.6652,-20.4603,0.955501,67.4087
-1.4991,6.44512,22.4094,-2.38292,0.0655972,11.6029,-11.2987,-6.74726,64.5218,-20.5705,2.58565,67.0272
-1.17348,6.82615,23.5203,-2.17224,0.00629574,12.0078,-10.9708,-8.48266,63.4464,-20.7165,3.94753,66.5453
-0.513253,7.3417,25.4642,-1.77253,-0.246669,13.0761,-9.90027,-11.1128,61.7901,-20.2955,5.70314,65.7193
0.122386,7.80739,27.1137,-1.34115,-0.515607,14.2813,-8.93573,-13.3521,60.1792,-19.8358,7.29331,64.7705
0.841686,8.34708,28.8229,-0.810172,-0.846209,15.7482,-7.80962,-15.2583,58.4855,-19.1897,8.95069,63.6993
1.59317,8.85311,30.6902,-0.235184,-1.35342,17.624,-6.53174,-16.9105,56.7742,-18.3534,10.5467,62.4705
2.35703,9.28141,32.6294,0.390803,-1.99192,19.6636,-5.14809,-18.4733,55.0822,-17.3338,11.8781,61.0359
3.11883,9.71994,34.647,1.04742,-2.74638,21.907,-3.68651,-19.7824,53.4297,-16.1392,13.0462,59.4346
3.88825,10.1482,36.6658,1.74036,-3.5725,24.2139,-2.18327,-20.8513,51.8387,-14.782,14.1023,57.6398
4.57774,10.6078,38.8786,2.38246,-4.51907,26.7723,-0.697562,-21.4891,50.3903,-13.2951,14.9382,55.7841
5.1711,11.0345,41.1617,2.83625,-5.54419,29.53,0.714342,-21.8218,48.9778,-11.7533,15.6911,53.7755
5.66879,11.4451,43.5252,3.1785,-6.63467,32.4204,2.02096,-21.761,47.7113,-10.1515,16.1918,51.763
6.1821,11.904,45.7436,3.67523,-7.52719,34.9993,3.26353,-21.5753,46.4557,-8.46922,16.5648,49.7722
6.65215,12.367,47.8823,4.19878,-8.35508,37.4904,4.60159,-21.7417,44.751,-6.76641,16.7791,47.8368
7.06354,12.7867,49.9223,4.70647,-9.1735,39.9072,5.95703,-21.987,42.6813,-5.06789,16.8174,45.9435
7.3843,13.0718,51.8139,5.21803,-9.99869,42.1449,6.55079,-20.7698,41.7604,-3.39414,16.5851,44.0607
7.63424,13.3067,53.597,5.67567,-10.8582,44.3533,6.70953,-19.1624,41.3585,-1.74547,16.2124,42.2858
8.05802,13.5415,55.4582,6.28579,-11.7858,46.8494,6.97296,-17.7162,40.5983,0.182329,15.6903,40.4125
7.9966,13.7863,56.5631,6.40312,-12.3374,48.3983,6.93029,-16.9535,40.0228,1.18051,15.3701,39.2416
8.05992,13.9999,57.763,6.65207,-12.9644,50.159,6.88347,-16.0857,39.3636,2.32934,14.7686,38.0627
11.7766,-3.12111,86.2352,14.7215,-4.74854,86.3487,12.3709,1.48302,53.4213,14.2959,-5.21052,53.5118
10.3051,-3.15095,94.6021,13.5034,-4.6726,94.589,11.3216,2.31041,61.6142,13.2652,-5.77446,61.7436
8.33741,-2.78947,94.8106,11.5856,-4.52548,94.6322,9.71205,2.50235,63.3118,11.5049,-5.53353,63.4511
6.89627,-2.52824,96.7659,10.232,-4.42467,96.3766,8.44379,2.86082,66.1806,10.2847,-5.41384,66.0461
5.64199,-2.2475,102.158,9.19644,-4.39697,101.254,7.47392,3.45495,71.2801,9.46008,-5.3705,70.5279
4.67749,-1.92134,104.469,8.25271,-4.44088,103.35,6.73877,3.75827,72.9147,8.71147,-5.30412,71.9074
3.58144,-1.35517,103.977,7.03194,-4.63699,102.801,5.79304,4.19286,72.2682,7.633,-5.51144,71.263
3.22956,-1.35454,108.295,6.73521,-4.59199,107.034,5.57348,4.2466,75.2891,7.50512,-5.40413,74.0643
5.99747,5.35807,27.454,5.30796,-6.55769,21.6601,0.476767,26.5899,71.4318,1.4998,-26.9308,66.0144
2.95706,6.78912,39.6874,2.85286,-8.34902,33.1944,0.234931,26.48,70.3836,0.766731,-26.9109,65.9031
3.23165,6.07319,33.1272,2.62831,-6.57007,26.5509,-1.05034,26.4486,71.5097,-0.407002,-26.5337,66.0814
2.55585,5.97611,31.143,1.81042,-5.38811,23.2804,-2.248,25.9284,71.862,-1.76518,-25.837,66.1093
1.69611,5.89914,29.7883,0.755208,-4.33036,21.051,-3.3962,25.1442,71.981,-3.1421,-24.9389,65.9867
0.694625,5.77017,27.8371,-0.539661,-2.9418,18.1049,-4.74897,23.8447,71.9434,-4.81947,-23.5315,65.6885
-0.130375,5.68956,26.3678,-1.62152,-1.89422,15.913,-5.83472,22.5792,71.8476,-6.25655,-22.2498,65.5514
-0.731556,5.67361,25.6059,-2.4355,-1.30925,14.859,-6.56773,21.4473,71.7139,-7.35677,-21.1952,65.6295
-1.40131,5.60641,24.3377,-3.29079,-0.581684,13.4389,-7.44914,19.8674,71.5132,-8.69828,-19.6802,65.6382
-1.99823,5.56138,23.2482,-3.61201,-0.209579,12.698,-8.31149,18.2237,71.4641,-10.0095,-18.116,65.7149
-2.49288,5.46618,22.1551,-3.71402,0.116215,11.9079,-9.10452,16.3869,71.4411,-11.2619,-16.517,65.7644
-2.87085,5.42483,21.2399,-3.50423,0.287616,11.1829,-9.7999,14.4707,71.2777,-12.473,-14.7893,65.8502
-3.14439,5.40025,20.5733,-3.15657,0.171181,11.0259,-10.4221,12.5247,71.022,-13.6587,-13.0058,65.9901
-3.54644,6.07403,20.9461,-2.13573,0.368594,6.88714,-11.1824,10.8528,70.3925,-15.1396,-10.71,66.4616
-3.66593,5.85911,20.7968,-2.09268,0.236205,8.07826,-11.67,8.88528,69.9893,-16.3156,-9.1096,66.8202
-3.93761,5.88135,20.2628,-2.28981,0.244817,7.94067,-12.4763,6.51795,69.3441,-17.9176,-6.7426,67.0346
-3.47725,5.57468,20.1612,-2.53294,0.191282,9.38334,-12.2912,4.51445,68.9611,-18.3329,-5.75471,67.3801
-3.19723,5.71312,20.2401,-2.3945,0.224678,8.82575,-12.3809,2.29377,68.3202,-19.0992,-3.98336,67.5998
-2.92383,5.98327,20.6971,-2.04516,0.2497,7.98813,-12.4046,0.171805,67.4416,-19.8327,-2.12705,67.7612
-2.4551,5.93574,20.9274,-2.21865,0.111196,9.67472,-12.1662,-2.12367,66.5983,-20.2418,-0.581044,67.705
-1.96941,6.06094,21.3466,-2.5459,0.0990254,11.104,-11.7829,-4.53224,65.6485,-20.4571,0.95156,67.4032
-1.49746,6.43939,22.3985,-2.38018,0.0607813,11.6029,-11.2914,-6.75851,64.5031,-20.567,2.58098,67.021
-1.17161,6.81988,23.5084,-2.1697,0.00172199,12.0074,-10.9628,-8.49547,63.4258,-20.7126,3.94202,66.5385
-0.511094,7.33482,25.4513,-1.77007,-0.251097,13.0752,-9.89163,-11.1272,61.7673,-20.2913,5.69662,65.7119
0.12489,7.79989,27.0999,-1.33863,-0.51983,14.2796,-8.92638,-13.3685,60.1542,-19.8312,7.28569,64.7626
0.844615,8.3389,28.8081,-0.807521,-0.85033,15.746,-7.79955,-15.2767,58.4581,-19.1847,8.94185,63.6909
1.59661,8.84421,30.6743,-0.232304,-1.35755,17.6214,-6.52092,-16.9315,56.7442,-18.3481,10.5364,62.4617
2.36104,9.27177,32.6125,0.39401,-1.99614,19.6606,-5.13644,-18.4973,55.0491,-17.3279,11.8663,61.0268
3.12348,9.70954,34.6293,1.05106,-2.75079,21.9037,-3.67393,-19.81,53.3933,-16.1327,13.0328,59.4254
3.89357,10.1371,36.6473,1.74455,-3.57714,24.2102,-2.16961,-20.8832,51.7983,-14.7748,14.087,57.6305
4.58375,10.5959,38.8594,2.38734,-4.524,26.7684,-0.682519,-21.5265,50.3451,-13.2871,14.9208,55.7748
5.17781,11.022,41.142,2.84195,-5.54948,29.5259,0.732308,-21.8698,48.923,-11.7445,15.6714,53.7665
5.67623,11.4321,43.5054,3.18521,-6.64049,32.4163,2.04555,-21.8309,47.6364,-10.1419,16.1694,51.755
6.18832,11.8872,45.7239,3.68403,-7.53502,34.9936,3.26617,-21.5963,46.4288,-8.45676,16.5366,49.7605
6.64737,12.3273,47.8611,4.21508,-8.37146,37.4742,4.37825,-21.2521,45.2142,-6.74084,16.7275,47.7953
7.04567,12.7156,49.8955,4.73376,-9.2009,39.8773,5.38929,-20.8076,43.8201,-5.0255,16.7356,45.8655
7.37717,13.0123,51.782,5.24404,-10.0243,42.1237,6.0681,-19.902,42.6189,-3.35935,16.5169,44.0068
7.63946,13.2704,53.5661,5.69378,-10.8768,44.3445,6.55621,-18.9013,41.5585,-1.72608,16.1649,42.2646
8.06835,13.5165,55.4292,6.29879,-11.7999,46.8455,6.99954,-17.7487,40.4984,0.192904,15.6547,40.4046
8.00864,13.7643,56.5343,6.41426,-12.3496,48.3951,6.97873,-17.0323,39.9099,1.18832,15.3417,39.2353
8.07232,13.9788,57.7348,6.66257,-12.9756,50.1555,6.91609,-16.1449,39.2879,2.33654,14.7461,38.0547
11.792,-3.14463,86.2062,14.7346,-4.76115,86.3444,12.3915,1.44493,53.3651,14.3039,-5.22757,53.5032
10.3199,-3.17154,94.5754,13.5154,-4.68362,94.5849,11.3337,2.29012,61.5729,13.2729,-5.78721,61.7349
8.35111,-2.80643,94.7861,11.5964,-4.53427,94.6281,9.72415,2.48783,63.272,11.511,-5.54317,63.4441
6.90912,-2.5416,96.7435,10.2418,-4.43125,96.3725,8.45443,2.85246,66.1451,10.2898,-5.42036,66.0401
5.65422,-2.25713,102.137,9.20542,-4.40126,101.25,7.48283,3.45329,71.2491,9.46415,-5.37391,70.5228
4.68908,-1.92736,104.45,8.26084,-4.44277,103.346,6.7462,3.76145,72.8875,8.71461,-5.30478,71.9032
3.59242,-1.35784,103.959,7.03931,-4.63659,102.796,5.79909,4.19968,72.2451,7.63536,-5.50967,71.2598
3.24071,-1.35417,108.277,6.74177,-4.58927,107.029,5.57966,4.25691,75.2671,7.5064,-5.4011,74.0625
5.9976,5.35838,27.455,5.30816,-6.55787,21.6603,0.476816,26.5913,71.434,1.4999,-26.9313,66.0158
2.95719,6.78939,39.6884,2.85301,-8.34919,33.1948,0.234963,26.4812,70.3856,0.766817,-26.9113,65.9043
3.23178,6.0734,33.128,2.62845,-6.57025,26.5513,-1.05031,26.4497,71.5114,-0.406917,-26.5341,66.0825
2.55595,5.97628,31.1437,1.81057,-5.3883,23.2808,-2.24797,25.9293,71.8634,-1.7651,-25.8374,66.1103
1.6962,5.89926,29.7889,0.755356,-4.33056,21.0513,-3.39616,25.1449,71.9821,-3.14201,-24.9393,65.9875
0.694711,5.77024,27.8376,-0.539506,-2.94203,18.1052,-4.74891,23.8453,71.9444,-4.81937,-23.5318,65.6893
-0.13029,5.68957,26.3681,-1.62136,-1.89448,15.9134,-5.83464,22.5797,71.8483,-6.25643,-22.2501,65.5521
-0.731466,5.67356,25.606,-2.43533,-1.30955,14.8594,-6.56762,21.4476,71.7144,-7.35664,-21.1955,65.6301
-1.40121,5.60631,24.3377,-3.29059,-0.58204,13.4393,-7.44899,19.8675,71.5135,-8.69813,-19.6805,65.6387
-1.99813,5.56122,23.2481,-3.61178,-0.210006,12.6985,-8.3113,18.2237,71.4642,-10.0093,-18.1163,65.7153
-2.49277,5.46595,22.1548,-3.71375,0.11572,11.9085,-9.10428,16.3868,71.441,-11.2617,-16.5173,65.7647
-2.87072,5.42454,21.2396,-3.50392,0.287076,11.1836,-9.7996,14.4704,71.2774,-12.4728,-14.7896,65.8504
-3.14424,5.3999,20.5728,-3.15621,0.170626,11.0266,-10.4217,12.5244,71.0214,-13.6584,-13.0061,65.9902
-3.54627,6.07365,20.9455,-2.1353,0.368149,6.88754,-11.1819,10.8522,70.3917,-15.1393,-10.7103,66.4615
-3.66575,5.85864,20.7961,-2.09216,0.235518,8.07932,-11.6695,8.8846,69.9883,-16.3153,-9.10997,66.82
-3.9374,5.88084,20.262,-2.28933,0.244153,7.94142,-12.4758,6.51714,69.3428,-17.9172,-6.743,67.0343
-3.47702,5.57411,20.1602,-2.53244,0.190539,9.38394,-12.2906,4.51349,68.9596,-18.3325,-5.75516,67.3797
-3.19698,5.71253,20.239,-2.39405,0.22404,8.82589,-12.3802,2.29266,68.3185,-19.0988,-3.98386,67.5993
-2.92355,5.98262,20.6958,-2.04475,0.24907,7.98822,-12.4038,0.170524,67.4396,-19.8322,-2.12762,67.7606
-2.45479,5.935,20.926,-2.21826,0.110444,9.67497,-12.1653,-2.12514,66.5961,-20.2412,-0.581711,67.7043
-1.96907,6.06012,21.345,-2.54556,0.0982816,11.1042,-11.7819,-4.5339,65.646,-20.4565,0.950787,67.4024
-1.49709,6.43848,22.3968,-2.37985,0.0600677,11.6029,-11.2903,-6.7604,64.5003,-20.5663,2.58009,67.0201
-1.17119,6.81889,23.5065,-2.16938,0.00101634,12.0074,-10.9616,-8.49762,63.4227,-20.7119,3.94099,66.5375
-0.510615,7.33372,25.4492,-1.76975,-0.251809,13.0751,-9.89032,-11.1297,61.7639,-20.2905,5.69543,65.7108
0.125432,7.79869,27.0977,-1.33829,-0.520536,14.2795,-8.92496,-13.3712,60.1504,-19.8304,7.28433,64.7615
0.845235,8.33758,28.8057,-0.807159,-0.851037,15.7458,-7.798,-15.2799,58.4539,-19.1838,8.9403,63.6898
1.59732,8.84278,30.6718,-0.231903,-1.35826,17.6211,-6.51923,-16.9352,56.7395,-18.3471,10.5347,62.4605
2.36185,9.27022,32.6099,0.394462,-1.99688,19.6603,-5.13458,-18.5015,55.0439,-17.3268,11.8643,61.0256
3.1244,9.70787,34.6265,1.05158,-2.75155,21.9033,-3.67185,-19.815,53.3873,-16.1316,13.0305,59.4241
3.89462,10.1353,36.6443,1.74515,-3.57793,24.2098,-2.16725,-20.8891,51.7914,-14.7736,14.0845,57.6293
4.58492,10.594,38.8564,2.38804,-4.52484,26.7679,-0.67975,-21.5337,50.337,-13.2858,14.9179,55.7736
5.17912,11.0201,41.1389,2.84277,-5.55036,29.5254,0.735907,-21.8796,48.9125,-11.7431,15.6681,53.7655
5.67768,11.4301,43.5023,3.18617,-6.64142,32.4159,2.05081,-21.8456,47.6214,-10.1404,16.1658,51.7542
6.18959,11.8846,45.7209,3.68531,-7.53626,34.9929,3.26815,-21.6035,46.4212,-8.45478,16.532,49.7592
6.64697,12.3213,47.8579,4.21752,-8.37399,37.4719,4.34592,-21.1821,45.2808,-6.73687,16.7193,47.7895
7.04283,12.7041,49.8915,4.7381,-9.20531,39.8724,5.29404,-20.6108,44.0097,-5.01852,16.7223,45.8531
7.37565,13.0027,51.7777,5.24812,-10.0282,42.1199,5.98651,-19.7527,42.7655,-3.35366,16.5059,43.9979
7.63996,13.2653,53.5624,5.69632,-10.8793,44.3428,6.53201,-18.861,41.5912,-1.72334,16.1578,42.2618
8.0698,13.5135,55.4258,6.30041,-11.8016,46.8447,7.00718,-17.7611,40.4771,0.19402,15.6497,40.4042
8.01042,13.7618,56.5308,6.41564,-12.351,48.3945,6.99087,-17.0526,39.885,1.18904,15.3378,39.2352
8.07416,13.9761,57.7312,6.664,-12.977,50.1547,6.92371,-16.1583,39.2726,2.3374,14.7431,38.0539
11.7944,-3.14824,86.2023,14.7367,-4.76303,86.3434,12.3948,1.43891,53.3574,14.3051,-5.22991,53.5017
10.3222,-3.17487,94.5717,13.5175,-4.68539,94.584,11.3353,2.28719,61.5678,13.2742,-5.7891,61.7333
8.35335,-2.80931,94.7827,11.5984,-4.53577,94.6272,9.72597,2.48551,63.2667,11.5122,-5.54472,63.4429
6.91132,-2.54403,96.7403,10.2436,-4.4325,96.3716,8.45611,2.85087,66.1404,10.2908,-5.42156,66.039
5.65642,-2.25912,102.134,9.20721,-4.40227,101.249,7.48435,3.45248,71.2449,9.46511,-5.37477,70.5219
4.69128,-1.92891,104.447,8.26257,-4.44351,103.345,6.74758,3.76119,72.8838,8.71548,-5.30533,71.9025
3.5946,-1.35898,103.957,7.04098,-4.63705,102.796,5.80034,4.19984,72.2418,7.63616,-5.50994,71.2592
3.24301,-1.35497,108.275,6.74341,-4.58949,107.028,5.58098,4.25744,75.2639,7.50709,-5.40125,74.0621
5.99761,5.35841,27.4552,5.30819,-6.55789,21.6604,0.476832,26.5914,71.4343,1.49992,-26.9313,66.0159
2.95721,6.78942,39.6885,2.85303,-8.34921,33.1948,0.234976,26.4813,70.3858,0.766834,-26.9114,65.9045
3.23179,6.07342,33.1281,2.62848,-6.57028,26.5513,-1.0503,26.4498,71.5115,-0.4069,-26.5342,66.0827
2.55597,5.97629,31.1438,1.81059,-5.38833,23.2808,-2.24796,25.9294,71.8636,-1.76508,-25.8374,66.1104
1.69621,5.89927,29.7889,0.755377,-4.33059,21.0514,-3.39615,25.145,71.9823,-3.142,-24.9393,65.9876
0.694725,5.77024,27.8376,-0.539485,-2.94206,18.1053,-4.74889,23.8454,71.9445,-4.81935,-23.5319,65.6894
-0.130276,5.68957,26.3681,-1.62134,-1.89451,15.9134,-5.83462,22.5797,71.8484,-6.25641,-22.2502,65.5522
-0.731451,5.67356,25.6061,-2.4353,-1.30959,14.8594,-6.56759,21.4476,71.7145,-7.35662,-21.1956,65.6302
-1.4012,5.6063,24.3377,-3.29057,-0.582079,13.4393,-7.44896,19.8675,71.5136,-8.6981,-19.6805,65.6388
-1.99811,5.5612,23.2481,-3.61176,-0.210051,12.6986,-8.31127,18.2237,71.4642,-10.0093,-18.1163,65.7153
-2.49275,5.46593,22.1548,-3.71372,0.115669,11.9086,-9.10425,16.3868,71.441,-11.2617,-16.5174,65.7647
-2.8707,5.42451,21.2395,-3.50389,0.287021,11.1836,-9.79956,14.4704,71.2774,-12.4727,-14.7897,65.8504
-3.14422,5.39986,20.5727,-3.15617,0.170566,11.0266,-10.4217,12.5243,71.0214,-13.6584,-13.0061,65.9902
-3.54625,6.07361,20.9455,-2.13526,0.368101,6.88759,-11.1819,10.8522,70.3916,-15.1393,-10.7104,66.4615
-3.66572,5.85859,20.796,-2.09211,0.235443,8.07943,-11.6695,8.88451,69.9882,-16.3152,-9.11002,66.82
-3.93737,5.88078,20.2619,-2.28928,0.24408,7.9415,-12.4757,6.51703,69.3427,-17.9172,-6.74307,67.0342
-3.47698,5.57405,20.1601,-2.53239,0.190456,9.384,-12.2905,4.51336,68.9595,-18.3324,-5.75523,67.3796
-3.19694,5.71246,20.2388,-2.39401,0.223967,8.8259,-12.3801,2.29251,68.3183,-19.0987,-3.98393,67.5992
-2.92351,5.98254,20.6957,-2.04471,0.248997,7.98822,-12.4037,0.170358,67.4394,-19.8321,-2.1277,67.7606
-2.45475,5.93491,20.9259,-2.21823,0.11036,9.67499,-12.1652,-2.12533,66.5958,-20.2412,-0.581806,67.7042
-1.96903,6.06003,21.3448,-2.54552,0.0981989,11.1042,-11.7817,-4.53412,65.6457,-20.4564,0.950678,67.4023
-1.49703,6.43838,22.3966,-2.37982,0.059988,11.6029,-11.2902,-6.76064,64.5,-20.5662,2.57997,67.02
-1.17113,6.81878,23.5063,-2.16934,0.000936194,12.0074,-10.9615,-8.49789,63.4223,-20.7118,3.94085,66.5374
-0.510548,7.33359,25.449,-1.76972,-0.251892,13.0751,-9.89015,-11.13,61.7635,-20.2904,5.69527,65.7107
0.125507,7.79854,27.0974,-1.33826,-0.520621,14.2795,-8.92478,-13.3716,60.1499,-19.8303,7.28415,64.7613
0.84532,8.33742,28.8055,-0.807118,-0.851124,15.7458,-7.79781,-15.2803,58.4534,-19.1837,8.94009,63.6896
1.59741,8.8426,30.6715,-0.231857,-1.35835,17.6211,-6.51901,-16.9356,56.7389,-18.3469,10.5344,62.4603
2.36197,9.27003,32.6096,0.394515,-1.99697,19.6602,-5.13434,-18.502,55.0432,-17.3267,11.8641,61.0255
3.12453,9.70767,34.6261,1.05164,-2.75165,21.9033,-3.67158,-19.8156,53.3865,-16.1314,13.0302,59.424
3.89476,10.1351,36.644,1.74522,-3.57803,24.2098,-2.16693,-20.8899,51.7905,-14.7734,14.0841,57.6291
4.58508,10.5938,38.856,2.38812,-4.52494,26.7679,-0.679352,-21.5348,50.3358,-13.2856,14.9176,55.7735
5.1793,11.0198,41.1386,2.84286,-5.55047,29.5254,0.736465,-21.8811,48.911,-11.7429,15.6677,53.7654
5.67789,11.4299,43.5019,3.18628,-6.64153,32.4158,2.05167,-21.8479,47.6191,-10.1402,16.1653,51.7542
6.18977,11.8843,45.7205,3.68546,-7.53641,34.9928,3.2686,-21.6049,46.4198,-8.45453,16.5314,49.7591
6.64694,12.3205,47.8575,4.21781,-8.3743,37.4717,4.342,-21.1736,45.2889,-6.73637,16.7183,47.7888
7.04248,12.7027,49.8911,4.73864,-9.20586,39.8718,5.28211,-20.5862,44.0334,-5.01764,16.7206,45.8515
7.37541,13.0015,51.7772,5.24864,-10.0287,42.1194,5.97534,-19.732,42.7858,-3.3529,16.5044,43.9967
7.63998,13.2647,53.562,5.69663,-10.8796,44.3425,6.5284,-18.855,41.5964,-1.723,16.1569,42.2614
8.06997,13.5132,55.4254,6.30057,-11.8017,46.8446,7.00868,-17.7636,40.4735,0.194107,15.6491,40.4043
8.01064,13.7615,56.5305,6.41576,-12.3511,48.3944,6.99326,-17.0566,39.8805,1.18908,15.3374,39.2353
8.07439,13.9758,57.7308,6.66415,-12.9771,50.1546,6.92508,-16.1607,39.2701,2.33748,14.7428,38.0539
11.7947,-3.14867,86.2018,14.737,-4.76326,86.3433,12.3952,1.43816,53.3565,14.3053,-5.23018,53.5015
10.3225,-3.17529,94.5712,13.5178,-4.68562,94.5839,11.3354,2.28688,61.5674,13.2744,-5.78932,61.7331
8.35364,-2.80967,94.7823,11.5986,-4.53598,94.627,9.72618,2.48524,63.2661,11.5124,-5.54491,63.4427
6.91161,-2.54436,96.7399,10.2439,-4.43267,96.3715,8.45631,2.85068,66.1399,10.291,-5.42172,66.0389
5.65672,-2.25941,102.134,9.20748,-4.40243,101.249,7.48453,3.45236,71.2444,9.46526,-5.37491,70.5218
4.69159,-1.92915,104.446,8.26284,-4.44364,103.345,6.74775,3.76113,72.8834,8.71562,-5.30543,71.9024
3.59492,-1.35917,103.956,7.04125,-4.63715,102.795,5.8005,4.19982,72.2414,7.6363,-5.51001,71.2591
3.24334,-1.35513,108.274,6.74369,-4.58957,107.028,5.58115,4.25746,75.2636,7.50723,-5.40131,74.0621
5.99761,5.35841,27.4552,5.30819,-6.55789,21.6604,0.476832,26.5914,71.4343,1.49992,-26.9313,66.0159
2.95721,6.78942,39.6885,2.85303,-8.34921,33.1948,0.234976,26.4813,70.3858,0.766834,-26.9114,65.9045
3.23179,6.07342,33.1281,2.62848,-6.57028,26.5513,-1.0503,26.4498,71.5115,-0.4069,-26.5342,66.0827
2.55597,5.97629,31.1438,1.81059,-5.38833,23.2808,-2.24796,25.9294,71.8636,-1.76508,-25.8374,66.1104
1.69621,5.89927,29.7889,0.755377,-4.33059,21.0514,-3.39615,25.145,71.9823,-3.142,-24.9393,65.9876
0.694725,5.77024,27.8376,-0.539485,-2.94206,18.1053,-4.74889,23.8454,71.9445,-4.81935,-23.5319,65.6894
-0.130276,5.68957,26.3681,-1.62134,-1.89451,15.9134,-5.83462,22.5797,71.8484,-6.25641,-22.2502,65.5522
-0.731451,5.67356,25.6061,-2.4353,-1.30959,14.8594,-6.56759,21.4476,71.7145,-7.35662,-21.1956,65.6302
-1.4012,5.6063,24.3377,-3.29057,-0.582079,13.4393,-7.44896,19.8675,71.5136,-8.6981,-19.6805,65.6388
-1.99811,5.5612,23.2481,-3.61176,-0.210051,12.6986,-8.31127,18.2237,71.4642,-10.0093,-18.1163,65.7153
-2.49275,5.46593,22.1548,-3.71372,0.115669,11.9086,-9.10425,16.3868,71.441,-11.2617,-16.5174,65.7647
-2.8707,5.42451,21.2395,-3.50389,0.287021,11.1836,-9.79956,14.4704,71.2774,-12.4727,-14.7897,65.8504
-3.14422,5.39986,20.5727,-3.15617,0.170566,11.0266,-10.4217,12.5243,71.0214,-13.6584,-13.0061,65.9902
-3.54625,6.07361,20.9455,-2.13526,0.368101,6.88759,-11.1819,10.8522,70.3916,-15.1393,-10.7104,66.4615
-3.66572,5.85859,20.796,-2.09211,0.235443,8.07943,-11.6695,8.88451,69.9882,-16.3152,-9.11002,66.82
-3.93737,5.88078,20.2619,-2.28928,0.24408,7.9415,-12.4757,6.51703,69.3427,-17.9172,-6.74307,67.0342
-3.47698,5.57405,20.1601,-2.53239,0.190456,9.384,-12.2905,4.51336,68.9595,-18.3324,-5.75523,67.3796
-3.19694,5.71246,20.2388,-2.39401,0.223967,8.8259,-12.3801,2.29251,68.3183,-19.0987,-3.98393,67.5992
-2.92351,5.98254,20.6957,-2.04471,0.248997,7.98822,-12.4037,0.170358,67.4394,-19.8321,-2.1277,67.7606
-2.45475,5.93491,20.9259,-2.21823,0.11036,9.67499,-12.1652,-2.12533,66.5958,-20.2412,-0.581806,67.7042
-1.96903,6.06003,21.3448,-2.54552,0.0981989,11.1042,-11.7817,-4.53412,65.6457,-20.4564,0.950678,67.4023
-1.49703,6.43838,22.3966,-2.37982,0.059988,11.6029,-11.2902,-6.76064,64.5,-20.5662,2.57997,67.02
-1.17113,6.81878,23.5063,-2.16934,0.000936194,12.0074,-10.9615,-8.49789,63.4223,-20.7118,3.94085,66.5374
-0.510548,7.33359,25.449,-1.76972,-0.251892,13.0751,-9.89015,-11.13,61.7635,-20.2904,5.69527,65.7107
0.125507,7.79854,27.0974,-1.33826,-0.520621,14.2795,-8.92478,-13.3716,60.1499,-19.8303,7.28415,64.7613
0.84532,8.33742,28.8055,-0.807118,-0.851124,15.7458,-7.79781,-15.2803,58.4534,-19.1837,8.94009,63.6896
1.59741,8.8426,30.6715,-0.231857,-1.35835,17.6211,-6.51901,-16.9356,56.7389,-18.3469,10.5344,62.4603
2.36197,9.27003,32.6096,0.394515,-1.99697,19.6602,-5.13434,-18.502,55.0432,-17.3267,11.8641,61.0255
3.12453,9.70767,34.6261,1.05164,-2.75165,21.9033,-3.67158,-19.8156,53.3865,-16.1314,13.0302,59.424
3.89476,10.1351,36.644,1.74522,-3.57803,24.2098,-2.16693,-20.8899,51.7905,-14.7734,14.0841,57.6291
4.58508,10.5938,38.856,2.38812,-4.52494,26.7679,-0.679352,-21.5348,50.3358,-13.2856,14.9176,55.7735
5.1793,11.0198,41.1386,2.84286,-5.55047,29.5254,0.736465,-21.8811,48.911,-11.7429,15.6677,53.7654
5.67789,11.4299,43.5019,3.18628,-6.64153,32.4158,2.05167,-21.8479,47.6191,-10.1402,16.1653,51.7542
6.18977,11.8843,45.7205,3.68546,-7.53641,34.9928,3.2686,-21.6049,46.4198,-8.45453,16.5314,49.7591
6.64694,12.3205,47.8575,4.21781,-8.3743,37.4717,4.342,-21.1736,45.2889,-6.73637,16.7183,47.7888
7.04248,12.7027,49.8911,4.73864,-9.20586,39.8718,5.28211,-20.5862,44.0334,-5.01764,16.7206,45.8515
7.37541,13.0015,51.7772,5.24864,-10.0287,42.1194,5.97534,-19.732,42.7858,-3.3529,16.5044,43.9967
7.63998,13.2647,53.562,5.69663,-10.8796,44.3425,6.5284,-18.855,41.5964,-1.723,16.1569,42.2614
8.06997,13.5132,55.4254,6.30057,-11.8017,46.8446,7.00868,-17.7636,40.4735,0.194107,15.6491,40.4043
8.01064,13.7615,56.5305,6.41576,-12.3511,48.3944,6.99326,-17.0566,39.8805,1.18908,15.3374,39.2353
8.07439,13.9758,57.7308,6.66415,-12.9771,50.1546,6.92508,-16.1607,39.2701,2.33748,14.7428,38.0539
11.7947,-3.14867,86.2018,14.737,-4.76326,86.3433,12.3952,1.43816,53.3565,14.3053,-5.23018,53.5015
10.3225,-3.17529,94.5712,13.5178,-4.68562,94.5839,11.3354,2.28688,61.5674,13.2744,-5.78932,61.7331
8.35364,-2.80967,94.7823,11.5986,-4.53598,94.627,9.72618,2.48524,63.2661,11.5124,-5.54491,63.4427
6.91161,-2.54436,96.7399,10.2439,-4.43267,96.3715,8.45631,2.85068,66.1399,10.291,-5.42172,66.0389
5.65672,-2.25941,102.134,9.20748,-4.40243,101.249,7.48453,3.45236,71.2444,9.46526,-5.37491,70.5218
4.69159,-1.92915,104.446,8.26284,-4.44364,103.345,6.74775,3.76113,72.8834,8.71562,-5.30543,71.9024
3.59492,-1.35917,103.956,7.04125,-4.63715,102.795,5.8005,4.19982,72.2414,7.6363,-5.51001,71.2591
3.24334,-1.35513,108.274,6.74369,-4.58957,107.028,5.58115,4.25746,75.2636,7.50723,-5.40131,74.0621
