-17.2999,5.52413,52.6817,-16.9551,-6.48562,52.711,-0.0023055,0.00885807,0.448775,-0.00172524,-0.00866833,0.449138
-32.936,11.4077,95.5342,-32.2458,-13.2344,95.6199,-0.51365,1.262,5.40672,-0.443656,-1.27091,5.44574
-48.8483,30.3741,180.743,-47.0805,-33.0297,180.947,-21.5763,15.9264,87.7518,-20.6834,-17.047,87.983
-30.3242,28.7614,157.839,-28.6518,-30.3762,157.938,-35.7238,29.6044,154.067,-33.9989,-31.5315,154.179
-22.5894,27.0944,143.664,-20.9985,-28.3146,143.652,-55.6929,53.8251,240.913,-52.5234,-56.8835,240.888
-17.763,23.9047,124.514,-16.3586,-24.874,124.485,-52.5845,51.4807,222.512,-49.5505,-54.3787,222.469
-16.3696,21.8705,114.728,-15.0859,-22.7652,114.708,-46.8321,45.0779,194.807,-44.1759,-47.6588,194.776
-15.6467,20.5818,109.095,-14.4398,-21.4362,109.084,-41.8144,39.7859,173.761,-39.471,-42.0886,173.741
-14.5724,18.6703,100.149,-13.4782,-19.4642,100.147,-35.2996,32.9928,146.885,-33.3572,-34.9343,146.877
-13.9508,17.1914,93.5345,-12.944,-17.9494,93.5417,-29.7188,27.396,125.122,-28.1073,-29.0276,125.124
-13.4096,15.9641,88.0943,-12.4751,-16.6911,88.108,-24.9334,22.7949,107.445,-23.5942,-24.1609,107.456
-13.093,15.0045,83.8935,-12.215,-15.7138,83.9127,-20.8982,19.0187,92.9871,-19.7827,-20.1613,93.0048
-13.0812,14.4273,81.2973,-12.2369,-15.1348,81.3207,-17.6754,16.1728,81.8977,-16.7287,-17.1356,81.9208
-12.9606,13.9923,79.2819,-12.1426,-14.6933,79.3098,-15.1004,14.0526,73.656,-14.2804,-14.8721,73.6842
-12.8554,13.6656,77.7544,-12.0574,-14.361,77.7862,-13.1499,12.5065,67.608,-12.4228,-13.2181,67.6409
-12.5821,13.3397,75.9994,-11.804,-14.0201,76.0337,-11.5663,11.3439,62.7546,-10.9092,-11.968,62.7907
-12.7991,13.321,76.0813,-12.0226,-14.0138,76.1183,-10.9542,10.9032,61.0589,-10.3245,-11.4937,61.0986
-12.8326,13.2605,75.749,-12.0602,-13.9556,75.7877,-10.5407,10.6641,59.9133,-9.92608,-11.2322,59.9552
-12.9426,13.293,75.8898,-12.1689,-13.9954,75.9299,-10.5128,10.7606,60.0928,-9.8935,-11.3278,60.1363
-13.008,13.2658,75.6823,-12.236,-13.9724,75.7226,-10.6958,10.9304,60.4791,-10.0668,-11.5081,60.5229
-13.0943,13.29,75.7773,-12.3208,-14.0015,75.8174,-10.9883,11.1847,61.3164,-10.3444,-11.7788,61.36
-13.2059,13.3269,75.9322,-12.4297,-14.0443,75.9707,-11.4391,11.5489,62.5656,-10.7733,-12.1678,62.6079
-13.2841,13.3824,76.1547,-12.5044,-14.1039,76.1921,-11.8305,11.8785,63.739,-11.145,-12.5188,63.7802
-13.2774,13.4235,76.2975,-12.4952,-14.1446,76.3343,-12.1004,12.1207,64.6634,-11.4004,-12.7759,64.7038
-19.5365,7.81438,61.6294,-19.1642,-9.2302,62.2936,0.0126404,0.0157277,0.466701,0.0146187,-0.0167682,0.469372
-4.37725,1.42934,15.468,-4.30393,-2.03687,15.7139,-1.28346,3.50942,11.3567,-1.2392,-4.5302,12.3812
-17.6183,20.2601,96.0475,-16.3562,-21.6856,96.068,-14.369,10.0974,65.154,-13.7021,-11.6148,65.2477
-5.16196,21.8666,99.3517,-3.80474,-22.3696,99.1483,1.2676,10.4447,49.4162,1.93908,-10.6657,49.2659
2.44931,19.3409,87.5268,3.60255,-19.3483,87.3969,-21.3778,37.6496,146.166,-19.1058,-39.0411,145.991
4.31058,16.8892,76.3389,5.26665,-16.7806,76.3603,-22.6217,38.0049,145.602,-20.3779,-39.4414,145.564
5.00312,14.9026,67.2313,5.80297,-14.7184,67.3639,-18.1471,32.5146,123.653,-16.272,-33.6458,123.717
5.30153,13.4685,60.7242,5.99187,-13.2017,60.9173,-14.3784,27.7724,105.472,-12.8154,-28.6061,105.592
5.36529,11.9742,54.4041,5.95978,-11.6356,54.6117,-9.80958,22.2045,85.3254,-8.59058,-22.6984,85.4616
5.1721,10.7997,49.5902,5.70297,-10.4094,49.7771,-6.12009,17.6033,68.9775,-5.17228,-17.8211,69.0993
5.0411,9.83632,45.7087,5.52902,-9.40387,45.8554,-3.06226,13.8646,55.9882,-2.3245,-13.8611,56.078
4.77788,9.10773,42.8441,5.2415,-8.65701,42.9408,-0.555842,10.7918,45.5,0.0172418,-10.6186,45.5494
4.22702,8.73626,41.4694,4.68857,-8.29505,41.5138,1.27132,8.49926,37.8095,1.728,-8.20707,37.8147
3.88921,8.44892,40.4429,4.35076,-8.01442,40.443,2.63528,6.81285,32.3796,3.0091,-6.4322,32.3442
3.64393,8.22603,39.6552,4.10609,-7.79963,39.6194,3.58191,5.60218,28.5473,3.8981,-5.16032,28.4764
3.42265,8.07913,39.1601,3.88694,-7.66517,39.0966,4.14489,4.82997,26.0957,4.42664,-4.35189,25.9947
3.2086,7.99404,38.9107,3.67663,-7.59806,38.8254,4.38609,4.41594,24.7731,4.65294,-3.9248,24.646
3.0045,7.95239,38.8297,3.47624,-7.57836,38.7293,4.36854,4.27762,24.3303,4.63518,-3.79115,24.1812
2.80939,7.94201,38.8647,3.28475,-7.5951,38.7541,4.09819,4.38159,24.6767,4.37784,-3.91926,24.5093
2.61493,7.94269,38.9667,3.09348,-7.62838,38.8491,3.69599,4.58957,25.3833,3.99366,-4.16464,25.2004
2.42646,7.93691,39.0748,2.90785,-7.6642,38.9505,3.29987,4.78179,26.0507,3.61453,-4.40241,25.8524
2.24474,7.93103,39.1989,2.73016,-7.71368,39.0655,2.81605,5.054,26.983,3.15465,-4.73778,26.7654
2.11484,7.91317,39.3858,2.60531,-7.77179,39.2436,2.42996,5.26564,27.8468,2.79109,-5.02834,27.6117
2.28941,7.77702,39.0091,2.7863,-7.71355,38.8215,2.36335,5.29308,28.0206,2.74944,-5.10593,27.7101
-17.6217,7.47803,60.904,-17.1521,-8.52451,61.0262,0.0556342,0.0174068,0.509256,0.0557908,-0.0121165,0.508034
-2.57093,1.6362,15.1004,-2.46588,-1.82771,15.1503,0.787707,4.4981,17.0873,1.02756,-4.50772,17.0373
-16.528,19.2959,93.3434,-15.3712,-20.2204,93.3946,-13.311,10.2369,63.4268,-12.7536,-11.1798,63.7414
-5.77819,20.8257,96.0201,-4.5383,-21.0946,96.0025,0.372989,10.7164,48.2154,0.983496,-10.8044,48.3401
1.19633,19.3483,85.9072,2.33151,-19.2198,85.8338,-22.6607,37.2843,146.045,-20.4867,-38.4921,145.978
3.04724,17.287,76.022,4.03188,-17.0833,75.995,-23.6942,37.5055,145.441,-21.5319,-38.7185,145.372
3.79355,15.4276,67.731,4.64528,-15.1975,67.7545,-18.9054,31.955,123.15,-17.0873,-32.8764,123.103
4.10951,14.0431,61.7648,4.86414,-13.7981,61.8219,-14.8596,27.1375,104.638,-13.3347,-27.8128,104.606
4.20418,12.5452,55.7973,4.86546,-12.293,55.8725,-10.0345,21.5361,84.2455,-8.83952,-21.943,84.2295
4.03546,11.3319,51.1471,4.62759,-11.0817,51.2267,-6.14905,16.9204,67.7142,-5.22068,-17.1209,67.7102
3.92948,10.3236,47.3087,4.46953,-10.07,47.383,-2.95373,13.178,54.6007,-2.23763,-13.2161,54.6052
3.69777,9.54254,44.3993,4.20216,-9.2922,44.4623,-0.350988,10.1217,44.0408,0.194662,-10.0342,44.0512
3.17999,9.11028,42.9111,3.66976,-8.87704,42.9596,1.53927,7.86501,36.3249,1.96129,-7.68861,36.338
2.88245,8.77528,41.7414,3.36102,-8.54815,41.7781,2.93096,6.21132,30.9062,3.2625,-5.96771,30.9204
2.6824,8.51301,40.8004,3.15248,-8.28759,40.8266,3.88622,5.03229,27.1094,4.1536,-4.7414,27.1229
2.50968,8.3329,40.1479,2.97488,-8.1091,40.1644,4.44779,4.28913,24.7081,4.67552,-3.96954,24.7191
2.35144,8.21959,39.7333,2.81477,-7.99807,39.7408,4.68151,3.90254,23.4506,4.88988,-3.56995,23.457
2.20435,8.15485,39.4912,2.66805,-7.93646,39.4899,4.65005,3.78784,23.0817,4.85489,-3.45525,23.0814
2.06697,8.12654,39.367,2.53269,-7.91242,39.3571,4.35637,3.9128,23.5119,4.57184,-3.59324,23.5028
1.93318,8.1126,39.3089,2.40166,-7.90277,39.29,3.92259,4.1429,24.3093,4.15521,-3.84304,24.2899
1.80882,8.09589,39.2539,2.27989,-7.8904,39.226,3.49718,4.35937,25.0568,3.74631,-4.07856,25.0264
1.67347,8.08532,39.2428,2.14793,-7.88629,39.2047,2.95665,4.65563,26.1054,3.22672,-4.40116,26.0636
1.49383,8.06753,39.4599,1.97061,-7.88289,39.4138,2.41871,4.8994,27.2485,2.70605,-4.67447,27.1956
1.57132,8.03407,39.2422,2.06328,-7.88009,39.1715,2.60256,4.84135,26.8709,2.90433,-4.57497,26.7897
-17.8378,7.51207,61.3444,-17.349,-8.56782,61.3969,0.0552542,0.0159675,0.510363,0.0561063,-0.011026,0.510171
-2.71412,1.56614,15.0622,-2.60242,-1.84617,15.1042,0.416353,4.32716,17.4995,0.679022,-4.43625,17.6097
-16.5242,19.2012,93.2336,-15.3617,-20.2207,93.2678,-13.4133,10.2092,63.6076,-12.826,-11.2286,63.8531
-5.67146,20.6889,95.5639,-4.44295,-21.0465,95.5782,0.223478,10.7568,48.6003,0.843265,-10.9543,48.7479
1.35757,19.2264,85.2515,2.47247,-19.1625,85.2488,-22.923,37.3317,146.62,-20.759,-38.6432,146.639
3.20776,17.2387,75.5392,4.17203,-17.0262,75.5739,-23.8537,37.5453,145.824,-21.7089,-38.7653,145.821
3.92374,15.4395,67.4508,4.75922,-15.1459,67.5165,-18.9645,31.981,123.344,-17.1652,-32.8372,123.337
4.20243,14.0936,61.6393,4.94574,-13.7546,61.721,-14.8462,27.1442,104.683,-13.339,-27.7147,104.672
4.25093,12.615,55.7964,4.90679,-12.2622,55.8791,-9.97501,21.5216,84.1742,-8.7927,-21.8144,84.1627
4.03535,11.4062,51.2359,4.62761,-11.066,51.309,-6.06829,16.8859,67.5628,-5.14638,-16.9834,67.5498
3.88661,10.3932,47.4581,4.43144,-10.0694,47.5154,-2.86912,13.1269,54.3985,-2.15354,-13.0829,54.3833
3.61848,9.60251,44.5863,4.13102,-9.30517,44.625,-0.272165,10.059,43.8092,0.27773,-9.91257,43.7918
3.07066,9.15881,43.1147,3.5706,-8.90076,43.1351,1.60648,7.79562,36.0814,2.03585,-7.58114,36.0613
2.75261,8.81252,41.9443,3.24206,-8.57917,41.9524,2.98339,6.13948,30.6649,3.32365,-5.87482,30.6438
2.54083,8.54028,40.9908,3.02151,-8.32271,40.9903,3.92471,4.96088,26.8785,4.20088,-4.6616,26.8573
2.36406,8.35159,40.3173,2.83899,-8.14572,40.3103,4.47437,4.21965,24.4934,4.71023,-3.9009,24.4718
2.20851,8.23085,39.8754,2.6804,-8.03422,39.8631,4.6975,3.83598,23.2575,4.91312,-3.5111,23.2347
2.07006,8.15963,39.6011,2.54098,-7.97052,39.5842,4.65581,3.72506,22.9159,4.86692,-3.40542,22.8908
1.94748,8.12551,39.4399,2.41898,-7.94312,39.4187,4.35202,3.85426,23.3789,4.5727,-3.55204,23.3501
1.83244,8.1063,39.3422,2.30536,-7.92934,39.3163,3.90876,4.08863,24.211,4.14528,-3.81014,24.1778
1.73009,8.08456,39.2453,2.20447,-7.91207,39.2139,3.47484,4.30954,24.9947,3.72664,-4.05386,24.9563
1.62398,8.06862,39.1824,2.10084,-7.90091,39.144,2.92251,4.61319,26.0927,3.19542,-4.38672,26.0469
1.48897,8.04351,39.3275,1.9678,-7.8843,39.2828,2.37936,4.87089,27.2865,2.67127,-4.67381,27.2318
1.6281,8.00856,39.0042,2.12059,-7.85479,38.9354,2.60781,4.79459,26.8808,2.90129,-4.53701,26.8154
-17.7326,7.44564,61.1796,-17.2511,-8.49211,61.2403,0.0570607,0.0164037,0.512829,0.0579935,-0.0112251,0.512842
-2.65816,1.56089,14.9989,-2.54685,-1.82766,15.0412,0.406549,4.41573,17.8785,0.659118,-4.51793,18.0366
-16.3803,19.1,93.0161,-15.2265,-20.0986,93.0614,-13.3057,10.2508,63.5244,-12.7171,-11.2487,63.7729
-5.57064,20.6278,95.4121,-4.34639,-20.9676,95.4326,0.296702,10.7935,48.5888,0.918992,-10.9768,48.7404
1.36632,19.2368,85.2149,2.48396,-19.1652,85.2096,-22.935,37.316,146.624,-20.7711,-38.6257,146.646
3.18027,17.2622,75.553,4.14915,-17.0502,75.5815,-23.9002,37.5157,145.814,-21.7549,-38.7417,145.808
3.88076,15.4628,67.4908,4.72102,-15.1759,67.5492,-19.0168,31.9492,123.32,-17.2165,-32.8155,123.308
4.15153,14.1152,61.6944,4.89914,-13.7871,61.769,-14.8962,27.1125,104.65,-13.3877,-27.6949,104.633
4.1994,12.634,55.8574,4.85876,-12.2942,55.9341,-10.014,21.4922,84.1357,-8.83045,-21.7966,84.1169
3.98671,11.4222,51.2969,4.58158,-11.0953,51.3653,-6.09528,16.8597,67.5206,-5.17232,-16.9672,67.5009
3.84211,10.4075,47.5165,4.38877,-10.0961,47.5705,-2.88561,13.1036,54.3539,-2.16938,-13.0674,54.3331
3.57915,9.61496,44.6397,4.09285,-9.32853,44.6765,-0.279638,10.0385,43.7634,0.270469,-9.89763,43.7416
3.0373,9.16845,43.1607,3.53775,-8.91937,43.1804,1.60635,7.77863,36.0355,2.03556,-7.56752,36.0121
2.72439,8.82082,41.9838,3.21388,-8.59454,41.9921,2.98809,6.12467,30.6193,3.32785,-5.86165,30.596
2.51683,8.54789,41.0247,2.99724,-8.33572,41.0251,3.93262,4.94749,26.8335,4.20804,-4.64857,26.8109
2.34339,8.35882,40.3465,2.81787,-8.15691,40.3408,4.48434,4.20721,24.449,4.7193,-3.88792,24.4268
2.19021,8.23794,39.9009,2.66159,-8.04405,39.8902,4.70862,3.82416,23.2141,4.92323,-3.49819,23.1913
2.05318,8.16677,39.6239,2.52363,-7.97941,39.6087,4.66727,3.71365,22.8738,4.8773,-3.39263,22.8492
1.93106,8.13288,39.4611,2.40221,-7.95146,39.4415,4.36304,3.84308,23.3384,4.58259,-3.53944,23.3105
1.81573,8.11397,39.3626,2.28847,-7.93733,39.3382,3.91878,4.07761,24.1722,4.15418,-3.79781,24.1403
1.71259,8.09254,39.2655,2.18701,-7.91979,39.2355,3.48373,4.29868,24.9573,3.73444,-4.04183,24.9206
1.60517,8.07695,39.2031,2.08235,-7.90837,39.1657,2.93044,4.60265,26.0564,3.20225,-4.37516,26.0126
1.46879,8.05182,39.3488,1.94829,-7.89086,39.3049,2.38718,4.86131,27.2505,2.67791,-4.66316,27.1987
1.61012,8.01714,39.0214,2.10392,-7.86096,38.9527,2.61494,4.78199,26.8424,2.90702,-4.52517,26.7808
-17.8003,7.47937,61.2773,-17.3191,-8.53027,61.3462,0.0563488,0.0161508,0.512305,0.0572961,-0.0110796,0.512446
-2.69189,1.56115,15.0316,-2.5818,-1.83745,15.076,0.347196,4.3886,17.8524,0.588174,-4.50859,18.0403
-16.4531,19.1463,93.1146,-15.3,-20.1583,93.1691,-13.3528,10.2206,63.5258,-12.766,-11.223,63.7718
-5.60525,20.6508,95.4476,-4.38262,-21.0006,95.476,0.26385,10.7765,48.597,0.884515,-10.9653,48.7505
1.38455,19.2288,85.1847,2.50097,-19.1591,85.1802,-22.9323,37.3246,146.658,-20.7689,-38.6351,146.678
3.20776,17.2513,75.5172,4.17647,-17.0357,75.544,-23.8768,37.527,145.839,-21.7318,-38.7494,145.831
3.90579,15.454,67.4613,4.74677,-15.1603,67.5169,-18.9886,31.9585,123.335,-17.1884,-32.8195,123.322
4.17323,14.1083,61.6701,4.92209,-13.7715,61.7416,-14.8684,27.1197,104.658,-13.3596,-27.6961,104.64
4.21606,12.6283,55.8386,4.87683,-12.2798,55.9123,-9.99196,21.4973,84.139,-8.80787,-21.7964,84.1198
3.9986,11.4174,51.2825,4.59484,-11.0828,51.3482,-6.07996,16.8629,67.5211,-5.15636,-16.9664,67.5011
3.85038,10.4026,47.5047,4.3982,-10.0852,47.5565,-2.87637,13.1058,54.3536,-2.15945,-13.0669,54.3323
3.58448,9.61013,44.6299,4.09905,-9.31933,44.6649,-0.275635,10.04,43.7633,0.275139,-9.8977,43.7409
3.04009,9.16429,43.1526,3.54114,-8.91232,43.1711,1.60615,7.77931,36.0362,2.0359,-7.5677,36.0124
2.72591,8.81681,41.9759,3.2157,-8.58864,41.9836,2.98518,6.12532,30.6216,3.32534,-5.86229,30.598
2.5179,8.54391,41.0163,2.99836,-8.33043,41.0165,3.92804,4.94844,26.8377,4.20373,-4.6497,26.8149
2.34458,8.35485,40.3372,2.8189,-8.15197,40.3317,4.47879,4.20857,24.4553,4.71389,-3.8895,24.4331
2.19196,8.23397,39.8904,2.66302,-8.03929,39.8802,4.70246,3.82598,23.2226,4.91712,-3.50023,23.2001
2.05584,8.16275,39.6121,2.52585,-7.97472,39.5975,4.66067,3.71598,22.8848,4.87066,-3.39519,22.8606
1.93506,8.12876,39.4476,2.4057,-7.94675,39.4288,4.35617,3.84593,23.352,4.57565,-3.54253,23.3246
1.82122,8.10974,39.3475,2.2934,-7.93261,39.3238,3.91182,4.08091,24.1882,4.14713,-3.80141,24.1568
1.71955,8.08819,39.2487,2.19338,-7.91512,39.2195,3.47671,4.30234,24.9757,3.72734,-4.04594,24.9395
1.61395,8.07242,39.1842,2.09053,-7.90377,39.1476,2.92315,4.60668,26.0776,3.19494,-4.37988,26.0344
1.48,8.04705,39.3268,1.95889,-7.88645,39.2837,2.37978,4.86557,27.2746,2.67055,-4.6685,27.223
1.62288,8.01183,38.9981,2.11607,-7.85657,38.93,2.60981,4.78562,26.8661,2.90186,-4.53036,26.8047
-17.7562,7.45116,61.2197,-17.2698,-8.50039,61.266,0.0569893,0.0163134,0.513013,0.0579313,-0.0112534,0.513045
-2.66877,1.55912,15.0081,-2.55548,-1.82973,15.0441,0.367104,4.41413,17.942,0.618118,-4.53325,18.1061
-16.3978,19.1055,93.0405,-15.2396,-20.1089,93.0731,-13.3153,10.2389,63.5184,-12.7239,-11.2436,63.7554
-5.57038,20.6272,95.4022,-4.34519,-20.97,95.4185,0.288103,10.7914,48.6037,0.911645,-10.979,48.7508
1.38387,19.2338,85.1783,2.49905,-19.1614,85.178,-22.9383,37.3214,146.655,-20.7759,-38.6298,146.679
3.19544,17.2608,75.5252,4.16175,-17.0463,75.5593,-23.8965,37.52,145.831,-21.7532,-38.7417,145.828
3.88969,15.463,67.4761,4.728,-15.1729,67.5385,-19.0104,31.9515,123.325,-17.2119,-32.8125,123.316
4.15533,14.1164,61.6891,4.90156,-13.7848,61.7664,-14.8889,27.1131,104.647,-13.3817,-27.6899,104.631
4.19873,12.6355,55.8592,4.85726,-12.2925,55.9372,-10.0075,21.4914,84.1272,-8.82479,-21.7908,84.109
3.98284,11.4235,51.303,4.57735,-11.0942,51.3715,-6.09024,16.8578,67.509,-5.16767,-16.9614,67.489
3.83635,10.4083,47.5245,4.38298,-10.0954,47.5779,-2.88208,13.1012,54.3413,-2.1659,-13.0621,54.3194
3.57243,9.61526,44.6482,4.08634,-9.32803,44.6837,-0.277511,10.0359,43.751,0.272816,-9.89306,43.7275
3.03025,9.16834,43.1688,3.53111,-8.91913,43.1868,1.60728,7.77588,36.0242,2.03689,-7.56368,35.9988
2.71786,8.82026,41.9902,3.20786,-8.59428,41.9967,2.98817,6.12213,30.6098,3.32842,-5.85859,30.5844
2.5113,8.54696,41.0291,2.99224,-8.33527,41.0275,3.93215,4.94529,26.8261,4.20809,-4.64623,26.8015
2.33907,8.3576,40.3486,2.81409,-8.15625,40.3411,4.48352,4.20539,24.4439,4.719,-3.88622,24.4197
2.18722,8.23651,39.9009,2.65909,-8.04317,39.8884,4.70752,3.82275,23.2113,4.92265,-3.49708,23.1867
2.0515,8.16518,39.6218,2.5224,-7.97833,39.6051,4.66586,3.71268,22.8734,4.87638,-3.39209,22.8472
1.93071,8.1312,39.4571,2.40223,-7.95022,39.4362,4.3613,3.84254,23.3403,4.5813,-3.53943,23.3111
1.81658,8.11223,39.357,2.28961,-7.93599,39.3314,3.91671,4.07748,24.1763,4.1525,-3.79828,24.1433
1.71449,8.09075,39.2584,2.18913,-7.91841,39.2274,3.48133,4.29891,24.9635,3.73239,-4.04276,24.9258
1.60819,8.07511,39.1945,2.08552,-7.90698,39.1563,2.92765,4.60326,26.0647,3.19979,-4.37656,26.0202
1.47324,8.04985,39.3381,1.95283,-7.88945,39.2936,2.38418,4.86229,27.2608,2.67525,-4.66508,27.2083
1.61613,8.015,39.0088,2.10995,-7.85945,38.9396,2.61265,4.78276,26.8537,2.90483,-4.52713,26.7918
-17.7854,7.47044,61.256,-17.307,-8.52013,61.3316,0.0565773,0.0162368,0.512553,0.0575406,-0.0111155,0.512744
-2.68346,1.56061,15.0209,-2.57429,-1.83443,15.068,0.352864,4.40105,17.885,0.590822,-4.51744,18.0843
-16.4313,19.1321,93.0808,-15.2816,-20.1401,93.143,-13.3385,10.2302,63.5182,-12.7525,-11.2265,63.768
-5.58851,20.6419,95.42,-4.36774,-20.9878,95.453,0.272225,10.7846,48.6022,0.892529,-10.9695,48.7589
1.38889,19.2298,85.1727,2.50581,-19.1584,85.1674,-22.9364,37.3247,146.668,-20.7729,-38.6349,146.687
3.20555,17.2542,75.5157,4.17548,-17.039,75.5401,-23.8853,37.5239,145.844,-21.7398,-38.7485,145.834
3.89987,15.4571,67.4667,4.74222,-15.165,67.5196,-18.9974,31.9541,123.335,-17.1964,-32.8185,123.32
4.165,14.1112,61.6799,4.91521,-13.777,61.7486,-14.8762,27.1146,104.655,-13.3667,-27.6949,104.634
4.20694,12.631,55.8505,4.8689,-12.2854,55.9219,-9.99776,21.4922,84.1329,-8.81297,-21.795,84.1117
3.9895,11.4198,51.2949,4.58671,-11.088,51.3588,-6.08365,16.8582,67.5134,-5.15948,-16.9649,67.4918
3.84176,10.405,47.5168,4.39034,-10.0899,47.5673,-2.87828,13.1014,54.3449,-2.16095,-13.0651,54.3224
3.57672,9.61228,44.6409,4.09183,-9.32328,44.6752,-0.276051,10.0362,43.7542,0.274949,-9.89568,43.7311
3.03346,9.16608,43.162,3.53484,-8.91538,43.1803,1.60691,7.77625,36.0272,2.03672,-7.56567,36.003
2.72043,8.81839,41.9837,3.21039,-8.59105,41.9914,2.98666,6.12279,30.613,3.32675,-5.86021,30.5893
2.51351,8.54533,41.0226,2.99399,-8.33233,41.023,3.92996,4.94632,26.8296,4.20549,-4.64759,26.807
2.34114,8.35615,40.3421,2.81539,-8.15348,40.337,4.48096,4.20676,24.4478,4.71584,-3.88741,24.426
2.18932,8.23517,39.8941,2.66025,-8.04051,39.8845,4.70474,3.82442,23.2158,4.91913,-3.4982,23.1937
2.05381,8.16389,39.6149,2.52365,-7.97572,39.601,4.66295,3.71462,22.8786,4.87266,-3.39323,22.8549
1.93342,8.12988,39.4498,2.40388,-7.94761,39.4316,4.35834,3.8447,23.3464,4.57752,-3.54067,23.3196
1.81979,8.11085,39.3492,2.29181,-7.93338,39.3262,3.91377,4.07979,24.1833,4.1488,-3.79966,24.1524
1.71822,8.0893,39.2502,2.19192,-7.91583,39.2216,3.47843,4.30132,24.9713,3.7288,-4.04432,24.9356
1.61261,8.07355,39.1856,2.0891,-7.90442,39.1496,2.9247,4.60575,26.0735,3.19623,-4.37836,26.0308
1.47859,8.04818,39.3281,1.95742,-7.88698,39.2855,2.38121,4.86478,27.2707,2.67174,-4.66711,27.2197
1.62196,8.01304,38.9986,2.11514,-7.85698,38.9309,2.61052,4.78505,26.8636,2.90237,-4.52924,26.8028
-17.7666,7.45518,61.2368,-17.2784,-8.50533,61.2782,0.0568898,0.0162726,0.512934,0.0578269,-0.0112564,0.512948
-2.67384,1.55905,15.0137,-2.55986,-1.83121,15.0475,0.359561,4.40941,17.9374,0.611551,-4.53294,18.0979
-16.4084,19.1106,93.0562,-15.2481,-20.1163,93.0835,-13.3229,10.2345,63.523,-12.7306,-11.2428,63.7565
-5.57435,20.6292,95.4061,-4.34825,-20.9737,95.4197,0.282592,10.7895,48.6097,0.906648,-10.9793,48.7546
1.38802,19.2328,85.1708,2.50269,-19.1606,85.1713,-22.9386,37.3233,146.662,-20.7764,-38.6315,146.687
3.20038,17.2598,75.5179,4.16585,-17.0446,75.5536,-23.8936,37.5224,145.836,-21.7509,-38.7425,145.834
3.89361,15.4625,67.4709,4.7311,-15.171,67.535,-19.0067,31.9536,123.327,-17.2087,-32.8123,123.319
4.15826,14.1161,61.6857,4.90374,-13.783,61.7645,-14.885,27.1147,104.647,-13.3784,-27.6891,104.633
4.20054,12.6353,55.8572,4.85846,-12.2909,55.9364,-10.0043,21.4926,84.1262,-8.82209,-21.7897,84.1089
3.98373,11.4234,51.302,4.57777,-11.0928,51.3714,-6.08793,16.8586,67.5074,-5.16575,-16.9603,67.488
3.83661,10.4081,47.5242,4.3829,-10.0942,47.578,-2.8806,13.1016,54.3396,-2.16469,-13.0611,54.318
3.57223,9.6149,44.6482,4.08593,-9.32703,44.6839,-0.276774,10.0361,43.7494,0.273396,-9.89238,43.7261
3.02974,9.16793,43.1689,3.5305,-8.91838,43.1869,1.60741,7.77591,36.0229,2.03697,-7.5632,35.9975
2.71728,8.81976,41.9902,3.20727,-8.59363,41.9965,2.9879,6.12207,30.609,3.32817,-5.85834,30.5834
2.5108,8.54637,41.0288,2.9918,-8.33468,41.0269,3.93162,4.94522,26.8258,4.20764,-4.64619,26.8008
2.33875,8.35694,40.348,2.81386,-8.15566,40.34,4.48284,4.20535,24.4441,4.71844,-3.88635,24.4196
2.18713,8.23579,39.8998,2.65912,-8.04258,39.8869,4.70673,3.82276,23.2121,4.92201,-3.49737,23.1871
2.05169,8.16442,39.6204,2.52271,-7.97773,39.6031,4.66499,3.71277,22.8747,4.87567,-3.39252,22.8481
1.93122,8.1304,39.4552,2.40285,-7.9496,39.4339,4.36038,3.84272,23.3422,4.58054,-3.53997,23.3126
1.81741,8.11141,39.3547,2.29054,-7.93536,39.3287,3.91574,4.07775,24.1787,4.1517,-3.79893,24.1453
1.71561,8.08991,39.2558,2.19033,-7.91778,39.2244,3.48034,4.29927,24.9663,3.73155,-4.0435,24.9284
1.60966,8.07424,39.1914,2.08704,-7.90636,39.153,2.92661,4.6037,26.0681,3.19889,-4.37741,26.0232
1.47513,8.04894,39.3345,1.95475,-7.88886,39.2897,2.38311,4.86279,27.2647,2.67432,-4.66602,27.2118
1.61844,8.01399,39.0048,2.11226,-7.85884,38.9353,2.6118,4.78326,26.8579,2.9041,-4.52814,26.7956
-17.7786,7.46681,61.246,-17.3013,-8.51584,61.3243,0.0566642,0.0162733,0.512628,0.0576316,-0.0111284,0.512832
-2.67978,1.56052,15.0165,-2.57098,-1.83321,15.0647,0.357687,4.40551,17.8922,0.595011,-4.51959,18.0941
-16.4223,19.1265,93.0671,-15.2739,-20.1327,93.1322,-13.3328,10.2344,63.5166,-12.7471,-11.2285,63.768
-5.58248,20.6385,95.4108,-4.36222,-20.9831,95.445,0.275649,10.7877,48.6038,0.895895,-10.9712,48.7614
1.38933,19.2303,85.1706,2.50665,-19.1585,85.1645,-22.9378,37.3244,146.669,-20.7741,-38.6347,146.689
3.20381,17.2554,75.5168,4.17429,-17.0404,75.5401,-23.8888,37.5225,145.845,-21.7429,-38.7481,145.834
3.89721,15.4582,67.4694,4.74005,-15.167,67.5214,-19.001,31.9524,123.335,-17.1997,-32.8182,123.319
4.16183,14.1123,61.6836,4.91246,-13.7792,61.7516,-14.8795,27.1129,104.653,-13.3697,-27.6947,104.633
4.20372,12.632,55.8546,4.86601,-12.2875,55.9254,-10.0002,21.4905,84.131,-8.81525,-21.7947,84.1094
3.98646,11.4207,51.299,4.58391,-11.0899,51.3626,-6.08523,16.8567,67.5111,-5.16095,-16.9645,67.4892
3.839,10.4059,47.5206,4.38775,-10.0916,47.571,-2.87911,13.1001,54.3424,-2.16175,-13.0646,54.3198
3.57432,9.61313,44.6444,4.08953,-9.32472,44.6786,-0.276265,10.0351,43.7515,0.274716,-9.89512,43.7284
3.03148,9.1668,43.165,3.53288,-8.91649,43.1833,1.60718,7.77535,36.0245,2.03693,-7.56509,36.0004
2.71882,8.81903,41.9861,3.20877,-8.59194,41.9941,2.98723,6.12203,30.6103,3.32723,-5.8596,30.5868
2.51221,8.54593,41.0246,2.99266,-8.33307,41.0254,3.93071,4.94567,26.827,4.20613,-4.64697,26.8047
2.34011,8.3567,40.3437,2.81431,-8.1541,40.339,4.48181,4.20618,24.4454,4.71657,-3.88678,24.4238
2.1885,8.23569,39.8955,2.65936,-8.04104,39.8862,4.70564,3.8239,23.2134,4.91991,-3.49756,23.1916
2.05313,8.16439,39.6161,2.5229,-7.97619,39.6025,4.66387,3.71413,22.8764,4.87345,-3.39258,22.8529
1.9328,8.13036,39.4508,2.4032,-7.94804,39.433,4.35923,3.84423,23.3442,4.57829,-3.54003,23.3177
1.81917,8.11133,39.3502,2.29115,-7.93379,39.3275,3.9146,4.07933,24.1812,4.14952,-3.79903,24.1505
1.71758,8.08978,39.2512,2.19124,-7.91621,39.2228,3.4792,4.30088,24.9693,3.72947,-4.0437,24.9338
1.61191,8.07404,39.1866,2.08837,-7.90479,39.1508,2.92542,4.60532,26.0715,3.19687,-4.37775,26.029
1.47778,8.04868,39.3293,1.9566,-7.88731,39.2868,2.3819,4.86438,27.2687,2.67235,-4.66651,27.2179
1.62124,8.01357,38.9995,2.11442,-7.85727,38.9321,2.61095,4.78472,26.8619,2.90273,-4.52871,26.8013
-17.7714,7.45734,61.2443,-17.2825,-8.50782,61.2842,0.0568368,0.0162535,0.512884,0.0577717,-0.011253,0.512892
-2.67622,1.55911,15.0163,-2.56203,-1.83193,15.0495,0.356659,4.40694,17.9327,0.608937,-4.532,18.0919
-16.4136,19.1136,93.0639,-15.2526,-20.1203,93.0894,-13.3266,10.2325,63.5251,-12.734,-11.2421,63.7574
-5.57689,20.6305,95.4093,-4.35039,-20.9759,95.4217,0.279991,10.7883,48.6117,0.904249,-10.979,48.7555
1.38922,19.2323,85.1689,2.50382,-19.1603,85.1694,-22.9385,37.3239,146.665,-20.7762,-38.6322,146.689
3.20229,17.2592,75.5154,4.16752,-17.0437,75.5515,-23.8921,37.5234,145.837,-21.7494,-38.7429,145.836
3.8954,15.462,67.4687,4.7326,-15.1701,67.5334,-19.0047,31.9545,123.328,-17.2069,-32.8124,123.32
4.15984,14.1158,61.6838,4.90502,-13.782,61.7632,-14.883,27.1156,104.647,-13.3767,-27.6889,104.633
4.20178,12.6351,55.8557,4.85943,-12.2899,55.9355,-10.0028,21.4933,84.1262,-8.82076,-21.7895,84.1094
3.98463,11.4232,51.3009,4.57845,-11.092,51.3707,-6.08684,16.8592,67.5073,-5.16485,-16.9601,67.4883
3.83726,10.4079,47.5232,4.38338,-10.0934,47.5774,-2.87993,13.1021,54.3394,-2.16417,-13.061,54.3182
3.57267,9.61464,44.6474,4.08624,-9.32638,44.6834,-0.276463,10.0364,43.7493,0.273598,-9.89229,43.7262
3.02999,9.16768,43.1683,3.53067,-8.91788,43.1864,1.60742,7.7761,36.0229,2.03691,-7.56317,35.9977
2.71744,8.81949,41.9897,3.20738,-8.59322,41.9959,2.98772,6.1222,30.6092,3.32796,-5.8584,30.5836
2.51092,8.54608,41.0282,2.9919,-8.33431,41.0263,3.93131,4.94532,26.8261,4.20734,-4.64632,26.8012
2.33888,8.35663,40.3474,2.81399,-8.15533,40.3393,4.48246,4.20545,24.4446,4.71808,-3.88654,24.4201
2.18729,8.23546,39.8991,2.6593,-8.04227,39.8861,4.70631,3.82287,23.2127,4.92162,-3.49761,23.1877
2.05191,8.16408,39.6196,2.52296,-7.97743,39.6022,4.66454,3.71289,22.8756,4.87527,-3.39281,22.8489
1.93153,8.13004,39.4544,2.40319,-7.9493,39.4329,4.35991,3.84287,23.3432,4.58012,-3.5403,23.3136
1.81782,8.11104,39.3538,2.29097,-7.93507,39.3276,3.91528,4.07793,24.1799,4.15128,-3.79928,24.1464
1.71613,8.08953,39.2547,2.19087,-7.9175,39.2232,3.47988,4.29947,24.9677,3.73114,-4.04388,24.9296
1.61031,8.07385,39.1902,2.0877,-7.90609,39.1516,2.92613,4.60392,26.0696,3.19847,-4.37781,26.0246
1.47594,8.04853,39.3331,1.95556,-7.8886,39.2882,2.38263,4.86303,27.2664,2.6739,-4.66646,27.2133
1.61936,8.01353,39.0032,2.11318,-7.85859,38.9336,2.61145,4.78349,26.8596,2.9038,-4.52859,26.7972
-17.7754,7.46514,61.2414,-17.2984,-8.51386,61.3203,0.0567038,0.0162885,0.512663,0.0576724,-0.0111348,0.512869
-2.67812,1.56047,15.0146,-2.5694,-1.83266,15.0631,0.35986,4.40741,17.8956,0.597162,-4.52056,18.0979
-16.4184,19.1239,93.0613,-15.2702,-20.1295,93.1269,-13.3303,10.2362,63.516,-12.7446,-11.2295,63.7678
-5.58001,20.637,95.4073,-4.35982,-20.9811,95.4416,0.277229,10.7889,48.6043,0.897538,-10.9719,48.762
1.38923,19.2305,85.1703,2.50674,-19.1586,85.1638,-22.9384,37.3241,146.67,-20.7745,-38.6345,146.689
3.20288,17.2559,75.5176,4.17353,-17.0412,75.5406,-23.8903,37.5219,145.845,-21.7442,-38.7478,145.834
3.89601,15.4587,67.4707,4.73897,-15.1678,67.5224,-19.0026,31.9517,123.334,-17.2012,-32.818,123.318
4.1605,14.1128,61.6851,4.91121,-13.7801,61.753,-14.881,27.1122,104.653,-13.3711,-27.6945,104.632
4.20244,12.6325,55.8561,4.86477,-12.2883,55.927,-10.0013,21.4899,84.1303,-8.81632,-21.7946,84.1086
3.9853,11.4211,51.3005,4.58276,-11.0907,51.3641,-6.08593,16.8561,67.5102,-5.16167,-16.9643,67.4883
3.83798,10.4063,47.5221,4.38672,-10.0923,47.5725,-2.87948,13.0997,54.3415,-2.16216,-13.0644,54.3189
3.57344,9.6135,44.6456,4.08864,-9.32531,44.68,-0.276365,10.0347,43.7506,0.274567,-9.89489,43.7275
3.03077,9.1671,43.166,3.53216,-8.91695,43.1845,1.60729,7.77504,36.0235,2.03699,-7.56487,35.9995
2.71825,8.81931,41.9871,3.20817,-8.59231,41.9952,2.98748,6.12176,30.6093,3.32742,-5.85938,30.5859
2.51176,8.54618,41.0254,2.99218,-8.33338,41.0263,3.93103,4.94542,26.826,4.2064,-4.64674,26.8038
2.33974,8.35694,40.3444,2.81392,-8.15437,40.3398,4.48217,4.20596,24.4444,4.71688,-3.88655,24.4229
2.18819,8.23591,39.8961,2.65903,-8.04128,39.8869,4.70603,3.82368,23.2125,4.92026,-3.49733,23.1907
2.05285,8.16459,39.6166,2.52261,-7.97641,39.6031,4.66426,3.71391,22.8755,4.87381,-3.39235,22.8521
1.93252,8.13056,39.4514,2.40292,-7.94826,39.4336,4.35962,3.84401,23.3433,4.57864,-3.53978,23.3168
1.81888,8.11154,39.3508,2.29085,-7.934,39.3281,3.91497,4.07912,24.1803,4.14986,-3.79878,24.1497
1.71727,8.08999,39.2518,2.19093,-7.91642,39.2234,3.47954,4.30068,24.9683,3.72979,-4.04345,24.9329
1.61155,8.07425,39.1872,2.08801,-7.90498,39.1514,2.92576,4.60511,26.0706,3.19717,-4.37749,26.0281
1.47735,8.0489,39.33,1.95618,-7.88749,39.2875,2.38222,4.86418,27.2677,2.67264,-4.66625,27.2169
1.62082,8.0138,39.0002,2.11402,-7.85745,38.9327,2.61115,4.78455,26.8611,2.90292,-4.52848,26.8005
-17.7733,7.46108,61.2427,-17.2904,-8.51068,61.302,0.0567714,0.016272,0.512776,0.0577228,-0.011195,0.512881
-2.67714,1.55975,15.0154,-2.56567,-1.83228,15.0562,0.358181,4.40733,17.9146,0.603042,-4.52642,18.0951
-16.4158,19.1185,93.0624,-15.2612,-20.1247,93.1078,-13.3284,10.2345,63.5208,-12.7393,-11.236,63.7627
-5.57829,20.6336,95.408,-4.35492,-20.9783,95.4312,0.278582,10.7888,48.6083,0.9009,-10.9756,48.7589
1.3893,19.2315,85.1695,2.50538,-19.1596,85.1664,-22.9385,37.324,146.667,-20.7754,-38.6334,146.689
3.2026,17.2577,75.5165,4.17055,-17.0426,75.5461,-23.8912,37.5226,145.841,-21.7468,-38.7453,145.835
3.89567,15.4605,67.4698,4.73574,-15.1691,67.5281,-19.0037,31.9531,123.331,-17.2041,-32.8151,123.319
4.1601,14.1145,61.6846,4.90803,-13.7812,61.7583,-14.882,27.1139,104.65,-13.3739,-27.6916,104.633
4.20201,12.6339,55.8561,4.86198,-12.2892,55.9315,-10.002,21.4916,84.128,-8.81855,-21.7919,84.1089
3.98486,11.4223,51.3009,4.58048,-11.0914,51.3677,-6.08636,16.8576,67.5086,-5.16327,-16.9621,67.4882
3.83751,10.4071,47.5228,4.38492,-10.0929,47.5752,-2.87968,13.1008,54.3402,-2.16317,-13.0626,54.3184
3.57296,9.61412,44.6467,4.08733,-9.32587,44.6819,-0.276389,10.0356,43.7497,0.274083,-9.89354,43.7268
3.0303,9.16742,43.1673,3.53132,-8.91743,43.1856,1.60738,7.77555,36.023,2.03695,-7.56399,35.9985
2.71778,8.81941,41.9884,3.2077,-8.59277,41.9957,2.98762,6.12197,30.6091,3.32769,-5.85887,30.5847
2.51129,8.54613,41.0269,2.99199,-8.33384,41.0263,3.93119,4.94536,26.826,4.20688,-4.64652,26.8024
2.33928,8.35677,40.346,2.81392,-8.15484,40.3396,4.48233,4.20569,24.4445,4.71749,-3.88655,24.4215
2.18773,8.23566,39.8976,2.65915,-8.04176,39.8865,4.70619,3.82327,23.2126,4.92095,-3.49748,23.1892
2.05238,8.16431,39.6181,2.52279,-7.97691,39.6027,4.66441,3.7134,22.8755,4.87455,-3.39259,22.8504
1.93204,8.13028,39.4528,2.40307,-7.94877,39.4332,4.35977,3.84344,23.3433,4.57939,-3.54006,23.3152
1.81838,8.11126,39.3522,2.29094,-7.93452,39.3278,3.91513,4.07853,24.1801,4.15058,-3.79905,24.1481
1.71673,8.08974,39.2532,2.19093,-7.91695,39.2233,3.47971,4.30007,24.968,3.73047,-4.04368,24.9313
1.61096,8.07403,39.1887,2.08789,-7.90552,39.1515,2.92594,4.60452,26.0701,3.19783,-4.37767,26.0264
1.47669,8.04869,39.3315,1.95591,-7.88803,39.2878,2.38242,4.86361,27.2671,2.67327,-4.66637,27.2152
1.62015,8.01364,39.0016,2.11366,-7.85801,38.9331,2.6113,4.78402,26.8604,2.90337,-4.52856,26.7989
-17.7745,7.46168,61.2446,-17.2915,-8.51125,61.3039,0.0567592,0.0162685,0.512762,0.0577104,-0.0111939,0.512868
-2.67768,1.5598,15.016,-2.56618,-1.83242,15.0567,0.357708,4.4068,17.9131,0.602536,-4.52612,18.0936
-16.417,19.1192,93.064,-15.2623,-20.1255,93.1092,-13.3293,10.2341,63.5214,-12.7401,-11.2358,63.7631
-5.5787,20.6338,95.4084,-4.35518,-20.9788,95.4312,0.277903,10.7886,48.6093,0.900325,-10.9757,48.7595
1.38981,19.2312,85.1686,2.50599,-19.1595,85.1652,-22.9387,37.3242,146.669,-20.7754,-38.6337,146.69
3.20317,17.2575,75.5156,4.17114,-17.0423,75.5451,-23.891,37.5228,145.842,-21.7466,-38.7455,145.836
3.89611,15.4604,67.4692,4.73614,-15.1688,67.5275,-19.0033,31.9533,123.332,-17.2038,-32.8152,123.32
4.16041,14.1144,61.6842,4.90826,-13.7809,61.7581,-14.8816,27.1141,104.65,-13.3736,-27.6916,104.633
4.20219,12.6339,55.8559,4.86207,-12.289,55.9314,-10.0017,21.4917,84.1279,-8.81829,-21.7918,84.1089
3.98493,11.4223,51.3007,4.58045,-11.0912,51.3678,-6.08609,16.8577,67.5083,-5.16309,-16.962,67.4881
3.8375,10.4071,47.5228,4.38483,-10.0927,47.5753,-2.87948,13.1009,54.3399,-2.16307,-13.0625,54.3183
3.5729,9.61411,44.6467,4.08719,-9.32575,44.6821,-0.276267,10.0356,43.7494,0.274121,-9.89345,43.7266
3.0302,9.16742,43.1673,3.53116,-8.91734,43.1858,1.60744,7.77553,36.0227,2.03694,-7.56392,35.9983
2.71768,8.81939,41.9885,3.20756,-8.5927,41.9958,2.98763,6.12193,30.6089,3.32765,-5.85883,30.5846
2.51121,8.5461,41.0268,2.99187,-8.33378,41.0264,3.93117,4.94532,26.8258,4.20682,-4.64651,26.8024
2.33922,8.35672,40.3459,2.81384,-8.15479,40.3396,4.48229,4.20566,24.4444,4.71743,-3.88656,24.4215
2.1877,8.23561,39.8975,2.65911,-8.04171,39.8864,4.70613,3.82324,23.2126,4.92088,-3.49751,23.1892
2.0524,8.16424,39.6179,2.52279,-7.97685,39.6025,4.66434,3.71338,22.8756,4.87447,-3.39264,22.8506
1.9321,8.1302,39.4526,2.40312,-7.94871,39.433,4.35969,3.84344,23.3434,4.57931,-3.54012,23.3154
1.81847,8.11118,39.352,2.29103,-7.93447,39.3275,3.91504,4.07853,24.1803,4.15049,-3.79912,24.1483
1.71686,8.08965,39.2529,2.19106,-7.91689,39.2229,3.47962,4.3001,24.9683,3.73038,-4.04377,24.9315
1.61114,8.07393,39.1883,2.08807,-7.90547,39.1511,2.92584,4.60456,26.0705,3.19773,-4.37777,26.0267
1.47692,8.04858,39.331,1.95614,-7.88798,39.2873,2.38231,4.86366,27.2675,2.67317,-4.66648,27.2156
1.62043,8.01351,39.0011,2.11394,-7.85796,38.9326,2.61121,4.78406,26.8609,2.9033,-4.52869,26.7993
-17.7738,7.4613,61.2435,-17.2908,-8.51082,61.3029,0.056768,0.0162716,0.51277,0.0577195,-0.0111953,0.512876
-2.6773,1.55979,15.0156,-2.56583,-1.8323,15.0563,0.35821,4.40719,17.9138,0.603023,-4.52634,18.0944
-16.4161,19.1186,93.0628,-15.2614,-20.1248,93.108,-13.3287,10.2345,63.5212,-12.7395,-11.236,63.763
-5.5782,20.6335,95.4078,-4.35471,-20.9783,95.4306,0.278284,10.7888,48.6092,0.900709,-10.9758,48.7595
1.38972,19.2313,85.1687,2.50592,-19.1595,85.1653,-22.9387,37.3241,146.669,-20.7755,-38.6337,146.69
3.20293,17.2576,75.5159,4.17092,-17.0425,75.5453,-23.8913,37.5227,145.842,-21.7468,-38.7455,145.835
3.89583,15.4605,67.4695,4.73588,-15.169,67.5278,-19.0037,31.9532,123.331,-17.2041,-32.8151,123.32
4.16013,14.1145,61.6845,4.908,-13.7811,61.7583,-14.8819,27.1139,104.65,-13.3739,-27.6915,104.633
4.20194,12.634,55.8562,4.86183,-12.2892,55.9317,-10.0019,21.4916,84.1278,-8.81853,-21.7918,84.1087
3.98471,11.4223,51.301,4.58025,-11.0914,51.368,-6.08626,16.8576,67.5082,-5.16325,-16.962,67.488
3.83732,10.4072,47.523,4.38466,-10.0929,47.5756,-2.87958,13.1008,54.3398,-2.16316,-13.0625,54.3182
3.57275,9.61418,44.6469,4.08705,-9.32588,44.6823,-0.276308,10.0355,43.7493,0.274083,-9.89342,43.7265
3.03009,9.16747,43.1675,3.53106,-8.91744,43.186,1.60744,7.77548,36.0226,2.03695,-7.56389,35.9982
2.71759,8.81945,41.9886,3.20747,-8.59278,41.9959,2.98767,6.12189,30.6087,3.32769,-5.85879,30.5845
2.51113,8.54615,41.027,2.9918,-8.33385,41.0265,3.93123,4.94528,26.8257,4.20687,-4.64647,26.8022
2.33916,8.35677,40.346,2.81378,-8.15485,40.3397,4.48236,4.20562,24.4442,4.71749,-3.88651,24.4213
2.18765,8.23565,39.8977,2.65906,-8.04176,39.8866,4.7062,3.8232,23.2124,4.92095,-3.49746,23.1891
2.05234,8.16429,39.6181,2.52273,-7.97691,39.6026,4.66442,3.71334,22.8754,4.87455,-3.39259,22.8504
1.93203,8.13025,39.4528,2.40306,-7.94876,39.4331,4.35977,3.84339,23.3432,4.57939,-3.54007,23.3152
1.8184,8.11123,39.3521,2.29096,-7.93452,39.3277,3.91512,4.07849,24.1801,4.15056,-3.79907,24.1481
1.71678,8.0897,39.253,2.19098,-7.91694,39.2231,3.47969,4.30005,24.9681,3.73045,-4.04371,24.9313
1.61104,8.07398,39.1885,2.08797,-7.90551,39.1513,2.92591,4.60451,26.0702,3.1978,-4.3777,26.0265
1.4768,8.04864,39.3312,1.95603,-7.88802,39.2875,2.38239,4.86361,27.2673,2.67324,-4.66641,27.2153
1.62031,8.01357,39.0013,2.11382,-7.858,38.9328,2.61126,4.78402,26.8606,2.90334,-4.52863,26.7991
-17.7743,7.46157,61.2442,-17.2913,-8.51112,61.3036,0.0567617,0.0162697,0.512764,0.0577133,-0.0111941,0.512871
-2.67755,1.5598,15.0158,-2.56608,-1.83238,15.0566,0.357929,4.40692,17.9131,0.602684,-4.52616,18.0938
-16.4167,19.119,93.0636,-15.262,-20.1253,93.1089,-13.3291,10.2343,63.5213,-12.7399,-11.2358,63.7631
-5.57853,20.6337,95.4082,-4.35504,-20.9786,95.4311,0.278025,10.7886,48.6092,0.90044,-10.9757,48.7595
1.38978,19.2312,85.1686,2.50597,-19.1595,85.1652,-22.9387,37.3242,146.669,-20.7755,-38.6337,146.69
3.20309,17.2575,75.5157,4.17108,-17.0424,75.5451,-23.8911,37.5228,145.842,-21.7466,-38.7455,145.835
3.89601,15.4604,67.4693,4.73607,-15.1689,67.5276,-19.0034,31.9533,123.332,-17.2039,-32.8151,123.32
4.16031,14.1144,61.6843,4.90818,-13.781,61.7581,-14.8817,27.114,104.65,-13.3737,-27.6916,104.633
4.2021,12.6339,55.856,4.862,-12.2891,55.9315,-10.0018,21.4917,84.1278,-8.81837,-21.7918,84.1088
3.98485,11.4223,51.3008,4.58039,-11.0913,51.3678,-6.08615,16.8577,67.5082,-5.16314,-16.962,67.4881
3.83744,10.4071,47.5229,4.38478,-10.0928,47.5754,-2.87952,13.1009,54.3399,-2.1631,-13.0625,54.3182
3.57284,9.61413,44.6468,4.08715,-9.32579,44.6821,-0.276286,10.0355,43.7493,0.274107,-9.89344,43.7266
3.03016,9.16743,43.1674,3.53113,-8.91737,43.1858,1.60743,7.77551,36.0227,2.03694,-7.56391,35.9983
2.71765,8.81941,41.9885,3.20753,-8.59273,41.9958,2.98764,6.12191,30.6088,3.32766,-5.85882,30.5845
2.51118,8.54611,41.0269,2.99185,-8.33381,41.0264,3.93119,4.94531,26.8258,4.20683,-4.6465,26.8023
2.3392,8.35674,40.3459,2.81382,-8.15481,40.3396,4.48231,4.20564,24.4443,4.71744,-3.88654,24.4214
2.18768,8.23562,39.8976,2.65909,-8.04173,39.8865,4.70615,3.82322,23.2125,4.9209,-3.49749,23.1892
2.05238,8.16426,39.618,2.52277,-7.97687,39.6025,4.66437,3.71337,22.8755,4.87449,-3.39262,22.8505
1.93207,8.13022,39.4527,2.40309,-7.94873,39.433,4.35972,3.84342,23.3433,4.57933,-3.5401,23.3153
1.81845,8.1112,39.352,2.291,-7.93448,39.3276,3.91507,4.07852,24.1803,4.15051,-3.7991,24.1482
1.71683,8.08966,39.2529,2.19103,-7.9169,39.223,3.47964,4.30008,24.9682,3.7304,-4.04374,24.9315
1.61111,8.07395,39.1883,2.08803,-7.90548,39.1512,2.92586,4.60454,26.0704,3.19775,-4.37774,26.0267
1.47688,8.0486,39.3311,1.9561,-7.88799,39.2874,2.38234,4.86364,27.2674,2.67319,-4.66645,27.2155
1.62039,8.01353,39.0012,2.1139,-7.85797,38.9326,2.61123,4.78405,26.8608,2.90331,-4.52867,26.7992
-17.7739,7.46137,61.2438,-17.2909,-8.51091,61.3031,0.0567661,0.0162708,0.512768,0.0577176,-0.0111952,0.512874
-2.67739,1.55979,15.0157,-2.5659,-1.83233,15.0564,0.358111,4.40708,17.9136,0.602937,-4.52631,18.0942
-16.4163,19.1187,93.063,-15.2616,-20.125,93.1082,-13.3289,10.2344,63.5213,-12.7396,-11.236,63.763
-5.57831,20.6336,95.4079,-4.3548,-20.9784,95.4307,0.278198,10.7887,48.6093,0.900632,-10.9758,48.7595
1.38974,19.2313,85.1686,2.50593,-19.1595,85.1653,-22.9387,37.3241,146.669,-20.7755,-38.6337,146.69
3.20298,17.2576,75.5158,4.17096,-17.0425,75.5453,-23.8912,37.5227,145.842,-21.7468,-38.7455,145.835
3.8959,15.4605,67.4694,4.73593,-15.169,67.5277,-19.0036,31.9532,123.332,-17.204,-32.8151,123.32
4.16019,14.1145,61.6844,4.90805,-13.7811,61.7583,-14.8819,27.114,104.65,-13.3738,-27.6915,104.633
4.20199,12.6339,55.8561,4.86187,-12.2891,55.9317,-10.0019,21.4916,84.1278,-8.81849,-21.7918,84.1088
3.98476,11.4223,51.301,4.58029,-11.0913,51.368,-6.08622,16.8577,67.5082,-5.16322,-16.962,67.488
3.83736,10.4072,47.523,4.38469,-10.0929,47.5755,-2.87956,13.1008,54.3398,-2.16315,-13.0625,54.3182
3.57278,9.61416,44.6469,4.08708,-9.32585,44.6822,-0.2763,10.0355,43.7493,0.274089,-9.89342,43.7265
3.03011,9.16746,43.1675,3.53108,-8.91742,43.1859,1.60744,7.77549,36.0226,2.03695,-7.56389,35.9982
2.71761,8.81943,41.9886,3.20749,-8.59276,41.9959,2.98766,6.1219,30.6087,3.32768,-5.8588,30.5845
2.51115,8.54613,41.027,2.99182,-8.33384,41.0265,3.93121,4.94529,26.8257,4.20686,-4.64648,26.8023
2.33917,8.35676,40.346,2.81379,-8.15484,40.3397,4.48234,4.20562,24.4442,4.71748,-3.88652,24.4213
2.18766,8.23564,39.8976,2.65907,-8.04175,39.8865,4.70619,3.8232,23.2124,4.92093,-3.49747,23.1891
2.05235,8.16428,39.6181,2.52275,-7.9769,39.6026,4.66441,3.71335,22.8754,4.87453,-3.3926,22.8504
1.93204,8.13024,39.4527,2.40307,-7.94875,39.4331,4.35975,3.8434,23.3433,4.57937,-3.54008,23.3152
1.81841,8.11122,39.3521,2.29097,-7.93451,39.3277,3.9151,4.0785,24.1802,4.15055,-3.79908,24.1481
1.71679,8.08968,39.253,2.191,-7.91693,39.2231,3.47968,4.30006,24.9682,3.73044,-4.04372,24.9314
1.61106,8.07397,39.1884,2.08799,-7.90551,39.1512,2.9259,4.60452,26.0703,3.19779,-4.37772,26.0265
1.47682,8.04862,39.3312,1.95605,-7.88802,39.2875,2.38237,4.86362,27.2673,2.67323,-4.66643,27.2154
1.62034,8.01356,39.0013,2.11385,-7.85799,38.9327,2.61125,4.78403,26.8607,2.90333,-4.52864,26.7991
-17.7741,7.46152,61.244,-17.2912,-8.51106,61.3035,0.056763,0.0162702,0.512765,0.0577146,-0.0111942,0.512872
-2.6775,1.5598,15.0158,-2.56603,-1.83236,15.0566,0.358009,4.40698,17.9132,0.602745,-4.52619,18.094
-16.4166,19.1189,93.0634,-15.2619,-20.1252,93.1087,-13.329,10.2343,63.5213,-12.7398,-11.2359,63.7631
-5.57846,20.6337,95.4081,-4.35498,-20.9786,95.431,0.278081,10.7887,48.6092,0.900492,-10.9757,48.7595
1.38977,19.2312,85.1686,2.50596,-19.1595,85.1652,-22.9387,37.3242,146.669,-20.7755,-38.6337,146.69
3.20305,17.2575,75.5158,4.17105,-17.0424,75.5452,-23.8911,37.5228,145.842,-21.7467,-38.7455,145.835
3.89597,15.4604,67.4693,4.73603,-15.1689,67.5276,-19.0035,31.9532,123.332,-17.2039,-32.8151,123.32
4.16027,14.1144,61.6844,4.90815,-13.781,61.7582,-14.8818,27.114,104.65,-13.3737,-27.6916,104.633
4.20206,12.6339,55.856,4.86197,-12.2891,55.9315,-10.0018,21.4916,84.1278,-8.8184,-21.7918,84.1088
3.98482,11.4223,51.3009,4.58037,-11.0913,51.3679,-6.08617,16.8577,67.5082,-5.16316,-16.962,67.488
3.83741,10.4072,47.5229,4.38475,-10.0928,47.5754,-2.87954,13.1008,54.3398,-2.16311,-13.0625,54.3182
3.57282,9.61414,44.6468,4.08713,-9.32581,44.6822,-0.276291,10.0355,43.7493,0.274103,-9.89344,43.7265
3.03014,9.16744,43.1674,3.53111,-8.91739,43.1859,1.60744,7.7755,36.0227,2.03694,-7.56391,35.9983
2.71763,8.81942,41.9885,3.20752,-8.59274,41.9959,2.98764,6.12191,30.6088,3.32767,-5.85881,30.5845
2.51117,8.54612,41.0269,2.99184,-8.33381,41.0265,3.9312,4.9453,26.8257,4.20684,-4.64649,26.8023
2.33919,8.35675,40.3459,2.81381,-8.15481,40.3397,4.48232,4.20564,24.4443,4.71745,-3.88654,24.4214
2.18767,8.23563,39.8976,2.65908,-8.04173,39.8865,4.70616,3.82322,23.2125,4.92091,-3.49748,23.1892
2.05237,8.16427,39.618,2.52276,-7.97688,39.6026,4.66438,3.71336,22.8755,4.8745,-3.39261,22.8505
1.93206,8.13023,39.4527,2.40308,-7.94873,39.4331,4.35973,3.84342,23.3433,4.57934,-3.54009,23.3153
1.81844,8.1112,39.352,2.29099,-7.93449,39.3276,3.91508,4.07851,24.1802,4.15052,-3.79909,24.1482
1.71682,8.08967,39.2529,2.19102,-7.91691,39.223,3.47966,4.30008,24.9682,3.73041,-4.04373,24.9314
1.61109,8.07396,39.1884,2.08802,-7.90549,39.1512,2.92588,4.60454,26.0704,3.19776,-4.37773,26.0266
1.47686,8.04861,39.3311,1.95608,-7.888,39.2874,2.38235,4.86364,27.2674,2.6732,-4.66644,27.2155
1.62037,8.01354,39.0012,2.11388,-7.85798,38.9327,2.61123,4.78405,26.8608,2.90331,-4.52866,26.7992
-17.774,7.46145,61.2439,-17.2911,-8.51098,61.3033,0.0567645,0.0162705,0.512766,0.0577161,-0.0111947,0.512873
-2.67744,1.55979,15.0157,-2.56597,-1.83235,15.0565,0.35806,4.40703,17.9134,0.602841,-4.52625,18.0941
-16.4164,19.1188,93.0632,-15.2618,-20.1251,93.1085,-13.3289,10.2344,63.5213,-12.7397,-11.2359,63.7631
-5.57838,20.6336,95.408,-4.35489,-20.9785,95.4308,0.278138,10.7887,48.6093,0.900561,-10.9758,48.7595
1.38975,19.2313,85.1686,2.50595,-19.1595,85.1653,-22.9387,37.3241,146.669,-20.7755,-38.6337,146.69
3.20302,17.2575,75.5158,4.17101,-17.0424,75.5452,-23.8912,37.5227,145.842,-21.7467,-38.7455,145.835
3.89593,15.4604,67.4694,4.73598,-15.169,67.5277,-19.0035,31.9532,123.332,-17.204,-32.8151,123.32
4.16023,14.1144,61.6844,4.9081,-13.7811,61.7582,-14.8818,27.114,104.65,-13.3738,-27.6916,104.633
4.20203,12.6339,55.8561,4.86192,-12.2891,55.9316,-10.0018,21.4916,84.1278,-8.81844,-21.7918,84.1088
3.98479,11.4223,51.3009,4.58033,-11.0913,51.3679,-6.0862,16.8577,67.5082,-5.16319,-16.962,67.488
3.83738,10.4072,47.5229,4.38472,-10.0928,47.5755,-2.87955,13.1008,54.3398,-2.16313,-13.0625,54.3182
3.5728,9.61415,44.6468,4.0871,-9.32583,44.6822,-0.276296,10.0355,43.7493,0.274096,-9.89343,43.7265
3.03013,9.16745,43.1674,3.5311,-8.9174,43.1859,1.60744,7.77549,36.0226,2.03695,-7.5639,35.9982
2.71762,8.81943,41.9886,3.2075,-8.59275,41.9959,2.98765,6.1219,30.6088,3.32767,-5.8588,30.5845
2.51116,8.54613,41.0269,2.99183,-8.33383,41.0265,3.9312,4.94529,26.8257,4.20685,-4.64648,26.8023
2.33918,8.35676,40.346,2.8138,-8.15483,40.3397,4.48233,4.20563,24.4442,4.71747,-3.88653,24.4214
2.18767,8.23564,39.8976,2.65908,-8.04174,39.8865,4.70618,3.82321,23.2124,4.92092,-3.49748,23.1891
2.05236,8.16428,39.618,2.52275,-7.97689,39.6026,4.66439,3.71335,22.8754,4.87452,-3.39261,22.8504
1.93205,8.13023,39.4527,2.40308,-7.94874,39.4331,4.35974,3.84341,23.3433,4.57936,-3.54009,23.3152
1.81842,8.11121,39.352,2.29098,-7.9345,39.3276,3.91509,4.07851,24.1802,4.15054,-3.79909,24.1482
1.71681,8.08968,39.253,2.19101,-7.91692,39.223,3.47967,4.30007,24.9682,3.73042,-4.04373,24.9314
1.61108,8.07396,39.1884,2.088,-7.9055,39.1512,2.92589,4.60453,26.0703,3.19777,-4.37773,26.0266
1.47684,8.04862,39.3311,1.95607,-7.88801,39.2874,2.38236,4.86363,27.2674,2.67322,-4.66644,27.2154
1.62035,8.01355,39.0012,2.11387,-7.85798,38.9327,2.61124,4.78404,26.8607,2.90332,-4.52865,26.7992
-17.7741,7.46146,61.244,-17.2911,-8.511,61.3033,0.0567641,0.0162703,0.512766,0.0577156,-0.0111946,0.512873
-2.67746,1.55979,15.0157,-2.56598,-1.83235,15.0565,0.358035,4.40701,17.9134,0.60282,-4.52624,18.094
-16.4165,19.1188,93.0633,-15.2618,-20.1251,93.1085,-13.329,10.2343,63.5213,-12.7398,-11.2359,63.7631
-5.57841,20.6336,95.408,-4.35491,-20.9785,95.4309,0.27812,10.7887,48.6092,0.900544,-10.9757,48.7595
1.38976,19.2313,85.1686,2.50595,-19.1595,85.1653,-22.9387,37.3242,146.669,-20.7755,-38.6337,146.69
3.20303,17.2575,75.5158,4.17102,-17.0424,75.5452,-23.8912,37.5227,145.842,-21.7467,-38.7455,145.835
3.89595,15.4604,67.4693,4.73599,-15.1689,67.5277,-19.0035,31.9532,123.332,-17.2039,-32.8151,123.32
4.16025,14.1144,61.6844,4.90811,-13.781,61.7582,-14.8818,27.114,104.65,-13.3738,-27.6916,104.633
4.20204,12.6339,55.856,4.86193,-12.2891,55.9316,-10.0018,21.4916,84.1278,-8.81843,-21.7918,84.1088
3.9848,11.4223,51.3009,4.58034,-11.0913,51.3679,-6.08619,16.8577,67.5082,-5.16319,-16.962,67.488
3.83739,10.4072,47.5229,4.38473,-10.0928,47.5755,-2.87954,13.1008,54.3398,-2.16312,-13.0625,54.3182
3.57281,9.61415,44.6468,4.08711,-9.32582,44.6822,-0.276294,10.0355,43.7493,0.274098,-9.89343,43.7265
3.03013,9.16745,43.1674,3.5311,-8.9174,43.1859,1.60744,7.7755,36.0226,2.03695,-7.5639,35.9983
2.71763,8.81942,41.9886,3.20751,-8.59275,41.9959,2.98765,6.1219,30.6088,3.32767,-5.85881,30.5845
2.51116,8.54613,41.0269,2.99183,-8.33382,41.0265,3.9312,4.9453,26.8257,4.20685,-4.64648,26.8023
2.33918,8.35675,40.346,2.8138,-8.15482,40.3397,4.48233,4.20563,24.4443,4.71746,-3.88653,24.4214
2.18767,8.23563,39.8976,2.65908,-8.04174,39.8865,4.70617,3.82321,23.2125,4.92092,-3.49748,23.1891
2.05236,8.16427,39.618,2.52276,-7.97688,39.6026,4.66439,3.71335,22.8754,4.87451,-3.39261,22.8505
1.93206,8.13023,39.4527,2.40308,-7.94874,39.4331,4.35974,3.84341,23.3433,4.57935,-3.54009,23.3153
1.81843,8.11121,39.352,2.29099,-7.9345,39.3276,3.91508,4.07851,24.1802,4.15053,-3.79909,24.1482
1.71681,8.08968,39.253,2.19101,-7.91692,39.223,3.47966,4.30007,24.9682,3.73042,-4.04373,24.9314
1.61108,8.07396,39.1884,2.08801,-7.9055,39.1512,2.92588,4.60453,26.0703,3.19777,-4.37773,26.0266
1.47685,8.04861,39.3311,1.95607,-7.88801,39.2874,2.38236,4.86363,27.2674,2.67321,-4.66644,27.2154
1.62036,8.01355,39.0012,2.11387,-7.85798,38.9327,2.61124,4.78404,26.8607,2.90332,-4.52865,26.7992
-17.7741,7.46146,61.2439,-17.2911,-8.51099,61.3033,0.0567643,0.0162704,0.512766,0.0577159,-0.0111947,0.512873
-2.67745,1.55979,15.0157,-2.56597,-1.83235,15.0565,0.358047,4.40702,17.9134,0.602831,-4.52624,18.0941
-16.4165,19.1188,93.0632,-15.2618,-20.1251,93.1085,-13.329,10.2344,63.5213,-12.7398,-11.2359,63.7631
-5.57839,20.6336,95.408,-4.3549,-20.9785,95.4309,0.27813,10.7887,48.6092,0.900553,-10.9757,48.7595
1.38976,19.2313,85.1686,2.50595,-19.1595,85.1653,-22.9387,37.3241,146.669,-20.7755,-38.6337,146.69
3.20302,17.2575,75.5158,4.17101,-17.0424,75.5452,-23.8912,37.5227,145.842,-21.7467,-38.7455,145.835
3.89594,15.4604,67.4694,4.73599,-15.1689,67.5277,-19.0035,31.9532,123.332,-17.2039,-32.8151,123.32
4.16024,14.1144,61.6844,4.9081,-13.7811,61.7582,-14.8818,27.114,104.65,-13.3738,-27.6916,104.633
4.20203,12.6339,55.856,4.86192,-12.2891,55.9316,-10.0018,21.4916,84.1278,-8.81844,-21.7918,84.1088
3.98479,11.4223,51.3009,4.58033,-11.0913,51.3679,-6.08619,16.8577,67.5082,-5.16319,-16.962,67.488
3.83739,10.4072,47.5229,4.38473,-10.0928,47.5755,-2.87954,13.1008,54.3398,-2.16312,-13.0625,54.3182
3.5728,9.61415,44.6468,4.08711,-9.32583,44.6822,-0.276295,10.0355,43.7493,0.274097,-9.89343,43.7265
3.03013,9.16745,43.1674,3.5311,-8.9174,43.1859,1.60744,7.7755,36.0226,2.03695,-7.5639,35.9982
2.71762,8.81942,41.9886,3.20751,-8.59275,41.9959,2.98765,6.1219,30.6088,3.32767,-5.85881,30.5845
2.51116,8.54613,41.0269,2.99183,-8.33382,41.0265,3.9312,4.9453,26.8257,4.20685,-4.64648,26.8023
2.33918,8.35675,40.346,2.8138,-8.15482,40.3397,4.48233,4.20563,24.4443,4.71746,-3.88653,24.4214
2.18767,8.23564,39.8976,2.65908,-8.04174,39.8865,4.70617,3.82321,23.2124,4.92092,-3.49748,23.1891
2.05236,8.16427,39.618,2.52275,-7.97689,39.6026,4.66439,3.71335,22.8754,4.87451,-3.39261,22.8505
1.93206,8.13023,39.4527,2.40308,-7.94874,39.4331,4.35974,3.84341,23.3433,4.57936,-3.54009,23.3152
1.81843,8.11121,39.352,2.29098,-7.9345,39.3276,3.91509,4.07851,24.1802,4.15053,-3.79909,24.1482
1.71681,8.08968,39.253,2.19101,-7.91692,39.223,3.47966,4.30007,24.9682,3.73042,-4.04373,24.9314
1.61108,8.07396,39.1884,2.08801,-7.9055,39.1512,2.92588,4.60453,26.0703,3.19777,-4.37773,26.0266
1.47685,8.04862,39.3311,1.95607,-7.88801,39.2874,2.38236,4.86363,27.2674,2.67321,-4.66644,27.2154
1.62036,8.01355,39.0012,2.11387,-7.85798,38.9327,2.61124,4.78404,26.8607,2.90332,-4.52865,26.7992
-17.7741,7.46145,61.2439,-17.2911,-8.51099,61.3033,0.0567644,0.0162705,0.512766,0.057716,-0.0111947,0.512873
-2.67745,1.55979,15.0157,-2.56597,-1.83235,15.0565,0.358054,4.40703,17.9134,0.602836,-4.52625,18.0941
-16.4164,19.1188,93.0632,-15.2618,-20.1251,93.1085,-13.329,10.2344,63.5213,-12.7397,-11.2359,63.7631
-5.57839,20.6336,95.408,-4.35489,-20.9785,95.4309,0.278135,10.7887,48.6092,0.900558,-10.9757,48.7595
1.38975,19.2313,85.1686,2.50595,-19.1595,85.1653,-22.9387,37.3241,146.669,-20.7755,-38.6337,146.69
3.20302,17.2575,75.5158,4.17101,-17.0424,75.5452,-23.8912,37.5227,145.842,-21.7467,-38.7455,145.835
3.89594,15.4604,67.4694,4.73598,-15.1689,67.5277,-19.0035,31.9532,123.332,-17.204,-32.8151,123.32
4.16023,14.1144,61.6844,4.9081,-13.7811,61.7582,-14.8818,27.114,104.65,-13.3738,-27.6916,104.633
4.20203,12.6339,55.856,4.86192,-12.2891,55.9316,-10.0018,21.4916,84.1278,-8.81844,-21.7918,84.1088
3.98479,11.4223,51.3009,4.58033,-11.0913,51.3679,-6.08619,16.8577,67.5082,-5.16319,-16.962,67.488
3.83739,10.4072,47.5229,4.38472,-10.0928,47.5755,-2.87955,13.1008,54.3398,-2.16313,-13.0625,54.3182
3.5728,9.61415,44.6468,4.08711,-9.32583,44.6822,-0.276295,10.0355,43.7493,0.274097,-9.89343,43.7265
3.03013,9.16745,43.1674,3.5311,-8.9174,43.1859,1.60744,7.77549,36.0226,2.03695,-7.5639,35.9982
2.71762,8.81943,41.9886,3.20751,-8.59275,41.9959,2.98765,6.1219,30.6088,3.32767,-5.85881,30.5845
2.51116,8.54613,41.0269,2.99183,-8.33383,41.0265,3.9312,4.9453,26.8257,4.20685,-4.64648,26.8023
2.33918,8.35675,40.346,2.8138,-8.15482,40.3397,4.48233,4.20563,24.4443,4.71746,-3.88653,24.4214
2.18767,8.23564,39.8976,2.65908,-8.04174,39.8865,4.70618,3.82321,23.2124,4.92092,-3.49748,23.1891
2.05236,8.16427,39.618,2.52275,-7.97689,39.6026,4.66439,3.71335,22.8754,4.87452,-3.39261,22.8504
1.93205,8.13023,39.4527,2.40308,-7.94874,39.4331,4.35974,3.84341,23.3433,4.57936,-3.54009,23.3152
1.81843,8.11121,39.352,2.29098,-7.9345,39.3276,3.91509,4.07851,24.1802,4.15054,-3.79909,24.1482
1.71681,8.08968,39.253,2.19101,-7.91692,39.223,3.47967,4.30007,24.9682,3.73042,-4.04373,24.9314
1.61108,8.07396,39.1884,2.088,-7.9055,39.1512,2.92589,4.60453,26.0703,3.19777,-4.37773,26.0266
1.47684,8.04862,39.3311,1.95607,-7.88801,39.2874,2.38236,4.86363,27.2674,2.67321,-4.66644,27.2154
1.62036,8.01355,39.0012,2.11387,-7.85798,38.9327,2.61124,4.78404,26.8607,2.90332,-4.52865,26.7992
-17.774,7.46145,61.2439,-17.2911,-8.51099,61.3033,0.0567645,0.0162705,0.512766,0.057716,-0.0111947,0.512873
-2.67744,1.55979,15.0157,-2.56597,-1.83235,15.0565,0.358057,4.40703,17.9134,0.602838,-4.52625,18.0941
-16.4164,19.1188,93.0632,-15.2618,-20.1251,93.1085,-13.3289,10.2344,63.5213,-12.7397,-11.2359,63.7631
-5.57838,20.6336,95.408,-4.35489,-20.9785,95.4308,0.278137,10.7887,48.6092,0.90056,-10.9757,48.7595
1.38975,19.2313,85.1686,2.50595,-19.1595,85.1653,-22.9387,37.3241,146.669,-20.7755,-38.6337,146.69
3.20302,17.2575,75.5158,4.17101,-17.0424,75.5452,-23.8912,37.5227,145.842,-21.7467,-38.7455,145.835
3.89594,15.4604,67.4694,4.73598,-15.1689,67.5277,-19.0035,31.9532,123.332,-17.204,-32.8151,123.32
4.16023,14.1144,61.6844,4.9081,-13.7811,61.7582,-14.8818,27.114,104.65,-13.3738,-27.6916,104.633
4.20203,12.6339,55.856,4.86192,-12.2891,55.9316,-10.0018,21.4916,84.1278,-8.81844,-21.7918,84.1088
3.98479,11.4223,51.3009,4.58033,-11.0913,51.3679,-6.0862,16.8577,67.5082,-5.16319,-16.962,67.488
3.83738,10.4072,47.5229,4.38472,-10.0928,47.5755,-2.87955,13.1008,54.3398,-2.16313,-13.0625,54.3182
3.5728,9.61415,44.6468,4.08711,-9.32583,44.6822,-0.276295,10.0355,43.7493,0.274096,-9.89343,43.7265
3.03013,9.16745,43.1674,3.5311,-8.9174,43.1859,1.60744,7.77549,36.0226,2.03695,-7.5639,35.9982
2.71762,8.81943,41.9886,3.2075,-8.59275,41.9959,2.98765,6.1219,30.6088,3.32767,-5.85881,30.5845
2.51116,8.54613,41.0269,2.99183,-8.33383,41.0265,3.9312,4.9453,26.8257,4.20685,-4.64648,26.8023
2.33918,8.35676,40.346,2.8138,-8.15483,40.3397,4.48233,4.20563,24.4443,4.71746,-3.88653,24.4214
2.18767,8.23564,39.8976,2.65908,-8.04174,39.8865,4.70618,3.82321,23.2124,4.92092,-3.49748,23.1891
2.05236,8.16427,39.618,2.52275,-7.97689,39.6026,4.66439,3.71335,22.8754,4.87452,-3.39261,22.8504
1.93205,8.13023,39.4527,2.40308,-7.94874,39.4331,4.35974,3.84341,23.3433,4.57936,-3.54009,23.3152
1.81843,8.11121,39.352,2.29098,-7.9345,39.3276,3.91509,4.07851,24.1802,4.15054,-3.79909,24.1482
1.71681,8.08968,39.253,2.19101,-7.91692,39.223,3.47967,4.30007,24.9682,3.73042,-4.04373,24.9314
1.61108,8.07396,39.1884,2.088,-7.9055,39.1512,2.92589,4.60453,26.0703,3.19777,-4.37773,26.0266
1.47684,8.04862,39.3311,1.95607,-7.88801,39.2874,2.38236,4.86363,27.2674,2.67321,-4.66644,27.2154
1.62036,8.01355,39.0012,2.11387,-7.85798,38.9327,2.61124,4.78404,26.8607,2.90332,-4.52865,26.7992
-17.774,7.46145,61.2439,-17.2911,-8.51098,61.3033,0.0567645,0.0162705,0.512766,0.0577161,-0.0111947,0.512873
-2.67744,1.55979,15.0157,-2.56597,-1.83235,15.0565,0.358058,4.40703,17.9134,0.60284,-4.52625,18.0941
-16.4164,19.1188,93.0632,-15.2618,-20.1251,93.1085,-13.3289,10.2344,63.5213,-12.7397,-11.2359,63.7631
-5.57838,20.6336,95.408,-4.35489,-20.9785,95.4308,0.278138,10.7887,48.6092,0.900561,-10.9757,48.7595
1.38975,19.2313,85.1686,2.50595,-19.1595,85.1653,-22.9387,37.3241,146.669,-20.7755,-38.6337,146.69
3.20302,17.2575,75.5158,4.17101,-17.0424,75.5452,-23.8912,37.5227,145.842,-21.7467,-38.7455,145.835
3.89593,15.4604,67.4694,4.73598,-15.169,67.5277,-19.0035,31.9532,123.332,-17.204,-32.8151,123.32
4.16023,14.1144,61.6844,4.9081,-13.7811,61.7582,-14.8818,27.114,104.65,-13.3738,-27.6916,104.633
4.20203,12.6339,55.8561,4.86192,-12.2891,55.9316,-10.0018,21.4916,84.1278,-8.81844,-21.7918,84.1088
3.98479,11.4223,51.3009,4.58033,-11.0913,51.3679,-6.0862,16.8577,67.5082,-5.16319,-16.962,67.488
3.83738,10.4072,47.5229,4.38472,-10.0928,47.5755,-2.87955,13.1008,54.3398,-2.16313,-13.0625,54.3182
3.5728,9.61415,44.6468,4.08711,-9.32583,44.6822,-0.276296,10.0355,43.7493,0.274096,-9.89343,43.7265
3.03013,9.16745,43.1674,3.5311,-8.9174,43.1859,1.60744,7.77549,36.0226,2.03695,-7.5639,35.9982
2.71762,8.81943,41.9886,3.2075,-8.59275,41.9959,2.98765,6.1219,30.6088,3.32767,-5.8588,30.5845
2.51116,8.54613,41.0269,2.99183,-8.33383,41.0265,3.9312,4.94529,26.8257,4.20685,-4.64648,26.8023
2.33918,8.35676,40.346,2.8138,-8.15483,40.3397,4.48233,4.20563,24.4443,4.71746,-3.88653,24.4214
2.18767,8.23564,39.8976,2.65908,-8.04174,39.8865,4.70618,3.82321,23.2124,4.92092,-3.49748,23.1891
2.05236,8.16428,39.618,2.52275,-7.97689,39.6026,4.66439,3.71335,22.8754,4.87452,-3.39261,22.8504
1.93205,8.13023,39.4527,2.40308,-7.94874,39.4331,4.35974,3.84341,23.3433,4.57936,-3.54009,23.3152
1.81843,8.11121,39.352,2.29098,-7.9345,39.3276,3.91509,4.07851,24.1802,4.15054,-3.79909,24.1482
1.71681,8.08968,39.253,2.19101,-7.91692,39.223,3.47967,4.30007,24.9682,3.73042,-4.04373,24.9314
1.61108,8.07396,39.1884,2.088,-7.9055,39.1512,2.92589,4.60453,26.0703,3.19777,-4.37773,26.0266
1.47684,8.04862,39.3311,1.95607,-7.88801,39.2874,2.38236,4.86363,27.2674,2.67322,-4.66644,27.2154
1.62036,8.01355,39.0012,2.11387,-7.85798,38.9327,2.61124,4.78404,26.8607,2.90332,-4.52865,26.7992
-17.774,7.46145,61.2439,-17.2911,-8.51098,61.3033,0.0567645,0.0162705,0.512766,0.0577161,-0.0111947,0.512873
-2.67744,1.55979,15.0157,-2.56597,-1.83235,15.0565,0.358059,4.40703,17.9134,0.60284,-4.52625,18.0941
-16.4164,19.1188,93.0632,-15.2618,-20.1251,93.1085,-13.3289,10.2344,63.5213,-12.7397,-11.2359,63.7631
-5.57838,20.6336,95.408,-4.35489,-20.9785,95.4308,0.278139,10.7887,48.6092,0.900562,-10.9757,48.7595
1.38975,19.2313,85.1686,2.50595,-19.1595,85.1653,-22.9387,37.3241,146.669,-20.7755,-38.6337,146.69
3.20302,17.2575,75.5158,4.17101,-17.0424,75.5452,-23.8912,37.5227,145.842,-21.7467,-38.7455,145.835
3.89593,15.4604,67.4694,4.73598,-15.169,67.5277,-19.0035,31.9532,123.332,-17.204,-32.8151,123.32
4.16023,14.1144,61.6844,4.9081,-13.7811,61.7582,-14.8818,27.114,104.65,-13.3738,-27.6916,104.633
4.20203,12.6339,55.8561,4.86192,-12.2891,55.9316,-10.0018,21.4916,84.1278,-8.81844,-21.7918,84.1088
3.98479,11.4223,51.3009,4.58033,-11.0913,51.3679,-6.0862,16.8577,67.5082,-5.16319,-16.962,67.488
3.83738,10.4072,47.5229,4.38472,-10.0928,47.5755,-2.87955,13.1008,54.3398,-2.16313,-13.0625,54.3182
3.5728,9.61415,44.6468,4.08711,-9.32583,44.6822,-0.276296,10.0355,43.7493,0.274096,-9.89343,43.7265
3.03013,9.16745,43.1674,3.5311,-8.9174,43.1859,1.60744,7.77549,36.0226,2.03695,-7.5639,35.9982
2.71762,8.81943,41.9886,3.2075,-8.59275,41.9959,2.98765,6.1219,30.6088,3.32767,-5.8588,30.5845
2.51116,8.54613,41.0269,2.99183,-8.33383,41.0265,3.9312,4.94529,26.8257,4.20685,-4.64648,26.8023
2.33918,8.35676,40.346,2.8138,-8.15483,40.3397,4.48233,4.20563,24.4443,4.71746,-3.88653,24.4214
2.18767,8.23564,39.8976,2.65908,-8.04174,39.8865,4.70618,3.82321,23.2124,4.92092,-3.49748,23.1891
2.05236,8.16428,39.618,2.52275,-7.97689,39.6026,4.66439,3.71335,22.8754,4.87452,-3.39261,22.8504
1.93205,8.13023,39.4527,2.40308,-7.94874,39.4331,4.35974,3.84341,23.3433,4.57936,-3.54009,23.3152
1.81843,8.11121,39.352,2.29098,-7.9345,39.3276,3.91509,4.07851,24.1802,4.15054,-3.79909,24.1482
1.71681,8.08968,39.253,2.19101,-7.91692,39.223,3.47967,4.30007,24.9682,3.73042,-4.04373,24.9314
1.61108,8.07396,39.1884,2.088,-7.9055,39.1512,2.92589,4.60453,26.0703,3.19777,-4.37773,26.0266
1.47684,8.04862,39.3311,1.95607,-7.88801,39.2874,2.38236,4.86363,27.2674,2.67322,-4.66644,27.2154
1.62035,8.01355,39.0012,2.11387,-7.85798,38.9327,2.61124,4.78404,26.8607,2.90332,-4.52865,26.7992
-17.774,7.46145,61.2439,-17.2911,-8.51098,61.3033,0.0567645,0.0162705,0.512766,0.0577161,-0.0111947,0.512873
-2.67744,1.55979,15.0157,-2.56597,-1.83235,15.0565,0.35806,4.40703,17.9134,0.602841,-4.52625,18.0941
-16.4164,19.1188,93.0632,-15.2618,-20.1251,93.1085,-13.3289,10.2344,63.5213,-12.7397,-11.2359,63.7631
-5.57838,20.6336,95.408,-4.35489,-20.9785,95.4308,0.278138,10.7887,48.6092,0.900561,-10.9757,48.7595
1.38975,19.2313,85.1686,2.50595,-19.1595,85.1653,-22.9387,37.3241,146.669,-20.7755,-38.6337,146.69
3.20302,17.2575,75.5158,4.17101,-17.0424,75.5452,-23.8912,37.5227,145.842,-21.7467,-38.7455,145.835
3.89593,15.4604,67.4694,4.73598,-15.169,67.5277,-19.0035,31.9532,123.332,-17.204,-32.8151,123.32
4.16023,14.1144,61.6844,4.9081,-13.7811,61.7582,-14.8818,27.114,104.65,-13.3738,-27.6916,104.633
4.20203,12.6339,55.8561,4.86192,-12.2891,55.9316,-10.0018,21.4916,84.1278,-8.81844,-21.7918,84.1088
3.98479,11.4223,51.3009,4.58033,-11.0913,51.3679,-6.0862,16.8577,67.5082,-5.16319,-16.962,67.488
3.83738,10.4072,47.5229,4.38472,-10.0928,47.5755,-2.87955,13.1008,54.3398,-2.16312,-13.0625,54.3182
3.5728,9.61415,44.6468,4.08711,-9.32583,44.6822,-0.276296,10.0355,43.7493,0.274096,-9.89343,43.7265
3.03013,9.16745,43.1674,3.5311,-8.9174,43.1859,1.60744,7.77549,36.0226,2.03695,-7.5639,35.9982
2.71762,8.81943,41.9886,3.2075,-8.59275,41.9959,2.98765,6.1219,30.6088,3.32767,-5.8588,30.5845
2.51116,8.54613,41.0269,2.99183,-8.33383,41.0265,3.9312,4.94529,26.8257,4.20685,-4.64648,26.8023
2.33918,8.35676,40.346,2.8138,-8.15483,40.3397,4.48233,4.20563,24.4442,4.71747,-3.88653,24.4214
2.18767,8.23564,39.8976,2.65908,-8.04174,39.8865,4.70618,3.82321,23.2124,4.92092,-3.49748,23.1891
2.05236,8.16428,39.618,2.52275,-7.97689,39.6026,4.66439,3.71335,22.8754,4.87452,-3.39261,22.8504
1.93205,8.13023,39.4527,2.40308,-7.94874,39.4331,4.35974,3.84341,23.3433,4.57936,-3.54009,23.3152
1.81843,8.11121,39.352,2.29098,-7.9345,39.3276,3.91509,4.07851,24.1802,4.15054,-3.79909,24.1482
1.71681,8.08968,39.253,2.19101,-7.91692,39.223,3.47967,4.30007,24.9682,3.73042,-4.04373,24.9314
1.61108,8.07396,39.1884,2.088,-7.9055,39.1512,2.92589,4.60453,26.0703,3.19777,-4.37773,26.0266
1.47684,8.04862,39.3311,1.95607,-7.88801,39.2874,2.38236,4.86363,27.2674,2.67322,-4.66644,27.2154
1.62035,8.01355,39.0012,2.11387,-7.85798,38.9327,2.61124,4.78404,26.8607,2.90332,-4.52865,26.7992
-17.7741,7.46146,61.244,-17.2911,-8.511,61.3033,0.0567641,0.0162703,0.512766,0.0577156,-0.0111946,0.512873
-2.67746,1.55979,15.0157,-2.56598,-1.83235,15.0565,0.358035,4.40701,17.9134,0.60282,-4.52624,18.094
-16.4165,19.1188,93.0633,-15.2618,-20.1251,93.1085,-13.329,10.2343,63.5213,-12.7398,-11.2359,63.7631
-5.57841,20.6336,95.408,-4.35491,-20.9785,95.4309,0.278119,10.7887,48.6093,0.900543,-10.9757,48.7595
1.38976,19.2313,85.1686,2.50595,-19.1595,85.1653,-22.9387,37.3242,146.669,-20.7755,-38.6337,146.69
3.20303,17.2575,75.5158,4.17102,-17.0424,75.5452,-23.8912,37.5227,145.842,-21.7467,-38.7455,145.835
3.89595,15.4604,67.4693,4.73599,-15.1689,67.5277,-19.0035,31.9532,123.332,-17.2039,-32.8151,123.32
4.16025,14.1144,61.6844,4.90811,-13.781,61.7582,-14.8818,27.114,104.65,-13.3738,-27.6916,104.633
4.20204,12.6339,55.856,4.86193,-12.2891,55.9316,-10.0018,21.4916,84.1278,-8.81843,-21.7918,84.1088
3.9848,11.4223,51.3009,4.58034,-11.0913,51.3679,-6.08619,16.8577,67.5082,-5.16319,-16.962,67.488
3.83739,10.4072,47.5229,4.38473,-10.0928,47.5755,-2.87954,13.1008,54.3398,-2.16312,-13.0625,54.3182
3.57281,9.61415,44.6468,4.08711,-9.32582,44.6822,-0.276294,10.0355,43.7493,0.274098,-9.89343,43.7265
3.03013,9.16745,43.1674,3.5311,-8.9174,43.1859,1.60744,7.7755,36.0226,2.03695,-7.5639,35.9983
2.71762,8.81942,41.9886,3.20751,-8.59275,41.9959,2.98765,6.1219,30.6088,3.32767,-5.85881,30.5845
2.51116,8.54613,41.0269,2.99183,-8.33382,41.0265,3.9312,4.9453,26.8257,4.20685,-4.64648,26.8023
2.33918,8.35675,40.346,2.8138,-8.15482,40.3397,4.48233,4.20563,24.4443,4.71746,-3.88653,24.4214
2.18767,8.23563,39.8976,2.65908,-8.04174,39.8865,4.70617,3.82321,23.2125,4.92092,-3.49748,23.1891
2.05236,8.16427,39.618,2.52276,-7.97688,39.6026,4.66439,3.71336,22.8754,4.87451,-3.39261,22.8505
1.93206,8.13023,39.4527,2.40308,-7.94874,39.4331,4.35974,3.84341,23.3433,4.57935,-3.54009,23.3153
1.81843,8.11121,39.352,2.29099,-7.9345,39.3276,3.91508,4.07851,24.1802,4.15053,-3.79909,24.1482
1.71681,8.08968,39.253,2.19101,-7.91692,39.223,3.47966,4.30007,24.9682,3.73042,-4.04373,24.9314
1.61108,8.07396,39.1884,2.08801,-7.9055,39.1512,2.92588,4.60453,26.0703,3.19777,-4.37773,26.0266
1.47685,8.04861,39.3311,1.95607,-7.88801,39.2874,2.38236,4.86363,27.2674,2.67321,-4.66644,27.2154
1.62036,8.01355,39.0012,2.11387,-7.85798,38.9327,2.61124,4.78404,26.8607,2.90332,-4.52865,26.7992
-17.7741,7.46146,61.2439,-17.2911,-8.51099,61.3033,0.0567643,0.0162704,0.512766,0.0577159,-0.0111947,0.512873
-2.67745,1.55979,15.0157,-2.56597,-1.83235,15.0565,0.358047,4.40702,17.9134,0.602831,-4.52624,18.0941
-16.4165,19.1188,93.0632,-15.2618,-20.1251,93.1085,-13.329,10.2344,63.5213,-12.7398,-11.2359,63.7631
-5.57839,20.6336,95.408,-4.3549,-20.9785,95.4309,0.278129,10.7887,48.6093,0.900553,-10.9757,48.7595
1.38976,19.2313,85.1686,2.50595,-19.1595,85.1653,-22.9387,37.3241,146.669,-20.7755,-38.6337,146.69
3.20302,17.2575,75.5158,4.17101,-17.0424,75.5452,-23.8912,37.5227,145.842,-21.7467,-38.7455,145.835
3.89594,15.4604,67.4694,4.73599,-15.1689,67.5277,-19.0035,31.9532,123.332,-17.2039,-32.8151,123.32
4.16024,14.1144,61.6844,4.9081,-13.7811,61.7582,-14.8818,27.114,104.65,-13.3738,-27.6916,104.633
4.20203,12.6339,55.856,4.86192,-12.2891,55.9316,-10.0018,21.4916,84.1278,-8.81844,-21.7918,84.1088
3.98479,11.4223,51.3009,4.58033,-11.0913,51.3679,-6.08619,16.8577,67.5082,-5.16319,-16.962,67.488
3.83739,10.4072,47.5229,4.38473,-10.0928,47.5755,-2.87955,13.1008,54.3398,-2.16313,-13.0625,54.3182
3.5728,9.61415,44.6468,4.08711,-9.32583,44.6822,-0.276295,10.0355,43.7493,0.274097,-9.89343,43.7265
3.03013,9.16745,43.1674,3.5311,-8.9174,43.1859,1.60744,7.7755,36.0226,2.03695,-7.5639,35.9982
2.71762,8.81942,41.9886,3.20751,-8.59275,41.9959,2.98765,6.1219,30.6088,3.32767,-5.85881,30.5845
2.51116,8.54613,41.0269,2.99183,-8.33382,41.0265,3.9312,4.9453,26.8257,4.20685,-4.64648,26.8023
2.33918,8.35675,40.346,2.8138,-8.15482,40.3397,4.48233,4.20563,24.4443,4.71746,-3.88653,24.4214
2.18767,8.23564,39.8976,2.65908,-8.04174,39.8865,4.70617,3.82321,23.2124,4.92092,-3.49748,23.1891
2.05236,8.16427,39.618,2.52275,-7.97689,39.6026,4.66439,3.71335,22.8754,4.87451,-3.39261,22.8505
1.93206,8.13023,39.4527,2.40308,-7.94874,39.4331,4.35974,3.84341,23.3433,4.57936,-3.54009,23.3152
1.81843,8.11121,39.352,2.29098,-7.9345,39.3276,3.91509,4.07851,24.1802,4.15053,-3.79909,24.1482
1.71681,8.08968,39.253,2.19101,-7.91692,39.223,3.47966,4.30007,24.9682,3.73042,-4.04373,24.9314
1.61108,8.07396,39.1884,2.08801,-7.9055,39.1512,2.92588,4.60453,26.0703,3.19777,-4.37773,26.0266
1.47685,8.04862,39.3311,1.95607,-7.88801,39.2874,2.38236,4.86363,27.2674,2.67321,-4.66644,27.2154
1.62036,8.01355,39.0012,2.11387,-7.85798,38.9327,2.61124,4.78404,26.8607,2.90332,-4.52865,26.7992
-17.7741,7.46145,61.2439,-17.2911,-8.51099,61.3033,0.0567644,0.0162705,0.512766,0.057716,-0.0111947,0.512873
-2.67745,1.55979,15.0157,-2.56597,-1.83235,15.0565,0.358053,4.40703,17.9134,0.602836,-4.52625,18.0941
-16.4164,19.1188,93.0632,-15.2618,-20.1251,93.1085,-13.329,10.2344,63.5213,-12.7397,-11.2359,63.7631
-5.57839,20.6336,95.408,-4.35489,-20.9785,95.4309,0.278135,10.7887,48.6092,0.900557,-10.9757,48.7595
1.38976,19.2313,85.1686,2.50595,-19.1595,85.1653,-22.9387,37.3241,146.669,-20.7755,-38.6337,146.69
3.20302,17.2575,75.5158,4.17101,-17.0424,75.5452,-23.8912,37.5227,145.842,-21.7467,-38.7455,145.835
3.89594,15.4604,67.4694,4.73599,-15.1689,67.5277,-19.0035,31.9532,123.332,-17.204,-32.8151,123.32
4.16023,14.1144,61.6844,4.9081,-13.7811,61.7582,-14.8818,27.114,104.65,-13.3738,-27.6916,104.633
4.20203,12.6339,55.856,4.86192,-12.2891,55.9316,-10.0018,21.4916,84.1278,-8.81844,-21.7918,84.1088
3.98479,11.4223,51.3009,4.58033,-11.0913,51.3679,-6.08619,16.8577,67.5082,-5.16319,-16.962,67.488
3.83739,10.4072,47.5229,4.38472,-10.0928,47.5755,-2.87955,13.1008,54.3398,-2.16313,-13.0625,54.3182
3.5728,9.61415,44.6468,4.08711,-9.32583,44.6822,-0.276295,10.0355,43.7493,0.274097,-9.89343,43.7265
3.03013,9.16745,43.1674,3.5311,-8.9174,43.1859,1.60744,7.77549,36.0226,2.03695,-7.5639,35.9982
2.71762,8.81943,41.9886,3.20751,-8.59275,41.9959,2.98765,6.1219,30.6088,3.32767,-5.85881,30.5845
2.51116,8.54613,41.0269,2.99183,-8.33383,41.0265,3.9312,4.9453,26.8257,4.20685,-4.64648,26.8023
2.33918,8.35675,40.346,2.8138,-8.15482,40.3397,4.48233,4.20563,24.4443,4.71746,-3.88653,24.4214
2.18767,8.23564,39.8976,2.65908,-8.04174,39.8865,4.70618,3.82321,23.2124,4.92092,-3.49748,23.1891
2.05236,8.16427,39.618,2.52275,-7.97689,39.6026,4.66439,3.71335,22.8754,4.87452,-3.39261,22.8504
1.93205,8.13023,39.4527,2.40308,-7.94874,39.4331,4.35974,3.84341,23.3433,4.57936,-3.54009,23.3152
1.81843,8.11121,39.352,2.29098,-7.9345,39.3276,3.91509,4.07851,24.1802,4.15054,-3.79909,24.1482
1.71681,8.08968,39.253,2.19101,-7.91692,39.223,3.47967,4.30007,24.9682,3.73042,-4.04373,24.9314
1.61108,8.07396,39.1884,2.088,-7.9055,39.1512,2.92589,4.60453,26.0703,3.19777,-4.37773,26.0266
1.47684,8.04862,39.3311,1.95607,-7.88801,39.2874,2.38236,4.86363,27.2674,2.67321,-4.66644,27.2154
1.62036,8.01355,39.0012,2.11387,-7.85798,38.9327,2.61124,4.78404,26.8607,2.90332,-4.52865,26.7992
-17.774,7.46145,61.2439,-17.2911,-8.51099,61.3033,0.0567645,0.0162705,0.512766,0.057716,-0.0111947,0.512873
-2.67745,1.55979,15.0157,-2.56597,-1.83235,15.0565,0.358056,4.40703,17.9134,0.602838,-4.52625,18.0941
-16.4164,19.1188,93.0632,-15.2618,-20.1251,93.1085,-13.3289,10.2344,63.5213,-12.7397,-11.2359,63.7631
-5.57838,20.6336,95.408,-4.35489,-20.9785,95.4308,0.278136,10.7887,48.6092,0.900559,-10.9757,48.7595
1.38975,19.2313,85.1686,2.50595,-19.1595,85.1653,-22.9387,37.3241,146.669,-20.7755,-38.6337,146.69
3.20302,17.2575,75.5158,4.17101,-17.0424,75.5452,-23.8912,37.5227,145.842,-21.7467,-38.7455,145.835
3.89594,15.4604,67.4694,4.73598,-15.1689,67.5277,-19.0035,31.9532,123.332,-17.204,-32.8151,123.32
4.16023,14.1144,61.6844,4.9081,-13.7811,61.7582,-14.8818,27.114,104.65,-13.3738,-27.6916,104.633
4.20203,12.6339,55.856,4.86192,-12.2891,55.9316,-10.0018,21.4916,84.1278,-8.81844,-21.7918,84.1088
3.98479,11.4223,51.3009,4.58033,-11.0913,51.3679,-6.0862,16.8577,67.5082,-5.16319,-16.962,67.488
3.83738,10.4072,47.5229,4.38472,-10.0928,47.5755,-2.87955,13.1008,54.3398,-2.16313,-13.0625,54.3182
3.5728,9.61415,44.6468,4.08711,-9.32583,44.6822,-0.276295,10.0355,43.7493,0.274096,-9.89343,43.7265
3.03013,9.16745,43.1674,3.5311,-8.9174,43.1859,1.60744,7.77549,36.0226,2.03695,-7.5639,35.9982
2.71762,8.81943,41.9886,3.2075,-8.59275,41.9959,2.98765,6.1219,30.6088,3.32767,-5.85881,30.5845
2.51116,8.54613,41.0269,2.99183,-8.33383,41.0265,3.9312,4.9453,26.8257,4.20685,-4.64648,26.8023
2.33918,8.35676,40.346,2.8138,-8.15483,40.3397,4.48233,4.20563,24.4443,4.71746,-3.88653,24.4214
2.18767,8.23564,39.8976,2.65908,-8.04174,39.8865,4.70618,3.82321,23.2124,4.92092,-3.49748,23.1891
2.05236,8.16427,39.618,2.52275,-7.97689,39.6026,4.66439,3.71335,22.8754,4.87452,-3.39261,22.8504
1.93205,8.13023,39.4527,2.40308,-7.94874,39.4331,4.35974,3.84341,23.3433,4.57936,-3.54009,23.3152
1.81843,8.11121,39.352,2.29098,-7.9345,39.3276,3.91509,4.07851,24.1802,4.15054,-3.79909,24.1482
1.71681,8.08968,39.253,2.19101,-7.91692,39.223,3.47967,4.30007,24.9682,3.73042,-4.04373,24.9314
1.61108,8.07396,39.1884,2.088,-7.9055,39.1512,2.92589,4.60453,26.0703,3.19777,-4.37773,26.0266
1.47684,8.04862,39.3311,1.95607,-7.88801,39.2874,2.38236,4.86363,27.2674,2.67321,-4.66644,27.2154
1.62036,8.01355,39.0012,2.11387,-7.85798,38.9327,2.61124,4.78404,26.8607,2.90332,-4.52865,26.7992
-17.774,7.46145,61.2439,-17.2911,-8.51098,61.3033,0.0567645,0.0162705,0.512766,0.057716,-0.0111947,0.512873
-2.67744,1.55979,15.0157,-2.56597,-1.83235,15.0565,0.358058,4.40703,17.9134,0.602839,-4.52625,18.0941
-16.4164,19.1188,93.0632,-15.2618,-20.1251,93.1085,-13.3289,10.2344,63.5213,-12.7397,-11.2359,63.7631
-5.57838,20.6336,95.408,-4.35489,-20.9785,95.4308,0.278138,10.7887,48.6092,0.900561,-10.9757,48.7595
1.38975,19.2313,85.1686,2.50595,-19.1595,85.1653,-22.9387,37.3241,146.669,-20.7755,-38.6337,146.69
3.20302,17.2575,75.5158,4.17101,-17.0424,75.5452,-23.8912,37.5227,145.842,-21.7467,-38.7455,145.835
3.89593,15.4604,67.4694,4.73598,-15.1689,67.5277,-19.0035,31.9532,123.332,-17.204,-32.8151,123.32
4.16023,14.1144,61.6844,4.9081,-13.7811,61.7582,-14.8818,27.114,104.65,-13.3738,-27.6916,104.633
4.20203,12.6339,55.8561,4.86192,-12.2891,55.9316,-10.0018,21.4916,84.1278,-8.81844,-21.7918,84.1088
3.98479,11.4223,51.3009,4.58033,-11.0913,51.3679,-6.0862,16.8577,67.5082,-5.16319,-16.962,67.488
3.83738,10.4072,47.5229,4.38472,-10.0928,47.5755,-2.87955,13.1008,54.3398,-2.16313,-13.0625,54.3182
3.5728,9.61415,44.6468,4.08711,-9.32583,44.6822,-0.276296,10.0355,43.7493,0.274096,-9.89343,43.7265
3.03013,9.16745,43.1674,3.5311,-8.9174,43.1859,1.60744,7.77549,36.0226,2.03695,-7.5639,35.9982
2.71762,8.81943,41.9886,3.2075,-8.59275,41.9959,2.98765,6.1219,30.6088,3.32767,-5.8588,30.5845
2.51116,8.54613,41.0269,2.99183,-8.33383,41.0265,3.9312,4.94529,26.8257,4.20685,-4.64648,26.8023
2.33918,8.35676,40.346,2.8138,-8.15483,40.3397,4.48233,4.20563,24.4443,4.71746,-3.88653,24.4214
2.18767,8.23564,39.8976,2.65908,-8.04174,39.8865,4.70618,3.82321,23.2124,4.92092,-3.49748,23.1891
2.05236,8.16428,39.618,2.52275,-7.97689,39.6026,4.66439,3.71335,22.8754,4.87452,-3.39261,22.8504
1.93205,8.13023,39.4527,2.40308,-7.94874,39.4331,4.35974,3.84341,23.3433,4.57936,-3.54009,23.3152
1.81843,8.11121,39.352,2.29098,-7.9345,39.3276,3.91509,4.07851,24.1802,4.15054,-3.79909,24.1482
1.71681,8.08968,39.253,2.19101,-7.91692,39.223,3.47967,4.30007,24.9682,3.73042,-4.04373,24.9314
1.61108,8.07396,39.1884,2.088,-7.9055,39.1512,2.92589,4.60453,26.0703,3.19777,-4.37773,26.0266
1.47684,8.04862,39.3311,1.95607,-7.88801,39.2874,2.38236,4.86363,27.2674,2.67322,-4.66644,27.2154
1.62036,8.01355,39.0012,2.11387,-7.85798,38.9327,2.61124,4.78404,26.8607,2.90332,-4.52865,26.7992
-17.774,7.46145,61.2439,-17.2911,-8.51098,61.3033,0.0567645,0.0162705,0.512766,0.0577161,-0.0111947,0.512873
-2.67744,1.55979,15.0157,-2.56597,-1.83235,15.0565,0.358059,4.40703,17.9134,0.60284,-4.52625,18.0941
-16.4164,19.1188,93.0632,-15.2618,-20.1251,93.1085,-13.3289,10.2344,63.5213,-12.7397,-11.2359,63.7631
-5.57838,20.6336,95.408,-4.35489,-20.9785,95.4308,0.278138,10.7887,48.6093,0.900561,-10.9758,48.7595
1.38975,19.2313,85.1686,2.50595,-19.1595,85.1653,-22.9387,37.3241,146.669,-20.7755,-38.6337,146.69
3.20302,17.2575,75.5158,4.17101,-17.0424,75.5452,-23.8912,37.5227,145.842,-21.7467,-38.7455,145.835
3.89593,15.4604,67.4694,4.73598,-15.169,67.5277,-19.0035,31.9532,123.332,-17.204,-32.8151,123.32
4.16023,14.1144,61.6844,4.9081,-13.7811,61.7582,-14.8818,27.114,104.65,-13.3738,-27.6916,104.633
4.20203,12.6339,55.8561,4.86192,-12.2891,55.9316,-10.0018,21.4916,84.1278,-8.81844,-21.7918,84.1088
3.98479,11.4223,51.3009,4.58033,-11.0913,51.3679,-6.0862,16.8577,67.5082,-5.16319,-16.962,67.488
3.83738,10.4072,47.5229,4.38472,-10.0928,47.5755,-2.87955,13.1008,54.3398,-2.16313,-13.0625,54.3182
3.5728,9.61415,44.6468,4.08711,-9.32583,44.6822,-0.276296,10.0355,43.7493,0.274096,-9.89343,43.7265
3.03013,9.16745,43.1674,3.5311,-8.9174,43.1859,1.60744,7.77549,36.0226,2.03695,-7.5639,35.9982
2.71762,8.81943,41.9886,3.2075,-8.59275,41.9959,2.98765,6.1219,30.6088,3.32767,-5.8588,30.5845
2.51116,8.54613,41.0269,2.99183,-8.33383,41.0265,3.9312,4.94529,26.8257,4.20685,-4.64648,26.8023
2.33918,8.35676,40.346,2.8138,-8.15483,40.3397,4.48233,4.20563,24.4443,4.71746,-3.88653,24.4214
2.18767,8.23564,39.8976,2.65908,-8.04174,39.8865,4.70618,3.82321,23.2124,4.92092,-3.49748,23.1891
2.05236,8.16428,39.618,2.52275,-7.97689,39.6026,4.66439,3.71335,22.8754,4.87452,-3.39261,22.8504
1.93205,8.13023,39.4527,2.40308,-7.94874,39.4331,4.35974,3.84341,23.3433,4.57936,-3.54009,23.3152
1.81843,8.11121,39.352,2.29098,-7.9345,39.3276,3.91509,4.07851,24.1802,4.15054,-3.79909,24.1482
1.71681,8.08968,39.253,2.19101,-7.91692,39.223,3.47967,4.30007,24.9682,3.73042,-4.04373,24.9314
1.61108,8.07396,39.1884,2.088,-7.9055,39.1512,2.92589,4.60453,26.0703,3.19777,-4.37773,26.0266
1.47684,8.04862,39.3311,1.95607,-7.88801,39.2874,2.38236,4.86363,27.2674,2.67322,-4.66644,27.2154
1.62035,8.01355,39.0012,2.11387,-7.85798,38.9327,2.61124,4.78404,26.8607,2.90332,-4.52865,26.7992
-17.774,7.46145,61.2439,-17.2911,-8.51098,61.3033,0.0567645,0.0162705,0.512766,0.0577161,-0.0111947,0.512873
-2.67744,1.55979,15.0157,-2.56597,-1.83235,15.0565,0.358059,4.40703,17.9134,0.60284,-4.52625,18.0941
-16.4164,19.1188,93.0632,-15.2618,-20.1251,93.1085,-13.3289,10.2344,63.5213,-12.7397,-11.2359,63.7631
-5.57838,20.6336,95.408,-4.35489,-20.9785,95.4308,0.278139,10.7887,48.6092,0.900562,-10.9757,48.7595
1.38975,19.2313,85.1686,2.50595,-19.1595,85.1653,-22.9387,37.3241,146.669,-20.7755,-38.6337,146.69
3.20302,17.2575,75.5158,4.17101,-17.0424,75.5452,-23.8912,37.5227,145.842,-21.7467,-38.7455,145.835
3.89593,15.4604,67.4694,4.73598,-15.169,67.5277,-19.0035,31.9532,123.332,-17.204,-32.8151,123.32
4.16023,14.1144,61.6844,4.9081,-13.7811,61.7582,-14.8818,27.114,104.65,-13.3738,-27.6916,104.633
4.20203,12.6339,55.8561,4.86192,-12.2891,55.9316,-10.0018,21.4916,84.1278,-8.81844,-21.7918,84.1088
3.98479,11.4223,51.3009,4.58033,-11.0913,51.3679,-6.0862,16.8577,67.5082,-5.16319,-16.962,67.488
3.83738,10.4072,47.5229,4.38472,-10.0928,47.5755,-2.87955,13.1008,54.3398,-2.16313,-13.0625,54.3182
3.5728,9.61415,44.6468,4.08711,-9.32583,44.6822,-0.276296,10.0355,43.7493,0.274096,-9.89343,43.7265
3.03013,9.16745,43.1674,3.5311,-8.9174,43.1859,1.60744,7.77549,36.0226,2.03695,-7.5639,35.9982
2.71762,8.81943,41.9886,3.2075,-8.59275,41.9959,2.98765,6.1219,30.6088,3.32767,-5.8588,30.5845
2.51116,8.54613,41.0269,2.99183,-8.33383,41.0265,3.9312,4.94529,26.8257,4.20685,-4.64648,26.8023
2.33918,8.35676,40.346,2.8138,-8.15483,40.3397,4.48233,4.20563,24.4443,4.71746,-3.88653,24.4214
2.18767,8.23564,39.8976,2.65908,-8.04174,39.8865,4.70618,3.82321,23.2124,4.92092,-3.49748,23.1891
2.05236,8.16428,39.618,2.52275,-7.97689,39.6026,4.66439,3.71335,22.8754,4.87452,-3.39261,22.8504
1.93205,8.13023,39.4527,2.40308,-7.94874,39.4331,4.35974,3.84341,23.3433,4.57936,-3.54009,23.3152
1.81843,8.11121,39.352,2.29098,-7.9345,39.3276,3.91509,4.07851,24.1802,4.15054,-3.79909,24.1482
1.71681,8.08968,39.253,2.19101,-7.91692,39.223,3.47967,4.30007,24.9682,3.73042,-4.04373,24.9314
1.61108,8.07396,39.1884,2.088,-7.9055,39.1512,2.92589,4.60453,26.0703,3.19777,-4.37773,26.0266
1.47684,8.04862,39.3311,1.95607,-7.88801,39.2874,2.38236,4.86363,27.2674,2.67322,-4.66644,27.2154
1.62035,8.01355,39.0012,2.11387,-7.85798,38.9327,2.61124,4.78404,26.8607,2.90332,-4.52865,26.7992
-17.774,7.46145,61.2439,-17.2911,-8.51098,61.3033,0.0567645,0.0162705,0.512766,0.0577161,-0.0111947,0.512873
-2.67744,1.55979,15.0157,-2.56597,-1.83235,15.0565,0.358059,4.40703,17.9134,0.602841,-4.52625,18.0941
-16.4164,19.1188,93.0632,-15.2618,-20.1251,93.1085,-13.3289,10.2344,63.5213,-12.7397,-11.2359,63.7631
-5.57838,20.6336,95.408,-4.35489,-20.9785,95.4308,0.278139,10.7887,48.6092,0.900562,-10.9757,48.7595
1.38975,19.2313,85.1686,2.50595,-19.1595,85.1653,-22.9387,37.3241,146.669,-20.7755,-38.6337,146.69
3.20302,17.2575,75.5158,4.17101,-17.0424,75.5452,-23.8912,37.5227,145.842,-21.7467,-38.7455,145.835
3.89593,15.4604,67.4694,4.73598,-15.169,67.5277,-19.0035,31.9532,123.332,-17.204,-32.8151,123.32
4.16023,14.1144,61.6844,4.9081,-13.7811,61.7582,-14.8818,27.114,104.65,-13.3738,-27.6916,104.633
4.20203,12.6339,55.8561,4.86192,-12.2891,55.9316,-10.0018,21.4916,84.1278,-8.81844,-21.7918,84.1088
3.98479,11.4223,51.3009,4.58033,-11.0913,51.3679,-6.0862,16.8577,67.5082,-5.16319,-16.962,67.488
3.83738,10.4072,47.5229,4.38472,-10.0928,47.5755,-2.87955,13.1008,54.3398,-2.16313,-13.0625,54.3182
3.5728,9.61415,44.6468,4.08711,-9.32583,44.6822,-0.276296,10.0355,43.7493,0.274096,-9.89343,43.7265
3.03013,9.16745,43.1674,3.5311,-8.9174,43.1859,1.60744,7.77549,36.0226,2.03695,-7.5639,35.9982
2.71762,8.81943,41.9886,3.2075,-8.59275,41.9959,2.98765,6.1219,30.6088,3.32767,-5.8588,30.5845
2.51116,8.54613,41.0269,2.99183,-8.33383,41.0265,3.9312,4.94529,26.8257,4.20685,-4.64648,26.8023
2.33918,8.35676,40.346,2.8138,-8.15483,40.3397,4.48233,4.20563,24.4443,4.71747,-3.88653,24.4214
2.18767,8.23564,39.8976,2.65908,-8.04174,39.8865,4.70618,3.82321,23.2124,4.92092,-3.49748,23.1891
2.05236,8.16428,39.618,2.52275,-7.97689,39.6026,4.66439,3.71335,22.8754,4.87452,-3.39261,22.8504
1.93205,8.13023,39.4527,2.40308,-7.94874,39.4331,4.35974,3.84341,23.3433,4.57936,-3.54009,23.3152
1.81843,8.11121,39.352,2.29098,-7.9345,39.3276,3.91509,4.07851,24.1802,4.15054,-3.79909,24.1482
1.71681,8.08968,39.253,2.19101,-7.91692,39.223,3.47967,4.30007,24.9682,3.73042,-4.04373,24.9314
1.61108,8.07396,39.1884,2.088,-7.9055,39.1512,2.92589,4.60453,26.0703,3.19777,-4.37773,26.0266
1.47684,8.04862,39.3311,1.95607,-7.88801,39.2874,2.38236,4.86363,27.2674,2.67322,-4.66644,27.2154
1.62035,8.01355,39.0012,2.11387,-7.85798,38.9327,2.61124,4.78404,26.8607,2.90332,-4.52865,26.7992
-17.774,7.46145,61.2439,-17.2911,-8.51098,61.3033,0.0567645,0.0162705,0.512766,0.0577161,-0.0111947,0.512873
-2.67744,1.55979,15.0157,-2.56597,-1.83235,15.0565,0.358059,4.40703,17.9134,0.602841,-4.52625,18.0941
-16.4164,19.1188,93.0632,-15.2618,-20.1251,93.1085,-13.3289,10.2344,63.5213,-12.7397,-11.2359,63.7631
-5.57838,20.6336,95.408,-4.35489,-20.9785,95.4308,0.278139,10.7887,48.6092,0.900562,-10.9757,48.7595
1.38975,19.2313,85.1686,2.50595,-19.1595,85.1653,-22.9387,37.3241,146.669,-20.7755,-38.6337,146.69
3.20302,17.2575,75.5158,4.17101,-17.0424,75.5452,-23.8912,37.5227,145.842,-21.7467,-38.7455,145.835
3.89593,15.4604,67.4694,4.73598,-15.169,67.5277,-19.0035,31.9532,123.332,-17.204,-32.8151,123.32
4.16023,14.1144,61.6844,4.9081,-13.7811,61.7582,-14.8818,27.114,104.65,-13.3738,-27.6916,104.633
4.20203,12.6339,55.8561,4.86192,-12.2891,55.9316,-10.0018,21.4916,84.1278,-8.81844,-21.7918,84.1088
3.98479,11.4223,51.3009,4.58033,-11.0913,51.3679,-6.0862,16.8577,67.5082,-5.16319,-16.962,67.488
3.83738,10.4072,47.5229,4.38472,-10.0928,47.5755,-2.87955,13.1008,54.3398,-2.16313,-13.0625,54.3182
3.5728,9.61415,44.6468,4.08711,-9.32583,44.6822,-0.276296,10.0355,43.7493,0.274096,-9.89343,43.7265
3.03013,9.16745,43.1674,3.5311,-8.9174,43.1859,1.60744,7.77549,36.0226,2.03695,-7.5639,35.9982
2.71762,8.81943,41.9886,3.2075,-8.59275,41.9959,2.98765,6.1219,30.6088,3.32767,-5.8588,30.5845
2.51116,8.54613,41.0269,2.99183,-8.33383,41.0265,3.9312,4.94529,26.8257,4.20685,-4.64648,26.8023
2.33918,8.35676,40.346,2.8138,-8.15483,40.3397,4.48233,4.20563,24.4442,4.71747,-3.88653,24.4214
2.18767,8.23564,39.8976,2.65908,-8.04174,39.8865,4.70618,3.82321,23.2124,4.92092,-3.49748,23.1891
2.05236,8.16428,39.618,2.52275,-7.97689,39.6026,4.66439,3.71335,22.8754,4.87452,-3.39261,22.8504
1.93205,8.13023,39.4527,2.40308,-7.94874,39.4331,4.35974,3.84341,23.3433,4.57936,-3.54009,23.3152
1.81843,8.11121,39.352,2.29098,-7.9345,39.3276,3.91509,4.07851,24.1802,4.15054,-3.79909,24.1482
1.71681,8.08968,39.253,2.19101,-7.91692,39.223,3.47967,4.30007,24.9682,3.73042,-4.04373,24.9314
1.61108,8.07396,39.1884,2.088,-7.9055,39.1512,2.92589,4.60453,26.0703,3.19777,-4.37773,26.0266
1.47684,8.04862,39.3311,1.95607,-7.88801,39.2874,2.38236,4.86363,27.2674,2.67322,-4.66644,27.2154
1.62035,8.01355,39.0012,2.11387,-7.85798,38.9327,2.61124,4.78404,26.8607,2.90332,-4.52865,26.7992
-17.774,7.46145,61.2439,-17.2911,-8.51098,61.3033,0.0567645,0.0162705,0.512766,0.0577161,-0.0111947,0.512873
-2.67744,1.55979,15.0157,-2.56597,-1.83235,15.0565,0.358059,4.40703,17.9134,0.602841,-4.52625,18.0941
-16.4164,19.1188,93.0632,-15.2618,-20.1251,93.1085,-13.3289,10.2344,63.5213,-12.7397,-11.2359,63.7631
-5.57838,20.6336,95.408,-4.35489,-20.9785,95.4308,0.278139,10.7887,48.6092,0.900562,-10.9757,48.7595
1.38975,19.2313,85.1686,2.50595,-19.1595,85.1653,-22.9387,37.3241,146.669,-20.7755,-38.6337,146.69
3.20302,17.2575,75.5158,4.17101,-17.0424,75.5452,-23.8912,37.5227,145.842,-21.7467,-38.7455,145.835
3.89593,15.4604,67.4694,4.73598,-15.169,67.5277,-19.0035,31.9532,123.332,-17.204,-32.8151,123.32
4.16023,14.1144,61.6844,4.9081,-13.7811,61.7582,-14.8818,27.114,104.65,-13.3738,-27.6916,104.633
4.20203,12.6339,55.8561,4.86192,-12.2891,55.9316,-10.0018,21.4916,84.1278,-8.81844,-21.7918,84.1088
3.98479,11.4223,51.3009,4.58033,-11.0913,51.3679,-6.0862,16.8577,67.5082,-5.16319,-16.962,67.488
3.83738,10.4072,47.5229,4.38472,-10.0928,47.5755,-2.87955,13.1008,54.3398,-2.16312,-13.0625,54.3182
3.5728,9.61415,44.6468,4.08711,-9.32583,44.6822,-0.276296,10.0355,43.7493,0.274096,-9.89343,43.7265
3.03013,9.16745,43.1674,3.5311,-8.9174,43.1859,1.60744,7.77549,36.0226,2.03695,-7.5639,35.9982
2.71762,8.81943,41.9886,3.2075,-8.59275,41.9959,2.98765,6.1219,30.6088,3.32767,-5.8588,30.5845
2.51116,8.54613,41.0269,2.99183,-8.33383,41.0265,3.9312,4.94529,26.8257,4.20685,-4.64648,26.8023
2.33918,8.35676,40.346,2.8138,-8.15483,40.3397,4.48233,4.20563,24.4442,4.71747,-3.88653,24.4214
2.18767,8.23564,39.8976,2.65908,-8.04174,39.8865,4.70618,3.82321,23.2124,4.92092,-3.49748,23.1891
2.05236,8.16428,39.618,2.52275,-7.97689,39.6026,4.66439,3.71335,22.8754,4.87452,-3.39261,22.8504
1.93205,8.13023,39.4527,2.40308,-7.94874,39.4331,4.35974,3.84341,23.3433,4.57936,-3.54009,23.3152
1.81843,8.11121,39.352,2.29098,-7.9345,39.3276,3.91509,4.07851,24.1802,4.15054,-3.79909,24.1482
1.71681,8.08968,39.253,2.19101,-7.91692,39.223,3.47967,4.30007,24.9682,3.73042,-4.04373,24.9314
1.61108,8.07396,39.1884,2.088,-7.9055,39.1512,2.92589,4.60453,26.0703,3.19777,-4.37773,26.0266
1.47684,8.04862,39.3311,1.95607,-7.88801,39.2874,2.38236,4.86363,27.2674,2.67322,-4.66644,27.2154
1.62035,8.01355,39.0012,2.11387,-7.85798,38.9327,2.61124,4.78404,26.8607,2.90332,-4.52865,26.7992
-17.7741,7.46146,61.244,-17.2911,-8.511,61.3033,0.0567641,0.0162703,0.512766,0.0577156,-0.0111946,0.512873
-2.67746,1.55979,15.0157,-2.56598,-1.83235,15.0565,0.358035,4.40701,17.9134,0.60282,-4.52624,18.094
-16.4165,19.1188,93.0633,-15.2618,-20.1251,93.1085,-13.329,10.2343,63.5213,-12.7398,-11.2359,63.7631
-5.57841,20.6336,95.408,-4.35491,-20.9785,95.4309,0.27812,10.7887,48.6092,0.900544,-10.9757,48.7595
1.38976,19.2313,85.1686,2.50595,-19.1595,85.1653,-22.9387,37.3242,146.669,-20.7755,-38.6337,146.69
3.20303,17.2575,75.5158,4.17102,-17.0424,75.5452,-23.8912,37.5227,145.842,-21.7467,-38.7455,145.835
3.89595,15.4604,67.4693,4.73599,-15.1689,67.5277,-19.0035,31.9532,123.332,-17.2039,-32.8151,123.32
4.16025,14.1144,61.6844,4.90811,-13.781,61.7582,-14.8818,27.114,104.65,-13.3738,-27.6916,104.633
4.20204,12.6339,55.856,4.86193,-12.2891,55.9316,-10.0018,21.4916,84.1278,-8.81843,-21.7918,84.1088
3.9848,11.4223,51.3009,4.58034,-11.0913,51.3679,-6.08619,16.8577,67.5082,-5.16319,-16.962,67.488
3.83739,10.4072,47.5229,4.38473,-10.0928,47.5755,-2.87954,13.1008,54.3398,-2.16312,-13.0625,54.3182
3.57281,9.61415,44.6468,4.08711,-9.32582,44.6822,-0.276294,10.0355,43.7493,0.274098,-9.89343,43.7265
3.03013,9.16745,43.1674,3.5311,-8.9174,43.1859,1.60744,7.7755,36.0226,2.03695,-7.5639,35.9983
2.71762,8.81942,41.9886,3.20751,-8.59275,41.9959,2.98765,6.1219,30.6088,3.32767,-5.85881,30.5845
2.51116,8.54613,41.0269,2.99183,-8.33382,41.0265,3.9312,4.9453,26.8257,4.20685,-4.64648,26.8023
2.33918,8.35675,40.346,2.8138,-8.15482,40.3397,4.48233,4.20563,24.4443,4.71746,-3.88653,24.4214
2.18767,8.23563,39.8976,2.65908,-8.04174,39.8865,4.70617,3.82321,23.2125,4.92092,-3.49748,23.1891
2.05236,8.16427,39.618,2.52276,-7.97688,39.6026,4.66439,3.71335,22.8754,4.87451,-3.39261,22.8505
1.93206,8.13023,39.4527,2.40308,-7.94874,39.4331,4.35974,3.84341,23.3433,4.57935,-3.54009,23.3153
1.81843,8.11121,39.352,2.29099,-7.9345,39.3276,3.91508,4.07851,24.1802,4.15053,-3.79909,24.1482
1.71681,8.08968,39.253,2.19101,-7.91692,39.223,3.47966,4.30007,24.9682,3.73042,-4.04373,24.9314
1.61108,8.07396,39.1884,2.08801,-7.9055,39.1512,2.92588,4.60453,26.0703,3.19777,-4.37773,26.0266
1.47685,8.04861,39.3311,1.95607,-7.88801,39.2874,2.38236,4.86363,27.2674,2.67321,-4.66644,27.2154
1.62036,8.01355,39.0012,2.11387,-7.85798,38.9327,2.61124,4.78404,26.8607,2.90332,-4.52865,26.7992
-17.7741,7.46146,61.2439,-17.2911,-8.51099,61.3033,0.0567643,0.0162704,0.512766,0.0577159,-0.0111947,0.512873
-2.67745,1.55979,15.0157,-2.56597,-1.83235,15.0565,0.358047,4.40702,17.9134,0.602831,-4.52624,18.0941
-16.4165,19.1188,93.0632,-15.2618,-20.1251,93.1085,-13.329,10.2344,63.5213,-12.7398,-11.2359,63.7631
-5.57839,20.6336,95.408,-4.3549,-20.9785,95.4309,0.27813,10.7887,48.6092,0.900553,-10.9757,48.7595
1.38976,19.2313,85.1686,2.50595,-19.1595,85.1653,-22.9387,37.3241,146.669,-20.7755,-38.6337,146.69
3.20302,17.2575,75.5158,4.17101,-17.0424,75.5452,-23.8912,37.5227,145.842,-21.7467,-38.7455,145.835
3.89594,15.4604,67.4694,4.73599,-15.1689,67.5277,-19.0035,31.9532,123.332,-17.2039,-32.8151,123.32
4.16024,14.1144,61.6844,4.9081,-13.7811,61.7582,-14.8818,27.114,104.65,-13.3738,-27.6916,104.633
4.20203,12.6339,55.856,4.86192,-12.2891,55.9316,-10.0018,21.4916,84.1278,-8.81844,-21.7918,84.1088
3.98479,11.4223,51.3009,4.58033,-11.0913,51.3679,-6.08619,16.8577,67.5082,-5.16319,-16.962,67.488
3.83739,10.4072,47.5229,4.38473,-10.0928,47.5755,-2.87955,13.1008,54.3398,-2.16313,-13.0625,54.3182
3.5728,9.61415,44.6468,4.08711,-9.32583,44.6822,-0.276295,10.0355,43.7493,0.274097,-9.89343,43.7265
3.03013,9.16745,43.1674,3.5311,-8.9174,43.1859,1.60744,7.7755,36.0226,2.03695,-7.5639,35.9982
2.71762,8.81942,41.9886,3.20751,-8.59275,41.9959,2.98765,6.1219,30.6088,3.32767,-5.85881,30.5845
2.51116,8.54613,41.0269,2.99183,-8.33382,41.0265,3.9312,4.9453,26.8257,4.20685,-4.64648,26.8023
2.33918,8.35675,40.346,2.8138,-8.15482,40.3397,4.48233,4.20563,24.4443,4.71746,-3.88653,24.4214
2.18767,8.23564,39.8976,2.65908,-8.04174,39.8865,4.70617,3.82321,23.2124,4.92092,-3.49748,23.1891
2.05236,8.16427,39.618,2.52275,-7.97689,39.6026,4.66439,3.71335,22.8754,4.87451,-3.39261,22.8505
1.93206,8.13023,39.4527,2.40308,-7.94874,39.4331,4.35974,3.84341,23.3433,4.57936,-3.54009,23.3152
1.81843,8.11121,39.352,2.29098,-7.9345,39.3276,3.91509,4.07851,24.1802,4.15053,-3.79909,24.1482
1.71681,8.08968,39.253,2.19101,-7.91692,39.223,3.47966,4.30007,24.9682,3.73042,-4.04373,24.9314
1.61108,8.07396,39.1884,2.08801,-7.9055,39.1512,2.92588,4.60453,26.0703,3.19777,-4.37773,26.0266
1.47685,8.04862,39.3311,1.95607,-7.88801,39.2874,2.38236,4.86363,27.2674,2.67321,-4.66644,27.2154
1.62036,8.01355,39.0012,2.11387,-7.85798,38.9327,2.61124,4.78404,26.8607,2.90332,-4.52865,26.7992
-17.7741,7.46145,61.2439,-17.2911,-8.51099,61.3033,0.0567644,0.0162705,0.512766,0.057716,-0.0111947,0.512873
-2.67745,1.55979,15.0157,-2.56597,-1.83235,15.0565,0.358053,4.40703,17.9134,0.602836,-4.52625,18.0941
-16.4164,19.1188,93.0632,-15.2618,-20.1251,93.1085,-13.329,10.2344,63.5213,-12.7397,-11.2359,63.7631
-5.57839,20.6336,95.408,-4.35489,-20.9785,95.4309,0.278134,10.7887,48.6092,0.900557,-10.9757,48.7595
1.38976,19.2313,85.1686,2.50595,-19.1595,85.1653,-22.9387,37.3241,146.669,-20.7755,-38.6337,146.69
3.20302,17.2575,75.5158,4.17101,-17.0424,75.5452,-23.8912,37.5227,145.842,-21.7467,-38.7455,145.835
3.89594,15.4604,67.4694,4.73599,-15.1689,67.5277,-19.0035,31.9532,123.332,-17.204,-32.8151,123.32
4.16023,14.1144,61.6844,4.9081,-13.7811,61.7582,-14.8818,27.114,104.65,-13.3738,-27.6916,104.633
4.20203,12.6339,55.856,4.86192,-12.2891,55.9316,-10.0018,21.4916,84.1278,-8.81844,-21.7918,84.1088
3.98479,11.4223,51.3009,4.58033,-11.0913,51.3679,-6.08619,16.8577,67.5082,-5.16319,-16.962,67.488
3.83739,10.4072,47.5229,4.38472,-10.0928,47.5755,-2.87955,13.1008,54.3398,-2.16313,-13.0625,54.3182
3.5728,9.61415,44.6468,4.08711,-9.32583,44.6822,-0.276295,10.0355,43.7493,0.274097,-9.89343,43.7265
3.03013,9.16745,43.1674,3.5311,-8.9174,43.1859,1.60744,7.77549,36.0226,2.03695,-7.5639,35.9982
2.71762,8.81943,41.9886,3.20751,-8.59275,41.9959,2.98765,6.1219,30.6088,3.32767,-5.85881,30.5845
2.51116,8.54613,41.0269,2.99183,-8.33383,41.0265,3.9312,4.9453,26.8257,4.20685,-4.64648,26.8023
2.33918,8.35675,40.346,2.8138,-8.15482,40.3397,4.48233,4.20563,24.4443,4.71746,-3.88653,24.4214
2.18767,8.23564,39.8976,2.65908,-8.04174,39.8865,4.70618,3.82321,23.2124,4.92092,-3.49748,23.1891
2.05236,8.16427,39.618,2.52275,-7.97689,39.6026,4.66439,3.71335,22.8754,4.87452,-3.39261,22.8504
1.93205,8.13023,39.4527,2.40308,-7.94874,39.4331,4.35974,3.84341,23.3433,4.57936,-3.54009,23.3152
1.81843,8.11121,39.352,2.29098,-7.9345,39.3276,3.91509,4.07851,24.1802,4.15054,-3.79909,24.1482
1.71681,8.08968,39.253,2.19101,-7.91692,39.223,3.47967,4.30007,24.9682,3.73042,-4.04373,24.9314
1.61108,8.07396,39.1884,2.088,-7.9055,39.1512,2.92589,4.60453,26.0703,3.19777,-4.37773,26.0266
1.47684,8.04862,39.3311,1.95607,-7.88801,39.2874,2.38236,4.86363,27.2674,2.67321,-4.66644,27.2154
1.62036,8.01355,39.0012,2.11387,-7.85798,38.9327,2.61124,4.78404,26.8607,2.90332,-4.52865,26.7992
-17.774,7.46145,61.2439,-17.2911,-8.51099,61.3033,0.0567645,0.0162705,0.512766,0.057716,-0.0111947,0.512873
-2.67745,1.55979,15.0157,-2.56597,-1.83235,15.0565,0.358056,4.40703,17.9134,0.602838,-4.52625,18.0941
-16.4164,19.1188,93.0632,-15.2618,-20.1251,93.1085,-13.3289,10.2344,63.5213,-12.7397,-11.2359,63.7631
-5.57838,20.6336,95.408,-4.35489,-20.9785,95.4308,0.278137,10.7887,48.6092,0.90056,-10.9757,48.7595
1.38975,19.2313,85.1686,2.50595,-19.1595,85.1653,-22.9387,37.3241,146.669,-20.7755,-38.6337,146.69
3.20302,17.2575,75.5158,4.17101,-17.0424,75.5452,-23.8912,37.5227,145.842,-21.7467,-38.7455,145.835
3.89594,15.4604,67.4694,4.73598,-15.1689,67.5277,-19.0035,31.9532,123.332,-17.204,-32.8151,123.32
4.16023,14.1144,61.6844,4.9081,-13.7811,61.7582,-14.8818,27.114,104.65,-13.3738,-27.6916,104.633
4.20203,12.6339,55.856,4.86192,-12.2891,55.9316,-10.0018,21.4916,84.1278,-8.81844,-21.7918,84.1088
3.98479,11.4223,51.3009,4.58033,-11.0913,51.3679,-6.0862,16.8577,67.5082,-5.16319,-16.962,67.488
3.83738,10.4072,47.5229,4.38472,-10.0928,47.5755,-2.87955,13.1008,54.3398,-2.16312,-13.0625,54.3182
3.5728,9.61415,44.6468,4.08711,-9.32583,44.6822,-0.276295,10.0355,43.7493,0.274096,-9.89343,43.7265
3.03013,9.16745,43.1674,3.5311,-8.9174,43.1859,1.60744,7.77549,36.0226,2.03695,-7.5639,35.9982
2.71762,8.81943,41.9886,3.2075,-8.59275,41.9959,2.98765,6.1219,30.6088,3.32767,-5.85881,30.5845
2.51116,8.54613,41.0269,2.99183,-8.33383,41.0265,3.9312,4.9453,26.8257,4.20685,-4.64648,26.8023
2.33918,8.35676,40.346,2.8138,-8.15483,40.3397,4.48233,4.20563,24.4443,4.71746,-3.88653,24.4214
2.18767,8.23564,39.8976,2.65908,-8.04174,39.8865,4.70618,3.82321,23.2124,4.92092,-3.49748,23.1891
2.05236,8.16427,39.618,2.52275,-7.97689,39.6026,4.66439,3.71335,22.8754,4.87452,-3.39261,22.8504
1.93205,8.13023,39.4527,2.40308,-7.94874,39.4331,4.35974,3.84341,23.3433,4.57936,-3.54009,23.3152
1.81843,8.11121,39.352,2.29098,-7.9345,39.3276,3.91509,4.07851,24.1802,4.15054,-3.79909,24.1482
1.71681,8.08968,39.253,2.19101,-7.91692,39.223,3.47967,4.30007,24.9682,3.73042,-4.04373,24.9314
1.61108,8.07396,39.1884,2.088,-7.9055,39.1512,2.92589,4.60453,26.0703,3.19777,-4.37773,26.0266
1.47684,8.04862,39.3311,1.95607,-7.88801,39.2874,2.38236,4.86363,27.2674,2.67321,-4.66644,27.2154
1.62036,8.01355,39.0012,2.11387,-7.85798,38.9327,2.61124,4.78404,26.8607,2.90332,-4.52865,26.7992
-17.774,7.46145,61.2439,-17.2911,-8.51098,61.3033,0.0567645,0.0162705,0.512766,0.057716,-0.0111947,0.512873
-2.67744,1.55979,15.0157,-2.56597,-1.83235,15.0565,0.358058,4.40703,17.9134,0.602839,-4.52625,18.0941
-16.4164,19.1188,93.0632,-15.2618,-20.1251,93.1085,-13.3289,10.2344,63.5213,-12.7397,-11.2359,63.7631
-5.57838,20.6336,95.408,-4.35489,-20.9785,95.4308,0.278138,10.7887,48.6092,0.900561,-10.9757,48.7595
1.38975,19.2313,85.1686,2.50595,-19.1595,85.1653,-22.9387,37.3241,146.669,-20.7755,-38.6337,146.69
3.20302,17.2575,75.5158,4.17101,-17.0424,75.5452,-23.8912,37.5227,145.842,-21.7467,-38.7455,145.835
3.89593,15.4604,67.4694,4.73598,-15.1689,67.5277,-19.0035,31.9532,123.332,-17.204,-32.8151,123.32
4.16023,14.1144,61.6844,4.9081,-13.7811,61.7582,-14.8818,27.114,104.65,-13.3738,-27.6916,104.633
4.20203,12.6339,55.8561,4.86192,-12.2891,55.9316,-10.0018,21.4916,84.1278,-8.81844,-21.7918,84.1088
3.98479,11.4223,51.3009,4.58033,-11.0913,51.3679,-6.0862,16.8577,67.5082,-5.16319,-16.962,67.488
3.83738,10.4072,47.5229,4.38472,-10.0928,47.5755,-2.87955,13.1008,54.3398,-2.16313,-13.0625,54.3182
3.5728,9.61415,44.6468,4.08711,-9.32583,44.6822,-0.276296,10.0355,43.7493,0.274096,-9.89343,43.7265
3.03013,9.16745,43.1674,3.5311,-8.9174,43.1859,1.60744,7.77549,36.0226,2.03695,-7.5639,35.9982
2.71762,8.81943,41.9886,3.2075,-8.59275,41.9959,2.98765,6.1219,30.6088,3.32767,-5.8588,30.5845
2.51116,8.54613,41.0269,2.99183,-8.33383,41.0265,3.9312,4.94529,26.8257,4.20685,-4.64648,26.8023
2.33918,8.35676,40.346,2.8138,-8.15483,40.3397,4.48233,4.20563,24.4443,4.71746,-3.88653,24.4214
2.18767,8.23564,39.8976,2.65908,-8.04174,39.8865,4.70618,3.82321,23.2124,4.92092,-3.49748,23.1891
2.05236,8.16428,39.618,2.52275,-7.97689,39.6026,4.66439,3.71335,22.8754,4.87452,-3.39261,22.8504
1.93205,8.13023,39.4527,2.40308,-7.94874,39.4331,4.35974,3.84341,23.3433,4.57936,-3.54009,23.3152
1.81843,8.11121,39.352,2.29098,-7.9345,39.3276,3.91509,4.07851,24.1802,4.15054,-3.79909,24.1482
1.71681,8.08968,39.253,2.19101,-7.91692,39.223,3.47967,4.30007,24.9682,3.73042,-4.04373,24.9314
1.61108,8.07396,39.1884,2.088,-7.9055,39.1512,2.92589,4.60453,26.0703,3.19777,-4.37773,26.0266
1.47684,8.04862,39.3311,1.95607,-7.88801,39.2874,2.38236,4.86363,27.2674,2.67322,-4.66644,27.2154
1.62036,8.01355,39.0012,2.11387,-7.85798,38.9327,2.61124,4.78404,26.8607,2.90332,-4.52865,26.7992
-17.774,7.46145,61.2439,-17.2911,-8.51098,61.3033,0.0567645,0.0162705,0.512766,0.0577161,-0.0111947,0.512873
-2.67744,1.55979,15.0157,-2.56597,-1.83235,15.0565,0.358059,4.40703,17.9134,0.60284,-4.52625,18.0941
-16.4164,19.1188,93.0632,-15.2618,-20.1251,93.1085,-13.3289,10.2344,63.5213,-12.7397,-11.2359,63.7631
-5.57838,20.6336,95.408,-4.35489,-20.9785,95.4308,0.278139,10.7887,48.6092,0.900561,-10.9757,48.7595
1.38975,19.2313,85.1686,2.50595,-19.1595,85.1653,-22.9387,37.3241,146.669,-20.7755,-38.6337,146.69
3.20302,17.2575,75.5158,4.17101,-17.0424,75.5452,-23.8912,37.5227,145.842,-21.7467,-38.7455,145.835
3.89593,15.4604,67.4694,4.73598,-15.169,67.5277,-19.0035,31.9532,123.332,-17.204,-32.8151,123.32
4.16023,14.1144,61.6844,4.9081,-13.7811,61.7582,-14.8818,27.114,104.65,-13.3738,-27.6916,104.633
4.20203,12.6339,55.8561,4.86192,-12.2891,55.9316,-10.0018,21.4916,84.1278,-8.81844,-21.7918,84.1088
3.98479,11.4223,51.3009,4.58033,-11.0913,51.3679,-6.0862,16.8577,67.5082,-5.16319,-16.962,67.488
3.83738,10.4072,47.5229,4.38472,-10.0928,47.5755,-2.87955,13.1008,54.3398,-2.16313,-13.0625,54.3182
3.5728,9.61415,44.6468,4.08711,-9.32583,44.6822,-0.276296,10.0355,43.7493,0.274096,-9.89343,43.7265
3.03013,9.16745,43.1674,3.5311,-8.9174,43.1859,1.60744,7.77549,36.0226,2.03695,-7.5639,35.9982
2.71762,8.81943,41.9886,3.2075,-8.59275,41.9959,2.98765,6.1219,30.6088,3.32767,-5.8588,30.5845
2.51116,8.54613,41.0269,2.99183,-8.33383,41.0265,3.9312,4.94529,26.8257,4.20685,-4.64648,26.8023
2.33918,8.35676,40.346,2.8138,-8.15483,40.3397,4.48233,4.20563,24.4443,4.71746,-3.88653,24.4214
2.18767,8.23564,39.8976,2.65908,-8.04174,39.8865,4.70618,3.82321,23.2124,4.92092,-3.49748,23.1891
2.05236,8.16428,39.618,2.52275,-7.97689,39.6026,4.66439,3.71335,22.8754,4.87452,-3.39261,22.8504
1.93205,8.13023,39.4527,2.40308,-7.94874,39.4331,4.35974,3.84341,23.3433,4.57936,-3.54009,23.3152
1.81843,8.11121,39.352,2.29098,-7.9345,39.3276,3.91509,4.07851,24.1802,4.15054,-3.79909,24.1482
1.71681,8.08968,39.253,2.19101,-7.91692,39.223,3.47967,4.30007,24.9682,3.73042,-4.04373,24.9314
1.61108,8.07396,39.1884,2.088,-7.9055,39.1512,2.92589,4.60453,26.0703,3.19777,-4.37773,26.0266
1.47684,8.04862,39.3311,1.95607,-7.88801,39.2874,2.38236,4.86363,27.2674,2.67322,-4.66644,27.2154
1.62035,8.01355,39.0012,2.11387,-7.85798,38.9327,2.61124,4.78404,26.8607,2.90332,-4.52865,26.7992
-17.774,7.46145,61.2439,-17.2911,-8.51098,61.3033,0.0567645,0.0162705,0.512766,0.0577161,-0.0111947,0.512873
-2.67744,1.55979,15.0157,-2.56597,-1.83235,15.0565,0.358059,4.40703,17.9134,0.60284,-4.52625,18.0941
-16.4164,19.1188,93.0632,-15.2618,-20.1251,93.1085,-13.3289,10.2344,63.5213,-12.7397,-11.2359,63.7631
-5.57838,20.6336,95.408,-4.35489,-20.9785,95.4308,0.278137,10.7887,48.6093,0.900561,-10.9758,48.7595
1.38975,19.2313,85.1686,2.50595,-19.1595,85.1653,-22.9387,37.3241,146.669,-20.7755,-38.6337,146.69
3.20302,17.2575,75.5158,4.17101,-17.0424,75.5452,-23.8912,37.5227,145.842,-21.7467,-38.7455,145.835
3.89593,15.4604,67.4694,4.73598,-15.169,67.5277,-19.0035,31.9532,123.332,-17.204,-32.8151,123.32
4.16023,14.1144,61.6844,4.9081,-13.7811,61.7582,-14.8818,27.114,104.65,-13.3738,-27.6916,104.633
4.20203,12.6339,55.8561,4.86192,-12.2891,55.9316,-10.0018,21.4916,84.1278,-8.81844,-21.7918,84.1088
3.98479,11.4223,51.3009,4.58033,-11.0913,51.3679,-6.0862,16.8577,67.5082,-5.16319,-16.962,67.488
3.83738,10.4072,47.5229,4.38472,-10.0928,47.5755,-2.87955,13.1008,54.3398,-2.16313,-13.0625,54.3182
3.5728,9.61415,44.6468,4.08711,-9.32583,44.6822,-0.276296,10.0355,43.7493,0.274096,-9.89343,43.7265
3.03013,9.16745,43.1674,3.5311,-8.9174,43.1859,1.60744,7.77549,36.0226,2.03695,-7.5639,35.9982
2.71762,8.81943,41.9886,3.2075,-8.59275,41.9959,2.98765,6.1219,30.6088,3.32767,-5.8588,30.5845
2.51116,8.54613,41.0269,2.99183,-8.33383,41.0265,3.9312,4.94529,26.8257,4.20685,-4.64648,26.8023
2.33918,8.35676,40.346,2.8138,-8.15483,40.3397,4.48233,4.20563,24.4443,4.71746,-3.88653,24.4214
2.18767,8.23564,39.8976,2.65908,-8.04174,39.8865,4.70618,3.82321,23.2124,4.92092,-3.49748,23.1891
2.05236,8.16428,39.618,2.52275,-7.97689,39.6026,4.66439,3.71335,22.8754,4.87452,-3.39261,22.8504
1.93205,8.13023,39.4527,2.40308,-7.94874,39.4331,4.35974,3.84341,23.3433,4.57936,-3.54009,23.3152
1.81843,8.11121,39.352,2.29098,-7.9345,39.3276,3.91509,4.07851,24.1802,4.15054,-3.79909,24.1482
1.71681,8.08968,39.253,2.19101,-7.91692,39.223,3.47967,4.30007,24.9682,3.73042,-4.04373,24.9314
1.61108,8.07396,39.1884,2.088,-7.9055,39.1512,2.92589,4.60453,26.0703,3.19777,-4.37773,26.0266
1.47684,8.04862,39.3311,1.95607,-7.88801,39.2874,2.38236,4.86363,27.2674,2.67322,-4.66644,27.2154
1.62035,8.01355,39.0012,2.11387,-7.85798,38.9327,2.61124,4.78404,26.8607,2.90332,-4.52865,26.7992
-17.774,7.46145,61.2439,-17.2911,-8.51098,61.3033,0.0567645,0.0162705,0.512766,0.0577161,-0.0111947,0.512873
-2.67744,1.55979,15.0157,-2.56597,-1.83235,15.0565,0.358059,4.40703,17.9134,0.602841,-4.52625,18.0941
-16.4164,19.1188,93.0632,-15.2618,-20.1251,93.1085,-13.3289,10.2344,63.5213,-12.7397,-11.2359,63.7631
-5.57838,20.6336,95.408,-4.35489,-20.9785,95.4308,0.278138,10.7887,48.6092,0.900561,-10.9757,48.7595
1.38975,19.2313,85.1686,2.50595,-19.1595,85.1653,-22.9387,37.3241,146.669,-20.7755,-38.6337,146.69
3.20302,17.2575,75.5158,4.17101,-17.0424,75.5452,-23.8912,37.5227,145.842,-21.7467,-38.7455,145.835
3.89593,15.4604,67.4694,4.73598,-15.169,67.5277,-19.0035,31.9532,123.332,-17.204,-32.8151,123.32
4.16023,14.1144,61.6844,4.9081,-13.7811,61.7582,-14.8818,27.114,104.65,-13.3738,-27.6916,104.633
4.20203,12.6339,55.8561,4.86192,-12.2891,55.9316,-10.0018,21.4916,84.1278,-8.81844,-21.7918,84.1088
3.98479,11.4223,51.3009,4.58033,-11.0913,51.3679,-6.0862,16.8577,67.5082,-5.16319,-16.962,67.488
3.83738,10.4072,47.5229,4.38472,-10.0928,47.5755,-2.87955,13.1008,54.3398,-2.16313,-13.0625,54.3182
3.5728,9.61415,44.6468,4.08711,-9.32583,44.6822,-0.276296,10.0355,43.7493,0.274096,-9.89343,43.7265
3.03013,9.16745,43.1674,3.5311,-8.9174,43.1859,1.60744,7.77549,36.0226,2.03695,-7.5639,35.9982
2.71762,8.81943,41.9886,3.2075,-8.59275,41.9959,2.98765,6.1219,30.6088,3.32767,-5.8588,30.5845
2.51116,8.54613,41.0269,2.99183,-8.33383,41.0265,3.9312,4.94529,26.8257,4.20685,-4.64648,26.8023
2.33918,8.35676,40.346,2.8138,-8.15483,40.3397,4.48233,4.20563,24.4443,4.71746,-3.88653,24.4214
2.18767,8.23564,39.8976,2.65908,-8.04174,39.8865,4.70618,3.82321,23.2124,4.92092,-3.49748,23.1891
2.05236,8.16428,39.618,2.52275,-7.97689,39.6026,4.66439,3.71335,22.8754,4.87452,-3.39261,22.8504
1.93205,8.13023,39.4527,2.40308,-7.94874,39.4331,4.35974,3.84341,23.3433,4.57936,-3.54009,23.3152
1.81843,8.11121,39.352,2.29098,-7.9345,39.3276,3.91509,4.07851,24.1802,4.15054,-3.79909,24.1482
1.71681,8.08968,39.253,2.19101,-7.91692,39.223,3.47967,4.30007,24.9682,3.73042,-4.04373,24.9314
1.61108,8.07396,39.1884,2.088,-7.9055,39.1512,2.92589,4.60453,26.0703,3.19777,-4.37773,26.0266
1.47684,8.04862,39.3311,1.95607,-7.88801,39.2874,2.38236,4.86363,27.2674,2.67322,-4.66644,27.2154
1.62035,8.01355,39.0012,2.11387,-7.85798,38.9327,2.61124,4.78404,26.8607,2.90332,-4.52865,26.7992
-17.774,7.46145,61.2439,-17.2911,-8.51098,61.3033,0.0567645,0.0162705,0.512766,0.0577161,-0.0111947,0.512873
-2.67744,1.55979,15.0157,-2.56597,-1.83235,15.0565,0.358059,4.40703,17.9134,0.602841,-4.52625,18.0941
-16.4164,19.1188,93.0632,-15.2618,-20.1251,93.1085,-13.3289,10.2344,63.5213,-12.7397,-11.2359,63.7631
-5.57838,20.6336,95.408,-4.35489,-20.9785,95.4308,0.278139,10.7887,48.6092,0.900562,-10.9757,48.7595
1.38975,19.2313,85.1686,2.50595,-19.1595,85.1653,-22.9387,37.3241,146.669,-20.7755,-38.6337,146.69
3.20302,17.2575,75.5158,4.17101,-17.0424,75.5452,-23.8912,37.5227,145.842,-21.7467,-38.7455,145.835
3.89593,15.4604,67.4694,4.73598,-15.169,67.5277,-19.0035,31.9532,123.332,-17.204,-32.8151,123.32
4.16023,14.1144,61.6844,4.9081,-13.7811,61.7582,-14.8818,27.114,104.65,-13.3738,-27.6916,104.633
4.20203,12.6339,55.8561,4.86192,-12.2891,55.9316,-10.0018,21.4916,84.1278,-8.81844,-21.7918,84.1088
3.98479,11.4223,51.3009,4.58033,-11.0913,51.3679,-6.0862,16.8577,67.5082,-5.16319,-16.962,67.488
3.83738,10.4072,47.5229,4.38472,-10.0928,47.5755,-2.87955,13.1008,54.3398,-2.16313,-13.0625,54.3182
3.5728,9.61415,44.6468,4.08711,-9.32583,44.6822,-0.276296,10.0355,43.7493,0.274096,-9.89343,43.7265
3.03013,9.16745,43.1674,3.5311,-8.9174,43.1859,1.60744,7.77549,36.0226,2.03695,-7.5639,35.9982
2.71762,8.81943,41.9886,3.2075,-8.59275,41.9959,2.98765,6.1219,30.6088,3.32767,-5.8588,30.5845
2.51116,8.54613,41.0269,2.99183,-8.33383,41.0265,3.9312,4.94529,26.8257,4.20685,-4.64648,26.8023
2.33918,8.35676,40.346,2.8138,-8.15483,40.3397,4.48233,4.20563,24.4442,4.71747,-3.88653,24.4214
2.18767,8.23564,39.8976,2.65908,-8.04174,39.8865,4.70618,3.82321,23.2124,4.92092,-3.49748,23.1891
2.05236,8.16428,39.618,2.52275,-7.97689,39.6026,4.66439,3.71335,22.8754,4.87452,-3.39261,22.8504
1.93205,8.13023,39.4527,2.40308,-7.94874,39.4331,4.35974,3.84341,23.3433,4.57936,-3.54009,23.3152
1.81843,8.11121,39.352,2.29098,-7.9345,39.3276,3.91509,4.07851,24.1802,4.15054,-3.79909,24.1482
1.71681,8.08968,39.253,2.19101,-7.91692,39.223,3.47967,4.30007,24.9682,3.73042,-4.04373,24.9314
1.61108,8.07396,39.1884,2.088,-7.9055,39.1512,2.92589,4.60453,26.0703,3.19777,-4.37773,26.0266
1.47684,8.04862,39.3311,1.95607,-7.88801,39.2874,2.38236,4.86363,27.2674,2.67322,-4.66644,27.2154
1.62035,8.01355,39.0012,2.11387,-7.85798,38.9327,2.61124,4.78404,26.8607,2.90332,-4.52865,26.7992
-17.774,7.46145,61.2439,-17.2911,-8.51098,61.3033,0.0567645,0.0162705,0.512766,0.0577161,-0.0111947,0.512873
-2.67744,1.55979,15.0157,-2.56597,-1.83235,15.0565,0.358059,4.40703,17.9134,0.602841,-4.52625,18.0941
-16.4164,19.1188,93.0632,-15.2618,-20.1251,93.1085,-13.3289,10.2344,63.5213,-12.7397,-11.2359,63.7631
-5.57838,20.6336,95.408,-4.35489,-20.9785,95.4308,0.278139,10.7887,48.6092,0.900562,-10.9757,48.7595
1.38975,19.2313,85.1686,2.50595,-19.1595,85.1653,-22.9387,37.3241,146.669,-20.7755,-38.6337,146.69
3.20302,17.2575,75.5158,4.17101,-17.0424,75.5452,-23.8912,37.5227,145.842,-21.7467,-38.7455,145.835
3.89593,15.4604,67.4694,4.73598,-15.169,67.5277,-19.0035,31.9532,123.332,-17.204,-32.8151,123.32
4.16023,14.1144,61.6844,4.9081,-13.7811,61.7582,-14.8818,27.114,104.65,-13.3738,-27.6916,104.633
4.20203,12.6339,55.8561,4.86192,-12.2891,55.9316,-10.0018,21.4916,84.1278,-8.81844,-21.7918,84.1088
3.98479,11.4223,51.3009,4.58033,-11.0913,51.3679,-6.0862,16.8577,67.5082,-5.16319,-16.962,67.488
3.83738,10.4072,47.5229,4.38472,-10.0928,47.5755,-2.87955,13.1008,54.3398,-2.16313,-13.0625,54.3182
3.5728,9.61415,44.6468,4.08711,-9.32583,44.6822,-0.276296,10.0355,43.7493,0.274096,-9.89343,43.7265
3.03013,9.16745,43.1674,3.5311,-8.9174,43.1859,1.60744,7.77549,36.0226,2.03695,-7.5639,35.9982
2.71762,8.81943,41.9886,3.2075,-8.59275,41.9959,2.98765,6.1219,30.6088,3.32767,-5.8588,30.5845
2.51116,8.54613,41.0269,2.99183,-8.33383,41.0265,3.9312,4.94529,26.8257,4.20685,-4.64648,26.8023
2.33918,8.35676,40.346,2.8138,-8.15483,40.3397,4.48233,4.20563,24.4442,4.71747,-3.88653,24.4214
2.18767,8.23564,39.8976,2.65908,-8.04174,39.8865,4.70618,3.82321,23.2124,4.92092,-3.49748,23.1891
2.05236,8.16428,39.618,2.52275,-7.97689,39.6026,4.66439,3.71335,22.8754,4.87452,-3.39261,22.8504
1.93205,8.13023,39.4527,2.40308,-7.94874,39.4331,4.35974,3.84341,23.3433,4.57936,-3.54009,23.3152
1.81843,8.11121,39.352,2.29098,-7.9345,39.3276,3.91509,4.07851,24.1802,4.15054,-3.79909,24.1482
1.71681,8.08968,39.253,2.19101,-7.91692,39.223,3.47967,4.30007,24.9682,3.73042,-4.04373,24.9314
1.61108,8.07396,39.1884,2.088,-7.9055,39.1512,2.92589,4.60453,26.0703,3.19777,-4.37773,26.0266
1.47684,8.04862,39.3311,1.95607,-7.88801,39.2874,2.38236,4.86363,27.2674,2.67322,-4.66644,27.2154
1.62035,8.01355,39.0012,2.11387,-7.85798,38.9327,2.61124,4.78404,26.8607,2.90332,-4.52865,26.7992
-17.774,7.46145,61.2439,-17.2911,-8.51098,61.3033,0.0567645,0.0162705,0.512766,0.0577161,-0.0111947,0.512873
-2.67744,1.55979,15.0157,-2.56597,-1.83235,15.0565,0.358059,4.40703,17.9134,0.602841,-4.52625,18.0941
-16.4164,19.1188,93.0632,-15.2618,-20.1251,93.1085,-13.3289,10.2344,63.5213,-12.7397,-11.2359,63.7631
-5.57838,20.6336,95.408,-4.35489,-20.9785,95.4308,0.278139,10.7887,48.6092,0.900562,-10.9757,48.7595
1.38975,19.2313,85.1686,2.50595,-19.1595,85.1653,-22.9387,37.3241,146.669,-20.7755,-38.6337,146.69
3.20302,17.2575,75.5158,4.17101,-17.0424,75.5452,-23.8912,37.5227,145.842,-21.7467,-38.7455,145.835
3.89593,15.4604,67.4694,4.73598,-15.169,67.5277,-19.0035,31.9532,123.332,-17.204,-32.8151,123.32
4.16023,14.1144,61.6844,4.9081,-13.7811,61.7582,-14.8818,27.114,104.65,-13.3738,-27.6916,104.633
4.20203,12.6339,55.8561,4.86192,-12.2891,55.9316,-10.0018,21.4916,84.1278,-8.81844,-21.7918,84.1088
3.98479,11.4223,51.3009,4.58033,-11.0913,51.3679,-6.0862,16.8577,67.5082,-5.16319,-16.962,67.488
3.83738,10.4072,47.5229,4.38472,-10.0928,47.5755,-2.87955,13.1008,54.3398,-2.16312,-13.0625,54.3182
3.5728,9.61415,44.6468,4.08711,-9.32583,44.6822,-0.276296,10.0355,43.7493,0.274096,-9.89343,43.7265
3.03013,9.16745,43.1674,3.5311,-8.9174,43.1859,1.60744,7.77549,36.0226,2.03695,-7.5639,35.9982
2.71762,8.81943,41.9886,3.2075,-8.59275,41.9959,2.98765,6.1219,30.6088,3.32767,-5.8588,30.5845
2.51116,8.54613,41.0269,2.99183,-8.33383,41.0265,3.9312,4.94529,26.8257,4.20685,-4.64648,26.8023
2.33918,8.35676,40.346,2.8138,-8.15483,40.3397,4.48233,4.20563,24.4442,4.71747,-3.88653,24.4214
2.18767,8.23564,39.8976,2.65908,-8.04174,39.8865,4.70618,3.82321,23.2124,4.92092,-3.49748,23.1891
2.05236,8.16428,39.618,2.52275,-7.97689,39.6026,4.66439,3.71335,22.8754,4.87452,-3.39261,22.8504
1.93205,8.13023,39.4527,2.40308,-7.94874,39.4331,4.35974,3.84341,23.3433,4.57936,-3.54009,23.3152
1.81843,8.11121,39.352,2.29098,-7.9345,39.3276,3.91509,4.07851,24.1802,4.15054,-3.79909,24.1482
1.71681,8.08968,39.253,2.19101,-7.91692,39.223,3.47967,4.30007,24.9682,3.73042,-4.04373,24.9314
1.61108,8.07396,39.1884,2.088,-7.9055,39.1512,2.92589,4.60453,26.0703,3.19777,-4.37773,26.0266
1.47684,8.04862,39.3311,1.95607,-7.88801,39.2874,2.38236,4.86363,27.2674,2.67322,-4.66644,27.2154
1.62035,8.01355,39.0012,2.11387,-7.85798,38.9327,2.61124,4.78404,26.8607,2.90332,-4.52865,26.7992
-17.7741,7.46146,61.244,-17.2911,-8.511,61.3033,0.0567641,0.0162703,0.512766,0.0577156,-0.0111946,0.512873
-2.67746,1.55979,15.0157,-2.56598,-1.83235,15.0565,0.358035,4.40701,17.9134,0.60282,-4.52624,18.094
-16.4165,19.1188,93.0633,-15.2618,-20.1251,93.1085,-13.329,10.2343,63.5213,-12.7398,-11.2359,63.7631
-5.57841,20.6336,95.408,-4.35491,-20.9785,95.4309,0.27812,10.7887,48.6093,0.900544,-10.9757,48.7595
1.38976,19.2313,85.1686,2.50595,-19.1595,85.1653,-22.9387,37.3242,146.669,-20.7755,-38.6337,146.69
3.20303,17.2575,75.5158,4.17102,-17.0424,75.5452,-23.8912,37.5227,145.842,-21.7467,-38.7455,145.835
3.89595,15.4604,67.4693,4.73599,-15.1689,67.5277,-19.0035,31.9532,123.332,-17.2039,-32.8151,123.32
4.16025,14.1144,61.6844,4.90811,-13.781,61.7582,-14.8818,27.114,104.65,-13.3738,-27.6916,104.633
4.20204,12.6339,55.856,4.86193,-12.2891,55.9316,-10.0018,21.4916,84.1278,-8.81843,-21.7918,84.1088
3.9848,11.4223,51.3009,4.58034,-11.0913,51.3679,-6.08619,16.8577,67.5082,-5.16319,-16.962,67.488
3.83739,10.4072,47.5229,4.38473,-10.0928,47.5755,-2.87954,13.1008,54.3398,-2.16312,-13.0625,54.3182
3.57281,9.61415,44.6468,4.08711,-9.32582,44.6822,-0.276294,10.0355,43.7493,0.274098,-9.89343,43.7265
3.03013,9.16745,43.1674,3.5311,-8.9174,43.1859,1.60744,7.7755,36.0226,2.03695,-7.5639,35.9983
2.71762,8.81942,41.9886,3.20751,-8.59275,41.9959,2.98765,6.1219,30.6088,3.32767,-5.85881,30.5845
2.51116,8.54613,41.0269,2.99183,-8.33382,41.0265,3.9312,4.9453,26.8257,4.20685,-4.64648,26.8023
2.33918,8.35675,40.346,2.8138,-8.15482,40.3397,4.48233,4.20563,24.4443,4.71746,-3.88653,24.4214
2.18767,8.23563,39.8976,2.65908,-8.04174,39.8865,4.70617,3.82321,23.2125,4.92092,-3.49748,23.1891
2.05236,8.16427,39.618,2.52276,-7.97688,39.6026,4.66439,3.71336,22.8754,4.87451,-3.39261,22.8505
1.93206,8.13023,39.4527,2.40308,-7.94874,39.4331,4.35974,3.84341,23.3433,4.57935,-3.54009,23.3153
1.81843,8.11121,39.352,2.29099,-7.9345,39.3276,3.91508,4.07851,24.1802,4.15053,-3.79909,24.1482
1.71681,8.08968,39.253,2.19101,-7.91692,39.223,3.47966,4.30007,24.9682,3.73042,-4.04373,24.9314
1.61108,8.07396,39.1884,2.08801,-7.9055,39.1512,2.92588,4.60453,26.0703,3.19777,-4.37773,26.0266
1.47685,8.04861,39.3311,1.95607,-7.88801,39.2874,2.38236,4.86363,27.2674,2.67321,-4.66644,27.2154
1.62036,8.01355,39.0012,2.11387,-7.85798,38.9327,2.61124,4.78404,26.8607,2.90332,-4.52865,26.7992
-17.7741,7.46146,61.2439,-17.2911,-8.51099,61.3033,0.0567643,0.0162704,0.512766,0.0577159,-0.0111947,0.512873
-2.67745,1.55979,15.0157,-2.56597,-1.83235,15.0565,0.358047,4.40702,17.9134,0.602831,-4.52624,18.0941
-16.4165,19.1188,93.0632,-15.2618,-20.1251,93.1085,-13.329,10.2344,63.5213,-12.7398,-11.2359,63.7631
-5.57839,20.6336,95.408,-4.3549,-20.9785,95.4309,0.27813,10.7887,48.6092,0.900553,-10.9757,48.7595
1.38976,19.2313,85.1686,2.50595,-19.1595,85.1653,-22.9387,37.3241,146.669,-20.7755,-38.6337,146.69
3.20302,17.2575,75.5158,4.17101,-17.0424,75.5452,-23.8912,37.5227,145.842,-21.7467,-38.7455,145.835
3.89594,15.4604,67.4694,4.73599,-15.1689,67.5277,-19.0035,31.9532,123.332,-17.2039,-32.8151,123.32
4.16024,14.1144,61.6844,4.9081,-13.7811,61.7582,-14.8818,27.114,104.65,-13.3738,-27.6916,104.633
4.20203,12.6339,55.856,4.86192,-12.2891,55.9316,-10.0018,21.4916,84.1278,-8.81844,-21.7918,84.1088
3.98479,11.4223,51.3009,4.58033,-11.0913,51.3679,-6.08619,16.8577,67.5082,-5.16319,-16.962,67.488
3.83739,10.4072,47.5229,4.38473,-10.0928,47.5755,-2.87955,13.1008,54.3398,-2.16313,-13.0625,54.3182
3.5728,9.61415,44.6468,4.08711,-9.32583,44.6822,-0.276295,10.0355,43.7493,0.274097,-9.89343,43.7265
3.03013,9.16745,43.1674,3.5311,-8.9174,43.1859,1.60744,7.7755,36.0226,2.03695,-7.5639,35.9982
2.71762,8.81942,41.9886,3.20751,-8.59275,41.9959,2.98765,6.1219,30.6088,3.32767,-5.85881,30.5845
2.51116,8.54613,41.0269,2.99183,-8.33382,41.0265,3.9312,4.9453,26.8257,4.20685,-4.64648,26.8023
2.33918,8.35675,40.346,2.8138,-8.15482,40.3397,4.48233,4.20563,24.4443,4.71746,-3.88653,24.4214
2.18767,8.23564,39.8976,2.65908,-8.04174,39.8865,4.70617,3.82321,23.2124,4.92092,-3.49748,23.1891
2.05236,8.16427,39.618,2.52275,-7.97689,39.6026,4.66439,3.71335,22.8754,4.87451,-3.39261,22.8505
1.93206,8.13023,39.4527,2.40308,-7.94874,39.4331,4.35974,3.84341,23.3433,4.57936,-3.54009,23.3152
1.81843,8.11121,39.352,2.29098,-7.9345,39.3276,3.91509,4.07851,24.1802,4.15053,-3.79909,24.1482
1.71681,8.08968,39.253,2.19101,-7.91692,39.223,3.47966,4.30007,24.9682,3.73042,-4.04373,24.9314
1.61108,8.07396,39.1884,2.08801,-7.9055,39.1512,2.92588,4.60453,26.0703,3.19777,-4.37773,26.0266
1.47685,8.04862,39.3311,1.95607,-7.88801,39.2874,2.38236,4.86363,27.2674,2.67321,-4.66644,27.2154
1.62036,8.01355,39.0012,2.11387,-7.85798,38.9327,2.61124,4.78404,26.8607,2.90332,-4.52865,26.7992
-17.7741,7.46145,61.2439,-17.2911,-8.51099,61.3033,0.0567644,0.0162705,0.512766,0.057716,-0.0111947,0.512873
-2.67745,1.55979,15.0157,-2.56597,-1.83235,15.0565,0.358053,4.40703,17.9134,0.602836,-4.52625,18.0941
-16.4164,19.1188,93.0632,-15.2618,-20.1251,93.1085,-13.329,10.2344,63.5213,-12.7397,-11.2359,63.7631
-5.57839,20.6336,95.408,-4.35489,-20.9785,95.4309,0.278135,10.7887,48.6092,0.900557,-10.9757,48.7595
1.38976,19.2313,85.1686,2.50595,-19.1595,85.1653,-22.9387,37.3241,146.669,-20.7755,-38.6337,146.69
3.20302,17.2575,75.5158,4.17101,-17.0424,75.5452,-23.8912,37.5227,145.842,-21.7467,-38.7455,145.835
3.89594,15.4604,67.4694,4.73599,-15.1689,67.5277,-19.0035,31.9532,123.332,-17.204,-32.8151,123.32
4.16023,14.1144,61.6844,4.9081,-13.7811,61.7582,-14.8818,27.114,104.65,-13.3738,-27.6916,104.633
4.20203,12.6339,55.856,4.86192,-12.2891,55.9316,-10.0018,21.4916,84.1278,-8.81844,-21.7918,84.1088
3.98479,11.4223,51.3009,4.58033,-11.0913,51.3679,-6.08619,16.8577,67.5082,-5.16319,-16.962,67.488
3.83739,10.4072,47.5229,4.38472,-10.0928,47.5755,-2.87955,13.1008,54.3398,-2.16313,-13.0625,54.3182
3.5728,9.61415,44.6468,4.08711,-9.32583,44.6822,-0.276295,10.0355,43.7493,0.274097,-9.89343,43.7265
3.03013,9.16745,43.1674,3.5311,-8.9174,43.1859,1.60744,7.77549,36.0226,2.03695,-7.5639,35.9982
2.71762,8.81943,41.9886,3.20751,-8.59275,41.9959,2.98765,6.1219,30.6088,3.32767,-5.85881,30.5845
2.51116,8.54613,41.0269,2.99183,-8.33383,41.0265,3.9312,4.9453,26.8257,4.20685,-4.64648,26.8023
2.33918,8.35675,40.346,2.8138,-8.15482,40.3397,4.48233,4.20563,24.4443,4.71746,-3.88653,24.4214
2.18767,8.23564,39.8976,2.65908,-8.04174,39.8865,4.70618,3.82321,23.2124,4.92092,-3.49748,23.1891
2.05236,8.16427,39.618,2.52275,-7.97689,39.6026,4.66439,3.71335,22.8754,4.87452,-3.39261,22.8504
1.93205,8.13023,39.4527,2.40308,-7.94874,39.4331,4.35974,3.84341,23.3433,4.57936,-3.54009,23.3152
1.81843,8.11121,39.352,2.29098,-7.9345,39.3276,3.91509,4.07851,24.1802,4.15054,-3.79909,24.1482
1.71681,8.08968,39.253,2.19101,-7.91692,39.223,3.47967,4.30007,24.9682,3.73042,-4.04373,24.9314
1.61108,8.07396,39.1884,2.088,-7.9055,39.1512,2.92589,4.60453,26.0703,3.19777,-4.37773,26.0266
1.47684,8.04862,39.3311,1.95607,-7.88801,39.2874,2.38236,4.86363,27.2674,2.67321,-4.66644,27.2154
1.62036,8.01355,39.0012,2.11387,-7.85798,38.9327,2.61124,4.78404,26.8607,2.90332,-4.52865,26.7992
-17.774,7.46145,61.2439,-17.2911,-8.51099,61.3033,0.0567645,0.0162705,0.512766,0.057716,-0.0111947,0.512873
-2.67745,1.55979,15.0157,-2.56597,-1.83235,15.0565,0.358056,4.40703,17.9134,0.602838,-4.52625,18.0941
-16.4164,19.1188,93.0632,-15.2618,-20.1251,93.1085,-13.3289,10.2344,63.5213,-12.7397,-11.2359,63.7631
-5.57838,20.6336,95.408,-4.35489,-20.9785,95.4308,0.278136,10.7887,48.6092,0.900559,-10.9757,48.7595
1.38975,19.2313,85.1686,2.50595,-19.1595,85.1653,-22.9387,37.3241,146.669,-20.7755,-38.6337,146.69
3.20302,17.2575,75.5158,4.17101,-17.0424,75.5452,-23.8912,37.5227,145.842,-21.7467,-38.7455,145.835
3.89594,15.4604,67.4694,4.73598,-15.1689,67.5277,-19.0035,31.9532,123.332,-17.204,-32.8151,123.32
4.16023,14.1144,61.6844,4.9081,-13.7811,61.7582,-14.8818,27.114,104.65,-13.3738,-27.6916,104.633
4.20203,12.6339,55.856,4.86192,-12.2891,55.9316,-10.0018,21.4916,84.1278,-8.81844,-21.7918,84.1088
3.98479,11.4223,51.3009,4.58033,-11.0913,51.3679,-6.0862,16.8577,67.5082,-5.16319,-16.962,67.488
3.83738,10.4072,47.5229,4.38472,-10.0928,47.5755,-2.87955,13.1008,54.3398,-2.16313,-13.0625,54.3182
3.5728,9.61415,44.6468,4.08711,-9.32583,44.6822,-0.276295,10.0355,43.7493,0.274096,-9.89343,43.7265
3.03013,9.16745,43.1674,3.5311,-8.9174,43.1859,1.60744,7.77549,36.0226,2.03695,-7.5639,35.9982
2.71762,8.81943,41.9886,3.2075,-8.59275,41.9959,2.98765,6.1219,30.6088,3.32767,-5.85881,30.5845
2.51116,8.54613,41.0269,2.99183,-8.33383,41.0265,3.9312,4.9453,26.8257,4.20685,-4.64648,26.8023
2.33918,8.35676,40.346,2.8138,-8.15483,40.3397,4.48233,4.20563,24.4443,4.71746,-3.88653,24.4214
2.18767,8.23564,39.8976,2.65908,-8.04174,39.8865,4.70618,3.82321,23.2124,4.92092,-3.49748,23.1891
2.05236,8.16427,39.618,2.52275,-7.97689,39.6026,4.66439,3.71335,22.8754,4.87452,-3.39261,22.8504
1.93205,8.13023,39.4527,2.40308,-7.94874,39.4331,4.35974,3.84341,23.3433,4.57936,-3.54009,23.3152
1.81843,8.11121,39.352,2.29098,-7.9345,39.3276,3.91509,4.07851,24.1802,4.15054,-3.79909,24.1482
1.71681,8.08968,39.253,2.19101,-7.91692,39.223,3.47967,4.30007,24.9682,3.73042,-4.04373,24.9314
1.61108,8.07396,39.1884,2.088,-7.9055,39.1512,2.92589,4.60453,26.0703,3.19777,-4.37773,26.0266
1.47684,8.04862,39.3311,1.95607,-7.88801,39.2874,2.38236,4.86363,27.2674,2.67321,-4.66644,27.2154
1.62036,8.01355,39.0012,2.11387,-7.85798,38.9327,2.61124,4.78404,26.8607,2.90332,-4.52865,26.7992
-17.774,7.46145,61.2439,-17.2911,-8.51098,61.3033,0.0567645,0.0162705,0.512766,0.057716,-0.0111947,0.512873
-2.67744,1.55979,15.0157,-2.56597,-1.83235,15.0565,0.358058,4.40703,17.9134,0.602839,-4.52625,18.0941
-16.4164,19.1188,93.0632,-15.2618,-20.1251,93.1085,-13.3289,10.2344,63.5213,-12.7397,-11.2359,63.7631
-5.57838,20.6336,95.408,-4.35489,-20.9785,95.4308,0.278137,10.7887,48.6092,0.90056,-10.9758,48.7595
1.38975,19.2313,85.1686,2.50595,-19.1595,85.1653,-22.9387,37.3241,146.669,-20.7755,-38.6337,146.69
3.20302,17.2575,75.5158,4.17101,-17.0424,75.5452,-23.8912,37.5227,145.842,-21.7467,-38.7455,145.835
3.89593,15.4604,67.4694,4.73598,-15.1689,67.5277,-19.0035,31.9532,123.332,-17.204,-32.8151,123.32
4.16023,14.1144,61.6844,4.9081,-13.7811,61.7582,-14.8818,27.114,104.65,-13.3738,-27.6916,104.633
4.20203,12.6339,55.8561,4.86192,-12.2891,55.9316,-10.0018,21.4916,84.1278,-8.81844,-21.7918,84.1088
3.98479,11.4223,51.3009,4.58033,-11.0913,51.3679,-6.0862,16.8577,67.5082,-5.16319,-16.962,67.488
3.83738,10.4072,47.5229,4.38472,-10.0928,47.5755,-2.87955,13.1008,54.3398,-2.16313,-13.0625,54.3182
3.5728,9.61415,44.6468,4.08711,-9.32583,44.6822,-0.276296,10.0355,43.7493,0.274096,-9.89343,43.7265
3.03013,9.16745,43.1674,3.5311,-8.9174,43.1859,1.60744,7.77549,36.0226,2.03695,-7.5639,35.9982
2.71762,8.81943,41.9886,3.2075,-8.59275,41.9959,2.98765,6.1219,30.6088,3.32767,-5.8588,30.5845
2.51116,8.54613,41.0269,2.99183,-8.33383,41.0265,3.9312,4.94529,26.8257,4.20685,-4.64648,26.8023
2.33918,8.35676,40.346,2.8138,-8.15483,40.3397,4.48233,4.20563,24.4443,4.71746,-3.88653,24.4214
2.18767,8.23564,39.8976,2.65908,-8.04174,39.8865,4.70618,3.82321,23.2124,4.92092,-3.49748,23.1891
2.05236,8.16428,39.618,2.52275,-7.97689,39.6026,4.66439,3.71335,22.8754,4.87452,-3.39261,22.8504
1.93205,8.13023,39.4527,2.40308,-7.94874,39.4331,4.35974,3.84341,23.3433,4.57936,-3.54009,23.3152
1.81843,8.11121,39.352,2.29098,-7.9345,39.3276,3.91509,4.07851,24.1802,4.15054,-3.79909,24.1482
1.71681,8.08968,39.253,2.19101,-7.91692,39.223,3.47967,4.30007,24.9682,3.73042,-4.04373,24.9314
1.61108,8.07396,39.1884,2.088,-7.9055,39.1512,2.92589,4.60453,26.0703,3.19777,-4.37773,26.0266
1.47684,8.04862,39.3311,1.95607,-7.88801,39.2874,2.38236,4.86363,27.2674,2.67322,-4.66644,27.2154
1.62036,8.01355,39.0012,2.11387,-7.85798,38.9327,2.61124,4.78404,26.8607,2.90332,-4.52865,26.7992
-17.774,7.46145,61.2439,-17.2911,-8.51098,61.3033,0.0567645,0.0162705,0.512766,0.0577161,-0.0111947,0.512873
-2.67744,1.55979,15.0157,-2.56597,-1.83235,15.0565,0.358059,4.40703,17.9134,0.60284,-4.52625,18.0941
-16.4164,19.1188,93.0632,-15.2618,-20.1251,93.1085,-13.3289,10.2344,63.5213,-12.7397,-11.2359,63.7631
-5.57838,20.6336,95.408,-4.35489,-20.9785,95.4308,0.278139,10.7887,48.6092,0.900561,-10.9757,48.7595
1.38975,19.2313,85.1686,2.50595,-19.1595,85.1653,-22.9387,37.3241,146.669,-20.7755,-38.6337,146.69
3.20302,17.2575,75.5158,4.17101,-17.0424,75.5452,-23.8912,37.5227,145.842,-21.7467,-38.7455,145.835
3.89593,15.4604,67.4694,4.73598,-15.169,67.5277,-19.0035,31.9532,123.332,-17.204,-32.8151,123.32
4.16023,14.1144,61.6844,4.9081,-13.7811,61.7582,-14.8818,27.114,104.65,-13.3738,-27.6916,104.633
4.20203,12.6339,55.8561,4.86192,-12.2891,55.9316,-10.0018,21.4916,84.1278,-8.81844,-21.7918,84.1088
3.98479,11.4223,51.3009,4.58033,-11.0913,51.3679,-6.0862,16.8577,67.5082,-5.16319,-16.962,67.488
3.83738,10.4072,47.5229,4.38472,-10.0928,47.5755,-2.87955,13.1008,54.3398,-2.16313,-13.0625,54.3182
3.5728,9.61415,44.6468,4.08711,-9.32583,44.6822,-0.276296,10.0355,43.7493,0.274096,-9.89343,43.7265
3.03013,9.16745,43.1674,3.5311,-8.9174,43.1859,1.60744,7.77549,36.0226,2.03695,-7.5639,35.9982
2.71762,8.81943,41.9886,3.2075,-8.59275,41.9959,2.98765,6.1219,30.6088,3.32767,-5.8588,30.5845
2.51116,8.54613,41.0269,2.99183,-8.33383,41.0265,3.9312,4.94529,26.8257,4.20685,-4.64648,26.8023
2.33918,8.35676,40.346,2.8138,-8.15483,40.3397,4.48233,4.20563,24.4443,4.71746,-3.88653,24.4214
2.18767,8.23564,39.8976,2.65908,-8.04174,39.8865,4.70618,3.82321,23.2124,4.92092,-3.49748,23.1891
2.05236,8.16428,39.618,2.52275,-7.97689,39.6026,4.66439,3.71335,22.8754,4.87452,-3.39261,22.8504
1.93205,8.13023,39.4527,2.40308,-7.94874,39.4331,4.35974,3.84341,23.3433,4.57936,-3.54009,23.3152
1.81843,8.11121,39.352,2.29098,-7.9345,39.3276,3.91509,4.07851,24.1802,4.15054,-3.79909,24.1482
1.71681,8.08968,39.253,2.19101,-7.91692,39.223,3.47967,4.30007,24.9682,3.73042,-4.04373,24.9314
1.61108,8.07396,39.1884,2.088,-7.9055,39.1512,2.92589,4.60453,26.0703,3.19777,-4.37773,26.0266
1.47684,8.04862,39.3311,1.95607,-7.88801,39.2874,2.38236,4.86363,27.2674,2.67322,-4.66644,27.2154
1.62035,8.01355,39.0012,2.11387,-7.85798,38.9327,2.61124,4.78404,26.8607,2.90332,-4.52865,26.7992
-17.774,7.46145,61.2439,-17.2911,-8.51098,61.3033,0.0567645,0.0162705,0.512766,0.0577161,-0.0111947,0.512873
-2.67744,1.55979,15.0157,-2.56597,-1.83235,15.0565,0.358059,4.40703,17.9134,0.60284,-4.52625,18.0941
-16.4164,19.1188,93.0632,-15.2618,-20.1251,93.1085,-13.3289,10.2344,63.5213,-12.7397,-11.2359,63.7631
-5.57838,20.6336,95.408,-4.35489,-20.9785,95.4308,0.278139,10.7887,48.6092,0.900562,-10.9757,48.7595
1.38975,19.2313,85.1686,2.50595,-19.1595,85.1653,-22.9387,37.3241,146.669,-20.7755,-38.6337,146.69
3.20302,17.2575,75.5158,4.17101,-17.0424,75.5452,-23.8912,37.5227,145.842,-21.7467,-38.7455,145.835
3.89593,15.4604,67.4694,4.73598,-15.169,67.5277,-19.0035,31.9532,123.332,-17.204,-32.8151,123.32
4.16023,14.1144,61.6844,4.9081,-13.7811,61.7582,-14.8818,27.114,104.65,-13.3738,-27.6916,104.633
4.20203,12.6339,55.8561,4.86192,-12.2891,55.9316,-10.0018,21.4916,84.1278,-8.81844,-21.7918,84.1088
3.98479,11.4223,51.3009,4.58033,-11.0913,51.3679,-6.0862,16.8577,67.5082,-5.16319,-16.962,67.488
3.83738,10.4072,47.5229,4.38472,-10.0928,47.5755,-2.87955,13.1008,54.3398,-2.16313,-13.0625,54.3182
3.5728,9.61415,44.6468,4.08711,-9.32583,44.6822,-0.276296,10.0355,43.7493,0.274096,-9.89343,43.7265
3.03013,9.16745,43.1674,3.5311,-8.9174,43.1859,1.60744,7.77549,36.0226,2.03695,-7.5639,35.9982
2.71762,8.81943,41.9886,3.2075,-8.59275,41.9959,2.98765,6.1219,30.6088,3.32767,-5.8588,30.5845
2.51116,8.54613,41.0269,2.99183,-8.33383,41.0265,3.9312,4.94529,26.8257,4.20685,-4.64648,26.8023
2.33918,8.35676,40.346,2.8138,-8.15483,40.3397,4.48233,4.20563,24.4443,4.71746,-3.88653,24.4214
2.18767,8.23564,39.8976,2.65908,-8.04174,39.8865,4.70618,3.82321,23.2124,4.92092,-3.49748,23.1891
2.05236,8.16428,39.618,2.52275,-7.97689,39.6026,4.66439,3.71335,22.8754,4.87452,-3.39261,22.8504
1.93205,8.13023,39.4527,2.40308,-7.94874,39.4331,4.35974,3.84341,23.3433,4.57936,-3.54009,23.3152
1.81843,8.11121,39.352,2.29098,-7.9345,39.3276,3.91509,4.07851,24.1802,4.15054,-3.79909,24.1482
1.71681,8.08968,39.253,2.19101,-7.91692,39.223,3.47967,4.30007,24.9682,3.73042,-4.04373,24.9314
1.61108,8.07396,39.1884,2.088,-7.9055,39.1512,2.92589,4.60453,26.0703,3.19777,-4.37773,26.0266
1.47684,8.04862,39.3311,1.95607,-7.88801,39.2874,2.38236,4.86363,27.2674,2.67322,-4.66644,27.2154
1.62035,8.01355,39.0012,2.11387,-7.85798,38.9327,2.61124,4.78404,26.8607,2.90332,-4.52865,26.7992
-17.774,7.46145,61.2439,-17.2911,-8.51098,61.3033,0.0567645,0.0162705,0.512766,0.0577161,-0.0111947,0.512873
-2.67744,1.55979,15.0157,-2.56597,-1.83235,15.0565,0.358059,4.40703,17.9134,0.602841,-4.52625,18.0941
-16.4164,19.1188,93.0632,-15.2618,-20.1251,93.1085,-13.3289,10.2344,63.5213,-12.7397,-11.2359,63.7631
-5.57838,20.6336,95.408,-4.35489,-20.9785,95.4308,0.278139,10.7887,48.6092,0.900562,-10.9757,48.7595
1.38975,19.2313,85.1686,2.50595,-19.1595,85.1653,-22.9387,37.3241,146.669,-20.7755,-38.6337,146.69
3.20302,17.2575,75.5158,4.17101,-17.0424,75.5452,-23.8912,37.5227,145.842,-21.7467,-38.7455,145.835
3.89593,15.4604,67.4694,4.73598,-15.169,67.5277,-19.0035,31.9532,123.332,-17.204,-32.8151,123.32
4.16023,14.1144,61.6844,4.9081,-13.7811,61.7582,-14.8818,27.114,104.65,-13.3738,-27.6916,104.633
4.20203,12.6339,55.8561,4.86192,-12.2891,55.9316,-10.0018,21.4916,84.1278,-8.81844,-21.7918,84.1088
3.98479,11.4223,51.3009,4.58033,-11.0913,51.3679,-6.0862,16.8577,67.5082,-5.16319,-16.962,67.488
3.83738,10.4072,47.5229,4.38472,-10.0928,47.5755,-2.87955,13.1008,54.3398,-2.16313,-13.0625,54.3182
3.5728,9.61415,44.6468,4.08711,-9.32583,44.6822,-0.276296,10.0355,43.7493,0.274096,-9.89343,43.7265
3.03013,9.16745,43.1674,3.5311,-8.9174,43.1859,1.60744,7.77549,36.0226,2.03695,-7.5639,35.9982
2.71762,8.81943,41.9886,3.2075,-8.59275,41.9959,2.98765,6.1219,30.6088,3.32767,-5.8588,30.5845
2.51116,8.54613,41.0269,2.99183,-8.33383,41.0265,3.9312,4.94529,26.8257,4.20685,-4.64648,26.8023
2.33918,8.35676,40.346,2.8138,-8.15483,40.3397,4.48233,4.20563,24.4443,4.71746,-3.88653,24.4214
2.18767,8.23564,39.8976,2.65908,-8.04174,39.8865,4.70618,3.82321,23.2124,4.92092,-3.49748,23.1891
2.05236,8.16428,39.618,2.52275,-7.97689,39.6026,4.66439,3.71335,22.8754,4.87452,-3.39261,22.8504
1.93205,8.13023,39.4527,2.40308,-7.94874,39.4331,4.35974,3.84341,23.3433,4.57936,-3.54009,23.3152
1.81843,8.11121,39.352,2.29098,-7.9345,39.3276,3.91509,4.07851,24.1802,4.15054,-3.79909,24.1482
1.71681,8.08968,39.253,2.19101,-7.91692,39.223,3.47967,4.30007,24.9682,3.73042,-4.04373,24.9314
1.61108,8.07396,39.1884,2.088,-7.9055,39.1512,2.92589,4.60453,26.0703,3.19777,-4.37773,26.0266
1.47684,8.04862,39.3311,1.95607,-7.88801,39.2874,2.38236,4.86363,27.2674,2.67322,-4.66644,27.2154
1.62035,8.01355,39.0012,2.11387,-7.85798,38.9327,2.61124,4.78404,26.8607,2.90332,-4.52865,26.7992
-17.774,7.46145,61.2439,-17.2911,-8.51098,61.3033,0.0567645,0.0162705,0.512766,0.0577161,-0.0111947,0.512873
-2.67744,1.55979,15.0157,-2.56597,-1.83235,15.0565,0.358059,4.40703,17.9134,0.602841,-4.52625,18.0941
-16.4164,19.1188,93.0632,-15.2618,-20.1251,93.1085,-13.3289,10.2344,63.5213,-12.7397,-11.2359,63.7631
-5.57838,20.6336,95.408,-4.35489,-20.9785,95.4308,0.278139,10.7887,48.6092,0.900562,-10.9757,48.7595
1.38975,19.2313,85.1686,2.50595,-19.1595,85.1653,-22.9387,37.3241,146.669,-20.7755,-38.6337,146.69
3.20302,17.2575,75.5158,4.17101,-17.0424,75.5452,-23.8912,37.5227,145.842,-21.7467,-38.7455,145.835
3.89593,15.4604,67.4694,4.73598,-15.169,67.5277,-19.0035,31.9532,123.332,-17.204,-32.8151,123.32
4.16023,14.1144,61.6844,4.9081,-13.7811,61.7582,-14.8818,27.114,104.65,-13.3738,-27.6916,104.633
4.20203,12.6339,55.8561,4.86192,-12.2891,55.9316,-10.0018,21.4916,84.1278,-8.81844,-21.7918,84.1088
3.98479,11.4223,51.3009,4.58033,-11.0913,51.3679,-6.0862,16.8577,67.5082,-5.16319,-16.962,67.488
3.83738,10.4072,47.5229,4.38472,-10.0928,47.5755,-2.87955,13.1008,54.3398,-2.16313,-13.0625,54.3182
3.5728,9.61415,44.6468,4.08711,-9.32583,44.6822,-0.276296,10.0355,43.7493,0.274096,-9.89343,43.7265
3.03013,9.16745,43.1674,3.5311,-8.9174,43.1859,1.60744,7.77549,36.0226,2.03695,-7.5639,35.9982
2.71762,8.81943,41.9886,3.2075,-8.59275,41.9959,2.98765,6.1219,30.6088,3.32767,-5.8588,30.5845
2.51116,8.54613,41.0269,2.99183,-8.33383,41.0265,3.9312,4.94529,26.8257,4.20685,-4.64648,26.8023
2.33918,8.35676,40.346,2.8138,-8.15483,40.3397,4.48233,4.20563,24.4442,4.71747,-3.88653,24.4214
2.18767,8.23564,39.8976,2.65908,-8.04174,39.8865,4.70618,3.82321,23.2124,4.92092,-3.49748,23.1891
2.05236,8.16428,39.618,2.52275,-7.97689,39.6026,4.66439,3.71335,22.8754,4.87452,-3.39261,22.8504
1.93205,8.13023,39.4527,2.40308,-7.94874,39.4331,4.35974,3.84341,23.3433,4.57936,-3.54009,23.3152
1.81843,8.11121,39.352,2.29098,-7.9345,39.3276,3.91509,4.07851,24.1802,4.15054,-3.79909,24.1482
1.71681,8.08968,39.253,2.19101,-7.91692,39.223,3.47967,4.30007,24.9682,3.73042,-4.04373,24.9314
1.61108,8.07396,39.1884,2.088,-7.9055,39.1512,2.92589,4.60453,26.0703,3.19777,-4.37773,26.0266
1.47684,8.04862,39.3311,1.95607,-7.88801,39.2874,2.38236,4.86363,27.2674,2.67322,-4.66644,27.2154
1.62035,8.01355,39.0012,2.11387,-7.85798,38.9327,2.61124,4.78404,26.8607,2.90332,-4.52865,26.7992
-17.774,7.46145,61.2439,-17.2911,-8.51098,61.3033,0.0567645,0.0162705,0.512766,0.0577161,-0.0111947,0.512873
-2.67744,1.55979,15.0157,-2.56597,-1.83235,15.0565,0.358059,4.40703,17.9134,0.602841,-4.52625,18.0941
-16.4164,19.1188,93.0632,-15.2618,-20.1251,93.1085,-13.3289,10.2344,63.5213,-12.7397,-11.2359,63.7631
-5.57838,20.6336,95.408,-4.35489,-20.9785,95.4308,0.278139,10.7887,48.6092,0.900562,-10.9757,48.7595
1.38975,19.2313,85.1686,2.50595,-19.1595,85.1653,-22.9387,37.3241,146.669,-20.7755,-38.6337,146.69
3.20302,17.2575,75.5158,4.17101,-17.0424,75.5452,-23.8912,37.5227,145.842,-21.7467,-38.7455,145.835
3.89593,15.4604,67.4694,4.73598,-15.169,67.5277,-19.0035,31.9532,123.332,-17.204,-32.8151,123.32
4.16023,14.1144,61.6844,4.9081,-13.7811,61.7582,-14.8818,27.114,104.65,-13.3738,-27.6916,104.633
4.20203,12.6339,55.8561,4.86192,-12.2891,55.9316,-10.0018,21.4916,84.1278,-8.81844,-21.7918,84.1088
3.98479,11.4223,51.3009,4.58033,-11.0913,51.3679,-6.0862,16.8577,67.5082,-5.16319,-16.962,67.488
3.83738,10.4072,47.5229,4.38472,-10.0928,47.5755,-2.87955,13.1008,54.3398,-2.16313,-13.0625,54.3182
3.5728,9.61415,44.6468,4.08711,-9.32583,44.6822,-0.276296,10.0355,43.7493,0.274096,-9.89343,43.7265
3.03013,9.16745,43.1674,3.5311,-8.9174,43.1859,1.60744,7.77549,36.0226,2.03695,-7.5639,35.9982
2.71762,8.81943,41.9886,3.2075,-8.59275,41.9959,2.98765,6.1219,30.6088,3.32767,-5.8588,30.5845
2.51116,8.54613,41.0269,2.99183,-8.33383,41.0265,3.9312,4.94529,26.8257,4.20685,-4.64648,26.8023
2.33918,8.35676,40.346,2.8138,-8.15483,40.3397,4.48233,4.20563,24.4442,4.71747,-3.88653,24.4214
2.18767,8.23564,39.8976,2.65908,-8.04174,39.8865,4.70618,3.82321,23.2124,4.92092,-3.49748,23.1891
2.05236,8.16428,39.618,2.52275,-7.97689,39.6026,4.66439,3.71335,22.8754,4.87452,-3.39261,22.8504
1.93205,8.13023,39.4527,2.40308,-7.94874,39.4331,4.35974,3.84341,23.3433,4.57936,-3.54009,23.3152
1.81843,8.11121,39.352,2.29098,-7.9345,39.3276,3.91509,4.07851,24.1802,4.15054,-3.79909,24.1482
1.71681,8.08968,39.253,2.19101,-7.91692,39.223,3.47967,4.30007,24.9682,3.73042,-4.04373,24.9314
1.61108,8.07396,39.1884,2.088,-7.9055,39.1512,2.92589,4.60453,26.0703,3.19777,-4.37773,26.0266
1.47684,8.04862,39.3311,1.95607,-7.88801,39.2874,2.38236,4.86363,27.2674,2.67322,-4.66644,27.2154
1.62035,8.01355,39.0012,2.11387,-7.85798,38.9327,2.61124,4.78404,26.8607,2.90332,-4.52865,26.7992
-17.774,7.46145,61.2439,-17.2911,-8.51098,61.3033,0.0567645,0.0162705,0.512766,0.0577161,-0.0111947,0.512873
-2.67744,1.55979,15.0157,-2.56597,-1.83235,15.0565,0.358059,4.40703,17.9134,0.602841,-4.52625,18.0941
-16.4164,19.1188,93.0632,-15.2618,-20.1251,93.1085,-13.3289,10.2344,63.5213,-12.7397,-11.2359,63.7631
-5.57838,20.6336,95.408,-4.35489,-20.9785,95.4308,0.278139,10.7887,48.6092,0.900562,-10.9757,48.7595
1.38975,19.2313,85.1686,2.50595,-19.1595,85.1653,-22.9387,37.3241,146.669,-20.7755,-38.6337,146.69
3.20302,17.2575,75.5158,4.17101,-17.0424,75.5452,-23.8912,37.5227,145.842,-21.7467,-38.7455,145.835
3.89593,15.4604,67.4694,4.73598,-15.169,67.5277,-19.0035,31.9532,123.332,-17.204,-32.8151,123.32
4.16023,14.1144,61.6844,4.9081,-13.7811,61.7582,-14.8818,27.114,104.65,-13.3738,-27.6916,104.633
4.20203,12.6339,55.8561,4.86192,-12.2891,55.9316,-10.0018,21.4916,84.1278,-8.81844,-21.7918,84.1088
3.98479,11.4223,51.3009,4.58033,-11.0913,51.3679,-6.0862,16.8577,67.5082,-5.16319,-16.962,67.488
3.83738,10.4072,47.5229,4.38472,-10.0928,47.5755,-2.87955,13.1008,54.3398,-2.16313,-13.0625,54.3182
3.5728,9.61415,44.6468,4.08711,-9.32583,44.6822,-0.276296,10.0355,43.7493,0.274096,-9.89343,43.7265
3.03013,9.16745,43.1674,3.5311,-8.9174,43.1859,1.60744,7.77549,36.0226,2.03695,-7.5639,35.9982
2.71762,8.81943,41.9886,3.2075,-8.59275,41.9959,2.98765,6.1219,30.6088,3.32767,-5.8588,30.5845
2.51116,8.54613,41.0269,2.99183,-8.33383,41.0265,3.9312,4.94529,26.8257,4.20685,-4.64648,26.8023
2.33918,8.35676,40.346,2.8138,-8.15483,40.3397,4.48233,4.20563,24.4442,4.71747,-3.88653,24.4214
2.18767,8.23564,39.8976,2.65908,-8.04174,39.8865,4.70618,3.82321,23.2124,4.92092,-3.49748,23.1891
2.05236,8.16428,39.618,2.52275,-7.97689,39.6026,4.66439,3.71335,22.8754,4.87452,-3.39261,22.8504
1.93205,8.13023,39.4527,2.40308,-7.94874,39.4331,4.35974,3.84341,23.3433,4.57936,-3.54009,23.3152
1.81843,8.11121,39.352,2.29098,-7.9345,39.3276,3.91509,4.07851,24.1802,4.15054,-3.79909,24.1482
1.71681,8.08968,39.253,2.19101,-7.91692,39.223,3.47967,4.30007,24.9682,3.73042,-4.04373,24.9314
1.61108,8.07396,39.1884,2.088,-7.9055,39.1512,2.92589,4.60453,26.0703,3.19777,-4.37773,26.0266
1.47684,8.04862,39.3311,1.95607,-7.88801,39.2874,2.38236,4.86363,27.2674,2.67322,-4.66644,27.2154
1.62035,8.01355,39.0012,2.11387,-7.85798,38.9327,2.61124,4.78404,26.8607,2.90332,-4.52865,26.7992
-17.774,7.46145,61.2439,-17.2911,-8.51098,61.3033,0.0567645,0.0162705,0.512766,0.0577161,-0.0111947,0.512873
-2.67744,1.55979,15.0157,-2.56597,-1.83235,15.0565,0.358059,4.40703,17.9134,0.602841,-4.52625,18.0941
-16.4164,19.1188,93.0632,-15.2618,-20.1251,93.1085,-13.3289,10.2344,63.5213,-12.7397,-11.2359,63.7631
-5.57838,20.6336,95.408,-4.35489,-20.9785,95.4308,0.278139,10.7887,48.6092,0.900562,-10.9757,48.7595
1.38975,19.2313,85.1686,2.50595,-19.1595,85.1653,-22.9387,37.3241,146.669,-20.7755,-38.6337,146.69
3.20302,17.2575,75.5158,4.17101,-17.0424,75.5452,-23.8912,37.5227,145.842,-21.7467,-38.7455,145.835
3.89593,15.4604,67.4694,4.73598,-15.169,67.5277,-19.0035,31.9532,123.332,-17.204,-32.8151,123.32
4.16023,14.1144,61.6844,4.9081,-13.7811,61.7582,-14.8818,27.114,104.65,-13.3738,-27.6916,104.633
4.20203,12.6339,55.8561,4.86192,-12.2891,55.9316,-10.0018,21.4916,84.1278,-8.81844,-21.7918,84.1088
3.98479,11.4223,51.3009,4.58033,-11.0913,51.3679,-6.0862,16.8577,67.5082,-5.16319,-16.962,67.488
3.83738,10.4072,47.5229,4.38472,-10.0928,47.5755,-2.87955,13.1008,54.3398,-2.16312,-13.0625,54.3182
3.5728,9.61415,44.6468,4.08711,-9.32583,44.6822,-0.276296,10.0355,43.7493,0.274096,-9.89343,43.7265
3.03013,9.16745,43.1674,3.5311,-8.9174,43.1859,1.60744,7.77549,36.0226,2.03695,-7.5639,35.9982
2.71762,8.81943,41.9886,3.2075,-8.59275,41.9959,2.98765,6.1219,30.6088,3.32767,-5.8588,30.5845
2.51116,8.54613,41.0269,2.99183,-8.33383,41.0265,3.9312,4.94529,26.8257,4.20685,-4.64648,26.8023
2.33918,8.35676,40.346,2.8138,-8.15483,40.3397,4.48233,4.20563,24.4442,4.71747,-3.88653,24.4214
2.18767,8.23564,39.8976,2.65908,-8.04174,39.8865,4.70618,3.82321,23.2124,4.92092,-3.49748,23.1891
2.05236,8.16428,39.618,2.52275,-7.97689,39.6026,4.66439,3.71335,22.8754,4.87452,-3.39261,22.8504
1.93205,8.13023,39.4527,2.40308,-7.94874,39.4331,4.35974,3.84341,23.3433,4.57936,-3.54009,23.3152
1.81843,8.11121,39.352,2.29098,-7.9345,39.3276,3.91509,4.07851,24.1802,4.15054,-3.79909,24.1482
1.71681,8.08968,39.253,2.19101,-7.91692,39.223,3.47967,4.30007,24.9682,3.73042,-4.04373,24.9314
1.61108,8.07396,39.1884,2.088,-7.9055,39.1512,2.92589,4.60453,26.0703,3.19777,-4.37773,26.0266
1.47684,8.04862,39.3311,1.95607,-7.88801,39.2874,2.38236,4.86363,27.2674,2.67322,-4.66644,27.2154
1.62035,8.01355,39.0012,2.11387,-7.85798,38.9327,2.61124,4.78404,26.8607,2.90332,-4.52865,26.7992
-17.774,7.46145,61.2439,-17.2911,-8.51098,61.3033,0.0567645,0.0162705,0.512766,0.0577161,-0.0111947,0.512873
-2.67744,1.55979,15.0157,-2.56597,-1.83235,15.0565,0.358059,4.40703,17.9134,0.602841,-4.52625,18.0941
-16.4164,19.1188,93.0632,-15.2618,-20.1251,93.1085,-13.3289,10.2344,63.5213,-12.7397,-11.2359,63.7631
-5.57838,20.6336,95.408,-4.35489,-20.9785,95.4308,0.278139,10.7887,48.6092,0.900562,-10.9757,48.7595
1.38975,19.2313,85.1686,2.50595,-19.1595,85.1653,-22.9387,37.3241,146.669,-20.7755,-38.6337,146.69
3.20302,17.2575,75.5158,4.17101,-17.0424,75.5452,-23.8912,37.5227,145.842,-21.7467,-38.7455,145.835
3.89593,15.4604,67.4694,4.73598,-15.169,67.5277,-19.0035,31.9532,123.332,-17.204,-32.8151,123.32
4.16023,14.1144,61.6844,4.9081,-13.7811,61.7582,-14.8818,27.114,104.65,-13.3738,-27.6916,104.633
4.20203,12.6339,55.8561,4.86192,-12.2891,55.9316,-10.0018,21.4916,84.1278,-8.81844,-21.7918,84.1088
3.98479,11.4223,51.3009,4.58033,-11.0913,51.3679,-6.0862,16.8577,67.5082,-5.16319,-16.962,67.488
3.83738,10.4072,47.5229,4.38472,-10.0928,47.5755,-2.87955,13.1008,54.3398,-2.16312,-13.0625,54.3182
3.5728,9.61415,44.6468,4.08711,-9.32583,44.6822,-0.276296,10.0355,43.7493,0.274096,-9.89343,43.7265
3.03013,9.16745,43.1674,3.5311,-8.9174,43.1859,1.60744,7.77549,36.0226,2.03695,-7.5639,35.9982
2.71762,8.81943,41.9886,3.2075,-8.59275,41.9959,2.98765,6.1219,30.6088,3.32767,-5.8588,30.5845
2.51116,8.54613,41.0269,2.99183,-8.33383,41.0265,3.9312,4.94529,26.8257,4.20685,-4.64648,26.8023
2.33918,8.35676,40.346,2.8138,-8.15483,40.3397,4.48233,4.20563,24.4442,4.71747,-3.88653,24.4214
2.18767,8.23564,39.8976,2.65908,-8.04174,39.8865,4.70618,3.82321,23.2124,4.92092,-3.49748,23.1891
2.05236,8.16428,39.618,2.52275,-7.97689,39.6026,4.66439,3.71335,22.8754,4.87452,-3.39261,22.8504
1.93205,8.13023,39.4527,2.40308,-7.94874,39.4331,4.35974,3.84341,23.3433,4.57936,-3.54009,23.3152
1.81843,8.11121,39.352,2.29098,-7.9345,39.3276,3.91509,4.07851,24.1802,4.15054,-3.79909,24.1482
1.71681,8.08968,39.253,2.19101,-7.91692,39.223,3.47967,4.30007,24.9682,3.73042,-4.04373,24.9314
1.61108,8.07396,39.1884,2.088,-7.9055,39.1512,2.92589,4.60453,26.0703,3.19777,-4.37773,26.0266
1.47684,8.04862,39.3311,1.95607,-7.88801,39.2874,2.38236,4.86363,27.2674,2.67322,-4.66644,27.2154
1.62035,8.01355,39.0012,2.11387,-7.85798,38.9327,2.61124,4.78404,26.8607,2.90332,-4.52865,26.7992
-17.774,7.46145,61.2439,-17.2911,-8.51098,61.3033,0.0567645,0.0162705,0.512766,0.0577161,-0.0111947,0.512873
-2.67744,1.55979,15.0157,-2.56597,-1.83235,15.0565,0.358059,4.40703,17.9134,0.602841,-4.52625,18.0941
-16.4164,19.1188,93.0632,-15.2618,-20.1251,93.1085,-13.3289,10.2344,63.5213,-12.7397,-11.2359,63.7631
-5.57838,20.6336,95.408,-4.35489,-20.9785,95.4308,0.278139,10.7887,48.6092,0.900562,-10.9757,48.7595
1.38975,19.2313,85.1686,2.50595,-19.1595,85.1653,-22.9387,37.3241,146.669,-20.7755,-38.6337,146.69
3.20302,17.2575,75.5158,4.17101,-17.0424,75.5452,-23.8912,37.5227,145.842,-21.7467,-38.7455,145.835
3.89593,15.4604,67.4694,4.73598,-15.169,67.5277,-19.0035,31.9532,123.332,-17.204,-32.8151,123.32
4.16023,14.1144,61.6844,4.9081,-13.7811,61.7582,-14.8818,27.114,104.65,-13.3738,-27.6916,104.633
4.20203,12.6339,55.8561,4.86192,-12.2891,55.9316,-10.0018,21.4916,84.1278,-8.81844,-21.7918,84.1088
3.98479,11.4223,51.3009,4.58033,-11.0913,51.3679,-6.0862,16.8577,67.5082,-5.16319,-16.962,67.488
3.83738,10.4072,47.5229,4.38472,-10.0928,47.5755,-2.87955,13.1008,54.3398,-2.16312,-13.0625,54.3182
3.5728,9.61415,44.6468,4.08711,-9.32583,44.6822,-0.276296,10.0355,43.7493,0.274096,-9.89343,43.7265
3.03013,9.16745,43.1674,3.5311,-8.9174,43.1859,1.60744,7.77549,36.0226,2.03695,-7.5639,35.9982
2.71762,8.81943,41.9886,3.2075,-8.59275,41.9959,2.98765,6.1219,30.6088,3.32767,-5.8588,30.5845
2.51116,8.54613,41.0269,2.99183,-8.33383,41.0265,3.9312,4.94529,26.8257,4.20685,-4.64648,26.8023
2.33918,8.35676,40.346,2.8138,-8.15483,40.3397,4.48233,4.20563,24.4442,4.71747,-3.88653,24.4214
2.18767,8.23564,39.8976,2.65908,-8.04174,39.8865,4.70618,3.82321,23.2124,4.92092,-3.49748,23.1891
2.05236,8.16428,39.618,2.52275,-7.97689,39.6026,4.66439,3.71335,22.8754,4.87452,-3.39261,22.8504
1.93205,8.13023,39.4527,2.40308,-7.94874,39.4331,4.35974,3.84341,23.3433,4.57936,-3.54009,23.3152
1.81843,8.11121,39.352,2.29098,-7.9345,39.3276,3.91509,4.07851,24.1802,4.15054,-3.79909,24.1482
1.71681,8.08968,39.253,2.19101,-7.91692,39.223,3.47967,4.30007,24.9682,3.73042,-4.04373,24.9314
1.61108,8.07396,39.1884,2.088,-7.9055,39.1512,2.92589,4.60453,26.0703,3.19777,-4.37773,26.0266
1.47684,8.04862,39.3311,1.95607,-7.88801,39.2874,2.38236,4.86363,27.2674,2.67322,-4.66644,27.2154
1.62035,8.01355,39.0012,2.11387,-7.85798,38.9327,2.61124,4.78404,26.8607,2.90332,-4.52865,26.7992
