0,0,0,0,0,0,6.67934,-1.31113,2.79749,3.8097,-1.18744,6.68552,3.04281,8.63366,11.2374,9.69741,5.73928,16.5953
0,0,0,0,0,0,6.70407,-1.31113,2.70266,3.78496,-1.21218,6.68552,3.01807,8.83157,11.2374,9.77162,5.71454,16.5478
0,0,0,0,0,0,6.70407,-1.28639,2.89232,3.90865,-1.08848,6.78035,2.8449,8.90578,11.1899,9.59845,5.61559,16.4056
0,0,0,0,0,0,6.77829,-1.18744,3.03456,3.76022,-1.18744,6.63811,3.04281,8.85631,11.2374,9.62319,5.71454,16.4056
0,0,0,0,0,0,6.75355,-1.36061,2.98715,3.78496,-1.11322,6.49586,3.01807,8.98,11.2848,9.47476,5.71454,16.4056
0,0,0,0,0,0,6.75355,-1.28639,3.03456,3.95813,-1.11322,6.68552,3.04281,8.83157,11.2374,9.69741,5.71454,16.453
0,0,0,0,0,0,6.80303,-1.36061,3.03456,3.78496,-1.21218,6.78035,3.04281,8.88104,11.2374,9.77162,5.73928,16.453
0,0,0,0,0,0,6.60512,-1.26165,3.08198,3.76022,-1.1627,6.68552,3.11702,8.78209,11.2374,9.79636,5.76402,16.5478
0,0,0,0,0,0,6.75355,-1.31113,3.08198,3.78496,-1.1627,6.68552,3.04281,8.75735,11.2374,9.69741,5.86297,16.3582
0,0,0,0,0,0,6.55564,-1.21218,2.98715,3.76022,-1.1627,6.78035,2.96859,8.63366,11.2374,9.59845,5.86297,16.4056
0,0,0,0,0,0,6.6546,-1.28639,3.03456,3.686,-1.11322,6.78035,3.04281,8.68314,11.2374,9.69741,5.88771,16.453
0,0,0,0,0,0,6.6546,-1.36061,2.98715,3.58705,-1.26165,6.68552,2.91912,8.68314,11.1899,9.52424,5.76402,16.4056
0,0,0,0,0,0,6.67934,-1.36061,2.98715,3.66127,-1.1627,6.68552,3.04281,8.78209,11.2374,9.67267,5.86297,16.4056
0,0,0,0,0,0,6.67934,-1.36061,2.89232,3.66127,-1.1627,6.68552,3.01807,8.75735,11.1899,9.52424,5.78876,16.4056
0,0,0,0,0,0,6.70407,-1.31113,2.89232,3.63653,-1.21218,6.82777,2.94386,8.78209,11.2374,9.79636,5.76402,16.453
0,0,0,0,0,0,6.6546,-1.26165,2.89232,3.66127,-1.21218,6.78035,3.04281,8.75735,11.2374,9.59845,5.86297,16.3582
0,0,0,0,0,0,6.70407,-1.28639,2.89232,3.66127,-1.21218,6.68552,3.04281,8.75735,11.0951,9.72215,5.78876,16.3582
0,0,0,0,0,0,5.98666,-1.4843,3.03456,2.86964,-1.06375,6.25879,2.3254,8.6584,11.3796,8.78209,5.98666,15.7892
0,0,0,0,0,0,3.85917,-1.4843,3.4613,2.22645,-0.667934,5.45273,0.222645,8.38628,11.6641,7.71834,6.35774,14.8409
0,0,0,0,0,0,2.3254,-1.6822,3.50871,1.38534,-0.371074,4.78892,-0.222645,8.38628,11.8538,6.82777,6.70407,14.2719
0,0,0,0,0,0,1.18744,-1.73168,3.65096,0.692672,-0.321598,4.45701,-1.90485,8.3368,12.0434,6.40722,7.02567,13.8452
0,0,0,0,0,0,1.03901,-1.80589,3.84062,0.56898,-0.14843,4.31477,-3.06755,8.3368,12.1857,6.30826,7.02567,13.6081
0,0,0,0,0,0,0.222645,-2.25118,4.83633,1.06375,0.173168,2.27592,-4.94766,7.96573,13.4659,4.82397,7.27306,11.2848
0,0,0,0,0,0,-1.08848,-3.11702,7.11226,-3.46336,0.123691,1.13796,-7.00093,7.4957,16.5478,2.15223,8.75735,8.86661
0,0,0,0,0,0,-4.67554,-2.96859,7.63382,-1.03901,0.123691,0.806056,-5.96193,6.70407,18.5867,1.08848,9.27686,8.77178
0,0,0,0,0,0,-1.45956,-2.54804,7.06484,-1.31113,0.222645,0.711226,-4.62606,6.18457,17.591,1.83063,9.07895,9.81491
0,0,0,0,0,0,-0.0494766,-3.19124,7.68124,0.445289,0.692672,1.42245,-2.647,6.03614,15.4573,5.02187,9.00473,10.2416
0,0,0,0,0,0,0.346336,-3.14176,8.06056,-0.0494766,0.346336,1.28021,-2.647,5.76402,17.6384,4.08182,8.63366,10.4313
0,0,0,0,0,0,-0.0742148,-3.26545,8.48729,0.14843,0.0494766,1.42245,-3.38914,5.66507,17.3539,3.4881,8.63366,10.5736
0,0,0,0,0,0,1.08848,-3.26545,8.77178,0.272121,-0.123691,2.60783,-1.18744,5.78876,16.0263,4.52711,8.16363,11.8063
0,0,0,0,0,0,0.470027,-3.14176,8.25022,0,-0.14843,3.41388,-0.989531,5.98666,17.7332,5.04661,7.91625,12.9443
0,0,0,0,0,0,0.890578,-3.01807,8.58212,-0.0742148,-0.14843,4.21994,-2.12749,6.18457,15.9315,5.21978,8.11416,13.6081
0,0,0,0,0,0,0.766887,-2.94386,8.67695,0.123691,-0.445289,4.97858,-1.97906,6.30826,17.7806,5.02187,7.94099,14.0349
0,0,0,0,0,0,0.445289,-3.04281,8.58212,0,-1.06375,5.31048,-2.77069,6.23405,15.9315,3.88391,7.96573,14.0349
0,0,0,0,0,0,0.0494766,-2.8449,8.77178,-0.14843,-1.08848,5.78464,-3.66127,6.38248,16.6427,5.19504,8.03994,13.8452
0,0,0,0,0,0,0,-2.82016,8.58212,-0.0742148,-1.06375,5.64239,-3.29019,6.08562,17.6384,3.98286,8.38628,13.7504
0,0,0,0,0,0,0.173168,-2.74595,8.01314,0.222645,-0.890578,5.07341,-3.14176,5.96193,17.4013,3.90865,8.73261,13.2288
0,0,0,0,0,0,-0.222645,-2.62226,7.68124,-0.692672,-0.667934,5.02599,-4.0076,6.03614,16.453,4.0076,8.73261,12.8495
0,0,0,0,0,0,-0.791625,-2.62226,7.63382,-0.667934,-0.519504,4.97858,-4.79923,6.15983,16.2634,4.42815,8.95526,12.9443
0,0,0,0,0,0,-0.86584,-2.22645,7.2545,-0.272121,-0.371074,4.88375,-4.05708,6.23405,17.0694,4.72501,9.15316,12.9443
0,0,0,0,0,0,-0.964793,-2.12749,6.97001,-1.06375,-0.420551,4.78892,-3.95813,6.28352,16.7375,4.37868,9.1779,13.2762
0,0,0,0,0,0,-0.989531,-2.02854,6.82777,-0.692672,-0.272121,4.45701,-3.8097,5.98666,17.022,4.62606,9.20264,12.8495
0,0,0,0,0,0,-1.08848,-2.15223,6.63811,-0.519504,-0.14843,4.26735,-4.0076,5.78876,17.1642,4.47763,9.05421,12.6124
0,0,0,0,0,0,-1.63273,-2.3254,6.59069,-0.692672,-0.14843,3.88803,-3.4881,5.73928,17.2591,4.60132,8.98,12.6598
0,0,0,0,0,0,-0.890578,-2.12749,6.68552,-0.593719,-0.222645,3.98286,-3.85917,5.73928,17.2591,4.40341,8.98,12.6598
0,0,0,0,0,0,-0.667934,-2.12749,6.78035,-0.940055,-0.14843,3.98286,-3.76022,5.88771,17.2117,4.50237,9.10369,12.6124
0,0,0,0,0,0,-1.03901,-2.07802,7.06484,-0.742148,-0.123691,4.03028,-3.78496,6.03614,17.2591,4.8487,9.15316,12.4702
0,0,0,0,0,0,-0.667934,-2.07802,7.30192,-0.371074,-0.0494766,3.98286,-3.71074,6.08562,17.3539,4.82397,9.20264,12.4227
0,0,0,0,0,0,-0.742148,-2.12749,7.2545,-0.222645,-0.0247383,3.98286,-4.05708,6.25879,17.3539,4.52711,9.10369,12.4227
0,0,0,0,0,0,-0.544242,-2.12749,7.2545,-0.0742148,-0.0742148,3.98286,-3.98286,6.40722,17.2117,4.3292,9.15316,12.4227
0,0,0,0,0,0,-0.519504,-2.10275,7.30192,0,-0.0494766,3.98286,-3.88391,6.58038,17.1642,4.79923,9.07895,12.4702
0,0,0,0,0,0,-0.420551,-2.10275,7.20709,-0.0742148,-0.123691,3.84062,-3.98286,6.48143,17.2591,5.02187,9.05421,12.4702
0,0,0,0,0,0,-0.173168,-2.0038,7.20709,-0.0494766,-0.0494766,3.7932,-3.8097,6.6546,17.2591,5.14556,8.83157,12.4702
0,0,0,0,0,0,-0.0742148,-1.90485,7.30192,0,-0.0742148,3.69837,-3.66127,6.80303,17.3539,5.26925,8.85631,12.3753
0,0,0,0,0,0,-0.0494766,-1.88011,7.2545,-0.222645,-0.123691,3.84062,-3.58705,6.77829,17.3539,5.19504,8.73261,12.3753
0,0,0,0,0,0,0,-1.88011,7.20709,-0.247383,-0.123691,3.60354,-3.63653,6.77829,17.2591,5.12082,8.58418,12.4227
0,0,0,0,0,0,0.0494766,-1.80589,7.2545,-0.0494766,0,3.50871,-3.66127,6.82777,17.2591,5.19504,8.73261,12.4227
0,0,0,0,0,0,-0.0742148,-1.83063,7.2545,0.0494766,-0.14843,3.50871,-3.58705,6.82777,17.2117,5.04661,8.6584,12.4227
0,0,0,0,0,0,-0.247383,-1.78116,7.2545,0.0494766,-0.123691,3.41388,-3.8097,6.80303,17.2117,4.99713,8.55945,12.4227
0,0,0,0,0,0,-0.173168,-1.80589,7.2545,0.14843,-0.0494766,3.41388,-3.76022,6.87724,17.2117,4.8487,8.55945,12.4702
0,0,0,0,0,0,-0.222645,-1.88011,7.2545,0.0247383,-0.0742148,3.4613,-3.8097,6.70407,17.2117,4.74975,8.55945,12.4702
0,0,0,0,0,0,-0.14843,-1.92959,7.2545,0.123691,-0.0742148,3.4613,-3.71074,6.77829,17.2117,4.74975,8.58418,12.4702
0,0,0,0,0,0,-0.321598,-2.0038,7.2545,-0.0742148,-0.0742148,3.65096,-3.76022,6.70407,17.2591,4.74975,8.68314,12.4702
0,0,0,0,0,0,-0.173168,-1.88011,7.2545,-0.123691,-0.0742148,3.60354,-3.98286,6.70407,17.3539,4.92292,8.63366,12.4227
0,0,0,0,0,0,-0.247383,-1.92959,7.20709,-0.0742148,-0.222645,3.60354,-3.95813,6.70407,17.3539,4.67554,8.75735,12.4227
0,0,0,0,0,0,-0.247383,-1.92959,7.30192,-0.0742148,-0.0742148,3.65096,-4.10655,6.50617,17.2117,4.72501,8.78209,12.3753
0,0,0,0,0,0,-0.173168,-1.90485,7.20709,-0.14843,-0.0742148,3.60354,-4.05708,6.58038,17.3539,4.67554,8.73261,12.4227
0,0,0,0,0,0,-0.0494766,-1.83063,7.2545,-0.123691,-0.0494766,3.60354,-4.10655,6.35774,17.2117,4.50237,8.78209,12.3753
0,0,0,0,0,0,-0.272121,-2.0038,7.20709,-0.0742148,-0.14843,3.60354,-4.08182,6.35774,17.2591,4.50237,8.75735,12.4702
0,0,0,0,0,0,-0.445289,-1.92959,7.20709,-0.0247383,-0.222645,3.60354,-4.08182,6.35774,17.2117,4.50237,8.85631,12.3753
0,0,0,0,0,0,-0.593719,-1.97906,7.2545,-0.0494766,-0.222645,3.60354,-4.15603,6.40722,17.2117,4.62606,8.73261,12.4702
0,0,0,0,0,0,-0.643195,-2.02854,7.20709,-0.14843,-0.272121,3.60354,-4.18077,6.28352,17.3539,4.52711,8.68314,12.4702
0,0,0,0,0,0,-0.667934,-1.97906,7.20709,-0.173168,-0.222645,3.65096,-4.23025,6.30826,17.2117,4.52711,8.83157,12.3753
0,0,0,0,0,0,-0.742148,-2.0038,7.20709,-0.222645,-0.123691,3.60354,-4.10655,6.35774,17.1642,4.50237,8.6584,12.4227
0,0,0,0,0,0,-0.692672,-2.10275,7.20709,-0.272121,-0.222645,3.65096,-4.10655,6.28352,17.1642,4.52711,8.75735,12.4702
0,0,0,0,0,0,-0.692672,-2.0038,7.2545,-0.321598,-0.222645,3.65096,-4.20551,6.35774,17.3539,4.37868,8.68314,12.4702
0,0,0,0,0,0,-0.667934,-2.07802,7.20709,-0.222645,-0.222645,3.50871,-4.15603,6.28352,17.2591,4.42815,8.68314,12.3753
0,0,0,0,0,0,-2.20171,-3.19124,10.2416,-0.14843,0.14843,1.09055,-4.8487,5.36821,20.4359,3.686,9.79636,9.81491
0,0,0,0,0,0,-3.43862,-3.38914,13.4185,-1.60799,0.346336,0.142245,-6.87724,3.88391,23.6127,0.346336,10.5385,8.62954
0,0,0,0,0,0,-4.0076,-4.27972,12.9443,0,0.445289,-0.806056,-7.22358,4.20551,22.0006,0.445289,10.019,8.62954
0,0,0,0,0,0,-0.643195,-3.63653,12.565,0.445289,0.766887,-0.616396,-5.78876,4.15603,21.3368,1.06375,9.92005,10.9529
0,0,0,0,0,0,0.173168,-3.63653,12.4702,1.45956,0.321598,0.142245,-5.24452,3.98286,21.4316,2.72121,10.3406,10.6684
0,0,0,0,0,0,0.173168,-3.1665,13.0391,1.03901,0.0494766,1.32762,-3.58705,4.70027,21.9532,2.15223,9.89531,10.8106
0,0,0,0,0,0,0.766887,-3.1665,13.0866,0.247383,-0.123691,1.8966,-5.41768,4.79923,20.4359,3.01807,9.59845,11.8063
0,0,0,0,0,0,2.30066,-2.15223,11.3796,3.38914,-0.14843,3.08198,-3.11702,5.86297,19.9617,5.71454,9.37581,12.9443
0,0,0,0,0,0,1.45956,-1.78116,10.7632,1.60799,-0.0247383,3.84062,-3.90865,5.86297,18.7764,4.3292,9.20264,13.2762
0,0,0,0,0,0,1.45956,-1.63273,10.052,0.123691,-0.0742148,3.50871,-4.57658,5.86297,17.7332,3.53757,9.20264,12.9917
0,0,0,0,0,0,1.90485,-1.41008,9.10369,1.26165,-0.272121,3.31905,-2.96859,6.13509,17.2591,4.52711,9.40055,13.0866
0,0,0,0,0,0,0.173168,-1.08848,8.43988,1.90485,-0.346336,3.03456,-4.0076,5.98666,16.7849,4.0076,9.27686,12.9917
0,0,0,0,0,0,1.03901,-1.03901,7.8709,0.989531,-0.173168,2.65524,-3.58705,6.08562,16.5478,3.19124,9.47476,12.6598
0,0,0,0,0,0,-0.123691,-0.667934,7.06484,1.03901,-0.173168,2.65524,-4.3292,6.06088,17.2591,3.90865,9.42529,12.7546
0,0,0,0,0,0,0,-0.667934,6.82777,0.445289,-0.173168,2.65524,-3.95813,6.03614,16.7375,3.14176,9.52424,12.0908
0,0,0,0,0,0,0.0494766,-0.667934,6.82777,-0.173168,-0.247383,2.65524,-5.19504,5.61559,15.8366,3.33967,9.4995,12.0908
0,0,0,0,0,0,0.247383,-0.544242,6.44845,-0.0494766,-0.321598,2.65524,-4.79923,5.73928,17.591,3.63653,9.52424,12.6598
0,0,0,0,0,0,-0.371074,-0.544242,6.40103,0.0742148,-0.321598,2.79749,-5.14556,5.61559,15.3625,3.01807,9.57372,12.8495
0,0,0,0,0,0,-0.519504,-0.519504,6.3062,-0.123691,-0.247383,3.03456,-5.36821,5.78876,16.9272,3.98286,9.59845,12.6124
0,0,0,0,0,0,-0.544242,-0.56898,6.11654,-0.272121,-0.321598,3.03456,-5.44242,5.41768,16.9272,3.8097,9.69741,12.2805
0,0,0,0,0,0,-0.940055,-0.56898,6.11654,-0.420551,-0.222645,3.65096,-5.73928,5.44242,16.0737,2.5233,9.89531,12.3753
0,0,0,0,0,0,-2.12749,-0.86584,6.87518,-0.56898,-0.14843,3.41388,-6.90198,5.36821,16.5478,-0.0494766,10.1922,12.8495
0,0,0,0,0,0,-2.647,-0.940055,7.2545,-1.92959,-0.123691,3.08198,-7.59465,5.34347,17.2117,-1.73168,10.0932,12.6598
0,0,0,0,0,0,-3.66127,-0.940055,7.49158,-2.96859,0,2.79749,-7.84204,5.41768,17.0694,-2.49857,9.8211,12.2805
0,0,0,0,0,0,-3.56231,-0.989531,7.63382,-3.56231,-0.14843,2.79749,-8.38628,5.54138,17.022,-3.01807,9.59845,12.2805
0,0,0,0,0,0,-3.71074,-1.03901,7.63382,-3.56231,-0.247383,2.65524,-8.83157,5.78876,16.9272,-3.14176,9.15316,12.2805
0,0,0,0,0,0,-3.686,-1.08848,7.58641,-3.63653,-0.321598,2.70266,-8.98,5.83823,16.9272,-3.19124,9.05421,12.2805
0,0,0,0,0,0,-3.8097,-1.06375,7.68124,-3.66127,-0.593719,2.65524,-9.4995,5.88771,17.0694,-3.26545,8.38628,12.2805
0,0,0,0,0,0,-3.8097,-1.18744,7.68124,-3.58705,-0.890578,2.513,-9.4995,5.96193,17.022,-3.36441,8.16363,12.3753
0,0,0,0,0,0,-3.85917,-1.08848,7.8709,-3.85917,-1.03901,2.41817,-9.67267,5.98666,16.7849,-3.43862,8.03994,12.2805
0,0,0,0,0,0,-3.686,-1.28639,7.82348,-3.90865,-0.989531,2.27592,-9.72215,5.88771,16.7375,-3.46336,7.74308,12.2805
0,0,0,0,0,0,-3.71074,-1.18744,7.96573,-4.0076,-1.06375,2.08626,-9.69741,5.88771,16.5478,-3.26545,7.71834,12.3753
0,0,0,0,0,0,-3.686,-1.21218,7.82348,-4.05708,-1.03901,2.08626,-9.72215,5.83823,16.2634,-3.33967,7.74308,12.2805
0,0,0,0,0,0,-3.66127,-1.28639,7.77607,-4.05708,-0.964793,2.03885,-9.62319,5.71454,16.4056,-3.43862,7.69361,12.2805
0,0,0,0,0,0,-3.8097,-1.31113,7.77607,-4.18077,-0.940055,1.8966,-9.67267,5.64033,16.0263,-3.38914,7.69361,12.2805
0,0,0,0,0,0,-3.76022,-1.31113,7.68124,-4.3292,-0.86584,1.84919,-9.52424,5.71454,16.1685,-3.36441,7.71834,12.3753
0,0,0,0,0,0,-3.63653,-1.38534,7.68124,-4.37868,-0.841102,1.8966,-9.62319,5.71454,16.0737,-3.38914,7.8173,12.2805
0,0,0,0,0,0,-3.78496,-1.31113,7.68124,-4.27972,-0.86584,2.03885,-9.57372,5.66507,16.1685,-3.38914,7.74308,12.2805
0,0,0,0,0,0,-3.90865,-1.38534,7.8709,-4.3292,-0.86584,2.13368,-9.59845,5.66507,16.1685,-3.36441,7.8173,12.3753
0,0,0,0,0,0,-3.90865,-1.41008,7.82348,-4.27972,-0.964793,2.08626,-9.59845,5.73928,16.1685,-3.29019,7.74308,12.3753
0,0,0,0,0,0,-4.10655,-1.45956,7.77607,-4.27972,-0.964793,2.08626,-9.59845,5.73928,16.2159,-3.46336,7.74308,12.3753
0,0,0,0,0,0,-3.98286,-1.41008,7.82348,-4.37868,-1.03901,2.08626,-9.62319,5.73928,15.9789,-3.33967,7.69361,12.2805
0,0,0,0,0,0,-4.05708,-1.38534,7.82348,-4.37868,-1.08848,2.08626,-9.57372,5.66507,16.1685,-3.43862,7.61939,12.2805
0,0,0,0,0,0,-4.08182,-1.41008,7.77607,-4.30446,-1.06375,2.13368,-9.67267,5.71454,16.0737,-3.26545,7.71834,12.3753
0,0,0,0,0,0,-4.0076,-1.38534,7.68124,-4.40341,-1.08848,2.03885,-9.62319,5.61559,16.0263,-3.36441,7.8173,12.2805
0,0,0,0,0,0,-4.0076,-1.41008,7.68124,-4.42815,-1.06375,2.27592,-9.59845,5.64033,15.9315,-3.29019,7.71834,12.2805
0,0,0,0,0,0,-4.08182,-1.36061,7.68124,-4.37868,-1.03901,2.13368,-9.69741,5.64033,16.2159,-3.29019,7.8173,12.2805
0,0,0,0,0,0,-4.18077,-1.31113,7.77607,-4.42815,-1.03901,2.13368,-9.59845,5.64033,16.0737,-3.26545,7.86677,12.2805
0,0,0,0,0,0,-4.18077,-1.38534,7.63382,-4.37868,-0.964793,2.22851,-9.59845,5.64033,16.1685,-3.33967,7.84204,12.2805
0,0,0,0,0,0,-4.08182,-1.38534,7.77607,-4.47763,-0.989531,2.13368,-9.59845,5.71454,16.0263,-3.36441,7.84204,12.2805
0,0,0,0,0,0,-4.18077,-1.41008,7.77607,-4.42815,-1.06375,2.13368,-9.59845,5.64033,16.0737,-3.36441,7.86677,12.2805
0,0,0,0,0,0,-4.05708,-1.41008,7.77607,-4.42815,-0.964793,2.22851,-9.62319,5.64033,16.2159,-3.38914,7.84204,12.3753
0,0,0,0,0,0,-4.0076,-1.45956,7.77607,-4.37868,-1.03901,2.13368,-9.62319,5.71454,16.1685,-3.29019,7.84204,12.3753
0,0,0,0,0,0,-4.10655,-1.31113,7.77607,-4.3292,-1.03901,2.13368,-9.62319,5.71454,16.2159,-3.38914,7.79256,12.2805
0,0,0,0,0,0,-4.05708,-1.38534,7.77607,-4.37868,-0.964793,2.13368,-9.62319,5.76402,16.1685,-3.43862,7.8173,12.2805
0,0,0,0,0,0,-3.63653,-1.11322,6.78035,-3.53757,-1.26165,2.46558,-8.85631,5.96193,15.0306,-2.62226,7.59465,12.6124
0,0,0,0,0,0,-1.83063,-0.519504,5.12082,-0.0742148,-1.55851,3.08198,-6.03614,6.87724,12.8021,0.544242,7.27306,13.371
0,0,0,0,0,0,0.222645,-0.0247383,4.50443,0.420551,-1.60799,3.41388,-5.46716,7.39675,11.6167,4.27972,6.9762,13.94
0,0,0,0,0,0,0.123691,0,4.45701,0.667934,-1.55851,3.4613,-4.82397,7.69361,11.0477,4.60132,6.90198,14.2719
0,0,0,0,0,0,0.222645,-0.14843,4.50443,0.86584,-1.70694,3.50871,-4.89818,7.91625,10.6684,4.42815,7.12463,14.3668
0,0,0,0,0,0,-0.643195,0.0742148,2.79749,-0.0494766,-2.12749,4.83633,-1.36061,7.86677,10.3839,4.10655,6.75355,15.4099
0,0,0,0,0,0,1.90485,0.0494766,2.22851,2.72121,-2.62226,6.87518,-2.42435,8.75735,9.10369,6.13509,6.15983,18.0177
0,0,0,0,0,0,2.49857,0.519504,1.8966,5.54138,-2.67173,7.44416,-0.56898,9.30159,8.96144,6.87724,5.51664,18.2548
0,0,0,0,0,0,1.73168,0.173168,2.08626,2.74595,-2.49857,6.82777,-4.67554,8.85631,9.67267,3.76022,6.03614,17.022
0,0,0,0,0,0,-0.0742148,0.173168,2.98715,-0.470027,-2.39961,7.2545,-5.09609,8.55945,10.3839,3.63653,6.08562,17.0694
0,0,0,0,0,0,0.123691,0,2.8449,0.371074,-2.59752,7.82348,-5.19504,7.8173,11.5693,3.14176,5.98666,17.2591
0,0,0,0,0,0,-0.14843,-0.272121,3.50871,0.0742148,-2.54804,7.68124,-4.72501,7.59465,12.1857,2.77069,6.45669,16.7375
0,0,0,0,0,0,-0.667934,-0.86584,4.12511,-0.321598,-2.10275,8.25022,-4.42815,7.07515,12.0434,2.77069,6.45669,16.7375
0,0,0,0,0,0,-1.97906,-1.18744,5.02599,-0.742148,-2.44909,7.63382,-6.28352,7.32253,12.9917,3.06755,6.70407,16.9272
0,0,0,0,0,0,-0.989531,-1.31113,5.26307,-0.222645,-2.10275,7.82348,-4.94766,7.09989,12.9443,3.14176,6.77829,16.3582
0,0,0,0,0,0,-1.03901,-1.4843,5.31048,-0.643195,-2.07802,7.8709,-4.30446,7.09989,14.4616,3.33967,6.60512,16.1685
0,0,0,0,0,0,-1.63273,-1.6822,5.50014,-0.0742148,-2.0038,7.96573,-3.76022,7.02567,13.0866,3.24072,6.58038,16.5478
0,0,0,0,0,0,-0.346336,-1.78116,5.40531,-0.123691,-1.88011,7.58641,-4.23025,7.52044,13.1814,3.78496,6.60512,16.8323
0,0,0,0,0,0,-0.56898,-1.73168,5.07341,-0.0494766,-1.78116,6.87518,-3.1665,7.29779,12.2331,4.27972,6.45669,16.7849
0,0,0,0,0,0,-0.0742148,-1.45956,5.12082,0.742148,-1.6822,6.78035,-3.8097,7.54518,12.6598,4.50237,6.58038,16.453
0,0,0,0,0,0,-0.173168,-1.21218,4.97858,0.841102,-1.58325,6.68552,-3.85917,7.71834,13.8452,4.15603,6.50617,16.453
0,0,0,0,0,0,-0.346336,-1.18744,4.64667,1.26165,-1.50904,6.59069,-4.10655,7.69361,12.2331,3.8097,6.60512,16.2634
0,0,0,0,0,0,-0.173168,-1.11322,4.59926,0.841102,-1.38534,6.3062,-4.05708,7.84204,12.0908,4.52711,6.50617,16.2634
0,0,0,0,0,0,0.0247383,-1.03901,4.59926,1.18744,-1.41008,6.25879,-3.98286,7.96573,12.0908,4.0076,6.48143,16.2159
0,0,0,0,0,0,0,-0.86584,4.31477,0.841102,-1.31113,6.02171,-4.05708,8.06468,11.9486,4.3292,6.55564,15.8366
0,0,0,0,0,0,-0.0247383,-0.766887,4.12511,0.964793,-1.31113,6.11654,-4.08182,8.16363,11.996,4.23025,6.77829,16.2159
0,0,0,0,0,0,-0.0247383,-0.742148,4.21994,1.36061,-1.31113,6.11654,-4.42815,8.16363,11.8538,3.95813,6.70407,16.0263
0,0,0,0,0,0,-0.272121,-0.643195,3.98286,1.28639,-1.28639,6.25879,-4.18077,8.1389,11.8063,3.98286,6.6546,16.3582
0,0,0,0,0,0,-0.321598,-0.692672,4.03028,1.21218,-1.31113,6.49586,-4.30446,8.03994,11.7589,3.95813,6.75355,16.4056
0,0,0,0,0,0,-0.445289,-0.692672,4.03028,0.86584,-1.41008,6.49586,-4.52711,8.1389,11.8063,4.27972,6.80303,16.4056
0,0,0,0,0,0,-0.667934,-0.692672,4.03028,0.766887,-1.41008,6.59069,-4.30446,8.0152,11.8063,3.95813,6.70407,16.453
0,0,0,0,0,0,-0.841102,-0.692672,3.98286,0.742148,-1.31113,6.59069,-4.30446,7.91625,11.8063,3.88391,6.90198,16.453
0,0,0,0,0,0,-1.11322,-0.667934,4.07769,0.692672,-1.4843,6.63811,-4.3292,7.94099,11.8063,4.23025,7.00093,16.4056
0,0,0,0,0,0,-0.989531,-0.667934,3.88803,0.841102,-1.4843,6.78035,-4.62606,7.79256,11.8538,4.27972,7.12463,16.5478
0,0,0,0,0,0,-0.940055,-0.766887,3.88803,0.841102,-1.45956,6.82777,-4.79923,7.69361,11.8538,3.98286,7.09989,16.5478
0,0,0,0,0,0,-1.21218,-0.766887,4.03028,0.519504,-1.4843,6.68552,-4.70027,7.64413,11.8063,4.0076,7.12463,16.4056
0,0,0,0,0,0,-1.28639,-0.791625,3.98286,0.544242,-1.38534,6.68552,-4.57658,7.61939,11.8538,3.98286,7.09989,16.453
0,0,0,0,0,0,-1.38534,-0.86584,3.88803,0.371074,-1.41008,6.68552,-4.50237,7.4957,11.8538,3.78496,7.12463,16.453
0,0,0,0,0,0,-1.4843,-0.890578,3.7932,0.346336,-1.38534,6.63811,-4.37868,7.54518,11.8538,4.05708,7.12463,16.453
0,0,0,0,0,0,-1.18744,-0.791625,3.7932,0.371074,-1.4843,6.68552,-4.3292,7.4957,11.8538,4.10655,7.12463,16.453
0,0,0,0,0,0,-1.1627,-0.940055,3.84062,0.247383,-1.28639,6.68552,-4.42815,7.52044,11.8538,4.05708,7.07515,16.453
0,0,0,0,0,0,-1.08848,-0.940055,3.98286,0.371074,-1.28639,6.68552,-4.52711,7.52044,11.8538,4.20551,6.9762,16.4056
0,0,0,0,0,0,-1.06375,-0.940055,3.98286,0.371074,-1.38534,6.59069,-4.57658,7.61939,11.8063,4.15603,6.90198,16.5478
0,0,0,0,0,0,-0.989531,-0.964793,3.84062,0.667934,-1.38534,6.63811,-4.40341,7.59465,11.8538,4.10655,6.90198,16.5478
0,0,0,0,0,0,-0.890578,-0.964793,4.03028,0.667934,-1.4843,6.59069,-4.52711,7.61939,11.8538,4.23025,6.87724,16.453
0,0,0,0,0,0,-0.841102,-0.890578,3.88803,0.766887,-1.41008,6.68552,-4.47763,7.61939,11.9486,4.18077,6.82777,16.4056
0,0,0,0,0,0,-0.692672,-0.890578,3.98286,0.86584,-1.4843,6.63811,-4.42815,7.61939,11.8538,4.27972,6.75355,16.453
0,0,0,0,0,0,-0.742148,-0.86584,3.88803,0.791625,-1.4843,6.63811,-4.42815,7.64413,11.8538,4.23025,6.75355,16.453
0,0,0,0,0,0,-0.593719,-0.964793,4.03028,0.989531,-1.38534,6.59069,-4.40341,7.69361,11.8063,4.23025,6.82777,16.5478
0,0,0,0,0,0,-0.56898,-0.964793,3.88803,0.989531,-1.58325,6.63811,-4.37868,7.61939,11.8063,4.3292,6.77829,16.4056
0,0,0,0,0,0,-0.643195,-0.890578,3.84062,0.989531,-1.4843,6.63811,-4.37868,7.71834,11.8063,4.27972,6.67934,16.453
0,0,0,0,0,0,-0.643195,-0.964793,3.98286,0.989531,-1.50904,6.63811,-4.30446,7.74308,11.9486,4.37868,6.80303,16.5478
0,0,0,0,0,0,-0.667934,-0.964793,3.98286,0.940055,-1.4843,6.68552,-4.27972,7.71834,11.8538,4.3292,6.75355,16.453
0,0,0,0,0,0,-0.544242,-0.940055,3.98286,1.08848,-1.45956,6.78035,-4.30446,7.64413,11.8538,4.50237,6.80303,16.453
0,0,0,0,0,0,-0.56898,-0.940055,4.03028,0.989531,-1.45956,6.68552,-4.10655,7.59465,11.8538,4.37868,6.77829,16.5478
0,0,0,0,0,0,-0.643195,-1.03901,3.98286,0.964793,-1.45956,6.63811,-4.18077,7.64413,11.8538,4.42815,6.82777,16.453
0,0,0,0,0,0,-0.692672,-0.964793,3.88803,0.940055,-1.50904,6.59069,-4.18077,7.59465,11.8538,4.47763,6.82777,16.453
0,0,0,0,0,0,-0.692672,-0.964793,3.98286,0.841102,-1.4843,6.68552,-4.30446,7.59465,11.8063,4.47763,6.80303,16.453
0,0,0,0,0,0,-0.742148,-0.989531,3.88803,0.791625,-1.50904,6.59069,-4.27972,7.54518,11.8538,4.30446,6.87724,16.453
0,0,0,0,0,0,-0.791625,-1.03901,3.98286,0.791625,-1.4843,6.63811,-4.3292,7.54518,11.8063,4.3292,6.87724,16.5478
0,0,0,0,0,0,-0.791625,-0.989531,3.88803,0.791625,-1.41008,6.68552,-4.30446,7.69361,11.8063,4.20551,6.87724,16.4056
0,0,0,0,0,0,-5.19504,-4.60132,1.51728,-0.519504,0.86584,12.0908,-1.08848,1.80589,17.6384,8.90578,14.0513,12.3753
0,0,0,0,0,0,-9.07895,-6.15983,1.32762,-1.90485,0.940055,14.9357,-0.593719,-1.31113,20.6255,11.3301,16.2778,12.4227
0,0,0,0,0,0,-7.39675,-3.53757,1.61211,-3.46336,3.8097,17.022,-0.222645,-4.15603,20.0566,13.1608,16.7478,13.0866
0,0,0,0,0,0,-5.86297,-2.02854,1.84919,-4.08182,4.82397,17.4487,-0.173168,-5.61559,20.8152,11.4538,15.313,13.2762
0,0,0,0,0,0,-7.54518,-1.6822,2.41817,-4.37868,5.02187,18.397,-0.14843,-5.19504,21.9532,12.8886,14.4966,13.0866
0,0,0,0,0,0,-7.39675,-1.55851,2.8449,-3.26545,5.19504,18.16,-0.544242,-3.4881,19.7247,11.9486,13.1608,13.1814
0,0,0,0,0,0,-7.29779,-0.964793,2.98715,-2.22645,5.36821,17.7332,-1.45956,-3.26545,17.3539,11.8496,11.5775,13.5607
0,0,0,0,0,0,-6.38248,-0.272121,3.22422,-1.21218,4.94766,15.647,-2.62226,-0.470027,16.2159,9.47476,9.37581,13.94
0,0,0,0,0,0,-4.18077,1.58325,2.89232,-0.0494766,4.62606,13.6081,-3.26545,-0.0742148,13.371,7.19884,7.4957,13.6555
0,0,0,0,0,0,-2.5233,2.39961,3.03456,-0.0494766,4.52711,10.858,-4.94766,2.72121,11.0951,4.42815,5.98666,13.371
0,0,0,0,0,0,-1.11322,3.38914,2.98715,0.0247383,3.8097,8.62954,-5.24452,5.21978,9.19852,2.59752,5.31873,13.371
0,0,0,0,0,0,0.0742148,3.8097,2.8449,0.593719,3.14176,6.59069,-5.24452,7.84204,9.19852,1.21218,4.23025,13.4185
0,0,0,0,0,0,1.60799,3.78496,2.70266,1.06375,2.77069,4.59926,-4.99713,8.73261,8.39246,0.272121,3.26545,13.4659
0,0,0,0,0,0,2.07802,3.8097,2.65524,0.667934,1.83063,2.98715,-5.19504,8.73261,8.25022,-0.470027,2.15223,13.4659
0,0,0,0,0,0,3.19124,3.88391,2.70266,0.667934,1.45956,1.51728,-4.8487,9.40055,8.67695,-1.80589,1.6822,13.6081
0,0,0,0,0,0,4.89818,3.90865,3.22422,0.371074,0.86584,0.853471,-4.99713,8.90578,9.19852,-3.38914,1.92959,13.4659
0,0,0,0,0,0,5.66507,3.686,3.84062,0.247383,0.420551,0.426735,-4.18077,9.89531,10.0046,-4.89818,1.45956,13.5607
0,0,0,0,0,0,7.27306,3.36441,4.03028,0.272121,0.272121,0.47415,-4.23025,9.99427,10.052,-4.42815,1.36061,13.5607
0,0,0,0,0,0,7.07515,2.86964,4.64667,0.643195,0.123691,0.331905,-4.0076,9.8211,10.1942,-5.54138,1.1627,13.6081
0,0,0,0,0,0,8.85631,2.3254,5.12082,0.470027,-0.123691,0.521565,-4.37868,10.7117,10.3839,-5.56611,0.964793,13.5607
0,0,0,0,0,0,8.16363,1.88011,5.78464,0.445289,-0.445289,0.426735,-4.37868,11.058,11.6167,-4.79923,0.890578,13.6081
0,0,0,0,0,0,9.25212,1.28639,6.78035,0.643195,-0.841102,0.331905,-4.10655,10.3901,11.996,-5.44242,0.371074,13.6081
0,0,0,0,0,0,9.00473,0.667934,7.11226,0.667934,-1.50904,0.28449,-4.37868,11.0828,12.2805,-5.44242,0.420551,13.6081
0,0,0,0,0,0,9.1779,0.445289,7.77607,0.544242,-1.50904,0,-4.3292,11.157,12.2331,-5.26925,0.247383,13.6081
0,0,0,0,0,0,9.15316,0.173168,8.06056,0.791625,-1.90485,-0.142245,-4.47763,11.3301,12.0908,-4.89818,0.247383,13.6081
0,0,0,0,0,0,9.15316,-0.0742148,8.29763,0.544242,-1.60799,-0.047415,-4.40341,11.7507,12.0908,-4.40341,0,13.6081
0,0,0,0,0,0,8.90578,-0.692672,8.77178,0.445289,-1.63273,0.0948301,-4.20551,11.7012,12.3753,-3.76022,-0.272121,13.6081
0,0,0,0,0,0,9.00473,-0.964793,8.86661,0.371074,-1.31113,0.426735,-4.23025,11.5775,12.4227,-3.53757,-0.272121,13.6555
0,0,0,0,0,0,8.90578,-1.36061,8.62954,0.222645,-1.21218,0.0948301,-3.8097,11.2807,12.565,-3.11702,-0.371074,13.5607
0,0,0,0,0,0,7.96573,-1.28639,8.67695,0.173168,-1.18744,0,-3.58705,11.058,12.4702,-2.82016,-0.321598,13.6555
0,0,0,0,0,0,8.03994,-1.38534,8.77178,-0.0742148,-0.643195,-0.142245,-3.46336,10.9343,12.4702,-2.44909,-0.222645,13.5607
0,0,0,0,0,0,8.31206,-1.6822,8.48729,-0.0742148,-0.742148,-0.0948301,-3.26545,10.6622,12.4702,-1.90485,-0.173168,13.2288
0,0,0,0,0,0,8.38628,-1.50904,8.29763,-0.123691,-0.667934,0.28449,-3.24072,10.4643,12.4702,-1.6822,-0.173168,12.6598
0,0,0,0,0,0,8.6584,-1.55851,8.39246,-0.14843,-0.593719,0.237075,-2.86964,10.3901,12.565,-1.26165,-0.123691,12.1857
0,0,0,0,0,0,8.43575,-1.4843,8.10797,-0.123691,-0.470027,0.28449,-2.77069,10.3159,12.4227,-0.989531,-0.0247383,12.0434
0,0,0,0,0,0,8.38628,-1.41008,8.10797,-0.14843,-0.544242,0.331905,-2.54804,10.3159,12.4227,-0.890578,0.0247383,11.8538
0,0,0,0,0,0,8.06468,-1.45956,7.96573,-0.14843,-0.519504,0.426735,-2.44909,10.4396,12.4702,-0.964793,0,11.6641
0,0,0,0,0,0,7.8173,-1.36061,8.06056,-0.346336,-0.445289,0.521565,-2.3254,10.4148,12.565,-0.940055,0.0247383,11.4744
0,0,0,0,0,0,7.61939,-1.31113,8.06056,-0.272121,-0.445289,0.521565,-2.54804,10.4643,12.4702,-1.03901,0.14843,11.427
0,0,0,0,0,0,7.59465,-1.31113,8.10797,-0.321598,-0.470027,0.521565,-2.62226,10.3901,12.4702,-0.964793,0.14843,11.6641
0,0,0,0,0,0,7.4957,-1.36061,8.10797,-0.272121,-0.470027,0.47415,-2.74595,10.3901,12.6124,-0.940055,0.14843,11.9486
0,0,0,0,0,0,7.29779,-1.28639,8.2028,-0.222645,-0.470027,0.47415,-2.59752,10.3159,12.6598,-0.86584,0.123691,12.0908
0,0,0,0,0,0,7.1741,-1.21218,8.2028,-0.123691,-0.519504,0.521565,-2.67173,10.3159,12.7546,-0.841102,0.14843,12.0908
0,0,0,0,0,0,7.09989,-1.18744,8.25022,-0.14843,-0.544242,0.521565,-2.8449,10.1427,12.6598,-0.791625,0.0247383,12.1857
0,0,0,0,0,0,7.19884,-1.11322,8.10797,-0.14843,-0.643195,0.616396,-2.74595,10.2169,12.8021,-0.841102,0.14843,12.0434
0,0,0,0,0,0,7.02567,-1.06375,8.25022,-0.123691,-0.643195,0.616396,-2.86964,10.3901,12.8021,-0.841102,0.247383,12.0908
0,0,0,0,0,0,6.77829,-0.989531,8.10797,-0.247383,-0.593719,0.521565,-2.8449,10.3901,12.6598,-0.890578,0.247383,12.1857
0,0,0,0,0,0,6.67934,-0.86584,8.2028,-0.346336,-0.643195,0.616396,-2.8449,10.2911,12.8021,-0.989531,0.321598,12.1857
0,0,0,0,0,0,6.60512,-0.766887,8.10797,-0.371074,-0.519504,0.663811,-2.82016,10.1922,12.8021,-0.890578,0.371074,12.1857
0,0,0,0,0,0,6.35774,-0.791625,8.2028,-0.371074,-0.519504,0.853471,-2.86964,10.1427,12.9443,-0.890578,0.420551,12.2331
0,0,0,0,0,0,6.13509,-0.742148,8.2028,-0.519504,-0.445289,0.853471,-2.82016,10.0437,12.9443,-0.841102,0.470027,12.1857
0,0,0,0,0,0,6.03614,-0.643195,8.25022,-0.470027,-0.371074,0.900886,-2.96859,10.0437,12.8495,-0.890578,0.470027,12.1857
0,0,0,0,0,0,5.76402,-0.667934,8.2028,-0.519504,-0.346336,0.995716,-3.01807,10.0437,12.9443,-0.766887,0.470027,12.2805
0,0,0,0,0,0,5.71454,-0.593719,8.25022,-0.667934,-0.346336,0.995716,-3.01807,10.019,12.8021,-0.766887,0.544242,12.2331
0,0,0,0,0,0,5.78876,-0.56898,8.25022,-0.544242,-0.346336,1.13796,-3.01807,10.019,12.2331,-0.791625,0.643195,11.996
0,0,0,0,0,0,6.30826,-0.371074,7.82348,-0.56898,-0.371074,0.0948301,-3.26545,11.8744,10.9529,-1.36061,0.692672,11.8063
0,0,0,0,0,0,7.00093,-0.346336,7.63382,-0.56898,-0.593719,0.0948301,-3.43862,12.5423,10.0046,-1.60799,0.667934,11.6641
0,0,0,0,0,0,7.1741,-0.247383,7.63382,-0.445289,-0.766887,-0.047415,-3.53757,13.1113,9.67267,-1.4843,0.643195,11.6167
0,0,0,0,0,0,7.69361,-0.0742148,7.44416,-0.247383,-0.841102,0.0948301,-3.53757,13.1113,9.38818,-1.6822,0.667934,11.427
0,0,0,0,0,0,8.3368,0.0247383,7.11226,0.14843,-1.03901,-3.60354,-3.95813,16.9705,5.31048,-1.6822,0.519504,11.0951
0,0,0,0,0,0,12.9876,1.38534,7.49158,0.742148,-3.63653,-3.27164,-5.41768,19.2959,5.45273,-6.30826,-0.519504,11.4744
0,0,0,0,0,0,14.9667,3.56231,8.67695,2.35014,-3.78496,-2.8449,-6.15983,16.2778,6.82777,-8.58418,-2.91912,12.565
0,0,0,0,0,0,17.5147,5.12082,9.81491,0.86584,-2.10275,-1.70694,-7.52044,17.8363,7.82348,-10.3406,-7.54518,12.9443
0,0,0,0,0,0,18.3311,5.93719,11.2848,1.88011,-2.12749,-1.28021,-8.06468,18.5042,9.62525,-11.8002,-9.42529,14.4142
0,0,0,0,0,0,17.8116,6.48143,12.1857,1.18744,-1.08848,-0.806056,-7.69361,17.9847,9.38818,-9.47476,-10.8601,14.9832
0,0,0,0,0,0,16.7478,6.70407,12.8021,0.593719,-0.766887,-0.521565,-7.59465,15.412,9.95716,-8.0152,-10.6622,15.1728
0,0,0,0,0,0,15.1398,7.00093,13.0391,0.0494766,-0.247383,-0.28449,-6.92672,14.7688,9.48301,-6.6546,-10.3406,14.4616
0,0,0,0,0,0,11.5033,6.80303,13.2762,0.123691,-0.247383,-0.426735,-5.88771,14.274,9.29335,-3.85917,-9.37581,14.0823
0,0,0,0,0,0,9.8211,6.40722,13.371,-0.0494766,0.123691,-0.47415,-4.72501,11.7754,9.57784,-1.38534,-7.54518,13.2288
0,0,0,0,0,0,7.8173,5.71454,13.4659,-1.08848,0.766887,-0.237075,-2.96859,9.40055,10.1942,0,-5.64033,11.6641
0,0,0,0,0,0,6.08562,5.31873,13.0391,-1.38534,1.36061,-0.521565,-1.92959,7.54518,11.0951,0.989531,-3.11702,10.4787
0,0,0,0,0,0,3.26545,4.42815,12.4702,-1.11322,1.41008,-0.426735,-0.964793,6.03614,11.2374,2.59752,-1.80589,9.19852
0,0,0,0,0,0,2.35014,4.30446,12.4702,-1.18744,0.667934,-0.853471,-0.0742148,4.08182,11.5693,3.58705,-0.14843,8.10797
0,0,0,0,0,0,0.841102,3.78496,12.2331,-1.41008,0.445289,-0.663811,1.08848,3.53757,11.6641,5.66507,1.63273,7.06484
0,0,0,0,0,0,-0.0494766,2.96859,12.2331,-1.18744,0.544242,-0.616396,2.5233,2.59752,11.4744,4.99713,2.35014,6.40103
0,0,0,0,0,0,0.272121,2.49857,11.996,-0.742148,0.321598,-0.521565,2.96859,1.83063,12.0908,3.46336,3.06755,5.83205
0,0,0,0,0,0,-1.38534,1.83063,11.8538,-0.470027,0.470027,-0.28449,4.40341,1.11322,11.2848,2.94386,3.56231,5.9743
0,0,0,0,0,0,-1.26165,1.63273,12.0908,-0.445289,1.11322,0.663811,5.12082,1.18744,12.0434,3.01807,3.4881,6.3062
0,0,0,0,0,0,-2.44909,1.11322,11.996,-1.36061,1.90485,2.60783,5.51664,1.03901,11.996,3.11702,3.36441,6.49586
0,0,0,0,0,0,-2.0038,0.890578,11.4744,-3.19124,3.06755,5.02599,6.06088,0.667934,10.9529,3.38914,3.56231,6.87518
0,0,0,0,0,0,-2.39961,0.593719,10.6684,-4.05708,2.94386,6.87518,6.15983,0.742148,10.858,3.46336,3.56231,7.39675
0,0,0,0,0,0,-1.63273,0.470027,9.86233,-3.85917,2.67173,7.96573,5.96193,0.593719,11.0003,3.88391,3.71074,7.77607
0,0,0,0,0,0,-1.21218,0.470027,9.00886,-4.40341,2.3254,7.8709,5.71454,0.56898,10.6684,3.8097,3.78496,7.8709
0,0,0,0,0,0,-1.18744,0.56898,8.8192,-4.82397,1.83063,8.10797,5.78876,0.272121,10.7632,3.63653,4.27972,7.82348
0,0,0,0,0,0,-0.989531,0.692672,8.25022,-4.57658,1.4843,7.77607,5.02187,0.420551,10.6684,3.38914,4.15603,7.82348
0,0,0,0,0,0,-0.321598,0.940055,7.82348,-4.67554,1.18744,8.06056,4.20551,0.346336,10.621,2.8449,3.686,7.8709
0,0,0,0,0,0,-0.173168,1.11322,7.39675,-4.20551,0.766887,8.01314,3.53757,0.643195,10.5736,2.54804,3.29019,7.8709
0,0,0,0,0,0,-0.123691,1.41008,7.06484,-3.98286,0.420551,7.77607,2.67173,0.766887,10.621,1.6822,2.86964,8.01314
0,0,0,0,0,0,-0.0742148,1.50904,7.20709,-3.88391,0.173168,7.8709,2.02854,1.06375,10.4787,0.940055,2.62226,8.25022
0,0,0,0,0,0,-0.0494766,1.60799,7.01743,-3.71074,0.0247383,7.68124,1.6822,1.06375,10.4787,0.742148,2.62226,8.58212
0,0,0,0,0,0,0.123691,1.97906,6.82777,-3.686,0.0742148,7.68124,1.03901,1.26165,10.1942,0.371074,1.92959,8.86661
0,0,0,0,0,0,0.272121,2.02854,6.68552,-3.4881,-0.0247383,7.82348,0.692672,1.38534,9.7675,0.272121,1.50904,9.19852
0,0,0,0,0,0,0.371074,2.0038,6.68552,-3.63653,-0.0247383,7.82348,0.272121,1.41008,9.86233,0.222645,1.1627,9.67267
0,0,0,0,0,0,0.470027,2.15223,6.87518,-3.46336,-0.0742148,7.68124,0.123691,1.45956,9.7675,0.0494766,1.08848,10.0046
0,0,0,0,0,0,0.371074,2.30066,7.20709,-3.4881,-0.222645,7.96573,-0.14843,1.58325,9.67267,-0.56898,0.841102,10.0046
0,0,0,0,0,0,0.56898,2.30066,7.06484,-3.4881,-0.247383,7.82348,-0.14843,1.83063,9.81491,-0.766887,0.766887,10.0046
0,0,0,0,0,0,0.667934,2.22645,7.2545,-3.36441,-0.173168,8.06056,-0.123691,1.83063,9.67267,-0.940055,0.841102,10.0046
0,0,0,0,0,0,0.742148,2.20171,7.30192,-3.1665,-0.321598,7.96573,-0.247383,1.78116,9.62525,-0.940055,0.742148,10.052
0,0,0,0,0,0,0.643195,2.20171,7.39675,-3.26545,-0.321598,8.01314,-0.0742148,1.78116,9.67267,-1.06375,0.766887,10.0994
0,0,0,0,0,0,0.593719,2.07802,7.30192,-3.19124,-0.222645,7.8709,0,1.70694,9.86233,-0.766887,0.692672,9.95716
0,0,0,0,0,0,0.692672,2.02854,7.39675,-3.14176,-0.14843,7.68124,0.0247383,1.6822,10.0046,-0.692672,0.86584,10.0994
0,0,0,0,0,0,0.791625,2.02854,7.39675,-3.06755,-0.123691,7.77607,0.123691,1.70694,9.86233,-0.519504,0.989531,9.81491
0,0,0,0,0,0,0.841102,2.02854,7.30192,-3.11702,-0.0742148,7.68124,0.247383,1.73168,9.86233,-0.247383,1.06375,9.7675
0,0,0,0,0,0,0.964793,2.02854,7.30192,-2.94386,-0.0247383,7.77607,0.371074,1.78116,9.86233,-0.14843,1.26165,9.7675
0,0,0,0,0,0,1.06375,1.92959,7.30192,-2.91912,0.0247383,7.68124,0.56898,1.83063,9.95716,-0.0742148,1.26165,9.67267
0,0,0,0,0,0,1.18744,1.92959,7.39675,-2.77069,-0.0742148,7.63382,0.791625,1.83063,9.95716,-0.14843,1.31113,9.67267
0,0,0,0,0,0,1.36061,2.02854,7.44416,-2.72121,0.0247383,7.68124,0.890578,1.78116,9.95716,-0.0494766,1.45956,9.7675
0,0,0,0,0,0,1.41008,1.92959,7.44416,-2.39961,-0.0247383,7.63382,1.06375,1.78116,10.052,-0.0494766,1.60799,9.7675
0,0,0,0,0,0,1.55851,1.90485,7.39675,-2.20171,-0.0247383,7.77607,1.45956,1.6822,10.1942,0.14843,1.58325,9.67267
0,0,0,0,0,0,1.6822,1.97906,7.49158,-2.22645,-0.0494766,7.63382,1.38534,1.78116,10.1942,0.272121,1.60799,9.81491
0,0,0,0,0,0,1.6822,2.0038,7.58641,-2.25118,0.173168,7.63382,1.4843,1.78116,10.2416,0.420551,1.73168,9.67267
0,0,0,0,0,0,1.70694,2.15223,7.58641,-2.10275,0.247383,7.68124,1.4843,1.83063,10.1942,0.420551,1.80589,9.57784
0,0,0,0,0,0,1.80589,2.15223,7.63382,-2.10275,0.321598,7.68124,1.50904,1.92959,10.2416,0.519504,1.78116,9.62525
0,0,0,0,0,0,1.92959,2.25118,7.68124,-2.10275,0.321598,7.49158,1.50904,2.12749,10.0994,0.519504,1.78116,9.62525
0,0,0,0,0,0,2.25118,3.33967,10.4787,-0.86584,-0.346336,5.21565,0.519504,3.66127,8.39246,0.123691,0.321598,11.8538
0,0,0,0,0,0,5.61559,6.25879,12.7546,1.73168,-0.123691,4.45701,-2.39961,5.51664,7.82348,-1.1627,0.0247383,15.4099
0,0,0,0,0,0,6.15983,8.85631,18.5393,1.60799,-3.14176,2.60783,-5.36821,10.2911,9.95716,-3.58705,-10.2911,15.5995
0,0,0,0,0,0,5.61559,10.6127,21.6213,3.33967,-4.05708,2.513,-7.27306,10.9343,9.67267,-4.50237,-12.9876,17.6384
0,0,0,0,0,0,5.02187,10.9096,24.7507,5.86297,-3.46336,3.41388,-7.32253,8.16363,8.25022,-6.23405,-12.4928,17.2591
0,0,0,0,0,0,3.88391,10.8601,25.1774,4.3292,-2.02854,3.84062,-5.83823,6.80303,8.58212,-5.21978,-9.30159,16.0263
0,0,0,0,0,0,2.35014,10.2169,24.1817,4.20551,-0.593719,3.60354,-4.52711,6.35774,7.39675,-3.78496,-7.19884,15.078
0,0,0,0,0,0,1.18744,9.59845,22.8066,2.10275,-0.0247383,3.27164,-3.1665,5.66507,7.11226,-2.02854,-6.03614,11.5693
0,0,0,0,0,0,-0.0742148,8.48523,20.5307,0.445289,0.346336,2.89232,-1.21218,5.21978,7.11226,-1.03901,-4.74975,11.0477
0,0,0,0,0,0,0.247383,7.1741,16.7849,0.791625,1.21218,3.12939,-0.56898,4.60132,7.2545,-0.56898,-1.78116,10.2891
0,0,0,0,0,0,-1.41008,6.50617,14.2719,-0.0742148,2.0038,3.08198,0.766887,3.33967,7.49158,0.14843,-0.272121,8.96144
0,0,0,0,0,0,-2.42435,4.40341,12.0434,-1.83063,2.49857,2.79749,4.47763,2.91912,7.30192,2.0038,0.346336,8.39246
0,0,0,0,0,0,-3.06755,3.58705,9.7675,-3.58705,1.83063,2.22851,5.73928,1.60799,7.39675,3.01807,1.45956,7.44416
0,0,0,0,0,0,-3.4881,2.44909,9.29335,-2.15223,1.31113,2.22851,7.64413,1.36061,7.58641,3.71074,2.74595,7.30192
0,0,0,0,0,0,-4.37868,1.1627,8.01314,-3.04281,0.989531,2.41817,9.87057,0.791625,7.77607,3.78496,5.09609,6.40103
0,0,0,0,0,0,-5.51664,0.247383,6.87518,-3.46336,1.03901,2.46558,10.0932,0.321598,8.06056,3.43862,6.90198,6.25879
0,0,0,0,0,0,-5.96193,0,6.40103,-4.40341,0.86584,2.79749,11.3796,0.346336,8.48729,3.29019,6.60512,6.63811
0,0,0,0,0,0,-5.56611,-1.08848,5.64239,-5.12082,1.11322,2.89232,14.0266,0.420551,8.62954,3.38914,6.82777,7.11226
0,0,0,0,0,0,-5.83823,-1.58325,4.88375,-7.39675,0.86584,3.12939,14.7193,0.371074,9.05627,3.43862,6.90198,7.58641
0,0,0,0,0,0,-5.98666,-2.0038,4.03028,-10.118,0.692672,3.98286,14.7688,0.667934,9.24593,3.56231,7.22358,8.01314
0,0,0,0,0,0,-5.26925,-2.22645,3.84062,-10.118,0.56898,4.12511,15.1893,0.692672,9.10369,3.63653,7.54518,8.25022
0,0,0,0,0,0,-4.72501,-2.82016,3.69837,-10.4396,0.0742148,5.07341,14.8677,0.791625,9.43559,3.686,7.91625,8.62954
0,0,0,0,0,0,-4.99713,-3.11702,3.41388,-11.157,-0.0494766,5.40531,13.4576,0.692672,9.19852,3.19124,8.48523,8.86661
0,0,0,0,0,0,-4.79923,-3.14176,3.4613,-10.5385,0,5.83205,14.7688,0.692672,9.62525,3.24072,8.75735,8.96144
0,0,0,0,0,0,-4.47763,-3.29019,3.84062,-9.99427,-0.0742148,6.3062,13.5813,0.371074,9.81491,3.4881,8.83157,9.05627
0,0,0,0,0,0,-3.98286,-3.01807,3.4613,-8.95526,-0.470027,6.49586,12.6907,0.420551,9.86233,3.78496,8.78209,9.05627
0,0,0,0,0,0,-3.66127,-2.647,3.50871,-9.15316,-0.519504,7.30192,11.9981,0.321598,10.052,3.686,8.48523,9.19852
0,0,0,0,0,0,-3.38914,-2.39961,3.50871,-8.88104,-0.544242,7.2545,11.3301,0.445289,9.95716,3.36441,8.16363,9.24593
0,0,0,0,0,0,-3.38914,-2.10275,3.69837,-8.48523,-0.766887,7.11226,10.6127,0.692672,9.67267,2.77069,7.96573,9.19852
0,0,0,0,0,0,-3.43862,-1.78116,3.84062,-8.11416,-0.742148,7.30192,9.72215,0.841102,9.48301,2.3254,7.8173,9.29335
0,0,0,0,0,0,-3.46336,-1.55851,3.98286,-7.86677,-0.593719,7.58641,8.85631,0.964793,9.48301,1.88011,7.52044,9.38818
0,0,0,0,0,0,-3.29019,-1.26165,3.84062,-7.61939,-0.56898,7.30192,8.48523,1.06375,9.48301,1.6822,7.29779,9.38818
0,0,0,0,0,0,-3.29019,-1.08848,3.84062,-7.12463,-0.56898,7.39675,8.0152,0.989531,9.48301,1.55851,7.09989,9.38818
0,0,0,0,0,0,-3.19124,-0.86584,3.65096,-6.80303,-0.643195,7.06484,7.61939,0.940055,9.48301,1.38534,6.82777,9.43559
0,0,0,0,0,0,-3.1665,-0.692672,3.69837,-6.55564,-0.593719,7.11226,7.19884,0.890578,9.43559,1.31113,6.55564,9.57784
0,0,0,0,0,0,-3.19124,-0.56898,3.60354,-6.40722,-0.544242,6.87518,6.87724,0.890578,9.29335,1.38534,6.38248,9.57784
0,0,0,0,0,0,-3.24072,-0.371074,3.69837,-6.25879,-0.519504,6.87518,6.67934,0.940055,9.38818,1.08848,6.18457,9.62525
0,0,0,0,0,0,-3.24072,-0.346336,3.88803,-6.23405,-0.445289,6.87518,6.40722,0.989531,9.43559,1.06375,6.15983,9.67267
0,0,0,0,0,0,-3.19124,-0.222645,3.88803,-6.13509,-0.346336,6.87518,6.35774,1.03901,9.29335,0.964793,5.96193,9.57784
0,0,0,0,0,0,-3.26545,-0.247383,3.98286,-6.06088,-0.321598,6.87518,6.30826,0.989531,9.38818,0.86584,5.93719,9.57784
0,0,0,0,0,0,-3.24072,-0.321598,3.88803,-5.96193,-0.247383,6.87518,6.30826,1.08848,9.38818,0.989531,5.96193,9.62525
0,0,0,0,0,0,-3.33967,-0.222645,3.98286,-5.88771,-0.247383,6.97001,6.50617,1.11322,9.43559,0.940055,6.08562,9.48301
0,0,0,0,0,0,-3.11702,-0.222645,3.98286,-5.83823,-0.222645,6.97001,6.77829,1.08848,9.38818,0.964793,6.15983,9.57784
0,0,0,0,0,0,-3.24072,-0.247383,4.07769,-5.61559,-0.247383,6.87518,6.82777,1.11322,9.48301,0.964793,6.15983,9.38818
0,0,0,0,0,0,-3.06755,-0.420551,3.88803,-5.71454,-0.222645,6.87518,7.00093,1.1627,9.38818,1.21218,6.28352,9.48301
0,0,0,0,0,0,-3.06755,-0.346336,4.12511,-5.64033,-0.173168,6.82777,7.19884,1.26165,9.43559,1.28639,6.35774,9.48301
0,0,0,0,0,0,-2.94386,-0.445289,4.07769,-5.78876,-0.173168,6.82777,7.42148,1.21218,9.38818,1.28639,6.45669,9.48301
0,0,0,0,0,0,-2.94386,-0.445289,3.98286,-5.83823,-0.123691,6.78035,7.42148,1.28639,9.48301,1.36061,6.55564,9.48301
0,0,0,0,0,0,-3.01807,-0.519504,4.03028,-5.64033,-0.14843,6.78035,7.61939,1.21218,9.38818,1.45956,6.60512,9.38818
0,0,0,0,0,0,-2.94386,-0.470027,4.31477,-5.66507,-0.0742148,6.82777,7.59465,1.21218,9.43559,1.45956,6.58038,9.48301
0,0,0,0,0,0,-4.30446,-0.964793,0.142245,-8.6584,0.346336,6.3062,8.95526,0.940055,8.96144,2.22645,9.59845,4.97858
0,0,0,0,0,0,-4.30446,-3.71074,-1.13796,-10.8106,0.964793,5.68981,13.1608,-0.247383,8.96144,2.86964,16.8715,4.4096
0,0,0,0,0,0,-6.23405,-6.13509,-1.61211,-13.235,2.59752,6.78035,17.9847,-1.78116,10.4787,4.70027,14.6698,4.03028
0,0,0,0,0,0,-7.96573,-8.36154,-2.22851,-14.8182,4.72501,8.67695,20.9038,-5.04661,11.6641,6.77829,12.6413,7.30192
0,0,0,0,0,0,-6.15983,-5.96193,-2.46558,-15.412,6.35774,10.2416,18.5537,-8.38628,12.6124,6.35774,12.3691,7.06484
0,0,0,0,0,0,-7.39675,-7.02567,-2.08626,-13.5566,7.32253,11.4744,18.529,-9.92005,13.5607,5.96193,11.5033,7.39675
0,0,0,0,0,0,-7.52044,-5.51664,-1.61211,-12.9876,8.3368,12.9443,17.3168,-9.62319,13.7504,5.78876,10.0437,7.20709
0,0,0,0,0,0,-7.02567,-4.79923,-0.521565,-11.5775,8.78209,14.0349,14.7193,-9.05421,13.4185,4.70027,9.20264,6.78035
0,0,0,0,0,0,-6.28352,-2.86964,-0.331905,-8.78209,8.75735,14.4142,12.3939,-8.26259,13.2288,3.33967,7.91625,6.3062
0,0,0,0,0,0,-3.63653,-1.73168,-0.047415,-7.00093,8.53471,14.0349,10.0932,-7.79256,12.8021,2.25118,7.61939,5.45273
0,0,0,0,0,0,-1.97906,-0.544242,0.426735,-4.57658,7.84204,13.4185,5.96193,-6.30826,11.9486,0.593719,5.78876,5.31048
0,0,0,0,0,0,-2.59752,0,1.42245,-2.77069,6.92672,13.2762,4.05708,-5.34347,11.6167,0.742148,4.99713,5.12082
0,0,0,0,0,0,-0.56898,1.21218,2.65524,-1.88011,6.30826,13.2288,1.73168,-3.98286,11.9486,-0.692672,3.36441,5.45273
0,0,0,0,0,0,-0.420551,2.96859,3.98286,0,5.26925,12.6124,0.940055,-2.72121,10.2416,-2.0038,2.10275,5.87947
0,0,0,0,0,0,0.321598,4.40341,4.83633,0.989531,4.57658,11.0477,0.0494766,-1.28639,9.43559,-2.96859,1.92959,6.06913
0,0,0,0,0,0,0.321598,4.40341,4.83633,0.989531,4.57658,11.0477,0.0494766,-1.28639,9.43559,-2.96859,1.92959,6.06913
0,0,0,0,0,0,1.88011,4.74975,5.64239,2.94386,2.82016,9.43559,-0.890578,-0.222645,8.25022,-5.51664,-0.14843,7.30192
0,0,0,0,0,0,2.647,5.04661,6.44845,3.71074,2.12749,9.24593,-1.06375,0.14843,8.48729,-6.38248,-1.11322,7.39675
0,0,0,0,0,0,2.77069,5.61559,7.01743,3.66127,1.60799,8.77178,-1.6822,0.841102,7.39675,-6.75355,-2.3254,7.11226
0,0,0,0,0,0,3.56231,5.83823,8.10797,3.88391,1.45956,7.49158,-1.41008,1.28639,8.29763,-7.1741,-2.42435,7.20709
0,0,0,0,0,0,3.76022,5.54138,8.96144,3.71074,1.11322,7.2545,-1.83063,1.83063,8.06056,-7.12463,-2.77069,7.39675
0,0,0,0,0,0,3.78496,5.41768,8.86661,3.43862,0.964793,7.20709,-0.989531,1.97906,7.30192,-7.27306,-2.67173,7.49158
0,0,0,0,0,0,3.66127,5.02187,9.10369,2.35014,1.03901,7.30192,-1.1627,1.97906,7.68124,-7.42148,-3.04281,7.82348
0,0,0,0,0,0,3.29019,4.70027,9.00886,2.22645,1.03901,6.87518,-0.173168,1.78116,8.25022,-6.87724,-3.11702,8.06056
0,0,0,0,0,0,3.11702,4.37868,9.48301,1.63273,1.1627,6.97001,0.0494766,1.60799,8.29763,-6.08562,-2.86964,7.77607
0,0,0,0,0,0,2.94386,3.8097,9.48301,1.06375,1.21218,7.06484,0.222645,1.1627,8.62954,-5.21978,-2.82016,7.77607
0,0,0,0,0,0,2.12749,3.56231,9.29335,0.470027,1.28639,7.20709,0.989531,0.989531,8.62954,-4.60132,-2.67173,7.63382
0,0,0,0,0,0,1.78116,3.1665,9.43559,0.14843,1.55851,7.39675,1.90485,0.766887,8.62954,-3.88391,-2.10275,7.44416
0,0,0,0,0,0,1.06375,2.8449,9.38818,-0.272121,1.70694,7.44416,2.62226,0.470027,8.77178,-3.56231,-1.80589,7.58641
0,0,0,0,0,0,0.742148,2.62226,9.29335,-0.14843,1.97906,7.58641,3.14176,0.321598,8.67695,-3.26545,-1.55851,7.20709
0,0,0,0,0,0,0.321598,2.3254,9.38818,-0.321598,2.07802,7.77607,3.71074,0.0494766,8.77178,-2.82016,-1.18744,7.20709
0,0,0,0,0,0,0.14843,2.15223,9.38818,-0.643195,2.25118,7.68124,4.05708,0.0742148,8.77178,-2.44909,-0.989531,7.2545
0,0,0,0,0,0,0.0247383,1.92959,9.10369,-0.766887,2.39961,7.68124,4.42815,0.14843,8.67695,-1.97906,-0.940055,7.20709
0,0,0,0,0,0,-0.0247383,1.80589,9.10369,-0.940055,2.44909,7.77607,4.94766,0.0247383,8.86661,-1.58325,-0.791625,7.20709
0,0,0,0,0,0,-0.0247383,1.78116,8.96144,-1.06375,2.5233,7.68124,5.09609,-0.123691,8.8192,-1.45956,-0.742148,7.11226
0,0,0,0,0,0,-0.0494766,1.73168,8.86661,-1.11322,2.59752,7.68124,5.19504,-0.321598,8.86661,-1.1627,-0.56898,7.01743
0,0,0,0,0,0,-0.0247383,1.73168,8.86661,-1.36061,2.54804,7.68124,5.12082,-0.470027,8.86661,-1.26165,-0.56898,7.20709
0,0,0,0,0,0,0,1.88011,8.86661,-1.21218,2.59752,7.68124,5.14556,-0.420551,8.86661,-1.26165,-0.56898,7.11226
0,0,0,0,0,0,0,1.88011,8.86661,-1.21218,2.49857,7.82348,5.04661,-0.321598,8.8192,-1.38534,-0.56898,7.06484
0,0,0,0,0,0,0,1.97906,9.00886,-1.28639,2.49857,7.82348,4.74975,-0.420551,8.77178,-1.50904,-0.593719,7.11226
0,0,0,0,0,0,0,2.15223,8.86661,-1.21218,2.35014,7.82348,4.79923,-0.371074,8.77178,-1.78116,-0.667934,7.11226
0,0,0,0,0,0,0.123691,2.20171,8.8192,-1.03901,2.35014,7.82348,4.47763,-0.173168,8.8192,-1.97906,-0.766887,7.20709
0,0,0,0,0,0,0.14843,2.39961,9.00886,-1.11322,2.20171,7.8709,4.27972,-0.173168,8.8192,-2.12749,-0.742148,7.20709
0,0,0,0,0,0,0.0742148,2.44909,8.96144,-1.1627,2.22645,7.82348,4.20551,-0.0247383,8.8192,-2.3254,-0.841102,7.20709
0,0,0,0,0,0,0.0494766,2.5233,8.86661,-1.03901,2.22645,7.82348,3.90865,0,8.8192,-2.35014,-0.86584,7.30192
0,0,0,0,0,0,0.123691,2.62226,8.8192,-1.08848,2.15223,7.82348,3.8097,0.0247383,8.77178,-2.5233,-0.890578,7.2545
0,0,0,0,0,0,0.173168,2.62226,8.96144,-1.06375,2.12749,7.8709,3.88391,0.0494766,8.77178,-2.62226,-0.964793,7.20709
0,0,0,0,0,0,0.173168,2.647,8.86661,-1.11322,2.20171,7.96573,3.686,0.123691,8.77178,-2.82016,-0.890578,7.2545
0,0,0,0,0,0,0.123691,2.72121,8.86661,-1.26165,2.20171,7.8709,3.66127,0.0742148,8.77178,-2.74595,-0.890578,7.11226
0,0,0,0,0,0,0.173168,2.8449,8.96144,-1.28639,2.3254,7.96573,3.58705,0.0494766,8.8192,-2.72121,-0.841102,7.2545
0,0,0,0,0,0,0.123691,2.82016,8.8192,-1.36061,2.3254,7.96573,3.58705,0,8.8192,-2.8449,-0.742148,7.20709
0,0,0,0,0,0,0.123691,2.74595,8.86661,-1.28639,2.39961,7.8709,3.71074,0,8.8192,-2.82016,-0.766887,7.30192
0,0,0,0,0,0,0.0742148,2.82016,8.96144,-1.31113,2.35014,7.82348,3.78496,0.0494766,8.77178,-2.72121,-0.766887,7.2545
0,0,0,0,0,0,0.0742148,2.77069,8.8192,-1.38534,2.44909,7.8709,3.85917,0.0247383,8.77178,-2.59752,-0.692672,7.2545
0,0,0,0,0,0,0.123691,2.72121,8.96144,-1.45956,2.5233,7.8709,3.8097,0.0247383,8.77178,-2.62226,-0.667934,7.20709
0,0,0,0,0,0,0.0494766,3.58705,14.8409,-1.36061,3.46336,15.9789,3.36441,0.544242,2.13368,-2.5233,0.222645,1.28021
0,0,0,0,0,0,0.123691,7.02567,25.13,-0.964793,6.6546,24.7507,4.47763,15.5851,-0.0948301,-4.42815,7.69361,-0.900886
0,0,0,0,0,0,-0.420551,5.41768,29.7766,-0.14843,4.94766,29.1602,-0.0742148,1.41008,-1.46987,-0.643195,1.50904,-2.22851
0,0,0,0,0,0,-0.445289,3.43862,29.1128,-0.0247383,3.33967,28.8758,-1.83063,-0.890578,-2.65524,1.58325,-0.766887,-1.42245
0,0,0,0,0,0,-0.0247383,2.91912,31.3413,0,2.62226,30.156,-2.62226,-0.643195,-2.13368,3.14176,-5.34347,-2.32334
0,0,0,0,0,0,-0.0247383,2.91912,31.3413,0,2.62226,30.156,-2.62226,-0.643195,-2.13368,3.14176,-5.34347,-2.32334
0,0,0,0,0,0,-0.0247383,2.91912,31.3413,0,2.62226,30.156,-2.62226,-0.643195,-2.13368,3.14176,-5.34347,-2.32334
0,0,0,0,0,0,0,1.63273,21.7161,-0.0247383,1.06375,20.8152,0.123691,-5.61559,-0.047415,0.643195,-3.36441,-0.853471
0,0,0,0,0,0,0.470027,1.6822,11.427,-0.346336,1.28639,11.6641,-1.31113,-11.0333,3.7932,2.86964,-10.8106,4.07769
0,0,0,0,0,0,0.14843,3.36441,8.48729,-0.470027,3.56231,7.11226,-4.40341,-15.9067,7.44416,4.05708,-14.8924,5.68981
0,0,0,0,0,0,0.346336,5.76402,8.58212,-1.18744,5.73928,7.44416,-2.0038,-11.6517,5.68981,2.74595,-9.92005,5.64239
0,0,0,0,0,0,0.643195,7.27306,7.8709,-1.28639,6.75355,7.01743,-1.92959,-6.70407,4.31477,2.67173,-7.64413,4.31477
0,0,0,0,0,0,0.667934,7.1741,7.20709,-1.11322,7.07515,6.40103,-2.12749,-5.64033,3.69837,3.1665,-6.50617,4.03028
0,0,0,0,0,0,0.272121,6.48143,6.49586,-0.890578,7.54518,6.11654,-2.22645,-5.21978,3.69837,2.67173,-5.51664,3.88803
0,0,0,0,0,0,0,6.25879,6.44845,-0.766887,7.71834,5.9743,-2.02854,-4.70027,4.03028,2.74595,-5.21978,3.88803
0,0,0,0,0,0,-0.0494766,6.75355,7.11226,-0.544242,7.52044,6.3062,-2.15223,-4.40341,3.69837,2.82016,-5.36821,4.45701
0,0,0,0,0,0,0.0247383,7.69361,7.68124,-0.544242,7.86677,8.01314,-2.0038,-4.23025,3.7932,2.3254,-4.52711,4.45701
0,0,0,0,0,0,0.0742148,8.75735,8.86661,-0.742148,8.11416,8.67695,-1.78116,-3.78496,4.69409,2.07802,-4.05708,4.59926
0,0,0,0,0,0,0.14843,9.99427,9.7675,-0.841102,8.98,10.0994,-1.63273,-2.67173,5.31048,1.73168,-3.11702,5.12082
0,0,0,0,0,0,0.0494766,10.7117,10.0994,-0.964793,9.40055,10.621,-1.38534,-2.42435,5.64239,1.6822,-2.59752,5.64239
0,0,0,0,0,0,0.14843,10.7117,10.0994,-0.86584,10.4643,10.9529,-1.58325,-1.83063,6.78035,1.83063,-2.12749,6.63811
0,0,0,0,0,0,0,10.8354,11.0003,-0.791625,10.6622,10.9529,-1.58325,-1.18744,6.97001,1.92959,-1.63273,7.2545
0,0,0,0,0,0,0.123691,10.9838,10.858,-0.964793,10.9096,11.3796,-1.60799,-1.03901,8.39246,1.92959,-1.21218,8.67695
0,0,0,0,0,0,0.0247383,11.1322,10.5736,-0.964793,10.8106,11.4744,-1.63273,-0.643195,8.67695,2.02854,-0.989531,9.10369
0,0,0,0,0,0,0.0494766,11.6765,10.621,-0.989531,11.2312,11.6167,-1.55851,-0.272121,9.29335,2.07802,-0.643195,9.7675
0,0,0,0,0,0,0.123691,11.8496,10.4313,-0.86584,11.5033,11.6641,-1.78116,0.123691,10.7632,2.15223,-0.222645,10.4313
0,0,0,0,0,0,0.0247383,12.097,10.7632,-0.86584,11.8496,11.7589,-1.63273,0,10.2891,2.15223,0,11.2374
0,0,0,0,0,0,0.0494766,12.1712,10.9529,-0.791625,11.8744,11.6641,-1.73168,0.321598,11.9486,2.22645,0.470027,11.427
0,0,0,0,0,0,0.123691,12.5423,10.858,-0.890578,11.9981,11.6641,-1.83063,0.766887,10.8106,2.22645,0.940055,11.6167
0,0,0,0,0,0,0.123691,12.5918,10.8106,-0.890578,12.1218,11.6167,-1.63273,1.36061,13.0866,2.5233,1.31113,11.8538
0,0,0,0,0,0,-0.0494766,12.5423,10.8106,-0.964793,12.1712,11.6641,-1.4843,1.63273,12.4702,2.39961,1.6822,13.2288
0,0,0,0,0,0,0.123691,12.7897,10.7632,-0.86584,11.9733,11.5693,-1.55851,1.73168,13.94,2.15223,1.83063,13.4185
0,0,0,0,0,0,0.0247383,12.2949,10.5736,-0.940055,11.8991,11.3796,-1.6822,1.92959,12.8495,2.35014,2.07802,13.6081
0,0,0,0,0,0,-0.0247383,12.2702,10.1942,-0.791625,11.7754,11.0951,-1.63273,2.02854,14.3668,2.44909,2.25118,14.1771
0,0,0,0,0,0,0,12.097,9.95716,-0.791625,11.8991,10.9529,-1.6822,2.07802,13.6555,2.39961,2.30066,14.4616
0,0,0,0,0,0,-0.0247383,11.9981,10.0994,-0.742148,11.6765,10.4787,-1.83063,2.25118,14.0823,2.54804,2.35014,14.7461
0,0,0,0,0,0,0.0494766,11.7754,9.95716,-0.86584,11.7507,10.6684,-1.70694,2.0038,15.3625,2.59752,2.74595,14.6038
0,0,0,0,0,0,-0.0247383,11.6765,9.81491,-0.841102,11.7754,10.6684,-1.58325,1.50904,13.6555,2.62226,2.91912,14.3668
0,0,0,0,0,0,0,11.7754,9.81491,-0.667934,11.5033,10.5736,-2.10275,0.86584,13.4659,2.77069,3.04281,14.1771
0,0,0,0,0,0,-0.14843,11.4291,9.67267,-0.791625,11.8002,10.858,-1.4843,1.50904,12.9917,2.67173,2.15223,13.5607
0,0,0,0,0,0,0,11.3549,9.48301,-0.841102,11.5775,10.8106,-0.964793,2.12749,12.9917,2.07802,2.72121,13.5607
0,0,0,0,0,0,0,11.157,9.38818,-0.890578,11.5033,10.6684,-0.766887,2.15223,12.9443,1.97906,2.5233,13.4659
0,0,0,0,0,0,-0.14843,10.5385,9.00886,-0.989531,11.0333,10.2891,-1.1627,1.50904,12.9917,2.15223,1.90485,13.4659
0,0,0,0,0,0,-0.173168,10.2416,9.00886,-0.989531,10.8106,10.2416,-1.45956,0.766887,13.0391,2.3254,1.28639,13.5607
0,0,0,0,0,0,-0.321598,10.4643,8.86661,-1.06375,10.7364,10.2891,-1.70694,0.346336,12.9443,2.54804,0.964793,13.4185
0,0,0,0,0,0,-0.445289,10.4643,9.10369,-1.21218,10.6375,10.6684,-1.55851,0.14843,12.9917,2.5233,0.86584,13.4185
0,0,0,0,0,0,-0.56898,10.4396,9.43559,-1.11322,10.8601,10.621,-1.60799,0.247383,13.0866,2.42435,0.940055,13.4185
0,0,0,0,0,0,-0.470027,10.5138,9.48301,-1.06375,10.8601,10.621,-1.4843,0.0494766,13.0866,2.39961,1.03901,13.5607
0,0,0,0,0,0,-0.544242,10.3406,9.38818,-1.21218,10.8106,10.6684,-1.45956,0.14843,12.9917,2.35014,0.742148,13.4659
0,0,0,0,0,0,-0.420551,10.2416,9.38818,-1.28639,10.7364,10.5736,-1.4843,-0.0494766,13.0391,2.25118,0.667934,13.5607
0,0,0,0,0,0,-0.420551,10.2416,9.38818,-1.28639,10.7612,10.621,-1.6822,-0.173168,13.0391,2.3254,0.593719,13.5607
0,0,0,0,0,0,-0.222645,10.4396,4.88375,-1.21218,10.5632,6.06913,-1.55851,-0.173168,15.2202,2.35014,0.544242,15.8366
0,0,0,0,0,0,-0.123691,10.4148,4.03028,-1.21218,10.5632,4.78892,-1.41008,-0.0494766,16.2159,2.42435,0.519504,16.453
0,0,0,0,0,0,-0.0742148,9.77162,3.84062,-0.940055,10.3159,4.50443,-1.31113,0,16.7849,2.3254,0.841102,17.2117
0,0,0,0,0,0,-0.0742148,9.4995,3.88803,-0.940055,10.1427,4.59926,-1.38534,0.371074,17.0694,2.25118,1.18744,17.4013
0,0,0,0,0,0,-0.0742148,9.57372,-2.46558,-0.742148,9.92005,-1.70694,-1.26165,0.791625,22.048,2.20171,1.45956,21.6213
0,0,0,0,0,0,0.0247383,4.89818,-3.31905,-1.06375,5.04661,-3.84062,-2.5233,-1.58325,27.3585,3.46336,-2.10275,28.1171
0,0,0,0,0,0,-0.272121,1.38534,-1.32762,-0.222645,0.841102,-3.12939,-4.15603,-4.05708,31.8629,4.70027,-3.98286,30.8672
0,0,0,0,0,0,-0.791625,-0.0742148,-1.23279,0.0247383,-0.0247383,-1.8966,-3.11702,-3.66127,31.7681,3.24072,-4.3292,29.8715
0,0,0,0,0,0,-0.593719,0.123691,-0.663811,0.86584,0.247383,-1.23279,-1.92959,-0.766887,27.9275,1.83063,-0.890578,28.7335
0,0,0,0,0,0,-0.445289,0.86584,0.0948301,1.18744,0.742148,0.331905,-1.28639,0.86584,23.3282,0.964793,2.42435,23.7075
0,0,0,0,0,0,-0.14843,1.11322,1.46987,0.420551,0.940055,0.521565,-0.173168,8.48523,22.3325,0.0494766,9.05421,20.9574
0,0,0,0,0,0,-1.21218,6.23405,5.21565,0.346336,4.50237,4.59926,-0.0742148,10.0932,18.966,0.0494766,11.8496,18.8238
0,0,0,0,0,0,-1.45956,5.56611,9.48301,0.791625,5.66507,8.77178,-1.26165,11.058,18.5867,2.12749,11.0828,16.7375
0,0,0,0,0,0,-1.18744,5.88771,10.621,0.544242,5.96193,10.8106,-1.50904,11.3301,18.3496,1.58325,12.5918,18.397
0,0,0,0,0,0,-0.643195,5.54138,10.9529,0.519504,5.76402,10.0046,-1.60799,10.3901,17.7332,2.20171,11.5033,18.2074
0,0,0,0,0,0,-0.346336,5.12082,9.86233,0.272121,5.09609,9.48301,-1.18744,9.37581,19.5824,2.10275,10.4643,18.9186
0,0,0,0,0,0,-0.544242,4.70027,9.05627,0.321598,4.92292,8.10797,-1.41008,7.8173,21.0049,2.10275,8.6584,19.2031
0,0,0,0,0,0,-0.593719,4.42815,8.77178,0.222645,4.30446,7.44416,-1.38534,6.25879,20.3411,2.39961,7.91625,19.7721
0,0,0,0,0,0,-0.692672,4.23025,7.68124,0.14843,4.23025,6.97001,-1.4843,5.96193,20.5781,1.80589,6.60512,20.5307
0,0,0,0,0,0,-0.420551,3.95813,7.63382,0.222645,4.0076,6.68552,-1.36061,4.82397,21.1945,2.02854,5.71454,20.8152
0,0,0,0,0,0,-0.346336,3.8097,7.2545,0.272121,3.88391,6.02171,-1.58325,5.14556,21.9532,1.92959,5.34347,20.4359
0,0,0,0,0,0,-0.371074,3.66127,6.82777,0.272121,3.76022,5.87947,-1.31113,4.3292,19.9617,2.0038,5.14556,20.6255
0,0,0,0,0,0,-0.346336,3.56231,6.44845,0.222645,3.53757,5.78464,-1.50904,4.42815,21.3842,1.83063,4.70027,19.7247
0,0,0,0,0,0,-0.420551,3.43862,6.25879,0.14843,3.4881,5.26307,-1.21218,3.8097,21.3368,2.0038,4.67554,19.7721
0,0,0,0,0,0,-0.544242,3.33967,6.21137,0.14843,3.36441,5.07341,-1.55851,3.85917,19.7721,1.97906,4.42815,19.2031
0,0,0,0,0,0,-0.470027,3.19124,6.06913,0.173168,3.36441,4.88375,-1.41008,3.85917,20.7204,1.88011,4.42815,19.2505
0,0,0,0,0,0,-0.470027,3.19124,5.87947,0.14843,3.19124,4.69409,-1.18744,3.58705,20.5307,1.83063,4.42815,18.9186
0,0,0,0,0,0,-0.56898,2.91912,5.78464,0.123691,3.24072,4.64667,-1.31113,3.58705,18.5867,1.97906,4.27972,19.0608
0,0,0,0,0,0,-0.470027,2.96859,5.64239,0.123691,3.11702,4.59926,-1.38534,3.686,19.535,1.97906,4.15603,18.5867
0,0,0,0,0,0,-0.445289,2.91912,5.64239,0.14843,2.96859,4.50443,-1.21218,3.53757,19.6298,1.83063,4.10655,18.2074
0,0,0,0,0,0,-0.470027,2.82016,5.40531,0.14843,2.96859,4.59926,-1.21218,3.36441,18.8238,2.02854,4.08182,17.8281
0,0,0,0,0,0,-0.544242,2.67173,5.45273,0.0742148,2.86964,4.45701,-1.36061,3.46336,17.7332,1.78116,4.08182,17.9703
0,0,0,0,0,0,-0.445289,2.67173,5.40531,0.0742148,2.8449,4.45701,-1.38534,3.58705,18.2548,1.88011,4.08182,17.591
0,0,0,0,0,0,-0.445289,2.72121,5.45273,0.222645,2.82016,4.45701,-1.11322,3.33967,19.0134,1.90485,4.05708,17.5436
0,0,0,0,0,0,-0.470027,2.59752,5.45273,0.14843,2.647,4.45701,-1.08848,3.24072,18.4445,1.92959,3.95813,17.2117
0,0,0,0,0,0,-0.593719,2.3254,5.45273,0.0247383,2.44909,4.45701,-1.26165,3.24072,17.4487,1.73168,3.90865,17.4013
0,0,0,0,0,0,-0.470027,2.25118,5.45273,0.123691,2.44909,4.45701,-1.4843,3.26545,16.9746,1.80589,3.88391,17.3539
0,0,0,0,0,0,-0.420551,2.3254,5.45273,0.222645,2.35014,4.45701,-1.31113,3.46336,17.7806,1.92959,3.8097,17.1642
0,0,0,0,0,0,-0.420551,2.3254,5.45273,0.247383,2.22645,4.50443,-1.1627,3.19124,17.7806,1.88011,3.8097,17.0694
0,0,0,0,0,0,-0.445289,2.15223,5.40531,0.247383,2.12749,4.59926,-1.21218,3.1665,17.7806,1.83063,3.66127,16.7849
0,0,0,0,0,0,-0.667934,1.92959,5.31048,0.0742148,2.15223,4.59926,-1.28639,2.96859,17.591,1.73168,3.71074,16.7375
0,0,0,0,0,0,-0.593719,1.88011,5.40531,0.14843,2.12749,4.64667,-1.31113,2.94386,17.1642,1.73168,3.58705,16.7375
0,0,0,0,0,0,-0.544242,1.90485,5.45273,0.14843,1.97906,4.50443,-1.4843,3.06755,16.8323,1.88011,3.53757,16.7849
0,0,0,0,0,0,-0.445289,1.90485,5.45273,0.222645,1.88011,4.50443,-1.31113,3.1665,16.7375,1.78116,3.46336,16.7375
0,0,0,0,0,0,-0.445289,1.92959,5.50014,0.247383,1.90485,4.59926,-1.41008,3.29019,16.7849,1.83063,3.43862,16.6427
0,0,0,0,0,0,-0.470027,1.97906,5.40531,0.222645,1.92959,4.78892,-1.26165,3.14176,17.1642,1.83063,3.4881,16.2634
0,0,0,0,0,0,-0.544242,1.88011,5.40531,0.14843,1.88011,4.69409,-1.38534,3.04281,17.2117,1.78116,3.63653,15.9315
0,0,0,0,0,0,-0.643195,1.83063,5.45273,0.123691,1.73168,4.64667,-1.36061,3.01807,17.2117,1.60799,3.63653,16.2159
0,0,0,0,0,0,-0.667934,1.88011,5.40531,0.0247383,1.88011,4.50443,-1.41008,2.94386,17.2117,1.73168,3.66127,16.2159
0,0,0,0,0,0,-0.56898,1.80589,5.45273,0,1.73168,4.69409,-1.31113,2.82016,17.2117,1.70694,3.53757,16.2159
0,0,0,0,0,0,-0.56898,1.80589,5.40531,0.14843,1.73168,4.64667,-1.26165,2.74595,17.2591,1.80589,3.53757,16.2634
0,0,0,0,0,0,-0.643195,1.6822,5.45273,0.0742148,1.78116,4.64667,-1.28639,2.74595,17.2117,1.80589,3.4881,16.3582
0,0,0,0,0,0,-0.593719,1.70694,5.40531,0.0494766,1.63273,4.69409,-1.21218,2.72121,17.1642,1.70694,3.56231,16.3582
0,0,0,0,0,0,-0.593719,1.60799,5.45273,0.14843,1.78116,4.59926,-1.21218,2.82016,17.2591,1.73168,3.53757,16.3582
0,0,0,0,0,0,-0.56898,1.70694,5.40531,0.0742148,1.88011,4.69409,-1.36061,2.94386,17.1642,1.88011,3.63653,16.453
0,0,0,0,0,0,-0.544242,1.70694,5.50014,0.0494766,1.80589,4.69409,-1.28639,2.86964,17.1642,1.88011,3.53757,16.4056
0,0,0,0,0,0,-0.519504,1.70694,5.50014,0.123691,1.88011,4.64667,-1.18744,2.8449,17.3539,1.80589,3.58705,16.453
0,0,0,0,0,0,-0.470027,1.78116,5.45273,0.0742148,1.97906,4.64667,-1.28639,2.86964,17.2591,1.97906,3.58705,16.3582
0,0,0,0,0,0,-0.56898,1.80589,5.50014,0.14843,2.07802,4.69409,-1.28639,2.96859,17.2117,1.97906,3.71074,16.453
0,0,0,0,0,0,-0.519504,1.45956,2.41817,0.222645,1.55851,1.28021,-1.18744,0.940055,21.4316,1.90485,1.55851,20.0091
0,0,0,0,0,0,-0.321598,-0.321598,0.237075,-0.0247383,-0.222645,-0.426735,-1.90485,-0.123691,22.7592,2.5233,-0.222645,21.9532
0,0,0,0,0,0,-0.371074,-0.964793,-0.426735,0.0494766,-0.247383,-1.46987,-2.12749,-3.686,25.3196,2.25118,-3.33967,24.7032
0,0,0,0,0,0,-0.643195,-0.321598,-0.900886,0.14843,-0.173168,-0.711226,-1.92959,-2.77069,25.5567,1.63273,-2.22645,23.7549
0,0,0,0,0,0,-0.692672,0.173168,0.900886,0.14843,0.742148,-0.142245,-1.26165,-0.667934,21.0049,1.38534,0.222645,19.3928
0,0,0,0,0,0,-0.742148,2.62226,3.03456,0.173168,1.90485,0.663811,-0.86584,1.31113,19.0608,1.38534,2.94386,18.3496
0,0,0,0,0,0,-0.692672,3.1665,4.03028,0.519504,2.3254,3.31905,-0.766887,2.35014,17.4013,1.90485,4.40341,17.591
0,0,0,0,0,0,-0.766887,3.11702,4.31477,0.371074,3.06755,3.50871,-1.18744,3.46336,18.5393,1.92959,4.40341,17.9229
0,0,0,0,0,0,-0.964793,3.71074,5.50014,0.272121,4.27972,5.78464,-0.841102,4.62606,17.2117,1.80589,5.04661,16.2159
0,0,0,0,0,0,-1.21218,5.14556,7.2545,0.272121,5.31873,6.82777,-1.18744,6.67934,16.9746,2.0038,5.98666,15.4573
0,0,0,0,0,0,-1.18744,5.19504,7.82348,0.222645,6.25879,6.63811,-1.06375,6.60512,17.2591,1.97906,6.87724,15.5521
0,0,0,0,0,0,-1.1627,5.44242,7.39675,0.222645,5.83823,6.49586,-1.06375,6.15983,16.0737,1.88011,6.28352,15.5521
0,0,0,0,0,0,-1.03901,5.02187,6.78035,0.272121,5.46716,5.78464,-1.21218,5.12082,17.591,2.0038,5.88771,16.6427
0,0,0,0,0,0,-1.08848,6.40722,7.20709,0.321598,6.15983,6.3062,-1.26165,4.99713,16.8323,1.88011,5.71454,16.2159
0,0,0,0,0,0,-1.08848,5.76402,7.39675,0.272121,6.23405,6.44845,-1.18744,4.94766,16.5953,1.73168,6.28352,16.3582
0,0,0,0,0,0,-1.08848,5.93719,7.39675,0.346336,6.45669,6.44845,-1.28639,5.04661,16.6427,1.6822,5.09609,16.6427
0,0,0,0,0,0,-1.03901,5.66507,7.01743,0.667934,5.56611,6.02171,-1.26165,4.62606,17.4487,1.83063,5.64033,16.4056
0,0,0,0,0,0,-1.18744,5.61559,7.06484,0.667934,5.51664,6.49586,-1.28639,4.37868,16.9272,1.6822,5.04661,16.3582
0,0,0,0,0,0,-1.08848,5.14556,6.97001,0.544242,4.99713,6.21137,-1.26165,4.3292,17.1642,1.70694,4.67554,16.4056
0,0,0,0,0,0,-0.940055,4.99713,6.82777,0.519504,4.82397,5.9743,-1.21218,4.05708,17.1642,1.80589,4.30446,16.5953
0,0,0,0,0,0,-1.03901,4.37868,6.49586,0.56898,4.40341,5.78464,-1.31113,3.88391,16.9272,1.80589,3.78496,15.7892
0,0,0,0,0,0,-0.989531,4.27972,6.25879,0.470027,4.20551,5.9743,-1.08848,3.46336,16.1685,1.6822,3.88391,15.5995
0,0,0,0,0,0,-1.06375,3.85917,6.11654,0.371074,3.76022,5.31048,-1.11322,3.26545,15.9789,1.60799,3.78496,15.5995
0,0,0,0,0,0,-1.06375,3.46336,5.9743,0.445289,3.38914,5.07341,-1.11322,3.33967,14.9357,1.6822,3.686,15.4099
0,0,0,0,0,0,-0.964793,3.06755,5.68981,0.346336,3.1665,4.97858,-1.06375,2.94386,15.5521,1.60799,3.46336,14.6512
0,0,0,0,0,0,-0.964793,2.82016,5.40531,0.371074,2.86964,4.83633,-0.964793,3.24072,14.3668,1.73168,3.38914,14.5564
0,0,0,0,0,0,-0.940055,2.5233,5.31048,0.371074,2.647,4.59926,-1.03901,2.86964,15.1728,1.55851,3.33967,14.0823
0,0,0,0,0,0,-0.989531,2.12749,5.21565,0.272121,2.3254,4.64667,-1.03901,2.96859,13.371,1.50904,3.36441,14.0349
0,0,0,0,0,0,-0.940055,1.97906,5.31048,0.272121,2.0038,4.50443,-1.06375,2.74595,14.7935,1.50904,3.26545,13.7978
0,0,0,0,0,0,-0.964793,1.70694,5.21565,0.321598,1.60799,4.50443,-0.964793,2.59752,13.0866,1.58325,3.33967,13.5607
0,0,0,0,0,0,-0.964793,1.63273,5.12082,0.173168,1.58325,4.50443,-0.940055,2.86964,12.8021,1.55851,3.19124,13.371
0,0,0,0,0,0,-0.86584,1.26165,5.26307,0.321598,1.18744,4.50443,-1.06375,2.62226,14.1771,1.50904,3.19124,12.8021
0,0,0,0,0,0,-1.03901,0.989531,5.31048,0.321598,1.11322,4.50443,-0.989531,2.59752,13.5607,1.4843,3.14176,12.6124
0,0,0,0,0,0,-0.989531,0.964793,5.21565,0.371074,0.791625,4.50443,-0.989531,2.62226,12.7546,1.4843,3.06755,12.6598
0,0,0,0,0,0,-1.08848,0.742148,5.31048,0.519504,0.593719,4.69409,-1.1627,2.77069,12.6598,1.4843,3.11702,12.6124
0,0,0,0,0,0,-0.964793,0.593719,5.40531,0.371074,0.643195,4.78892,-1.11322,2.647,13.2762,1.45956,3.06755,12.3753
0,0,0,0,0,0,-0.989531,0.470027,5.31048,0.346336,0.420551,4.83633,-0.989531,2.54804,13.0391,1.60799,3.01807,12.3753
0,0,0,0,0,0,-0.964793,0.519504,5.59497,0.346336,0.470027,4.83633,-0.989531,2.44909,12.4702,1.55851,3.01807,12.1857
0,0,0,0,0,0,-0.791625,0.346336,5.40531,0.371074,0.173168,4.64667,-1.08848,2.59752,12.2331,1.50904,2.96859,12.2805
0,0,0,0,0,0,-0.940055,0.321598,5.40531,0.371074,0.247383,4.69409,-1.08848,2.72121,12.2331,1.60799,3.01807,11.996
0,0,0,0,0,0,-0.940055,0.14843,5.45273,0.470027,0.321598,4.69409,-1.06375,2.72121,12.2331,1.50904,3.04281,12.1857
0,0,0,0,0,0,-0.791625,0.14843,5.45273,0.346336,0.247383,4.69409,-0.940055,2.72121,12.3753,1.50904,3.06755,12.0434
0,0,0,0,0,0,-0.86584,0.321598,5.45273,0.371074,0.272121,4.69409,-0.940055,2.647,12.4227,1.60799,3.11702,11.8538
0,0,0,0,0,0,-1.03901,0.272121,5.45273,0.346336,0.321598,4.69409,-0.989531,2.59752,12.3753,1.55851,3.11702,11.996
0,0,0,0,0,0,-0.86584,0.222645,5.26307,0.321598,0.272121,4.69409,-1.08848,2.59752,12.565,1.55851,3.06755,12.0908
0,0,0,0,0,0,-1.03901,0.0494766,5.40531,0.346336,0.321598,4.69409,-0.964793,2.44909,12.6598,1.60799,3.06755,11.9486
0,0,0,0,0,0,-0.940055,1.21218,7.63382,0.371074,1.21218,7.11226,-1.06375,4.74975,8.96144,1.55851,4.52711,8.58212
0,0,0,0,0,0,-0.989531,2.20171,9.62525,0.346336,2.22645,8.77178,-1.41008,7.19884,6.87518,1.73168,7.32253,7.39675
0,0,0,0,0,0,-0.86584,3.26545,10.3839,0.371074,3.04281,9.43559,-1.4843,7.71834,7.44416,1.60799,7.4957,7.63382
0,0,0,0,0,0,-0.56898,2.67173,10.4313,0.272121,2.44909,9.43559,-1.06375,6.87724,7.96573,1.63273,7.12463,7.63382
0,0,0,0,0,0,-0.890578,2.67173,13.0866,0.123691,2.30066,11.3796,-1.58325,9.77162,4.50443,2.0038,11.0333,4.07769
0,0,0,0,0,0,-1.03901,5.71454,16.9746,0.247383,5.41768,16.6427,-1.4843,14.0761,4.21994,1.80589,13.5813,4.31477
0,0,0,0,0,0,-1.97906,4.79923,20.4359,1.31113,3.76022,19.9143,-1.83063,7.02567,3.31905,1.97906,7.07515,3.41388
0,0,0,0,0,0,-1.63273,3.1665,20.3411,1.21218,1.63273,19.3453,-2.15223,3.1665,3.27164,2.20171,2.82016,4.07769
0,0,0,0,0,0,-1.26165,0.56898,19.4402,0.890578,0.346336,19.2505,-2.44909,2.67173,5.83205,2.30066,4.20551,5.45273
0,0,0,0,0,0,-0.766887,-0.692672,17.022,0.56898,-0.0494766,17.3539,-2.3254,3.98286,6.25879,2.42435,5.14556,7.11226
0,0,0,0,0,0,-0.791625,-3.33967,15.2202,0.766887,-1.80589,13.0391,-2.62226,2.15223,10.0994,3.01807,1.36061,9.38818
0,0,0,0,0,0,-0.791625,-3.8097,12.1857,0.667934,-3.06755,11.4744,-2.30066,0.692672,13.0866,2.42435,1.31113,11.0477
0,0,0,0,0,0,-0.593719,-3.38914,9.81491,0.346336,-1.88011,9.7675,-2.62226,-0.0494766,11.9486,2.22645,-0.0742148,11.7589
0,0,0,0,0,0,-0.643195,-2.647,9.00886,0.222645,-1.97906,7.8709,-2.42435,-1.21218,12.2805,2.12749,-0.14843,10.6684
0,0,0,0,0,0,-0.56898,-2.02854,7.63382,0.14843,-1.55851,7.01743,-2.15223,-0.667934,11.2374,2.02854,-0.791625,10.6684
0,0,0,0,0,0,-0.470027,-1.58325,7.11226,0.222645,-0.766887,6.87518,-2.02854,-0.989531,8.8192,2.20171,-0.56898,9.10369
0,0,0,0,0,0,-0.420551,-0.742148,6.68552,0.0742148,-0.123691,6.44845,-1.90485,-0.0742148,8.25022,2.12749,-0.0494766,8.48729
0,0,0,0,0,0,-0.519504,-0.0494766,6.49586,0.247383,0.14843,6.06913,-1.83063,0.0742148,7.11226,2.0038,0.0742148,7.58641
0,0,0,0,0,0,-0.593719,0.14843,6.97001,0.272121,0.0494766,6.59069,-1.78116,0.445289,7.44416,2.02854,0.692672,7.11226
0,0,0,0,0,0,-0.667934,0.123691,7.01743,0.272121,0.14843,6.82777,-1.90485,1.38534,6.25879,1.97906,1.63273,6.87518
0,0,0,0,0,0,-0.593719,0.544242,7.06484,0.272121,0.371074,6.87518,-1.78116,1.4843,6.49586,1.88011,2.10275,6.82777
0,0,0,0,0,0,-0.692672,0.742148,7.06484,0.247383,0.272121,6.78035,-1.88011,1.80589,6.82777,2.07802,2.3254,6.59069
0,0,0,0,0,0,-0.791625,0.692672,7.82348,0.222645,0.346336,7.39675,-1.90485,1.83063,6.3062,2.07802,2.3254,6.68552
0,0,0,0,0,0,-0.791625,0.667934,7.96573,0.321598,0.470027,7.68124,-2.0038,1.97906,6.49586,2.0038,2.25118,6.68552
0,0,0,0,0,0,-0.766887,0.766887,8.43988,0.371074,0.593719,8.01314,-1.88011,2.02854,6.82777,2.02854,2.62226,6.87518
0,0,0,0,0,0,-0.791625,0.692672,8.62954,0.272121,0.667934,8.25022,-1.88011,2.07802,7.01743,2.02854,2.54804,7.06484
0,0,0,0,0,0,-0.791625,0.667934,9.19852,0.420551,0.470027,8.58212,-1.80589,2.10275,7.20709,2.07802,2.44909,7.11226
0,0,0,0,0,0,-0.841102,0.519504,9.29335,0.346336,0.445289,8.8192,-1.92959,1.97906,7.11226,2.07802,2.54804,7.30192
0,0,0,0,0,0,-0.86584,0.445289,9.19852,0.371074,0.321598,8.77178,-1.92959,2.02854,7.01743,2.02854,2.5233,7.49158
0,0,0,0,0,0,-0.964793,0.371074,9.24593,0.445289,0.371074,8.8192,-1.92959,2.10275,7.20709,2.07802,2.35014,7.68124
0,0,0,0,0,0,-0.890578,0.470027,9.10369,0.544242,0.321598,8.8192,-1.97906,2.07802,7.20709,2.07802,2.49857,7.68124
0,0,0,0,0,0,-0.667934,0.470027,9.24593,0.470027,0.371074,8.67695,-1.92959,2.02854,7.20709,2.12749,2.3254,7.68124
0,0,0,0,0,0,-0.791625,0.519504,9.29335,0.420551,0.371074,8.77178,-1.92959,2.07802,7.06484,1.97906,2.35014,7.58641
0,0,0,0,0,0,-0.593719,0.56898,9.10369,0.519504,0.445289,8.67695,-1.92959,2.15223,7.20709,2.10275,2.35014,7.30192
0,0,0,0,0,0,-0.643195,0.56898,9.19852,0.346336,0.420551,8.67695,-1.90485,2.15223,7.06484,2.0038,2.42435,7.30192
0,0,0,0,0,0,-0.692672,0.56898,9.24593,0.420551,0.470027,8.67695,-1.90485,2.25118,7.06484,1.97906,2.54804,7.30192
0,0,0,0,0,0,-0.742148,0.643195,9.24593,0.346336,0.470027,8.8192,-2.10275,2.25118,7.01743,2.02854,2.62226,7.30192
0,0,0,0,0,0,-0.643195,0.643195,9.29335,0.346336,0.470027,8.77178,-1.88011,2.42435,6.97001,2.0038,2.62226,7.2545
0,0,0,0,0,0,-0.766887,0.643195,9.24593,0.445289,0.445289,8.77178,-1.90485,2.25118,7.01743,2.0038,2.59752,7.2545
0,0,0,0,0,0,-0.791625,0.643195,9.19852,0.371074,0.519504,8.8192,-1.80589,2.20171,7.01743,2.12749,2.62226,7.30192
0,0,0,0,0,0,-0.742148,0.643195,9.24593,0.420551,0.519504,8.8192,-1.97906,2.20171,7.11226,2.0038,2.5233,7.39675
0,0,0,0,0,0,-0.766887,0.56898,9.19852,0.445289,0.445289,8.77178,-1.88011,2.20171,7.01743,2.10275,2.54804,7.39675
0,0,0,0,0,0,-0.692672,0.544242,9.24593,0.371074,0.420551,8.77178,-1.90485,2.25118,7.01743,2.07802,2.62226,7.39675
0,0,0,0,0,0,-0.692672,0.56898,9.24593,0.445289,0.470027,8.77178,-1.88011,2.22645,7.01743,2.07802,2.59752,7.30192
0,0,0,0,0,0,-0.692672,0.544242,9.10369,0.371074,0.470027,8.77178,-2.02854,2.22645,6.97001,2.0038,2.647,7.2545
0,0,0,0,0,0,-0.667934,0.593719,9.19852,0.371074,0.470027,8.77178,-2.07802,2.20171,7.06484,1.92959,2.59752,7.30192
0,0,0,0,0,0,-0.692672,0.643195,9.24593,0.445289,0.445289,8.67695,-1.88011,2.12749,7.01743,2.12749,2.59752,7.30192
0,0,0,0,0,0,-0.791625,0.519504,9.24593,0.420551,0.420551,8.8192,-1.97906,2.15223,7.06484,1.97906,2.59752,7.30192
0,0,0,0,0,0,-0.766887,0.56898,9.24593,0.346336,0.445289,8.77178,-1.97906,2.12749,7.01743,2.10275,2.54804,7.30192
0,0,0,0,0,0,-0.766887,0.56898,9.29335,0.420551,0.371074,8.77178,-1.88011,2.15223,7.01743,1.90485,2.59752,7.39675
0,0,0,0,0,0,-0.841102,0.643195,9.24593,0.445289,0.346336,8.77178,-1.97906,2.22645,7.01743,1.97906,2.49857,7.39675
0,0,0,0,0,0,-0.692672,0.470027,9.24593,0.371074,0.420551,8.77178,-1.88011,2.22645,7.01743,2.07802,2.49857,7.44416
0,0,0,0,0,0,-0.791625,0.470027,9.19852,0.470027,0.346336,8.8192,-1.92959,2.15223,7.06484,2.02854,2.49857,7.30192
0,0,0,0,0,0,-0.791625,0.593719,9.10369,0.371074,0.346336,8.62954,-1.83063,2.10275,6.97001,2.07802,2.5233,7.30192
0,0,0,0,0,0,-0.742148,0.56898,9.24593,0.371074,0.371074,8.77178,-2.10275,2.25118,6.97001,2.07802,2.59752,7.39675
0,0,0,0,0,0,-0.766887,0.544242,9.24593,0.420551,0.371074,8.77178,-2.0038,2.20171,7.01743,2.0038,2.5233,7.39675
0,0,0,0,0,0,-0.766887,0.544242,9.19852,0.445289,0.420551,8.8192,-1.90485,2.22645,7.06484,2.02854,2.54804,7.30192
0,0,0,0,0,0,-0.841102,0.56898,9.24593,0.445289,0.470027,8.8192,-1.83063,2.12749,7.01743,2.15223,2.49857,7.2545
0,0,0,0,0,0,-0.791625,0.544242,9.19852,0.371074,0.445289,8.8192,-1.83063,2.02854,7.06484,1.92959,2.5233,7.30192
0,0,0,0,0,0,-0.742148,0.643195,9.24593,0.445289,0.371074,8.77178,-2.0038,2.15223,7.01743,2.02854,2.54804,7.39675
0,0,0,0,0,0,-0.766887,0.544242,9.10369,0.445289,0.420551,8.77178,-2.0038,2.22645,7.11226,2.12749,2.5233,7.30192
0,0,0,0,0,0,-0.841102,0.56898,9.24593,0.445289,0.470027,8.67695,-1.83063,2.10275,6.97001,2.15223,2.54804,7.39675
0,0,0,0,0,0,-0.841102,0.667934,9.29335,0.420551,0.371074,8.77178,-1.90485,2.15223,7.01743,2.0038,2.5233,7.30192
0,0,0,0,0,0,-0.643195,0.643195,9.19852,0.321598,0.420551,8.8192,-1.97906,2.15223,7.06484,2.02854,2.54804,7.30192
0,0,0,0,0,0,-0.692672,0.593719,9.24593,0.371074,0.420551,8.77178,-1.92959,2.15223,7.01743,2.07802,2.62226,7.30192
0,0,0,0,0,0,-0.766887,0.56898,9.29335,0.420551,0.445289,8.8192,-1.83063,2.25118,6.97001,2.15223,2.5233,7.39675
0,0,0,0,0,0,-0.643195,0.593719,9.19852,0.470027,0.445289,8.77178,-1.97906,2.20171,7.06484,2.10275,2.5233,7.39675
0,0,0,0,0,0,-0.86584,0.519504,9.24593,0.445289,0.445289,8.8192,-1.97906,2.15223,6.97001,1.97906,2.5233,7.39675
0,0,0,0,0,0,-0.791625,0.593719,9.19852,0.445289,0.445289,8.8192,-1.97906,2.15223,6.97001,2.07802,2.62226,7.39675
0,0,0,0,0,0,-0.742148,0.519504,9.19852,0.445289,0.420551,8.8192,-1.90485,2.22645,6.97001,2.0038,2.62226,7.39675
0,0,0,0,0,0,-0.742148,0.56898,9.24593,0.445289,0.445289,8.67695,-2.02854,2.12749,7.01743,2.02854,2.49857,7.2545
0,0,0,0,0,0,-0.692672,0.56898,9.24593,0.420551,0.445289,8.77178,-1.83063,2.10275,7.11226,2.02854,2.44909,7.30192
0,0,0,0,0,0,-0.766887,0.56898,9.19852,0.346336,0.420551,8.8192,-2.0038,2.15223,6.97001,2.02854,2.49857,7.39675
0,0,0,0,0,0,-0.766887,0.643195,9.29335,0.371074,0.445289,8.67695,-2.0038,2.20171,6.97001,2.0038,2.5233,7.39675
0,0,0,0,0,0,-0.766887,0.643195,9.29335,0.371074,0.420551,8.67695,-1.92959,2.15223,6.97001,2.0038,2.59752,7.30192
0,0,0,0,0,0,-0.841102,0.519504,9.19852,0.420551,0.420551,8.77178,-1.88011,2.20171,6.97001,2.07802,2.5233,7.39675
0,0,0,0,0,0,-0.692672,0.593719,9.24593,0.346336,0.420551,8.77178,-1.88011,2.10275,6.97001,2.02854,2.49857,7.39675
0,0,0,0,0,0,-0.86584,0.56898,9.29335,0.420551,0.445289,8.77178,-1.90485,2.15223,6.97001,2.02854,2.54804,7.2545
0,0,0,0,0,0,-0.742148,0.593719,9.24593,0.346336,0.420551,8.77178,-1.90485,2.22645,7.01743,2.0038,2.62226,7.39675
0,0,0,0,0,0,-0.841102,0.56898,9.29335,0.346336,0.346336,8.67695,-1.90485,2.22645,7.01743,2.0038,2.49857,7.2545
0,0,0,0,0,0,-0.742148,0.56898,9.19852,0.420551,0.371074,8.8192,-1.90485,2.15223,7.01743,2.10275,2.44909,7.2545
0,0,0,0,0,0,-0.766887,0.56898,9.24593,0.346336,0.420551,8.77178,-1.90485,2.15223,7.01743,2.07802,2.54804,7.30192
0,0,0,0,0,0,-0.742148,0.56898,9.24593,0.371074,0.420551,8.8192,-2.0038,2.15223,6.97001,2.10275,2.49857,7.39675
0,0,0,0,0,0,-0.742148,0.544242,9.24593,0.371074,0.346336,8.67695,-1.90485,2.20171,7.01743,2.02854,2.44909,7.39675
0,0,0,0,0,0,-0.841102,0.519504,9.19852,0.371074,0.420551,8.77178,-2.0038,2.15223,6.97001,1.97906,2.54804,7.39675
0,0,0,0,0,0,-0.643195,0.56898,9.19852,0.371074,0.445289,8.8192,-1.90485,2.15223,7.01743,2.07802,2.62226,7.30192
0,0,0,0,0,0,-0.766887,0.593719,9.24593,0.445289,0.371074,8.8192,-1.92959,2.20171,6.97001,2.02854,2.5233,7.2545
0,0,0,0,0,0,-0.742148,0.544242,9.29335,0.445289,0.371074,8.77178,-1.90485,2.10275,7.01743,2.02854,2.5233,7.39675
0,0,0,0,0,0,-0.692672,0.593719,9.24593,0.371074,0.420551,8.77178,-2.02854,2.20171,7.01743,1.92959,2.62226,7.2545
0,0,0,0,0,0,-0.766887,0.56898,9.29335,0.420551,0.420551,8.8192,-1.83063,2.20171,7.01743,2.10275,2.5233,7.39675
0,0,0,0,0,0,-0.692672,0.56898,9.29335,0.445289,0.519504,8.8192,-1.92959,2.12749,7.01743,2.07802,2.49857,7.30192
0,0,0,0,0,0,-0.766887,0.56898,9.24593,0.420551,0.445289,8.8192,-1.97906,2.10275,6.97001,2.07802,2.54804,7.30192
0,0,0,0,0,0,-0.791625,0.544242,9.24593,0.346336,0.445289,8.77178,-2.0038,2.15223,6.97001,2.15223,2.42435,7.39675
0,0,0,0,0,0,-0.766887,0.56898,9.24593,0.371074,0.445289,8.8192,-1.90485,2.25118,7.06484,2.07802,2.54804,7.30192
0,0,0,0,0,0,-0.791625,0.56898,9.24593,0.420551,0.420551,8.86661,-1.90485,2.15223,6.97001,2.02854,2.49857,7.30192
0,0,0,0,0,0,-0.742148,0.544242,9.10369,0.470027,0.470027,8.77178,-1.90485,2.10275,7.01743,1.97906,2.5233,7.44416
0,0,0,0,0,0,-0.766887,0.56898,9.24593,0.420551,0.420551,8.8192,-1.80589,2.20171,7.06484,2.10275,2.54804,7.39675
0,0,0,0,0,0,-0.766887,0.470027,9.24593,0.371074,0.321598,8.77178,-1.90485,2.10275,7.01743,2.0038,2.49857,7.2545
0,0,0,0,0,0,-0.841102,0.593719,9.19852,0.445289,0.420551,8.8192,-1.97906,2.10275,7.01743,2.10275,2.49857,7.39675
0,0,0,0,0,0,-0.791625,0.56898,9.10369,0.445289,0.420551,8.77178,-1.97906,2.15223,6.87518,2.02854,2.49857,7.2545
0,0,0,0,0,0,-0.742148,0.519504,9.24593,0.420551,0.445289,8.77178,-1.90485,2.15223,6.97001,1.97906,2.54804,7.30192
0,0,0,0,0,0,-0.841102,0.593719,9.24593,0.371074,0.346336,8.77178,-2.0038,2.15223,7.01743,2.02854,2.62226,7.30192
0,0,0,0,0,0,-0.766887,0.519504,9.24593,0.346336,0.371074,8.8192,-1.97906,2.12749,6.97001,2.12749,2.49857,7.39675
0,0,0,0,0,0,-0.742148,0.445289,9.10369,0.321598,0.445289,8.77178,-2.02854,2.12749,7.11226,2.07802,2.62226,7.30192
0,0,0,0,0,0,-0.766887,0.445289,9.19852,0.346336,0.346336,8.8192,-1.90485,2.20171,6.97001,2.10275,2.49857,7.39675
0,0,0,0,0,0,-0.841102,0.519504,9.10369,0.346336,0.420551,8.77178,-1.90485,2.15223,7.06484,2.02854,2.49857,7.39675
0,0,0,0,0,0,-0.692672,0.593719,9.24593,0.371074,0.445289,8.77178,-1.97906,2.02854,6.87518,2.0038,2.54804,7.39675
0,0,0,0,0,0,-0.766887,0.593719,9.24593,0.371074,0.272121,8.77178,-1.83063,2.22645,7.01743,2.02854,2.5233,7.30192
0,0,0,0,0,0,-0.667934,0.593719,9.24593,0.420551,0.346336,8.8192,-1.97906,2.10275,7.06484,2.0038,2.42435,7.39675
0,0,0,0,0,0,-0.742148,0.519504,9.24593,0.445289,0.519504,8.8192,-1.90485,2.20171,7.01743,2.0038,2.5233,7.39675
0,0,0,0,0,0,-0.766887,0.56898,9.19852,0.371074,0.346336,8.8192,-2.0038,2.15223,6.97001,2.10275,2.49857,7.30192
0,0,0,0,0,0,-0.742148,0.56898,9.24593,0.470027,0.445289,8.8192,-1.92959,2.15223,6.97001,2.10275,2.59752,7.39675
0,0,0,0,0,0,-0.791625,0.544242,9.24593,0.371074,0.445289,8.67695,-2.02854,2.15223,7.01743,2.07802,2.5233,7.30192
0,0,0,0,0,0,-0.742148,0.544242,9.24593,0.420551,0.420551,8.67695,-1.83063,2.22645,7.01743,2.0038,2.59752,7.30192
0,0,0,0,0,0,-0.643195,0.593719,9.19852,0.371074,0.420551,8.77178,-1.78116,2.22645,6.97001,2.02854,2.5233,7.2545
0,0,0,0,0,0,-0.667934,0.544242,9.19852,0.371074,0.420551,8.8192,-2.02854,2.15223,7.01743,1.92959,2.49857,7.2545
0,0,0,0,0,0,-0.692672,0.56898,9.24593,0.445289,0.470027,8.77178,-1.83063,2.12749,7.06484,2.02854,2.44909,7.30192
0,0,0,0,0,0,-0.692672,0.56898,9.19852,0.445289,0.346336,8.77178,-1.88011,2.15223,6.97001,2.0038,2.5233,7.30192
0,0,0,0,0,0,-0.692672,0.56898,9.24593,0.420551,0.346336,8.8192,-1.97906,2.10275,7.01743,2.07802,2.49857,7.44416
0,0,0,0,0,0,-0.742148,0.544242,9.19852,0.371074,0.420551,8.77178,-1.92959,2.12749,7.01743,2.0038,2.5233,7.39675
0,0,0,0,0,0,-0.766887,0.56898,9.19852,0.371074,0.420551,8.77178,-1.90485,2.15223,6.97001,2.10275,2.54804,7.30192
0,0,0,0,0,0,-0.841102,0.56898,9.19852,0.371074,0.420551,8.77178,-1.92959,2.15223,6.97001,2.10275,2.5233,7.39675
0,0,0,0,0,0,-0.667934,0.519504,9.29335,0.346336,0.445289,8.8192,-1.88011,2.10275,6.97001,2.0038,2.49857,7.30192
0,0,0,0,0,0,-0.766887,0.643195,9.24593,0.420551,0.420551,8.77178,-1.92959,2.02854,6.97001,2.02854,2.49857,7.30192
0,0,0,0,0,0,-0.692672,0.56898,9.19852,0.420551,0.420551,8.77178,-1.97906,2.22645,6.68552,2.10275,2.49857,7.30192
0,0,0,0,0,0,-0.766887,0.519504,9.29335,0.371074,0.371074,8.77178,-1.80589,2.10275,7.01743,1.92959,2.42435,7.39675
0,0,0,0,0,0,-0.841102,0.519504,9.24593,0.371074,0.420551,8.77178,-1.97906,2.25118,7.01743,1.90485,2.49857,7.30192
0,0,0,0,0,0,-0.791625,0.544242,9.24593,0.371074,0.371074,8.67695,-1.90485,2.15223,7.01743,2.12749,2.5233,7.30192
0,0,0,0,0,0,-0.692672,0.470027,9.24593,0.420551,0.420551,8.8192,-1.83063,2.22645,7.06484,2.12749,2.5233,7.30192
0,0,0,0,0,0,-0.791625,0.519504,9.24593,0.346336,0.346336,8.8192,-2.02854,2.07802,6.97001,2.10275,2.5233,7.39675
0,0,0,0,0,0,-0.742148,0.470027,9.19852,0.371074,0.420551,8.8192,-1.90485,2.12749,7.01743,2.10275,2.44909,7.2545
0,0,0,0,0,0,-0.791625,0.56898,9.24593,0.445289,0.371074,8.77178,-1.88011,2.20171,7.01743,2.0038,2.54804,7.39675
0,0,0,0,0,0,-0.766887,0.56898,9.29335,0.420551,0.420551,8.77178,-1.90485,2.20171,7.01743,1.90485,2.5233,7.30192
0,0,0,0,0,0,-0.742148,0.56898,9.24593,0.371074,0.420551,8.77178,-1.90485,2.20171,6.97001,2.07802,2.5233,7.2545
0,0,0,0,0,0,-0.692672,0.544242,9.19852,0.470027,0.445289,8.77178,-1.90485,2.22645,7.01743,2.07802,2.54804,7.39675
0,0,0,0,0,0,-0.692672,0.56898,9.24593,0.420551,0.445289,8.77178,-1.88011,2.15223,7.01743,2.02854,2.54804,7.30192
0,0,0,0,0,0,-0.766887,0.56898,9.29335,0.445289,0.445289,8.77178,-1.88011,2.02854,7.06484,2.02854,2.62226,7.30192
0,0,0,0,0,0,-0.766887,0.593719,9.24593,0.346336,0.420551,8.77178,-2.02854,2.10275,7.01743,2.15223,2.54804,7.30192
0,0,0,0,0,0,-0.667934,0.519504,9.10369,0.371074,0.445289,8.77178,-1.90485,2.10275,7.01743,2.02854,2.49857,7.39675
0,0,0,0,0,0,-0.692672,0.56898,9.24593,0.420551,0.445289,8.77178,-2.0038,2.07802,7.01743,2.07802,2.54804,7.39675
0,0,0,0,0,0,-0.766887,0.56898,9.10369,0.445289,0.420551,8.77178,-2.0038,2.15223,6.87518,2.15223,2.44909,7.30192
0,0,0,0,0,0,-0.766887,0.544242,9.24593,0.371074,0.445289,8.77178,-1.88011,2.07802,6.97001,2.10275,2.5233,7.30192
0,0,0,0,0,0,-0.766887,0.544242,9.24593,0.346336,0.371074,8.77178,-1.97906,2.15223,7.01743,2.02854,2.5233,7.30192
0,0,0,0,0,0,-0.667934,0.56898,9.19852,0.371074,0.445289,8.77178,-1.92959,2.20171,7.06484,2.07802,2.54804,7.39675
0,0,0,0,0,0,-0.791625,0.519504,9.19852,0.371074,0.346336,8.67695,-1.90485,2.15223,6.97001,2.0038,2.49857,7.2545
0,0,0,0,0,0,-0.742148,0.470027,9.10369,0.420551,0.420551,8.77178,-1.83063,2.12749,7.01743,2.02854,2.54804,7.39675
0,0,0,0,0,0,-0.841102,0.544242,9.24593,0.420551,0.371074,8.77178,-1.88011,2.15223,6.97001,2.02854,2.5233,7.30192
0,0,0,0,0,0,-0.791625,0.544242,9.24593,0.420551,0.420551,8.77178,-1.88011,2.12749,6.97001,1.97906,2.62226,7.30192
0,0,0,0,0,0,-0.841102,0.56898,9.19852,0.371074,0.371074,8.77178,-1.97906,2.12749,7.06484,2.02854,2.5233,7.30192
0,0,0,0,0,0,-0.742148,0.56898,9.24593,0.445289,0.321598,8.77178,-1.88011,2.10275,7.06484,2.02854,2.5233,7.2545
0,0,0,0,0,0,-0.692672,0.56898,9.19852,0.420551,0.346336,8.77178,-1.88011,2.12749,7.11226,2.12749,2.49857,7.2545
0,0,0,0,0,0,-0.692672,0.593719,9.10369,0.420551,0.445289,8.8192,-2.10275,2.25118,7.06484,1.97906,2.5233,7.30192
0,0,0,0,0,0,-0.766887,0.56898,9.10369,0.371074,0.420551,8.67695,-1.90485,2.12749,7.01743,2.0038,2.49857,7.2545
0,0,0,0,0,0,-0.766887,0.544242,9.19852,0.470027,0.445289,8.77178,-1.83063,2.10275,6.97001,2.12749,2.54804,7.39675
0,0,0,0,0,0,-0.742148,0.56898,9.24593,0.321598,0.445289,8.77178,-2.0038,2.20171,7.01743,2.02854,2.5233,7.30192
0,0,0,0,0,0,-0.742148,0.56898,9.29335,0.445289,0.445289,8.77178,-1.97906,2.07802,7.01743,2.02854,2.54804,7.39675
0,0,0,0,0,0,-0.692672,0.445289,9.24593,0.371074,0.420551,8.77178,-1.90485,2.12749,7.01743,2.0038,2.54804,7.30192
0,0,0,0,0,0,-0.742148,0.544242,9.24593,0.371074,0.371074,8.77178,-1.90485,2.3254,6.97001,2.0038,2.44909,7.2545
0,0,0,0,0,0,-0.766887,0.56898,9.24593,0.371074,0.420551,8.8192,-1.97906,2.15223,6.97001,2.0038,2.44909,7.30192
0,0,0,0,0,0,-0.692672,0.519504,9.10369,0.420551,0.420551,8.77178,-1.97906,2.20171,6.97001,2.07802,2.54804,7.30192
0,0,0,0,0,0,-0.742148,0.643195,9.24593,0.371074,0.445289,8.77178,-1.90485,2.15223,6.97001,2.07802,2.5233,7.30192
0,0,0,0,0,0,-0.766887,0.593719,9.19852,0.445289,0.371074,8.77178,-2.02854,2.15223,6.97001,2.12749,2.44909,7.30192
0,0,0,0,0,0,-0.766887,0.470027,9.19852,0.470027,0.445289,8.8192,-1.90485,2.20171,7.01743,2.10275,2.54804,7.39675
0,0,0,0,0,0,-0.766887,0.56898,9.38818,0.420551,0.346336,8.77178,-1.90485,2.15223,6.87518,2.0038,2.5233,7.30192
0,0,0,0,0,0,-0.692672,0.56898,9.05627,0.470027,0.445289,8.8192,-1.88011,2.25118,7.01743,2.0038,2.49857,7.39675
0,0,0,0,0,0,-0.742148,0.56898,9.24593,0.371074,0.371074,8.77178,-2.0038,2.20171,7.01743,2.02854,2.5233,7.30192
0,0,0,0,0,0,-0.742148,0.56898,9.19852,0.346336,0.420551,8.8192,-1.90485,2.15223,7.01743,2.02854,2.49857,7.30192
0,0,0,0,0,0,-0.791625,0.544242,9.24593,0.420551,0.445289,8.77178,-1.90485,2.20171,6.97001,2.02854,2.44909,7.30192
0,0,0,0,0,0,-0.667934,0.519504,9.19852,0.445289,0.420551,8.8192,-1.90485,2.20171,7.01743,2.07802,2.54804,7.30192
0,0,0,0,0,0,-0.667934,0.544242,9.19852,0.371074,0.420551,8.8192,-1.88011,2.15223,6.97001,2.15223,2.5233,7.39675
0,0,0,0,0,0,-0.766887,0.56898,9.29335,0.371074,0.445289,8.86661,-1.90485,2.22645,7.01743,1.92959,2.5233,7.30192
0,0,0,0,0,0,-0.742148,0.56898,9.24593,0.371074,0.445289,8.67695,-2.0038,2.20171,7.01743,1.92959,2.5233,7.2545
0,0,0,0,0,0,-0.742148,0.56898,9.19852,0.321598,0.420551,8.77178,-1.88011,2.12749,7.01743,2.07802,2.59752,7.30192
0,0,0,0,0,0,-0.791625,0.445289,9.24593,0.371074,0.445289,8.8192,-2.0038,2.12749,6.97001,2.02854,2.5233,7.39675
0,0,0,0,0,0,-0.766887,0.519504,9.10369,0.371074,0.445289,8.77178,-1.97906,2.12749,7.01743,2.12749,2.5233,7.30192
0,0,0,0,0,0,-0.742148,0.470027,9.19852,0.371074,0.445289,8.67695,-1.97906,2.07802,6.97001,2.07802,2.5233,7.30192
0,0,0,0,0,0,3.11702,-0.940055,8.43988,-4.72501,-0.544242,6.87518,0.593719,2.20171,15.3625,-0.0494766,2.39961,15.078
0,0,0,0,0,0,2.15223,0.940055,7.49158,-0.791625,-0.0247383,7.49158,-0.667934,5.21978,13.7504,0.470027,5.04661,12.8021
0,0,0,0,0,0,2.12749,0.321598,7.44416,-1.88011,0.0742148,7.49158,-0.445289,4.82397,13.9874,0.420551,4.70027,12.9917
0,0,0,0,0,0,2.35014,0.14843,7.20709,-2.59752,0,6.11654,0.173168,4.30446,14.0349,0.272121,5.19504,12.0434
0,0,0,0,0,0,2.22645,0.247383,6.82777,-2.5233,0,6.25879,-0.0247383,4.37868,13.9874,0.173168,5.02187,12.0908
0,0,0,0,0,0,2.39961,0.14843,6.63811,-1.80589,-0.593719,6.49586,-0.445289,4.18077,14.9357,0.321598,4.08182,13.2288
0,0,0,0,0,0,2.647,0,6.68552,-2.07802,-0.519504,6.44845,0.0247383,4.27972,14.8409,0.247383,4.0076,12.9917
0,0,0,0,0,0,1.21218,-0.667934,6.21137,-2.72121,-0.14843,6.3062,-0.272121,3.76022,13.8452,1.11322,5.12082,12.6598
0,0,0,0,0,0,1.50904,-0.544242,6.40103,-2.59752,-0.247383,6.40103,-0.222645,3.8097,13.8452,0.964793,4.89818,12.6598
0,0,0,0,0,0,1.6822,-0.371074,7.01743,-1.41008,-1.06375,6.97001,-0.56898,4.47763,14.2245,0.742148,4.3292,13.371
0,0,0,0,0,0,1.6822,-0.420551,7.11226,-1.63273,-0.964793,6.87518,-0.667934,4.30446,14.2245,0.86584,4.18077,13.371
0,0,0,0,0,0,1.73168,-1.08848,5.83205,-3.01807,-0.519504,5.59497,-0.0494766,3.98286,13.371,1.03901,4.8487,12.4227
0,0,0,0,0,0,1.70694,-1.03901,6.11654,-2.82016,-0.56898,5.83205,-0.123691,3.95813,13.371,1.03901,4.70027,12.3753
0,0,0,0,0,0,2.15223,-1.21218,7.58641,-1.83063,-2.35014,6.3062,-0.544242,3.98286,13.6081,0.371074,3.19124,13.0866
0,0,0,0,0,0,2.10275,-1.21218,7.44416,-1.92959,-2.02854,6.3062,-0.371074,4.05708,13.6555,0.470027,3.24072,13.0391
0,0,0,0,0,0,0.964793,-1.90485,7.11226,-2.62226,-1.38534,6.40103,0.321598,3.26545,13.0391,0.544242,4.60132,12.7546
0,0,0,0,0,0,1.06375,-1.80589,7.11226,-2.647,-1.38534,6.40103,0.445289,3.36441,13.0391,0.470027,4.23025,12.8495
0,0,0,0,0,0,2.96859,-1.41008,7.11226,-2.62226,-2.42435,5.64239,0,4.23025,12.9443,0.222645,2.94386,13.2762
0,0,0,0,0,0,2.59752,-1.38534,7.11226,-2.49857,-2.25118,5.78464,0.173168,3.98286,12.8495,0.247383,2.94386,13.2288
0,0,0,0,0,0,0.964793,-2.49857,7.96573,-2.67173,-1.60799,6.63811,0.692672,2.74595,12.2805,0.272121,3.85917,12.3753
0,0,0,0,0,0,1.1627,-2.42435,7.77607,-2.647,-1.6822,6.59069,0.371074,2.82016,12.2805,0.272121,3.58705,12.4227
0,0,0,0,0,0,2.74595,-1.28639,6.97001,-2.647,-1.88011,5.68981,0.470027,3.90865,12.2805,0.14843,2.8449,12.4702
0,0,0,0,0,0,2.647,-1.41008,7.06484,-2.74595,-1.90485,5.87947,0.445289,3.63653,12.3753,0.222645,2.91912,12.4702
0,0,0,0,0,0,1.03901,-2.647,7.77607,-2.39961,-1.97906,6.82777,0.247383,2.54804,13.1814,0.643195,3.71074,12.8495
0,0,0,0,0,0,1.06375,-2.647,7.63382,-2.42435,-2.0038,6.68552,0.346336,2.647,13.0866,0.643195,3.63653,12.8021
0,0,0,0,0,0,2.42435,-1.38534,7.11226,-2.30066,-2.22645,6.25879,0.420551,3.78496,11.9486,0.222645,3.06755,11.7589
0,0,0,0,0,0,2.42435,-1.60799,7.11226,-2.25118,-2.20171,6.40103,0.272121,3.58705,11.9486,0.272121,3.11702,11.8063
0,0,0,0,0,0,1.36061,-2.67173,7.96573,-2.86964,-2.0038,6.40103,0.519504,2.59752,12.2805,0.519504,3.1665,12.3753
0,0,0,0,0,0,1.4843,-2.59752,7.77607,-2.77069,-1.92959,6.3062,0.445289,2.54804,12.2805,0.445289,3.14176,12.2331
0,0,0,0,0,0,2.12749,-1.73168,7.77607,-2.22645,-2.35014,6.78035,0.692672,3.46336,11.3796,0.14843,2.86964,11.427
0,0,0,0,0,0,2.10275,-1.80589,7.68124,-2.30066,-2.25118,6.78035,0.593719,3.26545,11.4744,0.173168,2.86964,11.5693
0,0,0,0,0,0,1.41008,-2.62226,7.8709,-2.8449,-2.02854,6.59069,0.766887,2.59752,11.996,0.371074,3.06755,12.1857
0,0,0,0,0,0,1.55851,-2.62226,7.96573,-2.82016,-2.02854,6.63811,0.791625,2.62226,11.996,0.371074,3.04281,12.0908
0,0,0,0,0,0,2.25118,-1.90485,7.68124,-2.49857,-2.30066,6.59069,0.593719,3.33967,11.3796,0.14843,2.67173,11.5693
0,0,0,0,0,0,2.25118,-1.97906,7.68124,-2.54804,-2.22645,6.59069,0.643195,3.24072,11.2374,0.123691,2.72121,11.6641
0,0,0,0,0,0,1.41008,-1.58325,7.30192,-2.39961,-0.964793,6.63811,-0.0247383,4.08182,15.5521,1.03901,4.67554,15.2676
0,0,0,0,0,0,1.45956,-1.6822,7.2545,-2.44909,-1.18744,6.59069,-0.0742148,3.88391,15.4099,0.86584,4.23025,14.9832
0,0,0,0,0,0,1.41008,0.692672,7.20709,-0.890578,0.0247383,6.49586,-2.25118,6.18457,20.3411,2.54804,5.98666,19.3453
0,0,0,0,0,0,1.50904,0.445289,7.20709,-1.11322,-0.0742148,6.63811,-2.20171,5.73928,19.9143,2.44909,5.66507,19.2031
0,0,0,0,0,0,1.03901,0.544242,9.95716,-1.60799,0.692672,9.19852,-4.50237,7.74308,28.2119,5.56611,8.85631,27.2162
0,0,0,0,0,0,0.86584,0.890578,10.0046,-1.55851,0.841102,9.48301,-4.10655,7.19884,28.8758,4.94766,8.16363,27.5481
0,0,0,0,0,0,1.41008,2.25118,11.6641,-1.41008,1.63273,10.3839,-7.27306,10.6127,37.8372,7.8173,11.058,35.5139
0,0,0,0,0,0,1.31113,2.25118,12.0434,-1.45956,1.92959,10.4313,-6.87724,9.87057,37.8846,7.12463,10.3901,35.7509
0,0,0,0,0,0,0.0247383,2.96859,13.4659,-1.58325,2.8449,11.427,-7.79256,12.2207,41.3459,9.20264,13.9277,39.639
0,0,0,0,0,0,0.0247383,2.86964,13.4659,-1.55851,2.86964,11.427,-7.39675,11.9981,41.8201,8.90578,13.4576,39.1648
0,0,0,0,0,0,0.321598,2.8449,13.8452,-0.766887,2.22645,11.996,-8.03994,13.9277,43.7167,8.88104,13.6803,42.0571
0,0,0,0,0,0,0.0742148,2.82016,13.7978,-0.86584,2.49857,12.0434,-7.27306,13.235,41.9149,8.55945,13.8287,41.7252
0,0,0,0,0,0,-0.247383,2.25118,14.3668,-1.03901,2.25118,12.4702,-6.48143,13.136,41.6304,7.74308,13.8782,39.6864
0,0,0,0,0,0,-0.272121,2.42435,14.2245,-0.940055,2.67173,12.2805,-6.30826,13.2102,40.6821,7.52044,13.9771,38.1217
0,0,0,0,0,0,-0.0494766,2.07802,14.4616,-0.643195,2.07802,12.6124,-4.42815,12.3197,40.8718,5.86297,13.235,36.9363
0,0,0,0,0,0,-0.0742148,2.22645,14.0823,-0.692672,2.44909,12.2805,-4.82397,12.8144,38.7381,5.96193,14.175,34.7552
0,0,0,0,0,0,-0.0494766,1.38534,12.0908,-0.667934,1.97906,10.5736,-1.60799,11.5775,31.7681,3.71074,12.4681,28.4964
0,0,0,0,0,0,-0.0247383,1.4843,11.0951,-0.692672,2.20171,10.1942,-2.22645,12.3197,29.8715,4.23025,13.6803,26.5998
0,0,0,0,0,0,1.50904,0.371074,3.88803,-2.647,0.544242,2.70266,-0.692672,8.98,16.4056,1.36061,10.0437,12.6598
0,0,0,0,0,0,0.766887,0.56898,2.70266,-2.07802,1.1627,1.80177,-1.03901,9.87057,13.7978,1.83063,10.8601,10.4313
0,0,0,0,0,0,1.26165,-0.56898,-0.711226,-1.50904,0.0247383,-1.13796,0.0494766,2.59752,-1.32762,-1.31113,2.96859,-1.42245
0,0,0,0,0,0,0.519504,-0.470027,-1.32762,-0.989531,0.123691,-1.70694,0,2.72121,-1.99143,-0.445289,2.30066,-1.99143
0,0,0,0,0,0,-0.0247383,0,-1.70694,-0.346336,0.766887,-1.99143,0.272121,2.0038,-1.70694,-0.247383,2.86964,-2.32334
0,0,0,0,0,0,-0.222645,0,-1.61211,-0.247383,0.667934,-1.61211,0.742148,0.940055,-1.61211,-0.321598,0.86584,-1.8966
0,0,0,0,0,0,0,-0.321598,-2.08626,-0.0742148,-0.0247383,-2.22851,0.371074,-0.0494766,-1.46987,0,0.0247383,-2.32334
0,0,0,0,0,0,0,-0.321598,-1.99143,0.123691,-0.0494766,-1.84919,0.470027,-0.667934,-1.13796,-0.0742148,-1.11322,-2.13368
0,0,0,0,0,0,0.0742148,-0.742148,-2.46558,-0.346336,-0.222645,-2.08626,0.766887,-2.39961,-1.80177,-0.420551,-2.0038,-2.27592
0,0,0,0,0,0,0.0247383,-0.940055,-1.80177,-0.247383,-0.445289,-1.46987,0.544242,-2.647,-1.8966,-0.371074,-2.91912,-2.03885
0,0,0,0,0,0,-0.173168,-0.940055,-1.84919,0.371074,-0.643195,-1.99143,0.272121,-2.94386,-1.80177,-0.519504,-2.54804,-2.13368
0,0,0,0,0,0,-0.0742148,-0.643195,-1.23279,0.544242,-0.470027,-1.23279,0.0494766,-2.5233,-1.46987,-0.420551,-2.44909,-1.99143
0,0,0,0,0,0,-0.470027,-0.56898,-0.995716,0.222645,-0.544242,-0.995716,0.173168,-1.83063,-1.84919,0,-1.70694,-2.13368
0,0,0,0,0,0,-0.420551,-0.222645,-0.47415,0.742148,-0.346336,-0.663811,-0.0742148,-1.26165,-1.61211,0.0742148,-1.21218,-1.8966
0,0,0,0,0,0,-0.420551,-0.247383,-0.142245,0.56898,-0.272121,-0.331905,-0.321598,-1.26165,-2.08626,0.247383,-0.841102,-2.08626
0,0,0,0,0,0,-0.346336,-0.0494766,0.142245,0.742148,-0.173168,-0.0948301,-0.371074,-0.445289,-1.42245,0.371074,-0.445289,-1.65953
0,0,0,0,0,0,-1.06375,-1.45956,0.995716,1.45956,-1.55851,0.426735,-0.544242,-2.20171,-1.80177,0.56898,-1.36061,-2.13368
0,0,0,0,0,0,-0.86584,-0.667934,1.04313,1.1627,-0.643195,0.616396,-0.519504,-0.791625,-1.65953,0.56898,-0.420551,-1.42245
0,0,0,0,0,0,-1.83063,-0.420551,2.60783,1.97906,-0.593719,2.27592,-0.989531,-1.31113,-1.04313,0.766887,-1.11322,-0.853471
0,0,0,0,0,0,-1.41008,-0.940055,5.40531,1.41008,-0.0494766,1.70694,-0.841102,-0.86584,-0.663811,0.643195,-0.123691,-0.711226
0,0,0,0,0,0,-3.56231,-0.247383,17.9229,4.79923,-0.420551,11.9486,-3.8097,-12.5423,1.09055,0.940055,-0.841102,-0.142245
0,0,0,0,0,0,-4.60132,-4.60132,17.022,5.66507,-4.94766,11.1899,-1.80589,-7.32253,1.70694,1.58325,-1.92959,0.616396
0,0,0,0,0,0,-3.53757,2.25118,24.7981,7.71834,-0.123691,25.4145,-5.02187,-1.80589,8.10797,2.96859,-6.25879,7.77607
0,0,0,0,0,0,-2.12749,-0.123691,27.2162,5.86297,-2.77069,26.505,-3.8097,-3.78496,7.11226,3.36441,-5.83823,8.58212
0,0,0,0,0,0,-5.64033,4.82397,28.9232,7.86677,2.86964,27.6904,-5.64033,-1.41008,12.6598,5.36821,-2.67173,13.5607
0,0,0,0,0,0,-5.46716,1.92959,31.1043,8.21311,0.964793,29.1128,-6.25879,-5.02187,12.6124,4.94766,-5.26925,12.8495
0,0,0,0,0,0,-4.67554,-1.06375,29.3499,4.18077,-3.14176,29.5396,-4.40341,-4.10655,10.5736,3.63653,-4.79923,12.0434
0,0,0,0,0,0,-4.67554,-1.88011,29.1602,5.44242,-2.82016,28.4964,-4.42815,-6.82777,10.2416,3.36441,-6.55564,10.858
0,0,0,0,0,0,-1.92959,-3.78496,29.7766,6.13509,-4.57658,26.0309,-4.60132,-5.76402,11.6167,3.01807,-5.86297,10.1942
0,0,0,0,0,0,-2.10275,-2.91912,28.9706,5.64033,-3.63653,23.5653,-5.31873,-6.50617,11.0951,2.8449,-6.82777,9.05627
0,0,0,0,0,0,-3.36441,-3.88391,26.1257,3.90865,-4.74975,23.8024,-4.60132,-6.23405,12.9917,3.8097,-7.12463,12.2805
0,0,0,0,0,0,-3.26545,-2.91912,25.699,4.23025,-3.85917,22.1902,-4.99713,-6.87724,12.2331,4.05708,-7.59465,11.8538
0,0,0,0,0,0,-1.73168,-6.58038,23.2334,4.52711,-7.44622,19.8195,-4.08182,-7.22358,15.1728,3.71074,-6.90198,12.0908
0,0,0,0,0,0,-2.77069,-5.56611,22.8066,3.98286,-6.60512,18.8238,-4.3292,-6.75355,12.3753,3.29019,-7.09989,11.0003
0,0,0,0,0,0,-1.28639,-9.99427,21.0049,1.36061,-9.77162,17.9703,-3.24072,-4.70027,11.4744,3.36441,-4.72501,8.43988
0,0,0,0,0,0,-1.41008,-9.15316,19.3453,1.90485,-8.90578,17.4013,-2.91912,-4.20551,9.29335,3.46336,-4.23025,6.97001
0,0,0,0,0,0,3.01807,-9.92005,10.5736,-1.88011,-9.59845,5.59497,-0.445289,-2.07802,4.97858,0.0247383,-1.78116,3.03456
0,0,0,0,0,0,2.07802,-8.46049,8.48729,-1.50904,-8.63366,3.98286,-0.841102,-1.63273,3.69837,0.272121,-1.6822,1.8966
0,0,0,0,0,0,-0.519504,-4.70027,-0.142245,0.692672,-3.14176,-1.61211,-0.667934,-2.25118,-2.22851,-0.321598,-1.08848,-0.853471
0,0,0,0,0,0,-0.247383,-4.57658,-1.28021,0.445289,-2.15223,-2.46558,-0.123691,-1.21218,-2.60783,-0.470027,-0.445289,-2.08626
0,0,0,0,0,0,-0.56898,-2.8449,-1.99143,1.78116,-1.06375,-3.60354,-2.15223,-0.593719,-4.07769,1.26165,-0.56898,-3.31905
0,0,0,0,0,0,-1.08848,-2.42435,-1.51728,1.31113,-0.692672,-3.31905,-0.841102,-0.841102,-3.4613,0.742148,-0.321598,-3.22422
0,0,0,0,0,0,-0.841102,-2.67173,-3.12939,0.643195,-0.544242,-4.26735,-0.890578,-0.742148,-5.59497,0.593719,-0.123691,-4.07769
0,0,0,0,0,0,-0.766887,-1.4843,-2.513,0.544242,-0.0247383,-3.41388,-0.222645,-0.272121,-3.31905,0.173168,-0.14843,-2.98715
0,0,0,0,0,0,0.0494766,-1.1627,-2.8449,-0.0247383,-0.321598,-3.60354,0.272121,-1.08848,-4.03028,-0.321598,-0.519504,-3.4613
0,0,0,0,0,0,0.123691,-0.173168,-2.41817,-0.173168,-0.0247383,-2.513,0.519504,-0.643195,-3.7932,-0.346336,-0.321598,-2.98715
0,0,0,0,0,0,-0.0742148,-0.841102,-2.08626,0.0742148,-0.470027,-2.08626,0.989531,-1.45956,-2.60783,-0.940055,-1.38534,-2.32334
0,0,0,0,0,0,0.420551,-0.0494766,-1.28021,-0.346336,-0.222645,-1.04313,0.841102,-0.766887,-0.853471,-0.593719,-1.11322,-1.42245
0,0,0,0,0,0,0.420551,0.0494766,-1.28021,-0.593719,-0.272121,-0.616396,1.18744,-1.73168,-2.27592,-0.123691,-2.15223,-1.84919
0,0,0,0,0,0,-0.0247383,0.371074,-0.28449,-0.371074,-0.0247383,0,0.766887,-0.346336,-1.13796,-0.0494766,-1.38534,-0.853471
0,0,0,0,0,0,0.519504,0.692672,-0.237075,-0.519504,-0.123691,0.616396,0.593719,-0.544242,-1.51728,-0.272121,-2.0038,-1.09055
0,0,0,0,0,0,0.470027,1.21218,0.426735,-0.321598,0.420551,0.995716,0.272121,0.0494766,0.331905,-0.123691,-1.78116,-0.521565
0,0,0,0,0,0,-0.643195,-0.470027,0.806056,-0.0742148,-0.692672,1.65953,1.38534,-0.123691,0.047415,-0.123691,-4.20551,-0.711226
0,0,0,0,0,0,-0.346336,0.0494766,0.995716,-0.0742148,0.0247383,1.46987,1.06375,-0.0494766,0.426735,0.0494766,-3.63653,-0.331905
0,0,0,0,0,0,-0.791625,0.123691,2.32334,0.123691,1.08848,2.513,0.470027,-2.54804,1.28021,0.14843,-5.44242,0.426735
0,0,0,0,0,0,-0.643195,1.18744,2.03885,0.173168,1.11322,2.41817,0.321598,-2.5233,1.46987,0.0742148,-6.25879,0.616396
0,0,0,0,0,0,-2.67173,0.0494766,8.62954,1.88011,0,12.8495,-0.14843,-4.18077,3.84062,-0.0494766,-7.59465,2.41817
0,0,0,0,0,0,-2.07802,0.445289,9.19852,1.41008,-1.26165,11.3796,0,-5.24452,4.83633,-0.0247383,-7.39675,3.27164
0,0,0,0,0,0,-5.76402,0,27.1214,4.42815,-0.321598,28.7335,-1.88011,-3.4881,8.25022,1.92959,-6.48143,7.96573
0,0,0,0,0,0,-4.74975,0.470027,31.0094,1.6822,0.346336,34.4707,-1.38534,-3.85917,8.29763,1.26165,-7.19884,8.29763
0,0,0,0,0,0,-5.02187,7.96573,36.3673,4.20551,7.07515,36.1777,-3.36441,-0.964793,11.7589,4.18077,-3.53757,10.0994
0,0,0,0,0,0,-6.77829,4.74975,35.8932,6.15983,4.30446,36.557,-4.20551,-2.5233,11.8538,3.71074,-4.89818,10.3839
0,0,0,0,0,0,-6.28352,10.5385,35.7509,4.23025,9.25212,36.3673,-3.56231,-0.940055,13.5607,4.27972,-4.0076,12.8021
0,0,0,0,0,0,-3.98286,7.74308,33.6647,3.14176,6.82777,33.9966,-3.78496,-2.82016,13.8452,4.10655,-5.56611,13.2762
0,0,0,0,0,0,-4.37868,7.74308,30.2982,2.54804,6.06088,32.0052,-2.72121,-2.59752,16.8323,3.88391,-6.08562,16.3582
0,0,0,0,0,0,-4.57658,6.58038,29.587,2.74595,5.51664,31.0094,-2.96859,-3.85917,16.2159,4.08182,-7.22358,15.647
0,0,0,0,0,0,-3.26545,4.60132,27.5007,2.20171,2.39961,29.8715,-3.1665,-3.56231,17.022,2.91912,-7.69361,16.2634
0,0,0,0,0,0,-3.63653,4.60132,25.7464,2.5233,2.74595,28.1645,-2.96859,-4.70027,16.2634,3.01807,-8.21311,16.0263
0,0,0,0,0,0,-2.96859,2.22645,23.9446,1.21218,0.989531,26.7895,-3.63653,-4.10655,19.3928,3.71074,-7.4957,18.7764
0,0,0,0,0,0,-2.94386,2.25118,23.423,1.55851,1.06375,26.2205,-3.53757,-4.23025,19.3928,3.56231,-7.59465,18.397
0,0,0,0,0,0,-2.77069,-1.1627,20.3885,1.31113,-1.78116,22.9015,-2.96859,-4.79923,20.9574,3.19124,-8.6584,18.4445
0,0,0,0,0,0,-2.82016,-0.420551,19.3928,1.21218,-1.06375,21.0523,-2.96859,-4.62606,19.8195,3.14176,-7.91625,18.0177
0,0,0,0,0,0,1.50904,-5.31873,14.9357,-2.42435,-4.05708,18.16,-0.0247383,-1.92959,15.8366,1.78116,-6.30826,15.9789
0,0,0,0,0,0,0.667934,-3.33967,13.7504,-2.10275,-3.14176,16.2159,-0.346336,-1.50904,13.8452,1.6822,-5.26925,13.2288
0,0,0,0,0,0,1.03901,-4.52711,5.31048,-2.39961,-3.43862,6.06913,0.222645,-0.0247383,5.02599,-0.445289,-0.791625,1.8966
0,0,0,0,0,0,1.6822,-3.686,3.41388,-2.77069,-2.59752,4.07769,0.544242,0.420551,1.84919,-0.321598,-0.445289,0.0948301
0,0,0,0,0,0,-0.247383,-1.45956,0.47415,-0.593719,-1.55851,0.426735,1.18744,-0.14843,0.0948301,-1.38534,-0.791625,-1.23279
0,0,0,0,0,0,-0.14843,-1.18744,-0.28449,-0.56898,-1.31113,-0.47415,1.36061,0.14843,-0.331905,-1.03901,0.14843,-1.65953
0,0,0,0,0,0,-0.791625,-0.222645,-0.663811,0.247383,-0.420551,-0.995716,-0.470027,0.519504,-2.13368,0.0742148,-0.0494766,-2.98715
0,0,0,0,0,0,-0.692672,0.0247383,-0.853471,0.272121,-0.222645,-1.09055,-0.173168,0.321598,-2.32334,0.247383,0.173168,-2.513
0,0,0,0,0,0,-0.173168,0.0494766,-1.51728,-0.272121,-0.14843,-2.08626,-0.272121,0.0494766,-2.8449,0.0742148,0.420551,-3.41388
0,0,0,0,0,0,-0.0742148,0.14843,-1.42245,-0.0494766,-0.0247383,-1.80177,-0.346336,0.272121,-2.22851,0.346336,0.766887,-2.60783
0,0,0,0,0,0,0.272121,0.0247383,-1.84919,-0.272121,0.173168,-2.41817,0.123691,0.346336,-3.03456,-0.14843,0.841102,-2.79749
0,0,0,0,0,0,0.56898,0.272121,-1.51728,-0.346336,0.222645,-1.65953,0.0742148,0.321598,-1.80177,-0.14843,0.86584,-1.99143
0,0,0,0,0,0,0.222645,-0.470027,-1.99143,-0.0742148,-0.321598,-2.27592,0.0742148,-0.371074,-2.46558,-0.371074,0.420551,-2.08626
0,0,0,0,0,0,0.371074,-0.593719,-1.23279,-0.173168,-0.123691,-1.32762,0.272121,-0.222645,-2.41817,-0.519504,0.272121,-0.806056
0,0,0,0,0,0,0.0494766,-0.841102,-2.13368,-0.247383,-0.791625,-1.99143,0.321598,-0.766887,-1.65953,-0.445289,-0.445289,-1.23279
0,0,0,0,0,0,0.222645,-0.791625,-1.28021,-0.222645,-0.321598,-1.32762,0.346336,-0.791625,-0.663811,-0.346336,-0.247383,-0.663811
0,0,0,0,0,0,0.222645,-1.03901,-1.46987,-0.123691,-0.964793,-1.09055,0.0742148,-1.31113,-2.08626,-0.519504,-0.791625,-0.663811
0,0,0,0,0,0,0.0742148,-0.272121,-0.47415,-0.14843,-0.272121,-0.47415,0.0494766,-0.593719,-0.47415,-0.247383,-0.445289,-0.28449
0,0,0,0,0,0,0.173168,-1.6822,-0.426735,-0.0247383,-0.964793,-0.047415,0.0494766,-2.07802,-1.46987,-0.173168,-1.1627,-0.711226
0,0,0,0,0,0,0.0247383,-0.222645,-0.0948301,-0.0247383,-0.173168,-0.047415,-0.0494766,-0.56898,-0.142245,-0.0494766,-0.371074,-0.331905
0,0,0,0,0,0,-0.321598,-0.14843,1.32762,0.0742148,-0.420551,1.42245,-0.346336,-0.841102,-0.142245,0.544242,-1.60799,-0.237075
0,0,0,0,0,0,-0.247383,0.173168,1.51728,0.173168,-0.0494766,1.23279,-0.445289,0,0.28449,0.272121,-0.420551,-0.0948301
0,0,0,0,0,0,-0.123691,0.420551,5.07341,1.31113,0.0494766,7.11226,-1.03901,-0.470027,1.09055,1.38534,-1.78116,0.711226
0,0,0,0,0,0,-0.544242,-0.346336,9.7675,1.06375,-0.14843,9.19852,-1.55851,-0.544242,3.84062,0.940055,-0.56898,3.69837
0,0,0,0,0,0,-7.22358,-1.80589,22.5696,4.70027,-5.44242,20.4359,-2.647,-5.96193,8.06056,3.33967,-8.43575,4.69409
0,0,0,0,0,0,-6.45669,-6.77829,24.7507,2.91912,-5.02187,23.0437,-2.35014,-4.8487,7.82348,3.24072,-5.64033,6.3062
0,0,0,0,0,0,-1.60799,7.54518,32.7638,3.53757,1.80589,28.4964,-4.08182,-0.0494766,16.7849,3.63653,-3.24072,13.7978
0,0,0,0,0,0,-2.30066,2.54804,31.1517,4.8487,-0.371074,28.0223,-4.40341,-0.940055,17.4487,4.82397,-3.43862,14.7935
0,0,0,0,0,0,-4.50237,8.03994,29.3025,3.14176,3.90865,27.5007,-5.78876,0.321598,19.9143,6.40722,-1.50904,18.5867
0,0,0,0,0,0,-2.86964,4.94766,28.3068,1.83063,3.01807,27.5956,-5.26925,-0.841102,20.1514,5.88771,-3.4881,18.0651
0,0,0,0,0,0,-1.97906,3.98286,27.1688,1.4843,2.07802,24.2291,-3.58705,-2.25118,20.9574,5.83823,-1.28639,20.5781
0,0,0,0,0,0,-3.19124,2.72121,25.8886,2.0038,1.90485,24.1343,-4.15603,-1.31113,21.4316,6.03614,-2.94386,18.6341
0,0,0,0,0,0,-2.3254,0.890578,25.7464,0.692672,-0.766887,25.5567,-4.0076,-2.5233,18.5867,4.37868,-3.85917,18.8238
0,0,0,0,0,0,-2.49857,1.41008,24.7981,1.83063,-0.420551,24.561,-3.76022,-2.77069,18.2548,4.72501,-4.47763,18.5393
0,0,0,0,0,0,-1.90485,-0.346336,21.8109,0.940055,-1.08848,22.7118,-4.30446,-3.19124,22.7592,5.19504,-4.0076,21.8109
0,0,0,0,0,0,-1.80589,0.371074,22.1902,0.667934,-0.940055,21.3842,-4.42815,-2.86964,21.2419,4.94766,-4.18077,21.0049
0,0,0,0,0,0,-1.28639,-1.70694,19.6298,0.643195,-3.71074,20.1988,-4.0076,-3.71074,23.7549,3.95813,-3.95813,22.4273
0,0,0,0,0,0,-1.55851,-1.45956,17.7806,0.544242,-2.67173,18.6341,-3.71074,-2.8449,20.6255,3.78496,-3.56231,20.7204
0,0,0,0,0,0,2.54804,-6.87724,13.8452,-3.63653,-7.27306,14.4616,-0.766887,0.420551,14.7935,1.73168,-0.0247383,14.7461
0,0,0,0,0,0,2.02854,-5.88771,11.4744,-2.96859,-6.15983,12.4227,-0.86584,0.667934,13.4659,1.6822,0.247383,12.9917
0,0,0,0,0,0,1.18744,-4.05708,1.8966,-2.35014,-5.19504,2.513,-0.346336,1.18744,3.69837,-0.470027,1.06375,2.79749
0,0,0,0,0,0,1.78116,-3.43862,-0.142245,-2.91912,-3.85917,0.047415,-0.14843,2.35014,0.616396,-0.321598,2.07802,0.663811
0,0,0,0,0,0,-0.123691,-1.90485,-0.0948301,-0.544242,-1.26165,-0.28449,0.0494766,-0.14843,-0.237075,0,-0.173168,-0.711226
0,0,0,0,0,0,-0.123691,-1.90485,-0.0948301,-0.544242,-1.26165,-0.28449,0.0494766,-0.14843,-0.237075,0,-0.173168,-0.711226
0,0,0,0,0,0,-0.593719,-0.643195,-0.663811,0.346336,-0.593719,-1.65953,-0.86584,0,-2.32334,0.791625,0.321598,-2.8449
0,0,0,0,0,0,-0.470027,-0.272121,-0.853471,0.544242,-0.222645,-1.65953,-0.56898,-0.123691,-1.84919,0.470027,0.173168,-2.65524
0,0,0,0,0,0,0,-0.0742148,-1.51728,-0.14843,-0.123691,-2.41817,0.0494766,-0.420551,-2.65524,-0.123691,0,-3.31905
0,0,0,0,0,0,0.0742148,0.123691,-1.46987,0,-0.0247383,-2.13368,0.0742148,-0.247383,-2.41817,-0.0247383,0,-3.22422
0,0,0,0,0,0,0.544242,0.0494766,-1.61211,-0.445289,0.173168,-2.41817,0.321598,-0.371074,-2.13368,-0.222645,0.123691,-2.98715
0,0,0,0,0,0,0.544242,0.272121,-1.13796,-0.346336,0.519504,-1.8966,0.420551,-0.346336,-1.70694,-0.272121,0.0494766,-2.27592
0,0,0,0,0,0,0,-0.420551,-1.70694,-0.14843,0,-1.99143,0.420551,-1.06375,-3.12939,-0.593719,-0.14843,-2.32334
0,0,0,0,0,0,-0.0742148,-0.272121,-1.32762,-0.0494766,0.0247383,-1.04313,0.470027,-0.519504,-2.22851,-0.56898,-0.346336,-1.65953
0,0,0,0,0,0,-0.0247383,-0.593719,-1.51728,-0.0247383,-0.272121,-1.23279,0.123691,-1.08848,-2.41817,-0.445289,-0.964793,-1.70694
0,0,0,0,0,0,-0.0742148,-0.321598,-0.900886,0,-0.0742148,-0.711226,0,-0.56898,-0.900886,-0.371074,-0.643195,-0.853471
0,0,0,0,0,0,-0.0494766,-0.766887,-1.09055,-0.0247383,-0.643195,-0.806056,0.14843,-1.58325,-2.22851,-0.0247383,-1.38534,-1.46987
0,0,0,0,0,0,-0.0247383,-0.272121,-0.426735,-0.0247383,-0.222645,-0.28449,0.0494766,-0.56898,-1.46987,0.0494766,-0.56898,-0.521565
0,0,0,0,0,0,-0.222645,-1.36061,0,0.173168,-0.692672,0.047415,0.0494766,-1.4843,-0.806056,-0.173168,-0.964793,-1.09055
0,0,0,0,0,0,-0.173168,-0.222645,0.0948301,0.247383,-0.222645,0.237075,0.0494766,-0.173168,-0.237075,-0.123691,-0.14843,-0.616396
0,0,0,0,0,0,-0.86584,0.593719,1.8966,0.470027,-0.222645,1.84919,-0.371074,-0.123691,0.28449,1.18744,-1.4843,0
0,0,0,0,0,0,-0.692672,1.36061,2.32334,0.371074,0.0742148,1.99143,-0.321598,-0.791625,0.521565,1.18744,-0.445289,0.426735
0,0,0,0,0,0,-0.272121,0.519504,5.9743,1.06375,0.14843,4.12511,-1.6822,-2.94386,3.98286,1.92959,-0.247383,1.42245
0,0,0,0,0,0,-1.1627,-0.420551,12.1857,2.20171,-0.593719,9.67267,-1.97906,-3.85917,4.69409,2.49857,-0.766887,3.03456
0,0,0,0,0,0,-2.86964,0.667934,22.3799,6.38248,0.643195,19.3453,-4.18077,-5.93719,9.10369,2.647,-2.35014,7.63382
0,0,0,0,0,0,-3.04281,-4.08182,23.7549,4.8487,-4.89818,20.91,-2.39961,-6.06088,10.7632,3.8097,-7.07515,7.49158
0,0,0,0,0,0,-2.86964,7.64413,30.1086,2.20171,5.64033,28.2119,-3.58705,0.247383,19.6298,4.8487,-0.222645,19.1557
0,0,0,0,0,0,-2.59752,3.53757,27.2162,2.647,0.470027,27.3111,-4.05708,-0.940055,20.5781,4.30446,-2.49857,18.6341
0,0,0,0,0,0,-4.79923,8.21311,29.1128,4.20551,5.56611,27.1214,-3.56231,0.667934,21.4316,7.52044,2.30066,20.2462
0,0,0,0,0,0,-3.71074,5.02187,27.3585,2.91912,3.76022,27.5007,-3.98286,0.0247383,21.8109,6.48143,-0.940055,20.2462
0,0,0,0,0,0,-3.36441,3.56231,28.4964,1.31113,1.21218,26.1257,-3.71074,-1.38534,18.8238,3.33967,-2.12749,17.7332
0,0,0,0,0,0,-3.36441,2.49857,27.0266,2.20171,1.90485,26.1257,-4.18077,-2.02854,18.4445,3.95813,-2.25118,19.2031
0,0,0,0,0,0,-3.71074,-7.00093,27.6904,2.8449,-9.8211,28.1645,-1.18744,-4.57658,11.5693,1.97906,-4.30446,11.2848
0,0,0,0,0,0,-3.53757,-5.34347,27.5007,1.97906,-5.31873,26.9792,-1.60799,-4.72501,9.7675,2.5233,-4.37868,11.0477
0,0,0,0,0,0,-2.59752,-12.0228,24.9403,1.58325,-14.2493,24.8929,-1.80589,-5.73928,10.0046,0.890578,-6.48143,10.5736
0,0,0,0,0,0,-2.39961,-10.5138,22.9489,1.63273,-11.5775,22.7592,-1.97906,-6.08562,9.19852,1.80589,-5.66507,9.38818
0,0,0,0,0,0,1.18744,-18.7269,18.6341,0.0247383,-19.1474,17.6384,-1.28639,-6.50617,9.67267,0.593719,-5.88771,9.43559
0,0,0,0,0,0,0.593719,-17.0694,17.7332,-0.321598,-17.2178,15.8366,-1.36061,-6.30826,8.77178,0.14843,-5.26925,8.39246
0,0,0,0,0,0,1.97906,-14.3729,10.8106,-2.35014,-15.7088,10.0046,0.371074,-1.60799,5.21565,-0.371074,-1.83063,6.02171
0,0,0,0,0,0,2.62226,-13.5318,7.68124,-2.77069,-14.4966,7.8709,0.173168,-1.4843,3.65096,-0.371074,-1.55851,4.59926
0,0,0,0,0,0,-0.247383,-2.12749,0.237075,-0.321598,-2.25118,0.616396,1.18744,-1.38534,0.995716,-1.06375,-1.31113,1.42245
0,0,0,0,0,0,-0.123691,-2.30066,-1.04313,-0.964793,-3.24072,-0.900886,1.11322,-0.742148,-0.142245,-1.11322,-0.692672,0.28449
0,0,0,0,0,0,-1.06375,-1.11322,-1.04313,0.86584,-0.940055,-1.42245,0.0742148,-1.78116,0.237075,-0.667934,-2.0038,0.331905
0,0,0,0,0,0,-1.11322,-0.742148,-1.09055,1.26165,-1.03901,-0.853471,0.272121,-0.841102,-0.237075,-0.791625,-1.26165,-0.28449
0,0,0,0,0,0,-0.247383,-2.5233,-2.22851,-0.470027,-2.647,-1.99143,1.88011,-0.86584,-0.853471,-2.0038,-1.08848,-1.13796
0,0,0,0,0,0,-0.0494766,-1.31113,-2.32334,0.346336,-1.26165,-1.8966,1.03901,-0.14843,-1.13796,-2.02854,-1.03901,-1.32762
0,0,0,0,0,0,0.420551,-1.60799,-2.46558,-0.0742148,-1.18744,-1.99143,2.42435,-0.123691,-1.42245,-2.62226,-0.346336,-1.84919
0,0,0,0,0,0,0.470027,-0.667934,-1.80177,-0.544242,-0.56898,-1.80177,1.60799,0.272121,-1.46987,-1.83063,-0.0494766,-1.51728
0,0,0,0,0,0,0.742148,0.14843,-0.663811,-1.11322,0.222645,-0.426735,0.940055,0.766887,-1.04313,-0.14843,-0.272121,-2.03885
0,0,0,0,0,0,0.692672,0.173168,-0.616396,-1.38534,0.321598,-0.663811,0.890578,0.766887,-0.853471,-0.0742148,-0.346336,-1.80177
0,0,0,0,0,0,1.36061,1.80589,0,-1.70694,2.22645,0.047415,-0.593719,0.890578,-0.853471,0.86584,0.445289,-1.51728
0,0,0,0,0,0,0.964793,2.02854,0.237075,-0.940055,2.647,0.047415,-1.06375,0.791625,-0.711226,1.1627,0.272121,-1.13796
0,0,0,0,0,0,0.964793,1.6822,1.8966,-1.4843,1.78116,1.46987,-0.272121,1.4843,-0.663811,0.420551,0.692672,-1.09055
0,0,0,0,0,0,0.470027,1.70694,1.80177,-0.667934,1.92959,1.65953,-0.321598,0.989531,-0.521565,0.643195,0.766887,-0.711226
0,0,0,0,0,0,0.86584,-0.766887,2.03885,-0.940055,-0.346336,1.70694,0.593719,0.371074,-0.616396,-0.593719,0.222645,-0.0948301
0,0,0,0,0,0,0.420551,-0.272121,1.51728,-0.346336,-0.173168,1.28021,0.14843,0.14843,-0.47415,-0.123691,0.247383,0
0,0,0,0,0,0,0.14843,0.890578,2.08626,-0.593719,0.593719,1.99143,-0.766887,-0.0742148,0,1.18744,-0.173168,0.237075
0,0,0,0,0,0,-0.0494766,0.791625,1.32762,-0.247383,0.14843,1.28021,-0.56898,-0.0742148,0,0.56898,-0.470027,0
0,0,0,0,0,0,-2.67173,2.77069,3.08198,2.54804,2.74595,2.70266,-6.15983,-3.19124,0,6.23405,-1.90485,3.27164
0,0,0,0,0,0,-2.39961,1.26165,7.77607,1.21218,2.0038,7.58641,-4.82397,-2.20171,3.31905,5.98666,-5.56611,2.89232
0,0,0,0,0,0,-6.28352,-0.667934,15.4099,4.62606,-1.18744,14.5564,-5.64033,-8.31206,1.8966,5.41768,-6.15983,3.88803
0,0,0,0,0,0,-5.98666,-2.44909,16.2159,3.29019,-1.31113,15.8366,-5.09609,-7.74308,2.79749,5.02187,-7.79256,4.12511
0,0,0,0,0,0,-5.71454,-5.51664,18.4445,5.66507,-5.24452,19.3928,-7.79256,-9.67267,2.89232,7.61939,-9.99427,4.50443
0,0,0,0,0,0,-7.07515,-5.44242,18.6341,7.59465,-4.92292,20.0566,-8.36154,-9.4995,3.84062,7.86677,-10.3406,5.50014
0,0,0,0,0,0,-8.48523,-8.83157,24.7032,6.55564,-7.12463,26.5998,-6.80303,-11.1322,3.22422,8.03994,-9.72215,4.45701
0,0,0,0,0,0,-8.23785,-8.21311,24.1817,5.93719,-6.87724,26.3628,-7.32253,-10.9838,3.65096,7.8173,-10.2169,4.69409
0,0,0,0,0,0,-8.11416,-10.6622,24.1343,6.23405,-9.72215,27.3585,-7.39675,-11.6023,3.88803,7.22358,-12.4681,5.59497
0,0,0,0,0,0,-8.26259,-9.59845,23.3756,6.58038,-8.83157,27.2162,-7.27306,-11.3301,3.41388,8.06468,-12.0228,6.25879
0,0,0,0,0,0,-7.27306,-10.8601,24.0394,7.02567,-11.058,25.8886,-7.91625,-11.8496,4.97858,7.52044,-12.6165,6.25879
0,0,0,0,0,0,-7.91625,-9.42529,23.992,7.39675,-9.57372,25.936,-7.42148,-11.157,4.50443,7.32253,-12.3691,6.25879
0,0,0,0,0,0,-9.05421,-11.6765,21.1945,5.14556,-11.4786,27.4059,-6.15983,-13.5813,6.06913,8.1389,-13.6803,8.25022
0,0,0,0,0,0,-8.98,-10.4643,20.1988,5.66507,-10.019,26.3628,-5.88771,-12.6165,6.25879,7.94099,-12.6413,8.01314
0,0,0,0,0,0,-5.88771,-10.6127,17.7332,4.40341,-12.0723,22.9489,-5.98666,-11.3549,9.19852,6.75355,-13.5813,9.7675
0,0,0,0,0,0,-6.15983,-8.55945,17.4487,4.79923,-9.59845,21.7161,-5.61559,-10.2416,7.11226,6.45669,-12.3691,9.19852
0,0,0,0,0,0,-2.02854,-2.10275,8.29763,0.123691,-3.19124,11.1899,-3.14176,-5.83823,8.06056,3.78496,-6.30826,8.25022
0,0,0,0,0,0,-2.30066,-1.03901,6.21137,0.321598,-1.60799,8.29763,-3.11702,-4.47763,7.20709,3.686,-5.71454,6.21137
0,0,0,0,0,0,0.0247383,2.647,-0.995716,-0.173168,3.29019,-1.28021,-4.57658,-2.5233,1.51728,3.19124,-1.36061,1.80177
0,0,0,0,0,0,0.247383,3.04281,-1.13796,-0.371074,2.20171,-1.8966,-3.98286,-1.41008,0.711226,2.94386,-0.86584,0.426735
0,0,0,0,0,0,-0.470027,5.64033,-3.12939,0.247383,5.98666,-4.07769,-0.222645,2.42435,-0.616396,0.321598,3.38914,-0.426735
0,0,0,0,0,0,0.0247383,5.02187,-2.70266,0.272121,4.89818,-3.22422,-0.0494766,3.1665,-0.331905,0.123691,3.26545,-0.663811
0,0,0,0,0,0,-0.742148,3.85917,-4.07769,0.272121,3.36441,-4.88375,-2.94386,4.60132,-2.13368,2.8449,4.05708,-2.65524
0,0,0,0,0,0,-0.321598,2.3254,-3.4613,0.0494766,2.35014,-4.03028,-0.989531,3.46336,-2.03885,1.26165,3.04281,-2.13368
0,0,0,0,0,0,-0.173168,1.03901,-4.03028,0.667934,1.1627,-4.31477,-0.0494766,3.85917,-2.32334,0.272121,3.43862,-2.79749
0,0,0,0,0,0,0.123691,-0.222645,-2.8449,0.0494766,0.0247383,-3.03456,0.940055,2.72121,-1.84919,-0.56898,2.49857,-2.27592
0,0,0,0,0,0,0,-0.321598,-2.70266,-0.173168,-0.0247383,-3.69837,1.28639,2.39961,-1.46987,-0.692672,2.0038,-2.60783
0,0,0,0,0,0,0.841102,-1.88011,-0.853471,-0.593719,-1.55851,-0.853471,1.6822,0.766887,-1.32762,-1.21218,0.544242,-1.09055
0,0,0,0,0,0,1.1627,-0.667934,-0.806056,-0.643195,-0.272121,-0.806056,1.41008,0.519504,-1.80177,-1.11322,0.667934,-0.995716
0,0,0,0,0,0,1.88011,-1.60799,0.616396,-1.78116,-1.18744,0.711226,1.50904,-0.14843,-0.142245,-1.4843,-0.0742148,-0.28449
0,0,0,0,0,0,2.0038,0.470027,1.46987,-2.20171,0.346336,2.22851,0.86584,0.0247383,-0.521565,-0.692672,0.643195,-0.047415
0,0,0,0,0,0,1.97906,-0.321598,2.32334,-2.25118,0.0247383,2.70266,0.766887,-0.346336,-0.0948301,-0.766887,0,0.28449
0,0,0,0,0,0,0.86584,-1.18744,2.13368,-0.692672,-1.28639,3.03456,1.38534,-0.964793,-0.28449,-1.73168,-0.766887,0.616396
0,0,0,0,0,0,0.519504,-1.6822,2.08626,-0.321598,-0.742148,2.65524,1.06375,-1.18744,-0.237075,-1.28639,-1.1627,0.521565
