-1.4431,-1.29863,3.70986,7.84397,2.34969,83.8007,-1.01482,4.40564,117.354,-7.27288,-3.83395,17.5798
-8.4121,-7.77538,17.3959,8.14954,1.38163,72.8337,-1.6056,3.46745,93.5674,-4.44162,-6.42087,35.1614
-17.6585,-15.902,36.7484,8.22481,1.70343,72.8352,-1.05172,3.82166,91.6277,-2.80462,-7.84287,42.6206
-10.5786,-6.37765,48.05,7.01545,0.132196,52.5765,-3.71137,0.792623,49.3248,0.637954,-7.61871,61.954
-7.09427,-1.49522,50.6529,6.98052,1.0895,47.9643,-3.011,1.70321,47.5668,1.19709,-7.1603,62.3683
1.01675,3.11485,57.443,5.26385,-1.12323,29.0966,-2.99117,-1.92591,6.75662,3.05393,-6.44119,103.195
2.09248,4.0323,55.3889,5.18315,-0.902562,26.3945,-2.93102,-1.83669,6.4296,2.93438,-6.51987,104.603
6.48463,5.69325,62.228,4.04295,-1.45966,21.055,-0.8928,-0.638873,2.18466,5.49016,-3.86504,121.331
6.62386,5.76434,61.3593,3.597,-1.5065,19.3461,-0.504837,-0.343631,1.51215,5.03406,-3.9366,123.15
8.30438,7.2953,69.08,1.79932,-1.18179,15.7783,-0.249135,-0.171407,0.894286,6.43985,-1.11971,118.912
8.14346,7.22674,69.1196,1.3428,-1.28515,14.6481,-0.145567,-0.0972104,0.679291,6.298,-1.06674,120.298
8.37053,8.45788,75.1882,-0.0309997,-1.40493,12.0304,-0.0933774,-0.0623771,0.520705,6.542,0.234293,115.472
8.23471,8.39125,75.5217,-0.345967,-1.51071,11.259,-0.0616408,-0.0411733,0.438375,6.69152,0.427865,116.087
7.94669,9.17691,80.7752,-1.31771,-1.92979,9.29062,-0.0437493,-0.0297158,0.380306,6.89803,0.991899,116.758
7.89876,9.13145,81.1729,-1.50277,-2.02105,8.94746,-0.0315344,-0.0218337,0.341625,7.21643,1.21031,116.988
7.57042,9.2072,86.5633,-2.30233,-2.44113,7.21316,-0.0243638,-0.017605,0.319173,7.55526,1.97226,121.452
7.64222,9.1338,86.7651,-2.45859,-2.6096,7.2966,-0.0190937,-0.0143881,0.299579,7.91928,2.19403,121.434
7.4607,8.28545,92.7876,-4.52056,-4.27776,9.23001,-0.0163402,-0.0135222,0.296094,7.37528,3.30071,124.906
7.41631,8.18363,93.7306,-5.75798,-5.51503,11.4128,-0.0143252,-0.0123693,0.286362,7.60911,3.55936,124.682
7.7551,6.94979,96.9987,-5.11613,-4.70665,9.6137,-0.0134776,-0.0134509,0.295677,5.47148,4.04586,124.856
7.77974,6.96441,97.4789,-3.25197,-2.97751,6.40109,-0.0130482,-0.0133434,0.293543,5.77808,4.33237,124.792
8.09734,5.80041,95.3007,-1.40789,-1.27529,3.05794,-0.0128054,-0.0160192,0.316782,4.18085,3.6971,125.292
8.20876,5.94618,95.3457,-0.68884,-0.619065,1.79984,-0.0135042,-0.0165866,0.322762,4.60589,3.93044,125.288
8.17894,5.00263,88.7851,-0.411389,-0.37312,1.26165,-0.0136604,-0.021941,0.370041,3.87589,2.56257,124.639
8.27117,5.26099,88.7943,-0.259482,-0.233734,0.966782,-0.0160561,-0.0238018,0.391176,4.38267,2.70686,124.811
7.69117,4.78226,81.4315,-0.202731,-0.183393,0.857457,-0.0165796,-0.0357747,0.490186,3.90723,1.05924,122.204
7.7471,5.09607,81.5288,-0.152201,-0.135948,0.744557,-0.0228232,-0.0426743,0.552564,4.50683,1.12621,122.744
6.60482,4.9722,76.455,-0.147744,-0.128216,0.784857,-0.0237949,-0.0732025,0.769473,3.7402,-0.280393,123.042
6.67123,5.23011,76.6959,-0.12904,-0.109849,0.743195,-0.040536,-0.108973,0.987394,4.39854,-0.280404,123.95
6.24014,6.5295,76.3106,-0.166559,-0.128328,0.955778,-0.0175961,-0.254453,1.73009,3.55958,-1.12043,125.088
6.32001,6.69877,76.4745,-0.183494,-0.135757,1.02587,-0.0422917,-0.795598,3.46168,4.24975,-1.11361,126.322
5.92942,8.91866,77.3305,-0.422518,-0.247337,1.89922,-0.580533,-8.11724,22.6222,3.13361,-1.36964,121.805
5.8765,8.9466,77.3043,-0.985232,-0.524313,3.18089,-6.99215,-9.12594,43.845,3.08982,-0.682558,121.165
4.04796,10.3256,71.0832,-11.5939,-6.07683,24.8842,-7.82184,-7.22404,61.1526,0.940228,0.14838,99.4942
4.5238,10.008,69.5716,-13.0616,-12.6619,46.7458,-7.99495,-6.30976,62.3222,1.28544,0.786127,96.3124
3.22844,9.24289,51.5749,-5.31839,-10.2794,69.118,-3.30851,-2.49422,67.176,-0.949041,0.0612077,59.9221
3.3791,8.84882,46.0654,-2.37663,-9.40525,70.31,-2.30088,-1.80765,65.1453,-0.147375,0.776268,56.7104
1.44656,7.06712,30.9494,1.60664,0.460227,68.9134,3.45152,3.57991,85.3102,-3.7917,-3.24348,10.2248
1.09793,6.70333,27.4812,2.66692,1.92257,64.823,3.70029,3.79941,85.1936,-3.52828,-2.9693,9.19106
-0.278611,5.60286,23.3133,3.84996,7.17055,63.5603,7.59755,8.6913,97.4583,-1.4552,-1.46958,3.67252
-0.697287,5.07158,21.5565,4.12356,7.44799,61.9859,7.67069,8.35073,98.2053,-0.998522,-1.03884,2.79981
-1.19705,4.30308,21.8806,4.1643,6.62741,62.891,7.89415,11.4533,100.769,-0.509898,-0.529719,1.61941
-1.59617,3.63078,20.4364,4.20677,6.51311,62.5247,7.91578,11.267,101.741,-0.304775,-0.316348,1.18258
-2.43427,1.40088,16.4347,4.48624,3.87195,66.467,7.21904,12.4096,102.614,-0.203411,-0.207619,0.902823
-2.72099,0.919448,15.4454,4.44825,3.69193,66.7762,7.27198,12.3978,103.579,-0.141973,-0.141655,0.74842
-3.55169,-2.04979,9.37823,5.361,1.58269,74.0778,6.69624,12.0052,105.908,-0.11167,-0.110335,0.655847
-3.70791,-2.08423,9.38669,5.22296,1.34854,75.4195,6.75248,12.0631,106.893,-0.0873854,-0.0843822,0.586021
-3.92655,-3.22367,7.93129,6.37518,0.483554,84.53,6.1921,10.5625,111.466,-0.0769127,-0.07397,0.558415
-5.7639,-4.78507,10.9791,6.07226,0.40962,86.4113,6.22685,10.7328,112.26,-0.0660269,-0.0619376,0.522409
-7.21174,-6.56432,13.2588,6.6732,0.427343,95.9322,4.85964,8.53564,116.882,-0.0625258,-0.0579746,0.524108
-6.87394,-6.23875,12.6188,6.46329,0.355377,97.8535,4.91942,8.70143,117.642,-0.0575835,-0.0528443,0.510339
-5.90982,-5.40018,10.8352,6.10786,1.24868,101.224,3.16252,6.48533,122.643,-0.0606072,-0.0525668,0.550094
-3.33341,-3.0529,6.44355,6.19159,1.20791,102.452,3.26829,6.72037,123.182,-0.0600211,-0.0502044,0.551388
-2.09818,-1.8851,4.24971,5.87316,2.39953,100.145,1.47106,4.75324,125.435,-0.0685394,-0.0528676,0.625841
-1.15392,-1.05026,2.63956,6.07888,2.52455,100.722,1.58264,5.10922,125.955,-0.0754418,-0.0546755,0.671935
-0.954479,-0.852767,2.28667,5.85726,3.01543,96.0649,-0.158951,3.43173,125.786,-0.108238,-0.0634511,0.867521
-0.646197,-0.584769,1.75172,6.1853,3.20059,96.0949,0.00563175,3.92321,126.403,-0.136402,-0.0788304,1.00283
-0.691423,-0.625278,1.93817,6.35966,2.91792,90.2726,-1.17259,3.29993,124.192,-0.258289,-0.109106,1.53607
-0.578469,-0.524703,1.74246,6.74301,3.05146,90.2593,-0.973339,3.82226,124.971,-0.46961,-0.200602,2.21607
-0.853997,-0.784815,2.49868,7.26924,2.33021,83.3554,-1.62598,4.02539,117.107,-1.71574,-0.560305,5.39049
-1.16486,-1.06505,3.19579,7.67732,2.44351,83.3625,-1.24534,4.48445,117.875,-7.50833,-4.08795,18.3845
-7.04725,-6.64722,15.0507,8.03046,1.34448,72.2498,-1.7444,3.49773,93.3165,-4.26028,-6.55235,36.2321
-15.6978,-14.3868,32.3848,8.1872,1.54584,72.6025,-1.20166,3.82831,91.6108,-2.71034,-7.96298,43.4049
-12.0223,-8.06039,48.1638,7.07238,-0.091854,54.4204,-3.80665,0.646661,50.8341,0.751751,-7.79567,60.3543
-8.28595,-2.3822,52.5647,6.94249,1.00402,49.5894,-3.10883,1.63848,49.059,1.32078,-7.25394,60.7751
0.375783,2.78363,58.8507,5.21089,-1.12889,29.8926,-3.1672,-2.06834,7.13568,3.10346,-6.51338,102.516
1.62182,3.87474,56.6316,5.15612,-0.897949,27.095,-3.09204,-1.97128,6.78182,3.00841,-6.57525,103.849
6.16758,5.62105,62.6076,4.08939,-1.49747,21.6778,-1.04379,-0.75837,2.53772,5.51046,-3.94407,121.299
6.47755,5.77697,61.3915,3.66879,-1.53983,19.8128,-0.586033,-0.410033,1.66882,5.09504,-4.11259,123.524
8.25428,7.16486,68.532,1.97102,-1.2036,16.3128,-0.280915,-0.197311,0.960985,6.42998,-1.27869,120.451
8.11754,7.11376,68.3852,1.50862,-1.3137,15.1633,-0.160067,-0.108988,0.714927,6.25566,-1.23934,121.839
8.34869,8.40693,74.429,0.0632083,-1.42381,12.343,-0.100558,-0.0684203,0.539249,6.55027,0.21317,116.591
8.20676,8.33762,74.7132,-0.259295,-1.53706,11.571,-0.0655611,-0.0445304,0.449992,6.6836,0.405982,117.198
7.94642,9.15051,79.8254,-1.24384,-1.95472,9.66523,-0.0460684,-0.0317551,0.38718,6.88918,1.0206,117.161
7.89136,9.09658,80.21,-1.43909,-2.04942,9.28194,-0.032896,-0.0230938,0.346114,7.20659,1.24255,117.347
7.60427,9.32219,85.7184,-2.19682,-2.40428,7.5009,-0.0250105,-0.0181585,0.320977,7.58587,1.93426,121.416
7.64944,9.24129,86.033,-2.50942,-2.70445,7.65673,-0.019418,-0.0147875,0.300968,7.94643,2.14491,121.451
7.53875,8.67967,92.0484,-3.73901,-3.64404,8.0365,-0.0164702,-0.0137489,0.296091,8.02152,3.37367,126.303
7.46859,8.55785,93.0093,-5.07518,-4.99006,10.3772,-0.0143701,-0.0125184,0.285906,8.23503,3.63354,125.934
7.83408,7.30034,96.8429,-4.92863,-4.60505,9.36124,-0.0134643,-0.0135001,0.294281,6.01267,4.27055,125.69
7.84349,7.28664,97.3445,-3.3796,-3.14785,6.67003,-0.0129337,-0.0133361,0.291393,6.3033,4.57577,125.503
8.24811,6.06443,95.4033,-1.54225,-1.41655,3.29809,-0.0126271,-0.015938,0.313797,4.37663,3.96555,125.067
8.3398,6.19962,95.4754,-0.747613,-0.680808,1.90418,-0.0132478,-0.0164617,0.318857,4.7918,4.22271,124.949
8.32666,5.2419,88.8882,-0.438761,-0.402047,1.3084,-0.0133194,-0.0215434,0.363606,3.84151,2.8697,123.852
8.40832,5.49406,88.9402,-0.273044,-0.248063,0.988712,-0.0155233,-0.0232523,0.383162,4.33935,3.02934,123.912
7.76385,4.99329,81.838,-0.210518,-0.191601,0.86752,-0.015855,-0.0344489,0.476266,3.86622,1.30195,121.461
7.80806,5.30116,81.9602,-0.156437,-0.140364,0.748162,-0.0215291,-0.0405796,0.533317,4.4482,1.37838,121.898
6.55773,5.02178,76.6836,-0.149721,-0.130552,0.780758,-0.02192,-0.0682178,0.734105,3.68179,-0.126407,122.2
6.61027,5.28475,76.955,-0.129278,-0.110554,0.735249,-0.036485,-0.098376,0.926956,4.32079,-0.120512,123.048
6.14187,6.50156,76.3632,-0.163941,-0.127386,0.935259,-0.0154104,-0.213709,1.55857,3.43063,-0.967579,124.481
6.20619,6.68142,76.5677,-0.177299,-0.132878,0.994989,-0.026794,-0.572214,2.84783,4.10167,-0.964783,125.683
5.76658,8.85798,77.5881,-0.392669,-0.23454,1.79811,0.722184,-6.01203,16.7043,2.94995,-1.34792,121.536
5.78973,8.89962,77.5524,-0.842533,-0.459606,2.86681,-5.54672,-8.88488,38.7966,3.0869,-0.773358,121.544
3.96414,10.302,71.5254,-10.2515,-5.15562,21.5396,-7.69437,-7.56937,60.8844,1.0531,0.0511337,101.221
4.41511,10.0055,70.1078,-12.3858,-11.589,42.3521,-8.21018,-6.75285,63.3918,1.3501,0.695976,98.136
2.84385,8.94542,51.2845,-4.95273,-9.02477,65.1694,-3.3496,-2.89256,68.6755,-0.793953,-0.139976,61.2904
2.98053,8.55396,45.4677,-2.02623,-8.22137,66.84,-2.25187,-2.09922,66.3533,-0.0138114,0.614176,57.4404
1.28762,6.92673,30.8225,1.89013,1.28366,66.5957,3.28813,3.37132,86.1912,-3.73153,-3.29216,10.0456
0.975503,6.6184,27.6131,2.79648,2.49738,63.35,3.57792,3.6438,85.7493,-3.49774,-3.02875,9.24024
-0.250325,5.64381,23.6916,3.90923,7.55203,62.4659,7.37614,8.65748,97.6055,-1.43087,-1.46991,3.65365
-0.655955,5.10648,21.9048,4.14643,7.73504,61.2274,7.49138,8.34052,98.2307,-0.975852,-1.03385,2.7768
-1.07332,4.36417,22.3097,4.21282,6.85636,62.0527,7.74883,11.5407,100.54,-0.49717,-0.524594,1.60392
-1.47026,3.69347,20.8594,4.23617,6.69009,61.8818,7.79042,11.3639,101.435,-0.297196,-0.313161,1.17279
-2.31644,1.45607,16.8284,4.46237,3.95826,65.6703,7.03954,12.5932,102.034,-0.199203,-0.206317,0.897074
-2.60923,0.968988,15.8096,4.41891,3.75375,66.0588,7.10364,12.5806,102.972,-0.13937,-0.141087,0.744491
-3.50431,-2.04743,9.50557,5.24822,1.66713,73.2041,6.62653,12.0805,105.697,-0.109691,-0.10997,0.652507
-3.65759,-2.09343,9.50642,5.10534,1.40625,74.6266,6.68197,12.136,106.666,-0.0859177,-0.0842066,0.583263
-3.9292,-3.29033,8.00091,6.21096,0.496313,84.114,6.08618,10.4743,111.461,-0.0755784,-0.0737348,0.556145
-5.82806,-4.93441,11.178,5.90147,0.414342,86.0192,6.11966,10.6465,112.272,-0.0649258,-0.0617676,0.52046
-7.23648,-6.6919,13.3206,6.48156,0.435564,95.8493,4.71797,8.32712,117.319,-0.0627339,-0.0592105,0.528021
-6.4126,-5.89723,11.8998,6.29119,0.407593,97.5162,4.81143,8.51418,118.02,-0.0574284,-0.0534375,0.510627
-5.38059,-4.9782,9.97968,5.97669,1.25867,100.681,2.99891,6.32793,122.976,-0.0602399,-0.0529282,0.550661
-3.00733,-2.78874,5.91106,6.05805,1.20661,101.969,3.10241,6.56474,123.514,-0.0594124,-0.0502893,0.551501
-2.03254,-1.85434,4.15013,5.89633,2.3725,99.7029,1.37732,4.60755,125.275,-0.0707542,-0.0534223,0.641214
-1.09267,-1.00923,2.5423,6.10938,2.48423,100.314,1.50028,4.99912,125.783,-0.0763698,-0.0558383,0.67677
-0.901445,-0.815201,2.20374,6.02375,2.96173,95.7503,-0.0277983,3.35749,124.86,-0.10963,-0.0657914,0.87518
-0.615188,-0.562899,1.70379,6.34499,3.12934,95.8904,0.13644,3.84914,125.484,-0.137565,-0.0814001,1.00864
-0.66535,-0.608076,1.90359,6.55813,2.80236,90.3752,-1.07562,3.19537,123.543,-0.259223,-0.11309,1.53977
-0.564316,-0.516253,1.72831,6.93434,2.92935,90.4363,-0.886962,3.71769,124.32,-0.465546,-0.2051,2.20353
-1.00482,-0.93431,2.86876,7.47588,2.4185,83.2976,-1.39213,4.05134,116.457,-1.77753,-0.555585,5.58584
-1.38103,-1.26157,3.61668,7.89384,2.48722,83.6601,-1.0542,4.50335,117.458,-7.40775,-4.11322,18.166
-8.58763,-8.07921,18.0266,8.19678,1.63944,72.5087,-1.58528,3.58496,93.2793,-4.34941,-6.70586,36.1505
-17.2218,-15.7449,36.1166,8.3111,1.87548,72.8044,-1.05071,3.92662,91.6364,-2.78992,-8.08085,43.2398
-10.4202,-6.39823,47.6306,7.06592,0.210582,52.9297,-3.78578,0.744463,49.3626,0.686406,-7.83844,62.8243
-7.02106,-1.5325,50.3104,7.0175,1.1663,48.3089,-3.09456,1.66492,47.5851,1.25245,-7.34274,63.1417
1.0331,3.10992,57.1635,5.31882,-1.12535,29.4468,-3.06024,-2.0097,6.89252,3.09952,-6.54409,103.602
2.09049,4.0364,55.122,5.23792,-0.899749,26.7239,-3.00088,-1.91824,6.56387,2.98874,-6.59996,104.959
6.39964,5.69674,61.8036,4.08188,-1.50069,21.3088,-0.91368,-0.665788,2.2284,5.43116,-3.93824,121.617
6.53667,5.7723,60.9211,3.63931,-1.54581,19.576,-0.515011,-0.357338,1.53506,4.98388,-4.00308,123.417
8.12308,7.1266,68.5044,1.92296,-1.16669,16.2012,-0.253179,-0.177933,0.905186,6.33117,-1.25854,119.975
7.96226,7.05614,68.51,1.45542,-1.27397,15.0219,-0.147615,-0.100885,0.686015,6.19287,-1.19844,121.323
8.20075,8.37292,74.5172,0.0564558,-1.39698,12.2602,-0.0942746,-0.0644706,0.524619,6.56206,0.249236,116.454
8.05594,8.29841,74.8714,-0.264265,-1.51019,11.4777,-0.0620827,-0.0424442,0.441151,6.7113,0.45358,117.022
7.84756,9.08295,80.0608,-1.25266,-1.95082,9.50208,-0.0439613,-0.0305456,0.38182,6.94291,1.13482,117.439
7.79294,9.02509,80.484,-1.44253,-2.04587,9.13511,-0.0315985,-0.022371,0.342643,7.26313,1.36197,117.605
7.48579,9.18435,86.1881,-2.27918,-2.47802,7.3455,-0.024292,-0.0179779,0.319886,7.6137,2.07389,121.859
7.54606,9.10634,86.3919,-2.44382,-2.65347,7.42991,-0.0189825,-0.0146471,0.299987,7.97859,2.30862,121.777
7.33699,8.31176,92.8519,-4.65842,-4.48925,9.58918,-0.0161753,-0.0136762,0.295962,7.48397,3.43574,125.583
7.28343,8.19686,93.8097,-6.09893,-5.93874,12.1453,-0.0141372,-0.0124622,0.286104,7.71363,3.70709,125.26
7.64324,7.01706,97.1502,-5.66869,-5.31099,10.659,-0.0132636,-0.0134643,0.294863,5.47936,4.33629,124.8
7.66006,7.02496,97.6644,-3.79996,-3.54802,7.41457,-0.0127875,-0.0133216,0.292408,5.78167,4.63944,124.673
8.05452,5.91049,95.7804,-1.62368,-1.49963,3.45689,-0.0125199,-0.0160017,0.315354,4.10133,4.0245,124.901
8.15943,6.05691,95.8097,-0.760315,-0.697086,1.94155,-0.0132016,-0.0165689,0.320913,4.52203,4.27538,124.842
8.12159,5.11848,89.3645,-0.431962,-0.397926,1.31339,-0.0133831,-0.0207697,0.359222,3.8006,2.91555,124.377
8.22591,5.36179,89.2492,-0.270777,-0.24854,0.996412,-0.0151136,-0.0232135,0.383996,4.2744,3.07855,124.45
7.62763,4.93252,82.1457,-0.203328,-0.187208,0.8621,-0.015903,-0.0323103,0.462398,3.96368,1.39602,122.166
7.69451,5.23367,82.0398,-0.153284,-0.139982,0.751196,-0.0204085,-0.0398253,0.528314,4.52968,1.49152,122.552
6.50115,5.05603,76.7425,-0.147261,-0.130786,0.783221,-0.0207616,-0.0662431,0.721837,3.88289,0.0180698,122.684
6.56974,5.32041,76.9018,-0.127902,-0.111505,0.738317,-0.0348932,-0.0959015,0.912714,4.53723,0.0315058,123.536
-1.67202,-1.38018,3.74492,5.81407,1.45345,81.9421,-3.50667,3.19215,121.92,-10.3621,-6.15224,20.8119
-5.04849,-3.91556,9.36762,6.0019,-1.22752,83.3363,-2.68121,3.28329,94.3408,-11.3493,-13.6214,47.1744
-8.62856,-6.40327,15.1638,6.7892,-0.516941,79.7168,-2.23292,2.96562,94.9688,-7.10985,-14.9621,60.6342
-15.5765,-11.3727,29.6632,5.80546,-2.02831,60.5732,-5.15943,-0.0272753,54.9026,-2.72918,-12.6784,75.3321
-18.815,-9.34902,72.4882,5.29944,-0.0757415,55.7245,-4.64162,1.27363,55.161,-2.25027,-11.7493,76.6448
-5.26715,-0.424855,75.4992,3.84328,-2.58994,38.7966,-5.49904,-3.39758,12.3283,-0.271986,-10.7272,116.88
-1.98548,1.53232,65.0335,4.2748,-2.73162,36.7282,-2.29667,-1.30333,6.09425,0.153175,-10.2417,116.789
1.99953,2.88074,72.9786,3.45745,-3.60597,33.3862,-1.04691,-0.722415,2.65964,3.48857,-6.43838,130.12
1.88833,2.75077,73.7386,3.19983,-3.78366,32.4859,-0.37249,-0.251346,1.33256,3.71021,-5.58881,129.201
3.40784,4.2233,81.7801,1.37831,-3.48431,29.4494,-0.211748,-0.14358,0.859161,5.56032,-2.03386,122.723
3.33995,4.25024,81.9445,0.859818,-3.58527,28.0104,-0.118768,-0.0789391,0.622401,5.72932,-1.52884,122.752
3.60518,5.60174,87.6449,-0.948911,-3.77405,24.2236,-0.0805404,-0.0529689,0.490191,6.10327,-0.0111438,117.322
3.65306,5.71801,87.6219,-1.52137,-3.87446,21.9005,-0.0542159,-0.0353551,0.408075,6.38528,0.334795,117.567
3.51886,6.68144,92.1742,-3.11185,-4.57906,18.2593,-0.0395711,-0.0258841,0.355398,6.68763,0.971347,118.189
3.76748,6.85182,91.8195,-3.34431,-4.60666,16.4554,-0.0293095,-0.0193911,0.31872,7.14646,1.29775,118.271
3.68535,7.12528,96.2365,-4.72859,-5.32123,13.5875,-0.0228446,-0.0156709,0.295314,7.69494,2.22863,122.444
4.06876,7.28704,95.6106,-3.85831,-4.41984,10.9968,-0.0183513,-0.0130257,0.277262,8.26795,2.63478,122.001
4.09045,6.66091,100.631,-3.75494,-3.84069,8.5567,-0.0155074,-0.0119975,0.268666,7.96594,3.97398,124.917
4.2651,6.82707,100.8,-1.68589,-1.70354,4.41135,-0.01379,-0.0111774,0.261292,8.3672,4.43404,124.168
4.92761,5.82908,102.953,-1.17765,-1.11444,2.95355,-0.0127784,-0.0117329,0.262484,6.47394,5.12958,123.838
5.33723,6.06835,102.354,-0.590451,-0.548799,1.77391,-0.0124981,-0.0119951,0.263206,7.03203,5.57476,123.437
6.19942,5.14106,98.7225,-0.418095,-0.382392,1.31141,-0.0124362,-0.013928,0.275041,5.81019,5.10901,123.673
6.55885,5.44362,98.2526,-0.269562,-0.243851,0.98171,-0.0133549,-0.0152624,0.285787,6.47387,5.49511,123.368
6.73918,4.62027,91.785,-0.203297,-0.183832,0.808542,-0.0144369,-0.0194402,0.313935,5.9555,4.27031,122.444
6.88454,4.95386,92.1982,-0.151538,-0.135203,0.68069,-0.0173217,-0.0230002,0.343015,6.63907,4.55591,122.39
6.40046,4.52295,85.6214,-0.12584,-0.11112,0.614706,-0.0210405,-0.0331647,0.406692,6.31363,3.00953,119.666
6.47548,4.88917,86.4811,-0.106507,-0.0919051,0.560914,-0.0299127,-0.0454175,0.48615,7.08509,3.19774,120.155
5.38887,4.79694,82.4256,-0.100321,-0.082775,0.558244,-0.0443603,-0.0776411,0.647578,6.5135,1.92243,120.453
5.50934,5.13047,83.4493,-0.101444,-0.0803451,0.564286,-0.0850914,-0.143717,0.919023,7.40335,2.08206,121.23
5.14981,6.52223,83.8687,-0.124716,-0.0892629,0.657343,-0.211011,-0.413349,1.70029,6.81541,1.46046,122.18
5.36265,6.8293,84.4608,-0.17592,-0.120932,0.803457,-2.12264,-3.70903,7.48356,7.74025,1.75474,123.069
5.18685,9.15649,85.3553,-0.398091,-0.23467,1.33517,-17.2439,-21.7044,41.6934,6.60859,1.82606,118.011
5.32383,9.40836,85.7095,-2.32639,-1.34222,4.53155,-17.2922,-14.5886,51.942,6.98762,2.55269,117.706
3.98744,10.7802,78.8303,-25.6889,-17.5782,41.605,-13.0228,-9.44071,60.9023,4.76503,2.88685,97.2619
4.27905,10.9421,78.6578,-19.5219,-18.4495,42.4566,-12.7538,-9.10827,62.6806,4.9434,3.42001,95.9042
2.97389,10.1227,62.0226,-8.52153,-12.9863,63.3633,-9.53458,-6.77114,71.2141,1.39308,1.61755,62.15
3.21082,9.87947,57.2808,-4.42679,-10.3082,66.2774,-9.2541,-6.69863,72.5485,2.07872,2.15109,61.1905
1.35267,8.16703,43.3789,-1.24833,-0.850962,66.5784,-5.3108,-2.77016,94.8072,-4.90307,-4.23742,14.8111
1.15186,8.07047,40.0489,-1.11477,-0.714204,67.5541,-4.9227,-2.34545,95.2768,-2.96502,-2.3967,9.17013
-0.182905,7.16562,37.2417,-0.551846,3.51349,69.9963,-1.22425,2.20121,106.903,-2.38613,-2.37137,5.66052
-0.590476,6.85463,36.4527,-0.648847,3.27828,70.945,-0.674629,2.3398,106.709,-0.808542,-0.83419,2.48847
-0.99202,6.16198,38.3109,-0.89846,2.04009,73.4961,0.0345603,5.76106,108.213,-0.477282,-0.495125,1.59532
-1.41138,5.5584,37.6271,-0.938616,1.73815,74.3134,0.418337,5.90293,108.361,-0.272647,-0.283588,1.10913
-2.68529,2.92009,31.5603,-0.812115,-1.2136,79.0378,0.0665787,7.23578,108.626,-0.193212,-0.198384,0.87483
-3.21719,2.07328,28.1818,-0.724432,-1.47751,79.868,0.363686,7.38975,109.077,-0.138371,-0.139847,0.724059
-5.64984,-3.16107,16.2813,0.0993064,-3.75432,87.1895,-0.0607948,7.08774,110.878,-0.110529,-0.110819,0.635634
-4.80955,-2.61831,12.7492,0.197053,-3.76375,88.0553,0.218873,7.33136,111.367,-0.0886136,-0.0876243,0.568465
-5.69647,-4.6938,11.4505,1.24116,-4.35806,96.107,-0.329098,5.95688,115.246,-0.0764603,-0.0750587,0.530677
-2.47611,-2.04699,5.66124,1.30779,-4.25196,97.1083,-0.0318492,6.21653,115.487,-0.0666906,-0.064251,0.496866
-2.04366,-1.85895,4.47072,1.90059,-3.98442,105.262,-1.38202,4.0765,119.31,-0.0612165,-0.0582465,0.484543
-0.878064,-0.818005,2.32944,2.03777,-3.57545,105.688,-1.03408,4.48106,119.338,-0.057636,-0.0537212,0.474345
-0.611394,-0.579459,1.72861,1.86764,-2.16527,107.517,-2.77797,2.44618,123.343,-0.0583391,-0.0509374,0.491448
-0.390744,-0.377202,1.28453,2.17074,-1.69855,107.412,-2.40841,2.98128,123.181,-0.060824,-0.0515169,0.507967
-0.3307,-0.315475,1.11409,2.1802,0.13074,103.624,-4.10689,1.2803,124.639,-0.0699474,-0.0536726,0.563757
-0.273441,-0.258273,0.973478,2.54365,0.637697,103.218,-3.7638,1.92972,124.556,-0.0846819,-0.0624515,0.632324
-0.254307,-0.233802,0.914963,2.57651,1.34366,98.3947,-5.31445,0.484394,123.646,-0.122055,-0.0787464,0.790586
-0.231782,-0.21009,0.855459,2.95305,1.55119,98.5363,-5.00778,1.09958,123.8,-0.191444,-0.120971,1.02422
-0.224534,-0.199754,0.863369,3.33836,1.25658,93.309,-5.98018,0.642115,121.182,-0.414772,-0.232296,1.6301
-0.238179,-0.209346,0.897966,3.69971,1.31126,93.8253,-5.7361,1.20913,121.731,-1.4468,-0.833251,3.62392
-0.291895,-0.255515,1.08863,4.46014,0.558787,87.6003,-5.84707,1.58814,113.546,-10.1754,-6.78022,18.2377
-0.504769,-0.43367,1.55909,4.75721,0.500235,88.4172,-5.63822,1.96339,114.633,-11.4244,-10.7904,25.1429
-2.09196,-1.76741,4.57275,5.56922,-0.91778,78.9532,-5.19907,1.44286,91.36,-7.52758,-12.2179,38.7366
-16.9332,-13.8503,29.4298,5.57716,-0.683424,79.7643,-4.77025,1.533,91.0517,-5.11126,-13.9102,55.2933
-21.1595,-15.7674,49.4859,5.00204,-2.16712,63.287,-5.93191,-0.640145,52.767,-2.15313,-12.9333,69.8379
-14.9268,-4.73083,77.5417,4.5657,-0.590117,58.9702,-5.67889,0.281557,53.3162,-2.1118,-12.3439,71.2657
-1.35315,2.79869,65.3627,3.94877,-3.13751,41.741,-4.5873,-2.80691,11.188,-2.02777,-13.1972,112.996
-0.397316,3.40703,63.0428,4.26057,-3.05137,39.43,-1.96709,-1.07829,5.84702,-1.74817,-12.7562,113.257
3.22624,4.57344,71.8456,3.56655,-3.86193,35.7906,-0.854704,-0.585524,2.42742,0.756717,-9.73052,127.997
3.10284,4.41769,72.5807,3.3219,-4.00576,34.7155,-0.312497,-0.210504,1.24876,0.887215,-9.02695,127.591
4.58302,5.7341,80.3609,1.67199,-3.65804,31.7643,-0.171155,-0.116146,0.791924,2.75121,-5.34938,122.411
4.42218,5.68469,80.5798,1.18079,-3.7805,30.5956,-0.094693,-0.0629812,0.576175,2.76692,-4.91379,122.476
4.57851,7.07444,86.4473,-0.581852,-3.9257,26.7726,-0.0637246,-0.0419661,0.454088,3.30007,-3.1088,116.701
4.52167,7.11349,86.5139,-1.10051,-4.0482,24.7676,-0.0425325,-0.0278674,0.379653,3.41436,-2.86219,117.071
4.30911,8.0882,91.0464,-2.68456,-4.77634,21.1875,-0.0308677,-0.0203746,0.331577,3.57322,-2.27666,117.147
4.45896,8.1825,90.7562,-2.95087,-4.89332,19.7715,-0.0225939,-0.0152031,0.298461,3.88939,-2.04113,117.328
4.26524,8.58627,95.5008,-4.69467,-5.77542,15.7509,-0.0173861,-0.0122985,0.277485,4.1544,-1.45722,121.362
4.5281,8.67851,95.0405,-4.14259,-5.1605,13.4225,-0.0137667,-0.0102582,0.261911,4.60414,-1.14335,121.108
4.51253,8.3335,100.165,-4.34957,-4.72375,10.3401,-0.0115172,-0.00957521,0.254687,4.61254,0.047191,125.55
4.52944,8.42107,100.48,-2.0803,-2.24156,5.57011,-0.0101359,-0.00895233,0.248342,4.89287,0.455458,124.723
5.0487,7.37007,103.386,-1.46753,-1.46611,3.6635,-0.00923854,-0.00952354,0.249743,2.77533,1.21282,123.958
5.30023,7.50721,102.996,-0.687635,-0.6753,2.07238,-0.00890181,-0.0097758,0.250919,3.16983,1.58636,123.545
6.1183,6.42905,99.8013,-0.465858,-0.447236,1.46804,-0.0085462,-0.0115083,0.262764,1.45053,1.04588,122.859
6.38309,6.65062,99.3371,-0.284086,-0.269375,1.05801,-0.00904195,-0.0126742,0.273963,1.97117,1.34922,122.615
6.54545,5.70523,92.7929,-0.20673,-0.195528,0.851258,-0.00913632,-0.0161259,0.301313,1.12965,0.0786789,121.297
6.60116,5.96388,93.2136,-0.149312,-0.139289,0.705494,-0.010712,-0.0189994,0.329963,1.65563,0.264353,121.28
6.01881,5.40364,86.8487,-0.121332,-0.111821,0.630662,-0.0112655,-0.0270016,0.391206,1.28957,-1.35109,118.715
5.99716,5.69438,87.6865,-0.10065,-0.0905688,0.571397,-0.0153519,-0.0364576,0.467776,1.86432,-1.28246,119.184
4.76583,5.35305,83.3525,-0.093051,-0.0798348,0.565911,-0.0172002,-0.0607896,0.622684,1.09875,-2.77422,119.42
4.77721,5.61332,84.3594,-0.0926072,-0.0760414,0.569678,-0.0298426,-0.109802,0.879055,1.7561,-2.75236,120.172
4.28627,6.83004,84.5363,-0.111272,-0.0816562,0.662417,-0.0285143,-0.294011,1.57556,0.856567,-3.56971,121.345
4.36764,7.05531,85.1602,-0.155003,-0.108818,0.807604,-0.215051,-2.03339,5.12217,1.52756,-3.46232,122.225
3.98729,9.25744,86.1794,-0.34406,-0.199669,1.33612,-7.65497,-17.4854,37.0321,0.333294,-3.40901,117.439
4.03509,9.3344,86.485,-1.97998,-1.12071,4.25079,-11.8101,-10.0942,48.0188,0.583181,-2.95514,117.532
2.77106,10.6179,79.5815,-24.1844,-16.9332,41.5424,-7.64015,-6.15471,53.8655,-0.435013,-1.88354,98.4387
3.01207,10.5177,78.9105,-14.0182,-17.2443,48.1834,-9.02019,-7.08062,60.7121,-0.556445,-1.3295,96.8223
1.45071,9.53955,61.6406,-3.43718,-8.13417,59.4824,-5.8754,-5.00144,71.1429,-2.02847,-1.45748,61.6525
1.64563,9.25468,56.7559,-2.08392,-7.01046,61.2662,-5.68512,-4.96353,72.4355,-1.48638,-1.04491,60.7181
0.283271,7.66775,43.3377,0.104886,0.702312,66.0968,-1.21257,-0.578909,94.1147,-4.61034,-4.43775,15.0453
0.11135,7.60448,40.3691,-0.0124911,0.548318,67.736,-1.06937,-0.240412,94.5564,-2.81145,-2.5136,9.58113
-1.06747,6.81695,37.9189,0.46179,4.66296,70.1022,2.65638,4.5696,105.884,-1.65368,-1.78027,4.55593
-1.47185,6.4543,37.0362,0.305426,4.35576,71.0719,3.037,4.59031,105.746,-0.567254,-0.634094,2.1211
-1.88367,5.69286,38.8238,0.0789946,3.08337,73.3796,3.61476,7.99018,107.086,-0.318794,-0.357605,1.33626
-2.26625,5.06742,38.1957,-0.0316912,2.72756,74.2259,3.87031,8.04351,107.273,-0.181627,-0.20434,0.95085
-3.26514,2.57496,32.6853,0.0389263,-0.240402,78.6763,3.30826,9.37044,107.391,-0.127788,-0.141517,0.753847
-3.60197,1.90353,30.1344,0.0432406,-0.494669,79.4216,3.49758,9.46602,107.901,-0.0914255,-0.0993378,0.630923
-5.71291,-3.1657,17.7783,0.809914,-2.6771,86.4877,3.09457,8.99518,110.208,-0.0731759,-0.0785283,0.556858
-5.04022,-2.70143,14.6347,0.829319,-2.74051,87.3692,3.27986,9.16768,110.725,-0.0589024,-0.0620749,0.502257
-5.90472,-5.07436,12.2391,1.84589,-3.407,95.8394,2.72737,7.59691,114.921,-0.0514066,-0.0534445,0.472291
-2.58265,-2.23344,6.10167,1.8467,-3.39405,96.9203,2.93734,7.77002,115.21,-0.0454142,-0.0461572,0.446593
-2.08795,-1.9845,4.6947,2.43282,-3.11788,105.349,1.61369,5.51324,119.507,-0.0426549,-0.0422774,0.439522
-0.878132,-0.859155,2.43749,2.52349,-2.7421,105.622,1.9079,5.85973,119.523,-0.040725,-0.0391435,0.433291
-0.635286,-0.632669,1.8481,2.35572,-1.44223,107.331,0.171157,3.84428,123.623,-0.0419232,-0.0368973,0.451601
-0.409579,-0.417266,1.37826,2.607,-1.06835,107.354,0.467427,4.30368,123.484,-0.0441668,-0.0373236,0.470676
-0.346872,-0.348802,1.19059,2.69495,0.599792,103.812,-1.12116,2.62406,124.487,-0.0517372,-0.0380386,0.52617
-0.281229,-0.280683,1.0285,3.03663,1.03855,103.498,-0.828366,3.22741,124.424,-0.0622029,-0.0435747,0.589886
-0.258919,-0.251433,0.961416,3.15526,1.67663,98.7658,-2.20442,1.78047,122.893,-0.0881521,-0.0509972,0.732263
-0.234525,-0.224538,0.895968,3.50672,1.84821,99.0088,-1.94928,2.34346,123.139,-0.134946,-0.0742847,0.938717
-0.229212,-0.215675,0.91174,3.88906,1.48135,94.0275,-3.05355,1.78888,120.887,-0.279223,-0.122179,1.45169
-0.248732,-0.230943,0.96188,4.24284,1.53265,94.5799,-2.83423,2.33561,121.477,-0.889983,-0.389486,2.90173
-0.320387,-0.297234,1.20933,4.98502,0.93689,88.2364,-3.07072,2.742,113.524,-7.41047,-3.81696,14.3241
-0.600824,-0.545558,1.82351,5.30644,0.869869,89.2928,-2.7633,3.0537,114.611,-11.2903,-10.6913,28.6704
-3.08766,-2.77444,6.53253,6.06353,-0.391506,79.7426,-2.88578,2.28508,91.5736,-4.84473,-10.6369,41.2338
-17.6151,-15.2257,31.7875,6.04903,-0.0427282,80.3527,-2.56695,2.53902,91.4793,-3.48423,-11.4817,50.7578
-17.9245,-13.0522,53.7762,5.20499,-1.43592,61.8908,-4.72362,0.00347148,51.5025,-1.39916,-11.6525,70.9996
-12.0443,-3.2309,73.56,4.94976,-0.174282,57.9262,-4.3814,0.80017,51.9065,-1.57326,-11.5683,73.6926
-0.436084,2.99384,64.3943,4.23833,-2.93207,41.4062,-4.53356,-2.88245,10.8388,-0.869012,-11.6826,113.876
0.117048,3.37973,63.3789,4.49718,-2.82556,39.0949,-1.81412,-1.04472,5.32946,-0.587857,-11.2089,114.037
3.69926,4.56721,72.396,3.69705,-3.65964,35.4328,-0.825545,-0.573894,2.31502,2.07014,-7.86468,127.732
3.55354,4.40617,73.0557,3.41108,-3.83556,34.533,-0.309916,-0.210068,1.22947,2.16561,-7.09378,127.044
4.99055,5.75727,81.0214,1.68871,-3.47485,31.7848,-0.179063,-0.122047,0.804602,3.96328,-3.59708,121.606
4.85212,5.73249,81.2596,1.16664,-3.59939,30.4833,-0.1018,-0.0679736,0.592462,4.01664,-3.16236,121.753
5.10227,7.1941,87.0258,-0.607914,-3.77998,26.3742,-0.069618,-0.0460299,0.470594,4.54926,-1.45712,116.426
5.0659,7.26233,87.1408,-1.17153,-3.90095,23.9565,-0.0470918,-0.030888,0.395101,4.71267,-1.18182,116.789
4.98878,8.25201,91.738,-2.78101,-4.67109,20.0015,-0.0345485,-0.022767,0.346207,4.92915,-0.511271,117.319
5.18648,8.37952,91.4508,-3.0207,-4.7695,18.3835,-0.0255914,-0.0170958,0.312299,5.30788,-0.22959,117.462
5.12049,8.78908,96.248,-4.59943,-5.62374,14.8025,-0.019896,-0.0138698,0.291061,5.67082,0.500969,121.577
5.45564,8.9177,95.6472,-3.91505,-4.93113,12.5658,-0.0159337,-0.0115621,0.274892,6.18268,0.883963,121.193
5.44655,8.41736,101.232,-3.94626,-4.32604,9.54848,-0.0133682,-0.0106762,0.267677,5.74276,2.10402,124.571
5.54969,8.55506,101.554,-1.86535,-2.0334,5.16539,-0.0118336,-0.00995024,0.26141,6.07277,2.54797,123.826
6.19586,7.64062,103.975,-1.34797,-1.36565,3.47129,-0.0107987,-0.0104212,0.263438,4.00106,3.33071,122.907
6.52447,7.84299,103.662,-0.654757,-0.654933,2.03558,-0.0104581,-0.0106351,0.264908,4.46517,3.75216,122.562
7.41056,6.93164,100.528,-0.465799,-0.458157,1.49142,-0.00997371,-0.0122263,0.27766,3.10366,3.25849,122.621
7.78364,7.23158,100.051,-0.294965,-0.288592,1.1032,-0.010518,-0.0133173,0.289001,3.72454,3.6423,122.397
7.92189,6.33619,93.5875,-0.221758,-0.217347,0.906753,-0.0104505,-0.0164113,0.317039,3.17817,2.41335,121.682
8.09911,6.65495,93.9249,-0.164375,-0.159715,0.763777,-0.0120853,-0.0192858,0.347278,3.77696,2.71419,121.594
7.553,6.18657,87.496,-0.136321,-0.131698,0.694504,-0.0125229,-0.026498,0.411171,3.63526,1.19237,119.115
7.6748,6.54303,88.2286,-0.115872,-0.109578,0.642727,-0.0168706,-0.0355788,0.492258,4.31159,1.40975,119.481
6.48988,6.32992,84.1692,-0.109206,-0.0989793,0.655771,-0.0184538,-0.0560116,0.648371,3.80063,0.0843605,119.506
6.66124,6.62122,84.9566,-0.112257,-0.0964825,0.685349,-0.0308373,-0.0911659,0.872679,4.59472,0.157847,120.563
-1.57572,-1.33074,3.58602,6.27044,1.24279,83.1374,-3.20664,3.44011,121.615,-9.77227,-5.75739,19.9073
-3.94035,-3.16032,7.56603,6.53808,-1.46621,84.5036,-2.34512,3.47965,94.1197,-10.6691,-13.0914,46.2351
-5.9836,-4.6185,10.85,7.34746,-0.831719,80.9253,-1.89984,3.04854,94.8313,-6.56236,-14.6639,60.3259
-12.8186,-10.0856,23.244,6.24488,-2.34655,61.6156,-4.94482,-0.046418,54.9362,-2.37435,-12.581,75.1473
-22.5049,-15.0062,63.0996,5.66262,-0.34614,56.5454,-4.51876,1.29092,55.0196,-1.91569,-11.7953,76.6627
-9.33103,-3.3534,86.4999,3.8956,-2.31674,38.7061,-5.42677,-3.27839,12.0745,0.0649785,-10.5939,116.915
-2.93214,0.638273,66.5705,4.4961,-2.65294,36.9443,-2.2333,-1.239,5.92457,0.364692,-10.1116,116.826
1.38537,2.15814,73.0027,3.7237,-3.57011,33.6494,-1.02174,-0.698448,2.60723,3.67805,-6.29917,130.138
1.23027,2.05536,73.8544,3.46333,-3.73048,32.6586,-0.36676,-0.245247,1.31746,3.84958,-5.4179,129.196
2.66041,3.43357,81.9384,1.62771,-3.38661,29.583,-0.208982,-0.140701,0.852072,5.71663,-1.84534,122.707
2.61424,3.47651,82.0347,1.15504,-3.49247,28.5657,-0.117392,-0.0774663,0.618642,5.87741,-1.31485,122.696
2.88108,4.76479,87.5953,-0.592356,-3.68501,25.4053,-0.0796392,-0.052024,0.487915,6.28848,0.218666,117.239
2.93935,4.8842,87.5379,-1.18688,-3.82375,23.3228,-0.0536085,-0.0347192,0.406691,6.56704,0.568975,117.468
2.70137,5.78092,92.2196,-3.03817,-4.56355,18.7468,-0.039134,-0.0254161,0.354587,6.85455,1.18559,118.121
2.88361,5.94049,92.045,-3.37521,-4.5001,15.9059,-0.0289919,-0.0190381,0.31833,7.28488,1.48293,118.242
2.73411,6.12899,96.5044,-4.54458,-4.97082,12.6352,-0.0226004,-0.0153821,0.295241,7.82212,2.39643,122.428
3.16933,6.27949,95.7702,-3.63513,-4.01641,10.0226,-0.0181504,-0.0127912,0.277451,8.41327,2.79154,121.963
3.22658,5.56464,100.513,-3.70708,-3.72608,8.31595,-0.0153179,-0.0117737,0.2691,8.14684,4.13417,124.856
3.48395,5.71264,100.468,-1.9662,-1.96227,4.85899,-0.0136015,-0.0109696,0.261977,8.59735,4.57871,124.105
4.12296,4.6555,102.548,-1.55349,-1.46419,3.60029,-0.0125764,-0.0115064,0.263485,6.70001,5.25033,123.78
4.45646,4.85311,102.196,-0.791952,-0.734672,2.13457,-0.0122958,-0.0117854,0.264569,7.21608,5.66147,123.343
5.11546,3.88855,99.327,-0.541128,-0.492484,1.53926,-0.0121832,-0.0136978,0.276957,5.84244,5.15706,123.509
5.38557,4.14499,99.1707,-0.329236,-0.29533,1.10245,-0.0130987,-0.015074,0.288385,6.45104,5.5,123.19
5.6111,3.39358,92.7395,-0.237423,-0.212448,0.884206,-0.0141053,-0.0192554,0.317749,5.90013,4.2432,122.273
5.75744,3.69157,93.1241,-0.170062,-0.14998,0.728121,-0.0170431,-0.0229566,0.348492,6.58624,4.48904,122.222
5.35803,3.34414,86.4725,-0.137427,-0.119906,0.649076,-0.0206851,-0.03336,0.415778,6.25455,2.91226,119.505
5.43643,3.66618,87.2663,-0.113507,-0.096741,0.586113,-0.0299956,-0.0464768,0.501493,7.03548,3.05858,119.989
4.41475,3.61115,83.1239,-0.105609,-0.0859299,0.581009,-0.0453773,-0.0817568,0.679707,6.47085,1.73639,120.275
4.52774,3.90166,84.0682,-0.105735,-0.082401,0.585753,-0.0932228,-0.160945,0.997469,7.35775,1.86,121.031
4.17879,5.26379,84.4183,-0.130545,-0.0912315,0.685837,-0.275508,-0.552169,2.05374,6.77215,1.19307,121.944
4.3915,5.54313,84.8114,-0.186645,-0.124097,0.845852,-4.98538,-7.90711,14.425,7.60016,1.54694,122.691
4.16646,7.83411,85.7933,-0.449265,-0.250482,1.46181,-18.4608,-20.5029,44.9983,6.45713,1.56868,117.563
4.25461,8.05852,86.0153,-3.40404,-1.88087,6.18741,-13.9907,-10.6771,47.3872,6.9042,2.15001,117.441
3.09677,9.50411,78.8301,-27.4836,-18.8411,45.1002,-11.1184,-7.73481,57.6497,4.75176,2.53366,97.0128
3.23637,9.61798,78.6008,-16.2743,-16.4517,41.0617,-12.1293,-8.33941,62.586,4.75461,3.04199,95.5721
2.14284,9.10547,61.9999,-6.19476,-10.7857,60.7399,-8.9425,-6.00137,71.4343,1.24996,1.36545,61.8485
2.45466,8.92569,57.2556,-3.6249,-9.22668,64.1152,-8.61415,-5.91281,72.6697,1.95379,1.88,60.8981
0.818938,7.46676,43.2631,-0.880425,-0.5134,66.3785,-4.43351,-1.74166,94.7352,-4.8637,-4.14612,14.7512
0.653621,7.41441,39.9162,-0.779194,-0.455691,67.4851,-4.06402,-1.38026,95.2008,-2.93932,-2.31072,9.10439
-0.661491,6.56516,37.0563,-0.222712,3.76761,69.8563,-0.267038,3.24802,106.733,-2.2784,-2.23009,5.44306
-1.07992,6.25599,36.1425,-0.314802,3.48829,70.7908,0.280696,3.2941,106.522,-0.781636,-0.79419,2.42829
-1.53666,5.48831,37.8521,-0.558581,2.2723,73.2698,0.985399,6.70185,108.019,-0.460003,-0.471568,1.55709
-1.92608,4.92986,37.4579,-0.603608,1.99865,73.989,1.36626,6.80841,108.162,-0.263136,-0.270691,1.08633
-3.00614,2.5821,32.2407,-0.471555,-0.834995,78.492,1.00385,8.15765,108.427,-0.186152,-0.189257,0.857212
-3.49514,1.93638,29.217,-0.388197,-1.0766,79.2249,1.29932,8.28454,108.889,-0.133209,-0.133369,0.710131
-5.8552,-3.21935,16.1629,0.469561,-3.47907,86.7068,0.868408,7.89651,110.789,-0.106234,-0.105754,0.623451
-4.83468,-2.65227,12.2906,0.535999,-3.50799,87.5886,1.12435,8.11806,111.315,-0.0851119,-0.0836424,0.557729
-5.51883,-4.45886,11.0004,1.58622,-3.98985,95.3978,0.593204,6.8117,115.21,-0.0734131,-0.0716035,0.520541
-2.76594,-2.2328,6.07345,1.64367,-3.7084,96.0408,0.887039,7.16265,115.442,-0.0640597,-0.0611238,0.487381
-2.70557,-2.38127,5.54342,2.27176,-3.374,103.986,-0.432619,5.07371,119.318,-0.0588495,-0.0552546,0.475228
-1.33083,-1.18566,3.08894,2.40547,-3.00508,104.422,-0.0923265,5.45634,119.377,-0.0555178,-0.0507643,0.4653
-1.05148,-0.948684,2.47947,2.2596,-1.71157,106.362,-1.78906,3.36482,123.427,-0.0563434,-0.0479768,0.482023
-0.689384,-0.629901,1.81336,2.55001,-1.36906,106.513,-1.39899,3.86448,123.171,-0.0587939,-0.048318,0.498324
-0.587024,-0.533545,1.58002,2.52359,0.162588,103.433,-3.05089,2.05342,124.526,-0.0675473,-0.0498558,0.553075
-0.455615,-0.414454,1.32269,2.84654,0.40709,103.696,-2.70715,2.60218,124.372,-0.0815722,-0.0573095,0.620933
-0.404664,-0.362168,1.21318,2.86533,1.00886,99.1324,-4.26554,1.10157,123.502,-0.117662,-0.0707453,0.777873
-0.343105,-0.305386,1.0885,3.24788,1.16898,99.4024,-3.9598,1.70219,123.676,-0.185834,-0.107546,1.01335
-0.324929,-0.285641,1.08371,3.62819,0.900234,94.148,-4.95264,1.2473,121.097,-0.414279,-0.204112,1.63867
-0.335085,-0.292454,1.11573,4.02088,0.955741,94.6455,-4.68685,1.8187,121.666,-1.60506,-0.806126,3.88839
-0.439393,-0.384089,1.41634,4.78412,0.280354,88.2751,-4.8286,2.18193,113.453,-12.0223,-7.42037,21.1572
-0.898031,-0.7723,2.33251,5.15702,0.244916,89.0646,-4.544,2.58221,114.545,-10.9993,-10.4463,26.0264
-7.20558,-6.08106,13.255,5.82834,-0.836469,79.0383,-4.35373,2.14742,91.2751,-5.68111,-10.5827,38.59
-20.1181,-16.0816,35.1277,5.88481,-0.602221,79.737,-3.95835,2.25849,91.1121,-4.10409,-12.2575,52.5444
-16.5238,-10.7422,46.0608,5.34251,-2.30445,63.5067,-5.50584,-0.335476,52.9824,-1.7512,-12.1507,68.9571
-12.6827,-3.25675,68.0508,5.03387,-0.849507,59.3387,-5.17418,0.58478,53.2998,-1.78741,-11.8746,71.1555
-1.95126,2.20408,63.9159,4.21991,-3.18722,41.7686,-4.45058,-2.76896,10.8081,-1.47999,-12.4658,112.825
-1.4216,2.50971,63.235,4.49028,-3.04688,39.3415,-1.86688,-1.03681,5.55321,-1.23516,-11.9953,113.051
2.07401,3.49407,72.0074,3.76529,-3.84334,35.6419,-0.848491,-0.580236,2.38983,1.33477,-8.86642,127.73
1.94202,3.34686,72.707,3.50813,-3.98856,34.5071,-0.315534,-0.211779,1.2401,1.42439,-8.14994,127.329
3.32669,4.52635,80.4859,1.82205,-3.60998,31.5039,-0.174301,-0.117746,0.790899,3.27752,-4.48418,122.149
3.18668,4.48213,80.6773,1.3349,-3.73769,30.5264,-0.0968358,-0.0640481,0.57627,3.29106,-4.03002,122.207
3.32891,5.76986,86.4385,-0.417588,-3.86854,27.1154,-0.0652864,-0.0427182,0.454768,3.83762,-2.24324,116.428
3.31393,5.80797,86.4485,-0.930849,-4.00688,25.4359,-0.0436381,-0.0283632,0.380412,3.97011,-1.98712,116.794
3.03922,6.68825,91.0411,-2.6627,-4.73461,21.4584,-0.0316951,-0.0207111,0.332364,4.14094,-1.41512,116.911
3.14562,6.77117,90.9499,-3.08797,-4.80217,19.0596,-0.0232333,-0.0154312,0.299223,4.44352,-1.21086,117.162
2.85401,7.05483,95.8513,-4.66702,-5.41545,14.5038,-0.0178995,-0.0124467,0.278216,4.71795,-0.631284,121.265
3.14998,7.13852,95.4001,-3.93461,-4.55681,11.6964,-0.014197,-0.0103573,0.262597,5.17958,-0.335242,121.033
3.15001,6.67027,100.332,-3.96159,-4.13427,9.18193,-0.0118801,-0.00962475,0.255339,5.24727,0.888657,125.467
3.27748,6.74233,100.418,-2.04418,-2.11627,5.24112,-0.0104525,-0.00896808,0.248957,5.58978,1.28928,124.633
3.82046,5.61796,103.133,-1.52188,-1.48147,3.65551,-0.00951089,-0.00948876,0.250354,3.50386,2.04082,123.872
4.07297,5.73527,102.808,-0.748296,-0.717439,2.12386,-0.0091508,-0.00971157,0.251539,3.9064,2.399,123.42
4.77478,4.65443,100.142,-0.499043,-0.467987,1.49986,-0.00876037,-0.0113898,0.26346,2.10013,1.83297,122.687
4.97203,4.84045,99.9751,-0.297922,-0.275045,1.06818,-0.00925158,-0.0125254,0.274777,2.59102,2.10361,122.422
5.20554,4.0065,93.4838,-0.212038,-0.194888,0.852583,-0.00934401,-0.0159029,0.302392,1.73615,0.79889,121.132
5.27198,4.23302,93.8931,-0.150598,-0.136162,0.703027,-0.0109707,-0.0187305,0.331445,2.28536,0.955152,121.124
4.79184,3.79147,87.4726,-0.120936,-0.107831,0.626897,-0.011605,-0.0265875,0.393618,1.92335,-0.700749,118.593
4.78226,4.04069,88.267,-0.0993594,-0.0862721,0.567387,-0.0159552,-0.0359529,0.471933,2.53269,-0.660143,119.069
3.63355,3.76708,83.8693,-0.0917064,-0.0755615,0.562663,-0.0183352,-0.0601604,0.63168,1.80728,-2.18882,119.327
3.64763,3.98635,84.8248,-0.0911022,-0.0714647,0.567435,-0.0330192,-0.110248,0.901758,2.4936,-2.18815,120.079
3.18112,5.18491,84.9663,-0.110492,-0.0763657,0.663273,-0.0386766,-0.30949,1.66956,1.64354,-3.03479,121.251
3.25619,5.39216,85.5243,-0.155612,-0.101614,0.81463,-0.448859,-2.67582,6.36631,2.31004,-2.91627,122.103
2.86819,7.55803,86.5411,-0.361623,-0.187007,1.38094,-10.3648,-17.6318,42.7876,1.02195,-2.8201,117.138
2.91105,7.66434,86.8505,-2.46465,-1.23209,4.97792,-10.6059,-8.06775,44.7641,1.41236,-2.47982,117.476
1.84868,9.06449,79.7171,-26.0201,-17.4639,45.1613,-6.98271,-5.20802,52.0476,0.345272,-1.49699,98.4145
2.02379,8.99832,79.0763,-11.6278,-15.6166,47.6745,-8.89766,-6.53143,60.6042,0.162142,-0.929827,96.7966
0.658274,8.45991,61.9809,-2.56249,-6.82643,56.4316,-5.7538,-4.43196,71.1125,-1.55835,-1.20712,61.7348
0.969381,8.2322,57.0368,-1.89051,-6.67978,60.4202,-5.52758,-4.3832,72.3643,-0.991382,-0.770685,60.5578
-0.19669,6.97605,43.552,0.126694,0.769565,65.9516,-1.04788,0.165105,94.0322,-4.52145,-4.2354,14.2535
-0.350762,6.95936,40.6167,-0.00119604,0.582701,67.575,-0.893702,0.448317,94.4405,-2.61733,-2.25659,8.74719
-1.51595,6.21936,38.1556,0.447334,4.67521,69.9188,2.86526,5.30058,105.685,-1.55162,-1.6319,4.27683
-1.92563,5.86661,37.2526,0.292065,4.31478,70.911,3.26144,5.24049,105.547,-0.547538,-0.597698,2.04063
-2.37464,5.03182,38.9761,0.0614827,3.04688,73.1689,3.83533,8.63217,106.904,-0.310337,-0.341331,1.29857
-2.75573,4.44269,38.4479,-0.0493881,2.68964,73.9672,4.10047,8.6439,107.097,-0.177911,-0.196359,0.929468
-3.67611,2.15578,33.2345,0.0196171,-0.236419,78.2719,3.54012,9.96622,107.224,-0.125334,-0.136475,0.739239
-4.05716,1.61597,30.7418,0.0265165,-0.495983,78.9656,3.73586,10.0266,107.751,-0.089764,-0.0960267,0.620091
-6.09511,-3.23041,17.5739,0.790938,-2.82591,86.1937,3.32622,9.47083,110.158,-0.0717676,-0.0760924,0.548057
-5.27727,-2.77389,13.9674,0.779609,-2.94535,87.1767,3.4875,9.60381,110.742,-0.057747,-0.0602523,0.494891
-5.71371,-4.71594,11.5669,1.74429,-3.59024,95.5419,2.92004,8.05812,114.965,-0.050349,-0.0518772,0.465648
-2.67717,-2.22569,6.06492,1.71694,-3.44193,96.3607,3.11885,8.29922,115.243,-0.0444981,-0.0447149,0.440623
-2.3043,-2.09279,4.94556,2.2871,-3.14306,104.6,1.8027,6.06776,119.543,-0.0417834,-0.0408378,0.433846
-1.07347,-0.992156,2.70828,2.35874,-2.76679,104.829,2.0896,6.41321,119.55,-0.0399484,-0.0376617,0.428007
-0.830389,-0.779403,2.14463,2.19575,-1.55156,106.582,0.373771,4.34295,123.632,-0.0411428,-0.0353529,0.44632
-0.54759,-0.523853,1.60103,2.41771,-1.27214,106.822,0.681648,4.78072,123.381,-0.0433642,-0.0356331,0.465616
-0.459729,-0.438442,1.38726,2.48127,0.154146,103.876,-0.891254,2.98055,124.29,-0.050744,-0.0360386,0.52108
-0.355182,-0.340835,1.17325,2.77187,0.366753,104.137,-0.6142,3.49275,124.172,-0.0610133,-0.0410462,0.585399
-0.316462,-0.299592,1.08699,2.89463,0.938472,99.6053,-2.00591,1.98888,122.668,-0.086624,-0.0472313,0.729099
-0.275268,-0.259846,0.999092,3.23862,1.07006,99.9294,-1.76649,2.53659,122.935,-0.133656,-0.0683591,0.940582
-0.269529,-0.25264,1.02558,3.63632,0.750742,94.8975,-2.88832,1.98456,120.717,-0.283017,-0.109558,1.47665
-0.294532,-0.274179,1.09651,4.0026,0.795414,95.4065,-2.67007,2.5257,121.33,-0.975229,-0.373224,3.09596
-0.418715,-0.393269,1.47783,4.77549,0.291182,88.9127,-2.89977,2.92782,113.374,-8.74343,-4.29981,16.7462
-0.997526,-0.916457,2.67273,5.13161,0.214937,89.9043,-2.54779,3.20876,114.465,-10.4126,-10.6052,29.7146
-9.18546,-8.29209,17.3866,5.76026,-0.562781,79.6891,-2.79754,2.71337,91.4908,-3.48173,-9.35148,39.9668
-19.0809,-15.8943,36.0707,5.82393,-0.375506,80.3923,-2.48189,2.85929,91.4763,-2.79113,-10.4898,49.0831
-12.6371,-6.58765,54.1484,5.07422,-1.75803,62.0241,-4.66974,0.135362,51.563,-0.937278,-11.0951,70.5149
-8.79648,-1.14254,61.6155,5.06089,-0.794362,58.5004,-4.29965,0.843348,51.9023,-1.13363,-11.2191,73.5215
-0.482836,2.8362,62.9471,4.26185,-3.17631,41.5718,-4.43268,-2.85032,10.6234,-0.174863,-11.1226,113.605
-0.384226,2.88526,63.6834,4.48775,-2.99786,39.1382,-1.77486,-1.03122,5.22325,0.0604361,-10.6423,113.767
3.15125,3.96265,72.563,3.70213,-3.79599,35.4096,-0.81286,-0.566358,2.28785,2.76312,-7.25935,127.445
2.99169,3.80885,73.167,3.41518,-3.96515,34.4037,-0.307209,-0.20884,1.22156,2.79691,-6.49077,126.762
4.39151,5.06061,81.0984,1.68786,-3.55312,31.5674,-0.177937,-0.121573,0.801307,4.57278,-3.01789,121.334
4.27653,5.02865,81.2658,1.1959,-3.67771,30.5728,-0.101289,-0.0678448,0.590873,4.6178,-2.58163,121.466
4.56494,6.41432,86.859,-0.488905,-3.82719,27.1698,-0.0692961,-0.0459677,0.469773,5.16109,-0.893615,116.13
4.56968,6.46629,86.878,-1.00602,-3.96505,25.3457,-0.0468669,-0.0308734,0.394721,5.33492,-0.625631,116.487
4.4343,7.37354,91.5584,-2.77372,-4.72779,20.875,-0.034381,-0.0227742,0.346126,5.54281,0.00995986,117.066
4.55417,7.47113,91.5078,-3.17469,-4.75466,18.1506,-0.0254718,-0.0171238,0.312454,5.88409,0.238152,117.284
4.39772,7.77663,96.4755,-4.547,-5.28546,13.7679,-0.0198108,-0.0139161,0.291418,6.23307,0.932916,121.465
4.7537,7.88373,95.8587,-3.72862,-4.39735,11.1124,-0.0158711,-0.0116234,0.275424,6.7459,1.28445,121.1
4.78115,7.2805,101.216,-3.62862,-3.86004,8.60417,-0.0133084,-0.010752,0.268393,6.34638,2.50427,124.485
4.97822,7.39344,101.299,-1.90657,-2.02505,5.0373,-0.01177,-0.010027,0.262306,6.72804,2.92963,123.738
5.64391,6.42042,103.567,-1.44764,-1.44989,3.57733,-0.0107186,-0.0105131,0.264577,4.67093,3.68629,122.84
5.95601,6.58486,103.306,-0.732623,-0.726254,2.1402,-0.0103812,-0.0107393,0.26629,5.12678,4.07546,122.463
6.65793,5.62417,100.778,-0.499892,-0.485864,1.54004,-0.00990496,-0.0123891,0.279401,3.61558,3.53742,122.429
6.93293,5.86392,100.637,-0.303528,-0.291847,1.11459,-0.0105053,-0.013523,0.291077,4.16934,3.87196,122.163
7.08644,5.03118,94.2346,-0.21996,-0.211363,0.90253,-0.0104421,-0.0167272,0.319695,3.59407,2.60792,121.459
7.26904,5.30794,94.5586,-0.158808,-0.151131,0.753561,-0.0121417,-0.0196914,0.350585,4.20253,2.86731,121.377
6.77719,4.91391,88.0844,-0.129493,-0.122741,0.681457,-0.0125369,-0.0271711,0.415886,4.05671,1.31018,118.915
6.91229,5.22148,88.7608,-0.108787,-0.101301,0.628377,-0.016988,-0.0365678,0.499027,4.75067,1.48472,119.291
5.79035,5.03551,84.5197,-0.102337,-0.0919545,0.639809,-0.0184038,-0.0579541,0.659971,4.25803,0.104607,119.365
5.93304,5.30534,85.4246,-0.105229,-0.0907777,0.666824,-0.0310807,-0.0947954,0.893123,5.02773,0.224397,120.184
-1.61081,-1.35936,3.64428,6.33802,1.276,83.1483,-3.15286,3.51598,121.533,-9.74948,-5.70363,19.895
-4.2045,-3.36552,7.98414,6.60227,-1.4338,84.5099,-2.29376,3.54881,94.0557,-10.568,-12.998,46.2952
-6.18566,-4.76772,11.1493,7.4185,-0.818946,80.9598,-1.84576,3.09754,94.7894,-6.45446,-14.5625,60.1875
-12.5715,-9.8892,22.7101,6.3266,-2.36608,61.7137,-4.89506,-0.0161925,54.906,-2.29733,-12.5024,75.0211
-22.7097,-15.458,61.3376,5.73798,-0.398372,56.6576,-4.49255,1.30265,55.01,-1.88122,-11.7578,76.6046
-9.76288,-3.63799,87.4945,3.91189,-2.28488,38.6741,-5.41162,-3.26737,12.0596,0.0872681,-10.5252,116.877
-3.05836,0.536535,66.8798,4.52057,-2.64766,36.9212,-2.22937,-1.23861,5.92579,0.386156,-10.0773,116.801
1.31661,2.08385,73.063,3.7517,-3.57472,33.6391,-1.02166,-0.6995,2.60891,3.69853,-6.26837,130.112
1.16267,1.98658,73.9005,3.48857,-3.73386,32.6445,-0.366724,-0.245697,1.31836,3.86499,-5.38503,129.17
2.57641,3.35701,81.9975,1.64943,-3.38856,29.5642,-0.209018,-0.140974,0.852661,5.7292,-1.81016,122.672
2.52811,3.40256,82.0917,1.17471,-3.49169,28.5457,-0.117411,-0.0776274,0.619068,5.88487,-1.27768,122.662
2.78696,4.68502,87.6517,-0.567246,-3.68264,25.4262,-0.0796622,-0.0521364,0.488262,6.29374,0.25688,117.198
2.84782,4.8042,87.5855,-1.14915,-3.82016,23.4159,-0.0536247,-0.0347985,0.406993,6.56877,0.608023,117.426
2.59929,5.69401,92.2767,-3.01938,-4.56708,18.8129,-0.0391496,-0.025477,0.354868,6.85118,1.22361,118.076
2.77734,5.85317,92.1117,-3.36882,-4.50411,15.9082,-0.0290065,-0.0190864,0.318602,7.27726,1.51914,118.199
2.62051,6.03787,96.5722,-4.52345,-4.95884,12.586,-0.0226137,-0.0154237,0.295516,7.81173,2.43308,122.386
3.05336,6.19021,95.8456,-3.59123,-3.97794,9.90409,-0.0181629,-0.0128294,0.277733,8.40188,2.82582,121.928
3.09635,5.46994,100.604,-3.58299,-3.60809,8.07109,-0.0153293,-0.0118146,0.269405,8.12893,4.1675,124.824
3.35336,5.61549,100.555,-1.84431,-1.84143,4.61595,-0.0136139,-0.0110165,0.262307,8.57605,4.61124,124.068
4.00212,4.55526,102.595,-1.43165,-1.34956,3.37538,-0.0125863,-0.0115646,0.263868,6.68053,5.28514,123.735
4.34913,4.75079,102.211,-0.741981,-0.688338,2.03719,-0.0123059,-0.011854,0.265018,7.20123,5.69628,123.294
5.01333,3.78659,99.333,-0.511691,-0.465615,1.48157,-0.0121901,-0.0137903,0.277539,5.82465,5.18995,123.458
5.28367,4.03911,99.1767,-0.315246,-0.282607,1.07295,-0.0131135,-0.0151945,0.289142,6.43196,5.5295,123.139
5.51484,3.29369,92.7442,-0.229167,-0.204842,0.865982,-0.0141243,-0.0194445,0.318869,5.87797,4.26997,122.224
5.65817,3.58727,93.1342,-0.165406,-0.145635,0.71714,-0.0171013,-0.0232405,0.350153,6.56188,4.51227,122.173
5.26304,3.24628,86.4865,-0.134479,-0.117068,0.64181,-0.0208018,-0.0339189,0.418728,6.22739,2.93257,119.457
5.33719,3.56332,87.2878,-0.111739,-0.0949611,0.581662,-0.0303736,-0.0475826,0.506896,7.00534,3.07536,119.941
4.31773,3.50997,83.1513,-0.104576,-0.0847539,0.578418,-0.0465128,-0.0849012,0.692367,6.43831,1.74845,120.226
4.42656,3.79516,84.1034,-0.105357,-0.0817163,0.585073,-0.0985758,-0.172181,1.03299,7.32153,1.86858,120.981
4.07422,5.15448,84.4594,-0.131216,-0.091073,0.688041,-0.323254,-0.653413,2.26446,6.7298,1.19942,121.891
4.295,5.4292,84.7858,-0.190027,-0.125079,0.854267,-7.02162,-10.6006,18.9264,7.50462,1.6068,122.564
4.04674,7.7111,85.9042,-0.472779,-0.260171,1.50689,-18.1921,-19.2513,44.8728,6.40348,1.56376,117.479
4.15333,7.92978,86.0602,-4.10721,-2.26565,7.23252,-12.9087,-9.65106,45.3436,6.89196,2.11055,117.436
3.01887,9.37318,78.819,-28.3539,-19.6946,46.86,-10.7029,-7.43887,56.7111,4.72432,2.51327,96.9762
3.10414,9.50199,78.6831,-15.3003,-15.9415,40.6772,-12.0447,-8.27249,62.5174,4.66529,3.03385,95.5005
2.02511,9.01689,62.1043,-5.71345,-10.2761,59.9098,-8.86111,-5.9455,71.3994,1.1831,1.34825,61.7914
2.35436,8.83843,57.3273,-3.51324,-9.03252,63.6869,-8.52129,-5.84982,72.6178,1.89516,1.86062,60.8589
0.751014,7.39728,43.2941,-0.852555,-0.458709,66.3464,-4.30988,-1.65455,94.6757,-4.86258,-4.15674,14.7604
0.589993,7.34775,39.9413,-0.757635,-0.410317,67.4751,-3.94696,-1.29462,95.146,-2.94353,-2.31989,9.12318
-0.715818,6.49568,37.0777,-0.198105,3.81004,69.8402,-0.136027,3.3378,106.673,-2.27828,-2.23444,5.44833
-1.13475,6.18763,36.1616,-0.293213,3.52768,70.7817,0.404194,3.38383,106.465,-0.780763,-0.794353,2.42879
-1.59307,5.41126,37.8751,-0.537985,2.30492,73.2733,1.10718,6.78901,107.954,-0.459019,-0.471149,1.55655
-1.97987,4.85547,37.4933,-0.58619,2.02842,73.9987,1.48351,6.89402,108.097,-0.262507,-0.270301,1.08599
-3.04566,2.52121,32.3383,-0.455065,-0.805251,78.51,1.1169,8.23989,108.363,-0.185679,-0.188895,0.856942
-3.53953,1.86946,29.3401,-0.37586,-1.05606,79.2637,1.40821,8.35953,108.831,-0.132875,-0.133048,0.709986
-5.89772,-3.30327,16.1362,0.483456,-3.47999,86.7864,0.976951,7.95631,110.729,-0.105984,-0.105473,0.623384
-4.82124,-2.71511,12.1089,0.549445,-3.52808,87.702,1.23165,8.16572,111.252,-0.0849225,-0.0834027,0.557732
-5.33898,-4.32741,10.6395,1.60122,-4.03414,95.5589,0.703411,6.84397,115.145,-0.0732667,-0.0714084,0.520601
-2.4844,-2.01718,5.55041,1.65594,-3.78175,96.2488,0.995427,7.17235,115.372,-0.063946,-0.0609862,0.487471
-2.22083,-1.95894,4.69382,2.28599,-3.4454,104.182,-0.320652,5.07832,119.24,-0.0587695,-0.0551682,0.475331
-1.09982,-0.981106,2.66556,2.42079,-3.02048,104.506,0.0200273,5.4894,119.293,-0.0554393,-0.0507136,0.465385
-0.854032,-0.769939,2.11786,2.27415,-1.69513,106.38,-1.67622,3.41877,123.34,-0.0562755,-0.0479474,0.482103
-0.572811,-0.522482,1.5902,2.56481,-1.33758,106.496,-1.28487,3.92613,123.08,-0.0587012,-0.0483129,0.498382
-0.490313,-0.444744,1.39505,2.5363,0.1974,103.403,-2.93766,2.12015,124.438,-0.0674466,-0.0498716,0.553134
-0.388597,-0.352916,1.19139,2.86153,0.439034,103.664,-2.59258,2.66909,124.285,-0.0814058,-0.0573627,0.620976
-0.350511,-0.313422,1.10721,2.88144,1.03959,99.0966,-4.15356,1.17359,123.423,-0.117396,-0.0708562,0.777929
-0.304339,-0.270771,1.01194,3.26998,1.19429,99.3658,-3.84522,1.77455,123.603,-0.185231,-0.107803,1.01339
-0.294607,-0.25919,1.02371,3.65142,0.927078,94.1045,-4.84384,1.32845,121.035,-0.412655,-0.204823,1.6387
-0.31217,-0.272572,1.07209,4.04774,0.979284,94.6007,-4.57791,1.90402,121.612,-1.59748,-0.810184,3.88696
-0.424973,-0.371833,1.39241,4.809,0.305581,88.2259,-4.73093,2.2717,113.408,-11.9799,-7.47783,21.1768
-0.945076,-0.811453,2.42494,5.18675,0.265035,89.0102,-4.43819,2.66501,114.505,-10.9289,-10.5186,26.1213
-9.23604,-7.74394,16.6312,5.80316,-0.699357,78.8026,-4.28119,2.28159,91.2351,-5.55483,-10.5259,38.6401
-21.3083,-16.8078,37.3094,5.87142,-0.521823,79.5923,-3.88122,2.34674,91.0671,-4.0356,-12.1898,52.419
-15.6243,-9.40327,47.759,5.30963,-2.26734,63.4048,-5.46898,-0.32053,52.9157,-1.74956,-12.1308,68.9105
-11.7647,-2.66154,65.5128,5.07081,-0.931099,59.3982,-5.1486,0.557487,53.3309,-1.81318,-11.903,71.1719
-1.82519,2.25882,63.2695,4.2254,-3.20633,41.7298,-4.5134,-2.81048,10.9479,-1.49156,-12.4453,112.842
-1.47002,2.45142,63.2505,4.48933,-3.04194,39.2535,-1.90934,-1.06117,5.65047,-1.23529,-11.9703,113.077
2.02033,3.42514,72.0255,3.76639,-3.83832,35.553,-0.866212,-0.59401,2.42423,1.34211,-8.83127,127.754
1.89496,3.28194,72.7021,3.50987,-3.98484,34.4218,-0.320325,-0.215641,1.25138,1.43405,-8.11207,127.347
3.27456,4.4576,80.4834,1.82244,-3.60905,31.4303,-0.176558,-0.119625,0.796495,3.28685,-4.44083,122.154
3.13374,4.41586,80.6759,1.33348,-3.73627,30.4559,-0.0979394,-0.0649668,0.579503,3.30043,-3.98235,122.207
3.27071,5.70011,86.4419,-0.421197,-3.86887,27.0502,-0.065975,-0.0432884,0.456955,3.84637,-2.19348,116.418
3.25539,5.73995,86.4534,-0.936312,-4.00676,25.361,-0.0440733,-0.0287184,0.382002,3.97884,-1.93444,116.782
2.97721,6.61661,91.0495,-2.66682,-4.73514,21.3844,-0.0319995,-0.0209551,0.333605,4.15008,-1.35979,116.892
3.08767,6.7011,90.9509,-3.08143,-4.8042,19.0189,-0.0234517,-0.0156023,0.30023,4.45493,-1.1525,117.14
2.80247,6.98267,95.8316,-4.65513,-5.43301,14.5479,-0.0180636,-0.0125738,0.279076,4.73553,-0.566718,121.239
3.1058,7.06938,95.3687,-3.94822,-4.60787,11.8102,-0.0143242,-0.0104556,0.263346,5.2037,-0.269302,121.01
3.10814,6.5995,100.298,-4.01698,-4.20864,9.31099,-0.0119812,-0.00970505,0.256028,5.27768,0.956779,125.453
3.23648,6.6719,100.387,-2.06493,-2.14392,5.29061,-0.0105369,-0.009039,0.249595,5.62216,1.357,124.621
3.78059,5.54396,103.1,-1.53339,-1.49437,3.67894,-0.0095815,-0.00955548,0.250984,3.53494,2.10776,123.857
4.03667,5.66055,102.769,-0.751735,-0.721038,2.13091,-0.00921467,-0.00977908,0.252165,3.93803,2.4666,123.402
4.74192,4.58131,100.099,-0.501305,-0.470067,1.50405,-0.00881688,-0.0114625,0.264139,2.13072,1.89924,122.666
4.94011,4.76568,99.931,-0.299254,-0.276129,1.07057,-0.00931071,-0.0126105,0.27552,2.6216,2.16929,122.399
5.17639,3.93715,93.4387,-0.213079,-0.195676,0.854469,-0.00940296,-0.0160117,0.303304,1.76674,0.862785,121.11
5.24205,4.16108,93.8519,-0.151421,-0.136737,0.704588,-0.0110476,-0.018879,0.332575,2.31611,1.01824,121.099
4.76243,3.72433,87.4354,-0.12169,-0.108334,0.628427,-0.0116977,-0.0268275,0.395286,1.95396,-0.639734,118.567
4.75159,3.97037,88.2354,-0.100073,-0.086725,0.568934,-0.0161251,-0.0363736,0.474491,2.56352,-0.599811,119.04
3.60373,3.69737,83.8432,-0.0924958,-0.0760303,0.564506,-0.0186191,-0.0611374,0.636651,1.84054,-2.13147,119.297
3.61737,3.91268,84.8044,-0.0920549,-0.0720023,0.569733,-0.0338858,-0.113064,0.913009,2.52808,-2.13206,120.045
3.1502,5.10789,84.9523,-0.112058,-0.0771376,0.667077,-0.0412273,-0.325308,1.71334,1.68075,-2.98195,121.216
3.22517,5.31452,85.5036,-0.158739,-0.10308,0.82171,-0.55828,-3.06302,6.98764,2.34033,-2.85558,122.059
2.83134,7.47172,86.5376,-0.375258,-0.192397,1.40672,-10.9783,-17.8556,44.1569,1.03804,-2.75471,117.058
2.88208,7.5799,86.8376,-2.74253,-1.36627,5.38877,-10.1594,-7.68412,43.4996,1.47026,-2.45217,117.468
1.83331,8.97491,79.6728,-26.5756,-17.969,46.3253,-6.86032,-5.11837,51.6483,0.384645,-1.46492,98.3766
1.96374,8.92204,79.1114,-11.1972,-15.2568,47.0567,-8.9235,-6.54147,60.6317,0.158755,-0.893942,96.742
0.609475,8.39793,62.004,-2.47166,-6.64524,55.9525,-5.77214,-4.43302,71.1219,-1.56157,-1.1907,61.6848
0.935105,8.1707,57.0273,-1.88765,-6.64642,60.3777,-5.53341,-4.37624,72.3563,-0.985875,-0.757357,60.5545
-0.223077,6.92173,43.5374,0.108789,0.785057,65.957,-1.05044,0.17884,94.006,-4.52652,-4.26579,14.4022
-0.37313,6.90618,40.5985,-0.0129405,0.600212,67.5716,-0.899871,0.462615,94.4286,-2.64956,-2.29077,8.90176
-1.52855,6.16232,38.1308,0.439569,4.69216,69.9132,2.85813,5.31861,105.681,-1.58006,-1.66694,4.34523
-1.93754,5.81068,37.2249,0.284439,4.33029,70.9097,3.25189,5.2622,105.543,-0.554295,-0.606489,2.06095
-2.38367,4.96961,38.9538,0.0558251,3.05746,73.1747,3.82559,8.6537,106.89,-0.31364,-0.345666,1.30877
-2.76376,4.38147,38.4326,-0.0555862,2.69895,73.9755,4.08975,8.66665,107.08,-0.17953,-0.198504,0.935292
-3.67904,2.09875,33.2438,0.0160514,-0.228836,78.2858,3.52867,9.98663,107.204,-0.126399,-0.137857,0.743288
-4.06548,1.54965,30.7494,0.0222733,-0.494061,78.9931,3.72299,10.0433,107.736,-0.0904799,-0.0969252,0.6231
-6.09479,-3.30175,17.5278,0.787281,-2.83006,86.2397,3.31298,9.48285,110.141,-0.0723215,-0.0767624,0.550505
-5.24342,-2.84224,13.8541,0.773706,-2.95088,87.2296,3.47353,9.61505,110.719,-0.0581779,-0.0607477,0.496925
-5.63754,-4.69159,11.4399,1.73861,-3.59491,95.5973,2.90745,8.06836,114.935,-0.0507116,-0.0522834,0.467462
-2.58791,-2.16812,5.90241,1.71676,-3.45389,96.4177,3.10848,8.30289,115.215,-0.0448061,-0.0450592,0.44224
-2.16568,-1.97381,4.70081,2.28848,-3.15478,104.648,1.79326,6.06805,119.512,-0.0420592,-0.0411572,0.435382
-1.01024,-0.935878,2.58854,2.36279,-2.76068,104.831,2.08069,6.4209,119.519,-0.0401982,-0.0379686,0.42946
-0.776045,-0.728963,2.04126,2.19597,-1.53367,106.556,0.361374,4.35705,123.598,-0.0413906,-0.035658,0.447825
-0.51448,-0.492194,1.5343,2.41805,-1.25169,106.78,0.670175,4.79367,123.345,-0.0436163,-0.0359697,0.467171
-0.432275,-0.412094,1.33169,2.47723,0.176865,103.826,-0.906259,2.99554,124.253,-0.0510429,-0.0364275,0.522892
-0.335903,-0.322161,1.13284,2.76953,0.384356,104.086,-0.627822,3.50356,124.134,-0.0613759,-0.0415615,0.58752
-0.300594,-0.284402,1.05368,2.89162,0.955332,99.5504,-2.02198,2.00186,122.632,-0.0871867,-0.0479939,0.7321
-0.263502,-0.248504,0.974224,3.23845,1.08126,99.8739,-1.78211,2.54742,122.899,-0.134631,-0.0697509,0.945177
-0.260216,-0.243609,1.00605,3.63567,0.762891,94.8382,-2.90852,2.00035,120.684,-0.285928,-0.113007,1.4871
-0.288119,-0.267546,1.0842,4.00212,0.803734,95.3458,-2.69225,2.54148,121.297,-0.994264,-0.391338,3.14
-0.419624,-0.392442,1.48288,4.77172,0.302622,88.8469,-2.92353,2.94635,113.336,-8.89216,-4.53238,17.1092
-1.07171,-0.977021,2.81426,5.13047,0.217682,89.8394,-2.56899,3.21729,114.431,-10.221,-10.672,29.6942
-10.8417,-9.64983,20.2034,5.71522,-0.463089,79.4801,-2.82641,2.77293,91.4558,-3.33399,-9.26081,39.7593
-19.4627,-15.8316,37.3176,5.78954,-0.350008,80.3028,-2.50711,2.86019,91.4237,-2.72018,-10.4737,48.9887
-11.7823,-5.43691,54.9291,5.03312,-1.76428,61.9831,-4.69034,0.103189,51.4993,-0.904857,-11.1213,70.5005
-8.12597,-0.732805,59.5534,5.06706,-0.880812,58.564,-4.32653,0.781989,51.8873,-1.11324,-11.277,73.5323
-0.343596,2.93753,62.6316,4.25363,-3.20023,41.5439,-4.4456,-2.86733,10.6617,-0.132115,-11.1518,113.619
-0.324949,2.92514,63.6974,4.47688,-3.0088,39.082,-1.78344,-1.04002,5.24864,0.107243,-10.6704,113.785
3.22858,4.01556,72.5396,3.69511,-3.80909,35.3577,-0.815138,-0.570065,2.29499,2.81496,-7.28627,127.458
3.07132,3.86424,73.1319,3.40715,-3.97883,34.355,-0.307605,-0.209948,1.22406,2.84607,-6.51683,126.77
4.4742,5.1247,81.0713,1.67766,-3.5691,31.5255,-0.178063,-0.122128,0.802558,4.61457,-3.03883,121.333
4.35607,5.09418,81.2431,1.18341,-3.69181,30.5284,-0.101321,-0.0681298,0.591648,4.65674,-2.60074,121.463
4.64593,6.48474,86.8421,-0.500513,-3.84136,27.1351,-0.0693095,-0.0461496,0.470324,5.19512,-0.910292,116.12
4.6505,6.53668,86.8612,-1.01309,-3.97885,25.3398,-0.0468712,-0.0309916,0.395156,5.36793,-0.641274,116.474
4.51781,7.44628,91.5467,-2.77771,-4.74586,20.8922,-0.0343852,-0.0228593,0.346499,5.57422,-0.00531939,117.048
4.63705,7.5439,91.4978,-3.17716,-4.78006,18.1737,-0.0254766,-0.0171865,0.31279,5.91533,0.223491,117.264
4.49003,7.85696,96.4523,-4.53903,-5.3209,13.82,-0.0198163,-0.013966,0.291739,6.26715,0.921053,121.442
4.84941,7.96633,95.8275,-3.73417,-4.45604,11.2043,-0.0158761,-0.0116645,0.275736,6.78517,1.27324,121.08
4.8838,7.3697,101.197,-3.64483,-3.90619,8.66516,-0.0133119,-0.0107905,0.268715,6.38799,2.48999,124.473
5.07815,7.48129,101.294,-1.89186,-2.02119,5.02066,-0.0117736,-0.0100662,0.26264,6.76926,2.91388,123.727
5.75157,6.51034,103.56,-1.42431,-1.43177,3.53881,-0.0107204,-0.0105583,0.264944,4.71104,3.66815,122.826
6.06958,6.67373,103.289,-0.720553,-0.716464,2.1185,-0.0103839,-0.01079,0.26669,5.17012,4.05794,122.446
6.7736,5.71208,100.756,-0.491834,-0.479211,1.52504,-0.00990412,-0.0124528,0.279873,3.66038,3.51792,122.411
7.05185,5.95114,100.611,-0.299175,-0.288295,1.10578,-0.0105077,-0.0135999,0.291623,4.2179,3.85179,122.146
7.20118,5.11439,94.2035,-0.217047,-0.209004,0.896295,-0.0104382,-0.0168335,0.320395,3.64812,2.58597,121.443
7.38502,5.39065,94.531,-0.156913,-0.149644,0.749172,-0.0121459,-0.0198333,0.351473,4.25965,2.84487,121.359
6.88488,4.99031,88.0617,-0.128055,-0.121656,0.67792,-0.0125296,-0.0274002,0.417196,4.11764,1.28705,118.895
7.02038,5.2959,88.7528,-0.107681,-0.100518,0.625478,-0.0170133,-0.036938,0.500988,4.81369,1.46078,119.264
5.89223,5.10227,84.5359,-0.101318,-0.0913054,0.636938,-0.018431,-0.0587039,0.663507,4.3268,0.0780243,119.327
6.06242,5.35736,85.341,-0.104237,-0.0902041,0.663841,-0.0313842,-0.0964254,0.899715,5.11474,0.181596,120.15
-1.59397,-1.34579,3.61538,6.34439,1.26266,83.2066,-3.14923,3.51368,121.53,-9.74655,-5.69836,19.9003
-4.06228,-3.25451,7.75219,6.61179,-1.45084,84.5706,-2.28876,3.54419,94.0524,-10.5496,-12.9954,46.327
-5.99799,-4.62658,10.8445,7.43093,-0.832751,81.0065,-1.8401,3.09583,94.7892,-6.44049,-14.5479,60.1554
-12.4581,-9.80866,22.4873,6.33799,-2.37434,61.7479,-4.88985,-0.0144095,54.907,-2.28682,-12.491,74.9973
-22.8911,-15.6958,61.0348,5.75005,-0.405336,56.6901,-4.48933,1.30774,55.0135,-1.8709,-11.7498,76.5926
-9.94104,-3.75983,87.9003,3.91025,-2.27191,38.6729,-5.4087,-3.26371,12.0526,0.0982922,-10.5083,116.865
-3.10849,0.501258,66.975,4.52417,-2.64226,36.9291,-2.2281,-1.23745,5.92253,0.394638,-10.0628,116.789
1.28668,2.05809,73.0754,3.757,-3.57262,33.6509,-1.02139,-0.699319,2.60829,3.70718,-6.25395,130.101
1.13414,1.96145,73.9084,3.49407,-3.73215,32.6552,-0.366701,-0.245703,1.31823,3.87362,-5.37084,129.159
2.54491,3.32826,82.0054,1.65447,-3.3865,29.5723,-0.209022,-0.140996,0.852628,5.73769,-1.79632,122.662
2.49751,3.37384,82.0971,1.18011,-3.48985,28.5545,-0.117421,-0.0776465,0.619059,5.8935,-1.264,122.652
2.75504,4.65403,87.6542,-0.562094,-3.68079,25.4345,-0.0796705,-0.0521516,0.488264,6.30231,0.270102,117.189
2.8161,4.77325,87.5869,-1.14512,-3.81807,23.414,-0.0536316,-0.03481,0.406998,6.57722,0.620876,117.418
2.56499,5.66091,92.2787,-3.01923,-4.56347,18.7875,-0.0391556,-0.0254861,0.354876,6.85936,1.23582,118.069
2.74402,5.81977,92.1116,-3.36847,-4.49661,15.8735,-0.0290113,-0.0190939,0.318611,7.28593,1.53074,118.192
2.58953,6.00153,96.562,-4.52262,-4.95269,12.579,-0.0226169,-0.0154301,0.295526,7.82276,2.44467,122.379
3.02898,6.15375,95.8213,-3.60983,-3.9934,9.9476,-0.0181638,-0.0128349,0.277746,8.41638,2.83728,121.921
3.07575,5.43102,100.564,-3.64094,-3.66291,8.18107,-0.0153276,-0.0118187,0.269425,8.14721,4.17908,124.819
3.33256,5.57676,100.515,-1.89374,-1.88932,4.71187,-0.0136103,-0.0110193,0.262336,8.59471,4.62203,124.065
3.97519,4.51358,102.566,-1.47898,-1.39312,3.46158,-0.0125816,-0.0115667,0.263913,6.69623,5.2943,123.733
4.31652,4.70764,102.195,-0.762055,-0.706288,2.07566,-0.0123017,-0.0118567,0.265083,7.21324,5.70387,123.293
4.97992,3.7434,99.32,-0.524132,-0.476465,1.50562,-0.0121862,-0.0137947,0.277637,5.83517,5.19653,123.456
5.2492,3.995,99.1645,-0.321693,-0.288075,1.0864,-0.0131121,-0.0152018,0.289284,6.44149,5.535,123.137
5.48223,3.25158,92.7323,-0.233422,-0.20842,0.875347,-0.0141253,-0.0194592,0.319095,5.88668,4.27432,122.222
5.62469,3.54384,93.1217,-0.168204,-0.147935,0.723811,-0.0171123,-0.0232683,0.350508,6.56998,4.51537,122.171
5.23149,3.20519,86.4743,-0.136674,-0.118849,0.647374,-0.0208297,-0.0339865,0.419378,6.23462,2.93432,119.454
5.30452,3.52062,87.2748,-0.113513,-0.0963661,0.586413,-0.0304664,-0.0477439,0.508116,7.012,3.0757,119.938
4.28573,3.46829,83.1386,-0.106312,-0.0860717,0.583285,-0.046798,-0.0854425,0.695271,6.4441,1.74723,120.223
4.39315,3.75181,84.0898,-0.10723,-0.0830907,0.590316,-0.0999137,-0.174435,1.04131,7.32645,1.86592,120.978
4.03954,5.11015,84.4454,-0.134065,-0.0929722,0.695701,-0.336066,-0.677876,2.31735,6.73295,1.1957,121.886
4.26192,5.38241,84.7553,-0.19546,-0.128525,0.867158,-7.52398,-11.199,19.9783,7.49566,1.61413,122.54
4.00738,7.66259,85.9008,-0.497514,-0.27378,1.55321,-18.0919,-18.8787,44.8007,6.40328,1.55612,117.468
4.13123,7.8736,86.0132,-4.71735,-2.6278,8.1453,-12.6611,-9.39748,44.8995,6.90962,2.09467,117.441
2.99825,9.32041,78.7625,-28.5724,-20.0942,47.4859,-10.6042,-7.34739,56.5,4.7308,2.50412,96.9767
3.05475,9.46053,78.689,-14.7325,-15.5589,40.04,-12.0233,-8.24602,62.5067,4.65243,3.02349,95.4965
1.98525,8.9853,62.1145,-5.51221,-10.0397,59.3946,-8.84027,-5.9171,71.3956,1.17571,1.3394,61.7886
2.32419,8.8035,57.3177,-3.45945,-8.97167,63.5738,-8.49727,-5.81679,72.6061,1.89041,1.85152,60.854
0.730442,7.37075,43.2795,-0.818041,-0.431327,66.3296,-4.28072,-1.61104,94.6604,-4.86035,-4.15528,14.7531
0.570365,7.32234,39.9269,-0.722892,-0.38207,67.4514,-3.91933,-1.25318,95.1314,-2.94039,-2.31782,9.11481
-0.734524,6.47124,37.0632,-0.162388,3.83968,69.8117,-0.106973,3.383,106.657,-2.27313,-2.22964,5.43886
-1.15372,6.16291,36.146,-0.257648,3.55649,70.7523,0.432057,3.42742,106.449,-0.779259,-0.792982,2.42575
-1.61378,5.38382,37.8588,-0.501788,2.33373,73.2425,1.13375,6.83212,107.938,-0.458036,-0.470264,1.55455
-2.00061,4.82824,37.4788,-0.550069,2.05679,73.9662,1.50911,6.93639,108.082,-0.261938,-0.26981,1.08471
-3.06444,2.49562,32.3099,-0.416858,-0.777935,78.4769,1.14127,8.28064,108.35,-0.185246,-0.188538,0.855918
-3.56127,1.8321,29.2462,-0.336815,-1.03497,79.2373,1.43163,8.39709,108.821,-0.132546,-0.132798,0.709138
-5.8842,-3.32789,16.059,0.523623,-3.45781,86.7596,0.998558,7.99454,110.721,-0.105703,-0.105268,0.622606
-4.80024,-2.72956,12.0821,0.587679,-3.48737,87.6425,1.25214,8.214,111.242,-0.0846855,-0.0832246,0.557011
-5.39598,-4.38457,10.7572,1.64369,-3.96443,95.4455,0.72488,6.90878,115.134,-0.0730492,-0.0712312,0.519897
-2.63134,-2.13631,5.81124,1.70463,-3.68787,96.0857,1.01791,7.25311,115.368,-0.0637408,-0.060805,0.48681
-2.45798,-2.16555,5.10288,2.3386,-3.35636,104.028,-0.298499,5.15866,119.245,-0.0585692,-0.0549823,0.474702
-1.20735,-1.0757,2.85837,2.47031,-2.96846,104.418,0.0397962,5.54953,119.301,-0.0552511,-0.0505333,0.464811
-0.939607,-0.846486,2.27219,2.32022,-1.66432,106.335,-1.65786,3.46835,123.349,-0.0560896,-0.0477698,0.481548
-0.621521,-0.566715,1.68204,2.60807,-1.32171,106.479,-1.26842,3.96689,123.089,-0.058517,-0.0481296,0.497861
-0.528638,-0.47944,1.46776,2.57648,0.206763,103.399,-2.92192,2.1573,124.447,-0.0672441,-0.0496695,0.552604
-0.414171,-0.376072,1.24146,2.90075,0.444714,103.665,-2.57789,2.70347,124.293,-0.0811753,-0.0571192,0.620448
-0.370746,-0.331391,1.14711,2.91798,1.04358,99.1001,-4.13947,1.20641,123.43,-0.117078,-0.070512,0.777341
-0.318875,-0.283506,1.04123,3.30615,1.19771,99.3686,-3.8318,1.80642,123.608,-0.18478,-0.107259,1.01278
-0.307187,-0.269916,1.04945,3.68505,0.930632,94.1052,-4.83124,1.35961,121.039,-0.411848,-0.203638,1.63808
-0.324082,-0.282466,1.09622,4.08127,0.98332,94.5983,-4.56587,1.9352,121.614,-1.59696,-0.806647,3.88782
-0.442927,-0.386433,1.42772,4.83988,0.310744,88.219,-4.71995,2.30116,113.407,-11.9985,-7.47191,21.211
-1.00148,-0.856663,2.52452,5.21696,0.272771,88.9964,-4.42693,2.69535,114.502,-10.9136,-10.5126,26.1593
-9.83008,-8.19736,17.5903,5.81624,-0.659527,78.7376,-4.27347,2.32308,91.2257,-5.49648,-10.4823,38.6482
-21.1187,-16.5468,36.9906,5.90391,-0.524483,79.588,-3.87213,2.3638,91.0655,-4.00812,-12.1541,52.3485
-15.3687,-9.0884,47.5572,5.33434,-2.27067,63.4021,-5.46206,-0.314129,52.9125,-1.73573,-12.1163,68.888
-11.6434,-2.57712,65.1114,5.0973,-0.940024,59.4022,-5.14353,0.563143,53.3264,-1.80284,-11.8992,71.1715
-1.82191,2.26334,63.2104,4.2404,-3.20646,41.7217,-4.50923,-2.81175,10.9385,-1.47282,-12.4338,112.84
-1.4826,2.44492,63.2494,4.50265,-3.04024,39.2422,-1.90534,-1.06053,5.64144,-1.21765,-11.9573,113.073
2.00735,3.41823,72.0188,3.77821,-3.83717,35.5434,-0.865128,-0.593853,2.42231,1.36077,-8.81536,127.747
1.88236,3.27501,72.6938,3.52147,-3.98426,34.4136,-0.320097,-0.215699,1.25089,1.45209,-8.09606,127.34
3.26063,4.44989,80.475,1.83284,-3.6087,31.4233,-0.176489,-0.119694,0.796357,3.30337,-4.42479,122.147
3.11974,4.40781,80.6684,1.34372,-3.73626,30.4502,-0.0979189,-0.0650176,0.579469,3.31669,-3.96617,122.2
3.2558,5.6913,86.4343,-0.412218,-3.86904,27.0457,-0.0659703,-0.0433292,0.456968,3.86145,-2.17771,116.411
3.24065,5.73089,86.4463,-0.92781,-4.00724,25.3568,-0.0440747,-0.0287497,0.382037,3.99383,-1.91852,116.775
2.96175,6.60676,91.0427,-2.66027,-4.73578,21.379,-0.0320033,-0.0209807,0.333654,4.1649,-1.34373,116.885
3.07231,6.69103,90.9451,-3.07614,-4.80458,19.0095,-0.0234565,-0.0156236,0.300289,4.46962,-1.13635,117.133
2.78628,6.97146,95.8271,-4.65158,-5.43115,14.5364,-0.0180687,-0.0125923,0.279144,4.75064,-0.550068,121.232
3.0897,7.05784,95.3657,-3.94222,-4.60122,11.7903,-0.0143296,-0.0104725,0.263424,5.2186,-0.252686,121.003
3.09189,6.58671,100.294,-4.0075,-4.19796,9.29029,-0.0119868,-0.00972144,0.256118,5.29302,0.974164,125.446
3.2217,6.65898,100.382,-2.0601,-2.13814,5.27949,-0.010543,-0.00905589,0.249697,5.63797,1.3746,124.614
3.76719,5.5308,103.091,-1.53147,-1.49193,3.67449,-0.00958791,-0.00957346,0.251105,3.55121,2.12535,123.85
4.0242,5.64762,102.759,-0.751764,-0.720723,2.1304,-0.00922222,-0.00979944,0.252306,3.9546,2.48445,123.396
4.73051,4.56891,100.088,-0.501795,-0.470288,1.50465,-0.00882536,-0.0114869,0.264317,2.14745,1.91691,122.661
4.92904,4.75344,99.9205,-0.299739,-0.276411,1.07135,-0.00932229,-0.0126415,0.275739,2.63842,2.18718,122.394
5.16649,3.9259,93.4286,-0.213542,-0.195975,0.855322,-0.00941749,-0.0160549,0.303604,1.78372,0.880518,121.105
5.23233,4.14991,93.8417,-0.151824,-0.137,0.705423,-0.011071,-0.0189414,0.33298,2.3333,1.03624,121.095
4.75364,3.71405,87.4257,-0.122079,-0.108595,0.629313,-0.0117315,-0.0269346,0.395924,1.9712,-0.622005,118.564
4.74289,3.96011,88.2256,-0.100446,-0.0869738,0.569854,-0.0161944,-0.0365669,0.475518,2.58113,-0.581729,119.038
3.5956,3.6875,83.834,-0.0929138,-0.0763038,0.565609,-0.0187475,-0.0615964,0.638716,1.85875,-2.11336,119.295
3.60923,3.90287,84.7951,-0.0925555,-0.0723238,0.571079,-0.0342847,-0.114386,0.917783,2.54666,-2.11346,120.045
3.14186,5.09819,84.9432,-0.112871,-0.0776198,0.669238,-0.0424936,-0.332727,1.73237,1.69985,-2.96295,121.216
3.21755,5.30535,85.4892,-0.160335,-0.103995,0.825567,-0.61315,-3.24621,7.27371,2.35706,-2.83262,122.056
2.82216,7.45981,86.5297,-0.382164,-0.195732,1.42025,-11.2176,-17.9409,44.6542,1.0503,-2.72977,117.044
2.87692,7.56877,86.8269,-2.88832,-1.44253,5.60637,-9.98581,-7.53544,42.9959,1.50028,-2.44082,117.478
1.83593,8.96062,79.6407,-26.783,-18.2195,46.8153,-6.81793,-5.08563,51.509,0.408472,-1.4505,98.3787
1.94879,8.91597,79.1175,-10.9932,-15.0883,46.7157,-8.9316,-6.54995,60.6529,0.170966,-0.87915,96.7423
0.598456,8.39277,62.0082,-2.42395,-6.57303,55.7391,-5.77608,-4.43688,71.129,-1.55284,-1.18232,61.6864
0.928896,8.16387,57.0212,-1.87986,-6.64141,60.3642,-5.53382,-4.37622,72.3546,-0.975936,-0.747599,60.5479
-0.226966,6.91691,43.5289,0.11228,0.786555,65.9571,-1.05313,0.181539,94.0076,-4.52552,-4.26396,14.3766
-0.377463,6.90152,40.5908,-0.00901904,0.603373,67.5649,-0.902133,0.465179,94.4275,-2.64448,-2.28751,8.87635
-1.53267,6.15718,38.1243,0.442785,4.69523,69.9059,2.85556,5.32143,105.678,-1.57708,-1.66411,4.338
-1.94177,5.80549,37.2192,0.287832,4.33291,70.9029,3.24957,5.26493,105.54,-0.553742,-0.606023,2.05905
-2.38771,4.96388,38.9479,0.0598685,3.06019,73.1673,3.82273,8.65664,106.887,-0.313441,-0.345546,1.30803
-2.76757,4.37586,38.4283,-0.0511699,2.70171,73.9678,4.08713,8.66968,107.077,-0.179461,-0.198489,0.93494
-3.68195,2.09307,33.2371,0.0217535,-0.226107,78.2777,3.52599,9.9895,107.201,-0.126367,-0.137869,0.743094
-4.06889,1.54003,30.7239,0.028592,-0.492887,78.9871,3.72048,10.0456,107.734,-0.0904668,-0.0969477,0.622985
-6.08902,-3.31277,17.4984,0.794409,-2.82934,86.2352,3.31042,9.48497,110.14,-0.0723165,-0.0767876,0.550434
-5.23279,-2.85011,13.8348,0.780434,-2.94581,87.2181,3.4709,9.61975,110.717,-0.0581791,-0.0607712,0.496883
-5.64558,-4.70593,11.4623,1.74625,-3.5822,95.5724,2.90543,8.07721,114.932,-0.0507162,-0.0523034,0.467439
-2.61974,-2.19728,5.9616,1.72605,-3.43485,96.3803,3.107,8.31592,115.214,-0.0448123,-0.0450747,0.442239
-2.21299,-2.01814,4.78514,2.29899,-3.13736,104.613,1.79245,6.08038,119.513,-0.0420674,-0.041171,0.435406
-1.02972,-0.95444,2.6251,2.37308,-2.75179,104.811,2.07981,6.42872,119.52,-0.0402107,-0.0379842,0.429512
-0.791178,-0.743557,2.0698,2.20585,-1.52921,106.544,0.360949,4.36232,123.599,-0.0414112,-0.0356778,0.447917
-0.523068,-0.500642,1.55133,2.42789,-1.24993,106.774,0.669751,4.79749,123.346,-0.043647,-0.0359963,0.46731
-0.438864,-0.418534,1.34485,2.48655,0.177329,103.822,-0.906155,2.99835,124.254,-0.0510952,-0.0364655,0.523119
-0.340252,-0.326406,1.14185,2.77905,0.384174,104.082,-0.627654,3.50604,124.134,-0.0614614,-0.0416207,0.587875
-0.304063,-0.287699,1.06091,2.90069,0.954875,99.5478,-2.0214,2.00393,122.632,-0.0873652,-0.0480973,0.732761
-0.266119,-0.250927,0.979778,3.24776,1.08069,99.8709,-1.78147,2.54949,122.899,-0.135033,-0.0699781,0.946484
-0.262696,-0.245805,1.01137,3.6446,0.762553,94.8349,-2.90777,2.00237,120.684,-0.287404,-0.113686,1.49091
-0.290846,-0.269847,1.08992,4.01138,0.803415,95.3418,-2.69126,2.54343,121.296,-1.00505,-0.396409,3.16007
-0.424862,-0.396728,1.49349,4.78048,0.303211,88.8404,-2.92081,2.94689,113.331,-8.99178,-4.61252,17.2914
-1.09532,-0.99633,2.85649,5.1397,0.218112,89.8328,-2.5672,3.21874,114.429,-10.1683,-10.6709,29.6712
-11.0916,-9.83701,20.6114,5.71769,-0.44788,79.4515,-2.82701,2.78291,91.4539,-3.29647,-9.22404,39.6652
-19.4255,-15.7228,37.2981,5.79857,-0.348962,80.2945,-2.50571,2.86099,91.4225,-2.71127,-10.465,48.9597
-11.6803,-5.30039,54.8887,5.0401,-1.76556,61.9802,-4.6894,0.100797,51.4981,-0.904831,-11.1247,70.5036
-8.06887,-0.692936,59.3507,5.07667,-0.886401,58.5677,-4.32565,0.778993,51.8867,-1.11276,-11.2815,73.5343
-0.339869,2.9466,62.6056,4.25954,-3.20137,41.5415,-4.44252,-2.86769,10.6566,-0.130621,-11.1553,113.619
-0.328188,2.92903,63.6984,4.48206,-3.00886,39.0778,-1.78153,-1.03979,5.24497,0.10857,-10.6732,113.785
3.22598,4.02151,72.5361,3.70007,-3.80942,35.3542,-0.814476,-0.569954,2.29396,2.81526,-7.28842,127.457
3.06896,3.87044,73.1277,3.41207,-3.97937,34.3522,-0.307427,-0.209957,1.22373,2.846,-6.51875,126.769
4.47156,5.13208,81.067,1.68204,-3.56985,31.5232,-0.177981,-0.122145,0.802411,4.61378,-3.04004,121.331
4.3534,5.10154,81.2394,1.18775,-3.6927,30.5267,-0.101282,-0.068145,0.591571,4.65578,-2.6018,121.461
4.64306,6.49273,86.8382,-0.496579,-3.84244,27.1343,-0.0692874,-0.0461622,0.470279,5.19393,-0.911003,116.119
4.64774,6.54464,86.8577,-1.00937,-3.98016,25.3395,-0.0468583,-0.0310015,0.395128,5.36673,-0.641853,116.473
4.51485,7.45464,91.5436,-2.77504,-4.74745,20.8904,-0.0343769,-0.0228674,0.346481,5.57293,-0.00578547,117.047
4.63396,7.5522,91.4958,-3.1756,-4.78119,18.1672,-0.0254713,-0.0171931,0.312779,5.91401,0.223088,117.263
4.48695,7.86546,96.4512,-4.53684,-5.31936,13.8122,-0.0198127,-0.0139717,0.291732,6.26578,0.920634,121.441
4.84676,7.9746,95.8268,-3.73124,-4.45184,11.1941,-0.0158735,-0.0116697,0.275733,6.78411,1.27292,121.079
4.88227,7.37862,101.194,-3.64287,-3.90391,8.66082,-0.0133098,-0.0107954,0.268715,6.38706,2.48983,124.471
5.07757,7.4906,101.29,-1.89375,-2.02319,5.02409,-0.0117717,-0.0100709,0.262643,6.76891,2.91414,123.726
5.75113,6.52029,103.557,-1.42694,-1.43454,3.54371,-0.0107185,-0.0105628,0.264949,4.71037,3.66801,122.825
6.0686,6.68375,103.287,-0.721692,-0.717639,2.12069,-0.0103822,-0.0107948,0.266698,5.16913,4.05796,122.445
6.77281,5.72234,100.755,-0.492474,-0.479874,1.5263,-0.00990236,-0.0124579,0.279885,3.65946,3.51778,122.41
7.05108,5.96165,100.61,-0.299463,-0.288596,1.10637,-0.0105062,-0.0136058,0.291639,4.21704,3.85197,122.145
7.20066,5.12461,94.203,-0.217201,-0.209175,0.896635,-0.0104364,-0.0168405,0.320417,3.64769,2.58627,121.442
7.38457,5.40119,94.5304,-0.156991,-0.149739,0.749358,-0.0121444,-0.0198423,0.351503,4.25937,2.84555,121.358
6.88453,5.00036,88.0608,-0.128097,-0.12172,0.678032,-0.0125274,-0.0274127,0.417242,4.1179,1.288,118.894
7.02008,5.30632,88.7518,-0.107701,-0.100563,0.625544,-0.0170119,-0.0369577,0.501059,4.81416,1.46217,119.263
5.8919,5.11216,84.5349,-0.101326,-0.0913468,0.636986,-0.0184286,-0.0587394,0.663636,4.32792,0.0795877,119.326
6.06243,5.36757,85.3371,-0.104238,-0.0902519,0.663891,-0.0313867,-0.0964997,0.899953,5.11593,0.183953,120.148
-1.60131,-1.35182,3.6278,6.34681,1.26925,83.1863,-3.14651,3.51895,121.524,-9.74601,-5.69562,19.9017
-4.11911,-3.29916,7.84402,6.61326,-1.44308,84.5493,-2.28624,3.54955,94.048,-10.5433,-12.9912,46.3387
-6.05835,-4.67217,10.9405,7.43192,-0.827441,80.9926,-1.83832,3.09973,94.7861,-6.43536,-14.5425,60.1499
-12.4617,-9.80951,22.4916,6.34012,-2.37362,61.743,-4.88816,-0.0134184,54.9042,-2.2841,-12.4884,74.9927
-22.8644,-15.6812,60.9308,5.75378,-0.408372,56.6911,-4.48764,1.30671,55.011,-1.8695,-11.7491,76.5899
-9.9376,-3.75867,87.8824,3.91197,-2.27247,38.6703,-5.40757,-3.26354,12.0515,0.0996879,-10.5068,116.861
-3.10883,0.501314,66.9807,4.52525,-2.64195,36.925,-2.22762,-1.23743,5.92222,0.395928,-10.0614,116.786
1.28744,2.05896,73.0753,3.75803,-3.57241,33.6474,-1.02129,-0.699312,2.60823,3.70834,-6.25282,130.097
1.13486,1.96237,73.9076,3.49495,-3.73202,32.6522,-0.366676,-0.245711,1.31824,3.8746,-5.36991,129.156
2.54509,3.3291,82.0053,1.65527,-3.38646,29.5696,-0.209015,-0.141004,0.852651,5.73849,-1.79553,122.659
2.4974,3.37457,82.0973,1.18071,-3.48979,28.5516,-0.117418,-0.0776523,0.619083,5.89414,-1.26337,122.649
2.75462,4.65469,87.6547,-0.561381,-3.68078,25.4326,-0.0796705,-0.0521565,0.488287,6.30281,0.270626,117.186
2.81575,4.77381,87.5871,-1.14384,-3.81818,23.4164,-0.0536322,-0.0348141,0.407022,6.57769,0.621313,117.414
2.56464,5.66144,92.2785,-3.01765,-4.56415,18.7943,-0.0391566,-0.0254897,0.3549,6.85976,1.23621,118.065
2.74322,5.82027,92.1121,-3.3674,-4.49793,15.8791,-0.0290125,-0.0190971,0.318636,7.28603,1.531,118.189
2.58725,6.00208,96.5653,-4.52036,-4.95169,12.574,-0.0226185,-0.0154331,0.295552,7.82208,2.4447,122.376
3.02463,6.1541,95.8291,-3.60026,-3.98354,9.92356,-0.0181661,-0.0128378,0.277773,8.41456,2.83698,121.918
3.06964,5.431,100.576,-3.6168,-3.63868,8.13418,-0.0153307,-0.0118222,0.269454,8.14429,4.1785,124.815
3.32746,5.57644,100.524,-1.87593,-1.87111,4.67663,-0.013614,-0.0110234,0.262366,8.59223,4.62145,124.061
3.97251,4.51366,102.569,-1.46387,-1.37855,3.43365,-0.0125857,-0.0115717,0.263946,6.69515,5.29409,123.728
4.316,4.70805,102.192,-0.756762,-0.701161,2.06531,-0.012306,-0.0118622,0.265118,7.21364,5.70385,123.288
4.97998,3.74393,99.3158,-0.521598,-0.474,1.50061,-0.0121907,-0.0138017,0.277679,5.83606,5.1965,123.452
5.2494,3.99562,99.1599,-0.320834,-0.287179,1.08455,-0.0131174,-0.0152102,0.289335,6.44275,5.5349,123.134
5.48244,3.25224,92.7278,-0.233181,-0.208094,0.874777,-0.0141317,-0.0194715,0.319165,5.88811,4.27418,122.219
5.62474,3.54462,93.1174,-0.16828,-0.147906,0.723964,-0.0171218,-0.0232851,0.350603,6.57162,4.51516,122.168
5.23145,3.20599,86.4704,-0.136933,-0.118983,0.647997,-0.0208446,-0.0340172,0.419536,6.23636,2.93408,119.453
5.30421,3.52157,87.2714,-0.113888,-0.096601,0.587379,-0.0304977,-0.0478001,0.50839,7.01388,3.0754,119.937
4.28523,3.46928,83.1358,-0.106858,-0.0864228,0.584738,-0.0468756,-0.0855948,0.695887,6.44604,1.74689,120.222
4.39232,3.75296,84.0876,-0.107997,-0.0835944,0.592362,-0.100219,-0.174969,1.04301,7.32844,1.86555,120.977
4.03842,5.11147,84.4438,-0.135523,-0.0938675,0.699401,-0.33878,-0.683101,2.32806,6.73481,1.19546,121.886
4.26106,5.38358,84.7515,-0.198687,-0.130497,0.874505,-7.62169,-11.3152,20.1814,7.49542,1.61623,122.537
4.00554,7.66376,85.9019,-0.514552,-0.282987,1.58412,-18.0694,-18.8104,44.7748,6.40506,1.55545,117.469
4.14262,7.86929,85.9858,-5.18967,-2.91041,8.84985,-12.6165,-9.3523,44.8186,6.92106,2.09272,117.443
3.0063,9.3167,78.7365,-28.7155,-20.3623,47.8994,-10.5888,-7.33089,56.4667,4.7344,2.50516,96.9777
3.04481,9.4654,78.7057,-14.3904,-15.3261,39.6399,-12.0222,-8.24797,62.5053,4.64582,3.02308,95.4968
1.97666,8.98956,62.1327,-5.408,-9.90492,59.0805,-8.83896,-5.91898,71.3945,1.17192,1.33797,61.7886
2.32071,8.80435,57.3235,-3.44681,-8.94743,63.5245,-8.49485,-5.81576,72.6031,1.88854,1.8504,60.8533
0.728802,7.37061,43.2821,-0.817585,-0.427226,66.3363,-4.27754,-1.60949,94.6563,-4.86054,-4.15524,14.7552
0.568734,7.32209,39.931,-0.722353,-0.376989,67.4542,-3.91663,-1.252,95.1274,-2.94116,-2.31794,9.11773
-0.736099,6.47084,37.0688,-0.161972,3.84494,69.8136,-0.10442,3.38395,106.652,-2.27371,-2.23005,5.4401
-1.1553,6.16237,36.1525,-0.25781,3.56124,70.7558,0.434057,3.42803,106.445,-0.779372,-0.793003,2.42612
-1.61554,5.38308,37.8661,-0.502544,2.33796,73.248,1.13538,6.83239,107.934,-0.458091,-0.47026,1.55475
-2.00226,4.82753,37.4874,-0.551437,2.06051,73.9733,1.51028,6.93627,108.078,-0.261971,-0.269798,1.08487
-3.06559,2.4955,32.3249,-0.418945,-0.773832,78.4856,1.14202,8.28039,108.345,-0.185278,-0.18853,0.856063
-3.56298,1.83235,29.2719,-0.339626,-1.03057,79.2467,1.43196,8.39675,108.815,-0.132577,-0.13279,0.709282
-5.89074,-3.33039,16.069,0.520656,-3.45516,86.774,0.998647,7.9926,110.716,-0.105737,-0.105265,0.622759
-4.80102,-2.72976,12.0586,0.585221,-3.49329,87.6714,1.25213,8.20709,111.237,-0.0847188,-0.0832294,0.557172
-5.35109,-4.34522,10.6669,1.64058,-3.9828,95.4982,0.724413,6.89403,115.129,-0.0730853,-0.0712484,0.520069
-2.54913,-2.07077,5.66324,1.69817,-3.71717,96.1601,1.01644,7.23081,115.36,-0.0637807,-0.0608349,0.486979
-2.32934,-2.05328,4.87975,2.33189,-3.38165,104.095,-0.299807,5.13719,119.232,-0.0586131,-0.0550214,0.474866
-1.15137,-1.02621,2.75704,2.46467,-2.97593,104.454,0.0391982,5.53813,119.286,-0.0552924,-0.0505742,0.464959
-0.895298,-0.806587,2.1917,2.31611,-1.66404,106.354,-1.65808,3.46127,123.335,-0.0561306,-0.0478122,0.481689
-0.5964,-0.54373,1.63435,2.60479,-1.31678,106.489,-1.26831,3.9629,123.075,-0.0585552,-0.0481748,0.49799
-0.508654,-0.461212,1.42971,2.57408,0.212652,103.406,-2.92176,2.15448,124.433,-0.0672849,-0.0497212,0.552731
-0.400668,-0.363742,1.21503,2.89893,0.451345,103.671,-2.57757,2.70168,124.28,-0.081217,-0.0571829,0.620568
-0.359938,-0.321704,1.12589,2.91687,1.04997,99.1054,-4.13909,1.20534,123.419,-0.117129,-0.0706043,0.77746
-0.31103,-0.27654,1.02559,3.30566,1.20416,99.3739,-3.83121,1.806,123.598,-0.184827,-0.107404,1.01286
-0.300543,-0.264158,1.0361,3.68515,0.93677,94.1103,-4.83051,1.35992,121.03,-0.411819,-0.203942,1.63795
-0.318073,-0.277343,1.08438,4.08202,0.989343,94.6037,-4.56485,1.93595,121.607,-1.59519,-0.80717,3.88518
-0.435208,-0.379993,1.41308,4.84105,0.316218,88.2248,-4.71895,2.3026,113.402,-11.9815,-7.47059,21.1872
-0.983968,-0.842306,2.49454,5.21902,0.277708,89.0033,-4.4255,2.69681,114.497,-10.9153,-10.5186,26.1518
-9.77243,-8.15483,17.5009,5.81939,-0.657594,78.7482,-4.2722,2.32347,91.2232,-5.50799,-10.4939,38.6465
-21.2748,-16.6745,37.2663,5.90148,-0.509636,79.5805,-3.87127,2.37139,91.0612,-4.01244,-12.1606,52.3625
-15.3867,-9.07378,47.8086,5.33174,-2.25822,63.3953,-5.46162,-0.309234,52.9081,-1.73846,-12.1165,68.8892
-11.6102,-2.55752,65.0205,5.10076,-0.937958,59.4102,-5.14269,0.563918,53.3262,-1.80556,-11.9008,71.169
-1.81829,2.26214,63.1765,4.2423,-3.20442,41.7268,-4.51082,-2.81273,10.9419,-1.476,-12.4353,112.837
-1.48874,2.43773,63.252,4.50411,-3.0369,39.2448,-1.90654,-1.06113,5.64403,-1.22027,-11.9582,113.071
2.00007,3.40982,72.0228,3.77966,-3.83385,35.545,-0.865707,-0.59429,2.4234,1.35808,-8.81586,127.746
1.87581,3.26708,72.6959,3.52309,-3.98087,34.4149,-0.320271,-0.215834,1.25128,1.4497,-8.09619,127.339
3.25372,4.44143,80.4768,1.83445,-3.60554,31.4244,-0.17658,-0.119768,0.796575,3.30129,-4.42443,122.146
3.11322,4.39965,80.6697,1.34545,-3.73306,30.4511,-0.0979665,-0.0650569,0.579608,3.31488,-3.96549,122.199
3.2491,5.68278,86.4354,-0.410593,-3.86624,27.0466,-0.0660021,-0.0433562,0.457073,3.85994,-2.17669,116.41
3.23428,5.72265,86.4471,-0.926178,-4.00456,25.3572,-0.0440961,-0.0287683,0.382121,3.99256,-1.91721,116.774
2.9552,6.5983,91.0435,-2.6591,-4.73369,21.3775,-0.0320192,-0.0209949,0.333728,4.16381,-1.34215,116.884
3.06594,6.68285,90.9458,-3.07521,-4.80262,19.0058,-0.0234685,-0.0156348,0.300356,4.46873,-1.13453,117.132
2.77993,6.96299,95.8271,-4.65082,-5.42999,14.5338,-0.0180783,-0.0126017,0.279209,4.75,-0.547906,121.231
3.08388,7.04967,95.3649,-3.94179,-4.60058,11.7889,-0.0143375,-0.0104808,0.263487,5.21832,-0.250246,121.002
3.08639,6.57823,100.292,-4.00932,-4.19994,9.29379,-0.0119936,-0.0097292,0.256183,5.29316,0.976979,125.445
3.21661,6.65071,100.379,-2.06201,-2.14014,5.2832,-0.0105493,-0.00906365,0.249764,5.63843,1.37762,124.613
3.76218,5.52234,103.088,-1.53388,-1.49428,3.67892,-0.00959376,-0.00958174,0.25118,3.55185,2.12851,123.849
4.01934,5.63932,102.756,-0.752975,-0.721874,2.13273,-0.00922827,-0.00980878,0.252389,3.95536,2.48777,123.395
4.72596,4.56091,100.085,-0.50272,-0.471145,1.50645,-0.00883145,-0.0114982,0.264416,2.14831,1.92032,122.66
4.92459,4.74555,99.917,-0.300303,-0.27692,1.07253,-0.00932971,-0.0126559,0.275857,2.63938,2.19072,122.394
5.16247,3.91863,93.4251,-0.213973,-0.19636,0.856278,-0.00942591,-0.0160751,0.303759,1.78475,0.884092,121.105
5.22833,4.14265,93.8382,-0.152147,-0.137283,0.706201,-0.0110836,-0.0189705,0.333185,2.3344,1.03993,121.095
4.74998,3.70737,87.4224,-0.122362,-0.108837,0.63004,-0.0117482,-0.026985,0.396241,1.97233,-0.618339,118.564
4.73919,3.9534,88.2222,-0.100698,-0.0871843,0.570541,-0.0162273,-0.0366579,0.476019,2.58232,-0.577953,119.037
3.59206,3.68116,83.8308,-0.093179,-0.0765142,0.566369,-0.0188058,-0.061813,0.639706,1.85993,-2.10954,119.295
3.60561,3.89646,84.7919,-0.0928585,-0.0725548,0.571951,-0.0344664,-0.115009,0.920046,2.54785,-2.10952,120.045
3.13813,5.09182,84.9403,-0.113343,-0.0779415,0.670562,-0.0430636,-0.33625,1.74136,1.70087,-2.95883,121.216
3.21412,5.29908,85.4838,-0.161238,-0.104577,0.827834,-0.639782,-3.33412,7.41045,2.35681,-2.82681,122.055
2.81806,7.45214,86.5274,-0.386006,-0.197751,1.42793,-11.3216,-17.9734,44.8685,1.0483,-2.72317,117.037
2.87511,7.56108,86.8224,-2.97072,-1.48716,5.73008,-9.90657,-7.46726,42.7669,1.5063,-2.44039,117.482
1.83791,8.95149,79.6256,-26.8818,-18.3548,47.067,-6.79816,-5.0698,51.4467,0.412484,-1.44764,98.3787
1.94131,8.91099,79.1236,-10.884,-14.997,46.5325,-8.93462,-6.55357,60.663,0.169093,-0.876508,96.7412
0.592944,8.38877,62.0131,-2.39926,-6.53244,55.6275,-5.77687,-4.43848,71.1322,-1.5537,-1.18089,61.6849
0.925751,8.15893,57.0208,-1.87696,-6.63647,60.3596,-5.533,-4.37595,72.3533,-0.975964,-0.746144,60.5476
-0.22916,6.91299,43.5282,0.11288,0.788569,65.9602,-1.05199,0.181903,94.0052,-4.52574,-4.2647,14.3827
-0.379528,6.89778,40.5905,-0.007787,0.606539,67.5643,-0.90127,0.465422,94.4258,-2.64587,-2.28855,8.88283
-1.53456,6.15359,38.1242,0.444036,4.6987,69.9047,2.85618,5.32187,105.677,-1.57826,-1.66547,4.34081
-1.94359,5.80188,37.219,0.289002,4.33629,70.902,3.25,5.26534,105.538,-0.554026,-0.606368,2.05993
-2.38967,4.9599,38.9478,0.0610092,3.06338,73.1669,3.82295,8.65698,106.885,-0.313587,-0.345723,1.30849
-2.76949,4.37185,38.4281,-0.0501286,2.70472,73.9677,4.0872,8.66993,107.076,-0.179536,-0.198578,0.935221
-3.68353,2.08957,33.2378,0.0228393,-0.223119,78.278,3.52589,9.98963,107.2,-0.12642,-0.137929,0.743302
-4.07023,1.53687,30.7271,0.0295377,-0.489886,78.9874,3.72024,10.0457,107.733,-0.090505,-0.0969881,0.623151
-6.08985,-3.31402,17.5012,0.795463,-2.82633,86.2361,3.31009,9.48482,110.138,-0.0723484,-0.0768197,0.550579
-5.23328,-2.85102,13.8322,0.78164,-2.94421,87.2211,3.47052,9.61879,110.716,-0.0582058,-0.0607975,0.497014
-5.63893,-4.69962,11.4482,1.74772,-3.5826,95.5791,2.90505,8.0748,114.931,-0.0507407,-0.0523282,0.467565
-2.60711,-2.18661,5.93824,1.72703,-3.43715,96.3906,3.10641,8.31228,115.212,-0.0448354,-0.0450988,0.442359
-2.1951,-2.00176,4.75336,2.3,-3.13875,104.622,1.79184,6.07686,119.51,-0.0420907,-0.0411956,0.435526
-1.0227,-0.947877,2.61188,2.37418,-2.75038,104.815,2.07917,6.42682,119.517,-0.040234,-0.0380087,0.429632
-0.785763,-0.738397,2.05956,2.20709,-1.52681,106.546,0.360293,4.36084,123.596,-0.0414366,-0.0357029,0.448047
-0.520008,-0.497656,1.54524,2.4292,-1.24706,106.775,0.66906,4.79634,123.343,-0.0436756,-0.0360244,0.467453
-0.436497,-0.416227,1.34011,2.48784,0.180182,103.823,-0.906877,2.99724,124.252,-0.0511324,-0.0364985,0.523296
-0.33868,-0.324862,1.13859,2.7804,0.387014,104.082,-0.628421,3.505,124.132,-0.0615118,-0.0416651,0.588097
-0.302819,-0.286494,1.05832,2.90199,0.957536,99.5478,-2.02218,2.0029,122.63,-0.0874526,-0.0481643,0.733101
-0.265204,-0.250041,0.977842,3.24913,1.08327,99.871,-1.7823,2.54849,122.897,-0.135203,-0.0701057,0.947048
-0.261915,-0.245057,1.00971,3.64594,0.764985,94.835,-2.90862,2.00142,120.682,-0.287944,-0.11402,1.4923
-0.290132,-0.269162,1.08846,4.0128,0.805767,95.3419,-2.69209,2.54242,121.294,-1.00849,-0.398417,3.16649
-0.423992,-0.395882,1.49182,4.78182,0.305467,88.84,-2.92108,2.94552,113.329,-9.01894,-4.63879,17.3427
-1.094,-0.994942,2.85426,5.14132,0.219891,89.8333,-2.56787,3.21742,114.428,-10.1516,-10.6702,29.656
-11.1077,-9.84777,20.6378,5.71869,-0.445192,79.4504,-2.828,2.78278,91.4532,-3.28773,-9.21537,39.6362
-19.446,-15.73,37.3477,5.7991,-0.345461,80.2922,-2.50647,2.86086,91.4211,-2.7093,-10.4635,48.9549
-11.6693,-5.28067,54.9248,5.04056,-1.76322,61.979,-4.68967,0.100332,51.4968,-0.904593,-11.1248,70.5049
-8.0564,-0.685537,59.3085,5.07846,-0.886446,58.5699,-4.32594,0.777642,51.8865,-1.11238,-11.2817,73.5339
-0.33862,2.94732,62.5993,4.26043,-3.20079,41.5422,-4.44269,-2.868,10.6573,-0.129775,-11.1549,113.618
-0.328871,2.92833,63.6997,4.4828,-3.00797,39.0779,-1.7817,-1.03996,5.24548,0.109453,-10.6728,113.784
3.22539,4.02095,72.5367,3.70081,-3.80863,35.3543,-0.814514,-0.570022,2.29409,2.81607,-7.28785,127.456
3.06855,3.86997,73.1278,3.41282,-3.97856,34.3521,-0.307433,-0.209977,1.22378,2.8468,-6.51821,126.768
4.47106,5.13162,81.0671,1.68274,-3.56921,31.5232,-0.177983,-0.122154,0.802432,4.61438,-3.03943,121.331
4.35297,5.10108,81.2394,1.18844,-3.69206,30.5267,-0.101282,-0.06815,0.591584,4.65639,-2.6012,121.461
4.64255,6.49223,86.8383,-0.49594,-3.84197,27.1343,-0.069287,-0.0461655,0.470287,5.19444,-0.910413,116.118
4.64726,6.54412,86.8578,-1.00875,-3.97975,25.3394,-0.0468579,-0.0310036,0.395135,5.36726,-0.641286,116.473
4.51432,7.45405,91.5437,-2.7745,-4.74728,20.8899,-0.0343766,-0.0228689,0.346487,5.57344,-0.00523733,117.047
4.63345,7.5516,91.4959,-3.17507,-4.78115,18.1666,-0.0254711,-0.0171942,0.312784,5.91453,0.223621,117.262
4.48646,7.86482,96.4512,-4.53637,-5.3196,13.8119,-0.0198125,-0.0139726,0.291737,6.26632,0.921176,121.44
4.84628,7.97399,95.8268,-3.73077,-4.45208,11.1937,-0.0158734,-0.0116705,0.275738,6.78466,1.27345,121.078
4.88181,7.37793,101.194,-3.64234,-3.9039,8.66018,-0.0133096,-0.0107961,0.26872,6.3876,2.4903,124.471
5.07712,7.48985,101.29,-1.89313,-2.02277,5.023,-0.0117716,-0.0100716,0.262648,6.76945,2.91456,123.725
5.75084,6.51951,103.557,-1.42642,-1.43417,3.54282,-0.0107183,-0.0105636,0.264954,4.71094,3.66832,122.824
6.06843,6.68295,103.287,-0.721481,-0.717503,2.1203,-0.010382,-0.0107955,0.266704,5.16977,4.05825,122.445
6.77273,5.72155,100.755,-0.492358,-0.479808,1.52608,-0.00990202,-0.0124588,0.279892,3.66015,3.51796,122.41
7.05102,5.96082,100.61,-0.299407,-0.28857,1.10626,-0.0105059,-0.0136069,0.291647,4.21776,3.85213,122.145
7.20066,5.12382,94.2028,-0.217167,-0.209161,0.896562,-0.0104358,-0.016842,0.320427,3.64849,2.58635,121.442
7.38458,5.40035,94.5302,-0.15697,-0.149732,0.749308,-0.0121438,-0.0198443,0.351516,4.26019,2.84561,121.357
6.88455,4.99953,88.0607,-0.12808,-0.121715,0.677991,-0.0125263,-0.0274158,0.417261,4.1188,1.28801,118.894
7.02011,5.30543,88.7517,-0.107688,-0.100559,0.625509,-0.0170109,-0.0369626,0.501088,4.8151,1.46214,119.262
5.89195,5.11122,84.5349,-0.101312,-0.0913423,0.636949,-0.0184266,-0.0587494,0.663687,4.32896,0.0794562,119.325
6.06247,5.36658,85.3373,-0.104222,-0.0902459,0.663849,-0.0313861,-0.0965216,0.900049,5.11699,0.183858,120.147
-1.59801,-1.34909,3.62213,6.34704,1.26681,83.1952,-3.14642,3.51762,121.524,-9.74529,-5.69529,19.9012
-4.09223,-3.27793,7.80022,6.61399,-1.44616,84.5587,-2.28601,3.54799,94.0475,-10.5421,-12.9913,46.3386
-6.02577,-4.6473,10.8878,7.43301,-0.829687,80.9991,-1.83793,3.09882,94.7857,-6.43466,-14.5416,60.1463
-12.4487,-9.7997,22.4662,6.34086,-2.37438,61.7464,-4.88782,-0.0133897,54.9038,-2.28329,-12.4873,74.9898
-22.8892,-15.7077,60.9204,5.75428,-0.408226,56.6931,-4.48746,1.3075,55.0109,-1.86842,-11.748,76.588
-9.95692,-3.77123,87.9272,3.91146,-2.27079,38.6697,-5.40739,-3.2631,12.0509,0.100869,-10.5049,116.859
-3.11391,0.498013,66.9885,4.52542,-2.64122,36.9255,-2.2276,-1.23729,5.92196,0.396875,-10.0597,116.784
1.28431,2.05657,73.0754,3.75839,-3.57201,33.6482,-1.0213,-0.699297,2.6082,3.70938,-6.25108,130.096
1.13192,1.96004,73.9073,3.49538,-3.73166,32.6527,-0.366689,-0.245711,1.31824,3.87573,-5.36817,129.154
2.54198,3.32646,82.0047,1.65569,-3.38607,29.5698,-0.209024,-0.141005,0.85265,5.73968,-1.79379,122.657
2.49448,3.37197,82.0962,1.18121,-3.48942,28.5518,-0.117424,-0.0776532,0.619082,5.89543,-1.26162,122.647
2.75167,4.65193,87.6531,-0.560914,-3.68041,25.4325,-0.0796744,-0.0521571,0.488286,6.30417,0.272362,117.184
2.81285,4.77111,87.5853,-1.14365,-3.81777,23.4141,-0.0536351,-0.0348144,0.40702,6.57911,0.623042,117.413
2.56154,5.65858,92.2766,-3.01782,-4.56339,18.7889,-0.0391589,-0.0254898,0.354897,6.86126,1.2379,118.064
2.74037,5.81741,92.1097,-3.36743,-4.49645,15.8728,-0.0290144,-0.019097,0.318633,7.28773,1.53267,118.187
2.58496,5.99894,96.5612,-4.52029,-4.95034,12.5724,-0.0226199,-0.0154329,0.295549,7.82429,2.44641,122.374
3.02347,6.15101,95.8224,-3.60331,-3.98554,9.92995,-0.018167,-0.0128375,0.277769,8.41744,2.83874,121.917
3.06936,5.42775,100.566,-3.62616,-3.6471,8.15148,-0.0153311,-0.0118217,0.269449,8.14796,4.18036,124.814
3.32726,5.57329,100.514,-1.88392,-1.87852,4.69186,-0.013614,-0.0110226,0.262362,8.59609,4.62328,124.06
3.97173,4.51023,102.56,-1.4719,-1.38572,3.44812,-0.0125854,-0.0115706,0.263942,6.69885,5.29579,123.728
4.31463,4.70456,102.185,-0.76051,-0.704392,2.07242,-0.0123054,-0.011861,0.265115,7.21705,5.70545,123.288
4.97856,3.74046,99.3083,-0.524192,-0.476191,1.50557,-0.01219,-0.0138001,0.277677,5.83949,5.19806,123.452
5.24785,3.99213,99.1523,-0.322347,-0.288418,1.08766,-0.0131164,-0.0152084,0.289334,6.44619,5.53642,123.134
5.48103,3.24893,92.7203,-0.234302,-0.209007,0.877205,-0.0141305,-0.019469,0.319166,5.89159,4.27562,122.219
5.62319,3.54127,93.1097,-0.169105,-0.148564,0.725892,-0.01712,-0.0232824,0.350609,6.57515,4.51654,122.168
5.22999,3.20285,86.463,-0.137655,-0.119552,0.649779,-0.0208421,-0.0340136,0.419553,6.23988,2.93534,119.453
5.30257,3.51836,87.2639,-0.114533,-0.0970993,0.589051,-0.0304948,-0.0477973,0.508428,7.01747,3.07658,119.937
4.2835,3.46619,83.1284,-0.107554,-0.0869402,0.58661,-0.0468727,-0.0855976,0.695991,6.44965,1.74799,120.223
4.39037,3.74977,84.0802,-0.108813,-0.0841845,0.594545,-0.100237,-0.175021,1.04333,7.33212,1.86654,120.978
4.03625,5.10825,84.4364,-0.136873,-0.0947622,0.702845,-0.339137,-0.683951,2.33015,6.73848,1.19639,121.888
4.25885,5.38019,84.7435,-0.201431,-0.132266,0.880753,-7.63979,-11.3379,20.2221,7.49875,1.61749,122.538
4.00316,7.66012,85.8945,-0.528373,-0.290704,1.6091,-18.0632,-18.7924,44.7788,6.40867,1.55612,117.47
4.15058,7.86096,85.9559,-5.56209,-3.13808,9.40727,-12.6007,-9.33358,44.8016,6.93169,2.09273,117.444
3.00918,9.31057,78.7138,-28.7551,-20.5184,48.1009,-10.5813,-7.32,56.455,4.73776,2.50677,96.9784
3.03588,9.46477,78.7114,-14.1526,-15.1571,39.3231,-12.0205,-8.24697,62.5039,4.6432,3.02318,95.4973
1.96982,8.9891,62.1376,-5.34017,-9.81738,58.8589,-8.83723,-5.91735,71.3944,1.17096,1.33742,61.789
2.31782,8.80159,57.3186,-3.43602,-8.93485,63.497,-8.49238,-5.81216,72.6023,1.88893,1.85019,60.8525
0.727206,7.3683,43.2757,-0.812284,-0.423753,66.3352,-4.27467,-1.60454,94.6551,-4.86006,-4.15492,14.7536
0.567127,7.31989,39.9249,-0.716452,-0.372173,67.4481,-3.91397,-1.24731,95.1262,-2.94051,-2.31764,9.11599
-0.737715,6.4687,37.0629,-0.155772,3.85031,69.8061,-0.101719,3.38905,106.651,-2.27303,-2.22945,5.43881
-1.15699,6.16014,36.1466,-0.251629,3.56647,70.7481,0.436621,3.43299,106.443,-0.779182,-0.792856,2.42571
-1.61742,5.38057,37.8602,-0.496257,2.34317,73.24,1.13778,6.83734,107.932,-0.457971,-0.470167,1.55449
-2.0042,4.82493,37.4816,-0.545114,2.06564,73.965,1.51256,6.94119,108.077,-0.261899,-0.269748,1.08469
-3.06751,2.49273,32.3154,-0.412227,-0.769056,78.4771,1.14417,8.28509,108.344,-0.18522,-0.188493,0.855913
-3.56527,1.82772,29.2506,-0.33269,-1.02685,79.2392,1.434,8.40102,108.815,-0.132531,-0.132764,0.70915
-5.88698,-3.33256,16.0562,0.52772,-3.45059,86.765,1.0004,7.99745,110.716,-0.105695,-0.105242,0.62263
-4.79833,-2.73139,12.0623,0.59186,-3.484,87.6543,1.2537,8.21459,111.236,-0.084682,-0.0832075,0.557046
-5.37166,-4.36389,10.7083,1.64804,-3.96633,95.4678,0.726124,6.90569,115.129,-0.0730497,-0.0712228,0.519941
-2.59084,-2.10413,5.73766,1.70734,-3.69496,96.118,1.01849,7.24637,115.361,-0.0637452,-0.0608051,0.486857
-2.39437,-2.10988,4.99214,2.3416,-3.36143,104.057,-0.298011,5.15216,119.235,-0.0585769,-0.0549884,0.474748
-1.17966,-1.05112,2.80802,2.47354,-2.96558,104.433,0.0404071,5.54757,119.291,-0.0552582,-0.0505414,0.464851
-0.917458,-0.826462,2.23185,2.32412,-1.6582,106.343,-1.65728,3.46827,123.339,-0.0560965,-0.0477794,0.481584
-0.608892,-0.555111,1.65803,2.61222,-1.31382,106.484,-1.26788,3.96808,123.079,-0.0585218,-0.0481403,0.497891
-0.518492,-0.47015,1.44845,2.58084,0.214628,103.403,-2.92151,2.15894,124.437,-0.067248,-0.0496826,0.55263
-0.40726,-0.369737,1.22796,2.90538,0.452746,103.669,-2.57754,2.70554,124.284,-0.0811754,-0.0571355,0.620464
-0.365179,-0.326382,1.13623,2.92272,1.05115,99.1034,-4.13919,1.2088,123.422,-0.117071,-0.0705359,0.777339
-0.314813,-0.279882,1.03319,3.31125,1.20525,99.3717,-3.83151,1.80915,123.601,-0.184745,-0.107292,1.01272
-0.303771,-0.266938,1.04266,3.69019,0.93779,94.108,-4.83096,1.36274,121.033,-0.411661,-0.203687,1.63776
-0.321038,-0.279847,1.09032,4.08683,0.990435,94.6011,-4.56551,1.93862,121.609,-1.59493,-0.806251,3.88486
-0.439256,-0.383336,1.42091,4.84532,0.317365,88.2218,-4.71971,2.30493,113.403,-11.9844,-7.46695,21.1906
-0.994562,-0.850898,2.51299,5.22293,0.279309,88.9993,-4.42637,2.69916,114.497,-10.9149,-10.5165,26.1586
-9.84138,-8.20675,17.611,5.82124,-0.652642,78.7387,-4.27302,2.32703,91.2222,-5.50023,-10.4872,38.6491
-21.2059,-16.6089,37.1466,5.9069,-0.51255,79.5823,-3.87186,2.37052,91.0614,-4.00871,-12.1558,52.3518
-15.3578,-9.05042,47.7089,5.33619,-2.26083,63.3971,-5.4617,-0.310075,52.9081,-1.73607,-12.1152,68.8858
-11.6099,-2.556,65.0136,5.10342,-0.937789,59.4079,-5.14307,0.564377,53.3255,-1.80341,-11.8998,71.1685
-1.81907,2.26327,63.1819,4.24391,-3.20396,41.7244,-4.51043,-2.81261,10.9415,-1.47307,-12.4337,112.836
-1.48775,2.43983,63.2507,4.50571,-3.03672,39.2428,-1.90635,-1.06107,5.6439,-1.21761,-11.9568,113.07
2.0014,3.41235,72.0205,3.78106,-3.83381,35.5435,-0.865631,-0.594278,2.42335,1.36085,-8.81438,127.744
1.87696,3.26946,72.694,3.52442,-3.98092,34.4136,-0.320249,-0.215834,1.25128,1.45231,-8.09483,127.337
3.25486,4.44396,80.475,1.83561,-3.60563,31.4232,-0.17657,-0.11977,0.796585,3.30365,-4.42316,122.144
3.11425,4.40207,80.668,1.34655,-3.7332,30.4501,-0.0979621,-0.065059,0.579621,3.31712,-3.96431,122.197
3.25012,5.68529,86.4337,-0.409651,-3.86638,27.0457,-0.066,-0.0433584,0.457086,3.86197,-2.17561,116.409
3.23522,5.72508,86.4455,-0.925287,-4.00471,25.3564,-0.0440951,-0.0287702,0.382136,3.99451,-1.91619,116.772
2.95613,6.60078,91.0419,-2.65834,-4.73378,21.3769,-0.0320189,-0.0209967,0.333743,4.16568,-1.34118,116.883
3.06684,6.68525,90.9442,-3.07454,-4.80265,19.0053,-0.0234685,-0.0156366,0.300372,4.47052,-1.13361,117.131
2.78085,6.96544,95.8256,-4.65048,-5.4299,14.5334,-0.0180785,-0.0126035,0.279226,4.7518,-0.547019,121.23
3.08477,7.05203,95.3635,-3.94153,-4.60034,11.7885,-0.0143378,-0.0104827,0.263506,5.22005,-0.249409,121.001
3.08732,6.58063,100.291,-4.00909,-4.19955,9.29321,-0.0119941,-0.00973125,0.256204,5.2949,0.9778,125.444
3.21759,6.65307,100.378,-2.06191,-2.13989,5.2829,-0.0105499,-0.00906597,0.249789,5.64013,1.37843,124.612
3.76335,5.52476,103.086,-1.53402,-1.49431,3.67912,-0.00959455,-0.00958451,0.251208,3.55356,2.1293,123.848
4.0206,5.64177,102.753,-0.753174,-0.722003,2.13309,-0.00922935,-0.00981214,0.252421,3.95707,2.48859,123.394
4.72725,4.5633,100.083,-0.502939,-0.471308,1.50686,-0.00883272,-0.0115026,0.264456,2.15001,1.92111,122.659
4.92586,4.74797,99.9148,-0.300468,-0.277044,1.07287,-0.0093316,-0.0126617,0.275907,2.64105,2.19153,122.393
5.16369,3.9209,93.423,-0.214118,-0.196471,0.856599,-0.00942828,-0.0160837,0.303827,1.78639,0.884878,121.104
5.22954,4.14497,93.8361,-0.152269,-0.137375,0.706493,-0.0110877,-0.0189832,0.333276,2.33602,1.04074,121.094
4.7511,3.70954,87.4204,-0.122477,-0.108925,0.630338,-0.0117539,-0.0270075,0.396383,1.97392,-0.617545,118.563
4.7403,3.95563,88.2203,-0.100808,-0.0872665,0.570841,-0.0162399,-0.0366989,0.476247,2.5839,-0.577123,119.037
3.59308,3.68329,83.829,-0.0933021,-0.0766032,0.566723,-0.0188286,-0.0619122,0.640164,1.8615,-2.1087,119.295
3.60661,3.89867,84.7902,-0.0930057,-0.0726585,0.572375,-0.034543,-0.115298,0.921101,2.54941,-2.10862,120.045
3.13906,5.09408,84.9385,-0.113584,-0.0780957,0.671236,-0.0433051,-0.337904,1.74559,1.70237,-2.95784,121.216
3.21521,5.30146,85.4809,-0.161712,-0.104869,0.829027,-0.652331,-3.37595,7.4755,2.35772,-2.82501,122.055
2.81882,7.45397,86.526,-0.388098,-0.198822,1.43211,-11.3687,-17.9871,44.9667,1.0484,-2.721,117.034
2.87716,7.56289,86.8196,-3.01722,-1.5122,5.7998,-9.86933,-7.43542,42.6599,1.51031,-2.44107,117.484
1.84178,8.95204,79.6168,-26.9357,-18.429,47.2063,-6.78879,-5.06222,51.4175,0.415484,-1.44691,98.3788
1.94005,8.9139,79.1264,-10.823,-14.9472,46.4326,-8.93603,-6.55552,60.6677,0.169003,-0.875928,96.741
0.592078,8.39091,62.0153,-2.38524,-6.51077,55.5641,-5.7772,-4.43945,71.1337,-1.55354,-1.18067,61.6848
0.926079,8.16029,57.0199,-1.87524,-6.63496,60.3561,-5.53255,-4.37592,72.3527,-0.975365,-0.745718,60.5469
-0.228775,6.91393,43.5269,0.113388,0.788453,65.9613,-1.05155,0.182146,94.0047,-4.52559,-4.26462,14.3814
-0.379233,6.89868,40.5893,-0.00702131,0.60701,67.5633,-0.900849,0.465624,94.4253,-2.64557,-2.28842,8.88159
-1.5343,6.15439,38.1232,0.444783,4.69929,69.9035,2.85659,5.32214,105.676,-1.5781,-1.66536,4.34048
-1.94337,5.80265,37.2182,0.289741,4.33681,70.9009,3.25041,5.26559,105.538,-0.553999,-0.606357,2.05985
-2.38941,4.96072,38.947,0.0617711,3.06391,73.1658,3.82328,8.65729,106.885,-0.313578,-0.345724,1.30847
-2.76923,4.37266,38.4275,-0.0493564,2.70525,73.9665,4.08753,8.67026,107.075,-0.179534,-0.198583,0.93521
-3.68328,2.0902,33.237,0.0237097,-0.222583,78.2768,3.52618,9.98997,107.199,-0.126419,-0.137934,0.743298
-4.07009,1.53713,30.7246,0.0304494,-0.489485,78.9865,3.72053,10.046,107.732,-0.0905052,-0.0969924,0.62315
-6.08924,-3.31445,17.4987,0.79646,-2.8259,86.2352,3.31036,9.48516,110.138,-0.072349,-0.0768239,0.55058
-5.23244,-2.85138,13.8313,0.782568,-2.94326,87.2195,3.47076,9.61944,110.715,-0.0582067,-0.0608011,0.497016
-5.64061,-4.70183,11.4522,1.74871,-3.5807,95.5759,2.90532,8.07598,114.93,-0.0507418,-0.0523313,0.467568
-2.61141,-2.19048,5.94625,1.72822,-3.43452,96.3861,3.10673,8.31394,115.211,-0.0448366,-0.0451012,0.442363
-2.20126,-2.00754,4.76436,2.30131,-3.13635,104.618,1.79221,6.0784,119.51,-0.0420921,-0.0411977,0.435533
-1.0251,-0.950188,2.61643,2.37545,-2.74904,104.813,2.07951,6.42778,119.517,-0.0402358,-0.038011,0.429641
-0.787603,-0.740193,2.06306,2.2083,-1.52587,106.545,0.360675,4.36157,123.597,-0.0414394,-0.0357058,0.448061
-0.521041,-0.498691,1.54731,2.4304,-1.24632,106.774,0.669424,4.79697,123.343,-0.0436795,-0.0360281,0.467472
-0.437291,-0.417021,1.34171,2.48897,0.180839,103.822,-0.906472,2.99779,124.252,-0.0511387,-0.0365037,0.523324
-0.339206,-0.325392,1.13969,2.78153,0.38766,104.082,-0.628026,3.50556,124.132,-0.0615218,-0.0416729,0.588138
-0.303238,-0.28691,1.0592,2.90306,0.958161,99.5474,-2.02176,2.00343,122.63,-0.0874727,-0.0481777,0.733175
-0.265516,-0.25035,0.978513,3.2502,1.08392,99.8706,-1.78189,2.54905,122.897,-0.135247,-0.0701337,0.947188
-0.262195,-0.245329,1.01031,3.64696,0.765628,94.8346,-2.9082,2.00196,120.682,-0.2881,-0.114102,1.4927
-0.290414,-0.269431,1.08906,4.01384,0.806443,95.3414,-2.69165,2.54298,121.294,-1.0096,-0.398977,3.16853
-0.424432,-0.396298,1.49271,4.7828,0.306173,88.8394,-2.92047,2.94591,113.328,-9.02872,-4.64709,17.3606
-1.09547,-0.99629,2.85692,5.14234,0.220569,89.8328,-2.56738,3.21792,114.428,-10.1465,-10.6701,29.6528
-11.1164,-9.85549,20.6528,5.71942,-0.444014,79.4492,-2.82777,2.78362,91.4532,-3.28459,-9.21234,39.627
-19.4389,-15.7239,37.3352,5.80027,-0.34517,80.2923,-2.50608,2.86114,91.4211,-2.70866,-10.4632,48.9526
-11.6667,-5.2793,54.9137,5.04151,-1.76301,61.9791,-4.68941,0.100396,51.4968,-0.904529,-11.1254,70.5052
-8.05655,-0.685693,59.3088,5.07919,-0.885875,58.5695,-4.3257,0.777916,51.8864,-1.11221,-11.2821,73.5339
-0.338719,2.94741,62.5995,4.26098,-3.20038,41.5418,-4.4426,-2.86811,10.6572,-0.12965,-11.1555,113.618
-0.328819,2.92851,63.6994,4.48335,-3.00759,39.0776,-1.78167,-1.04,5.24543,0.109579,-10.6733,113.783
3.22545,4.02124,72.5364,3.70132,-3.8083,35.354,-0.814518,-0.570055,2.29411,2.81614,-7.28839,127.456
3.0686,3.87024,73.1276,3.41334,-3.97826,34.352,-0.307435,-0.20999,1.22379,2.84687,-6.51872,126.768
4.47113,5.13195,81.0669,1.68321,-3.56894,31.5231,-0.177985,-0.122163,0.80244,4.61443,-3.03986,121.331
4.35304,5.10141,81.2392,1.18892,-3.69182,30.5267,-0.101284,-0.068155,0.59159,4.65645,-2.60162,121.46
4.64264,6.4926,86.8381,-0.495516,-3.84178,27.1343,-0.0692882,-0.046169,0.470292,5.1945,-0.910766,116.118
4.64736,6.5445,86.8577,-1.00834,-3.97957,25.3394,-0.0468589,-0.031006,0.395139,5.36734,-0.641617,116.472
4.51442,7.45447,91.5436,-2.77421,-4.74716,20.8896,-0.0343773,-0.0228708,0.34649,5.57354,-0.00554671,117.046
4.63356,7.55204,91.4959,-3.17485,-4.78103,18.166,-0.0254717,-0.0171957,0.312788,5.91465,0.223336,117.262
4.48662,7.86528,96.4512,-4.53618,-5.31951,13.8115,-0.019813,-0.0139738,0.29174,6.26648,0.920904,121.44
4.84648,7.97447,95.8268,-3.73062,-4.45198,11.1933,-0.0158738,-0.0116715,0.275741,6.78486,1.27321,121.078
4.88212,7.37845,101.194,-3.64239,-3.90404,8.66029,-0.01331,-0.010797,0.268723,6.38784,2.49008,124.471
5.07747,7.49041,101.29,-1.89322,-2.02293,5.02318,-0.0117719,-0.0100724,0.262651,6.76972,2.91438,123.725
5.75126,6.52011,103.557,-1.42655,-1.43433,3.54306,-0.0107186,-0.0105644,0.264958,4.71123,3.66813,122.824
6.06886,6.68359,103.287,-0.721531,-0.717572,2.1204,-0.0103824,-0.0107964,0.266707,5.17008,4.0581,122.444
6.77321,5.72223,100.755,-0.49239,-0.479851,1.52614,-0.00990231,-0.0124598,0.279896,3.66051,3.51781,122.41
7.05152,5.96153,100.61,-0.299422,-0.288592,1.10629,-0.0105062,-0.0136079,0.291652,4.21815,3.85201,122.144
7.20117,5.12452,94.2027,-0.217175,-0.209175,0.896575,-0.0104362,-0.0168433,0.320433,3.64895,2.58625,121.442
7.38512,5.40109,94.5302,-0.156974,-0.149741,0.749313,-0.0121443,-0.0198459,0.351523,4.26068,2.84556,121.357
6.88509,5.00025,88.0607,-0.128082,-0.121721,0.677992,-0.0125269,-0.0274182,0.417272,4.11936,1.28799,118.893
7.0207,5.30618,88.7517,-0.107688,-0.100563,0.625508,-0.0170119,-0.0369663,0.501103,4.8157,1.46217,119.262
5.89253,5.11195,84.5349,-0.101312,-0.0913455,0.636945,-0.0184279,-0.0587565,0.663715,4.32964,0.0795115,119.325
6.06311,5.36734,85.3372,-0.104221,-0.0902487,0.663845,-0.0313898,-0.0965364,0.900101,5.11773,0.183965,120.147
-1.59946,-1.35026,3.6246,6.34735,1.2683,83.1901,-3.14589,3.5185,121.522,-9.74497,-5.69474,19.9008
-4.10381,-3.28691,7.81891,6.61407,-1.44439,84.5533,-2.28558,3.54896,94.0463,-10.5413,-12.9903,46.3385
-6.03889,-4.65702,10.9087,7.43293,-0.828378,80.9952,-1.83763,3.09951,94.7846,-6.43402,-14.5408,60.1454
-12.4517,-9.80109,22.4714,6.34095,-2.37389,61.7442,-4.88755,-0.0132209,54.9028,-2.28293,-12.4868,74.9889
-22.8813,-15.6994,60.911,5.75459,-0.408324,56.6918,-4.48716,1.3073,55.0098,-1.86826,-11.7478,76.5871
-9.95231,-3.76796,87.9149,3.91176,-2.27098,38.6686,-5.40719,-3.26309,12.0506,0.101024,-10.5048,116.858
-3.11272,0.499119,66.9866,4.52551,-2.6411,36.9239,-2.22751,-1.23728,5.92185,0.397071,-10.0595,116.783
1.28523,2.05761,73.0745,3.75844,-3.57185,33.6466,-1.02128,-0.699285,2.60817,3.70958,-6.25093,130.095
1.13282,1.96108,73.9063,3.4954,-3.73151,32.6511,-0.366685,-0.245708,1.31823,3.87592,-5.36805,129.153
2.54289,3.32761,82.0037,1.65572,-3.38595,29.5684,-0.209023,-0.141004,0.852649,5.73986,-1.79368,122.656
2.49535,3.37312,82.0953,1.18121,-3.4893,28.5503,-0.117424,-0.0776527,0.619082,5.89563,-1.26152,122.646
2.75255,4.65317,87.6522,-0.560878,-3.6803,25.4312,-0.0796748,-0.0521568,0.488287,6.30437,0.272463,117.183
2.81375,4.77235,87.5842,-1.14356,-3.81766,23.4133,-0.0536356,-0.0348142,0.407021,6.57933,0.623146,117.412
2.56249,5.65992,92.2754,-3.01765,-4.5633,18.7887,-0.0391594,-0.0254897,0.354898,6.86151,1.23801,118.063
2.74126,5.81876,92.1086,-3.3673,-4.4963,15.8722,-0.0290149,-0.0190969,0.318633,7.28797,1.53278,118.186
2.58573,6.00038,96.5604,-4.51972,-4.94961,12.5704,-0.0226205,-0.0154329,0.295549,7.8245,2.44651,122.373
3.024,6.15243,95.8221,-3.60168,-3.9834,9.92527,-0.0181677,-0.0128376,0.27777,8.41755,2.83881,121.916
3.06981,5.42922,100.566,-3.62246,-3.64304,8.14398,-0.0153319,-0.0118218,0.269449,8.14804,4.18043,124.813
3.32804,5.57476,100.514,-1.88158,-1.87588,4.68701,-0.0136148,-0.0110228,0.262362,8.59639,4.6234,124.059
3.97305,4.51186,102.558,-1.47032,-1.38401,3.44506,-0.0125862,-0.011571,0.263941,6.69951,5.29603,123.727
4.31636,4.70631,102.181,-0.760262,-0.70402,2.07185,-0.0123061,-0.0118614,0.265114,7.21807,5.70577,123.287
4.9804,3.74224,99.3046,-0.524333,-0.476219,1.50578,-0.0121906,-0.0138006,0.277675,5.84069,5.19844,123.451
5.24969,3.994,99.1485,-0.322601,-0.288573,1.08815,-0.0131169,-0.015209,0.289332,6.44752,5.53683,123.133
5.4828,3.25074,92.7165,-0.2346,-0.209215,0.87783,-0.0141309,-0.0194697,0.319164,5.89303,4.27607,122.219
5.6249,3.54318,93.106,-0.169396,-0.148772,0.726557,-0.0171202,-0.0232833,0.350607,6.57669,4.51703,122.168
5.23157,3.20469,86.4595,-0.137964,-0.119777,0.650527,-0.0208421,-0.034015,0.41955,6.2415,2.93587,119.453
5.30407,3.52032,87.2604,-0.114849,-0.0973297,0.58986,-0.0304941,-0.0477997,0.508427,7.01918,3.07716,119.937
4.28485,3.46814,83.1252,-0.107937,-0.0872104,0.58762,-0.0468709,-0.0856038,0.695998,6.45144,1.74864,120.224
4.39162,3.75183,84.0772,-0.109299,-0.0845229,0.595825,-0.100235,-0.175042,1.04337,7.33399,1.86723,120.979
4.0374,5.11042,84.4335,-0.137736,-0.0953165,0.70501,-0.339181,-0.684181,2.33056,6.74042,1.19718,121.889
4.25997,5.38242,84.7408,-0.203275,-0.133432,0.884902,-7.64344,-11.3439,20.2317,7.5007,1.61841,122.539
4.00438,7.66235,85.8918,-0.53819,-0.296124,1.62667,-18.062,-18.7906,44.781,6.41079,1.55698,117.471
4.15945,7.85982,85.9368,-5.83668,-3.30666,9.81829,-12.5968,-9.3283,44.7997,6.9388,2.09342,117.445
3.01359,9.31086,78.7015,-28.7763,-20.6215,48.2315,-10.58,-7.31677,56.4534,4.73945,2.5085,96.979
3.03253,9.46883,78.7183,-13.9918,-15.0436,39.115,-12.021,-8.24897,62.5034,4.64104,3.02391,95.4978
1.96716,8.99232,62.1441,-5.29516,-9.75762,58.7103,-8.83774,-5.91925,71.3943,1.16994,1.33745,61.7892
2.31764,8.80306,57.3188,-3.4313,-8.92654,63.4797,-8.49248,-5.81271,72.6018,1.88885,1.85046,60.8523
0.727434,7.36909,43.2747,-0.811982,-0.422612,66.338,-4.2748,-1.60513,94.6544,-4.86007,-4.15482,14.7541
0.567281,7.32062,39.9245,-0.715887,-0.370242,67.4481,-3.91424,-1.24799,95.1254,-2.94067,-2.31762,9.11668
-0.737611,6.46933,37.0632,-0.155195,3.85241,69.8057,-0.102161,3.38818,106.65,-2.27323,-2.2296,5.43923
-1.15691,6.16071,36.1473,-0.251231,3.56839,70.7482,0.436035,3.43204,106.442,-0.779235,-0.792884,2.42585
-1.61735,5.38112,37.8611,-0.496036,2.34491,73.2407,1.13708,6.8363,107.931,-0.458004,-0.470185,1.55458
-2.00412,4.82544,37.4828,-0.54507,2.0672,73.9662,1.51174,6.94006,108.076,-0.261919,-0.269756,1.08476
-3.06735,2.49332,32.3186,-0.412374,-0.767392,78.4788,1.14325,8.28395,108.343,-0.185237,-0.188499,0.85597
-3.56506,1.82886,29.2585,-0.333053,-1.02496,79.2409,1.43297,8.39995,108.814,-0.132545,-0.132769,0.709203
-5.88877,-3.33213,16.0607,0.527391,-3.44902,86.7678,0.999327,7.99599,110.714,-0.105709,-0.105247,0.622683
-4.79913,-2.7308,12.0582,0.59167,-3.48488,87.6612,1.25259,8.21174,111.235,-0.0846948,-0.0832131,0.5571
-5.36029,-4.35366,10.6854,1.64767,-3.97064,95.4815,0.724819,6.90066,115.128,-0.0730627,-0.0712311,0.519997
-2.56908,-2.08671,5.69869,1.70605,-3.70224,96.1377,1.01691,7.23931,115.359,-0.0637588,-0.0608163,0.486911
-2.36053,-2.08037,4.93357,2.34027,-3.3675,104.075,-0.299605,5.14535,119.232,-0.0585912,-0.0550017,0.4748
-1.16502,-1.03819,2.78158,2.47256,-2.96678,104.442,0.0390118,5.54351,119.287,-0.0552717,-0.0505549,0.464898
-0.905962,-0.816123,2.21099,2.32358,-1.65725,106.348,-1.65861,3.46535,123.335,-0.0561099,-0.0477931,0.481629
-0.602403,-0.549182,1.64572,2.61192,-1.31158,106.486,-1.26911,3.966,123.075,-0.0585346,-0.0481548,0.497932
-0.51336,-0.465476,1.43868,2.58074,0.217128,103.404,-2.92275,2.15717,124.434,-0.0672618,-0.0496989,0.55267
-0.403807,-0.366589,1.2212,2.90544,0.455463,103.67,-2.57873,2.70405,124.281,-0.08119,-0.0571554,0.620503
-0.362423,-0.323917,1.13081,2.92293,1.05377,99.1042,-4.14036,1.20749,123.419,-0.11709,-0.0705645,0.777378
-0.312816,-0.278113,1.0292,3.31161,1.20789,99.3727,-3.83262,1.808,123.598,-0.184765,-0.107337,1.01275
-0.30207,-0.265469,1.03922,3.69066,0.940275,94.109,-4.83201,1.36177,121.03,-0.41167,-0.20378,1.63773
-0.319481,-0.278528,1.08723,4.08745,0.992889,94.6023,-4.56649,1.93775,121.607,-1.5945,-0.806418,3.88416
-0.437177,-0.381615,1.41694,4.84601,0.319585,88.2232,-4.72062,2.30428,113.401,-11.9799,-7.46643,21.1838
-0.989379,-0.846682,2.50404,5.22385,0.281372,89.0011,-4.42721,2.6985,114.496,-10.9158,-10.5178,26.1558
-9.81327,-8.18571,17.5665,5.82269,-0.652214,78.7426,-4.27362,2.3259,91.2217,-5.50447,-10.491,38.6485
-21.2434,-16.6425,37.2123,5.9067,-0.508263,79.5808,-3.87259,2.37154,91.0603,-4.01044,-12.1582,52.3568
-15.3686,-9.05621,47.7657,5.3359,-2.25729,63.3957,-5.46218,-0.309313,52.9072,-1.73704,-12.1157,68.8866
-11.6066,-2.5546,65.0056,5.10426,-0.936265,59.4093,-5.14344,0.564321,53.3252,-1.80429,-11.9003,71.1679
-1.81872,2.26258,63.1765,4.24446,-3.20298,41.7256,-4.51051,-2.81264,10.9416,-1.47424,-12.4346,112.836
-1.48897,2.43822,63.2512,4.50619,-3.03554,39.2436,-1.9064,-1.06108,5.64397,-1.21866,-11.9575,113.069
1.99992,3.41046,72.0214,3.78152,-3.83268,35.544,-0.865655,-0.594291,2.42339,1.35976,-8.81503,127.744
1.87563,3.26767,72.6946,3.52491,-3.97977,34.4141,-0.320259,-0.21584,1.2513,1.45131,-8.09538,127.337
3.25348,4.44206,80.4755,1.83609,-3.60456,31.4236,-0.176576,-0.119774,0.7966,3.30276,-4.42359,122.144
3.11297,4.40024,80.6684,1.34706,-3.73212,30.4504,-0.0979658,-0.0650616,0.579633,3.31631,-3.96466,122.197
3.24883,5.6834,86.434,-0.409173,-3.86543,27.046,-0.0660028,-0.0433605,0.457097,3.86127,-2.17585,116.408
3.23401,5.72326,86.4457,-0.924806,-4.0038,25.3567,-0.0440971,-0.0287719,0.382145,3.99387,-1.91637,116.772
2.9549,6.59893,91.0421,-2.65803,-4.73307,21.3768,-0.0320205,-0.0209982,0.333752,4.1651,-1.34129,116.883
3.06563,6.68348,90.9445,-3.07435,-4.80199,19.0043,-0.0234699,-0.0156378,0.300382,4.46999,-1.13366,117.131
2.77962,6.96363,95.8258,-4.6503,-5.42942,14.5323,-0.0180797,-0.0126046,0.279236,4.75131,-0.547007,121.23
3.08363,7.0503,95.3635,-3.94123,-4.59978,11.7872,-0.0143389,-0.0104838,0.263516,5.21964,-0.249326,121.001
3.08628,6.57886,100.29,-4.00908,-4.19949,9.29303,-0.0119951,-0.00973241,0.256215,5.2946,0.977963,125.444
3.21668,6.65136,100.377,-2.0621,-2.14007,5.2832,-0.0105509,-0.00906721,0.2498,5.63993,1.37866,124.612
3.76251,5.52304,103.086,-1.53446,-1.49474,3.67989,-0.0095955,-0.00958592,0.251222,3.55344,2.12958,123.848
4.01981,5.6401,102.753,-0.75344,-0.722255,2.13359,-0.00923037,-0.00981381,0.252437,3.95701,2.48891,123.393
4.72652,4.5617,100.082,-0.503166,-0.47152,1.50729,-0.0088338,-0.0115047,0.264476,2.14999,1.92146,122.659
4.92515,4.74641,99.9138,-0.300616,-0.277179,1.07318,-0.00933297,-0.0126645,0.27593,2.64106,2.19192,122.393
5.16305,3.91946,93.422,-0.214236,-0.196578,0.856859,-0.00942989,-0.0160878,0.303859,1.78643,0.88528,121.104
5.2289,4.14355,93.8351,-0.15236,-0.137455,0.706713,-0.0110901,-0.0189892,0.333319,2.33609,1.04117,121.094
4.75051,3.70824,87.4195,-0.122559,-0.108996,0.630549,-0.0117573,-0.0270181,0.396451,1.974,-0.617111,118.563
4.7397,3.95433,88.2194,-0.100883,-0.0873292,0.571045,-0.0162467,-0.0367184,0.476355,2.58401,-0.576666,119.037
3.5925,3.68207,83.8281,-0.0933817,-0.076667,0.566952,-0.0188408,-0.0619593,0.640381,1.8616,-2.10823,119.295
3.60601,3.89744,84.7893,-0.093098,-0.0727297,0.572643,-0.0345818,-0.115436,0.921603,2.54952,-2.10812,120.045
3.13842,5.09288,84.9377,-0.11373,-0.0781965,0.671648,-0.0434279,-0.338697,1.74762,1.70244,-2.9573,121.217
3.21464,5.30028,85.4795,-0.161995,-0.105054,0.829741,-0.658489,-3.39616,7.5069,2.35751,-2.82409,122.054
2.81811,7.45246,86.5254,-0.389324,-0.199478,1.43457,-11.3915,-17.9935,45.0137,1.04784,-2.71991,117.033
2.87721,7.56128,86.8179,-3.04447,-1.5271,5.84074,-9.85171,-7.42012,42.6093,1.51169,-2.44136,117.486
1.84294,8.94996,79.6119,-26.9654,-18.472,47.2851,-6.78438,-5.05833,51.4037,0.416449,-1.44648,98.3789
1.93825,8.91314,79.1282,-10.7883,-14.9185,46.3752,-8.93683,-6.55643,60.6701,0.168254,-0.875673,96.7409
0.59077,8.39027,62.0167,-2.37734,-6.49799,55.5286,-5.77748,-4.43988,71.1345,-1.55391,-1.1806,61.6847
0.925497,8.15931,57.0196,-1.87431,-6.63353,60.3546,-5.53245,-4.37584,72.3525,-0.975481,-0.745582,60.5467
-0.229145,6.91316,43.5264,0.113669,0.788949,65.9623,-1.05142,0.182271,94.0044,-4.52558,-4.26465,14.3818
-0.379603,6.89795,40.589,-0.00658003,0.607851,67.5631,-0.900771,0.465711,94.4251,-2.64563,-2.28846,8.88196
-1.53466,6.15369,38.123,0.445242,4.70019,69.9031,2.85664,5.32224,105.676,-1.57815,-1.66542,4.34062
-1.94372,5.80194,37.2179,0.290177,4.33769,70.9006,3.25041,5.26567,105.537,-0.55401,-0.606372,2.0599
-2.38979,4.95993,38.9468,0.0621949,3.06476,73.1656,3.82325,8.65735,106.885,-0.313584,-0.345732,1.30849
-2.76961,4.37186,38.4273,-0.0489533,2.70605,73.9664,4.08746,8.67029,107.075,-0.179537,-0.198586,0.935227
-3.68361,2.08949,33.2368,0.0241179,-0.221786,78.2767,3.52607,9.98998,107.199,-0.126421,-0.137936,0.743312
-4.07035,1.53655,30.725,0.0308293,-0.488676,78.9864,3.7204,10.046,107.732,-0.0905068,-0.096994,0.623162
-6.08943,-3.31448,17.4995,0.796869,-2.82503,86.2351,3.31021,9.48513,110.138,-0.0723505,-0.0768252,0.550591
-5.23272,-2.85138,13.8317,0.782996,-2.94258,87.2197,3.47059,9.6193,110.715,-0.058208,-0.0608022,0.497026
-5.63998,-4.70106,11.4508,1.7492,-3.5803,95.5767,2.90513,8.07561,114.93,-0.0507432,-0.0523325,0.467579
-2.60991,-2.18913,5.94347,1.72863,-3.4344,96.3873,3.10649,8.31339,115.211,-0.044838,-0.0451027,0.442373
-2.19905,-2.00547,4.76043,2.30175,-3.1361,104.619,1.79195,6.07783,119.51,-0.0420937,-0.0411994,0.435543
-1.02423,-0.949354,2.61479,2.37589,-2.74846,104.813,2.07923,6.42741,119.517,-0.0402375,-0.0380128,0.429652
-0.786926,-0.739534,2.06178,2.20876,-1.52516,106.545,0.36037,4.36124,123.596,-0.0414413,-0.0357077,0.448073
-0.520656,-0.498307,1.54654,2.43086,-1.24555,106.774,0.669104,4.79667,123.343,-0.0436817,-0.0360302,0.467485
-0.436992,-0.416722,1.34112,2.48941,0.181592,103.822,-0.906812,2.9975,124.251,-0.0511418,-0.0365062,0.523341
-0.339005,-0.32519,1.13928,2.78197,0.388413,104.082,-0.628381,3.50526,124.132,-0.0615261,-0.0416764,0.58816
-0.303077,-0.286751,1.05887,2.90348,0.958872,99.5474,-2.02212,2.00313,122.63,-0.0874805,-0.048183,0.733208
-0.265395,-0.250231,0.97826,3.25062,1.08462,99.8707,-1.78227,2.54874,122.897,-0.135263,-0.0701444,0.947245
-0.262088,-0.245225,1.01009,3.64735,0.76629,94.8346,-2.90858,2.00166,120.682,-0.288152,-0.11413,1.49284
-0.290309,-0.26933,1.08884,4.01424,0.807098,95.3415,-2.69204,2.54266,121.294,-1.00995,-0.399162,3.16919
-0.424281,-0.396152,1.49241,4.78316,0.306781,88.8394,-2.92079,2.94556,113.328,-9.0315,-4.64961,17.3659
-1.09504,-0.995882,2.85616,5.14273,0.221122,89.833,-2.56775,3.21756,114.427,-10.1447,-10.6698,29.6513
-11.1151,-9.85401,20.6504,5.71978,-0.443592,79.4494,-2.82811,2.78333,91.4531,-3.28364,-9.21134,39.6239
-19.4416,-15.7255,37.3408,5.80051,-0.344476,80.2922,-2.50642,2.86095,91.4209,-2.70843,-10.463,48.9519
-11.6666,-5.27835,54.9183,5.04168,-1.7625,61.979,-4.68958,0.100265,51.4966,-0.904486,-11.1253,70.5053
-8.05571,-0.685273,59.306,5.07947,-0.885616,58.5697,-4.32588,0.777681,51.8863,-1.11217,-11.2821,73.5338
-0.338634,2.94737,62.5991,4.26114,-3.20017,41.542,-4.44259,-2.8681,10.6572,-0.129547,-11.1554,113.618
-0.328889,2.92836,63.6996,4.4835,-3.00736,39.0777,-1.78166,-1.04,5.24543,0.109684,-10.6732,113.783
3.22538,4.02108,72.5365,3.70146,-3.80809,35.3541,-0.814505,-0.570047,2.29409,2.81624,-7.28821,127.456
3.06855,3.87009,73.1276,3.41347,-3.97805,34.352,-0.30743,-0.209987,1.22378,2.84698,-6.51855,126.768
4.47106,5.13179,81.0669,1.68334,-3.56876,31.5231,-0.177982,-0.122161,0.802436,4.61451,-3.03969,121.331
4.35298,5.10124,81.2392,1.18904,-3.69164,30.5267,-0.101282,-0.068154,0.591587,4.65653,-2.60146,121.46
4.64257,6.49242,86.8382,-0.495402,-3.84163,27.1344,-0.0692871,-0.0461683,0.47029,5.19457,-0.910617,116.118
4.64729,6.54432,86.8577,-1.00823,-3.97944,25.3394,-0.0468581,-0.0310056,0.395138,5.36741,-0.641474,116.472
4.51434,7.45427,91.5436,-2.77413,-4.74707,20.8896,-0.0343768,-0.0228705,0.346489,5.5736,-0.00541097,117.046
4.63347,7.55184,91.4959,-3.17479,-4.78096,18.1658,-0.0254713,-0.0171954,0.312787,5.91471,0.223465,117.262
4.48653,7.86506,96.4513,-4.53612,-5.31948,13.8113,-0.0198126,-0.0139736,0.291739,6.26654,0.921031,121.44
4.84639,7.97426,95.8268,-3.73056,-4.45195,11.1932,-0.0158736,-0.0116713,0.27574,6.78492,1.27334,121.078
4.88204,7.37822,101.194,-3.64234,-3.90404,8.66022,-0.0133097,-0.0107969,0.268723,6.38789,2.4902,124.471
5.07739,7.49017,101.29,-1.89319,-2.02292,5.02313,-0.0117717,-0.0100723,0.262651,6.76978,2.91449,123.725
5.75118,6.51986,103.557,-1.42654,-1.43434,3.54306,-0.0107185,-0.0105643,0.264958,4.71128,3.66822,122.824
6.06878,6.68333,103.287,-0.72153,-0.717582,2.1204,-0.0103822,-0.0107963,0.266707,5.17012,4.05819,122.444
6.77313,5.72197,100.755,-0.492391,-0.47986,1.52615,-0.00990213,-0.0124597,0.279896,3.66056,3.51788,122.41
7.05144,5.96126,100.61,-0.299423,-0.288597,1.10629,-0.010506,-0.0136079,0.291652,4.21819,3.85207,122.144
7.20109,5.12426,94.2027,-0.217176,-0.209179,0.896577,-0.010436,-0.0168432,0.320433,3.64899,2.5863,121.442
7.38504,5.40081,94.5302,-0.156974,-0.149743,0.749315,-0.0121441,-0.0198459,0.351524,4.26072,2.8456,121.357
6.88501,4.99998,88.0607,-0.128082,-0.121723,0.677993,-0.0125265,-0.0274182,0.417273,4.1194,1.28801,118.893
7.02061,5.3059,88.7517,-0.107688,-0.100565,0.625508,-0.0170115,-0.0369664,0.501105,4.81574,1.46218,119.262
5.89245,5.11167,84.5349,-0.101311,-0.0913461,0.636945,-0.0184273,-0.0587567,0.663718,4.32968,0.0795015,119.325
6.06301,5.36704,85.3373,-0.10422,-0.0902488,0.663844,-0.0313891,-0.0965371,0.900107,5.11776,0.183952,120.147
-1.5988,-1.3497,3.62345,6.34738,1.26791,83.1914,-3.14581,3.51821,121.522,-9.74467,-5.6946,19.9003
-4.09841,-3.28262,7.8101,6.6142,-1.44491,84.5547,-2.28549,3.54864,94.0458,-10.5411,-12.9901,46.3375
-6.03246,-4.65204,10.8982,7.43311,-0.828736,80.9961,-1.83751,3.09931,94.7842,-6.43392,-14.5406,60.1446
-12.4495,-9.7992,22.4669,6.34105,-2.37393,61.7444,-4.88745,-0.0132162,54.9024,-2.28276,-12.4866,74.9882
-22.8858,-15.7036,60.9111,5.75461,-0.408144,56.6917,-4.48709,1.30747,55.0094,-1.86801,-11.7475,76.5864
-9.95542,-3.76984,87.9221,3.91165,-2.27061,38.6682,-5.40713,-3.26299,12.0504,0.101293,-10.5043,116.858
-3.11346,0.49872,66.9874,4.52552,-2.64091,36.9236,-2.2275,-1.23724,5.92177,0.397306,-10.0591,116.782
1.28479,2.05735,73.0741,3.75849,-3.57171,33.6464,-1.02128,-0.699278,2.60816,3.70985,-6.25053,130.094
1.13242,1.96083,73.9059,3.49547,-3.73138,32.6508,-0.366689,-0.245706,1.31823,3.87622,-5.36764,129.152
2.54249,3.32733,82.0032,1.65579,-3.38582,29.568,-0.209025,-0.141003,0.852648,5.74018,-1.79327,122.655
2.495,3.37285,82.0946,1.1813,-3.48917,28.5499,-0.117426,-0.0776524,0.619081,5.89598,-1.2611,122.645
2.75221,4.6529,87.6513,-0.56079,-3.68017,25.4308,-0.0796761,-0.0521566,0.488286,6.30475,0.272889,117.183
2.81343,4.7721,87.5833,-1.14355,-3.81752,23.4124,-0.0536366,-0.034814,0.40702,6.57975,0.623577,117.411
2.56215,5.65967,92.2744,-3.0177,-4.56306,18.787,-0.0391601,-0.0254894,0.354897,6.86195,1.23844,118.062
2.74097,5.81852,92.1074,-3.36732,-4.49584,15.8701,-0.0290155,-0.0190967,0.318632,7.28848,1.53321,118.186
2.58558,6.00011,96.5589,-4.51954,-4.94899,12.5693,-0.022621,-0.0154327,0.295547,7.82513,2.44695,122.373
3.02409,6.15216,95.8201,-3.60202,-3.98326,9.92551,-0.0181681,-0.0128373,0.277767,8.41835,2.83927,121.915
3.07014,5.42894,100.563,-3.62386,-3.64405,8.14632,-0.0153322,-0.0118215,0.269447,8.14906,4.18092,124.812
3.32849,5.57452,100.511,-1.88302,-1.87705,4.68961,-0.013615,-0.0110225,0.262359,8.59753,4.62391,124.058
3.97353,4.5116,102.554,-1.472,-1.38541,3.44801,-0.0125863,-0.0115706,0.263938,6.70073,5.29655,123.726
4.31681,4.70607,102.178,-0.761198,-0.704775,2.07358,-0.0123061,-0.0118609,0.26511,7.21932,5.70629,123.286
4.98087,3.74202,99.3012,-0.525077,-0.476818,1.50718,-0.0121905,-0.0138,0.277671,5.84201,5.19898,123.451
5.25014,3.99381,99.145,-0.323088,-0.288955,1.08914,-0.0131166,-0.0152082,0.289328,6.4489,5.53738,123.133
5.48325,3.25058,92.7131,-0.234995,-0.209526,0.878675,-0.0141305,-0.0194687,0.319159,5.89446,4.27662,122.219
5.6253,3.54304,93.1025,-0.169709,-0.149014,0.727279,-0.0171194,-0.023282,0.350602,6.57817,4.51759,122.168
5.23194,3.20459,86.4561,-0.138255,-0.12,0.651237,-0.0208407,-0.0340129,0.419544,6.24301,2.93642,119.453
5.30437,3.52025,87.257,-0.115122,-0.0975361,0.590559,-0.0304913,-0.0477967,0.508421,7.02075,3.07771,119.938
4.28508,3.46808,83.1219,-0.108244,-0.0874349,0.588438,-0.0468651,-0.0855981,0.695991,6.45305,1.74921,120.224
4.39177,3.7518,84.0739,-0.109671,-0.0847892,0.596811,-0.100221,-0.175034,1.04337,7.33567,1.8678,120.98
4.03747,5.11041,84.4303,-0.138375,-0.0957357,0.70662,-0.339137,-0.684198,2.33066,6.74214,1.19776,121.889
4.26001,5.3824,84.7374,-0.204612,-0.13429,0.887915,-7.64417,-11.3458,20.2349,7.50245,1.61901,122.54
4.00449,7.66227,85.8883,-0.545265,-0.300067,1.63932,-18.0613,-18.7891,44.7846,6.41259,1.55756,117.472
4.16505,7.85728,85.9215,-6.03295,-3.42828,10.1126,-12.5934,-9.3236,44.7991,6.94419,2.09384,117.446
3.01561,9.3097,78.6922,-28.7779,-20.6846,48.3023,-10.5784,-7.31359,56.4515,4.74072,2.50959,96.9794
3.02947,9.47008,78.7214,-13.8819,-14.9655,38.9688,-12.0208,-8.2494,62.5029,4.63988,3.02428,95.4981
1.96484,8.99331,62.1468,-5.26427,-9.71748,58.608,-8.83756,-5.91947,71.3943,1.16952,1.33741,61.7894
2.31709,8.80292,57.3169,-3.42709,-8.92118,63.4676,-8.49199,-5.81202,72.6016,1.88908,1.85059,60.852
0.72727,7.36884,43.2722,-0.810398,-0.421532,66.3382,-4.27427,-1.6041,94.6541,-4.85991,-4.1547,14.7536
0.567079,7.32037,39.9222,-0.714031,-0.368529,67.446,-3.91379,-1.24704,95.1251,-2.94048,-2.31753,9.11622
-0.737843,6.46907,37.0611,-0.15323,3.85435,69.8031,-0.101751,3.38919,106.65,-2.27308,-2.22947,5.43893
-1.15717,6.1604,36.1452,-0.249296,3.57026,70.7456,0.43639,3.43302,106.442,-0.779192,-0.792853,2.42575
-1.61766,5.38076,37.8591,-0.494092,2.34674,73.2381,1.13738,6.83726,107.931,-0.457977,-0.470166,1.55452
-2.00444,4.82503,37.4809,-0.543133,2.06898,73.9636,1.51199,6.94101,108.075,-0.261903,-0.269746,1.08472
-3.06769,2.49281,32.3157,-0.41034,-0.765719,78.4761,1.14345,8.28485,108.343,-0.185224,-0.188492,0.855937
-3.56546,1.82794,29.2529,-0.330976,-1.02356,79.2385,1.43313,8.40075,108.813,-0.132535,-0.132764,0.709172
-5.88776,-3.33245,16.0577,0.52952,-3.44735,86.765,0.9994,7.99695,110.714,-0.105699,-0.105242,0.622654
-4.79853,-2.73111,12.0597,0.59368,-3.482,87.6563,1.2526,8.21339,111.235,-0.0846861,-0.0832084,0.55707
-5.36591,-4.35871,10.6967,1.64991,-3.96587,95.4731,0.724833,6.90339,115.127,-0.0730541,-0.0712253,0.519966
-2.58019,-2.09559,5.71854,1.70873,-3.69599,96.1264,1.017,7.24305,115.359,-0.0637502,-0.0608092,0.486881
-2.37781,-2.09541,4.96344,2.34311,-3.36176,104.065,-0.299613,5.14891,119.233,-0.0585823,-0.0549937,0.474771
-1.1725,-1.04478,2.79507,2.47517,-2.96365,104.437,0.0388414,5.54561,119.288,-0.0552633,-0.0505469,0.464872
-0.911819,-0.82138,2.22161,2.32598,-1.65527,106.345,-1.65892,3.4668,123.336,-0.0561015,-0.0477851,0.481604
-0.605702,-0.552191,1.65198,2.61416,-1.31034,106.484,-1.26952,3.96699,123.076,-0.0585264,-0.0481464,0.497909
-0.515961,-0.467841,1.44363,2.5828,0.218108,103.403,-2.92321,2.15797,124.435,-0.0672528,-0.0496895,0.552646
-0.405551,-0.368177,1.22462,2.90741,0.456292,103.669,-2.57926,2.70468,124.281,-0.08118,-0.0571438,0.620479
-0.363811,-0.325157,1.13354,2.92473,1.05451,99.1034,-4.14093,1.20802,123.42,-0.117076,-0.0705477,0.77735
-0.313819,-0.279,1.03121,3.31333,1.2086,99.3718,-3.83325,1.80843,123.599,-0.184746,-0.107309,1.01272
-0.302923,-0.266206,1.04096,3.69221,0.940934,94.1081,-4.83267,1.36211,121.031,-0.411633,-0.203717,1.63769
-0.320262,-0.279188,1.08879,4.08894,0.993559,94.6014,-4.56722,1.93803,121.607,-1.59445,-0.80619,3.8841
-0.438227,-0.382483,1.41896,4.84733,0.320228,88.2222,-4.72135,2.3045,113.401,-11.9806,-7.46547,21.1846
-0.992039,-0.848843,2.50866,5.22507,0.282123,88.9999,-4.42799,2.69871,114.496,-10.9157,-10.5172,26.1573
-9.82867,-8.19724,17.591,5.8234,-0.650787,78.7403,-4.27427,2.32642,91.2214,-5.50264,-10.4894,38.649
-21.2246,-16.6253,37.1797,5.9083,-0.508805,79.5812,-3.87318,2.37094,91.0603,-4.00956,-12.1571,52.3542
-15.3622,-9.05186,47.738,5.3372,-2.25781,63.3962,-5.46247,-0.309735,52.9072,-1.73645,-12.1155,68.8857
-11.6075,-2.55479,65.0069,5.10501,-0.935931,59.4085,-5.14381,0.564284,53.3249,-1.80374,-11.9001,71.1678
-1.81889,2.26296,63.1785,4.24492,-3.20271,41.7249,-4.51038,-2.81256,10.9415,-1.47353,-12.4343,112.835
-1.48849,2.43897,63.2508,4.50666,-3.03538,39.243,-1.90635,-1.06105,5.64395,-1.21802,-11.9573,113.069
2.00052,3.41135,72.0208,3.78192,-3.83257,35.5436,-0.86562,-0.594273,2.42335,1.36042,-8.81481,127.743
1.87617,3.26852,72.6941,3.5253,-3.97969,34.4137,-0.320247,-0.215834,1.2513,1.45192,-8.0952,127.336
3.25403,4.44297,80.475,1.83643,-3.60449,31.4233,-0.17657,-0.119771,0.796596,3.30331,-4.42344,122.144
3.11349,4.40112,80.6679,1.34738,-3.73207,30.4501,-0.0979626,-0.0650604,0.579632,3.31683,-3.96453,122.197
3.24936,5.68433,86.4336,-0.408899,-3.86539,27.0457,-0.0660008,-0.0433599,0.457097,3.86173,-2.17574,116.408
3.23452,5.72416,86.4453,-0.92455,-4.00376,25.3564,-0.0440959,-0.0287716,0.382146,3.99431,-1.91627,116.772
2.95542,6.59986,91.0416,-2.65782,-4.73302,21.3765,-0.0320198,-0.0209981,0.333754,4.16551,-1.34122,116.882
3.06613,6.68439,90.944,-3.07417,-4.80193,19.0041,-0.0234693,-0.0156379,0.300384,4.47038,-1.1336,117.13
2.78014,6.96457,95.8253,-4.65021,-5.42936,14.5322,-0.0180794,-0.0126048,0.279238,4.75171,-0.546967,121.229
3.08415,7.05122,95.363,-3.94119,-4.59972,11.7871,-0.0143387,-0.010484,0.263519,5.22003,-0.2493,121.001
3.08685,6.57981,100.29,-4.00916,-4.19951,9.29314,-0.0119949,-0.0097327,0.256219,5.29499,0.977977,125.443
3.21726,6.65231,100.377,-2.06219,-2.14012,5.28335,-0.0105508,-0.00906758,0.249805,5.64031,1.37867,124.612
3.76313,5.52401,103.085,-1.53462,-1.49486,3.68017,-0.0095955,-0.00958641,0.251227,3.55383,2.12959,123.848
4.02044,5.64107,102.752,-0.753549,-0.722341,2.1338,-0.00923044,-0.00981445,0.252443,3.9574,2.48893,123.393
4.72715,4.56266,100.081,-0.503263,-0.471598,1.50748,-0.00883393,-0.0115056,0.264484,2.15037,1.92147,122.659
4.92577,4.74736,99.9131,-0.300683,-0.277232,1.07332,-0.00933322,-0.0126657,0.275941,2.64143,2.19193,122.392
5.16363,3.92036,93.4214,-0.214291,-0.196622,0.856983,-0.00943025,-0.0160896,0.303874,1.78679,0.885284,121.104
5.22947,4.14446,93.8345,-0.152405,-0.13749,0.706821,-0.0110909,-0.0189919,0.333339,2.33645,1.04118,121.094
4.75104,3.70909,87.4189,-0.1226,-0.109028,0.630656,-0.0117583,-0.0270231,0.396482,1.97434,-0.617103,118.563
4.74023,3.9552,88.2188,-0.100921,-0.0873588,0.571151,-0.0162491,-0.0367275,0.476406,2.58435,-0.576651,119.037
3.59298,3.6829,83.8276,-0.0934243,-0.0766984,0.567075,-0.0188453,-0.0619817,0.640484,1.86194,-2.10821,119.295
3.60649,3.8983,84.7888,-0.0931483,-0.0727657,0.572788,-0.0345977,-0.115501,0.921842,2.54985,-2.1081,120.045
3.13888,5.09375,84.9372,-0.113811,-0.0782495,0.671876,-0.0434779,-0.339076,1.74858,1.70275,-2.95725,121.217
3.21514,5.30118,85.4788,-0.162155,-0.105154,0.830143,-0.661356,-3.40583,7.52193,2.35768,-2.82386,122.054
2.81853,7.45324,86.525,-0.390028,-0.199843,1.43598,-11.402,-17.9965,45.0359,1.04783,-2.71959,117.032
2.87807,7.56199,86.8169,-3.0603,-1.53568,5.86449,-9.84321,-7.41284,42.585,1.51267,-2.44169,117.486
1.84436,8.95026,79.6091,-26.9827,-18.4963,47.3305,-6.78223,-5.05645,51.397,0.417207,-1.4464,98.3789
1.93799,8.91423,79.1292,-10.7682,-14.902,46.3421,-8.93722,-6.557,60.6712,0.168053,-0.875699,96.7409
0.590605,8.39107,62.0175,-2.37278,-6.49082,55.5078,-5.77762,-4.44021,71.1348,-1.55397,-1.18066,61.6847
0.925716,8.15984,57.0194,-1.8738,-6.63299,60.3535,-5.53238,-4.37587,72.3524,-0.975392,-0.745581,60.5466
-0.228939,6.91352,43.5261,0.11379,0.788947,65.9627,-1.05136,0.182264,94.0043,-4.52555,-4.26464,14.3816
-0.379425,6.89829,40.5887,-0.00636691,0.608047,67.5629,-0.900722,0.465693,94.4249,-2.64559,-2.28845,8.88185
-1.5345,6.15401,38.1228,0.445458,4.70043,69.9028,2.85667,5.32222,105.675,-1.57813,-1.66541,4.34059
-1.94356,5.80224,37.2178,0.290388,4.33791,70.9003,3.25044,5.26566,105.537,-0.554006,-0.606372,2.05989
-2.38962,4.96026,38.9467,0.0624069,3.06497,73.1653,3.82326,8.65735,106.884,-0.313582,-0.345733,1.30849
-2.76944,4.37218,38.4272,-0.0487425,2.70626,73.9661,4.08746,8.67029,107.075,-0.179536,-0.198587,0.935226
-3.68346,2.08976,33.2367,0.0243484,-0.22157,78.2765,3.52607,9.98999,107.199,-0.126421,-0.137937,0.743311
-4.07023,1.53674,30.7247,0.0310655,-0.488486,78.9862,3.72039,10.046,107.732,-0.0905067,-0.0969947,0.623162
-6.08932,-3.31452,17.499,0.797133,-2.82484,86.235,3.31019,9.48514,110.138,-0.0723504,-0.0768259,0.550591
-5.23255,-2.85141,13.8313,0.783254,-2.94233,87.2194,3.47057,9.61934,110.715,-0.0582081,-0.0608028,0.497026
-5.64011,-4.70132,11.4512,1.74947,-3.5799,95.5763,2.90511,8.07573,114.93,-0.0507432,-0.052333,0.467579
-2.6104,-2.1896,5.94439,1.72894,-3.4339,96.3867,3.10648,8.31357,115.211,-0.0448381,-0.0451031,0.442374
-2.1998,-2.00619,4.76178,2.30208,-3.1356,104.619,1.79194,6.07801,119.51,-0.0420938,-0.0411998,0.435544
-1.02453,-0.94965,2.61536,2.37622,-2.74808,104.813,2.07922,6.42752,119.517,-0.0402376,-0.0380132,0.429652
-0.78716,-0.739769,2.06223,2.20909,-1.52482,106.545,0.360369,4.36132,123.596,-0.0414415,-0.0357082,0.448074
-0.520789,-0.498445,1.54681,2.43119,-1.24524,106.774,0.669102,4.79675,123.343,-0.0436821,-0.0360308,0.467486
-0.437095,-0.41683,1.34132,2.48973,0.181886,103.822,-0.906804,2.99756,124.251,-0.0511425,-0.0365071,0.523343
-0.339075,-0.325264,1.13942,2.78229,0.388707,104.082,-0.628373,3.50533,124.132,-0.0615271,-0.0416776,0.588163
-0.303133,-0.286809,1.05898,2.90379,0.959154,99.5473,-2.02211,2.0032,122.63,-0.0874827,-0.0481851,0.733215
-0.265437,-0.250275,0.978349,3.25093,1.08491,99.8706,-1.78225,2.54882,122.897,-0.135267,-0.0701483,0.947257
-0.262125,-0.245264,1.01017,3.64766,0.766568,94.8346,-2.90856,2.00173,120.682,-0.288168,-0.114141,1.49288
-0.290346,-0.269368,1.08892,4.01455,0.807384,95.3415,-2.69201,2.54274,121.294,-1.01006,-0.399226,3.16938
-0.424336,-0.396208,1.49252,4.78346,0.307059,88.8394,-2.92074,2.94563,113.328,-9.03242,-4.65048,17.3675
-1.09521,-0.996047,2.85645,5.14304,0.221404,89.8329,-2.56771,3.21765,114.427,-10.1443,-10.6699,29.6509
-11.1158,-9.85479,20.6516,5.72005,-0.44329,79.4493,-2.82809,2.78344,91.453,-3.28343,-9.21118,39.623
-19.4406,-15.725,37.3388,5.80084,-0.344269,80.2922,-2.50638,2.86101,91.4208,-2.7084,-10.4631,48.9518
-11.6666,-5.27878,54.9166,5.04194,-1.76234,61.9791,-4.68956,0.100291,51.4966,-0.904487,-11.1255,70.5053
-8.05602,-0.685513,59.307,5.07968,-0.885369,58.5696,-4.32585,0.777754,51.8862,-1.11215,-11.2822,73.5338
-0.338703,2.94734,62.5992,4.2613,-3.20001,41.5419,-4.44257,-2.86813,10.6572,-0.129556,-11.1556,113.618
-0.328897,2.92836,63.6995,4.48366,-3.00722,39.0777,-1.78166,-1.04001,5.24543,0.10968,-10.6734,113.783
3.22536,4.02111,72.5364,3.70161,-3.80797,35.3541,-0.814506,-0.570055,2.2941,2.81623,-7.28839,127.456
3.06854,3.87012,73.1276,3.41363,-3.97793,34.352,-0.307431,-0.209991,1.22379,2.84697,-6.51874,126.768
4.47105,5.13183,81.0669,1.68348,-3.56865,31.5231,-0.177982,-0.122163,0.802438,4.6145,-3.03985,121.33
4.35298,5.10128,81.2392,1.18919,-3.69154,30.5267,-0.101283,-0.0681553,0.591589,4.65653,-2.60161,121.46
4.64257,6.49246,86.8381,-0.495274,-3.84154,27.1344,-0.0692874,-0.0461692,0.470292,5.19457,-0.910745,116.118
4.6473,6.54437,86.8577,-1.00811,-3.97936,25.3394,-0.0468583,-0.0310062,0.395139,5.36742,-0.641594,116.472
4.51436,7.45433,91.5437,-2.77405,-4.74702,20.8895,-0.0343769,-0.0228709,0.34649,5.57361,-0.00552363,117.046
4.63348,7.5519,91.496,-3.17473,-4.78091,18.1656,-0.0254714,-0.0171958,0.312788,5.91473,0.22336,117.262
4.48656,7.86514,96.4513,-4.53607,-5.31944,13.8112,-0.0198128,-0.013974,0.29174,6.26657,0.920931,121.44
4.84643,7.97434,95.8269,-3.7305,-4.45189,11.193,-0.0158737,-0.0116716,0.275741,6.78496,1.27325,121.078
4.8821,7.37831,101.194,-3.64231,-3.90403,8.66016,-0.0133098,-0.0107972,0.268723,6.38795,2.49011,124.471
5.07747,7.49028,101.29,-1.89318,-2.02293,5.02311,-0.0117718,-0.0100725,0.262651,6.76984,2.91442,123.725
5.75129,6.51998,103.557,-1.42655,-1.43436,3.54307,-0.0107185,-0.0105645,0.264958,4.71136,3.66815,122.824
6.06889,6.68346,103.287,-0.721535,-0.717592,2.1204,-0.0103823,-0.0107966,0.266708,5.17021,4.05813,122.444
6.77326,5.7221,100.755,-0.492396,-0.479868,1.52615,-0.00990221,-0.01246,0.279897,3.66066,3.51782,122.41
7.05157,5.9614,100.61,-0.299425,-0.288602,1.10629,-0.0105061,-0.0136081,0.291653,4.2183,3.85203,122.144
7.20123,5.1244,94.2027,-0.217177,-0.209182,0.896579,-0.0104361,-0.0168436,0.320435,3.64912,2.58626,121.442
7.38519,5.40097,94.5302,-0.156975,-0.149745,0.749315,-0.0121442,-0.0198463,0.351526,4.26086,2.84557,121.357
6.88516,5.00013,88.0607,-0.128082,-0.121724,0.677992,-0.0125267,-0.0274189,0.417275,4.11956,1.28799,118.893
7.02077,5.30606,88.7517,-0.107689,-0.100566,0.625507,-0.0170118,-0.0369674,0.501109,4.81591,1.46218,119.262
5.89261,5.11183,84.5349,-0.101311,-0.0913469,0.636943,-0.0184278,-0.0587587,0.663726,4.32987,0.0795036,119.325
6.06318,5.36721,85.3373,-0.10422,-0.0902493,0.663842,-0.0313902,-0.0965412,0.900121,5.11797,0.183967,120.147
-1.59909,-1.34993,3.62394,6.34746,1.26829,83.1901,-3.14565,3.51839,121.522,-9.7445,-5.69441,19.9
-4.10076,-3.2844,7.81386,6.61422,-1.44448,84.5534,-2.28537,3.54885,94.0454,-10.5409,-12.9897,46.337
-6.03516,-4.65398,10.9025,7.43309,-0.828397,80.995,-1.83742,3.09946,94.7837,-6.43376,-14.5404,60.1442
-12.4502,-9.79939,22.4681,6.34105,-2.37376,61.7437,-4.88736,-0.0131665,54.902,-2.28264,-12.4864,74.9878
-22.8841,-15.7014,60.9096,5.75465,-0.408081,56.6911,-4.48699,1.30744,55.009,-1.86793,-11.7473,76.586
-9.95424,-3.7689,87.9189,3.91171,-2.27061,38.6678,-5.40706,-3.26297,12.0503,0.10137,-10.5042,116.857
-3.11311,0.499092,66.9867,4.52554,-2.64083,36.9231,-2.22747,-1.23723,5.92172,0.397396,-10.059,116.782
1.28506,2.05771,73.0737,3.75849,-3.57162,33.6458,-1.02128,-0.699273,2.60815,3.70995,-6.25041,130.093
1.13269,1.96119,73.9054,3.49547,-3.7313,32.6502,-0.366689,-0.245705,1.31823,3.87632,-5.36753,129.152
2.54277,3.32773,82.0027,1.65579,-3.38574,29.5674,-0.209026,-0.141003,0.852647,5.7403,-1.79316,122.655
2.49528,3.37326,82.0941,1.1813,-3.4891,28.5494,-0.117426,-0.0776521,0.619081,5.89611,-1.26099,122.645
2.75251,4.65333,87.6508,-0.560779,-3.6801,25.4302,-0.0796765,-0.0521564,0.488285,6.30488,0.273,117.182
2.81373,4.77255,87.5828,-1.14355,-3.81745,23.4118,-0.053637,-0.0348139,0.407019,6.57989,0.623692,117.411
2.56246,5.66015,92.2738,-3.0177,-4.56295,18.7864,-0.0391605,-0.0254893,0.354896,6.86211,1.23856,118.062
2.74128,5.81901,92.1068,-3.36732,-4.49565,15.8692,-0.0290159,-0.0190966,0.318631,7.28866,1.53332,118.185
2.5859,6.00062,96.5582,-4.51934,-4.94859,12.5684,-0.0226213,-0.0154326,0.295547,7.82534,2.44707,122.372
3.02442,6.15267,95.8194,-3.60168,-3.98263,9.92429,-0.0181684,-0.0128373,0.277767,8.41859,2.83939,121.915
3.07052,5.42948,100.563,-3.62328,-3.64324,8.14497,-0.0153325,-0.0118215,0.269446,8.14935,4.18106,124.812
3.32899,5.57508,100.509,-1.88281,-1.87668,4.68906,-0.0136152,-0.0110225,0.262358,8.59791,4.62406,124.058
3.97419,4.51221,102.553,-1.47205,-1.38535,3.44803,-0.0125865,-0.0115706,0.263936,6.70123,5.29674,123.726
4.31757,4.70673,102.176,-0.761397,-0.704887,2.07391,-0.0123063,-0.0118609,0.265109,7.21993,5.70652,123.286
4.98166,3.74269,99.2993,-0.525325,-0.476994,1.50763,-0.0121907,-0.0137999,0.277669,5.84269,5.19923,123.451
5.25093,3.99451,99.1431,-0.323294,-0.289104,1.08955,-0.0131167,-0.0152082,0.289326,6.44963,5.53765,123.132
5.484,3.25126,92.7112,-0.235187,-0.209669,0.87908,-0.0141305,-0.0194686,0.319156,5.89523,4.27691,122.218
5.62602,3.54377,93.1006,-0.169876,-0.149138,0.727661,-0.0171192,-0.0232819,0.350598,6.579,4.5179,122.168
5.23261,3.20529,86.4542,-0.138421,-0.120124,0.651637,-0.0208402,-0.0340127,0.41954,6.24386,2.93674,119.453
5.305,3.521,87.2552,-0.115285,-0.0976565,0.590974,-0.0304902,-0.0477964,0.508415,7.02165,3.07806,119.938
4.28564,3.46883,83.1202,-0.108435,-0.0875716,0.588941,-0.0468624,-0.0855975,0.695984,6.45398,1.74958,120.224
4.39228,3.7526,84.0722,-0.109909,-0.0849566,0.597436,-0.100214,-0.175034,1.04336,7.33664,1.86819,120.98
4.03794,5.11126,84.4287,-0.138793,-0.0960064,0.707665,-0.33911,-0.684219,2.33068,6.74315,1.19819,121.89
4.26045,5.38327,84.7359,-0.205501,-0.134856,0.88991,-7.64439,-11.3469,20.2365,7.5035,1.61947,122.54
4.005,7.66312,85.8867,-0.550072,-0.302734,1.64788,-18.061,-18.7891,44.7864,6.41368,1.55802,117.472
4.16935,7.85646,85.9117,-6.16787,-3.51211,10.315,-12.592,-9.32136,44.7994,6.94772,2.09424,117.446
3.01729,9.30982,78.6868,-28.7771,-20.7253,48.3468,-10.578,-7.31219,56.4511,4.74139,2.51044,96.9797
3.02786,9.47178,78.7242,-13.8091,-14.9139,38.8734,-12.0209,-8.25021,62.5026,4.63899,3.02466,95.4983
1.96359,8.99465,62.1493,-5.24397,-9.6907,58.5407,-8.83777,-5.92022,71.3943,1.16913,1.33745,61.7895
2.31698,8.80347,57.3166,-3.42483,-8.91757,63.4599,-8.49201,-5.81216,72.6014,1.88912,1.85075,60.8518
0.727346,7.36912,43.2714,-0.810028,-0.420989,66.3392,-4.27431,-1.60423,94.6539,-4.85989,-4.15464,14.7537
0.567121,7.32063,39.9216,-0.713522,-0.367603,67.4457,-3.9139,-1.24721,95.1248,-2.94051,-2.3175,9.11638
-0.737826,6.4693,37.0608,-0.152698,3.85537,69.8025,-0.101933,3.38896,106.649,-2.27313,-2.2295,5.43904
-1.15717,6.1606,36.145,-0.248831,3.5712,70.7452,0.436152,3.43276,106.442,-0.779205,-0.79286,2.42579
-1.61766,5.38094,37.859,-0.493687,2.34762,73.2379,1.1371,6.83697,107.931,-0.457986,-0.470171,1.55455
-2.00445,4.82519,37.4809,-0.54279,2.06978,73.9636,1.51166,6.94068,108.075,-0.261908,-0.269749,1.08474
-3.06767,2.49298,32.3163,-0.410047,-0.764898,78.4763,1.14307,8.28451,108.342,-0.185229,-0.188494,0.855953
-3.56541,1.82827,29.2549,-0.330752,-1.02269,79.2386,1.43271,8.40042,108.813,-0.132539,-0.132765,0.709187
-5.88824,-3.33226,16.0589,0.529769,-3.44654,86.7654,0.998958,7.99653,110.714,-0.105703,-0.105243,0.622668
-4.79877,-2.73091,12.0587,0.593958,-3.48185,87.6579,1.25214,8.21258,111.235,-0.0846895,-0.0832099,0.557085
-5.36295,-4.35602,10.6907,1.65016,-3.96662,95.4765,0.724294,6.902,115.127,-0.0730576,-0.0712275,0.519981
-2.57446,-2.09099,5.70828,1.70873,-3.69755,96.1314,1.01637,7.24111,115.359,-0.0637538,-0.0608122,0.486896
-2.36888,-2.08762,4.948,2.34312,-3.36298,104.069,-0.30026,5.14702,119.232,-0.0585861,-0.0549972,0.474786
-1.16863,-1.04137,2.7881,2.47527,-2.96359,104.439,0.0382375,5.54445,119.287,-0.0552669,-0.0505505,0.464885
-0.908785,-0.818652,2.21611,2.3262,-1.65463,106.346,-1.65952,3.46594,123.335,-0.0561051,-0.0477888,0.481616
-0.603989,-0.550626,1.64873,2.61444,-1.30937,106.485,-1.2701,3.96634,123.075,-0.0585299,-0.0481502,0.49792
-0.514607,-0.466607,1.44106,2.58313,0.219134,103.403,-2.92381,2.1574,124.434,-0.0672565,-0.0496939,0.552658
-0.40464,-0.367346,1.22284,2.90778,0.457371,103.669,-2.57985,2.70418,124.281,-0.0811839,-0.0571492,0.62049
-0.363084,-0.324506,1.13211,2.92511,1.05554,99.1035,-4.14152,1.20756,123.419,-0.117081,-0.0705554,0.777361
-0.313292,-0.278533,1.03016,3.31375,1.20964,99.3719,-3.83383,1.80801,123.598,-0.184752,-0.107321,1.01273
-0.302473,-0.265817,1.04005,3.69265,0.941901,94.1083,-4.83323,1.36174,121.03,-0.411636,-0.203742,1.63768
-0.319849,-0.278839,1.08797,4.08941,0.994514,94.6016,-4.56777,1.93768,121.606,-1.59433,-0.806233,3.88391
-0.437672,-0.382024,1.4179,4.8478,0.321093,88.2225,-4.72186,2.30421,113.401,-11.9793,-7.46527,21.1827
-0.990631,-0.847698,2.50622,5.2256,0.282945,89.0003,-4.42849,2.69842,114.496,-10.9159,-10.5175,26.1565
-9.82054,-8.19113,17.5781,5.82405,-0.650475,78.7413,-4.27465,2.326,91.2212,-5.5038,-10.4904,38.6487
-21.2345,-16.6342,37.1969,5.9085,-0.50744,79.5808,-3.87361,2.37111,91.06,-4.01003,-12.1578,52.3555
-15.3653,-9.0538,47.7527,5.33732,-2.25669,63.3958,-5.46272,-0.309587,52.9069,-1.73669,-12.1157,68.8859
-11.6068,-2.55457,65.0054,5.1054,-0.935331,59.4088,-5.14404,0.564225,53.3248,-1.80396,-11.9003,71.1676
-1.81882,2.26276,63.1772,4.24518,-3.20233,41.7252,-4.51037,-2.81254,10.9414,-1.47383,-12.4345,112.835
-1.4888,2.43855,63.2508,4.5069,-3.03496,39.2432,-1.90634,-1.06105,5.64393,-1.21829,-11.9575,113.069
2.00013,3.41086,72.021,3.78214,-3.83218,35.5437,-0.865612,-0.594267,2.42334,1.36014,-8.81502,127.743
1.87582,3.26805,72.6942,3.52552,-3.97929,34.4138,-0.320245,-0.215833,1.25129,1.45167,-8.09538,127.336
3.25367,4.44247,80.4751,1.83664,-3.60412,31.4233,-0.176569,-0.119771,0.796595,3.30308,-4.42358,122.143
3.11316,4.40065,80.668,1.3476,-3.7317,30.4502,-0.0979622,-0.0650603,0.579632,3.31662,-3.96465,122.197
3.24902,5.68384,86.4336,-0.408696,-3.86506,27.0458,-0.0660007,-0.0433599,0.457097,3.86155,-2.17584,116.408
3.23421,5.72369,86.4453,-0.924349,-4.00345,25.3565,-0.0440959,-0.0287717,0.382147,3.99415,-1.91635,116.772
2.9551,6.59938,91.0417,-2.65768,-4.73278,21.3765,-0.0320198,-0.0209982,0.333755,4.16537,-1.34127,116.882
3.06581,6.68393,90.9441,-3.07409,-4.8017,19.0038,-0.0234694,-0.015638,0.300385,4.47025,-1.13364,117.13
2.77982,6.9641,95.8254,-4.65014,-5.42919,14.5318,-0.0180795,-0.0126049,0.27924,4.75159,-0.546997,121.229
3.08385,7.05078,95.363,-3.94107,-4.59951,11.7866,-0.0143388,-0.0104842,0.263521,5.21992,-0.24931,121.001
3.08658,6.57936,100.29,-4.00912,-4.19945,9.293,-0.0119951,-0.0097329,0.256221,5.29492,0.977987,125.443
3.21703,6.65187,100.376,-2.06222,-2.14014,5.28339,-0.0105509,-0.00906781,0.249807,5.64027,1.3787,124.612
3.76294,5.52358,103.085,-1.53475,-1.49498,3.68039,-0.00959564,-0.00958668,0.25123,3.55382,2.12964,123.848
4.02026,5.64065,102.752,-0.753631,-0.722417,2.13395,-0.0092306,-0.00981478,0.252447,3.9574,2.48898,123.393
4.72699,4.56225,100.081,-0.503337,-0.471666,1.50762,-0.00883411,-0.011506,0.264488,2.1504,1.92153,122.659
4.92561,4.74697,99.9128,-0.300731,-0.277275,1.07342,-0.00933346,-0.0126663,0.275946,2.64146,2.192,122.392
5.16349,3.92,93.4211,-0.214331,-0.196657,0.857068,-0.00943055,-0.0160905,0.30388,1.78683,0.885363,121.104
5.22933,4.1441,93.8342,-0.152435,-0.137517,0.706894,-0.0110913,-0.0189932,0.333348,2.33649,1.04126,121.094
4.75091,3.70876,87.4186,-0.122628,-0.109052,0.630726,-0.011759,-0.0270254,0.396497,1.9744,-0.617015,118.563
4.74009,3.95488,88.2185,-0.100947,-0.0873798,0.571219,-0.0162505,-0.0367319,0.47643,2.58441,-0.576557,119.037
3.59284,3.6826,83.8273,-0.0934513,-0.0767199,0.567152,-0.0188477,-0.0619922,0.640532,1.862,-2.10811,119.295
3.60634,3.898,84.7885,-0.0931797,-0.0727897,0.572878,-0.0346058,-0.115532,0.921956,2.54992,-2.10799,120.045
3.13872,5.09345,84.9369,-0.113861,-0.0782836,0.672015,-0.0435035,-0.339257,1.74905,1.7028,-2.95714,121.217
3.215,5.30088,85.4784,-0.162251,-0.105217,0.830384,-0.662757,-3.41051,7.52919,2.35767,-2.82366,122.054
2.81836,7.45287,86.5247,-0.390446,-0.200067,1.43681,-11.4071,-17.9979,45.0468,1.04774,-2.71935,117.032
2.87816,7.56156,86.8162,-3.06966,-1.54081,5.87854,-9.83914,-7.40928,42.5734,1.51309,-2.44177,117.486
1.84481,8.94967,79.6074,-26.9926,-18.5108,47.357,-6.78119,-5.05542,51.3938,0.41753,-1.44628,98.3789
1.93744,8.91409,79.1298,-10.7566,-14.8923,46.3226,-8.93743,-6.55725,60.6717,0.167829,-0.875659,96.7409
0.590211,8.39094,62.018,-2.37014,-6.48657,55.4959,-5.77771,-4.44034,71.135,-1.55407,-1.18066,61.6847
0.925563,8.15959,57.0193,-1.87348,-6.63254,60.353,-5.53237,-4.37584,72.3523,-0.975413,-0.745559,60.5465
-0.22903,6.91333,43.5259,0.113893,0.789092,65.963,-1.05135,0.182305,94.0042,-4.52554,-4.26464,14.3817
-0.379519,6.89811,40.5886,-0.00620947,0.608309,67.5628,-0.900727,0.465723,94.4249,-2.6456,-2.28845,8.88189
-1.53459,6.15383,38.1227,0.445623,4.70071,69.9027,2.85665,5.32225,105.675,-1.57813,-1.66542,4.34059
-1.94365,5.80206,37.2177,0.290546,4.33819,70.9002,3.25041,5.26568,105.537,-0.554005,-0.606373,2.05989
-2.38972,4.96006,38.9466,0.062563,3.06524,73.1652,3.82322,8.65737,106.884,-0.313582,-0.345733,1.30849
-2.76954,4.37197,38.4271,-0.0485912,2.70652,73.9661,4.08741,8.67031,107.075,-0.179536,-0.198587,0.935227
-3.68354,2.08957,33.2366,0.0245038,-0.221317,78.2765,3.52601,9.99,107.199,-0.126421,-0.137937,0.743312
-4.0703,1.53659,30.7247,0.0312149,-0.488234,78.9862,3.72032,10.046,107.732,-0.0905065,-0.0969947,0.623163
-6.08935,-3.31453,17.4992,0.797293,-2.82456,86.2349,3.31012,9.48514,110.137,-0.0723503,-0.0768258,0.550592
-5.23261,-2.85141,13.8315,0.783415,-2.94208,87.2194,3.47049,9.61932,110.715,-0.058208,-0.0608028,0.497027
-5.64007,-4.70124,11.4511,1.74965,-3.57968,95.5763,2.90503,8.07567,114.93,-0.0507432,-0.0523331,0.46758
-2.61024,-2.18944,5.94409,1.72911,-3.43372,96.3869,3.10638,8.31349,115.211,-0.0448381,-0.0451032,0.442375
-2.19953,-2.00594,4.7613,2.30227,-3.13541,104.619,1.79184,6.07792,119.51,-0.0420938,-0.0411999,0.435545
-1.02442,-0.949543,2.61516,2.3764,-2.74785,104.813,2.07911,6.42745,119.517,-0.0402377,-0.0380133,0.429654
-0.787074,-0.739682,2.06206,2.20928,-1.52458,106.545,0.360252,4.36125,123.596,-0.0414416,-0.0357083,0.448075
-0.520739,-0.498393,1.54671,2.43137,-1.245,106.774,0.668979,4.79668,123.342,-0.0436822,-0.036031,0.467488
-0.437055,-0.416789,1.34125,2.4899,0.182125,103.822,-0.906932,2.99749,124.251,-0.0511427,-0.0365073,0.523345
-0.339047,-0.325235,1.13937,2.78246,0.388945,104.082,-0.628505,3.50526,124.131,-0.0615274,-0.0416779,0.588165
-0.30311,-0.286786,1.05894,2.90395,0.959379,99.5474,-2.02224,2.00312,122.63,-0.0874833,-0.0481855,0.733218
-0.26542,-0.250257,0.978314,3.2511,1.08513,99.8706,-1.78239,2.54874,122.897,-0.135269,-0.0701491,0.947263
-0.26211,-0.245248,1.01014,3.64781,0.766778,94.8346,-2.90869,2.00165,120.681,-0.288173,-0.114143,1.49289
-0.290331,-0.269352,1.08889,4.0147,0.807593,95.3415,-2.69215,2.54266,121.294,-1.01009,-0.399242,3.16944
-0.424313,-0.396185,1.49248,4.7836,0.307252,88.8394,-2.92087,2.94555,113.328,-9.03268,-4.6507,17.368
-1.09514,-0.995977,2.85633,5.14319,0.221592,89.8329,-2.56785,3.21756,114.427,-10.1441,-10.6698,29.6507
-11.1155,-9.85444,20.6511,5.72018,-0.443141,79.4494,-2.82821,2.78336,91.453,-3.28332,-9.21106,39.6227
-19.441,-15.7252,37.3396,5.80095,-0.344074,80.2922,-2.5065,2.86095,91.4208,-2.70836,-10.463,48.9517
-11.6666,-5.27862,54.9173,5.04202,-1.76219,61.9791,-4.68962,0.100252,51.4965,-0.904468,-11.1255,70.5053
-8.05588,-0.685455,59.3065,5.07978,-0.885267,58.5697,-4.32592,0.777696,51.8862,-1.11213,-11.2822,73.5338
-0.338688,2.94732,62.5992,4.26136,-3.19994,41.542,-4.44256,-2.86812,10.6572,-0.129525,-11.1555,113.618
-0.328905,2.92833,63.6995,4.48372,-3.00714,39.0777,-1.78165,-1.04001,5.24543,0.109711,-10.6733,113.783
3.22536,4.02107,72.5365,3.70166,-3.8079,35.3541,-0.814502,-0.570052,2.29409,2.81626,-7.28837,127.456
3.06853,3.87008,73.1276,3.41368,-3.97786,34.3521,-0.307429,-0.20999,1.22378,2.847,-6.5187,126.768
4.47105,5.13179,81.0669,1.68353,-3.56859,31.5231,-0.177981,-0.122162,0.802437,4.61452,-3.03982,121.33
4.35298,5.10125,81.2392,1.18923,-3.69148,30.5268,-0.101282,-0.0681549,0.591588,4.65656,-2.60158,121.46
4.64257,6.49242,86.8382,-0.495233,-3.84149,27.1344,-0.069287,-0.046169,0.470291,5.19459,-0.910717,116.118
4.64729,6.54433,86.8577,-1.00807,-3.97931,25.3394,-0.046858,-0.0310061,0.395138,5.36744,-0.641568,116.472
4.51435,7.45429,91.5437,-2.77402,-4.74698,20.8895,-0.0343767,-0.0228708,0.34649,5.57363,-0.00549891,117.046
4.63347,7.55186,91.496,-3.17471,-4.78088,18.1656,-0.0254713,-0.0171957,0.312787,5.91475,0.223383,117.262
4.48655,7.86509,96.4513,-4.53606,-5.31943,13.8111,-0.0198126,-0.0139739,0.29174,6.26659,0.920954,121.44
4.84642,7.97429,95.8269,-3.73048,-4.45188,11.1929,-0.0158736,-0.0116716,0.275741,6.78498,1.27327,121.078
4.8821,7.37826,101.194,-3.64232,-3.90404,8.66016,-0.0133098,-0.0107971,0.268723,6.38797,2.49014,124.471
5.07746,7.49023,101.29,-1.89319,-2.02294,5.02311,-0.0117717,-0.0100725,0.262651,6.76986,2.91444,123.725
5.75128,6.51993,103.557,-1.42656,-1.43438,3.54309,-0.0107185,-0.0105645,0.264958,4.71138,3.66817,122.824
6.06889,6.68341,103.287,-0.721539,-0.717599,2.12041,-0.0103822,-0.0107965,0.266708,5.17023,4.05814,122.444
6.77325,5.72205,100.755,-0.492399,-0.479873,1.52616,-0.00990215,-0.01246,0.279897,3.66068,3.51783,122.41
7.05157,5.96135,100.61,-0.299427,-0.288605,1.1063,-0.0105061,-0.0136081,0.291653,4.21832,3.85204,122.144
7.20122,5.12435,94.2027,-0.217178,-0.209184,0.896581,-0.010436,-0.0168436,0.320435,3.64914,2.58626,121.442
7.38518,5.40091,94.5302,-0.156976,-0.149747,0.749316,-0.0121441,-0.0198463,0.351526,4.26088,2.84557,121.357
6.88515,5.00007,88.0607,-0.128083,-0.121725,0.677993,-0.0125266,-0.0274189,0.417276,4.11958,1.28799,118.893
7.02076,5.306,88.7517,-0.107689,-0.100566,0.625507,-0.0170117,-0.0369674,0.50111,4.81593,1.46218,119.262
5.8926,5.11176,84.5349,-0.101311,-0.0913472,0.636944,-0.0184276,-0.0587588,0.663727,4.32989,0.0794984,119.325
6.06317,5.36715,85.3373,-0.10422,-0.0902495,0.663843,-0.0313901,-0.0965416,0.900123,5.11799,0.183961,120.147
-1.59895,-1.34981,3.6237,6.34748,1.26825,83.1902,-3.14559,3.51834,121.521,-9.74438,-5.69434,19.8998
-4.09964,-3.2835,7.81203,6.61425,-1.44454,84.5535,-2.28532,3.5488,94.0452,-10.5408,-12.9896,46.3365
-6.03382,-4.65292,10.9003,7.43314,-0.828432,80.9951,-1.83737,3.09943,94.7835,-6.43371,-14.5403,60.1439
-12.4498,-9.79891,22.4671,6.34108,-2.37373,61.7436,-4.88732,-0.0131576,54.9018,-2.28257,-12.4863,74.9875
-22.885,-15.7021,60.9096,5.75465,-0.408005,56.6909,-4.48695,1.30749,55.0087,-1.86785,-11.7472,76.5857
-9.95484,-3.76921,87.9203,3.91169,-2.2705,38.6675,-5.40703,-3.26294,12.0503,0.101461,-10.5041,116.857
-3.11323,0.499064,66.9867,4.52554,-2.64076,36.9229,-2.22747,-1.23722,5.92169,0.39748,-10.0589,116.782
1.285,2.05771,73.0735,3.7585,-3.57156,33.6456,-1.02128,-0.69927,2.60814,3.71004,-6.25028,130.093
1.13263,1.9612,73.9052,3.49548,-3.73124,32.65,-0.36669,-0.245705,1.31823,3.87643,-5.36739,129.151
2.54272,3.32774,82.0024,1.65581,-3.38569,29.5672,-0.209027,-0.141002,0.852646,5.74041,-1.79302,122.655
2.49525,3.37327,82.0938,1.18132,-3.48905,28.5491,-0.117427,-0.077652,0.61908,5.89623,-1.26085,122.645
2.75249,4.65335,87.6504,-0.560755,-3.68005,25.43,-0.0796769,-0.0521563,0.488285,6.30502,0.273144,117.182
2.81371,4.77258,87.5824,-1.14355,-3.81739,23.4114,-0.0536373,-0.0348137,0.407019,6.58004,0.623838,117.411
2.56244,5.66018,92.2734,-3.01773,-4.56286,18.7857,-0.0391608,-0.0254892,0.354896,6.86228,1.23871,118.062
2.74128,5.81905,92.1064,-3.36733,-4.49547,15.8684,-0.0290161,-0.0190965,0.318631,7.28885,1.53347,118.185
2.58594,6.00066,96.5576,-4.51923,-4.94832,12.5679,-0.0226216,-0.0154325,0.295546,7.82557,2.44722,122.372
3.02452,6.15271,95.8187,-3.60168,-3.98241,9.924,-0.0181685,-0.0128372,0.277766,8.41887,2.83955,121.914
3.0707,5.42953,100.562,-3.62348,-3.64328,8.1452,-0.0153326,-0.0118214,0.269445,8.1497,4.18123,124.812
3.32924,5.57513,100.508,-1.88313,-1.87688,4.68957,-0.0136153,-0.0110224,0.262357,8.59832,4.62424,124.057
3.97448,4.51227,102.552,-1.4725,-1.38569,3.4488,-0.0125866,-0.0115704,0.263935,6.7017,5.29693,123.726
4.31789,4.70681,102.175,-0.761694,-0.705113,2.07445,-0.0123063,-0.0118608,0.265107,7.22044,5.70672,123.286
4.98199,3.74278,99.2979,-0.525586,-0.477197,1.50812,-0.0121907,-0.0137997,0.277668,5.84323,5.19944,123.45
5.25125,3.99462,99.1416,-0.323477,-0.289244,1.08992,-0.0131166,-0.015208,0.289324,6.4502,5.53787,123.132
5.48431,3.25137,92.7097,-0.235343,-0.209789,0.87941,-0.0141303,-0.0194683,0.319154,5.89583,4.27713,122.218
5.62632,3.54391,93.0991,-0.170003,-0.149235,0.727953,-0.0171189,-0.0232815,0.350596,6.57962,4.51813,122.168
5.23288,3.20543,86.4528,-0.138542,-0.120216,0.651932,-0.0208397,-0.0340119,0.419537,6.2445,2.93697,119.453
5.30525,3.52116,87.2537,-0.1154,-0.0977434,0.59127,-0.0304891,-0.0477953,0.508412,7.02231,3.0783,119.938
4.28584,3.469,83.1188,-0.108568,-0.0876678,0.589292,-0.04686,-0.0855955,0.695979,6.45467,1.74983,120.224
4.39246,3.75278,84.0708,-0.110072,-0.0850724,0.597866,-0.100208,-0.17503,1.04336,7.33736,1.86845,120.98
4.03808,5.11146,84.4273,-0.139076,-0.0961913,0.708374,-0.339086,-0.684218,2.3307,6.74389,1.19846,121.89
4.26058,5.38347,84.7345,-0.2061,-0.135239,0.891254,-7.64447,-11.3475,20.2374,7.50426,1.61975,122.541
4.00517,7.66331,85.8852,-0.553308,-0.304537,1.65365,-18.0608,-18.7888,44.7879,6.41447,1.55831,117.473
4.17206,7.85551,85.9048,-6.25841,-3.5686,10.451,-12.5908,-9.31951,44.7995,6.95015,2.09446,117.446
3.01818,9.30956,78.6829,-28.7741,-20.7508,48.3726,-10.5775,-7.311,56.4505,4.74187,2.51096,96.9799
3.02663,9.47253,78.7257,-13.761,-14.8798,38.8099,-12.0209,-8.25051,62.5024,4.63848,3.02486,95.4984
1.96265,8.99525,62.1506,-5.23046,-9.67316,58.4962,-8.83777,-5.92045,71.3943,1.16894,1.33746,61.7896
2.31681,8.80356,57.3159,-3.42307,-8.91524,63.4547,-8.49188,-5.81199,72.6014,1.8892,1.85083,60.8517
0.727325,7.36912,43.2704,-0.809452,-0.420572,66.3394,-4.27417,-1.60395,94.6537,-4.85984,-4.15459,14.7536
0.56708,7.32063,39.9207,-0.712833,-0.366914,67.4449,-3.91379,-1.24696,95.1247,-2.94045,-2.31747,9.11625
-0.737882,6.46928,37.06,-0.151968,3.85614,69.8015,-0.101852,3.38922,106.649,-2.27309,-2.22947,5.43896
-1.15723,6.16056,36.1443,-0.248121,3.57195,70.7442,0.436207,3.433,106.442,-0.779194,-0.792852,2.42577
-1.61774,5.38089,37.8583,-0.492982,2.34834,73.237,1.13712,6.8372,107.931,-0.457979,-0.470166,1.55453
-2.00454,4.82511,37.4803,-0.542097,2.07047,73.9626,1.51167,6.94091,108.075,-0.261904,-0.269746,1.08473
-3.06776,2.49287,32.3154,-0.409329,-0.764239,78.4754,1.14306,8.28472,108.342,-0.185225,-0.188492,0.855944
-3.56551,1.82805,29.2534,-0.33003,-1.02211,79.2378,1.43268,8.4006,108.813,-0.132536,-0.132764,0.70918
-5.88797,-3.33232,16.0581,0.530512,-3.44588,86.7645,0.998891,7.99675,110.714,-0.1057,-0.105242,0.622661
-4.79862,-2.73098,12.0591,0.594665,-3.48089,87.6565,1.25205,8.21298,111.235,-0.0846872,-0.0832087,0.557077
-5.36443,-4.35735,10.6937,1.65094,-3.96514,95.4742,0.724192,6.90267,115.127,-0.0730553,-0.071226,0.519974
-2.5774,-2.09333,5.71353,1.70962,-3.69569,96.1283,1.01629,7.24205,115.359,-0.0637515,-0.0608103,0.486888
-2.37345,-2.09159,4.95589,2.34406,-3.36125,104.066,-0.300388,5.14791,119.232,-0.0585838,-0.0549951,0.474778
-1.17061,-1.04311,2.79166,2.47615,-2.96255,104.437,0.0380627,5.54494,119.287,-0.0552647,-0.0505484,0.464878
-0.910331,-0.820039,2.21891,2.32703,-1.6539,106.345,-1.65975,3.46626,123.336,-0.0561029,-0.0477867,0.48161
-0.60486,-0.55142,1.65038,2.61523,-1.30883,106.484,-1.27035,3.96654,123.076,-0.0585277,-0.048148,0.497914
-0.515293,-0.467231,1.44236,2.58386,0.219593,103.403,-2.92409,2.15754,124.434,-0.0672542,-0.0496914,0.552652
-0.4051,-0.367765,1.22374,2.90848,0.457786,103.669,-2.58014,2.70428,124.281,-0.0811813,-0.0571461,0.620484
-0.36345,-0.324833,1.13284,2.92576,1.05593,99.1032,-4.14183,1.20763,123.419,-0.117077,-0.070551,0.777354
-0.313556,-0.278767,1.03069,3.31438,1.21,99.3716,-3.83416,1.80805,123.598,-0.184746,-0.107314,1.01272
-0.302698,-0.266011,1.0405,3.69322,0.942243,94.108,-4.83357,1.36175,121.03,-0.411626,-0.203726,1.63767
-0.320054,-0.279013,1.08838,4.08996,0.994857,94.6013,-4.56813,1.93768,121.606,-1.59431,-0.80617,3.88388
-0.437947,-0.382251,1.41843,4.84829,0.321414,88.2222,-4.72221,2.30419,113.401,-11.9794,-7.46497,21.1828
-0.991321,-0.84826,2.50742,5.22607,0.283294,88.9999,-4.42886,2.69839,114.496,-10.9158,-10.5173,26.1568
-9.8244,-8.19402,17.5842,5.82437,-0.649979,78.7407,-4.27495,2.32607,91.2211,-5.50333,-10.4899,38.6488
-21.2295,-16.6297,37.1882,5.90906,-0.507454,79.5809,-3.87389,2.37089,91.0599,-4.0098,-12.1575,52.3548
-15.3637,-9.05274,47.7454,5.33777,-2.25672,63.3959,-5.46287,-0.309732,52.9068,-1.73653,-12.1156,68.8857
-11.6071,-2.55464,65.0059,5.10569,-0.935144,59.4086,-5.14422,0.564181,53.3247,-1.80381,-11.9002,71.1675
-1.81886,2.26287,63.1777,4.24536,-3.2022,41.725,-4.51032,-2.81251,10.9414,-1.47364,-12.4345,112.835
-1.48866,2.43877,63.2507,4.50708,-3.03485,39.243,-1.90632,-1.06103,5.64391,-1.21812,-11.9574,113.069
2.0003,3.41111,72.0208,3.7823,-3.8321,35.5436,-0.865595,-0.594257,2.42332,1.36032,-8.81497,127.743
1.87597,3.2683,72.694,3.52567,-3.97922,34.4137,-0.32024,-0.21583,1.25129,1.45184,-8.09535,127.336
3.25383,4.44273,80.475,1.83678,-3.60406,31.4233,-0.176566,-0.119769,0.796592,3.30324,-4.42355,122.143
3.11331,4.4009,80.6679,1.34773,-3.73164,30.4501,-0.0979607,-0.0650595,0.57963,3.31676,-3.96463,122.197
3.24918,5.6841,86.4335,-0.408584,-3.86501,27.0458,-0.0659997,-0.0433594,0.457096,3.86168,-2.17582,116.408
3.23436,5.72395,86.4452,-0.924244,-4.0034,25.3565,-0.0440953,-0.0287714,0.382147,3.99427,-1.91634,116.771
2.95525,6.59965,91.0415,-2.6576,-4.73274,21.3764,-0.0320194,-0.0209981,0.333755,4.16548,-1.34127,116.882
3.06595,6.6842,90.9439,-3.07402,-4.80166,19.0036,-0.0234691,-0.0156379,0.300385,4.47036,-1.13364,117.13
2.77997,6.96437,95.8253,-4.65011,-5.42915,14.5317,-0.0180793,-0.0126049,0.27924,4.7517,-0.547,121.229
3.08401,7.05104,95.3629,-3.94105,-4.59947,11.7866,-0.0143386,-0.0104842,0.263521,5.22004,-0.249316,121
3.08675,6.57963,100.29,-4.00916,-4.19946,9.29305,-0.011995,-0.00973292,0.256222,5.29504,0.977978,125.443
3.21721,6.65215,100.376,-2.06227,-2.14017,5.28346,-0.0105508,-0.00906786,0.249808,5.64039,1.37869,124.611
3.76313,5.52386,103.084,-1.53481,-1.49503,3.68051,-0.00959558,-0.00958676,0.251231,3.55394,2.12963,123.848
4.02046,5.64094,102.751,-0.753675,-0.722452,2.13403,-0.00923056,-0.0098149,0.252448,3.95753,2.48898,123.393
4.72718,4.56253,100.08,-0.503374,-0.471697,1.50769,-0.00883409,-0.0115062,0.26449,2.15052,1.92152,122.659
4.9258,4.74725,99.9126,-0.300756,-0.277296,1.07347,-0.00933346,-0.0126666,0.275948,2.64158,2.19199,122.392
5.16367,3.92026,93.4208,-0.214351,-0.196674,0.857114,-0.00943057,-0.0160909,0.303883,1.78695,0.885354,121.104
5.22951,4.14437,93.834,-0.152452,-0.13753,0.706933,-0.0110914,-0.0189938,0.333352,2.33661,1.04126,121.094
4.75108,3.70901,87.4184,-0.122643,-0.109064,0.630765,-0.0117591,-0.0270265,0.396504,1.97451,-0.617022,118.563
4.74025,3.95513,88.2183,-0.10096,-0.0873905,0.571257,-0.0162509,-0.0367339,0.476441,2.58452,-0.576562,119.037
3.593,3.68284,83.8272,-0.0934664,-0.0767312,0.567195,-0.0188485,-0.0619973,0.640555,1.86211,-2.10811,119.295
3.60649,3.89825,84.7884,-0.0931975,-0.0728026,0.572929,-0.0346089,-0.115547,0.92201,2.55002,-2.10799,120.045
3.13886,5.0937,84.9368,-0.113889,-0.0783023,0.672095,-0.0435133,-0.339344,1.74927,1.70291,-2.95714,121.217
3.21515,5.30115,85.4782,-0.162306,-0.105252,0.830524,-0.663401,-3.41274,7.53266,2.35774,-2.82361,122.054
2.81849,7.4531,86.5246,-0.39069,-0.200195,1.4373,-11.4095,-17.9986,45.0519,1.04778,-2.71928,117.032
2.87844,7.56176,86.8159,-3.07516,-1.54379,5.88678,-9.83718,-7.40758,42.5678,1.51338,-2.44186,117.486
1.84528,8.94974,79.6064,-26.9985,-18.5192,47.3724,-6.78068,-5.05493,51.3923,0.417774,-1.44625,98.3789
1.93733,8.91442,79.1302,-10.7498,-14.8867,46.3112,-8.93754,-6.55742,60.672,0.167758,-0.875677,96.7409
0.590149,8.39119,62.0183,-2.36861,-6.48414,55.4889,-5.77776,-4.44044,71.1351,-1.55409,-1.18068,61.6847
0.925631,8.15975,57.0192,-1.87332,-6.63235,60.3527,-5.53237,-4.37586,72.3523,-0.975384,-0.745563,60.5465
-0.228964,6.91343,43.5258,0.113931,0.789102,65.9632,-1.05135,0.182295,94.0042,-4.52553,-4.26464,14.3816
-0.379462,6.89821,40.5885,-0.00614003,0.608387,67.5627,-0.900734,0.465708,94.4248,-2.64559,-2.28845,8.88187
-1.53453,6.15392,38.1226,0.445694,4.7008,69.9026,2.85663,5.32224,105.675,-1.57813,-1.66542,4.34059
-1.94361,5.80215,37.2176,0.290615,4.33827,70.9001,3.25039,5.26567,105.537,-0.554004,-0.606373,2.05989
-2.38967,4.96015,38.9465,0.0626326,3.06532,73.1651,3.8232,8.65736,106.884,-0.313581,-0.345733,1.30849
-2.76949,4.37206,38.427,-0.0485224,2.7066,73.966,4.08739,8.6703,107.074,-0.179536,-0.198587,0.935227
-3.68349,2.08965,33.2366,0.024578,-0.221233,78.2764,3.52598,9.98999,107.199,-0.126421,-0.137937,0.743312
-4.07025,1.53665,30.7246,0.0312901,-0.488156,78.9861,3.72029,10.046,107.732,-0.0905065,-0.0969948,0.623163
-6.08932,-3.31453,17.4991,0.797378,-2.82448,86.2349,3.31009,9.48513,110.137,-0.0723503,-0.076826,0.550592
-5.23257,-2.85142,13.8314,0.7835,-2.94199,87.2194,3.47046,9.61932,110.715,-0.058208,-0.0608029,0.497027
-5.64006,-4.70126,11.4511,1.74975,-3.57957,95.5763,2.90499,8.07568,114.93,-0.0507432,-0.0523332,0.46758
-2.61028,-2.1895,5.94418,1.7292,-3.4336,96.3868,3.10635,8.31351,115.211,-0.0448381,-0.0451033,0.442375
-2.19962,-2.00603,4.76146,2.30237,-3.13527,104.619,1.79181,6.07794,119.509,-0.0420938,-0.0412,0.435545
-1.02446,-0.949581,2.61522,2.37651,-2.74773,104.813,2.07908,6.42746,119.517,-0.0402377,-0.0380134,0.429654
-0.787103,-0.739714,2.06212,2.20938,-1.52446,106.545,0.360224,4.36125,123.596,-0.0414417,-0.0357084,0.448075
-0.520756,-0.498412,1.54675,2.43148,-1.24488,106.774,0.668952,4.79669,123.342,-0.0436823,-0.0360311,0.467488
-0.437069,-0.416804,1.34127,2.49001,0.182239,103.822,-0.906956,2.99749,124.251,-0.0511428,-0.0365075,0.523345
-0.339057,-0.325246,1.13939,2.78257,0.389059,104.082,-0.628529,3.50527,124.131,-0.0615276,-0.0416782,0.588166
-0.303118,-0.286795,1.05895,2.90406,0.959489,99.5473,-2.02226,2.00313,122.63,-0.0874836,-0.0481859,0.733219
-0.265426,-0.250264,0.978326,3.25121,1.08525,99.8706,-1.7824,2.54875,122.897,-0.135269,-0.0701499,0.947264
-0.262116,-0.245254,1.01015,3.64792,0.766884,94.8346,-2.90871,2.00166,120.681,-0.288174,-0.114145,1.49289
-0.290336,-0.269358,1.0889,4.01481,0.807702,95.3415,-2.69216,2.54267,121.294,-1.0101,-0.399252,3.16945
-0.424321,-0.396194,1.49249,4.7837,0.307356,88.8394,-2.92088,2.94556,113.328,-9.03275,-4.6508,17.3681
-1.09516,-0.996002,2.85637,5.1433,0.221699,89.8329,-2.56786,3.21758,114.427,-10.1441,-10.6699,29.6507
-11.1155,-9.85456,20.6512,5.72027,-0.443039,79.4494,-2.82821,2.78339,91.453,-3.28334,-9.2111,39.6226
-19.4409,-15.7252,37.3393,5.80106,-0.343983,80.2922,-2.5065,2.86097,91.4208,-2.70837,-10.4631,48.9517
-11.6667,-5.27879,54.917,5.04211,-1.76212,61.9791,-4.68962,0.100262,51.4965,-0.904473,-11.1256,70.5053
-8.05598,-0.685532,59.3068,5.07985,-0.885177,58.5697,-4.32592,0.777717,51.8862,-1.11213,-11.2822,73.5338
-0.338713,2.94731,62.5992,4.26142,-3.19988,41.542,-4.44256,-2.86813,10.6572,-0.129535,-11.1556,113.618
-0.328914,2.92832,63.6995,4.48377,-3.00709,39.0777,-1.78165,-1.04002,5.24543,0.109704,-10.6734,113.783
3.22534,4.02107,72.5364,3.70171,-3.80785,35.3541,-0.814502,-0.570055,2.29409,2.81625,-7.28844,127.456
3.06852,3.87008,73.1276,3.41373,-3.97781,34.3521,-0.307429,-0.209991,1.22378,2.84699,-6.51877,126.768
4.47104,5.13179,81.0669,1.68357,-3.56855,31.5231,-0.177982,-0.122163,0.802437,4.61452,-3.03987,121.33
4.35297,5.10125,81.2392,1.18928,-3.69144,30.5268,-0.101282,-0.0681553,0.591588,4.65655,-2.60163,121.46
4.64256,6.49243,86.8382,-0.495189,-3.84146,27.1344,-0.069287,-0.0461692,0.470291,5.19459,-0.910762,116.118
4.64729,6.54434,86.8577,-1.00803,-3.97928,25.3394,-0.0468581,-0.0310062,0.395139,5.36744,-0.64161,116.472
4.51435,7.45429,91.5437,-2.77399,-4.74696,20.8895,-0.0343768,-0.022871,0.34649,5.57364,-0.00553857,117.046
4.63347,7.55187,91.496,-3.17469,-4.78086,18.1655,-0.0254713,-0.0171959,0.312788,5.91476,0.223346,117.262
4.48655,7.8651,96.4514,-4.53604,-5.31942,13.8111,-0.0198127,-0.013974,0.29174,6.2666,0.920918,121.44
4.84643,7.97431,95.8269,-3.73046,-4.45186,11.1928,-0.0158736,-0.0116717,0.275741,6.78499,1.27324,121.078
4.88211,7.37828,101.194,-3.6423,-3.90404,8.66013,-0.0133098,-0.0107972,0.268724,6.38799,2.49011,124.471
5.07748,7.49025,101.29,-1.89318,-2.02293,5.0231,-0.0117718,-0.0100726,0.262651,6.76988,2.91442,123.725
5.75131,6.51996,103.557,-1.42656,-1.43438,3.54309,-0.0107185,-0.0105646,0.264959,4.7114,3.66814,122.824
6.06892,6.68344,103.287,-0.72154,-0.717602,2.12041,-0.0103822,-0.0107966,0.266708,5.17026,4.05812,122.444
6.77329,5.72208,100.755,-0.4924,-0.479876,1.52616,-0.00990217,-0.01246,0.279898,3.66072,3.51781,122.41
7.05161,5.96139,100.61,-0.299428,-0.288606,1.1063,-0.0105061,-0.0136082,0.291653,4.21835,3.85202,122.144
7.20126,5.12439,94.2027,-0.217179,-0.209185,0.896581,-0.010436,-0.0168437,0.320435,3.64918,2.58625,121.442
7.38522,5.40095,94.5302,-0.156976,-0.149747,0.749316,-0.0121442,-0.0198464,0.351527,4.26092,2.84556,121.357
6.8852,5.00011,88.0607,-0.128083,-0.121725,0.677993,-0.0125267,-0.0274191,0.417277,4.11963,1.28798,118.893
7.0208,5.30605,88.7517,-0.107689,-0.100567,0.625507,-0.0170118,-0.0369677,0.501111,4.81598,1.46217,119.262
5.89264,5.11181,84.5349,-0.101311,-0.0913475,0.636943,-0.0184277,-0.0587594,0.663729,4.32995,0.0794974,119.325
6.06322,5.36719,85.3373,-0.10422,-0.0902497,0.663842,-0.0313904,-0.0965429,0.900128,5.11805,0.183964,120.147
-1.59895,-1.34981,3.6237,6.34748,1.26825,83.1902,-3.14559,3.51834,121.521,-9.74438,-5.69434,19.8998
-4.09964,-3.2835,7.81203,6.61425,-1.44454,84.5535,-2.28532,3.5488,94.0452,-10.5408,-12.9896,46.3365
-6.03382,-4.65292,10.9003,7.43314,-0.828432,80.9951,-1.83737,3.09943,94.7835,-6.43371,-14.5403,60.1439
-12.4498,-9.79891,22.4671,6.34108,-2.37373,61.7436,-4.88732,-0.0131576,54.9018,-2.28257,-12.4863,74.9875
-22.885,-15.7021,60.9096,5.75465,-0.408005,56.6909,-4.48695,1.30749,55.0087,-1.86785,-11.7472,76.5857
-9.95484,-3.76921,87.9203,3.91169,-2.2705,38.6675,-5.40703,-3.26294,12.0503,0.101461,-10.5041,116.857
-3.11323,0.499064,66.9867,4.52554,-2.64076,36.9229,-2.22747,-1.23722,5.92169,0.39748,-10.0589,116.782
1.285,2.05771,73.0735,3.7585,-3.57156,33.6456,-1.02128,-0.69927,2.60814,3.71004,-6.25028,130.093
1.13263,1.9612,73.9052,3.49548,-3.73124,32.65,-0.36669,-0.245705,1.31823,3.87643,-5.36739,129.151
2.54272,3.32774,82.0024,1.65581,-3.38569,29.5672,-0.209027,-0.141002,0.852646,5.74041,-1.79302,122.655
2.49525,3.37327,82.0938,1.18132,-3.48905,28.5491,-0.117427,-0.077652,0.61908,5.89623,-1.26085,122.645
2.75249,4.65335,87.6504,-0.560755,-3.68005,25.43,-0.0796769,-0.0521563,0.488285,6.30502,0.273144,117.182
2.81371,4.77258,87.5824,-1.14355,-3.81739,23.4114,-0.0536373,-0.0348137,0.407019,6.58004,0.623838,117.411
2.56244,5.66018,92.2734,-3.01773,-4.56286,18.7857,-0.0391608,-0.0254892,0.354896,6.86228,1.23871,118.062
2.74128,5.81905,92.1064,-3.36733,-4.49547,15.8684,-0.0290161,-0.0190965,0.318631,7.28885,1.53347,118.185
2.58594,6.00066,96.5576,-4.51923,-4.94832,12.5679,-0.0226216,-0.0154325,0.295546,7.82557,2.44722,122.372
3.02452,6.15271,95.8187,-3.60168,-3.98241,9.924,-0.0181685,-0.0128372,0.277766,8.41887,2.83955,121.914
3.0707,5.42953,100.562,-3.62348,-3.64328,8.1452,-0.0153326,-0.0118214,0.269445,8.1497,4.18123,124.812
3.32924,5.57513,100.508,-1.88313,-1.87688,4.68957,-0.0136153,-0.0110224,0.262357,8.59832,4.62424,124.057
3.97448,4.51227,102.552,-1.4725,-1.38569,3.4488,-0.0125866,-0.0115704,0.263935,6.7017,5.29693,123.726
4.31789,4.70681,102.175,-0.761694,-0.705113,2.07445,-0.0123063,-0.0118608,0.265107,7.22044,5.70672,123.286
4.98199,3.74278,99.2979,-0.525586,-0.477197,1.50812,-0.0121907,-0.0137997,0.277668,5.84323,5.19944,123.45
5.25125,3.99462,99.1416,-0.323477,-0.289244,1.08992,-0.0131166,-0.015208,0.289324,6.4502,5.53787,123.132
5.48431,3.25137,92.7097,-0.235343,-0.209789,0.87941,-0.0141303,-0.0194683,0.319154,5.89583,4.27713,122.218
5.62632,3.54391,93.0991,-0.170003,-0.149235,0.727953,-0.0171189,-0.0232815,0.350596,6.57962,4.51813,122.168
5.23288,3.20543,86.4528,-0.138542,-0.120216,0.651932,-0.0208397,-0.0340119,0.419537,6.2445,2.93697,119.453
5.30525,3.52116,87.2537,-0.1154,-0.0977434,0.59127,-0.0304891,-0.0477953,0.508412,7.02231,3.0783,119.938
4.28584,3.469,83.1188,-0.108568,-0.0876678,0.589292,-0.04686,-0.0855955,0.695979,6.45467,1.74983,120.224
4.39246,3.75278,84.0708,-0.110072,-0.0850724,0.597866,-0.100208,-0.17503,1.04336,7.33736,1.86845,120.98
4.03808,5.11146,84.4273,-0.139076,-0.0961913,0.708374,-0.339086,-0.684218,2.3307,6.74389,1.19846,121.89
4.26058,5.38347,84.7345,-0.2061,-0.135239,0.891254,-7.64447,-11.3475,20.2374,7.50426,1.61975,122.541
4.00517,7.66331,85.8852,-0.553308,-0.304537,1.65365,-18.0608,-18.7888,44.7879,6.41447,1.55831,117.473
4.17206,7.85551,85.9048,-6.25841,-3.5686,10.451,-12.5908,-9.31951,44.7995,6.95015,2.09446,117.446
3.01818,9.30956,78.6829,-28.7741,-20.7508,48.3726,-10.5775,-7.311,56.4505,4.74187,2.51096,96.9799
3.02663,9.47253,78.7257,-13.761,-14.8798,38.8099,-12.0209,-8.25051,62.5024,4.63848,3.02486,95.4984
1.96265,8.99525,62.1506,-5.23046,-9.67316,58.4962,-8.83777,-5.92045,71.3943,1.16894,1.33746,61.7896
2.31681,8.80356,57.3159,-3.42307,-8.91524,63.4547,-8.49188,-5.81199,72.6014,1.8892,1.85083,60.8517
0.727325,7.36912,43.2704,-0.809452,-0.420572,66.3394,-4.27417,-1.60395,94.6537,-4.85984,-4.15459,14.7536
0.56708,7.32063,39.9207,-0.712833,-0.366914,67.4449,-3.91379,-1.24696,95.1247,-2.94045,-2.31747,9.11625
-0.737882,6.46928,37.06,-0.151968,3.85614,69.8015,-0.101852,3.38922,106.649,-2.27309,-2.22947,5.43896
-1.15723,6.16056,36.1443,-0.248121,3.57195,70.7442,0.436207,3.433,106.442,-0.779194,-0.792852,2.42577
-1.61774,5.38089,37.8583,-0.492982,2.34834,73.237,1.13712,6.8372,107.931,-0.457979,-0.470166,1.55453
-2.00454,4.82511,37.4803,-0.542097,2.07047,73.9626,1.51167,6.94091,108.075,-0.261904,-0.269746,1.08473
-3.06776,2.49287,32.3154,-0.409329,-0.764239,78.4754,1.14306,8.28472,108.342,-0.185225,-0.188492,0.855944
-3.56551,1.82805,29.2534,-0.33003,-1.02211,79.2378,1.43268,8.4006,108.813,-0.132536,-0.132764,0.70918
-5.88797,-3.33232,16.0581,0.530512,-3.44588,86.7645,0.998891,7.99675,110.714,-0.1057,-0.105242,0.622661
-4.79862,-2.73098,12.0591,0.594665,-3.48089,87.6565,1.25205,8.21298,111.235,-0.0846872,-0.0832087,0.557077
-5.36443,-4.35735,10.6937,1.65094,-3.96514,95.4742,0.724192,6.90267,115.127,-0.0730553,-0.071226,0.519974
-2.5774,-2.09333,5.71353,1.70962,-3.69569,96.1283,1.01629,7.24205,115.359,-0.0637515,-0.0608103,0.486888
-2.37345,-2.09159,4.95589,2.34406,-3.36125,104.066,-0.300388,5.14791,119.232,-0.0585838,-0.0549951,0.474778
-1.17061,-1.04311,2.79166,2.47615,-2.96255,104.437,0.0380627,5.54494,119.287,-0.0552647,-0.0505484,0.464878
-0.910331,-0.820039,2.21891,2.32703,-1.6539,106.345,-1.65975,3.46626,123.336,-0.0561029,-0.0477867,0.48161
-0.60486,-0.55142,1.65038,2.61523,-1.30883,106.484,-1.27035,3.96654,123.076,-0.0585277,-0.048148,0.497914
-0.515293,-0.467231,1.44236,2.58386,0.219593,103.403,-2.92409,2.15754,124.434,-0.0672542,-0.0496914,0.552652
-0.4051,-0.367765,1.22374,2.90848,0.457786,103.669,-2.58014,2.70428,124.281,-0.0811813,-0.0571461,0.620484
-0.36345,-0.324833,1.13284,2.92576,1.05593,99.1032,-4.14183,1.20763,123.419,-0.117077,-0.070551,0.777354
-0.313556,-0.278767,1.03069,3.31438,1.21,99.3716,-3.83416,1.80805,123.598,-0.184746,-0.107314,1.01272
-0.302698,-0.266011,1.0405,3.69322,0.942243,94.108,-4.83357,1.36175,121.03,-0.411626,-0.203726,1.63767
-0.320054,-0.279013,1.08838,4.08996,0.994857,94.6013,-4.56813,1.93768,121.606,-1.59431,-0.80617,3.88388
-0.437947,-0.382251,1.41843,4.84829,0.321414,88.2222,-4.72221,2.30419,113.401,-11.9794,-7.46497,21.1828
-0.991321,-0.84826,2.50742,5.22607,0.283294,88.9999,-4.42886,2.69839,114.496,-10.9158,-10.5173,26.1568
-9.8244,-8.19402,17.5842,5.82437,-0.649979,78.7407,-4.27495,2.32607,91.2211,-5.50333,-10.4899,38.6488
-21.2295,-16.6297,37.1882,5.90906,-0.507454,79.5809,-3.87389,2.37089,91.0599,-4.0098,-12.1575,52.3548
-15.3637,-9.05274,47.7454,5.33777,-2.25672,63.3959,-5.46287,-0.309732,52.9068,-1.73653,-12.1156,68.8857
-11.6071,-2.55464,65.0059,5.10569,-0.935144,59.4086,-5.14422,0.564181,53.3247,-1.80381,-11.9002,71.1675
-1.81886,2.26287,63.1777,4.24536,-3.2022,41.725,-4.51032,-2.81251,10.9414,-1.47364,-12.4345,112.835
-1.48866,2.43877,63.2507,4.50708,-3.03485,39.243,-1.90632,-1.06103,5.64391,-1.21812,-11.9574,113.069
2.0003,3.41111,72.0208,3.7823,-3.8321,35.5436,-0.865595,-0.594257,2.42332,1.36032,-8.81497,127.743
1.87597,3.2683,72.694,3.52567,-3.97922,34.4137,-0.32024,-0.21583,1.25129,1.45184,-8.09535,127.336
3.25383,4.44273,80.475,1.83678,-3.60406,31.4233,-0.176566,-0.119769,0.796592,3.30324,-4.42355,122.143
3.11331,4.4009,80.6679,1.34773,-3.73164,30.4501,-0.0979607,-0.0650595,0.57963,3.31676,-3.96463,122.197
3.24918,5.6841,86.4335,-0.408584,-3.86501,27.0458,-0.0659997,-0.0433594,0.457096,3.86168,-2.17582,116.408
3.23436,5.72395,86.4452,-0.924244,-4.0034,25.3565,-0.0440953,-0.0287714,0.382147,3.99427,-1.91634,116.771
2.95525,6.59965,91.0415,-2.6576,-4.73274,21.3764,-0.0320194,-0.0209981,0.333755,4.16548,-1.34127,116.882
3.06595,6.6842,90.9439,-3.07402,-4.80166,19.0036,-0.0234691,-0.0156379,0.300385,4.47036,-1.13364,117.13
2.77997,6.96437,95.8253,-4.65011,-5.42915,14.5317,-0.0180793,-0.0126049,0.27924,4.7517,-0.547,121.229
3.08401,7.05104,95.3629,-3.94105,-4.59947,11.7866,-0.0143386,-0.0104842,0.263521,5.22004,-0.249316,121
3.08675,6.57963,100.29,-4.00916,-4.19946,9.29305,-0.011995,-0.00973292,0.256222,5.29504,0.977978,125.443
3.21721,6.65215,100.376,-2.06227,-2.14017,5.28346,-0.0105508,-0.00906786,0.249808,5.64039,1.37869,124.611
3.76313,5.52386,103.084,-1.53481,-1.49503,3.68051,-0.00959558,-0.00958676,0.251231,3.55394,2.12963,123.848
4.02046,5.64094,102.751,-0.753675,-0.722452,2.13403,-0.00923056,-0.0098149,0.252448,3.95753,2.48898,123.393
4.72718,4.56253,100.08,-0.503374,-0.471697,1.50769,-0.00883409,-0.0115062,0.26449,2.15052,1.92152,122.659
4.9258,4.74725,99.9126,-0.300756,-0.277296,1.07347,-0.00933346,-0.0126666,0.275948,2.64158,2.19199,122.392
5.16367,3.92026,93.4208,-0.214351,-0.196674,0.857114,-0.00943057,-0.0160909,0.303883,1.78695,0.885354,121.104
5.22951,4.14437,93.834,-0.152452,-0.13753,0.706933,-0.0110914,-0.0189938,0.333352,2.33661,1.04126,121.094
4.75108,3.70901,87.4184,-0.122643,-0.109064,0.630765,-0.0117591,-0.0270265,0.396504,1.97451,-0.617022,118.563
4.74025,3.95513,88.2183,-0.10096,-0.0873905,0.571257,-0.0162509,-0.0367339,0.476441,2.58452,-0.576562,119.037
3.593,3.68284,83.8272,-0.0934664,-0.0767312,0.567195,-0.0188485,-0.0619973,0.640555,1.86211,-2.10811,119.295
3.60649,3.89825,84.7884,-0.0931975,-0.0728026,0.572929,-0.0346089,-0.115547,0.92201,2.55002,-2.10799,120.045
3.13886,5.0937,84.9368,-0.113889,-0.0783023,0.672095,-0.0435133,-0.339344,1.74927,1.70291,-2.95714,121.217
3.21515,5.30115,85.4782,-0.162306,-0.105252,0.830524,-0.663401,-3.41274,7.53266,2.35774,-2.82361,122.054
2.81849,7.4531,86.5246,-0.39069,-0.200195,1.4373,-11.4095,-17.9986,45.0519,1.04778,-2.71928,117.032
2.87844,7.56176,86.8159,-3.07516,-1.54379,5.88678,-9.83718,-7.40758,42.5678,1.51338,-2.44186,117.486
1.84528,8.94974,79.6064,-26.9985,-18.5192,47.3724,-6.78068,-5.05493,51.3923,0.417774,-1.44625,98.3789
1.93733,8.91442,79.1302,-10.7498,-14.8867,46.3112,-8.93754,-6.55742,60.672,0.167758,-0.875677,96.7409
0.590149,8.39119,62.0183,-2.36861,-6.48414,55.4889,-5.77776,-4.44044,71.1351,-1.55409,-1.18068,61.6847
0.925631,8.15975,57.0192,-1.87332,-6.63235,60.3527,-5.53237,-4.37586,72.3523,-0.975384,-0.745563,60.5465
-0.228964,6.91343,43.5258,0.113931,0.789102,65.9632,-1.05135,0.182295,94.0042,-4.52553,-4.26464,14.3816
-0.379462,6.89821,40.5885,-0.00614003,0.608387,67.5627,-0.900734,0.465708,94.4248,-2.64559,-2.28845,8.88187
-1.53453,6.15392,38.1226,0.445694,4.7008,69.9026,2.85663,5.32224,105.675,-1.57813,-1.66542,4.34059
-1.94361,5.80215,37.2176,0.290615,4.33827,70.9001,3.25039,5.26567,105.537,-0.554004,-0.606373,2.05989
-2.38967,4.96015,38.9465,0.0626326,3.06532,73.1651,3.8232,8.65736,106.884,-0.313581,-0.345733,1.30849
-2.76949,4.37206,38.427,-0.0485224,2.7066,73.966,4.08739,8.6703,107.074,-0.179536,-0.198587,0.935227
-3.68349,2.08965,33.2366,0.024578,-0.221233,78.2764,3.52598,9.98999,107.199,-0.126421,-0.137937,0.743312
-4.07025,1.53665,30.7246,0.0312901,-0.488156,78.9861,3.72029,10.046,107.732,-0.0905065,-0.0969948,0.623163
-6.08932,-3.31453,17.4991,0.797378,-2.82448,86.2349,3.31009,9.48513,110.137,-0.0723503,-0.076826,0.550592
-5.23257,-2.85142,13.8314,0.7835,-2.94199,87.2194,3.47046,9.61932,110.715,-0.058208,-0.0608029,0.497027
-5.64006,-4.70126,11.4511,1.74975,-3.57957,95.5763,2.90499,8.07568,114.93,-0.0507432,-0.0523332,0.46758
-2.61028,-2.1895,5.94418,1.7292,-3.4336,96.3868,3.10635,8.31351,115.211,-0.0448381,-0.0451033,0.442375
-2.19962,-2.00603,4.76146,2.30237,-3.13527,104.619,1.79181,6.07794,119.509,-0.0420938,-0.0412,0.435545
-1.02446,-0.949581,2.61522,2.37651,-2.74773,104.813,2.07908,6.42746,119.517,-0.0402377,-0.0380134,0.429654
-0.787103,-0.739714,2.06212,2.20938,-1.52446,106.545,0.360224,4.36125,123.596,-0.0414417,-0.0357084,0.448075
-0.520756,-0.498412,1.54675,2.43148,-1.24488,106.774,0.668952,4.79669,123.342,-0.0436823,-0.0360311,0.467488
-0.437069,-0.416804,1.34127,2.49001,0.182239,103.822,-0.906956,2.99749,124.251,-0.0511428,-0.0365075,0.523345
-0.339057,-0.325246,1.13939,2.78257,0.389059,104.082,-0.628529,3.50527,124.131,-0.0615276,-0.0416782,0.588166
-0.303118,-0.286795,1.05895,2.90406,0.959489,99.5473,-2.02226,2.00313,122.63,-0.0874836,-0.0481859,0.733219
-0.265426,-0.250264,0.978326,3.25121,1.08525,99.8706,-1.7824,2.54875,122.897,-0.135269,-0.0701499,0.947264
-0.262116,-0.245254,1.01015,3.64792,0.766884,94.8346,-2.90871,2.00166,120.681,-0.288174,-0.114145,1.49289
-0.290336,-0.269358,1.0889,4.01481,0.807702,95.3415,-2.69216,2.54267,121.294,-1.0101,-0.399252,3.16945
-0.424321,-0.396194,1.49249,4.7837,0.307356,88.8394,-2.92088,2.94556,113.328,-9.03275,-4.6508,17.3681
-1.09516,-0.996002,2.85637,5.1433,0.221699,89.8329,-2.56786,3.21758,114.427,-10.1441,-10.6699,29.6507
-11.1155,-9.85456,20.6512,5.72027,-0.443039,79.4494,-2.82821,2.78339,91.453,-3.28334,-9.2111,39.6226
-19.4409,-15.7252,37.3393,5.80106,-0.343983,80.2922,-2.5065,2.86097,91.4208,-2.70837,-10.4631,48.9517
-11.6667,-5.27879,54.917,5.04211,-1.76212,61.9791,-4.68962,0.100262,51.4965,-0.904473,-11.1256,70.5053
-8.05598,-0.685532,59.3068,5.07985,-0.885177,58.5697,-4.32592,0.777717,51.8862,-1.11213,-11.2822,73.5338
-0.338713,2.94731,62.5992,4.26142,-3.19988,41.542,-4.44256,-2.86813,10.6572,-0.129535,-11.1556,113.618
-0.328914,2.92832,63.6995,4.48377,-3.00709,39.0777,-1.78165,-1.04002,5.24543,0.109704,-10.6734,113.783
3.22534,4.02107,72.5364,3.70171,-3.80785,35.3541,-0.814502,-0.570055,2.29409,2.81625,-7.28844,127.456
3.06852,3.87008,73.1276,3.41373,-3.97781,34.3521,-0.307429,-0.209991,1.22378,2.84699,-6.51877,126.768
4.47104,5.13179,81.0669,1.68357,-3.56855,31.5231,-0.177982,-0.122163,0.802437,4.61452,-3.03987,121.33
4.35297,5.10125,81.2392,1.18928,-3.69144,30.5268,-0.101282,-0.0681553,0.591588,4.65655,-2.60163,121.46
4.64256,6.49243,86.8382,-0.495189,-3.84146,27.1344,-0.069287,-0.0461692,0.470291,5.19459,-0.910762,116.118
4.64729,6.54434,86.8577,-1.00803,-3.97928,25.3394,-0.0468581,-0.0310062,0.395139,5.36744,-0.64161,116.472
4.51435,7.45429,91.5437,-2.77399,-4.74696,20.8895,-0.0343768,-0.022871,0.34649,5.57364,-0.00553857,117.046
4.63347,7.55187,91.496,-3.17469,-4.78086,18.1655,-0.0254713,-0.0171959,0.312788,5.91476,0.223346,117.262
4.48655,7.8651,96.4514,-4.53604,-5.31942,13.8111,-0.0198127,-0.013974,0.29174,6.2666,0.920918,121.44
4.84643,7.97431,95.8269,-3.73046,-4.45186,11.1928,-0.0158736,-0.0116717,0.275741,6.78499,1.27324,121.078
4.88211,7.37828,101.194,-3.6423,-3.90404,8.66013,-0.0133098,-0.0107972,0.268724,6.38799,2.49011,124.471
5.07748,7.49025,101.29,-1.89318,-2.02293,5.0231,-0.0117718,-0.0100726,0.262651,6.76988,2.91442,123.725
5.75131,6.51996,103.557,-1.42656,-1.43438,3.54309,-0.0107185,-0.0105646,0.264959,4.7114,3.66814,122.824
6.06892,6.68344,103.287,-0.72154,-0.717602,2.12041,-0.0103822,-0.0107966,0.266708,5.17026,4.05812,122.444
6.77329,5.72208,100.755,-0.4924,-0.479876,1.52616,-0.00990217,-0.01246,0.279898,3.66072,3.51781,122.41
7.05161,5.96139,100.61,-0.299428,-0.288606,1.1063,-0.0105061,-0.0136082,0.291653,4.21835,3.85202,122.144
7.20126,5.12439,94.2027,-0.217179,-0.209185,0.896581,-0.010436,-0.0168437,0.320435,3.64918,2.58625,121.442
7.38522,5.40095,94.5302,-0.156976,-0.149747,0.749316,-0.0121442,-0.0198464,0.351527,4.26092,2.84556,121.357
6.8852,5.00011,88.0607,-0.128083,-0.121725,0.677993,-0.0125267,-0.0274191,0.417277,4.11963,1.28798,118.893
7.0208,5.30605,88.7517,-0.107689,-0.100567,0.625507,-0.0170118,-0.0369677,0.501111,4.81598,1.46217,119.262
5.89264,5.11181,84.5349,-0.101311,-0.0913475,0.636943,-0.0184277,-0.0587594,0.663729,4.32995,0.0794974,119.325
6.06322,5.36719,85.3373,-0.10422,-0.0902497,0.663842,-0.0313904,-0.0965429,0.900128,5.11805,0.183964,120.147
