15.7458,-0.635928,57.8533,15.5541,0.602611,56.3209,0.151518,11.8381,73.0563,4.73559,-12.9764,74.0044
18.685,-1.36013,56.8314,18.6371,1.49737,55.4702,-8.82665,12.8653,73.6945,-8.76497,-13.3897,74.7682
14.7902,-0.121317,66.1586,14.7495,0.281625,64.8064,-11.9066,14.0319,77.1244,-12.7744,-14.8768,79.0991
11.3249,1.02902,74.9685,11.2983,-0.850489,73.6335,-11.4539,14.0881,75.3137,-12.5116,-14.9749,76.9766
13.0713,0.605081,73.1104,13.0944,-0.464094,71.7468,-4.9223,11.3312,60.1743,-5.75189,-12.0787,61.0585
12.3404,0.861577,75.2963,12.374,-0.731109,73.9436,-2.23699,10.3732,54.6795,-2.77465,-10.9647,54.8346
10.0367,1.51511,80.1743,10.0548,-1.37195,78.8586,-2.38971,10.7074,55.992,-2.66729,-11.1633,55.5785
10.9438,1.15342,78.511,10.9953,-1.05431,77.1966,0.671056,9.44133,50.1269,0.580269,-9.79033,49.336
10.4368,1.20168,79.1529,10.4911,-1.1131,77.8585,1.25884,9.2399,49.1581,1.2952,-9.50277,48.1106
10.042,1.18814,79.331,10.0931,-1.1069,78.0585,1.48694,9.08881,48.5816,1.60265,-9.28254,47.3711
9.74312,1.16041,79.0187,9.78917,-1.08524,77.7678,1.48111,8.94738,48.1679,1.64729,-9.08195,46.8538
9.66498,1.02548,77.7954,9.70218,-0.978478,76.5567,1.60358,8.58541,46.7007,1.78364,-8.65032,45.3262
9.55448,1.03232,77.4081,9.58007,-0.9742,76.1806,1.40308,8.58249,46.5369,1.58901,-8.60822,45.138
9.61251,0.929499,75.9384,9.6308,-0.871467,74.7342,1.45975,8.33653,45.1238,1.64442,-8.33079,43.724
9.73739,0.806856,74.1839,9.74815,-0.750411,73.0018,1.63685,7.98751,43.2974,1.81097,-7.95756,41.912
9.98683,0.582197,72.3972,9.9894,-0.537929,71.235,2.01332,7.44691,41.2084,2.17296,-7.4061,39.8404
9.54481,0.591774,71.4341,9.52771,-0.539991,70.3044,1.51906,7.31502,40.5925,1.67538,-7.25796,39.2354
9.55077,0.419898,69.5858,9.52008,-0.373252,68.483,1.65254,6.81172,38.6231,1.79757,-6.74007,37.2898
11.3388,-0.2316,64.6754,11.3237,0.2474,63.5709,3.9388,5.35288,32.3219,4.0515,-5.27631,31.0428
10.7467,-0.214874,64.2855,10.7057,0.24617,63.2172,3.23745,5.24084,32.3225,3.34832,-5.15055,31.0545
9.92394,-0.186481,63.2098,9.85106,0.233106,62.1918,2.34452,5.06911,31.9459,2.45036,-4.96125,30.7051
12.3328,-1.02347,57.3256,12.2749,1.04435,56.2987,5.03619,3.29972,24.4268,5.08463,-3.19491,23.2717
11.4499,-0.926304,56.8066,11.3634,0.966702,55.8256,4.07605,3.30275,24.7065,4.13208,-3.18449,23.5654
11.6551,-1.17692,54.3586,11.5521,1.2209,53.4073,4.26336,2.67539,22.355,4.29685,-2.55285,21.2665
11.9422,-1.41802,52.2296,11.8243,1.46807,51.3042,4.46051,2.1041,20.2721,4.46911,-1.98169,19.2349
12.1028,-1.64688,49.6421,11.9707,1.69798,48.7473,4.50708,1.56032,18.088,4.48738,-1.4457,17.118
12.2669,-1.85649,47.1978,12.1217,1.91104,46.3333,4.49703,1.08867,16.1376,4.44653,-0.986505,15.2389
12.4859,-2.08482,45.4716,12.3274,2.14414,44.631,4.50789,0.673171,14.7231,4.42865,-0.584606,13.8873
12.6201,-2.25863,43.2962,12.449,2.32396,42.4858,4.37574,0.342637,13.2385,4.26723,-0.269619,12.4752
12.7191,-2.43404,41.4267,12.5358,2.50386,40.6452,4.22221,0.0638893,12.0961,4.0912,-0.00742772,11.4015
12.8175,-2.59928,39.8589,12.6227,2.67338,39.1042,4.07626,-0.158405,11.243,3.92902,0.198767,10.6143
12.7605,-2.72861,37.9705,12.5556,2.80437,37.25,3.83792,-0.330493,10.4779,3.68475,0.355234,9.91653
12.8262,-2.85958,36.8403,12.6121,2.93896,36.1441,3.73095,-0.462745,10.0794,3.57575,0.476364,9.56482
12.7608,-2.95129,35.4812,12.5387,3.03196,34.8154,3.56609,-0.560453,9.7582,3.41617,0.564494,9.2848
12.7184,-3.02576,34.4451,12.489,3.10822,33.8058,3.45148,-0.630309,9.61574,3.30841,0.627677,9.17117
12.6215,-3.09294,33.504,12.3867,3.17545,32.8927,3.38067,-0.692809,9.66166,3.24824,0.684993,9.24029
12.5715,-3.13935,32.8397,12.3314,3.22345,32.2516,3.33678,-0.723944,9.80069,3.21244,0.712575,9.39535
12.4564,-3.17675,32.1049,12.2159,3.26509,31.5392,3.27039,-0.748753,10.137,3.1571,0.731141,9.74915
12.4191,-3.21288,31.5571,12.1748,3.30171,31.0152,3.29079,-0.747636,10.6005,3.1924,0.730776,10.2205
12.355,-3.23094,31.1184,12.1067,3.31954,30.5992,3.2761,-0.723473,11.1372,3.19002,0.70693,10.762
12.2443,-3.24211,30.7319,11.9937,3.32788,30.2361,3.25706,-0.68523,11.8669,3.1842,0.666993,11.4969
12.0395,-3.21598,30.6802,11.7876,3.29785,30.2094,3.17922,-0.557434,13.1371,3.12236,0.536774,12.7675
12.1078,-3.25917,30.1649,11.855,3.34166,29.7089,3.26219,-0.539663,13.5953,3.20875,0.514724,13.2478
11.9261,-3.23437,30.2289,11.67,3.31199,29.7863,3.10075,-0.390731,14.7489,3.04839,0.365834,14.4158
11.7694,-3.21729,30.2286,11.5139,3.29828,29.8029,2.92589,-0.251801,15.8137,2.88083,0.225678,15.4878
11.6341,-3.19896,30.2617,11.3762,3.27964,29.8572,2.77241,-0.0949632,16.9024,2.73343,0.0658401,16.5836
11.467,-3.18101,30.282,11.2077,3.26362,29.9013,2.59048,0.0637506,18.1512,2.55979,-0.10112,17.84
11.3593,-3.16341,30.2657,11.101,3.25044,29.9048,2.47038,0.236535,19.3892,2.4467,-0.281409,19.0871
11.2833,-3.14967,30.2214,11.0256,3.24043,29.8764,2.36666,0.416041,20.6293,2.34712,-0.466219,20.3376
16.0409,1.51373,58.2901,15.8433,-1.65557,56.8154,1.64339,9.62864,68.3631,6.25391,-10.8888,69.4887
-1.63515,6.5638,90.957,-1.92925,-6.5132,90.0787,-0.0688903,3.21665,34.3403,-5.17144,-5.64648,44.5071
5.76055,4.46251,79.2344,5.61535,-4.39985,78.2131,-2.84882,5.61526,43.2827,-2.73063,-5.27745,41.0005
5.57495,4.84029,81.6467,5.46456,-4.70555,80.5925,-4.56635,7.15924,49.8957,-4.56757,-7.00351,48.0517
5.40688,5.10699,83.2501,5.30294,-4.90405,82.1915,-5.1607,7.9005,52.7871,-5.36379,-7.85823,51.4327
5.33134,5.28351,84.1871,5.23239,-5.0316,83.1323,-5.44976,8.31255,54.0925,-5.69803,-8.28579,52.859
5.2636,5.39578,84.9108,5.1727,-5.11535,83.8676,-5.569,8.56473,54.9852,-5.83092,-8.54572,53.8067
5.22275,5.42901,85.1689,5.13485,-5.13719,84.151,-5.64842,8.70099,55.6141,-5.91654,-8.69147,54.4783
5.3263,5.38693,84.8424,5.24262,-5.09251,83.8441,-5.67211,8.74935,55.56,-5.94852,-8.76039,54.4607
5.49904,5.27139,84.1582,5.41823,-4.98375,83.178,-5.68435,8.70177,55.1655,-5.97192,-8.74181,54.1027
5.48587,5.1441,83.3052,5.41382,-4.87464,82.337,-5.70773,8.58347,54.5296,-6.00122,-8.65879,53.497
5.27662,4.96422,82.2713,5.20531,-4.73762,81.3081,-5.76398,8.35938,53.3671,-6.06042,-8.46651,52.3436
5.38718,4.77354,81.2799,5.31549,-4.56669,80.3239,-5.63364,8.12551,52.3094,-5.93655,-8.26285,51.3065
5.40294,4.5377,79.8128,5.3216,-4.33382,78.8785,-5.46428,7.79501,50.7856,-5.77133,-7.93499,49.8119
5.50003,4.26084,78.1191,5.40098,-4.05817,77.2127,-5.2193,7.41326,49.0413,-5.52944,-7.54692,48.0972
5.66473,3.89108,76.5174,5.5467,-3.69959,75.6365,-4.87359,6.89589,47.2796,-5.18386,-7.0304,46.364
5.84293,3.55369,74.4947,5.70553,-3.36628,73.6434,-4.52491,6.43005,45.2879,-4.83431,-6.56238,44.4055
5.95879,3.18507,72.5516,5.79774,-3.0056,71.7312,-4.19722,5.90975,43.32,-4.50463,-6.03556,42.4701
6.13441,2.87009,70.8984,5.95333,-2.6947,70.1067,-3.84825,5.45808,41.6733,-4.14714,-5.57697,40.8459
6.32356,2.51061,69.1207,6.12624,-2.33528,68.3546,-3.4589,4.93924,39.8228,-3.7519,-5.05342,39.0238
6.44327,2.07042,66.3587,6.22265,-1.90515,65.6299,-3.07742,4.31506,37.2087,-3.35967,-4.42353,36.451
6.65713,1.77103,64.8917,6.41954,-1.61077,64.1905,-2.67805,3.85303,35.6877,-2.9348,-3.95126,34.9329
6.76773,1.43416,62.5777,6.51539,-1.27378,61.9067,-2.38258,3.38969,33.6197,-2.63277,-3.48025,32.9015
6.85634,1.09423,60.4887,6.58806,-0.941632,59.8482,-2.08675,2.89799,31.72,-2.31852,-2.98047,31.0241
6.99849,0.795447,58.7559,6.71736,-0.64615,58.1425,-1.77373,2.45006,30.0768,-1.98173,-2.5209,29.3888
7.02226,0.504882,56.5684,6.7288,-0.367184,55.9872,-1.5423,2.01144,28.2604,-1.71565,-2.07162,27.5768
7.04744,0.253333,54.5263,6.74314,-0.123914,53.9773,-1.315,1.60446,26.5776,-1.44209,-1.64526,25.8778
7.08886,0.028298,53.236,6.77454,0.100023,52.7117,-1.07147,1.21215,25.3827,-1.14377,-1.2186,24.6362
7.06556,-0.148804,51.4895,6.74242,0.274193,50.9964,-0.876722,0.853487,23.9812,-0.886798,-0.824515,23.1819
7.00781,-0.309306,50.0396,6.67847,0.433086,49.5728,-0.713058,0.512359,22.8494,-0.676694,-0.458098,22.0112
6.94555,-0.443798,48.8954,6.61323,0.568777,48.4489,-0.602451,0.226909,22.0307,-0.543696,-0.163796,21.1815
6.76216,-0.555297,47.3943,6.42881,0.67794,46.9732,-0.652226,0.0146683,21.3373,-0.59125,0.0395203,20.518
6.69469,-0.64355,46.6466,6.36298,0.771767,46.2384,-0.691466,-0.102175,21.1184,-0.644058,0.145421,20.3358
6.51534,-0.699113,45.6575,6.18681,0.829376,45.2667,-0.890413,-0.121227,21.1142,-0.864432,0.149744,20.3867
6.36658,-0.728428,44.9765,6.04326,0.861699,44.5974,-1.12591,-0.0531754,21.397,-1.12817,0.0664865,20.727
6.16915,-0.745441,44.3864,5.85384,0.878316,44.0183,-1.39942,0.0755791,21.9965,-1.4344,-0.0803369,21.3933
6.02111,-0.731764,44.0748,5.71499,0.86359,43.7114,-1.67006,0.271792,22.7523,-1.74185,-0.302094,22.2188
5.82049,-0.703814,43.6904,5.52834,0.834444,43.3314,-1.96694,0.488689,23.7238,-2.0687,-0.546043,23.256
5.72191,-0.670451,43.4772,5.4394,0.798624,43.1242,-2.14085,0.716879,24.7744,-2.2755,-0.798801,24.3749
5.62489,-0.616734,43.3507,5.34963,0.74347,43.0034,-2.33846,0.964296,25.895,-2.50473,-1.06622,25.5574
5.517,-0.556425,43.2392,5.24825,0.682187,42.9002,-2.52429,1.21306,27.1965,-2.71934,-1.33065,26.9178
5.42311,-0.488938,43.184,5.15807,0.616885,42.8577,-2.6917,1.49267,28.7128,-2.91198,-1.61722,28.4842
5.46342,-0.413803,43.1944,5.19801,0.557058,42.8802,-2.69789,1.7114,29.9809,-2.93178,-1.81063,29.7703
5.46433,-0.336197,43.269,5.19851,0.495282,42.9561,-2.76511,1.93934,31.23,-3.01558,-2.01184,31.026
5.48791,-0.259601,43.3301,5.22343,0.444257,43.0236,-2.80458,2.14173,32.404,-3.0683,-2.18499,32.2168
5.56905,-0.187892,43.3784,5.30824,0.399833,43.0736,-2.78256,2.34892,33.5664,-3.05593,-2.35793,33.3852
5.58621,-0.086654,43.4655,5.33961,0.332985,43.1481,-2.80407,2.59321,35.0226,-3.0789,-2.5605,34.8194
5.45768,0.125207,43.8496,5.2259,0.148873,43.524,-2.77837,2.88807,36.6594,-3.05187,-2.80751,36.4091
5.68669,-0.129677,43.5429,5.37501,0.329002,43.3631,-2.55725,2.41441,36.1216,-2.86308,-2.40283,36.0251
15.5447,1.32102,57.7572,15.4162,-1.60085,56.1373,0.421326,10.6614,70.8103,5.04425,-12.0744,71.7707
-1.84197,6.20078,90.296,-2.07618,-6.3256,89.4065,-1.15515,4.16411,36.7718,-6.31719,-6.86247,47.0984
5.61002,4.15943,78.5681,5.50283,-4.15304,77.4967,-3.85001,6.5937,45.3361,-3.69572,-6.32915,42.9781
5.43454,4.55376,81.1485,5.36339,-4.50689,80.0395,-5.46069,8.1598,51.7731,-5.47049,-8.13997,49.9335
5.30941,4.85704,82.9368,5.25199,-4.77748,81.8123,-6.02318,8.96722,54.747,-6.2198,-9.09468,53.3654
5.3802,5.06133,83.9347,5.32758,-4.95255,82.8028,-6.28087,9.44707,56.175,-6.5142,-9.59746,54.8908
5.4739,5.21391,84.7143,5.42806,-5.08653,83.5795,-6.37811,9.78427,57.2272,-6.61387,-9.93081,55.9652
5.55677,5.31103,85.088,5.51824,-5.17626,83.9566,-6.46476,10.0295,58.0622,-6.69137,-10.1662,56.802
5.80422,5.33527,84.8448,5.76953,-5.19546,83.7147,-6.49538,10.1828,58.204,-6.71547,-10.3075,56.9402
6.09761,5.29487,84.263,6.06747,-5.15829,83.1317,-6.52837,10.2426,58.0099,-6.74374,-10.363,56.7438
6.17779,5.24496,83.5255,6.16125,-5.12218,82.3883,-6.58429,10.2288,57.5673,-6.78946,-10.3545,56.2981
6.03336,5.13829,82.6125,6.02676,-5.05296,81.4657,-6.68334,10.0959,56.5792,-6.87656,-10.2285,55.2951
6.18693,5.02277,81.7421,6.18911,-4.95363,80.5883,-6.59923,9.95018,55.6896,-6.78616,-10.094,54.406
6.22038,4.85974,80.4034,6.22408,-4.7902,79.2594,-6.47405,9.68898,54.3134,-6.65436,-9.82144,53.0451
6.31611,4.65345,78.837,6.31184,-4.57954,77.7112,-6.26848,9.36456,52.7013,-6.44379,-9.47545,51.4518
6.45826,4.34893,77.3616,6.44407,-4.28049,76.253,-5.95575,8.8903,51.0576,-6.12569,-8.98787,49.8285
6.60329,4.07293,75.4571,6.57619,-4.00009,74.3723,-5.63,8.45386,49.1666,-5.79533,-8.53292,47.964
6.66359,3.76161,73.6432,6.62062,-3.68738,72.5841,-5.32306,7.95365,47.2944,-5.48451,-8.01235,46.1205
6.7851,3.49595,72.109,6.72809,-3.41558,71.073,-4.99852,7.52642,45.7419,-5.15595,-7.56756,44.5912
6.94006,3.16885,70.399,6.86662,-3.0822,69.3899,-4.59372,6.99191,43.9382,-4.74629,-7.01446,42.8145
6.99553,2.76566,67.7272,6.89997,-2.67613,66.757,-4.19635,6.34104,41.3801,-4.34209,-6.34044,40.3002
7.14392,2.49347,66.3532,7.03518,-2.39675,65.4071,-3.82817,5.90054,39.9505,-3.97002,-5.88651,38.8923
7.22257,2.16654,64.0697,7.09595,-2.06462,63.1592,-3.47991,5.37982,37.8689,-3.6161,-5.34908,36.8483
7.2578,1.83561,62.0283,7.11455,-1.7321,61.1515,-3.16922,4.85965,35.9954,-3.30119,-4.81576,35.0118
7.34937,1.53793,60.3307,7.19296,-1.43197,59.4835,-2.84455,4.38761,34.3747,-2.97268,-4.33519,33.4219
7.33175,1.24045,58.1629,7.16337,-1.13943,57.3504,-2.6136,3.93022,32.5863,-2.73608,-3.87706,31.6735
7.32216,0.973844,56.1266,7.14422,-0.877261,55.3474,-2.40338,3.51924,30.9464,-2.52048,-3.46819,30.0715
7.33193,0.722943,54.8269,7.14628,-0.630215,54.0738,-2.19837,3.13899,29.815,-2.31335,-3.0911,28.9705
7.29342,0.515715,53.0542,7.09954,-0.424735,52.3338,-2.06788,2.82235,28.5164,-2.17988,-2.77589,27.7082
7.22417,0.31985,51.5674,7.02372,-0.232439,50.877,-1.9723,2.53391,27.4976,-2.08244,-2.49114,26.7237
7.15243,0.147766,50.3774,6.94709,-0.0641836,49.7141,-1.90053,2.28895,26.7473,-2.00939,-2.25074,26.0026
6.96753,-0.00126519,48.8215,6.75804,0.078917,48.1919,-1.94019,2.08037,26.0315,-2.04767,-2.04968,25.3251
6.89147,-0.127384,48.0135,6.68013,0.200794,47.4065,-1.90645,1.91633,25.6777,-2.01618,-1.89502,25.0002
6.71329,-0.222117,46.9485,6.50039,0.290253,46.3695,-1.98633,1.7977,25.42,-2.09938,-1.78861,24.7804
6.56761,-0.292172,46.1763,6.35375,0.356272,45.621,-2.06898,1.724,25.356,-2.18768,-1.72732,24.751
6.37907,-0.352945,45.4749,6.16531,0.412381,44.9444,-2.17559,1.67695,25.5349,-2.30052,-1.69382,24.9675
6.24175,-0.385744,45.0323,6.02788,0.442897,44.5219,-2.27753,1.68051,25.8222,-2.41032,-1.70889,25.2866
6.05679,-0.408072,44.4972,5.84712,0.466958,44.0067,-2.42755,1.69622,26.3085,-2.56112,-1.73488,25.7994
5.96783,-0.427811,44.1236,5.75873,0.486686,43.653,-2.48496,1.73784,26.8954,-2.62799,-1.78726,26.421
5.86719,-0.430234,43.8349,5.65765,0.488383,43.3833,-2.60594,1.81491,27.5785,-2.75905,-1.87409,27.1353
5.73474,-0.426055,43.5729,5.52589,0.480299,43.1416,-2.75673,1.90785,28.4707,-2.91938,-1.9801,28.0591
5.58682,-0.413987,43.3921,5.37972,0.460467,42.9814,-2.92888,2.04057,29.5976,-3.10186,-2.13122,29.2202
5.54467,-0.395122,43.3074,5.33935,0.435974,42.9114,-2.9759,2.1531,30.5483,-3.15689,-2.25738,30.1952
5.42294,-0.362238,43.3289,5.21525,0.400494,42.9449,-3.10521,2.27688,31.4786,-3.29602,-2.38108,31.1366
5.27639,-0.320292,43.3965,5.06944,0.35968,43.0299,-3.24025,2.39538,32.3714,-3.4412,-2.51039,32.0605
5.15858,-0.275272,43.4913,4.95337,0.315482,43.1401,-3.32897,2.52344,33.25,-3.53928,-2.6496,32.968
5.03666,-0.237677,43.5364,4.84069,0.284456,43.1919,-3.4472,2.64586,34.2936,-3.66323,-2.78897,34.0378
4.92094,-0.157368,43.6841,4.73781,0.215305,43.3424,-3.52291,2.84702,35.6045,-3.74155,-3.00092,35.3594
4.48405,0.180449,44.6401,4.33036,-0.0496364,44.2491,-3.94379,3.57659,38.2255,-4.1678,-3.65649,37.9119
15.5693,1.40015,57.841,15.4134,-1.64754,56.2775,0.45754,10.6678,70.8318,5.05968,-12.0536,71.8662
-1.86511,6.27731,90.4623,-2.11303,-6.40871,89.5762,-1.11921,4.16547,36.7998,-6.2816,-6.85419,47.1076
5.59679,4.2362,78.7209,5.47782,-4.23458,77.6607,-3.80824,6.58743,45.3522,-3.65884,-6.31925,42.9986
5.42107,4.63611,81.3062,5.33438,-4.59134,80.2131,-5.41275,8.15221,51.7788,-5.42851,-8.12188,49.946
5.29292,4.94381,83.1052,5.2179,-4.86507,81.9976,-5.96839,8.95936,54.7442,-6.17102,-9.06961,53.3671
5.35966,5.15171,84.1154,5.2889,-5.04308,82.9998,-6.21859,9.43841,56.1644,-6.45763,-9.56684,54.8824
5.45043,5.30735,84.9046,5.38638,-5.17913,83.7857,-6.30821,9.77408,57.2094,-6.54964,-9.89515,55.9488
5.53157,5.40685,85.2844,5.47501,-5.26973,84.1694,-6.387,10.0168,58.0369,-6.61981,-10.1259,56.7793
5.77783,5.43257,85.0447,5.72572,-5.28824,83.9319,-6.40922,10.1666,58.1698,-6.63653,-10.263,56.9117
6.07046,5.39312,84.4632,6.02355,-5.24886,83.3508,-6.43356,10.2219,57.9655,-6.65786,-10.3147,56.7099
6.14852,5.34323,83.725,6.11658,-5.21092,82.6078,-6.482,10.2022,57.5133,-6.69762,-10.3039,56.2592
6.00005,5.23513,82.8118,5.98074,-5.14142,81.6842,-6.57645,10.0627,56.5188,-6.78051,-10.179,55.2525
6.15033,5.11767,81.938,6.14191,-5.03999,80.8036,-6.48832,9.91059,55.6221,-6.68723,-10.0449,54.3605
6.18046,4.95103,80.5945,6.1753,-4.87432,79.4701,-6.36076,9.64417,54.2403,-6.55428,-9.7739,52.9974
6.2731,4.74028,79.0216,6.26141,-4.66058,77.9156,-6.15417,9.31558,52.6233,-6.34409,-9.42965,51.4021
6.41211,4.43069,77.5387,6.39199,-4.3583,76.4498,-5.84264,8.83826,50.9764,-6.02822,-8.94455,49.7777
6.5541,4.14895,75.6256,6.52252,-4.07396,74.5601,-5.51954,8.39959,49.0828,-5.70132,-8.49205,47.9121
6.61136,3.83176,73.8023,6.56529,-3.75701,72.7615,-5.21676,7.89816,47.2088,-5.39516,-7.9741,46.0674
6.72979,3.56051,72.2577,6.67106,-3.48024,71.2391,-4.89725,7.47012,45.6542,-5.07196,-7.5309,44.5364
6.88172,3.22743,70.5371,6.80806,-3.14142,69.5439,-4.49863,6.93549,43.8483,-4.66834,-6.97953,42.7571
6.93512,2.81733,67.8539,6.84096,-2.72958,66.8978,-4.10865,6.28541,41.2891,-4.27094,-6.3083,40.24
7.08186,2.53943,66.4677,6.97585,-2.44433,65.5337,-3.7481,5.84551,39.8583,-3.90591,-5.85519,38.8295
7.15891,2.20609,64.172,7.03664,-2.10592,63.2712,-3.408,5.32573,37.775,-3.55911,-5.319,36.7815
7.19348,1.86921,62.1181,7.05609,-1.76717,61.2483,-3.10536,4.80661,35.9,-3.25116,-4.7866,34.9408
7.28496,1.56591,60.4079,7.13594,-1.46085,59.5649,-2.78877,4.33547,34.2776,-2.92954,-4.30646,33.3465
7.26747,1.26288,58.2277,7.10824,-1.16221,57.4162,-2.56551,3.87854,32.4868,-2.69933,-3.84863,31.5929
7.25838,0.99104,56.1791,7.09135,-0.894012,55.3978,-2.36253,3.46758,30.8439,-2.48973,-3.43942,29.9848
7.26889,0.735578,54.8676,7.09572,-0.641246,54.1089,-2.16417,3.08718,29.7088,-2.28812,-3.06131,28.877
7.23112,0.523668,53.0835,7.0513,-0.430098,52.3542,-2.03965,2.76961,28.4048,-2.15977,-2.74451,27.6067
7.16264,0.323623,51.5856,6.97738,-0.232253,50.8833,-1.94907,2.47992,27.3789,-2.06674,-2.45724,26.6124
7.09177,0.147915,50.3851,6.90224,-0.0585403,49.7072,-1.88135,2.23366,26.6197,-1.99725,-2.21337,25.8799
6.90785,-0.00434072,48.8192,6.7143,0.0897079,48.1732,-1.92382,2.02385,25.8938,-2.03782,-2.00823,25.1896
6.83332,-0.132793,48.0026,6.63756,0.216197,47.3777,-1.89223,1.85925,25.5303,-2.00768,-1.84917,24.8521
6.65692,-0.229318,46.9307,6.45907,0.309114,46.3329,-1.97338,1.74069,25.2648,-2.09109,-1.73914,24.6212
6.51348,-0.30047,46.1536,6.31411,0.377198,45.579,-2.05695,1.66778,25.1963,-2.1791,-1.67563,24.5844
6.32764,-0.361637,45.4497,6.12781,0.433724,44.8997,-2.16431,1.62252,25.3753,-2.29146,-1.64196,24.7986
6.19362,-0.394179,45.0069,5.99315,0.463031,44.4771,-2.26706,1.62844,25.6676,-2.40093,-1.65875,25.1208
6.01265,-0.415498,44.4734,5.81571,0.484498,43.9642,-2.41759,1.64762,26.1643,-2.55148,-1.68846,25.6431
5.92857,-0.433549,44.1027,5.73119,0.500745,43.6147,-2.47571,1.69377,26.7664,-2.61866,-1.74589,26.2803
5.83328,-0.433453,43.8182,5.63425,0.498107,43.3511,-2.59715,1.77636,27.4691,-2.75003,-1.83874,27.0148
5.70655,-0.42593,43.5615,5.50685,0.485163,43.1166,-2.74826,1.87611,28.3851,-2.91073,-1.95157,27.9634
5.56449,-0.409603,43.3867,5.36501,0.460381,42.9646,-2.92032,2.01647,29.5383,-3.09332,-2.10942,29.1518
5.5282,-0.386089,43.3088,5.3291,0.430867,42.9035,-2.96779,2.1375,30.518,-3.14898,-2.24279,30.1565
5.41194,-0.3482,43.3387,5.20949,0.389845,42.9465,-3.09793,2.27071,31.4808,-3.28886,-2.37453,31.1295
5.27105,-0.301503,43.4154,5.06867,0.342769,43.0407,-3.23445,2.39961,32.4106,-3.43513,-2.51306,32.088
5.15821,-0.25173,43.5215,4.95734,0.291206,43.1615,-3.32579,2.53941,33.3318,-3.53509,-2.66335,33.0343
5.03682,-0.206562,43.5892,4.84552,0.248977,43.2338,-3.44917,2.67897,34.4374,-3.66314,-2.8191,34.1601
4.94586,-0.136097,43.7056,4.7664,0.18139,43.353,-3.50501,2.86625,35.7358,-3.72039,-3.01825,35.4627
5.05123,-0.209208,43.4293,4.87074,0.253147,43.0904,-3.51366,2.86711,36.3065,-3.74263,-3.0699,36.0887
15.5552,1.40524,57.856,15.4085,-1.65906,56.273,0.447585,10.6621,70.8488,5.05701,-12.0521,71.8565
-1.87751,6.28507,90.4721,-2.12157,-6.40729,89.5856,-1.12141,4.16674,36.7927,-6.28353,-6.85231,47.106
5.58631,4.2428,78.7295,5.47173,-4.235,77.6645,-3.81225,6.588,45.3522,-3.66094,-6.31693,42.9954
5.40898,4.64327,81.3164,5.32959,-4.59297,80.2155,-5.41766,8.1501,51.7795,-5.4302,-8.12074,49.9421
5.27962,4.95125,83.1164,5.21367,-4.86748,81.9997,-5.97348,8.95509,54.744,-6.17206,-9.06937,53.3624
5.34553,5.15922,84.1274,5.28478,-5.04602,83.0023,-6.22362,9.43259,56.1633,-6.45795,-9.56714,54.8767
5.43568,5.31482,84.9173,5.38206,-5.18262,83.7889,-6.31304,9.76706,57.2075,-6.54926,-9.89575,55.9421
5.51629,5.41412,85.2978,5.47021,-5.27388,84.1734,-6.39157,10.0088,58.0344,-6.61875,-10.1266,56.7716
5.7621,5.4394,85.0589,5.72017,-5.29321,83.9367,-6.41345,10.1578,58.1669,-6.63481,-10.2637,56.903
6.05437,5.39925,84.4783,6.01704,-5.25485,83.3567,-6.43737,10.2127,57.9624,-6.65554,-10.3153,56.7002
6.13255,5.34868,83.7406,6.10888,-5.21751,82.6149,-6.48499,10.1933,57.5097,-6.69478,-10.3039,56.2488
5.98506,5.24008,82.8269,5.97167,-5.14778,81.6926,-6.57792,10.0552,56.5144,-6.77732,-10.1776,55.2419
6.136,5.12207,81.953,6.13182,-5.04659,80.8131,-6.4887,9.90403,55.6174,-6.68375,-10.0424,54.3496
6.16655,4.95516,80.6095,6.16444,-4.88084,79.4805,-6.36013,9.63827,54.2351,-6.55039,-9.77073,52.9863
6.25947,4.7442,79.0366,6.25007,-4.667,77.9266,-6.15275,9.31004,52.6175,-6.3398,-9.42607,51.391
6.39883,4.43454,77.5536,6.3803,-4.36447,76.4615,-5.84049,8.83314,50.9702,-6.02364,-8.94058,49.7667
6.54124,4.15277,75.6404,6.51072,-4.07983,74.5722,-5.51679,8.39479,49.0761,-5.6965,-8.48782,47.9013
6.59899,3.83556,73.8167,6.55355,-3.76247,72.7739,-5.21349,7.89371,47.2017,-5.39016,-7.96972,46.0568
6.71792,3.56426,72.2719,6.65956,-3.48546,71.2516,-4.8937,7.46584,45.647,-5.06688,-7.52654,44.5262
6.8704,3.23114,70.5509,6.79692,-3.14635,69.5565,-4.49489,6.9314,43.8409,-4.66326,-6.97523,42.7472
6.92454,2.82101,67.8672,6.83031,-2.73398,66.9102,-4.10466,6.28169,41.2815,-4.26587,-6.30406,40.2305
7.07195,2.54312,66.4804,6.96574,-2.44843,65.546,-3.74408,5.84194,39.8506,-3.90098,-5.85104,38.8205
7.14975,2.20974,64.1842,7.02716,-2.10964,63.2833,-3.40394,5.3224,37.7673,-3.55432,-5.31498,36.773
7.1851,1.87281,62.1296,7.04723,-1.7705,61.2601,-3.10129,4.80356,35.8922,-3.24655,-4.78272,34.933
7.27735,1.56947,60.4186,7.12771,-1.46384,59.5763,-2.78476,4.33267,34.2699,-2.92516,-4.30269,33.3392
7.26076,1.26633,58.2377,7.10063,-1.16485,57.4272,-2.5615,3.87613,32.4792,-2.6952,-3.84492,31.5862
7.25256,0.994387,56.1882,7.08434,-0.89634,55.4084,-2.35855,3.46555,30.8364,-2.48586,-3.43575,29.9787
7.26386,0.738831,54.8759,7.08924,-0.643322,54.1191,-2.16027,3.08549,29.7016,-2.28453,-3.05769,28.8716
7.22687,0.526826,53.091,7.04537,-0.431939,52.3639,-2.03583,2.76822,28.3979,-2.15642,-2.74099,27.6019
7.15908,0.326686,51.5922,6.97193,-0.233895,50.8926,-1.94534,2.47882,27.3722,-2.06363,-2.45382,26.6083
7.08885,0.150891,50.3909,6.89723,-0.0600206,49.716,-1.87773,2.23282,26.6134,-1.99437,-2.21006,25.8764
6.90552,-0.00145269,48.8244,6.70971,0.0883846,48.1815,-1.9203,2.02326,25.8878,-2.03514,-2.00507,25.1868
6.83147,-0.129957,48.0071,6.63331,0.214985,47.3856,-1.88883,1.85885,25.5247,-2.00523,-1.84614,24.8499
6.65548,-0.226524,46.9345,6.45516,0.308025,46.3404,-1.9701,1.74046,25.2594,-2.08883,-1.73628,24.6197
6.51237,-0.29769,46.1569,6.31049,0.376228,45.5862,-2.05381,1.66768,25.1912,-2.17704,-1.67294,24.5834
6.32679,-0.358847,45.4524,6.12445,0.432856,44.9065,-2.16133,1.62252,25.3705,-2.28962,-1.63944,24.7982
6.19299,-0.391354,45.0092,5.99002,0.462281,44.4835,-2.26425,1.62854,25.6631,-2.39931,-1.65639,25.121
6.01216,-0.412654,44.4754,5.8128,0.483791,43.9703,-2.41501,1.64776,26.1602,-2.5501,-1.6863,25.6439
5.92806,-0.430673,44.1045,5.72845,0.499955,43.6205,-2.47343,1.69384,26.7628,-2.61755,-1.74397,26.2815
5.83267,-0.430569,43.82,5.63159,0.497211,43.3566,-2.5952,1.7764,27.466,-2.7492,-1.83706,27.0164
5.70579,-0.423063,43.5634,5.50419,0.484098,43.122,-2.74669,1.87611,28.3825,-2.9102,-1.95011,27.9653
5.56348,-0.406823,43.3888,5.3623,0.45902,42.9699,-2.91919,2.01642,29.5364,-3.09315,-2.10824,29.1539
5.52683,-0.383372,43.3112,5.3262,0.429169,42.9088,-2.96712,2.1374,30.5168,-3.14917,-2.24184,30.1589
5.41014,-0.345456,43.3415,5.20632,0.388003,42.9519,-3.09767,2.27065,31.4799,-3.28939,-2.37378,31.1321
5.2689,-0.298645,43.4184,5.06528,0.340947,43.0463,-3.23456,2.39965,32.4099,-3.43599,-2.51246,32.0909
5.15588,-0.24873,43.5244,4.95383,0.289491,43.1671,-3.32623,2.53964,33.3316,-3.53629,-2.66286,33.0379
5.03453,-0.203517,43.5917,4.84204,0.247356,43.2392,-3.44995,2.67947,34.438,-3.66472,-2.81871,34.1645
4.94408,-0.133542,43.7071,4.76335,0.180017,43.3571,-3.50608,2.86621,35.7345,-3.72233,-3.01737,35.4652
5.05477,-0.212737,43.4213,4.87111,0.255174,43.0875,-3.51363,2.85211,36.2802,-3.74441,-3.0589,36.071
15.5563,1.40839,57.8533,15.4088,-1.65979,56.2747,0.447999,10.6604,70.8457,5.05558,-12.0515,71.8625
-1.87718,6.28356,90.4736,-2.12477,-6.41001,89.5893,-1.12039,4.16691,36.7918,-6.28324,-6.85152,47.1029
5.58711,4.24248,78.7293,5.47022,-4.23765,77.667,-3.81151,6.58685,45.3508,-3.66116,-6.31671,42.9956
5.41083,4.64294,81.3153,5.32742,-4.59578,80.2185,-5.41665,8.14986,51.7782,-5.43073,-8.11938,49.9425
5.28203,4.95085,83.1151,5.21075,-4.87045,82.0034,-5.972,8.95558,54.7423,-6.17269,-9.06697,53.3623
5.34818,5.15878,84.1263,5.28124,-5.04911,83.0066,-6.22164,9.43355,56.1611,-6.45858,-9.56392,54.8761
5.43837,5.31441,84.9164,5.37804,-5.18578,83.7935,-6.31059,9.76829,57.2048,-6.54982,-9.89186,55.941
5.51889,5.41385,85.2972,5.46584,-5.27702,84.1784,-6.38865,10.0102,58.0311,-6.61917,-10.1222,56.7701
5.76446,5.43938,85.0587,5.7156,-5.2962,83.9421,-6.41009,10.1592,58.163,-6.63503,-10.2589,56.9012
6.05634,5.39964,84.4785,6.01239,-5.25755,83.3624,-6.43363,10.2138,57.9579,-6.65545,-10.3102,56.6981
6.13377,5.3495,83.7414,6.1043,-5.21991,82.6208,-6.48102,10.1939,57.5046,-6.69425,-10.2989,56.2463
5.98503,5.24126,82.8287,5.96737,-5.14993,81.6985,-6.57405,10.0547,56.5088,-6.77614,-10.1734,55.2388
6.13506,5.12365,81.9555,6.12776,-5.04845,80.819,-6.48489,9.90275,55.6114,-6.68207,-10.0388,54.3463
6.16495,4.9569,80.6125,6.16047,-4.88251,79.4864,-6.35633,9.6365,54.2289,-6.54836,-9.76741,52.9827
6.25746,4.74603,79.0399,6.24612,-4.66852,77.9325,-6.14895,9.30803,52.6113,-6.33755,-9.42297,51.3873
6.39646,4.43638,77.5572,6.3764,-4.36589,76.4673,-5.83676,8.83092,50.9639,-6.02123,-8.93775,49.7629
6.53864,4.15457,75.6441,6.50687,-4.08118,74.578,-5.51316,8.39247,49.07,-5.69401,-8.48523,47.8974
6.59622,3.83728,73.8206,6.54976,-3.76377,72.7796,-5.20999,7.89136,47.1958,-5.38764,-7.96736,46.0529
6.71511,3.5659,72.2757,6.65587,-3.48669,71.2572,-4.89035,7.46354,45.6413,-5.06442,-7.52434,44.5223
6.8676,3.23268,70.5547,6.79335,-3.14751,69.5618,-4.49171,6.9292,43.8355,-4.66089,-6.9732,42.7435
6.9218,2.82237,67.871,6.82692,-2.7351,66.9154,-4.10167,6.27959,41.2763,-4.26359,-6.30226,40.2269
7.06931,2.54437,66.4841,6.96252,-2.44951,65.5509,-3.74131,5.83996,39.8458,-3.89884,-5.84941,38.8171
7.14726,2.21084,64.1878,7.02415,-2.11067,63.2879,-3.40139,5.32057,37.7628,-3.55233,-5.31353,36.7697
7.18276,1.87376,62.133,7.04445,-1.77148,61.2644,-3.09896,4.80186,35.8881,-3.2447,-4.78146,34.9298
7.27516,1.57031,60.4219,7.12517,-1.46478,59.5803,-2.78267,4.33109,34.2662,-2.92347,-4.30161,33.3363
7.25868,1.26707,58.2408,7.09839,-1.16572,57.4309,-2.55966,3.8746,32.4759,-2.69363,-3.84407,31.5835
7.25057,0.995052,56.1912,7.08239,-0.897157,55.4117,-2.35695,3.46406,30.8335,-2.4844,-3.43513,29.9762
7.26196,0.739437,54.8788,7.08755,-0.644081,54.122,-2.15891,3.08406,29.699,-2.28319,-3.05727,28.8693
7.22508,0.527369,53.0937,7.04394,-0.432649,52.3665,-2.03467,2.76686,28.3956,-2.15521,-2.74073,27.5998
7.15739,0.327181,51.5948,6.97073,-0.234561,50.8948,-1.94437,2.47753,27.3703,-2.06253,-2.4537,26.6064
7.08726,0.151349,50.3934,6.89623,-0.0606474,49.718,-1.87694,2.23161,26.6118,-1.99338,-2.21006,25.8748
6.90403,-0.00102483,48.8266,6.7089,0.0877873,48.1832,-1.91967,2.02212,25.8865,-2.03426,-2.00517,25.1853
6.83006,-0.129546,48.0092,6.63266,0.214416,47.387,-1.88835,1.85779,25.5237,-2.00445,-1.84633,24.8486
6.65416,-0.226126,46.9365,6.45465,0.307475,46.3416,-1.96975,1.73947,25.2587,-2.08815,-1.73653,24.6186
6.51112,-0.2973,46.1588,6.3101,0.375691,45.5871,-2.05358,1.66675,25.1908,-2.17645,-1.67324,24.5825
6.32561,-0.358454,45.4542,6.12417,0.432326,44.9071,-2.16122,1.62164,25.3703,-2.28911,-1.63977,24.7974
6.19185,-0.390963,45.0109,5.98983,0.461749,44.484,-2.26424,1.6277,25.6632,-2.39888,-1.65676,25.1204
6.0111,-0.412254,44.4769,5.81268,0.483257,43.9706,-2.41508,1.64698,26.1604,-2.54975,-1.68666,25.6433
5.92709,-0.43025,44.1059,5.72837,0.499426,43.6207,-2.47357,1.69314,26.7631,-2.61729,-1.74427,26.2811
5.83177,-0.430115,43.8213,5.63149,0.496689,43.3568,-2.5954,1.77577,27.4664,-2.74903,-1.8373,27.0161
5.70492,-0.422551,43.5646,5.50407,0.483592,43.1221,-2.74695,1.87554,28.3829,-2.91012,-1.95029,27.965
5.56259,-0.406203,43.3899,5.36212,0.458558,42.97,-2.91951,2.01589,29.5368,-3.09315,-2.10833,29.1538
5.52587,-0.382625,43.3124,5.32593,0.428759,42.909,-2.96751,2.1369,30.517,-3.14927,-2.24187,30.1587
5.40906,-0.34464,43.3427,5.20588,0.387601,42.9523,-3.09814,2.27017,31.48,-3.28958,-2.37375,31.1319
5.26768,-0.29781,43.4197,5.06469,0.340515,43.0468,-3.23512,2.39917,32.4099,-3.43628,-2.51241,32.0906
5.1545,-0.247889,43.5259,4.95313,0.289016,43.1677,-3.3269,2.53913,33.3316,-3.53666,-2.66284,33.0375
5.03301,-0.202643,43.5933,4.84131,0.246866,43.2396,-3.45076,2.67887,34.438,-3.66517,-2.81876,34.1641
4.94252,-0.132608,43.7086,4.76272,0.17958,43.3574,-3.50699,2.86548,35.7344,-3.72283,-3.01748,35.4648
5.05326,-0.211644,43.4226,4.87082,0.25497,43.0873,-3.51468,2.85107,36.28,-3.74494,-3.05895,36.0707
15.5573,1.40916,57.8524,15.4084,-1.66083,56.2746,0.447694,10.6609,70.8474,5.05504,-12.0499,71.8629
-1.87924,6.28543,90.4758,-2.12494,-6.40935,89.5904,-1.12034,4.16615,36.7898,-6.28278,-6.8516,47.1023
5.58614,4.24392,78.7306,5.47021,-4.23744,77.6673,-3.81155,6.58673,45.3504,-3.66099,-6.31609,42.995
5.4092,4.6447,81.317,5.32802,-4.5955,80.2183,-5.41694,8.14893,51.7777,-5.43037,-8.11931,49.9419
5.27979,4.95289,83.1173,5.21172,-4.87004,82.0031,-5.97241,8.95394,54.7415,-6.17205,-9.06734,53.3615
5.34549,5.16103,84.1288,5.2824,-5.04861,83.0063,-6.2221,9.43138,56.1599,-6.45764,-9.56457,54.875
5.43535,5.31679,84.9192,5.37928,-5.18522,83.7934,-6.31107,9.76568,57.2034,-6.5486,-9.89271,55.9397
5.51564,5.4163,85.3002,5.46705,-5.27647,84.1785,-6.38909,10.0072,58.0294,-6.61771,-10.1231,56.7685
5.76109,5.4418,85.0618,5.71666,-5.29573,83.9424,-6.41045,10.156,58.1611,-6.63334,-10.2599,56.8993
6.05296,5.40193,84.4817,6.01319,-5.25724,83.363,-6.43383,10.2105,57.9558,-6.6536,-10.3111,56.696
6.13054,5.35158,83.7446,6.10466,-5.21982,82.6217,-6.48095,10.1908,57.5024,-6.69234,-10.2995,56.2439
5.98222,5.24303,82.8317,5.96704,-5.1501,81.6999,-6.57353,10.0522,56.5064,-6.77435,-10.1733,55.2363
6.13257,5.12513,81.9584,6.12692,-5.04888,80.8208,-6.48404,9.9006,55.6089,-6.68038,-10.0382,54.3436
6.16262,4.9582,80.6153,6.15926,-4.88309,79.4884,-6.35525,9.6346,54.2263,-6.5467,-9.76658,52.98
6.25521,4.74718,79.0428,6.24469,-4.6692,77.9348,-6.14772,9.30625,52.6087,-6.33589,-9.42201,51.3844
6.39429,4.43742,77.56,6.37478,-4.36663,76.4697,-5.83543,8.8293,50.9613,-6.01961,-8.93669,49.76
6.53654,4.15551,75.6469,6.50515,-4.08194,74.5804,-5.51177,8.39096,49.0674,-5.69242,-8.48411,47.8945
6.59419,3.83814,73.8234,6.54797,-3.76454,72.782,-5.20858,7.88996,47.1933,-5.38609,-7.96624,46.0501
6.71313,3.5667,72.2785,6.65408,-3.48746,71.2596,-4.88897,7.46222,45.6388,-5.06293,-7.52325,44.5196
6.86569,3.23342,70.5574,6.79159,-3.14826,69.5642,-4.49039,6.92795,43.8331,-4.65947,-6.97217,42.7408
6.91999,2.82305,67.8736,6.82522,-2.7358,66.9177,-4.10041,6.27844,41.274,-4.26223,-6.3013,40.2244
7.06759,2.54501,66.4866,6.9609,-2.45017,65.5531,-3.74014,5.83888,39.8437,-3.89757,-5.84852,38.8147
7.14564,2.21144,64.1902,7.02264,-2.11128,63.29,-3.40031,5.31956,37.7608,-3.55114,-5.31272,36.7675
7.18125,1.87432,62.1353,7.04304,-1.77205,61.2664,-3.09797,4.80093,35.8862,-3.2436,-4.78073,34.9277
7.27377,1.57082,60.4241,7.12386,-1.4653,59.5822,-2.78177,4.33025,34.2645,-2.92247,-4.30094,33.3343
7.25745,1.26753,58.2428,7.09716,-1.16622,57.4327,-2.55882,3.8739,32.4743,-2.69274,-3.84343,31.5817
7.24952,0.995446,56.193,7.08124,-0.897639,55.4134,-2.35617,3.46349,30.832,-2.48362,-3.4345,29.9746
7.26106,0.739779,54.8804,7.08646,-0.64455,54.1236,-2.1582,3.0836,29.6977,-2.28252,-3.05665,28.8678
7.22432,0.527667,53.0952,7.04292,-0.433102,52.368,-2.03402,2.7665,28.3945,-2.15463,-2.74014,27.5985
7.15676,0.32744,51.5961,6.96978,-0.235002,50.8962,-1.94379,2.47726,27.3693,-2.06204,-2.45314,26.6052
7.08674,0.151575,50.3945,6.89534,-0.06108,49.7193,-1.87642,2.23141,26.611,-1.99297,-2.20952,25.8737
6.90362,-0.000826904,48.8276,6.70809,0.0873621,48.1844,-1.9192,2.02199,25.8858,-2.03392,-2.00466,25.1845
6.82973,-0.12937,48.0101,6.6319,0.213994,47.3881,-1.88794,1.85771,25.5231,-2.00418,-1.84585,24.8479
6.65391,-0.225967,46.9373,6.45395,0.307055,46.3426,-1.96939,1.73944,25.2583,-2.08794,-1.73608,24.618
6.51095,-0.297154,46.1594,6.30945,0.375271,45.588,-2.05327,1.66677,25.1905,-2.1763,-1.67281,24.582
6.3255,-0.358319,45.4547,6.12357,0.431903,44.908,-2.16095,1.6217,25.3701,-2.28901,-1.63936,24.797
6.1918,-0.390834,45.0113,5.98926,0.461323,44.4848,-2.26401,1.62779,25.663,-2.39883,-1.65635,25.1201
6.01109,-0.412124,44.4772,5.81216,0.48283,43.9713,-2.41489,1.64709,26.1604,-2.54975,-1.68627,25.6431
5.9271,-0.430112,44.1062,5.72789,0.498992,43.6213,-2.47343,1.69323,26.7632,-2.61732,-1.74391,26.281
5.83175,-0.429967,43.8216,5.63105,0.496247,43.3574,-2.59531,1.77585,27.4665,-2.74909,-1.83697,27.016
5.70488,-0.422398,43.5648,5.50363,0.483129,43.1227,-2.7469,1.8756,28.383,-2.91022,-1.94997,27.9649
5.56251,-0.406057,43.3901,5.36165,0.458053,42.9706,-2.91952,2.01594,29.5369,-3.0933,-2.10802,29.1537
5.52573,-0.382492,43.3127,5.32538,0.4282,42.9096,-2.96757,2.13693,30.5171,-3.14946,-2.24154,30.1586
5.40882,-0.344499,43.3431,5.20526,0.387012,42.9529,-3.09826,2.27018,31.4801,-3.28983,-2.37343,31.1316
5.26734,-0.297648,43.4202,5.06399,0.339917,43.0474,-3.23529,2.39917,32.41,-3.43657,-2.5121,32.0903
5.15411,-0.247715,43.5263,4.95237,0.28841,43.1684,-3.32711,2.53913,33.3316,-3.53701,-2.66251,33.0372
5.03262,-0.202483,43.5937,4.84048,0.246237,43.2404,-3.45101,2.67893,34.438,-3.66559,-2.81839,34.1638
4.94223,-0.132512,43.7088,4.76184,0.178908,43.3581,-3.50726,2.8656,35.7345,-3.72333,-3.01704,35.4646
5.05315,-0.211657,43.4226,4.86995,0.254199,43.088,-3.51494,2.8513,36.2803,-3.74551,-3.05842,36.0706
15.556,1.41004,57.8539,15.4093,-1.66189,56.2735,0.446968,10.6592,70.8481,5.05518,-12.0505,71.8626
-1.87904,6.28486,90.4761,-2.12629,-6.41009,89.5918,-1.12,4.16683,36.7895,-6.28281,-6.85091,47.1012
5.5862,4.24372,78.7307,5.46966,-4.2382,77.668,-3.81148,6.58655,45.3502,-3.661,-6.31597,42.9947
5.40973,4.6444,81.3168,5.32703,-4.59657,80.2193,-5.41676,8.14912,51.7777,-5.43053,-8.11864,49.9416
5.28065,4.95246,83.117,5.2103,-4.87137,82.0044,-5.97201,8.95445,54.7413,-6.17232,-9.06618,53.361
5.34653,5.16049,84.1285,5.28064,-5.05012,83.0079,-6.22149,9.43211,56.1596,-6.45798,-9.56306,54.8743
5.4365,5.31619,84.9189,5.37727,-5.18686,83.7952,-6.31026,9.76655,57.2029,-6.54898,-9.89092,55.9388
5.51679,5.41567,85.3,5.46487,-5.2782,84.1803,-6.38812,10.0081,58.0288,-6.6181,-10.1211,56.7676
5.76217,5.4412,85.0617,5.7144,-5.29748,83.9444,-6.40933,10.1569,58.1603,-6.6337,-10.2577,56.8982
6.05386,5.40142,84.4818,6.01093,-5.25894,83.365,-6.43261,10.2113,57.9548,-6.65387,-10.3089,56.6948
6.13113,5.35122,83.745,6.10251,-5.22138,82.6237,-6.47972,10.1913,57.5012,-6.69244,-10.2975,56.2426
5.98229,5.24289,82.8324,5.9652,-5.1514,81.7018,-6.57241,10.0523,56.505,-6.77416,-10.1717,55.2349
6.13226,5.12519,81.9593,6.12531,-5.04996,80.8225,-6.48301,9.90032,55.6074,-6.67996,-10.0369,54.3422
6.16206,4.95837,80.6164,6.15778,-4.88401,79.4902,-6.35425,9.63412,54.2248,-6.54613,-9.7655,52.9785
6.2545,4.74743,79.0439,6.24327,-4.67,77.9365,-6.14674,9.30568,52.6071,-6.33523,-9.42103,51.383
6.39346,4.43772,77.5612,6.37344,-4.36732,76.4714,-5.83448,8.82865,50.9597,-6.01889,-8.93582,49.7586
6.53564,4.15585,75.6482,6.50386,-4.08255,74.5821,-5.51084,8.39028,49.0658,-5.69167,-8.48333,47.8932
6.59326,3.83849,73.8246,6.54675,-3.76506,72.7837,-5.20768,7.88928,47.1916,-5.38533,-7.96553,46.0488
6.7122,3.56705,72.2797,6.6529,-3.48792,71.2612,-4.88811,7.46157,45.6372,-5.06219,-7.52259,44.5184
6.86479,3.23377,70.5586,6.79046,-3.14866,69.5658,-4.48956,6.92734,43.8316,-4.65876,-6.97155,42.7397
6.91913,2.82337,67.8747,6.82417,-2.73613,66.9192,-4.09962,6.27789,41.2726,-4.26155,-6.30074,40.2233
7.06678,2.54532,66.4877,6.95992,-2.45047,65.5545,-3.7394,5.83838,39.8423,-3.89695,-5.848,38.8137
7.14491,2.21172,64.1911,7.02173,-2.11154,63.2914,-3.39962,5.31913,37.7595,-3.55057,-5.31224,36.7666
7.18059,1.87458,62.1362,7.04221,-1.77225,61.2677,-3.09733,4.80056,35.885,-3.24308,-4.78029,34.9269
7.27317,1.57106,60.4249,7.12312,-1.46547,59.5834,-2.78118,4.32993,34.2634,-2.922,-4.30055,33.3336
7.2569,1.26776,58.2435,7.09653,-1.16633,57.4338,-2.55831,3.8736,32.4733,-2.6923,-3.84312,31.5811
7.249,0.995681,56.1937,7.08073,-0.897689,55.4144,-2.35573,3.4632,30.8311,-2.48321,-3.43427,29.9741
7.26057,0.740016,54.881,7.08605,-0.64455,54.1245,-2.15782,3.08332,29.6969,-2.28215,-3.0565,28.8674
7.22388,0.527903,53.0957,7.04262,-0.433061,52.3688,-2.0337,2.76624,28.3938,-2.15429,-2.74004,27.5982
7.15636,0.327676,51.5966,6.96956,-0.234923,50.8969,-1.94352,2.47703,27.3687,-2.06173,-2.45309,26.6051
7.08637,0.151813,50.3949,6.8952,-0.0609679,49.7198,-1.8762,2.2312,26.6104,-1.9927,-2.20951,25.8736
6.90329,-0.000586202,48.828,6.70801,0.0875007,48.1848,-1.91902,2.0218,25.8854,-2.03368,-2.00469,25.1845
6.82944,-0.129126,48.0104,6.63188,0.214156,47.3885,-1.8878,1.85754,25.5228,-2.00397,-1.8459,24.848
6.65365,-0.22572,46.9375,6.45398,0.307234,46.3428,-1.96929,1.73929,25.258,-2.08776,-1.73615,24.6181
6.51071,-0.296903,46.1596,6.30953,0.375466,45.5882,-2.0532,1.66664,25.1902,-2.17614,-1.67291,24.5822
6.32529,-0.358061,45.4549,6.12369,0.432107,44.9081,-2.16091,1.62158,25.37,-2.28888,-1.63948,24.7973
6.19161,-0.390572,45.0114,5.98941,0.461536,44.4848,-2.26401,1.62768,25.6629,-2.39873,-1.65649,25.1204
6.01092,-0.41186,44.4773,5.81234,0.483038,43.9713,-2.41492,1.64698,26.1603,-2.54966,-1.68642,25.6435
5.92695,-0.429847,44.1062,5.72807,0.499185,43.6213,-2.47348,1.69314,26.7632,-2.61726,-1.74405,26.2814
5.83163,-0.429702,43.8215,5.6312,0.496424,43.3573,-2.59537,1.77577,27.4665,-2.74906,-1.83709,27.0165
5.70475,-0.422125,43.5648,5.50376,0.48329,43.1226,-2.74699,1.87552,28.383,-2.91022,-1.95008,27.9654
5.56236,-0.405763,43.3901,5.36176,0.458202,42.9705,-2.91964,2.01585,29.5369,-3.09333,-2.10812,29.1541
5.52553,-0.382168,43.3127,5.32546,0.428345,42.9096,-2.96772,2.13682,30.5171,-3.14951,-2.24164,30.159
5.40857,-0.344159,43.3431,5.20528,0.387151,42.953,-3.09843,2.27008,31.48,-3.28991,-2.37352,31.1321
5.26705,-0.297303,43.4202,5.06395,0.34005,43.0475,-3.23549,2.39908,32.4099,-3.43669,-2.51218,32.0907
5.15378,-0.24736,43.5264,4.9523,0.288546,43.1685,-3.32735,2.53904,33.3315,-3.53716,-2.6626,33.0376
5.03225,-0.202104,43.5938,4.84042,0.246391,43.2404,-3.45129,2.6788,34.4378,-3.66575,-2.8185,34.1642
4.94181,-0.13209,43.7089,4.76185,0.179106,43.3581,-3.50759,2.86542,35.7343,-3.72349,-3.01721,35.465
5.05271,-0.211174,43.4227,4.87006,0.254447,43.0878,-3.51533,2.85104,36.2802,-3.74566,-3.0587,36.0711
15.5572,1.41043,57.8523,15.4086,-1.66176,56.2744,0.447332,10.6601,70.8477,5.05463,-12.0494,71.8639
-1.87994,6.28564,90.477,-2.12613,-6.40983,89.592,-1.12001,4.16617,36.7887,-6.28258,-6.85122,47.101
5.58591,4.24431,78.7311,5.46969,-4.23812,77.6681,-3.81142,6.58641,45.3499,-3.66098,-6.31577,42.9946
5.40911,4.64516,81.3174,5.32744,-4.59632,80.2192,-5.4168,8.14861,51.7773,-5.43041,-8.11877,49.9416
5.27972,4.95339,83.1178,5.21098,-4.87095,82.0042,-5.97215,8.95362,54.7408,-6.17204,-9.06658,53.361
5.34537,5.16155,84.1294,5.28148,-5.04957,83.0076,-6.22169,9.43102,56.159,-6.45755,-9.56364,54.8742
5.43516,5.31735,84.9199,5.37821,-5.18623,83.7949,-6.3105,9.76527,57.2022,-6.54841,-9.89163,55.9387
5.51535,5.41689,85.3011,5.46584,-5.27752,84.1801,-6.38837,10.0067,58.0279,-6.61741,-10.1219,56.7673
5.76068,5.44244,85.0628,5.71533,-5.29679,83.9443,-6.40956,10.1554,58.1594,-6.63293,-10.2585,56.8979
6.0524,5.40263,84.4829,6.01175,-5.25829,83.365,-6.43278,10.2099,57.9538,-6.65304,-10.3097,56.6943
6.12978,5.35234,83.7461,6.10311,-5.22083,82.6239,-6.47976,10.19,57.5001,-6.69162,-10.298,56.2421
5.98118,5.24383,82.8334,5.96541,-5.15105,81.7022,-6.57225,10.0512,56.504,-6.77343,-10.1719,55.2342
6.13134,5.12598,81.9603,6.12524,-5.04978,80.8232,-6.48268,9.89947,55.6064,-6.67932,-10.0369,54.3414
6.16124,4.95905,80.6173,6.15751,-4.88395,79.4909,-6.35382,9.63339,54.2237,-6.54554,-9.76527,52.9777
6.25372,4.74803,79.0449,6.24289,-4.67002,77.9373,-6.14624,9.30502,52.606,-6.33465,-9.42073,51.3821
6.39273,4.43824,77.5621,6.37296,-4.36742,76.4722,-5.83394,8.82806,50.9586,-6.01833,-8.93546,49.7577
6.53494,4.1563,75.6491,6.50332,-4.08269,74.583,-5.51028,8.38973,49.0647,-5.69113,-8.48294,47.8923
6.59258,3.83889,73.8255,6.54616,-3.76524,72.7846,-5.20712,7.88877,47.1906,-5.38481,-7.96513,46.0479
6.71154,3.56742,72.2806,6.6523,-3.48813,71.2621,-4.88757,7.46107,45.6363,-5.06168,-7.52221,44.5175
6.86414,3.23409,70.5595,6.78987,-3.14888,69.5666,-4.48905,6.92686,43.8307,-4.65827,-6.9712,42.7388
6.91851,2.82366,67.8756,6.82359,-2.73637,66.92,-4.09913,6.27743,41.2717,-4.26109,-6.30042,40.2224
7.06618,2.54558,66.4886,6.95936,-2.45071,65.5553,-3.73895,5.83794,39.8415,-3.89651,-5.84771,38.8128
7.14433,2.21195,64.192,7.0212,-2.11178,63.2922,-3.39921,5.3187,37.7588,-3.55015,-5.31199,36.7657
7.18003,1.87478,62.1371,7.04172,-1.7725,61.2684,-3.09696,4.80015,35.8844,-3.24269,-4.78007,34.9261
7.27265,1.57124,60.4257,7.12266,-1.46571,59.5841,-2.78086,4.32954,34.2628,-2.92164,-4.30036,33.3328
7.25643,1.2679,58.2444,7.09608,-1.16659,57.4344,-2.558,3.87326,32.4727,-2.69198,-3.84293,31.5803
7.2486,0.99579,56.1945,7.08028,-0.897969,55.4149,-2.35545,3.46291,30.8306,-2.48293,-3.43408,29.9733
7.26022,0.740094,54.8817,7.08561,-0.644845,54.1251,-2.15756,3.08308,29.6964,-2.28191,-3.05629,28.8667
7.22357,0.527955,53.0964,7.04219,-0.433367,52.3693,-2.03347,2.76603,28.3934,-2.15408,-2.73984,27.5976
7.15609,0.327706,51.5972,6.96915,-0.23524,50.8974,-1.94331,2.47685,27.3684,-2.06156,-2.4529,26.6044
7.08614,0.151824,50.3955,6.8948,-0.0612952,49.7203,-1.87601,2.23105,26.6102,-1.99256,-2.20933,25.873
6.90309,-0.000592462,48.8285,6.70763,0.0871647,48.1853,-1.91886,2.02167,25.8852,-2.03356,-2.00451,25.1839
6.82927,-0.129146,48.0109,6.63152,0.213812,47.3889,-1.88766,1.85744,25.5226,-2.00387,-1.84573,24.8474
6.65351,-0.22575,46.9379,6.45363,0.306884,46.3432,-1.96917,1.7392,25.2579,-2.08768,-1.73599,24.6176
6.51059,-0.296941,46.16,6.30919,0.375109,45.5885,-2.0531,1.66657,25.1902,-2.17608,-1.67274,24.5818
6.32519,-0.358106,45.4552,6.12336,0.431745,44.9084,-2.16082,1.62152,25.37,-2.28884,-1.63931,24.7969
6.19152,-0.390622,45.0118,5.9891,0.461168,44.4851,-2.26393,1.62764,25.663,-2.3987,-1.65632,25.12
6.01085,-0.411908,44.4776,5.81204,0.482671,43.9716,-2.41485,1.64695,26.1604,-2.54965,-1.68625,25.6431
5.92689,-0.429888,44.1065,5.72779,0.498826,43.6216,-2.47343,1.69311,26.7632,-2.61727,-1.74389,26.281
5.83155,-0.429733,43.8218,5.63094,0.496072,43.3576,-2.59534,1.77574,27.4666,-2.74908,-1.83694,27.0161
5.70467,-0.422148,43.5651,5.50351,0.482943,43.1228,-2.74697,1.87549,28.3831,-2.91024,-1.94993,27.965
5.56227,-0.405781,43.3904,5.36149,0.457854,42.9708,-2.91963,2.01583,29.537,-3.09337,-2.10796,29.1538
5.52543,-0.382186,43.313,5.32517,0.427989,42.9098,-2.96773,2.13682,30.5172,-3.14958,-2.24147,30.1587
5.40844,-0.344171,43.3434,5.20496,0.386788,42.9532,-3.09846,2.27007,31.4801,-3.28999,-2.37334,31.1317
5.26688,-0.297308,43.4206,5.06362,0.339682,43.0478,-3.23554,2.39905,32.4099,-3.43679,-2.51201,32.0903
5.15359,-0.247366,43.5268,4.95194,0.288167,43.1688,-3.32742,2.53901,33.3315,-3.53727,-2.66243,33.0372
5.03206,-0.202124,43.5941,4.84002,0.24599,43.2408,-3.45136,2.67879,34.4379,-3.6659,-2.81831,34.1638
4.94167,-0.132145,43.7092,4.76141,0.178672,43.3584,-3.50766,2.86545,35.7344,-3.72368,-3.01697,35.4646
5.05265,-0.211268,43.4228,4.86961,0.253982,43.0881,-3.51539,2.85116,36.2804,-3.74588,-3.05838,36.0707
15.5562,1.41069,57.8536,15.4093,-1.66244,56.2735,0.446788,10.659,70.8485,5.05492,-12.05,71.8631
-1.87971,6.28531,90.477,-2.12676,-6.41014,89.5926,-1.11986,4.16667,36.7887,-6.28264,-6.85079,47.1006
5.58594,4.24415,78.7311,5.46947,-4.23842,77.6683,-3.81143,6.5864,45.3499,-3.66096,-6.31573,42.9945
5.40939,4.64492,81.3173,5.32694,-4.59683,80.2196,-5.41675,8.14881,51.7774,-5.43047,-8.11842,49.9413
5.28019,4.95306,83.1176,5.21021,-4.87163,82.0048,-5.97198,8.954,54.7409,-6.17218,-9.06596,53.3606
5.34597,5.16114,84.1292,5.28053,-5.05038,83.0083,-6.22142,9.43154,56.159,-6.45776,-9.56283,54.8738
5.43584,5.31687,84.9197,5.37712,-5.18713,83.7957,-6.31013,9.76587,57.2021,-6.54866,-9.89067,55.9382
5.51605,5.41638,85.3009,5.46466,-5.27848,84.181,-6.38792,10.0074,58.0278,-6.61769,-10.1208,56.7668
5.76135,5.44193,85.0627,5.71411,-5.29778,83.9451,-6.40905,10.1561,58.1592,-6.6332,-10.2574,56.8973
6.05298,5.40215,84.4829,6.01055,-5.25927,83.3658,-6.43224,10.2104,57.9536,-6.65328,-10.3086,56.6937
6.1302,5.35193,83.7462,6.102,-5.22174,82.6247,-6.47924,10.1904,57.4998,-6.69178,-10.297,56.2414
5.98134,5.24355,82.8337,5.96451,-5.15179,81.703,-6.57181,10.0514,56.5036,-6.77344,-10.1711,55.2336
6.1313,5.12582,81.9606,6.12451,-5.05038,80.8238,-6.48231,9.89946,55.606,-6.67921,-10.0363,54.3408
6.16107,4.95896,80.6178,6.15688,-4.88445,79.4915,-6.35348,9.63328,54.2232,-6.54535,-9.76482,52.9771
6.25349,4.74799,79.0453,6.24231,-4.67044,77.9379,-6.14592,9.30485,52.6055,-6.33443,-9.42035,51.3816
6.39244,4.43824,77.5626,6.37242,-4.36776,76.4728,-5.83363,8.82785,50.9581,-6.01807,-8.93513,49.7572
6.53462,4.15634,75.6496,6.50283,-4.08298,74.5836,-5.50999,8.38951,49.0642,-5.69085,-8.48265,47.8917
6.59224,3.83894,73.826,6.5457,-3.76548,72.7851,-5.20683,7.88855,47.1901,-5.38453,-7.96488,46.0474
6.71121,3.56749,72.281,6.65187,-3.48832,71.2626,-4.88729,7.46086,45.6358,-5.06141,-7.52197,44.517
6.86382,3.23417,70.5599,6.78946,-3.14904,69.5672,-4.48878,6.92667,43.8302,-4.65801,-6.97097,42.7384
6.91821,2.82374,67.876,6.82321,-2.73649,66.9206,-4.09888,6.27727,41.2712,-4.26084,-6.30021,40.222
7.06591,2.54566,66.4889,6.95901,-2.45081,65.5558,-3.73871,5.83781,39.8411,-3.89629,-5.84751,38.8125
7.14409,2.21203,64.1923,7.02088,-2.11184,63.2927,-3.39898,5.3186,37.7583,-3.54995,-5.3118,36.7655
7.17983,1.87486,62.1373,7.04143,-1.77254,61.2689,-3.09675,4.80008,35.884,-3.24252,-4.77989,34.9259
7.27247,1.57132,60.4259,7.1224,-1.46573,59.5845,-2.78066,4.3295,34.2624,-2.92149,-4.3002,33.3327
7.25627,1.26799,58.2445,7.09588,-1.16657,57.4348,-2.55783,3.87321,32.4724,-2.69184,-3.8428,31.5802
7.24845,0.995885,56.1946,7.08014,-0.897911,55.4153,-2.3553,3.46286,30.8303,-2.4828,-3.43399,29.9733
7.26007,0.740199,54.8818,7.08552,-0.644756,54.1254,-2.15744,3.08303,29.6961,-2.28179,-3.05624,28.8667
7.22344,0.528066,53.0964,7.04214,-0.433252,52.3695,-2.03336,2.76599,28.3931,-2.15397,-2.73981,27.5976
7.15598,0.327824,51.5973,6.96913,-0.235102,50.8976,-1.94322,2.47681,27.3681,-2.06145,-2.45288,26.6045
7.08604,0.151947,50.3955,6.89482,-0.0611371,49.7204,-1.87594,2.23102,26.61,-1.99246,-2.20933,25.8732
6.90301,-0.000463566,48.8285,6.70768,0.0873396,48.1854,-1.9188,2.02165,25.885,-2.03348,-2.00453,25.1841
6.8292,-0.129012,48.0108,6.63159,0.214001,47.3889,-1.88762,1.85742,25.5225,-2.0038,-1.84576,24.8476
6.65345,-0.225611,46.9379,6.45372,0.307084,46.3433,-1.96914,1.73919,25.2577,-2.08762,-1.73603,24.6179
6.51054,-0.296798,46.1599,6.3093,0.375318,45.5885,-2.05308,1.66656,25.1901,-2.17603,-1.6728,24.582
6.32515,-0.357959,45.4552,6.12349,0.431961,44.9084,-2.16082,1.62152,25.3699,-2.2888,-1.63938,24.7972
6.19149,-0.390471,45.0117,5.98924,0.46139,44.4851,-2.26393,1.62763,25.6629,-2.39867,-1.6564,25.1203
6.01083,-0.411758,44.4775,5.81219,0.48289,43.9715,-2.41487,1.64695,26.1603,-2.54963,-1.68633,25.6435
5.92687,-0.42974,44.1064,5.72793,0.499033,43.6215,-2.47345,1.69311,26.7632,-2.61725,-1.74397,26.2814
5.83154,-0.429589,43.8217,5.63108,0.496267,43.3575,-2.59537,1.77574,27.4665,-2.74907,-1.83701,27.0165
5.70466,-0.422004,43.565,5.50363,0.483126,43.1228,-2.74701,1.87549,28.3831,-2.91025,-1.95,27.9654
5.56225,-0.405633,43.3903,5.36161,0.458025,42.9707,-2.91968,2.01581,29.537,-3.09338,-2.10804,29.1541
5.52538,-0.382028,43.3128,5.32527,0.428152,42.9098,-2.96779,2.13679,30.5172,-3.1496,-2.24155,30.159
5.40837,-0.344009,43.3433,5.20504,0.386948,42.9532,-3.09854,2.27004,31.48,-3.29002,-2.37342,31.132
5.26681,-0.297145,43.4205,5.06367,0.33984,43.0478,-3.23563,2.39903,32.4099,-3.43683,-2.51208,32.0906
5.1535,-0.247196,43.5267,4.95198,0.288331,43.1687,-3.32751,2.53899,33.3315,-3.53733,-2.6625,33.0375
5.03196,-0.201939,43.594,4.84008,0.246169,43.2407,-3.45148,2.67875,34.4378,-3.66596,-2.8184,34.1642
4.94154,-0.131934,43.7091,4.76151,0.178879,43.3583,-3.5078,2.86538,35.7343,-3.72373,-3.01709,35.4649
5.05249,-0.211031,43.4228,4.86975,0.25421,43.0879,-3.51555,2.85103,36.2803,-3.74592,-3.05858,36.0712
15.557,1.41086,57.8525,15.4088,-1.66219,56.2742,0.447111,10.6597,70.848,5.05456,-12.0493,71.864
-1.88017,6.28571,90.4774,-2.12658,-6.40999,89.5926,-1.11989,4.16624,36.7883,-6.28251,-6.85104,47.1006
5.58582,4.24444,78.7313,5.46951,-4.23836,77.6684,-3.81139,6.58631,45.3497,-3.66096,-6.31565,42.9945
5.40908,4.64531,81.3176,5.32721,-4.59663,80.2195,-5.41677,8.14853,51.7771,-5.43041,-8.11855,49.9414
5.27971,4.95354,83.1179,5.21066,-4.87132,82.0046,-5.97206,8.95354,54.7406,-6.17204,-9.06626,53.3607
5.34535,5.1617,84.1296,5.28109,-5.04998,83.0081,-6.22154,9.43094,56.1587,-6.45753,-9.56325,54.8739
5.43513,5.31749,84.9201,5.37775,-5.18667,83.7955,-6.31028,9.76518,57.2018,-6.54836,-9.89117,55.9382
5.51529,5.41704,85.3014,5.46532,-5.27798,84.1807,-6.38809,10.0066,58.0274,-6.61733,-10.1214,56.7668
5.76057,5.4426,85.0632,5.71476,-5.29726,83.9449,-6.40923,10.1553,58.1588,-6.63279,-10.258,56.8973
6.05223,5.40281,84.4834,6.01114,-5.25876,83.3657,-6.43239,10.2097,57.9532,-6.65286,-10.3091,56.6937
6.12952,5.35254,83.7466,6.10247,-5.22129,82.6247,-6.47933,10.1897,57.4994,-6.69137,-10.2974,56.2413
5.98082,5.24407,82.8341,5.96477,-5.15147,81.7031,-6.57178,10.0508,56.5031,-6.77311,-10.1714,55.2334
6.1309,5.12624,81.961,6.1246,-5.05017,80.824,-6.4822,9.89907,55.6055,-6.67894,-10.0363,54.3406
6.16074,4.95932,80.6181,6.15686,-4.88431,79.4918,-6.35332,9.63296,54.2228,-6.54511,-9.76478,52.9769
6.25318,4.7483,79.0456,6.24223,-4.67036,77.9382,-6.14573,9.30458,52.6051,-6.3342,-9.42027,51.3813
6.39216,4.43851,77.5629,6.37229,-4.36773,76.4731,-5.83342,8.82761,50.9577,-6.01786,-8.93502,49.7569
6.53436,4.15656,75.6499,6.50265,-4.08298,74.5839,-5.50976,8.38929,49.0638,-5.69066,-8.48252,47.8914
6.59199,3.83914,73.8263,6.54551,-3.76551,72.7855,-5.20661,7.88834,47.1897,-5.38434,-7.96473,46.0471
6.71096,3.56766,72.2814,6.65166,-3.48838,71.2629,-4.88707,7.46066,45.6354,-5.06123,-7.52183,44.5167
6.86358,3.23432,70.5603,6.78925,-3.14912,69.5675,-4.48858,6.92647,43.8298,-4.65784,-6.97084,42.738
6.91797,2.82387,67.8764,6.823,-2.73658,66.9209,-4.09868,6.27708,41.2709,-4.26067,-6.30009,40.2217
7.06567,2.54577,66.4893,6.95881,-2.45091,65.5561,-3.73854,5.83761,39.8408,-3.89612,-5.84741,38.8122
7.14386,2.21213,64.1927,7.02069,-2.11195,63.2929,-3.39882,5.3184,37.758,-3.54979,-5.31172,36.7651
7.1796,1.87494,62.1377,7.04124,-1.77265,61.2691,-3.09661,4.79989,35.8837,-3.24237,-4.77983,34.9255
7.27226,1.57139,60.4263,7.12223,-1.46585,59.5847,-2.78053,4.32931,34.2621,-2.92135,-4.30014,33.3323
7.25607,1.26804,58.2449,7.0957,-1.16671,57.435,-2.55771,3.87304,32.4722,-2.69171,-3.84274,31.5798
7.24828,0.995917,56.195,7.07995,-0.898065,55.4155,-2.35519,3.46272,30.8301,-2.48269,-3.43392,29.9729
7.25992,0.740213,54.8822,7.08532,-0.644925,54.1256,-2.15734,3.08291,29.696,-2.2817,-3.05616,28.8664
7.22331,0.528066,53.0968,7.04194,-0.433432,52.3697,-2.03327,2.76589,28.393,-2.15389,-2.73973,27.5973
7.15586,0.327811,51.5976,6.96894,-0.235293,50.8978,-1.94314,2.47672,27.368,-2.06139,-2.45281,26.6042
7.08594,0.151924,50.3958,6.89462,-0.0613374,49.7206,-1.87587,2.23094,26.6099,-1.99241,-2.20925,25.8728
6.90292,-0.000496463,48.8288,6.70749,0.0871315,48.1856,-1.91874,2.02158,25.8849,-2.03343,-2.00445,25.1837
6.82912,-0.129052,48.0111,6.6314,0.213786,47.3891,-1.88756,1.85736,25.5224,-2.00376,-1.84568,24.8473
6.65338,-0.225657,46.9381,6.45354,0.306863,46.3434,-1.96909,1.73914,25.2577,-2.08759,-1.73595,24.6176
6.51048,-0.296849,46.1602,6.30912,0.375092,45.5887,-2.05304,1.66651,25.1901,-2.17601,-1.67272,24.5817
6.32509,-0.358014,45.4554,6.12331,0.43173,44.9086,-2.16078,1.62148,25.3699,-2.28879,-1.6393,24.7969
6.19144,-0.390529,45.0119,5.98906,0.461155,44.4853,-2.2639,1.6276,25.6629,-2.39866,-1.65631,25.12
6.01078,-0.411815,44.4777,5.81202,0.482657,43.9717,-2.41484,1.64692,26.1604,-2.54962,-1.68625,25.6432
5.92683,-0.429793,44.1066,5.72777,0.498807,43.6216,-2.47343,1.69308,26.7633,-2.61725,-1.74388,26.2811
5.8315,-0.429635,43.8219,5.63092,0.496048,43.3576,-2.59535,1.77571,27.4666,-2.74908,-1.83693,27.0162
5.70461,-0.422046,43.5651,5.50348,0.482912,43.1229,-2.747,1.87547,28.3832,-2.91026,-1.94992,27.9651
5.5622,-0.405671,43.3905,5.36146,0.457816,42.9708,-2.91968,2.0158,29.5371,-3.0934,-2.10795,29.1539
5.52534,-0.382066,43.313,5.32511,0.427943,42.9099,-2.96779,2.13678,30.5172,-3.14962,-2.24145,30.1588
5.40831,-0.344044,43.3435,5.20487,0.386738,42.9533,-3.09854,2.27003,31.4801,-3.29005,-2.37332,31.1318
5.26673,-0.297177,43.4207,5.0635,0.339628,43.0479,-3.23563,2.39901,32.4099,-3.43687,-2.51198,32.0904
5.15341,-0.247231,43.5269,4.95179,0.28811,43.1689,-3.32753,2.53897,33.3315,-3.53737,-2.6624,33.0372
5.03188,-0.201983,43.5942,4.83988,0.245935,43.2409,-3.45149,2.67875,34.4379,-3.66601,-2.81829,34.1639
4.94148,-0.131999,43.7093,4.76128,0.178624,43.3585,-3.50781,2.8654,35.7344,-3.7238,-3.01696,35.4646
5.05248,-0.211115,43.4229,4.86951,0.253939,43.0882,-3.51555,2.8511,36.2804,-3.74601,-3.05839,36.0709
15.5563,1.41094,57.8534,15.4092,-1.66259,56.2736,0.446775,10.659,70.8485,5.05477,-12.0497,71.8635
-1.87999,6.28549,90.4773,-2.12691,-6.41015,89.5929,-1.11981,4.16656,36.7884,-6.28256,-6.85078,47.1004
5.58584,4.24432,78.7313,5.4694,-4.2385,77.6685,-3.81141,6.58633,45.3498,-3.66095,-6.31564,42.9944
5.40925,4.64513,81.3175,5.32693,-4.5969,80.2197,-5.41675,8.14867,51.7773,-5.43045,-8.11835,49.9413
5.28,4.9533,83.1178,5.21022,-4.8717,82.0049,-5.97197,8.9538,54.7407,-6.17213,-9.06592,53.3605
5.34573,5.16141,84.1294,5.28054,-5.05043,83.0084,-6.2214,9.43128,56.1587,-6.45766,-9.56279,54.8736
5.43555,5.31717,84.92,5.37713,-5.18718,83.7959,-6.31009,9.76558,57.2018,-6.54853,-9.89063,55.938
5.51574,5.41669,85.3012,5.46465,-5.27852,84.1812,-6.38786,10.007,58.0275,-6.61751,-10.1208,56.7665
5.76101,5.44225,85.0631,5.71407,-5.29783,83.9454,-6.40896,10.1557,58.1588,-6.63299,-10.2573,56.897
6.05262,5.40246,84.4833,6.01047,-5.25932,83.3661,-6.43212,10.2101,57.9531,-6.65304,-10.3085,56.6934
6.12983,5.35224,83.7466,6.10187,-5.22181,82.6251,-6.47908,10.19,57.4993,-6.69152,-10.2969,56.241
5.98098,5.24384,82.8341,5.9643,-5.15188,81.7034,-6.57159,10.051,56.503,-6.77317,-10.171,55.2332
6.13094,5.12608,81.9611,6.12424,-5.0505,80.8243,-6.48205,9.89913,55.6054,-6.67893,-10.0361,54.3403
6.16071,4.95921,80.6182,6.15657,-4.88458,79.492,-6.35319,9.63296,54.2226,-6.54506,-9.76459,52.9766
6.25312,4.74822,79.0458,6.24197,-4.67058,77.9384,-6.14561,9.30454,52.6049,-6.33413,-9.4201,51.381
6.39206,4.43846,77.5631,6.37206,-4.36791,76.4734,-5.83332,8.82755,50.9575,-6.01777,-8.93488,49.7567
6.53424,4.15654,75.6501,6.50245,-4.08312,74.5841,-5.50967,8.38922,49.0636,-5.69056,-8.48241,47.8912
6.59187,3.83913,73.8265,6.54533,-3.76562,72.7857,-5.20652,7.88827,47.1896,-5.38424,-7.96464,46.0469
6.71084,3.56766,72.2815,6.6515,-3.48846,71.2632,-4.88699,7.4606,45.6352,-5.06113,-7.52174,44.5165
6.86347,3.23433,70.5604,6.7891,-3.14918,69.5677,-4.48849,6.92642,43.8297,-4.65774,-6.97076,42.7379
6.91787,2.82388,67.8765,6.82286,-2.73662,66.9211,-4.0986,6.27704,41.2707,-4.26058,-6.30001,40.2215
7.06558,2.54579,66.4894,6.95868,-2.45093,65.5563,-3.73846,5.83759,39.8406,-3.89605,-5.84733,38.8121
7.14379,2.21215,64.1928,7.02057,-2.11196,63.2931,-3.39875,5.31839,37.7579,-3.54973,-5.31164,36.7651
7.17954,1.87497,62.1377,7.04114,-1.77265,61.2693,-3.09653,4.79989,35.8835,-3.24231,-4.77975,34.9255
7.27221,1.57141,60.4263,7.12214,-1.46583,59.5849,-2.78046,4.32932,34.262,-2.9213,-4.30007,33.3323
7.25603,1.26807,58.2449,7.09564,-1.16667,57.4352,-2.55765,3.87306,32.472,-2.69166,-3.84269,31.5799
7.24824,0.995958,56.195,7.07992,-0.898006,55.4156,-2.35514,3.46273,30.83,-2.48264,-3.43388,29.973
7.25989,0.740262,54.8822,7.08531,-0.644847,54.1257,-2.15729,3.08291,29.6959,-2.28165,-3.05614,28.8664
7.22328,0.528121,53.0967,7.04195,-0.43334,52.3698,-2.03324,2.76589,28.3929,-2.15385,-2.73972,27.5973
7.15584,0.327871,51.5975,6.96896,-0.235188,50.8978,-1.94311,2.47672,27.3679,-2.06135,-2.45281,26.6043
7.08592,0.151989,50.3958,6.89467,-0.0612203,49.7207,-1.87585,2.23094,26.6098,-1.99238,-2.20927,25.873
6.9029,-0.000427007,48.8287,6.70755,0.0872581,48.1856,-1.91872,2.02159,25.8849,-2.0334,-2.00447,25.1839
6.8291,-0.128979,48.011,6.63147,0.213921,47.3891,-1.88755,1.85737,25.5224,-2.00374,-1.84571,24.8475
6.65337,-0.225581,46.9381,6.45361,0.307004,46.3434,-1.96908,1.73915,25.2577,-2.08757,-1.73599,24.6177
6.51047,-0.29677,46.1601,6.30921,0.375239,45.5887,-2.05303,1.66652,25.19,-2.17599,-1.67276,24.5819
6.32509,-0.357932,45.4553,6.1234,0.431881,44.9085,-2.16078,1.62149,25.3698,-2.28877,-1.63934,24.7971
6.19144,-0.390445,45.0118,5.98916,0.46131,44.4852,-2.2639,1.62761,25.6629,-2.39864,-1.65636,25.1203
6.01079,-0.411731,44.4776,5.81212,0.48281,43.9716,-2.41485,1.64693,26.1603,-2.54961,-1.6863,25.6434
5.92684,-0.429711,44.1064,5.72787,0.498953,43.6216,-2.47344,1.69309,26.7632,-2.61724,-1.74393,26.2813
5.83151,-0.429556,43.8218,5.63102,0.496186,43.3576,-2.59537,1.77573,27.4666,-2.74907,-1.83698,27.0164
5.70462,-0.421968,43.565,5.50357,0.483043,43.1229,-2.74702,1.87548,28.3831,-2.91026,-1.94997,27.9654
5.5622,-0.405593,43.3903,5.36154,0.457939,42.9708,-2.9197,2.0158,29.537,-3.0934,-2.108,29.1541
5.52533,-0.381984,43.3129,5.32519,0.428062,42.9099,-2.96782,2.13677,30.5172,-3.14963,-2.24151,30.159
5.4083,-0.343962,43.3434,5.20494,0.386854,42.9533,-3.09857,2.27002,31.48,-3.29007,-2.37338,31.132
5.26671,-0.297094,43.4206,5.06355,0.339744,43.0479,-3.23567,2.39901,32.4099,-3.43689,-2.51204,32.0906
5.15339,-0.247144,43.5268,4.95185,0.288232,43.1689,-3.32757,2.53897,33.3315,-3.53739,-2.66246,33.0374
5.03185,-0.201887,43.5942,4.83994,0.246066,43.2408,-3.45154,2.67873,34.4378,-3.66603,-2.81835,34.1641
4.94143,-0.131887,43.7092,4.76137,0.178772,43.3584,-3.50788,2.86536,35.7343,-3.72382,-3.01704,35.4649
5.05241,-0.210989,43.4229,4.86962,0.254099,43.088,-3.51563,2.85103,36.2804,-3.74602,-3.05852,36.0711
15.5569,1.41102,57.8527,15.4089,-1.66239,56.274,0.446995,10.6594,70.8482,5.05456,-12.0493,71.864
-1.88023,6.28571,90.4776,-2.12676,-6.41006,89.5928,-1.11984,4.1663,36.7882,-6.2825,-6.85095,47.1004
5.58578,4.24448,78.7313,5.46944,-4.23845,77.6685,-3.81138,6.58628,45.3497,-3.66095,-6.31561,42.9944
5.40908,4.64535,81.3176,5.3271,-4.59677,80.2196,-5.41675,8.14851,51.7771,-5.43041,-8.11845,49.9414
5.27973,4.95357,83.118,5.21051,-4.87148,82.0048,-5.97202,8.95354,54.7405,-6.17204,-9.06612,53.3606
5.34538,5.16172,84.1296,5.2809,-5.05017,83.0083,-6.22148,9.43094,56.1586,-6.45753,-9.56307,54.8737
5.43515,5.31752,84.9202,5.37753,-5.18687,83.7957,-6.31019,9.76518,57.2016,-6.54836,-9.89096,55.9381
5.5153,5.41706,85.3015,5.46508,-5.27819,84.181,-6.38798,10.0066,58.0273,-6.61731,-10.1212,56.7666
5.76057,5.44263,85.0634,5.7145,-5.29748,83.9452,-6.40909,10.1553,58.1586,-6.63276,-10.2577,56.897
6.0522,5.40284,84.4835,6.01087,-5.25898,83.366,-6.43223,10.2096,57.9529,-6.65281,-10.3088,56.6934
6.12946,5.35258,83.7468,6.1022,-5.2215,82.625,-6.47916,10.1896,57.4991,-6.6913,-10.2972,56.241
5.98071,5.24412,82.8343,5.96451,-5.15166,81.7034,-6.57161,10.0507,56.5028,-6.77301,-10.1711,55.2331
6.13074,5.12631,81.9612,6.12434,-5.05034,80.8243,-6.48202,9.89894,55.6052,-6.67881,-10.0361,54.3403
6.16056,4.9594,80.6184,6.15661,-4.88446,79.4921,-6.35313,9.63281,54.2224,-6.54496,-9.7646,52.9766
6.25298,4.74838,79.0459,6.24197,-4.6705,77.9385,-6.14554,9.30442,52.6047,-6.33404,-9.42009,51.381
6.39195,4.43859,77.5632,6.37204,-4.36786,76.4735,-5.83323,8.82745,50.9574,-6.01769,-8.93485,49.7566
6.53414,4.15665,75.6502,6.50241,-4.0831,74.5842,-5.50958,8.38913,49.0635,-5.69048,-8.48236,47.8911
6.59178,3.83922,73.8266,6.54526,-3.76562,72.7858,-5.20642,7.88818,47.1894,-5.38417,-7.96459,46.0467
6.71075,3.56774,72.2817,6.65143,-3.48847,71.2633,-4.88689,7.46051,45.6351,-5.06106,-7.52169,44.5164
6.86337,3.2344,70.5605,6.78902,-3.1492,69.5678,-4.48841,6.92634,43.8295,-4.65768,-6.97071,42.7377
6.91778,2.82394,67.8766,6.82278,-2.73665,66.9212,-4.09852,6.27695,41.2706,-4.26052,-6.29997,40.2214
7.06549,2.54584,66.4895,6.9586,-2.45097,65.5564,-3.73839,5.8375,39.8405,-3.89598,-5.8473,38.8119
7.14369,2.21219,64.1929,7.0205,-2.11201,63.2932,-3.39868,5.3183,37.7578,-3.54966,-5.31162,36.7649
7.17945,1.875,62.1379,7.04107,-1.7727,61.2694,-3.09648,4.7998,35.8835,-3.24225,-4.77974,34.9253
7.27212,1.57144,60.4265,7.12207,-1.46589,59.585,-2.78042,4.32923,34.2619,-2.92124,-4.30006,33.3321
7.25595,1.26809,58.2451,7.09556,-1.16674,57.4353,-2.55761,3.87297,32.472,-2.69161,-3.84267,31.5797
7.24816,0.995965,56.1951,7.07983,-0.898091,55.4157,-2.3551,3.46265,30.8299,-2.4826,-3.43386,29.9728
7.25982,0.74026,54.8823,7.08522,-0.644943,54.1258,-2.15725,3.08285,29.6958,-2.28162,-3.05611,28.8663
7.22322,0.528111,53.0969,7.04186,-0.433444,52.3699,-2.0332,2.76584,28.3928,-2.15382,-2.73969,27.5972
7.15578,0.327854,51.5977,6.96887,-0.235299,50.8979,-1.94308,2.47668,27.3679,-2.06133,-2.45277,26.6041
7.08587,0.151965,50.3959,6.89457,-0.0613385,49.7207,-1.87582,2.2309,26.6098,-1.99236,-2.20923,25.8728
6.90286,-0.000455606,48.8289,6.70745,0.0871343,48.1857,-1.91869,2.02155,25.8849,-2.03338,-2.00443,25.1837
6.82907,-0.129011,48.0112,6.63136,0.213792,47.3892,-1.88753,1.85733,25.5224,-2.00372,-1.84567,24.8473
6.65333,-0.225617,46.9382,6.45351,0.306872,46.3435,-1.96906,1.73912,25.2577,-2.08756,-1.73594,24.6176
6.51044,-0.296809,46.1602,6.3091,0.375103,45.5888,-2.05301,1.66649,25.19,-2.17598,-1.67272,24.5817
6.32506,-0.357973,45.4554,6.1233,0.431742,44.9086,-2.16076,1.62146,25.3699,-2.28876,-1.63929,24.7969
6.19141,-0.390488,45.0119,5.98906,0.461168,44.4853,-2.26389,1.62759,25.6629,-2.39864,-1.65631,25.1201
6.01076,-0.411774,44.4777,5.81202,0.48267,43.9717,-2.41483,1.64691,26.1604,-2.54961,-1.68625,25.6433
5.92681,-0.429751,44.1066,5.72778,0.498817,43.6216,-2.47343,1.69308,26.7633,-2.61724,-1.74389,26.2812
5.83148,-0.429593,43.8219,5.63093,0.496055,43.3576,-2.59536,1.77571,27.4666,-2.74907,-1.83693,27.0163
5.70459,-0.422002,43.5651,5.50348,0.482916,43.1229,-2.74701,1.87546,28.3832,-2.91026,-1.94992,27.9652
5.56217,-0.405625,43.3905,5.36145,0.457816,42.9708,-2.91969,2.01579,29.5371,-3.09341,-2.10795,29.1539
5.5253,-0.382016,43.313,5.3251,0.42794,42.9099,-2.96781,2.13677,30.5172,-3.14964,-2.24145,30.1588
5.40827,-0.343992,43.3435,5.20485,0.386732,42.9534,-3.09857,2.27002,31.4801,-3.29008,-2.37332,31.1318
5.26668,-0.297123,43.4207,5.06346,0.339621,43.0479,-3.23567,2.399,32.4099,-3.4369,-2.51198,32.0904
5.15336,-0.247176,43.5269,4.95175,0.288104,43.1689,-3.32757,2.53896,33.3315,-3.53741,-2.6624,33.0373
5.03181,-0.201925,43.5943,4.83983,0.24593,43.2409,-3.45154,2.67873,34.4379,-3.66605,-2.81829,34.1639
4.94141,-0.131938,43.7093,4.76124,0.178623,43.3585,-3.50787,2.86538,35.7344,-3.72385,-3.01696,35.4647
5.05241,-0.211051,43.4229,4.86949,0.253941,43.0881,-3.51561,2.85107,36.2804,-3.74606,-3.05841,36.0709
15.5564,1.41104,57.8532,15.4092,-1.66261,56.2736,0.446794,10.659,70.8485,5.0547,-12.0496,71.8636
-1.8801,6.28557,90.4775,-2.12694,-6.41014,89.593,-1.1198,4.1665,36.7883,-6.28253,-6.85079,47.1003
5.5858,4.24439,78.7313,5.46938,-4.23853,77.6685,-3.81139,6.5863,45.3497,-3.66095,-6.3156,42.9944
5.40919,4.64523,81.3176,5.32694,-4.59692,80.2197,-5.41675,8.14861,51.7772,-5.43044,-8.11834,49.9413
5.27991,4.95342,83.1179,5.21025,-4.8717,82.0049,-5.97197,8.9537,54.7406,-6.1721,-9.06592,53.3605
5.34561,5.16153,84.1295,5.28058,-5.05043,83.0085,-6.2214,9.43117,56.1586,-6.45762,-9.5628,54.8736
5.43542,5.3173,84.9201,5.37717,-5.18716,83.7959,-6.31009,9.76544,57.2017,-6.54847,-9.89064,55.9379
5.51559,5.41683,85.3014,5.46469,-5.27851,84.1812,-6.38785,10.0069,58.0273,-6.61744,-10.1208,56.7664
5.76085,5.44239,85.0633,5.7141,-5.29781,83.9454,-6.40894,10.1556,58.1587,-6.63289,-10.2574,56.8969
6.05246,5.40261,84.4835,6.01048,-5.25931,83.3662,-6.43209,10.2099,57.953,-6.65294,-10.3085,56.6932
6.12966,5.35238,83.7468,6.10185,-5.2218,82.6252,-6.47903,10.1898,57.4991,-6.69141,-10.2969,56.2409
5.98083,5.24396,82.8343,5.96425,-5.15189,81.7035,-6.57151,10.0509,56.5028,-6.77306,-10.1709,55.233
6.13079,5.12619,81.9613,6.12416,-5.05052,80.8244,-6.48196,9.899,55.6052,-6.67883,-10.036,54.3402
6.16057,4.95931,80.6184,6.15646,-4.88461,79.4922,-6.35309,9.63283,54.2224,-6.54495,-9.7645,52.9764
6.25297,4.74831,79.046,6.24185,-4.67062,77.9386,-6.1455,9.30442,52.6047,-6.33402,-9.42002,51.3809
6.39192,4.43854,77.5633,6.37193,-4.36795,76.4736,-5.8332,8.82744,50.9573,-6.01766,-8.93479,49.7565
6.53411,4.15662,75.6503,6.50232,-4.08317,74.5843,-5.50955,8.38911,49.0634,-5.69045,-8.48232,47.891
6.59173,3.8392,73.8267,6.54519,-3.76567,72.7859,-5.2064,7.88817,47.1893,-5.38413,-7.96455,46.0467
6.71071,3.56772,72.2817,6.65136,-3.48851,71.2633,-4.88687,7.4605,45.635,-5.06102,-7.52166,44.5163
6.86333,3.23439,70.5606,6.78896,-3.14923,69.5679,-4.48838,6.92633,43.8295,-4.65764,-6.97068,42.7377
6.91774,2.82393,67.8767,6.82273,-2.73667,66.9213,-4.0985,6.27695,41.2706,-4.26049,-6.29994,40.2214
7.06546,2.54584,66.4895,6.95855,-2.45098,65.5565,-3.73836,5.8375,39.8404,-3.89596,-5.84727,38.8119
7.14367,2.21219,64.1929,7.02046,-2.11201,63.2933,-3.39866,5.31831,37.7577,-3.54964,-5.31158,36.7649
7.17943,1.87501,62.1379,7.04103,-1.77269,61.2695,-3.09645,4.79981,35.8834,-3.24223,-4.7797,34.9254
7.27211,1.57145,60.4265,7.12204,-1.46587,59.5851,-2.78039,4.32925,34.2619,-2.92123,-4.30003,33.3322
7.25594,1.2681,58.245,7.09555,-1.16671,57.4353,-2.55759,3.87299,32.4719,-2.6916,-3.84265,31.5797
7.24815,0.995983,56.1951,7.07983,-0.898048,55.4158,-2.35508,3.46267,30.8299,-2.48259,-3.43384,29.9728
7.25981,0.740283,54.8823,7.08523,-0.644889,54.1258,-2.15724,3.08287,29.6958,-2.2816,-3.05611,28.8663
7.22321,0.528139,53.0969,7.04188,-0.433382,52.3699,-2.03319,2.76585,28.3928,-2.15381,-2.73969,27.5972
7.15578,0.327886,51.5976,6.9689,-0.235229,50.8979,-1.94307,2.47669,27.3678,-2.06131,-2.45278,26.6042
7.08587,0.152001,50.3959,6.89461,-0.0612614,49.7208,-1.87581,2.23091,26.6097,-1.99234,-2.20924,25.8729
6.90286,-0.000417346,48.8288,6.70749,0.0872171,48.1857,-1.91869,2.02156,25.8848,-2.03337,-2.00445,25.1838
6.82907,-0.128971,48.0111,6.63142,0.213879,47.3892,-1.88753,1.85734,25.5223,-2.00371,-1.84569,24.8474
6.65333,-0.225574,46.9381,6.45357,0.306963,46.3435,-1.96906,1.73913,25.2576,-2.08755,-1.73597,24.6177
6.51044,-0.296765,46.1601,6.30916,0.375198,45.5887,-2.05302,1.66651,25.19,-2.17598,-1.67274,24.5819
6.32507,-0.357927,45.4553,6.12336,0.431839,44.9086,-2.16077,1.62147,25.3698,-2.28876,-1.63932,24.797
6.19142,-0.39044,45.0118,5.98913,0.461267,44.4853,-2.26389,1.6276,25.6629,-2.39864,-1.65634,25.1202
6.01077,-0.411726,44.4777,5.81208,0.482768,43.9717,-2.41484,1.64692,26.1604,-2.54961,-1.68628,25.6434
5.92682,-0.429705,44.1065,5.72784,0.498911,43.6216,-2.47344,1.69308,26.7632,-2.61724,-1.74392,26.2813
5.83149,-0.429549,43.8218,5.63099,0.496145,43.3576,-2.59537,1.77572,27.4666,-2.74907,-1.83696,27.0164
5.7046,-0.421959,43.5651,5.50354,0.483001,43.1229,-2.74702,1.87547,28.3832,-2.91026,-1.94995,27.9654
5.56218,-0.405582,43.3904,5.36151,0.457897,42.9708,-2.91971,2.01579,29.537,-3.09341,-2.10799,29.1541
5.5253,-0.381972,43.313,5.32516,0.428018,42.9099,-2.96783,2.13676,30.5172,-3.14964,-2.24149,30.1589
5.40827,-0.343948,43.3435,5.2049,0.386809,42.9533,-3.09858,2.27001,31.4801,-3.29008,-2.37336,31.132
5.26668,-0.297079,43.4207,5.06351,0.339698,43.0479,-3.23569,2.399,32.4099,-3.4369,-2.51202,32.0905
5.15335,-0.247129,43.5269,4.9518,0.288185,43.1689,-3.32759,2.53896,33.3315,-3.53741,-2.66244,33.0374
5.0318,-0.201873,43.5942,4.83988,0.246017,43.2409,-3.45157,2.67873,34.4378,-3.66606,-2.81833,34.164
4.9414,-0.131876,43.7093,4.7613,0.17872,43.3585,-3.5079,2.86536,35.7343,-3.72385,-3.01701,35.4648
5.05238,-0.21098,43.4229,4.86956,0.254045,43.0881,-3.51565,2.85103,36.2804,-3.74605,-3.05849,36.0711
15.5568,1.41107,57.8528,15.409,-1.66248,56.2739,0.446935,10.6593,70.8483,5.05458,-12.0494,71.864
-1.88024,6.2857,90.4776,-2.12685,-6.41009,89.5929,-1.11982,4.16634,36.7882,-6.28249,-6.8509,47.1004
5.58577,4.24448,78.7314,5.46941,-4.23849,77.6685,-3.81138,6.58627,45.3497,-3.66095,-6.31559,42.9944
5.40909,4.64535,81.3176,5.32705,-4.59683,80.2197,-5.41675,8.14852,51.7771,-5.43042,-8.11841,49.9413
5.27975,4.95357,83.118,5.21043,-4.87156,82.0048,-5.972,8.95355,54.7405,-6.17205,-9.06605,53.3605
5.34541,5.16172,84.1297,5.28081,-5.05026,83.0084,-6.22145,9.43097,56.1585,-6.45754,-9.56298,54.8736
5.43518,5.3175,84.9202,5.37742,-5.18697,83.7958,-6.31015,9.76521,57.2016,-6.54837,-9.89085,55.938
5.51533,5.41705,85.3015,5.46496,-5.27829,84.1811,-6.38793,10.0066,58.0272,-6.61732,-10.121,56.7665
5.76059,5.44261,85.0634,5.71437,-5.29759,83.9453,-6.40903,10.1553,58.1586,-6.63276,-10.2576,56.8969
6.05222,5.40283,84.4836,6.01074,-5.25909,83.3661,-6.43217,10.2096,57.9529,-6.6528,-10.3087,56.6933
6.12946,5.35258,83.7469,6.10207,-5.22161,82.6251,-6.47909,10.1896,57.499,-6.69129,-10.2971,56.2409
5.98068,5.24413,82.8344,5.96439,-5.15174,81.7035,-6.57154,10.0507,56.5027,-6.77297,-10.171,55.233
6.13069,5.12632,81.9613,6.12424,-5.05041,80.8244,-6.48196,9.8989,55.6051,-6.67876,-10.0361,54.3402
6.16049,4.95942,80.6185,6.15651,-4.88453,79.4922,-6.35307,9.63276,54.2223,-6.54491,-9.76453,52.9764
6.25291,4.7484,79.046,6.24187,-4.67056,77.9386,-6.14547,9.30436,52.6046,-6.33398,-9.42002,51.3808
6.39187,4.43862,77.5633,6.37194,-4.36791,76.4736,-5.83316,8.82739,50.9572,-6.01763,-8.93479,49.7564
6.53406,4.15668,75.6503,6.50231,-4.08314,74.5843,-5.50951,8.38907,49.0633,-5.69042,-8.4823,47.891
6.5917,3.83925,73.8267,6.54517,-3.76566,72.7859,-5.20636,7.88813,47.1893,-5.3841,-7.96453,46.0466
6.71067,3.56776,72.2818,6.65134,-3.48851,71.2634,-4.88683,7.46046,45.635,-5.061,-7.52164,44.5163
6.8633,3.23443,70.5606,6.78894,-3.14924,69.5679,-4.48835,6.92629,43.8294,-4.65762,-6.97066,42.7376
6.9177,2.82396,67.8767,6.8227,-2.73668,66.9213,-4.09846,6.27691,41.2705,-4.26046,-6.29993,40.2213
7.06542,2.54586,66.4896,6.95853,-2.451,65.5565,-3.73833,5.83746,39.8404,-3.89593,-5.84726,38.8118
7.14363,2.21221,64.193,7.02043,-2.11203,63.2933,-3.39863,5.31827,37.7577,-3.54962,-5.31158,36.7648
7.17939,1.87502,62.138,7.04101,-1.77272,61.2695,-3.09643,4.79977,35.8834,-3.2422,-4.7797,34.9253
7.27207,1.57146,60.4266,7.12201,-1.4659,59.5851,-2.78037,4.3292,34.2618,-2.9212,-4.30003,33.3321
7.2559,1.26811,58.2451,7.09551,-1.16675,57.4353,-2.55757,3.87295,32.4719,-2.69158,-3.84264,31.5796
7.24812,0.995984,56.1952,7.07979,-0.898096,55.4158,-2.35506,3.46263,30.8299,-2.48257,-3.43383,29.9728
7.25978,0.740278,54.8824,7.08519,-0.644944,54.1258,-2.15722,3.08283,29.6957,-2.28159,-3.05609,28.8662
7.22319,0.528129,53.0969,7.04183,-0.433442,52.37,-2.03318,2.76582,28.3928,-2.15379,-2.73968,27.5971
7.15576,0.327872,51.5977,6.96885,-0.235295,50.898,-1.94306,2.47666,27.3678,-2.0613,-2.45276,26.6041
7.08585,0.151983,50.3959,6.89455,-0.0613313,49.7208,-1.8758,2.23089,26.6097,-1.99234,-2.20922,25.8728
6.90284,-0.00043759,48.8289,6.70743,0.0871434,48.1857,-1.91868,2.02154,25.8848,-2.03337,-2.00443,25.1837
6.82905,-0.128993,48.0112,6.63136,0.213803,47.3892,-1.88751,1.85733,25.5223,-2.00371,-1.84567,24.8473
6.65332,-0.225599,46.9382,6.45351,0.306884,46.3435,-1.96905,1.73911,25.2577,-2.08754,-1.73594,24.6176
6.51043,-0.296791,46.1602,6.3091,0.375116,45.5888,-2.05301,1.66649,25.19,-2.17597,-1.67272,24.5818
6.32505,-0.357955,45.4554,6.1233,0.431756,44.9086,-2.16076,1.62146,25.3698,-2.28876,-1.6393,24.7969
6.19141,-0.390469,45.0119,5.98907,0.461182,44.4853,-2.26389,1.62759,25.6629,-2.39864,-1.65632,25.1201
6.01076,-0.411755,44.4777,5.81203,0.482684,43.9717,-2.41483,1.64691,26.1604,-2.54961,-1.68625,25.6433
5.92681,-0.429732,44.1066,5.72779,0.49883,43.6217,-2.47343,1.69307,26.7633,-2.61724,-1.74389,26.2812
5.83148,-0.429574,43.8219,5.63093,0.496066,43.3576,-2.59536,1.77571,27.4666,-2.74907,-1.83694,27.0163
5.70458,-0.421983,43.5651,5.50349,0.482926,43.1229,-2.74702,1.87546,28.3832,-2.91026,-1.94993,27.9652
5.56217,-0.405605,43.3905,5.36146,0.457824,42.9708,-2.9197,2.01578,29.5371,-3.09341,-2.10796,29.154
5.52529,-0.381995,43.313,5.3251,0.427947,42.9099,-2.96782,2.13676,30.5172,-3.14965,-2.24146,30.1588
5.40825,-0.34397,43.3435,5.20485,0.386738,42.9534,-3.09858,2.27001,31.4801,-3.29009,-2.37332,31.1318
5.26666,-0.297101,43.4207,5.06346,0.339626,43.048,-3.23568,2.399,32.4099,-3.43691,-2.51198,32.0904
5.15333,-0.247152,43.5269,4.95174,0.28811,43.1689,-3.32758,2.53895,33.3315,-3.53742,-2.6624,33.0373
5.03179,-0.2019,43.5943,4.83982,0.245937,43.2409,-3.45156,2.67873,34.4379,-3.66607,-2.81829,34.1639
4.94139,-0.131911,43.7093,4.76123,0.178632,43.3585,-3.50789,2.86537,35.7344,-3.72386,-3.01697,35.4647
5.05239,-0.211022,43.4229,4.86949,0.253952,43.0881,-3.51564,2.85106,36.2804,-3.74607,-3.05842,36.071
15.5565,1.41108,57.8531,15.4091,-1.66261,56.2737,0.446814,10.6591,70.8485,5.05467,-12.0495,71.8637
-1.88016,6.28562,90.4775,-2.12695,-6.41014,89.593,-1.11979,4.16646,36.7882,-6.28252,-6.85081,47.1003
5.58579,4.24443,78.7314,5.46938,-4.23853,77.6685,-3.81139,6.58629,45.3497,-3.66095,-6.31559,42.9944
5.40916,4.64527,81.3176,5.32695,-4.59691,80.2197,-5.41675,8.14858,51.7772,-5.43043,-8.11834,49.9413
5.27987,4.95347,83.1179,5.21028,-4.87169,82.0049,-5.97198,8.95366,54.7406,-6.17208,-9.06593,53.3605
5.34555,5.16159,84.1296,5.28061,-5.05041,83.0085,-6.2214,9.43111,56.1586,-6.45759,-9.56282,54.8736
5.43535,5.31737,84.9202,5.3772,-5.18714,83.7959,-6.31009,9.76537,57.2016,-6.54844,-9.89067,55.9379
5.51551,5.4169,85.3014,5.46473,-5.27848,84.1812,-6.38785,10.0068,58.0273,-6.6174,-10.1208,56.7664
5.76077,5.44246,85.0633,5.71413,-5.29778,83.9455,-6.40894,10.1555,58.1586,-6.63285,-10.2574,56.8969
6.05238,5.40268,84.4835,6.01051,-5.25928,83.3663,-6.43208,10.2098,57.9529,-6.65289,-10.3085,56.6932
6.12959,5.35245,83.7468,6.10187,-5.22178,82.6252,-6.47902,10.1898,57.4991,-6.69136,-10.2969,56.2408
5.98076,5.24402,82.8344,5.96424,-5.15188,81.7036,-6.57149,10.0508,56.5027,-6.77301,-10.1709,55.2329
6.13074,5.12624,81.9613,6.12413,-5.05052,80.8245,-6.48193,9.89894,55.6051,-6.67878,-10.036,54.3401
6.16051,4.95936,80.6185,6.15643,-4.88461,79.4923,-6.35305,9.63278,54.2223,-6.54491,-9.76448,52.9764
6.25292,4.74835,79.046,6.24181,-4.67063,77.9387,-6.14546,9.30438,52.6046,-6.33398,-9.41999,51.3808
6.39187,4.43858,77.5634,6.37189,-4.36796,76.4736,-5.83315,8.8274,50.9572,-6.01762,-8.93476,49.7564
6.53405,4.15665,75.6503,6.50227,-4.08318,74.5844,-5.5095,8.38907,49.0633,-5.6904,-8.48228,47.891
6.59168,3.83923,73.8267,6.54514,-3.76568,72.786,-5.20635,7.88813,47.1893,-5.38409,-7.96452,46.0466
6.71066,3.56775,72.2818,6.65131,-3.48853,71.2634,-4.88683,7.46046,45.6349,-5.06098,-7.52163,44.5163
6.86328,3.23441,70.5607,6.78891,-3.14925,69.568,-4.48834,6.92629,43.8294,-4.65761,-6.97065,42.7376
6.9177,2.82396,67.8767,6.82268,-2.73669,66.9213,-4.09846,6.27691,41.2705,-4.26045,-6.29992,40.2213
7.06542,2.54586,66.4896,6.95851,-2.451,65.5566,-3.73832,5.83747,39.8404,-3.89592,-5.84724,38.8119
7.14363,2.21221,64.193,7.02042,-2.11203,63.2933,-3.39862,5.31828,37.7577,-3.54961,-5.31156,36.7648
7.17939,1.87502,62.138,7.04099,-1.77271,61.2695,-3.09642,4.79978,35.8833,-3.2422,-4.77968,34.9253
7.27207,1.57146,60.4265,7.122,-1.46589,59.5851,-2.78036,4.32922,34.2618,-2.9212,-4.30001,33.3321
7.25591,1.26812,58.2451,7.09551,-1.16673,57.4354,-2.55756,3.87297,32.4719,-2.69157,-3.84263,31.5797
7.24812,0.995992,56.1951,7.0798,-0.898067,55.4158,-2.35506,3.46265,30.8298,-2.48256,-3.43383,29.9728
7.25979,0.74029,54.8823,7.0852,-0.644909,54.1258,-2.15722,3.08285,29.6957,-2.28158,-3.0561,28.8663
7.22319,0.528144,53.0969,7.04185,-0.433402,52.37,-2.03317,2.76583,28.3928,-2.15379,-2.73968,27.5972
7.15576,0.327889,51.5977,6.96887,-0.23525,50.898,-1.94306,2.47667,27.3678,-2.0613,-2.45277,26.6041
7.08585,0.152003,50.3959,6.89458,-0.0612824,49.7208,-1.8758,2.2309,26.6097,-1.99233,-2.20923,25.8728
6.90284,-0.000415931,48.8289,6.70747,0.0871957,48.1857,-1.91868,2.02155,25.8848,-2.03336,-2.00444,25.1838
6.82905,-0.12897,48.0112,6.63139,0.213858,47.3892,-1.88752,1.85733,25.5223,-2.00371,-1.84568,24.8474
6.65332,-0.225574,46.9382,6.45355,0.306941,46.3435,-1.96905,1.73912,25.2576,-2.08754,-1.73596,24.6176
6.51043,-0.296765,46.1602,6.30914,0.375175,45.5888,-2.05301,1.6665,25.19,-2.17597,-1.67273,24.5818
6.32506,-0.357928,45.4554,6.12334,0.431817,44.9086,-2.16076,1.62147,25.3698,-2.28875,-1.63931,24.797
6.19141,-0.390441,45.0118,5.98911,0.461244,44.4853,-2.26389,1.6276,25.6629,-2.39863,-1.65634,25.1202
6.01076,-0.411727,44.4777,5.81207,0.482745,43.9717,-2.41484,1.64691,26.1604,-2.54961,-1.68627,25.6434
5.92681,-0.429705,44.1065,5.72783,0.498888,43.6216,-2.47343,1.69308,26.7632,-2.61724,-1.74391,26.2813
5.83148,-0.429549,43.8218,5.63097,0.496123,43.3576,-2.59537,1.77571,27.4666,-2.74907,-1.83696,27.0164
5.70459,-0.421959,43.5651,5.50352,0.48298,43.1229,-2.74702,1.87547,28.3832,-2.91026,-1.94995,27.9653
5.56217,-0.405581,43.3904,5.36149,0.457875,42.9708,-2.91971,2.01579,29.537,-3.09341,-2.10798,29.1541
5.52529,-0.38197,43.313,5.32514,0.427996,42.9099,-2.96783,2.13676,30.5172,-3.14965,-2.24148,30.1589
5.40825,-0.343945,43.3435,5.20488,0.386787,42.9533,-3.09859,2.27001,31.4801,-3.29009,-2.37335,31.1319
5.26666,-0.297076,43.4207,5.06348,0.339676,43.0479,-3.23569,2.399,32.4099,-3.43691,-2.51201,32.0905
5.15334,-0.247126,43.5269,4.95177,0.288161,43.1689,-3.32759,2.53896,33.3315,-3.53742,-2.66243,33.0374
5.03179,-0.201871,43.5942,4.83985,0.245992,43.2409,-3.45158,2.67873,34.4378,-3.66607,-2.81832,34.164
4.94138,-0.131875,43.7093,4.76128,0.178693,43.3585,-3.50791,2.86536,35.7344,-3.72386,-3.017,35.4648
5.05237,-0.210981,43.4229,4.86954,0.254017,43.0881,-3.51566,2.85104,36.2804,-3.74607,-3.05847,36.0711
15.5567,1.41109,57.8528,15.409,-1.66253,56.2739,0.446902,10.6593,70.8483,5.05459,-12.0494,71.8639
-1.88024,6.28569,90.4776,-2.12688,-6.4101,89.5929,-1.11981,4.16637,36.7882,-6.28249,-6.85087,47.1003
5.58577,4.24448,78.7314,5.4694,-4.23851,77.6685,-3.81138,6.58627,45.3497,-3.66095,-6.31559,42.9944
5.4091,4.64534,81.3176,5.32702,-4.59686,80.2197,-5.41675,8.14853,51.7771,-5.43042,-8.11839,49.9413
5.27977,4.95356,83.118,5.21039,-4.8716,82.0049,-5.97199,8.95357,54.7405,-6.17206,-9.06602,53.3605
5.34543,5.1617,84.1297,5.28075,-5.0503,83.0084,-6.22143,9.43099,56.1585,-6.45755,-9.56293,54.8736
5.43521,5.31749,84.9202,5.37736,-5.18702,83.7958,-6.31013,9.76523,57.2016,-6.54838,-9.8908,55.9379
5.51536,5.41703,85.3015,5.4649,-5.27835,84.1811,-6.3879,10.0067,58.0272,-6.61733,-10.121,56.7664
5.76062,5.4426,85.0634,5.7143,-5.29764,83.9454,-6.409,10.1553,58.1585,-6.63277,-10.2575,56.8969
6.05224,5.40281,84.4836,6.01067,-5.25914,83.3662,-6.43213,10.2096,57.9528,-6.65281,-10.3086,56.6932
6.12947,5.35256,83.7469,6.102,-5.22166,82.6252,-6.47906,10.1896,57.499,-6.69129,-10.297,56.2409
5.98067,5.24412,82.8344,5.96434,-5.15179,81.7036,-6.57151,10.0507,56.5027,-6.77297,-10.171,55.233
6.13068,5.12632,81.9614,6.12419,-5.05045,80.8245,-6.48193,9.89888,55.605,-6.67875,-10.036,54.3401
6.16047,4.95942,80.6185,6.15647,-4.88456,79.4923,-6.35304,9.63275,54.2223,-6.54489,-9.7645,52.9764
6.25289,4.7484,79.0461,6.24183,-4.67059,77.9387,-6.14544,9.30434,52.6046,-6.33396,-9.42,51.3808
6.39185,4.43862,77.5634,6.3719,-4.36793,76.4736,-5.83314,8.82737,50.9572,-6.01761,-8.93476,49.7564
6.53403,4.15668,75.6503,6.50227,-4.08316,74.5844,-5.50948,8.38905,49.0633,-5.69039,-8.48228,47.8909
6.59167,3.83925,73.8268,6.54514,-3.76567,72.786,-5.20633,7.88811,47.1892,-5.38408,-7.96451,46.0466
6.71064,3.56777,72.2818,6.6513,-3.48853,71.2634,-4.88681,7.46044,45.6349,-5.06097,-7.52162,44.5162
6.86327,3.23443,70.5607,6.78891,-3.14925,69.568,-4.48832,6.92627,43.8294,-4.6576,-6.97065,42.7376
6.91768,2.82397,67.8768,6.82267,-2.73669,66.9214,-4.09844,6.27689,41.2705,-4.26044,-6.29991,40.2213
7.0654,2.54587,66.4897,6.9585,-2.45101,65.5566,-3.73831,5.83745,39.8403,-3.89591,-5.84724,38.8118
7.14361,2.21222,64.193,7.02041,-2.11204,63.2933,-3.39861,5.31825,37.7576,-3.5496,-5.31156,36.7648
7.17937,1.87503,62.138,7.04098,-1.77272,61.2695,-3.09641,4.79976,35.8833,-3.24219,-4.77969,34.9253
7.27205,1.57147,60.4266,7.12199,-1.46591,59.5851,-2.78036,4.3292,34.2618,-2.92119,-4.30001,33.3321
7.25589,1.26812,58.2451,7.0955,-1.16675,57.4354,-2.55756,3.87294,32.4719,-2.69156,-3.84263,31.5796
7.24811,0.995991,56.1952,7.07978,-0.898095,55.4158,-2.35505,3.46263,30.8298,-2.48256,-3.43383,29.9727
7.25977,0.740286,54.8824,7.08518,-0.644941,54.1259,-2.15721,3.08283,29.6957,-2.28158,-3.05609,28.8662
7.22317,0.528137,53.0969,7.04182,-0.433438,52.37,-2.03317,2.76582,28.3928,-2.15378,-2.73967,27.5971
7.15575,0.32788,51.5977,6.96884,-0.235289,50.898,-1.94305,2.47666,27.3678,-2.0613,-2.45276,26.6041
7.08584,0.151991,50.396,6.89455,-0.0613241,49.7208,-1.87579,2.23089,26.6097,-1.99233,-2.20922,25.8728
6.90283,-0.000429408,48.8289,6.70743,0.0871517,48.1857,-1.91867,2.02154,25.8848,-2.03336,-2.00443,25.1837
6.82904,-0.128985,48.0112,6.63136,0.213812,47.3893,-1.88751,1.85732,25.5223,-2.0037,-1.84567,24.8473
6.65331,-0.22559,46.9382,6.45351,0.306893,46.3436,-1.96905,1.73911,25.2576,-2.08754,-1.73594,24.6176
6.51042,-0.296782,46.1602,6.30911,0.375126,45.5888,-2.053,1.66649,25.19,-2.17597,-1.67272,24.5818
6.32505,-0.357946,45.4554,6.12331,0.431766,44.9086,-2.16076,1.62146,25.3698,-2.28875,-1.6393,24.7969
6.1914,-0.39046,45.0119,5.98907,0.461193,44.4853,-2.26388,1.62759,25.6629,-2.39863,-1.65632,25.1201
6.01075,-0.411745,44.4777,5.81203,0.482694,43.9717,-2.41483,1.64691,26.1604,-2.54961,-1.68626,25.6433
5.92681,-0.429723,44.1066,5.72779,0.49884,43.6216,-2.47343,1.69307,26.7633,-2.61724,-1.74389,26.2812
5.83148,-0.429565,43.8219,5.63094,0.496076,43.3576,-2.59536,1.77571,27.4666,-2.74907,-1.83694,27.0163
5.70458,-0.421974,43.5651,5.50349,0.482934,43.1229,-2.74702,1.87546,28.3832,-2.91026,-1.94993,27.9653
5.56217,-0.405596,43.3904,5.36146,0.457832,42.9708,-2.9197,2.01578,29.5371,-3.09342,-2.10796,29.154
5.52529,-0.381985,43.313,5.32511,0.427954,42.9099,-2.96782,2.13676,30.5172,-3.14965,-2.24146,30.1589
5.40825,-0.34396,43.3435,5.20485,0.386745,42.9534,-3.09858,2.27001,31.4801,-3.29009,-2.37333,31.1319
5.26665,-0.29709,43.4207,5.06346,0.339633,43.048,-3.23569,2.399,32.4099,-3.43691,-2.51199,32.0904
5.15333,-0.247141,43.5269,4.95174,0.288117,43.1689,-3.32759,2.53895,33.3315,-3.53743,-2.66241,33.0373
5.03178,-0.201889,43.5943,4.83982,0.245945,43.2409,-3.45157,2.67873,34.4379,-3.66607,-2.8183,34.164
4.94138,-0.131898,43.7093,4.76124,0.178641,43.3585,-3.5079,2.86536,35.7344,-3.72387,-3.01697,35.4647
5.05238,-0.211008,43.4229,4.86949,0.253961,43.0881,-3.51565,2.85105,36.2804,-3.74608,-3.05843,36.071
15.5566,1.41109,57.853,15.4091,-1.6626,56.2737,0.44683,10.6591,70.8485,5.05465,-12.0495,71.8638
-1.88018,6.28564,90.4776,-2.12694,-6.41013,89.593,-1.1198,4.16644,36.7882,-6.28251,-6.85082,47.1003
5.58578,4.24444,78.7314,5.46938,-4.23853,77.6685,-3.81139,6.58628,45.3497,-3.66095,-6.31559,42.9944
5.40915,4.64529,81.3176,5.32697,-4.59691,80.2197,-5.41675,8.14856,51.7772,-5.43043,-8.11835,49.9413
5.27984,4.9535,83.118,5.2103,-4.87168,82.0049,-5.97198,8.95363,54.7406,-6.17208,-9.06595,53.3605
5.34552,5.16162,84.1296,5.28064,-5.05039,83.0085,-6.22141,9.43107,56.1586,-6.45758,-9.56284,54.8736
5.43532,5.3174,84.9202,5.37723,-5.18712,83.7959,-6.3101,9.76533,57.2016,-6.54842,-9.89069,55.9379
5.51547,5.41694,85.3015,5.46476,-5.27846,84.1812,-6.38786,10.0068,58.0272,-6.61738,-10.1209,56.7664
5.76073,5.4425,85.0634,5.71416,-5.29776,83.9455,-6.40895,10.1554,58.1586,-6.63283,-10.2574,56.8969
6.05234,5.40272,84.4836,6.01053,-5.25926,83.3663,-6.43209,10.2098,57.9529,-6.65286,-10.3085,56.6932
6.12955,5.35248,83.7469,6.10188,-5.22176,82.6253,-6.47902,10.1897,57.499,-6.69133,-10.2969,56.2408
5.98073,5.24405,82.8344,5.96425,-5.15187,81.7036,-6.57148,10.0508,56.5027,-6.77299,-10.1709,55.2329
6.13071,5.12627,81.9614,6.12413,-5.05051,80.8245,-6.48191,9.89892,55.605,-6.67876,-10.036,54.3401
6.16049,4.95938,80.6185,6.15642,-4.88461,79.4923,-6.35303,9.63276,54.2223,-6.54489,-9.76447,52.9764
6.2529,4.74837,79.0461,6.2418,-4.67063,77.9387,-6.14544,9.30436,52.6046,-6.33396,-9.41998,51.3808
6.39185,4.4386,77.5634,6.37187,-4.36796,76.4737,-5.83313,8.82738,50.9572,-6.0176,-8.93475,49.7564
6.53403,4.15666,75.6504,6.50225,-4.08319,74.5844,-5.50948,8.38905,49.0633,-5.69039,-8.48227,47.8909
6.59166,3.83924,73.8268,6.54512,-3.76569,72.786,-5.20633,7.88811,47.1892,-5.38407,-7.96451,46.0466
6.71064,3.56776,72.2818,6.65129,-3.48854,71.2634,-4.88681,7.46044,45.6349,-5.06097,-7.52161,44.5162
6.86327,3.23442,70.5607,6.78889,-3.14926,69.568,-4.48832,6.92627,43.8294,-4.65759,-6.97064,42.7376
6.91768,2.82397,67.8768,6.82266,-2.73669,66.9214,-4.09844,6.2769,41.2705,-4.26044,-6.29991,40.2213
7.0654,2.54587,66.4896,6.95849,-2.45101,65.5566,-3.73831,5.83745,39.8403,-3.89591,-5.84723,38.8118
7.14361,2.21222,64.193,7.0204,-2.11203,63.2934,-3.39861,5.31827,37.7576,-3.5496,-5.31155,36.7648
7.17938,1.87503,62.138,7.04098,-1.77272,61.2696,-3.09641,4.79977,35.8833,-3.24219,-4.77968,34.9253
7.27206,1.57147,60.4266,7.12199,-1.4659,59.5851,-2.78035,4.32921,34.2618,-2.92119,-4.30001,33.3321
7.25589,1.26812,58.2451,7.0955,-1.16674,57.4354,-2.55755,3.87296,32.4719,-2.69156,-3.84263,31.5796
7.24811,0.995995,56.1952,7.07978,-0.898076,55.4158,-2.35505,3.46264,30.8298,-2.48256,-3.43383,29.9728
7.25977,0.740292,54.8824,7.08519,-0.644919,54.1259,-2.15721,3.08284,29.6957,-2.28157,-3.05609,28.8663
7.22318,0.528145,53.0969,7.04184,-0.433412,52.37,-2.03317,2.76583,28.3928,-2.15378,-2.73967,27.5972
7.15575,0.32789,51.5977,6.96886,-0.23526,50.898,-1.94305,2.47667,27.3678,-2.06129,-2.45276,26.6041
7.08584,0.152003,50.3959,6.89457,-0.0612937,49.7208,-1.87579,2.23089,26.6097,-1.99233,-2.20922,25.8728
6.90284,-0.000416701,48.8289,6.70745,0.0871841,48.1857,-1.91867,2.02154,25.8848,-2.03336,-2.00443,25.1837
6.82904,-0.128971,48.0112,6.63138,0.213846,47.3893,-1.88751,1.85733,25.5223,-2.0037,-1.84567,24.8474
6.65332,-0.225576,46.9382,6.45353,0.306929,46.3435,-1.96905,1.73912,25.2576,-2.08754,-1.73595,24.6176
6.51043,-0.296767,46.1602,6.30913,0.375163,45.5888,-2.05301,1.6665,25.19,-2.17597,-1.67273,24.5818
6.32505,-0.35793,45.4554,6.12333,0.431804,44.9086,-2.16076,1.62147,25.3698,-2.28875,-1.63931,24.797
6.19141,-0.390443,45.0119,5.9891,0.461232,44.4853,-2.26389,1.62759,25.6629,-2.39863,-1.65633,25.1202
6.01076,-0.411729,44.4777,5.81206,0.482732,43.9717,-2.41483,1.64691,26.1604,-2.54961,-1.68627,25.6434
5.92681,-0.429707,44.1065,5.72782,0.498876,43.6216,-2.47343,1.69308,26.7632,-2.61724,-1.74391,26.2813
5.83148,-0.42955,43.8219,5.63096,0.49611,43.3576,-2.59537,1.77571,27.4666,-2.74907,-1.83695,27.0164
5.70459,-0.42196,43.5651,5.50352,0.482968,43.1229,-2.74702,1.87546,28.3832,-2.91026,-1.94994,27.9653
5.56217,-0.405582,43.3904,5.36148,0.457863,42.9708,-2.91971,2.01579,29.537,-3.09342,-2.10797,29.154
5.52529,-0.38197,43.313,5.32513,0.427984,42.9099,-2.96783,2.13676,30.5172,-3.14965,-2.24148,30.1589
5.40825,-0.343945,43.3435,5.20487,0.386775,42.9534,-3.09859,2.27001,31.4801,-3.29009,-2.37334,31.1319
5.26666,-0.297076,43.4207,5.06347,0.339664,43.0479,-3.2357,2.399,32.4099,-3.43691,-2.512,32.0905
5.15333,-0.247126,43.5269,4.95176,0.288149,43.1689,-3.3276,2.53895,33.3315,-3.53743,-2.66242,33.0373
5.03178,-0.201871,43.5942,4.83984,0.245979,43.2409,-3.45158,2.67872,34.4378,-3.66607,-2.81831,34.164
4.94138,-0.131877,43.7093,4.76126,0.178679,43.3585,-3.50791,2.86536,35.7344,-3.72387,-3.01699,35.4648
5.05237,-0.210984,43.4229,4.86952,0.254002,43.0881,-3.51566,2.85104,36.2804,-3.74607,-3.05846,36.0711
15.5567,1.4111,57.8529,15.409,-1.66255,56.2738,0.446884,10.6592,70.8484,5.0546,-12.0494,71.8639
-1.88023,6.28568,90.4776,-2.1269,-6.41011,89.593,-1.1198,4.16638,36.7882,-6.2825,-6.85086,47.1003
5.58577,4.24447,78.7314,5.46939,-4.23852,77.6685,-3.81138,6.58627,45.3497,-3.66095,-6.31558,42.9944
5.40911,4.64533,81.3176,5.32701,-4.59687,80.2197,-5.41675,8.14853,51.7771,-5.43042,-8.11838,49.9413
5.27978,4.95355,83.118,5.21037,-4.87162,82.0049,-5.97199,8.95358,54.7405,-6.17206,-9.066,53.3605
5.34545,5.16169,84.1297,5.28073,-5.05033,83.0084,-6.22143,9.431,56.1585,-6.45755,-9.56291,54.8736
5.43523,5.31747,84.9202,5.37733,-5.18704,83.7959,-6.31012,9.76525,57.2016,-6.54839,-9.89077,55.9379
5.51538,5.41702,85.3015,5.46486,-5.27838,84.1812,-6.38789,10.0067,58.0272,-6.61734,-10.121,56.7664
5.76064,5.44258,85.0634,5.71427,-5.29767,83.9454,-6.40898,10.1553,58.1585,-6.63278,-10.2575,56.8969
6.05225,5.4028,84.4836,6.01063,-5.25917,83.3662,-6.43212,10.2097,57.9528,-6.65282,-10.3086,56.6932
6.12948,5.35255,83.7469,6.10197,-5.22169,82.6252,-6.47904,10.1897,57.499,-6.69129,-10.297,56.2409
5.98068,5.24411,82.8344,5.96431,-5.15181,81.7036,-6.5715,10.0507,56.5027,-6.77297,-10.171,55.2329
6.13068,5.12631,81.9614,6.12417,-5.05047,80.8245,-6.48192,9.89888,55.605,-6.67875,-10.036,54.3401
6.16047,4.95941,80.6185,6.15645,-4.88457,79.4923,-6.35303,9.63274,54.2223,-6.54488,-9.76448,52.9764
6.25288,4.7484,79.0461,6.24181,-4.6706,77.9387,-6.14544,9.30434,52.6046,-6.33395,-9.41998,51.3808
6.39184,4.43862,77.5634,6.37188,-4.36794,76.4737,-5.83313,8.82737,50.9572,-6.0176,-8.93475,49.7564
6.53402,4.15668,75.6504,6.50226,-4.08317,74.5844,-5.50948,8.38904,49.0633,-5.69038,-8.48227,47.8909
6.59166,3.83926,73.8268,6.54512,-3.76568,72.786,-5.20633,7.8881,47.1892,-5.38407,-7.9645,46.0466
6.71063,3.56777,72.2818,6.65129,-3.48853,71.2635,-4.8868,7.46043,45.6349,-5.06097,-7.52161,44.5162
6.86326,3.23444,70.5607,6.78889,-3.14925,69.568,-4.48832,6.92627,43.8293,-4.65759,-6.97064,42.7376
6.91767,2.82397,67.8768,6.82266,-2.7367,66.9214,-4.09843,6.27689,41.2704,-4.26043,-6.29991,40.2213
7.06539,2.54587,66.4897,6.95849,-2.45101,65.5566,-3.7383,5.83744,39.8403,-3.8959,-5.84723,38.8118
7.1436,2.21222,64.193,7.0204,-2.11204,63.2934,-3.39861,5.31825,37.7576,-3.54959,-5.31156,36.7648
7.17937,1.87503,62.138,7.04097,-1.77272,61.2696,-3.09641,4.79976,35.8833,-3.24218,-4.77968,34.9252
7.27204,1.57147,60.4266,7.12198,-1.46591,59.5851,-2.78035,4.3292,34.2618,-2.92118,-4.30001,33.3321
7.25588,1.26812,58.2452,7.09549,-1.16675,57.4354,-2.55755,3.87294,32.4719,-2.69156,-3.84263,31.5796
7.2481,0.995994,56.1952,7.07977,-0.898093,55.4158,-2.35505,3.46263,30.8298,-2.48255,-3.43382,29.9727
7.25977,0.740289,54.8824,7.08518,-0.644938,54.1259,-2.15721,3.08283,29.6957,-2.28157,-3.05609,28.8662
7.22317,0.52814,53.0969,7.04182,-0.433434,52.37,-2.03316,2.76582,28.3928,-2.15378,-2.73967,27.5971
7.15574,0.327883,51.5977,6.96884,-0.235284,50.898,-1.94305,2.47666,27.3678,-2.06129,-2.45276,26.6041
7.08583,0.151995,50.396,6.89455,-0.0613188,49.7208,-1.87579,2.23089,26.6097,-1.99233,-2.20922,25.8728
6.90283,-0.000425299,48.8289,6.70744,0.0871576,48.1857,-1.91867,2.02154,25.8848,-2.03336,-2.00443,25.1837
6.82904,-0.128981,48.0112,6.63136,0.213818,47.3893,-1.88751,1.85732,25.5223,-2.0037,-1.84567,24.8473
6.65331,-0.225586,46.9382,6.45351,0.3069,46.3436,-1.96905,1.73911,25.2576,-2.08754,-1.73594,24.6176
6.51042,-0.296778,46.1602,6.30911,0.375133,45.5888,-2.053,1.66649,25.19,-2.17597,-1.67272,24.5818
6.32505,-0.357941,45.4554,6.12331,0.431774,44.9086,-2.16076,1.62146,25.3698,-2.28875,-1.6393,24.797
6.1914,-0.390455,45.0119,5.98908,0.461201,44.4853,-2.26388,1.62759,25.6629,-2.39863,-1.65632,25.1201
6.01075,-0.411741,44.4777,5.81204,0.482702,43.9717,-2.41483,1.64691,26.1604,-2.54961,-1.68626,25.6433
5.92681,-0.429718,44.1065,5.7278,0.498847,43.6216,-2.47343,1.69308,26.7633,-2.61724,-1.7439,26.2812
5.83148,-0.429561,43.8219,5.63094,0.496082,43.3576,-2.59536,1.77571,27.4666,-2.74907,-1.83694,27.0163
5.70458,-0.42197,43.5651,5.5035,0.482941,43.1229,-2.74702,1.87546,28.3832,-2.91026,-1.94993,27.9653
5.56217,-0.405591,43.3904,5.36146,0.457837,42.9708,-2.9197,2.01578,29.5371,-3.09342,-2.10796,29.154
5.52529,-0.38198,43.313,5.32511,0.427959,42.9099,-2.96783,2.13676,30.5172,-3.14965,-2.24146,30.1589
5.40825,-0.343955,43.3435,5.20485,0.38675,42.9534,-3.09859,2.27001,31.4801,-3.29009,-2.37333,31.1319
5.26665,-0.297085,43.4207,5.06346,0.339638,43.048,-3.23569,2.399,32.4099,-3.43691,-2.51199,32.0905
5.15333,-0.247136,43.5269,4.95174,0.288122,43.1689,-3.32759,2.53895,33.3315,-3.53743,-2.66241,33.0373
5.03178,-0.201883,43.5943,4.83982,0.24595,43.2409,-3.45157,2.67872,34.4379,-3.66608,-2.8183,34.164
4.94138,-0.131891,43.7093,4.76124,0.178648,43.3585,-3.50791,2.86536,35.7344,-3.72387,-3.01698,35.4647
5.05237,-0.211001,43.4229,4.8695,0.253969,43.0881,-3.51566,2.85105,36.2804,-3.74608,-3.05844,36.071
15.5566,1.4111,57.853,15.4091,-1.66259,56.2738,0.44684,10.6591,70.8484,5.05463,-12.0495,71.8638
-1.8802,6.28565,90.4776,-2.12694,-6.41013,89.593,-1.1198,4.16643,36.7882,-6.2825,-6.85083,47.1003
5.58578,4.24445,78.7314,5.46938,-4.23853,77.6686,-3.81138,6.58628,45.3497,-3.66095,-6.31559,42.9944
5.40914,4.6453,81.3176,5.32697,-4.5969,80.2197,-5.41675,8.14856,51.7771,-5.43043,-8.11835,49.9413
5.27983,4.95351,83.118,5.21031,-4.87167,82.0049,-5.97198,8.95362,54.7406,-6.17207,-9.06596,53.3605
5.3455,5.16164,84.1296,5.28066,-5.05038,83.0085,-6.22141,9.43106,56.1586,-6.45757,-9.56285,54.8736
5.43529,5.31742,84.9202,5.37725,-5.18711,83.7959,-6.3101,9.76531,57.2016,-6.54841,-9.89071,55.9379
5.51545,5.41696,85.3015,5.46478,-5.27845,84.1812,-6.38786,10.0067,58.0272,-6.61737,-10.1209,56.7664
5.7607,5.44252,85.0634,5.71418,-5.29775,83.9455,-6.40895,10.1554,58.1585,-6.63281,-10.2574,56.8968
6.05232,5.40274,84.4836,6.01055,-5.25924,83.3662,-6.43209,10.2097,57.9528,-6.65285,-10.3085,56.6932
6.12953,5.3525,83.7469,6.1019,-5.22175,82.6253,-6.47902,10.1897,57.499,-6.69132,-10.2969,56.2408
5.98071,5.24407,82.8344,5.96426,-5.15186,81.7036,-6.57148,10.0508,56.5027,-6.77298,-10.1709,55.2329
6.1307,5.12628,81.9614,6.12413,-5.05051,80.8245,-6.48191,9.8989,55.605,-6.67876,-10.036,54.3401
6.16048,4.95939,80.6185,6.15642,-4.8846,79.4923,-6.35303,9.63275,54.2223,-6.54489,-9.76447,52.9763
6.25289,4.74838,79.0461,6.24179,-4.67062,77.9387,-6.14543,9.30435,52.6046,-6.33395,-9.41997,51.3808
6.39184,4.43861,77.5634,6.37187,-4.36796,76.4737,-5.83313,8.82737,50.9572,-6.0176,-8.93475,49.7564
6.53402,4.15667,75.6504,6.50225,-4.08319,74.5844,-5.50948,8.38905,49.0633,-5.69038,-8.48227,47.8909
6.59166,3.83925,73.8268,6.54511,-3.76569,72.786,-5.20633,7.88811,47.1892,-5.38407,-7.9645,46.0466
6.71063,3.56777,72.2818,6.65129,-3.48854,71.2635,-4.8868,7.46044,45.6349,-5.06096,-7.52161,44.5162
6.86326,3.23443,70.5607,6.78889,-3.14926,69.568,-4.48832,6.92627,43.8293,-4.65759,-6.97064,42.7376
6.91767,2.82397,67.8768,6.82266,-2.7367,66.9214,-4.09843,6.27689,41.2704,-4.26043,-6.2999,40.2213
7.06539,2.54587,66.4897,6.95849,-2.45101,65.5566,-3.7383,5.83745,39.8403,-3.8959,-5.84723,38.8118
7.1436,2.21222,64.193,7.02039,-2.11204,63.2934,-3.39861,5.31826,37.7576,-3.54959,-5.31155,36.7648
7.17937,1.87503,62.138,7.04097,-1.77272,61.2696,-3.09641,4.79976,35.8833,-3.24218,-4.77968,34.9253
7.27205,1.57147,60.4266,7.12198,-1.4659,59.5851,-2.78035,4.32921,34.2618,-2.92118,-4.30001,33.3321
7.25589,1.26812,58.2451,7.09549,-1.16674,57.4354,-2.55755,3.87295,32.4718,-2.69156,-3.84262,31.5796
7.24811,0.995996,56.1952,7.07978,-0.898081,55.4158,-2.35505,3.46263,30.8298,-2.48255,-3.43382,29.9728
7.25977,0.740293,54.8824,7.08518,-0.644924,54.1259,-2.15721,3.08283,29.6957,-2.28157,-3.05609,28.8662
7.22317,0.528145,53.0969,7.04183,-0.433418,52.37,-2.03316,2.76582,28.3928,-2.15378,-2.73967,27.5972
7.15575,0.327889,51.5977,6.96885,-0.235266,50.898,-1.94305,2.47666,27.3678,-2.06129,-2.45276,26.6041
7.08584,0.152002,50.3959,6.89456,-0.0613,49.7208,-1.87579,2.23089,26.6097,-1.99233,-2.20922,25.8728
6.90283,-0.000417774,48.8289,6.70745,0.0871776,48.1857,-1.91867,2.02154,25.8848,-2.03336,-2.00443,25.1837
6.82904,-0.128972,48.0112,6.63137,0.213839,47.3893,-1.88751,1.85733,25.5223,-2.0037,-1.84567,24.8474
6.65331,-0.225577,46.9382,6.45353,0.306922,46.3435,-1.96905,1.73911,25.2576,-2.08754,-1.73595,24.6176
6.51043,-0.296769,46.1602,6.30913,0.375156,45.5888,-2.053,1.66649,25.19,-2.17597,-1.67273,24.5818
6.32505,-0.357931,45.4554,6.12333,0.431797,44.9086,-2.16076,1.62146,25.3698,-2.28875,-1.63931,24.797
6.19141,-0.390445,45.0119,5.98909,0.461224,44.4853,-2.26389,1.62759,25.6629,-2.39863,-1.65633,25.1202
6.01076,-0.411731,44.4777,5.81205,0.482725,43.9717,-2.41483,1.64691,26.1604,-2.54961,-1.68627,25.6434
5.92681,-0.429709,44.1065,5.72781,0.498869,43.6216,-2.47343,1.69308,26.7632,-2.61724,-1.7439,26.2813
5.83148,-0.429552,43.8219,5.63096,0.496104,43.3576,-2.59537,1.77571,27.4666,-2.74907,-1.83695,27.0164
5.70459,-0.421961,43.5651,5.50351,0.482961,43.1229,-2.74702,1.87546,28.3832,-2.91026,-1.94994,27.9653
5.56217,-0.405583,43.3904,5.36148,0.457857,42.9708,-2.91971,2.01578,29.537,-3.09342,-2.10797,29.154
5.52529,-0.381971,43.313,5.32512,0.427978,42.9099,-2.96783,2.13676,30.5172,-3.14965,-2.24147,30.1589
5.40825,-0.343947,43.3435,5.20486,0.386769,42.9534,-3.09859,2.27001,31.4801,-3.29009,-2.37334,31.1319
5.26665,-0.297077,43.4207,5.06347,0.339657,43.0479,-3.2357,2.399,32.4099,-3.43691,-2.512,32.0905
5.15333,-0.247127,43.5269,4.95175,0.288142,43.1689,-3.3276,2.53895,33.3315,-3.53743,-2.66242,33.0373
5.03178,-0.201873,43.5942,4.83984,0.245972,43.2409,-3.45158,2.67872,34.4378,-3.66608,-2.81831,34.164
4.94137,-0.131879,43.7093,4.76126,0.178671,43.3585,-3.50791,2.86536,35.7344,-3.72387,-3.01699,35.4648
5.05237,-0.210986,43.4229,4.86952,0.253994,43.0881,-3.51566,2.85104,36.2804,-3.74608,-3.05845,36.0711
15.5567,1.4111,57.8529,15.4091,-1.66256,56.2738,0.446873,10.6592,70.8484,5.05461,-12.0494,71.8639
-1.88023,6.28568,90.4776,-2.12691,-6.41012,89.593,-1.1198,4.16639,36.7882,-6.2825,-6.85085,47.1003
5.58577,4.24447,78.7314,5.46939,-4.23852,77.6685,-3.81138,6.58627,45.3497,-3.66095,-6.31558,42.9944
5.40912,4.64533,81.3176,5.327,-4.59688,80.2197,-5.41675,8.14854,51.7771,-5.43042,-8.11837,49.9413
5.27979,4.95354,83.118,5.21036,-4.87163,82.0049,-5.97199,8.95358,54.7405,-6.17206,-9.06599,53.3605
5.34546,5.16168,84.1297,5.28071,-5.05034,83.0084,-6.22142,9.43101,56.1585,-6.45756,-9.5629,54.8736
5.43524,5.31746,84.9202,5.37731,-5.18706,83.7959,-6.31012,9.76526,57.2016,-6.54839,-9.89076,55.9379
5.51539,5.41701,85.3015,5.46484,-5.27839,84.1812,-6.38788,10.0067,58.0272,-6.61734,-10.1209,56.7664
5.76065,5.44257,85.0634,5.71425,-5.29769,83.9454,-6.40898,10.1553,58.1585,-6.63279,-10.2575,56.8969
6.05227,5.40278,84.4836,6.01061,-5.25919,83.3662,-6.43211,10.2097,57.9528,-6.65282,-10.3086,56.6932
6.12949,5.35254,83.7469,6.10195,-5.2217,82.6252,-6.47903,10.1897,57.499,-6.6913,-10.297,56.2408
5.98068,5.2441,82.8344,5.96429,-5.15182,81.7036,-6.57149,10.0507,56.5027,-6.77297,-10.171,55.2329
6.13068,5.12631,81.9614,6.12416,-5.05048,80.8245,-6.48191,9.89889,55.605,-6.67875,-10.036,54.3401
6.16047,4.95941,80.6185,6.15644,-4.88458,79.4923,-6.35303,9.63274,54.2223,-6.54488,-9.76448,52.9764
6.25288,4.7484,79.0461,6.24181,-4.67061,77.9387,-6.14543,9.30434,52.6046,-6.33395,-9.41998,51.3808
6.39183,4.43862,77.5634,6.37188,-4.36795,76.4737,-5.83312,8.82736,50.9572,-6.01759,-8.93475,49.7564
6.53402,4.15668,75.6504,6.50225,-4.08318,74.5844,-5.50947,8.38904,49.0633,-5.69038,-8.48227,47.8909
6.59165,3.83926,73.8268,6.54512,-3.76568,72.786,-5.20632,7.8881,47.1892,-5.38407,-7.9645,46.0466
6.71063,3.56777,72.2818,6.65129,-3.48853,71.2635,-4.8868,7.46043,45.6349,-5.06096,-7.52161,44.5162
6.86325,3.23444,70.5607,6.78889,-3.14926,69.568,-4.48831,6.92626,43.8293,-4.65759,-6.97064,42.7376
6.91767,2.82397,67.8768,6.82266,-2.7367,66.9214,-4.09843,6.27689,41.2704,-4.26043,-6.2999,40.2213
7.06539,2.54588,66.4897,6.95848,-2.45101,65.5566,-3.7383,5.83744,39.8403,-3.8959,-5.84723,38.8118
7.1436,2.21222,64.193,7.02039,-2.11204,63.2934,-3.3986,5.31825,37.7576,-3.54959,-5.31155,36.7648
7.17936,1.87503,62.138,7.04097,-1.77272,61.2696,-3.0964,4.79976,35.8833,-3.24218,-4.77968,34.9252
7.27204,1.57147,60.4266,7.12198,-1.46591,59.5851,-2.78035,4.3292,34.2618,-2.92118,-4.30001,33.3321
7.25588,1.26812,58.2452,7.09549,-1.16675,57.4354,-2.55755,3.87294,32.4718,-2.69156,-3.84263,31.5796
7.2481,0.995995,56.1952,7.07977,-0.898091,55.4158,-2.35504,3.46263,30.8298,-2.48255,-3.43382,29.9727
7.25977,0.740291,54.8824,7.08517,-0.644936,54.1259,-2.15721,3.08283,29.6957,-2.28157,-3.05609,28.8662
7.22317,0.528142,53.0969,7.04182,-0.433431,52.37,-2.03316,2.76582,28.3928,-2.15378,-2.73967,27.5971
7.15574,0.327885,51.5977,6.96884,-0.235281,50.898,-1.94305,2.47666,27.3678,-2.06129,-2.45276,26.6041
7.08583,0.151997,50.396,6.89455,-0.0613152,49.7208,-1.87579,2.23089,26.6097,-1.99232,-2.20922,25.8728
6.90283,-0.000423157,48.8289,6.70744,0.0871615,48.1857,-1.91867,2.02154,25.8848,-2.03336,-2.00443,25.1837
6.82904,-0.128978,48.0112,6.63136,0.213822,47.3893,-1.88751,1.85732,25.5223,-2.0037,-1.84567,24.8473
6.65331,-0.225583,46.9382,6.45352,0.306904,46.3436,-1.96905,1.73911,25.2576,-2.08754,-1.73595,24.6176
6.51042,-0.296775,46.1602,6.30911,0.375138,45.5888,-2.053,1.66649,25.19,-2.17597,-1.67272,24.5818
6.32505,-0.357938,45.4554,6.12332,0.431778,44.9086,-2.16076,1.62146,25.3698,-2.28875,-1.6393,24.797
6.1914,-0.390452,45.0119,5.98908,0.461205,44.4853,-2.26389,1.62759,25.6629,-2.39863,-1.65632,25.1201
6.01075,-0.411738,44.4777,5.81204,0.482706,43.9717,-2.41483,1.64691,26.1604,-2.54961,-1.68626,25.6433
5.92681,-0.429715,44.1065,5.7278,0.498851,43.6216,-2.47343,1.69308,26.7633,-2.61724,-1.7439,26.2812
5.83148,-0.429558,43.8219,5.63095,0.496086,43.3576,-2.59536,1.77571,27.4666,-2.74907,-1.83694,27.0163
5.70458,-0.421967,43.5651,5.5035,0.482945,43.1229,-2.74702,1.87546,28.3832,-2.91026,-1.94993,27.9653
5.56217,-0.405589,43.3904,5.36147,0.457841,42.9708,-2.91971,2.01578,29.5371,-3.09342,-2.10796,29.154
5.52529,-0.381977,43.313,5.32511,0.427963,42.9099,-2.96783,2.13676,30.5172,-3.14965,-2.24147,30.1589
5.40825,-0.343953,43.3435,5.20485,0.386753,42.9534,-3.09859,2.27001,31.4801,-3.29009,-2.37333,31.1319
5.26665,-0.297083,43.4207,5.06346,0.339641,43.048,-3.23569,2.399,32.4099,-3.43692,-2.51199,32.0905
5.15332,-0.247133,43.5269,4.95174,0.288126,43.1689,-3.3276,2.53895,33.3315,-3.53743,-2.66241,33.0373
5.03178,-0.20188,43.5943,4.83982,0.245954,43.2409,-3.45158,2.67872,34.4379,-3.66608,-2.8183,34.164
4.94137,-0.131888,43.7093,4.76124,0.178652,43.3585,-3.50791,2.86536,35.7344,-3.72387,-3.01698,35.4647
5.05237,-0.210997,43.4229,4.8695,0.253973,43.0881,-3.51566,2.85105,36.2804,-3.74608,-3.05844,36.071
15.5567,1.4111,57.8529,15.4091,-1.66256,56.2738,0.446873,10.6592,70.8484,5.05461,-12.0494,71.8639
-1.88023,6.28568,90.4776,-2.12691,-6.41012,89.593,-1.1198,4.16639,36.7882,-6.2825,-6.85085,47.1003
5.58577,4.24447,78.7314,5.46939,-4.23852,77.6685,-3.81138,6.58627,45.3497,-3.66095,-6.31558,42.9944
5.40912,4.64533,81.3176,5.327,-4.59688,80.2197,-5.41675,8.14854,51.7771,-5.43042,-8.11837,49.9413
5.27979,4.95354,83.118,5.21036,-4.87163,82.0049,-5.97199,8.95358,54.7405,-6.17206,-9.06599,53.3605
5.34546,5.16168,84.1297,5.28071,-5.05034,83.0084,-6.22142,9.43101,56.1585,-6.45756,-9.5629,54.8736
5.43524,5.31746,84.9202,5.37731,-5.18706,83.7959,-6.31012,9.76526,57.2016,-6.54839,-9.89076,55.9379
5.51539,5.41701,85.3015,5.46484,-5.27839,84.1812,-6.38788,10.0067,58.0272,-6.61734,-10.1209,56.7664
5.76065,5.44257,85.0634,5.71425,-5.29769,83.9454,-6.40898,10.1553,58.1585,-6.63279,-10.2575,56.8969
6.05227,5.40278,84.4836,6.01061,-5.25919,83.3662,-6.43211,10.2097,57.9528,-6.65282,-10.3086,56.6932
6.12949,5.35254,83.7469,6.10195,-5.2217,82.6252,-6.47903,10.1897,57.499,-6.6913,-10.297,56.2408
5.98068,5.2441,82.8344,5.96429,-5.15182,81.7036,-6.57149,10.0507,56.5027,-6.77297,-10.171,55.2329
6.13068,5.12631,81.9614,6.12416,-5.05048,80.8245,-6.48191,9.89889,55.605,-6.67875,-10.036,54.3401
6.16047,4.95941,80.6185,6.15644,-4.88458,79.4923,-6.35303,9.63274,54.2223,-6.54488,-9.76448,52.9764
6.25288,4.7484,79.0461,6.24181,-4.67061,77.9387,-6.14543,9.30434,52.6046,-6.33395,-9.41998,51.3808
6.39183,4.43862,77.5634,6.37188,-4.36795,76.4737,-5.83312,8.82736,50.9572,-6.01759,-8.93475,49.7564
6.53402,4.15668,75.6504,6.50225,-4.08318,74.5844,-5.50947,8.38904,49.0633,-5.69038,-8.48227,47.8909
6.59165,3.83926,73.8268,6.54512,-3.76568,72.786,-5.20632,7.8881,47.1892,-5.38407,-7.9645,46.0466
6.71063,3.56777,72.2818,6.65129,-3.48853,71.2635,-4.8868,7.46043,45.6349,-5.06096,-7.52161,44.5162
6.86325,3.23444,70.5607,6.78889,-3.14926,69.568,-4.48831,6.92626,43.8293,-4.65759,-6.97064,42.7376
6.91767,2.82397,67.8768,6.82266,-2.7367,66.9214,-4.09843,6.27689,41.2704,-4.26043,-6.2999,40.2213
7.06539,2.54588,66.4897,6.95848,-2.45101,65.5566,-3.7383,5.83744,39.8403,-3.8959,-5.84723,38.8118
7.1436,2.21222,64.193,7.02039,-2.11204,63.2934,-3.3986,5.31825,37.7576,-3.54959,-5.31155,36.7648
7.17936,1.87503,62.138,7.04097,-1.77272,61.2696,-3.0964,4.79976,35.8833,-3.24218,-4.77968,34.9252
7.27204,1.57147,60.4266,7.12198,-1.46591,59.5851,-2.78035,4.3292,34.2618,-2.92118,-4.30001,33.3321
7.25588,1.26812,58.2452,7.09549,-1.16675,57.4354,-2.55755,3.87294,32.4718,-2.69156,-3.84263,31.5796
7.2481,0.995995,56.1952,7.07977,-0.898091,55.4158,-2.35504,3.46263,30.8298,-2.48255,-3.43382,29.9727
7.25977,0.740291,54.8824,7.08517,-0.644936,54.1259,-2.15721,3.08283,29.6957,-2.28157,-3.05609,28.8662
7.22317,0.528142,53.0969,7.04182,-0.433431,52.37,-2.03316,2.76582,28.3928,-2.15378,-2.73967,27.5971
7.15574,0.327885,51.5977,6.96884,-0.235281,50.898,-1.94305,2.47666,27.3678,-2.06129,-2.45276,26.6041
7.08583,0.151997,50.396,6.89455,-0.0613152,49.7208,-1.87579,2.23089,26.6097,-1.99232,-2.20922,25.8728
6.90283,-0.000423157,48.8289,6.70744,0.0871615,48.1857,-1.91867,2.02154,25.8848,-2.03336,-2.00443,25.1837
6.82904,-0.128978,48.0112,6.63136,0.213822,47.3893,-1.88751,1.85732,25.5223,-2.0037,-1.84567,24.8473
6.65331,-0.225583,46.9382,6.45352,0.306904,46.3436,-1.96905,1.73911,25.2576,-2.08754,-1.73595,24.6176
6.51042,-0.296775,46.1602,6.30911,0.375138,45.5888,-2.053,1.66649,25.19,-2.17597,-1.67272,24.5818
6.32505,-0.357938,45.4554,6.12332,0.431778,44.9086,-2.16076,1.62146,25.3698,-2.28875,-1.6393,24.797
6.1914,-0.390452,45.0119,5.98908,0.461205,44.4853,-2.26389,1.62759,25.6629,-2.39863,-1.65632,25.1201
6.01075,-0.411738,44.4777,5.81204,0.482706,43.9717,-2.41483,1.64691,26.1604,-2.54961,-1.68626,25.6433
5.92681,-0.429715,44.1065,5.7278,0.498851,43.6216,-2.47343,1.69308,26.7633,-2.61724,-1.7439,26.2812
5.83148,-0.429558,43.8219,5.63095,0.496086,43.3576,-2.59536,1.77571,27.4666,-2.74907,-1.83694,27.0163
5.70458,-0.421967,43.5651,5.5035,0.482945,43.1229,-2.74702,1.87546,28.3832,-2.91026,-1.94993,27.9653
5.56217,-0.405589,43.3904,5.36147,0.457841,42.9708,-2.91971,2.01578,29.5371,-3.09342,-2.10796,29.154
5.52529,-0.381977,43.313,5.32511,0.427963,42.9099,-2.96783,2.13676,30.5172,-3.14965,-2.24147,30.1589
5.40825,-0.343953,43.3435,5.20485,0.386753,42.9534,-3.09859,2.27001,31.4801,-3.29009,-2.37333,31.1319
5.26665,-0.297083,43.4207,5.06346,0.339641,43.048,-3.23569,2.399,32.4099,-3.43692,-2.51199,32.0905
5.15332,-0.247133,43.5269,4.95174,0.288126,43.1689,-3.3276,2.53895,33.3315,-3.53743,-2.66241,33.0373
5.03178,-0.20188,43.5943,4.83982,0.245954,43.2409,-3.45158,2.67872,34.4379,-3.66608,-2.8183,34.164
4.94137,-0.131888,43.7093,4.76124,0.178652,43.3585,-3.50791,2.86536,35.7344,-3.72387,-3.01698,35.4647
5.05237,-0.210997,43.4229,4.8695,0.253973,43.0881,-3.51566,2.85105,36.2804,-3.74608,-3.05844,36.071
