5.21801,-0.36782,28.3899,5.07427,-0.598513,35.3553,-4.78351,6.11084,44.8266,-1.62349,-6.57285,55.0092
5.21478,-0.254029,28.3774,5.0413,-0.561577,35.5416,-4.79185,6.252,44.8942,-1.62337,-6.54071,55.1939
5.17156,-0.108122,28.4327,4.99822,-0.488586,35.7126,-4.83823,6.43026,45.0705,-1.64727,-6.48874,55.4263
5.13307,0.0245281,28.4911,4.9659,-0.417089,35.8002,-4.88913,6.59783,45.2592,-1.67449,-6.43873,55.6002
5.1075,0.133016,28.5265,4.94492,-0.35469,35.8502,-4.93151,6.74009,45.4131,-1.69852,-6.39471,55.7371
5.0953,0.196754,28.5403,4.93136,-0.316333,35.8737,-4.96327,6.832,45.5259,-1.71822,-6.37076,55.8382
5.08567,0.224204,28.5565,4.92187,-0.302239,35.8945,-4.99088,6.88228,45.6211,-1.73392,-6.36847,55.9188
5.09094,0.224793,28.5395,4.92633,-0.297463,35.8735,-5.00469,6.89758,45.6671,-1.73915,-6.3708,55.9445
5.08804,0.228723,28.544,4.92419,-0.295337,35.8739,-5.01709,6.91167,45.7078,-1.74492,-6.37317,55.9693
5.08849,0.228627,28.5397,4.92556,-0.293488,35.8627,-5.02625,6.91987,45.7356,-1.74798,-6.3744,55.9778
5.08951,0.22766,28.5354,4.92766,-0.292167,35.8522,-5.03258,6.92488,45.7547,-1.74917,-6.37486,55.9794
5.09041,0.226274,28.5312,4.92936,-0.29117,35.842,-5.03707,6.92801,45.7673,-1.7497,-6.37439,55.9757
5.09131,0.224887,28.5279,4.93112,-0.290458,35.8332,-5.04015,6.92997,45.7764,-1.74939,-6.37358,55.9697
5.09206,0.22351,28.5257,4.93246,-0.290211,35.8266,-5.04229,6.93123,45.7833,-1.74878,-6.3728,55.9635
5.09287,0.222163,28.5232,4.93395,-0.289865,35.8198,-5.04361,6.93173,45.7872,-1.74774,-6.37166,55.9553
5.09339,0.220763,28.5219,4.93487,-0.289894,35.8146,-5.04461,6.9321,45.7912,-1.7469,-6.37056,55.9482
5.09364,0.219489,28.5215,4.93535,-0.29029,35.8114,-5.04544,6.93234,45.795,-1.74615,-6.36991,55.9427
5.09414,0.218106,28.5205,4.93598,-0.290548,35.8075,-5.04584,6.93229,45.7976,-1.74535,-6.36898,55.9366
5.09432,0.216943,28.5204,4.93636,-0.291074,35.8051,-5.04628,6.93223,45.8003,-1.74458,-6.36856,55.9319
5.09423,0.215833,28.5211,4.93639,-0.291851,35.804,-5.04696,6.93237,45.804,-1.7441,-6.36858,55.9291
5.0946,0.214542,28.5207,4.93669,-0.292395,35.8017,-5.04705,6.93205,45.8059,-1.74348,-6.36812,55.925
5.09475,0.213224,28.521,4.93666,-0.293178,35.8003,-5.04722,6.93186,45.8085,-1.74312,-6.36795,55.9224
5.0945,0.212152,28.5221,4.93636,-0.294131,35.8002,-5.04782,6.9319,45.812,-1.74297,-6.36832,55.9215
5.09483,0.210851,28.5218,4.93653,-0.294784,35.7984,-5.04785,6.93153,45.8139,-1.74256,-6.36815,55.9187
5.09493,0.209603,28.5221,4.93641,-0.295628,35.7975,-5.04802,6.93126,45.8164,-1.74238,-6.36831,55.9174
5.09496,0.208374,28.5226,4.93622,-0.296535,35.7969,-5.04815,6.93097,45.8186,-1.74222,-6.36855,55.9163
5.09474,0.207141,28.5237,4.93567,-0.29759,35.7971,-5.04859,6.93095,45.8222,-1.74242,-6.36895,55.9167
5.09281,0.164212,28.5337,4.94119,-0.322261,35.7693,-5.04997,6.88183,45.8332,-1.74095,-6.39621,55.887
5.07322,-0.12771,28.6146,4.9772,-0.492847,35.5924,-5.06398,6.54213,45.9138,-1.73422,-6.59102,55.7002
4.9887,-1.25001,28.9465,5.12428,-1.15062,34.863,-5.11934,5.23203,46.2432,-1.7087,-7.34775,54.9328
4.87416,-2.69256,29.4032,5.31089,-2.05376,33.8928,-5.18332,3.56523,46.7172,-1.69418,-8.39267,53.9322
4.63818,-4.47567,30.2175,5.65057,-3.27136,32.2992,-5.29144,1.52732,47.5674,-1.65788,-9.81013,52.2598
3.58022,-9.28588,33.8653,6.61079,-7.32928,27.6729,-5.64974,-3.91002,51.3441,-1.49253,-14.5742,47.2299
3.25504,-8.76258,34.6338,7.17927,-7.87908,26.0764,-5.68561,-3.27732,52.281,-1.28543,-15.3313,45.4691
3.36582,-5.84326,33.9083,7.50424,-7.02662,26.5491,-5.42108,-0.00803237,51.8753,-1.23407,-14.3774,46.2513
4.12506,-3.02208,31.5344,7.46901,-4.94462,28.0336,-4.80811,2.88781,49.4842,-1.34368,-11.9739,48.1064
5.00667,-0.910547,29.0556,7.16455,-2.94774,29.6975,-4.06588,5.02697,46.9193,-1.63753,-9.59677,50.1115
5.7526,0.471751,26.9367,6.72793,-1.25079,31.1891,-3.4048,6.41952,44.664,-2.0349,-7.53689,51.8474
6.24759,1.31379,25.4055,6.21442,-0.0977373,32.3638,-2.88535,7.36923,42.9248,-2.4855,-5.98226,53.1793
6.41695,1.75946,24.7771,5.80249,0.889683,33.0434,-2.63213,7.77064,42.1065,-2.88146,-4.79464,53.9076
6.47011,1.96144,24.523,5.38998,1.53984,33.3828,-2.48933,7.97926,41.8209,-3.27142,-3.93989,54.2154
6.40953,1.90327,24.674,5.14075,1.7146,33.5263,-2.51575,7.92384,42.1552,-3.501,-3.70736,54.3514
6.37581,1.76236,24.8723,4.91482,1.78359,33.3032,-2.54333,7.80665,42.7421,-3.70677,-3.55865,54.0495
6.28996,1.52379,25.2396,4.7366,1.61345,33.1436,-2.63449,7.59517,43.5509,-3.85251,-3.72162,53.8767
6.20234,1.27681,25.6493,4.60394,1.36134,32.987,-2.72029,7.36915,44.3601,-3.94469,-3.99583,53.6811
6.02092,0.994462,26.3048,4.4151,0.998988,33.0779,-2.88394,7.12497,45.4391,-4.08236,-4.42676,53.8977
5.95017,0.728272,26.7108,4.39172,0.726709,32.7588,-2.93795,6.85136,46.1804,-4.08947,-4.74253,53.5984
5.84672,0.473655,27.2162,4.34834,0.419653,32.5893,-3.01532,6.6062,47.0138,-4.11044,-5.10797,53.5009
5.71037,0.247381,27.8205,4.28512,0.0958793,32.6046,-3.11517,6.41105,47.9293,-4.1501,-5.503,53.6273
6.02742,-1.9984,26.769,4.96159,-1.47366,35.8772,-4.26086,4.61301,43.0318,-1.58147,-6.85192,54.5195
1.51413,-0.0748742,38.0159,1.94733,-2.98396,45.8143,-5.4418,6.45133,47.9811,-1.13639,-6.68435,53.3371
3.3609,-0.522018,33.177,3.37939,-2.08739,41.1447,-4.91628,5.97007,45.7889,-1.32343,-6.6402,53.939
3.57944,-0.431593,32.7372,3.5187,-1.8944,40.7278,-4.9288,6.12867,45.7924,-1.34012,-6.52674,53.9666
3.53037,-0.253008,32.8508,3.51926,-1.77207,40.6946,-4.95834,6.32585,45.9045,-1.34389,-6.41538,53.9485
3.49583,-0.115294,32.9177,3.52838,-1.67255,40.6219,-4.97927,6.48164,45.9885,-1.35183,-6.32897,53.9312
3.47126,-0.0249914,32.9705,3.53843,-1.60844,40.558,-4.99741,6.5907,46.0629,-1.36039,-6.27626,53.9185
3.44905,0.0440056,33.0208,3.54647,-1.56025,40.5008,-5.01375,6.67888,46.1325,-1.36921,-6.23665,53.9056
3.42904,0.100012,33.0694,3.55369,-1.52229,40.4501,-5.02847,6.75387,46.1965,-1.37767,-6.2056,53.8921
3.41101,0.148939,33.1145,3.56007,-1.48947,40.4032,-5.04165,6.82253,46.256,-1.38578,-6.1779,53.8779
3.39525,0.192515,33.1572,3.56646,-1.46065,40.3613,-5.05305,6.88612,46.3122,-1.39285,-6.15297,53.8647
3.38119,0.231922,33.1973,3.57228,-1.43479,40.3226,-5.0631,6.94595,46.3651,-1.39944,-6.12975,53.8515
3.36894,0.268151,33.2351,3.57825,-1.41132,40.2874,-5.07165,7.00257,46.4154,-1.40493,-6.10817,53.8391
3.35821,0.301772,33.271,3.58426,-1.38976,40.255,-5.07892,7.05643,46.4634,-1.4095,-6.08793,53.8274
3.34883,0.333343,33.3052,3.59049,-1.36974,40.2253,-5.08503,7.1078,46.509,-1.41301,-6.06896,53.8166
3.34052,0.363084,33.3378,3.59669,-1.35092,40.1976,-5.09009,7.15695,46.5526,-1.41579,-6.05082,53.8065
3.33312,0.39162,33.3691,3.60315,-1.333,40.172,-5.09425,7.2041,46.5942,-1.41754,-6.03367,53.7973
3.3265,0.419154,33.3994,3.60983,-1.31573,40.1482,-5.09753,7.24941,46.634,-1.41837,-6.01723,53.7889
3.32038,0.446265,33.4288,3.61692,-1.29882,40.1263,-5.10018,7.29308,46.6719,-1.41812,-6.00167,53.7815
3.3146,0.473152,33.4578,3.62434,-1.28205,40.106,-5.1022,7.33524,46.708,-1.41687,-5.9867,53.7747
3.30896,0.500114,33.4866,3.63198,-1.26516,40.0871,-5.10369,7.37611,46.7427,-1.41474,-5.97206,53.769
3.30333,0.5275,33.5154,3.63998,-1.24793,40.0697,-5.10465,7.41583,46.7756,-1.4116,-5.95768,53.7639
3.29733,0.556015,33.5445,3.64842,-1.22999,40.054,-5.10545,7.45466,46.8069,-1.40736,-5.94369,53.7596
3.29084,0.585979,33.5744,3.65713,-1.21102,40.0397,-5.10601,7.49301,46.8367,-1.40216,-5.9295,53.7561
3.28369,0.618255,33.6052,3.66612,-1.1905,40.0274,-5.10644,7.53159,46.8646,-1.39592,-5.91479,53.7531
3.2758,0.654126,33.6369,3.67524,-1.16752,40.0174,-5.10678,7.57195,46.8905,-1.3887,-5.89861,53.7505
3.26741,0.695769,33.6691,3.68388,-1.14048,40.0108,-5.10697,7.61735,46.9142,-1.38084,-5.87881,53.7482
3.25691,0.703745,33.7119,3.6965,-1.1319,39.9847,-5.10836,7.62476,46.947,-1.37163,-5.88019,53.7184
3.2305,0.462946,33.8275,3.74064,-1.26725,39.8082,-5.1195,7.34935,47.0518,-1.35575,-6.04491,53.5223
3.13179,-0.673754,34.2387,3.90359,-1.94028,39.0736,-5.17073,6.04214,47.4499,-1.31604,-6.83167,52.7494
2.95552,-2.17886,34.8656,4.14606,-2.82123,37.9252,-5.2537,4.30282,48.0868,-1.27232,-7.87989,51.5874
2.64931,-4.13947,35.8947,4.45189,-4.04547,36.3115,-5.36894,2.05257,49.1594,-1.25935,-9.3364,49.9175
1.5582,-9.32024,39.8461,5.30224,-8.20363,31.759,-5.66674,-3.78169,53.2734,-1.20913,-14.185,45.1063
1.17374,-9.41414,40.808,5.49842,-8.80448,30.8752,-5.63409,-4.08943,54.2351,-1.28544,-15.0213,44.2999
1.45536,-6.39146,40.0082,5.1193,-7.19896,32.3109,-5.17861,-0.841045,53.6554,-1.59937,-13.1718,45.8282
2.11008,-3.36461,38.1278,4.56549,-4.61754,34.5488,-4.68879,2.30133,51.976,-1.90894,-10.2359,48.1368
2.76535,-0.812244,36.455,4.07971,-2.26354,36.2155,-4.20415,4.98887,50.5868,-2.21935,-7.5095,49.9563
3.29872,1.1216,35.1181,3.66802,-0.379595,37.3646,-3.79011,7.03262,49.4861,-2.53315,-5.29122,51.2702
3.72707,2.4696,33.9927,3.22003,0.813102,38.2669,-3.43215,8.58265,48.5803,-2.8889,-3.73477,52.3102
3.9845,3.27327,33.2997,2.91502,1.7551,38.6866,-3.20275,9.39978,48.021,-3.18083,-2.61982,52.7955
4.13835,3.57819,32.7817,2.62416,2.11891,38.9353,-3.05063,9.68446,47.5248,-3.45839,-2.15582,53.1584
4.18084,3.74122,32.757,2.48812,2.34264,38.8749,-2.94401,9.79783,47.5603,-3.64034,-1.90997,53.1663
4.15232,3.55921,32.8148,2.35373,2.1623,38.7069,-2.91209,9.52786,47.6006,-3.80937,-2.11964,53.1584
4.0811,3.27819,33.0563,2.30196,1.86261,38.4343,-2.91033,9.14779,47.874,-3.91454,-2.49894,53.0582
4.00654,2.94663,33.3271,2.29825,1.48892,38.1485,-2.91888,8.71741,48.1674,-3.9699,-2.9829,52.915
3.93905,2.65937,33.6286,2.29325,1.18184,37.859,-2.93435,8.38126,48.5906,-4.02304,-3.36552,52.7907
3.86901,2.34244,33.9489,2.3141,0.836482,37.5772,-2.95657,8.01743,49.0329,-4.04857,-3.7929,52.669
3.80586,2.02902,34.2684,2.33466,0.480796,37.3603,-2.97629,7.67157,49.4744,-4.0574,-4.21633,52.5959
3.81307,1.70203,34.4249,2.40789,0.192568,37.0925,-3.00067,7.37719,49.8803,-4.06425,-4.54582,52.5006
6.01843,-1.99762,26.7712,4.9399,-1.49962,35.9563,-4.27583,4.64384,43.0823,-1.59236,-6.88704,54.6379
1.49302,-0.0494679,38.0402,1.92483,-2.99818,45.8814,-5.45527,6.4818,48.0268,-1.14757,-6.71682,53.4478
3.3457,-0.506,33.1932,3.36213,-2.10079,41.2,-4.92637,5.99028,45.824,-1.33274,-6.66786,54.0323
3.56461,-0.422409,32.7515,3.50328,-1.90751,40.7744,-4.93822,6.13765,45.8204,-1.3488,-6.55339,54.0462
3.5155,-0.251431,32.8643,3.50604,-1.78541,40.7305,-4.96733,6.32264,45.9266,-1.3522,-6.44225,54.0153
3.48116,-0.120238,32.9302,3.51701,-1.68617,40.649,-4.98779,6.46817,46.0052,-1.35979,-6.3557,53.9865
3.45704,-0.0341986,32.9812,3.52842,-1.62177,40.5784,-5.00538,6.57013,46.0741,-1.36805,-6.3019,53.9643
3.43543,0.0318192,33.0294,3.53746,-1.57302,40.516,-5.02115,6.65302,46.1384,-1.37663,-6.26077,53.9432
3.41618,0.0855179,33.0757,3.54545,-1.53443,40.4613,-5.03531,6.72384,46.1971,-1.3849,-6.22801,53.9225
3.39898,0.132388,33.1183,3.55243,-1.50106,40.4109,-5.04797,6.78879,46.2515,-1.39287,-6.19865,53.9018
3.38409,0.17396,33.1584,3.55929,-1.47182,40.3661,-5.05893,6.84887,46.3027,-1.39982,-6.17221,53.8825
3.37093,0.211321,33.1956,3.56547,-1.44573,40.3248,-5.06861,6.90519,46.3506,-1.40632,-6.1477,53.8635
3.35959,0.245413,33.2306,3.57174,-1.42219,40.2873,-5.07689,6.95824,46.396,-1.41176,-6.12507,53.8456
3.34977,0.276786,33.2634,3.578,-1.40072,40.2528,-5.084,7.0084,46.439,-1.41629,-6.10404,53.8288
3.34129,0.305996,33.2945,3.58444,-1.38095,40.2211,-5.09005,7.05591,46.4797,-1.41977,-6.08453,53.8129
3.33388,0.333265,33.3238,3.59083,-1.36254,40.1916,-5.09515,7.10101,46.5183,-1.42253,-6.06612,53.7978
3.32737,0.359215,33.3518,3.59749,-1.34515,40.1642,-5.09947,7.14393,46.5548,-1.42427,-6.04896,53.7838
3.32163,0.384058,33.3786,3.60437,-1.32853,40.1386,-5.10303,7.18479,46.5895,-1.42509,-6.03275,53.7706
3.31638,0.408372,33.4045,3.61169,-1.31238,40.1148,-5.10607,7.22381,46.6221,-1.42483,-6.01768,53.7583
3.31147,0.432363,33.4298,3.61937,-1.29647,40.0925,-5.1086,7.26111,46.6529,-1.42357,-6.00345,53.7467
3.30669,0.456338,33.4547,3.62734,-1.28051,40.0716,-5.11072,7.2969,46.6821,-1.42142,-5.98981,53.7361
3.30193,0.480651,33.4796,3.63572,-1.26428,40.052,-5.11244,7.33133,46.7095,-1.41825,-5.97668,53.726
3.29681,0.506013,33.5047,3.64462,-1.24738,40.0337,-5.11412,7.36472,46.7351,-1.41397,-5.96416,53.7166
3.29124,0.532758,33.5303,3.65387,-1.22948,40.0168,-5.11568,7.39751,46.7593,-1.40873,-5.95167,53.7079
3.28507,0.561751,33.5567,3.66349,-1.21,40.0014,-5.11722,7.43058,46.7818,-1.40244,-5.93883,53.6994
3.27829,0.594254,33.5841,3.67328,-1.18799,39.9881,-5.11877,7.46571,46.8026,-1.39521,-5.92461,53.6909
3.27124,0.632388,33.612,3.68263,-1.16179,39.9778,-5.12022,7.50664,46.8223,-1.38739,-5.90674,53.6821
3.26246,0.638888,33.6506,3.6956,-1.1529,39.9488,-5.12283,7.51382,46.8525,-1.37844,-5.90861,53.6461
3.2389,0.411191,33.7582,3.73774,-1.28155,39.7788,-5.13513,7.2584,46.9536,-1.36338,-6.06535,53.4504
3.14608,-0.654631,34.1418,3.89055,-1.92257,39.0868,-5.18728,6.04253,47.3312,-1.32599,-6.81231,52.7076
2.97885,-2.05041,34.7282,4.1175,-2.75287,38.0029,-5.27036,4.44322,47.9378,-1.28589,-7.7978,51.5926
2.68322,-3.86012,35.706,4.40177,-3.90629,36.4773,-5.38552,2.38638,48.9724,-1.2781,-9.16633,49.9863
1.60801,-8.66237,39.5266,5.20019,-7.9037,32.1603,-5.68769,-2.98752,52.9713,-1.23655,-13.8055,45.3636
1.22427,-8.69505,40.4733,5.37458,-8.46801,31.3489,-5.65606,-3.23281,53.9124,-1.31861,-14.6003,44.6162
1.49541,-5.91555,39.7572,5.00973,-6.95986,32.6883,-5.20426,-0.27957,53.4169,-1.63043,-12.8733,46.0723
2.12929,-3.15667,37.9917,4.50701,-4.50528,34.7354,-4.72419,2.53574,51.8493,-1.92981,-10.0939,48.2426
2.75935,-0.80421,36.439,4.06299,-2.26684,36.2561,-4.25207,4.98462,50.5834,-2.23175,-7.50727,49.9536
3.27111,0.998493,35.2055,3.67839,-0.474752,37.3099,-3.84881,6.87969,49.5967,-2.53991,-5.39958,51.1948
3.68347,2.26705,34.1609,3.24832,0.648507,38.15,-3.49844,8.34777,48.7864,-2.8922,-3.92654,52.1892
3.93266,3.02686,33.5208,2.95212,1.53992,38.5388,-3.27448,9.12866,48.3006,-3.18218,-2.86876,52.6486
4.07797,3.34521,33.0406,2.66474,1.8871,38.7827,-3.12425,9.44395,47.8593,-3.46028,-2.4294,53.0235
4.1169,3.50094,33.0249,2.53005,2.10195,38.7132,-3.02105,9.54718,47.9003,-3.64317,-2.19477,53.018
4.0877,3.3508,33.0801,2.39134,1.93286,38.5595,-2.99053,9.3209,47.9468,-3.81547,-2.3934,53.0273
4.0176,3.10201,33.3008,2.33405,1.65889,38.3012,-2.99092,8.97357,48.1947,-3.92468,-2.7466,52.9388
3.94378,2.80588,33.5453,2.32451,1.31907,38.029,-3.00136,8.57578,48.4494,-3.9849,-3.19654,52.8067
3.87681,2.53911,33.8239,2.31582,1.03735,37.7421,-3.02013,8.25333,48.8366,-4.04233,-3.55446,52.68
3.80826,2.24402,34.1172,2.33264,0.718539,37.4645,-3.04673,7.90649,49.2438,-4.07321,-3.95674,52.5605
3.74962,1.95146,34.3991,2.34889,0.389711,37.2565,-3.07244,7.57816,49.6484,-4.08838,-4.35667,52.4984
3.69841,1.71126,34.6731,2.4311,0.157177,36.9448,-3.09328,7.31936,50.0426,-4.08952,-4.61748,52.3466
6.01734,-1.98962,26.7724,4.94148,-1.49336,35.9506,-4.27646,4.65194,43.0828,-1.59171,-6.88122,54.6326
1.4906,-0.0401848,38.0433,1.92564,-2.99283,45.8783,-5.45604,6.4876,48.0249,-1.14728,-6.71049,53.4419
3.34458,-0.499178,33.1937,3.36298,-2.09548,41.1967,-4.92677,5.99505,45.822,-1.33253,-6.66253,54.0284
3.56375,-0.416937,32.7514,3.50412,-1.90254,40.7712,-4.93845,6.14071,45.8177,-1.34867,-6.54888,54.0432
3.51485,-0.247299,32.8638,3.50684,-1.78085,40.7276,-4.9674,6.32403,45.9235,-1.35212,-6.43846,54.0129
3.48066,-0.117224,32.9295,3.5178,-1.68201,40.6461,-4.98776,6.46834,46.0019,-1.35974,-6.35251,53.9844
3.4566,-0.0319024,32.9805,3.52921,-1.61796,40.5755,-5.00532,6.56963,46.0709,-1.36801,-6.29911,53.9624
3.43502,0.033699,33.0288,3.53825,-1.56946,40.5131,-5.02109,6.6523,46.1354,-1.37659,-6.25817,53.9412
3.4158,0.0872088,33.0752,3.54622,-1.53103,40.4584,-5.03526,6.72325,46.1944,-1.38485,-6.22543,53.9205
3.39864,0.134039,33.1179,3.55317,-1.49772,40.4081,-5.04794,6.78854,46.2492,-1.3928,-6.19597,53.8995
3.38379,0.175673,33.158,3.56001,-1.46848,40.3634,-5.05893,6.84909,46.3007,-1.39974,-6.16936,53.8801
3.37067,0.213163,33.1953,3.56618,-1.44234,40.3221,-5.06864,6.90595,46.349,-1.40623,-6.14462,53.861
3.35937,0.247429,33.2303,3.57243,-1.41871,40.2846,-5.07696,6.95958,46.3948,-1.41165,-6.12174,53.843
3.34957,0.279011,33.2633,3.57867,-1.39713,40.2502,-5.08411,7.01033,46.4381,-1.41615,-6.10043,53.8259
3.34111,0.308453,33.2944,3.5851,-1.37722,40.2186,-5.0902,7.05845,46.479,-1.41961,-6.08063,53.8099
3.33371,0.335973,33.3238,3.59148,-1.35864,40.1892,-5.09535,7.10418,46.5179,-1.42235,-6.06191,53.7947
3.32721,0.362189,33.3519,3.59812,-1.34107,40.1618,-5.09972,7.14772,46.5548,-1.42408,-6.04442,53.7804
3.32147,0.387309,33.3788,3.60498,-1.32427,40.1363,-5.10332,7.18924,46.5897,-1.42489,-6.02786,53.767
3.3162,0.411908,33.4049,3.61227,-1.30793,40.1126,-5.1064,7.22891,46.6227,-1.42462,-6.01241,53.7545
3.31128,0.436187,33.4303,3.61991,-1.29183,40.0905,-5.10897,7.26689,46.6537,-1.42336,-5.99778,53.7427
3.30647,0.460446,33.4554,3.62782,-1.27568,40.0697,-5.11114,7.30337,46.6832,-1.42122,-5.98371,53.7318
3.30165,0.485029,33.4804,3.63613,-1.25927,40.0503,-5.1129,7.33849,46.7108,-1.41807,-5.97012,53.7214
3.29646,0.510624,33.5058,3.64493,-1.24223,40.0323,-5.11462,7.37252,46.7367,-1.41383,-5.95715,53.7117
3.29076,0.537532,33.5317,3.65406,-1.22424,40.0157,-5.11623,7.40585,46.761,-1.40863,-5.94423,53.7025
3.28441,0.566556,33.5586,3.66356,-1.20477,40.0007,-5.11783,7.43923,46.7836,-1.4024,-5.93105,53.6937
3.27735,0.598858,33.5865,3.67324,-1.18293,39.9877,-5.11947,7.47421,46.8045,-1.39522,-5.91668,53.6848
3.26987,0.636392,33.6152,3.6825,-1.15711,39.9777,-5.12104,7.51422,46.8241,-1.38745,-5.89902,53.6757
3.26049,0.642021,33.6547,3.69542,-1.14876,39.9492,-5.12383,7.51954,46.8539,-1.37853,-5.90151,53.6398
3.23607,0.414807,33.7628,3.73735,-1.27753,39.781,-5.13644,7.26243,46.9532,-1.36352,-6.05871,53.4458
3.14159,-0.643721,34.1453,3.88905,-1.91694,39.0957,-5.18951,6.04907,47.3251,-1.32628,-6.80422,52.7097
2.9728,-2.02977,34.7275,4.11415,-2.74495,38.0226,-5.27346,4.45151,47.9207,-1.28653,-7.78797,51.6066
2.67698,-3.82785,35.6945,4.39542,-3.89478,36.5149,-5.38891,2.39405,48.9355,-1.27946,-9.1544,50.0214
1.60436,-8.58672,39.4834,5.18638,-7.87637,32.2436,-5.69106,-2.95724,52.8879,-1.23985,-13.7779,45.4502
1.23137,-8.63613,40.3931,5.35552,-8.43888,31.4608,-5.65315,-3.23921,53.7816,-1.32465,-14.5776,44.7485
1.52031,-5.89601,39.6428,4.99103,-6.92237,32.7979,-5.19062,-0.333054,53.2569,-1.63921,-12.858,46.2197
2.15966,-3.16609,37.8801,4.4963,-4.46517,34.8103,-4.70672,2.45539,51.7027,-1.93874,-10.0893,48.3719
2.78717,-0.826959,36.3502,4.05926,-2.23273,36.2963,-4.23425,4.9002,50.4695,-2.24072,-7.51496,50.0556
3.29368,0.967954,35.1421,3.67749,-0.455378,37.328,-3.83165,6.80044,49.5162,-2.54935,-5.42167,51.272
3.70073,2.22889,34.1183,3.2475,0.648216,38.1565,-3.48248,8.27492,48.7331,-2.90204,-3.96285,52.2455
3.94563,2.9825,33.4935,2.95008,1.52122,38.5404,-3.26004,9.06356,48.268,-3.19212,-2.91482,52.6878
4.08629,3.29007,33.0254,2.66238,1.8471,38.7819,-3.1131,9.37965,47.8436,-3.46859,-2.48602,53.0467
4.12424,3.44658,33.0149,2.52546,2.05637,38.714,-3.01111,9.49554,47.895,-3.65127,-2.24606,53.0294
4.093,3.29407,33.0755,2.38657,1.87984,38.5602,-2.9833,9.27543,47.9516,-3.82167,-2.44223,53.0274
4.02195,3.04752,33.2991,2.32912,1.60555,38.3022,-2.9857,8.93725,48.2064,-3.92919,-2.78716,52.9304
3.94741,2.7552,33.5453,2.31992,1.26832,38.0298,-2.99798,8.54767,48.4659,-3.9876,-3.22814,52.7919
3.88041,2.49799,33.8248,2.31075,0.995847,37.7437,-3.01753,8.2374,48.8553,-4.04421,-3.57307,52.6616
3.81114,2.2113,34.1196,2.32777,0.685059,37.4662,-3.04521,7.89916,49.2637,-4.074,-3.96608,52.5402
3.75238,1.9262,34.4005,2.34359,0.363457,37.2608,-3.07199,7.57751,49.6669,-4.08814,-4.3588,52.4789
3.6959,1.69542,34.6859,2.42967,0.139745,36.9402,-3.09414,7.32275,50.0626,-4.08807,-4.61359,52.3227
6.0169,-1.98834,26.7747,4.94185,-1.49312,35.9495,-4.27643,4.65278,43.0844,-1.59144,-6.87995,54.6298
1.49,-0.0392995,38.0459,1.92622,-2.99238,45.8766,-5.45594,6.48819,48.0266,-1.14692,-6.70969,53.4392
3.34418,-0.498313,33.1958,3.3634,-2.09514,41.1955,-4.9267,5.99569,45.8235,-1.33223,-6.6616,54.0259
3.56332,-0.416098,32.7535,3.5045,-1.9022,40.7701,-4.93839,6.14131,45.819,-1.34839,-6.54799,54.0409
3.51444,-0.246505,32.8657,3.5072,-1.78046,40.7266,-4.96734,6.3246,45.9247,-1.35184,-6.43762,54.0107
3.48027,-0.116471,32.9313,3.51815,-1.68158,40.6451,-4.9877,6.46886,46.003,-1.35947,-6.35171,53.9823
3.45621,-0.0311938,32.9822,3.52955,-1.61753,40.5746,-5.00527,6.57009,46.0719,-1.36774,-6.29837,53.9604
3.43464,0.0343671,33.0305,3.53858,-1.56903,40.5122,-5.02105,6.65271,46.1364,-1.37631,-6.25747,53.9394
3.41543,0.0878424,33.0767,3.54655,-1.5306,40.4575,-5.03523,6.72363,46.1954,-1.38457,-6.22476,53.9187
3.39827,0.134647,33.1194,3.5535,-1.49729,40.4072,-5.04793,6.78891,46.2501,-1.39253,-6.19532,53.8978
3.38343,0.176262,33.1594,3.56033,-1.46806,40.3625,-5.05892,6.84944,46.3016,-1.39946,-6.16872,53.8784
3.37031,0.213742,33.1967,3.56649,-1.44191,40.3213,-5.06865,6.90631,46.3499,-1.40595,-6.14399,53.8593
3.35901,0.248004,33.2317,3.57274,-1.41827,40.2838,-5.07698,6.95995,46.3957,-1.41136,-6.1211,53.8414
3.34922,0.279588,33.2646,3.57897,-1.39667,40.2494,-5.08414,7.01072,46.439,-1.41587,-6.09979,53.8243
3.34075,0.309037,33.2957,3.5854,-1.37674,40.2178,-5.09024,7.05887,46.48,-1.41932,-6.07997,53.8083
3.33336,0.336568,33.3251,3.59177,-1.35815,40.1884,-5.0954,7.10463,46.5188,-1.42206,-6.06123,53.7931
3.32685,0.3628,33.3532,3.5984,-1.34056,40.1611,-5.09977,7.14821,46.5557,-1.42377,-6.0437,53.7789
3.3211,0.387939,33.3801,3.60526,-1.32374,40.1356,-5.10339,7.18977,46.5906,-1.42458,-6.02711,53.7655
3.31583,0.41256,33.4061,3.61253,-1.30737,40.112,-5.10648,7.22951,46.6236,-1.42431,-6.01162,53.753
3.3109,0.436864,33.4315,3.62016,-1.29124,40.0899,-5.10906,7.26755,46.6546,-1.42304,-5.99694,53.7412
3.30607,0.46115,33.4567,3.62805,-1.27507,40.0692,-5.11123,7.30409,46.6841,-1.42091,-5.9828,53.7302
3.30124,0.485761,33.4817,3.63634,-1.25864,40.0498,-5.113,7.33929,46.7117,-1.41776,-5.96915,53.7198
3.29603,0.511385,33.5071,3.64512,-1.24157,40.0319,-5.11472,7.3734,46.7376,-1.41352,-5.95611,53.71
3.29031,0.53832,33.5331,3.65421,-1.22356,40.0153,-5.11634,7.40681,46.762,-1.40833,-5.94311,53.7008
3.28391,0.567368,33.56,3.66367,-1.20408,40.0004,-5.11795,7.44026,46.7846,-1.40211,-5.92984,53.6919
3.27679,0.599689,33.5881,3.6733,-1.18223,39.9876,-5.1196,7.4753,46.8054,-1.39494,-5.9154,53.6829
3.26923,0.637241,33.6169,3.68252,-1.1564,39.9778,-5.1212,7.51533,46.825,-1.38719,-5.89768,53.6737
3.25971,0.642898,33.6566,3.69538,-1.14804,39.9494,-5.12403,7.52058,46.8547,-1.37829,-5.90014,53.6377
3.23503,0.415737,33.765,3.73722,-1.2769,39.7815,-5.13674,7.26312,46.9538,-1.36332,-6.05736,53.4436
3.14001,-0.642852,34.1484,3.8887,-1.91711,39.0967,-5.19005,6.04854,47.3255,-1.3262,-6.80306,52.7071
2.97054,-2.02929,34.7318,4.11344,-2.7465,38.0245,-5.27432,4.44903,47.9209,-1.28664,-7.78722,51.6033
2.67392,-3.8281,35.7,4.39417,-3.89827,36.5181,-5.39016,2.38861,48.9351,-1.27983,-9.15429,50.0176
1.59981,-8.58772,39.4914,5.1838,-7.88395,32.25,-5.69311,-2.96915,52.8859,-1.24099,-13.7785,45.445
1.22678,-8.63917,40.4006,5.35222,-8.44817,31.4692,-5.65517,-3.25444,53.7777,-1.32609,-14.5788,44.7443
1.51723,-5.89954,39.6455,4.98763,-6.92777,32.8074,-5.19175,-0.347947,53.2477,-1.6407,-12.8583,46.2185
2.15791,-3.16955,37.8792,4.49349,-4.4661,34.8185,-4.70716,2.44254,51.691,-1.93994,-10.0887,48.3731
2.78643,-0.829871,36.3472,4.05742,-2.23021,36.3019,-4.23418,4.89024,50.4578,-2.24151,-7.51394,50.0582
3.29376,0.96559,35.1377,3.67656,-0.450863,37.3311,-3.83118,6.7934,49.5057,-2.54973,-5.4207,51.2754
3.70155,2.22689,34.113,3.24729,0.653525,38.1577,-3.48167,8.27036,48.7244,-2.90209,-3.96222,52.2495
3.9471,2.98089,33.4873,2.95041,1.52673,38.5403,-3.25898,9.0611,48.2609,-3.19196,-2.91439,52.6922
4.08809,3.28791,33.0192,2.6632,1.85084,38.7807,-3.11204,9.37807,47.839,-3.4682,-2.48671,53.0506
4.12655,3.44494,33.008,2.52643,2.06014,38.7125,-3.0099,9.49544,47.8913,-3.6509,-2.24624,53.0335
4.09548,3.29212,33.0689,2.38769,1.88218,38.5583,-2.98217,9.27572,47.9497,-3.82127,-2.44278,53.0311
4.0245,3.04539,33.2928,2.33026,1.60681,38.3001,-2.98468,8.93784,48.2057,-3.92883,-2.78771,52.9335
3.94991,2.75275,33.5394,2.32102,1.2685,38.0278,-2.99711,8.54822,48.4663,-3.98728,-3.22874,52.7944
3.88288,2.49595,33.8192,2.3117,0.995995,37.7419,-3.01675,8.23844,48.8561,-4.044,-3.57319,52.664
3.81351,2.20947,34.1144,2.32863,0.68498,37.4646,-3.04456,7.90033,49.2649,-4.07386,-3.96606,52.5425
3.75471,1.92449,34.3954,2.3444,0.363167,37.2593,-3.07146,7.57867,49.6684,-4.08805,-4.35877,52.4812
3.69811,1.69399,34.6813,2.43075,0.139406,36.9382,-3.09366,7.32392,50.0647,-4.08792,-4.61344,52.3248
6.01704,-1.98867,26.7735,4.94171,-1.49305,35.95,-4.27649,4.65234,43.0833,-1.59155,-6.88061,54.6315
1.49022,-0.0394722,38.0445,1.92593,-2.99248,45.8775,-5.45603,6.48782,48.0255,-1.14709,-6.71008,53.4408
3.34434,-0.498575,33.1946,3.3632,-2.0952,41.1961,-4.92676,5.99529,45.8225,-1.33237,-6.66207,54.0273
3.56351,-0.41641,32.7523,3.50431,-1.90228,40.7707,-4.93844,6.14089,45.8181,-1.34852,-6.54845,54.0422
3.51462,-0.246849,32.8647,3.50702,-1.78058,40.7271,-4.96739,6.32415,45.9238,-1.35198,-6.43807,54.0119
3.48043,-0.116834,32.9303,3.51798,-1.68173,40.6456,-4.98775,6.4684,46.0022,-1.3596,-6.35215,53.9834
3.45638,-0.0315567,32.9813,3.52939,-1.61768,40.575,-5.00531,6.56965,46.0712,-1.36786,-6.29879,53.9615
3.4348,0.0340131,33.0296,3.53842,-1.56919,40.5127,-5.02109,6.6523,46.1357,-1.37644,-6.25787,53.9404
3.41559,0.087502,33.0759,3.5464,-1.53076,40.4579,-5.03527,6.72324,46.1947,-1.38469,-6.22514,53.9196
3.39843,0.134321,33.1185,3.55335,-1.49745,40.4076,-5.04796,6.78855,46.2495,-1.39264,-6.19569,53.8987
3.38359,0.17595,33.1586,3.56019,-1.46821,40.3629,-5.05896,6.84911,46.301,-1.39957,-6.16907,53.8792
3.37047,0.213442,33.1959,3.56636,-1.44205,40.3216,-5.06868,6.90601,46.3493,-1.40605,-6.14432,53.8601
3.35918,0.247716,33.2309,3.57261,-1.41841,40.2842,-5.07701,6.95966,46.3951,-1.41146,-6.12143,53.8421
3.34938,0.279308,33.2639,3.57886,-1.39682,40.2497,-5.08417,7.01046,46.4385,-1.41596,-6.10011,53.8251
3.34092,0.308764,33.2949,3.58529,-1.37689,40.2181,-5.09027,7.05862,46.4795,-1.41941,-6.0803,53.809
3.33353,0.336301,33.3244,3.59167,-1.3583,40.1887,-5.09543,7.10438,46.5184,-1.42215,-6.06156,53.7938
3.32703,0.362536,33.3524,3.59831,-1.34071,40.1613,-5.09981,7.14798,46.5553,-1.42386,-6.04404,53.7795
3.32128,0.387677,33.3794,3.60517,-1.32389,40.1358,-5.10342,7.18954,46.5902,-1.42466,-6.02745,53.7661
3.31602,0.412298,33.4054,3.61246,-1.30753,40.1121,-5.10651,7.22927,46.6232,-1.42438,-6.01198,53.7536
3.31109,0.436599,33.4308,3.6201,-1.29141,40.09,-5.10909,7.26731,46.6542,-1.42311,-5.99731,53.7418
3.30628,0.460881,33.4559,3.62801,-1.27524,40.0693,-5.11126,7.30385,46.6837,-1.42097,-5.98319,53.7308
3.30146,0.485485,33.481,3.63631,-1.25881,40.0499,-5.11303,7.33903,46.7114,-1.41781,-5.96957,53.7204
3.29626,0.5111,33.5063,3.6451,-1.24175,40.0319,-5.11476,7.37313,46.7373,-1.41356,-5.95654,53.7107
3.29056,0.538025,33.5323,3.65423,-1.22375,40.0153,-5.11637,7.40653,46.7617,-1.40837,-5.94357,53.7015
3.28419,0.56706,33.5592,3.66371,-1.20427,40.0003,-5.11798,7.43996,46.7843,-1.40213,-5.93034,53.6925
3.27711,0.599364,33.5872,3.67337,-1.18242,39.9874,-5.11962,7.47497,46.8052,-1.39495,-5.91593,53.6836
3.26959,0.636894,33.616,3.68263,-1.15659,39.9774,-5.1212,7.51497,46.8248,-1.38718,-5.89825,53.6744
3.26012,0.642541,33.6556,3.69553,-1.14823,39.949,-5.12402,7.52021,46.8546,-1.37826,-5.90073,53.6385
3.23552,0.415482,33.7639,3.73741,-1.27697,39.7809,-5.1367,7.26294,46.9537,-1.36327,-6.0579,53.4445
3.14068,-0.642541,34.1467,3.88892,-1.91662,39.0962,-5.18993,6.0493,47.3252,-1.32611,-6.80328,52.7084
2.97149,-2.02813,34.7294,4.11369,-2.74516,38.0242,-5.27409,4.45123,47.9203,-1.28649,-7.7869,51.6053
2.67521,-3.82575,35.6967,4.39443,-3.89578,36.5181,-5.38976,2.39277,48.934,-1.27963,-9.15318,50.0206
1.60167,-8.58232,39.4858,5.184,-7.8786,32.2513,-5.69245,-2.96001,52.8833,-1.24066,-13.7756,45.4505
1.22899,-8.63364,40.3942,5.35231,-8.44238,31.471,-5.65431,-3.24472,53.7748,-1.3258,-14.5754,44.7505
1.51903,-5.89634,39.6405,4.98745,-6.9239,32.8093,-5.191,-0.341638,53.2454,-1.64058,-12.8559,46.2233
2.15913,-3.16862,37.8761,4.49327,-4.46446,34.8198,-4.70662,2.44526,51.6896,-1.93994,-10.0876,48.3758
2.78701,-0.830378,36.346,4.05719,-2.23036,36.3026,-4.2339,4.89036,50.4574,-2.2416,-7.51382,50.059
3.29375,0.964326,35.1382,3.67633,-0.452269,37.3313,-3.83114,6.79186,49.5061,-2.5499,-5.42134,51.2748
3.70104,2.22528,34.1148,3.24708,0.651305,38.1575,-3.48183,8.26784,48.7253,-2.90229,-3.96341,52.248
3.9462,2.97917,33.4901,2.95024,1.52405,38.5398,-3.25928,9.05805,48.2623,-3.19217,-2.91598,52.69
4.08707,3.28631,33.0223,2.66307,1.84815,38.78,-3.11237,9.3751,47.8405,-3.46838,-2.4884,53.0484
4.12535,3.44341,33.0115,2.52633,2.05743,38.7117,-3.0103,9.49243,47.8929,-3.65105,-2.24808,53.031
4.09432,3.2908,33.0723,2.38762,1.87977,38.5575,-2.98254,9.2731,47.9511,-3.82138,-2.44447,53.0288
4.02344,3.0443,33.2958,2.3302,1.60477,38.2995,-2.985,8.93566,48.207,-3.9289,-2.78919,52.9314
3.94898,2.75191,33.5421,2.32097,1.26686,38.0273,-2.99737,8.54651,48.4674,-3.98732,-3.22993,52.7926
3.882,2.49529,33.8217,2.31166,0.994619,37.7415,-3.01699,8.23702,48.8571,-4.04402,-3.57421,52.6624
3.8127,2.20898,34.1167,2.32859,0.683883,37.4642,-3.04476,7.89922,49.2658,-4.07385,-3.96687,52.541
3.75399,1.92413,34.3975,2.34434,0.362302,37.2591,-3.07164,7.57783,49.6692,-4.08803,-4.3594,52.4799
3.69736,1.69381,34.6834,2.43073,0.138785,36.9379,-3.09382,7.32331,50.0654,-4.08788,-4.61389,52.3235
6.01696,-1.98846,26.7742,4.94179,-1.49308,35.9497,-4.27646,4.65259,43.0839,-1.59149,-6.88023,54.6305
1.49009,-0.0393577,38.0453,1.9261,-2.99242,45.877,-5.45598,6.48803,48.0261,-1.14699,-6.70985,53.4399
3.34425,-0.498413,33.1953,3.36332,-2.09516,41.1958,-4.92672,5.99551,45.823,-1.33229,-6.6618,54.0265
3.5634,-0.416222,32.753,3.50442,-1.90223,40.7704,-4.93841,6.14112,45.8186,-1.34844,-6.54818,54.0415
3.51452,-0.246645,32.8653,3.50712,-1.78051,40.7268,-4.96736,6.3244,45.9243,-1.3519,-6.43781,54.0112
3.48034,-0.116621,32.9309,3.51808,-1.68164,40.6453,-4.98772,6.46865,46.0027,-1.35952,-6.3519,53.9828
3.45628,-0.0313447,32.9818,3.52949,-1.61759,40.5748,-5.00529,6.56989,46.0716,-1.36779,-6.29854,53.9608
3.43471,0.0342192,33.0301,3.53852,-1.56909,40.5124,-5.02106,6.65253,46.1361,-1.37636,-6.25764,53.9398
3.4155,0.0877001,33.0764,3.54649,-1.53066,40.4577,-5.03525,6.72346,46.1951,-1.38462,-6.22492,53.919
3.39834,0.134511,33.119,3.55344,-1.49736,40.4073,-5.04794,6.78875,46.2499,-1.39257,-6.19548,53.8982
3.3835,0.176132,33.1591,3.56027,-1.46812,40.3627,-5.05894,6.8493,46.3014,-1.39951,-6.16887,53.8788
3.37038,0.213618,33.1964,3.56644,-1.44196,40.3214,-5.06866,6.90618,46.3497,-1.40599,-6.14413,53.8596
3.35908,0.247885,33.2314,3.57269,-1.41832,40.284,-5.07699,6.95983,46.3954,-1.4114,-6.12124,53.8417
3.34929,0.279474,33.2643,3.57893,-1.39673,40.2496,-5.08415,7.01061,46.4388,-1.4159,-6.09992,53.8246
3.34083,0.308926,33.2954,3.58536,-1.3768,40.218,-5.09025,7.05877,46.4798,-1.41936,-6.0801,53.8086
3.33343,0.33646,33.3248,3.59173,-1.35821,40.1885,-5.09541,7.10453,46.5186,-1.42209,-6.06136,53.7934
3.32693,0.362694,33.3529,3.59837,-1.34062,40.1612,-5.09979,7.14813,46.5555,-1.4238,-6.04384,53.7791
3.32118,0.387834,33.3798,3.60523,-1.3238,40.1357,-5.1034,7.18969,46.5905,-1.42461,-6.02725,53.7657
3.31591,0.412456,33.4058,3.61251,-1.30743,40.112,-5.1065,7.22942,46.6234,-1.42433,-6.01176,53.7532
3.31098,0.436759,33.4312,3.62014,-1.2913,40.09,-5.10908,7.26747,46.6545,-1.42307,-5.99708,53.7414
3.30617,0.461043,33.4563,3.62804,-1.27513,40.0692,-5.11124,7.30401,46.684,-1.42093,-5.98295,53.7304
3.30134,0.485651,33.4814,3.63633,-1.2587,40.0498,-5.11301,7.33921,46.7116,-1.41778,-5.96931,53.72
3.29614,0.51127,33.5068,3.64512,-1.24165,40.0319,-5.11474,7.37331,46.7375,-1.41353,-5.95627,53.7103
3.29042,0.538199,33.5328,3.65422,-1.22364,40.0153,-5.11636,7.40673,46.7619,-1.40834,-5.94328,53.7011
3.28404,0.56724,33.5597,3.66369,-1.20416,40.0004,-5.11796,7.44017,46.7845,-1.40212,-5.93003,53.6921
3.27694,0.599551,33.5877,3.67333,-1.18231,39.9875,-5.11961,7.4752,46.8054,-1.39494,-5.9156,53.6832
3.26939,0.637089,33.6165,3.68256,-1.15649,39.9776,-5.1212,7.51521,46.825,-1.38718,-5.8979,53.674
3.25989,0.642738,33.6561,3.69544,-1.14813,39.9493,-5.12403,7.52046,46.8546,-1.37827,-5.90037,53.638
3.23524,0.415624,33.7646,3.73729,-1.27694,39.7813,-5.13672,7.26308,46.9537,-1.3633,-6.05756,53.4439
3.14029,-0.642701,34.1477,3.88877,-1.91691,39.0966,-5.19,6.04891,47.3254,-1.32617,-6.80311,52.7076
2.97093,-2.02875,34.7307,4.11352,-2.74594,38.0245,-5.27423,4.45001,47.9206,-1.28658,-7.78703,51.6041
2.67445,-3.82701,35.6986,4.39423,-3.89722,36.5182,-5.39,2.39042,48.9345,-1.27976,-9.15375,50.0189
1.60056,-8.58518,39.489,5.18379,-7.88164,32.2509,-5.69284,-2.96516,52.8845,-1.24088,-13.7771,45.4475
1.2277,-8.63662,40.3978,5.35217,-8.44568,31.4703,-5.65481,-3.25033,53.7761,-1.32599,-14.5772,44.7472
1.518,-5.89807,39.6432,4.98747,-6.92603,32.8086,-5.19142,-0.345482,53.2462,-1.64068,-12.8572,46.2209
2.15844,-3.16914,37.8777,4.49336,-4.46527,34.8193,-4.70691,2.44335,51.6899,-1.93997,-10.0882,48.3746
2.78669,-0.830133,36.3465,4.05732,-2.23014,36.3023,-4.23404,4.8899,50.4572,-2.24156,-7.51391,50.0588
3.29378,0.96496,35.1378,3.67648,-0.45135,37.3312,-3.83114,6.79237,49.5056,-2.54982,-5.42104,51.2754
3.70135,2.22608,34.1136,3.24723,0.652647,38.1576,-3.48171,8.26896,48.7246,-2.90218,-3.96282,52.249
3.94674,2.98002,33.4884,2.95037,1.52562,38.54,-3.25908,9.05953,48.2614,-3.19206,-2.91518,52.6914
4.08768,3.28704,33.0205,2.66318,1.84964,38.7803,-3.11215,9.37657,47.8396,-3.46828,-2.48758,53.0497
4.12606,3.44413,33.0095,2.52641,2.05894,38.7121,-3.01005,9.49399,47.892,-3.65097,-2.24714,53.0325
4.09502,3.29139,33.0703,2.38768,1.88106,38.5579,-2.9823,9.27447,47.9503,-3.82132,-2.44362,53.0301
4.02408,3.04476,33.294,2.33025,1.60583,38.2998,-2.9848,8.93682,48.2063,-3.92886,-2.78844,52.9326
3.94955,2.75222,33.5405,2.32101,1.26767,38.0275,-2.9972,8.54742,48.4669,-3.98729,-3.22933,52.7936
3.88254,2.49553,33.8202,2.31169,0.995307,37.7417,-3.01684,8.2378,48.8566,-4.04401,-3.57368,52.6633
3.8132,2.20915,34.1153,2.32861,0.684424,37.4644,-3.04463,7.89985,49.2654,-4.07386,-3.96644,52.5418
3.75444,1.92424,34.3962,2.34436,0.362715,37.2592,-3.07152,7.57831,49.6688,-4.08804,-4.35906,52.4806
3.6978,1.69384,34.6822,2.43074,0.13908,36.9381,-3.09372,7.32367,50.0651,-4.0879,-4.61364,52.3242
6.017,-1.98858,26.7738,4.94174,-1.49306,35.9499,-4.27648,4.65245,43.0836,-1.59153,-6.88045,54.6311
1.49017,-0.0394193,38.0449,1.926,-2.99245,45.8773,-5.45601,6.48791,48.0257,-1.14705,-6.70998,53.4404
3.3443,-0.498504,33.1949,3.36325,-2.09518,41.196,-4.92674,5.99538,45.8227,-1.33234,-6.66195,54.027
3.56346,-0.416329,32.7526,3.50436,-1.90225,40.7706,-4.93843,6.14098,45.8183,-1.34849,-6.54834,54.0419
3.51458,-0.246762,32.8649,3.50706,-1.78055,40.727,-4.96738,6.32425,45.924,-1.35195,-6.43796,54.0116
3.48039,-0.116744,32.9305,3.51802,-1.68169,40.6455,-4.98774,6.4685,46.0024,-1.35957,-6.35205,53.9832
3.45634,-0.0314681,32.9815,3.52943,-1.61764,40.5749,-5.0053,6.56975,46.0714,-1.36783,-6.29868,53.9612
3.43476,0.034099,33.0298,3.53846,-1.56915,40.5126,-5.02108,6.65239,46.1358,-1.37641,-6.25778,53.9401
3.41555,0.0875845,33.0761,3.54644,-1.53072,40.4578,-5.03526,6.72333,46.1949,-1.38466,-6.22505,53.9194
3.39839,0.1344,33.1187,3.55339,-1.49741,40.4075,-5.04795,6.78863,46.2496,-1.39261,-6.1956,53.8985
3.38356,0.176026,33.1588,3.56022,-1.46817,40.3628,-5.05895,6.84919,46.3012,-1.39955,-6.16898,53.879
3.37043,0.213516,33.1961,3.56639,-1.44201,40.3215,-5.06867,6.90608,46.3495,-1.40603,-6.14424,53.8599
3.35914,0.247787,33.2311,3.57264,-1.41837,40.2841,-5.077,6.95973,46.3952,-1.41144,-6.12135,53.8419
3.34934,0.279377,33.264,3.57889,-1.39678,40.2497,-5.08416,7.01052,46.4386,-1.41594,-6.10003,53.8249
3.34088,0.308832,33.2951,3.58532,-1.37685,40.2181,-5.09026,7.05868,46.4796,-1.41939,-6.08022,53.8088
3.33349,0.336368,33.3246,3.59169,-1.35826,40.1886,-5.09542,7.10445,46.5185,-1.42212,-6.06147,53.7936
3.32699,0.362603,33.3526,3.59833,-1.34067,40.1612,-5.0998,7.14804,46.5554,-1.42384,-6.04395,53.7794
3.32124,0.387743,33.3796,3.6052,-1.32385,40.1358,-5.10341,7.18961,46.5903,-1.42464,-6.02736,53.766
3.31597,0.412365,33.4056,3.61248,-1.30749,40.1121,-5.10651,7.22934,46.6233,-1.42436,-6.01188,53.7534
3.31105,0.436667,33.431,3.62012,-1.29136,40.09,-5.10909,7.26738,46.6543,-1.42309,-5.99721,53.7416
3.30623,0.46095,33.4561,3.62802,-1.27519,40.0692,-5.11125,7.30392,46.6838,-1.42095,-5.98309,53.7307
3.30141,0.485555,33.4812,3.63632,-1.25876,40.0498,-5.11302,7.33911,46.7115,-1.4178,-5.96946,53.7202
3.29621,0.511173,33.5065,3.64511,-1.24171,40.0319,-5.11475,7.37321,46.7374,-1.41355,-5.95642,53.7105
3.29051,0.538099,33.5325,3.65422,-1.2237,40.0153,-5.11636,7.40661,46.7618,-1.40835,-5.94345,53.7013
3.28413,0.567136,33.5594,3.6637,-1.20422,40.0003,-5.11797,7.44005,46.7844,-1.40213,-5.93021,53.6924
3.27704,0.599443,33.5874,3.67336,-1.18237,39.9874,-5.11962,7.47507,46.8053,-1.39495,-5.91579,53.6834
3.2695,0.636976,33.6162,3.6826,-1.15655,39.9775,-5.1212,7.51507,46.8249,-1.38718,-5.8981,53.6742
3.26002,0.642624,33.6558,3.6955,-1.14818,39.9491,-5.12402,7.52032,46.8546,-1.37826,-5.90058,53.6383
3.2354,0.415542,33.7642,3.73736,-1.27695,39.7811,-5.13671,7.263,46.9537,-1.36328,-6.05775,53.4442
3.14051,-0.642601,34.1471,3.88886,-1.91673,39.0964,-5.18996,6.04915,47.3253,-1.32613,-6.8032,52.7081
2.97125,-2.02837,34.7299,4.11362,-2.74548,38.0243,-5.27415,4.45074,47.9204,-1.28653,-7.78694,51.6048
2.6749,-3.82625,35.6974,4.39434,-3.89636,36.5182,-5.38986,2.39181,48.9342,-1.27969,-9.1534,50.0199
1.60121,-8.58345,39.4871,5.18391,-7.87983,32.2512,-5.69261,-2.96211,52.8838,-1.24075,-13.7762,45.4493
1.22847,-8.63483,40.3956,5.35224,-8.44372,31.4708,-5.65451,-3.24703,53.7753,-1.32588,-14.5762,44.7493
1.51863,-5.89704,39.6415,4.98745,-6.92474,32.8091,-5.19116,-0.343264,53.2456,-1.64062,-12.8564,46.2224
2.15887,-3.16884,37.8767,4.4933,-4.46476,34.8196,-4.70673,2.44441,51.6896,-1.93995,-10.0878,48.3754
2.7869,-0.830292,36.3461,4.05725,-2.23024,36.3025,-4.23395,4.8901,50.4572,-2.24159,-7.51386,50.059
3.29378,0.964566,35.138,3.67639,-0.451872,37.3313,-3.83113,6.79201,49.5058,-2.54987,-5.42123,51.2751
3.70118,2.22558,34.1143,3.24714,0.651861,38.1575,-3.48177,8.26824,48.725,-2.90225,-3.96319,52.2484
3.94643,2.97949,33.4894,2.95029,1.52468,38.5399,-3.25919,9.05861,48.2619,-3.19213,-2.91568,52.6906
4.08733,3.28657,33.0216,2.66311,1.84874,38.7801,-3.11228,9.37566,47.8401,-3.46835,-2.4881,53.0489
4.12565,3.44367,33.0107,2.52636,2.05802,38.7119,-3.01019,9.49303,47.8925,-3.65102,-2.24772,53.0317
4.09461,3.291,33.0715,2.38764,1.88027,38.5577,-2.98244,9.27363,47.9508,-3.82136,-2.44415,53.0293
4.0237,3.04445,33.2951,2.33022,1.60517,38.2996,-2.98491,8.93612,48.2067,-3.92889,-2.78891,52.9319
3.94922,2.752,33.5415,2.32098,1.26716,38.0274,-2.9973,8.54687,48.4672,-3.98731,-3.2297,52.793
3.88223,2.49536,33.8211,2.31167,0.994875,37.7416,-3.01693,8.23733,48.8569,-4.04401,-3.574,52.6627
3.81291,2.20903,34.1162,2.32859,0.684083,37.4643,-3.04471,7.89947,49.2657,-4.07386,-3.9667,52.5413
3.75418,1.92416,34.397,2.34434,0.362455,37.2591,-3.07159,7.57803,49.6691,-4.08803,-4.35926,52.4802
3.69754,1.69381,34.6829,2.43073,0.138895,36.938,-3.09378,7.32346,50.0653,-4.08789,-4.61378,52.3237
6.01698,-1.98851,26.774,4.94177,-1.49307,35.9498,-4.27647,4.65253,43.0838,-1.5915,-6.88032,54.6308
1.49012,-0.0393816,38.0451,1.92606,-2.99243,45.8771,-5.45599,6.48798,48.026,-1.14701,-6.7099,53.4401
3.34427,-0.49845,33.1951,3.36329,-2.09517,41.1959,-4.92673,5.99546,45.8229,-1.33231,-6.66186,54.0267
3.56342,-0.416266,32.7528,3.50439,-1.90224,40.7705,-4.93841,6.14106,45.8185,-1.34846,-6.54825,54.0416
3.51454,-0.246693,32.8651,3.5071,-1.78052,40.7269,-4.96737,6.32434,45.9242,-1.35192,-6.43787,54.0114
3.48036,-0.116672,32.9307,3.51806,-1.68166,40.6454,-4.98773,6.46859,46.0025,-1.35954,-6.35196,53.9829
3.4563,-0.0313959,32.9817,3.52946,-1.61761,40.5748,-5.00529,6.56983,46.0715,-1.36781,-6.2986,53.961
3.43473,0.0341692,33.03,3.5385,-1.56911,40.5125,-5.02107,6.65247,46.136,-1.37638,-6.2577,53.9399
3.41552,0.087652,33.0763,3.54647,-1.53069,40.4578,-5.03525,6.7234,46.195,-1.38464,-6.22497,53.9192
3.39836,0.134465,33.1189,3.55342,-1.49738,40.4074,-5.04795,6.7887,46.2498,-1.39259,-6.19553,53.8983
3.38352,0.176088,33.159,3.56025,-1.46814,40.3627,-5.05894,6.84925,46.3013,-1.39952,-6.16891,53.8789
3.3704,0.213575,33.1962,3.56642,-1.44198,40.3215,-5.06867,6.90614,46.3496,-1.40601,-6.14417,53.8598
3.3591,0.247844,33.2313,3.57267,-1.41834,40.284,-5.077,6.95979,46.3954,-1.41142,-6.12129,53.8418
3.34931,0.279434,33.2642,3.57891,-1.39675,40.2496,-5.08415,7.01057,46.4387,-1.41592,-6.09996,53.8247
3.34085,0.308887,33.2953,3.58534,-1.37682,40.218,-5.09026,7.05873,46.4797,-1.41937,-6.08015,53.8087
3.33346,0.336422,33.3247,3.59171,-1.35823,40.1885,-5.09542,7.1045,46.5186,-1.4221,-6.06141,53.7935
3.32695,0.362657,33.3528,3.59835,-1.34064,40.1612,-5.0998,7.14809,46.5555,-1.42382,-6.04389,53.7792
3.32121,0.387797,33.3797,3.60521,-1.32382,40.1357,-5.10341,7.18966,46.5904,-1.42462,-6.02729,53.7658
3.31594,0.412418,33.4057,3.6125,-1.30746,40.1121,-5.1065,7.22939,46.6234,-1.42434,-6.01181,53.7533
3.31101,0.436721,33.4311,3.62013,-1.29133,40.09,-5.10908,7.26743,46.6544,-1.42308,-5.99713,53.7415
3.30619,0.461005,33.4562,3.62803,-1.27516,40.0692,-5.11125,7.30398,46.6839,-1.42094,-5.98301,53.7305
3.30137,0.485611,33.4813,3.63633,-1.25873,40.0498,-5.11302,7.33917,46.7116,-1.41779,-5.96937,53.7201
3.29617,0.51123,33.5067,3.64511,-1.24167,40.0319,-5.11474,7.37327,46.7375,-1.41354,-5.95633,53.7104
3.29046,0.538158,33.5327,3.65422,-1.22366,40.0153,-5.11636,7.40668,46.7619,-1.40835,-5.94335,53.7012
3.28408,0.567197,33.5596,3.66369,-1.20418,40.0004,-5.11797,7.44012,46.7845,-1.40212,-5.9301,53.6922
3.27698,0.599506,33.5876,3.67334,-1.18233,39.9875,-5.11961,7.47515,46.8053,-1.39494,-5.91568,53.6833
3.26944,0.637042,33.6164,3.68258,-1.15651,39.9776,-5.1212,7.51515,46.8249,-1.38718,-5.89798,53.6741
3.25995,0.642691,33.656,3.69547,-1.14815,39.9492,-5.12402,7.5204,46.8546,-1.37827,-5.90045,53.6381
3.23531,0.41559,33.7644,3.73732,-1.27694,39.7812,-5.13672,7.26305,46.9537,-1.36329,-6.05764,53.4441
3.14038,-0.642657,34.1475,3.88881,-1.91683,39.0965,-5.18999,6.04901,47.3253,-1.32615,-6.80314,52.7078
2.97106,-2.02859,34.7304,4.11356,-2.74575,38.0244,-5.27419,4.45032,47.9205,-1.28656,-7.78699,51.6044
2.67464,-3.82669,35.6981,4.39428,-3.89686,36.5182,-5.38994,2.39101,48.9344,-1.27973,-9.1536,50.0193
1.60083,-8.58444,39.4882,5.18384,-7.88088,32.2511,-5.69274,-2.96388,52.8842,-1.24083,-13.7767,45.4483
1.22803,-8.63586,40.3968,5.3522,-8.44485,31.4706,-5.65469,-3.24895,53.7757,-1.32594,-14.5768,44.7481
1.51826,-5.89763,39.6425,4.98746,-6.92548,32.8088,-5.1913,-0.344566,53.2459,-1.64066,-12.8569,46.2216
2.15863,-3.16901,37.8772,4.49333,-4.46505,34.8194,-4.70683,2.44377,51.6897,-1.93996,-10.088,48.3749
2.78678,-0.830204,36.3463,4.05729,-2.23017,36.3024,-4.234,4.88996,50.4572,-2.24158,-7.51389,50.0589
3.29378,0.964789,35.1379,3.67644,-0.451563,37.3312,-3.83113,6.7922,49.5057,-2.54984,-5.42112,51.2753
3.70128,2.22586,34.1139,3.24719,0.652319,38.1576,-3.48174,8.26864,48.7247,-2.90222,-3.96298,52.2488
3.94661,2.97979,33.4888,2.95034,1.52522,38.54,-3.25913,9.05913,48.2616,-3.19209,-2.9154,52.6911
4.08753,3.28683,33.0209,2.66315,1.84925,38.7802,-3.1122,9.37618,47.8398,-3.46831,-2.48781,53.0494
4.12589,3.44392,33.01,2.52639,2.05855,38.712,-3.0101,9.49358,47.8922,-3.65099,-2.2474,53.0322
4.09485,3.29121,33.0708,2.38766,1.88072,38.5578,-2.98236,9.27411,47.9505,-3.82134,-2.44385,53.0298
4.02392,3.04462,33.2945,2.33023,1.60554,38.2997,-2.98484,8.93652,48.2065,-3.92887,-2.78865,52.9323
3.94941,2.75212,33.5409,2.321,1.26744,38.0275,-2.99724,8.54718,48.467,-3.9873,-3.2295,52.7934
3.88241,2.49545,33.8206,2.31168,0.995118,37.7416,-3.01687,8.2376,48.8568,-4.04401,-3.57382,52.663
3.81308,2.20909,34.1157,2.3286,0.684274,37.4644,-3.04466,7.89969,49.2655,-4.07386,-3.96655,52.5416
3.75433,1.9242,34.3966,2.34435,0.362601,37.2592,-3.07155,7.57819,49.6689,-4.08803,-4.35915,52.4804
3.69769,1.69383,34.6825,2.43073,0.138999,36.938,-3.09375,7.32358,50.0652,-4.08789,-4.61369,52.324
6.01699,-1.98855,26.7739,4.94175,-1.49306,35.9498,-4.27647,4.65249,43.0837,-1.59152,-6.88039,54.631
1.49015,-0.039403,38.045,1.92602,-2.99244,45.8772,-5.456,6.48794,48.0258,-1.14704,-6.70995,53.4403
3.34429,-0.498481,33.195,3.36326,-2.09518,41.1959,-4.92674,5.99541,45.8228,-1.33233,-6.66191,54.0268
3.56345,-0.416302,32.7527,3.50437,-1.90224,40.7705,-4.93842,6.14102,45.8184,-1.34848,-6.5483,54.0418
3.51456,-0.246733,32.865,3.50708,-1.78054,40.7269,-4.96737,6.32429,45.9241,-1.35193,-6.43792,54.0115
3.48038,-0.116714,32.9306,3.51804,-1.68168,40.6454,-4.98773,6.46854,46.0025,-1.35956,-6.35201,53.9831
3.45632,-0.031438,32.9816,3.52944,-1.61763,40.5749,-5.0053,6.56978,46.0714,-1.36782,-6.29865,53.9611
3.43475,0.0341282,33.0299,3.53848,-1.56913,40.5125,-5.02108,6.65242,46.1359,-1.3764,-6.25774,53.94
3.41554,0.0876126,33.0762,3.54645,-1.5307,40.4578,-5.03526,6.72336,46.1949,-1.38465,-6.22502,53.9193
3.39838,0.134427,33.1188,3.5534,-1.49739,40.4075,-5.04795,6.78866,46.2497,-1.3926,-6.19557,53.8984
3.38354,0.176052,33.1589,3.56024,-1.46815,40.3628,-5.05895,6.84922,46.3012,-1.39954,-6.16895,53.879
3.37042,0.21354,33.1962,3.5664,-1.442,40.3215,-5.06867,6.9061,46.3495,-1.40602,-6.14421,53.8599
3.35912,0.247811,33.2312,3.57266,-1.41836,40.284,-5.077,6.95976,46.3953,-1.41143,-6.12132,53.8419
3.34933,0.279401,33.2641,3.5789,-1.39677,40.2496,-5.08416,7.01054,46.4386,-1.41593,-6.1,53.8248
3.34087,0.308855,33.2952,3.58533,-1.37684,40.218,-5.09026,7.0587,46.4796,-1.41938,-6.08019,53.8088
3.33348,0.336391,33.3246,3.5917,-1.35825,40.1886,-5.09542,7.10447,46.5185,-1.42211,-6.06145,53.7936
3.32697,0.362625,33.3527,3.59834,-1.34066,40.1612,-5.0998,7.14806,46.5554,-1.42383,-6.04393,53.7793
3.32123,0.387766,33.3796,3.6052,-1.32384,40.1357,-5.10341,7.18963,46.5904,-1.42463,-6.02733,53.7659
3.31596,0.412387,33.4056,3.61249,-1.30748,40.1121,-5.1065,7.22936,46.6233,-1.42435,-6.01185,53.7534
3.31103,0.43669,33.431,3.62012,-1.29135,40.09,-5.10908,7.2674,46.6544,-1.42309,-5.99718,53.7416
3.30622,0.460973,33.4562,3.62802,-1.27518,40.0692,-5.11125,7.30394,46.6839,-1.42094,-5.98306,53.7306
3.30139,0.485579,33.4812,3.63632,-1.25875,40.0498,-5.11302,7.33913,46.7115,-1.41779,-5.96942,53.7202
3.29619,0.511197,33.5066,3.64511,-1.24169,40.0319,-5.11475,7.37324,46.7374,-1.41355,-5.95639,53.7104
3.29049,0.538124,33.5326,3.65422,-1.22368,40.0153,-5.11636,7.40664,46.7618,-1.40835,-5.9434,53.7012
3.28411,0.567161,33.5595,3.6637,-1.2042,40.0003,-5.11797,7.44008,46.7844,-1.40212,-5.93016,53.6923
3.27701,0.59947,33.5875,3.67335,-1.18235,39.9875,-5.11961,7.47511,46.8053,-1.39494,-5.91575,53.6834
3.26948,0.637004,33.6163,3.68259,-1.15653,39.9776,-5.1212,7.51511,46.8249,-1.38718,-5.89805,53.6742
3.25999,0.642652,33.6559,3.69548,-1.14817,39.9491,-5.12402,7.52035,46.8546,-1.37827,-5.90052,53.6382
3.23536,0.415562,33.7643,3.73734,-1.27695,39.7811,-5.13671,7.26302,46.9537,-1.36328,-6.0577,53.4442
3.14046,-0.642624,34.1473,3.88883,-1.91677,39.0964,-5.18997,6.04909,47.3253,-1.32614,-6.80317,52.708
2.97117,-2.02846,34.7301,4.11359,-2.74559,38.0243,-5.27417,4.45056,47.9205,-1.28654,-7.78696,51.6047
2.67479,-3.82643,35.6977,4.39432,-3.89657,36.5182,-5.38989,2.39148,48.9343,-1.2797,-9.15348,50.0197
1.60105,-8.58386,39.4875,5.18388,-7.88026,32.2512,-5.69267,-2.96284,52.8839,-1.24078,-13.7764,45.4489
1.22828,-8.63525,40.3961,5.35222,-8.44418,31.4707,-5.65459,-3.24783,53.7754,-1.32591,-14.5764,44.7488
1.51848,-5.89728,39.6419,4.98745,-6.92504,32.809,-5.19122,-0.343808,53.2457,-1.64064,-12.8566,46.2221
2.15877,-3.16891,37.8769,4.49331,-4.46488,34.8195,-4.70677,2.44414,51.6897,-1.93996,-10.0879,48.3752
2.78685,-0.830257,36.3462,4.05726,-2.23021,36.3024,-4.23397,4.89004,50.4572,-2.24158,-7.51387,50.059
3.29378,0.964656,35.138,3.67641,-0.451742,37.3313,-3.83113,6.79208,49.5058,-2.54986,-5.42119,51.2752
3.70122,2.22569,34.1141,3.24717,0.652051,38.1575,-3.48176,8.2684,48.7249,-2.90224,-3.96311,52.2486
3.94651,2.97961,33.4892,2.95031,1.52491,38.5399,-3.25916,9.05882,48.2618,-3.19211,-2.91557,52.6908
4.08741,3.28668,33.0213,2.66313,1.84895,38.7802,-3.11224,9.37587,47.84,-3.46833,-2.48798,53.0491
4.12575,3.44377,33.0104,2.52637,2.05824,38.7119,-3.01015,9.49325,47.8924,-3.65101,-2.24759,53.0319
4.09471,3.29109,33.0712,2.38765,1.88045,38.5577,-2.9824,9.27382,47.9507,-3.82135,-2.44403,53.0295
4.02379,3.04452,33.2948,2.33022,1.60532,38.2996,-2.98488,8.93628,48.2067,-3.92888,-2.7888,52.9321
3.9493,2.75205,33.5412,2.32099,1.26727,38.0274,-2.99728,8.547,48.4671,-3.98731,-3.22962,52.7932
3.8823,2.49539,33.8209,2.31167,0.994973,37.7416,-3.0169,8.23744,48.8569,-4.04401,-3.57393,52.6629
3.81298,2.20905,34.116,2.3286,0.68416,37.4643,-3.04469,7.89956,49.2656,-4.07386,-3.96664,52.5415
3.75424,1.92417,34.3968,2.34434,0.362513,37.2592,-3.07157,7.5781,49.669,-4.08803,-4.35921,52.4803
3.6976,1.69382,34.6827,2.43073,0.138937,36.938,-3.09377,7.32351,50.0652,-4.08789,-4.61374,52.3238
6.01698,-1.98852,26.774,4.94176,-1.49307,35.9498,-4.27647,4.65251,43.0837,-1.59151,-6.88035,54.6308
1.49013,-0.0393903,38.0451,1.92604,-2.99244,45.8772,-5.456,6.48796,48.0259,-1.14702,-6.70992,53.4402
3.34428,-0.498463,33.1951,3.36328,-2.09517,41.1959,-4.92674,5.99544,45.8229,-1.33232,-6.66188,54.0267
3.56343,-0.416281,32.7528,3.50438,-1.90224,40.7705,-4.93842,6.14105,45.8184,-1.34847,-6.54827,54.0417
3.51455,-0.24671,32.8651,3.50709,-1.78053,40.7269,-4.96737,6.32432,45.9242,-1.35192,-6.43789,54.0115
3.48037,-0.116689,32.9307,3.51805,-1.68167,40.6454,-4.98773,6.46857,46.0025,-1.35955,-6.35198,53.983
3.45631,-0.0314134,32.9817,3.52945,-1.61762,40.5749,-5.0053,6.56981,46.0715,-1.36781,-6.29862,53.961
3.43474,0.0341522,33.0299,3.53849,-1.56912,40.5125,-5.02107,6.65245,46.1359,-1.37639,-6.25772,53.94
3.41553,0.0876356,33.0762,3.54646,-1.53069,40.4578,-5.03525,6.72339,46.195,-1.38464,-6.22499,53.9192
3.39837,0.134449,33.1189,3.55341,-1.49738,40.4074,-5.04795,6.78868,46.2497,-1.39259,-6.19554,53.8983
3.38353,0.176073,33.159,3.56025,-1.46814,40.3627,-5.05894,6.84924,46.3013,-1.39953,-6.16893,53.8789
3.37041,0.213561,33.1962,3.56641,-1.44199,40.3215,-5.06867,6.90612,46.3496,-1.40601,-6.14419,53.8598
3.35911,0.24783,33.2312,3.57266,-1.41835,40.284,-5.077,6.95977,46.3953,-1.41142,-6.1213,53.8418
3.34932,0.27942,33.2641,3.57891,-1.39675,40.2496,-5.08416,7.01056,46.4387,-1.41592,-6.09998,53.8248
3.34086,0.308874,33.2952,3.58533,-1.37683,40.218,-5.09026,7.05872,46.4797,-1.41938,-6.08017,53.8087
3.33346,0.336409,33.3247,3.59171,-1.35824,40.1886,-5.09542,7.10449,46.5186,-1.42211,-6.06142,53.7935
3.32696,0.362644,33.3527,3.59835,-1.34065,40.1612,-5.0998,7.14808,46.5555,-1.42382,-6.0439,53.7793
3.32121,0.387784,33.3797,3.60521,-1.32383,40.1357,-5.10341,7.18964,46.5904,-1.42463,-6.02731,53.7659
3.31595,0.412405,33.4057,3.61249,-1.30746,40.1121,-5.1065,7.22938,46.6233,-1.42435,-6.01183,53.7533
3.31102,0.436708,33.4311,3.62013,-1.29133,40.09,-5.10908,7.26742,46.6544,-1.42308,-5.99715,53.7415
3.3062,0.460992,33.4562,3.62803,-1.27517,40.0692,-5.11125,7.30396,46.6839,-1.42094,-5.98303,53.7306
3.30138,0.485598,33.4813,3.63632,-1.25874,40.0498,-5.11302,7.33915,46.7115,-1.41779,-5.96939,53.7201
3.29618,0.511216,33.5066,3.64511,-1.24168,40.0319,-5.11475,7.37326,46.7375,-1.41354,-5.95636,53.7104
3.29047,0.538144,33.5326,3.65422,-1.22367,40.0153,-5.11636,7.40667,46.7618,-1.40835,-5.94337,53.7012
3.28409,0.567182,33.5595,3.66369,-1.20419,40.0004,-5.11797,7.44011,46.7845,-1.40212,-5.93013,53.6922
3.27699,0.599491,33.5875,3.67335,-1.18234,39.9875,-5.11961,7.47513,46.8053,-1.39494,-5.91571,53.6833
3.26945,0.637026,33.6163,3.68258,-1.15652,39.9776,-5.1212,7.51514,46.8249,-1.38718,-5.89801,53.6741
3.25997,0.642674,33.656,3.69547,-1.14816,39.9492,-5.12402,7.52038,46.8546,-1.37827,-5.90048,53.6382
3.23533,0.415578,33.7643,3.73733,-1.27694,39.7811,-5.13671,7.26304,46.9537,-1.36329,-6.05766,53.4441
3.14041,-0.642643,34.1474,3.88882,-1.91681,39.0965,-5.18998,6.04904,47.3253,-1.32615,-6.80315,52.7079
2.97111,-2.02853,34.7303,4.11357,-2.74568,38.0244,-5.27418,4.45042,47.9205,-1.28655,-7.78698,51.6045
2.6747,-3.82658,35.698,4.39429,-3.89674,36.5182,-5.38992,2.3912,48.9343,-1.27972,-9.15355,50.0195
1.60092,-8.5842,39.4879,5.18385,-7.88062,32.2511,-5.69271,-2.96345,52.8841,-1.24081,-13.7766,45.4485
1.22813,-8.6356,40.3965,5.35221,-8.44457,31.4706,-5.65464,-3.24848,53.7756,-1.32593,-14.5766,44.7484
1.51835,-5.89748,39.6422,4.98745,-6.9253,32.8089,-5.19127,-0.344252,53.2458,-1.64065,-12.8568,46.2218
2.15869,-3.16897,37.8771,4.49333,-4.46497,34.8195,-4.7068,2.44392,51.6897,-1.93996,-10.088,48.375
2.78681,-0.830227,36.3463,4.05728,-2.23019,36.3024,-4.23398,4.88999,50.4572,-2.24158,-7.51388,50.0589
3.29378,0.964733,35.1379,3.67643,-0.451637,37.3313,-3.83113,6.79215,49.5057,-2.54985,-5.42115,51.2752
3.70126,2.22579,34.114,3.24718,0.652207,38.1576,-3.48174,8.26854,48.7248,-2.90222,-3.96304,52.2487
3.94657,2.97971,33.489,2.95033,1.52509,38.54,-3.25914,9.059,48.2617,-3.1921,-2.91547,52.691
4.08748,3.28677,33.0211,2.66314,1.84912,38.7802,-3.11222,9.37605,47.8399,-3.46832,-2.48788,53.0493
4.12583,3.44386,33.0102,2.52638,2.05842,38.7119,-3.01012,9.49344,47.8922,-3.651,-2.24748,53.032
4.09479,3.29116,33.071,2.38766,1.8806,38.5578,-2.98238,9.27399,47.9506,-3.82134,-2.44393,53.0297
4.02387,3.04457,33.2946,2.33023,1.60545,38.2997,-2.98486,8.93642,48.2066,-3.92888,-2.78871,52.9322
3.94937,2.75209,33.5411,2.32099,1.26737,38.0275,-2.99726,8.54711,48.467,-3.9873,-3.22955,52.7933
3.88236,2.49543,33.8207,2.31167,0.995056,37.7416,-3.01689,8.23754,48.8568,-4.04401,-3.57386,52.663
3.81304,2.20908,34.1158,2.3286,0.684226,37.4644,-3.04467,7.89964,49.2656,-4.07386,-3.96658,52.5415
3.75429,1.92419,34.3967,2.34435,0.362564,37.2592,-3.07156,7.57815,49.669,-4.08803,-4.35917,52.4804
3.69765,1.69382,34.6826,2.43073,0.138972,36.938,-3.09375,7.32355,50.0652,-4.08789,-4.61371,52.3239
6.01699,-1.98854,26.7739,4.94176,-1.49306,35.9498,-4.27647,4.6525,43.0837,-1.59151,-6.88038,54.6309
1.49014,-0.0393977,38.045,1.92603,-2.99244,45.8772,-5.456,6.48795,48.0259,-1.14703,-6.70994,53.4402
3.34428,-0.498473,33.195,3.36327,-2.09517,41.1959,-4.92674,5.99543,45.8228,-1.33232,-6.6619,54.0268
3.56344,-0.416293,32.7527,3.50438,-1.90224,40.7705,-4.93842,6.14103,45.8184,-1.34847,-6.54829,54.0418
3.51456,-0.246724,32.865,3.50708,-1.78053,40.7269,-4.96737,6.3243,45.9241,-1.35193,-6.43791,54.0115
3.48038,-0.116704,32.9306,3.51804,-1.68167,40.6454,-4.98773,6.46855,46.0025,-1.35955,-6.352,53.983
3.45632,-0.0314278,32.9816,3.52945,-1.61762,40.5749,-5.0053,6.56979,46.0714,-1.36782,-6.29864,53.9611
3.43474,0.0341382,33.0299,3.53848,-1.56913,40.5125,-5.02107,6.65243,46.1359,-1.37639,-6.25773,53.94
3.41553,0.0876221,33.0762,3.54645,-1.5307,40.4578,-5.03526,6.72337,46.1949,-1.38465,-6.22501,53.9193
3.39838,0.134436,33.1188,3.55341,-1.49739,40.4074,-5.04795,6.78867,46.2497,-1.3926,-6.19556,53.8984
3.38354,0.176061,33.1589,3.56024,-1.46815,40.3627,-5.05895,6.84922,46.3012,-1.39953,-6.16894,53.8789
3.37042,0.213549,33.1962,3.56641,-1.442,40.3215,-5.06867,6.90611,46.3495,-1.40602,-6.1442,53.8598
3.35912,0.247819,33.2312,3.57266,-1.41836,40.284,-5.077,6.95976,46.3953,-1.41143,-6.12131,53.8418
3.34933,0.279409,33.2641,3.5789,-1.39676,40.2496,-5.08416,7.01055,46.4386,-1.41593,-6.09999,53.8248
3.34087,0.308863,33.2952,3.58533,-1.37683,40.218,-5.09026,7.05871,46.4796,-1.41938,-6.08018,53.8088
3.33347,0.336398,33.3246,3.59171,-1.35824,40.1886,-5.09542,7.10448,46.5185,-1.42211,-6.06144,53.7935
3.32697,0.362633,33.3527,3.59835,-1.34065,40.1612,-5.0998,7.14807,46.5554,-1.42383,-6.04392,53.7793
3.32122,0.387773,33.3796,3.60521,-1.32383,40.1357,-5.10341,7.18963,46.5904,-1.42463,-6.02732,53.7659
3.31595,0.412395,33.4057,3.61249,-1.30747,40.1121,-5.1065,7.22937,46.6233,-1.42435,-6.01184,53.7534
3.31103,0.436697,33.4311,3.62012,-1.29134,40.09,-5.10908,7.26741,46.6544,-1.42308,-5.99717,53.7416
3.30621,0.460981,33.4562,3.62803,-1.27517,40.0692,-5.11125,7.30395,46.6839,-1.42094,-5.98304,53.7306
3.30139,0.485587,33.4812,3.63632,-1.25874,40.0498,-5.11302,7.33914,46.7115,-1.41779,-5.96941,53.7202
3.29619,0.511205,33.5066,3.64511,-1.24169,40.0319,-5.11475,7.37325,46.7374,-1.41355,-5.95637,53.7104
3.29048,0.538132,33.5326,3.65422,-1.22368,40.0153,-5.11636,7.40665,46.7618,-1.40835,-5.94339,53.7012
3.2841,0.56717,33.5595,3.6637,-1.2042,40.0004,-5.11797,7.44009,46.7844,-1.40212,-5.93015,53.6923
3.277,0.599478,33.5875,3.67335,-1.18235,39.9875,-5.11961,7.47512,46.8053,-1.39494,-5.91573,53.6833
3.26947,0.637013,33.6163,3.68259,-1.15653,39.9776,-5.1212,7.51512,46.8249,-1.38718,-5.89803,53.6742
3.25998,0.642661,33.6559,3.69548,-1.14817,39.9491,-5.12402,7.52036,46.8546,-1.37827,-5.90051,53.6382
3.23535,0.415569,33.7643,3.73733,-1.27695,39.7811,-5.13671,7.26303,46.9537,-1.36329,-6.05769,53.4441
3.14044,-0.642632,34.1473,3.88883,-1.91679,39.0964,-5.18997,6.04907,47.3253,-1.32614,-6.80317,52.7079
2.97115,-2.02849,34.7302,4.11358,-2.74563,38.0244,-5.27417,4.4505,47.9205,-1.28655,-7.78697,51.6046
2.67475,-3.82649,35.6978,4.39431,-3.89664,36.5182,-5.38991,2.39136,48.9343,-1.27971,-9.15351,50.0196
1.601,-8.584,39.4877,5.18387,-7.88041,32.2511,-5.69268,-2.96309,52.884,-1.2408,-13.7765,45.4487
1.22822,-8.6354,40.3963,5.35222,-8.44434,31.4707,-5.65461,-3.2481,53.7755,-1.32592,-14.5765,44.7486
1.51843,-5.89737,39.642,4.98745,-6.92515,32.8089,-5.19124,-0.343993,53.2458,-1.64064,-12.8567,46.222
2.15874,-3.16894,37.877,4.49332,-4.46492,34.8195,-4.70678,2.44405,51.6897,-1.93996,-10.0879,48.3751
2.78684,-0.830245,36.3462,4.05727,-2.2302,36.3024,-4.23397,4.89002,50.4572,-2.24158,-7.51388,50.059
3.29378,0.964688,35.1379,3.67642,-0.451698,37.3313,-3.83113,6.79211,49.5057,-2.54985,-5.42117,51.2752
3.70124,2.22573,34.1141,3.24717,0.652116,38.1576,-3.48175,8.26846,48.7248,-2.90223,-3.96308,52.2486
3.94653,2.97965,33.4891,2.95032,1.52498,38.5399,-3.25916,9.05889,48.2617,-3.19211,-2.91553,52.6909
4.08744,3.28671,33.0212,2.66313,1.84902,38.7802,-3.11223,9.37595,47.84,-3.46833,-2.48794,53.0492
4.12578,3.44381,33.0103,2.52637,2.05831,38.7119,-3.01014,9.49333,47.8923,-3.65101,-2.24754,53.0319
4.09474,3.29112,33.0711,2.38765,1.88051,38.5578,-2.98239,9.27389,47.9506,-3.82134,-2.44399,53.0296
4.02382,3.04454,33.2947,2.33022,1.60537,38.2997,-2.98487,8.93634,48.2066,-3.92888,-2.78876,52.9321
3.94933,2.75207,33.5412,2.32099,1.26731,38.0274,-2.99727,8.54704,48.4671,-3.9873,-3.22959,52.7932
3.88233,2.49541,33.8208,2.31167,0.995007,37.7416,-3.0169,8.23748,48.8568,-4.04401,-3.5739,52.6629
3.813,2.20906,34.1159,2.3286,0.684187,37.4644,-3.04468,7.89959,49.2656,-4.07386,-3.96662,52.5415
3.75426,1.92418,34.3967,2.34435,0.362534,37.2592,-3.07157,7.57812,49.669,-4.08803,-4.3592,52.4803
3.69762,1.69382,34.6827,2.43073,0.138951,36.938,-3.09376,7.32353,50.0652,-4.08789,-4.61373,52.3239
6.01698,-1.98853,26.7739,4.94176,-1.49307,35.9498,-4.27647,4.65251,43.0837,-1.59151,-6.88036,54.6309
1.49013,-0.0393934,38.0451,1.92604,-2.99244,45.8772,-5.456,6.48796,48.0259,-1.14703,-6.70993,53.4402
3.34428,-0.498467,33.1951,3.36327,-2.09517,41.1959,-4.92674,5.99543,45.8228,-1.33232,-6.66189,54.0268
3.56344,-0.416286,32.7527,3.50438,-1.90224,40.7705,-4.93842,6.14104,45.8184,-1.34847,-6.54827,54.0417
3.51455,-0.246716,32.8651,3.50709,-1.78053,40.7269,-4.96737,6.32431,45.9241,-1.35193,-6.4379,54.0115
3.48037,-0.116695,32.9307,3.51805,-1.68167,40.6454,-4.98773,6.46856,46.0025,-1.35955,-6.35199,53.983
3.45632,-0.0314194,32.9816,3.52945,-1.61762,40.5749,-5.0053,6.5698,46.0715,-1.36782,-6.29863,53.9611
3.43474,0.0341464,33.0299,3.53849,-1.56912,40.5125,-5.02107,6.65244,46.1359,-1.37639,-6.25772,53.94
3.41553,0.08763,33.0762,3.54646,-1.5307,40.4578,-5.03525,6.72338,46.1949,-1.38464,-6.225,53.9192
3.39837,0.134444,33.1188,3.55341,-1.49739,40.4074,-5.04795,6.78868,46.2497,-1.39259,-6.19555,53.8983
3.38353,0.176068,33.1589,3.56024,-1.46815,40.3627,-5.05895,6.84923,46.3013,-1.39953,-6.16894,53.8789
3.37041,0.213556,33.1962,3.56641,-1.44199,40.3215,-5.06867,6.90612,46.3496,-1.40601,-6.1442,53.8598
3.35911,0.247826,33.2312,3.57266,-1.41835,40.284,-5.077,6.95977,46.3953,-1.41142,-6.12131,53.8418
3.34932,0.279415,33.2641,3.5789,-1.39676,40.2496,-5.08416,7.01056,46.4386,-1.41592,-6.09999,53.8248
3.34086,0.308869,33.2952,3.58533,-1.37683,40.218,-5.09026,7.05872,46.4796,-1.41938,-6.08017,53.8087
3.33347,0.336404,33.3247,3.59171,-1.35824,40.1886,-5.09542,7.10448,46.5185,-1.42211,-6.06143,53.7935
3.32696,0.362639,33.3527,3.59835,-1.34065,40.1612,-5.0998,7.14807,46.5554,-1.42382,-6.04391,53.7793
3.32122,0.387779,33.3796,3.60521,-1.32383,40.1357,-5.10341,7.18964,46.5904,-1.42463,-6.02732,53.7659
3.31595,0.412401,33.4057,3.61249,-1.30747,40.1121,-5.1065,7.22937,46.6233,-1.42435,-6.01183,53.7533
3.31102,0.436704,33.4311,3.62013,-1.29134,40.09,-5.10908,7.26741,46.6544,-1.42308,-5.99716,53.7415
3.30621,0.460987,33.4562,3.62803,-1.27517,40.0692,-5.11125,7.30396,46.6839,-1.42094,-5.98304,53.7306
3.30138,0.485593,33.4813,3.63632,-1.25874,40.0498,-5.11302,7.33915,46.7115,-1.41779,-5.9694,53.7201
3.29618,0.511211,33.5066,3.64511,-1.24168,40.0319,-5.11475,7.37325,46.7374,-1.41354,-5.95636,53.7104
3.29047,0.538139,33.5326,3.65422,-1.22368,40.0153,-5.11636,7.40666,46.7618,-1.40835,-5.94338,53.7012
3.2841,0.567177,33.5595,3.6637,-1.20419,40.0004,-5.11797,7.4401,46.7845,-1.40212,-5.93014,53.6923
3.277,0.599486,33.5875,3.67335,-1.18234,39.9875,-5.11961,7.47512,46.8053,-1.39494,-5.91572,53.6833
3.26946,0.637021,33.6163,3.68259,-1.15652,39.9776,-5.1212,7.51513,46.8249,-1.38718,-5.89802,53.6741
3.25997,0.642669,33.6559,3.69548,-1.14816,39.9492,-5.12402,7.52037,46.8546,-1.37827,-5.90049,53.6382
3.23534,0.415574,33.7643,3.73733,-1.27695,39.7811,-5.13671,7.26303,46.9537,-1.36329,-6.05767,53.4441
3.14042,-0.642638,34.1474,3.88882,-1.9168,39.0965,-5.18998,6.04905,47.3253,-1.32615,-6.80316,52.7079
2.97113,-2.02851,34.7303,4.11358,-2.74566,38.0244,-5.27418,4.45046,47.9205,-1.28655,-7.78697,51.6046
2.67472,-3.82654,35.6979,4.3943,-3.8967,36.5182,-5.38991,2.39127,48.9343,-1.27971,-9.15353,50.0195
1.60096,-8.58411,39.4878,5.18386,-7.88053,32.2511,-5.6927,-2.9633,52.884,-1.2408,-13.7765,45.4486
1.22817,-8.63552,40.3964,5.35221,-8.44448,31.4706,-5.65463,-3.24832,53.7756,-1.32592,-14.5766,44.7485
1.51839,-5.89744,39.6422,4.98745,-6.92524,32.8089,-5.19126,-0.344144,53.2458,-1.64065,-12.8567,46.2219
2.15871,-3.16896,37.877,4.49332,-4.46495,34.8195,-4.70679,2.44398,51.6897,-1.93996,-10.088,48.3751
2.78682,-0.830234,36.3462,4.05727,-2.23019,36.3024,-4.23398,4.89,50.4572,-2.24158,-7.51388,50.059
3.29378,0.964714,35.1379,3.67643,-0.451662,37.3313,-3.83113,6.79213,49.5057,-2.54985,-5.42116,51.2752
3.70125,2.22577,34.114,3.24718,0.652169,38.1576,-3.48175,8.2685,48.7248,-2.90223,-3.96305,52.2487
3.94655,2.97969,33.489,2.95032,1.52504,38.5399,-3.25915,9.05895,48.2617,-3.1921,-2.91549,52.6909
4.08747,3.28675,33.0211,2.66314,1.84908,38.7802,-3.11223,9.376,47.8399,-3.46832,-2.48791,53.0493
4.12581,3.44384,33.0102,2.52638,2.05837,38.7119,-3.01013,9.4934,47.8923,-3.651,-2.24751,53.032
4.09477,3.29114,33.071,2.38766,1.88057,38.5578,-2.98238,9.27395,47.9506,-3.82134,-2.44396,53.0296
4.02385,3.04456,33.2947,2.33023,1.60542,38.2997,-2.98487,8.93639,48.2066,-3.92888,-2.78873,52.9322
3.94935,2.75208,33.5411,2.32099,1.26735,38.0275,-2.99726,8.54708,48.4671,-3.9873,-3.22957,52.7933
3.88235,2.49542,33.8208,2.31167,0.995036,37.7416,-3.01689,8.23751,48.8568,-4.04401,-3.57388,52.6629
3.81302,2.20907,34.1158,2.3286,0.684209,37.4644,-3.04468,7.89962,49.2656,-4.07386,-3.9666,52.5415
3.75428,1.92419,34.3967,2.34435,0.362551,37.2592,-3.07156,7.57814,49.669,-4.08803,-4.35918,52.4804
3.69764,1.69382,34.6826,2.43073,0.138964,36.938,-3.09376,7.32354,50.0652,-4.08789,-4.61372,52.3239
6.01699,-1.98853,26.7739,4.94176,-1.49306,35.9498,-4.27647,4.6525,43.0837,-1.59151,-6.88037,54.6309
1.49014,-0.0393959,38.045,1.92603,-2.99244,45.8772,-5.456,6.48795,48.0259,-1.14703,-6.70993,53.4402
3.34428,-0.498471,33.195,3.36327,-2.09517,41.1959,-4.92674,5.99543,45.8228,-1.33232,-6.6619,54.0268
3.56344,-0.41629,32.7527,3.50438,-1.90224,40.7705,-4.93842,6.14103,45.8184,-1.34847,-6.54828,54.0418
3.51456,-0.24672,32.865,3.50708,-1.78053,40.7269,-4.96737,6.3243,45.9241,-1.35193,-6.43791,54.0115
3.48037,-0.1167,32.9307,3.51804,-1.68167,40.6454,-4.98773,6.46855,46.0025,-1.35955,-6.35199,53.983
3.45632,-0.0314243,32.9816,3.52945,-1.61762,40.5749,-5.0053,6.5698,46.0714,-1.36782,-6.29863,53.9611
3.43474,0.0341416,33.0299,3.53848,-1.56913,40.5125,-5.02107,6.65244,46.1359,-1.37639,-6.25773,53.94
3.41553,0.0876254,33.0762,3.54645,-1.5307,40.4578,-5.03525,6.72338,46.1949,-1.38465,-6.225,53.9193
3.39837,0.134439,33.1188,3.55341,-1.49739,40.4074,-5.04795,6.78867,46.2497,-1.3926,-6.19555,53.8984
3.38354,0.176064,33.1589,3.56024,-1.46815,40.3627,-5.05895,6.84923,46.3012,-1.39953,-6.16894,53.8789
3.37041,0.213552,33.1962,3.56641,-1.442,40.3215,-5.06867,6.90611,46.3495,-1.40602,-6.1442,53.8598
3.35912,0.247822,33.2312,3.57266,-1.41836,40.284,-5.077,6.95977,46.3953,-1.41143,-6.12131,53.8418
3.34933,0.279412,33.2641,3.5789,-1.39676,40.2496,-5.08416,7.01055,46.4386,-1.41593,-6.09999,53.8248
3.34086,0.308866,33.2952,3.58533,-1.37683,40.218,-5.09026,7.05871,46.4796,-1.41938,-6.08018,53.8087
3.33347,0.336401,33.3247,3.59171,-1.35824,40.1886,-5.09542,7.10448,46.5185,-1.42211,-6.06143,53.7935
3.32697,0.362636,33.3527,3.59835,-1.34065,40.1612,-5.0998,7.14807,46.5554,-1.42382,-6.04391,53.7793
3.32122,0.387776,33.3796,3.60521,-1.32383,40.1357,-5.10341,7.18964,46.5904,-1.42463,-6.02732,53.7659
3.31595,0.412397,33.4057,3.61249,-1.30747,40.1121,-5.1065,7.22937,46.6233,-1.42435,-6.01184,53.7534
3.31102,0.4367,33.4311,3.62013,-1.29134,40.09,-5.10908,7.26741,46.6544,-1.42308,-5.99716,53.7415
3.30621,0.460983,33.4562,3.62803,-1.27517,40.0692,-5.11125,7.30395,46.6839,-1.42094,-5.98304,53.7306
3.30139,0.48559,33.4813,3.63632,-1.25874,40.0498,-5.11302,7.33914,46.7115,-1.41779,-5.9694,53.7202
3.29618,0.511208,33.5066,3.64511,-1.24168,40.0319,-5.11475,7.37325,46.7374,-1.41354,-5.95637,53.7104
3.29048,0.538135,33.5326,3.65422,-1.22368,40.0153,-5.11636,7.40666,46.7618,-1.40835,-5.94339,53.7012
3.2841,0.567173,33.5595,3.6637,-1.2042,40.0004,-5.11797,7.4401,46.7845,-1.40212,-5.93014,53.6923
3.277,0.599482,33.5875,3.67335,-1.18235,39.9875,-5.11961,7.47512,46.8053,-1.39494,-5.91572,53.6833
3.26946,0.637016,33.6163,3.68259,-1.15652,39.9776,-5.1212,7.51512,46.8249,-1.38718,-5.89802,53.6741
3.25998,0.642664,33.6559,3.69548,-1.14816,39.9491,-5.12402,7.52037,46.8546,-1.37827,-5.9005,53.6382
3.23534,0.415571,33.7643,3.73733,-1.27695,39.7811,-5.13671,7.26303,46.9537,-1.36329,-6.05768,53.4441
3.14043,-0.642635,34.1473,3.88883,-1.91679,39.0965,-5.18998,6.04906,47.3253,-1.32614,-6.80316,52.7079
2.97114,-2.0285,34.7302,4.11358,-2.74564,38.0244,-5.27417,4.45048,47.9205,-1.28655,-7.78697,51.6046
2.67474,-3.82652,35.6979,4.3943,-3.89666,36.5182,-5.38991,2.39133,48.9343,-1.27971,-9.15352,50.0196
1.60098,-8.58405,39.4877,5.18386,-7.88046,32.2511,-5.69269,-2.96318,52.884,-1.2408,-13.7765,45.4487
1.2282,-8.63545,40.3964,5.35221,-8.4444,31.4707,-5.65462,-3.24819,53.7755,-1.32592,-14.5765,44.7486
1.51841,-5.8974,39.6421,4.98745,-6.92518,32.8089,-5.19125,-0.344056,53.2458,-1.64064,-12.8567,46.2219
2.15873,-3.16894,37.877,4.49332,-4.46493,34.8195,-4.70679,2.44402,51.6897,-1.93996,-10.088,48.3751
2.78683,-0.830241,36.3462,4.05727,-2.2302,36.3024,-4.23398,4.89001,50.4572,-2.24158,-7.51388,50.059
3.29378,0.964698,35.1379,3.67642,-0.451683,37.3313,-3.83113,6.79212,49.5057,-2.54985,-5.42117,51.2752
3.70124,2.22575,34.114,3.24717,0.652138,38.1576,-3.48175,8.26847,48.7248,-2.90223,-3.96307,52.2486
3.94654,2.97967,33.489,2.95032,1.52501,38.5399,-3.25915,9.05892,48.2617,-3.19211,-2.91551,52.6909
4.08745,3.28673,33.0212,2.66314,1.84905,38.7802,-3.11223,9.37597,47.8399,-3.46833,-2.48793,53.0492
4.1258,3.44382,33.0103,2.52637,2.05834,38.7119,-3.01014,9.49336,47.8923,-3.651,-2.24753,53.032
4.09476,3.29113,33.0711,2.38765,1.88054,38.5578,-2.98239,9.27392,47.9506,-3.82134,-2.44398,53.0296
4.02383,3.04455,33.2947,2.33022,1.60539,38.2997,-2.98487,8.93636,48.2066,-3.92888,-2.78875,52.9321
3.94934,2.75207,33.5411,2.32099,1.26733,38.0274,-2.99727,8.54706,48.4671,-3.9873,-3.22958,52.7932
3.88234,2.49541,33.8208,2.31167,0.995019,37.7416,-3.01689,8.2375,48.8568,-4.04401,-3.57389,52.6629
3.81301,2.20907,34.1159,2.3286,0.684196,37.4644,-3.04468,7.8996,49.2656,-4.07386,-3.96661,52.5415
3.75427,1.92418,34.3967,2.34435,0.362541,37.2592,-3.07157,7.57813,49.669,-4.08803,-4.35919,52.4803
3.69763,1.69382,34.6826,2.43073,0.138956,36.938,-3.09376,7.32353,50.0652,-4.08789,-4.61373,52.3239
6.01699,-1.98853,26.7739,4.94176,-1.49307,35.9498,-4.27647,4.6525,43.0837,-1.59151,-6.88036,54.6309
1.49014,-0.0393944,38.045,1.92604,-2.99244,45.8772,-5.456,6.48795,48.0259,-1.14703,-6.70993,53.4402
3.34428,-0.498469,33.195,3.36327,-2.09517,41.1959,-4.92674,5.99543,45.8228,-1.33232,-6.66189,54.0268
3.56344,-0.416288,32.7527,3.50438,-1.90224,40.7705,-4.93842,6.14104,45.8184,-1.34847,-6.54828,54.0417
3.51456,-0.246718,32.865,3.50709,-1.78053,40.7269,-4.96737,6.32431,45.9241,-1.35193,-6.4379,54.0115
3.48037,-0.116697,32.9307,3.51804,-1.68167,40.6454,-4.98773,6.46856,46.0025,-1.35955,-6.35199,53.983
3.45632,-0.0314214,32.9816,3.52945,-1.61762,40.5749,-5.0053,6.5698,46.0715,-1.36782,-6.29863,53.9611
3.43474,0.0341444,33.0299,3.53848,-1.56913,40.5125,-5.02107,6.65244,46.1359,-1.37639,-6.25773,53.94
3.41553,0.0876281,33.0762,3.54646,-1.5307,40.4578,-5.03525,6.72338,46.1949,-1.38465,-6.225,53.9192
3.39837,0.134442,33.1188,3.55341,-1.49739,40.4074,-5.04795,6.78867,46.2497,-1.3926,-6.19555,53.8984
3.38353,0.176066,33.1589,3.56024,-1.46815,40.3627,-5.05895,6.84923,46.3013,-1.39953,-6.16894,53.8789
3.37041,0.213554,33.1962,3.56641,-1.44199,40.3215,-5.06867,6.90612,46.3496,-1.40601,-6.1442,53.8598
3.35912,0.247824,33.2312,3.57266,-1.41835,40.284,-5.077,6.95977,46.3953,-1.41143,-6.12131,53.8418
3.34932,0.279414,33.2641,3.5789,-1.39676,40.2496,-5.08416,7.01055,46.4386,-1.41592,-6.09999,53.8248
3.34086,0.308868,33.2952,3.58533,-1.37683,40.218,-5.09026,7.05871,46.4796,-1.41938,-6.08017,53.8087
3.33347,0.336403,33.3247,3.59171,-1.35824,40.1886,-5.09542,7.10448,46.5185,-1.42211,-6.06143,53.7935
3.32696,0.362638,33.3527,3.59835,-1.34065,40.1612,-5.0998,7.14807,46.5554,-1.42382,-6.04391,53.7793
3.32122,0.387778,33.3796,3.60521,-1.32383,40.1357,-5.10341,7.18964,46.5904,-1.42463,-6.02732,53.7659
3.31595,0.412399,33.4057,3.61249,-1.30747,40.1121,-5.1065,7.22937,46.6233,-1.42435,-6.01184,53.7534
3.31102,0.436702,33.4311,3.62013,-1.29134,40.09,-5.10908,7.26741,46.6544,-1.42308,-5.99716,53.7415
3.30621,0.460986,33.4562,3.62803,-1.27517,40.0692,-5.11125,7.30396,46.6839,-1.42094,-5.98304,53.7306
3.30139,0.485592,33.4813,3.63632,-1.25874,40.0498,-5.11302,7.33915,46.7115,-1.41779,-5.9694,53.7201
3.29618,0.51121,33.5066,3.64511,-1.24168,40.0319,-5.11475,7.37325,46.7374,-1.41354,-5.95637,53.7104
3.29047,0.538137,33.5326,3.65422,-1.22368,40.0153,-5.11636,7.40666,46.7618,-1.40835,-5.94338,53.7012
3.2841,0.567175,33.5595,3.6637,-1.20419,40.0004,-5.11797,7.4401,46.7845,-1.40212,-5.93014,53.6923
3.277,0.599484,33.5875,3.67335,-1.18235,39.9875,-5.11961,7.47512,46.8053,-1.39494,-5.91572,53.6833
3.26946,0.637019,33.6163,3.68259,-1.15652,39.9776,-5.1212,7.51513,46.8249,-1.38718,-5.89802,53.6741
3.25997,0.642667,33.6559,3.69548,-1.14816,39.9491,-5.12402,7.52037,46.8546,-1.37827,-5.90049,53.6382
3.23534,0.415573,33.7643,3.73733,-1.27695,39.7811,-5.13671,7.26303,46.9537,-1.36329,-6.05768,53.4441
3.14043,-0.642637,34.1473,3.88882,-1.9168,39.0965,-5.18998,6.04906,47.3253,-1.32615,-6.80316,52.7079
2.97113,-2.02851,34.7302,4.11358,-2.74565,38.0244,-5.27418,4.45047,47.9205,-1.28655,-7.78697,51.6046
2.67473,-3.82653,35.6979,4.3943,-3.89668,36.5182,-5.38991,2.39129,48.9343,-1.27971,-9.15353,50.0195
1.60097,-8.58409,39.4878,5.18386,-7.8805,32.2511,-5.6927,-2.96325,52.884,-1.2408,-13.7765,45.4486
1.22818,-8.63549,40.3964,5.35221,-8.44444,31.4706,-5.65462,-3.24827,53.7756,-1.32592,-14.5766,44.7485
1.5184,-5.89742,39.6421,4.98745,-6.92521,32.8089,-5.19125,-0.344108,53.2458,-1.64065,-12.8567,46.2219
2.15872,-3.16895,37.877,4.49332,-4.46494,34.8195,-4.70679,2.44399,51.6897,-1.93996,-10.088,48.3751
2.78683,-0.830237,36.3462,4.05727,-2.23019,36.3024,-4.23398,4.89001,50.4572,-2.24158,-7.51388,50.059
3.29378,0.964707,35.1379,3.67643,-0.451671,37.3313,-3.83113,6.79212,49.5057,-2.54985,-5.42116,51.2752
3.70125,2.22576,34.114,3.24718,0.652157,38.1576,-3.48175,8.26849,48.7248,-2.90223,-3.96306,52.2487
3.94655,2.97968,33.489,2.95032,1.52503,38.5399,-3.25915,9.05894,48.2617,-3.19211,-2.9155,52.6909
4.08746,3.28674,33.0212,2.66314,1.84907,38.7802,-3.11223,9.37599,47.8399,-3.46832,-2.48791,53.0492
4.12581,3.44383,33.0102,2.52638,2.05836,38.7119,-3.01013,9.49338,47.8923,-3.651,-2.24752,53.032
4.09476,3.29114,33.071,2.38766,1.88055,38.5578,-2.98239,9.27393,47.9506,-3.82134,-2.44396,53.0296
4.02384,3.04455,33.2947,2.33023,1.60541,38.2997,-2.98487,8.93637,48.2066,-3.92888,-2.78874,52.9322
3.94934,2.75208,33.5411,2.32099,1.26734,38.0274,-2.99726,8.54707,48.4671,-3.9873,-3.22957,52.7933
3.88234,2.49542,33.8208,2.31167,0.995029,37.7416,-3.01689,8.23751,48.8568,-4.04401,-3.57389,52.6629
3.81302,2.20907,34.1159,2.3286,0.684204,37.4644,-3.04468,7.89961,49.2656,-4.07386,-3.9666,52.5415
3.75427,1.92418,34.3967,2.34435,0.362547,37.2592,-3.07157,7.57814,49.669,-4.08803,-4.35919,52.4803
3.69764,1.69382,34.6826,2.43073,0.138961,36.938,-3.09376,7.32354,50.0652,-4.08789,-4.61372,52.3239
6.01699,-1.98853,26.7739,4.94176,-1.49307,35.9498,-4.27647,4.6525,43.0837,-1.59151,-6.88037,54.6309
1.49014,-0.0393953,38.045,1.92603,-2.99244,45.8772,-5.456,6.48795,48.0259,-1.14703,-6.70993,53.4402
3.34428,-0.49847,33.195,3.36327,-2.09517,41.1959,-4.92674,5.99543,45.8228,-1.33232,-6.66189,54.0268
3.56344,-0.416289,32.7527,3.50438,-1.90224,40.7705,-4.93842,6.14103,45.8184,-1.34847,-6.54828,54.0417
3.51456,-0.246719,32.865,3.50708,-1.78053,40.7269,-4.96737,6.3243,45.9241,-1.35193,-6.4379,54.0115
3.48037,-0.116699,32.9307,3.51804,-1.68167,40.6454,-4.98773,6.46855,46.0025,-1.35955,-6.35199,53.983
3.45632,-0.0314231,32.9816,3.52945,-1.61762,40.5749,-5.0053,6.5698,46.0714,-1.36782,-6.29863,53.9611
3.43474,0.0341427,33.0299,3.53848,-1.56913,40.5125,-5.02107,6.65244,46.1359,-1.37639,-6.25773,53.94
3.41553,0.0876265,33.0762,3.54646,-1.5307,40.4578,-5.03525,6.72338,46.1949,-1.38465,-6.225,53.9192
3.39837,0.13444,33.1188,3.55341,-1.49739,40.4074,-5.04795,6.78867,46.2497,-1.3926,-6.19555,53.8984
3.38354,0.176065,33.1589,3.56024,-1.46815,40.3627,-5.05895,6.84923,46.3013,-1.39953,-6.16894,53.8789
3.37041,0.213553,33.1962,3.56641,-1.442,40.3215,-5.06867,6.90611,46.3496,-1.40601,-6.1442,53.8598
3.35912,0.247823,33.2312,3.57266,-1.41835,40.284,-5.077,6.95977,46.3953,-1.41143,-6.12131,53.8418
3.34932,0.279412,33.2641,3.5789,-1.39676,40.2496,-5.08416,7.01055,46.4386,-1.41592,-6.09999,53.8248
3.34086,0.308867,33.2952,3.58533,-1.37683,40.218,-5.09026,7.05871,46.4796,-1.41938,-6.08017,53.8087
3.33347,0.336402,33.3247,3.59171,-1.35824,40.1886,-5.09542,7.10448,46.5185,-1.42211,-6.06143,53.7935
3.32696,0.362636,33.3527,3.59835,-1.34065,40.1612,-5.0998,7.14807,46.5554,-1.42382,-6.04391,53.7793
3.32122,0.387777,33.3796,3.60521,-1.32383,40.1357,-5.10341,7.18964,46.5904,-1.42463,-6.02732,53.7659
3.31595,0.412398,33.4057,3.61249,-1.30747,40.1121,-5.1065,7.22937,46.6233,-1.42435,-6.01184,53.7534
3.31102,0.436701,33.4311,3.62013,-1.29134,40.09,-5.10908,7.26741,46.6544,-1.42308,-5.99716,53.7415
3.30621,0.460984,33.4562,3.62803,-1.27517,40.0692,-5.11125,7.30396,46.6839,-1.42094,-5.98304,53.7306
3.30139,0.48559,33.4813,3.63632,-1.25874,40.0498,-5.11302,7.33915,46.7115,-1.41779,-5.9694,53.7202
3.29618,0.511208,33.5066,3.64511,-1.24168,40.0319,-5.11475,7.37325,46.7374,-1.41354,-5.95637,53.7104
3.29048,0.538136,33.5326,3.65422,-1.22368,40.0153,-5.11636,7.40666,46.7618,-1.40835,-5.94338,53.7012
3.2841,0.567174,33.5595,3.6637,-1.20419,40.0004,-5.11797,7.4401,46.7845,-1.40212,-5.93014,53.6923
3.277,0.599483,33.5875,3.67335,-1.18235,39.9875,-5.11961,7.47512,46.8053,-1.39494,-5.91572,53.6833
3.26946,0.637017,33.6163,3.68259,-1.15652,39.9776,-5.1212,7.51512,46.8249,-1.38718,-5.89802,53.6741
3.25998,0.642665,33.6559,3.69548,-1.14816,39.9491,-5.12402,7.52037,46.8546,-1.37827,-5.9005,53.6382
3.23534,0.415572,33.7643,3.73733,-1.27695,39.7811,-5.13671,7.26303,46.9537,-1.36329,-6.05768,53.4441
3.14043,-0.642635,34.1473,3.88882,-1.91679,39.0965,-5.18998,6.04906,47.3253,-1.32615,-6.80316,52.7079
2.97114,-2.0285,34.7302,4.11358,-2.74564,38.0244,-5.27418,4.45048,47.9205,-1.28655,-7.78697,51.6046
2.67473,-3.82652,35.6979,4.3943,-3.89667,36.5182,-5.38991,2.39131,48.9343,-1.27971,-9.15352,50.0196
1.60098,-8.58406,39.4877,5.18386,-7.88048,32.2511,-5.69269,-2.96321,52.884,-1.2408,-13.7765,45.4487
1.22819,-8.63546,40.3964,5.35221,-8.44442,31.4707,-5.65462,-3.24823,53.7755,-1.32592,-14.5765,44.7486
1.5184,-5.8974,39.6421,4.98745,-6.9252,32.8089,-5.19125,-0.344077,53.2458,-1.64064,-12.8567,46.2219
2.15872,-3.16895,37.877,4.49332,-4.46493,34.8195,-4.70679,2.44401,51.6897,-1.93996,-10.088,48.3751
2.78683,-0.830239,36.3462,4.05727,-2.2302,36.3024,-4.23398,4.89001,50.4572,-2.24158,-7.51388,50.059
3.29378,0.964702,35.1379,3.67642,-0.451678,37.3313,-3.83113,6.79212,49.5057,-2.54985,-5.42116,51.2752
3.70125,2.22575,34.114,3.24718,0.652146,38.1576,-3.48175,8.26848,48.7248,-2.90223,-3.96307,52.2486
3.94654,2.97967,33.489,2.95032,1.52502,38.5399,-3.25915,9.05893,48.2617,-3.19211,-2.91551,52.6909
4.08746,3.28673,33.0212,2.66314,1.84905,38.7802,-3.11223,9.37598,47.8399,-3.46833,-2.48792,53.0492
4.1258,3.44382,33.0103,2.52638,2.05835,38.7119,-3.01014,9.49337,47.8923,-3.651,-2.24752,53.032
4.09476,3.29113,33.071,2.38766,1.88054,38.5578,-2.98239,9.27392,47.9506,-3.82134,-2.44397,53.0296
4.02384,3.04455,33.2947,2.33022,1.6054,38.2997,-2.98487,8.93636,48.2066,-3.92888,-2.78875,52.9321
3.94934,2.75207,33.5411,2.32099,1.26733,38.0274,-2.99727,8.54706,48.4671,-3.9873,-3.22958,52.7932
3.88234,2.49541,33.8208,2.31167,0.995023,37.7416,-3.01689,8.2375,48.8568,-4.04401,-3.57389,52.6629
3.81301,2.20907,34.1159,2.3286,0.684199,37.4644,-3.04468,7.89961,49.2656,-4.07386,-3.96661,52.5415
3.75427,1.92418,34.3967,2.34435,0.362544,37.2592,-3.07157,7.57813,49.669,-4.08803,-4.35919,52.4803
3.69763,1.69382,34.6826,2.43073,0.138958,36.938,-3.09376,7.32354,50.0652,-4.08789,-4.61373,52.3239
6.01699,-1.98853,26.7739,4.94176,-1.49307,35.9498,-4.27647,4.6525,43.0837,-1.59151,-6.88037,54.6309
1.49014,-0.0393948,38.045,1.92604,-2.99244,45.8772,-5.456,6.48795,48.0259,-1.14703,-6.70993,53.4402
3.34428,-0.498469,33.195,3.36327,-2.09517,41.1959,-4.92674,5.99543,45.8228,-1.33232,-6.66189,54.0268
3.56344,-0.416288,32.7527,3.50438,-1.90224,40.7705,-4.93842,6.14104,45.8184,-1.34847,-6.54828,54.0417
3.51456,-0.246718,32.865,3.50709,-1.78053,40.7269,-4.96737,6.3243,45.9241,-1.35193,-6.4379,54.0115
3.48037,-0.116698,32.9307,3.51804,-1.68167,40.6454,-4.98773,6.46856,46.0025,-1.35955,-6.35199,53.983
3.45632,-0.0314221,32.9816,3.52945,-1.61762,40.5749,-5.0053,6.5698,46.0714,-1.36782,-6.29863,53.9611
3.43474,0.0341437,33.0299,3.53848,-1.56913,40.5125,-5.02107,6.65244,46.1359,-1.37639,-6.25773,53.94
3.41553,0.0876274,33.0762,3.54646,-1.5307,40.4578,-5.03525,6.72338,46.1949,-1.38465,-6.225,53.9192
3.39837,0.134441,33.1188,3.55341,-1.49739,40.4074,-5.04795,6.78867,46.2497,-1.3926,-6.19555,53.8984
3.38353,0.176066,33.1589,3.56024,-1.46815,40.3627,-5.05895,6.84923,46.3013,-1.39953,-6.16894,53.8789
3.37041,0.213554,33.1962,3.56641,-1.44199,40.3215,-5.06867,6.90612,46.3496,-1.40601,-6.1442,53.8598
3.35912,0.247823,33.2312,3.57266,-1.41835,40.284,-5.077,6.95977,46.3953,-1.41143,-6.12131,53.8418
3.34932,0.279413,33.2641,3.5789,-1.39676,40.2496,-5.08416,7.01055,46.4386,-1.41592,-6.09999,53.8248
3.34086,0.308867,33.2952,3.58533,-1.37683,40.218,-5.09026,7.05871,46.4796,-1.41938,-6.08017,53.8087
3.33347,0.336402,33.3247,3.59171,-1.35824,40.1886,-5.09542,7.10448,46.5185,-1.42211,-6.06143,53.7935
3.32696,0.362637,33.3527,3.59835,-1.34065,40.1612,-5.0998,7.14807,46.5554,-1.42382,-6.04391,53.7793
3.32122,0.387777,33.3796,3.60521,-1.32383,40.1357,-5.10341,7.18964,46.5904,-1.42463,-6.02732,53.7659
3.31595,0.412399,33.4057,3.61249,-1.30747,40.1121,-5.1065,7.22937,46.6233,-1.42435,-6.01184,53.7534
3.31102,0.436701,33.4311,3.62013,-1.29134,40.09,-5.10908,7.26741,46.6544,-1.42308,-5.99716,53.7415
3.30621,0.460985,33.4562,3.62803,-1.27517,40.0692,-5.11125,7.30396,46.6839,-1.42094,-5.98304,53.7306
3.30139,0.485591,33.4813,3.63632,-1.25874,40.0498,-5.11302,7.33915,46.7115,-1.41779,-5.9694,53.7202
3.29618,0.511209,33.5066,3.64511,-1.24168,40.0319,-5.11475,7.37325,46.7374,-1.41354,-5.95637,53.7104
3.29048,0.538137,33.5326,3.65422,-1.22368,40.0153,-5.11636,7.40666,46.7618,-1.40835,-5.94338,53.7012
3.2841,0.567175,33.5595,3.6637,-1.20419,40.0004,-5.11797,7.4401,46.7845,-1.40212,-5.93014,53.6923
3.277,0.599483,33.5875,3.67335,-1.18235,39.9875,-5.11961,7.47512,46.8053,-1.39494,-5.91572,53.6833
3.26946,0.637018,33.6163,3.68259,-1.15652,39.9776,-5.1212,7.51513,46.8249,-1.38718,-5.89802,53.6741
3.25997,0.642666,33.6559,3.69548,-1.14816,39.9491,-5.12402,7.52037,46.8546,-1.37827,-5.9005,53.6382
3.23534,0.415572,33.7643,3.73733,-1.27695,39.7811,-5.13671,7.26303,46.9537,-1.36329,-6.05768,53.4441
3.14043,-0.642636,34.1473,3.88882,-1.9168,39.0965,-5.18998,6.04906,47.3253,-1.32615,-6.80316,52.7079
2.97113,-2.02851,34.7302,4.11358,-2.74565,38.0244,-5.27418,4.45047,47.9205,-1.28655,-7.78697,51.6046
2.67473,-3.82653,35.6979,4.3943,-3.89668,36.5182,-5.38991,2.3913,48.9343,-1.27971,-9.15353,50.0195
1.60097,-8.58408,39.4877,5.18386,-7.88049,32.2511,-5.6927,-2.96323,52.884,-1.2408,-13.7765,45.4486
1.22819,-8.63548,40.3964,5.35221,-8.44443,31.4707,-5.65462,-3.24825,53.7756,-1.32592,-14.5766,44.7485
1.5184,-5.89741,39.6421,4.98745,-6.92521,32.8089,-5.19125,-0.344095,53.2458,-1.64065,-12.8567,46.2219
2.15872,-3.16895,37.877,4.49332,-4.46494,34.8195,-4.70679,2.444,51.6897,-1.93996,-10.088,48.3751
2.78683,-0.830238,36.3462,4.05727,-2.23019,36.3024,-4.23398,4.89001,50.4572,-2.24158,-7.51388,50.059
3.29378,0.964705,35.1379,3.67643,-0.451674,37.3313,-3.83113,6.79212,49.5057,-2.54985,-5.42116,51.2752
3.70125,2.22576,34.114,3.24718,0.652152,38.1576,-3.48175,8.26849,48.7248,-2.90223,-3.96306,52.2487
3.94655,2.97968,33.489,2.95032,1.52502,38.5399,-3.25915,9.05893,48.2617,-3.19211,-2.91551,52.6909
4.08746,3.28674,33.0212,2.66314,1.84906,38.7802,-3.11223,9.37599,47.8399,-3.46832,-2.48792,53.0492
4.1258,3.44383,33.0102,2.52638,2.05835,38.7119,-3.01013,9.49337,47.8923,-3.651,-2.24752,53.032
4.09476,3.29113,33.071,2.38766,1.88055,38.5578,-2.98239,9.27393,47.9506,-3.82134,-2.44397,53.0296
4.02384,3.04455,33.2947,2.33023,1.6054,38.2997,-2.98487,8.93637,48.2066,-3.92888,-2.78874,52.9322
3.94934,2.75208,33.5411,2.32099,1.26734,38.0274,-2.99726,8.54707,48.4671,-3.9873,-3.22957,52.7932
3.88234,2.49541,33.8208,2.31167,0.995026,37.7416,-3.01689,8.2375,48.8568,-4.04401,-3.57389,52.6629
3.81302,2.20907,34.1159,2.3286,0.684202,37.4644,-3.04468,7.89961,49.2656,-4.07386,-3.9666,52.5415
3.75427,1.92418,34.3967,2.34435,0.362546,37.2592,-3.07157,7.57813,49.669,-4.08803,-4.35919,52.4803
3.69763,1.69382,34.6826,2.43073,0.13896,36.938,-3.09376,7.32354,50.0652,-4.08789,-4.61372,52.3239
6.01699,-1.98853,26.7739,4.94176,-1.49307,35.9498,-4.27647,4.6525,43.0837,-1.59151,-6.88037,54.6309
1.49014,-0.039395,38.045,1.92604,-2.99244,45.8772,-5.456,6.48795,48.0259,-1.14703,-6.70993,53.4402
3.34428,-0.49847,33.195,3.36327,-2.09517,41.1959,-4.92674,5.99543,45.8228,-1.33232,-6.66189,54.0268
3.56344,-0.416289,32.7527,3.50438,-1.90224,40.7705,-4.93842,6.14104,45.8184,-1.34847,-6.54828,54.0417
3.51456,-0.246719,32.865,3.50708,-1.78053,40.7269,-4.96737,6.3243,45.9241,-1.35193,-6.4379,54.0115
3.48037,-0.116699,32.9307,3.51804,-1.68167,40.6454,-4.98773,6.46856,46.0025,-1.35955,-6.35199,53.983
3.45632,-0.0314226,32.9816,3.52945,-1.61762,40.5749,-5.0053,6.5698,46.0714,-1.36782,-6.29863,53.9611
3.43474,0.0341432,33.0299,3.53848,-1.56913,40.5125,-5.02107,6.65244,46.1359,-1.37639,-6.25773,53.94
3.41553,0.087627,33.0762,3.54646,-1.5307,40.4578,-5.03525,6.72338,46.1949,-1.38465,-6.225,53.9192
3.39837,0.134441,33.1188,3.55341,-1.49739,40.4074,-5.04795,6.78867,46.2497,-1.3926,-6.19555,53.8984
3.38354,0.176065,33.1589,3.56024,-1.46815,40.3627,-5.05895,6.84923,46.3013,-1.39953,-6.16894,53.8789
3.37041,0.213553,33.1962,3.56641,-1.442,40.3215,-5.06867,6.90612,46.3496,-1.40601,-6.1442,53.8598
3.35912,0.247823,33.2312,3.57266,-1.41835,40.284,-5.077,6.95977,46.3953,-1.41143,-6.12131,53.8418
3.34932,0.279413,33.2641,3.5789,-1.39676,40.2496,-5.08416,7.01055,46.4386,-1.41592,-6.09999,53.8248
3.34086,0.308867,33.2952,3.58533,-1.37683,40.218,-5.09026,7.05871,46.4796,-1.41938,-6.08017,53.8087
3.33347,0.336402,33.3247,3.59171,-1.35824,40.1886,-5.09542,7.10448,46.5185,-1.42211,-6.06143,53.7935
3.32696,0.362637,33.3527,3.59835,-1.34065,40.1612,-5.0998,7.14807,46.5554,-1.42382,-6.04391,53.7793
3.32122,0.387777,33.3796,3.60521,-1.32383,40.1357,-5.10341,7.18964,46.5904,-1.42463,-6.02732,53.7659
3.31595,0.412398,33.4057,3.61249,-1.30747,40.1121,-5.1065,7.22937,46.6233,-1.42435,-6.01184,53.7534
3.31102,0.436701,33.4311,3.62013,-1.29134,40.09,-5.10908,7.26741,46.6544,-1.42308,-5.99716,53.7415
3.30621,0.460985,33.4562,3.62803,-1.27517,40.0692,-5.11125,7.30396,46.6839,-1.42094,-5.98304,53.7306
3.30139,0.485591,33.4813,3.63632,-1.25874,40.0498,-5.11302,7.33915,46.7115,-1.41779,-5.9694,53.7202
3.29618,0.511209,33.5066,3.64511,-1.24168,40.0319,-5.11475,7.37325,46.7374,-1.41354,-5.95637,53.7104
3.29048,0.538136,33.5326,3.65422,-1.22368,40.0153,-5.11636,7.40666,46.7618,-1.40835,-5.94338,53.7012
3.2841,0.567174,33.5595,3.6637,-1.20419,40.0004,-5.11797,7.4401,46.7845,-1.40212,-5.93014,53.6923
3.277,0.599483,33.5875,3.67335,-1.18235,39.9875,-5.11961,7.47512,46.8053,-1.39494,-5.91572,53.6833
3.26946,0.637018,33.6163,3.68259,-1.15652,39.9776,-5.1212,7.51512,46.8249,-1.38718,-5.89802,53.6741
3.25997,0.642666,33.6559,3.69548,-1.14816,39.9491,-5.12402,7.52037,46.8546,-1.37827,-5.9005,53.6382
3.23534,0.415572,33.7643,3.73733,-1.27695,39.7811,-5.13671,7.26303,46.9537,-1.36329,-6.05768,53.4441
3.14043,-0.642636,34.1473,3.88882,-1.9168,39.0965,-5.18998,6.04906,47.3253,-1.32615,-6.80316,52.7079
2.97113,-2.0285,34.7302,4.11358,-2.74565,38.0244,-5.27418,4.45047,47.9205,-1.28655,-7.78697,51.6046
2.67473,-3.82653,35.6979,4.3943,-3.89667,36.5182,-5.38991,2.39131,48.9343,-1.27971,-9.15353,50.0195
1.60097,-8.58407,39.4877,5.18386,-7.88049,32.2511,-5.69269,-2.96322,52.884,-1.2408,-13.7765,45.4487
1.22819,-8.63547,40.3964,5.35221,-8.44442,31.4707,-5.65462,-3.24824,53.7755,-1.32592,-14.5765,44.7486
1.5184,-5.89741,39.6421,4.98745,-6.9252,32.8089,-5.19125,-0.344086,53.2458,-1.64065,-12.8567,46.2219
2.15872,-3.16895,37.877,4.49332,-4.46494,34.8195,-4.70679,2.444,51.6897,-1.93996,-10.088,48.3751
2.78683,-0.830238,36.3462,4.05727,-2.2302,36.3024,-4.23398,4.89001,50.4572,-2.24158,-7.51388,50.059
3.29378,0.964704,35.1379,3.67642,-0.451676,37.3313,-3.83113,6.79212,49.5057,-2.54985,-5.42116,51.2752
3.70125,2.22575,34.114,3.24718,0.652149,38.1576,-3.48175,8.26848,48.7248,-2.90223,-3.96306,52.2486
3.94654,2.97968,33.489,2.95032,1.52502,38.5399,-3.25915,9.05893,48.2617,-3.19211,-2.91551,52.6909
4.08746,3.28673,33.0212,2.66314,1.84906,38.7802,-3.11223,9.37598,47.8399,-3.46832,-2.48792,53.0492
4.1258,3.44382,33.0103,2.52638,2.05835,38.7119,-3.01014,9.49337,47.8923,-3.651,-2.24752,53.032
4.09476,3.29113,33.071,2.38766,1.88055,38.5578,-2.98239,9.27393,47.9506,-3.82134,-2.44397,53.0296
4.02384,3.04455,33.2947,2.33023,1.6054,38.2997,-2.98487,8.93637,48.2066,-3.92888,-2.78875,52.9322
3.94934,2.75207,33.5411,2.32099,1.26733,38.0274,-2.99726,8.54707,48.4671,-3.9873,-3.22958,52.7932
3.88234,2.49541,33.8208,2.31167,0.995025,37.7416,-3.01689,8.2375,48.8568,-4.04401,-3.57389,52.6629
3.81302,2.20907,34.1159,2.3286,0.684201,37.4644,-3.04468,7.89961,49.2656,-4.07386,-3.9666,52.5415
3.75427,1.92418,34.3967,2.34435,0.362545,37.2592,-3.07157,7.57813,49.669,-4.08803,-4.35919,52.4803
3.69763,1.69382,34.6826,2.43073,0.138959,36.938,-3.09376,7.32354,50.0652,-4.08789,-4.61373,52.3239
6.01699,-1.98853,26.7739,4.94176,-1.49307,35.9498,-4.27647,4.6525,43.0837,-1.59151,-6.88037,54.6309
1.49014,-0.0393949,38.045,1.92604,-2.99244,45.8772,-5.456,6.48795,48.0259,-1.14703,-6.70993,53.4402
3.34428,-0.498469,33.195,3.36327,-2.09517,41.1959,-4.92674,5.99543,45.8228,-1.33232,-6.66189,54.0268
3.56344,-0.416289,32.7527,3.50438,-1.90224,40.7705,-4.93842,6.14104,45.8184,-1.34847,-6.54828,54.0417
3.51456,-0.246719,32.865,3.50708,-1.78053,40.7269,-4.96737,6.3243,45.9241,-1.35193,-6.4379,54.0115
3.48037,-0.116698,32.9307,3.51804,-1.68167,40.6454,-4.98773,6.46856,46.0025,-1.35955,-6.35199,53.983
3.45632,-0.0314224,32.9816,3.52945,-1.61762,40.5749,-5.0053,6.5698,46.0714,-1.36782,-6.29863,53.9611
3.43474,0.0341434,33.0299,3.53848,-1.56913,40.5125,-5.02107,6.65244,46.1359,-1.37639,-6.25773,53.94
3.41553,0.0876272,33.0762,3.54646,-1.5307,40.4578,-5.03525,6.72338,46.1949,-1.38465,-6.225,53.9192
3.39837,0.134441,33.1188,3.55341,-1.49739,40.4074,-5.04795,6.78867,46.2497,-1.3926,-6.19555,53.8984
3.38353,0.176065,33.1589,3.56024,-1.46815,40.3627,-5.05895,6.84923,46.3013,-1.39953,-6.16894,53.8789
3.37041,0.213553,33.1962,3.56641,-1.44199,40.3215,-5.06867,6.90612,46.3496,-1.40601,-6.1442,53.8598
3.35912,0.247823,33.2312,3.57266,-1.41835,40.284,-5.077,6.95977,46.3953,-1.41143,-6.12131,53.8418
3.34932,0.279413,33.2641,3.5789,-1.39676,40.2496,-5.08416,7.01055,46.4386,-1.41592,-6.09999,53.8248
3.34086,0.308867,33.2952,3.58533,-1.37683,40.218,-5.09026,7.05871,46.4796,-1.41938,-6.08017,53.8087
3.33347,0.336402,33.3247,3.59171,-1.35824,40.1886,-5.09542,7.10448,46.5185,-1.42211,-6.06143,53.7935
3.32696,0.362637,33.3527,3.59835,-1.34065,40.1612,-5.0998,7.14807,46.5554,-1.42382,-6.04391,53.7793
3.32122,0.387777,33.3796,3.60521,-1.32383,40.1357,-5.10341,7.18964,46.5904,-1.42463,-6.02732,53.7659
3.31595,0.412399,33.4057,3.61249,-1.30747,40.1121,-5.1065,7.22937,46.6233,-1.42435,-6.01184,53.7534
3.31102,0.436701,33.4311,3.62013,-1.29134,40.09,-5.10908,7.26741,46.6544,-1.42308,-5.99716,53.7415
3.30621,0.460985,33.4562,3.62803,-1.27517,40.0692,-5.11125,7.30396,46.6839,-1.42094,-5.98304,53.7306
3.30139,0.485591,33.4813,3.63632,-1.25874,40.0498,-5.11302,7.33915,46.7115,-1.41779,-5.9694,53.7202
3.29618,0.511209,33.5066,3.64511,-1.24168,40.0319,-5.11475,7.37325,46.7374,-1.41354,-5.95637,53.7104
3.29048,0.538136,33.5326,3.65422,-1.22368,40.0153,-5.11636,7.40666,46.7618,-1.40835,-5.94338,53.7012
3.2841,0.567175,33.5595,3.6637,-1.20419,40.0004,-5.11797,7.4401,46.7845,-1.40212,-5.93014,53.6923
3.277,0.599483,33.5875,3.67335,-1.18235,39.9875,-5.11961,7.47512,46.8053,-1.39494,-5.91572,53.6833
3.26946,0.637018,33.6163,3.68259,-1.15652,39.9776,-5.1212,7.51513,46.8249,-1.38718,-5.89802,53.6741
3.25997,0.642666,33.6559,3.69548,-1.14816,39.9491,-5.12402,7.52037,46.8546,-1.37827,-5.9005,53.6382
3.23534,0.415572,33.7643,3.73733,-1.27695,39.7811,-5.13671,7.26303,46.9537,-1.36329,-6.05768,53.4441
3.14043,-0.642636,34.1473,3.88882,-1.9168,39.0965,-5.18998,6.04906,47.3253,-1.32615,-6.80316,52.7079
2.97113,-2.0285,34.7302,4.11358,-2.74565,38.0244,-5.27418,4.45047,47.9205,-1.28655,-7.78697,51.6046
2.67473,-3.82653,35.6979,4.3943,-3.89668,36.5182,-5.38991,2.3913,48.9343,-1.27971,-9.15353,50.0195
1.60097,-8.58407,39.4877,5.18386,-7.88049,32.2511,-5.69269,-2.96322,52.884,-1.2408,-13.7765,45.4486
1.22819,-8.63547,40.3964,5.35221,-8.44443,31.4707,-5.65462,-3.24824,53.7755,-1.32592,-14.5765,44.7486
1.5184,-5.89741,39.6421,4.98745,-6.9252,32.8089,-5.19125,-0.34409,53.2458,-1.64065,-12.8567,46.2219
2.15872,-3.16895,37.877,4.49332,-4.46494,34.8195,-4.70679,2.444,51.6897,-1.93996,-10.088,48.3751
2.78683,-0.830238,36.3462,4.05727,-2.2302,36.3024,-4.23398,4.89001,50.4572,-2.24158,-7.51388,50.059
3.29378,0.964704,35.1379,3.67642,-0.451675,37.3313,-3.83113,6.79212,49.5057,-2.54985,-5.42116,51.2752
3.70125,2.22576,34.114,3.24718,0.65215,38.1576,-3.48175,8.26849,48.7248,-2.90223,-3.96306,52.2487
3.94654,2.97968,33.489,2.95032,1.52502,38.5399,-3.25915,9.05893,48.2617,-3.19211,-2.91551,52.6909
4.08746,3.28673,33.0212,2.66314,1.84906,38.7802,-3.11223,9.37598,47.8399,-3.46832,-2.48792,53.0492
4.1258,3.44383,33.0102,2.52638,2.05835,38.7119,-3.01013,9.49337,47.8923,-3.651,-2.24752,53.032
4.09476,3.29113,33.071,2.38766,1.88055,38.5578,-2.98239,9.27393,47.9506,-3.82134,-2.44397,53.0296
4.02384,3.04455,33.2947,2.33023,1.6054,38.2997,-2.98487,8.93637,48.2066,-3.92888,-2.78874,52.9322
3.94934,2.75207,33.5411,2.32099,1.26733,38.0274,-2.99726,8.54707,48.4671,-3.9873,-3.22957,52.7932
3.88234,2.49541,33.8208,2.31167,0.995025,37.7416,-3.01689,8.2375,48.8568,-4.04401,-3.57389,52.6629
3.81302,2.20907,34.1159,2.3286,0.684201,37.4644,-3.04468,7.89961,49.2656,-4.07386,-3.9666,52.5415
3.75427,1.92418,34.3967,2.34435,0.362545,37.2592,-3.07157,7.57813,49.669,-4.08803,-4.35919,52.4803
3.69763,1.69382,34.6826,2.43073,0.138959,36.938,-3.09376,7.32354,50.0652,-4.08789,-4.61372,52.3239
6.01699,-1.98853,26.7739,4.94176,-1.49307,35.9498,-4.27647,4.6525,43.0837,-1.59151,-6.88037,54.6309
1.49014,-0.039395,38.045,1.92604,-2.99244,45.8772,-5.456,6.48795,48.0259,-1.14703,-6.70993,53.4402
3.34428,-0.498469,33.195,3.36327,-2.09517,41.1959,-4.92674,5.99543,45.8228,-1.33232,-6.66189,54.0268
3.56344,-0.416289,32.7527,3.50438,-1.90224,40.7705,-4.93842,6.14104,45.8184,-1.34847,-6.54828,54.0417
3.51456,-0.246719,32.865,3.50708,-1.78053,40.7269,-4.96737,6.3243,45.9241,-1.35193,-6.4379,54.0115
3.48037,-0.116699,32.9307,3.51804,-1.68167,40.6454,-4.98773,6.46856,46.0025,-1.35955,-6.35199,53.983
3.45632,-0.0314225,32.9816,3.52945,-1.61762,40.5749,-5.0053,6.5698,46.0714,-1.36782,-6.29863,53.9611
3.43474,0.0341433,33.0299,3.53848,-1.56913,40.5125,-5.02107,6.65244,46.1359,-1.37639,-6.25773,53.94
3.41553,0.0876271,33.0762,3.54646,-1.5307,40.4578,-5.03525,6.72338,46.1949,-1.38465,-6.225,53.9192
3.39837,0.134441,33.1188,3.55341,-1.49739,40.4074,-5.04795,6.78867,46.2497,-1.3926,-6.19555,53.8984
3.38353,0.176065,33.1589,3.56024,-1.46815,40.3627,-5.05895,6.84923,46.3013,-1.39953,-6.16894,53.8789
3.37041,0.213553,33.1962,3.56641,-1.44199,40.3215,-5.06867,6.90612,46.3496,-1.40601,-6.1442,53.8598
3.35912,0.247823,33.2312,3.57266,-1.41835,40.284,-5.077,6.95977,46.3953,-1.41143,-6.12131,53.8418
3.34932,0.279413,33.2641,3.5789,-1.39676,40.2496,-5.08416,7.01055,46.4386,-1.41592,-6.09999,53.8248
3.34086,0.308867,33.2952,3.58533,-1.37683,40.218,-5.09026,7.05871,46.4796,-1.41938,-6.08017,53.8087
3.33347,0.336402,33.3247,3.59171,-1.35824,40.1886,-5.09542,7.10448,46.5185,-1.42211,-6.06143,53.7935
3.32696,0.362637,33.3527,3.59835,-1.34065,40.1612,-5.0998,7.14807,46.5554,-1.42382,-6.04391,53.7793
3.32122,0.387777,33.3796,3.60521,-1.32383,40.1357,-5.10341,7.18964,46.5904,-1.42463,-6.02732,53.7659
3.31595,0.412399,33.4057,3.61249,-1.30747,40.1121,-5.1065,7.22937,46.6233,-1.42435,-6.01184,53.7534
3.31102,0.436701,33.4311,3.62013,-1.29134,40.09,-5.10908,7.26741,46.6544,-1.42308,-5.99716,53.7415
3.30621,0.460985,33.4562,3.62803,-1.27517,40.0692,-5.11125,7.30396,46.6839,-1.42094,-5.98304,53.7306
3.30139,0.485591,33.4813,3.63632,-1.25874,40.0498,-5.11302,7.33915,46.7115,-1.41779,-5.9694,53.7202
3.29618,0.511209,33.5066,3.64511,-1.24168,40.0319,-5.11475,7.37325,46.7374,-1.41354,-5.95637,53.7104
3.29048,0.538136,33.5326,3.65422,-1.22368,40.0153,-5.11636,7.40666,46.7618,-1.40835,-5.94338,53.7012
3.2841,0.567175,33.5595,3.6637,-1.20419,40.0004,-5.11797,7.4401,46.7845,-1.40212,-5.93014,53.6923
3.277,0.599483,33.5875,3.67335,-1.18235,39.9875,-5.11961,7.47512,46.8053,-1.39494,-5.91572,53.6833
3.26946,0.637018,33.6163,3.68259,-1.15652,39.9776,-5.1212,7.51512,46.8249,-1.38718,-5.89802,53.6741
3.25997,0.642666,33.6559,3.69548,-1.14816,39.9491,-5.12402,7.52037,46.8546,-1.37827,-5.9005,53.6382
3.23534,0.415572,33.7643,3.73733,-1.27695,39.7811,-5.13671,7.26303,46.9537,-1.36329,-6.05768,53.4441
3.14043,-0.642636,34.1473,3.88882,-1.9168,39.0965,-5.18998,6.04906,47.3253,-1.32615,-6.80316,52.7079
2.97113,-2.0285,34.7302,4.11358,-2.74565,38.0244,-5.27418,4.45047,47.9205,-1.28655,-7.78697,51.6046
2.67473,-3.82653,35.6979,4.3943,-3.89668,36.5182,-5.38991,2.39131,48.9343,-1.27971,-9.15353,50.0195
1.60097,-8.58407,39.4877,5.18386,-7.88049,32.2511,-5.69269,-2.96322,52.884,-1.2408,-13.7765,45.4487
1.22819,-8.63547,40.3964,5.35221,-8.44443,31.4707,-5.65462,-3.24824,53.7755,-1.32592,-14.5765,44.7486
1.5184,-5.89741,39.6421,4.98745,-6.9252,32.8089,-5.19125,-0.344088,53.2458,-1.64065,-12.8567,46.2219
2.15872,-3.16895,37.877,4.49332,-4.46494,34.8195,-4.70679,2.444,51.6897,-1.93996,-10.088,48.3751
2.78683,-0.830238,36.3462,4.05727,-2.2302,36.3024,-4.23398,4.89001,50.4572,-2.24158,-7.51388,50.059
3.29378,0.964704,35.1379,3.67642,-0.451675,37.3313,-3.83113,6.79212,49.5057,-2.54985,-5.42116,51.2752
3.70125,2.22576,34.114,3.24718,0.65215,38.1576,-3.48175,8.26848,48.7248,-2.90223,-3.96306,52.2487
3.94654,2.97968,33.489,2.95032,1.52502,38.5399,-3.25915,9.05893,48.2617,-3.19211,-2.91551,52.6909
4.08746,3.28673,33.0212,2.66314,1.84906,38.7802,-3.11223,9.37598,47.8399,-3.46832,-2.48792,53.0492
4.1258,3.44382,33.0102,2.52638,2.05835,38.7119,-3.01014,9.49337,47.8923,-3.651,-2.24752,53.032
4.09476,3.29113,33.071,2.38766,1.88055,38.5578,-2.98239,9.27393,47.9506,-3.82134,-2.44397,53.0296
4.02384,3.04455,33.2947,2.33023,1.6054,38.2997,-2.98487,8.93637,48.2066,-3.92888,-2.78875,52.9322
3.94934,2.75207,33.5411,2.32099,1.26733,38.0274,-2.99726,8.54707,48.4671,-3.9873,-3.22958,52.7932
3.88234,2.49541,33.8208,2.31167,0.995025,37.7416,-3.01689,8.2375,48.8568,-4.04401,-3.57389,52.6629
3.81302,2.20907,34.1159,2.3286,0.684201,37.4644,-3.04468,7.89961,49.2656,-4.07386,-3.9666,52.5415
3.75427,1.92418,34.3967,2.34435,0.362545,37.2592,-3.07157,7.57813,49.669,-4.08803,-4.35919,52.4803
3.69763,1.69382,34.6826,2.43073,0.138959,36.938,-3.09376,7.32354,50.0652,-4.08789,-4.61373,52.3239
6.01699,-1.98853,26.7739,4.94176,-1.49307,35.9498,-4.27647,4.6525,43.0837,-1.59151,-6.88037,54.6309
1.49014,-0.0393949,38.045,1.92604,-2.99244,45.8772,-5.456,6.48795,48.0259,-1.14703,-6.70993,53.4402
3.34428,-0.498469,33.195,3.36327,-2.09517,41.1959,-4.92674,5.99543,45.8228,-1.33232,-6.66189,54.0268
3.56344,-0.416289,32.7527,3.50438,-1.90224,40.7705,-4.93842,6.14104,45.8184,-1.34847,-6.54828,54.0417
3.51456,-0.246719,32.865,3.50708,-1.78053,40.7269,-4.96737,6.3243,45.9241,-1.35193,-6.4379,54.0115
3.48037,-0.116699,32.9307,3.51804,-1.68167,40.6454,-4.98773,6.46856,46.0025,-1.35955,-6.35199,53.983
3.45632,-0.0314225,32.9816,3.52945,-1.61762,40.5749,-5.0053,6.5698,46.0714,-1.36782,-6.29863,53.9611
3.43474,0.0341434,33.0299,3.53848,-1.56913,40.5125,-5.02107,6.65244,46.1359,-1.37639,-6.25773,53.94
3.41553,0.0876271,33.0762,3.54646,-1.5307,40.4578,-5.03525,6.72338,46.1949,-1.38465,-6.225,53.9192
3.39837,0.134441,33.1188,3.55341,-1.49739,40.4074,-5.04795,6.78867,46.2497,-1.3926,-6.19555,53.8984
3.38353,0.176065,33.1589,3.56024,-1.46815,40.3627,-5.05895,6.84923,46.3013,-1.39953,-6.16894,53.8789
3.37041,0.213553,33.1962,3.56641,-1.44199,40.3215,-5.06867,6.90612,46.3496,-1.40601,-6.1442,53.8598
3.35912,0.247823,33.2312,3.57266,-1.41835,40.284,-5.077,6.95977,46.3953,-1.41143,-6.12131,53.8418
3.34932,0.279413,33.2641,3.5789,-1.39676,40.2496,-5.08416,7.01055,46.4386,-1.41592,-6.09999,53.8248
3.34086,0.308867,33.2952,3.58533,-1.37683,40.218,-5.09026,7.05871,46.4796,-1.41938,-6.08017,53.8087
3.33347,0.336402,33.3247,3.59171,-1.35824,40.1886,-5.09542,7.10448,46.5185,-1.42211,-6.06143,53.7935
3.32696,0.362637,33.3527,3.59835,-1.34065,40.1612,-5.0998,7.14807,46.5554,-1.42382,-6.04391,53.7793
3.32122,0.387777,33.3796,3.60521,-1.32383,40.1357,-5.10341,7.18964,46.5904,-1.42463,-6.02732,53.7659
3.31595,0.412399,33.4057,3.61249,-1.30747,40.1121,-5.1065,7.22937,46.6233,-1.42435,-6.01184,53.7534
3.31102,0.436701,33.4311,3.62013,-1.29134,40.09,-5.10908,7.26741,46.6544,-1.42308,-5.99716,53.7415
3.30621,0.460985,33.4562,3.62803,-1.27517,40.0692,-5.11125,7.30396,46.6839,-1.42094,-5.98304,53.7306
3.30139,0.485591,33.4813,3.63632,-1.25874,40.0498,-5.11302,7.33915,46.7115,-1.41779,-5.9694,53.7202
3.29618,0.511209,33.5066,3.64511,-1.24168,40.0319,-5.11475,7.37325,46.7374,-1.41354,-5.95637,53.7104
3.29048,0.538136,33.5326,3.65422,-1.22368,40.0153,-5.11636,7.40666,46.7618,-1.40835,-5.94338,53.7012
3.2841,0.567175,33.5595,3.6637,-1.20419,40.0004,-5.11797,7.4401,46.7845,-1.40212,-5.93014,53.6923
3.277,0.599483,33.5875,3.67335,-1.18235,39.9875,-5.11961,7.47512,46.8053,-1.39494,-5.91572,53.6833
3.26946,0.637018,33.6163,3.68259,-1.15652,39.9776,-5.1212,7.51512,46.8249,-1.38718,-5.89802,53.6741
3.25997,0.642666,33.6559,3.69548,-1.14816,39.9491,-5.12402,7.52037,46.8546,-1.37827,-5.9005,53.6382
3.23534,0.415572,33.7643,3.73733,-1.27695,39.7811,-5.13671,7.26303,46.9537,-1.36329,-6.05768,53.4441
3.14043,-0.642636,34.1473,3.88882,-1.9168,39.0965,-5.18998,6.04906,47.3253,-1.32615,-6.80316,52.7079
2.97113,-2.0285,34.7302,4.11358,-2.74565,38.0244,-5.27418,4.45047,47.9205,-1.28655,-7.78697,51.6046
2.67473,-3.82653,35.6979,4.3943,-3.89668,36.5182,-5.38991,2.39131,48.9343,-1.27971,-9.15353,50.0195
1.60097,-8.58407,39.4877,5.18386,-7.88049,32.2511,-5.69269,-2.96322,52.884,-1.2408,-13.7765,45.4486
1.22819,-8.63547,40.3964,5.35221,-8.44443,31.4707,-5.65462,-3.24824,53.7755,-1.32592,-14.5765,44.7486
1.5184,-5.89741,39.6421,4.98745,-6.9252,32.8089,-5.19125,-0.344089,53.2458,-1.64065,-12.8567,46.2219
2.15872,-3.16895,37.877,4.49332,-4.46494,34.8195,-4.70679,2.444,51.6897,-1.93996,-10.088,48.3751
2.78683,-0.830238,36.3462,4.05727,-2.2302,36.3024,-4.23398,4.89001,50.4572,-2.24158,-7.51388,50.059
3.29378,0.964704,35.1379,3.67642,-0.451675,37.3313,-3.83113,6.79212,49.5057,-2.54985,-5.42116,51.2752
3.70125,2.22576,34.114,3.24718,0.65215,38.1576,-3.48175,8.26849,48.7248,-2.90223,-3.96306,52.2487
3.94654,2.97968,33.489,2.95032,1.52502,38.5399,-3.25915,9.05893,48.2617,-3.19211,-2.91551,52.6909
4.08746,3.28673,33.0212,2.66314,1.84906,38.7802,-3.11223,9.37598,47.8399,-3.46832,-2.48792,53.0492
4.1258,3.44382,33.0102,2.52638,2.05835,38.7119,-3.01013,9.49337,47.8923,-3.651,-2.24752,53.032
4.09476,3.29113,33.071,2.38766,1.88055,38.5578,-2.98239,9.27393,47.9506,-3.82134,-2.44397,53.0296
4.02384,3.04455,33.2947,2.33023,1.6054,38.2997,-2.98487,8.93637,48.2066,-3.92888,-2.78875,52.9322
3.94934,2.75207,33.5411,2.32099,1.26733,38.0274,-2.99726,8.54707,48.4671,-3.9873,-3.22957,52.7932
3.88234,2.49541,33.8208,2.31167,0.995025,37.7416,-3.01689,8.2375,48.8568,-4.04401,-3.57389,52.6629
3.81302,2.20907,34.1159,2.3286,0.684201,37.4644,-3.04468,7.89961,49.2656,-4.07386,-3.9666,52.5415
3.75427,1.92418,34.3967,2.34435,0.362545,37.2592,-3.07157,7.57813,49.669,-4.08803,-4.35919,52.4803
3.69763,1.69382,34.6826,2.43073,0.138959,36.938,-3.09376,7.32354,50.0652,-4.08789,-4.61373,52.3239
6.01699,-1.98853,26.7739,4.94176,-1.49307,35.9498,-4.27647,4.6525,43.0837,-1.59151,-6.88037,54.6309
1.49014,-0.0393949,38.045,1.92604,-2.99244,45.8772,-5.456,6.48795,48.0259,-1.14703,-6.70993,53.4402
3.34428,-0.498469,33.195,3.36327,-2.09517,41.1959,-4.92674,5.99543,45.8228,-1.33232,-6.66189,54.0268
3.56344,-0.416289,32.7527,3.50438,-1.90224,40.7705,-4.93842,6.14104,45.8184,-1.34847,-6.54828,54.0417
3.51456,-0.246719,32.865,3.50708,-1.78053,40.7269,-4.96737,6.3243,45.9241,-1.35193,-6.4379,54.0115
3.48037,-0.116699,32.9307,3.51804,-1.68167,40.6454,-4.98773,6.46856,46.0025,-1.35955,-6.35199,53.983
3.45632,-0.0314225,32.9816,3.52945,-1.61762,40.5749,-5.0053,6.5698,46.0714,-1.36782,-6.29863,53.9611
3.43474,0.0341434,33.0299,3.53848,-1.56913,40.5125,-5.02107,6.65244,46.1359,-1.37639,-6.25773,53.94
3.41553,0.0876271,33.0762,3.54646,-1.5307,40.4578,-5.03525,6.72338,46.1949,-1.38465,-6.225,53.9192
3.39837,0.134441,33.1188,3.55341,-1.49739,40.4074,-5.04795,6.78867,46.2497,-1.3926,-6.19555,53.8984
3.38353,0.176065,33.1589,3.56024,-1.46815,40.3627,-5.05895,6.84923,46.3013,-1.39953,-6.16894,53.8789
3.37041,0.213553,33.1962,3.56641,-1.44199,40.3215,-5.06867,6.90612,46.3496,-1.40601,-6.1442,53.8598
3.35912,0.247823,33.2312,3.57266,-1.41835,40.284,-5.077,6.95977,46.3953,-1.41143,-6.12131,53.8418
3.34932,0.279413,33.2641,3.5789,-1.39676,40.2496,-5.08416,7.01055,46.4386,-1.41592,-6.09999,53.8248
3.34086,0.308867,33.2952,3.58533,-1.37683,40.218,-5.09026,7.05871,46.4796,-1.41938,-6.08017,53.8087
3.33347,0.336402,33.3247,3.59171,-1.35824,40.1886,-5.09542,7.10448,46.5185,-1.42211,-6.06143,53.7935
3.32696,0.362637,33.3527,3.59835,-1.34065,40.1612,-5.0998,7.14807,46.5554,-1.42382,-6.04391,53.7793
3.32122,0.387777,33.3796,3.60521,-1.32383,40.1357,-5.10341,7.18964,46.5904,-1.42463,-6.02732,53.7659
3.31595,0.412399,33.4057,3.61249,-1.30747,40.1121,-5.1065,7.22937,46.6233,-1.42435,-6.01184,53.7534
3.31102,0.436701,33.4311,3.62013,-1.29134,40.09,-5.10908,7.26741,46.6544,-1.42308,-5.99716,53.7415
3.30621,0.460985,33.4562,3.62803,-1.27517,40.0692,-5.11125,7.30396,46.6839,-1.42094,-5.98304,53.7306
3.30139,0.485591,33.4813,3.63632,-1.25874,40.0498,-5.11302,7.33915,46.7115,-1.41779,-5.9694,53.7202
3.29618,0.511209,33.5066,3.64511,-1.24168,40.0319,-5.11475,7.37325,46.7374,-1.41354,-5.95637,53.7104
3.29048,0.538136,33.5326,3.65422,-1.22368,40.0153,-5.11636,7.40666,46.7618,-1.40835,-5.94338,53.7012
3.2841,0.567175,33.5595,3.6637,-1.20419,40.0004,-5.11797,7.4401,46.7845,-1.40212,-5.93014,53.6923
3.277,0.599483,33.5875,3.67335,-1.18235,39.9875,-5.11961,7.47512,46.8053,-1.39494,-5.91572,53.6833
3.26946,0.637018,33.6163,3.68259,-1.15652,39.9776,-5.1212,7.51512,46.8249,-1.38718,-5.89802,53.6741
3.25997,0.642666,33.6559,3.69548,-1.14816,39.9491,-5.12402,7.52037,46.8546,-1.37827,-5.9005,53.6382
3.23534,0.415572,33.7643,3.73733,-1.27695,39.7811,-5.13671,7.26303,46.9537,-1.36329,-6.05768,53.4441
3.14043,-0.642636,34.1473,3.88882,-1.9168,39.0965,-5.18998,6.04906,47.3253,-1.32615,-6.80316,52.7079
2.97113,-2.0285,34.7302,4.11358,-2.74565,38.0244,-5.27418,4.45047,47.9205,-1.28655,-7.78697,51.6046
2.67473,-3.82653,35.6979,4.3943,-3.89668,36.5182,-5.38991,2.39131,48.9343,-1.27971,-9.15353,50.0195
1.60097,-8.58407,39.4877,5.18386,-7.88049,32.2511,-5.69269,-2.96322,52.884,-1.2408,-13.7765,45.4486
1.22819,-8.63547,40.3964,5.35221,-8.44443,31.4707,-5.65462,-3.24824,53.7755,-1.32592,-14.5765,44.7486
1.5184,-5.89741,39.6421,4.98745,-6.9252,32.8089,-5.19125,-0.344089,53.2458,-1.64065,-12.8567,46.2219
2.15872,-3.16895,37.877,4.49332,-4.46494,34.8195,-4.70679,2.444,51.6897,-1.93996,-10.088,48.3751
2.78683,-0.830238,36.3462,4.05727,-2.2302,36.3024,-4.23398,4.89001,50.4572,-2.24158,-7.51388,50.059
3.29378,0.964704,35.1379,3.67642,-0.451675,37.3313,-3.83113,6.79212,49.5057,-2.54985,-5.42116,51.2752
3.70125,2.22576,34.114,3.24718,0.65215,38.1576,-3.48175,8.26849,48.7248,-2.90223,-3.96306,52.2487
3.94654,2.97968,33.489,2.95032,1.52502,38.5399,-3.25915,9.05893,48.2617,-3.19211,-2.91551,52.6909
4.08746,3.28673,33.0212,2.66314,1.84906,38.7802,-3.11223,9.37598,47.8399,-3.46832,-2.48792,53.0492
4.1258,3.44382,33.0102,2.52638,2.05835,38.7119,-3.01013,9.49337,47.8923,-3.651,-2.24752,53.032
4.09476,3.29113,33.071,2.38766,1.88055,38.5578,-2.98239,9.27393,47.9506,-3.82134,-2.44397,53.0296
4.02384,3.04455,33.2947,2.33023,1.6054,38.2997,-2.98487,8.93637,48.2066,-3.92888,-2.78875,52.9322
3.94934,2.75207,33.5411,2.32099,1.26733,38.0274,-2.99726,8.54707,48.4671,-3.9873,-3.22957,52.7932
3.88234,2.49541,33.8208,2.31167,0.995025,37.7416,-3.01689,8.2375,48.8568,-4.04401,-3.57389,52.6629
3.81302,2.20907,34.1159,2.3286,0.684201,37.4644,-3.04468,7.89961,49.2656,-4.07386,-3.9666,52.5415
3.75427,1.92418,34.3967,2.34435,0.362545,37.2592,-3.07157,7.57813,49.669,-4.08803,-4.35919,52.4803
3.69763,1.69382,34.6826,2.43073,0.138959,36.938,-3.09376,7.32354,50.0652,-4.08789,-4.61373,52.3239
